timestamp,index,name,memory_used_mib,memory_free_mib,memory_total_mib,memory_utilization_percent,gpu_utilization_percent 
2026/07/29 09:46:18.190, 0, NVIDIA GeForce RTX 3080, 1235, 8817, 10240, 0, 0
2026/07/29 09:46:18.302, 0, NVIDIA GeForce RTX 3080, 1235, 8817, 10240, 0, 0
2026/07/29 09:46:18.414, 0, NVIDIA GeForce RTX 3080, 1244, 8808, 10240, 0, 1
2026/07/29 09:46:18.526, 0, NVIDIA GeForce RTX 3080, 1424, 8628, 10240, 0, 1
2026/07/29 09:46:18.638, 0, NVIDIA GeForce RTX 3080, 1424, 8628, 10240, 0, 1
2026/07/29 09:46:18.750, 0, NVIDIA GeForce RTX 3080, 1872, 8180, 10240, 0, 1
2026/07/29 09:46:18.862, 0, NVIDIA GeForce RTX 3080, 4680, 5372, 10240, 0, 1
2026/07/29 09:46:18.974, 0, NVIDIA GeForce RTX 3080, 4680, 5372, 10240, 3, 43
2026/07/29 09:46:19.086, 0, NVIDIA GeForce RTX 3080, 4680, 5372, 10240, 3, 43
2026/07/29 09:46:19.198, 0, NVIDIA GeForce RTX 3080, 4680, 5372, 10240, 3, 43
2026/07/29 09:46:19.310, 0, NVIDIA GeForce RTX 3080, 4680, 5372, 10240, 3, 43
2026/07/29 09:46:19.422, 0, NVIDIA GeForce RTX 3080, 4680, 5372, 10240, 1, 13
2026/07/29 09:46:19.534, 0, NVIDIA GeForce RTX 3080, 4680, 5372, 10240, 1, 13
2026/07/29 09:46:19.645, 0, NVIDIA GeForce RTX 3080, 4680, 5372, 10240, 1, 13
2026/07/29 09:46:19.757, 0, NVIDIA GeForce RTX 3080, 4680, 5372, 10240, 1, 13
2026/07/29 09:46:19.869, 0, NVIDIA GeForce RTX 3080, 4680, 5372, 10240, 1, 13
2026/07/29 09:46:19.978, 0, NVIDIA GeForce RTX 3080, 4864, 5188, 10240, 1, 12
2026/07/29 09:46:20.086, 0, NVIDIA GeForce RTX 3080, 5036, 5016, 10240, 1, 12
2026/07/29 09:46:20.195, 0, NVIDIA GeForce RTX 3080, 5036, 5016, 10240, 1, 12
2026/07/29 09:46:20.305, 0, NVIDIA GeForce RTX 3080, 5036, 5016, 10240, 1, 12
2026/07/29 09:46:20.414, 0, NVIDIA GeForce RTX 3080, 5036, 5016, 10240, 59, 95
2026/07/29 09:46:20.524, 0, NVIDIA GeForce RTX 3080, 5036, 5016, 10240, 59, 95
2026/07/29 09:46:20.637, 0, NVIDIA GeForce RTX 3080, 5036, 5016, 10240, 59, 95
2026/07/29 09:46:20.749, 0, NVIDIA GeForce RTX 3080, 5036, 5016, 10240, 59, 95
2026/07/29 09:46:20.861, 0, NVIDIA GeForce RTX 3080, 5036, 5016, 10240, 59, 95
2026/07/29 09:46:20.972, 0, NVIDIA GeForce RTX 3080, 5036, 5016, 10240, 59, 95
2026/07/29 09:46:21.082, 0, NVIDIA GeForce RTX 3080, 5036, 5016, 10240, 59, 95
2026/07/29 09:46:21.194, 0, NVIDIA GeForce RTX 3080, 5036, 5016, 10240, 59, 95
2026/07/29 09:46:21.306, 0, NVIDIA GeForce RTX 3080, 5036, 5016, 10240, 59, 95
2026/07/29 09:46:21.416, 0, NVIDIA GeForce RTX 3080, 5036, 5016, 10240, 61, 97
2026/07/29 09:46:21.527, 0, NVIDIA GeForce RTX 3080, 5036, 5016, 10240, 61, 97
2026/07/29 09:46:21.636, 0, NVIDIA GeForce RTX 3080, 5036, 5016, 10240, 61, 97
2026/07/29 09:46:21.748, 0, NVIDIA GeForce RTX 3080, 5036, 5016, 10240, 61, 97
2026/07/29 09:46:21.860, 0, NVIDIA GeForce RTX 3080, 5036, 5016, 10240, 61, 97
2026/07/29 09:46:21.972, 0, NVIDIA GeForce RTX 3080, 5036, 5016, 10240, 59, 95
2026/07/29 09:46:22.083, 0, NVIDIA GeForce RTX 3080, 5036, 5016, 10240, 59, 95
2026/07/29 09:46:22.195, 0, NVIDIA GeForce RTX 3080, 5036, 5016, 10240, 59, 95
2026/07/29 09:46:22.306, 0, NVIDIA GeForce RTX 3080, 5036, 5016, 10240, 59, 95
2026/07/29 09:46:22.418, 0, NVIDIA GeForce RTX 3080, 5036, 5016, 10240, 59, 94
2026/07/29 09:46:22.530, 0, NVIDIA GeForce RTX 3080, 5036, 5016, 10240, 59, 94
2026/07/29 09:46:22.642, 0, NVIDIA GeForce RTX 3080, 5036, 5016, 10240, 59, 94
2026/07/29 09:46:22.754, 0, NVIDIA GeForce RTX 3080, 5036, 5016, 10240, 59, 94
2026/07/29 09:46:22.866, 0, NVIDIA GeForce RTX 3080, 5036, 5016, 10240, 59, 94
2026/07/29 09:46:22.978, 0, NVIDIA GeForce RTX 3080, 5036, 5016, 10240, 59, 95
2026/07/29 09:46:23.090, 0, NVIDIA GeForce RTX 3080, 5036, 5016, 10240, 59, 95
2026/07/29 09:46:23.202, 0, NVIDIA GeForce RTX 3080, 5036, 5016, 10240, 59, 95
2026/07/29 09:46:23.314, 0, NVIDIA GeForce RTX 3080, 5036, 5016, 10240, 59, 95
2026/07/29 09:46:23.426, 0, NVIDIA GeForce RTX 3080, 5036, 5016, 10240, 59, 95
2026/07/29 09:46:23.538, 0, NVIDIA GeForce RTX 3080, 5036, 5016, 10240, 59, 95
2026/07/29 09:46:23.649, 0, NVIDIA GeForce RTX 3080, 5036, 5016, 10240, 59, 95
2026/07/29 09:46:23.761, 0, NVIDIA GeForce RTX 3080, 5036, 5016, 10240, 59, 95
2026/07/29 09:46:23.873, 0, NVIDIA GeForce RTX 3080, 5036, 5016, 10240, 59, 95
2026/07/29 09:46:23.985, 0, NVIDIA GeForce RTX 3080, 5036, 5016, 10240, 58, 94
2026/07/29 09:46:24.097, 0, NVIDIA GeForce RTX 3080, 5036, 5016, 10240, 58, 94
2026/07/29 09:46:24.209, 0, NVIDIA GeForce RTX 3080, 5036, 5016, 10240, 58, 94
2026/07/29 09:46:24.321, 0, NVIDIA GeForce RTX 3080, 5036, 5016, 10240, 58, 94
2026/07/29 09:46:24.433, 0, NVIDIA GeForce RTX 3080, 5036, 5016, 10240, 59, 95
2026/07/29 09:46:24.545, 0, NVIDIA GeForce RTX 3080, 5036, 5016, 10240, 59, 95
2026/07/29 09:46:24.657, 0, NVIDIA GeForce RTX 3080, 5036, 5016, 10240, 59, 95
2026/07/29 09:46:24.769, 0, NVIDIA GeForce RTX 3080, 5036, 5016, 10240, 59, 95
2026/07/29 09:46:24.881, 0, NVIDIA GeForce RTX 3080, 5036, 5016, 10240, 59, 95
2026/07/29 09:46:24.989, 0, NVIDIA GeForce RTX 3080, 5036, 5016, 10240, 59, 95
2026/07/29 09:46:25.099, 0, NVIDIA GeForce RTX 3080, 5036, 5016, 10240, 59, 95
2026/07/29 09:46:25.207, 0, NVIDIA GeForce RTX 3080, 5036, 5016, 10240, 59, 95
2026/07/29 09:46:25.316, 0, NVIDIA GeForce RTX 3080, 5184, 4868, 10240, 59, 95
2026/07/29 09:46:25.427, 0, NVIDIA GeForce RTX 3080, 5184, 4868, 10240, 56, 78
2026/07/29 09:46:25.539, 0, NVIDIA GeForce RTX 3080, 5184, 4868, 10240, 56, 78
2026/07/29 09:46:25.651, 0, NVIDIA GeForce RTX 3080, 5184, 4868, 10240, 56, 78
2026/07/29 09:46:25.763, 0, NVIDIA GeForce RTX 3080, 5184, 4868, 10240, 56, 78
2026/07/29 09:46:25.875, 0, NVIDIA GeForce RTX 3080, 5184, 4868, 10240, 56, 78
2026/07/29 09:46:25.987, 0, NVIDIA GeForce RTX 3080, 5184, 4868, 10240, 96, 98
2026/07/29 09:46:26.099, 0, NVIDIA GeForce RTX 3080, 5184, 4868, 10240, 96, 98
2026/07/29 09:46:26.211, 0, NVIDIA GeForce RTX 3080, 5184, 4868, 10240, 96, 98
2026/07/29 09:46:26.322, 0, NVIDIA GeForce RTX 3080, 5184, 4868, 10240, 96, 98
2026/07/29 09:46:26.433, 0, NVIDIA GeForce RTX 3080, 5184, 4868, 10240, 96, 97
2026/07/29 09:46:26.545, 0, NVIDIA GeForce RTX 3080, 5184, 4868, 10240, 96, 97
2026/07/29 09:46:26.655, 0, NVIDIA GeForce RTX 3080, 5184, 4868, 10240, 96, 97
2026/07/29 09:46:26.767, 0, NVIDIA GeForce RTX 3080, 5184, 4868, 10240, 96, 97
2026/07/29 09:46:26.877, 0, NVIDIA GeForce RTX 3080, 5184, 4868, 10240, 96, 97
2026/07/29 09:46:26.987, 0, NVIDIA GeForce RTX 3080, 5184, 4868, 10240, 96, 97
2026/07/29 09:46:27.096, 0, NVIDIA GeForce RTX 3080, 5184, 4868, 10240, 96, 97
2026/07/29 09:46:27.208, 0, NVIDIA GeForce RTX 3080, 5184, 4868, 10240, 96, 97
2026/07/29 09:46:27.320, 0, NVIDIA GeForce RTX 3080, 5184, 4868, 10240, 96, 97
2026/07/29 09:46:27.432, 0, NVIDIA GeForce RTX 3080, 5184, 4868, 10240, 96, 97
2026/07/29 09:46:27.544, 0, NVIDIA GeForce RTX 3080, 5184, 4868, 10240, 96, 97
2026/07/29 09:46:27.654, 0, NVIDIA GeForce RTX 3080, 5184, 4868, 10240, 96, 97
2026/07/29 09:46:27.766, 0, NVIDIA GeForce RTX 3080, 5184, 4868, 10240, 96, 97
2026/07/29 09:46:27.878, 0, NVIDIA GeForce RTX 3080, 5184, 4868, 10240, 96, 97
2026/07/29 09:46:27.990, 0, NVIDIA GeForce RTX 3080, 5184, 4868, 10240, 96, 97
2026/07/29 09:46:28.102, 0, NVIDIA GeForce RTX 3080, 5184, 4868, 10240, 96, 97
2026/07/29 09:46:28.215, 0, NVIDIA GeForce RTX 3080, 5184, 4868, 10240, 96, 97
2026/07/29 09:46:28.327, 0, NVIDIA GeForce RTX 3080, 5184, 4868, 10240, 96, 97
2026/07/29 09:46:28.439, 0, NVIDIA GeForce RTX 3080, 5184, 4868, 10240, 96, 97
2026/07/29 09:46:28.551, 0, NVIDIA GeForce RTX 3080, 5184, 4868, 10240, 96, 97
2026/07/29 09:46:28.663, 0, NVIDIA GeForce RTX 3080, 5184, 4868, 10240, 96, 97
2026/07/29 09:46:28.775, 0, NVIDIA GeForce RTX 3080, 5184, 4868, 10240, 96, 97
2026/07/29 09:46:28.886, 0, NVIDIA GeForce RTX 3080, 5184, 4868, 10240, 96, 98
2026/07/29 09:46:28.997, 0, NVIDIA GeForce RTX 3080, 5184, 4868, 10240, 96, 98
2026/07/29 09:46:29.109, 0, NVIDIA GeForce RTX 3080, 5184, 4868, 10240, 96, 98
2026/07/29 09:46:29.220, 0, NVIDIA GeForce RTX 3080, 5184, 4868, 10240, 96, 98
2026/07/29 09:46:29.332, 0, NVIDIA GeForce RTX 3080, 5184, 4868, 10240, 96, 98
2026/07/29 09:46:29.444, 0, NVIDIA GeForce RTX 3080, 5184, 4868, 10240, 96, 98
2026/07/29 09:46:29.555, 0, NVIDIA GeForce RTX 3080, 5184, 4868, 10240, 96, 98
2026/07/29 09:46:29.666, 0, NVIDIA GeForce RTX 3080, 5184, 4868, 10240, 96, 98
2026/07/29 09:46:29.778, 0, NVIDIA GeForce RTX 3080, 5184, 4868, 10240, 96, 98
2026/07/29 09:46:29.889, 0, NVIDIA GeForce RTX 3080, 5184, 4868, 10240, 96, 97
2026/07/29 09:46:30.001, 0, NVIDIA GeForce RTX 3080, 5184, 4868, 10240, 96, 97
2026/07/29 09:46:30.113, 0, NVIDIA GeForce RTX 3080, 5184, 4868, 10240, 96, 97
2026/07/29 09:46:30.225, 0, NVIDIA GeForce RTX 3080, 5184, 4868, 10240, 96, 97
2026/07/29 09:46:30.336, 0, NVIDIA GeForce RTX 3080, 5184, 4868, 10240, 96, 97
2026/07/29 09:46:30.448, 0, NVIDIA GeForce RTX 3080, 5184, 4868, 10240, 96, 97
2026/07/29 09:46:30.559, 0, NVIDIA GeForce RTX 3080, 5184, 4868, 10240, 96, 97
2026/07/29 09:46:30.671, 0, NVIDIA GeForce RTX 3080, 5184, 4868, 10240, 96, 97
2026/07/29 09:46:30.783, 0, NVIDIA GeForce RTX 3080, 5184, 4868, 10240, 96, 97
2026/07/29 09:46:30.895, 0, NVIDIA GeForce RTX 3080, 5184, 4868, 10240, 96, 97
2026/07/29 09:46:31.007, 0, NVIDIA GeForce RTX 3080, 5184, 4868, 10240, 96, 97
2026/07/29 09:46:31.119, 0, NVIDIA GeForce RTX 3080, 5184, 4868, 10240, 96, 97
2026/07/29 09:46:31.230, 0, NVIDIA GeForce RTX 3080, 5184, 4868, 10240, 96, 97
2026/07/29 09:46:31.342, 0, NVIDIA GeForce RTX 3080, 5184, 4868, 10240, 96, 97
2026/07/29 09:46:31.453, 0, NVIDIA GeForce RTX 3080, 5184, 4868, 10240, 96, 97
2026/07/29 09:46:31.565, 0, NVIDIA GeForce RTX 3080, 5184, 4868, 10240, 96, 97
2026/07/29 09:46:31.677, 0, NVIDIA GeForce RTX 3080, 5184, 4868, 10240, 96, 97
2026/07/29 09:46:31.788, 0, NVIDIA GeForce RTX 3080, 5184, 4868, 10240, 96, 97
2026/07/29 09:46:31.898, 0, NVIDIA GeForce RTX 3080, 5184, 4868, 10240, 96, 98
2026/07/29 09:46:32.007, 0, NVIDIA GeForce RTX 3080, 5184, 4868, 10240, 96, 98
2026/07/29 09:46:32.118, 0, NVIDIA GeForce RTX 3080, 5184, 4868, 10240, 96, 98
2026/07/29 09:46:32.228, 0, NVIDIA GeForce RTX 3080, 5184, 4868, 10240, 96, 98
2026/07/29 09:46:32.340, 0, NVIDIA GeForce RTX 3080, 5184, 4868, 10240, 96, 98
2026/07/29 09:46:32.451, 0, NVIDIA GeForce RTX 3080, 5184, 4868, 10240, 96, 97
2026/07/29 09:46:32.563, 0, NVIDIA GeForce RTX 3080, 5184, 4868, 10240, 96, 97
2026/07/29 09:46:32.675, 0, NVIDIA GeForce RTX 3080, 5184, 4868, 10240, 96, 97
2026/07/29 09:46:32.787, 0, NVIDIA GeForce RTX 3080, 5184, 4868, 10240, 96, 97
2026/07/29 09:46:32.898, 0, NVIDIA GeForce RTX 3080, 5184, 4868, 10240, 96, 97
2026/07/29 09:46:33.011, 0, NVIDIA GeForce RTX 3080, 5184, 4868, 10240, 96, 97
2026/07/29 09:46:33.123, 0, NVIDIA GeForce RTX 3080, 5184, 4868, 10240, 96, 97
2026/07/29 09:46:33.235, 0, NVIDIA GeForce RTX 3080, 5184, 4868, 10240, 96, 97
2026/07/29 09:46:33.346, 0, NVIDIA GeForce RTX 3080, 5184, 4868, 10240, 96, 97
2026/07/29 09:46:33.458, 0, NVIDIA GeForce RTX 3080, 5184, 4868, 10240, 96, 98
2026/07/29 09:46:33.570, 0, NVIDIA GeForce RTX 3080, 5184, 4868, 10240, 96, 98
2026/07/29 09:46:33.682, 0, NVIDIA GeForce RTX 3080, 5184, 4868, 10240, 96, 98
2026/07/29 09:46:33.794, 0, NVIDIA GeForce RTX 3080, 5184, 4868, 10240, 96, 98
2026/07/29 09:46:33.906, 0, NVIDIA GeForce RTX 3080, 5184, 4868, 10240, 96, 97
2026/07/29 09:46:34.018, 0, NVIDIA GeForce RTX 3080, 5184, 4868, 10240, 96, 97
2026/07/29 09:46:34.130, 0, NVIDIA GeForce RTX 3080, 5184, 4868, 10240, 96, 97
2026/07/29 09:46:34.242, 0, NVIDIA GeForce RTX 3080, 5184, 4868, 10240, 96, 97
2026/07/29 09:46:34.354, 0, NVIDIA GeForce RTX 3080, 5184, 4868, 10240, 96, 97
2026/07/29 09:46:34.466, 0, NVIDIA GeForce RTX 3080, 5184, 4868, 10240, 96, 97
2026/07/29 09:46:34.578, 0, NVIDIA GeForce RTX 3080, 5184, 4868, 10240, 96, 97
2026/07/29 09:46:34.690, 0, NVIDIA GeForce RTX 3080, 5184, 4868, 10240, 96, 97
2026/07/29 09:46:34.802, 0, NVIDIA GeForce RTX 3080, 5184, 4868, 10240, 96, 97
2026/07/29 09:46:34.914, 0, NVIDIA GeForce RTX 3080, 5184, 4868, 10240, 92, 95
2026/07/29 09:46:35.026, 0, NVIDIA GeForce RTX 3080, 5184, 4868, 10240, 92, 95
2026/07/29 09:46:35.138, 0, NVIDIA GeForce RTX 3080, 5184, 4868, 10240, 92, 95
2026/07/29 09:46:35.250, 0, NVIDIA GeForce RTX 3080, 5184, 4868, 10240, 92, 95
2026/07/29 09:46:35.362, 0, NVIDIA GeForce RTX 3080, 5184, 4868, 10240, 92, 95
2026/07/29 09:46:35.473, 0, NVIDIA GeForce RTX 3080, 5184, 4868, 10240, 96, 97
2026/07/29 09:46:35.585, 0, NVIDIA GeForce RTX 3080, 5184, 4868, 10240, 96, 97
2026/07/29 09:46:35.697, 0, NVIDIA GeForce RTX 3080, 5184, 4868, 10240, 96, 97
2026/07/29 09:46:35.807, 0, NVIDIA GeForce RTX 3080, 5184, 4868, 10240, 96, 97
2026/07/29 09:46:35.919, 0, NVIDIA GeForce RTX 3080, 5184, 4868, 10240, 95, 97
2026/07/29 09:46:36.030, 0, NVIDIA GeForce RTX 3080, 5184, 4868, 10240, 95, 97
2026/07/29 09:46:36.142, 0, NVIDIA GeForce RTX 3080, 5184, 4868, 10240, 95, 97
2026/07/29 09:46:36.253, 0, NVIDIA GeForce RTX 3080, 5184, 4868, 10240, 95, 97
2026/07/29 09:46:36.365, 0, NVIDIA GeForce RTX 3080, 5184, 4868, 10240, 95, 97
2026/07/29 09:46:36.477, 0, NVIDIA GeForce RTX 3080, 5184, 4868, 10240, 96, 98
2026/07/29 09:46:36.589, 0, NVIDIA GeForce RTX 3080, 5184, 4868, 10240, 96, 98
2026/07/29 09:46:36.701, 0, NVIDIA GeForce RTX 3080, 5184, 4868, 10240, 96, 98
2026/07/29 09:46:36.813, 0, NVIDIA GeForce RTX 3080, 5184, 4868, 10240, 96, 98
2026/07/29 09:46:36.924, 0, NVIDIA GeForce RTX 3080, 5184, 4868, 10240, 96, 97
2026/07/29 09:46:37.036, 0, NVIDIA GeForce RTX 3080, 5184, 4868, 10240, 96, 97
2026/07/29 09:46:37.148, 0, NVIDIA GeForce RTX 3080, 5184, 4868, 10240, 96, 97
2026/07/29 09:46:37.260, 0, NVIDIA GeForce RTX 3080, 5184, 4868, 10240, 96, 97
2026/07/29 09:46:37.372, 0, NVIDIA GeForce RTX 3080, 5184, 4868, 10240, 96, 97
2026/07/29 09:46:37.484, 0, NVIDIA GeForce RTX 3080, 5184, 4868, 10240, 96, 97
2026/07/29 09:46:37.597, 0, NVIDIA GeForce RTX 3080, 5184, 4868, 10240, 96, 97
2026/07/29 09:46:37.709, 0, NVIDIA GeForce RTX 3080, 5184, 4868, 10240, 96, 97
2026/07/29 09:46:37.821, 0, NVIDIA GeForce RTX 3080, 5184, 4868, 10240, 96, 97
2026/07/29 09:46:37.931, 0, NVIDIA GeForce RTX 3080, 5184, 4868, 10240, 96, 97
2026/07/29 09:46:38.039, 0, NVIDIA GeForce RTX 3080, 5184, 4868, 10240, 96, 97
2026/07/29 09:46:38.149, 0, NVIDIA GeForce RTX 3080, 5184, 4868, 10240, 96, 97
2026/07/29 09:46:38.259, 0, NVIDIA GeForce RTX 3080, 5184, 4868, 10240, 96, 97
2026/07/29 09:46:38.367, 0, NVIDIA GeForce RTX 3080, 5184, 4868, 10240, 96, 97
2026/07/29 09:46:38.477, 0, NVIDIA GeForce RTX 3080, 5184, 4868, 10240, 96, 97
2026/07/29 09:46:38.585, 0, NVIDIA GeForce RTX 3080, 5184, 4868, 10240, 96, 97
2026/07/29 09:46:38.694, 0, NVIDIA GeForce RTX 3080, 5184, 4868, 10240, 96, 97
2026/07/29 09:46:38.806, 0, NVIDIA GeForce RTX 3080, 5184, 4868, 10240, 96, 97
2026/07/29 09:46:38.918, 0, NVIDIA GeForce RTX 3080, 5184, 4868, 10240, 96, 97
2026/07/29 09:46:39.028, 0, NVIDIA GeForce RTX 3080, 5184, 4868, 10240, 96, 97
2026/07/29 09:46:39.139, 0, NVIDIA GeForce RTX 3080, 5184, 4868, 10240, 96, 97
2026/07/29 09:46:39.250, 0, NVIDIA GeForce RTX 3080, 5184, 4868, 10240, 96, 97
2026/07/29 09:46:39.361, 0, NVIDIA GeForce RTX 3080, 5184, 4868, 10240, 96, 97
2026/07/29 09:46:39.472, 0, NVIDIA GeForce RTX 3080, 5184, 4868, 10240, 96, 97
2026/07/29 09:46:39.584, 0, NVIDIA GeForce RTX 3080, 5184, 4868, 10240, 96, 97
2026/07/29 09:46:39.696, 0, NVIDIA GeForce RTX 3080, 5184, 4868, 10240, 96, 97
2026/07/29 09:46:39.808, 0, NVIDIA GeForce RTX 3080, 5184, 4868, 10240, 96, 97
2026/07/29 09:46:39.919, 0, NVIDIA GeForce RTX 3080, 5184, 4868, 10240, 96, 98
2026/07/29 09:46:40.028, 0, NVIDIA GeForce RTX 3080, 5184, 4868, 10240, 96, 98
2026/07/29 09:46:40.136, 0, NVIDIA GeForce RTX 3080, 5184, 4868, 10240, 96, 98
2026/07/29 09:46:40.246, 0, NVIDIA GeForce RTX 3080, 5184, 4868, 10240, 96, 98
2026/07/29 09:46:40.355, 0, NVIDIA GeForce RTX 3080, 5184, 4868, 10240, 96, 98
2026/07/29 09:46:40.466, 0, NVIDIA GeForce RTX 3080, 5184, 4868, 10240, 95, 97
2026/07/29 09:46:40.578, 0, NVIDIA GeForce RTX 3080, 5184, 4868, 10240, 95, 97
2026/07/29 09:46:40.690, 0, NVIDIA GeForce RTX 3080, 5184, 4868, 10240, 95, 97
2026/07/29 09:46:40.802, 0, NVIDIA GeForce RTX 3080, 5184, 4868, 10240, 95, 97
2026/07/29 09:46:40.914, 0, NVIDIA GeForce RTX 3080, 5184, 4868, 10240, 96, 97
2026/07/29 09:46:41.026, 0, NVIDIA GeForce RTX 3080, 5184, 4868, 10240, 96, 97
2026/07/29 09:46:41.138, 0, NVIDIA GeForce RTX 3080, 5184, 4868, 10240, 96, 97
2026/07/29 09:46:41.250, 0, NVIDIA GeForce RTX 3080, 5184, 4868, 10240, 96, 97
2026/07/29 09:46:41.362, 0, NVIDIA GeForce RTX 3080, 5184, 4868, 10240, 96, 97
2026/07/29 09:46:41.473, 0, NVIDIA GeForce RTX 3080, 5184, 4868, 10240, 96, 98
2026/07/29 09:46:41.584, 0, NVIDIA GeForce RTX 3080, 5184, 4868, 10240, 96, 98
2026/07/29 09:46:41.696, 0, NVIDIA GeForce RTX 3080, 5184, 4868, 10240, 96, 98
2026/07/29 09:46:41.808, 0, NVIDIA GeForce RTX 3080, 5184, 4868, 10240, 96, 98
2026/07/29 09:46:41.920, 0, NVIDIA GeForce RTX 3080, 5184, 4868, 10240, 96, 97
2026/07/29 09:46:42.032, 0, NVIDIA GeForce RTX 3080, 5184, 4868, 10240, 96, 97
2026/07/29 09:46:42.144, 0, NVIDIA GeForce RTX 3080, 5184, 4868, 10240, 96, 97
2026/07/29 09:46:42.255, 0, NVIDIA GeForce RTX 3080, 5184, 4868, 10240, 96, 97
2026/07/29 09:46:42.368, 0, NVIDIA GeForce RTX 3080, 5184, 4868, 10240, 96, 97
2026/07/29 09:46:42.480, 0, NVIDIA GeForce RTX 3080, 5184, 4868, 10240, 96, 97
2026/07/29 09:46:42.592, 0, NVIDIA GeForce RTX 3080, 5184, 4868, 10240, 96, 97
2026/07/29 09:46:42.704, 0, NVIDIA GeForce RTX 3080, 5184, 4868, 10240, 96, 97
2026/07/29 09:46:42.816, 0, NVIDIA GeForce RTX 3080, 5184, 4868, 10240, 96, 97
2026/07/29 09:46:42.928, 0, NVIDIA GeForce RTX 3080, 5184, 4868, 10240, 93, 95
2026/07/29 09:46:43.040, 0, NVIDIA GeForce RTX 3080, 5184, 4868, 10240, 93, 95
2026/07/29 09:46:43.151, 0, NVIDIA GeForce RTX 3080, 5184, 4868, 10240, 93, 95
2026/07/29 09:46:43.262, 0, NVIDIA GeForce RTX 3080, 5184, 4868, 10240, 93, 95
2026/07/29 09:46:43.373, 0, NVIDIA GeForce RTX 3080, 5184, 4868, 10240, 93, 95
2026/07/29 09:46:43.485, 0, NVIDIA GeForce RTX 3080, 5184, 4868, 10240, 96, 97
2026/07/29 09:46:43.596, 0, NVIDIA GeForce RTX 3080, 5184, 4868, 10240, 96, 97
2026/07/29 09:46:43.707, 0, NVIDIA GeForce RTX 3080, 5184, 4868, 10240, 96, 97
2026/07/29 09:46:43.819, 0, NVIDIA GeForce RTX 3080, 5184, 4868, 10240, 96, 97
2026/07/29 09:46:43.930, 0, NVIDIA GeForce RTX 3080, 5184, 4868, 10240, 96, 97
2026/07/29 09:46:44.042, 0, NVIDIA GeForce RTX 3080, 5184, 4868, 10240, 96, 97
2026/07/29 09:46:44.154, 0, NVIDIA GeForce RTX 3080, 5184, 4868, 10240, 96, 97
2026/07/29 09:46:44.266, 0, NVIDIA GeForce RTX 3080, 5184, 4868, 10240, 96, 97
2026/07/29 09:46:44.378, 0, NVIDIA GeForce RTX 3080, 5184, 4868, 10240, 96, 97
2026/07/29 09:46:44.490, 0, NVIDIA GeForce RTX 3080, 5184, 4868, 10240, 96, 97
2026/07/29 09:46:44.602, 0, NVIDIA GeForce RTX 3080, 5184, 4868, 10240, 96, 97
2026/07/29 09:46:44.714, 0, NVIDIA GeForce RTX 3080, 5184, 4868, 10240, 96, 97
2026/07/29 09:46:44.826, 0, NVIDIA GeForce RTX 3080, 5184, 4868, 10240, 96, 97
2026/07/29 09:46:44.937, 0, NVIDIA GeForce RTX 3080, 5184, 4868, 10240, 95, 97
2026/07/29 09:46:45.046, 0, NVIDIA GeForce RTX 3080, 5184, 4868, 10240, 95, 97
2026/07/29 09:46:45.155, 0, NVIDIA GeForce RTX 3080, 5184, 4868, 10240, 95, 97
2026/07/29 09:46:45.265, 0, NVIDIA GeForce RTX 3080, 5184, 4868, 10240, 95, 97
2026/07/29 09:46:45.375, 0, NVIDIA GeForce RTX 3080, 5184, 4868, 10240, 95, 97
2026/07/29 09:46:45.487, 0, NVIDIA GeForce RTX 3080, 5184, 4868, 10240, 96, 97
2026/07/29 09:46:45.599, 0, NVIDIA GeForce RTX 3080, 5184, 4868, 10240, 96, 97
2026/07/29 09:46:45.709, 0, NVIDIA GeForce RTX 3080, 5184, 4868, 10240, 96, 97
2026/07/29 09:46:45.821, 0, NVIDIA GeForce RTX 3080, 5184, 4868, 10240, 96, 97
2026/07/29 09:46:45.933, 0, NVIDIA GeForce RTX 3080, 5184, 4868, 10240, 96, 97
2026/07/29 09:46:46.045, 0, NVIDIA GeForce RTX 3080, 5184, 4868, 10240, 96, 97
2026/07/29 09:46:46.156, 0, NVIDIA GeForce RTX 3080, 5184, 4868, 10240, 96, 97
2026/07/29 09:46:46.268, 0, NVIDIA GeForce RTX 3080, 5184, 4868, 10240, 96, 97
2026/07/29 09:46:46.379, 0, NVIDIA GeForce RTX 3080, 5184, 4868, 10240, 96, 97
2026/07/29 09:46:46.491, 0, NVIDIA GeForce RTX 3080, 5184, 4868, 10240, 96, 97
2026/07/29 09:46:46.603, 0, NVIDIA GeForce RTX 3080, 5184, 4868, 10240, 96, 97
2026/07/29 09:46:46.715, 0, NVIDIA GeForce RTX 3080, 5184, 4868, 10240, 96, 97
2026/07/29 09:46:46.827, 0, NVIDIA GeForce RTX 3080, 5184, 4868, 10240, 96, 97
2026/07/29 09:46:46.938, 0, NVIDIA GeForce RTX 3080, 5184, 4868, 10240, 96, 98
2026/07/29 09:46:47.046, 0, NVIDIA GeForce RTX 3080, 5184, 4868, 10240, 96, 98
2026/07/29 09:46:47.158, 0, NVIDIA GeForce RTX 3080, 5184, 4868, 10240, 96, 98
2026/07/29 09:46:47.269, 0, NVIDIA GeForce RTX 3080, 5184, 4868, 10240, 96, 98
2026/07/29 09:46:47.381, 0, NVIDIA GeForce RTX 3080, 5184, 4868, 10240, 96, 98
2026/07/29 09:46:47.493, 0, NVIDIA GeForce RTX 3080, 5184, 4868, 10240, 96, 98
2026/07/29 09:46:47.604, 0, NVIDIA GeForce RTX 3080, 5184, 4868, 10240, 96, 98
2026/07/29 09:46:47.716, 0, NVIDIA GeForce RTX 3080, 5184, 4868, 10240, 96, 98
2026/07/29 09:46:47.829, 0, NVIDIA GeForce RTX 3080, 5184, 4868, 10240, 96, 98
2026/07/29 09:46:47.940, 0, NVIDIA GeForce RTX 3080, 5184, 4868, 10240, 96, 97
2026/07/29 09:46:48.052, 0, NVIDIA GeForce RTX 3080, 5184, 4868, 10240, 96, 97
2026/07/29 09:46:48.164, 0, NVIDIA GeForce RTX 3080, 5184, 4868, 10240, 96, 97
2026/07/29 09:46:48.276, 0, NVIDIA GeForce RTX 3080, 5184, 4868, 10240, 96, 97
2026/07/29 09:46:48.387, 0, NVIDIA GeForce RTX 3080, 5184, 4868, 10240, 96, 97
2026/07/29 09:46:48.499, 0, NVIDIA GeForce RTX 3080, 5184, 4868, 10240, 96, 97
2026/07/29 09:46:48.611, 0, NVIDIA GeForce RTX 3080, 5184, 4868, 10240, 96, 97
2026/07/29 09:46:48.723, 0, NVIDIA GeForce RTX 3080, 5184, 4868, 10240, 96, 97
2026/07/29 09:46:48.834, 0, NVIDIA GeForce RTX 3080, 5184, 4868, 10240, 96, 97
2026/07/29 09:46:48.946, 0, NVIDIA GeForce RTX 3080, 5184, 4868, 10240, 96, 97
2026/07/29 09:46:49.057, 0, NVIDIA GeForce RTX 3080, 5184, 4868, 10240, 96, 97
2026/07/29 09:46:49.167, 0, NVIDIA GeForce RTX 3080, 5184, 4868, 10240, 96, 97
2026/07/29 09:46:49.278, 0, NVIDIA GeForce RTX 3080, 5184, 4868, 10240, 96, 97
2026/07/29 09:46:49.389, 0, NVIDIA GeForce RTX 3080, 5184, 4868, 10240, 95, 97
2026/07/29 09:46:49.499, 0, NVIDIA GeForce RTX 3080, 5184, 4868, 10240, 95, 97
2026/07/29 09:46:49.610, 0, NVIDIA GeForce RTX 3080, 5184, 4868, 10240, 95, 97
2026/07/29 09:46:49.722, 0, NVIDIA GeForce RTX 3080, 5184, 4868, 10240, 95, 97
2026/07/29 09:46:49.834, 0, NVIDIA GeForce RTX 3080, 5184, 4868, 10240, 95, 97
2026/07/29 09:46:49.945, 0, NVIDIA GeForce RTX 3080, 5184, 4868, 10240, 96, 98
2026/07/29 09:46:50.056, 0, NVIDIA GeForce RTX 3080, 5184, 4868, 10240, 96, 98
2026/07/29 09:46:50.166, 0, NVIDIA GeForce RTX 3080, 5184, 4868, 10240, 96, 98
2026/07/29 09:46:50.278, 0, NVIDIA GeForce RTX 3080, 5184, 4868, 10240, 96, 98
2026/07/29 09:46:50.389, 0, NVIDIA GeForce RTX 3080, 5184, 4868, 10240, 96, 98
2026/07/29 09:46:50.499, 0, NVIDIA GeForce RTX 3080, 5184, 4868, 10240, 96, 98
2026/07/29 09:46:50.610, 0, NVIDIA GeForce RTX 3080, 5184, 4868, 10240, 96, 98
2026/07/29 09:46:50.721, 0, NVIDIA GeForce RTX 3080, 5184, 4868, 10240, 96, 98
2026/07/29 09:46:50.833, 0, NVIDIA GeForce RTX 3080, 5184, 4868, 10240, 96, 98
2026/07/29 09:46:50.944, 0, NVIDIA GeForce RTX 3080, 5184, 4868, 10240, 96, 97
2026/07/29 09:46:51.056, 0, NVIDIA GeForce RTX 3080, 5184, 4868, 10240, 96, 97
2026/07/29 09:46:51.167, 0, NVIDIA GeForce RTX 3080, 5184, 4868, 10240, 96, 97
2026/07/29 09:46:51.279, 0, NVIDIA GeForce RTX 3080, 5184, 4868, 10240, 96, 97
2026/07/29 09:46:51.391, 0, NVIDIA GeForce RTX 3080, 5184, 4868, 10240, 96, 97
2026/07/29 09:46:51.503, 0, NVIDIA GeForce RTX 3080, 5184, 4868, 10240, 96, 97
2026/07/29 09:46:51.615, 0, NVIDIA GeForce RTX 3080, 5184, 4868, 10240, 96, 97
2026/07/29 09:46:51.727, 0, NVIDIA GeForce RTX 3080, 5184, 4868, 10240, 96, 97
2026/07/29 09:46:51.839, 0, NVIDIA GeForce RTX 3080, 5184, 4868, 10240, 96, 97
2026/07/29 09:46:51.950, 0, NVIDIA GeForce RTX 3080, 5184, 4868, 10240, 96, 97
2026/07/29 09:46:52.060, 0, NVIDIA GeForce RTX 3080, 5184, 4868, 10240, 96, 97
2026/07/29 09:46:52.172, 0, NVIDIA GeForce RTX 3080, 5184, 4868, 10240, 96, 97
2026/07/29 09:46:52.284, 0, NVIDIA GeForce RTX 3080, 5184, 4868, 10240, 96, 97
2026/07/29 09:46:52.396, 0, NVIDIA GeForce RTX 3080, 5184, 4868, 10240, 93, 95
2026/07/29 09:46:52.508, 0, NVIDIA GeForce RTX 3080, 5184, 4868, 10240, 93, 95
2026/07/29 09:46:52.620, 0, NVIDIA GeForce RTX 3080, 5184, 4868, 10240, 93, 95
2026/07/29 09:46:52.731, 0, NVIDIA GeForce RTX 3080, 5184, 4868, 10240, 93, 95
2026/07/29 09:46:52.843, 0, NVIDIA GeForce RTX 3080, 5184, 4868, 10240, 93, 95
2026/07/29 09:46:52.955, 0, NVIDIA GeForce RTX 3080, 5184, 4868, 10240, 96, 98
2026/07/29 09:46:53.065, 0, NVIDIA GeForce RTX 3080, 5184, 4868, 10240, 96, 98
2026/07/29 09:46:53.177, 0, NVIDIA GeForce RTX 3080, 5184, 4868, 10240, 96, 98
2026/07/29 09:46:53.288, 0, NVIDIA GeForce RTX 3080, 5184, 4868, 10240, 96, 98
2026/07/29 09:46:53.400, 0, NVIDIA GeForce RTX 3080, 5184, 4868, 10240, 96, 97
2026/07/29 09:46:53.512, 0, NVIDIA GeForce RTX 3080, 5184, 4868, 10240, 96, 97
2026/07/29 09:46:53.623, 0, NVIDIA GeForce RTX 3080, 5184, 4868, 10240, 96, 97
2026/07/29 09:46:53.735, 0, NVIDIA GeForce RTX 3080, 5184, 4868, 10240, 96, 97
2026/07/29 09:46:53.847, 0, NVIDIA GeForce RTX 3080, 5184, 4868, 10240, 96, 97
2026/07/29 09:46:53.959, 0, NVIDIA GeForce RTX 3080, 5184, 4868, 10240, 91, 94
2026/07/29 09:46:54.071, 0, NVIDIA GeForce RTX 3080, 5184, 4868, 10240, 91, 94
2026/07/29 09:46:54.183, 0, NVIDIA GeForce RTX 3080, 5184, 4868, 10240, 91, 94
2026/07/29 09:46:54.295, 0, NVIDIA GeForce RTX 3080, 5184, 4868, 10240, 91, 94
2026/07/29 09:46:54.408, 0, NVIDIA GeForce RTX 3080, 5184, 4868, 10240, 96, 97
2026/07/29 09:46:54.520, 0, NVIDIA GeForce RTX 3080, 5184, 4868, 10240, 96, 97
2026/07/29 09:46:54.632, 0, NVIDIA GeForce RTX 3080, 5184, 4868, 10240, 96, 97
2026/07/29 09:46:54.744, 0, NVIDIA GeForce RTX 3080, 5184, 4868, 10240, 96, 97
2026/07/29 09:46:54.856, 0, NVIDIA GeForce RTX 3080, 5184, 4868, 10240, 96, 97
2026/07/29 09:46:54.968, 0, NVIDIA GeForce RTX 3080, 5184, 4868, 10240, 96, 97
2026/07/29 09:46:55.080, 0, NVIDIA GeForce RTX 3080, 5184, 4868, 10240, 96, 97
2026/07/29 09:46:55.192, 0, NVIDIA GeForce RTX 3080, 5184, 4868, 10240, 96, 97
2026/07/29 09:46:55.304, 0, NVIDIA GeForce RTX 3080, 5184, 4868, 10240, 96, 97
2026/07/29 09:46:55.416, 0, NVIDIA GeForce RTX 3080, 5184, 4868, 10240, 95, 97
2026/07/29 09:46:55.528, 0, NVIDIA GeForce RTX 3080, 5184, 4868, 10240, 95, 97
2026/07/29 09:46:55.640, 0, NVIDIA GeForce RTX 3080, 5184, 4868, 10240, 95, 97
2026/07/29 09:46:55.751, 0, NVIDIA GeForce RTX 3080, 5184, 4868, 10240, 95, 97
2026/07/29 09:46:55.862, 0, NVIDIA GeForce RTX 3080, 5184, 4868, 10240, 95, 97
2026/07/29 09:46:55.973, 0, NVIDIA GeForce RTX 3080, 5184, 4868, 10240, 96, 98
2026/07/29 09:46:56.085, 0, NVIDIA GeForce RTX 3080, 5184, 4868, 10240, 96, 98
2026/07/29 09:46:56.197, 0, NVIDIA GeForce RTX 3080, 5184, 4868, 10240, 96, 98
2026/07/29 09:46:56.307, 0, NVIDIA GeForce RTX 3080, 5184, 4868, 10240, 96, 98
2026/07/29 09:46:56.419, 0, NVIDIA GeForce RTX 3080, 5184, 4868, 10240, 96, 97
2026/07/29 09:46:56.530, 0, NVIDIA GeForce RTX 3080, 5184, 4868, 10240, 96, 97
2026/07/29 09:46:56.642, 0, NVIDIA GeForce RTX 3080, 5184, 4868, 10240, 96, 97
2026/07/29 09:46:56.754, 0, NVIDIA GeForce RTX 3080, 5184, 4868, 10240, 96, 97
2026/07/29 09:46:56.866, 0, NVIDIA GeForce RTX 3080, 5184, 4868, 10240, 96, 97
2026/07/29 09:46:56.977, 0, NVIDIA GeForce RTX 3080, 5184, 4868, 10240, 96, 97
2026/07/29 09:46:57.089, 0, NVIDIA GeForce RTX 3080, 5184, 4868, 10240, 96, 97
2026/07/29 09:46:57.201, 0, NVIDIA GeForce RTX 3080, 5184, 4868, 10240, 96, 97
2026/07/29 09:46:57.313, 0, NVIDIA GeForce RTX 3080, 5184, 4868, 10240, 96, 97
2026/07/29 09:46:57.422, 0, NVIDIA GeForce RTX 3080, 5184, 4868, 10240, 96, 98
2026/07/29 09:46:57.534, 0, NVIDIA GeForce RTX 3080, 5184, 4868, 10240, 96, 98
2026/07/29 09:46:57.646, 0, NVIDIA GeForce RTX 3080, 5184, 4868, 10240, 96, 98
2026/07/29 09:46:57.758, 0, NVIDIA GeForce RTX 3080, 5184, 4868, 10240, 96, 98
2026/07/29 09:46:57.870, 0, NVIDIA GeForce RTX 3080, 5184, 4868, 10240, 96, 98
2026/07/29 09:46:57.980, 0, NVIDIA GeForce RTX 3080, 5184, 4868, 10240, 96, 97
2026/07/29 09:46:58.089, 0, NVIDIA GeForce RTX 3080, 5184, 4868, 10240, 96, 97
2026/07/29 09:46:58.198, 0, NVIDIA GeForce RTX 3080, 5184, 4868, 10240, 96, 97
2026/07/29 09:46:58.307, 0, NVIDIA GeForce RTX 3080, 5184, 4868, 10240, 96, 97
2026/07/29 09:46:58.415, 0, NVIDIA GeForce RTX 3080, 5184, 4868, 10240, 96, 97
2026/07/29 09:46:58.525, 0, NVIDIA GeForce RTX 3080, 5184, 4868, 10240, 96, 97
2026/07/29 09:46:58.634, 0, NVIDIA GeForce RTX 3080, 5184, 4868, 10240, 96, 97
2026/07/29 09:46:58.745, 0, NVIDIA GeForce RTX 3080, 5184, 4868, 10240, 96, 97
2026/07/29 09:46:58.857, 0, NVIDIA GeForce RTX 3080, 5184, 4868, 10240, 96, 97
2026/07/29 09:46:58.969, 0, NVIDIA GeForce RTX 3080, 5184, 4868, 10240, 96, 98
2026/07/29 09:46:59.081, 0, NVIDIA GeForce RTX 3080, 5184, 4868, 10240, 96, 98
2026/07/29 09:46:59.193, 0, NVIDIA GeForce RTX 3080, 5184, 4868, 10240, 96, 98
2026/07/29 09:46:59.306, 0, NVIDIA GeForce RTX 3080, 5184, 4868, 10240, 96, 98
2026/07/29 09:46:59.418, 0, NVIDIA GeForce RTX 3080, 5184, 4868, 10240, 96, 97
2026/07/29 09:46:59.529, 0, NVIDIA GeForce RTX 3080, 5184, 4868, 10240, 96, 97
2026/07/29 09:46:59.640, 0, NVIDIA GeForce RTX 3080, 5184, 4868, 10240, 96, 97
2026/07/29 09:46:59.751, 0, NVIDIA GeForce RTX 3080, 5184, 4868, 10240, 96, 97
2026/07/29 09:46:59.863, 0, NVIDIA GeForce RTX 3080, 5184, 4868, 10240, 96, 97
2026/07/29 09:46:59.973, 0, NVIDIA GeForce RTX 3080, 5184, 4868, 10240, 95, 97
2026/07/29 09:47:00.082, 0, NVIDIA GeForce RTX 3080, 5184, 4868, 10240, 95, 97
2026/07/29 09:47:00.191, 0, NVIDIA GeForce RTX 3080, 5184, 4868, 10240, 95, 97
2026/07/29 09:47:00.299, 0, NVIDIA GeForce RTX 3080, 5184, 4868, 10240, 95, 97
2026/07/29 09:47:00.411, 0, NVIDIA GeForce RTX 3080, 5184, 4868, 10240, 96, 97
2026/07/29 09:47:00.523, 0, NVIDIA GeForce RTX 3080, 5184, 4868, 10240, 96, 97
2026/07/29 09:47:00.635, 0, NVIDIA GeForce RTX 3080, 5184, 4868, 10240, 96, 97
2026/07/29 09:47:00.747, 0, NVIDIA GeForce RTX 3080, 5184, 4868, 10240, 96, 97
2026/07/29 09:47:00.859, 0, NVIDIA GeForce RTX 3080, 5184, 4868, 10240, 96, 97
2026/07/29 09:47:00.971, 0, NVIDIA GeForce RTX 3080, 5184, 4868, 10240, 96, 97
2026/07/29 09:47:01.083, 0, NVIDIA GeForce RTX 3080, 5184, 4868, 10240, 96, 97
2026/07/29 09:47:01.196, 0, NVIDIA GeForce RTX 3080, 5184, 4868, 10240, 96, 97
2026/07/29 09:47:01.307, 0, NVIDIA GeForce RTX 3080, 5184, 4868, 10240, 96, 97
2026/07/29 09:47:01.419, 0, NVIDIA GeForce RTX 3080, 5184, 4868, 10240, 96, 97
2026/07/29 09:47:01.530, 0, NVIDIA GeForce RTX 3080, 5184, 4868, 10240, 96, 97
2026/07/29 09:47:01.642, 0, NVIDIA GeForce RTX 3080, 5184, 4868, 10240, 96, 97
2026/07/29 09:47:01.754, 0, NVIDIA GeForce RTX 3080, 5184, 4868, 10240, 96, 97
2026/07/29 09:47:01.865, 0, NVIDIA GeForce RTX 3080, 5184, 4868, 10240, 96, 97
2026/07/29 09:47:01.977, 0, NVIDIA GeForce RTX 3080, 5184, 4868, 10240, 96, 98
2026/07/29 09:47:02.089, 0, NVIDIA GeForce RTX 3080, 5184, 4868, 10240, 96, 98
2026/07/29 09:47:02.201, 0, NVIDIA GeForce RTX 3080, 5184, 4868, 10240, 96, 98
2026/07/29 09:47:02.313, 0, NVIDIA GeForce RTX 3080, 5184, 4868, 10240, 96, 98
2026/07/29 09:47:02.425, 0, NVIDIA GeForce RTX 3080, 5184, 4868, 10240, 96, 97
2026/07/29 09:47:02.537, 0, NVIDIA GeForce RTX 3080, 5184, 4868, 10240, 96, 97
2026/07/29 09:47:02.649, 0, NVIDIA GeForce RTX 3080, 5184, 4868, 10240, 96, 97
2026/07/29 09:47:02.761, 0, NVIDIA GeForce RTX 3080, 5184, 4868, 10240, 96, 97
2026/07/29 09:47:02.873, 0, NVIDIA GeForce RTX 3080, 5184, 4868, 10240, 96, 97
2026/07/29 09:47:02.984, 0, NVIDIA GeForce RTX 3080, 5184, 4868, 10240, 96, 97
2026/07/29 09:47:03.096, 0, NVIDIA GeForce RTX 3080, 5184, 4868, 10240, 96, 97
2026/07/29 09:47:03.208, 0, NVIDIA GeForce RTX 3080, 5184, 4868, 10240, 96, 97
2026/07/29 09:47:03.320, 0, NVIDIA GeForce RTX 3080, 5184, 4868, 10240, 96, 97
2026/07/29 09:47:03.431, 0, NVIDIA GeForce RTX 3080, 5184, 4868, 10240, 92, 94
2026/07/29 09:47:03.543, 0, NVIDIA GeForce RTX 3080, 5184, 4868, 10240, 92, 94
2026/07/29 09:47:03.655, 0, NVIDIA GeForce RTX 3080, 5184, 4868, 10240, 92, 94
2026/07/29 09:47:03.766, 0, NVIDIA GeForce RTX 3080, 5184, 4868, 10240, 92, 94
2026/07/29 09:47:03.878, 0, NVIDIA GeForce RTX 3080, 5184, 4868, 10240, 92, 94
2026/07/29 09:47:03.990, 0, NVIDIA GeForce RTX 3080, 5184, 4868, 10240, 96, 97
2026/07/29 09:47:04.102, 0, NVIDIA GeForce RTX 3080, 5184, 4868, 10240, 96, 97
2026/07/29 09:47:04.214, 0, NVIDIA GeForce RTX 3080, 5184, 4868, 10240, 96, 97
2026/07/29 09:47:04.326, 0, NVIDIA GeForce RTX 3080, 5184, 4868, 10240, 96, 97
2026/07/29 09:47:04.437, 0, NVIDIA GeForce RTX 3080, 5184, 4868, 10240, 96, 98
2026/07/29 09:47:04.549, 0, NVIDIA GeForce RTX 3080, 5184, 4868, 10240, 96, 98
2026/07/29 09:47:04.661, 0, NVIDIA GeForce RTX 3080, 5184, 4868, 10240, 96, 98
2026/07/29 09:47:04.771, 0, NVIDIA GeForce RTX 3080, 5184, 4868, 10240, 96, 98
2026/07/29 09:47:04.882, 0, NVIDIA GeForce RTX 3080, 5184, 4868, 10240, 96, 98
2026/07/29 09:47:04.993, 0, NVIDIA GeForce RTX 3080, 5184, 4868, 10240, 96, 98
2026/07/29 09:47:05.101, 0, NVIDIA GeForce RTX 3080, 5184, 4868, 10240, 96, 98
2026/07/29 09:47:05.211, 0, NVIDIA GeForce RTX 3080, 5184, 4868, 10240, 96, 98
2026/07/29 09:47:05.321, 0, NVIDIA GeForce RTX 3080, 5184, 4868, 10240, 96, 98
2026/07/29 09:47:05.433, 0, NVIDIA GeForce RTX 3080, 5184, 4868, 10240, 95, 97
2026/07/29 09:47:05.545, 0, NVIDIA GeForce RTX 3080, 5184, 4868, 10240, 95, 97
2026/07/29 09:47:05.655, 0, NVIDIA GeForce RTX 3080, 5184, 4868, 10240, 95, 97
2026/07/29 09:47:05.767, 0, NVIDIA GeForce RTX 3080, 5184, 4868, 10240, 95, 97
2026/07/29 09:47:05.878, 0, NVIDIA GeForce RTX 3080, 5184, 4868, 10240, 95, 97
2026/07/29 09:47:05.990, 0, NVIDIA GeForce RTX 3080, 5184, 4868, 10240, 96, 97
2026/07/29 09:47:06.101, 0, NVIDIA GeForce RTX 3080, 5184, 4868, 10240, 96, 97
2026/07/29 09:47:06.213, 0, NVIDIA GeForce RTX 3080, 5184, 4868, 10240, 96, 97
2026/07/29 09:47:06.325, 0, NVIDIA GeForce RTX 3080, 5184, 4868, 10240, 96, 97
2026/07/29 09:47:06.437, 0, NVIDIA GeForce RTX 3080, 5184, 4868, 10240, 96, 97
2026/07/29 09:47:06.549, 0, NVIDIA GeForce RTX 3080, 5184, 4868, 10240, 96, 97
2026/07/29 09:47:06.661, 0, NVIDIA GeForce RTX 3080, 5184, 4868, 10240, 96, 97
2026/07/29 09:47:06.773, 0, NVIDIA GeForce RTX 3080, 5184, 4868, 10240, 96, 97
2026/07/29 09:47:06.885, 0, NVIDIA GeForce RTX 3080, 5184, 4868, 10240, 96, 97
2026/07/29 09:47:06.995, 0, NVIDIA GeForce RTX 3080, 5184, 4868, 10240, 96, 97
2026/07/29 09:47:07.106, 0, NVIDIA GeForce RTX 3080, 5184, 4868, 10240, 96, 97
2026/07/29 09:47:07.218, 0, NVIDIA GeForce RTX 3080, 5184, 4868, 10240, 96, 97
2026/07/29 09:47:07.329, 0, NVIDIA GeForce RTX 3080, 5184, 4868, 10240, 96, 97
2026/07/29 09:47:07.441, 0, NVIDIA GeForce RTX 3080, 5184, 4868, 10240, 96, 97
2026/07/29 09:47:07.553, 0, NVIDIA GeForce RTX 3080, 5184, 4868, 10240, 96, 97
2026/07/29 09:47:07.665, 0, NVIDIA GeForce RTX 3080, 5184, 4868, 10240, 96, 97
2026/07/29 09:47:07.776, 0, NVIDIA GeForce RTX 3080, 5184, 4868, 10240, 96, 97
2026/07/29 09:47:07.888, 0, NVIDIA GeForce RTX 3080, 5184, 4868, 10240, 96, 98
2026/07/29 09:47:08.000, 0, NVIDIA GeForce RTX 3080, 5184, 4868, 10240, 96, 98
2026/07/29 09:47:08.112, 0, NVIDIA GeForce RTX 3080, 5184, 4868, 10240, 96, 98
2026/07/29 09:47:08.224, 0, NVIDIA GeForce RTX 3080, 5184, 4868, 10240, 96, 98
2026/07/29 09:47:08.336, 0, NVIDIA GeForce RTX 3080, 5184, 4868, 10240, 96, 98
2026/07/29 09:47:08.449, 0, NVIDIA GeForce RTX 3080, 5184, 4868, 10240, 95, 97
2026/07/29 09:47:08.561, 0, NVIDIA GeForce RTX 3080, 5184, 4868, 10240, 95, 97
2026/07/29 09:47:08.673, 0, NVIDIA GeForce RTX 3080, 5184, 4868, 10240, 95, 97
2026/07/29 09:47:08.784, 0, NVIDIA GeForce RTX 3080, 5184, 4868, 10240, 95, 97
2026/07/29 09:47:08.896, 0, NVIDIA GeForce RTX 3080, 5184, 4868, 10240, 95, 97
2026/07/29 09:47:09.008, 0, NVIDIA GeForce RTX 3080, 5184, 4868, 10240, 95, 97
2026/07/29 09:47:09.120, 0, NVIDIA GeForce RTX 3080, 5184, 4868, 10240, 95, 97
2026/07/29 09:47:09.231, 0, NVIDIA GeForce RTX 3080, 5184, 4868, 10240, 95, 97
2026/07/29 09:47:09.343, 0, NVIDIA GeForce RTX 3080, 5184, 4868, 10240, 95, 97
2026/07/29 09:47:09.455, 0, NVIDIA GeForce RTX 3080, 5184, 4868, 10240, 96, 98
2026/07/29 09:47:09.567, 0, NVIDIA GeForce RTX 3080, 5184, 4868, 10240, 96, 98
2026/07/29 09:47:09.678, 0, NVIDIA GeForce RTX 3080, 5184, 4868, 10240, 96, 98
2026/07/29 09:47:09.791, 0, NVIDIA GeForce RTX 3080, 5184, 4868, 10240, 96, 98
2026/07/29 09:47:09.903, 0, NVIDIA GeForce RTX 3080, 5184, 4868, 10240, 96, 97
2026/07/29 09:47:10.014, 0, NVIDIA GeForce RTX 3080, 5184, 4868, 10240, 96, 97
2026/07/29 09:47:10.126, 0, NVIDIA GeForce RTX 3080, 5184, 4868, 10240, 96, 97
2026/07/29 09:47:10.237, 0, NVIDIA GeForce RTX 3080, 5184, 4868, 10240, 96, 97
2026/07/29 09:47:10.349, 0, NVIDIA GeForce RTX 3080, 5184, 4868, 10240, 96, 97
2026/07/29 09:47:10.461, 0, NVIDIA GeForce RTX 3080, 5184, 4868, 10240, 96, 98
2026/07/29 09:47:10.573, 0, NVIDIA GeForce RTX 3080, 5184, 4868, 10240, 96, 98
2026/07/29 09:47:10.685, 0, NVIDIA GeForce RTX 3080, 5184, 4868, 10240, 96, 98
2026/07/29 09:47:10.797, 0, NVIDIA GeForce RTX 3080, 5184, 4868, 10240, 96, 98
2026/07/29 09:47:10.909, 0, NVIDIA GeForce RTX 3080, 5184, 4868, 10240, 96, 98
2026/07/29 09:47:11.021, 0, NVIDIA GeForce RTX 3080, 5184, 4868, 10240, 96, 98
2026/07/29 09:47:11.133, 0, NVIDIA GeForce RTX 3080, 5184, 4868, 10240, 96, 98
2026/07/29 09:47:11.245, 0, NVIDIA GeForce RTX 3080, 5184, 4868, 10240, 96, 98
2026/07/29 09:47:11.357, 0, NVIDIA GeForce RTX 3080, 5184, 4868, 10240, 96, 98
2026/07/29 09:47:11.469, 0, NVIDIA GeForce RTX 3080, 5184, 4868, 10240, 96, 97
2026/07/29 09:47:11.581, 0, NVIDIA GeForce RTX 3080, 5184, 4868, 10240, 96, 97
2026/07/29 09:47:11.693, 0, NVIDIA GeForce RTX 3080, 5184, 4868, 10240, 96, 97
2026/07/29 09:47:11.805, 0, NVIDIA GeForce RTX 3080, 5184, 4868, 10240, 96, 97
2026/07/29 09:47:11.917, 0, NVIDIA GeForce RTX 3080, 5184, 4868, 10240, 96, 97
2026/07/29 09:47:12.029, 0, NVIDIA GeForce RTX 3080, 5184, 4868, 10240, 96, 97
2026/07/29 09:47:12.140, 0, NVIDIA GeForce RTX 3080, 5184, 4868, 10240, 96, 97
2026/07/29 09:47:12.252, 0, NVIDIA GeForce RTX 3080, 5184, 4868, 10240, 96, 97
2026/07/29 09:47:12.364, 0, NVIDIA GeForce RTX 3080, 5184, 4868, 10240, 96, 97
2026/07/29 09:47:12.476, 0, NVIDIA GeForce RTX 3080, 5184, 4868, 10240, 96, 98
2026/07/29 09:47:12.588, 0, NVIDIA GeForce RTX 3080, 5184, 4868, 10240, 96, 98
2026/07/29 09:47:12.700, 0, NVIDIA GeForce RTX 3080, 5184, 4868, 10240, 96, 98
2026/07/29 09:47:12.812, 0, NVIDIA GeForce RTX 3080, 5184, 4868, 10240, 96, 98
2026/07/29 09:47:12.924, 0, NVIDIA GeForce RTX 3080, 5184, 4868, 10240, 91, 94
2026/07/29 09:47:13.034, 0, NVIDIA GeForce RTX 3080, 5184, 4868, 10240, 91, 94
2026/07/29 09:47:13.142, 0, NVIDIA GeForce RTX 3080, 5184, 4868, 10240, 91, 94
2026/07/29 09:47:13.250, 0, NVIDIA GeForce RTX 3080, 5184, 4868, 10240, 91, 94
2026/07/29 09:47:13.360, 0, NVIDIA GeForce RTX 3080, 5184, 4868, 10240, 91, 94
2026/07/29 09:47:13.469, 0, NVIDIA GeForce RTX 3080, 5184, 4868, 10240, 96, 98
2026/07/29 09:47:13.578, 0, NVIDIA GeForce RTX 3080, 5184, 4868, 10240, 96, 98
2026/07/29 09:47:13.688, 0, NVIDIA GeForce RTX 3080, 5184, 4868, 10240, 96, 98
2026/07/29 09:47:13.799, 0, NVIDIA GeForce RTX 3080, 5184, 4868, 10240, 96, 98
2026/07/29 09:47:13.911, 0, NVIDIA GeForce RTX 3080, 5184, 4868, 10240, 96, 97
2026/07/29 09:47:14.023, 0, NVIDIA GeForce RTX 3080, 5184, 4868, 10240, 96, 97
2026/07/29 09:47:14.135, 0, NVIDIA GeForce RTX 3080, 5184, 4868, 10240, 96, 97
2026/07/29 09:47:14.246, 0, NVIDIA GeForce RTX 3080, 5184, 4868, 10240, 96, 97
2026/07/29 09:47:14.358, 0, NVIDIA GeForce RTX 3080, 5184, 4868, 10240, 96, 97
2026/07/29 09:47:14.469, 0, NVIDIA GeForce RTX 3080, 5184, 4868, 10240, 95, 97
2026/07/29 09:47:14.581, 0, NVIDIA GeForce RTX 3080, 5184, 4868, 10240, 95, 97
2026/07/29 09:47:14.694, 0, NVIDIA GeForce RTX 3080, 5184, 4868, 10240, 95, 97
2026/07/29 09:47:14.805, 0, NVIDIA GeForce RTX 3080, 5184, 4868, 10240, 95, 97
2026/07/29 09:47:14.917, 0, NVIDIA GeForce RTX 3080, 5184, 4868, 10240, 96, 97
2026/07/29 09:47:15.029, 0, NVIDIA GeForce RTX 3080, 5184, 4868, 10240, 96, 97
2026/07/29 09:47:15.141, 0, NVIDIA GeForce RTX 3080, 5184, 4868, 10240, 96, 97
2026/07/29 09:47:15.253, 0, NVIDIA GeForce RTX 3080, 5184, 4868, 10240, 96, 97
2026/07/29 09:47:15.365, 0, NVIDIA GeForce RTX 3080, 5184, 4868, 10240, 96, 97
2026/07/29 09:47:15.477, 0, NVIDIA GeForce RTX 3080, 5184, 4868, 10240, 96, 98
2026/07/29 09:47:15.589, 0, NVIDIA GeForce RTX 3080, 5184, 4868, 10240, 96, 98
2026/07/29 09:47:15.701, 0, NVIDIA GeForce RTX 3080, 5184, 4868, 10240, 96, 98
2026/07/29 09:47:15.813, 0, NVIDIA GeForce RTX 3080, 5184, 4868, 10240, 96, 98
2026/07/29 09:47:15.924, 0, NVIDIA GeForce RTX 3080, 5184, 4868, 10240, 96, 97
2026/07/29 09:47:16.036, 0, NVIDIA GeForce RTX 3080, 5184, 4868, 10240, 96, 97
2026/07/29 09:47:16.148, 0, NVIDIA GeForce RTX 3080, 5184, 4868, 10240, 96, 97
2026/07/29 09:47:16.260, 0, NVIDIA GeForce RTX 3080, 5184, 4868, 10240, 96, 97
2026/07/29 09:47:16.372, 0, NVIDIA GeForce RTX 3080, 5184, 4868, 10240, 96, 97
2026/07/29 09:47:16.484, 0, NVIDIA GeForce RTX 3080, 5184, 4868, 10240, 96, 97
2026/07/29 09:47:16.596, 0, NVIDIA GeForce RTX 3080, 5184, 4868, 10240, 96, 97
2026/07/29 09:47:16.707, 0, NVIDIA GeForce RTX 3080, 5184, 4868, 10240, 96, 97
2026/07/29 09:47:16.819, 0, NVIDIA GeForce RTX 3080, 5184, 4868, 10240, 96, 97
2026/07/29 09:47:16.931, 0, NVIDIA GeForce RTX 3080, 5184, 4868, 10240, 96, 98
2026/07/29 09:47:17.042, 0, NVIDIA GeForce RTX 3080, 5184, 4868, 10240, 96, 98
2026/07/29 09:47:17.154, 0, NVIDIA GeForce RTX 3080, 5184, 4868, 10240, 96, 98
2026/07/29 09:47:17.265, 0, NVIDIA GeForce RTX 3080, 5184, 4868, 10240, 96, 98
2026/07/29 09:47:17.376, 0, NVIDIA GeForce RTX 3080, 5184, 4868, 10240, 96, 98
2026/07/29 09:47:17.488, 0, NVIDIA GeForce RTX 3080, 5184, 4868, 10240, 96, 97
2026/07/29 09:47:17.600, 0, NVIDIA GeForce RTX 3080, 5184, 4868, 10240, 96, 97
2026/07/29 09:47:17.712, 0, NVIDIA GeForce RTX 3080, 5184, 4868, 10240, 96, 97
2026/07/29 09:47:17.824, 0, NVIDIA GeForce RTX 3080, 5184, 4868, 10240, 96, 97
2026/07/29 09:47:17.936, 0, NVIDIA GeForce RTX 3080, 5184, 4868, 10240, 96, 97
2026/07/29 09:47:18.047, 0, NVIDIA GeForce RTX 3080, 5184, 4868, 10240, 96, 97
2026/07/29 09:47:18.155, 0, NVIDIA GeForce RTX 3080, 5184, 4868, 10240, 96, 97
2026/07/29 09:47:18.265, 0, NVIDIA GeForce RTX 3080, 5184, 4868, 10240, 96, 97
2026/07/29 09:47:18.373, 0, NVIDIA GeForce RTX 3080, 5184, 4868, 10240, 96, 97
2026/07/29 09:47:18.481, 0, NVIDIA GeForce RTX 3080, 5184, 4868, 10240, 96, 98
2026/07/29 09:47:18.591, 0, NVIDIA GeForce RTX 3080, 5184, 4868, 10240, 96, 98
2026/07/29 09:47:18.703, 0, NVIDIA GeForce RTX 3080, 5184, 4868, 10240, 96, 98
2026/07/29 09:47:18.815, 0, NVIDIA GeForce RTX 3080, 5184, 4868, 10240, 96, 98
2026/07/29 09:47:18.927, 0, NVIDIA GeForce RTX 3080, 5184, 4868, 10240, 96, 97
2026/07/29 09:47:19.039, 0, NVIDIA GeForce RTX 3080, 5184, 4868, 10240, 96, 97
2026/07/29 09:47:19.151, 0, NVIDIA GeForce RTX 3080, 5184, 4868, 10240, 96, 97
2026/07/29 09:47:19.262, 0, NVIDIA GeForce RTX 3080, 5184, 4868, 10240, 96, 97
2026/07/29 09:47:19.374, 0, NVIDIA GeForce RTX 3080, 5184, 4868, 10240, 96, 97
2026/07/29 09:47:19.486, 0, NVIDIA GeForce RTX 3080, 5184, 4868, 10240, 96, 97
2026/07/29 09:47:19.598, 0, NVIDIA GeForce RTX 3080, 5184, 4868, 10240, 96, 97
2026/07/29 09:47:19.707, 0, NVIDIA GeForce RTX 3080, 5184, 4868, 10240, 96, 97
2026/07/29 09:47:19.818, 0, NVIDIA GeForce RTX 3080, 5184, 4868, 10240, 96, 97
2026/07/29 09:47:19.930, 0, NVIDIA GeForce RTX 3080, 5184, 4868, 10240, 96, 98
2026/07/29 09:47:20.041, 0, NVIDIA GeForce RTX 3080, 5184, 4868, 10240, 96, 98
2026/07/29 09:47:20.150, 0, NVIDIA GeForce RTX 3080, 5184, 4868, 10240, 96, 98
2026/07/29 09:47:20.261, 0, NVIDIA GeForce RTX 3080, 5184, 4868, 10240, 96, 98
2026/07/29 09:47:20.373, 0, NVIDIA GeForce RTX 3080, 5184, 4868, 10240, 96, 98
2026/07/29 09:47:20.485, 0, NVIDIA GeForce RTX 3080, 5184, 4868, 10240, 96, 97
2026/07/29 09:47:20.597, 0, NVIDIA GeForce RTX 3080, 5184, 4868, 10240, 96, 97
2026/07/29 09:47:20.709, 0, NVIDIA GeForce RTX 3080, 5184, 4868, 10240, 96, 97
2026/07/29 09:47:20.821, 0, NVIDIA GeForce RTX 3080, 5184, 4868, 10240, 96, 97
2026/07/29 09:47:20.933, 0, NVIDIA GeForce RTX 3080, 5184, 4868, 10240, 95, 96
2026/07/29 09:47:21.045, 0, NVIDIA GeForce RTX 3080, 5184, 4868, 10240, 95, 96
2026/07/29 09:47:21.157, 0, NVIDIA GeForce RTX 3080, 5184, 4868, 10240, 95, 96
2026/07/29 09:47:21.269, 0, NVIDIA GeForce RTX 3080, 5184, 4868, 10240, 95, 96
2026/07/29 09:47:21.381, 0, NVIDIA GeForce RTX 3080, 5184, 4868, 10240, 95, 96
2026/07/29 09:47:21.492, 0, NVIDIA GeForce RTX 3080, 5184, 4868, 10240, 96, 98
2026/07/29 09:47:21.604, 0, NVIDIA GeForce RTX 3080, 5184, 4868, 10240, 96, 98
2026/07/29 09:47:21.715, 0, NVIDIA GeForce RTX 3080, 5184, 4868, 10240, 96, 98
2026/07/29 09:47:21.827, 0, NVIDIA GeForce RTX 3080, 5184, 4868, 10240, 96, 98
2026/07/29 09:47:21.939, 0, NVIDIA GeForce RTX 3080, 5184, 4868, 10240, 96, 97
2026/07/29 09:47:22.051, 0, NVIDIA GeForce RTX 3080, 5184, 4868, 10240, 96, 97
2026/07/29 09:47:22.163, 0, NVIDIA GeForce RTX 3080, 5184, 4868, 10240, 96, 97
2026/07/29 09:47:22.275, 0, NVIDIA GeForce RTX 3080, 5184, 4868, 10240, 96, 97
2026/07/29 09:47:22.387, 0, NVIDIA GeForce RTX 3080, 5184, 4868, 10240, 93, 96
2026/07/29 09:47:22.497, 0, NVIDIA GeForce RTX 3080, 5184, 4868, 10240, 93, 96
2026/07/29 09:47:22.607, 0, NVIDIA GeForce RTX 3080, 5184, 4868, 10240, 93, 96
2026/07/29 09:47:22.718, 0, NVIDIA GeForce RTX 3080, 5184, 4868, 10240, 93, 96
2026/07/29 09:47:22.830, 0, NVIDIA GeForce RTX 3080, 5184, 4868, 10240, 93, 96
2026/07/29 09:47:22.942, 0, NVIDIA GeForce RTX 3080, 5184, 4868, 10240, 96, 98
2026/07/29 09:47:23.054, 0, NVIDIA GeForce RTX 3080, 5184, 4868, 10240, 96, 98
2026/07/29 09:47:23.166, 0, NVIDIA GeForce RTX 3080, 5184, 4868, 10240, 96, 98
2026/07/29 09:47:23.278, 0, NVIDIA GeForce RTX 3080, 5184, 4868, 10240, 96, 98
2026/07/29 09:47:23.391, 0, NVIDIA GeForce RTX 3080, 5184, 4868, 10240, 96, 97
2026/07/29 09:47:23.503, 0, NVIDIA GeForce RTX 3080, 5184, 4868, 10240, 96, 97
2026/07/29 09:47:23.615, 0, NVIDIA GeForce RTX 3080, 5184, 4868, 10240, 96, 97
2026/07/29 09:47:23.726, 0, NVIDIA GeForce RTX 3080, 5184, 4868, 10240, 96, 97
2026/07/29 09:47:23.838, 0, NVIDIA GeForce RTX 3080, 5184, 4868, 10240, 96, 97
2026/07/29 09:47:23.950, 0, NVIDIA GeForce RTX 3080, 5184, 4868, 10240, 96, 98
2026/07/29 09:47:24.062, 0, NVIDIA GeForce RTX 3080, 5184, 4868, 10240, 96, 98
2026/07/29 09:47:24.174, 0, NVIDIA GeForce RTX 3080, 5184, 4868, 10240, 96, 98
2026/07/29 09:47:24.285, 0, NVIDIA GeForce RTX 3080, 5184, 4868, 10240, 96, 98
2026/07/29 09:47:24.397, 0, NVIDIA GeForce RTX 3080, 5184, 4868, 10240, 96, 97
2026/07/29 09:47:24.509, 0, NVIDIA GeForce RTX 3080, 5184, 4868, 10240, 96, 97
2026/07/29 09:47:24.621, 0, NVIDIA GeForce RTX 3080, 5184, 4868, 10240, 96, 97
2026/07/29 09:47:24.733, 0, NVIDIA GeForce RTX 3080, 5184, 4868, 10240, 96, 97
2026/07/29 09:47:24.845, 0, NVIDIA GeForce RTX 3080, 5184, 4868, 10240, 96, 97
2026/07/29 09:47:24.956, 0, NVIDIA GeForce RTX 3080, 5184, 4868, 10240, 96, 97
2026/07/29 09:47:25.066, 0, NVIDIA GeForce RTX 3080, 5184, 4868, 10240, 96, 97
2026/07/29 09:47:25.174, 0, NVIDIA GeForce RTX 3080, 5184, 4868, 10240, 96, 97
2026/07/29 09:47:25.286, 0, NVIDIA GeForce RTX 3080, 5184, 4868, 10240, 96, 97
2026/07/29 09:47:25.398, 0, NVIDIA GeForce RTX 3080, 5184, 4868, 10240, 96, 97
2026/07/29 09:47:25.507, 0, NVIDIA GeForce RTX 3080, 5184, 4868, 10240, 96, 97
2026/07/29 09:47:25.619, 0, NVIDIA GeForce RTX 3080, 5184, 4868, 10240, 96, 97
2026/07/29 09:47:25.731, 0, NVIDIA GeForce RTX 3080, 5184, 4868, 10240, 96, 97
2026/07/29 09:47:25.843, 0, NVIDIA GeForce RTX 3080, 5184, 4868, 10240, 96, 97
2026/07/29 09:47:25.956, 0, NVIDIA GeForce RTX 3080, 5184, 4868, 10240, 96, 98
2026/07/29 09:47:26.068, 0, NVIDIA GeForce RTX 3080, 5184, 4868, 10240, 96, 98
2026/07/29 09:47:26.180, 0, NVIDIA GeForce RTX 3080, 5184, 4868, 10240, 96, 98
2026/07/29 09:47:26.292, 0, NVIDIA GeForce RTX 3080, 5184, 4868, 10240, 96, 98
2026/07/29 09:47:26.403, 0, NVIDIA GeForce RTX 3080, 5184, 4868, 10240, 96, 97
2026/07/29 09:47:26.515, 0, NVIDIA GeForce RTX 3080, 5184, 4868, 10240, 96, 97
2026/07/29 09:47:26.627, 0, NVIDIA GeForce RTX 3080, 5184, 4868, 10240, 96, 97
2026/07/29 09:47:26.739, 0, NVIDIA GeForce RTX 3080, 5184, 4868, 10240, 96, 97
2026/07/29 09:47:26.851, 0, NVIDIA GeForce RTX 3080, 5184, 4868, 10240, 96, 97
2026/07/29 09:47:26.963, 0, NVIDIA GeForce RTX 3080, 5184, 4868, 10240, 96, 97
2026/07/29 09:47:27.075, 0, NVIDIA GeForce RTX 3080, 5184, 4868, 10240, 96, 97
2026/07/29 09:47:27.187, 0, NVIDIA GeForce RTX 3080, 5184, 4868, 10240, 96, 97
2026/07/29 09:47:27.299, 0, NVIDIA GeForce RTX 3080, 5184, 4868, 10240, 96, 97
2026/07/29 09:47:27.410, 0, NVIDIA GeForce RTX 3080, 5184, 4868, 10240, 96, 98
2026/07/29 09:47:27.522, 0, NVIDIA GeForce RTX 3080, 5184, 4868, 10240, 96, 98
2026/07/29 09:47:27.634, 0, NVIDIA GeForce RTX 3080, 5184, 4868, 10240, 96, 98
2026/07/29 09:47:27.746, 0, NVIDIA GeForce RTX 3080, 5184, 4868, 10240, 96, 98
2026/07/29 09:47:27.858, 0, NVIDIA GeForce RTX 3080, 5184, 4868, 10240, 96, 98
2026/07/29 09:47:27.970, 0, NVIDIA GeForce RTX 3080, 5184, 4868, 10240, 96, 97
2026/07/29 09:47:28.082, 0, NVIDIA GeForce RTX 3080, 5184, 4868, 10240, 96, 97
2026/07/29 09:47:28.194, 0, NVIDIA GeForce RTX 3080, 5184, 4868, 10240, 96, 97
2026/07/29 09:47:28.305, 0, NVIDIA GeForce RTX 3080, 5184, 4868, 10240, 96, 97
2026/07/29 09:47:28.417, 0, NVIDIA GeForce RTX 3080, 5184, 4868, 10240, 96, 98
2026/07/29 09:47:28.529, 0, NVIDIA GeForce RTX 3080, 5184, 4868, 10240, 96, 98
2026/07/29 09:47:28.641, 0, NVIDIA GeForce RTX 3080, 5184, 4868, 10240, 96, 98
2026/07/29 09:47:28.753, 0, NVIDIA GeForce RTX 3080, 5184, 4868, 10240, 96, 98
2026/07/29 09:47:28.865, 0, NVIDIA GeForce RTX 3080, 5184, 4868, 10240, 96, 98
2026/07/29 09:47:28.977, 0, NVIDIA GeForce RTX 3080, 5184, 4868, 10240, 96, 97
2026/07/29 09:47:29.089, 0, NVIDIA GeForce RTX 3080, 5184, 4868, 10240, 96, 97
2026/07/29 09:47:29.201, 0, NVIDIA GeForce RTX 3080, 5184, 4868, 10240, 96, 97
2026/07/29 09:47:29.313, 0, NVIDIA GeForce RTX 3080, 5184, 4868, 10240, 96, 97
2026/07/29 09:47:29.424, 0, NVIDIA GeForce RTX 3080, 5184, 4868, 10240, 96, 97
2026/07/29 09:47:29.536, 0, NVIDIA GeForce RTX 3080, 5184, 4868, 10240, 96, 97
2026/07/29 09:47:29.646, 0, NVIDIA GeForce RTX 3080, 5184, 4868, 10240, 96, 97
2026/07/29 09:47:29.757, 0, NVIDIA GeForce RTX 3080, 5184, 4868, 10240, 96, 97
2026/07/29 09:47:29.869, 0, NVIDIA GeForce RTX 3080, 5184, 4868, 10240, 96, 97
2026/07/29 09:47:29.981, 0, NVIDIA GeForce RTX 3080, 5184, 4868, 10240, 96, 98
2026/07/29 09:47:30.094, 0, NVIDIA GeForce RTX 3080, 5184, 4868, 10240, 96, 98
2026/07/29 09:47:30.206, 0, NVIDIA GeForce RTX 3080, 5184, 4868, 10240, 96, 98
2026/07/29 09:47:30.318, 0, NVIDIA GeForce RTX 3080, 5184, 4868, 10240, 96, 98
2026/07/29 09:47:30.430, 0, NVIDIA GeForce RTX 3080, 5184, 4868, 10240, 93, 95
2026/07/29 09:47:30.542, 0, NVIDIA GeForce RTX 3080, 5184, 4868, 10240, 93, 95
2026/07/29 09:47:30.654, 0, NVIDIA GeForce RTX 3080, 5184, 4868, 10240, 93, 95
2026/07/29 09:47:30.766, 0, NVIDIA GeForce RTX 3080, 5184, 4868, 10240, 93, 95
2026/07/29 09:47:30.878, 0, NVIDIA GeForce RTX 3080, 5184, 4868, 10240, 93, 95
2026/07/29 09:47:30.990, 0, NVIDIA GeForce RTX 3080, 5184, 4868, 10240, 96, 97
2026/07/29 09:47:31.099, 0, NVIDIA GeForce RTX 3080, 5184, 4868, 10240, 96, 97
2026/07/29 09:47:31.209, 0, NVIDIA GeForce RTX 3080, 5184, 4868, 10240, 96, 97
2026/07/29 09:47:31.318, 0, NVIDIA GeForce RTX 3080, 5184, 4868, 10240, 96, 97
2026/07/29 09:47:31.427, 0, NVIDIA GeForce RTX 3080, 5184, 4868, 10240, 96, 97
2026/07/29 09:47:31.535, 0, NVIDIA GeForce RTX 3080, 5184, 4868, 10240, 96, 97
2026/07/29 09:47:31.644, 0, NVIDIA GeForce RTX 3080, 5184, 4868, 10240, 96, 97
2026/07/29 09:47:31.752, 0, NVIDIA GeForce RTX 3080, 5184, 4868, 10240, 96, 97
2026/07/29 09:47:31.862, 0, NVIDIA GeForce RTX 3080, 5184, 4868, 10240, 96, 97
2026/07/29 09:47:31.974, 0, NVIDIA GeForce RTX 3080, 5184, 4868, 10240, 96, 98
2026/07/29 09:47:32.085, 0, NVIDIA GeForce RTX 3080, 5184, 4868, 10240, 96, 98
2026/07/29 09:47:32.197, 0, NVIDIA GeForce RTX 3080, 5184, 4868, 10240, 96, 98
2026/07/29 09:47:32.309, 0, NVIDIA GeForce RTX 3080, 5184, 4868, 10240, 96, 98
2026/07/29 09:47:32.421, 0, NVIDIA GeForce RTX 3080, 5184, 4868, 10240, 96, 97
2026/07/29 09:47:32.533, 0, NVIDIA GeForce RTX 3080, 5184, 4868, 10240, 96, 97
2026/07/29 09:47:32.645, 0, NVIDIA GeForce RTX 3080, 5184, 4868, 10240, 96, 97
2026/07/29 09:47:32.756, 0, NVIDIA GeForce RTX 3080, 5184, 4868, 10240, 96, 97
2026/07/29 09:47:32.868, 0, NVIDIA GeForce RTX 3080, 5184, 4868, 10240, 96, 97
2026/07/29 09:47:32.980, 0, NVIDIA GeForce RTX 3080, 5184, 4868, 10240, 96, 97
2026/07/29 09:47:33.089, 0, NVIDIA GeForce RTX 3080, 5184, 4868, 10240, 96, 97
2026/07/29 09:47:33.197, 0, NVIDIA GeForce RTX 3080, 5184, 4868, 10240, 96, 97
2026/07/29 09:47:33.306, 0, NVIDIA GeForce RTX 3080, 5184, 4868, 10240, 96, 97
2026/07/29 09:47:33.415, 0, NVIDIA GeForce RTX 3080, 5184, 4868, 10240, 96, 98
2026/07/29 09:47:33.525, 0, NVIDIA GeForce RTX 3080, 5184, 4868, 10240, 96, 98
2026/07/29 09:47:33.637, 0, NVIDIA GeForce RTX 3080, 5184, 4868, 10240, 96, 98
2026/07/29 09:47:33.749, 0, NVIDIA GeForce RTX 3080, 5184, 4868, 10240, 96, 98
2026/07/29 09:47:33.861, 0, NVIDIA GeForce RTX 3080, 5184, 4868, 10240, 96, 98
2026/07/29 09:47:33.972, 0, NVIDIA GeForce RTX 3080, 5184, 4868, 10240, 96, 97
2026/07/29 09:47:34.083, 0, NVIDIA GeForce RTX 3080, 5184, 4868, 10240, 96, 97
2026/07/29 09:47:34.193, 0, NVIDIA GeForce RTX 3080, 5184, 4868, 10240, 96, 97
2026/07/29 09:47:34.305, 0, NVIDIA GeForce RTX 3080, 5184, 4868, 10240, 96, 97
2026/07/29 09:47:34.417, 0, NVIDIA GeForce RTX 3080, 5184, 4868, 10240, 96, 98
2026/07/29 09:47:34.529, 0, NVIDIA GeForce RTX 3080, 5184, 4868, 10240, 96, 98
2026/07/29 09:47:34.641, 0, NVIDIA GeForce RTX 3080, 5184, 4868, 10240, 96, 98
2026/07/29 09:47:34.753, 0, NVIDIA GeForce RTX 3080, 5184, 4868, 10240, 96, 98
2026/07/29 09:47:34.865, 0, NVIDIA GeForce RTX 3080, 5184, 4868, 10240, 96, 98
2026/07/29 09:47:34.977, 0, NVIDIA GeForce RTX 3080, 5184, 4868, 10240, 96, 98
2026/07/29 09:47:35.089, 0, NVIDIA GeForce RTX 3080, 5184, 4868, 10240, 96, 98
2026/07/29 09:47:35.201, 0, NVIDIA GeForce RTX 3080, 5184, 4868, 10240, 96, 98
2026/07/29 09:47:35.313, 0, NVIDIA GeForce RTX 3080, 5184, 4868, 10240, 96, 98
2026/07/29 09:47:35.424, 0, NVIDIA GeForce RTX 3080, 5184, 4868, 10240, 96, 97
2026/07/29 09:47:35.536, 0, NVIDIA GeForce RTX 3080, 5184, 4868, 10240, 96, 97
2026/07/29 09:47:35.647, 0, NVIDIA GeForce RTX 3080, 5184, 4868, 10240, 96, 97
2026/07/29 09:47:35.759, 0, NVIDIA GeForce RTX 3080, 5184, 4868, 10240, 96, 97
2026/07/29 09:47:35.870, 0, NVIDIA GeForce RTX 3080, 5184, 4868, 10240, 96, 97
2026/07/29 09:47:35.981, 0, NVIDIA GeForce RTX 3080, 5184, 4868, 10240, 96, 98
2026/07/29 09:47:36.093, 0, NVIDIA GeForce RTX 3080, 5184, 4868, 10240, 96, 98
2026/07/29 09:47:36.205, 0, NVIDIA GeForce RTX 3080, 5184, 4868, 10240, 96, 98
2026/07/29 09:47:36.317, 0, NVIDIA GeForce RTX 3080, 5184, 4868, 10240, 96, 98
2026/07/29 09:47:36.429, 0, NVIDIA GeForce RTX 3080, 5184, 4868, 10240, 96, 98
2026/07/29 09:47:36.541, 0, NVIDIA GeForce RTX 3080, 5184, 4868, 10240, 96, 98
2026/07/29 09:47:36.653, 0, NVIDIA GeForce RTX 3080, 5184, 4868, 10240, 96, 98
2026/07/29 09:47:36.765, 0, NVIDIA GeForce RTX 3080, 5184, 4868, 10240, 96, 98
2026/07/29 09:47:36.876, 0, NVIDIA GeForce RTX 3080, 5184, 4868, 10240, 96, 98
2026/07/29 09:47:36.988, 0, NVIDIA GeForce RTX 3080, 5184, 4868, 10240, 96, 97
2026/07/29 09:47:37.099, 0, NVIDIA GeForce RTX 3080, 5184, 4868, 10240, 96, 97
2026/07/29 09:47:37.210, 0, NVIDIA GeForce RTX 3080, 5184, 4868, 10240, 96, 97
2026/07/29 09:47:37.321, 0, NVIDIA GeForce RTX 3080, 5184, 4868, 10240, 96, 97
2026/07/29 09:47:37.433, 0, NVIDIA GeForce RTX 3080, 5184, 4868, 10240, 96, 98
2026/07/29 09:47:37.545, 0, NVIDIA GeForce RTX 3080, 5184, 4868, 10240, 96, 98
2026/07/29 09:47:37.657, 0, NVIDIA GeForce RTX 3080, 5184, 4868, 10240, 96, 98
2026/07/29 09:47:37.767, 0, NVIDIA GeForce RTX 3080, 5184, 4868, 10240, 96, 98
2026/07/29 09:47:37.878, 0, NVIDIA GeForce RTX 3080, 5184, 4868, 10240, 96, 98
2026/07/29 09:47:37.990, 0, NVIDIA GeForce RTX 3080, 5184, 4868, 10240, 96, 98
2026/07/29 09:47:38.099, 0, NVIDIA GeForce RTX 3080, 5184, 4868, 10240, 96, 98
2026/07/29 09:47:38.208, 0, NVIDIA GeForce RTX 3080, 5184, 4868, 10240, 96, 98
2026/07/29 09:47:38.318, 0, NVIDIA GeForce RTX 3080, 5184, 4868, 10240, 96, 98
2026/07/29 09:47:38.427, 0, NVIDIA GeForce RTX 3080, 5184, 4868, 10240, 96, 98
2026/07/29 09:47:38.535, 0, NVIDIA GeForce RTX 3080, 5184, 4868, 10240, 96, 98
2026/07/29 09:47:38.647, 0, NVIDIA GeForce RTX 3080, 5184, 4868, 10240, 96, 98
2026/07/29 09:47:38.758, 0, NVIDIA GeForce RTX 3080, 5184, 4868, 10240, 96, 98
2026/07/29 09:47:38.870, 0, NVIDIA GeForce RTX 3080, 5184, 4868, 10240, 96, 98
2026/07/29 09:47:38.982, 0, NVIDIA GeForce RTX 3080, 5184, 4868, 10240, 96, 98
2026/07/29 09:47:39.094, 0, NVIDIA GeForce RTX 3080, 5184, 4868, 10240, 96, 98
2026/07/29 09:47:39.206, 0, NVIDIA GeForce RTX 3080, 5184, 4868, 10240, 96, 98
2026/07/29 09:47:39.318, 0, NVIDIA GeForce RTX 3080, 5184, 4868, 10240, 96, 98
2026/07/29 09:47:39.430, 0, NVIDIA GeForce RTX 3080, 5184, 4868, 10240, 96, 98
2026/07/29 09:47:39.542, 0, NVIDIA GeForce RTX 3080, 5184, 4868, 10240, 96, 98
2026/07/29 09:47:39.654, 0, NVIDIA GeForce RTX 3080, 5184, 4868, 10240, 96, 98
2026/07/29 09:47:39.766, 0, NVIDIA GeForce RTX 3080, 5184, 4868, 10240, 96, 98
2026/07/29 09:47:39.878, 0, NVIDIA GeForce RTX 3080, 5184, 4868, 10240, 96, 98
2026/07/29 09:47:39.990, 0, NVIDIA GeForce RTX 3080, 5184, 4868, 10240, 93, 95
2026/07/29 09:47:40.099, 0, NVIDIA GeForce RTX 3080, 5184, 4868, 10240, 93, 95
2026/07/29 09:47:40.209, 0, NVIDIA GeForce RTX 3080, 5184, 4868, 10240, 93, 95
2026/07/29 09:47:40.321, 0, NVIDIA GeForce RTX 3080, 5184, 4868, 10240, 93, 95
2026/07/29 09:47:40.432, 0, NVIDIA GeForce RTX 3080, 5184, 4868, 10240, 96, 98
2026/07/29 09:47:40.544, 0, NVIDIA GeForce RTX 3080, 5184, 4868, 10240, 96, 98
2026/07/29 09:47:40.656, 0, NVIDIA GeForce RTX 3080, 5184, 4868, 10240, 96, 98
2026/07/29 09:47:40.767, 0, NVIDIA GeForce RTX 3080, 5184, 4868, 10240, 96, 98
2026/07/29 09:47:40.878, 0, NVIDIA GeForce RTX 3080, 5184, 4868, 10240, 96, 98
2026/07/29 09:47:40.989, 0, NVIDIA GeForce RTX 3080, 5184, 4868, 10240, 96, 97
2026/07/29 09:47:41.099, 0, NVIDIA GeForce RTX 3080, 5184, 4868, 10240, 96, 97
2026/07/29 09:47:41.211, 0, NVIDIA GeForce RTX 3080, 5184, 4868, 10240, 96, 97
2026/07/29 09:47:41.323, 0, NVIDIA GeForce RTX 3080, 5184, 4868, 10240, 96, 97
2026/07/29 09:47:41.434, 0, NVIDIA GeForce RTX 3080, 5184, 4868, 10240, 96, 97
2026/07/29 09:47:41.546, 0, NVIDIA GeForce RTX 3080, 5184, 4868, 10240, 96, 97
2026/07/29 09:47:41.658, 0, NVIDIA GeForce RTX 3080, 5184, 4868, 10240, 96, 97
2026/07/29 09:47:41.770, 0, NVIDIA GeForce RTX 3080, 5184, 4868, 10240, 96, 97
2026/07/29 09:47:41.882, 0, NVIDIA GeForce RTX 3080, 5184, 4868, 10240, 96, 97
2026/07/29 09:47:41.994, 0, NVIDIA GeForce RTX 3080, 5184, 4868, 10240, 96, 98
2026/07/29 09:47:42.106, 0, NVIDIA GeForce RTX 3080, 5184, 4868, 10240, 96, 98
2026/07/29 09:47:42.218, 0, NVIDIA GeForce RTX 3080, 5184, 4868, 10240, 96, 98
2026/07/29 09:47:42.330, 0, NVIDIA GeForce RTX 3080, 5184, 4868, 10240, 96, 98
2026/07/29 09:47:42.442, 0, NVIDIA GeForce RTX 3080, 5184, 4868, 10240, 96, 98
2026/07/29 09:47:42.554, 0, NVIDIA GeForce RTX 3080, 5184, 4868, 10240, 96, 98
2026/07/29 09:47:42.666, 0, NVIDIA GeForce RTX 3080, 5184, 4868, 10240, 96, 98
2026/07/29 09:47:42.778, 0, NVIDIA GeForce RTX 3080, 5184, 4868, 10240, 96, 98
2026/07/29 09:47:42.890, 0, NVIDIA GeForce RTX 3080, 5184, 4868, 10240, 96, 97
2026/07/29 09:47:43.002, 0, NVIDIA GeForce RTX 3080, 5184, 4868, 10240, 96, 97
2026/07/29 09:47:43.114, 0, NVIDIA GeForce RTX 3080, 5184, 4868, 10240, 96, 97
2026/07/29 09:47:43.226, 0, NVIDIA GeForce RTX 3080, 5184, 4868, 10240, 96, 97
2026/07/29 09:47:43.337, 0, NVIDIA GeForce RTX 3080, 5184, 4868, 10240, 96, 97
2026/07/29 09:47:43.449, 0, NVIDIA GeForce RTX 3080, 5184, 4868, 10240, 96, 97
2026/07/29 09:47:43.561, 0, NVIDIA GeForce RTX 3080, 5184, 4868, 10240, 96, 97
2026/07/29 09:47:43.673, 0, NVIDIA GeForce RTX 3080, 5184, 4868, 10240, 96, 97
2026/07/29 09:47:43.785, 0, NVIDIA GeForce RTX 3080, 5184, 4868, 10240, 96, 97
2026/07/29 09:47:43.897, 0, NVIDIA GeForce RTX 3080, 5184, 4868, 10240, 96, 97
2026/07/29 09:47:44.009, 0, NVIDIA GeForce RTX 3080, 5184, 4868, 10240, 96, 97
2026/07/29 09:47:44.121, 0, NVIDIA GeForce RTX 3080, 5184, 4868, 10240, 96, 97
2026/07/29 09:47:44.233, 0, NVIDIA GeForce RTX 3080, 5184, 4868, 10240, 96, 97
2026/07/29 09:47:44.345, 0, NVIDIA GeForce RTX 3080, 5184, 4868, 10240, 96, 97
2026/07/29 09:47:44.457, 0, NVIDIA GeForce RTX 3080, 5184, 4868, 10240, 96, 97
2026/07/29 09:47:44.569, 0, NVIDIA GeForce RTX 3080, 5184, 4868, 10240, 96, 97
2026/07/29 09:47:44.682, 0, NVIDIA GeForce RTX 3080, 5184, 4868, 10240, 96, 97
2026/07/29 09:47:44.794, 0, NVIDIA GeForce RTX 3080, 5184, 4868, 10240, 96, 97
2026/07/29 09:47:44.906, 0, NVIDIA GeForce RTX 3080, 5184, 4868, 10240, 96, 98
2026/07/29 09:47:45.018, 0, NVIDIA GeForce RTX 3080, 5184, 4868, 10240, 96, 98
2026/07/29 09:47:45.126, 0, NVIDIA GeForce RTX 3080, 5184, 4868, 10240, 96, 98
2026/07/29 09:47:45.239, 0, NVIDIA GeForce RTX 3080, 5184, 4868, 10240, 96, 98
2026/07/29 09:47:45.351, 0, NVIDIA GeForce RTX 3080, 5184, 4868, 10240, 96, 98
2026/07/29 09:47:45.463, 0, NVIDIA GeForce RTX 3080, 5184, 4868, 10240, 96, 97
2026/07/29 09:47:45.575, 0, NVIDIA GeForce RTX 3080, 5184, 4868, 10240, 96, 97
2026/07/29 09:47:45.687, 0, NVIDIA GeForce RTX 3080, 5184, 4868, 10240, 96, 97
2026/07/29 09:47:45.799, 0, NVIDIA GeForce RTX 3080, 5184, 4868, 10240, 96, 97
2026/07/29 09:47:45.910, 0, NVIDIA GeForce RTX 3080, 5184, 4868, 10240, 96, 97
2026/07/29 09:47:46.022, 0, NVIDIA GeForce RTX 3080, 5184, 4868, 10240, 96, 97
2026/07/29 09:47:46.134, 0, NVIDIA GeForce RTX 3080, 5184, 4868, 10240, 96, 97
2026/07/29 09:47:46.246, 0, NVIDIA GeForce RTX 3080, 5184, 4868, 10240, 96, 97
2026/07/29 09:47:46.358, 0, NVIDIA GeForce RTX 3080, 5184, 4868, 10240, 96, 97
2026/07/29 09:47:46.470, 0, NVIDIA GeForce RTX 3080, 5184, 4868, 10240, 96, 97
2026/07/29 09:47:46.582, 0, NVIDIA GeForce RTX 3080, 5184, 4868, 10240, 96, 97
2026/07/29 09:47:46.694, 0, NVIDIA GeForce RTX 3080, 5184, 4868, 10240, 96, 97
2026/07/29 09:47:46.805, 0, NVIDIA GeForce RTX 3080, 5184, 4868, 10240, 96, 97
2026/07/29 09:47:46.917, 0, NVIDIA GeForce RTX 3080, 5184, 4868, 10240, 96, 97
2026/07/29 09:47:47.029, 0, NVIDIA GeForce RTX 3080, 5184, 4868, 10240, 96, 97
2026/07/29 09:47:47.141, 0, NVIDIA GeForce RTX 3080, 5184, 4868, 10240, 96, 97
2026/07/29 09:47:47.253, 0, NVIDIA GeForce RTX 3080, 5184, 4868, 10240, 96, 97
2026/07/29 09:47:47.365, 0, NVIDIA GeForce RTX 3080, 5184, 4868, 10240, 96, 97
2026/07/29 09:47:47.478, 0, NVIDIA GeForce RTX 3080, 5184, 4868, 10240, 96, 97
2026/07/29 09:47:47.589, 0, NVIDIA GeForce RTX 3080, 5184, 4868, 10240, 96, 97
2026/07/29 09:47:47.701, 0, NVIDIA GeForce RTX 3080, 5184, 4868, 10240, 96, 97
2026/07/29 09:47:47.813, 0, NVIDIA GeForce RTX 3080, 5184, 4868, 10240, 96, 97
2026/07/29 09:47:47.925, 0, NVIDIA GeForce RTX 3080, 5184, 4868, 10240, 96, 98
2026/07/29 09:47:48.037, 0, NVIDIA GeForce RTX 3080, 5184, 4868, 10240, 96, 98
2026/07/29 09:47:48.149, 0, NVIDIA GeForce RTX 3080, 5184, 4868, 10240, 96, 98
2026/07/29 09:47:48.261, 0, NVIDIA GeForce RTX 3080, 5184, 4868, 10240, 96, 98
2026/07/29 09:47:48.373, 0, NVIDIA GeForce RTX 3080, 5184, 4868, 10240, 96, 98
2026/07/29 09:47:48.485, 0, NVIDIA GeForce RTX 3080, 5184, 4868, 10240, 96, 98
2026/07/29 09:47:48.597, 0, NVIDIA GeForce RTX 3080, 5184, 4868, 10240, 96, 98
2026/07/29 09:47:48.709, 0, NVIDIA GeForce RTX 3080, 5184, 4868, 10240, 96, 98
2026/07/29 09:47:48.820, 0, NVIDIA GeForce RTX 3080, 5184, 4868, 10240, 96, 98
2026/07/29 09:47:48.931, 0, NVIDIA GeForce RTX 3080, 5184, 4868, 10240, 96, 97
2026/07/29 09:47:49.043, 0, NVIDIA GeForce RTX 3080, 5184, 4868, 10240, 96, 97
2026/07/29 09:47:49.155, 0, NVIDIA GeForce RTX 3080, 5184, 4868, 10240, 96, 97
2026/07/29 09:47:49.267, 0, NVIDIA GeForce RTX 3080, 5184, 4868, 10240, 96, 97
2026/07/29 09:47:49.379, 0, NVIDIA GeForce RTX 3080, 5184, 4868, 10240, 96, 97
2026/07/29 09:47:49.491, 0, NVIDIA GeForce RTX 3080, 5184, 4868, 10240, 93, 95
2026/07/29 09:47:49.603, 0, NVIDIA GeForce RTX 3080, 5184, 4868, 10240, 93, 95
2026/07/29 09:47:49.715, 0, NVIDIA GeForce RTX 3080, 5184, 4868, 10240, 93, 95
2026/07/29 09:47:49.827, 0, NVIDIA GeForce RTX 3080, 5184, 4868, 10240, 93, 95
2026/07/29 09:47:49.939, 0, NVIDIA GeForce RTX 3080, 5184, 4868, 10240, 96, 97
2026/07/29 09:47:50.051, 0, NVIDIA GeForce RTX 3080, 5184, 4868, 10240, 96, 97
2026/07/29 09:47:50.163, 0, NVIDIA GeForce RTX 3080, 5184, 4868, 10240, 96, 97
2026/07/29 09:47:50.275, 0, NVIDIA GeForce RTX 3080, 5184, 4868, 10240, 96, 97
2026/07/29 09:47:50.386, 0, NVIDIA GeForce RTX 3080, 5184, 4868, 10240, 96, 97
2026/07/29 09:47:50.498, 0, NVIDIA GeForce RTX 3080, 5184, 4868, 10240, 96, 97
2026/07/29 09:47:50.610, 0, NVIDIA GeForce RTX 3080, 5184, 4868, 10240, 96, 97
2026/07/29 09:47:50.722, 0, NVIDIA GeForce RTX 3080, 5184, 4868, 10240, 96, 97
2026/07/29 09:47:50.834, 0, NVIDIA GeForce RTX 3080, 5184, 4868, 10240, 96, 97
2026/07/29 09:47:50.945, 0, NVIDIA GeForce RTX 3080, 5184, 4868, 10240, 96, 97
2026/07/29 09:47:51.055, 0, NVIDIA GeForce RTX 3080, 5184, 4868, 10240, 96, 97
2026/07/29 09:47:51.165, 0, NVIDIA GeForce RTX 3080, 5184, 4868, 10240, 96, 97
2026/07/29 09:47:51.273, 0, NVIDIA GeForce RTX 3080, 5184, 4868, 10240, 96, 97
2026/07/29 09:47:51.383, 0, NVIDIA GeForce RTX 3080, 5184, 4868, 10240, 96, 97
2026/07/29 09:47:51.491, 0, NVIDIA GeForce RTX 3080, 5184, 4868, 10240, 96, 97
2026/07/29 09:47:51.600, 0, NVIDIA GeForce RTX 3080, 5184, 4868, 10240, 96, 97
2026/07/29 09:47:51.710, 0, NVIDIA GeForce RTX 3080, 5184, 4868, 10240, 96, 97
2026/07/29 09:47:51.819, 0, NVIDIA GeForce RTX 3080, 5184, 4868, 10240, 96, 97
2026/07/29 09:47:51.931, 0, NVIDIA GeForce RTX 3080, 5184, 4868, 10240, 96, 97
2026/07/29 09:47:52.042, 0, NVIDIA GeForce RTX 3080, 5184, 4868, 10240, 96, 97
2026/07/29 09:47:52.153, 0, NVIDIA GeForce RTX 3080, 5184, 4868, 10240, 96, 97
2026/07/29 09:47:52.264, 0, NVIDIA GeForce RTX 3080, 5184, 4868, 10240, 96, 97
2026/07/29 09:47:52.376, 0, NVIDIA GeForce RTX 3080, 5184, 4868, 10240, 96, 97
2026/07/29 09:47:52.488, 0, NVIDIA GeForce RTX 3080, 5184, 4868, 10240, 96, 97
2026/07/29 09:47:52.600, 0, NVIDIA GeForce RTX 3080, 5184, 4868, 10240, 96, 97
2026/07/29 09:47:52.712, 0, NVIDIA GeForce RTX 3080, 5184, 4868, 10240, 96, 97
2026/07/29 09:47:52.824, 0, NVIDIA GeForce RTX 3080, 5184, 4868, 10240, 96, 97
2026/07/29 09:47:52.936, 0, NVIDIA GeForce RTX 3080, 5184, 4868, 10240, 96, 98
2026/07/29 09:47:53.048, 0, NVIDIA GeForce RTX 3080, 5184, 4868, 10240, 96, 98
2026/07/29 09:47:53.157, 0, NVIDIA GeForce RTX 3080, 5184, 4868, 10240, 96, 98
2026/07/29 09:47:53.267, 0, NVIDIA GeForce RTX 3080, 5184, 4868, 10240, 96, 98
2026/07/29 09:47:53.375, 0, NVIDIA GeForce RTX 3080, 5184, 4868, 10240, 96, 98
2026/07/29 09:47:53.486, 0, NVIDIA GeForce RTX 3080, 5184, 4868, 10240, 96, 97
2026/07/29 09:47:53.598, 0, NVIDIA GeForce RTX 3080, 5184, 4868, 10240, 96, 97
2026/07/29 09:47:53.710, 0, NVIDIA GeForce RTX 3080, 5184, 4868, 10240, 96, 97
2026/07/29 09:47:53.821, 0, NVIDIA GeForce RTX 3080, 5184, 4868, 10240, 96, 97
2026/07/29 09:47:53.933, 0, NVIDIA GeForce RTX 3080, 5184, 4868, 10240, 96, 97
2026/07/29 09:47:54.045, 0, NVIDIA GeForce RTX 3080, 5184, 4868, 10240, 96, 97
2026/07/29 09:47:54.156, 0, NVIDIA GeForce RTX 3080, 5184, 4868, 10240, 96, 97
2026/07/29 09:47:54.268, 0, NVIDIA GeForce RTX 3080, 5184, 4868, 10240, 96, 97
2026/07/29 09:47:54.380, 0, NVIDIA GeForce RTX 3080, 5184, 4868, 10240, 96, 97
2026/07/29 09:47:54.492, 0, NVIDIA GeForce RTX 3080, 5184, 4868, 10240, 96, 97
2026/07/29 09:47:54.603, 0, NVIDIA GeForce RTX 3080, 5184, 4868, 10240, 96, 97
2026/07/29 09:47:54.715, 0, NVIDIA GeForce RTX 3080, 5184, 4868, 10240, 96, 97
2026/07/29 09:47:54.827, 0, NVIDIA GeForce RTX 3080, 5184, 4868, 10240, 96, 97
2026/07/29 09:47:54.939, 0, NVIDIA GeForce RTX 3080, 5184, 4868, 10240, 96, 97
2026/07/29 09:47:55.051, 0, NVIDIA GeForce RTX 3080, 5184, 4868, 10240, 96, 97
2026/07/29 09:47:55.162, 0, NVIDIA GeForce RTX 3080, 5184, 4868, 10240, 96, 97
2026/07/29 09:47:55.273, 0, NVIDIA GeForce RTX 3080, 5184, 4868, 10240, 96, 97
2026/07/29 09:47:55.385, 0, NVIDIA GeForce RTX 3080, 5184, 4868, 10240, 96, 98
2026/07/29 09:47:55.497, 0, NVIDIA GeForce RTX 3080, 5184, 4868, 10240, 96, 98
2026/07/29 09:47:55.609, 0, NVIDIA GeForce RTX 3080, 5184, 4868, 10240, 96, 98
2026/07/29 09:47:55.722, 0, NVIDIA GeForce RTX 3080, 5184, 4868, 10240, 96, 98
2026/07/29 09:47:55.834, 0, NVIDIA GeForce RTX 3080, 5184, 4868, 10240, 96, 98
2026/07/29 09:47:55.946, 0, NVIDIA GeForce RTX 3080, 5184, 4868, 10240, 96, 98
2026/07/29 09:47:56.058, 0, NVIDIA GeForce RTX 3080, 5184, 4868, 10240, 96, 98
2026/07/29 09:47:56.170, 0, NVIDIA GeForce RTX 3080, 5184, 4868, 10240, 96, 98
2026/07/29 09:47:56.282, 0, NVIDIA GeForce RTX 3080, 5184, 4868, 10240, 96, 98
2026/07/29 09:47:56.394, 0, NVIDIA GeForce RTX 3080, 5184, 4868, 10240, 96, 97
2026/07/29 09:47:56.505, 0, NVIDIA GeForce RTX 3080, 5184, 4868, 10240, 96, 97
2026/07/29 09:47:56.617, 0, NVIDIA GeForce RTX 3080, 5184, 4868, 10240, 96, 97
2026/07/29 09:47:56.729, 0, NVIDIA GeForce RTX 3080, 5184, 4868, 10240, 96, 97
2026/07/29 09:47:56.838, 0, NVIDIA GeForce RTX 3080, 5184, 4868, 10240, 96, 97
2026/07/29 09:47:56.950, 0, NVIDIA GeForce RTX 3080, 5184, 4868, 10240, 96, 97
2026/07/29 09:47:57.062, 0, NVIDIA GeForce RTX 3080, 5184, 4868, 10240, 96, 97
2026/07/29 09:47:57.174, 0, NVIDIA GeForce RTX 3080, 5184, 4868, 10240, 96, 97
2026/07/29 09:47:57.286, 0, NVIDIA GeForce RTX 3080, 5184, 4868, 10240, 96, 97
2026/07/29 09:47:57.398, 0, NVIDIA GeForce RTX 3080, 5184, 4868, 10240, 94, 96
2026/07/29 09:47:57.510, 0, NVIDIA GeForce RTX 3080, 5184, 4868, 10240, 94, 96
2026/07/29 09:47:57.622, 0, NVIDIA GeForce RTX 3080, 5184, 4868, 10240, 94, 96
2026/07/29 09:47:57.734, 0, NVIDIA GeForce RTX 3080, 5184, 4868, 10240, 94, 96
2026/07/29 09:47:57.846, 0, NVIDIA GeForce RTX 3080, 5184, 4868, 10240, 94, 96
2026/07/29 09:47:57.958, 0, NVIDIA GeForce RTX 3080, 5184, 4868, 10240, 95, 97
2026/07/29 09:47:58.069, 0, NVIDIA GeForce RTX 3080, 5184, 4868, 10240, 95, 97
2026/07/29 09:47:58.179, 0, NVIDIA GeForce RTX 3080, 5184, 4868, 10240, 95, 97
2026/07/29 09:47:58.287, 0, NVIDIA GeForce RTX 3080, 5184, 4868, 10240, 95, 97
2026/07/29 09:47:58.396, 0, NVIDIA GeForce RTX 3080, 5184, 4868, 10240, 96, 98
2026/07/29 09:47:58.507, 0, NVIDIA GeForce RTX 3080, 5184, 4868, 10240, 96, 98
2026/07/29 09:47:58.619, 0, NVIDIA GeForce RTX 3080, 5184, 4868, 10240, 96, 98
2026/07/29 09:47:58.731, 0, NVIDIA GeForce RTX 3080, 5184, 4868, 10240, 96, 98
2026/07/29 09:47:58.843, 0, NVIDIA GeForce RTX 3080, 5184, 4868, 10240, 96, 98
2026/07/29 09:47:58.955, 0, NVIDIA GeForce RTX 3080, 5184, 4868, 10240, 93, 95
2026/07/29 09:47:59.067, 0, NVIDIA GeForce RTX 3080, 5184, 4868, 10240, 93, 95
2026/07/29 09:47:59.179, 0, NVIDIA GeForce RTX 3080, 5184, 4868, 10240, 93, 95
2026/07/29 09:47:59.289, 0, NVIDIA GeForce RTX 3080, 5184, 4868, 10240, 93, 95
2026/07/29 09:47:59.400, 0, NVIDIA GeForce RTX 3080, 5184, 4868, 10240, 96, 97
2026/07/29 09:47:59.512, 0, NVIDIA GeForce RTX 3080, 5184, 4868, 10240, 96, 97
2026/07/29 09:47:59.624, 0, NVIDIA GeForce RTX 3080, 5184, 4868, 10240, 96, 97
2026/07/29 09:47:59.735, 0, NVIDIA GeForce RTX 3080, 5184, 4868, 10240, 96, 97
2026/07/29 09:47:59.847, 0, NVIDIA GeForce RTX 3080, 5184, 4868, 10240, 96, 97
2026/07/29 09:47:59.958, 0, NVIDIA GeForce RTX 3080, 5184, 4868, 10240, 96, 98
2026/07/29 09:48:00.069, 0, NVIDIA GeForce RTX 3080, 5184, 4868, 10240, 96, 98
2026/07/29 09:48:00.180, 0, NVIDIA GeForce RTX 3080, 5184, 4868, 10240, 96, 98
2026/07/29 09:48:00.292, 0, NVIDIA GeForce RTX 3080, 5184, 4868, 10240, 96, 98
2026/07/29 09:48:00.404, 0, NVIDIA GeForce RTX 3080, 5184, 4868, 10240, 96, 98
2026/07/29 09:48:00.516, 0, NVIDIA GeForce RTX 3080, 5184, 4868, 10240, 96, 98
2026/07/29 09:48:00.628, 0, NVIDIA GeForce RTX 3080, 5184, 4868, 10240, 96, 98
2026/07/29 09:48:00.740, 0, NVIDIA GeForce RTX 3080, 5184, 4868, 10240, 96, 98
2026/07/29 09:48:00.852, 0, NVIDIA GeForce RTX 3080, 5184, 4868, 10240, 96, 98
2026/07/29 09:48:00.964, 0, NVIDIA GeForce RTX 3080, 5184, 4868, 10240, 96, 97
2026/07/29 09:48:01.075, 0, NVIDIA GeForce RTX 3080, 5184, 4868, 10240, 96, 97
2026/07/29 09:48:01.188, 0, NVIDIA GeForce RTX 3080, 5184, 4868, 10240, 96, 97
2026/07/29 09:48:01.300, 0, NVIDIA GeForce RTX 3080, 5184, 4868, 10240, 96, 97
2026/07/29 09:48:01.412, 0, NVIDIA GeForce RTX 3080, 5184, 4868, 10240, 96, 97
2026/07/29 09:48:01.524, 0, NVIDIA GeForce RTX 3080, 5184, 4868, 10240, 96, 97
2026/07/29 09:48:01.635, 0, NVIDIA GeForce RTX 3080, 5184, 4868, 10240, 96, 97
2026/07/29 09:48:01.747, 0, NVIDIA GeForce RTX 3080, 5184, 4868, 10240, 96, 97
2026/07/29 09:48:01.859, 0, NVIDIA GeForce RTX 3080, 5184, 4868, 10240, 96, 97
2026/07/29 09:48:01.971, 0, NVIDIA GeForce RTX 3080, 5184, 4868, 10240, 96, 98
2026/07/29 09:48:02.083, 0, NVIDIA GeForce RTX 3080, 5184, 4868, 10240, 96, 98
2026/07/29 09:48:02.194, 0, NVIDIA GeForce RTX 3080, 5184, 4868, 10240, 96, 98
2026/07/29 09:48:02.305, 0, NVIDIA GeForce RTX 3080, 5184, 4868, 10240, 96, 98
2026/07/29 09:48:02.417, 0, NVIDIA GeForce RTX 3080, 5184, 4868, 10240, 96, 97
2026/07/29 09:48:02.528, 0, NVIDIA GeForce RTX 3080, 5184, 4868, 10240, 96, 97
2026/07/29 09:48:02.640, 0, NVIDIA GeForce RTX 3080, 5184, 4868, 10240, 96, 97
2026/07/29 09:48:02.751, 0, NVIDIA GeForce RTX 3080, 5184, 4868, 10240, 96, 97
2026/07/29 09:48:02.862, 0, NVIDIA GeForce RTX 3080, 5184, 4868, 10240, 96, 97
2026/07/29 09:48:02.974, 0, NVIDIA GeForce RTX 3080, 5184, 4868, 10240, 96, 98
2026/07/29 09:48:03.085, 0, NVIDIA GeForce RTX 3080, 5184, 4868, 10240, 96, 98
2026/07/29 09:48:03.197, 0, NVIDIA GeForce RTX 3080, 5184, 4868, 10240, 96, 98
2026/07/29 09:48:03.309, 0, NVIDIA GeForce RTX 3080, 5184, 4868, 10240, 96, 98
2026/07/29 09:48:03.421, 0, NVIDIA GeForce RTX 3080, 5184, 4868, 10240, 96, 98
2026/07/29 09:48:03.533, 0, NVIDIA GeForce RTX 3080, 5184, 4868, 10240, 96, 98
2026/07/29 09:48:03.645, 0, NVIDIA GeForce RTX 3080, 5184, 4868, 10240, 96, 98
2026/07/29 09:48:03.756, 0, NVIDIA GeForce RTX 3080, 5184, 4868, 10240, 96, 98
2026/07/29 09:48:03.868, 0, NVIDIA GeForce RTX 3080, 5184, 4868, 10240, 96, 98
2026/07/29 09:48:03.980, 0, NVIDIA GeForce RTX 3080, 5184, 4868, 10240, 96, 97
2026/07/29 09:48:04.092, 0, NVIDIA GeForce RTX 3080, 5184, 4868, 10240, 96, 97
2026/07/29 09:48:04.204, 0, NVIDIA GeForce RTX 3080, 5184, 4868, 10240, 96, 97
2026/07/29 09:48:04.316, 0, NVIDIA GeForce RTX 3080, 5184, 4868, 10240, 96, 97
2026/07/29 09:48:04.428, 0, NVIDIA GeForce RTX 3080, 5184, 4868, 10240, 96, 98
2026/07/29 09:48:04.540, 0, NVIDIA GeForce RTX 3080, 5184, 4868, 10240, 96, 98
2026/07/29 09:48:04.652, 0, NVIDIA GeForce RTX 3080, 5184, 4868, 10240, 96, 98
2026/07/29 09:48:04.765, 0, NVIDIA GeForce RTX 3080, 5184, 4868, 10240, 96, 98
2026/07/29 09:48:04.877, 0, NVIDIA GeForce RTX 3080, 5184, 4868, 10240, 96, 98
2026/07/29 09:48:04.989, 0, NVIDIA GeForce RTX 3080, 5184, 4868, 10240, 96, 97
2026/07/29 09:48:05.101, 0, NVIDIA GeForce RTX 3080, 5184, 4868, 10240, 96, 97
2026/07/29 09:48:05.213, 0, NVIDIA GeForce RTX 3080, 5184, 4868, 10240, 96, 97
2026/07/29 09:48:05.325, 0, NVIDIA GeForce RTX 3080, 5184, 4868, 10240, 96, 97
2026/07/29 09:48:05.436, 0, NVIDIA GeForce RTX 3080, 5184, 4868, 10240, 96, 97
2026/07/29 09:48:05.548, 0, NVIDIA GeForce RTX 3080, 5184, 4868, 10240, 96, 97
2026/07/29 09:48:05.660, 0, NVIDIA GeForce RTX 3080, 5184, 4868, 10240, 96, 97
2026/07/29 09:48:05.772, 0, NVIDIA GeForce RTX 3080, 5184, 4868, 10240, 96, 97
2026/07/29 09:48:05.883, 0, NVIDIA GeForce RTX 3080, 5184, 4868, 10240, 96, 97
2026/07/29 09:48:05.995, 0, NVIDIA GeForce RTX 3080, 5184, 4868, 10240, 96, 97
2026/07/29 09:48:06.106, 0, NVIDIA GeForce RTX 3080, 5184, 4868, 10240, 96, 97
2026/07/29 09:48:06.215, 0, NVIDIA GeForce RTX 3080, 5184, 4868, 10240, 96, 97
2026/07/29 09:48:06.324, 0, NVIDIA GeForce RTX 3080, 5184, 4868, 10240, 96, 97
2026/07/29 09:48:06.433, 0, NVIDIA GeForce RTX 3080, 5184, 4868, 10240, 96, 97
2026/07/29 09:48:06.542, 0, NVIDIA GeForce RTX 3080, 5184, 4868, 10240, 96, 97
2026/07/29 09:48:06.651, 0, NVIDIA GeForce RTX 3080, 5184, 4868, 10240, 96, 97
2026/07/29 09:48:06.761, 0, NVIDIA GeForce RTX 3080, 5184, 4868, 10240, 96, 97
2026/07/29 09:48:06.873, 0, NVIDIA GeForce RTX 3080, 5184, 4868, 10240, 96, 97
2026/07/29 09:48:06.985, 0, NVIDIA GeForce RTX 3080, 5184, 4868, 10240, 93, 95
2026/07/29 09:48:07.096, 0, NVIDIA GeForce RTX 3080, 5184, 4868, 10240, 93, 95
2026/07/29 09:48:07.208, 0, NVIDIA GeForce RTX 3080, 5184, 4868, 10240, 93, 95
2026/07/29 09:48:07.320, 0, NVIDIA GeForce RTX 3080, 5184, 4868, 10240, 93, 95
2026/07/29 09:48:07.430, 0, NVIDIA GeForce RTX 3080, 5184, 4868, 10240, 96, 97
2026/07/29 09:48:07.542, 0, NVIDIA GeForce RTX 3080, 5184, 4868, 10240, 96, 97
2026/07/29 09:48:07.654, 0, NVIDIA GeForce RTX 3080, 5184, 4868, 10240, 96, 97
2026/07/29 09:48:07.766, 0, NVIDIA GeForce RTX 3080, 5184, 4868, 10240, 96, 97
2026/07/29 09:48:07.878, 0, NVIDIA GeForce RTX 3080, 5184, 4868, 10240, 96, 97
2026/07/29 09:48:07.990, 0, NVIDIA GeForce RTX 3080, 5184, 4868, 10240, 96, 97
2026/07/29 09:48:08.101, 0, NVIDIA GeForce RTX 3080, 5184, 4868, 10240, 96, 97
2026/07/29 09:48:08.213, 0, NVIDIA GeForce RTX 3080, 5184, 4868, 10240, 96, 97
2026/07/29 09:48:08.325, 0, NVIDIA GeForce RTX 3080, 5184, 4868, 10240, 96, 97
2026/07/29 09:48:08.437, 0, NVIDIA GeForce RTX 3080, 5184, 4868, 10240, 95, 97
2026/07/29 09:48:08.549, 0, NVIDIA GeForce RTX 3080, 5184, 4868, 10240, 95, 97
2026/07/29 09:48:08.661, 0, NVIDIA GeForce RTX 3080, 5184, 4868, 10240, 95, 97
2026/07/29 09:48:08.773, 0, NVIDIA GeForce RTX 3080, 5184, 4868, 10240, 95, 97
2026/07/29 09:48:08.886, 0, NVIDIA GeForce RTX 3080, 5184, 4868, 10240, 95, 97
2026/07/29 09:48:08.998, 0, NVIDIA GeForce RTX 3080, 5184, 4868, 10240, 96, 98
2026/07/29 09:48:09.110, 0, NVIDIA GeForce RTX 3080, 5184, 4868, 10240, 96, 98
2026/07/29 09:48:09.221, 0, NVIDIA GeForce RTX 3080, 5184, 4868, 10240, 96, 98
2026/07/29 09:48:09.333, 0, NVIDIA GeForce RTX 3080, 5184, 4868, 10240, 96, 98
2026/07/29 09:48:09.445, 0, NVIDIA GeForce RTX 3080, 5184, 4868, 10240, 96, 98
2026/07/29 09:48:09.557, 0, NVIDIA GeForce RTX 3080, 5184, 4868, 10240, 96, 98
2026/07/29 09:48:09.668, 0, NVIDIA GeForce RTX 3080, 5184, 4868, 10240, 96, 98
2026/07/29 09:48:09.779, 0, NVIDIA GeForce RTX 3080, 5184, 4868, 10240, 96, 98
2026/07/29 09:48:09.890, 0, NVIDIA GeForce RTX 3080, 5184, 4868, 10240, 96, 97
2026/07/29 09:48:10.001, 0, NVIDIA GeForce RTX 3080, 5184, 4868, 10240, 96, 97
2026/07/29 09:48:10.112, 0, NVIDIA GeForce RTX 3080, 5184, 4868, 10240, 96, 97
2026/07/29 09:48:10.223, 0, NVIDIA GeForce RTX 3080, 5184, 4868, 10240, 96, 97
2026/07/29 09:48:10.335, 0, NVIDIA GeForce RTX 3080, 5184, 4868, 10240, 96, 97
2026/07/29 09:48:10.447, 0, NVIDIA GeForce RTX 3080, 5184, 4868, 10240, 96, 98
2026/07/29 09:48:10.560, 0, NVIDIA GeForce RTX 3080, 5184, 4868, 10240, 96, 98
2026/07/29 09:48:10.672, 0, NVIDIA GeForce RTX 3080, 5184, 4868, 10240, 96, 98
2026/07/29 09:48:10.784, 0, NVIDIA GeForce RTX 3080, 5184, 4868, 10240, 96, 98
2026/07/29 09:48:10.896, 0, NVIDIA GeForce RTX 3080, 5184, 4868, 10240, 96, 97
2026/07/29 09:48:11.008, 0, NVIDIA GeForce RTX 3080, 5184, 4868, 10240, 96, 97
2026/07/29 09:48:11.119, 0, NVIDIA GeForce RTX 3080, 5184, 4868, 10240, 96, 97
2026/07/29 09:48:11.229, 0, NVIDIA GeForce RTX 3080, 5184, 4868, 10240, 96, 97
2026/07/29 09:48:11.337, 0, NVIDIA GeForce RTX 3080, 5184, 4868, 10240, 96, 97
2026/07/29 09:48:11.447, 0, NVIDIA GeForce RTX 3080, 5184, 4868, 10240, 96, 97
2026/07/29 09:48:11.555, 0, NVIDIA GeForce RTX 3080, 5184, 4868, 10240, 96, 97
2026/07/29 09:48:11.664, 0, NVIDIA GeForce RTX 3080, 5184, 4868, 10240, 96, 97
2026/07/29 09:48:11.774, 0, NVIDIA GeForce RTX 3080, 5184, 4868, 10240, 96, 97
2026/07/29 09:48:11.887, 0, NVIDIA GeForce RTX 3080, 5184, 4868, 10240, 96, 97
2026/07/29 09:48:11.997, 0, NVIDIA GeForce RTX 3080, 5184, 4868, 10240, 96, 97
2026/07/29 09:48:12.109, 0, NVIDIA GeForce RTX 3080, 5184, 4868, 10240, 96, 97
2026/07/29 09:48:12.221, 0, NVIDIA GeForce RTX 3080, 5184, 4868, 10240, 96, 97
2026/07/29 09:48:12.333, 0, NVIDIA GeForce RTX 3080, 5184, 4868, 10240, 96, 97
2026/07/29 09:48:12.445, 0, NVIDIA GeForce RTX 3080, 5184, 4868, 10240, 96, 97
2026/07/29 09:48:12.556, 0, NVIDIA GeForce RTX 3080, 5184, 4868, 10240, 96, 97
2026/07/29 09:48:12.667, 0, NVIDIA GeForce RTX 3080, 5184, 4868, 10240, 96, 97
2026/07/29 09:48:12.779, 0, NVIDIA GeForce RTX 3080, 5184, 4868, 10240, 96, 97
2026/07/29 09:48:12.891, 0, NVIDIA GeForce RTX 3080, 5184, 4868, 10240, 96, 97
2026/07/29 09:48:13.003, 0, NVIDIA GeForce RTX 3080, 5184, 4868, 10240, 96, 97
2026/07/29 09:48:13.114, 0, NVIDIA GeForce RTX 3080, 5184, 4868, 10240, 96, 97
2026/07/29 09:48:13.224, 0, NVIDIA GeForce RTX 3080, 5184, 4868, 10240, 96, 97
2026/07/29 09:48:13.333, 0, NVIDIA GeForce RTX 3080, 5184, 4868, 10240, 96, 97
2026/07/29 09:48:13.444, 0, NVIDIA GeForce RTX 3080, 5184, 4868, 10240, 96, 98
2026/07/29 09:48:13.555, 0, NVIDIA GeForce RTX 3080, 5184, 4868, 10240, 96, 98
2026/07/29 09:48:13.667, 0, NVIDIA GeForce RTX 3080, 5184, 4868, 10240, 96, 98
2026/07/29 09:48:13.778, 0, NVIDIA GeForce RTX 3080, 5184, 4868, 10240, 96, 98
2026/07/29 09:48:13.890, 0, NVIDIA GeForce RTX 3080, 5184, 4868, 10240, 96, 97
2026/07/29 09:48:14.002, 0, NVIDIA GeForce RTX 3080, 5184, 4868, 10240, 96, 97
2026/07/29 09:48:14.114, 0, NVIDIA GeForce RTX 3080, 5184, 4868, 10240, 96, 97
2026/07/29 09:48:14.225, 0, NVIDIA GeForce RTX 3080, 5184, 4868, 10240, 96, 97
2026/07/29 09:48:14.337, 0, NVIDIA GeForce RTX 3080, 5184, 4868, 10240, 96, 97
2026/07/29 09:48:14.449, 0, NVIDIA GeForce RTX 3080, 5184, 4868, 10240, 96, 97
2026/07/29 09:48:14.561, 0, NVIDIA GeForce RTX 3080, 5184, 4868, 10240, 96, 97
2026/07/29 09:48:14.673, 0, NVIDIA GeForce RTX 3080, 5184, 4868, 10240, 96, 97
2026/07/29 09:48:14.785, 0, NVIDIA GeForce RTX 3080, 5184, 4868, 10240, 96, 97
2026/07/29 09:48:14.897, 0, NVIDIA GeForce RTX 3080, 5184, 4868, 10240, 96, 97
2026/07/29 09:48:15.009, 0, NVIDIA GeForce RTX 3080, 5184, 4868, 10240, 96, 97
2026/07/29 09:48:15.121, 0, NVIDIA GeForce RTX 3080, 5184, 4868, 10240, 96, 97
2026/07/29 09:48:15.233, 0, NVIDIA GeForce RTX 3080, 5184, 4868, 10240, 96, 97
2026/07/29 09:48:15.345, 0, NVIDIA GeForce RTX 3080, 5184, 4868, 10240, 96, 97
2026/07/29 09:48:15.456, 0, NVIDIA GeForce RTX 3080, 5184, 4868, 10240, 96, 98
2026/07/29 09:48:15.568, 0, NVIDIA GeForce RTX 3080, 5184, 4868, 10240, 96, 98
2026/07/29 09:48:15.680, 0, NVIDIA GeForce RTX 3080, 5184, 4868, 10240, 96, 98
2026/07/29 09:48:15.792, 0, NVIDIA GeForce RTX 3080, 5184, 4868, 10240, 96, 98
2026/07/29 09:48:15.904, 0, NVIDIA GeForce RTX 3080, 5184, 4868, 10240, 95, 97
2026/07/29 09:48:16.016, 0, NVIDIA GeForce RTX 3080, 5184, 4868, 10240, 95, 97
2026/07/29 09:48:16.128, 0, NVIDIA GeForce RTX 3080, 5184, 4868, 10240, 95, 97
2026/07/29 09:48:16.240, 0, NVIDIA GeForce RTX 3080, 5184, 4868, 10240, 95, 97
2026/07/29 09:48:16.351, 0, NVIDIA GeForce RTX 3080, 5184, 4868, 10240, 95, 97
2026/07/29 09:48:16.462, 0, NVIDIA GeForce RTX 3080, 5184, 4868, 10240, 93, 95
2026/07/29 09:48:16.574, 0, NVIDIA GeForce RTX 3080, 5184, 4868, 10240, 93, 95
2026/07/29 09:48:16.686, 0, NVIDIA GeForce RTX 3080, 5184, 4868, 10240, 93, 95
2026/07/29 09:48:16.798, 0, NVIDIA GeForce RTX 3080, 5184, 4868, 10240, 93, 95
2026/07/29 09:48:16.910, 0, NVIDIA GeForce RTX 3080, 5184, 4868, 10240, 96, 97
2026/07/29 09:48:17.021, 0, NVIDIA GeForce RTX 3080, 5184, 4868, 10240, 96, 97
2026/07/29 09:48:17.133, 0, NVIDIA GeForce RTX 3080, 5184, 4868, 10240, 96, 97
2026/07/29 09:48:17.245, 0, NVIDIA GeForce RTX 3080, 5184, 4868, 10240, 96, 97
2026/07/29 09:48:17.356, 0, NVIDIA GeForce RTX 3080, 5184, 4868, 10240, 96, 97
2026/07/29 09:48:17.468, 0, NVIDIA GeForce RTX 3080, 5184, 4868, 10240, 96, 97
2026/07/29 09:48:17.580, 0, NVIDIA GeForce RTX 3080, 5184, 4868, 10240, 96, 97
2026/07/29 09:48:17.691, 0, NVIDIA GeForce RTX 3080, 5184, 4868, 10240, 96, 97
2026/07/29 09:48:17.803, 0, NVIDIA GeForce RTX 3080, 5184, 4868, 10240, 96, 97
2026/07/29 09:48:17.915, 0, NVIDIA GeForce RTX 3080, 5184, 4868, 10240, 96, 98
2026/07/29 09:48:18.027, 0, NVIDIA GeForce RTX 3080, 5184, 4868, 10240, 96, 98
2026/07/29 09:48:18.139, 0, NVIDIA GeForce RTX 3080, 5184, 4868, 10240, 96, 98
2026/07/29 09:48:18.248, 0, NVIDIA GeForce RTX 3080, 5184, 4868, 10240, 96, 98
2026/07/29 09:48:18.357, 0, NVIDIA GeForce RTX 3080, 5184, 4868, 10240, 96, 98
2026/07/29 09:48:18.469, 0, NVIDIA GeForce RTX 3080, 5184, 4868, 10240, 96, 98
2026/07/29 09:48:18.581, 0, NVIDIA GeForce RTX 3080, 5184, 4868, 10240, 96, 98
2026/07/29 09:48:18.693, 0, NVIDIA GeForce RTX 3080, 5184, 4868, 10240, 96, 98
2026/07/29 09:48:18.805, 0, NVIDIA GeForce RTX 3080, 5184, 4868, 10240, 96, 98
2026/07/29 09:48:18.917, 0, NVIDIA GeForce RTX 3080, 5184, 4868, 10240, 95, 97
2026/07/29 09:48:19.029, 0, NVIDIA GeForce RTX 3080, 5184, 4868, 10240, 95, 97
2026/07/29 09:48:19.141, 0, NVIDIA GeForce RTX 3080, 5184, 4868, 10240, 95, 97
2026/07/29 09:48:19.253, 0, NVIDIA GeForce RTX 3080, 5184, 4868, 10240, 95, 97
2026/07/29 09:48:19.365, 0, NVIDIA GeForce RTX 3080, 5184, 4868, 10240, 95, 97
2026/07/29 09:48:19.477, 0, NVIDIA GeForce RTX 3080, 5184, 4868, 10240, 96, 97
2026/07/29 09:48:19.590, 0, NVIDIA GeForce RTX 3080, 5184, 4868, 10240, 96, 97
2026/07/29 09:48:19.701, 0, NVIDIA GeForce RTX 3080, 5184, 4868, 10240, 96, 97
2026/07/29 09:48:19.813, 0, NVIDIA GeForce RTX 3080, 5184, 4868, 10240, 96, 97
2026/07/29 09:48:19.925, 0, NVIDIA GeForce RTX 3080, 5184, 4868, 10240, 95, 98
2026/07/29 09:48:20.037, 0, NVIDIA GeForce RTX 3080, 5184, 4868, 10240, 95, 98
2026/07/29 09:48:20.149, 0, NVIDIA GeForce RTX 3080, 5184, 4868, 10240, 95, 98
2026/07/29 09:48:20.261, 0, NVIDIA GeForce RTX 3080, 5184, 4868, 10240, 95, 98
2026/07/29 09:48:20.373, 0, NVIDIA GeForce RTX 3080, 5184, 4868, 10240, 95, 98
2026/07/29 09:48:20.485, 0, NVIDIA GeForce RTX 3080, 5184, 4868, 10240, 95, 97
2026/07/29 09:48:20.597, 0, NVIDIA GeForce RTX 3080, 5184, 4868, 10240, 95, 97
2026/07/29 09:48:20.709, 0, NVIDIA GeForce RTX 3080, 5184, 4868, 10240, 95, 97
2026/07/29 09:48:20.820, 0, NVIDIA GeForce RTX 3080, 5184, 4868, 10240, 95, 97
2026/07/29 09:48:20.932, 0, NVIDIA GeForce RTX 3080, 5184, 4868, 10240, 96, 97
2026/07/29 09:48:21.044, 0, NVIDIA GeForce RTX 3080, 5184, 4868, 10240, 96, 97
2026/07/29 09:48:21.156, 0, NVIDIA GeForce RTX 3080, 5184, 4868, 10240, 96, 97
2026/07/29 09:48:21.269, 0, NVIDIA GeForce RTX 3080, 5184, 4868, 10240, 96, 97
2026/07/29 09:48:21.381, 0, NVIDIA GeForce RTX 3080, 5184, 4868, 10240, 96, 97
2026/07/29 09:48:21.493, 0, NVIDIA GeForce RTX 3080, 5184, 4868, 10240, 96, 98
2026/07/29 09:48:21.605, 0, NVIDIA GeForce RTX 3080, 5184, 4868, 10240, 96, 98
2026/07/29 09:48:21.717, 0, NVIDIA GeForce RTX 3080, 5184, 4868, 10240, 96, 98
2026/07/29 09:48:21.828, 0, NVIDIA GeForce RTX 3080, 5184, 4868, 10240, 96, 98
2026/07/29 09:48:21.938, 0, NVIDIA GeForce RTX 3080, 5184, 4868, 10240, 95, 97
2026/07/29 09:48:22.050, 0, NVIDIA GeForce RTX 3080, 5184, 4868, 10240, 95, 97
2026/07/29 09:48:22.162, 0, NVIDIA GeForce RTX 3080, 5184, 4868, 10240, 95, 97
2026/07/29 09:48:22.274, 0, NVIDIA GeForce RTX 3080, 5184, 4868, 10240, 95, 97
2026/07/29 09:48:22.385, 0, NVIDIA GeForce RTX 3080, 5184, 4868, 10240, 95, 97
2026/07/29 09:48:22.497, 0, NVIDIA GeForce RTX 3080, 5184, 4868, 10240, 96, 97
2026/07/29 09:48:22.609, 0, NVIDIA GeForce RTX 3080, 5184, 4868, 10240, 96, 97
2026/07/29 09:48:22.721, 0, NVIDIA GeForce RTX 3080, 5184, 4868, 10240, 96, 97
2026/07/29 09:48:22.833, 0, NVIDIA GeForce RTX 3080, 5184, 4868, 10240, 96, 97
2026/07/29 09:48:22.945, 0, NVIDIA GeForce RTX 3080, 5184, 4868, 10240, 96, 98
2026/07/29 09:48:23.057, 0, NVIDIA GeForce RTX 3080, 5184, 4868, 10240, 96, 98
2026/07/29 09:48:23.169, 0, NVIDIA GeForce RTX 3080, 5184, 4868, 10240, 96, 98
2026/07/29 09:48:23.279, 0, NVIDIA GeForce RTX 3080, 5184, 4868, 10240, 96, 98
2026/07/29 09:48:23.391, 0, NVIDIA GeForce RTX 3080, 5184, 4868, 10240, 96, 97
2026/07/29 09:48:23.502, 0, NVIDIA GeForce RTX 3080, 5184, 4868, 10240, 96, 97
2026/07/29 09:48:23.614, 0, NVIDIA GeForce RTX 3080, 5184, 4868, 10240, 96, 97
2026/07/29 09:48:23.724, 0, NVIDIA GeForce RTX 3080, 5184, 4868, 10240, 96, 97
2026/07/29 09:48:23.835, 0, NVIDIA GeForce RTX 3080, 5184, 4868, 10240, 96, 97
2026/07/29 09:48:23.947, 0, NVIDIA GeForce RTX 3080, 5184, 4868, 10240, 96, 97
2026/07/29 09:48:24.059, 0, NVIDIA GeForce RTX 3080, 5184, 4868, 10240, 96, 97
2026/07/29 09:48:24.170, 0, NVIDIA GeForce RTX 3080, 5184, 4868, 10240, 96, 97
2026/07/29 09:48:24.279, 0, NVIDIA GeForce RTX 3080, 5184, 4868, 10240, 96, 97
2026/07/29 09:48:24.388, 0, NVIDIA GeForce RTX 3080, 5184, 4868, 10240, 96, 98
2026/07/29 09:48:24.496, 0, NVIDIA GeForce RTX 3080, 5184, 4868, 10240, 96, 98
2026/07/29 09:48:24.605, 0, NVIDIA GeForce RTX 3080, 5184, 4868, 10240, 96, 98
2026/07/29 09:48:24.715, 0, NVIDIA GeForce RTX 3080, 5184, 4868, 10240, 96, 98
2026/07/29 09:48:24.824, 0, NVIDIA GeForce RTX 3080, 5184, 4868, 10240, 96, 98
2026/07/29 09:48:24.933, 0, NVIDIA GeForce RTX 3080, 5184, 4868, 10240, 95, 97
2026/07/29 09:48:25.043, 0, NVIDIA GeForce RTX 3080, 5184, 4868, 10240, 95, 97
2026/07/29 09:48:25.154, 0, NVIDIA GeForce RTX 3080, 5184, 4868, 10240, 95, 97
2026/07/29 09:48:25.266, 0, NVIDIA GeForce RTX 3080, 5184, 4868, 10240, 95, 97
2026/07/29 09:48:25.379, 0, NVIDIA GeForce RTX 3080, 5184, 4868, 10240, 95, 97
2026/07/29 09:48:25.491, 0, NVIDIA GeForce RTX 3080, 5184, 4868, 10240, 95, 97
2026/07/29 09:48:25.603, 0, NVIDIA GeForce RTX 3080, 5184, 4868, 10240, 95, 97
2026/07/29 09:48:25.715, 0, NVIDIA GeForce RTX 3080, 5184, 4868, 10240, 95, 97
2026/07/29 09:48:25.825, 0, NVIDIA GeForce RTX 3080, 5184, 4868, 10240, 95, 97
2026/07/29 09:48:25.937, 0, NVIDIA GeForce RTX 3080, 5184, 4868, 10240, 93, 95
2026/07/29 09:48:26.049, 0, NVIDIA GeForce RTX 3080, 5184, 4868, 10240, 93, 95
2026/07/29 09:48:26.158, 0, NVIDIA GeForce RTX 3080, 5184, 4868, 10240, 93, 95
2026/07/29 09:48:26.268, 0, NVIDIA GeForce RTX 3080, 5184, 4868, 10240, 93, 95
2026/07/29 09:48:26.377, 0, NVIDIA GeForce RTX 3080, 5184, 4868, 10240, 93, 95
2026/07/29 09:48:26.484, 0, NVIDIA GeForce RTX 3080, 5184, 4868, 10240, 95, 97
2026/07/29 09:48:26.594, 0, NVIDIA GeForce RTX 3080, 5184, 4868, 10240, 95, 97
2026/07/29 09:48:26.703, 0, NVIDIA GeForce RTX 3080, 5184, 4868, 10240, 95, 97
2026/07/29 09:48:26.815, 0, NVIDIA GeForce RTX 3080, 5184, 4868, 10240, 95, 97
2026/07/29 09:48:26.926, 0, NVIDIA GeForce RTX 3080, 5184, 4868, 10240, 96, 98
2026/07/29 09:48:27.038, 0, NVIDIA GeForce RTX 3080, 5184, 4868, 10240, 96, 98
2026/07/29 09:48:27.150, 0, NVIDIA GeForce RTX 3080, 5184, 4868, 10240, 96, 98
2026/07/29 09:48:27.262, 0, NVIDIA GeForce RTX 3080, 5184, 4868, 10240, 96, 98
2026/07/29 09:48:27.374, 0, NVIDIA GeForce RTX 3080, 5184, 4868, 10240, 96, 98
2026/07/29 09:48:27.486, 0, NVIDIA GeForce RTX 3080, 5184, 4868, 10240, 96, 97
2026/07/29 09:48:27.598, 0, NVIDIA GeForce RTX 3080, 5184, 4868, 10240, 96, 97
2026/07/29 09:48:27.710, 0, NVIDIA GeForce RTX 3080, 5184, 4868, 10240, 96, 97
2026/07/29 09:48:27.821, 0, NVIDIA GeForce RTX 3080, 5184, 4868, 10240, 96, 97
2026/07/29 09:48:27.933, 0, NVIDIA GeForce RTX 3080, 5184, 4868, 10240, 96, 97
2026/07/29 09:48:28.045, 0, NVIDIA GeForce RTX 3080, 5184, 4868, 10240, 96, 97
2026/07/29 09:48:28.157, 0, NVIDIA GeForce RTX 3080, 5184, 4868, 10240, 96, 97
2026/07/29 09:48:28.269, 0, NVIDIA GeForce RTX 3080, 5184, 4868, 10240, 96, 97
2026/07/29 09:48:28.381, 0, NVIDIA GeForce RTX 3080, 5184, 4868, 10240, 96, 97
2026/07/29 09:48:28.493, 0, NVIDIA GeForce RTX 3080, 5184, 4868, 10240, 96, 97
2026/07/29 09:48:28.605, 0, NVIDIA GeForce RTX 3080, 5184, 4868, 10240, 96, 97
2026/07/29 09:48:28.717, 0, NVIDIA GeForce RTX 3080, 5184, 4868, 10240, 96, 97
2026/07/29 09:48:28.829, 0, NVIDIA GeForce RTX 3080, 5184, 4868, 10240, 96, 97
2026/07/29 09:48:28.941, 0, NVIDIA GeForce RTX 3080, 5184, 4868, 10240, 96, 97
2026/07/29 09:48:29.052, 0, NVIDIA GeForce RTX 3080, 5184, 4868, 10240, 96, 97
2026/07/29 09:48:29.164, 0, NVIDIA GeForce RTX 3080, 5184, 4868, 10240, 96, 97
2026/07/29 09:48:29.276, 0, NVIDIA GeForce RTX 3080, 5184, 4868, 10240, 96, 97
2026/07/29 09:48:29.386, 0, NVIDIA GeForce RTX 3080, 5184, 4868, 10240, 96, 97
2026/07/29 09:48:29.498, 0, NVIDIA GeForce RTX 3080, 5184, 4868, 10240, 96, 97
2026/07/29 09:48:29.610, 0, NVIDIA GeForce RTX 3080, 5184, 4868, 10240, 96, 97
2026/07/29 09:48:29.721, 0, NVIDIA GeForce RTX 3080, 5184, 4868, 10240, 96, 97
2026/07/29 09:48:29.832, 0, NVIDIA GeForce RTX 3080, 5184, 4868, 10240, 96, 97
2026/07/29 09:48:29.943, 0, NVIDIA GeForce RTX 3080, 5184, 4868, 10240, 96, 98
2026/07/29 09:48:30.055, 0, NVIDIA GeForce RTX 3080, 5184, 4868, 10240, 96, 98
2026/07/29 09:48:30.168, 0, NVIDIA GeForce RTX 3080, 5184, 4868, 10240, 96, 98
2026/07/29 09:48:30.280, 0, NVIDIA GeForce RTX 3080, 5184, 4868, 10240, 96, 98
2026/07/29 09:48:30.392, 0, NVIDIA GeForce RTX 3080, 5184, 4868, 10240, 96, 97
2026/07/29 09:48:30.504, 0, NVIDIA GeForce RTX 3080, 5184, 4868, 10240, 96, 97
2026/07/29 09:48:30.616, 0, NVIDIA GeForce RTX 3080, 5184, 4868, 10240, 96, 97
2026/07/29 09:48:30.728, 0, NVIDIA GeForce RTX 3080, 5184, 4868, 10240, 96, 97
2026/07/29 09:48:30.839, 0, NVIDIA GeForce RTX 3080, 5184, 4868, 10240, 96, 97
2026/07/29 09:48:30.951, 0, NVIDIA GeForce RTX 3080, 5184, 4868, 10240, 96, 97
2026/07/29 09:48:31.062, 0, NVIDIA GeForce RTX 3080, 5184, 4868, 10240, 96, 97
2026/07/29 09:48:31.172, 0, NVIDIA GeForce RTX 3080, 5184, 4868, 10240, 96, 97
2026/07/29 09:48:31.281, 0, NVIDIA GeForce RTX 3080, 5184, 4868, 10240, 96, 97
2026/07/29 09:48:31.390, 0, NVIDIA GeForce RTX 3080, 5184, 4868, 10240, 96, 97
2026/07/29 09:48:31.499, 0, NVIDIA GeForce RTX 3080, 5184, 4868, 10240, 96, 97
2026/07/29 09:48:31.608, 0, NVIDIA GeForce RTX 3080, 5184, 4868, 10240, 96, 97
2026/07/29 09:48:31.720, 0, NVIDIA GeForce RTX 3080, 5184, 4868, 10240, 96, 97
2026/07/29 09:48:31.832, 0, NVIDIA GeForce RTX 3080, 5184, 4868, 10240, 96, 97
2026/07/29 09:48:31.944, 0, NVIDIA GeForce RTX 3080, 5184, 4868, 10240, 96, 98
2026/07/29 09:48:32.056, 0, NVIDIA GeForce RTX 3080, 5184, 4868, 10240, 96, 98
2026/07/29 09:48:32.168, 0, NVIDIA GeForce RTX 3080, 5184, 4868, 10240, 96, 98
2026/07/29 09:48:32.280, 0, NVIDIA GeForce RTX 3080, 5184, 4868, 10240, 96, 98
2026/07/29 09:48:32.392, 0, NVIDIA GeForce RTX 3080, 5184, 4868, 10240, 96, 97
2026/07/29 09:48:32.504, 0, NVIDIA GeForce RTX 3080, 5184, 4868, 10240, 96, 97
2026/07/29 09:48:32.615, 0, NVIDIA GeForce RTX 3080, 5184, 4868, 10240, 96, 97
2026/07/29 09:48:32.727, 0, NVIDIA GeForce RTX 3080, 5184, 4868, 10240, 96, 97
2026/07/29 09:48:32.839, 0, NVIDIA GeForce RTX 3080, 5184, 4868, 10240, 96, 97
2026/07/29 09:48:32.951, 0, NVIDIA GeForce RTX 3080, 5184, 4868, 10240, 96, 98
2026/07/29 09:48:33.063, 0, NVIDIA GeForce RTX 3080, 5184, 4868, 10240, 96, 98
2026/07/29 09:48:33.173, 0, NVIDIA GeForce RTX 3080, 5184, 4868, 10240, 96, 98
2026/07/29 09:48:33.283, 0, NVIDIA GeForce RTX 3080, 5184, 4868, 10240, 96, 98
2026/07/29 09:48:33.393, 0, NVIDIA GeForce RTX 3080, 5184, 4868, 10240, 96, 97
2026/07/29 09:48:33.505, 0, NVIDIA GeForce RTX 3080, 5184, 4868, 10240, 96, 97
2026/07/29 09:48:33.617, 0, NVIDIA GeForce RTX 3080, 5184, 4868, 10240, 96, 97
2026/07/29 09:48:33.729, 0, NVIDIA GeForce RTX 3080, 5184, 4868, 10240, 96, 97
2026/07/29 09:48:33.841, 0, NVIDIA GeForce RTX 3080, 5184, 4868, 10240, 96, 97
2026/07/29 09:48:33.953, 0, NVIDIA GeForce RTX 3080, 5184, 4868, 10240, 91, 94
2026/07/29 09:48:34.065, 0, NVIDIA GeForce RTX 3080, 5184, 4868, 10240, 91, 94
2026/07/29 09:48:34.176, 0, NVIDIA GeForce RTX 3080, 5184, 4868, 10240, 91, 94
2026/07/29 09:48:34.288, 0, NVIDIA GeForce RTX 3080, 5184, 4868, 10240, 91, 94
2026/07/29 09:48:34.400, 0, NVIDIA GeForce RTX 3080, 5184, 4868, 10240, 96, 97
2026/07/29 09:48:34.512, 0, NVIDIA GeForce RTX 3080, 5184, 4868, 10240, 96, 97
2026/07/29 09:48:34.624, 0, NVIDIA GeForce RTX 3080, 5184, 4868, 10240, 96, 97
2026/07/29 09:48:34.736, 0, NVIDIA GeForce RTX 3080, 5184, 4868, 10240, 96, 97
2026/07/29 09:48:34.848, 0, NVIDIA GeForce RTX 3080, 5184, 4868, 10240, 96, 97
2026/07/29 09:48:34.960, 0, NVIDIA GeForce RTX 3080, 5184, 4868, 10240, 96, 97
2026/07/29 09:48:35.072, 0, NVIDIA GeForce RTX 3080, 5184, 4868, 10240, 96, 97
2026/07/29 09:48:35.184, 0, NVIDIA GeForce RTX 3080, 5184, 4868, 10240, 96, 97
2026/07/29 09:48:35.296, 0, NVIDIA GeForce RTX 3080, 5184, 4868, 10240, 96, 97
2026/07/29 09:48:35.408, 0, NVIDIA GeForce RTX 3080, 5184, 4868, 10240, 92, 95
2026/07/29 09:48:35.520, 0, NVIDIA GeForce RTX 3080, 5184, 4868, 10240, 92, 95
2026/07/29 09:48:35.631, 0, NVIDIA GeForce RTX 3080, 5184, 4868, 10240, 92, 95
2026/07/29 09:48:35.743, 0, NVIDIA GeForce RTX 3080, 5184, 4868, 10240, 92, 95
2026/07/29 09:48:35.855, 0, NVIDIA GeForce RTX 3080, 5184, 4868, 10240, 92, 95
2026/07/29 09:48:35.967, 0, NVIDIA GeForce RTX 3080, 5184, 4868, 10240, 96, 98
2026/07/29 09:48:36.079, 0, NVIDIA GeForce RTX 3080, 5184, 4868, 10240, 96, 98
2026/07/29 09:48:36.191, 0, NVIDIA GeForce RTX 3080, 5184, 4868, 10240, 96, 98
2026/07/29 09:48:36.303, 0, NVIDIA GeForce RTX 3080, 5184, 4868, 10240, 96, 98
2026/07/29 09:48:36.415, 0, NVIDIA GeForce RTX 3080, 5184, 4868, 10240, 96, 97
2026/07/29 09:48:36.526, 0, NVIDIA GeForce RTX 3080, 5184, 4868, 10240, 96, 97
2026/07/29 09:48:36.638, 0, NVIDIA GeForce RTX 3080, 5184, 4868, 10240, 96, 97
2026/07/29 09:48:36.750, 0, NVIDIA GeForce RTX 3080, 5184, 4868, 10240, 96, 97
2026/07/29 09:48:36.862, 0, NVIDIA GeForce RTX 3080, 5184, 4868, 10240, 96, 97
2026/07/29 09:48:36.973, 0, NVIDIA GeForce RTX 3080, 5184, 4868, 10240, 96, 97
2026/07/29 09:48:37.085, 0, NVIDIA GeForce RTX 3080, 5184, 4868, 10240, 96, 97
2026/07/29 09:48:37.197, 0, NVIDIA GeForce RTX 3080, 5184, 4868, 10240, 96, 97
2026/07/29 09:48:37.309, 0, NVIDIA GeForce RTX 3080, 5184, 4868, 10240, 96, 97
2026/07/29 09:48:37.421, 0, NVIDIA GeForce RTX 3080, 5184, 4868, 10240, 96, 98
2026/07/29 09:48:37.534, 0, NVIDIA GeForce RTX 3080, 5184, 4868, 10240, 96, 98
2026/07/29 09:48:37.646, 0, NVIDIA GeForce RTX 3080, 5184, 4868, 10240, 96, 98
2026/07/29 09:48:37.758, 0, NVIDIA GeForce RTX 3080, 5184, 4868, 10240, 96, 98
2026/07/29 09:48:37.870, 0, NVIDIA GeForce RTX 3080, 5184, 4868, 10240, 96, 98
2026/07/29 09:48:37.982, 0, NVIDIA GeForce RTX 3080, 5184, 4868, 10240, 96, 97
2026/07/29 09:48:38.094, 0, NVIDIA GeForce RTX 3080, 5184, 4868, 10240, 96, 97
2026/07/29 09:48:38.204, 0, NVIDIA GeForce RTX 3080, 5184, 4868, 10240, 96, 97
2026/07/29 09:48:38.314, 0, NVIDIA GeForce RTX 3080, 5184, 4868, 10240, 96, 97
2026/07/29 09:48:38.426, 0, NVIDIA GeForce RTX 3080, 5184, 4868, 10240, 96, 97
2026/07/29 09:48:38.538, 0, NVIDIA GeForce RTX 3080, 5184, 4868, 10240, 96, 97
2026/07/29 09:48:38.650, 0, NVIDIA GeForce RTX 3080, 5184, 4868, 10240, 96, 97
2026/07/29 09:48:38.761, 0, NVIDIA GeForce RTX 3080, 5184, 4868, 10240, 96, 97
2026/07/29 09:48:38.873, 0, NVIDIA GeForce RTX 3080, 5184, 4868, 10240, 96, 97
2026/07/29 09:48:38.984, 0, NVIDIA GeForce RTX 3080, 5184, 4868, 10240, 96, 98
2026/07/29 09:48:39.096, 0, NVIDIA GeForce RTX 3080, 5184, 4868, 10240, 96, 98
2026/07/29 09:48:39.207, 0, NVIDIA GeForce RTX 3080, 5184, 4868, 10240, 96, 98
2026/07/29 09:48:39.319, 0, NVIDIA GeForce RTX 3080, 5184, 4868, 10240, 96, 98
2026/07/29 09:48:39.430, 0, NVIDIA GeForce RTX 3080, 5184, 4868, 10240, 96, 97
2026/07/29 09:48:39.542, 0, NVIDIA GeForce RTX 3080, 5184, 4868, 10240, 96, 97
2026/07/29 09:48:39.652, 0, NVIDIA GeForce RTX 3080, 5184, 4868, 10240, 96, 97
2026/07/29 09:48:39.763, 0, NVIDIA GeForce RTX 3080, 5184, 4868, 10240, 96, 97
2026/07/29 09:48:39.874, 0, NVIDIA GeForce RTX 3080, 5184, 4868, 10240, 96, 97
2026/07/29 09:48:39.986, 0, NVIDIA GeForce RTX 3080, 5184, 4868, 10240, 96, 97
2026/07/29 09:48:40.098, 0, NVIDIA GeForce RTX 3080, 5184, 4868, 10240, 96, 97
2026/07/29 09:48:40.210, 0, NVIDIA GeForce RTX 3080, 5184, 4868, 10240, 96, 97
2026/07/29 09:48:40.322, 0, NVIDIA GeForce RTX 3080, 5184, 4868, 10240, 96, 97
2026/07/29 09:48:40.433, 0, NVIDIA GeForce RTX 3080, 5184, 4868, 10240, 96, 98
2026/07/29 09:48:40.545, 0, NVIDIA GeForce RTX 3080, 5184, 4868, 10240, 96, 98
2026/07/29 09:48:40.657, 0, NVIDIA GeForce RTX 3080, 5184, 4868, 10240, 96, 98
2026/07/29 09:48:40.769, 0, NVIDIA GeForce RTX 3080, 5184, 4868, 10240, 96, 98
2026/07/29 09:48:40.881, 0, NVIDIA GeForce RTX 3080, 5184, 4868, 10240, 96, 98
2026/07/29 09:48:40.993, 0, NVIDIA GeForce RTX 3080, 5184, 4868, 10240, 96, 97
2026/07/29 09:48:41.105, 0, NVIDIA GeForce RTX 3080, 5184, 4868, 10240, 96, 97
2026/07/29 09:48:41.217, 0, NVIDIA GeForce RTX 3080, 5184, 4868, 10240, 96, 97
2026/07/29 09:48:41.329, 0, NVIDIA GeForce RTX 3080, 5184, 4868, 10240, 96, 97
2026/07/29 09:48:41.441, 0, NVIDIA GeForce RTX 3080, 5184, 4868, 10240, 96, 97
2026/07/29 09:48:41.553, 0, NVIDIA GeForce RTX 3080, 5184, 4868, 10240, 96, 97
2026/07/29 09:48:41.665, 0, NVIDIA GeForce RTX 3080, 5184, 4868, 10240, 96, 97
2026/07/29 09:48:41.777, 0, NVIDIA GeForce RTX 3080, 5184, 4868, 10240, 96, 97
2026/07/29 09:48:41.889, 0, NVIDIA GeForce RTX 3080, 5184, 4868, 10240, 96, 98
2026/07/29 09:48:42.001, 0, NVIDIA GeForce RTX 3080, 5184, 4868, 10240, 96, 98
2026/07/29 09:48:42.112, 0, NVIDIA GeForce RTX 3080, 5184, 4868, 10240, 96, 98
2026/07/29 09:48:42.224, 0, NVIDIA GeForce RTX 3080, 5184, 4868, 10240, 96, 98
2026/07/29 09:48:42.337, 0, NVIDIA GeForce RTX 3080, 5184, 4868, 10240, 96, 98
2026/07/29 09:48:42.448, 0, NVIDIA GeForce RTX 3080, 5184, 4868, 10240, 96, 97
2026/07/29 09:48:42.560, 0, NVIDIA GeForce RTX 3080, 5184, 4868, 10240, 96, 97
2026/07/29 09:48:42.672, 0, NVIDIA GeForce RTX 3080, 5184, 4868, 10240, 96, 97
2026/07/29 09:48:42.784, 0, NVIDIA GeForce RTX 3080, 5184, 4868, 10240, 96, 97
2026/07/29 09:48:42.896, 0, NVIDIA GeForce RTX 3080, 5184, 4868, 10240, 96, 97
2026/07/29 09:48:43.008, 0, NVIDIA GeForce RTX 3080, 5184, 4868, 10240, 96, 97
2026/07/29 09:48:43.120, 0, NVIDIA GeForce RTX 3080, 5184, 4868, 10240, 96, 97
2026/07/29 09:48:43.231, 0, NVIDIA GeForce RTX 3080, 5184, 4868, 10240, 96, 97
2026/07/29 09:48:43.343, 0, NVIDIA GeForce RTX 3080, 5184, 4868, 10240, 96, 97
2026/07/29 09:48:43.455, 0, NVIDIA GeForce RTX 3080, 5184, 4868, 10240, 92, 95
2026/07/29 09:48:43.567, 0, NVIDIA GeForce RTX 3080, 5184, 4868, 10240, 92, 95
2026/07/29 09:48:43.679, 0, NVIDIA GeForce RTX 3080, 5184, 4868, 10240, 92, 95
2026/07/29 09:48:43.791, 0, NVIDIA GeForce RTX 3080, 5184, 4868, 10240, 92, 95
2026/07/29 09:48:43.903, 0, NVIDIA GeForce RTX 3080, 5184, 4868, 10240, 96, 97
2026/07/29 09:48:44.015, 0, NVIDIA GeForce RTX 3080, 5184, 4868, 10240, 96, 97
2026/07/29 09:48:44.127, 0, NVIDIA GeForce RTX 3080, 5184, 4868, 10240, 96, 97
2026/07/29 09:48:44.237, 0, NVIDIA GeForce RTX 3080, 5184, 4868, 10240, 96, 97
2026/07/29 09:48:44.345, 0, NVIDIA GeForce RTX 3080, 5184, 4868, 10240, 96, 97
2026/07/29 09:48:44.454, 0, NVIDIA GeForce RTX 3080, 5184, 4868, 10240, 96, 97
2026/07/29 09:48:44.563, 0, NVIDIA GeForce RTX 3080, 5184, 4868, 10240, 96, 97
2026/07/29 09:48:44.672, 0, NVIDIA GeForce RTX 3080, 5184, 4868, 10240, 96, 97
2026/07/29 09:48:44.781, 0, NVIDIA GeForce RTX 3080, 5184, 4868, 10240, 96, 97
2026/07/29 09:48:44.890, 0, NVIDIA GeForce RTX 3080, 5184, 4868, 10240, 96, 97
2026/07/29 09:48:45.000, 0, NVIDIA GeForce RTX 3080, 5184, 4868, 10240, 96, 97
2026/07/29 09:48:45.112, 0, NVIDIA GeForce RTX 3080, 5184, 4868, 10240, 96, 97
2026/07/29 09:48:45.224, 0, NVIDIA GeForce RTX 3080, 5184, 4868, 10240, 96, 97
2026/07/29 09:48:45.336, 0, NVIDIA GeForce RTX 3080, 5184, 4868, 10240, 96, 97
2026/07/29 09:48:45.448, 0, NVIDIA GeForce RTX 3080, 5184, 4868, 10240, 96, 97
2026/07/29 09:48:45.560, 0, NVIDIA GeForce RTX 3080, 5184, 4868, 10240, 96, 97
2026/07/29 09:48:45.672, 0, NVIDIA GeForce RTX 3080, 5184, 4868, 10240, 96, 97
2026/07/29 09:48:45.784, 0, NVIDIA GeForce RTX 3080, 5184, 4868, 10240, 96, 97
2026/07/29 09:48:45.896, 0, NVIDIA GeForce RTX 3080, 5184, 4868, 10240, 96, 97
2026/07/29 09:48:46.008, 0, NVIDIA GeForce RTX 3080, 5184, 4868, 10240, 96, 97
2026/07/29 09:48:46.120, 0, NVIDIA GeForce RTX 3080, 5184, 4868, 10240, 96, 97
2026/07/29 09:48:46.228, 0, NVIDIA GeForce RTX 3080, 5184, 4868, 10240, 96, 97
2026/07/29 09:48:46.338, 0, NVIDIA GeForce RTX 3080, 5184, 4868, 10240, 96, 97
2026/07/29 09:48:46.446, 0, NVIDIA GeForce RTX 3080, 5184, 4868, 10240, 96, 98
2026/07/29 09:48:46.556, 0, NVIDIA GeForce RTX 3080, 5184, 4868, 10240, 96, 98
2026/07/29 09:48:46.666, 0, NVIDIA GeForce RTX 3080, 5184, 4868, 10240, 96, 98
2026/07/29 09:48:46.777, 0, NVIDIA GeForce RTX 3080, 5184, 4868, 10240, 96, 98
2026/07/29 09:48:46.889, 0, NVIDIA GeForce RTX 3080, 5184, 4868, 10240, 96, 98
2026/07/29 09:48:47.001, 0, NVIDIA GeForce RTX 3080, 5184, 4868, 10240, 96, 97
2026/07/29 09:48:47.112, 0, NVIDIA GeForce RTX 3080, 5184, 4868, 10240, 96, 97
2026/07/29 09:48:47.223, 0, NVIDIA GeForce RTX 3080, 5184, 4868, 10240, 96, 97
2026/07/29 09:48:47.334, 0, NVIDIA GeForce RTX 3080, 5184, 4868, 10240, 96, 97
2026/07/29 09:48:47.446, 0, NVIDIA GeForce RTX 3080, 5184, 4868, 10240, 96, 97
2026/07/29 09:48:47.558, 0, NVIDIA GeForce RTX 3080, 5184, 4868, 10240, 96, 97
2026/07/29 09:48:47.670, 0, NVIDIA GeForce RTX 3080, 5184, 4868, 10240, 96, 97
2026/07/29 09:48:47.782, 0, NVIDIA GeForce RTX 3080, 5184, 4868, 10240, 96, 97
2026/07/29 09:48:47.894, 0, NVIDIA GeForce RTX 3080, 5184, 4868, 10240, 96, 98
2026/07/29 09:48:48.006, 0, NVIDIA GeForce RTX 3080, 5184, 4868, 10240, 96, 98
2026/07/29 09:48:48.117, 0, NVIDIA GeForce RTX 3080, 5184, 4868, 10240, 96, 98
2026/07/29 09:48:48.229, 0, NVIDIA GeForce RTX 3080, 5184, 4868, 10240, 96, 98
2026/07/29 09:48:48.341, 0, NVIDIA GeForce RTX 3080, 5184, 4868, 10240, 96, 98
2026/07/29 09:48:48.453, 0, NVIDIA GeForce RTX 3080, 5184, 4868, 10240, 96, 97
2026/07/29 09:48:48.565, 0, NVIDIA GeForce RTX 3080, 5184, 4868, 10240, 96, 97
2026/07/29 09:48:48.676, 0, NVIDIA GeForce RTX 3080, 5184, 4868, 10240, 96, 97
2026/07/29 09:48:48.788, 0, NVIDIA GeForce RTX 3080, 5184, 4868, 10240, 96, 97
2026/07/29 09:48:48.898, 0, NVIDIA GeForce RTX 3080, 5184, 4868, 10240, 96, 97
2026/07/29 09:48:49.010, 0, NVIDIA GeForce RTX 3080, 5184, 4868, 10240, 96, 97
2026/07/29 09:48:49.122, 0, NVIDIA GeForce RTX 3080, 5184, 4868, 10240, 96, 97
2026/07/29 09:48:49.233, 0, NVIDIA GeForce RTX 3080, 5184, 4868, 10240, 96, 97
2026/07/29 09:48:49.344, 0, NVIDIA GeForce RTX 3080, 5184, 4868, 10240, 96, 97
2026/07/29 09:48:49.456, 0, NVIDIA GeForce RTX 3080, 5184, 4868, 10240, 96, 98
2026/07/29 09:48:49.568, 0, NVIDIA GeForce RTX 3080, 5184, 4868, 10240, 96, 98
2026/07/29 09:48:49.680, 0, NVIDIA GeForce RTX 3080, 5184, 4868, 10240, 96, 98
2026/07/29 09:48:49.792, 0, NVIDIA GeForce RTX 3080, 5184, 4868, 10240, 96, 98
2026/07/29 09:48:49.903, 0, NVIDIA GeForce RTX 3080, 5184, 4868, 10240, 96, 97
2026/07/29 09:48:50.015, 0, NVIDIA GeForce RTX 3080, 5184, 4868, 10240, 96, 97
2026/07/29 09:48:50.127, 0, NVIDIA GeForce RTX 3080, 5184, 4868, 10240, 96, 97
2026/07/29 09:48:50.239, 0, NVIDIA GeForce RTX 3080, 5184, 4868, 10240, 96, 97
2026/07/29 09:48:50.351, 0, NVIDIA GeForce RTX 3080, 5184, 4868, 10240, 96, 97
2026/07/29 09:48:50.462, 0, NVIDIA GeForce RTX 3080, 5184, 4868, 10240, 96, 97
2026/07/29 09:48:50.573, 0, NVIDIA GeForce RTX 3080, 5184, 4868, 10240, 96, 97
2026/07/29 09:48:50.685, 0, NVIDIA GeForce RTX 3080, 5184, 4868, 10240, 96, 97
2026/07/29 09:48:50.797, 0, NVIDIA GeForce RTX 3080, 5184, 4868, 10240, 96, 97
2026/07/29 09:48:50.909, 0, NVIDIA GeForce RTX 3080, 5184, 4868, 10240, 96, 97
2026/07/29 09:48:51.021, 0, NVIDIA GeForce RTX 3080, 5184, 4868, 10240, 96, 97
2026/07/29 09:48:51.133, 0, NVIDIA GeForce RTX 3080, 5184, 4868, 10240, 96, 97
2026/07/29 09:48:51.243, 0, NVIDIA GeForce RTX 3080, 5184, 4868, 10240, 96, 97
2026/07/29 09:48:51.352, 0, NVIDIA GeForce RTX 3080, 5184, 4868, 10240, 96, 97
2026/07/29 09:48:51.462, 0, NVIDIA GeForce RTX 3080, 5184, 4868, 10240, 96, 97
2026/07/29 09:48:51.571, 0, NVIDIA GeForce RTX 3080, 5184, 4868, 10240, 96, 97
2026/07/29 09:48:51.683, 0, NVIDIA GeForce RTX 3080, 5184, 4868, 10240, 96, 97
2026/07/29 09:48:51.795, 0, NVIDIA GeForce RTX 3080, 5184, 4868, 10240, 96, 97
2026/07/29 09:48:51.907, 0, NVIDIA GeForce RTX 3080, 5184, 4868, 10240, 96, 97
2026/07/29 09:48:52.019, 0, NVIDIA GeForce RTX 3080, 5184, 4868, 10240, 96, 97
2026/07/29 09:48:52.131, 0, NVIDIA GeForce RTX 3080, 5184, 4868, 10240, 96, 97
2026/07/29 09:48:52.243, 0, NVIDIA GeForce RTX 3080, 5184, 4868, 10240, 96, 97
2026/07/29 09:48:52.355, 0, NVIDIA GeForce RTX 3080, 5184, 4868, 10240, 96, 97
2026/07/29 09:48:52.466, 0, NVIDIA GeForce RTX 3080, 5184, 4868, 10240, 96, 97
2026/07/29 09:48:52.578, 0, NVIDIA GeForce RTX 3080, 5184, 4868, 10240, 96, 97
2026/07/29 09:48:52.690, 0, NVIDIA GeForce RTX 3080, 5184, 4868, 10240, 96, 97
2026/07/29 09:48:52.802, 0, NVIDIA GeForce RTX 3080, 5184, 4868, 10240, 96, 97
2026/07/29 09:48:52.914, 0, NVIDIA GeForce RTX 3080, 5184, 4868, 10240, 91, 94
2026/07/29 09:48:53.026, 0, NVIDIA GeForce RTX 3080, 5184, 4868, 10240, 91, 94
2026/07/29 09:48:53.137, 0, NVIDIA GeForce RTX 3080, 5184, 4868, 10240, 91, 94
2026/07/29 09:48:53.247, 0, NVIDIA GeForce RTX 3080, 5184, 4868, 10240, 91, 94
2026/07/29 09:48:53.358, 0, NVIDIA GeForce RTX 3080, 5184, 4868, 10240, 91, 94
2026/07/29 09:48:53.469, 0, NVIDIA GeForce RTX 3080, 5184, 4868, 10240, 96, 97
2026/07/29 09:48:53.580, 0, NVIDIA GeForce RTX 3080, 5184, 4868, 10240, 96, 97
2026/07/29 09:48:53.692, 0, NVIDIA GeForce RTX 3080, 5184, 4868, 10240, 96, 97
2026/07/29 09:48:53.804, 0, NVIDIA GeForce RTX 3080, 5184, 4868, 10240, 96, 97
2026/07/29 09:48:53.914, 0, NVIDIA GeForce RTX 3080, 5184, 4868, 10240, 96, 97
2026/07/29 09:48:54.025, 0, NVIDIA GeForce RTX 3080, 5184, 4868, 10240, 96, 97
2026/07/29 09:48:54.135, 0, NVIDIA GeForce RTX 3080, 5184, 4868, 10240, 96, 97
2026/07/29 09:48:54.247, 0, NVIDIA GeForce RTX 3080, 5184, 4868, 10240, 96, 97
2026/07/29 09:48:54.358, 0, NVIDIA GeForce RTX 3080, 5184, 4868, 10240, 96, 97
2026/07/29 09:48:54.470, 0, NVIDIA GeForce RTX 3080, 5184, 4868, 10240, 96, 97
2026/07/29 09:48:54.581, 0, NVIDIA GeForce RTX 3080, 5184, 4868, 10240, 96, 97
2026/07/29 09:48:54.693, 0, NVIDIA GeForce RTX 3080, 5184, 4868, 10240, 96, 97
2026/07/29 09:48:54.805, 0, NVIDIA GeForce RTX 3080, 5184, 4868, 10240, 96, 97
2026/07/29 09:48:54.917, 0, NVIDIA GeForce RTX 3080, 5184, 4868, 10240, 96, 97
2026/07/29 09:48:55.029, 0, NVIDIA GeForce RTX 3080, 5184, 4868, 10240, 96, 97
2026/07/29 09:48:55.141, 0, NVIDIA GeForce RTX 3080, 5184, 4868, 10240, 96, 97
2026/07/29 09:48:55.253, 0, NVIDIA GeForce RTX 3080, 5184, 4868, 10240, 96, 97
2026/07/29 09:48:55.365, 0, NVIDIA GeForce RTX 3080, 5184, 4868, 10240, 96, 97
2026/07/29 09:48:55.477, 0, NVIDIA GeForce RTX 3080, 5184, 4868, 10240, 96, 98
2026/07/29 09:48:55.589, 0, NVIDIA GeForce RTX 3080, 5184, 4868, 10240, 96, 98
2026/07/29 09:48:55.701, 0, NVIDIA GeForce RTX 3080, 5184, 4868, 10240, 96, 98
2026/07/29 09:48:55.813, 0, NVIDIA GeForce RTX 3080, 5184, 4868, 10240, 96, 98
2026/07/29 09:48:55.925, 0, NVIDIA GeForce RTX 3080, 5184, 4868, 10240, 96, 97
2026/07/29 09:48:56.036, 0, NVIDIA GeForce RTX 3080, 5184, 4868, 10240, 96, 97
2026/07/29 09:48:56.149, 0, NVIDIA GeForce RTX 3080, 5184, 4868, 10240, 96, 97
2026/07/29 09:48:56.261, 0, NVIDIA GeForce RTX 3080, 5184, 4868, 10240, 96, 97
2026/07/29 09:48:56.371, 0, NVIDIA GeForce RTX 3080, 5184, 4868, 10240, 96, 97
2026/07/29 09:48:56.483, 0, NVIDIA GeForce RTX 3080, 5184, 4868, 10240, 96, 97
2026/07/29 09:48:56.595, 0, NVIDIA GeForce RTX 3080, 5184, 4868, 10240, 96, 97
2026/07/29 09:48:56.706, 0, NVIDIA GeForce RTX 3080, 5184, 4868, 10240, 96, 97
2026/07/29 09:48:56.818, 0, NVIDIA GeForce RTX 3080, 5184, 4868, 10240, 96, 97
2026/07/29 09:48:56.930, 0, NVIDIA GeForce RTX 3080, 5184, 4868, 10240, 96, 98
2026/07/29 09:48:57.042, 0, NVIDIA GeForce RTX 3080, 5184, 4868, 10240, 96, 98
2026/07/29 09:48:57.154, 0, NVIDIA GeForce RTX 3080, 5184, 4868, 10240, 96, 98
2026/07/29 09:48:57.264, 0, NVIDIA GeForce RTX 3080, 5184, 4868, 10240, 96, 98
2026/07/29 09:48:57.376, 0, NVIDIA GeForce RTX 3080, 5184, 4868, 10240, 96, 98
2026/07/29 09:48:57.488, 0, NVIDIA GeForce RTX 3080, 5184, 4868, 10240, 96, 97
2026/07/29 09:48:57.599, 0, NVIDIA GeForce RTX 3080, 5184, 4868, 10240, 96, 97
2026/07/29 09:48:57.711, 0, NVIDIA GeForce RTX 3080, 5184, 4868, 10240, 96, 97
2026/07/29 09:48:57.821, 0, NVIDIA GeForce RTX 3080, 5184, 4868, 10240, 96, 97
2026/07/29 09:48:57.933, 0, NVIDIA GeForce RTX 3080, 5184, 4868, 10240, 96, 97
2026/07/29 09:48:58.044, 0, NVIDIA GeForce RTX 3080, 5184, 4868, 10240, 96, 97
2026/07/29 09:48:58.156, 0, NVIDIA GeForce RTX 3080, 5184, 4868, 10240, 96, 97
2026/07/29 09:48:58.267, 0, NVIDIA GeForce RTX 3080, 5184, 4868, 10240, 96, 97
2026/07/29 09:48:58.378, 0, NVIDIA GeForce RTX 3080, 5184, 4868, 10240, 96, 97
2026/07/29 09:48:58.490, 0, NVIDIA GeForce RTX 3080, 5184, 4868, 10240, 96, 98
2026/07/29 09:48:58.602, 0, NVIDIA GeForce RTX 3080, 5184, 4868, 10240, 96, 98
2026/07/29 09:48:58.714, 0, NVIDIA GeForce RTX 3080, 5184, 4868, 10240, 96, 98
2026/07/29 09:48:58.826, 0, NVIDIA GeForce RTX 3080, 5184, 4868, 10240, 96, 98
2026/07/29 09:48:58.937, 0, NVIDIA GeForce RTX 3080, 5184, 4868, 10240, 95, 97
2026/07/29 09:48:59.049, 0, NVIDIA GeForce RTX 3080, 5184, 4868, 10240, 95, 97
2026/07/29 09:48:59.161, 0, NVIDIA GeForce RTX 3080, 5184, 4868, 10240, 95, 97
2026/07/29 09:48:59.273, 0, NVIDIA GeForce RTX 3080, 5184, 4868, 10240, 95, 97
2026/07/29 09:48:59.385, 0, NVIDIA GeForce RTX 3080, 5184, 4868, 10240, 95, 97
2026/07/29 09:48:59.497, 0, NVIDIA GeForce RTX 3080, 5184, 4868, 10240, 96, 97
2026/07/29 09:48:59.608, 0, NVIDIA GeForce RTX 3080, 5184, 4868, 10240, 96, 97
2026/07/29 09:48:59.718, 0, NVIDIA GeForce RTX 3080, 5184, 4868, 10240, 96, 97
2026/07/29 09:48:59.829, 0, NVIDIA GeForce RTX 3080, 5184, 4868, 10240, 96, 97
2026/07/29 09:48:59.941, 0, NVIDIA GeForce RTX 3080, 5184, 4868, 10240, 96, 98
2026/07/29 09:49:00.052, 0, NVIDIA GeForce RTX 3080, 5184, 4868, 10240, 96, 98
2026/07/29 09:49:00.163, 0, NVIDIA GeForce RTX 3080, 5184, 4868, 10240, 96, 98
2026/07/29 09:49:00.275, 0, NVIDIA GeForce RTX 3080, 5184, 4868, 10240, 96, 98
2026/07/29 09:49:00.385, 0, NVIDIA GeForce RTX 3080, 5184, 4868, 10240, 96, 98
2026/07/29 09:49:00.496, 0, NVIDIA GeForce RTX 3080, 5184, 4868, 10240, 96, 97
2026/07/29 09:49:00.606, 0, NVIDIA GeForce RTX 3080, 5184, 4868, 10240, 96, 97
2026/07/29 09:49:00.717, 0, NVIDIA GeForce RTX 3080, 5184, 4868, 10240, 96, 97
2026/07/29 09:49:00.830, 0, NVIDIA GeForce RTX 3080, 5184, 4868, 10240, 96, 97
2026/07/29 09:49:00.942, 0, NVIDIA GeForce RTX 3080, 5184, 4868, 10240, 96, 98
2026/07/29 09:49:01.053, 0, NVIDIA GeForce RTX 3080, 5184, 4868, 10240, 96, 98
2026/07/29 09:49:01.165, 0, NVIDIA GeForce RTX 3080, 5184, 4868, 10240, 96, 98
2026/07/29 09:49:01.277, 0, NVIDIA GeForce RTX 3080, 5184, 4868, 10240, 96, 98
2026/07/29 09:49:01.386, 0, NVIDIA GeForce RTX 3080, 5184, 4868, 10240, 96, 98
2026/07/29 09:49:01.498, 0, NVIDIA GeForce RTX 3080, 5184, 4868, 10240, 96, 97
2026/07/29 09:49:01.610, 0, NVIDIA GeForce RTX 3080, 5184, 4868, 10240, 96, 97
2026/07/29 09:49:01.722, 0, NVIDIA GeForce RTX 3080, 5184, 4868, 10240, 96, 97
2026/07/29 09:49:01.834, 0, NVIDIA GeForce RTX 3080, 5184, 4868, 10240, 96, 97
2026/07/29 09:49:01.945, 0, NVIDIA GeForce RTX 3080, 5184, 4868, 10240, 96, 97
2026/07/29 09:49:02.057, 0, NVIDIA GeForce RTX 3080, 5184, 4868, 10240, 96, 97
2026/07/29 09:49:02.169, 0, NVIDIA GeForce RTX 3080, 5184, 4868, 10240, 96, 97
2026/07/29 09:49:02.281, 0, NVIDIA GeForce RTX 3080, 5184, 4868, 10240, 96, 97
2026/07/29 09:49:02.393, 0, NVIDIA GeForce RTX 3080, 5184, 4868, 10240, 92, 94
2026/07/29 09:49:02.505, 0, NVIDIA GeForce RTX 3080, 5184, 4868, 10240, 92, 94
2026/07/29 09:49:02.617, 0, NVIDIA GeForce RTX 3080, 5184, 4868, 10240, 92, 94
2026/07/29 09:49:02.729, 0, NVIDIA GeForce RTX 3080, 5184, 4868, 10240, 92, 94
2026/07/29 09:49:02.839, 0, NVIDIA GeForce RTX 3080, 5184, 4868, 10240, 92, 94
2026/07/29 09:49:02.951, 0, NVIDIA GeForce RTX 3080, 5184, 4868, 10240, 96, 98
2026/07/29 09:49:03.063, 0, NVIDIA GeForce RTX 3080, 5184, 4868, 10240, 96, 98
2026/07/29 09:49:03.174, 0, NVIDIA GeForce RTX 3080, 5184, 4868, 10240, 96, 98
2026/07/29 09:49:03.286, 0, NVIDIA GeForce RTX 3080, 5184, 4868, 10240, 96, 98
2026/07/29 09:49:03.398, 0, NVIDIA GeForce RTX 3080, 5184, 4868, 10240, 95, 97
2026/07/29 09:49:03.510, 0, NVIDIA GeForce RTX 3080, 5184, 4868, 10240, 95, 97
2026/07/29 09:49:03.622, 0, NVIDIA GeForce RTX 3080, 5184, 4868, 10240, 95, 97
2026/07/29 09:49:03.733, 0, NVIDIA GeForce RTX 3080, 5184, 4868, 10240, 95, 97
2026/07/29 09:49:03.845, 0, NVIDIA GeForce RTX 3080, 5184, 4868, 10240, 95, 97
2026/07/29 09:49:03.957, 0, NVIDIA GeForce RTX 3080, 5184, 4868, 10240, 96, 98
2026/07/29 09:49:04.069, 0, NVIDIA GeForce RTX 3080, 5184, 4868, 10240, 96, 98
2026/07/29 09:49:04.181, 0, NVIDIA GeForce RTX 3080, 5184, 4868, 10240, 96, 98
2026/07/29 09:49:04.290, 0, NVIDIA GeForce RTX 3080, 5184, 4868, 10240, 96, 98
2026/07/29 09:49:04.400, 0, NVIDIA GeForce RTX 3080, 5184, 4868, 10240, 96, 98
2026/07/29 09:49:04.508, 0, NVIDIA GeForce RTX 3080, 5184, 4868, 10240, 96, 98
2026/07/29 09:49:04.617, 0, NVIDIA GeForce RTX 3080, 5184, 4868, 10240, 96, 98
2026/07/29 09:49:04.726, 0, NVIDIA GeForce RTX 3080, 5184, 4868, 10240, 96, 98
2026/07/29 09:49:04.835, 0, NVIDIA GeForce RTX 3080, 5184, 4868, 10240, 96, 98
2026/07/29 09:49:04.947, 0, NVIDIA GeForce RTX 3080, 5184, 4868, 10240, 96, 97
2026/07/29 09:49:05.059, 0, NVIDIA GeForce RTX 3080, 5184, 4868, 10240, 96, 97
2026/07/29 09:49:05.171, 0, NVIDIA GeForce RTX 3080, 5184, 4868, 10240, 96, 97
2026/07/29 09:49:05.283, 0, NVIDIA GeForce RTX 3080, 5184, 4868, 10240, 96, 97
2026/07/29 09:49:05.394, 0, NVIDIA GeForce RTX 3080, 5184, 4868, 10240, 96, 98
2026/07/29 09:49:05.506, 0, NVIDIA GeForce RTX 3080, 5184, 4868, 10240, 96, 98
2026/07/29 09:49:05.617, 0, NVIDIA GeForce RTX 3080, 5184, 4868, 10240, 96, 98
2026/07/29 09:49:05.728, 0, NVIDIA GeForce RTX 3080, 5184, 4868, 10240, 96, 98
2026/07/29 09:49:05.839, 0, NVIDIA GeForce RTX 3080, 5184, 4868, 10240, 96, 98
2026/07/29 09:49:05.951, 0, NVIDIA GeForce RTX 3080, 5184, 4868, 10240, 96, 98
2026/07/29 09:49:06.063, 0, NVIDIA GeForce RTX 3080, 5184, 4868, 10240, 96, 98
2026/07/29 09:49:06.175, 0, NVIDIA GeForce RTX 3080, 5184, 4868, 10240, 96, 98
2026/07/29 09:49:06.285, 0, NVIDIA GeForce RTX 3080, 5184, 4868, 10240, 96, 98
2026/07/29 09:49:06.393, 0, NVIDIA GeForce RTX 3080, 5184, 4868, 10240, 96, 97
2026/07/29 09:49:06.503, 0, NVIDIA GeForce RTX 3080, 5184, 4868, 10240, 96, 97
2026/07/29 09:49:06.613, 0, NVIDIA GeForce RTX 3080, 5184, 4868, 10240, 96, 97
2026/07/29 09:49:06.725, 0, NVIDIA GeForce RTX 3080, 5184, 4868, 10240, 96, 97
2026/07/29 09:49:06.836, 0, NVIDIA GeForce RTX 3080, 5184, 4868, 10240, 96, 97
2026/07/29 09:49:06.949, 0, NVIDIA GeForce RTX 3080, 5184, 4868, 10240, 96, 98
2026/07/29 09:49:07.061, 0, NVIDIA GeForce RTX 3080, 5184, 4868, 10240, 96, 98
2026/07/29 09:49:07.173, 0, NVIDIA GeForce RTX 3080, 5184, 4868, 10240, 96, 98
2026/07/29 09:49:07.285, 0, NVIDIA GeForce RTX 3080, 5184, 4868, 10240, 96, 98
2026/07/29 09:49:07.397, 0, NVIDIA GeForce RTX 3080, 5184, 4868, 10240, 96, 98
2026/07/29 09:49:07.509, 0, NVIDIA GeForce RTX 3080, 5184, 4868, 10240, 96, 98
2026/07/29 09:49:07.621, 0, NVIDIA GeForce RTX 3080, 5184, 4868, 10240, 96, 98
2026/07/29 09:49:07.733, 0, NVIDIA GeForce RTX 3080, 5184, 4868, 10240, 96, 98
2026/07/29 09:49:07.845, 0, NVIDIA GeForce RTX 3080, 5184, 4868, 10240, 96, 98
2026/07/29 09:49:07.957, 0, NVIDIA GeForce RTX 3080, 5184, 4868, 10240, 96, 98
2026/07/29 09:49:08.067, 0, NVIDIA GeForce RTX 3080, 5184, 4868, 10240, 96, 98
2026/07/29 09:49:08.178, 0, NVIDIA GeForce RTX 3080, 5184, 4868, 10240, 96, 98
2026/07/29 09:49:08.290, 0, NVIDIA GeForce RTX 3080, 5184, 4868, 10240, 96, 98
2026/07/29 09:49:08.402, 0, NVIDIA GeForce RTX 3080, 5184, 4868, 10240, 96, 97
2026/07/29 09:49:08.514, 0, NVIDIA GeForce RTX 3080, 5184, 4868, 10240, 96, 97
2026/07/29 09:49:08.626, 0, NVIDIA GeForce RTX 3080, 5184, 4868, 10240, 96, 97
2026/07/29 09:49:08.738, 0, NVIDIA GeForce RTX 3080, 5184, 4868, 10240, 96, 97
2026/07/29 09:49:08.850, 0, NVIDIA GeForce RTX 3080, 5184, 4868, 10240, 96, 97
2026/07/29 09:49:08.962, 0, NVIDIA GeForce RTX 3080, 5184, 4868, 10240, 96, 97
2026/07/29 09:49:09.073, 0, NVIDIA GeForce RTX 3080, 5184, 4868, 10240, 96, 97
2026/07/29 09:49:09.185, 0, NVIDIA GeForce RTX 3080, 5184, 4868, 10240, 96, 97
2026/07/29 09:49:09.297, 0, NVIDIA GeForce RTX 3080, 5184, 4868, 10240, 96, 97
2026/07/29 09:49:09.409, 0, NVIDIA GeForce RTX 3080, 5184, 4868, 10240, 96, 97
2026/07/29 09:49:09.521, 0, NVIDIA GeForce RTX 3080, 5184, 4868, 10240, 96, 97
2026/07/29 09:49:09.633, 0, NVIDIA GeForce RTX 3080, 5184, 4868, 10240, 96, 97
2026/07/29 09:49:09.745, 0, NVIDIA GeForce RTX 3080, 5184, 4868, 10240, 96, 97
2026/07/29 09:49:09.857, 0, NVIDIA GeForce RTX 3080, 5184, 4868, 10240, 96, 97
2026/07/29 09:49:09.969, 0, NVIDIA GeForce RTX 3080, 5184, 4868, 10240, 96, 98
2026/07/29 09:49:10.081, 0, NVIDIA GeForce RTX 3080, 5184, 4868, 10240, 96, 98
2026/07/29 09:49:10.193, 0, NVIDIA GeForce RTX 3080, 5184, 4868, 10240, 96, 98
2026/07/29 09:49:10.305, 0, NVIDIA GeForce RTX 3080, 5184, 4868, 10240, 96, 98
2026/07/29 09:49:10.417, 0, NVIDIA GeForce RTX 3080, 5184, 4868, 10240, 93, 95
2026/07/29 09:49:10.529, 0, NVIDIA GeForce RTX 3080, 5184, 4868, 10240, 93, 95
2026/07/29 09:49:10.641, 0, NVIDIA GeForce RTX 3080, 5184, 4868, 10240, 93, 95
2026/07/29 09:49:10.753, 0, NVIDIA GeForce RTX 3080, 5184, 4868, 10240, 93, 95
2026/07/29 09:49:10.865, 0, NVIDIA GeForce RTX 3080, 5184, 4868, 10240, 93, 95
2026/07/29 09:49:10.977, 0, NVIDIA GeForce RTX 3080, 5184, 4868, 10240, 96, 97
2026/07/29 09:49:11.088, 0, NVIDIA GeForce RTX 3080, 5184, 4868, 10240, 96, 97
2026/07/29 09:49:11.200, 0, NVIDIA GeForce RTX 3080, 5184, 4868, 10240, 96, 97
2026/07/29 09:49:11.309, 0, NVIDIA GeForce RTX 3080, 5184, 4868, 10240, 96, 97
2026/07/29 09:49:11.419, 0, NVIDIA GeForce RTX 3080, 5184, 4868, 10240, 96, 98
2026/07/29 09:49:11.528, 0, NVIDIA GeForce RTX 3080, 5184, 4868, 10240, 96, 98
2026/07/29 09:49:11.639, 0, NVIDIA GeForce RTX 3080, 5184, 4868, 10240, 96, 98
2026/07/29 09:49:11.751, 0, NVIDIA GeForce RTX 3080, 5184, 4868, 10240, 96, 98
2026/07/29 09:49:11.863, 0, NVIDIA GeForce RTX 3080, 5184, 4868, 10240, 96, 98
2026/07/29 09:49:11.975, 0, NVIDIA GeForce RTX 3080, 5184, 4868, 10240, 96, 97
2026/07/29 09:49:12.087, 0, NVIDIA GeForce RTX 3080, 5184, 4868, 10240, 96, 97
2026/07/29 09:49:12.199, 0, NVIDIA GeForce RTX 3080, 5184, 4868, 10240, 96, 97
2026/07/29 09:49:12.310, 0, NVIDIA GeForce RTX 3080, 5184, 4868, 10240, 96, 97
2026/07/29 09:49:12.422, 0, NVIDIA GeForce RTX 3080, 5184, 4868, 10240, 96, 97
2026/07/29 09:49:12.534, 0, NVIDIA GeForce RTX 3080, 5184, 4868, 10240, 96, 97
2026/07/29 09:49:12.646, 0, NVIDIA GeForce RTX 3080, 5184, 4868, 10240, 96, 97
2026/07/29 09:49:12.758, 0, NVIDIA GeForce RTX 3080, 5184, 4868, 10240, 96, 97
2026/07/29 09:49:12.870, 0, NVIDIA GeForce RTX 3080, 5184, 4868, 10240, 96, 97
2026/07/29 09:49:12.982, 0, NVIDIA GeForce RTX 3080, 5184, 4868, 10240, 96, 98
2026/07/29 09:49:13.094, 0, NVIDIA GeForce RTX 3080, 5184, 4868, 10240, 96, 98
2026/07/29 09:49:13.206, 0, NVIDIA GeForce RTX 3080, 5184, 4868, 10240, 96, 98
2026/07/29 09:49:13.318, 0, NVIDIA GeForce RTX 3080, 5184, 4868, 10240, 96, 98
2026/07/29 09:49:13.430, 0, NVIDIA GeForce RTX 3080, 5184, 4868, 10240, 96, 97
2026/07/29 09:49:13.542, 0, NVIDIA GeForce RTX 3080, 5184, 4868, 10240, 96, 97
2026/07/29 09:49:13.654, 0, NVIDIA GeForce RTX 3080, 5184, 4868, 10240, 96, 97
2026/07/29 09:49:13.766, 0, NVIDIA GeForce RTX 3080, 5184, 4868, 10240, 96, 97
2026/07/29 09:49:13.878, 0, NVIDIA GeForce RTX 3080, 5184, 4868, 10240, 96, 97
2026/07/29 09:49:13.989, 0, NVIDIA GeForce RTX 3080, 5184, 4868, 10240, 96, 97
2026/07/29 09:49:14.100, 0, NVIDIA GeForce RTX 3080, 5184, 4868, 10240, 96, 97
2026/07/29 09:49:14.212, 0, NVIDIA GeForce RTX 3080, 5184, 4868, 10240, 96, 97
2026/07/29 09:49:14.324, 0, NVIDIA GeForce RTX 3080, 5184, 4868, 10240, 96, 97
2026/07/29 09:49:14.435, 0, NVIDIA GeForce RTX 3080, 5184, 4868, 10240, 96, 98
2026/07/29 09:49:14.546, 0, NVIDIA GeForce RTX 3080, 5184, 4868, 10240, 96, 98
2026/07/29 09:49:14.657, 0, NVIDIA GeForce RTX 3080, 5184, 4868, 10240, 96, 98
2026/07/29 09:49:14.769, 0, NVIDIA GeForce RTX 3080, 5184, 4868, 10240, 96, 98
2026/07/29 09:49:14.881, 0, NVIDIA GeForce RTX 3080, 5184, 4868, 10240, 96, 98
2026/07/29 09:49:14.993, 0, NVIDIA GeForce RTX 3080, 5184, 4868, 10240, 96, 98
2026/07/29 09:49:15.105, 0, NVIDIA GeForce RTX 3080, 5184, 4868, 10240, 96, 98
2026/07/29 09:49:15.217, 0, NVIDIA GeForce RTX 3080, 5184, 4868, 10240, 96, 98
2026/07/29 09:49:15.329, 0, NVIDIA GeForce RTX 3080, 5184, 4868, 10240, 96, 98
2026/07/29 09:49:15.441, 0, NVIDIA GeForce RTX 3080, 5184, 4868, 10240, 96, 97
2026/07/29 09:49:15.553, 0, NVIDIA GeForce RTX 3080, 5184, 4868, 10240, 96, 97
2026/07/29 09:49:15.665, 0, NVIDIA GeForce RTX 3080, 5184, 4868, 10240, 96, 97
2026/07/29 09:49:15.777, 0, NVIDIA GeForce RTX 3080, 5184, 4868, 10240, 96, 97
2026/07/29 09:49:15.888, 0, NVIDIA GeForce RTX 3080, 5184, 4868, 10240, 96, 97
2026/07/29 09:49:16.000, 0, NVIDIA GeForce RTX 3080, 5184, 4868, 10240, 96, 97
2026/07/29 09:49:16.112, 0, NVIDIA GeForce RTX 3080, 5184, 4868, 10240, 96, 97
2026/07/29 09:49:16.224, 0, NVIDIA GeForce RTX 3080, 5184, 4868, 10240, 96, 97
2026/07/29 09:49:16.336, 0, NVIDIA GeForce RTX 3080, 5184, 4868, 10240, 96, 97
2026/07/29 09:49:16.448, 0, NVIDIA GeForce RTX 3080, 5184, 4868, 10240, 96, 97
2026/07/29 09:49:16.560, 0, NVIDIA GeForce RTX 3080, 5184, 4868, 10240, 96, 97
2026/07/29 09:49:16.671, 0, NVIDIA GeForce RTX 3080, 5184, 4868, 10240, 96, 97
2026/07/29 09:49:16.783, 0, NVIDIA GeForce RTX 3080, 5184, 4868, 10240, 96, 97
2026/07/29 09:49:16.896, 0, NVIDIA GeForce RTX 3080, 5184, 4868, 10240, 96, 97
2026/07/29 09:49:17.007, 0, NVIDIA GeForce RTX 3080, 5184, 4868, 10240, 96, 97
2026/07/29 09:49:17.119, 0, NVIDIA GeForce RTX 3080, 5184, 4868, 10240, 96, 97
2026/07/29 09:49:17.230, 0, NVIDIA GeForce RTX 3080, 5184, 4868, 10240, 96, 97
2026/07/29 09:49:17.342, 0, NVIDIA GeForce RTX 3080, 5184, 4868, 10240, 96, 97
2026/07/29 09:49:17.454, 0, NVIDIA GeForce RTX 3080, 5184, 4868, 10240, 96, 98
2026/07/29 09:49:17.566, 0, NVIDIA GeForce RTX 3080, 5184, 4868, 10240, 96, 98
2026/07/29 09:49:17.677, 0, NVIDIA GeForce RTX 3080, 5184, 4868, 10240, 96, 98
2026/07/29 09:49:17.789, 0, NVIDIA GeForce RTX 3080, 5184, 4868, 10240, 96, 98
2026/07/29 09:49:17.901, 0, NVIDIA GeForce RTX 3080, 5184, 4868, 10240, 96, 97
2026/07/29 09:49:18.013, 0, NVIDIA GeForce RTX 3080, 5184, 4868, 10240, 96, 97
2026/07/29 09:49:18.124, 0, NVIDIA GeForce RTX 3080, 5184, 4868, 10240, 96, 97
2026/07/29 09:49:18.234, 0, NVIDIA GeForce RTX 3080, 5184, 4868, 10240, 96, 97
2026/07/29 09:49:18.346, 0, NVIDIA GeForce RTX 3080, 5184, 4868, 10240, 96, 97
2026/07/29 09:49:18.457, 0, NVIDIA GeForce RTX 3080, 5184, 4868, 10240, 95, 97
2026/07/29 09:49:18.569, 0, NVIDIA GeForce RTX 3080, 5184, 4868, 10240, 95, 97
2026/07/29 09:49:18.681, 0, NVIDIA GeForce RTX 3080, 5184, 4868, 10240, 95, 97
2026/07/29 09:49:18.793, 0, NVIDIA GeForce RTX 3080, 5184, 4868, 10240, 95, 97
2026/07/29 09:49:18.905, 0, NVIDIA GeForce RTX 3080, 5184, 4868, 10240, 96, 98
2026/07/29 09:49:19.017, 0, NVIDIA GeForce RTX 3080, 5184, 4868, 10240, 96, 98
2026/07/29 09:49:19.129, 0, NVIDIA GeForce RTX 3080, 5184, 4868, 10240, 96, 98
2026/07/29 09:49:19.240, 0, NVIDIA GeForce RTX 3080, 5184, 4868, 10240, 96, 98
2026/07/29 09:49:19.349, 0, NVIDIA GeForce RTX 3080, 5184, 4868, 10240, 96, 98
2026/07/29 09:49:19.459, 0, NVIDIA GeForce RTX 3080, 5184, 4868, 10240, 96, 97
2026/07/29 09:49:19.568, 0, NVIDIA GeForce RTX 3080, 5184, 4868, 10240, 96, 97
2026/07/29 09:49:19.676, 0, NVIDIA GeForce RTX 3080, 5184, 4868, 10240, 96, 97
2026/07/29 09:49:19.786, 0, NVIDIA GeForce RTX 3080, 5184, 4868, 10240, 96, 97
2026/07/29 09:49:19.896, 0, NVIDIA GeForce RTX 3080, 5184, 4868, 10240, 93, 95
2026/07/29 09:49:20.007, 0, NVIDIA GeForce RTX 3080, 5184, 4868, 10240, 93, 95
2026/07/29 09:49:20.119, 0, NVIDIA GeForce RTX 3080, 5184, 4868, 10240, 93, 95
2026/07/29 09:49:20.231, 0, NVIDIA GeForce RTX 3080, 5184, 4868, 10240, 93, 95
2026/07/29 09:49:20.342, 0, NVIDIA GeForce RTX 3080, 5184, 4868, 10240, 93, 95
2026/07/29 09:49:20.455, 0, NVIDIA GeForce RTX 3080, 5184, 4868, 10240, 96, 98
2026/07/29 09:49:20.567, 0, NVIDIA GeForce RTX 3080, 5184, 4868, 10240, 96, 98
2026/07/29 09:49:20.678, 0, NVIDIA GeForce RTX 3080, 5184, 4868, 10240, 96, 98
2026/07/29 09:49:20.790, 0, NVIDIA GeForce RTX 3080, 5184, 4868, 10240, 96, 98
2026/07/29 09:49:20.902, 0, NVIDIA GeForce RTX 3080, 5184, 4868, 10240, 96, 98
2026/07/29 09:49:21.014, 0, NVIDIA GeForce RTX 3080, 5184, 4868, 10240, 96, 98
2026/07/29 09:49:21.126, 0, NVIDIA GeForce RTX 3080, 5184, 4868, 10240, 96, 98
2026/07/29 09:49:21.237, 0, NVIDIA GeForce RTX 3080, 5184, 4868, 10240, 96, 98
2026/07/29 09:49:21.349, 0, NVIDIA GeForce RTX 3080, 5184, 4868, 10240, 96, 98
2026/07/29 09:49:21.461, 0, NVIDIA GeForce RTX 3080, 5184, 4868, 10240, 96, 97
2026/07/29 09:49:21.572, 0, NVIDIA GeForce RTX 3080, 5184, 4868, 10240, 96, 97
2026/07/29 09:49:21.682, 0, NVIDIA GeForce RTX 3080, 5184, 4868, 10240, 96, 97
2026/07/29 09:49:21.794, 0, NVIDIA GeForce RTX 3080, 5184, 4868, 10240, 96, 97
2026/07/29 09:49:21.905, 0, NVIDIA GeForce RTX 3080, 5184, 4868, 10240, 96, 97
2026/07/29 09:49:22.017, 0, NVIDIA GeForce RTX 3080, 5184, 4868, 10240, 96, 97
2026/07/29 09:49:22.129, 0, NVIDIA GeForce RTX 3080, 5184, 4868, 10240, 96, 97
2026/07/29 09:49:22.240, 0, NVIDIA GeForce RTX 3080, 5184, 4868, 10240, 96, 97
2026/07/29 09:49:22.352, 0, NVIDIA GeForce RTX 3080, 5184, 4868, 10240, 96, 97
2026/07/29 09:49:22.464, 0, NVIDIA GeForce RTX 3080, 5184, 4868, 10240, 96, 97
2026/07/29 09:49:22.576, 0, NVIDIA GeForce RTX 3080, 5184, 4868, 10240, 96, 97
2026/07/29 09:49:22.688, 0, NVIDIA GeForce RTX 3080, 5184, 4868, 10240, 96, 97
2026/07/29 09:49:22.800, 0, NVIDIA GeForce RTX 3080, 5184, 4868, 10240, 96, 97
2026/07/29 09:49:22.912, 0, NVIDIA GeForce RTX 3080, 5184, 4868, 10240, 96, 97
2026/07/29 09:49:23.024, 0, NVIDIA GeForce RTX 3080, 5184, 4868, 10240, 96, 97
2026/07/29 09:49:23.136, 0, NVIDIA GeForce RTX 3080, 5184, 4868, 10240, 96, 97
2026/07/29 09:49:23.248, 0, NVIDIA GeForce RTX 3080, 5184, 4868, 10240, 96, 97
2026/07/29 09:49:23.360, 0, NVIDIA GeForce RTX 3080, 5184, 4868, 10240, 96, 97
2026/07/29 09:49:23.472, 0, NVIDIA GeForce RTX 3080, 5184, 4868, 10240, 96, 97
2026/07/29 09:49:23.583, 0, NVIDIA GeForce RTX 3080, 5184, 4868, 10240, 96, 97
2026/07/29 09:49:23.695, 0, NVIDIA GeForce RTX 3080, 5184, 4868, 10240, 96, 97
2026/07/29 09:49:23.807, 0, NVIDIA GeForce RTX 3080, 5184, 4868, 10240, 96, 97
2026/07/29 09:49:23.919, 0, NVIDIA GeForce RTX 3080, 5184, 4868, 10240, 96, 98
2026/07/29 09:49:24.030, 0, NVIDIA GeForce RTX 3080, 5184, 4868, 10240, 96, 98
2026/07/29 09:49:24.142, 0, NVIDIA GeForce RTX 3080, 5184, 4868, 10240, 96, 98
2026/07/29 09:49:24.253, 0, NVIDIA GeForce RTX 3080, 5184, 4868, 10240, 96, 98
2026/07/29 09:49:24.362, 0, NVIDIA GeForce RTX 3080, 5184, 4868, 10240, 96, 98
2026/07/29 09:49:24.472, 0, NVIDIA GeForce RTX 3080, 5184, 4868, 10240, 95, 97
2026/07/29 09:49:24.581, 0, NVIDIA GeForce RTX 3080, 5184, 4868, 10240, 95, 97
2026/07/29 09:49:24.689, 0, NVIDIA GeForce RTX 3080, 5184, 4868, 10240, 95, 97
2026/07/29 09:49:24.799, 0, NVIDIA GeForce RTX 3080, 5184, 4868, 10240, 95, 97
2026/07/29 09:49:24.910, 0, NVIDIA GeForce RTX 3080, 5184, 4868, 10240, 96, 97
2026/07/29 09:49:25.021, 0, NVIDIA GeForce RTX 3080, 5184, 4868, 10240, 96, 97
2026/07/29 09:49:25.133, 0, NVIDIA GeForce RTX 3080, 5184, 4868, 10240, 96, 97
2026/07/29 09:49:25.245, 0, NVIDIA GeForce RTX 3080, 5184, 4868, 10240, 96, 97
2026/07/29 09:49:25.357, 0, NVIDIA GeForce RTX 3080, 5184, 4868, 10240, 96, 97
2026/07/29 09:49:25.469, 0, NVIDIA GeForce RTX 3080, 5184, 4868, 10240, 96, 98
2026/07/29 09:49:25.581, 0, NVIDIA GeForce RTX 3080, 5184, 4868, 10240, 96, 98
2026/07/29 09:49:25.693, 0, NVIDIA GeForce RTX 3080, 5184, 4868, 10240, 96, 98
2026/07/29 09:49:25.805, 0, NVIDIA GeForce RTX 3080, 5184, 4868, 10240, 96, 98
2026/07/29 09:49:25.917, 0, NVIDIA GeForce RTX 3080, 5184, 4868, 10240, 96, 97
2026/07/29 09:49:26.029, 0, NVIDIA GeForce RTX 3080, 5184, 4868, 10240, 96, 97
2026/07/29 09:49:26.140, 0, NVIDIA GeForce RTX 3080, 5184, 4868, 10240, 96, 97
2026/07/29 09:49:26.252, 0, NVIDIA GeForce RTX 3080, 5184, 4868, 10240, 96, 97
2026/07/29 09:49:26.361, 0, NVIDIA GeForce RTX 3080, 5184, 4868, 10240, 96, 97
2026/07/29 09:49:26.471, 0, NVIDIA GeForce RTX 3080, 5184, 4868, 10240, 96, 98
2026/07/29 09:49:26.582, 0, NVIDIA GeForce RTX 3080, 5184, 4868, 10240, 96, 98
2026/07/29 09:49:26.694, 0, NVIDIA GeForce RTX 3080, 5184, 4868, 10240, 96, 98
2026/07/29 09:49:26.806, 0, NVIDIA GeForce RTX 3080, 5184, 4868, 10240, 96, 98
2026/07/29 09:49:26.918, 0, NVIDIA GeForce RTX 3080, 5184, 4868, 10240, 96, 97
2026/07/29 09:49:27.030, 0, NVIDIA GeForce RTX 3080, 5184, 4868, 10240, 96, 97
2026/07/29 09:49:27.142, 0, NVIDIA GeForce RTX 3080, 5184, 4868, 10240, 96, 97
2026/07/29 09:49:27.254, 0, NVIDIA GeForce RTX 3080, 5184, 4868, 10240, 96, 97
2026/07/29 09:49:27.366, 0, NVIDIA GeForce RTX 3080, 5184, 4868, 10240, 96, 97
2026/07/29 09:49:27.478, 0, NVIDIA GeForce RTX 3080, 5184, 4868, 10240, 95, 97
2026/07/29 09:49:27.590, 0, NVIDIA GeForce RTX 3080, 5184, 4868, 10240, 95, 97
2026/07/29 09:49:27.702, 0, NVIDIA GeForce RTX 3080, 5184, 4868, 10240, 95, 97
2026/07/29 09:49:27.814, 0, NVIDIA GeForce RTX 3080, 5184, 4868, 10240, 95, 97
2026/07/29 09:49:27.926, 0, NVIDIA GeForce RTX 3080, 5184, 4868, 10240, 96, 98
2026/07/29 09:49:28.038, 0, NVIDIA GeForce RTX 3080, 5184, 4868, 10240, 96, 98
2026/07/29 09:49:28.151, 0, NVIDIA GeForce RTX 3080, 5184, 4868, 10240, 96, 98
2026/07/29 09:49:28.263, 0, NVIDIA GeForce RTX 3080, 5184, 4868, 10240, 96, 98
2026/07/29 09:49:28.375, 0, NVIDIA GeForce RTX 3080, 5184, 4868, 10240, 96, 98
2026/07/29 09:49:28.487, 0, NVIDIA GeForce RTX 3080, 5184, 4868, 10240, 96, 98
2026/07/29 09:49:28.599, 0, NVIDIA GeForce RTX 3080, 5184, 4868, 10240, 96, 98
2026/07/29 09:49:28.711, 0, NVIDIA GeForce RTX 3080, 5184, 4868, 10240, 96, 98
2026/07/29 09:49:28.823, 0, NVIDIA GeForce RTX 3080, 5184, 4868, 10240, 96, 98
2026/07/29 09:49:28.934, 0, NVIDIA GeForce RTX 3080, 5184, 4868, 10240, 96, 97
2026/07/29 09:49:29.046, 0, NVIDIA GeForce RTX 3080, 5184, 4868, 10240, 96, 97
2026/07/29 09:49:29.157, 0, NVIDIA GeForce RTX 3080, 5184, 4868, 10240, 96, 97
2026/07/29 09:49:29.269, 0, NVIDIA GeForce RTX 3080, 5184, 4868, 10240, 96, 97
2026/07/29 09:49:29.380, 0, NVIDIA GeForce RTX 3080, 5184, 4868, 10240, 96, 97
2026/07/29 09:49:29.492, 0, NVIDIA GeForce RTX 3080, 5184, 4868, 10240, 93, 95
2026/07/29 09:49:29.604, 0, NVIDIA GeForce RTX 3080, 5184, 4868, 10240, 93, 95
2026/07/29 09:49:29.716, 0, NVIDIA GeForce RTX 3080, 5184, 4868, 10240, 93, 95
2026/07/29 09:49:29.828, 0, NVIDIA GeForce RTX 3080, 5184, 4868, 10240, 93, 95
2026/07/29 09:49:29.940, 0, NVIDIA GeForce RTX 3080, 5184, 4868, 10240, 96, 97
2026/07/29 09:49:30.051, 0, NVIDIA GeForce RTX 3080, 5184, 4868, 10240, 96, 97
2026/07/29 09:49:30.163, 0, NVIDIA GeForce RTX 3080, 5184, 4868, 10240, 96, 97
2026/07/29 09:49:30.274, 0, NVIDIA GeForce RTX 3080, 5184, 4868, 10240, 96, 97
2026/07/29 09:49:30.384, 0, NVIDIA GeForce RTX 3080, 5184, 4868, 10240, 96, 97
2026/07/29 09:49:30.494, 0, NVIDIA GeForce RTX 3080, 5184, 4868, 10240, 95, 97
2026/07/29 09:49:30.605, 0, NVIDIA GeForce RTX 3080, 5184, 4868, 10240, 95, 97
2026/07/29 09:49:30.717, 0, NVIDIA GeForce RTX 3080, 5184, 4868, 10240, 95, 97
2026/07/29 09:49:30.828, 0, NVIDIA GeForce RTX 3080, 5184, 4868, 10240, 95, 97
2026/07/29 09:49:30.940, 0, NVIDIA GeForce RTX 3080, 5184, 4868, 10240, 96, 98
2026/07/29 09:49:31.051, 0, NVIDIA GeForce RTX 3080, 5184, 4868, 10240, 96, 98
2026/07/29 09:49:31.163, 0, NVIDIA GeForce RTX 3080, 5184, 4868, 10240, 96, 98
2026/07/29 09:49:31.273, 0, NVIDIA GeForce RTX 3080, 5184, 4868, 10240, 96, 98
2026/07/29 09:49:31.382, 0, NVIDIA GeForce RTX 3080, 5184, 4868, 10240, 96, 98
2026/07/29 09:49:31.492, 0, NVIDIA GeForce RTX 3080, 5184, 4868, 10240, 95, 98
2026/07/29 09:49:31.604, 0, NVIDIA GeForce RTX 3080, 5184, 4868, 10240, 95, 98
2026/07/29 09:49:31.716, 0, NVIDIA GeForce RTX 3080, 5184, 4868, 10240, 95, 98
2026/07/29 09:49:31.828, 0, NVIDIA GeForce RTX 3080, 5184, 4868, 10240, 95, 98
2026/07/29 09:49:31.940, 0, NVIDIA GeForce RTX 3080, 5184, 4868, 10240, 96, 97
2026/07/29 09:49:32.052, 0, NVIDIA GeForce RTX 3080, 5184, 4868, 10240, 96, 97
2026/07/29 09:49:32.164, 0, NVIDIA GeForce RTX 3080, 5184, 4868, 10240, 96, 97
2026/07/29 09:49:32.276, 0, NVIDIA GeForce RTX 3080, 5184, 4868, 10240, 96, 97
2026/07/29 09:49:32.389, 0, NVIDIA GeForce RTX 3080, 5184, 4868, 10240, 96, 97
2026/07/29 09:49:32.501, 0, NVIDIA GeForce RTX 3080, 5184, 4868, 10240, 96, 98
2026/07/29 09:49:32.613, 0, NVIDIA GeForce RTX 3080, 5184, 4868, 10240, 96, 98
2026/07/29 09:49:32.725, 0, NVIDIA GeForce RTX 3080, 5184, 4868, 10240, 96, 98
2026/07/29 09:49:32.837, 0, NVIDIA GeForce RTX 3080, 5184, 4868, 10240, 96, 98
2026/07/29 09:49:32.948, 0, NVIDIA GeForce RTX 3080, 5184, 4868, 10240, 96, 97
2026/07/29 09:49:33.060, 0, NVIDIA GeForce RTX 3080, 5184, 4868, 10240, 96, 97
2026/07/29 09:49:33.172, 0, NVIDIA GeForce RTX 3080, 5184, 4868, 10240, 96, 97
2026/07/29 09:49:33.283, 0, NVIDIA GeForce RTX 3080, 5184, 4868, 10240, 96, 97
2026/07/29 09:49:33.393, 0, NVIDIA GeForce RTX 3080, 5184, 4868, 10240, 95, 97
2026/07/29 09:49:33.505, 0, NVIDIA GeForce RTX 3080, 5184, 4868, 10240, 95, 97
2026/07/29 09:49:33.617, 0, NVIDIA GeForce RTX 3080, 5184, 4868, 10240, 95, 97
2026/07/29 09:49:33.729, 0, NVIDIA GeForce RTX 3080, 5184, 4868, 10240, 95, 97
2026/07/29 09:49:33.839, 0, NVIDIA GeForce RTX 3080, 5184, 4868, 10240, 95, 97
2026/07/29 09:49:33.951, 0, NVIDIA GeForce RTX 3080, 5184, 4868, 10240, 96, 98
2026/07/29 09:49:34.063, 0, NVIDIA GeForce RTX 3080, 5184, 4868, 10240, 96, 98
2026/07/29 09:49:34.175, 0, NVIDIA GeForce RTX 3080, 5184, 4868, 10240, 96, 98
2026/07/29 09:49:34.287, 0, NVIDIA GeForce RTX 3080, 5184, 4868, 10240, 96, 98
2026/07/29 09:49:34.399, 0, NVIDIA GeForce RTX 3080, 5184, 4868, 10240, 96, 97
2026/07/29 09:49:34.510, 0, NVIDIA GeForce RTX 3080, 5184, 4868, 10240, 96, 97
2026/07/29 09:49:34.621, 0, NVIDIA GeForce RTX 3080, 5184, 4868, 10240, 96, 97
2026/07/29 09:49:34.733, 0, NVIDIA GeForce RTX 3080, 5184, 4868, 10240, 96, 97
2026/07/29 09:49:34.844, 0, NVIDIA GeForce RTX 3080, 5184, 4868, 10240, 96, 97
2026/07/29 09:49:34.954, 0, NVIDIA GeForce RTX 3080, 5184, 4868, 10240, 96, 97
2026/07/29 09:49:35.066, 0, NVIDIA GeForce RTX 3080, 5184, 4868, 10240, 96, 97
2026/07/29 09:49:35.178, 0, NVIDIA GeForce RTX 3080, 5184, 4868, 10240, 96, 97
2026/07/29 09:49:35.290, 0, NVIDIA GeForce RTX 3080, 5184, 4868, 10240, 96, 97
2026/07/29 09:49:35.401, 0, NVIDIA GeForce RTX 3080, 5184, 4868, 10240, 96, 97
2026/07/29 09:49:35.513, 0, NVIDIA GeForce RTX 3080, 5184, 4868, 10240, 96, 97
2026/07/29 09:49:35.625, 0, NVIDIA GeForce RTX 3080, 5184, 4868, 10240, 96, 97
2026/07/29 09:49:35.736, 0, NVIDIA GeForce RTX 3080, 5184, 4868, 10240, 96, 97
2026/07/29 09:49:35.848, 0, NVIDIA GeForce RTX 3080, 5184, 4868, 10240, 96, 97
2026/07/29 09:49:35.960, 0, NVIDIA GeForce RTX 3080, 5184, 4868, 10240, 96, 97
2026/07/29 09:49:36.072, 0, NVIDIA GeForce RTX 3080, 5184, 4868, 10240, 96, 97
2026/07/29 09:49:36.184, 0, NVIDIA GeForce RTX 3080, 5184, 4868, 10240, 96, 97
2026/07/29 09:49:36.296, 0, NVIDIA GeForce RTX 3080, 5184, 4868, 10240, 96, 97
2026/07/29 09:49:36.407, 0, NVIDIA GeForce RTX 3080, 5184, 4868, 10240, 95, 97
2026/07/29 09:49:36.519, 0, NVIDIA GeForce RTX 3080, 5184, 4868, 10240, 95, 97
2026/07/29 09:49:36.631, 0, NVIDIA GeForce RTX 3080, 5184, 4868, 10240, 95, 97
2026/07/29 09:49:36.743, 0, NVIDIA GeForce RTX 3080, 5184, 4868, 10240, 95, 97
2026/07/29 09:49:36.854, 0, NVIDIA GeForce RTX 3080, 5184, 4868, 10240, 95, 97
2026/07/29 09:49:36.966, 0, NVIDIA GeForce RTX 3080, 5184, 4868, 10240, 96, 97
2026/07/29 09:49:37.078, 0, NVIDIA GeForce RTX 3080, 5184, 4868, 10240, 96, 97
2026/07/29 09:49:37.190, 0, NVIDIA GeForce RTX 3080, 5184, 4868, 10240, 96, 97
2026/07/29 09:49:37.301, 0, NVIDIA GeForce RTX 3080, 5184, 4868, 10240, 96, 97
2026/07/29 09:49:37.409, 0, NVIDIA GeForce RTX 3080, 5184, 4868, 10240, 96, 98
2026/07/29 09:49:37.519, 0, NVIDIA GeForce RTX 3080, 5184, 4868, 10240, 96, 98
2026/07/29 09:49:37.629, 0, NVIDIA GeForce RTX 3080, 5184, 4868, 10240, 96, 98
2026/07/29 09:49:37.737, 0, NVIDIA GeForce RTX 3080, 5184, 4868, 10240, 96, 98
2026/07/29 09:49:37.847, 0, NVIDIA GeForce RTX 3080, 5184, 4868, 10240, 96, 98
2026/07/29 09:49:37.956, 0, NVIDIA GeForce RTX 3080, 5184, 4868, 10240, 96, 97
2026/07/29 09:49:38.064, 0, NVIDIA GeForce RTX 3080, 5184, 4868, 10240, 96, 97
2026/07/29 09:49:38.176, 0, NVIDIA GeForce RTX 3080, 5184, 4868, 10240, 96, 97
2026/07/29 09:49:38.288, 0, NVIDIA GeForce RTX 3080, 5184, 4868, 10240, 96, 97
2026/07/29 09:49:38.400, 0, NVIDIA GeForce RTX 3080, 5184, 4868, 10240, 96, 97
2026/07/29 09:49:38.512, 0, NVIDIA GeForce RTX 3080, 5184, 4868, 10240, 96, 97
2026/07/29 09:49:38.624, 0, NVIDIA GeForce RTX 3080, 5184, 4868, 10240, 96, 97
2026/07/29 09:49:38.736, 0, NVIDIA GeForce RTX 3080, 5184, 4868, 10240, 96, 97
2026/07/29 09:49:38.846, 0, NVIDIA GeForce RTX 3080, 5184, 4868, 10240, 96, 97
2026/07/29 09:49:38.958, 0, NVIDIA GeForce RTX 3080, 5184, 4868, 10240, 93, 95
2026/07/29 09:49:39.069, 0, NVIDIA GeForce RTX 3080, 5184, 4868, 10240, 93, 95
2026/07/29 09:49:39.180, 0, NVIDIA GeForce RTX 3080, 5184, 4868, 10240, 93, 95
2026/07/29 09:49:39.291, 0, NVIDIA GeForce RTX 3080, 5184, 4868, 10240, 93, 95
2026/07/29 09:49:39.401, 0, NVIDIA GeForce RTX 3080, 5184, 4868, 10240, 95, 97
2026/07/29 09:49:39.509, 0, NVIDIA GeForce RTX 3080, 5184, 4868, 10240, 95, 97
2026/07/29 09:49:39.619, 0, NVIDIA GeForce RTX 3080, 5184, 4868, 10240, 95, 97
2026/07/29 09:49:39.728, 0, NVIDIA GeForce RTX 3080, 5184, 4868, 10240, 95, 97
2026/07/29 09:49:39.838, 0, NVIDIA GeForce RTX 3080, 5184, 4868, 10240, 95, 97
2026/07/29 09:49:39.951, 0, NVIDIA GeForce RTX 3080, 5184, 4868, 10240, 96, 98
2026/07/29 09:49:40.062, 0, NVIDIA GeForce RTX 3080, 5184, 4868, 10240, 96, 98
2026/07/29 09:49:40.174, 0, NVIDIA GeForce RTX 3080, 5184, 4868, 10240, 96, 98
2026/07/29 09:49:40.286, 0, NVIDIA GeForce RTX 3080, 5184, 4868, 10240, 96, 98
2026/07/29 09:49:40.398, 0, NVIDIA GeForce RTX 3080, 5184, 4868, 10240, 96, 98
2026/07/29 09:49:40.510, 0, NVIDIA GeForce RTX 3080, 5184, 4868, 10240, 96, 98
2026/07/29 09:49:40.622, 0, NVIDIA GeForce RTX 3080, 5184, 4868, 10240, 96, 98
2026/07/29 09:49:40.734, 0, NVIDIA GeForce RTX 3080, 5184, 4868, 10240, 96, 98
2026/07/29 09:49:40.846, 0, NVIDIA GeForce RTX 3080, 5184, 4868, 10240, 96, 98
2026/07/29 09:49:40.958, 0, NVIDIA GeForce RTX 3080, 5184, 4868, 10240, 95, 97
2026/07/29 09:49:41.070, 0, NVIDIA GeForce RTX 3080, 5184, 4868, 10240, 95, 97
2026/07/29 09:49:41.182, 0, NVIDIA GeForce RTX 3080, 5184, 4868, 10240, 95, 97
2026/07/29 09:49:41.293, 0, NVIDIA GeForce RTX 3080, 5184, 4868, 10240, 95, 97
2026/07/29 09:49:41.405, 0, NVIDIA GeForce RTX 3080, 5184, 4868, 10240, 95, 97
2026/07/29 09:49:41.517, 0, NVIDIA GeForce RTX 3080, 5184, 4868, 10240, 95, 97
2026/07/29 09:49:41.629, 0, NVIDIA GeForce RTX 3080, 5184, 4868, 10240, 95, 97
2026/07/29 09:49:41.740, 0, NVIDIA GeForce RTX 3080, 5184, 4868, 10240, 95, 97
2026/07/29 09:49:41.851, 0, NVIDIA GeForce RTX 3080, 5184, 4868, 10240, 95, 97
2026/07/29 09:49:41.962, 0, NVIDIA GeForce RTX 3080, 5184, 4868, 10240, 96, 97
2026/07/29 09:49:42.074, 0, NVIDIA GeForce RTX 3080, 5184, 4868, 10240, 96, 97
2026/07/29 09:49:42.186, 0, NVIDIA GeForce RTX 3080, 5184, 4868, 10240, 96, 97
2026/07/29 09:49:42.298, 0, NVIDIA GeForce RTX 3080, 5184, 4868, 10240, 96, 97
2026/07/29 09:49:42.410, 0, NVIDIA GeForce RTX 3080, 5184, 4868, 10240, 95, 97
2026/07/29 09:49:42.521, 0, NVIDIA GeForce RTX 3080, 5184, 4868, 10240, 95, 97
2026/07/29 09:49:42.633, 0, NVIDIA GeForce RTX 3080, 5184, 4868, 10240, 95, 97
2026/07/29 09:49:42.745, 0, NVIDIA GeForce RTX 3080, 5184, 4868, 10240, 95, 97
2026/07/29 09:49:42.854, 0, NVIDIA GeForce RTX 3080, 5184, 4868, 10240, 95, 97
2026/07/29 09:49:42.966, 0, NVIDIA GeForce RTX 3080, 5184, 4868, 10240, 96, 97
2026/07/29 09:49:43.078, 0, NVIDIA GeForce RTX 3080, 5184, 4868, 10240, 96, 97
2026/07/29 09:49:43.188, 0, NVIDIA GeForce RTX 3080, 5184, 4868, 10240, 96, 97
2026/07/29 09:49:43.299, 0, NVIDIA GeForce RTX 3080, 5184, 4868, 10240, 96, 97
2026/07/29 09:49:43.408, 0, NVIDIA GeForce RTX 3080, 5184, 4868, 10240, 96, 98
2026/07/29 09:49:43.520, 0, NVIDIA GeForce RTX 3080, 5184, 4868, 10240, 96, 98
2026/07/29 09:49:43.632, 0, NVIDIA GeForce RTX 3080, 5184, 4868, 10240, 96, 98
2026/07/29 09:49:43.744, 0, NVIDIA GeForce RTX 3080, 5184, 4868, 10240, 96, 98
2026/07/29 09:49:43.855, 0, NVIDIA GeForce RTX 3080, 5184, 4868, 10240, 96, 98
2026/07/29 09:49:43.967, 0, NVIDIA GeForce RTX 3080, 5184, 4868, 10240, 96, 97
2026/07/29 09:49:44.079, 0, NVIDIA GeForce RTX 3080, 5184, 4868, 10240, 96, 97
2026/07/29 09:49:44.191, 0, NVIDIA GeForce RTX 3080, 5184, 4868, 10240, 96, 97
2026/07/29 09:49:44.304, 0, NVIDIA GeForce RTX 3080, 5184, 4868, 10240, 96, 97
2026/07/29 09:49:44.413, 0, NVIDIA GeForce RTX 3080, 5184, 4868, 10240, 96, 98
2026/07/29 09:49:44.528, 0, NVIDIA GeForce RTX 3080, 5184, 4868, 10240, 96, 98
2026/07/29 09:49:44.637, 0, NVIDIA GeForce RTX 3080, 5184, 4868, 10240, 96, 98
2026/07/29 09:49:44.746, 0, NVIDIA GeForce RTX 3080, 5184, 4868, 10240, 96, 98
2026/07/29 09:49:44.858, 0, NVIDIA GeForce RTX 3080, 5184, 4868, 10240, 96, 98
2026/07/29 09:49:44.970, 0, NVIDIA GeForce RTX 3080, 5184, 4868, 10240, 96, 97
2026/07/29 09:49:45.082, 0, NVIDIA GeForce RTX 3080, 5184, 4868, 10240, 96, 97
2026/07/29 09:49:45.193, 0, NVIDIA GeForce RTX 3080, 5184, 4868, 10240, 96, 97
2026/07/29 09:49:45.305, 0, NVIDIA GeForce RTX 3080, 5184, 4868, 10240, 96, 97
2026/07/29 09:49:45.418, 0, NVIDIA GeForce RTX 3080, 5184, 4868, 10240, 96, 97
2026/07/29 09:49:45.530, 0, NVIDIA GeForce RTX 3080, 5184, 4868, 10240, 96, 97
2026/07/29 09:49:45.642, 0, NVIDIA GeForce RTX 3080, 5184, 4868, 10240, 96, 97
2026/07/29 09:49:45.754, 0, NVIDIA GeForce RTX 3080, 5184, 4868, 10240, 96, 97
2026/07/29 09:49:45.866, 0, NVIDIA GeForce RTX 3080, 5184, 4868, 10240, 96, 97
2026/07/29 09:49:45.978, 0, NVIDIA GeForce RTX 3080, 5184, 4868, 10240, 96, 98
2026/07/29 09:49:46.089, 0, NVIDIA GeForce RTX 3080, 5184, 4868, 10240, 96, 98
2026/07/29 09:49:46.201, 0, NVIDIA GeForce RTX 3080, 5184, 4868, 10240, 96, 98
2026/07/29 09:49:46.312, 0, NVIDIA GeForce RTX 3080, 5184, 4868, 10240, 96, 98
2026/07/29 09:49:46.422, 0, NVIDIA GeForce RTX 3080, 5184, 4868, 10240, 95, 98
2026/07/29 09:49:46.534, 0, NVIDIA GeForce RTX 3080, 5184, 4868, 10240, 95, 98
2026/07/29 09:49:46.646, 0, NVIDIA GeForce RTX 3080, 5184, 4868, 10240, 95, 98
2026/07/29 09:49:46.757, 0, NVIDIA GeForce RTX 3080, 5184, 4868, 10240, 95, 98
2026/07/29 09:49:46.869, 0, NVIDIA GeForce RTX 3080, 5184, 4868, 10240, 95, 98
2026/07/29 09:49:46.981, 0, NVIDIA GeForce RTX 3080, 5184, 4868, 10240, 92, 95
2026/07/29 09:49:47.092, 0, NVIDIA GeForce RTX 3080, 5184, 4868, 10240, 92, 95
2026/07/29 09:49:47.204, 0, NVIDIA GeForce RTX 3080, 5184, 4868, 10240, 92, 95
2026/07/29 09:49:47.316, 0, NVIDIA GeForce RTX 3080, 5184, 4868, 10240, 92, 95
2026/07/29 09:49:47.428, 0, NVIDIA GeForce RTX 3080, 5184, 4868, 10240, 96, 97
2026/07/29 09:49:47.540, 0, NVIDIA GeForce RTX 3080, 5184, 4868, 10240, 96, 97
2026/07/29 09:49:47.652, 0, NVIDIA GeForce RTX 3080, 5184, 4868, 10240, 96, 97
2026/07/29 09:49:47.764, 0, NVIDIA GeForce RTX 3080, 5184, 4868, 10240, 96, 97
2026/07/29 09:49:47.877, 0, NVIDIA GeForce RTX 3080, 5184, 4868, 10240, 96, 97
2026/07/29 09:49:47.989, 0, NVIDIA GeForce RTX 3080, 5184, 4868, 10240, 96, 97
2026/07/29 09:49:48.100, 0, NVIDIA GeForce RTX 3080, 5184, 4868, 10240, 96, 97
2026/07/29 09:49:48.212, 0, NVIDIA GeForce RTX 3080, 5184, 4868, 10240, 96, 97
2026/07/29 09:49:48.323, 0, NVIDIA GeForce RTX 3080, 5184, 4868, 10240, 96, 97
2026/07/29 09:49:48.435, 0, NVIDIA GeForce RTX 3080, 5184, 4868, 10240, 94, 96
2026/07/29 09:49:48.547, 0, NVIDIA GeForce RTX 3080, 5184, 4868, 10240, 94, 96
2026/07/29 09:49:48.659, 0, NVIDIA GeForce RTX 3080, 5184, 4868, 10240, 94, 96
2026/07/29 09:49:48.771, 0, NVIDIA GeForce RTX 3080, 5184, 4868, 10240, 94, 96
2026/07/29 09:49:48.882, 0, NVIDIA GeForce RTX 3080, 5184, 4868, 10240, 94, 96
2026/07/29 09:49:48.994, 0, NVIDIA GeForce RTX 3080, 5184, 4868, 10240, 96, 98
2026/07/29 09:49:49.105, 0, NVIDIA GeForce RTX 3080, 5184, 4868, 10240, 96, 98
2026/07/29 09:49:49.216, 0, NVIDIA GeForce RTX 3080, 5184, 4868, 10240, 96, 98
2026/07/29 09:49:49.328, 0, NVIDIA GeForce RTX 3080, 5184, 4868, 10240, 96, 98
2026/07/29 09:49:49.440, 0, NVIDIA GeForce RTX 3080, 5184, 4868, 10240, 96, 97
2026/07/29 09:49:49.552, 0, NVIDIA GeForce RTX 3080, 5184, 4868, 10240, 96, 97
2026/07/29 09:49:49.663, 0, NVIDIA GeForce RTX 3080, 5184, 4868, 10240, 96, 97
2026/07/29 09:49:49.775, 0, NVIDIA GeForce RTX 3080, 5184, 4868, 10240, 96, 97
2026/07/29 09:49:49.887, 0, NVIDIA GeForce RTX 3080, 5184, 4868, 10240, 96, 97
2026/07/29 09:49:49.999, 0, NVIDIA GeForce RTX 3080, 5184, 4868, 10240, 96, 97
2026/07/29 09:49:50.111, 0, NVIDIA GeForce RTX 3080, 5184, 4868, 10240, 96, 97
2026/07/29 09:49:50.223, 0, NVIDIA GeForce RTX 3080, 5184, 4868, 10240, 96, 97
2026/07/29 09:49:50.335, 0, NVIDIA GeForce RTX 3080, 5184, 4868, 10240, 96, 97
2026/07/29 09:49:50.447, 0, NVIDIA GeForce RTX 3080, 5184, 4868, 10240, 96, 98
2026/07/29 09:49:50.559, 0, NVIDIA GeForce RTX 3080, 5184, 4868, 10240, 96, 98
2026/07/29 09:49:50.671, 0, NVIDIA GeForce RTX 3080, 5184, 4868, 10240, 96, 98
2026/07/29 09:49:50.783, 0, NVIDIA GeForce RTX 3080, 5184, 4868, 10240, 96, 98
2026/07/29 09:49:50.895, 0, NVIDIA GeForce RTX 3080, 5184, 4868, 10240, 96, 97
2026/07/29 09:49:51.007, 0, NVIDIA GeForce RTX 3080, 5184, 4868, 10240, 96, 97
2026/07/29 09:49:51.119, 0, NVIDIA GeForce RTX 3080, 5184, 4868, 10240, 96, 97
2026/07/29 09:49:51.232, 0, NVIDIA GeForce RTX 3080, 5184, 4868, 10240, 96, 97
2026/07/29 09:49:51.342, 0, NVIDIA GeForce RTX 3080, 5184, 4868, 10240, 96, 97
2026/07/29 09:49:51.453, 0, NVIDIA GeForce RTX 3080, 5184, 4868, 10240, 95, 97
2026/07/29 09:49:51.565, 0, NVIDIA GeForce RTX 3080, 5184, 4868, 10240, 95, 97
2026/07/29 09:49:51.677, 0, NVIDIA GeForce RTX 3080, 5184, 4868, 10240, 95, 97
2026/07/29 09:49:51.788, 0, NVIDIA GeForce RTX 3080, 5184, 4868, 10240, 95, 97
2026/07/29 09:49:51.899, 0, NVIDIA GeForce RTX 3080, 5184, 4868, 10240, 96, 98
2026/07/29 09:49:52.010, 0, NVIDIA GeForce RTX 3080, 5184, 4868, 10240, 96, 98
2026/07/29 09:49:52.122, 0, NVIDIA GeForce RTX 3080, 5184, 4868, 10240, 96, 98
2026/07/29 09:49:52.235, 0, NVIDIA GeForce RTX 3080, 5184, 4868, 10240, 96, 98
2026/07/29 09:49:52.346, 0, NVIDIA GeForce RTX 3080, 5184, 4868, 10240, 96, 98
2026/07/29 09:49:52.458, 0, NVIDIA GeForce RTX 3080, 5184, 4868, 10240, 96, 97
2026/07/29 09:49:52.570, 0, NVIDIA GeForce RTX 3080, 5184, 4868, 10240, 96, 97
2026/07/29 09:49:52.682, 0, NVIDIA GeForce RTX 3080, 5184, 4868, 10240, 96, 97
2026/07/29 09:49:52.794, 0, NVIDIA GeForce RTX 3080, 5184, 4868, 10240, 96, 97
2026/07/29 09:49:52.906, 0, NVIDIA GeForce RTX 3080, 5184, 4868, 10240, 96, 97
2026/07/29 09:49:53.018, 0, NVIDIA GeForce RTX 3080, 5184, 4868, 10240, 96, 97
2026/07/29 09:49:53.130, 0, NVIDIA GeForce RTX 3080, 5184, 4868, 10240, 96, 97
2026/07/29 09:49:53.242, 0, NVIDIA GeForce RTX 3080, 5184, 4868, 10240, 96, 97
2026/07/29 09:49:53.353, 0, NVIDIA GeForce RTX 3080, 5184, 4868, 10240, 96, 97
2026/07/29 09:49:53.465, 0, NVIDIA GeForce RTX 3080, 5184, 4868, 10240, 96, 98
2026/07/29 09:49:53.577, 0, NVIDIA GeForce RTX 3080, 5184, 4868, 10240, 96, 98
2026/07/29 09:49:53.689, 0, NVIDIA GeForce RTX 3080, 5184, 4868, 10240, 96, 98
2026/07/29 09:49:53.801, 0, NVIDIA GeForce RTX 3080, 5184, 4868, 10240, 96, 98
2026/07/29 09:49:53.913, 0, NVIDIA GeForce RTX 3080, 5184, 4868, 10240, 96, 97
2026/07/29 09:49:54.025, 0, NVIDIA GeForce RTX 3080, 5184, 4868, 10240, 96, 97
2026/07/29 09:49:54.137, 0, NVIDIA GeForce RTX 3080, 5184, 4868, 10240, 96, 97
2026/07/29 09:49:54.249, 0, NVIDIA GeForce RTX 3080, 5184, 4868, 10240, 96, 97
2026/07/29 09:49:54.361, 0, NVIDIA GeForce RTX 3080, 5184, 4868, 10240, 96, 97
2026/07/29 09:49:54.472, 0, NVIDIA GeForce RTX 3080, 5184, 4868, 10240, 96, 97
2026/07/29 09:49:54.583, 0, NVIDIA GeForce RTX 3080, 5184, 4868, 10240, 96, 97
2026/07/29 09:49:54.694, 0, NVIDIA GeForce RTX 3080, 5184, 4868, 10240, 96, 97
2026/07/29 09:49:54.806, 0, NVIDIA GeForce RTX 3080, 5184, 4868, 10240, 96, 97
2026/07/29 09:49:54.917, 0, NVIDIA GeForce RTX 3080, 5184, 4868, 10240, 96, 97
2026/07/29 09:49:55.029, 0, NVIDIA GeForce RTX 3080, 5184, 4868, 10240, 96, 97
2026/07/29 09:49:55.141, 0, NVIDIA GeForce RTX 3080, 5184, 4868, 10240, 96, 97
2026/07/29 09:49:55.253, 0, NVIDIA GeForce RTX 3080, 5184, 4868, 10240, 96, 97
2026/07/29 09:49:55.365, 0, NVIDIA GeForce RTX 3080, 5184, 4868, 10240, 96, 97
2026/07/29 09:49:55.477, 0, NVIDIA GeForce RTX 3080, 5184, 4868, 10240, 96, 97
2026/07/29 09:49:55.589, 0, NVIDIA GeForce RTX 3080, 5184, 4868, 10240, 96, 97
2026/07/29 09:49:55.701, 0, NVIDIA GeForce RTX 3080, 5184, 4868, 10240, 96, 97
2026/07/29 09:49:55.813, 0, NVIDIA GeForce RTX 3080, 5184, 4868, 10240, 96, 97
2026/07/29 09:49:55.926, 0, NVIDIA GeForce RTX 3080, 5184, 4868, 10240, 96, 97
2026/07/29 09:49:56.037, 0, NVIDIA GeForce RTX 3080, 5184, 4868, 10240, 96, 97
2026/07/29 09:49:56.149, 0, NVIDIA GeForce RTX 3080, 5184, 4868, 10240, 96, 97
2026/07/29 09:49:56.261, 0, NVIDIA GeForce RTX 3080, 5184, 4868, 10240, 96, 97
2026/07/29 09:49:56.372, 0, NVIDIA GeForce RTX 3080, 5184, 4868, 10240, 96, 97
2026/07/29 09:49:56.484, 0, NVIDIA GeForce RTX 3080, 5184, 4868, 10240, 93, 95
2026/07/29 09:49:56.596, 0, NVIDIA GeForce RTX 3080, 5184, 4868, 10240, 93, 95
2026/07/29 09:49:56.708, 0, NVIDIA GeForce RTX 3080, 5184, 4868, 10240, 93, 95
2026/07/29 09:49:56.820, 0, NVIDIA GeForce RTX 3080, 5184, 4868, 10240, 93, 95
2026/07/29 09:49:56.932, 0, NVIDIA GeForce RTX 3080, 5184, 4868, 10240, 96, 97
2026/07/29 09:49:57.044, 0, NVIDIA GeForce RTX 3080, 5184, 4868, 10240, 96, 97
2026/07/29 09:49:57.156, 0, NVIDIA GeForce RTX 3080, 5184, 4868, 10240, 96, 97
2026/07/29 09:49:57.267, 0, NVIDIA GeForce RTX 3080, 5184, 4868, 10240, 96, 97
2026/07/29 09:49:57.376, 0, NVIDIA GeForce RTX 3080, 5184, 4868, 10240, 96, 97
2026/07/29 09:49:57.485, 0, NVIDIA GeForce RTX 3080, 5184, 4868, 10240, 95, 97
2026/07/29 09:49:57.594, 0, NVIDIA GeForce RTX 3080, 5184, 4868, 10240, 95, 97
2026/07/29 09:49:57.704, 0, NVIDIA GeForce RTX 3080, 5184, 4868, 10240, 95, 97
2026/07/29 09:49:57.813, 0, NVIDIA GeForce RTX 3080, 5184, 4868, 10240, 95, 97
2026/07/29 09:49:57.921, 0, NVIDIA GeForce RTX 3080, 5184, 4868, 10240, 96, 98
2026/07/29 09:49:58.031, 0, NVIDIA GeForce RTX 3080, 5184, 4868, 10240, 96, 98
2026/07/29 09:49:58.143, 0, NVIDIA GeForce RTX 3080, 5184, 4868, 10240, 96, 98
2026/07/29 09:49:58.255, 0, NVIDIA GeForce RTX 3080, 5184, 4868, 10240, 96, 98
2026/07/29 09:49:58.367, 0, NVIDIA GeForce RTX 3080, 5184, 4868, 10240, 96, 98
2026/07/29 09:49:58.479, 0, NVIDIA GeForce RTX 3080, 5184, 4868, 10240, 96, 97
2026/07/29 09:49:58.591, 0, NVIDIA GeForce RTX 3080, 5184, 4868, 10240, 96, 97
2026/07/29 09:49:58.703, 0, NVIDIA GeForce RTX 3080, 5184, 4868, 10240, 96, 97
2026/07/29 09:49:58.814, 0, NVIDIA GeForce RTX 3080, 5184, 4868, 10240, 96, 97
2026/07/29 09:49:58.926, 0, NVIDIA GeForce RTX 3080, 5184, 4868, 10240, 96, 97
2026/07/29 09:49:59.037, 0, NVIDIA GeForce RTX 3080, 5184, 4868, 10240, 96, 97
2026/07/29 09:49:59.149, 0, NVIDIA GeForce RTX 3080, 5184, 4868, 10240, 96, 97
2026/07/29 09:49:59.260, 0, NVIDIA GeForce RTX 3080, 5184, 4868, 10240, 96, 97
2026/07/29 09:49:59.370, 0, NVIDIA GeForce RTX 3080, 5184, 4868, 10240, 96, 97
2026/07/29 09:49:59.479, 0, NVIDIA GeForce RTX 3080, 5184, 4868, 10240, 96, 97
2026/07/29 09:49:59.588, 0, NVIDIA GeForce RTX 3080, 5184, 4868, 10240, 96, 97
2026/07/29 09:49:59.697, 0, NVIDIA GeForce RTX 3080, 5184, 4868, 10240, 96, 97
2026/07/29 09:49:59.809, 0, NVIDIA GeForce RTX 3080, 5184, 4868, 10240, 96, 97
2026/07/29 09:49:59.921, 0, NVIDIA GeForce RTX 3080, 5184, 4868, 10240, 96, 97
2026/07/29 09:50:00.033, 0, NVIDIA GeForce RTX 3080, 5184, 4868, 10240, 96, 97
2026/07/29 09:50:00.145, 0, NVIDIA GeForce RTX 3080, 5184, 4868, 10240, 96, 97
2026/07/29 09:50:00.256, 0, NVIDIA GeForce RTX 3080, 5184, 4868, 10240, 96, 97
2026/07/29 09:50:00.368, 0, NVIDIA GeForce RTX 3080, 5184, 4868, 10240, 96, 97
2026/07/29 09:50:00.480, 0, NVIDIA GeForce RTX 3080, 5184, 4868, 10240, 96, 97
2026/07/29 09:50:00.592, 0, NVIDIA GeForce RTX 3080, 5184, 4868, 10240, 96, 97
2026/07/29 09:50:00.704, 0, NVIDIA GeForce RTX 3080, 5184, 4868, 10240, 96, 97
2026/07/29 09:50:00.816, 0, NVIDIA GeForce RTX 3080, 5184, 4868, 10240, 96, 97
2026/07/29 09:50:00.928, 0, NVIDIA GeForce RTX 3080, 5184, 4868, 10240, 96, 98
2026/07/29 09:50:01.040, 0, NVIDIA GeForce RTX 3080, 5184, 4868, 10240, 96, 98
2026/07/29 09:50:01.152, 0, NVIDIA GeForce RTX 3080, 5184, 4868, 10240, 96, 98
2026/07/29 09:50:01.264, 0, NVIDIA GeForce RTX 3080, 5184, 4868, 10240, 96, 98
2026/07/29 09:50:01.375, 0, NVIDIA GeForce RTX 3080, 5184, 4868, 10240, 96, 98
2026/07/29 09:50:01.487, 0, NVIDIA GeForce RTX 3080, 5184, 4868, 10240, 96, 97
2026/07/29 09:50:01.599, 0, NVIDIA GeForce RTX 3080, 5184, 4868, 10240, 96, 97
2026/07/29 09:50:01.711, 0, NVIDIA GeForce RTX 3080, 5184, 4868, 10240, 96, 97
2026/07/29 09:50:01.823, 0, NVIDIA GeForce RTX 3080, 5184, 4868, 10240, 96, 97
2026/07/29 09:50:01.935, 0, NVIDIA GeForce RTX 3080, 5184, 4868, 10240, 96, 97
2026/07/29 09:50:02.046, 0, NVIDIA GeForce RTX 3080, 5184, 4868, 10240, 96, 97
2026/07/29 09:50:02.159, 0, NVIDIA GeForce RTX 3080, 5184, 4868, 10240, 96, 97
2026/07/29 09:50:02.271, 0, NVIDIA GeForce RTX 3080, 5184, 4868, 10240, 96, 97
2026/07/29 09:50:02.383, 0, NVIDIA GeForce RTX 3080, 5184, 4868, 10240, 96, 97
2026/07/29 09:50:02.495, 0, NVIDIA GeForce RTX 3080, 5184, 4868, 10240, 96, 97
2026/07/29 09:50:02.607, 0, NVIDIA GeForce RTX 3080, 5184, 4868, 10240, 96, 97
2026/07/29 09:50:02.719, 0, NVIDIA GeForce RTX 3080, 5184, 4868, 10240, 96, 97
2026/07/29 09:50:02.830, 0, NVIDIA GeForce RTX 3080, 5184, 4868, 10240, 96, 97
2026/07/29 09:50:02.942, 0, NVIDIA GeForce RTX 3080, 5184, 4868, 10240, 96, 97
2026/07/29 09:50:03.054, 0, NVIDIA GeForce RTX 3080, 5184, 4868, 10240, 96, 97
2026/07/29 09:50:03.166, 0, NVIDIA GeForce RTX 3080, 5184, 4868, 10240, 96, 97
2026/07/29 09:50:03.278, 0, NVIDIA GeForce RTX 3080, 5184, 4868, 10240, 96, 97
2026/07/29 09:50:03.390, 0, NVIDIA GeForce RTX 3080, 5184, 4868, 10240, 96, 97
2026/07/29 09:50:03.502, 0, NVIDIA GeForce RTX 3080, 5184, 4868, 10240, 96, 97
2026/07/29 09:50:03.614, 0, NVIDIA GeForce RTX 3080, 5184, 4868, 10240, 96, 97
2026/07/29 09:50:03.726, 0, NVIDIA GeForce RTX 3080, 5184, 4868, 10240, 96, 97
2026/07/29 09:50:03.837, 0, NVIDIA GeForce RTX 3080, 5184, 4868, 10240, 96, 97
2026/07/29 09:50:03.949, 0, NVIDIA GeForce RTX 3080, 5184, 4868, 10240, 96, 98
2026/07/29 09:50:04.061, 0, NVIDIA GeForce RTX 3080, 5184, 4868, 10240, 96, 98
2026/07/29 09:50:04.173, 0, NVIDIA GeForce RTX 3080, 5184, 4868, 10240, 96, 98
2026/07/29 09:50:04.285, 0, NVIDIA GeForce RTX 3080, 5184, 4868, 10240, 96, 98
2026/07/29 09:50:04.394, 0, NVIDIA GeForce RTX 3080, 5184, 4868, 10240, 95, 97
2026/07/29 09:50:04.503, 0, NVIDIA GeForce RTX 3080, 5184, 4868, 10240, 95, 97
2026/07/29 09:50:04.613, 0, NVIDIA GeForce RTX 3080, 5184, 4868, 10240, 95, 97
2026/07/29 09:50:04.723, 0, NVIDIA GeForce RTX 3080, 5184, 4868, 10240, 95, 97
2026/07/29 09:50:04.835, 0, NVIDIA GeForce RTX 3080, 5184, 4868, 10240, 95, 97
2026/07/29 09:50:04.946, 0, NVIDIA GeForce RTX 3080, 5184, 4868, 10240, 96, 97
2026/07/29 09:50:05.058, 0, NVIDIA GeForce RTX 3080, 5184, 4868, 10240, 96, 97
2026/07/29 09:50:05.170, 0, NVIDIA GeForce RTX 3080, 5184, 4868, 10240, 96, 97
2026/07/29 09:50:05.282, 0, NVIDIA GeForce RTX 3080, 5184, 4868, 10240, 96, 97
2026/07/29 09:50:05.394, 0, NVIDIA GeForce RTX 3080, 5184, 4868, 10240, 96, 98
2026/07/29 09:50:05.506, 0, NVIDIA GeForce RTX 3080, 5184, 4868, 10240, 96, 98
2026/07/29 09:50:05.618, 0, NVIDIA GeForce RTX 3080, 5184, 4868, 10240, 96, 98
2026/07/29 09:50:05.730, 0, NVIDIA GeForce RTX 3080, 5184, 4868, 10240, 96, 98
2026/07/29 09:50:05.843, 0, NVIDIA GeForce RTX 3080, 5184, 4868, 10240, 96, 98
2026/07/29 09:50:05.955, 0, NVIDIA GeForce RTX 3080, 5184, 4868, 10240, 93, 95
2026/07/29 09:50:06.067, 0, NVIDIA GeForce RTX 3080, 5184, 4868, 10240, 93, 95
2026/07/29 09:50:06.179, 0, NVIDIA GeForce RTX 3080, 5184, 4868, 10240, 93, 95
2026/07/29 09:50:06.291, 0, NVIDIA GeForce RTX 3080, 5184, 4868, 10240, 93, 95
2026/07/29 09:50:06.402, 0, NVIDIA GeForce RTX 3080, 5184, 4868, 10240, 96, 97
2026/07/29 09:50:06.514, 0, NVIDIA GeForce RTX 3080, 5184, 4868, 10240, 96, 97
2026/07/29 09:50:06.626, 0, NVIDIA GeForce RTX 3080, 5184, 4868, 10240, 96, 97
2026/07/29 09:50:06.738, 0, NVIDIA GeForce RTX 3080, 5184, 4868, 10240, 96, 97
2026/07/29 09:50:06.850, 0, NVIDIA GeForce RTX 3080, 5184, 4868, 10240, 96, 97
2026/07/29 09:50:06.962, 0, NVIDIA GeForce RTX 3080, 5184, 4868, 10240, 96, 98
2026/07/29 09:50:07.074, 0, NVIDIA GeForce RTX 3080, 5184, 4868, 10240, 96, 98
2026/07/29 09:50:07.186, 0, NVIDIA GeForce RTX 3080, 5184, 4868, 10240, 96, 98
2026/07/29 09:50:07.298, 0, NVIDIA GeForce RTX 3080, 5184, 4868, 10240, 96, 98
2026/07/29 09:50:07.410, 0, NVIDIA GeForce RTX 3080, 5184, 4868, 10240, 96, 97
2026/07/29 09:50:07.522, 0, NVIDIA GeForce RTX 3080, 5184, 4868, 10240, 96, 97
2026/07/29 09:50:07.633, 0, NVIDIA GeForce RTX 3080, 5184, 4868, 10240, 96, 97
2026/07/29 09:50:07.745, 0, NVIDIA GeForce RTX 3080, 5184, 4868, 10240, 96, 97
2026/07/29 09:50:07.856, 0, NVIDIA GeForce RTX 3080, 5184, 4868, 10240, 96, 97
2026/07/29 09:50:07.968, 0, NVIDIA GeForce RTX 3080, 5184, 4868, 10240, 96, 97
2026/07/29 09:50:08.080, 0, NVIDIA GeForce RTX 3080, 5184, 4868, 10240, 96, 97
2026/07/29 09:50:08.192, 0, NVIDIA GeForce RTX 3080, 5184, 4868, 10240, 96, 97
2026/07/29 09:50:08.304, 0, NVIDIA GeForce RTX 3080, 5184, 4868, 10240, 96, 97
2026/07/29 09:50:08.416, 0, NVIDIA GeForce RTX 3080, 5184, 4868, 10240, 96, 97
2026/07/29 09:50:08.529, 0, NVIDIA GeForce RTX 3080, 5184, 4868, 10240, 96, 97
2026/07/29 09:50:08.641, 0, NVIDIA GeForce RTX 3080, 5184, 4868, 10240, 96, 97
2026/07/29 09:50:08.753, 0, NVIDIA GeForce RTX 3080, 5184, 4868, 10240, 96, 97
2026/07/29 09:50:08.865, 0, NVIDIA GeForce RTX 3080, 5184, 4868, 10240, 96, 97
2026/07/29 09:50:08.976, 0, NVIDIA GeForce RTX 3080, 5184, 4868, 10240, 96, 97
2026/07/29 09:50:09.088, 0, NVIDIA GeForce RTX 3080, 5184, 4868, 10240, 96, 97
2026/07/29 09:50:09.199, 0, NVIDIA GeForce RTX 3080, 5184, 4868, 10240, 96, 97
2026/07/29 09:50:09.309, 0, NVIDIA GeForce RTX 3080, 5184, 4868, 10240, 96, 97
2026/07/29 09:50:09.421, 0, NVIDIA GeForce RTX 3080, 5184, 4868, 10240, 96, 97
2026/07/29 09:50:09.533, 0, NVIDIA GeForce RTX 3080, 5184, 4868, 10240, 96, 97
2026/07/29 09:50:09.643, 0, NVIDIA GeForce RTX 3080, 5184, 4868, 10240, 96, 97
2026/07/29 09:50:09.755, 0, NVIDIA GeForce RTX 3080, 5184, 4868, 10240, 96, 97
2026/07/29 09:50:09.867, 0, NVIDIA GeForce RTX 3080, 5184, 4868, 10240, 96, 97
2026/07/29 09:50:09.978, 0, NVIDIA GeForce RTX 3080, 5184, 4868, 10240, 96, 98
2026/07/29 09:50:10.089, 0, NVIDIA GeForce RTX 3080, 5184, 4868, 10240, 96, 98
2026/07/29 09:50:10.201, 0, NVIDIA GeForce RTX 3080, 5184, 4868, 10240, 96, 98
2026/07/29 09:50:10.313, 0, NVIDIA GeForce RTX 3080, 5184, 4868, 10240, 96, 98
2026/07/29 09:50:10.424, 0, NVIDIA GeForce RTX 3080, 5184, 4868, 10240, 95, 97
2026/07/29 09:50:10.536, 0, NVIDIA GeForce RTX 3080, 5184, 4868, 10240, 95, 97
2026/07/29 09:50:10.648, 0, NVIDIA GeForce RTX 3080, 5184, 4868, 10240, 95, 97
2026/07/29 09:50:10.760, 0, NVIDIA GeForce RTX 3080, 5184, 4868, 10240, 95, 97
2026/07/29 09:50:10.872, 0, NVIDIA GeForce RTX 3080, 5184, 4868, 10240, 95, 97
2026/07/29 09:50:10.984, 0, NVIDIA GeForce RTX 3080, 5184, 4868, 10240, 96, 97
2026/07/29 09:50:11.096, 0, NVIDIA GeForce RTX 3080, 5184, 4868, 10240, 96, 97
2026/07/29 09:50:11.208, 0, NVIDIA GeForce RTX 3080, 5184, 4868, 10240, 96, 97
2026/07/29 09:50:11.320, 0, NVIDIA GeForce RTX 3080, 5184, 4868, 10240, 96, 97
2026/07/29 09:50:11.432, 0, NVIDIA GeForce RTX 3080, 5184, 4868, 10240, 96, 98
2026/07/29 09:50:11.545, 0, NVIDIA GeForce RTX 3080, 5184, 4868, 10240, 96, 98
2026/07/29 09:50:11.657, 0, NVIDIA GeForce RTX 3080, 5184, 4868, 10240, 96, 98
2026/07/29 09:50:11.769, 0, NVIDIA GeForce RTX 3080, 5184, 4868, 10240, 96, 98
2026/07/29 09:50:11.881, 0, NVIDIA GeForce RTX 3080, 5184, 4868, 10240, 96, 98
2026/07/29 09:50:11.992, 0, NVIDIA GeForce RTX 3080, 5184, 4868, 10240, 96, 97
2026/07/29 09:50:12.104, 0, NVIDIA GeForce RTX 3080, 5184, 4868, 10240, 96, 97
2026/07/29 09:50:12.215, 0, NVIDIA GeForce RTX 3080, 5184, 4868, 10240, 96, 97
2026/07/29 09:50:12.326, 0, NVIDIA GeForce RTX 3080, 5184, 4868, 10240, 96, 97
2026/07/29 09:50:12.438, 0, NVIDIA GeForce RTX 3080, 5184, 4868, 10240, 96, 97
2026/07/29 09:50:12.550, 0, NVIDIA GeForce RTX 3080, 5184, 4868, 10240, 96, 97
2026/07/29 09:50:12.662, 0, NVIDIA GeForce RTX 3080, 5184, 4868, 10240, 96, 97
2026/07/29 09:50:12.773, 0, NVIDIA GeForce RTX 3080, 5184, 4868, 10240, 96, 97
2026/07/29 09:50:12.885, 0, NVIDIA GeForce RTX 3080, 5184, 4868, 10240, 96, 97
2026/07/29 09:50:12.997, 0, NVIDIA GeForce RTX 3080, 5184, 4868, 10240, 96, 97
2026/07/29 09:50:13.109, 0, NVIDIA GeForce RTX 3080, 5184, 4868, 10240, 96, 97
2026/07/29 09:50:13.221, 0, NVIDIA GeForce RTX 3080, 5184, 4868, 10240, 96, 97
2026/07/29 09:50:13.333, 0, NVIDIA GeForce RTX 3080, 5184, 4868, 10240, 96, 97
2026/07/29 09:50:13.445, 0, NVIDIA GeForce RTX 3080, 5184, 4868, 10240, 96, 97
2026/07/29 09:50:13.556, 0, NVIDIA GeForce RTX 3080, 5184, 4868, 10240, 96, 97
2026/07/29 09:50:13.668, 0, NVIDIA GeForce RTX 3080, 5184, 4868, 10240, 96, 97
2026/07/29 09:50:13.780, 0, NVIDIA GeForce RTX 3080, 5184, 4868, 10240, 96, 97
2026/07/29 09:50:13.893, 0, NVIDIA GeForce RTX 3080, 5184, 4868, 10240, 96, 97
2026/07/29 09:50:14.005, 0, NVIDIA GeForce RTX 3080, 5184, 4868, 10240, 91, 94
2026/07/29 09:50:14.117, 0, NVIDIA GeForce RTX 3080, 5184, 4868, 10240, 91, 94
2026/07/29 09:50:14.229, 0, NVIDIA GeForce RTX 3080, 5184, 4868, 10240, 91, 94
2026/07/29 09:50:14.341, 0, NVIDIA GeForce RTX 3080, 5184, 4868, 10240, 91, 94
2026/07/29 09:50:14.453, 0, NVIDIA GeForce RTX 3080, 5184, 4868, 10240, 96, 97
2026/07/29 09:50:14.565, 0, NVIDIA GeForce RTX 3080, 5184, 4868, 10240, 96, 97
2026/07/29 09:50:14.677, 0, NVIDIA GeForce RTX 3080, 5184, 4868, 10240, 96, 97
2026/07/29 09:50:14.789, 0, NVIDIA GeForce RTX 3080, 5184, 4868, 10240, 96, 97
2026/07/29 09:50:14.901, 0, NVIDIA GeForce RTX 3080, 5184, 4868, 10240, 96, 97
2026/07/29 09:50:15.012, 0, NVIDIA GeForce RTX 3080, 5184, 4868, 10240, 96, 97
2026/07/29 09:50:15.124, 0, NVIDIA GeForce RTX 3080, 5184, 4868, 10240, 96, 97
2026/07/29 09:50:15.235, 0, NVIDIA GeForce RTX 3080, 5184, 4868, 10240, 96, 97
2026/07/29 09:50:15.346, 0, NVIDIA GeForce RTX 3080, 5184, 4868, 10240, 96, 97
2026/07/29 09:50:15.458, 0, NVIDIA GeForce RTX 3080, 5184, 4868, 10240, 93, 95
2026/07/29 09:50:15.570, 0, NVIDIA GeForce RTX 3080, 5184, 4868, 10240, 93, 95
2026/07/29 09:50:15.682, 0, NVIDIA GeForce RTX 3080, 5184, 4868, 10240, 93, 95
2026/07/29 09:50:15.794, 0, NVIDIA GeForce RTX 3080, 5184, 4868, 10240, 93, 95
2026/07/29 09:50:15.905, 0, NVIDIA GeForce RTX 3080, 5184, 4868, 10240, 96, 98
2026/07/29 09:50:16.017, 0, NVIDIA GeForce RTX 3080, 5184, 4868, 10240, 96, 98
2026/07/29 09:50:16.129, 0, NVIDIA GeForce RTX 3080, 5184, 4868, 10240, 96, 98
2026/07/29 09:50:16.241, 0, NVIDIA GeForce RTX 3080, 5184, 4868, 10240, 96, 98
2026/07/29 09:50:16.353, 0, NVIDIA GeForce RTX 3080, 5184, 4868, 10240, 96, 98
2026/07/29 09:50:16.465, 0, NVIDIA GeForce RTX 3080, 5184, 4868, 10240, 96, 97
2026/07/29 09:50:16.576, 0, NVIDIA GeForce RTX 3080, 5184, 4868, 10240, 96, 97
2026/07/29 09:50:16.685, 0, NVIDIA GeForce RTX 3080, 5184, 4868, 10240, 96, 97
2026/07/29 09:50:16.797, 0, NVIDIA GeForce RTX 3080, 5184, 4868, 10240, 96, 97
2026/07/29 09:50:16.908, 0, NVIDIA GeForce RTX 3080, 5184, 4868, 10240, 96, 97
2026/07/29 09:50:17.019, 0, NVIDIA GeForce RTX 3080, 5184, 4868, 10240, 96, 97
2026/07/29 09:50:17.130, 0, NVIDIA GeForce RTX 3080, 5184, 4868, 10240, 96, 97
2026/07/29 09:50:17.241, 0, NVIDIA GeForce RTX 3080, 5184, 4868, 10240, 96, 97
2026/07/29 09:50:17.353, 0, NVIDIA GeForce RTX 3080, 5184, 4868, 10240, 96, 97
2026/07/29 09:50:17.461, 0, NVIDIA GeForce RTX 3080, 5184, 4868, 10240, 96, 97
2026/07/29 09:50:17.571, 0, NVIDIA GeForce RTX 3080, 5184, 4868, 10240, 96, 97
2026/07/29 09:50:17.680, 0, NVIDIA GeForce RTX 3080, 5184, 4868, 10240, 96, 97
2026/07/29 09:50:17.789, 0, NVIDIA GeForce RTX 3080, 5184, 4868, 10240, 96, 97
2026/07/29 09:50:17.899, 0, NVIDIA GeForce RTX 3080, 5184, 4868, 10240, 96, 97
2026/07/29 09:50:18.008, 0, NVIDIA GeForce RTX 3080, 5184, 4868, 10240, 96, 97
2026/07/29 09:50:18.120, 0, NVIDIA GeForce RTX 3080, 5184, 4868, 10240, 96, 97
2026/07/29 09:50:18.230, 0, NVIDIA GeForce RTX 3080, 5184, 4868, 10240, 96, 97
2026/07/29 09:50:18.342, 0, NVIDIA GeForce RTX 3080, 5184, 4868, 10240, 96, 97
2026/07/29 09:50:18.454, 0, NVIDIA GeForce RTX 3080, 5184, 4868, 10240, 96, 97
2026/07/29 09:50:18.567, 0, NVIDIA GeForce RTX 3080, 5184, 4868, 10240, 96, 97
2026/07/29 09:50:18.679, 0, NVIDIA GeForce RTX 3080, 5184, 4868, 10240, 96, 97
2026/07/29 09:50:18.791, 0, NVIDIA GeForce RTX 3080, 5184, 4868, 10240, 96, 97
2026/07/29 09:50:18.903, 0, NVIDIA GeForce RTX 3080, 5184, 4868, 10240, 96, 98
2026/07/29 09:50:19.015, 0, NVIDIA GeForce RTX 3080, 5184, 4868, 10240, 96, 98
2026/07/29 09:50:19.127, 0, NVIDIA GeForce RTX 3080, 5184, 4868, 10240, 96, 98
2026/07/29 09:50:19.239, 0, NVIDIA GeForce RTX 3080, 5184, 4868, 10240, 96, 98
2026/07/29 09:50:19.350, 0, NVIDIA GeForce RTX 3080, 5184, 4868, 10240, 96, 98
2026/07/29 09:50:19.459, 0, NVIDIA GeForce RTX 3080, 5184, 4868, 10240, 95, 97
2026/07/29 09:50:19.569, 0, NVIDIA GeForce RTX 3080, 5184, 4868, 10240, 95, 97
2026/07/29 09:50:19.677, 0, NVIDIA GeForce RTX 3080, 5184, 4868, 10240, 95, 97
2026/07/29 09:50:19.788, 0, NVIDIA GeForce RTX 3080, 5184, 4868, 10240, 95, 97
2026/07/29 09:50:19.900, 0, NVIDIA GeForce RTX 3080, 5184, 4868, 10240, 96, 97
2026/07/29 09:50:20.012, 0, NVIDIA GeForce RTX 3080, 5184, 4868, 10240, 96, 97
2026/07/29 09:50:20.124, 0, NVIDIA GeForce RTX 3080, 5184, 4868, 10240, 96, 97
2026/07/29 09:50:20.234, 0, NVIDIA GeForce RTX 3080, 5184, 4868, 10240, 96, 97
2026/07/29 09:50:20.346, 0, NVIDIA GeForce RTX 3080, 5184, 4868, 10240, 96, 97
2026/07/29 09:50:20.458, 0, NVIDIA GeForce RTX 3080, 5184, 4868, 10240, 96, 97
2026/07/29 09:50:20.569, 0, NVIDIA GeForce RTX 3080, 5184, 4868, 10240, 96, 97
2026/07/29 09:50:20.681, 0, NVIDIA GeForce RTX 3080, 5184, 4868, 10240, 96, 97
2026/07/29 09:50:20.793, 0, NVIDIA GeForce RTX 3080, 5184, 4868, 10240, 96, 97
2026/07/29 09:50:20.905, 0, NVIDIA GeForce RTX 3080, 5184, 4868, 10240, 96, 97
2026/07/29 09:50:21.017, 0, NVIDIA GeForce RTX 3080, 5184, 4868, 10240, 96, 97
2026/07/29 09:50:21.129, 0, NVIDIA GeForce RTX 3080, 5184, 4868, 10240, 96, 97
2026/07/29 09:50:21.240, 0, NVIDIA GeForce RTX 3080, 5184, 4868, 10240, 96, 97
2026/07/29 09:50:21.352, 0, NVIDIA GeForce RTX 3080, 5184, 4868, 10240, 96, 97
2026/07/29 09:50:21.464, 0, NVIDIA GeForce RTX 3080, 5184, 4868, 10240, 96, 97
2026/07/29 09:50:21.574, 0, NVIDIA GeForce RTX 3080, 5184, 4868, 10240, 96, 97
2026/07/29 09:50:21.685, 0, NVIDIA GeForce RTX 3080, 5184, 4868, 10240, 96, 97
2026/07/29 09:50:21.797, 0, NVIDIA GeForce RTX 3080, 5184, 4868, 10240, 96, 97
2026/07/29 09:50:21.910, 0, NVIDIA GeForce RTX 3080, 5184, 4868, 10240, 96, 98
2026/07/29 09:50:22.022, 0, NVIDIA GeForce RTX 3080, 5184, 4868, 10240, 96, 98
2026/07/29 09:50:22.134, 0, NVIDIA GeForce RTX 3080, 5184, 4868, 10240, 96, 98
2026/07/29 09:50:22.246, 0, NVIDIA GeForce RTX 3080, 5184, 4868, 10240, 96, 98
2026/07/29 09:50:22.358, 0, NVIDIA GeForce RTX 3080, 5184, 4868, 10240, 96, 98
2026/07/29 09:50:22.469, 0, NVIDIA GeForce RTX 3080, 5184, 4868, 10240, 96, 97
2026/07/29 09:50:22.581, 0, NVIDIA GeForce RTX 3080, 5184, 4868, 10240, 96, 97
2026/07/29 09:50:22.693, 0, NVIDIA GeForce RTX 3080, 5184, 4868, 10240, 96, 97
2026/07/29 09:50:22.805, 0, NVIDIA GeForce RTX 3080, 5184, 4868, 10240, 96, 97
2026/07/29 09:50:22.917, 0, NVIDIA GeForce RTX 3080, 5184, 4868, 10240, 96, 97
2026/07/29 09:50:23.029, 0, NVIDIA GeForce RTX 3080, 5184, 4868, 10240, 96, 97
2026/07/29 09:50:23.140, 0, NVIDIA GeForce RTX 3080, 5184, 4868, 10240, 96, 97
2026/07/29 09:50:23.252, 0, NVIDIA GeForce RTX 3080, 5184, 4868, 10240, 96, 97
2026/07/29 09:50:23.363, 0, NVIDIA GeForce RTX 3080, 5184, 4868, 10240, 96, 97
2026/07/29 09:50:23.475, 0, NVIDIA GeForce RTX 3080, 5184, 4868, 10240, 92, 94
2026/07/29 09:50:23.587, 0, NVIDIA GeForce RTX 3080, 5184, 4868, 10240, 92, 94
2026/07/29 09:50:23.699, 0, NVIDIA GeForce RTX 3080, 5184, 4868, 10240, 92, 94
2026/07/29 09:50:23.811, 0, NVIDIA GeForce RTX 3080, 5184, 4868, 10240, 92, 94
2026/07/29 09:50:23.923, 0, NVIDIA GeForce RTX 3080, 5184, 4868, 10240, 96, 97
2026/07/29 09:50:24.035, 0, NVIDIA GeForce RTX 3080, 5184, 4868, 10240, 96, 97
2026/07/29 09:50:24.147, 0, NVIDIA GeForce RTX 3080, 5184, 4868, 10240, 96, 97
2026/07/29 09:50:24.259, 0, NVIDIA GeForce RTX 3080, 5184, 4868, 10240, 96, 97
2026/07/29 09:50:24.370, 0, NVIDIA GeForce RTX 3080, 5184, 4868, 10240, 96, 97
2026/07/29 09:50:24.479, 0, NVIDIA GeForce RTX 3080, 5184, 4868, 10240, 96, 98
2026/07/29 09:50:24.589, 0, NVIDIA GeForce RTX 3080, 5184, 4868, 10240, 96, 98
2026/07/29 09:50:24.699, 0, NVIDIA GeForce RTX 3080, 5184, 4868, 10240, 96, 98
2026/07/29 09:50:24.810, 0, NVIDIA GeForce RTX 3080, 5184, 4868, 10240, 96, 98
2026/07/29 09:50:24.922, 0, NVIDIA GeForce RTX 3080, 5184, 4868, 10240, 95, 97
2026/07/29 09:50:25.033, 0, NVIDIA GeForce RTX 3080, 5184, 4868, 10240, 95, 97
2026/07/29 09:50:25.143, 0, NVIDIA GeForce RTX 3080, 5184, 4868, 10240, 95, 97
2026/07/29 09:50:25.255, 0, NVIDIA GeForce RTX 3080, 5184, 4868, 10240, 95, 97
2026/07/29 09:50:25.367, 0, NVIDIA GeForce RTX 3080, 5184, 4868, 10240, 95, 97
2026/07/29 09:50:25.476, 0, NVIDIA GeForce RTX 3080, 5184, 4868, 10240, 96, 97
2026/07/29 09:50:25.588, 0, NVIDIA GeForce RTX 3080, 5184, 4868, 10240, 96, 97
2026/07/29 09:50:25.699, 0, NVIDIA GeForce RTX 3080, 5184, 4868, 10240, 96, 97
2026/07/29 09:50:25.810, 0, NVIDIA GeForce RTX 3080, 5184, 4868, 10240, 96, 97
2026/07/29 09:50:25.920, 0, NVIDIA GeForce RTX 3080, 5184, 4868, 10240, 96, 98
2026/07/29 09:50:26.031, 0, NVIDIA GeForce RTX 3080, 5184, 4868, 10240, 96, 98
2026/07/29 09:50:26.143, 0, NVIDIA GeForce RTX 3080, 5184, 4868, 10240, 96, 98
2026/07/29 09:50:26.255, 0, NVIDIA GeForce RTX 3080, 5184, 4868, 10240, 96, 98
2026/07/29 09:50:26.367, 0, NVIDIA GeForce RTX 3080, 5184, 4868, 10240, 96, 98
2026/07/29 09:50:26.479, 0, NVIDIA GeForce RTX 3080, 5184, 4868, 10240, 96, 98
2026/07/29 09:50:26.591, 0, NVIDIA GeForce RTX 3080, 5184, 4868, 10240, 96, 98
2026/07/29 09:50:26.703, 0, NVIDIA GeForce RTX 3080, 5184, 4868, 10240, 96, 98
2026/07/29 09:50:26.815, 0, NVIDIA GeForce RTX 3080, 5184, 4868, 10240, 96, 98
2026/07/29 09:50:26.927, 0, NVIDIA GeForce RTX 3080, 5184, 4868, 10240, 96, 97
2026/07/29 09:50:27.039, 0, NVIDIA GeForce RTX 3080, 5184, 4868, 10240, 96, 97
2026/07/29 09:50:27.151, 0, NVIDIA GeForce RTX 3080, 5184, 4868, 10240, 96, 97
2026/07/29 09:50:27.262, 0, NVIDIA GeForce RTX 3080, 5184, 4868, 10240, 96, 97
2026/07/29 09:50:27.374, 0, NVIDIA GeForce RTX 3080, 5184, 4868, 10240, 96, 97
2026/07/29 09:50:27.486, 0, NVIDIA GeForce RTX 3080, 5184, 4868, 10240, 96, 98
2026/07/29 09:50:27.598, 0, NVIDIA GeForce RTX 3080, 5184, 4868, 10240, 96, 98
2026/07/29 09:50:27.710, 0, NVIDIA GeForce RTX 3080, 5184, 4868, 10240, 96, 98
2026/07/29 09:50:27.821, 0, NVIDIA GeForce RTX 3080, 5184, 4868, 10240, 96, 98
2026/07/29 09:50:27.932, 0, NVIDIA GeForce RTX 3080, 5184, 4868, 10240, 96, 97
2026/07/29 09:50:28.044, 0, NVIDIA GeForce RTX 3080, 5184, 4868, 10240, 96, 97
2026/07/29 09:50:28.157, 0, NVIDIA GeForce RTX 3080, 5184, 4868, 10240, 96, 97
2026/07/29 09:50:28.269, 0, NVIDIA GeForce RTX 3080, 5184, 4868, 10240, 96, 97
2026/07/29 09:50:28.381, 0, NVIDIA GeForce RTX 3080, 5184, 4868, 10240, 96, 97
2026/07/29 09:50:28.492, 0, NVIDIA GeForce RTX 3080, 5184, 4868, 10240, 96, 98
2026/07/29 09:50:28.604, 0, NVIDIA GeForce RTX 3080, 5184, 4868, 10240, 96, 98
2026/07/29 09:50:28.715, 0, NVIDIA GeForce RTX 3080, 5184, 4868, 10240, 96, 98
2026/07/29 09:50:28.827, 0, NVIDIA GeForce RTX 3080, 5184, 4868, 10240, 96, 98
2026/07/29 09:50:28.939, 0, NVIDIA GeForce RTX 3080, 5184, 4868, 10240, 96, 97
2026/07/29 09:50:29.051, 0, NVIDIA GeForce RTX 3080, 5184, 4868, 10240, 96, 97
2026/07/29 09:50:29.163, 0, NVIDIA GeForce RTX 3080, 5184, 4868, 10240, 96, 97
2026/07/29 09:50:29.275, 0, NVIDIA GeForce RTX 3080, 5184, 4868, 10240, 96, 97
2026/07/29 09:50:29.387, 0, NVIDIA GeForce RTX 3080, 5184, 4868, 10240, 96, 97
2026/07/29 09:50:29.499, 0, NVIDIA GeForce RTX 3080, 5184, 4868, 10240, 96, 98
2026/07/29 09:50:29.611, 0, NVIDIA GeForce RTX 3080, 5184, 4868, 10240, 96, 98
2026/07/29 09:50:29.722, 0, NVIDIA GeForce RTX 3080, 5184, 4868, 10240, 96, 98
2026/07/29 09:50:29.834, 0, NVIDIA GeForce RTX 3080, 5184, 4868, 10240, 96, 98
2026/07/29 09:50:29.945, 0, NVIDIA GeForce RTX 3080, 5184, 4868, 10240, 96, 97
2026/07/29 09:50:30.058, 0, NVIDIA GeForce RTX 3080, 5184, 4868, 10240, 96, 97
2026/07/29 09:50:30.168, 0, NVIDIA GeForce RTX 3080, 5184, 4868, 10240, 96, 97
2026/07/29 09:50:30.280, 0, NVIDIA GeForce RTX 3080, 5184, 4868, 10240, 96, 97
2026/07/29 09:50:30.388, 0, NVIDIA GeForce RTX 3080, 5184, 4868, 10240, 96, 97
2026/07/29 09:50:30.497, 0, NVIDIA GeForce RTX 3080, 5184, 4868, 10240, 96, 98
2026/07/29 09:50:30.606, 0, NVIDIA GeForce RTX 3080, 5184, 4868, 10240, 96, 98
2026/07/29 09:50:30.716, 0, NVIDIA GeForce RTX 3080, 5184, 4868, 10240, 96, 98
2026/07/29 09:50:30.825, 0, NVIDIA GeForce RTX 3080, 5184, 4868, 10240, 96, 98
2026/07/29 09:50:30.934, 0, NVIDIA GeForce RTX 3080, 5184, 4868, 10240, 96, 97
2026/07/29 09:50:31.043, 0, NVIDIA GeForce RTX 3080, 5184, 4868, 10240, 96, 97
2026/07/29 09:50:31.151, 0, NVIDIA GeForce RTX 3080, 5184, 4868, 10240, 96, 97
2026/07/29 09:50:31.261, 0, NVIDIA GeForce RTX 3080, 5184, 4868, 10240, 96, 97
2026/07/29 09:50:31.372, 0, NVIDIA GeForce RTX 3080, 5184, 4868, 10240, 96, 97
2026/07/29 09:50:31.484, 0, NVIDIA GeForce RTX 3080, 5184, 4868, 10240, 96, 97
2026/07/29 09:50:31.596, 0, NVIDIA GeForce RTX 3080, 5184, 4868, 10240, 96, 97
2026/07/29 09:50:31.705, 0, NVIDIA GeForce RTX 3080, 5184, 4868, 10240, 96, 97
2026/07/29 09:50:31.817, 0, NVIDIA GeForce RTX 3080, 5184, 4868, 10240, 96, 97
2026/07/29 09:50:31.929, 0, NVIDIA GeForce RTX 3080, 5184, 4868, 10240, 96, 98
2026/07/29 09:50:32.041, 0, NVIDIA GeForce RTX 3080, 5184, 4868, 10240, 96, 98
2026/07/29 09:50:32.153, 0, NVIDIA GeForce RTX 3080, 5184, 4868, 10240, 96, 98
2026/07/29 09:50:32.265, 0, NVIDIA GeForce RTX 3080, 5184, 4868, 10240, 96, 98
2026/07/29 09:50:32.376, 0, NVIDIA GeForce RTX 3080, 5184, 4868, 10240, 96, 98
2026/07/29 09:50:32.486, 0, NVIDIA GeForce RTX 3080, 5184, 4868, 10240, 96, 97
2026/07/29 09:50:32.595, 0, NVIDIA GeForce RTX 3080, 5184, 4868, 10240, 96, 97
2026/07/29 09:50:32.704, 0, NVIDIA GeForce RTX 3080, 5184, 4868, 10240, 96, 97
2026/07/29 09:50:32.813, 0, NVIDIA GeForce RTX 3080, 5184, 4868, 10240, 96, 97
2026/07/29 09:50:32.921, 0, NVIDIA GeForce RTX 3080, 5184, 4868, 10240, 92, 94
2026/07/29 09:50:33.033, 0, NVIDIA GeForce RTX 3080, 5184, 4868, 10240, 92, 94
2026/07/29 09:50:33.145, 0, NVIDIA GeForce RTX 3080, 5184, 4868, 10240, 92, 94
2026/07/29 09:50:33.255, 0, NVIDIA GeForce RTX 3080, 5184, 4868, 10240, 92, 94
2026/07/29 09:50:33.367, 0, NVIDIA GeForce RTX 3080, 5184, 4868, 10240, 92, 94
2026/07/29 09:50:33.479, 0, NVIDIA GeForce RTX 3080, 5184, 4868, 10240, 96, 98
2026/07/29 09:50:33.591, 0, NVIDIA GeForce RTX 3080, 5184, 4868, 10240, 96, 98
2026/07/29 09:50:33.703, 0, NVIDIA GeForce RTX 3080, 5184, 4868, 10240, 96, 98
2026/07/29 09:50:33.815, 0, NVIDIA GeForce RTX 3080, 5184, 4868, 10240, 96, 98
2026/07/29 09:50:33.927, 0, NVIDIA GeForce RTX 3080, 5184, 4868, 10240, 96, 97
2026/07/29 09:50:34.039, 0, NVIDIA GeForce RTX 3080, 5184, 4868, 10240, 96, 97
2026/07/29 09:50:34.152, 0, NVIDIA GeForce RTX 3080, 5184, 4868, 10240, 96, 97
2026/07/29 09:50:34.263, 0, NVIDIA GeForce RTX 3080, 5184, 4868, 10240, 96, 97
2026/07/29 09:50:34.375, 0, NVIDIA GeForce RTX 3080, 5184, 4868, 10240, 96, 97
2026/07/29 09:50:34.487, 0, NVIDIA GeForce RTX 3080, 5184, 4868, 10240, 96, 97
2026/07/29 09:50:34.598, 0, NVIDIA GeForce RTX 3080, 5184, 4868, 10240, 96, 97
2026/07/29 09:50:34.710, 0, NVIDIA GeForce RTX 3080, 5184, 4868, 10240, 96, 97
2026/07/29 09:50:34.822, 0, NVIDIA GeForce RTX 3080, 5184, 4868, 10240, 96, 97
2026/07/29 09:50:34.934, 0, NVIDIA GeForce RTX 3080, 5184, 4868, 10240, 96, 98
2026/07/29 09:50:35.046, 0, NVIDIA GeForce RTX 3080, 5184, 4868, 10240, 96, 98
2026/07/29 09:50:35.158, 0, NVIDIA GeForce RTX 3080, 5184, 4868, 10240, 96, 98
2026/07/29 09:50:35.269, 0, NVIDIA GeForce RTX 3080, 5184, 4868, 10240, 96, 98
2026/07/29 09:50:35.381, 0, NVIDIA GeForce RTX 3080, 5184, 4868, 10240, 96, 98
2026/07/29 09:50:35.493, 0, NVIDIA GeForce RTX 3080, 5184, 4868, 10240, 96, 97
2026/07/29 09:50:35.605, 0, NVIDIA GeForce RTX 3080, 5184, 4868, 10240, 96, 97
2026/07/29 09:50:35.717, 0, NVIDIA GeForce RTX 3080, 5184, 4868, 10240, 96, 97
2026/07/29 09:50:35.828, 0, NVIDIA GeForce RTX 3080, 5184, 4868, 10240, 96, 97
2026/07/29 09:50:35.940, 0, NVIDIA GeForce RTX 3080, 5184, 4868, 10240, 96, 97
2026/07/29 09:50:36.052, 0, NVIDIA GeForce RTX 3080, 5184, 4868, 10240, 96, 97
2026/07/29 09:50:36.164, 0, NVIDIA GeForce RTX 3080, 5184, 4868, 10240, 96, 97
2026/07/29 09:50:36.276, 0, NVIDIA GeForce RTX 3080, 5184, 4868, 10240, 96, 97
2026/07/29 09:50:36.388, 0, NVIDIA GeForce RTX 3080, 5184, 4868, 10240, 96, 97
2026/07/29 09:50:36.500, 0, NVIDIA GeForce RTX 3080, 5184, 4868, 10240, 96, 97
2026/07/29 09:50:36.612, 0, NVIDIA GeForce RTX 3080, 5184, 4868, 10240, 96, 97
2026/07/29 09:50:36.724, 0, NVIDIA GeForce RTX 3080, 5184, 4868, 10240, 96, 97
2026/07/29 09:50:36.837, 0, NVIDIA GeForce RTX 3080, 5184, 4868, 10240, 96, 97
2026/07/29 09:50:36.949, 0, NVIDIA GeForce RTX 3080, 5184, 4868, 10240, 96, 97
2026/07/29 09:50:37.061, 0, NVIDIA GeForce RTX 3080, 5184, 4868, 10240, 96, 97
2026/07/29 09:50:37.172, 0, NVIDIA GeForce RTX 3080, 5184, 4868, 10240, 96, 97
2026/07/29 09:50:37.283, 0, NVIDIA GeForce RTX 3080, 5184, 4868, 10240, 96, 97
2026/07/29 09:50:37.394, 0, NVIDIA GeForce RTX 3080, 5184, 4868, 10240, 96, 97
2026/07/29 09:50:37.502, 0, NVIDIA GeForce RTX 3080, 5184, 4868, 10240, 96, 97
2026/07/29 09:50:37.612, 0, NVIDIA GeForce RTX 3080, 5184, 4868, 10240, 96, 97
2026/07/29 09:50:37.722, 0, NVIDIA GeForce RTX 3080, 5184, 4868, 10240, 96, 97
2026/07/29 09:50:37.830, 0, NVIDIA GeForce RTX 3080, 5184, 4868, 10240, 96, 97
2026/07/29 09:50:37.942, 0, NVIDIA GeForce RTX 3080, 5184, 4868, 10240, 96, 98
2026/07/29 09:50:38.053, 0, NVIDIA GeForce RTX 3080, 5184, 4868, 10240, 96, 98
2026/07/29 09:50:38.165, 0, NVIDIA GeForce RTX 3080, 5184, 4868, 10240, 96, 98
2026/07/29 09:50:38.277, 0, NVIDIA GeForce RTX 3080, 5184, 4868, 10240, 96, 98
2026/07/29 09:50:38.389, 0, NVIDIA GeForce RTX 3080, 5184, 4868, 10240, 96, 98
2026/07/29 09:50:38.501, 0, NVIDIA GeForce RTX 3080, 5184, 4868, 10240, 96, 97
2026/07/29 09:50:38.613, 0, NVIDIA GeForce RTX 3080, 5184, 4868, 10240, 96, 97
2026/07/29 09:50:38.725, 0, NVIDIA GeForce RTX 3080, 5184, 4868, 10240, 96, 97
2026/07/29 09:50:38.837, 0, NVIDIA GeForce RTX 3080, 5184, 4868, 10240, 96, 97
2026/07/29 09:50:38.949, 0, NVIDIA GeForce RTX 3080, 5184, 4868, 10240, 96, 97
2026/07/29 09:50:39.061, 0, NVIDIA GeForce RTX 3080, 5184, 4868, 10240, 96, 97
2026/07/29 09:50:39.173, 0, NVIDIA GeForce RTX 3080, 5184, 4868, 10240, 96, 97
2026/07/29 09:50:39.285, 0, NVIDIA GeForce RTX 3080, 5184, 4868, 10240, 96, 97
2026/07/29 09:50:39.396, 0, NVIDIA GeForce RTX 3080, 5184, 4868, 10240, 96, 97
2026/07/29 09:50:39.505, 0, NVIDIA GeForce RTX 3080, 5184, 4868, 10240, 96, 97
2026/07/29 09:50:39.616, 0, NVIDIA GeForce RTX 3080, 5184, 4868, 10240, 96, 97
2026/07/29 09:50:39.728, 0, NVIDIA GeForce RTX 3080, 5184, 4868, 10240, 96, 97
2026/07/29 09:50:39.839, 0, NVIDIA GeForce RTX 3080, 5184, 4868, 10240, 96, 97
2026/07/29 09:50:39.951, 0, NVIDIA GeForce RTX 3080, 5184, 4868, 10240, 96, 97
2026/07/29 09:50:40.061, 0, NVIDIA GeForce RTX 3080, 5184, 4868, 10240, 96, 97
2026/07/29 09:50:40.171, 0, NVIDIA GeForce RTX 3080, 5184, 4868, 10240, 96, 97
2026/07/29 09:50:40.283, 0, NVIDIA GeForce RTX 3080, 5184, 4868, 10240, 96, 97
2026/07/29 09:50:40.395, 0, NVIDIA GeForce RTX 3080, 5184, 4868, 10240, 96, 97
2026/07/29 09:50:40.507, 0, NVIDIA GeForce RTX 3080, 5184, 4868, 10240, 96, 97
2026/07/29 09:50:40.619, 0, NVIDIA GeForce RTX 3080, 5184, 4868, 10240, 96, 97
2026/07/29 09:50:40.730, 0, NVIDIA GeForce RTX 3080, 5184, 4868, 10240, 96, 97
2026/07/29 09:50:40.842, 0, NVIDIA GeForce RTX 3080, 5184, 4868, 10240, 96, 97
2026/07/29 09:50:40.954, 0, NVIDIA GeForce RTX 3080, 5184, 4868, 10240, 96, 98
2026/07/29 09:50:41.066, 0, NVIDIA GeForce RTX 3080, 5184, 4868, 10240, 96, 98
2026/07/29 09:50:41.178, 0, NVIDIA GeForce RTX 3080, 5184, 4868, 10240, 96, 98
2026/07/29 09:50:41.289, 0, NVIDIA GeForce RTX 3080, 5184, 4868, 10240, 96, 98
2026/07/29 09:50:41.401, 0, NVIDIA GeForce RTX 3080, 5184, 4868, 10240, 96, 97
2026/07/29 09:50:41.512, 0, NVIDIA GeForce RTX 3080, 5184, 4868, 10240, 96, 97
2026/07/29 09:50:41.624, 0, NVIDIA GeForce RTX 3080, 5184, 4868, 10240, 96, 97
2026/07/29 09:50:41.736, 0, NVIDIA GeForce RTX 3080, 5184, 4868, 10240, 96, 97
2026/07/29 09:50:41.848, 0, NVIDIA GeForce RTX 3080, 5184, 4868, 10240, 96, 97
2026/07/29 09:50:41.959, 0, NVIDIA GeForce RTX 3080, 5184, 4868, 10240, 96, 97
2026/07/29 09:50:42.071, 0, NVIDIA GeForce RTX 3080, 5184, 4868, 10240, 96, 97
2026/07/29 09:50:42.183, 0, NVIDIA GeForce RTX 3080, 5184, 4868, 10240, 96, 97
2026/07/29 09:50:42.295, 0, NVIDIA GeForce RTX 3080, 5184, 4868, 10240, 96, 97
2026/07/29 09:50:42.407, 0, NVIDIA GeForce RTX 3080, 5184, 4868, 10240, 92, 95
2026/07/29 09:50:42.519, 0, NVIDIA GeForce RTX 3080, 5184, 4868, 10240, 92, 95
2026/07/29 09:50:42.631, 0, NVIDIA GeForce RTX 3080, 5184, 4868, 10240, 92, 95
2026/07/29 09:50:42.743, 0, NVIDIA GeForce RTX 3080, 5184, 4868, 10240, 92, 95
2026/07/29 09:50:42.855, 0, NVIDIA GeForce RTX 3080, 5184, 4868, 10240, 92, 95
2026/07/29 09:50:42.967, 0, NVIDIA GeForce RTX 3080, 5184, 4868, 10240, 96, 98
2026/07/29 09:50:43.079, 0, NVIDIA GeForce RTX 3080, 5184, 4868, 10240, 96, 98
2026/07/29 09:50:43.191, 0, NVIDIA GeForce RTX 3080, 5184, 4868, 10240, 96, 98
2026/07/29 09:50:43.304, 0, NVIDIA GeForce RTX 3080, 5184, 4868, 10240, 96, 98
2026/07/29 09:50:43.416, 0, NVIDIA GeForce RTX 3080, 5184, 4868, 10240, 95, 97
2026/07/29 09:50:43.528, 0, NVIDIA GeForce RTX 3080, 5184, 4868, 10240, 95, 97
2026/07/29 09:50:43.640, 0, NVIDIA GeForce RTX 3080, 5184, 4868, 10240, 95, 97
2026/07/29 09:50:43.752, 0, NVIDIA GeForce RTX 3080, 5184, 4868, 10240, 95, 97
2026/07/29 09:50:43.864, 0, NVIDIA GeForce RTX 3080, 5184, 4868, 10240, 95, 97
2026/07/29 09:50:43.976, 0, NVIDIA GeForce RTX 3080, 5184, 4868, 10240, 96, 98
2026/07/29 09:50:44.088, 0, NVIDIA GeForce RTX 3080, 5184, 4868, 10240, 96, 98
2026/07/29 09:50:44.200, 0, NVIDIA GeForce RTX 3080, 5184, 4868, 10240, 96, 98
2026/07/29 09:50:44.312, 0, NVIDIA GeForce RTX 3080, 5184, 4868, 10240, 96, 98
2026/07/29 09:50:44.422, 0, NVIDIA GeForce RTX 3080, 5184, 4868, 10240, 96, 97
2026/07/29 09:50:44.528, 0, NVIDIA GeForce RTX 3080, 5184, 4868, 10240, 96, 97
2026/07/29 09:50:44.639, 0, NVIDIA GeForce RTX 3080, 5184, 4868, 10240, 96, 97
2026/07/29 09:50:44.751, 0, NVIDIA GeForce RTX 3080, 5184, 4868, 10240, 96, 97
2026/07/29 09:50:44.862, 0, NVIDIA GeForce RTX 3080, 5184, 4868, 10240, 96, 97
2026/07/29 09:50:44.973, 0, NVIDIA GeForce RTX 3080, 5184, 4868, 10240, 95, 97
2026/07/29 09:50:45.085, 0, NVIDIA GeForce RTX 3080, 5184, 4868, 10240, 95, 97
2026/07/29 09:50:45.197, 0, NVIDIA GeForce RTX 3080, 5184, 4868, 10240, 95, 97
2026/07/29 09:50:45.309, 0, NVIDIA GeForce RTX 3080, 5184, 4868, 10240, 95, 97
2026/07/29 09:50:45.421, 0, NVIDIA GeForce RTX 3080, 5184, 4868, 10240, 96, 97
2026/07/29 09:50:45.532, 0, NVIDIA GeForce RTX 3080, 5184, 4868, 10240, 96, 97
2026/07/29 09:50:45.644, 0, NVIDIA GeForce RTX 3080, 5184, 4868, 10240, 96, 97
2026/07/29 09:50:45.756, 0, NVIDIA GeForce RTX 3080, 5184, 4868, 10240, 96, 97
2026/07/29 09:50:45.867, 0, NVIDIA GeForce RTX 3080, 5184, 4868, 10240, 96, 97
2026/07/29 09:50:45.978, 0, NVIDIA GeForce RTX 3080, 5184, 4868, 10240, 96, 97
2026/07/29 09:50:46.089, 0, NVIDIA GeForce RTX 3080, 5184, 4868, 10240, 96, 97
2026/07/29 09:50:46.201, 0, NVIDIA GeForce RTX 3080, 5184, 4868, 10240, 96, 97
2026/07/29 09:50:46.313, 0, NVIDIA GeForce RTX 3080, 5184, 4868, 10240, 96, 97
2026/07/29 09:50:46.424, 0, NVIDIA GeForce RTX 3080, 5184, 4868, 10240, 95, 97
2026/07/29 09:50:46.535, 0, NVIDIA GeForce RTX 3080, 5184, 4868, 10240, 95, 97
2026/07/29 09:50:46.646, 0, NVIDIA GeForce RTX 3080, 5184, 4868, 10240, 95, 97
2026/07/29 09:50:46.758, 0, NVIDIA GeForce RTX 3080, 5184, 4868, 10240, 95, 97
2026/07/29 09:50:46.870, 0, NVIDIA GeForce RTX 3080, 5184, 4868, 10240, 95, 97
2026/07/29 09:50:46.982, 0, NVIDIA GeForce RTX 3080, 5184, 4868, 10240, 96, 98
2026/07/29 09:50:47.094, 0, NVIDIA GeForce RTX 3080, 5184, 4868, 10240, 96, 98
2026/07/29 09:50:47.206, 0, NVIDIA GeForce RTX 3080, 5184, 4868, 10240, 96, 98
2026/07/29 09:50:47.318, 0, NVIDIA GeForce RTX 3080, 5184, 4868, 10240, 96, 98
2026/07/29 09:50:47.430, 0, NVIDIA GeForce RTX 3080, 5184, 4868, 10240, 96, 98
2026/07/29 09:50:47.541, 0, NVIDIA GeForce RTX 3080, 5184, 4868, 10240, 96, 98
2026/07/29 09:50:47.653, 0, NVIDIA GeForce RTX 3080, 5184, 4868, 10240, 96, 98
2026/07/29 09:50:47.765, 0, NVIDIA GeForce RTX 3080, 5184, 4868, 10240, 96, 98
2026/07/29 09:50:47.878, 0, NVIDIA GeForce RTX 3080, 5184, 4868, 10240, 96, 98
2026/07/29 09:50:47.989, 0, NVIDIA GeForce RTX 3080, 5184, 4868, 10240, 95, 97
2026/07/29 09:50:48.101, 0, NVIDIA GeForce RTX 3080, 5184, 4868, 10240, 95, 97
2026/07/29 09:50:48.213, 0, NVIDIA GeForce RTX 3080, 5184, 4868, 10240, 95, 97
2026/07/29 09:50:48.323, 0, NVIDIA GeForce RTX 3080, 5184, 4868, 10240, 95, 97
2026/07/29 09:50:48.435, 0, NVIDIA GeForce RTX 3080, 5184, 4868, 10240, 96, 98
2026/07/29 09:50:48.547, 0, NVIDIA GeForce RTX 3080, 5184, 4868, 10240, 96, 98
2026/07/29 09:50:48.659, 0, NVIDIA GeForce RTX 3080, 5184, 4868, 10240, 96, 98
2026/07/29 09:50:48.771, 0, NVIDIA GeForce RTX 3080, 5184, 4868, 10240, 96, 98
2026/07/29 09:50:48.883, 0, NVIDIA GeForce RTX 3080, 5184, 4868, 10240, 96, 98
2026/07/29 09:50:48.995, 0, NVIDIA GeForce RTX 3080, 5184, 4868, 10240, 96, 98
2026/07/29 09:50:49.107, 0, NVIDIA GeForce RTX 3080, 5184, 4868, 10240, 96, 98
2026/07/29 09:50:49.219, 0, NVIDIA GeForce RTX 3080, 5184, 4868, 10240, 96, 98
2026/07/29 09:50:49.331, 0, NVIDIA GeForce RTX 3080, 5184, 4868, 10240, 96, 98
2026/07/29 09:50:49.442, 0, NVIDIA GeForce RTX 3080, 5184, 4868, 10240, 96, 97
2026/07/29 09:50:49.553, 0, NVIDIA GeForce RTX 3080, 5184, 4868, 10240, 96, 97
2026/07/29 09:50:49.664, 0, NVIDIA GeForce RTX 3080, 5184, 4868, 10240, 96, 97
2026/07/29 09:50:49.775, 0, NVIDIA GeForce RTX 3080, 5184, 4868, 10240, 96, 97
2026/07/29 09:50:49.886, 0, NVIDIA GeForce RTX 3080, 5184, 4868, 10240, 96, 97
2026/07/29 09:50:49.997, 0, NVIDIA GeForce RTX 3080, 5184, 4868, 10240, 96, 97
2026/07/29 09:50:50.109, 0, NVIDIA GeForce RTX 3080, 5184, 4868, 10240, 96, 97
2026/07/29 09:50:50.221, 0, NVIDIA GeForce RTX 3080, 5184, 4868, 10240, 96, 97
2026/07/29 09:50:50.333, 0, NVIDIA GeForce RTX 3080, 5184, 4868, 10240, 96, 97
2026/07/29 09:50:50.444, 0, NVIDIA GeForce RTX 3080, 5184, 4868, 10240, 94, 96
2026/07/29 09:50:50.553, 0, NVIDIA GeForce RTX 3080, 5184, 4868, 10240, 94, 96
2026/07/29 09:50:50.661, 0, NVIDIA GeForce RTX 3080, 5184, 4868, 10240, 94, 96
2026/07/29 09:50:50.771, 0, NVIDIA GeForce RTX 3080, 5184, 4868, 10240, 94, 96
2026/07/29 09:50:50.880, 0, NVIDIA GeForce RTX 3080, 5184, 4868, 10240, 94, 96
2026/07/29 09:50:50.989, 0, NVIDIA GeForce RTX 3080, 5184, 4868, 10240, 95, 97
2026/07/29 09:50:51.098, 0, NVIDIA GeForce RTX 3080, 5184, 4868, 10240, 95, 97
2026/07/29 09:50:51.206, 0, NVIDIA GeForce RTX 3080, 5184, 4868, 10240, 95, 97
2026/07/29 09:50:51.318, 0, NVIDIA GeForce RTX 3080, 5184, 4868, 10240, 95, 97
2026/07/29 09:50:51.430, 0, NVIDIA GeForce RTX 3080, 5184, 4868, 10240, 96, 97
2026/07/29 09:50:51.543, 0, NVIDIA GeForce RTX 3080, 5184, 4868, 10240, 96, 97
2026/07/29 09:50:51.655, 0, NVIDIA GeForce RTX 3080, 5184, 4868, 10240, 96, 97
2026/07/29 09:50:51.767, 0, NVIDIA GeForce RTX 3080, 5184, 4868, 10240, 96, 97
2026/07/29 09:50:51.879, 0, NVIDIA GeForce RTX 3080, 5184, 4868, 10240, 96, 97
2026/07/29 09:50:51.990, 0, NVIDIA GeForce RTX 3080, 5184, 4868, 10240, 94, 96
2026/07/29 09:50:52.101, 0, NVIDIA GeForce RTX 3080, 5184, 4868, 10240, 94, 96
2026/07/29 09:50:52.213, 0, NVIDIA GeForce RTX 3080, 5184, 4868, 10240, 94, 96
2026/07/29 09:50:52.325, 0, NVIDIA GeForce RTX 3080, 5184, 4868, 10240, 94, 96
2026/07/29 09:50:52.435, 0, NVIDIA GeForce RTX 3080, 5184, 4868, 10240, 95, 97
2026/07/29 09:50:52.545, 0, NVIDIA GeForce RTX 3080, 5184, 4868, 10240, 95, 97
2026/07/29 09:50:52.653, 0, NVIDIA GeForce RTX 3080, 5184, 4868, 10240, 95, 97
2026/07/29 09:50:52.763, 0, NVIDIA GeForce RTX 3080, 5184, 4868, 10240, 95, 97
2026/07/29 09:50:52.872, 0, NVIDIA GeForce RTX 3080, 5184, 4868, 10240, 95, 97
2026/07/29 09:50:52.984, 0, NVIDIA GeForce RTX 3080, 5184, 4868, 10240, 96, 98
2026/07/29 09:50:53.096, 0, NVIDIA GeForce RTX 3080, 5184, 4868, 10240, 96, 98
2026/07/29 09:50:53.208, 0, NVIDIA GeForce RTX 3080, 5184, 4868, 10240, 96, 98
2026/07/29 09:50:53.320, 0, NVIDIA GeForce RTX 3080, 5184, 4868, 10240, 96, 98
2026/07/29 09:50:53.432, 0, NVIDIA GeForce RTX 3080, 5184, 4868, 10240, 96, 98
2026/07/29 09:50:53.543, 0, NVIDIA GeForce RTX 3080, 5184, 4868, 10240, 96, 98
2026/07/29 09:50:53.655, 0, NVIDIA GeForce RTX 3080, 5184, 4868, 10240, 96, 98
2026/07/29 09:50:53.767, 0, NVIDIA GeForce RTX 3080, 5184, 4868, 10240, 96, 98
2026/07/29 09:50:53.878, 0, NVIDIA GeForce RTX 3080, 5184, 4868, 10240, 96, 98
2026/07/29 09:50:53.989, 0, NVIDIA GeForce RTX 3080, 5184, 4868, 10240, 95, 97
2026/07/29 09:50:54.101, 0, NVIDIA GeForce RTX 3080, 5184, 4868, 10240, 95, 97
2026/07/29 09:50:54.212, 0, NVIDIA GeForce RTX 3080, 5184, 4868, 10240, 95, 97
2026/07/29 09:50:54.323, 0, NVIDIA GeForce RTX 3080, 5184, 4868, 10240, 95, 97
2026/07/29 09:50:54.434, 0, NVIDIA GeForce RTX 3080, 5184, 4868, 10240, 96, 98
2026/07/29 09:50:54.546, 0, NVIDIA GeForce RTX 3080, 5184, 4868, 10240, 96, 98
2026/07/29 09:50:54.658, 0, NVIDIA GeForce RTX 3080, 5184, 4868, 10240, 96, 98
2026/07/29 09:50:54.769, 0, NVIDIA GeForce RTX 3080, 5184, 4868, 10240, 96, 98
2026/07/29 09:50:54.881, 0, NVIDIA GeForce RTX 3080, 5184, 4868, 10240, 96, 98
2026/07/29 09:50:54.993, 0, NVIDIA GeForce RTX 3080, 5184, 4868, 10240, 96, 98
2026/07/29 09:50:55.105, 0, NVIDIA GeForce RTX 3080, 5184, 4868, 10240, 96, 98
2026/07/29 09:50:55.217, 0, NVIDIA GeForce RTX 3080, 5184, 4868, 10240, 96, 98
2026/07/29 09:50:55.329, 0, NVIDIA GeForce RTX 3080, 5184, 4868, 10240, 96, 98
2026/07/29 09:50:55.441, 0, NVIDIA GeForce RTX 3080, 5184, 4868, 10240, 96, 97
2026/07/29 09:50:55.553, 0, NVIDIA GeForce RTX 3080, 5184, 4868, 10240, 96, 97
2026/07/29 09:50:55.665, 0, NVIDIA GeForce RTX 3080, 5184, 4868, 10240, 96, 97
2026/07/29 09:50:55.777, 0, NVIDIA GeForce RTX 3080, 5184, 4868, 10240, 96, 97
2026/07/29 09:50:55.889, 0, NVIDIA GeForce RTX 3080, 5184, 4868, 10240, 96, 97
2026/07/29 09:50:56.001, 0, NVIDIA GeForce RTX 3080, 5184, 4868, 10240, 96, 97
2026/07/29 09:50:56.113, 0, NVIDIA GeForce RTX 3080, 5184, 4868, 10240, 96, 97
2026/07/29 09:50:56.225, 0, NVIDIA GeForce RTX 3080, 5184, 4868, 10240, 96, 97
2026/07/29 09:50:56.337, 0, NVIDIA GeForce RTX 3080, 5184, 4868, 10240, 96, 97
2026/07/29 09:50:56.449, 0, NVIDIA GeForce RTX 3080, 5184, 4868, 10240, 96, 97
2026/07/29 09:50:56.561, 0, NVIDIA GeForce RTX 3080, 5184, 4868, 10240, 96, 97
2026/07/29 09:50:56.673, 0, NVIDIA GeForce RTX 3080, 5184, 4868, 10240, 96, 97
2026/07/29 09:50:56.785, 0, NVIDIA GeForce RTX 3080, 5184, 4868, 10240, 96, 97
2026/07/29 09:50:56.897, 0, NVIDIA GeForce RTX 3080, 5184, 4868, 10240, 96, 97
2026/07/29 09:50:57.010, 0, NVIDIA GeForce RTX 3080, 5184, 4868, 10240, 95, 97
2026/07/29 09:50:57.122, 0, NVIDIA GeForce RTX 3080, 5184, 4868, 10240, 95, 97
2026/07/29 09:50:57.233, 0, NVIDIA GeForce RTX 3080, 5184, 4868, 10240, 95, 97
2026/07/29 09:50:57.345, 0, NVIDIA GeForce RTX 3080, 5184, 4868, 10240, 95, 97
2026/07/29 09:50:57.454, 0, NVIDIA GeForce RTX 3080, 5184, 4868, 10240, 96, 97
2026/07/29 09:50:57.564, 0, NVIDIA GeForce RTX 3080, 5184, 4868, 10240, 96, 97
2026/07/29 09:50:57.673, 0, NVIDIA GeForce RTX 3080, 5184, 4868, 10240, 96, 97
2026/07/29 09:50:57.782, 0, NVIDIA GeForce RTX 3080, 5184, 4868, 10240, 96, 97
2026/07/29 09:50:57.893, 0, NVIDIA GeForce RTX 3080, 5184, 4868, 10240, 96, 97
2026/07/29 09:50:58.005, 0, NVIDIA GeForce RTX 3080, 5184, 4868, 10240, 96, 98
2026/07/29 09:50:58.117, 0, NVIDIA GeForce RTX 3080, 5184, 4868, 10240, 96, 98
2026/07/29 09:50:58.229, 0, NVIDIA GeForce RTX 3080, 5184, 4868, 10240, 96, 98
2026/07/29 09:50:58.341, 0, NVIDIA GeForce RTX 3080, 5184, 4868, 10240, 96, 98
2026/07/29 09:50:58.453, 0, NVIDIA GeForce RTX 3080, 5184, 4868, 10240, 96, 97
2026/07/29 09:50:58.565, 0, NVIDIA GeForce RTX 3080, 5184, 4868, 10240, 96, 97
2026/07/29 09:50:58.677, 0, NVIDIA GeForce RTX 3080, 5184, 4868, 10240, 96, 97
2026/07/29 09:50:58.789, 0, NVIDIA GeForce RTX 3080, 5184, 4868, 10240, 96, 97
2026/07/29 09:50:58.901, 0, NVIDIA GeForce RTX 3080, 5184, 4868, 10240, 96, 98
2026/07/29 09:50:59.013, 0, NVIDIA GeForce RTX 3080, 5184, 4868, 10240, 96, 98
2026/07/29 09:50:59.125, 0, NVIDIA GeForce RTX 3080, 5184, 4868, 10240, 96, 98
2026/07/29 09:50:59.237, 0, NVIDIA GeForce RTX 3080, 5184, 4868, 10240, 96, 98
2026/07/29 09:50:59.349, 0, NVIDIA GeForce RTX 3080, 5184, 4868, 10240, 96, 98
2026/07/29 09:50:59.460, 0, NVIDIA GeForce RTX 3080, 5184, 4868, 10240, 96, 97
2026/07/29 09:50:59.570, 0, NVIDIA GeForce RTX 3080, 5184, 4868, 10240, 96, 97
2026/07/29 09:50:59.682, 0, NVIDIA GeForce RTX 3080, 5184, 4868, 10240, 96, 97
2026/07/29 09:50:59.792, 0, NVIDIA GeForce RTX 3080, 5184, 4868, 10240, 96, 97
2026/07/29 09:50:59.904, 0, NVIDIA GeForce RTX 3080, 5184, 4868, 10240, 93, 95
2026/07/29 09:51:00.016, 0, NVIDIA GeForce RTX 3080, 5184, 4868, 10240, 93, 95
2026/07/29 09:51:00.127, 0, NVIDIA GeForce RTX 3080, 5184, 4868, 10240, 93, 95
2026/07/29 09:51:00.239, 0, NVIDIA GeForce RTX 3080, 5184, 4868, 10240, 93, 95
2026/07/29 09:51:00.351, 0, NVIDIA GeForce RTX 3080, 5184, 4868, 10240, 93, 95
2026/07/29 09:51:00.463, 0, NVIDIA GeForce RTX 3080, 5184, 4868, 10240, 96, 97
2026/07/29 09:51:00.575, 0, NVIDIA GeForce RTX 3080, 5184, 4868, 10240, 96, 97
2026/07/29 09:51:00.687, 0, NVIDIA GeForce RTX 3080, 5184, 4868, 10240, 96, 97
2026/07/29 09:51:00.799, 0, NVIDIA GeForce RTX 3080, 5184, 4868, 10240, 96, 97
2026/07/29 09:51:00.911, 0, NVIDIA GeForce RTX 3080, 5184, 4868, 10240, 96, 97
2026/07/29 09:51:01.023, 0, NVIDIA GeForce RTX 3080, 5184, 4868, 10240, 96, 97
2026/07/29 09:51:01.135, 0, NVIDIA GeForce RTX 3080, 5184, 4868, 10240, 96, 97
2026/07/29 09:51:01.246, 0, NVIDIA GeForce RTX 3080, 5184, 4868, 10240, 96, 97
2026/07/29 09:51:01.357, 0, NVIDIA GeForce RTX 3080, 5184, 4868, 10240, 96, 97
2026/07/29 09:51:01.469, 0, NVIDIA GeForce RTX 3080, 5184, 4868, 10240, 96, 97
2026/07/29 09:51:01.581, 0, NVIDIA GeForce RTX 3080, 5184, 4868, 10240, 96, 97
2026/07/29 09:51:01.693, 0, NVIDIA GeForce RTX 3080, 5184, 4868, 10240, 96, 97
2026/07/29 09:51:01.805, 0, NVIDIA GeForce RTX 3080, 5184, 4868, 10240, 96, 97
2026/07/29 09:51:01.917, 0, NVIDIA GeForce RTX 3080, 5184, 4868, 10240, 96, 98
2026/07/29 09:51:02.029, 0, NVIDIA GeForce RTX 3080, 5184, 4868, 10240, 96, 98
2026/07/29 09:51:02.141, 0, NVIDIA GeForce RTX 3080, 5184, 4868, 10240, 96, 98
2026/07/29 09:51:02.253, 0, NVIDIA GeForce RTX 3080, 5184, 4868, 10240, 96, 98
2026/07/29 09:51:02.365, 0, NVIDIA GeForce RTX 3080, 5184, 4868, 10240, 96, 98
2026/07/29 09:51:02.476, 0, NVIDIA GeForce RTX 3080, 5184, 4868, 10240, 96, 97
2026/07/29 09:51:02.588, 0, NVIDIA GeForce RTX 3080, 5184, 4868, 10240, 96, 97
2026/07/29 09:51:02.699, 0, NVIDIA GeForce RTX 3080, 5184, 4868, 10240, 96, 97
2026/07/29 09:51:02.810, 0, NVIDIA GeForce RTX 3080, 5184, 4868, 10240, 96, 97
2026/07/29 09:51:02.921, 0, NVIDIA GeForce RTX 3080, 5184, 4868, 10240, 95, 97
2026/07/29 09:51:03.033, 0, NVIDIA GeForce RTX 3080, 5184, 4868, 10240, 95, 97
2026/07/29 09:51:03.145, 0, NVIDIA GeForce RTX 3080, 5184, 4868, 10240, 95, 97
2026/07/29 09:51:03.257, 0, NVIDIA GeForce RTX 3080, 5184, 4868, 10240, 95, 97
2026/07/29 09:51:03.369, 0, NVIDIA GeForce RTX 3080, 5184, 4868, 10240, 95, 97
2026/07/29 09:51:03.481, 0, NVIDIA GeForce RTX 3080, 5184, 4868, 10240, 96, 98
2026/07/29 09:51:03.593, 0, NVIDIA GeForce RTX 3080, 5184, 4868, 10240, 96, 98
2026/07/29 09:51:03.705, 0, NVIDIA GeForce RTX 3080, 5184, 4868, 10240, 96, 98
2026/07/29 09:51:03.817, 0, NVIDIA GeForce RTX 3080, 5184, 4868, 10240, 96, 98
2026/07/29 09:51:03.929, 0, NVIDIA GeForce RTX 3080, 5184, 4868, 10240, 96, 97
2026/07/29 09:51:04.041, 0, NVIDIA GeForce RTX 3080, 5184, 4868, 10240, 96, 97
2026/07/29 09:51:04.153, 0, NVIDIA GeForce RTX 3080, 5184, 4868, 10240, 96, 97
2026/07/29 09:51:04.265, 0, NVIDIA GeForce RTX 3080, 5184, 4868, 10240, 96, 97
2026/07/29 09:51:04.376, 0, NVIDIA GeForce RTX 3080, 5184, 4868, 10240, 96, 97
2026/07/29 09:51:04.487, 0, NVIDIA GeForce RTX 3080, 5184, 4868, 10240, 96, 97
2026/07/29 09:51:04.599, 0, NVIDIA GeForce RTX 3080, 5184, 4868, 10240, 96, 97
2026/07/29 09:51:04.711, 0, NVIDIA GeForce RTX 3080, 5184, 4868, 10240, 96, 97
2026/07/29 09:51:04.823, 0, NVIDIA GeForce RTX 3080, 5184, 4868, 10240, 96, 97
2026/07/29 09:51:04.934, 0, NVIDIA GeForce RTX 3080, 5184, 4868, 10240, 96, 97
2026/07/29 09:51:05.046, 0, NVIDIA GeForce RTX 3080, 5184, 4868, 10240, 96, 97
2026/07/29 09:51:05.158, 0, NVIDIA GeForce RTX 3080, 5184, 4868, 10240, 96, 97
2026/07/29 09:51:05.270, 0, NVIDIA GeForce RTX 3080, 5184, 4868, 10240, 96, 97
2026/07/29 09:51:05.382, 0, NVIDIA GeForce RTX 3080, 5184, 4868, 10240, 96, 97
2026/07/29 09:51:05.494, 0, NVIDIA GeForce RTX 3080, 5184, 4868, 10240, 96, 97
2026/07/29 09:51:05.605, 0, NVIDIA GeForce RTX 3080, 5184, 4868, 10240, 96, 97
2026/07/29 09:51:05.717, 0, NVIDIA GeForce RTX 3080, 5184, 4868, 10240, 96, 97
2026/07/29 09:51:05.829, 0, NVIDIA GeForce RTX 3080, 5184, 4868, 10240, 96, 97
2026/07/29 09:51:05.940, 0, NVIDIA GeForce RTX 3080, 5184, 4868, 10240, 96, 97
2026/07/29 09:51:06.052, 0, NVIDIA GeForce RTX 3080, 5184, 4868, 10240, 96, 97
2026/07/29 09:51:06.164, 0, NVIDIA GeForce RTX 3080, 5184, 4868, 10240, 96, 97
2026/07/29 09:51:06.276, 0, NVIDIA GeForce RTX 3080, 5184, 4868, 10240, 96, 97
2026/07/29 09:51:06.388, 0, NVIDIA GeForce RTX 3080, 5184, 4868, 10240, 96, 97
2026/07/29 09:51:06.500, 0, NVIDIA GeForce RTX 3080, 5184, 4868, 10240, 96, 98
2026/07/29 09:51:06.612, 0, NVIDIA GeForce RTX 3080, 5184, 4868, 10240, 96, 98
2026/07/29 09:51:06.724, 0, NVIDIA GeForce RTX 3080, 5184, 4868, 10240, 96, 98
2026/07/29 09:51:06.836, 0, NVIDIA GeForce RTX 3080, 5184, 4868, 10240, 96, 98
2026/07/29 09:51:06.948, 0, NVIDIA GeForce RTX 3080, 5184, 4868, 10240, 95, 97
2026/07/29 09:51:07.059, 0, NVIDIA GeForce RTX 3080, 5184, 4868, 10240, 95, 97
2026/07/29 09:51:07.171, 0, NVIDIA GeForce RTX 3080, 5184, 4868, 10240, 95, 97
2026/07/29 09:51:07.283, 0, NVIDIA GeForce RTX 3080, 5184, 4868, 10240, 95, 97
2026/07/29 09:51:07.395, 0, NVIDIA GeForce RTX 3080, 5184, 4868, 10240, 95, 97
2026/07/29 09:51:07.507, 0, NVIDIA GeForce RTX 3080, 5184, 4868, 10240, 95, 97
2026/07/29 09:51:07.619, 0, NVIDIA GeForce RTX 3080, 5184, 4868, 10240, 95, 97
2026/07/29 09:51:07.732, 0, NVIDIA GeForce RTX 3080, 5184, 4868, 10240, 95, 97
2026/07/29 09:51:07.844, 0, NVIDIA GeForce RTX 3080, 5184, 4868, 10240, 95, 97
2026/07/29 09:51:07.956, 0, NVIDIA GeForce RTX 3080, 5184, 4868, 10240, 96, 98
2026/07/29 09:51:08.068, 0, NVIDIA GeForce RTX 3080, 5184, 4868, 10240, 96, 98
2026/07/29 09:51:08.180, 0, NVIDIA GeForce RTX 3080, 5184, 4868, 10240, 96, 98
2026/07/29 09:51:08.292, 0, NVIDIA GeForce RTX 3080, 5184, 4868, 10240, 96, 98
2026/07/29 09:51:08.403, 0, NVIDIA GeForce RTX 3080, 5184, 4868, 10240, 96, 97
2026/07/29 09:51:08.514, 0, NVIDIA GeForce RTX 3080, 5184, 4868, 10240, 96, 97
2026/07/29 09:51:08.626, 0, NVIDIA GeForce RTX 3080, 5184, 4868, 10240, 96, 97
2026/07/29 09:51:08.735, 0, NVIDIA GeForce RTX 3080, 5184, 4868, 10240, 96, 97
2026/07/29 09:51:08.846, 0, NVIDIA GeForce RTX 3080, 5184, 4868, 10240, 96, 97
2026/07/29 09:51:08.958, 0, NVIDIA GeForce RTX 3080, 5184, 4868, 10240, 96, 97
2026/07/29 09:51:09.069, 0, NVIDIA GeForce RTX 3080, 5184, 4868, 10240, 96, 97
2026/07/29 09:51:09.181, 0, NVIDIA GeForce RTX 3080, 5184, 4868, 10240, 96, 97
2026/07/29 09:51:09.292, 0, NVIDIA GeForce RTX 3080, 5184, 4868, 10240, 96, 97
2026/07/29 09:51:09.402, 0, NVIDIA GeForce RTX 3080, 5184, 4868, 10240, 93, 95
2026/07/29 09:51:09.514, 0, NVIDIA GeForce RTX 3080, 5184, 4868, 10240, 93, 95
2026/07/29 09:51:09.625, 0, NVIDIA GeForce RTX 3080, 5184, 4868, 10240, 93, 95
2026/07/29 09:51:09.736, 0, NVIDIA GeForce RTX 3080, 5184, 4868, 10240, 93, 95
2026/07/29 09:51:09.848, 0, NVIDIA GeForce RTX 3080, 5184, 4868, 10240, 93, 95
2026/07/29 09:51:09.960, 0, NVIDIA GeForce RTX 3080, 5184, 4868, 10240, 96, 97
2026/07/29 09:51:10.072, 0, NVIDIA GeForce RTX 3080, 5184, 4868, 10240, 96, 97
2026/07/29 09:51:10.184, 0, NVIDIA GeForce RTX 3080, 5184, 4868, 10240, 96, 97
2026/07/29 09:51:10.296, 0, NVIDIA GeForce RTX 3080, 5184, 4868, 10240, 96, 97
2026/07/29 09:51:10.408, 0, NVIDIA GeForce RTX 3080, 5184, 4868, 10240, 96, 97
2026/07/29 09:51:10.518, 0, NVIDIA GeForce RTX 3080, 5184, 4868, 10240, 96, 97
2026/07/29 09:51:10.626, 0, NVIDIA GeForce RTX 3080, 5184, 4868, 10240, 96, 97
2026/07/29 09:51:10.734, 0, NVIDIA GeForce RTX 3080, 5184, 4868, 10240, 96, 97
2026/07/29 09:51:10.844, 0, NVIDIA GeForce RTX 3080, 5184, 4868, 10240, 96, 97
2026/07/29 09:51:10.952, 0, NVIDIA GeForce RTX 3080, 5184, 4868, 10240, 96, 97
2026/07/29 09:51:11.062, 0, NVIDIA GeForce RTX 3080, 5184, 4868, 10240, 96, 97
2026/07/29 09:51:11.173, 0, NVIDIA GeForce RTX 3080, 5184, 4868, 10240, 96, 97
2026/07/29 09:51:11.285, 0, NVIDIA GeForce RTX 3080, 5184, 4868, 10240, 96, 97
2026/07/29 09:51:11.397, 0, NVIDIA GeForce RTX 3080, 5184, 4868, 10240, 96, 97
2026/07/29 09:51:11.509, 0, NVIDIA GeForce RTX 3080, 5184, 4868, 10240, 96, 97
2026/07/29 09:51:11.621, 0, NVIDIA GeForce RTX 3080, 5184, 4868, 10240, 96, 97
2026/07/29 09:51:11.733, 0, NVIDIA GeForce RTX 3080, 5184, 4868, 10240, 96, 97
2026/07/29 09:51:11.845, 0, NVIDIA GeForce RTX 3080, 5184, 4868, 10240, 96, 97
2026/07/29 09:51:11.957, 0, NVIDIA GeForce RTX 3080, 5184, 4868, 10240, 96, 97
2026/07/29 09:51:12.069, 0, NVIDIA GeForce RTX 3080, 5184, 4868, 10240, 96, 97
2026/07/29 09:51:12.181, 0, NVIDIA GeForce RTX 3080, 5184, 4868, 10240, 96, 97
2026/07/29 09:51:12.293, 0, NVIDIA GeForce RTX 3080, 5184, 4868, 10240, 96, 97
2026/07/29 09:51:12.405, 0, NVIDIA GeForce RTX 3080, 5184, 4868, 10240, 96, 98
2026/07/29 09:51:12.514, 0, NVIDIA GeForce RTX 3080, 5184, 4868, 10240, 96, 98
2026/07/29 09:51:12.624, 0, NVIDIA GeForce RTX 3080, 5184, 4868, 10240, 96, 98
2026/07/29 09:51:12.733, 0, NVIDIA GeForce RTX 3080, 5184, 4868, 10240, 96, 98
2026/07/29 09:51:12.843, 0, NVIDIA GeForce RTX 3080, 5184, 4868, 10240, 96, 98
2026/07/29 09:51:12.955, 0, NVIDIA GeForce RTX 3080, 5184, 4868, 10240, 95, 97
2026/07/29 09:51:13.066, 0, NVIDIA GeForce RTX 3080, 5184, 4868, 10240, 95, 97
2026/07/29 09:51:13.178, 0, NVIDIA GeForce RTX 3080, 5184, 4868, 10240, 95, 97
2026/07/29 09:51:13.289, 0, NVIDIA GeForce RTX 3080, 5184, 4868, 10240, 95, 97
2026/07/29 09:51:13.400, 0, NVIDIA GeForce RTX 3080, 5184, 4868, 10240, 96, 98
2026/07/29 09:51:13.512, 0, NVIDIA GeForce RTX 3080, 5184, 4868, 10240, 96, 98
2026/07/29 09:51:13.624, 0, NVIDIA GeForce RTX 3080, 5184, 4868, 10240, 96, 98
2026/07/29 09:51:13.735, 0, NVIDIA GeForce RTX 3080, 5184, 4868, 10240, 96, 98
2026/07/29 09:51:13.847, 0, NVIDIA GeForce RTX 3080, 5184, 4868, 10240, 96, 98
2026/07/29 09:51:13.959, 0, NVIDIA GeForce RTX 3080, 5184, 4868, 10240, 96, 98
2026/07/29 09:51:14.071, 0, NVIDIA GeForce RTX 3080, 5184, 4868, 10240, 96, 98
2026/07/29 09:51:14.183, 0, NVIDIA GeForce RTX 3080, 5184, 4868, 10240, 96, 98
2026/07/29 09:51:14.295, 0, NVIDIA GeForce RTX 3080, 5184, 4868, 10240, 96, 98
2026/07/29 09:51:14.407, 0, NVIDIA GeForce RTX 3080, 5184, 4868, 10240, 96, 97
2026/07/29 09:51:14.519, 0, NVIDIA GeForce RTX 3080, 5184, 4868, 10240, 96, 97
2026/07/29 09:51:14.631, 0, NVIDIA GeForce RTX 3080, 5184, 4868, 10240, 96, 97
2026/07/29 09:51:14.743, 0, NVIDIA GeForce RTX 3080, 5184, 4868, 10240, 96, 97
2026/07/29 09:51:14.855, 0, NVIDIA GeForce RTX 3080, 5184, 4868, 10240, 96, 97
2026/07/29 09:51:14.967, 0, NVIDIA GeForce RTX 3080, 5184, 4868, 10240, 96, 98
2026/07/29 09:51:15.079, 0, NVIDIA GeForce RTX 3080, 5184, 4868, 10240, 96, 98
2026/07/29 09:51:15.191, 0, NVIDIA GeForce RTX 3080, 5184, 4868, 10240, 96, 98
2026/07/29 09:51:15.303, 0, NVIDIA GeForce RTX 3080, 5184, 4868, 10240, 96, 98
2026/07/29 09:51:15.415, 0, NVIDIA GeForce RTX 3080, 5184, 4868, 10240, 96, 97
2026/07/29 09:51:15.527, 0, NVIDIA GeForce RTX 3080, 5184, 4868, 10240, 96, 97
2026/07/29 09:51:15.639, 0, NVIDIA GeForce RTX 3080, 5184, 4868, 10240, 96, 97
2026/07/29 09:51:15.751, 0, NVIDIA GeForce RTX 3080, 5184, 4868, 10240, 96, 97
2026/07/29 09:51:15.862, 0, NVIDIA GeForce RTX 3080, 5184, 4868, 10240, 96, 97
2026/07/29 09:51:15.973, 0, NVIDIA GeForce RTX 3080, 5184, 4868, 10240, 96, 97
2026/07/29 09:51:16.085, 0, NVIDIA GeForce RTX 3080, 5184, 4868, 10240, 96, 97
2026/07/29 09:51:16.196, 0, NVIDIA GeForce RTX 3080, 5184, 4868, 10240, 96, 97
2026/07/29 09:51:16.306, 0, NVIDIA GeForce RTX 3080, 5184, 4868, 10240, 96, 97
2026/07/29 09:51:16.418, 0, NVIDIA GeForce RTX 3080, 5184, 4868, 10240, 96, 98
2026/07/29 09:51:16.529, 0, NVIDIA GeForce RTX 3080, 5184, 4868, 10240, 96, 98
2026/07/29 09:51:16.640, 0, NVIDIA GeForce RTX 3080, 5184, 4868, 10240, 96, 98
2026/07/29 09:51:16.752, 0, NVIDIA GeForce RTX 3080, 5184, 4868, 10240, 96, 98
2026/07/29 09:51:16.862, 0, NVIDIA GeForce RTX 3080, 5184, 4868, 10240, 96, 98
2026/07/29 09:51:16.974, 0, NVIDIA GeForce RTX 3080, 5184, 4868, 10240, 96, 98
2026/07/29 09:51:17.084, 0, NVIDIA GeForce RTX 3080, 5184, 4868, 10240, 96, 98
2026/07/29 09:51:17.196, 0, NVIDIA GeForce RTX 3080, 5184, 4868, 10240, 96, 98
2026/07/29 09:51:17.308, 0, NVIDIA GeForce RTX 3080, 5184, 4868, 10240, 96, 98
2026/07/29 09:51:17.420, 0, NVIDIA GeForce RTX 3080, 5184, 4868, 10240, 96, 97
2026/07/29 09:51:17.529, 0, NVIDIA GeForce RTX 3080, 5184, 4868, 10240, 96, 97
2026/07/29 09:51:17.638, 0, NVIDIA GeForce RTX 3080, 5184, 4868, 10240, 96, 97
2026/07/29 09:51:17.747, 0, NVIDIA GeForce RTX 3080, 5184, 4868, 10240, 96, 97
2026/07/29 09:51:17.858, 0, NVIDIA GeForce RTX 3080, 5184, 4868, 10240, 96, 97
2026/07/29 09:51:17.969, 0, NVIDIA GeForce RTX 3080, 5184, 4868, 10240, 96, 98
2026/07/29 09:51:18.080, 0, NVIDIA GeForce RTX 3080, 5184, 4868, 10240, 96, 98
2026/07/29 09:51:18.190, 0, NVIDIA GeForce RTX 3080, 5184, 4868, 10240, 96, 98
2026/07/29 09:51:18.302, 0, NVIDIA GeForce RTX 3080, 5184, 4868, 10240, 96, 98
2026/07/29 09:51:18.414, 0, NVIDIA GeForce RTX 3080, 5184, 4868, 10240, 96, 98
2026/07/29 09:51:18.526, 0, NVIDIA GeForce RTX 3080, 5184, 4868, 10240, 96, 98
2026/07/29 09:51:18.637, 0, NVIDIA GeForce RTX 3080, 5184, 4868, 10240, 96, 98
2026/07/29 09:51:18.748, 0, NVIDIA GeForce RTX 3080, 5184, 4868, 10240, 96, 98
2026/07/29 09:51:18.859, 0, NVIDIA GeForce RTX 3080, 5184, 4868, 10240, 96, 98
2026/07/29 09:51:18.971, 0, NVIDIA GeForce RTX 3080, 5184, 4868, 10240, 96, 97
2026/07/29 09:51:19.083, 0, NVIDIA GeForce RTX 3080, 5184, 4868, 10240, 96, 97
2026/07/29 09:51:19.195, 0, NVIDIA GeForce RTX 3080, 5184, 4868, 10240, 96, 97
2026/07/29 09:51:19.307, 0, NVIDIA GeForce RTX 3080, 5184, 4868, 10240, 96, 97
2026/07/29 09:51:19.420, 0, NVIDIA GeForce RTX 3080, 5184, 4868, 10240, 96, 98
2026/07/29 09:51:19.532, 0, NVIDIA GeForce RTX 3080, 5184, 4868, 10240, 96, 98
2026/07/29 09:51:19.643, 0, NVIDIA GeForce RTX 3080, 5184, 4868, 10240, 96, 98
2026/07/29 09:51:19.752, 0, NVIDIA GeForce RTX 3080, 5184, 4868, 10240, 96, 98
2026/07/29 09:51:19.862, 0, NVIDIA GeForce RTX 3080, 5184, 4868, 10240, 96, 98
2026/07/29 09:51:19.973, 0, NVIDIA GeForce RTX 3080, 5184, 4868, 10240, 96, 97
2026/07/29 09:51:20.085, 0, NVIDIA GeForce RTX 3080, 5184, 4868, 10240, 96, 97
2026/07/29 09:51:20.197, 0, NVIDIA GeForce RTX 3080, 5184, 4868, 10240, 96, 97
2026/07/29 09:51:20.308, 0, NVIDIA GeForce RTX 3080, 5184, 4868, 10240, 96, 97
2026/07/29 09:51:20.420, 0, NVIDIA GeForce RTX 3080, 5184, 4868, 10240, 91, 94
2026/07/29 09:51:20.532, 0, NVIDIA GeForce RTX 3080, 5184, 4868, 10240, 91, 94
2026/07/29 09:51:20.644, 0, NVIDIA GeForce RTX 3080, 5184, 4868, 10240, 91, 94
2026/07/29 09:51:20.756, 0, NVIDIA GeForce RTX 3080, 5184, 4868, 10240, 91, 94
2026/07/29 09:51:20.868, 0, NVIDIA GeForce RTX 3080, 5184, 4868, 10240, 91, 94
2026/07/29 09:51:20.980, 0, NVIDIA GeForce RTX 3080, 5184, 4868, 10240, 96, 97
2026/07/29 09:51:21.092, 0, NVIDIA GeForce RTX 3080, 5184, 4868, 10240, 96, 97
2026/07/29 09:51:21.204, 0, NVIDIA GeForce RTX 3080, 5184, 4868, 10240, 96, 97
2026/07/29 09:51:21.316, 0, NVIDIA GeForce RTX 3080, 5184, 4868, 10240, 96, 97
2026/07/29 09:51:21.428, 0, NVIDIA GeForce RTX 3080, 5184, 4868, 10240, 96, 97
2026/07/29 09:51:21.540, 0, NVIDIA GeForce RTX 3080, 5184, 4868, 10240, 96, 97
2026/07/29 09:51:21.652, 0, NVIDIA GeForce RTX 3080, 5184, 4868, 10240, 96, 97
2026/07/29 09:51:21.764, 0, NVIDIA GeForce RTX 3080, 5184, 4868, 10240, 96, 97
2026/07/29 09:51:21.875, 0, NVIDIA GeForce RTX 3080, 5184, 4868, 10240, 96, 97
2026/07/29 09:51:21.987, 0, NVIDIA GeForce RTX 3080, 5184, 4868, 10240, 96, 97
2026/07/29 09:51:22.099, 0, NVIDIA GeForce RTX 3080, 5184, 4868, 10240, 96, 97
2026/07/29 09:51:22.210, 0, NVIDIA GeForce RTX 3080, 5184, 4868, 10240, 96, 97
2026/07/29 09:51:22.321, 0, NVIDIA GeForce RTX 3080, 5184, 4868, 10240, 96, 97
2026/07/29 09:51:22.433, 0, NVIDIA GeForce RTX 3080, 5184, 4868, 10240, 96, 98
2026/07/29 09:51:22.544, 0, NVIDIA GeForce RTX 3080, 5184, 4868, 10240, 96, 98
2026/07/29 09:51:22.656, 0, NVIDIA GeForce RTX 3080, 5184, 4868, 10240, 96, 98
2026/07/29 09:51:22.768, 0, NVIDIA GeForce RTX 3080, 5184, 4868, 10240, 96, 98
2026/07/29 09:51:22.880, 0, NVIDIA GeForce RTX 3080, 5184, 4868, 10240, 96, 98
2026/07/29 09:51:22.992, 0, NVIDIA GeForce RTX 3080, 5184, 4868, 10240, 96, 97
2026/07/29 09:51:23.104, 0, NVIDIA GeForce RTX 3080, 5184, 4868, 10240, 96, 97
2026/07/29 09:51:23.216, 0, NVIDIA GeForce RTX 3080, 5184, 4868, 10240, 96, 97
2026/07/29 09:51:23.328, 0, NVIDIA GeForce RTX 3080, 5184, 4868, 10240, 96, 97
2026/07/29 09:51:23.440, 0, NVIDIA GeForce RTX 3080, 5184, 4868, 10240, 96, 97
2026/07/29 09:51:23.551, 0, NVIDIA GeForce RTX 3080, 5184, 4868, 10240, 96, 97
2026/07/29 09:51:23.663, 0, NVIDIA GeForce RTX 3080, 5184, 4868, 10240, 96, 97
2026/07/29 09:51:23.775, 0, NVIDIA GeForce RTX 3080, 5184, 4868, 10240, 96, 97
2026/07/29 09:51:23.887, 0, NVIDIA GeForce RTX 3080, 5184, 4868, 10240, 96, 97
2026/07/29 09:51:23.999, 0, NVIDIA GeForce RTX 3080, 5184, 4868, 10240, 96, 98
2026/07/29 09:51:24.110, 0, NVIDIA GeForce RTX 3080, 5184, 4868, 10240, 96, 98
2026/07/29 09:51:24.222, 0, NVIDIA GeForce RTX 3080, 5184, 4868, 10240, 96, 98
2026/07/29 09:51:24.334, 0, NVIDIA GeForce RTX 3080, 5184, 4868, 10240, 96, 98
2026/07/29 09:51:24.446, 0, NVIDIA GeForce RTX 3080, 5184, 4868, 10240, 96, 97
2026/07/29 09:51:24.558, 0, NVIDIA GeForce RTX 3080, 5184, 4868, 10240, 96, 97
2026/07/29 09:51:24.670, 0, NVIDIA GeForce RTX 3080, 5184, 4868, 10240, 96, 97
2026/07/29 09:51:24.782, 0, NVIDIA GeForce RTX 3080, 5184, 4868, 10240, 96, 97
2026/07/29 09:51:24.894, 0, NVIDIA GeForce RTX 3080, 5184, 4868, 10240, 96, 97
2026/07/29 09:51:25.005, 0, NVIDIA GeForce RTX 3080, 5184, 4868, 10240, 95, 97
2026/07/29 09:51:25.117, 0, NVIDIA GeForce RTX 3080, 5184, 4868, 10240, 95, 97
2026/07/29 09:51:25.228, 0, NVIDIA GeForce RTX 3080, 5184, 4868, 10240, 95, 97
2026/07/29 09:51:25.339, 0, NVIDIA GeForce RTX 3080, 5184, 4868, 10240, 95, 97
2026/07/29 09:51:25.450, 0, NVIDIA GeForce RTX 3080, 5184, 4868, 10240, 96, 97
2026/07/29 09:51:25.560, 0, NVIDIA GeForce RTX 3080, 5184, 4868, 10240, 96, 97
2026/07/29 09:51:25.668, 0, NVIDIA GeForce RTX 3080, 5184, 4868, 10240, 96, 97
2026/07/29 09:51:25.777, 0, NVIDIA GeForce RTX 3080, 5184, 4868, 10240, 96, 97
2026/07/29 09:51:25.884, 0, NVIDIA GeForce RTX 3080, 5184, 4868, 10240, 96, 97
2026/07/29 09:51:25.994, 0, NVIDIA GeForce RTX 3080, 5184, 4868, 10240, 96, 98
2026/07/29 09:51:26.102, 0, NVIDIA GeForce RTX 3080, 5184, 4868, 10240, 96, 98
2026/07/29 09:51:26.214, 0, NVIDIA GeForce RTX 3080, 5184, 4868, 10240, 96, 98
2026/07/29 09:51:26.326, 0, NVIDIA GeForce RTX 3080, 5184, 4868, 10240, 96, 98
2026/07/29 09:51:26.438, 0, NVIDIA GeForce RTX 3080, 5184, 4868, 10240, 96, 97
2026/07/29 09:51:26.550, 0, NVIDIA GeForce RTX 3080, 5184, 4868, 10240, 96, 97
2026/07/29 09:51:26.662, 0, NVIDIA GeForce RTX 3080, 5184, 4868, 10240, 96, 97
2026/07/29 09:51:26.774, 0, NVIDIA GeForce RTX 3080, 5184, 4868, 10240, 96, 97
2026/07/29 09:51:26.886, 0, NVIDIA GeForce RTX 3080, 5184, 4868, 10240, 96, 97
2026/07/29 09:51:26.998, 0, NVIDIA GeForce RTX 3080, 5184, 4868, 10240, 96, 97
2026/07/29 09:51:27.110, 0, NVIDIA GeForce RTX 3080, 5184, 4868, 10240, 96, 97
2026/07/29 09:51:27.222, 0, NVIDIA GeForce RTX 3080, 5184, 4868, 10240, 96, 97
2026/07/29 09:51:27.334, 0, NVIDIA GeForce RTX 3080, 5184, 4868, 10240, 96, 97
2026/07/29 09:51:27.446, 0, NVIDIA GeForce RTX 3080, 5184, 4868, 10240, 96, 98
2026/07/29 09:51:27.558, 0, NVIDIA GeForce RTX 3080, 5184, 4868, 10240, 96, 98
2026/07/29 09:51:27.670, 0, NVIDIA GeForce RTX 3080, 5184, 4868, 10240, 96, 98
2026/07/29 09:51:27.782, 0, NVIDIA GeForce RTX 3080, 5184, 4868, 10240, 96, 98
2026/07/29 09:51:27.892, 0, NVIDIA GeForce RTX 3080, 5184, 4868, 10240, 96, 98
2026/07/29 09:51:28.004, 0, NVIDIA GeForce RTX 3080, 5184, 4868, 10240, 96, 97
2026/07/29 09:51:28.115, 0, NVIDIA GeForce RTX 3080, 5184, 4868, 10240, 96, 97
2026/07/29 09:51:28.226, 0, NVIDIA GeForce RTX 3080, 5184, 4868, 10240, 96, 97
2026/07/29 09:51:28.337, 0, NVIDIA GeForce RTX 3080, 5184, 4868, 10240, 96, 97
2026/07/29 09:51:28.449, 0, NVIDIA GeForce RTX 3080, 5184, 4868, 10240, 95, 96
2026/07/29 09:51:28.561, 0, NVIDIA GeForce RTX 3080, 5184, 4868, 10240, 95, 96
2026/07/29 09:51:28.672, 0, NVIDIA GeForce RTX 3080, 5184, 4868, 10240, 95, 96
2026/07/29 09:51:28.784, 0, NVIDIA GeForce RTX 3080, 5184, 4868, 10240, 95, 96
2026/07/29 09:51:28.896, 0, NVIDIA GeForce RTX 3080, 5184, 4868, 10240, 95, 96
2026/07/29 09:51:29.008, 0, NVIDIA GeForce RTX 3080, 5184, 4868, 10240, 96, 98
2026/07/29 09:51:29.120, 0, NVIDIA GeForce RTX 3080, 5184, 4868, 10240, 96, 98
2026/07/29 09:51:29.232, 0, NVIDIA GeForce RTX 3080, 5184, 4868, 10240, 96, 98
2026/07/29 09:51:29.344, 0, NVIDIA GeForce RTX 3080, 5184, 4868, 10240, 96, 98
2026/07/29 09:51:29.455, 0, NVIDIA GeForce RTX 3080, 5184, 4868, 10240, 96, 97
2026/07/29 09:51:29.567, 0, NVIDIA GeForce RTX 3080, 5184, 4868, 10240, 96, 97
2026/07/29 09:51:29.679, 0, NVIDIA GeForce RTX 3080, 5184, 4868, 10240, 96, 97
2026/07/29 09:51:29.791, 0, NVIDIA GeForce RTX 3080, 5184, 4868, 10240, 96, 97
2026/07/29 09:51:29.903, 0, NVIDIA GeForce RTX 3080, 5184, 4868, 10240, 93, 96
2026/07/29 09:51:30.015, 0, NVIDIA GeForce RTX 3080, 5184, 4868, 10240, 93, 96
2026/07/29 09:51:30.127, 0, NVIDIA GeForce RTX 3080, 5184, 4868, 10240, 93, 96
2026/07/29 09:51:30.239, 0, NVIDIA GeForce RTX 3080, 5184, 4868, 10240, 93, 96
2026/07/29 09:51:30.351, 0, NVIDIA GeForce RTX 3080, 5184, 4868, 10240, 93, 96
2026/07/29 09:51:30.463, 0, NVIDIA GeForce RTX 3080, 5184, 4868, 10240, 96, 97
2026/07/29 09:51:30.572, 0, NVIDIA GeForce RTX 3080, 5184, 4868, 10240, 96, 97
2026/07/29 09:51:30.681, 0, NVIDIA GeForce RTX 3080, 5184, 4868, 10240, 96, 97
2026/07/29 09:51:30.791, 0, NVIDIA GeForce RTX 3080, 5184, 4868, 10240, 96, 97
2026/07/29 09:51:30.900, 0, NVIDIA GeForce RTX 3080, 5184, 4868, 10240, 96, 97
2026/07/29 09:51:31.009, 0, NVIDIA GeForce RTX 3080, 5184, 4868, 10240, 96, 97
2026/07/29 09:51:31.119, 0, NVIDIA GeForce RTX 3080, 5184, 4868, 10240, 96, 97
2026/07/29 09:51:31.231, 0, NVIDIA GeForce RTX 3080, 5184, 4868, 10240, 96, 97
2026/07/29 09:51:31.343, 0, NVIDIA GeForce RTX 3080, 5184, 4868, 10240, 96, 97
2026/07/29 09:51:31.455, 0, NVIDIA GeForce RTX 3080, 5184, 4868, 10240, 96, 98
2026/07/29 09:51:31.566, 0, NVIDIA GeForce RTX 3080, 5184, 4868, 10240, 96, 98
2026/07/29 09:51:31.678, 0, NVIDIA GeForce RTX 3080, 5184, 4868, 10240, 96, 98
2026/07/29 09:51:31.790, 0, NVIDIA GeForce RTX 3080, 5184, 4868, 10240, 96, 98
2026/07/29 09:51:31.901, 0, NVIDIA GeForce RTX 3080, 5184, 4868, 10240, 96, 97
2026/07/29 09:51:32.013, 0, NVIDIA GeForce RTX 3080, 5184, 4868, 10240, 96, 97
2026/07/29 09:51:32.125, 0, NVIDIA GeForce RTX 3080, 5184, 4868, 10240, 96, 97
2026/07/29 09:51:32.237, 0, NVIDIA GeForce RTX 3080, 5184, 4868, 10240, 96, 97
2026/07/29 09:51:32.349, 0, NVIDIA GeForce RTX 3080, 5184, 4868, 10240, 96, 97
2026/07/29 09:51:32.461, 0, NVIDIA GeForce RTX 3080, 5184, 4868, 10240, 96, 97
2026/07/29 09:51:32.571, 0, NVIDIA GeForce RTX 3080, 5184, 4868, 10240, 96, 97
2026/07/29 09:51:32.681, 0, NVIDIA GeForce RTX 3080, 5184, 4868, 10240, 96, 97
2026/07/29 09:51:32.789, 0, NVIDIA GeForce RTX 3080, 5184, 4868, 10240, 96, 97
2026/07/29 09:51:32.899, 0, NVIDIA GeForce RTX 3080, 5184, 4868, 10240, 96, 97
2026/07/29 09:51:33.008, 0, NVIDIA GeForce RTX 3080, 5184, 4868, 10240, 96, 98
2026/07/29 09:51:33.120, 0, NVIDIA GeForce RTX 3080, 5184, 4868, 10240, 96, 98
2026/07/29 09:51:33.232, 0, NVIDIA GeForce RTX 3080, 5184, 4868, 10240, 96, 98
2026/07/29 09:51:33.343, 0, NVIDIA GeForce RTX 3080, 5184, 4868, 10240, 96, 98
2026/07/29 09:51:33.454, 0, NVIDIA GeForce RTX 3080, 5184, 4868, 10240, 96, 97
2026/07/29 09:51:33.566, 0, NVIDIA GeForce RTX 3080, 5184, 4868, 10240, 96, 97
2026/07/29 09:51:33.677, 0, NVIDIA GeForce RTX 3080, 5184, 4868, 10240, 96, 97
2026/07/29 09:51:33.789, 0, NVIDIA GeForce RTX 3080, 5184, 4868, 10240, 96, 97
2026/07/29 09:51:33.902, 0, NVIDIA GeForce RTX 3080, 5184, 4868, 10240, 96, 97
2026/07/29 09:51:34.014, 0, NVIDIA GeForce RTX 3080, 5184, 4868, 10240, 96, 97
2026/07/29 09:51:34.126, 0, NVIDIA GeForce RTX 3080, 5184, 4868, 10240, 96, 97
2026/07/29 09:51:34.237, 0, NVIDIA GeForce RTX 3080, 5184, 4868, 10240, 96, 97
2026/07/29 09:51:34.349, 0, NVIDIA GeForce RTX 3080, 5184, 4868, 10240, 96, 97
2026/07/29 09:51:34.461, 0, NVIDIA GeForce RTX 3080, 5184, 4868, 10240, 96, 98
2026/07/29 09:51:34.573, 0, NVIDIA GeForce RTX 3080, 5184, 4868, 10240, 96, 98
2026/07/29 09:51:34.685, 0, NVIDIA GeForce RTX 3080, 5184, 4868, 10240, 96, 98
2026/07/29 09:51:34.797, 0, NVIDIA GeForce RTX 3080, 5184, 4868, 10240, 96, 98
2026/07/29 09:51:34.909, 0, NVIDIA GeForce RTX 3080, 5184, 4868, 10240, 96, 97
2026/07/29 09:51:35.021, 0, NVIDIA GeForce RTX 3080, 5184, 4868, 10240, 96, 97
2026/07/29 09:51:35.133, 0, NVIDIA GeForce RTX 3080, 5184, 4868, 10240, 96, 97
2026/07/29 09:51:35.245, 0, NVIDIA GeForce RTX 3080, 5184, 4868, 10240, 96, 97
2026/07/29 09:51:35.357, 0, NVIDIA GeForce RTX 3080, 5184, 4868, 10240, 96, 97
2026/07/29 09:51:35.468, 0, NVIDIA GeForce RTX 3080, 5184, 4868, 10240, 95, 97
2026/07/29 09:51:35.579, 0, NVIDIA GeForce RTX 3080, 5184, 4868, 10240, 95, 97
2026/07/29 09:51:35.691, 0, NVIDIA GeForce RTX 3080, 5184, 4868, 10240, 95, 97
2026/07/29 09:51:35.802, 0, NVIDIA GeForce RTX 3080, 5184, 4868, 10240, 95, 97
2026/07/29 09:51:35.914, 0, NVIDIA GeForce RTX 3080, 5184, 4868, 10240, 96, 98
2026/07/29 09:51:36.026, 0, NVIDIA GeForce RTX 3080, 5184, 4868, 10240, 96, 98
2026/07/29 09:51:36.138, 0, NVIDIA GeForce RTX 3080, 5184, 4868, 10240, 96, 98
2026/07/29 09:51:36.250, 0, NVIDIA GeForce RTX 3080, 5184, 4868, 10240, 96, 98
2026/07/29 09:51:36.362, 0, NVIDIA GeForce RTX 3080, 5184, 4868, 10240, 96, 98
2026/07/29 09:51:36.474, 0, NVIDIA GeForce RTX 3080, 5184, 4868, 10240, 96, 98
2026/07/29 09:51:36.586, 0, NVIDIA GeForce RTX 3080, 5184, 4868, 10240, 96, 98
2026/07/29 09:51:36.698, 0, NVIDIA GeForce RTX 3080, 5184, 4868, 10240, 96, 98
2026/07/29 09:51:36.810, 0, NVIDIA GeForce RTX 3080, 5184, 4868, 10240, 96, 98
2026/07/29 09:51:36.921, 0, NVIDIA GeForce RTX 3080, 5184, 4868, 10240, 96, 97
2026/07/29 09:51:37.032, 0, NVIDIA GeForce RTX 3080, 5184, 4868, 10240, 96, 97
2026/07/29 09:51:37.144, 0, NVIDIA GeForce RTX 3080, 5184, 4868, 10240, 96, 97
2026/07/29 09:51:37.256, 0, NVIDIA GeForce RTX 3080, 5184, 4868, 10240, 96, 97
2026/07/29 09:51:37.367, 0, NVIDIA GeForce RTX 3080, 5184, 4868, 10240, 96, 97
2026/07/29 09:51:37.479, 0, NVIDIA GeForce RTX 3080, 5184, 4868, 10240, 96, 98
2026/07/29 09:51:37.588, 0, NVIDIA GeForce RTX 3080, 5184, 4868, 10240, 96, 98
2026/07/29 09:51:37.698, 0, NVIDIA GeForce RTX 3080, 5184, 4868, 10240, 96, 98
2026/07/29 09:51:37.809, 0, NVIDIA GeForce RTX 3080, 5184, 4868, 10240, 96, 98
2026/07/29 09:51:37.921, 0, NVIDIA GeForce RTX 3080, 5184, 4868, 10240, 93, 95
2026/07/29 09:51:38.033, 0, NVIDIA GeForce RTX 3080, 5184, 4868, 10240, 93, 95
2026/07/29 09:51:38.144, 0, NVIDIA GeForce RTX 3080, 5184, 4868, 10240, 93, 95
2026/07/29 09:51:38.256, 0, NVIDIA GeForce RTX 3080, 5184, 4868, 10240, 93, 95
2026/07/29 09:51:38.367, 0, NVIDIA GeForce RTX 3080, 5184, 4868, 10240, 93, 95
2026/07/29 09:51:38.478, 0, NVIDIA GeForce RTX 3080, 5184, 4868, 10240, 96, 97
2026/07/29 09:51:38.589, 0, NVIDIA GeForce RTX 3080, 5184, 4868, 10240, 96, 97
2026/07/29 09:51:38.701, 0, NVIDIA GeForce RTX 3080, 5184, 4868, 10240, 96, 97
2026/07/29 09:51:38.813, 0, NVIDIA GeForce RTX 3080, 5184, 4868, 10240, 96, 97
2026/07/29 09:51:38.924, 0, NVIDIA GeForce RTX 3080, 5184, 4868, 10240, 96, 98
2026/07/29 09:51:39.036, 0, NVIDIA GeForce RTX 3080, 5184, 4868, 10240, 96, 98
2026/07/29 09:51:39.148, 0, NVIDIA GeForce RTX 3080, 5184, 4868, 10240, 96, 98
2026/07/29 09:51:39.260, 0, NVIDIA GeForce RTX 3080, 5184, 4868, 10240, 96, 98
2026/07/29 09:51:39.372, 0, NVIDIA GeForce RTX 3080, 5184, 4868, 10240, 96, 98
2026/07/29 09:51:39.484, 0, NVIDIA GeForce RTX 3080, 5184, 4868, 10240, 96, 97
2026/07/29 09:51:39.596, 0, NVIDIA GeForce RTX 3080, 5184, 4868, 10240, 96, 97
2026/07/29 09:51:39.707, 0, NVIDIA GeForce RTX 3080, 5184, 4868, 10240, 96, 97
2026/07/29 09:51:39.819, 0, NVIDIA GeForce RTX 3080, 5184, 4868, 10240, 96, 97
2026/07/29 09:51:39.931, 0, NVIDIA GeForce RTX 3080, 5184, 4868, 10240, 95, 97
2026/07/29 09:51:40.043, 0, NVIDIA GeForce RTX 3080, 5184, 4868, 10240, 95, 97
2026/07/29 09:51:40.155, 0, NVIDIA GeForce RTX 3080, 5184, 4868, 10240, 95, 97
2026/07/29 09:51:40.267, 0, NVIDIA GeForce RTX 3080, 5184, 4868, 10240, 95, 97
2026/07/29 09:51:40.379, 0, NVIDIA GeForce RTX 3080, 5184, 4868, 10240, 95, 97
2026/07/29 09:51:40.491, 0, NVIDIA GeForce RTX 3080, 5184, 4868, 10240, 96, 98
2026/07/29 09:51:40.604, 0, NVIDIA GeForce RTX 3080, 5184, 4868, 10240, 96, 98
2026/07/29 09:51:40.716, 0, NVIDIA GeForce RTX 3080, 5184, 4868, 10240, 96, 98
2026/07/29 09:51:40.827, 0, NVIDIA GeForce RTX 3080, 5184, 4868, 10240, 96, 98
2026/07/29 09:51:40.939, 0, NVIDIA GeForce RTX 3080, 5184, 4868, 10240, 96, 98
2026/07/29 09:51:41.051, 0, NVIDIA GeForce RTX 3080, 5184, 4868, 10240, 96, 98
2026/07/29 09:51:41.162, 0, NVIDIA GeForce RTX 3080, 5184, 4868, 10240, 96, 98
2026/07/29 09:51:41.274, 0, NVIDIA GeForce RTX 3080, 5184, 4868, 10240, 96, 98
2026/07/29 09:51:41.386, 0, NVIDIA GeForce RTX 3080, 5184, 4868, 10240, 96, 98
2026/07/29 09:51:41.498, 0, NVIDIA GeForce RTX 3080, 5184, 4868, 10240, 95, 97
2026/07/29 09:51:41.610, 0, NVIDIA GeForce RTX 3080, 5184, 4868, 10240, 95, 97
2026/07/29 09:51:41.722, 0, NVIDIA GeForce RTX 3080, 5184, 4868, 10240, 95, 97
2026/07/29 09:51:41.834, 0, NVIDIA GeForce RTX 3080, 5184, 4868, 10240, 95, 97
2026/07/29 09:51:41.946, 0, NVIDIA GeForce RTX 3080, 5184, 4868, 10240, 96, 97
2026/07/29 09:51:42.058, 0, NVIDIA GeForce RTX 3080, 5184, 4868, 10240, 96, 97
2026/07/29 09:51:42.170, 0, NVIDIA GeForce RTX 3080, 5184, 4868, 10240, 96, 97
2026/07/29 09:51:42.282, 0, NVIDIA GeForce RTX 3080, 5184, 4868, 10240, 96, 97
2026/07/29 09:51:42.394, 0, NVIDIA GeForce RTX 3080, 5184, 4868, 10240, 96, 97
2026/07/29 09:51:42.505, 0, NVIDIA GeForce RTX 3080, 5184, 4868, 10240, 96, 98
2026/07/29 09:51:42.617, 0, NVIDIA GeForce RTX 3080, 5184, 4868, 10240, 96, 98
2026/07/29 09:51:42.728, 0, NVIDIA GeForce RTX 3080, 5184, 4868, 10240, 96, 98
2026/07/29 09:51:42.840, 0, NVIDIA GeForce RTX 3080, 5184, 4868, 10240, 96, 98
2026/07/29 09:51:42.952, 0, NVIDIA GeForce RTX 3080, 5184, 4868, 10240, 96, 97
2026/07/29 09:51:43.064, 0, NVIDIA GeForce RTX 3080, 5184, 4868, 10240, 96, 97
2026/07/29 09:51:43.176, 0, NVIDIA GeForce RTX 3080, 5184, 4868, 10240, 96, 97
2026/07/29 09:51:43.288, 0, NVIDIA GeForce RTX 3080, 5184, 4868, 10240, 96, 97
2026/07/29 09:51:43.400, 0, NVIDIA GeForce RTX 3080, 5184, 4868, 10240, 96, 97
2026/07/29 09:51:43.513, 0, NVIDIA GeForce RTX 3080, 5184, 4868, 10240, 96, 97
2026/07/29 09:51:43.621, 0, NVIDIA GeForce RTX 3080, 5184, 4868, 10240, 96, 97
2026/07/29 09:51:43.731, 0, NVIDIA GeForce RTX 3080, 5184, 4868, 10240, 96, 97
2026/07/29 09:51:43.840, 0, NVIDIA GeForce RTX 3080, 5184, 4868, 10240, 96, 97
2026/07/29 09:51:43.949, 0, NVIDIA GeForce RTX 3080, 5184, 4868, 10240, 96, 97
2026/07/29 09:51:44.058, 0, NVIDIA GeForce RTX 3080, 5184, 4868, 10240, 96, 97
2026/07/29 09:51:44.168, 0, NVIDIA GeForce RTX 3080, 5184, 4868, 10240, 96, 97
2026/07/29 09:51:44.277, 0, NVIDIA GeForce RTX 3080, 5184, 4868, 10240, 96, 97
2026/07/29 09:51:44.386, 0, NVIDIA GeForce RTX 3080, 5184, 4868, 10240, 96, 97
2026/07/29 09:51:44.497, 0, NVIDIA GeForce RTX 3080, 5184, 4868, 10240, 95, 97
2026/07/29 09:51:44.608, 0, NVIDIA GeForce RTX 3080, 5184, 4868, 10240, 95, 97
2026/07/29 09:51:44.720, 0, NVIDIA GeForce RTX 3080, 5184, 4868, 10240, 95, 97
2026/07/29 09:51:44.832, 0, NVIDIA GeForce RTX 3080, 5184, 4868, 10240, 95, 97
2026/07/29 09:51:44.944, 0, NVIDIA GeForce RTX 3080, 5184, 4868, 10240, 96, 97
2026/07/29 09:51:45.056, 0, NVIDIA GeForce RTX 3080, 5184, 4868, 10240, 96, 97
2026/07/29 09:51:45.168, 0, NVIDIA GeForce RTX 3080, 5184, 4868, 10240, 96, 97
2026/07/29 09:51:45.280, 0, NVIDIA GeForce RTX 3080, 5184, 4868, 10240, 96, 97
2026/07/29 09:51:45.392, 0, NVIDIA GeForce RTX 3080, 5184, 4868, 10240, 96, 97
2026/07/29 09:51:45.504, 0, NVIDIA GeForce RTX 3080, 5184, 4868, 10240, 96, 98
2026/07/29 09:51:45.614, 0, NVIDIA GeForce RTX 3080, 5184, 4868, 10240, 96, 98
2026/07/29 09:51:45.723, 0, NVIDIA GeForce RTX 3080, 5184, 4868, 10240, 96, 98
2026/07/29 09:51:45.831, 0, NVIDIA GeForce RTX 3080, 5184, 4868, 10240, 96, 98
2026/07/29 09:51:45.941, 0, NVIDIA GeForce RTX 3080, 5184, 4868, 10240, 96, 97
2026/07/29 09:51:46.050, 0, NVIDIA GeForce RTX 3080, 5184, 4868, 10240, 96, 97
2026/07/29 09:51:46.162, 0, NVIDIA GeForce RTX 3080, 5184, 4868, 10240, 96, 97
2026/07/29 09:51:46.273, 0, NVIDIA GeForce RTX 3080, 5184, 4868, 10240, 96, 97
2026/07/29 09:51:46.385, 0, NVIDIA GeForce RTX 3080, 5184, 4868, 10240, 96, 97
2026/07/29 09:51:46.497, 0, NVIDIA GeForce RTX 3080, 5184, 4868, 10240, 96, 97
2026/07/29 09:51:46.609, 0, NVIDIA GeForce RTX 3080, 5184, 4868, 10240, 96, 97
2026/07/29 09:51:46.721, 0, NVIDIA GeForce RTX 3080, 5184, 4868, 10240, 96, 97
2026/07/29 09:51:46.832, 0, NVIDIA GeForce RTX 3080, 5184, 4868, 10240, 96, 97
2026/07/29 09:51:46.942, 0, NVIDIA GeForce RTX 3080, 5184, 4868, 10240, 96, 97
2026/07/29 09:51:47.054, 0, NVIDIA GeForce RTX 3080, 5184, 4868, 10240, 96, 97
2026/07/29 09:51:47.166, 0, NVIDIA GeForce RTX 3080, 5184, 4868, 10240, 96, 97
2026/07/29 09:51:47.278, 0, NVIDIA GeForce RTX 3080, 5184, 4868, 10240, 96, 97
2026/07/29 09:51:47.389, 0, NVIDIA GeForce RTX 3080, 5184, 4868, 10240, 96, 97
2026/07/29 09:51:47.499, 0, NVIDIA GeForce RTX 3080, 5184, 4868, 10240, 93, 95
2026/07/29 09:51:47.611, 0, NVIDIA GeForce RTX 3080, 5184, 4868, 10240, 93, 95
2026/07/29 09:51:47.723, 0, NVIDIA GeForce RTX 3080, 5184, 4868, 10240, 93, 95
2026/07/29 09:51:47.835, 0, NVIDIA GeForce RTX 3080, 5184, 4868, 10240, 93, 95
2026/07/29 09:51:47.946, 0, NVIDIA GeForce RTX 3080, 5184, 4868, 10240, 96, 98
2026/07/29 09:51:48.058, 0, NVIDIA GeForce RTX 3080, 5184, 4868, 10240, 96, 98
2026/07/29 09:51:48.170, 0, NVIDIA GeForce RTX 3080, 5184, 4868, 10240, 96, 98
2026/07/29 09:51:48.282, 0, NVIDIA GeForce RTX 3080, 5184, 4868, 10240, 96, 98
2026/07/29 09:51:48.394, 0, NVIDIA GeForce RTX 3080, 5184, 4868, 10240, 96, 98
2026/07/29 09:51:48.506, 0, NVIDIA GeForce RTX 3080, 5184, 4868, 10240, 96, 97
2026/07/29 09:51:48.618, 0, NVIDIA GeForce RTX 3080, 5184, 4868, 10240, 96, 97
2026/07/29 09:51:48.729, 0, NVIDIA GeForce RTX 3080, 5184, 4868, 10240, 96, 97
2026/07/29 09:51:48.841, 0, NVIDIA GeForce RTX 3080, 5184, 4868, 10240, 96, 97
2026/07/29 09:51:48.954, 0, NVIDIA GeForce RTX 3080, 5184, 4868, 10240, 96, 97
2026/07/29 09:51:49.065, 0, NVIDIA GeForce RTX 3080, 5184, 4868, 10240, 96, 97
2026/07/29 09:51:49.177, 0, NVIDIA GeForce RTX 3080, 5184, 4868, 10240, 96, 97
2026/07/29 09:51:49.289, 0, NVIDIA GeForce RTX 3080, 5184, 4868, 10240, 96, 97
2026/07/29 09:51:49.401, 0, NVIDIA GeForce RTX 3080, 5184, 4868, 10240, 96, 97
2026/07/29 09:51:49.513, 0, NVIDIA GeForce RTX 3080, 5184, 4868, 10240, 96, 98
2026/07/29 09:51:49.625, 0, NVIDIA GeForce RTX 3080, 5184, 4868, 10240, 96, 98
2026/07/29 09:51:49.736, 0, NVIDIA GeForce RTX 3080, 5184, 4868, 10240, 96, 98
2026/07/29 09:51:49.848, 0, NVIDIA GeForce RTX 3080, 5184, 4868, 10240, 96, 98
2026/07/29 09:51:49.960, 0, NVIDIA GeForce RTX 3080, 5184, 4868, 10240, 96, 98
2026/07/29 09:51:50.072, 0, NVIDIA GeForce RTX 3080, 5184, 4868, 10240, 96, 98
2026/07/29 09:51:50.184, 0, NVIDIA GeForce RTX 3080, 5184, 4868, 10240, 96, 98
2026/07/29 09:51:50.296, 0, NVIDIA GeForce RTX 3080, 5184, 4868, 10240, 96, 98
2026/07/29 09:51:50.407, 0, NVIDIA GeForce RTX 3080, 5184, 4868, 10240, 95, 97
2026/07/29 09:51:50.518, 0, NVIDIA GeForce RTX 3080, 5184, 4868, 10240, 95, 97
2026/07/29 09:51:50.628, 0, NVIDIA GeForce RTX 3080, 5184, 4868, 10240, 95, 97
2026/07/29 09:51:50.737, 0, NVIDIA GeForce RTX 3080, 5184, 4868, 10240, 95, 97
2026/07/29 09:51:50.845, 0, NVIDIA GeForce RTX 3080, 5184, 4868, 10240, 95, 97
2026/07/29 09:51:50.955, 0, NVIDIA GeForce RTX 3080, 5184, 4868, 10240, 96, 98
2026/07/29 09:51:51.065, 0, NVIDIA GeForce RTX 3080, 5184, 4868, 10240, 96, 98
2026/07/29 09:51:51.177, 0, NVIDIA GeForce RTX 3080, 5184, 4868, 10240, 96, 98
2026/07/29 09:51:51.289, 0, NVIDIA GeForce RTX 3080, 5184, 4868, 10240, 96, 98
2026/07/29 09:51:51.401, 0, NVIDIA GeForce RTX 3080, 5184, 4868, 10240, 96, 98
2026/07/29 09:51:51.513, 0, NVIDIA GeForce RTX 3080, 5184, 4868, 10240, 96, 97
2026/07/29 09:51:51.625, 0, NVIDIA GeForce RTX 3080, 5184, 4868, 10240, 96, 97
2026/07/29 09:51:51.737, 0, NVIDIA GeForce RTX 3080, 5184, 4868, 10240, 96, 97
2026/07/29 09:51:51.849, 0, NVIDIA GeForce RTX 3080, 5184, 4868, 10240, 96, 97
2026/07/29 09:51:51.961, 0, NVIDIA GeForce RTX 3080, 5184, 4868, 10240, 95, 97
2026/07/29 09:51:52.073, 0, NVIDIA GeForce RTX 3080, 5184, 4868, 10240, 95, 97
2026/07/29 09:51:52.185, 0, NVIDIA GeForce RTX 3080, 5184, 4868, 10240, 95, 97
2026/07/29 09:51:52.297, 0, NVIDIA GeForce RTX 3080, 5184, 4868, 10240, 95, 97
2026/07/29 09:51:52.409, 0, NVIDIA GeForce RTX 3080, 5184, 4868, 10240, 96, 97
2026/07/29 09:51:52.521, 0, NVIDIA GeForce RTX 3080, 5184, 4868, 10240, 96, 97
2026/07/29 09:51:52.630, 0, NVIDIA GeForce RTX 3080, 5184, 4868, 10240, 96, 97
2026/07/29 09:51:52.740, 0, NVIDIA GeForce RTX 3080, 5184, 4868, 10240, 96, 97
2026/07/29 09:51:52.852, 0, NVIDIA GeForce RTX 3080, 5184, 4868, 10240, 96, 97
2026/07/29 09:51:52.963, 0, NVIDIA GeForce RTX 3080, 5184, 4868, 10240, 96, 97
2026/07/29 09:51:53.075, 0, NVIDIA GeForce RTX 3080, 5184, 4868, 10240, 96, 97
2026/07/29 09:51:53.188, 0, NVIDIA GeForce RTX 3080, 5184, 4868, 10240, 96, 97
2026/07/29 09:51:53.300, 0, NVIDIA GeForce RTX 3080, 5184, 4868, 10240, 96, 97
2026/07/29 09:51:53.411, 0, NVIDIA GeForce RTX 3080, 5184, 4868, 10240, 96, 97
2026/07/29 09:51:53.521, 0, NVIDIA GeForce RTX 3080, 5184, 4868, 10240, 96, 97
2026/07/29 09:51:53.633, 0, NVIDIA GeForce RTX 3080, 5184, 4868, 10240, 96, 97
2026/07/29 09:51:53.745, 0, NVIDIA GeForce RTX 3080, 5184, 4868, 10240, 96, 97
2026/07/29 09:51:53.857, 0, NVIDIA GeForce RTX 3080, 5184, 4868, 10240, 96, 97
2026/07/29 09:51:53.969, 0, NVIDIA GeForce RTX 3080, 5184, 4868, 10240, 96, 98
2026/07/29 09:51:54.081, 0, NVIDIA GeForce RTX 3080, 5184, 4868, 10240, 96, 98
2026/07/29 09:51:54.193, 0, NVIDIA GeForce RTX 3080, 5184, 4868, 10240, 96, 98
2026/07/29 09:51:54.305, 0, NVIDIA GeForce RTX 3080, 5184, 4868, 10240, 96, 98
2026/07/29 09:51:54.417, 0, NVIDIA GeForce RTX 3080, 5184, 4868, 10240, 96, 97
2026/07/29 09:51:54.528, 0, NVIDIA GeForce RTX 3080, 5184, 4868, 10240, 96, 97
2026/07/29 09:51:54.640, 0, NVIDIA GeForce RTX 3080, 5184, 4868, 10240, 96, 97
2026/07/29 09:51:54.751, 0, NVIDIA GeForce RTX 3080, 5184, 4868, 10240, 96, 97
2026/07/29 09:51:54.862, 0, NVIDIA GeForce RTX 3080, 5184, 4868, 10240, 96, 97
2026/07/29 09:51:54.974, 0, NVIDIA GeForce RTX 3080, 5184, 4868, 10240, 96, 97
2026/07/29 09:51:55.085, 0, NVIDIA GeForce RTX 3080, 5184, 4868, 10240, 96, 97
2026/07/29 09:51:55.197, 0, NVIDIA GeForce RTX 3080, 5184, 4868, 10240, 96, 97
2026/07/29 09:51:55.309, 0, NVIDIA GeForce RTX 3080, 5184, 4868, 10240, 96, 97
2026/07/29 09:51:55.421, 0, NVIDIA GeForce RTX 3080, 5184, 4868, 10240, 96, 97
2026/07/29 09:51:55.533, 0, NVIDIA GeForce RTX 3080, 5184, 4868, 10240, 96, 97
2026/07/29 09:51:55.644, 0, NVIDIA GeForce RTX 3080, 5184, 4868, 10240, 96, 97
2026/07/29 09:51:55.756, 0, NVIDIA GeForce RTX 3080, 5184, 4868, 10240, 96, 97
2026/07/29 09:51:55.868, 0, NVIDIA GeForce RTX 3080, 5184, 4868, 10240, 96, 97
2026/07/29 09:51:55.980, 0, NVIDIA GeForce RTX 3080, 5184, 4868, 10240, 96, 97
2026/07/29 09:51:56.092, 0, NVIDIA GeForce RTX 3080, 5184, 4868, 10240, 96, 97
2026/07/29 09:51:56.204, 0, NVIDIA GeForce RTX 3080, 5184, 4868, 10240, 96, 97
2026/07/29 09:51:56.316, 0, NVIDIA GeForce RTX 3080, 5184, 4868, 10240, 96, 97
2026/07/29 09:51:56.428, 0, NVIDIA GeForce RTX 3080, 5184, 4868, 10240, 96, 97
2026/07/29 09:51:56.539, 0, NVIDIA GeForce RTX 3080, 5184, 4868, 10240, 96, 97
2026/07/29 09:51:56.651, 0, NVIDIA GeForce RTX 3080, 5184, 4868, 10240, 96, 97
2026/07/29 09:51:56.764, 0, NVIDIA GeForce RTX 3080, 5184, 4868, 10240, 96, 97
2026/07/29 09:51:56.876, 0, NVIDIA GeForce RTX 3080, 5184, 4868, 10240, 96, 97
2026/07/29 09:51:56.988, 0, NVIDIA GeForce RTX 3080, 5184, 4868, 10240, 92, 95
2026/07/29 09:51:57.100, 0, NVIDIA GeForce RTX 3080, 5184, 4868, 10240, 92, 95
2026/07/29 09:51:57.212, 0, NVIDIA GeForce RTX 3080, 5184, 4868, 10240, 92, 95
2026/07/29 09:51:57.323, 0, NVIDIA GeForce RTX 3080, 5184, 4868, 10240, 92, 95
2026/07/29 09:51:57.435, 0, NVIDIA GeForce RTX 3080, 5184, 4868, 10240, 96, 97
2026/07/29 09:51:57.546, 0, NVIDIA GeForce RTX 3080, 5184, 4868, 10240, 96, 97
2026/07/29 09:51:57.655, 0, NVIDIA GeForce RTX 3080, 5184, 4868, 10240, 96, 97
2026/07/29 09:51:57.767, 0, NVIDIA GeForce RTX 3080, 5184, 4868, 10240, 96, 97
2026/07/29 09:51:57.879, 0, NVIDIA GeForce RTX 3080, 5184, 4868, 10240, 96, 97
2026/07/29 09:51:57.991, 0, NVIDIA GeForce RTX 3080, 5184, 4868, 10240, 96, 97
2026/07/29 09:51:58.103, 0, NVIDIA GeForce RTX 3080, 5184, 4868, 10240, 96, 97
2026/07/29 09:51:58.215, 0, NVIDIA GeForce RTX 3080, 5184, 4868, 10240, 96, 97
2026/07/29 09:51:58.325, 0, NVIDIA GeForce RTX 3080, 5184, 4868, 10240, 96, 97
2026/07/29 09:51:58.437, 0, NVIDIA GeForce RTX 3080, 5184, 4868, 10240, 96, 97
2026/07/29 09:51:58.548, 0, NVIDIA GeForce RTX 3080, 5184, 4868, 10240, 96, 97
2026/07/29 09:51:58.660, 0, NVIDIA GeForce RTX 3080, 5184, 4868, 10240, 96, 97
2026/07/29 09:51:58.772, 0, NVIDIA GeForce RTX 3080, 5184, 4868, 10240, 96, 97
2026/07/29 09:51:58.884, 0, NVIDIA GeForce RTX 3080, 5184, 4868, 10240, 96, 97
2026/07/29 09:51:58.996, 0, NVIDIA GeForce RTX 3080, 5184, 4868, 10240, 96, 97
2026/07/29 09:51:59.108, 0, NVIDIA GeForce RTX 3080, 5184, 4868, 10240, 96, 97
2026/07/29 09:51:59.220, 0, NVIDIA GeForce RTX 3080, 5184, 4868, 10240, 96, 97
2026/07/29 09:51:59.330, 0, NVIDIA GeForce RTX 3080, 5184, 4868, 10240, 96, 97
2026/07/29 09:51:59.441, 0, NVIDIA GeForce RTX 3080, 5184, 4868, 10240, 96, 97
2026/07/29 09:51:59.553, 0, NVIDIA GeForce RTX 3080, 5184, 4868, 10240, 96, 97
2026/07/29 09:51:59.663, 0, NVIDIA GeForce RTX 3080, 5184, 4868, 10240, 96, 97
2026/07/29 09:51:59.775, 0, NVIDIA GeForce RTX 3080, 5184, 4868, 10240, 96, 97
2026/07/29 09:51:59.886, 0, NVIDIA GeForce RTX 3080, 5184, 4868, 10240, 96, 97
2026/07/29 09:51:59.998, 0, NVIDIA GeForce RTX 3080, 5184, 4868, 10240, 96, 98
2026/07/29 09:52:00.110, 0, NVIDIA GeForce RTX 3080, 5184, 4868, 10240, 96, 98
2026/07/29 09:52:00.222, 0, NVIDIA GeForce RTX 3080, 5184, 4868, 10240, 96, 98
2026/07/29 09:52:00.334, 0, NVIDIA GeForce RTX 3080, 5184, 4868, 10240, 96, 98
2026/07/29 09:52:00.446, 0, NVIDIA GeForce RTX 3080, 5184, 4868, 10240, 96, 97
2026/07/29 09:52:00.558, 0, NVIDIA GeForce RTX 3080, 5184, 4868, 10240, 96, 97
2026/07/29 09:52:00.669, 0, NVIDIA GeForce RTX 3080, 5184, 4868, 10240, 96, 97
2026/07/29 09:52:00.781, 0, NVIDIA GeForce RTX 3080, 5184, 4868, 10240, 96, 97
2026/07/29 09:52:00.893, 0, NVIDIA GeForce RTX 3080, 5184, 4868, 10240, 96, 97
2026/07/29 09:52:01.005, 0, NVIDIA GeForce RTX 3080, 5184, 4868, 10240, 96, 97
2026/07/29 09:52:01.117, 0, NVIDIA GeForce RTX 3080, 5184, 4868, 10240, 96, 97
2026/07/29 09:52:01.229, 0, NVIDIA GeForce RTX 3080, 5184, 4868, 10240, 96, 97
2026/07/29 09:52:01.341, 0, NVIDIA GeForce RTX 3080, 5184, 4868, 10240, 96, 97
2026/07/29 09:52:01.453, 0, NVIDIA GeForce RTX 3080, 5184, 4868, 10240, 96, 98
2026/07/29 09:52:01.565, 0, NVIDIA GeForce RTX 3080, 5184, 4868, 10240, 96, 98
2026/07/29 09:52:01.676, 0, NVIDIA GeForce RTX 3080, 5184, 4868, 10240, 96, 98
2026/07/29 09:52:01.788, 0, NVIDIA GeForce RTX 3080, 5184, 4868, 10240, 96, 98
2026/07/29 09:52:01.899, 0, NVIDIA GeForce RTX 3080, 5184, 4868, 10240, 96, 98
2026/07/29 09:52:02.011, 0, NVIDIA GeForce RTX 3080, 5184, 4868, 10240, 96, 97
2026/07/29 09:52:02.123, 0, NVIDIA GeForce RTX 3080, 5184, 4868, 10240, 96, 97
2026/07/29 09:52:02.235, 0, NVIDIA GeForce RTX 3080, 5184, 4868, 10240, 96, 97
2026/07/29 09:52:02.347, 0, NVIDIA GeForce RTX 3080, 5184, 4868, 10240, 96, 97
2026/07/29 09:52:02.459, 0, NVIDIA GeForce RTX 3080, 5184, 4868, 10240, 96, 97
2026/07/29 09:52:02.571, 0, NVIDIA GeForce RTX 3080, 5184, 4868, 10240, 96, 97
2026/07/29 09:52:02.683, 0, NVIDIA GeForce RTX 3080, 5184, 4868, 10240, 96, 97
2026/07/29 09:52:02.794, 0, NVIDIA GeForce RTX 3080, 5184, 4868, 10240, 96, 97
2026/07/29 09:52:02.906, 0, NVIDIA GeForce RTX 3080, 5184, 4868, 10240, 96, 98
2026/07/29 09:52:03.017, 0, NVIDIA GeForce RTX 3080, 5184, 4868, 10240, 96, 98
2026/07/29 09:52:03.129, 0, NVIDIA GeForce RTX 3080, 5184, 4868, 10240, 96, 98
2026/07/29 09:52:03.240, 0, NVIDIA GeForce RTX 3080, 5184, 4868, 10240, 96, 98
2026/07/29 09:52:03.352, 0, NVIDIA GeForce RTX 3080, 5184, 4868, 10240, 96, 98
2026/07/29 09:52:03.462, 0, NVIDIA GeForce RTX 3080, 5184, 4868, 10240, 96, 97
2026/07/29 09:52:03.573, 0, NVIDIA GeForce RTX 3080, 5184, 4868, 10240, 96, 97
2026/07/29 09:52:03.683, 0, NVIDIA GeForce RTX 3080, 5184, 4868, 10240, 96, 97
2026/07/29 09:52:03.793, 0, NVIDIA GeForce RTX 3080, 5184, 4868, 10240, 96, 97
2026/07/29 09:52:03.902, 0, NVIDIA GeForce RTX 3080, 5184, 4868, 10240, 96, 97
2026/07/29 09:52:04.011, 0, NVIDIA GeForce RTX 3080, 5184, 4868, 10240, 96, 98
2026/07/29 09:52:04.121, 0, NVIDIA GeForce RTX 3080, 5184, 4868, 10240, 96, 98
2026/07/29 09:52:04.229, 0, NVIDIA GeForce RTX 3080, 5184, 4868, 10240, 96, 98
2026/07/29 09:52:04.339, 0, NVIDIA GeForce RTX 3080, 5184, 4868, 10240, 96, 98
2026/07/29 09:52:04.450, 0, NVIDIA GeForce RTX 3080, 5184, 4868, 10240, 96, 97
2026/07/29 09:52:04.562, 0, NVIDIA GeForce RTX 3080, 5184, 4868, 10240, 96, 97
2026/07/29 09:52:04.674, 0, NVIDIA GeForce RTX 3080, 5184, 4868, 10240, 96, 97
2026/07/29 09:52:04.786, 0, NVIDIA GeForce RTX 3080, 5184, 4868, 10240, 96, 97
2026/07/29 09:52:04.898, 0, NVIDIA GeForce RTX 3080, 5184, 4868, 10240, 96, 97
2026/07/29 09:52:05.010, 0, NVIDIA GeForce RTX 3080, 5184, 4868, 10240, 93, 96
2026/07/29 09:52:05.122, 0, NVIDIA GeForce RTX 3080, 5184, 4868, 10240, 93, 96
2026/07/29 09:52:05.234, 0, NVIDIA GeForce RTX 3080, 5184, 4868, 10240, 93, 96
2026/07/29 09:52:05.346, 0, NVIDIA GeForce RTX 3080, 5184, 4868, 10240, 93, 96
2026/07/29 09:52:05.458, 0, NVIDIA GeForce RTX 3080, 5184, 4868, 10240, 96, 98
2026/07/29 09:52:05.569, 0, NVIDIA GeForce RTX 3080, 5184, 4868, 10240, 96, 98
2026/07/29 09:52:05.679, 0, NVIDIA GeForce RTX 3080, 5184, 4868, 10240, 96, 98
2026/07/29 09:52:05.787, 0, NVIDIA GeForce RTX 3080, 5184, 4868, 10240, 96, 98
2026/07/29 09:52:05.897, 0, NVIDIA GeForce RTX 3080, 5184, 4868, 10240, 96, 98
2026/07/29 09:52:06.006, 0, NVIDIA GeForce RTX 3080, 5184, 4868, 10240, 96, 98
2026/07/29 09:52:06.118, 0, NVIDIA GeForce RTX 3080, 5184, 4868, 10240, 96, 98
2026/07/29 09:52:06.230, 0, NVIDIA GeForce RTX 3080, 5184, 4868, 10240, 96, 98
2026/07/29 09:52:06.342, 0, NVIDIA GeForce RTX 3080, 5184, 4868, 10240, 96, 98
2026/07/29 09:52:06.453, 0, NVIDIA GeForce RTX 3080, 5184, 4868, 10240, 93, 95
2026/07/29 09:52:06.565, 0, NVIDIA GeForce RTX 3080, 5184, 4868, 10240, 93, 95
2026/07/29 09:52:06.677, 0, NVIDIA GeForce RTX 3080, 5184, 4868, 10240, 93, 95
2026/07/29 09:52:06.789, 0, NVIDIA GeForce RTX 3080, 5184, 4868, 10240, 93, 95
2026/07/29 09:52:06.901, 0, NVIDIA GeForce RTX 3080, 5184, 4868, 10240, 93, 95
2026/07/29 09:52:07.013, 0, NVIDIA GeForce RTX 3080, 5184, 4868, 10240, 96, 97
2026/07/29 09:52:07.125, 0, NVIDIA GeForce RTX 3080, 5184, 4868, 10240, 96, 97
2026/07/29 09:52:07.237, 0, NVIDIA GeForce RTX 3080, 5184, 4868, 10240, 96, 97
2026/07/29 09:52:07.349, 0, NVIDIA GeForce RTX 3080, 5184, 4868, 10240, 96, 97
2026/07/29 09:52:07.461, 0, NVIDIA GeForce RTX 3080, 5184, 4868, 10240, 96, 98
2026/07/29 09:52:07.573, 0, NVIDIA GeForce RTX 3080, 5184, 4868, 10240, 96, 98
2026/07/29 09:52:07.686, 0, NVIDIA GeForce RTX 3080, 5184, 4868, 10240, 96, 98
2026/07/29 09:52:07.798, 0, NVIDIA GeForce RTX 3080, 5184, 4868, 10240, 96, 98
2026/07/29 09:52:07.910, 0, NVIDIA GeForce RTX 3080, 5184, 4868, 10240, 96, 97
2026/07/29 09:52:08.022, 0, NVIDIA GeForce RTX 3080, 5184, 4868, 10240, 96, 97
2026/07/29 09:52:08.134, 0, NVIDIA GeForce RTX 3080, 5184, 4868, 10240, 96, 97
2026/07/29 09:52:08.246, 0, NVIDIA GeForce RTX 3080, 5184, 4868, 10240, 96, 97
2026/07/29 09:52:08.358, 0, NVIDIA GeForce RTX 3080, 5184, 4868, 10240, 96, 97
2026/07/29 09:52:08.470, 0, NVIDIA GeForce RTX 3080, 5184, 4868, 10240, 96, 98
2026/07/29 09:52:08.582, 0, NVIDIA GeForce RTX 3080, 5184, 4868, 10240, 96, 98
2026/07/29 09:52:08.694, 0, NVIDIA GeForce RTX 3080, 5184, 4868, 10240, 96, 98
2026/07/29 09:52:08.805, 0, NVIDIA GeForce RTX 3080, 5184, 4868, 10240, 96, 98
2026/07/29 09:52:08.917, 0, NVIDIA GeForce RTX 3080, 5184, 4868, 10240, 96, 98
2026/07/29 09:52:09.029, 0, NVIDIA GeForce RTX 3080, 5184, 4868, 10240, 96, 98
2026/07/29 09:52:09.141, 0, NVIDIA GeForce RTX 3080, 5184, 4868, 10240, 96, 98
2026/07/29 09:52:09.253, 0, NVIDIA GeForce RTX 3080, 5184, 4868, 10240, 96, 98
2026/07/29 09:52:09.365, 0, NVIDIA GeForce RTX 3080, 5184, 4868, 10240, 96, 98
2026/07/29 09:52:09.477, 0, NVIDIA GeForce RTX 3080, 5184, 4868, 10240, 96, 97
2026/07/29 09:52:09.589, 0, NVIDIA GeForce RTX 3080, 5184, 4868, 10240, 96, 97
2026/07/29 09:52:09.701, 0, NVIDIA GeForce RTX 3080, 5184, 4868, 10240, 96, 97
2026/07/29 09:52:09.813, 0, NVIDIA GeForce RTX 3080, 5184, 4868, 10240, 96, 97
2026/07/29 09:52:09.925, 0, NVIDIA GeForce RTX 3080, 5184, 4868, 10240, 96, 97
2026/07/29 09:52:10.037, 0, NVIDIA GeForce RTX 3080, 5184, 4868, 10240, 96, 97
2026/07/29 09:52:10.148, 0, NVIDIA GeForce RTX 3080, 5184, 4868, 10240, 96, 97
2026/07/29 09:52:10.260, 0, NVIDIA GeForce RTX 3080, 5184, 4868, 10240, 96, 97
2026/07/29 09:52:10.371, 0, NVIDIA GeForce RTX 3080, 5184, 4868, 10240, 96, 97
2026/07/29 09:52:10.483, 0, NVIDIA GeForce RTX 3080, 5184, 4868, 10240, 96, 97
2026/07/29 09:52:10.594, 0, NVIDIA GeForce RTX 3080, 5184, 4868, 10240, 96, 97
2026/07/29 09:52:10.704, 0, NVIDIA GeForce RTX 3080, 5184, 4868, 10240, 96, 97
2026/07/29 09:52:10.813, 0, NVIDIA GeForce RTX 3080, 5184, 4868, 10240, 96, 97
2026/07/29 09:52:10.922, 0, NVIDIA GeForce RTX 3080, 5184, 4868, 10240, 96, 97
2026/07/29 09:52:11.033, 0, NVIDIA GeForce RTX 3080, 5184, 4868, 10240, 96, 97
2026/07/29 09:52:11.145, 0, NVIDIA GeForce RTX 3080, 5184, 4868, 10240, 96, 97
2026/07/29 09:52:11.256, 0, NVIDIA GeForce RTX 3080, 5184, 4868, 10240, 96, 97
2026/07/29 09:52:11.368, 0, NVIDIA GeForce RTX 3080, 5184, 4868, 10240, 96, 97
2026/07/29 09:52:11.480, 0, NVIDIA GeForce RTX 3080, 5184, 4868, 10240, 96, 97
2026/07/29 09:52:11.592, 0, NVIDIA GeForce RTX 3080, 5184, 4868, 10240, 96, 97
2026/07/29 09:52:11.704, 0, NVIDIA GeForce RTX 3080, 5184, 4868, 10240, 96, 97
2026/07/29 09:52:11.816, 0, NVIDIA GeForce RTX 3080, 5184, 4868, 10240, 96, 97
2026/07/29 09:52:11.928, 0, NVIDIA GeForce RTX 3080, 5184, 4868, 10240, 96, 98
2026/07/29 09:52:12.040, 0, NVIDIA GeForce RTX 3080, 5184, 4868, 10240, 96, 98
2026/07/29 09:52:12.152, 0, NVIDIA GeForce RTX 3080, 5184, 4868, 10240, 96, 98
2026/07/29 09:52:12.264, 0, NVIDIA GeForce RTX 3080, 5184, 4868, 10240, 96, 98
2026/07/29 09:52:12.376, 0, NVIDIA GeForce RTX 3080, 5184, 4868, 10240, 96, 98
2026/07/29 09:52:12.488, 0, NVIDIA GeForce RTX 3080, 5184, 4868, 10240, 96, 97
2026/07/29 09:52:12.599, 0, NVIDIA GeForce RTX 3080, 5184, 4868, 10240, 96, 97
2026/07/29 09:52:12.711, 0, NVIDIA GeForce RTX 3080, 5184, 4868, 10240, 96, 97
2026/07/29 09:52:12.823, 0, NVIDIA GeForce RTX 3080, 5184, 4868, 10240, 96, 97
2026/07/29 09:52:12.935, 0, NVIDIA GeForce RTX 3080, 5184, 4868, 10240, 96, 98
2026/07/29 09:52:13.046, 0, NVIDIA GeForce RTX 3080, 5184, 4868, 10240, 96, 98
2026/07/29 09:52:13.158, 0, NVIDIA GeForce RTX 3080, 5184, 4868, 10240, 96, 98
2026/07/29 09:52:13.270, 0, NVIDIA GeForce RTX 3080, 5184, 4868, 10240, 96, 98
2026/07/29 09:52:13.382, 0, NVIDIA GeForce RTX 3080, 5184, 4868, 10240, 96, 98
2026/07/29 09:52:13.494, 0, NVIDIA GeForce RTX 3080, 5184, 4868, 10240, 96, 98
2026/07/29 09:52:13.606, 0, NVIDIA GeForce RTX 3080, 5184, 4868, 10240, 96, 98
2026/07/29 09:52:13.718, 0, NVIDIA GeForce RTX 3080, 5184, 4868, 10240, 96, 98
2026/07/29 09:52:13.830, 0, NVIDIA GeForce RTX 3080, 5184, 4868, 10240, 96, 98
2026/07/29 09:52:13.942, 0, NVIDIA GeForce RTX 3080, 5184, 4868, 10240, 96, 97
2026/07/29 09:52:14.053, 0, NVIDIA GeForce RTX 3080, 5184, 4868, 10240, 96, 97
2026/07/29 09:52:14.165, 0, NVIDIA GeForce RTX 3080, 5184, 4868, 10240, 96, 97
2026/07/29 09:52:14.277, 0, NVIDIA GeForce RTX 3080, 5184, 4868, 10240, 96, 97
2026/07/29 09:52:14.389, 0, NVIDIA GeForce RTX 3080, 5184, 4868, 10240, 96, 97
2026/07/29 09:52:14.501, 0, NVIDIA GeForce RTX 3080, 5184, 4868, 10240, 93, 95
2026/07/29 09:52:14.613, 0, NVIDIA GeForce RTX 3080, 5184, 4868, 10240, 93, 95
2026/07/29 09:52:14.725, 0, NVIDIA GeForce RTX 3080, 5184, 4868, 10240, 93, 95
2026/07/29 09:52:14.837, 0, NVIDIA GeForce RTX 3080, 5184, 4868, 10240, 93, 95
2026/07/29 09:52:14.949, 0, NVIDIA GeForce RTX 3080, 5184, 4868, 10240, 96, 98
2026/07/29 09:52:15.060, 0, NVIDIA GeForce RTX 3080, 5184, 4868, 10240, 96, 98
2026/07/29 09:52:15.171, 0, NVIDIA GeForce RTX 3080, 5184, 4868, 10240, 96, 98
2026/07/29 09:52:15.282, 0, NVIDIA GeForce RTX 3080, 5184, 4868, 10240, 96, 98
2026/07/29 09:52:15.393, 0, NVIDIA GeForce RTX 3080, 5184, 4868, 10240, 96, 98
2026/07/29 09:52:15.505, 0, NVIDIA GeForce RTX 3080, 5184, 4868, 10240, 96, 97
2026/07/29 09:52:15.615, 0, NVIDIA GeForce RTX 3080, 5184, 4868, 10240, 96, 97
2026/07/29 09:52:15.727, 0, NVIDIA GeForce RTX 3080, 5184, 4868, 10240, 96, 97
2026/07/29 09:52:15.840, 0, NVIDIA GeForce RTX 3080, 5184, 4868, 10240, 96, 97
2026/07/29 09:52:15.952, 0, NVIDIA GeForce RTX 3080, 5184, 4868, 10240, 96, 97
2026/07/29 09:52:16.064, 0, NVIDIA GeForce RTX 3080, 5184, 4868, 10240, 96, 97
2026/07/29 09:52:16.176, 0, NVIDIA GeForce RTX 3080, 5184, 4868, 10240, 96, 97
2026/07/29 09:52:16.288, 0, NVIDIA GeForce RTX 3080, 5184, 4868, 10240, 96, 97
2026/07/29 09:52:16.400, 0, NVIDIA GeForce RTX 3080, 5184, 4868, 10240, 96, 97
2026/07/29 09:52:16.512, 0, NVIDIA GeForce RTX 3080, 5184, 4868, 10240, 96, 98
2026/07/29 09:52:16.624, 0, NVIDIA GeForce RTX 3080, 5184, 4868, 10240, 96, 98
2026/07/29 09:52:16.735, 0, NVIDIA GeForce RTX 3080, 5184, 4868, 10240, 96, 98
2026/07/29 09:52:16.846, 0, NVIDIA GeForce RTX 3080, 5184, 4868, 10240, 96, 98
2026/07/29 09:52:16.958, 0, NVIDIA GeForce RTX 3080, 5184, 4868, 10240, 96, 97
2026/07/29 09:52:17.069, 0, NVIDIA GeForce RTX 3080, 5184, 4868, 10240, 96, 97
2026/07/29 09:52:17.181, 0, NVIDIA GeForce RTX 3080, 5184, 4868, 10240, 96, 97
2026/07/29 09:52:17.293, 0, NVIDIA GeForce RTX 3080, 5184, 4868, 10240, 96, 97
2026/07/29 09:52:17.404, 0, NVIDIA GeForce RTX 3080, 5184, 4868, 10240, 96, 97
2026/07/29 09:52:17.514, 0, NVIDIA GeForce RTX 3080, 5184, 4868, 10240, 96, 97
2026/07/29 09:52:17.626, 0, NVIDIA GeForce RTX 3080, 5184, 4868, 10240, 96, 97
2026/07/29 09:52:17.737, 0, NVIDIA GeForce RTX 3080, 5184, 4868, 10240, 96, 97
2026/07/29 09:52:17.848, 0, NVIDIA GeForce RTX 3080, 5184, 4868, 10240, 96, 97
2026/07/29 09:52:17.960, 0, NVIDIA GeForce RTX 3080, 5184, 4868, 10240, 96, 97
2026/07/29 09:52:18.072, 0, NVIDIA GeForce RTX 3080, 5184, 4868, 10240, 96, 97
2026/07/29 09:52:18.183, 0, NVIDIA GeForce RTX 3080, 5184, 4868, 10240, 96, 97
2026/07/29 09:52:18.295, 0, NVIDIA GeForce RTX 3080, 5184, 4868, 10240, 96, 97
2026/07/29 09:52:18.407, 0, NVIDIA GeForce RTX 3080, 5184, 4868, 10240, 95, 97
2026/07/29 09:52:18.519, 0, NVIDIA GeForce RTX 3080, 5184, 4868, 10240, 95, 97
2026/07/29 09:52:18.630, 0, NVIDIA GeForce RTX 3080, 5184, 4868, 10240, 95, 97
2026/07/29 09:52:18.742, 0, NVIDIA GeForce RTX 3080, 5184, 4868, 10240, 95, 97
2026/07/29 09:52:18.854, 0, NVIDIA GeForce RTX 3080, 5184, 4868, 10240, 95, 97
2026/07/29 09:52:18.966, 0, NVIDIA GeForce RTX 3080, 5184, 4868, 10240, 96, 98
2026/07/29 09:52:19.078, 0, NVIDIA GeForce RTX 3080, 5184, 4868, 10240, 96, 98
2026/07/29 09:52:19.190, 0, NVIDIA GeForce RTX 3080, 5184, 4868, 10240, 96, 98
2026/07/29 09:52:19.302, 0, NVIDIA GeForce RTX 3080, 5184, 4868, 10240, 96, 98
2026/07/29 09:52:19.414, 0, NVIDIA GeForce RTX 3080, 5184, 4868, 10240, 96, 98
2026/07/29 09:52:19.526, 0, NVIDIA GeForce RTX 3080, 5184, 4868, 10240, 96, 98
2026/07/29 09:52:19.638, 0, NVIDIA GeForce RTX 3080, 5184, 4868, 10240, 96, 98
2026/07/29 09:52:19.750, 0, NVIDIA GeForce RTX 3080, 5184, 4868, 10240, 96, 98
2026/07/29 09:52:19.862, 0, NVIDIA GeForce RTX 3080, 5184, 4868, 10240, 96, 98
2026/07/29 09:52:19.973, 0, NVIDIA GeForce RTX 3080, 5184, 4868, 10240, 96, 97
2026/07/29 09:52:20.084, 0, NVIDIA GeForce RTX 3080, 5184, 4868, 10240, 96, 97
2026/07/29 09:52:20.194, 0, NVIDIA GeForce RTX 3080, 5184, 4868, 10240, 96, 97
2026/07/29 09:52:20.306, 0, NVIDIA GeForce RTX 3080, 5184, 4868, 10240, 96, 97
2026/07/29 09:52:20.418, 0, NVIDIA GeForce RTX 3080, 5184, 4868, 10240, 96, 97
2026/07/29 09:52:20.530, 0, NVIDIA GeForce RTX 3080, 5184, 4868, 10240, 96, 97
2026/07/29 09:52:20.642, 0, NVIDIA GeForce RTX 3080, 5184, 4868, 10240, 96, 97
2026/07/29 09:52:20.753, 0, NVIDIA GeForce RTX 3080, 5184, 4868, 10240, 96, 97
2026/07/29 09:52:20.865, 0, NVIDIA GeForce RTX 3080, 5184, 4868, 10240, 96, 97
2026/07/29 09:52:20.976, 0, NVIDIA GeForce RTX 3080, 5184, 4868, 10240, 96, 97
2026/07/29 09:52:21.087, 0, NVIDIA GeForce RTX 3080, 5184, 4868, 10240, 96, 97
2026/07/29 09:52:21.199, 0, NVIDIA GeForce RTX 3080, 5184, 4868, 10240, 96, 97
2026/07/29 09:52:21.309, 0, NVIDIA GeForce RTX 3080, 5184, 4868, 10240, 96, 97
2026/07/29 09:52:21.421, 0, NVIDIA GeForce RTX 3080, 5184, 4868, 10240, 96, 97
2026/07/29 09:52:21.533, 0, NVIDIA GeForce RTX 3080, 5184, 4868, 10240, 96, 97
2026/07/29 09:52:21.645, 0, NVIDIA GeForce RTX 3080, 5184, 4868, 10240, 96, 97
2026/07/29 09:52:21.757, 0, NVIDIA GeForce RTX 3080, 5184, 4868, 10240, 96, 97
2026/07/29 09:52:21.868, 0, NVIDIA GeForce RTX 3080, 5184, 4868, 10240, 96, 97
2026/07/29 09:52:21.980, 0, NVIDIA GeForce RTX 3080, 5184, 4868, 10240, 96, 97
2026/07/29 09:52:22.092, 0, NVIDIA GeForce RTX 3080, 5184, 4868, 10240, 96, 97
2026/07/29 09:52:22.204, 0, NVIDIA GeForce RTX 3080, 5184, 4868, 10240, 96, 97
2026/07/29 09:52:22.316, 0, NVIDIA GeForce RTX 3080, 5184, 4868, 10240, 96, 97
2026/07/29 09:52:22.428, 0, NVIDIA GeForce RTX 3080, 5184, 4868, 10240, 96, 97
2026/07/29 09:52:22.540, 0, NVIDIA GeForce RTX 3080, 5184, 4868, 10240, 96, 97
2026/07/29 09:52:22.651, 0, NVIDIA GeForce RTX 3080, 5184, 4868, 10240, 96, 97
2026/07/29 09:52:22.762, 0, NVIDIA GeForce RTX 3080, 5184, 4868, 10240, 96, 97
2026/07/29 09:52:22.874, 0, NVIDIA GeForce RTX 3080, 5184, 4868, 10240, 96, 97
2026/07/29 09:52:22.986, 0, NVIDIA GeForce RTX 3080, 5184, 4868, 10240, 95, 97
2026/07/29 09:52:23.098, 0, NVIDIA GeForce RTX 3080, 5184, 4868, 10240, 95, 97
2026/07/29 09:52:23.210, 0, NVIDIA GeForce RTX 3080, 5184, 4868, 10240, 95, 97
2026/07/29 09:52:23.322, 0, NVIDIA GeForce RTX 3080, 5184, 4868, 10240, 95, 97
2026/07/29 09:52:23.434, 0, NVIDIA GeForce RTX 3080, 5184, 4868, 10240, 96, 97
2026/07/29 09:52:23.546, 0, NVIDIA GeForce RTX 3080, 5184, 4868, 10240, 96, 97
2026/07/29 09:52:23.656, 0, NVIDIA GeForce RTX 3080, 5184, 4868, 10240, 96, 97
2026/07/29 09:52:23.765, 0, NVIDIA GeForce RTX 3080, 5184, 4868, 10240, 96, 97
2026/07/29 09:52:23.875, 0, NVIDIA GeForce RTX 3080, 5184, 4868, 10240, 96, 97
2026/07/29 09:52:23.984, 0, NVIDIA GeForce RTX 3080, 5184, 4868, 10240, 93, 95
2026/07/29 09:52:24.092, 0, NVIDIA GeForce RTX 3080, 5184, 4868, 10240, 93, 95
2026/07/29 09:52:24.201, 0, NVIDIA GeForce RTX 3080, 5184, 4868, 10240, 93, 95
2026/07/29 09:52:24.312, 0, NVIDIA GeForce RTX 3080, 5184, 4868, 10240, 93, 95
2026/07/29 09:52:24.424, 0, NVIDIA GeForce RTX 3080, 5184, 4868, 10240, 96, 97
2026/07/29 09:52:24.535, 0, NVIDIA GeForce RTX 3080, 5184, 4868, 10240, 96, 97
2026/07/29 09:52:24.647, 0, NVIDIA GeForce RTX 3080, 5184, 4868, 10240, 96, 97
2026/07/29 09:52:24.759, 0, NVIDIA GeForce RTX 3080, 5184, 4868, 10240, 96, 97
2026/07/29 09:52:24.871, 0, NVIDIA GeForce RTX 3080, 5184, 4868, 10240, 96, 97
2026/07/29 09:52:24.983, 0, NVIDIA GeForce RTX 3080, 5184, 4868, 10240, 96, 98
2026/07/29 09:52:25.094, 0, NVIDIA GeForce RTX 3080, 5184, 4868, 10240, 96, 98
2026/07/29 09:52:25.205, 0, NVIDIA GeForce RTX 3080, 5184, 4868, 10240, 96, 98
2026/07/29 09:52:25.317, 0, NVIDIA GeForce RTX 3080, 5184, 4868, 10240, 96, 98
2026/07/29 09:52:25.429, 0, NVIDIA GeForce RTX 3080, 5184, 4868, 10240, 96, 98
2026/07/29 09:52:25.540, 0, NVIDIA GeForce RTX 3080, 5184, 4868, 10240, 96, 98
2026/07/29 09:52:25.650, 0, NVIDIA GeForce RTX 3080, 5184, 4868, 10240, 96, 98
2026/07/29 09:52:25.760, 0, NVIDIA GeForce RTX 3080, 5184, 4868, 10240, 96, 98
2026/07/29 09:52:25.870, 0, NVIDIA GeForce RTX 3080, 5184, 4868, 10240, 96, 98
2026/07/29 09:52:25.980, 0, NVIDIA GeForce RTX 3080, 5184, 4868, 10240, 96, 97
2026/07/29 09:52:26.092, 0, NVIDIA GeForce RTX 3080, 5184, 4868, 10240, 96, 97
2026/07/29 09:52:26.204, 0, NVIDIA GeForce RTX 3080, 5184, 4868, 10240, 96, 97
2026/07/29 09:52:26.315, 0, NVIDIA GeForce RTX 3080, 5184, 4868, 10240, 96, 97
2026/07/29 09:52:26.426, 0, NVIDIA GeForce RTX 3080, 5184, 4868, 10240, 96, 98
2026/07/29 09:52:26.537, 0, NVIDIA GeForce RTX 3080, 5184, 4868, 10240, 96, 98
2026/07/29 09:52:26.649, 0, NVIDIA GeForce RTX 3080, 5184, 4868, 10240, 96, 98
2026/07/29 09:52:26.761, 0, NVIDIA GeForce RTX 3080, 5184, 4868, 10240, 96, 98
2026/07/29 09:52:26.872, 0, NVIDIA GeForce RTX 3080, 5184, 4868, 10240, 96, 98
2026/07/29 09:52:26.983, 0, NVIDIA GeForce RTX 3080, 5184, 4868, 10240, 96, 97
2026/07/29 09:52:27.094, 0, NVIDIA GeForce RTX 3080, 5184, 4868, 10240, 96, 97
2026/07/29 09:52:27.205, 0, NVIDIA GeForce RTX 3080, 5184, 4868, 10240, 96, 97
2026/07/29 09:52:27.316, 0, NVIDIA GeForce RTX 3080, 5184, 4868, 10240, 96, 97
2026/07/29 09:52:27.428, 0, NVIDIA GeForce RTX 3080, 5184, 4868, 10240, 95, 97
2026/07/29 09:52:27.540, 0, NVIDIA GeForce RTX 3080, 5184, 4868, 10240, 95, 97
2026/07/29 09:52:27.652, 0, NVIDIA GeForce RTX 3080, 5184, 4868, 10240, 95, 97
2026/07/29 09:52:27.764, 0, NVIDIA GeForce RTX 3080, 5184, 4868, 10240, 95, 97
2026/07/29 09:52:27.876, 0, NVIDIA GeForce RTX 3080, 5184, 4868, 10240, 95, 97
2026/07/29 09:52:27.988, 0, NVIDIA GeForce RTX 3080, 5184, 4868, 10240, 96, 98
2026/07/29 09:52:28.100, 0, NVIDIA GeForce RTX 3080, 5184, 4868, 10240, 96, 98
2026/07/29 09:52:28.212, 0, NVIDIA GeForce RTX 3080, 5184, 4868, 10240, 96, 98
2026/07/29 09:52:28.324, 0, NVIDIA GeForce RTX 3080, 5184, 4868, 10240, 96, 98
2026/07/29 09:52:28.436, 0, NVIDIA GeForce RTX 3080, 5184, 4868, 10240, 96, 98
2026/07/29 09:52:28.548, 0, NVIDIA GeForce RTX 3080, 5184, 4868, 10240, 96, 98
2026/07/29 09:52:28.660, 0, NVIDIA GeForce RTX 3080, 5184, 4868, 10240, 96, 98
2026/07/29 09:52:28.771, 0, NVIDIA GeForce RTX 3080, 5184, 4868, 10240, 96, 98
2026/07/29 09:52:28.882, 0, NVIDIA GeForce RTX 3080, 5184, 4868, 10240, 96, 98
2026/07/29 09:52:28.992, 0, NVIDIA GeForce RTX 3080, 5184, 4868, 10240, 96, 97
2026/07/29 09:52:29.105, 0, NVIDIA GeForce RTX 3080, 5184, 4868, 10240, 96, 97
2026/07/29 09:52:29.217, 0, NVIDIA GeForce RTX 3080, 5184, 4868, 10240, 96, 97
2026/07/29 09:52:29.329, 0, NVIDIA GeForce RTX 3080, 5184, 4868, 10240, 96, 97
2026/07/29 09:52:29.441, 0, NVIDIA GeForce RTX 3080, 5184, 4868, 10240, 96, 98
2026/07/29 09:52:29.553, 0, NVIDIA GeForce RTX 3080, 5184, 4868, 10240, 96, 98
2026/07/29 09:52:29.664, 0, NVIDIA GeForce RTX 3080, 5184, 4868, 10240, 96, 98
2026/07/29 09:52:29.776, 0, NVIDIA GeForce RTX 3080, 5184, 4868, 10240, 96, 98
2026/07/29 09:52:29.888, 0, NVIDIA GeForce RTX 3080, 5184, 4868, 10240, 96, 98
2026/07/29 09:52:30.000, 0, NVIDIA GeForce RTX 3080, 5184, 4868, 10240, 96, 97
2026/07/29 09:52:30.112, 0, NVIDIA GeForce RTX 3080, 5184, 4868, 10240, 96, 97
2026/07/29 09:52:30.224, 0, NVIDIA GeForce RTX 3080, 5184, 4868, 10240, 96, 97
2026/07/29 09:52:30.335, 0, NVIDIA GeForce RTX 3080, 5184, 4868, 10240, 96, 97
2026/07/29 09:52:30.447, 0, NVIDIA GeForce RTX 3080, 5184, 4868, 10240, 96, 97
2026/07/29 09:52:30.559, 0, NVIDIA GeForce RTX 3080, 5184, 4868, 10240, 96, 97
2026/07/29 09:52:30.671, 0, NVIDIA GeForce RTX 3080, 5184, 4868, 10240, 96, 97
2026/07/29 09:52:30.779, 0, NVIDIA GeForce RTX 3080, 5184, 4868, 10240, 96, 97
2026/07/29 09:52:30.889, 0, NVIDIA GeForce RTX 3080, 5184, 4868, 10240, 96, 97
2026/07/29 09:52:30.999, 0, NVIDIA GeForce RTX 3080, 5184, 4868, 10240, 96, 98
2026/07/29 09:52:31.111, 0, NVIDIA GeForce RTX 3080, 5184, 4868, 10240, 96, 98
2026/07/29 09:52:31.223, 0, NVIDIA GeForce RTX 3080, 5184, 4868, 10240, 96, 98
2026/07/29 09:52:31.334, 0, NVIDIA GeForce RTX 3080, 5184, 4868, 10240, 96, 98
2026/07/29 09:52:31.446, 0, NVIDIA GeForce RTX 3080, 5184, 4868, 10240, 96, 97
2026/07/29 09:52:31.557, 0, NVIDIA GeForce RTX 3080, 5184, 4868, 10240, 96, 97
2026/07/29 09:52:31.669, 0, NVIDIA GeForce RTX 3080, 5184, 4868, 10240, 96, 97
2026/07/29 09:52:31.780, 0, NVIDIA GeForce RTX 3080, 5184, 4868, 10240, 96, 97
2026/07/29 09:52:31.891, 0, NVIDIA GeForce RTX 3080, 5184, 4868, 10240, 96, 97
2026/07/29 09:52:32.002, 0, NVIDIA GeForce RTX 3080, 5184, 4868, 10240, 93, 95
2026/07/29 09:52:32.114, 0, NVIDIA GeForce RTX 3080, 5184, 4868, 10240, 93, 95
2026/07/29 09:52:32.226, 0, NVIDIA GeForce RTX 3080, 5184, 4868, 10240, 93, 95
2026/07/29 09:52:32.337, 0, NVIDIA GeForce RTX 3080, 5184, 4868, 10240, 93, 95
2026/07/29 09:52:32.450, 0, NVIDIA GeForce RTX 3080, 5184, 4868, 10240, 96, 98
2026/07/29 09:52:32.562, 0, NVIDIA GeForce RTX 3080, 5184, 4868, 10240, 96, 98
2026/07/29 09:52:32.674, 0, NVIDIA GeForce RTX 3080, 5184, 4868, 10240, 96, 98
2026/07/29 09:52:32.786, 0, NVIDIA GeForce RTX 3080, 5184, 4868, 10240, 96, 98
2026/07/29 09:52:32.898, 0, NVIDIA GeForce RTX 3080, 5184, 4868, 10240, 96, 98
2026/07/29 09:52:33.010, 0, NVIDIA GeForce RTX 3080, 5184, 4868, 10240, 96, 97
2026/07/29 09:52:33.122, 0, NVIDIA GeForce RTX 3080, 5184, 4868, 10240, 96, 97
2026/07/29 09:52:33.234, 0, NVIDIA GeForce RTX 3080, 5184, 4868, 10240, 96, 97
2026/07/29 09:52:33.346, 0, NVIDIA GeForce RTX 3080, 5184, 4868, 10240, 96, 97
2026/07/29 09:52:33.456, 0, NVIDIA GeForce RTX 3080, 5184, 4868, 10240, 91, 93
2026/07/29 09:52:33.567, 0, NVIDIA GeForce RTX 3080, 5184, 4868, 10240, 91, 93
2026/07/29 09:52:33.679, 0, NVIDIA GeForce RTX 3080, 5184, 4868, 10240, 91, 93
2026/07/29 09:52:33.791, 0, NVIDIA GeForce RTX 3080, 5184, 4868, 10240, 91, 93
2026/07/29 09:52:33.902, 0, NVIDIA GeForce RTX 3080, 5184, 4868, 10240, 91, 93
2026/07/29 09:52:34.014, 0, NVIDIA GeForce RTX 3080, 5184, 4868, 10240, 96, 98
2026/07/29 09:52:34.126, 0, NVIDIA GeForce RTX 3080, 5184, 4868, 10240, 96, 98
2026/07/29 09:52:34.238, 0, NVIDIA GeForce RTX 3080, 5184, 4868, 10240, 96, 98
2026/07/29 09:52:34.350, 0, NVIDIA GeForce RTX 3080, 5184, 4868, 10240, 96, 98
2026/07/29 09:52:34.462, 0, NVIDIA GeForce RTX 3080, 5184, 4868, 10240, 96, 98
2026/07/29 09:52:34.574, 0, NVIDIA GeForce RTX 3080, 5184, 4868, 10240, 96, 98
2026/07/29 09:52:34.684, 0, NVIDIA GeForce RTX 3080, 5184, 4868, 10240, 96, 98
2026/07/29 09:52:34.795, 0, NVIDIA GeForce RTX 3080, 5184, 4868, 10240, 96, 98
2026/07/29 09:52:34.907, 0, NVIDIA GeForce RTX 3080, 5184, 4868, 10240, 95, 97
2026/07/29 09:52:35.019, 0, NVIDIA GeForce RTX 3080, 5184, 4868, 10240, 95, 97
2026/07/29 09:52:35.131, 0, NVIDIA GeForce RTX 3080, 5184, 4868, 10240, 95, 97
2026/07/29 09:52:35.243, 0, NVIDIA GeForce RTX 3080, 5184, 4868, 10240, 95, 97
2026/07/29 09:52:35.355, 0, NVIDIA GeForce RTX 3080, 5184, 4868, 10240, 95, 97
2026/07/29 09:52:35.466, 0, NVIDIA GeForce RTX 3080, 5184, 4868, 10240, 96, 98
2026/07/29 09:52:35.578, 0, NVIDIA GeForce RTX 3080, 5184, 4868, 10240, 96, 98
2026/07/29 09:52:35.690, 0, NVIDIA GeForce RTX 3080, 5184, 4868, 10240, 96, 98
2026/07/29 09:52:35.802, 0, NVIDIA GeForce RTX 3080, 5184, 4868, 10240, 96, 98
2026/07/29 09:52:35.913, 0, NVIDIA GeForce RTX 3080, 5184, 4868, 10240, 96, 97
2026/07/29 09:52:36.025, 0, NVIDIA GeForce RTX 3080, 5184, 4868, 10240, 96, 97
2026/07/29 09:52:36.136, 0, NVIDIA GeForce RTX 3080, 5184, 4868, 10240, 96, 97
2026/07/29 09:52:36.248, 0, NVIDIA GeForce RTX 3080, 5184, 4868, 10240, 96, 97
2026/07/29 09:52:36.360, 0, NVIDIA GeForce RTX 3080, 5184, 4868, 10240, 96, 97
2026/07/29 09:52:36.472, 0, NVIDIA GeForce RTX 3080, 5184, 4868, 10240, 96, 97
2026/07/29 09:52:36.584, 0, NVIDIA GeForce RTX 3080, 5184, 4868, 10240, 96, 97
2026/07/29 09:52:36.696, 0, NVIDIA GeForce RTX 3080, 5184, 4868, 10240, 96, 97
2026/07/29 09:52:36.808, 0, NVIDIA GeForce RTX 3080, 5184, 4868, 10240, 96, 97
2026/07/29 09:52:36.920, 0, NVIDIA GeForce RTX 3080, 5184, 4868, 10240, 96, 98
2026/07/29 09:52:37.032, 0, NVIDIA GeForce RTX 3080, 5184, 4868, 10240, 96, 98
2026/07/29 09:52:37.144, 0, NVIDIA GeForce RTX 3080, 5184, 4868, 10240, 96, 98
2026/07/29 09:52:37.256, 0, NVIDIA GeForce RTX 3080, 5184, 4868, 10240, 96, 98
2026/07/29 09:52:37.367, 0, NVIDIA GeForce RTX 3080, 5184, 4868, 10240, 96, 98
2026/07/29 09:52:37.479, 0, NVIDIA GeForce RTX 3080, 5184, 4868, 10240, 96, 98
2026/07/29 09:52:37.591, 0, NVIDIA GeForce RTX 3080, 5184, 4868, 10240, 96, 98
2026/07/29 09:52:37.703, 0, NVIDIA GeForce RTX 3080, 5184, 4868, 10240, 96, 98
2026/07/29 09:52:37.815, 0, NVIDIA GeForce RTX 3080, 5184, 4868, 10240, 96, 98
2026/07/29 09:52:37.927, 0, NVIDIA GeForce RTX 3080, 5184, 4868, 10240, 96, 97
2026/07/29 09:52:38.039, 0, NVIDIA GeForce RTX 3080, 5184, 4868, 10240, 96, 97
2026/07/29 09:52:38.151, 0, NVIDIA GeForce RTX 3080, 5184, 4868, 10240, 96, 97
2026/07/29 09:52:38.263, 0, NVIDIA GeForce RTX 3080, 5184, 4868, 10240, 96, 97
2026/07/29 09:52:38.375, 0, NVIDIA GeForce RTX 3080, 5184, 4868, 10240, 96, 97
2026/07/29 09:52:38.487, 0, NVIDIA GeForce RTX 3080, 5184, 4868, 10240, 96, 98
2026/07/29 09:52:38.598, 0, NVIDIA GeForce RTX 3080, 5184, 4868, 10240, 96, 98
2026/07/29 09:52:38.708, 0, NVIDIA GeForce RTX 3080, 5184, 4868, 10240, 96, 98
2026/07/29 09:52:38.817, 0, NVIDIA GeForce RTX 3080, 5184, 4868, 10240, 96, 98
2026/07/29 09:52:38.926, 0, NVIDIA GeForce RTX 3080, 5184, 4868, 10240, 96, 97
2026/07/29 09:52:39.035, 0, NVIDIA GeForce RTX 3080, 5184, 4868, 10240, 96, 97
2026/07/29 09:52:39.144, 0, NVIDIA GeForce RTX 3080, 5184, 4868, 10240, 96, 97
2026/07/29 09:52:39.254, 0, NVIDIA GeForce RTX 3080, 5184, 4868, 10240, 96, 97
2026/07/29 09:52:39.366, 0, NVIDIA GeForce RTX 3080, 5184, 4868, 10240, 96, 97
2026/07/29 09:52:39.478, 0, NVIDIA GeForce RTX 3080, 5184, 4868, 10240, 96, 97
2026/07/29 09:52:39.590, 0, NVIDIA GeForce RTX 3080, 5184, 4868, 10240, 96, 97
2026/07/29 09:52:39.702, 0, NVIDIA GeForce RTX 3080, 5184, 4868, 10240, 96, 97
2026/07/29 09:52:39.813, 0, NVIDIA GeForce RTX 3080, 5184, 4868, 10240, 96, 97
2026/07/29 09:52:39.924, 0, NVIDIA GeForce RTX 3080, 5184, 4868, 10240, 96, 97
2026/07/29 09:52:40.035, 0, NVIDIA GeForce RTX 3080, 5184, 4868, 10240, 96, 97
2026/07/29 09:52:40.147, 0, NVIDIA GeForce RTX 3080, 5184, 4868, 10240, 96, 97
2026/07/29 09:52:40.258, 0, NVIDIA GeForce RTX 3080, 5184, 4868, 10240, 96, 97
2026/07/29 09:52:40.369, 0, NVIDIA GeForce RTX 3080, 5184, 4868, 10240, 96, 97
2026/07/29 09:52:40.481, 0, NVIDIA GeForce RTX 3080, 5184, 4868, 10240, 96, 97
2026/07/29 09:52:40.592, 0, NVIDIA GeForce RTX 3080, 5184, 4868, 10240, 96, 97
2026/07/29 09:52:40.703, 0, NVIDIA GeForce RTX 3080, 5184, 4868, 10240, 96, 97
2026/07/29 09:52:40.814, 0, NVIDIA GeForce RTX 3080, 5184, 4868, 10240, 96, 97
2026/07/29 09:52:40.926, 0, NVIDIA GeForce RTX 3080, 5184, 4868, 10240, 95, 97
2026/07/29 09:52:41.037, 0, NVIDIA GeForce RTX 3080, 5184, 4868, 10240, 95, 97
2026/07/29 09:52:41.148, 0, NVIDIA GeForce RTX 3080, 5184, 4868, 10240, 95, 97
2026/07/29 09:52:41.260, 0, NVIDIA GeForce RTX 3080, 5184, 4868, 10240, 95, 97
2026/07/29 09:52:41.372, 0, NVIDIA GeForce RTX 3080, 5184, 4868, 10240, 95, 97
2026/07/29 09:52:41.484, 0, NVIDIA GeForce RTX 3080, 5184, 4868, 10240, 92, 95
2026/07/29 09:52:41.596, 0, NVIDIA GeForce RTX 3080, 5184, 4868, 10240, 92, 95
2026/07/29 09:52:41.708, 0, NVIDIA GeForce RTX 3080, 5184, 4868, 10240, 92, 95
2026/07/29 09:52:41.820, 0, NVIDIA GeForce RTX 3080, 5184, 4868, 10240, 92, 95
2026/07/29 09:52:41.932, 0, NVIDIA GeForce RTX 3080, 5184, 4868, 10240, 96, 97
2026/07/29 09:52:42.044, 0, NVIDIA GeForce RTX 3080, 5184, 4868, 10240, 96, 97
2026/07/29 09:52:42.156, 0, NVIDIA GeForce RTX 3080, 5184, 4868, 10240, 96, 97
2026/07/29 09:52:42.268, 0, NVIDIA GeForce RTX 3080, 5184, 4868, 10240, 96, 97
2026/07/29 09:52:42.380, 0, NVIDIA GeForce RTX 3080, 5184, 4868, 10240, 96, 97
2026/07/29 09:52:42.492, 0, NVIDIA GeForce RTX 3080, 5184, 4868, 10240, 95, 97
2026/07/29 09:52:42.604, 0, NVIDIA GeForce RTX 3080, 5184, 4868, 10240, 95, 97
2026/07/29 09:52:42.716, 0, NVIDIA GeForce RTX 3080, 5184, 4868, 10240, 95, 97
2026/07/29 09:52:42.827, 0, NVIDIA GeForce RTX 3080, 5184, 4868, 10240, 95, 97
2026/07/29 09:52:42.938, 0, NVIDIA GeForce RTX 3080, 5184, 4868, 10240, 95, 97
2026/07/29 09:52:43.050, 0, NVIDIA GeForce RTX 3080, 5184, 4868, 10240, 95, 97
2026/07/29 09:52:43.162, 0, NVIDIA GeForce RTX 3080, 5184, 4868, 10240, 95, 97
2026/07/29 09:52:43.273, 0, NVIDIA GeForce RTX 3080, 5184, 4868, 10240, 95, 97
2026/07/29 09:52:43.385, 0, NVIDIA GeForce RTX 3080, 5184, 4868, 10240, 95, 97
2026/07/29 09:52:43.497, 0, NVIDIA GeForce RTX 3080, 5184, 4868, 10240, 96, 97
2026/07/29 09:52:43.609, 0, NVIDIA GeForce RTX 3080, 5184, 4868, 10240, 96, 97
2026/07/29 09:52:43.719, 0, NVIDIA GeForce RTX 3080, 5184, 4868, 10240, 96, 97
2026/07/29 09:52:43.828, 0, NVIDIA GeForce RTX 3080, 5184, 4868, 10240, 96, 97
2026/07/29 09:52:43.937, 0, NVIDIA GeForce RTX 3080, 5184, 4868, 10240, 96, 97
2026/07/29 09:52:44.046, 0, NVIDIA GeForce RTX 3080, 5184, 4868, 10240, 96, 97
2026/07/29 09:52:44.156, 0, NVIDIA GeForce RTX 3080, 5184, 4868, 10240, 96, 97
2026/07/29 09:52:44.267, 0, NVIDIA GeForce RTX 3080, 5184, 4868, 10240, 96, 97
2026/07/29 09:52:44.379, 0, NVIDIA GeForce RTX 3080, 5184, 4868, 10240, 96, 97
2026/07/29 09:52:44.491, 0, NVIDIA GeForce RTX 3080, 5184, 4868, 10240, 96, 98
2026/07/29 09:52:44.603, 0, NVIDIA GeForce RTX 3080, 5184, 4868, 10240, 96, 98
2026/07/29 09:52:44.715, 0, NVIDIA GeForce RTX 3080, 5184, 4868, 10240, 96, 98
2026/07/29 09:52:44.827, 0, NVIDIA GeForce RTX 3080, 5184, 4868, 10240, 96, 98
2026/07/29 09:52:44.939, 0, NVIDIA GeForce RTX 3080, 5184, 4868, 10240, 96, 97
2026/07/29 09:52:45.051, 0, NVIDIA GeForce RTX 3080, 5184, 4868, 10240, 96, 97
2026/07/29 09:52:45.163, 0, NVIDIA GeForce RTX 3080, 5184, 4868, 10240, 96, 97
2026/07/29 09:52:45.275, 0, NVIDIA GeForce RTX 3080, 5184, 4868, 10240, 96, 97
2026/07/29 09:52:45.386, 0, NVIDIA GeForce RTX 3080, 5184, 4868, 10240, 96, 97
2026/07/29 09:52:45.496, 0, NVIDIA GeForce RTX 3080, 5184, 4868, 10240, 96, 97
2026/07/29 09:52:45.608, 0, NVIDIA GeForce RTX 3080, 5184, 4868, 10240, 96, 97
2026/07/29 09:52:45.717, 0, NVIDIA GeForce RTX 3080, 5184, 4868, 10240, 96, 97
2026/07/29 09:52:45.826, 0, NVIDIA GeForce RTX 3080, 5184, 4868, 10240, 96, 97
2026/07/29 09:52:45.937, 0, NVIDIA GeForce RTX 3080, 5184, 4868, 10240, 96, 98
2026/07/29 09:52:46.049, 0, NVIDIA GeForce RTX 3080, 5184, 4868, 10240, 96, 98
2026/07/29 09:52:46.161, 0, NVIDIA GeForce RTX 3080, 5184, 4868, 10240, 96, 98
2026/07/29 09:52:46.273, 0, NVIDIA GeForce RTX 3080, 5184, 4868, 10240, 96, 98
2026/07/29 09:52:46.385, 0, NVIDIA GeForce RTX 3080, 5184, 4868, 10240, 96, 98
2026/07/29 09:52:46.497, 0, NVIDIA GeForce RTX 3080, 5184, 4868, 10240, 96, 97
2026/07/29 09:52:46.608, 0, NVIDIA GeForce RTX 3080, 5184, 4868, 10240, 96, 97
2026/07/29 09:52:46.720, 0, NVIDIA GeForce RTX 3080, 5184, 4868, 10240, 96, 97
2026/07/29 09:52:46.830, 0, NVIDIA GeForce RTX 3080, 5184, 4868, 10240, 96, 97
2026/07/29 09:52:46.941, 0, NVIDIA GeForce RTX 3080, 5184, 4868, 10240, 95, 97
2026/07/29 09:52:47.053, 0, NVIDIA GeForce RTX 3080, 5184, 4868, 10240, 95, 97
2026/07/29 09:52:47.165, 0, NVIDIA GeForce RTX 3080, 5184, 4868, 10240, 95, 97
2026/07/29 09:52:47.277, 0, NVIDIA GeForce RTX 3080, 5184, 4868, 10240, 95, 97
2026/07/29 09:52:47.389, 0, NVIDIA GeForce RTX 3080, 5184, 4868, 10240, 95, 97
2026/07/29 09:52:47.501, 0, NVIDIA GeForce RTX 3080, 5184, 4868, 10240, 96, 97
2026/07/29 09:52:47.613, 0, NVIDIA GeForce RTX 3080, 5184, 4868, 10240, 96, 97
2026/07/29 09:52:47.725, 0, NVIDIA GeForce RTX 3080, 5184, 4868, 10240, 96, 97
2026/07/29 09:52:47.837, 0, NVIDIA GeForce RTX 3080, 5184, 4868, 10240, 96, 97
2026/07/29 09:52:47.949, 0, NVIDIA GeForce RTX 3080, 5184, 4868, 10240, 96, 97
2026/07/29 09:52:48.061, 0, NVIDIA GeForce RTX 3080, 5184, 4868, 10240, 96, 97
2026/07/29 09:52:48.173, 0, NVIDIA GeForce RTX 3080, 5184, 4868, 10240, 96, 97
2026/07/29 09:52:48.284, 0, NVIDIA GeForce RTX 3080, 5184, 4868, 10240, 96, 97
2026/07/29 09:52:48.396, 0, NVIDIA GeForce RTX 3080, 5184, 4868, 10240, 96, 97
2026/07/29 09:52:48.508, 0, NVIDIA GeForce RTX 3080, 5184, 4868, 10240, 96, 97
2026/07/29 09:52:48.620, 0, NVIDIA GeForce RTX 3080, 5184, 4868, 10240, 96, 97
2026/07/29 09:52:48.732, 0, NVIDIA GeForce RTX 3080, 5184, 4868, 10240, 96, 97
2026/07/29 09:52:48.843, 0, NVIDIA GeForce RTX 3080, 5184, 4868, 10240, 96, 97
2026/07/29 09:52:48.955, 0, NVIDIA GeForce RTX 3080, 5184, 4868, 10240, 96, 97
2026/07/29 09:52:49.065, 0, NVIDIA GeForce RTX 3080, 5184, 4868, 10240, 96, 97
2026/07/29 09:52:49.177, 0, NVIDIA GeForce RTX 3080, 5184, 4868, 10240, 96, 97
2026/07/29 09:52:49.289, 0, NVIDIA GeForce RTX 3080, 5184, 4868, 10240, 96, 97
2026/07/29 09:52:49.401, 0, NVIDIA GeForce RTX 3080, 5184, 4868, 10240, 96, 97
2026/07/29 09:52:49.513, 0, NVIDIA GeForce RTX 3080, 5184, 4868, 10240, 96, 97
2026/07/29 09:52:49.625, 0, NVIDIA GeForce RTX 3080, 5184, 4868, 10240, 96, 97
2026/07/29 09:52:49.737, 0, NVIDIA GeForce RTX 3080, 5184, 4868, 10240, 96, 97
2026/07/29 09:52:49.849, 0, NVIDIA GeForce RTX 3080, 5184, 4868, 10240, 96, 97
2026/07/29 09:52:49.961, 0, NVIDIA GeForce RTX 3080, 5184, 4868, 10240, 96, 97
2026/07/29 09:52:50.073, 0, NVIDIA GeForce RTX 3080, 5184, 4868, 10240, 96, 97
2026/07/29 09:52:50.185, 0, NVIDIA GeForce RTX 3080, 5184, 4868, 10240, 96, 97
2026/07/29 09:52:50.297, 0, NVIDIA GeForce RTX 3080, 5184, 4868, 10240, 96, 97
2026/07/29 09:52:50.409, 0, NVIDIA GeForce RTX 3080, 5184, 4868, 10240, 96, 97
2026/07/29 09:52:50.521, 0, NVIDIA GeForce RTX 3080, 5184, 4868, 10240, 96, 97
2026/07/29 09:52:50.633, 0, NVIDIA GeForce RTX 3080, 5184, 4868, 10240, 96, 97
2026/07/29 09:52:50.743, 0, NVIDIA GeForce RTX 3080, 5184, 4868, 10240, 96, 97
2026/07/29 09:52:50.851, 0, NVIDIA GeForce RTX 3080, 5184, 4868, 10240, 96, 97
2026/07/29 09:52:50.963, 0, NVIDIA GeForce RTX 3080, 5184, 4868, 10240, 92, 94
2026/07/29 09:52:51.076, 0, NVIDIA GeForce RTX 3080, 5184, 4868, 10240, 92, 94
2026/07/29 09:52:51.187, 0, NVIDIA GeForce RTX 3080, 5184, 4868, 10240, 92, 94
2026/07/29 09:52:51.299, 0, NVIDIA GeForce RTX 3080, 5184, 4868, 10240, 92, 94
2026/07/29 09:52:51.410, 0, NVIDIA GeForce RTX 3080, 5184, 4868, 10240, 95, 97
2026/07/29 09:52:51.521, 0, NVIDIA GeForce RTX 3080, 5184, 4868, 10240, 95, 97
2026/07/29 09:52:51.633, 0, NVIDIA GeForce RTX 3080, 5184, 4868, 10240, 95, 97
2026/07/29 09:52:51.745, 0, NVIDIA GeForce RTX 3080, 5184, 4868, 10240, 95, 97
2026/07/29 09:52:51.855, 0, NVIDIA GeForce RTX 3080, 5184, 4868, 10240, 95, 97
2026/07/29 09:52:51.966, 0, NVIDIA GeForce RTX 3080, 5184, 4868, 10240, 96, 98
2026/07/29 09:52:52.078, 0, NVIDIA GeForce RTX 3080, 5184, 4868, 10240, 96, 98
2026/07/29 09:52:52.190, 0, NVIDIA GeForce RTX 3080, 5184, 4868, 10240, 96, 98
2026/07/29 09:52:52.302, 0, NVIDIA GeForce RTX 3080, 5184, 4868, 10240, 96, 98
2026/07/29 09:52:52.414, 0, NVIDIA GeForce RTX 3080, 5184, 4868, 10240, 96, 97
2026/07/29 09:52:52.526, 0, NVIDIA GeForce RTX 3080, 5184, 4868, 10240, 96, 97
2026/07/29 09:52:52.637, 0, NVIDIA GeForce RTX 3080, 5184, 4868, 10240, 96, 97
2026/07/29 09:52:52.749, 0, NVIDIA GeForce RTX 3080, 5184, 4868, 10240, 96, 97
2026/07/29 09:52:52.861, 0, NVIDIA GeForce RTX 3080, 5184, 4868, 10240, 96, 97
2026/07/29 09:52:52.971, 0, NVIDIA GeForce RTX 3080, 5184, 4868, 10240, 96, 97
2026/07/29 09:52:53.083, 0, NVIDIA GeForce RTX 3080, 5184, 4868, 10240, 96, 97
2026/07/29 09:52:53.195, 0, NVIDIA GeForce RTX 3080, 5184, 4868, 10240, 96, 97
2026/07/29 09:52:53.305, 0, NVIDIA GeForce RTX 3080, 5184, 4868, 10240, 96, 97
2026/07/29 09:52:53.417, 0, NVIDIA GeForce RTX 3080, 5184, 4868, 10240, 96, 97
2026/07/29 09:52:53.528, 0, NVIDIA GeForce RTX 3080, 5184, 4868, 10240, 96, 97
2026/07/29 09:52:53.640, 0, NVIDIA GeForce RTX 3080, 5184, 4868, 10240, 96, 97
2026/07/29 09:52:53.752, 0, NVIDIA GeForce RTX 3080, 5184, 4868, 10240, 96, 97
2026/07/29 09:52:53.864, 0, NVIDIA GeForce RTX 3080, 5184, 4868, 10240, 96, 97
2026/07/29 09:52:53.976, 0, NVIDIA GeForce RTX 3080, 5184, 4868, 10240, 96, 97
2026/07/29 09:52:54.088, 0, NVIDIA GeForce RTX 3080, 5184, 4868, 10240, 96, 97
2026/07/29 09:52:54.199, 0, NVIDIA GeForce RTX 3080, 5184, 4868, 10240, 96, 97
2026/07/29 09:52:54.310, 0, NVIDIA GeForce RTX 3080, 5184, 4868, 10240, 96, 97
2026/07/29 09:52:54.421, 0, NVIDIA GeForce RTX 3080, 5184, 4868, 10240, 96, 97
2026/07/29 09:52:54.533, 0, NVIDIA GeForce RTX 3080, 5184, 4868, 10240, 96, 97
2026/07/29 09:52:54.645, 0, NVIDIA GeForce RTX 3080, 5184, 4868, 10240, 96, 97
2026/07/29 09:52:54.757, 0, NVIDIA GeForce RTX 3080, 5184, 4868, 10240, 96, 97
2026/07/29 09:52:54.869, 0, NVIDIA GeForce RTX 3080, 5184, 4868, 10240, 96, 97
2026/07/29 09:52:54.981, 0, NVIDIA GeForce RTX 3080, 5184, 4868, 10240, 96, 98
2026/07/29 09:52:55.093, 0, NVIDIA GeForce RTX 3080, 5184, 4868, 10240, 96, 98
2026/07/29 09:52:55.204, 0, NVIDIA GeForce RTX 3080, 5184, 4868, 10240, 96, 98
2026/07/29 09:52:55.316, 0, NVIDIA GeForce RTX 3080, 5184, 4868, 10240, 96, 98
2026/07/29 09:52:55.428, 0, NVIDIA GeForce RTX 3080, 5184, 4868, 10240, 96, 97
2026/07/29 09:52:55.540, 0, NVIDIA GeForce RTX 3080, 5184, 4868, 10240, 96, 97
2026/07/29 09:52:55.651, 0, NVIDIA GeForce RTX 3080, 5184, 4868, 10240, 96, 97
2026/07/29 09:52:55.764, 0, NVIDIA GeForce RTX 3080, 5184, 4868, 10240, 96, 97
2026/07/29 09:52:55.876, 0, NVIDIA GeForce RTX 3080, 5184, 4868, 10240, 96, 97
2026/07/29 09:52:55.988, 0, NVIDIA GeForce RTX 3080, 5184, 4868, 10240, 96, 97
2026/07/29 09:52:56.100, 0, NVIDIA GeForce RTX 3080, 5184, 4868, 10240, 96, 97
2026/07/29 09:52:56.212, 0, NVIDIA GeForce RTX 3080, 5184, 4868, 10240, 96, 97
2026/07/29 09:52:56.323, 0, NVIDIA GeForce RTX 3080, 5184, 4868, 10240, 96, 97
2026/07/29 09:52:56.435, 0, NVIDIA GeForce RTX 3080, 5184, 4868, 10240, 96, 98
2026/07/29 09:52:56.547, 0, NVIDIA GeForce RTX 3080, 5184, 4868, 10240, 96, 98
2026/07/29 09:52:56.659, 0, NVIDIA GeForce RTX 3080, 5184, 4868, 10240, 96, 98
2026/07/29 09:52:56.769, 0, NVIDIA GeForce RTX 3080, 5184, 4868, 10240, 96, 98
2026/07/29 09:52:56.878, 0, NVIDIA GeForce RTX 3080, 5184, 4868, 10240, 96, 98
2026/07/29 09:52:56.987, 0, NVIDIA GeForce RTX 3080, 5184, 4868, 10240, 95, 97
2026/07/29 09:52:57.096, 0, NVIDIA GeForce RTX 3080, 5184, 4868, 10240, 95, 97
2026/07/29 09:52:57.206, 0, NVIDIA GeForce RTX 3080, 5184, 4868, 10240, 95, 97
2026/07/29 09:52:57.314, 0, NVIDIA GeForce RTX 3080, 5184, 4868, 10240, 95, 97
2026/07/29 09:52:57.423, 0, NVIDIA GeForce RTX 3080, 5184, 4868, 10240, 96, 97
2026/07/29 09:52:57.534, 0, NVIDIA GeForce RTX 3080, 5184, 4868, 10240, 96, 97
2026/07/29 09:52:57.646, 0, NVIDIA GeForce RTX 3080, 5184, 4868, 10240, 96, 97
2026/07/29 09:52:57.757, 0, NVIDIA GeForce RTX 3080, 5184, 4868, 10240, 96, 97
2026/07/29 09:52:57.869, 0, NVIDIA GeForce RTX 3080, 5184, 4868, 10240, 96, 97
2026/07/29 09:52:57.980, 0, NVIDIA GeForce RTX 3080, 5184, 4868, 10240, 96, 98
2026/07/29 09:52:58.091, 0, NVIDIA GeForce RTX 3080, 5184, 4868, 10240, 96, 98
2026/07/29 09:52:58.203, 0, NVIDIA GeForce RTX 3080, 5184, 4868, 10240, 96, 98
2026/07/29 09:52:58.314, 0, NVIDIA GeForce RTX 3080, 5184, 4868, 10240, 96, 98
2026/07/29 09:52:58.426, 0, NVIDIA GeForce RTX 3080, 5184, 4868, 10240, 96, 97
2026/07/29 09:52:58.537, 0, NVIDIA GeForce RTX 3080, 5184, 4868, 10240, 96, 97
2026/07/29 09:52:58.649, 0, NVIDIA GeForce RTX 3080, 5184, 4868, 10240, 96, 97
2026/07/29 09:52:58.758, 0, NVIDIA GeForce RTX 3080, 5184, 4868, 10240, 96, 97
2026/07/29 09:52:58.866, 0, NVIDIA GeForce RTX 3080, 5184, 4868, 10240, 96, 97
2026/07/29 09:52:58.976, 0, NVIDIA GeForce RTX 3080, 5184, 4868, 10240, 96, 97
2026/07/29 09:52:59.086, 0, NVIDIA GeForce RTX 3080, 5184, 4868, 10240, 96, 97
2026/07/29 09:52:59.195, 0, NVIDIA GeForce RTX 3080, 5184, 4868, 10240, 96, 97
2026/07/29 09:52:59.306, 0, NVIDIA GeForce RTX 3080, 5184, 4868, 10240, 96, 97
2026/07/29 09:52:59.418, 0, NVIDIA GeForce RTX 3080, 5184, 4868, 10240, 96, 97
2026/07/29 09:52:59.530, 0, NVIDIA GeForce RTX 3080, 5184, 4868, 10240, 96, 97
2026/07/29 09:52:59.642, 0, NVIDIA GeForce RTX 3080, 5184, 4868, 10240, 96, 97
2026/07/29 09:52:59.754, 0, NVIDIA GeForce RTX 3080, 5184, 4868, 10240, 96, 97
2026/07/29 09:52:59.866, 0, NVIDIA GeForce RTX 3080, 5184, 4868, 10240, 96, 97
2026/07/29 09:52:59.978, 0, NVIDIA GeForce RTX 3080, 5184, 4868, 10240, 96, 97
2026/07/29 09:53:00.090, 0, NVIDIA GeForce RTX 3080, 5184, 4868, 10240, 96, 97
2026/07/29 09:53:00.202, 0, NVIDIA GeForce RTX 3080, 5184, 4868, 10240, 96, 97
2026/07/29 09:53:00.314, 0, NVIDIA GeForce RTX 3080, 5184, 4868, 10240, 96, 97
2026/07/29 09:53:00.425, 0, NVIDIA GeForce RTX 3080, 5184, 4868, 10240, 91, 94
2026/07/29 09:53:00.537, 0, NVIDIA GeForce RTX 3080, 5184, 4868, 10240, 91, 94
2026/07/29 09:53:00.649, 0, NVIDIA GeForce RTX 3080, 5184, 4868, 10240, 91, 94
2026/07/29 09:53:00.761, 0, NVIDIA GeForce RTX 3080, 5184, 4868, 10240, 91, 94
2026/07/29 09:53:00.872, 0, NVIDIA GeForce RTX 3080, 5184, 4868, 10240, 91, 94
2026/07/29 09:53:00.984, 0, NVIDIA GeForce RTX 3080, 5184, 4868, 10240, 96, 98
2026/07/29 09:53:01.096, 0, NVIDIA GeForce RTX 3080, 5184, 4868, 10240, 96, 98
2026/07/29 09:53:01.208, 0, NVIDIA GeForce RTX 3080, 5184, 4868, 10240, 96, 98
2026/07/29 09:53:01.320, 0, NVIDIA GeForce RTX 3080, 5184, 4868, 10240, 96, 98
2026/07/29 09:53:01.432, 0, NVIDIA GeForce RTX 3080, 5184, 4868, 10240, 96, 97
2026/07/29 09:53:01.544, 0, NVIDIA GeForce RTX 3080, 5184, 4868, 10240, 96, 97
2026/07/29 09:53:01.656, 0, NVIDIA GeForce RTX 3080, 5184, 4868, 10240, 96, 97
2026/07/29 09:53:01.769, 0, NVIDIA GeForce RTX 3080, 5184, 4868, 10240, 96, 97
2026/07/29 09:53:01.881, 0, NVIDIA GeForce RTX 3080, 5184, 4868, 10240, 96, 97
2026/07/29 09:53:01.993, 0, NVIDIA GeForce RTX 3080, 5184, 4868, 10240, 96, 98
2026/07/29 09:53:02.105, 0, NVIDIA GeForce RTX 3080, 5184, 4868, 10240, 96, 98
2026/07/29 09:53:02.217, 0, NVIDIA GeForce RTX 3080, 5184, 4868, 10240, 96, 98
2026/07/29 09:53:02.329, 0, NVIDIA GeForce RTX 3080, 5184, 4868, 10240, 96, 98
2026/07/29 09:53:02.441, 0, NVIDIA GeForce RTX 3080, 5184, 4868, 10240, 96, 98
2026/07/29 09:53:02.553, 0, NVIDIA GeForce RTX 3080, 5184, 4868, 10240, 96, 98
2026/07/29 09:53:02.665, 0, NVIDIA GeForce RTX 3080, 5184, 4868, 10240, 96, 98
2026/07/29 09:53:02.777, 0, NVIDIA GeForce RTX 3080, 5184, 4868, 10240, 96, 98
2026/07/29 09:53:02.889, 0, NVIDIA GeForce RTX 3080, 5184, 4868, 10240, 96, 98
2026/07/29 09:53:03.001, 0, NVIDIA GeForce RTX 3080, 5184, 4868, 10240, 96, 97
2026/07/29 09:53:03.113, 0, NVIDIA GeForce RTX 3080, 5184, 4868, 10240, 96, 97
2026/07/29 09:53:03.225, 0, NVIDIA GeForce RTX 3080, 5184, 4868, 10240, 96, 97
2026/07/29 09:53:03.335, 0, NVIDIA GeForce RTX 3080, 5184, 4868, 10240, 96, 97
2026/07/29 09:53:03.446, 0, NVIDIA GeForce RTX 3080, 5184, 4868, 10240, 96, 97
2026/07/29 09:53:03.557, 0, NVIDIA GeForce RTX 3080, 5184, 4868, 10240, 96, 97
2026/07/29 09:53:03.669, 0, NVIDIA GeForce RTX 3080, 5184, 4868, 10240, 96, 97
2026/07/29 09:53:03.777, 0, NVIDIA GeForce RTX 3080, 5184, 4868, 10240, 96, 97
2026/07/29 09:53:03.887, 0, NVIDIA GeForce RTX 3080, 5184, 4868, 10240, 96, 97
2026/07/29 09:53:03.996, 0, NVIDIA GeForce RTX 3080, 5184, 4868, 10240, 96, 97
2026/07/29 09:53:04.104, 0, NVIDIA GeForce RTX 3080, 5184, 4868, 10240, 96, 97
2026/07/29 09:53:04.215, 0, NVIDIA GeForce RTX 3080, 5184, 4868, 10240, 96, 97
2026/07/29 09:53:04.327, 0, NVIDIA GeForce RTX 3080, 5184, 4868, 10240, 96, 97
2026/07/29 09:53:04.439, 0, NVIDIA GeForce RTX 3080, 5184, 4868, 10240, 96, 97
2026/07/29 09:53:04.551, 0, NVIDIA GeForce RTX 3080, 5184, 4868, 10240, 96, 97
2026/07/29 09:53:04.663, 0, NVIDIA GeForce RTX 3080, 5184, 4868, 10240, 96, 97
2026/07/29 09:53:04.775, 0, NVIDIA GeForce RTX 3080, 5184, 4868, 10240, 96, 97
2026/07/29 09:53:04.887, 0, NVIDIA GeForce RTX 3080, 5184, 4868, 10240, 96, 97
2026/07/29 09:53:05.000, 0, NVIDIA GeForce RTX 3080, 5184, 4868, 10240, 96, 98
2026/07/29 09:53:05.112, 0, NVIDIA GeForce RTX 3080, 5184, 4868, 10240, 96, 98
2026/07/29 09:53:05.224, 0, NVIDIA GeForce RTX 3080, 5184, 4868, 10240, 96, 98
2026/07/29 09:53:05.336, 0, NVIDIA GeForce RTX 3080, 5184, 4868, 10240, 96, 98
2026/07/29 09:53:05.448, 0, NVIDIA GeForce RTX 3080, 5184, 4868, 10240, 96, 97
2026/07/29 09:53:05.560, 0, NVIDIA GeForce RTX 3080, 5184, 4868, 10240, 96, 97
2026/07/29 09:53:05.672, 0, NVIDIA GeForce RTX 3080, 5184, 4868, 10240, 96, 97
2026/07/29 09:53:05.781, 0, NVIDIA GeForce RTX 3080, 5184, 4868, 10240, 96, 97
2026/07/29 09:53:05.892, 0, NVIDIA GeForce RTX 3080, 5184, 4868, 10240, 96, 97
2026/07/29 09:53:06.004, 0, NVIDIA GeForce RTX 3080, 5184, 4868, 10240, 96, 97
2026/07/29 09:53:06.115, 0, NVIDIA GeForce RTX 3080, 5184, 4868, 10240, 96, 97
2026/07/29 09:53:06.226, 0, NVIDIA GeForce RTX 3080, 5184, 4868, 10240, 96, 97
2026/07/29 09:53:06.337, 0, NVIDIA GeForce RTX 3080, 5184, 4868, 10240, 96, 97
2026/07/29 09:53:06.448, 0, NVIDIA GeForce RTX 3080, 5184, 4868, 10240, 96, 97
2026/07/29 09:53:06.560, 0, NVIDIA GeForce RTX 3080, 5184, 4868, 10240, 96, 97
2026/07/29 09:53:06.672, 0, NVIDIA GeForce RTX 3080, 5184, 4868, 10240, 96, 97
2026/07/29 09:53:06.783, 0, NVIDIA GeForce RTX 3080, 5184, 4868, 10240, 96, 97
2026/07/29 09:53:06.893, 0, NVIDIA GeForce RTX 3080, 5184, 4868, 10240, 96, 97
2026/07/29 09:53:07.005, 0, NVIDIA GeForce RTX 3080, 5184, 4868, 10240, 96, 97
2026/07/29 09:53:07.117, 0, NVIDIA GeForce RTX 3080, 5184, 4868, 10240, 96, 97
2026/07/29 09:53:07.228, 0, NVIDIA GeForce RTX 3080, 5184, 4868, 10240, 96, 97
2026/07/29 09:53:07.340, 0, NVIDIA GeForce RTX 3080, 5184, 4868, 10240, 96, 97
2026/07/29 09:53:07.452, 0, NVIDIA GeForce RTX 3080, 5184, 4868, 10240, 96, 97
2026/07/29 09:53:07.564, 0, NVIDIA GeForce RTX 3080, 5184, 4868, 10240, 96, 97
2026/07/29 09:53:07.675, 0, NVIDIA GeForce RTX 3080, 5184, 4868, 10240, 96, 97
2026/07/29 09:53:07.787, 0, NVIDIA GeForce RTX 3080, 5184, 4868, 10240, 96, 97
2026/07/29 09:53:07.899, 0, NVIDIA GeForce RTX 3080, 5184, 4868, 10240, 96, 97
2026/07/29 09:53:08.011, 0, NVIDIA GeForce RTX 3080, 5184, 4868, 10240, 96, 97
2026/07/29 09:53:08.123, 0, NVIDIA GeForce RTX 3080, 5184, 4868, 10240, 96, 97
2026/07/29 09:53:08.235, 0, NVIDIA GeForce RTX 3080, 5184, 4868, 10240, 96, 97
2026/07/29 09:53:08.347, 0, NVIDIA GeForce RTX 3080, 5184, 4868, 10240, 96, 97
2026/07/29 09:53:08.459, 0, NVIDIA GeForce RTX 3080, 5184, 4868, 10240, 95, 96
2026/07/29 09:53:08.571, 0, NVIDIA GeForce RTX 3080, 5184, 4868, 10240, 95, 96
2026/07/29 09:53:08.683, 0, NVIDIA GeForce RTX 3080, 5184, 4868, 10240, 95, 96
2026/07/29 09:53:08.795, 0, NVIDIA GeForce RTX 3080, 5184, 4868, 10240, 95, 96
2026/07/29 09:53:08.907, 0, NVIDIA GeForce RTX 3080, 5184, 4868, 10240, 95, 96
2026/07/29 09:53:09.019, 0, NVIDIA GeForce RTX 3080, 5184, 4868, 10240, 96, 97
2026/07/29 09:53:09.130, 0, NVIDIA GeForce RTX 3080, 5184, 4868, 10240, 96, 97
2026/07/29 09:53:09.240, 0, NVIDIA GeForce RTX 3080, 5184, 4868, 10240, 96, 97
2026/07/29 09:53:09.351, 0, NVIDIA GeForce RTX 3080, 5184, 4868, 10240, 96, 97
2026/07/29 09:53:09.462, 0, NVIDIA GeForce RTX 3080, 5184, 4868, 10240, 96, 98
2026/07/29 09:53:09.574, 0, NVIDIA GeForce RTX 3080, 5184, 4868, 10240, 96, 98
2026/07/29 09:53:09.685, 0, NVIDIA GeForce RTX 3080, 5184, 4868, 10240, 96, 98
2026/07/29 09:53:09.797, 0, NVIDIA GeForce RTX 3080, 5184, 4868, 10240, 96, 98
2026/07/29 09:53:09.908, 0, NVIDIA GeForce RTX 3080, 5184, 4868, 10240, 94, 96
2026/07/29 09:53:10.020, 0, NVIDIA GeForce RTX 3080, 5184, 4868, 10240, 94, 96
2026/07/29 09:53:10.132, 0, NVIDIA GeForce RTX 3080, 5184, 4868, 10240, 94, 96
2026/07/29 09:53:10.244, 0, NVIDIA GeForce RTX 3080, 5184, 4868, 10240, 94, 96
2026/07/29 09:53:10.356, 0, NVIDIA GeForce RTX 3080, 5184, 4868, 10240, 94, 96
2026/07/29 09:53:10.468, 0, NVIDIA GeForce RTX 3080, 5184, 4868, 10240, 96, 97
2026/07/29 09:53:10.579, 0, NVIDIA GeForce RTX 3080, 5184, 4868, 10240, 96, 97
2026/07/29 09:53:10.692, 0, NVIDIA GeForce RTX 3080, 5184, 4868, 10240, 96, 97
2026/07/29 09:53:10.800, 0, NVIDIA GeForce RTX 3080, 5184, 4868, 10240, 96, 97
2026/07/29 09:53:10.911, 0, NVIDIA GeForce RTX 3080, 5184, 4868, 10240, 96, 97
2026/07/29 09:53:11.022, 0, NVIDIA GeForce RTX 3080, 5184, 4868, 10240, 96, 97
2026/07/29 09:53:11.134, 0, NVIDIA GeForce RTX 3080, 5184, 4868, 10240, 96, 97
2026/07/29 09:53:11.246, 0, NVIDIA GeForce RTX 3080, 5184, 4868, 10240, 96, 97
2026/07/29 09:53:11.357, 0, NVIDIA GeForce RTX 3080, 5184, 4868, 10240, 96, 97
2026/07/29 09:53:11.468, 0, NVIDIA GeForce RTX 3080, 5184, 4868, 10240, 96, 98
2026/07/29 09:53:11.579, 0, NVIDIA GeForce RTX 3080, 5184, 4868, 10240, 96, 98
2026/07/29 09:53:11.690, 0, NVIDIA GeForce RTX 3080, 5184, 4868, 10240, 96, 98
2026/07/29 09:53:11.801, 0, NVIDIA GeForce RTX 3080, 5184, 4868, 10240, 96, 98
2026/07/29 09:53:11.913, 0, NVIDIA GeForce RTX 3080, 5184, 4868, 10240, 96, 97
2026/07/29 09:53:12.025, 0, NVIDIA GeForce RTX 3080, 5184, 4868, 10240, 96, 97
2026/07/29 09:53:12.137, 0, NVIDIA GeForce RTX 3080, 5184, 4868, 10240, 96, 97
2026/07/29 09:53:12.250, 0, NVIDIA GeForce RTX 3080, 5184, 4868, 10240, 96, 97
2026/07/29 09:53:12.362, 0, NVIDIA GeForce RTX 3080, 5184, 4868, 10240, 96, 97
2026/07/29 09:53:12.474, 0, NVIDIA GeForce RTX 3080, 5184, 4868, 10240, 96, 98
2026/07/29 09:53:12.586, 0, NVIDIA GeForce RTX 3080, 5184, 4868, 10240, 96, 98
2026/07/29 09:53:12.698, 0, NVIDIA GeForce RTX 3080, 5184, 4868, 10240, 96, 98
2026/07/29 09:53:12.810, 0, NVIDIA GeForce RTX 3080, 5184, 4868, 10240, 96, 98
2026/07/29 09:53:12.921, 0, NVIDIA GeForce RTX 3080, 5184, 4868, 10240, 96, 98
2026/07/29 09:53:13.033, 0, NVIDIA GeForce RTX 3080, 5184, 4868, 10240, 96, 98
2026/07/29 09:53:13.145, 0, NVIDIA GeForce RTX 3080, 5184, 4868, 10240, 96, 98
2026/07/29 09:53:13.257, 0, NVIDIA GeForce RTX 3080, 5184, 4868, 10240, 96, 98
2026/07/29 09:53:13.369, 0, NVIDIA GeForce RTX 3080, 5184, 4868, 10240, 96, 98
2026/07/29 09:53:13.481, 0, NVIDIA GeForce RTX 3080, 5184, 4868, 10240, 96, 97
2026/07/29 09:53:13.593, 0, NVIDIA GeForce RTX 3080, 5184, 4868, 10240, 96, 97
2026/07/29 09:53:13.705, 0, NVIDIA GeForce RTX 3080, 5184, 4868, 10240, 96, 97
2026/07/29 09:53:13.817, 0, NVIDIA GeForce RTX 3080, 5184, 4868, 10240, 96, 97
2026/07/29 09:53:13.929, 0, NVIDIA GeForce RTX 3080, 5184, 4868, 10240, 96, 98
2026/07/29 09:53:14.041, 0, NVIDIA GeForce RTX 3080, 5184, 4868, 10240, 96, 98
2026/07/29 09:53:14.153, 0, NVIDIA GeForce RTX 3080, 5184, 4868, 10240, 96, 98
2026/07/29 09:53:14.265, 0, NVIDIA GeForce RTX 3080, 5184, 4868, 10240, 96, 98
2026/07/29 09:53:14.377, 0, NVIDIA GeForce RTX 3080, 5184, 4868, 10240, 96, 98
2026/07/29 09:53:14.489, 0, NVIDIA GeForce RTX 3080, 5184, 4868, 10240, 96, 97
2026/07/29 09:53:14.601, 0, NVIDIA GeForce RTX 3080, 5184, 4868, 10240, 96, 97
2026/07/29 09:53:14.713, 0, NVIDIA GeForce RTX 3080, 5184, 4868, 10240, 96, 97
2026/07/29 09:53:14.825, 0, NVIDIA GeForce RTX 3080, 5184, 4868, 10240, 96, 97
2026/07/29 09:53:14.937, 0, NVIDIA GeForce RTX 3080, 5184, 4868, 10240, 96, 97
2026/07/29 09:53:15.049, 0, NVIDIA GeForce RTX 3080, 5184, 4868, 10240, 96, 97
2026/07/29 09:53:15.160, 0, NVIDIA GeForce RTX 3080, 5184, 4868, 10240, 96, 97
2026/07/29 09:53:15.272, 0, NVIDIA GeForce RTX 3080, 5184, 4868, 10240, 96, 97
2026/07/29 09:53:15.384, 0, NVIDIA GeForce RTX 3080, 5184, 4868, 10240, 96, 97
2026/07/29 09:53:15.496, 0, NVIDIA GeForce RTX 3080, 5184, 4868, 10240, 96, 98
2026/07/29 09:53:15.608, 0, NVIDIA GeForce RTX 3080, 5184, 4868, 10240, 96, 98
2026/07/29 09:53:15.720, 0, NVIDIA GeForce RTX 3080, 5184, 4868, 10240, 96, 98
2026/07/29 09:53:15.832, 0, NVIDIA GeForce RTX 3080, 5184, 4868, 10240, 96, 98
2026/07/29 09:53:15.944, 0, NVIDIA GeForce RTX 3080, 5184, 4868, 10240, 96, 97
2026/07/29 09:53:16.056, 0, NVIDIA GeForce RTX 3080, 5184, 4868, 10240, 96, 97
2026/07/29 09:53:16.168, 0, NVIDIA GeForce RTX 3080, 5184, 4868, 10240, 96, 97
2026/07/29 09:53:16.280, 0, NVIDIA GeForce RTX 3080, 5184, 4868, 10240, 96, 97
2026/07/29 09:53:16.391, 0, NVIDIA GeForce RTX 3080, 5184, 4868, 10240, 96, 97
2026/07/29 09:53:16.503, 0, NVIDIA GeForce RTX 3080, 5184, 4868, 10240, 96, 97
2026/07/29 09:53:16.616, 0, NVIDIA GeForce RTX 3080, 5184, 4868, 10240, 96, 97
2026/07/29 09:53:16.728, 0, NVIDIA GeForce RTX 3080, 5184, 4868, 10240, 96, 97
2026/07/29 09:53:16.836, 0, NVIDIA GeForce RTX 3080, 5184, 4868, 10240, 96, 97
2026/07/29 09:53:16.946, 0, NVIDIA GeForce RTX 3080, 5184, 4868, 10240, 96, 98
2026/07/29 09:53:17.054, 0, NVIDIA GeForce RTX 3080, 5184, 4868, 10240, 96, 98
2026/07/29 09:53:17.163, 0, NVIDIA GeForce RTX 3080, 5184, 4868, 10240, 96, 98
2026/07/29 09:53:17.273, 0, NVIDIA GeForce RTX 3080, 5184, 4868, 10240, 96, 98
2026/07/29 09:53:17.382, 0, NVIDIA GeForce RTX 3080, 5184, 4868, 10240, 96, 98
2026/07/29 09:53:17.492, 0, NVIDIA GeForce RTX 3080, 5184, 4868, 10240, 96, 97
2026/07/29 09:53:17.604, 0, NVIDIA GeForce RTX 3080, 5184, 4868, 10240, 96, 97
2026/07/29 09:53:17.716, 0, NVIDIA GeForce RTX 3080, 5184, 4868, 10240, 96, 97
2026/07/29 09:53:17.827, 0, NVIDIA GeForce RTX 3080, 5184, 4868, 10240, 96, 97
2026/07/29 09:53:17.939, 0, NVIDIA GeForce RTX 3080, 5184, 4868, 10240, 93, 95
2026/07/29 09:53:18.051, 0, NVIDIA GeForce RTX 3080, 5184, 4868, 10240, 93, 95
2026/07/29 09:53:18.163, 0, NVIDIA GeForce RTX 3080, 5184, 4868, 10240, 93, 95
2026/07/29 09:53:18.275, 0, NVIDIA GeForce RTX 3080, 5184, 4868, 10240, 93, 95
2026/07/29 09:53:18.387, 0, NVIDIA GeForce RTX 3080, 5184, 4868, 10240, 93, 95
2026/07/29 09:53:18.498, 0, NVIDIA GeForce RTX 3080, 5184, 4868, 10240, 96, 98
2026/07/29 09:53:18.609, 0, NVIDIA GeForce RTX 3080, 5184, 4868, 10240, 96, 98
2026/07/29 09:53:18.720, 0, NVIDIA GeForce RTX 3080, 5184, 4868, 10240, 96, 98
2026/07/29 09:53:18.830, 0, NVIDIA GeForce RTX 3080, 5184, 4868, 10240, 96, 98
2026/07/29 09:53:18.939, 0, NVIDIA GeForce RTX 3080, 5184, 4868, 10240, 96, 98
2026/07/29 09:53:19.048, 0, NVIDIA GeForce RTX 3080, 5184, 4868, 10240, 96, 98
2026/07/29 09:53:19.158, 0, NVIDIA GeForce RTX 3080, 5184, 4868, 10240, 96, 98
2026/07/29 09:53:19.270, 0, NVIDIA GeForce RTX 3080, 5184, 4868, 10240, 96, 98
2026/07/29 09:53:19.381, 0, NVIDIA GeForce RTX 3080, 5184, 4868, 10240, 96, 98
2026/07/29 09:53:19.492, 0, NVIDIA GeForce RTX 3080, 5184, 4868, 10240, 96, 98
2026/07/29 09:53:19.604, 0, NVIDIA GeForce RTX 3080, 5184, 4868, 10240, 96, 98
2026/07/29 09:53:19.715, 0, NVIDIA GeForce RTX 3080, 5184, 4868, 10240, 96, 98
2026/07/29 09:53:19.826, 0, NVIDIA GeForce RTX 3080, 5184, 4868, 10240, 96, 98
2026/07/29 09:53:19.938, 0, NVIDIA GeForce RTX 3080, 5184, 4868, 10240, 96, 97
2026/07/29 09:53:20.050, 0, NVIDIA GeForce RTX 3080, 5184, 4868, 10240, 96, 97
2026/07/29 09:53:20.162, 0, NVIDIA GeForce RTX 3080, 5184, 4868, 10240, 96, 97
2026/07/29 09:53:20.273, 0, NVIDIA GeForce RTX 3080, 5184, 4868, 10240, 96, 97
2026/07/29 09:53:20.385, 0, NVIDIA GeForce RTX 3080, 5184, 4868, 10240, 96, 97
2026/07/29 09:53:20.497, 0, NVIDIA GeForce RTX 3080, 5184, 4868, 10240, 96, 98
2026/07/29 09:53:20.608, 0, NVIDIA GeForce RTX 3080, 5184, 4868, 10240, 96, 98
2026/07/29 09:53:20.718, 0, NVIDIA GeForce RTX 3080, 5184, 4868, 10240, 96, 98
2026/07/29 09:53:20.830, 0, NVIDIA GeForce RTX 3080, 5184, 4868, 10240, 96, 98
2026/07/29 09:53:20.942, 0, NVIDIA GeForce RTX 3080, 5184, 4868, 10240, 96, 97
2026/07/29 09:53:21.054, 0, NVIDIA GeForce RTX 3080, 5184, 4868, 10240, 96, 97
2026/07/29 09:53:21.166, 0, NVIDIA GeForce RTX 3080, 5184, 4868, 10240, 96, 97
2026/07/29 09:53:21.276, 0, NVIDIA GeForce RTX 3080, 5184, 4868, 10240, 96, 97
2026/07/29 09:53:21.388, 0, NVIDIA GeForce RTX 3080, 5184, 4868, 10240, 96, 97
2026/07/29 09:53:21.500, 0, NVIDIA GeForce RTX 3080, 5184, 4868, 10240, 96, 97
2026/07/29 09:53:21.612, 0, NVIDIA GeForce RTX 3080, 5184, 4868, 10240, 96, 97
2026/07/29 09:53:21.724, 0, NVIDIA GeForce RTX 3080, 5184, 4868, 10240, 96, 97
2026/07/29 09:53:21.836, 0, NVIDIA GeForce RTX 3080, 5184, 4868, 10240, 96, 97
2026/07/29 09:53:21.947, 0, NVIDIA GeForce RTX 3080, 5184, 4868, 10240, 96, 98
2026/07/29 09:53:22.059, 0, NVIDIA GeForce RTX 3080, 5184, 4868, 10240, 96, 98
2026/07/29 09:53:22.171, 0, NVIDIA GeForce RTX 3080, 5184, 4868, 10240, 96, 98
2026/07/29 09:53:22.283, 0, NVIDIA GeForce RTX 3080, 5184, 4868, 10240, 96, 98
2026/07/29 09:53:22.395, 0, NVIDIA GeForce RTX 3080, 5184, 4868, 10240, 96, 98
2026/07/29 09:53:22.507, 0, NVIDIA GeForce RTX 3080, 5184, 4868, 10240, 96, 97
2026/07/29 09:53:22.619, 0, NVIDIA GeForce RTX 3080, 5184, 4868, 10240, 96, 97
2026/07/29 09:53:22.731, 0, NVIDIA GeForce RTX 3080, 5184, 4868, 10240, 96, 97
2026/07/29 09:53:22.843, 0, NVIDIA GeForce RTX 3080, 5184, 4868, 10240, 96, 97
2026/07/29 09:53:22.955, 0, NVIDIA GeForce RTX 3080, 5184, 4868, 10240, 96, 98
2026/07/29 09:53:23.067, 0, NVIDIA GeForce RTX 3080, 5184, 4868, 10240, 96, 98
2026/07/29 09:53:23.178, 0, NVIDIA GeForce RTX 3080, 5184, 4868, 10240, 96, 98
2026/07/29 09:53:23.289, 0, NVIDIA GeForce RTX 3080, 5184, 4868, 10240, 96, 98
2026/07/29 09:53:23.401, 0, NVIDIA GeForce RTX 3080, 5184, 4868, 10240, 96, 98
2026/07/29 09:53:23.512, 0, NVIDIA GeForce RTX 3080, 5184, 4868, 10240, 96, 98
2026/07/29 09:53:23.623, 0, NVIDIA GeForce RTX 3080, 5184, 4868, 10240, 96, 98
2026/07/29 09:53:23.735, 0, NVIDIA GeForce RTX 3080, 5184, 4868, 10240, 96, 98
2026/07/29 09:53:23.844, 0, NVIDIA GeForce RTX 3080, 5184, 4868, 10240, 96, 98
2026/07/29 09:53:23.954, 0, NVIDIA GeForce RTX 3080, 5184, 4868, 10240, 96, 97
2026/07/29 09:53:24.062, 0, NVIDIA GeForce RTX 3080, 5184, 4868, 10240, 96, 97
2026/07/29 09:53:24.172, 0, NVIDIA GeForce RTX 3080, 5184, 4868, 10240, 96, 97
2026/07/29 09:53:24.284, 0, NVIDIA GeForce RTX 3080, 5184, 4868, 10240, 96, 97
2026/07/29 09:53:24.395, 0, NVIDIA GeForce RTX 3080, 5184, 4868, 10240, 96, 97
2026/07/29 09:53:24.505, 0, NVIDIA GeForce RTX 3080, 5184, 4868, 10240, 96, 97
2026/07/29 09:53:24.617, 0, NVIDIA GeForce RTX 3080, 5184, 4868, 10240, 96, 97
2026/07/29 09:53:24.729, 0, NVIDIA GeForce RTX 3080, 5184, 4868, 10240, 96, 97
2026/07/29 09:53:24.839, 0, NVIDIA GeForce RTX 3080, 5184, 4868, 10240, 96, 97
2026/07/29 09:53:24.951, 0, NVIDIA GeForce RTX 3080, 5184, 4868, 10240, 96, 98
2026/07/29 09:53:25.062, 0, NVIDIA GeForce RTX 3080, 5184, 4868, 10240, 96, 98
2026/07/29 09:53:25.173, 0, NVIDIA GeForce RTX 3080, 5184, 4868, 10240, 96, 98
2026/07/29 09:53:25.285, 0, NVIDIA GeForce RTX 3080, 5184, 4868, 10240, 96, 98
2026/07/29 09:53:25.397, 0, NVIDIA GeForce RTX 3080, 5184, 4868, 10240, 96, 98
2026/07/29 09:53:25.508, 0, NVIDIA GeForce RTX 3080, 5184, 4868, 10240, 96, 97
2026/07/29 09:53:25.620, 0, NVIDIA GeForce RTX 3080, 5184, 4868, 10240, 96, 97
2026/07/29 09:53:25.731, 0, NVIDIA GeForce RTX 3080, 5184, 4868, 10240, 96, 97
2026/07/29 09:53:25.841, 0, NVIDIA GeForce RTX 3080, 5184, 4868, 10240, 96, 97
2026/07/29 09:53:25.953, 0, NVIDIA GeForce RTX 3080, 5184, 4868, 10240, 96, 98
2026/07/29 09:53:26.064, 0, NVIDIA GeForce RTX 3080, 5184, 4868, 10240, 96, 98
2026/07/29 09:53:26.176, 0, NVIDIA GeForce RTX 3080, 5184, 4868, 10240, 96, 98
2026/07/29 09:53:26.288, 0, NVIDIA GeForce RTX 3080, 5184, 4868, 10240, 96, 98
2026/07/29 09:53:26.400, 0, NVIDIA GeForce RTX 3080, 5184, 4868, 10240, 96, 98
2026/07/29 09:53:26.512, 0, NVIDIA GeForce RTX 3080, 5184, 4868, 10240, 96, 97
2026/07/29 09:53:26.624, 0, NVIDIA GeForce RTX 3080, 5184, 4868, 10240, 96, 97
2026/07/29 09:53:26.736, 0, NVIDIA GeForce RTX 3080, 5184, 4868, 10240, 96, 97
2026/07/29 09:53:26.848, 0, NVIDIA GeForce RTX 3080, 5184, 4868, 10240, 96, 97
2026/07/29 09:53:26.960, 0, NVIDIA GeForce RTX 3080, 5184, 4868, 10240, 95, 97
2026/07/29 09:53:27.072, 0, NVIDIA GeForce RTX 3080, 5184, 4868, 10240, 95, 97
2026/07/29 09:53:27.184, 0, NVIDIA GeForce RTX 3080, 5184, 4868, 10240, 95, 97
2026/07/29 09:53:27.296, 0, NVIDIA GeForce RTX 3080, 5184, 4868, 10240, 95, 97
2026/07/29 09:53:27.408, 0, NVIDIA GeForce RTX 3080, 5184, 4868, 10240, 95, 97
2026/07/29 09:53:27.521, 0, NVIDIA GeForce RTX 3080, 5184, 4868, 10240, 93, 95
2026/07/29 09:53:27.633, 0, NVIDIA GeForce RTX 3080, 5184, 4868, 10240, 93, 95
2026/07/29 09:53:27.745, 0, NVIDIA GeForce RTX 3080, 5184, 4868, 10240, 93, 95
2026/07/29 09:53:27.857, 0, NVIDIA GeForce RTX 3080, 5184, 4868, 10240, 93, 95
2026/07/29 09:53:27.969, 0, NVIDIA GeForce RTX 3080, 5184, 4868, 10240, 96, 97
2026/07/29 09:53:28.081, 0, NVIDIA GeForce RTX 3080, 5184, 4868, 10240, 96, 97
2026/07/29 09:53:28.192, 0, NVIDIA GeForce RTX 3080, 5184, 4868, 10240, 96, 97
2026/07/29 09:53:28.304, 0, NVIDIA GeForce RTX 3080, 5184, 4868, 10240, 96, 97
2026/07/29 09:53:28.416, 0, NVIDIA GeForce RTX 3080, 5184, 4868, 10240, 96, 97
2026/07/29 09:53:28.527, 0, NVIDIA GeForce RTX 3080, 5184, 4868, 10240, 96, 97
2026/07/29 09:53:28.639, 0, NVIDIA GeForce RTX 3080, 5184, 4868, 10240, 96, 97
2026/07/29 09:53:28.751, 0, NVIDIA GeForce RTX 3080, 5184, 4868, 10240, 96, 97
2026/07/29 09:53:28.862, 0, NVIDIA GeForce RTX 3080, 5184, 4868, 10240, 96, 97
2026/07/29 09:53:28.974, 0, NVIDIA GeForce RTX 3080, 5184, 4868, 10240, 96, 97
2026/07/29 09:53:29.085, 0, NVIDIA GeForce RTX 3080, 5184, 4868, 10240, 96, 97
2026/07/29 09:53:29.197, 0, NVIDIA GeForce RTX 3080, 5184, 4868, 10240, 96, 97
2026/07/29 09:53:29.309, 0, NVIDIA GeForce RTX 3080, 5184, 4868, 10240, 96, 97
2026/07/29 09:53:29.421, 0, NVIDIA GeForce RTX 3080, 5184, 4868, 10240, 96, 97
2026/07/29 09:53:29.533, 0, NVIDIA GeForce RTX 3080, 5184, 4868, 10240, 96, 97
2026/07/29 09:53:29.644, 0, NVIDIA GeForce RTX 3080, 5184, 4868, 10240, 96, 97
2026/07/29 09:53:29.756, 0, NVIDIA GeForce RTX 3080, 5184, 4868, 10240, 96, 97
2026/07/29 09:53:29.868, 0, NVIDIA GeForce RTX 3080, 5184, 4868, 10240, 96, 97
2026/07/29 09:53:29.980, 0, NVIDIA GeForce RTX 3080, 5184, 4868, 10240, 95, 97
2026/07/29 09:53:30.092, 0, NVIDIA GeForce RTX 3080, 5184, 4868, 10240, 95, 97
2026/07/29 09:53:30.204, 0, NVIDIA GeForce RTX 3080, 5184, 4868, 10240, 95, 97
2026/07/29 09:53:30.316, 0, NVIDIA GeForce RTX 3080, 5184, 4868, 10240, 95, 97
2026/07/29 09:53:30.427, 0, NVIDIA GeForce RTX 3080, 5184, 4868, 10240, 96, 97
2026/07/29 09:53:30.539, 0, NVIDIA GeForce RTX 3080, 5184, 4868, 10240, 96, 97
2026/07/29 09:53:30.651, 0, NVIDIA GeForce RTX 3080, 5184, 4868, 10240, 96, 97
2026/07/29 09:53:30.764, 0, NVIDIA GeForce RTX 3080, 5184, 4868, 10240, 96, 97
2026/07/29 09:53:30.876, 0, NVIDIA GeForce RTX 3080, 5184, 4868, 10240, 96, 97
2026/07/29 09:53:30.988, 0, NVIDIA GeForce RTX 3080, 5184, 4868, 10240, 96, 98
2026/07/29 09:53:31.100, 0, NVIDIA GeForce RTX 3080, 5184, 4868, 10240, 96, 98
2026/07/29 09:53:31.212, 0, NVIDIA GeForce RTX 3080, 5184, 4868, 10240, 96, 98
2026/07/29 09:53:31.323, 0, NVIDIA GeForce RTX 3080, 5184, 4868, 10240, 96, 98
2026/07/29 09:53:31.435, 0, NVIDIA GeForce RTX 3080, 5184, 4868, 10240, 96, 97
2026/07/29 09:53:31.547, 0, NVIDIA GeForce RTX 3080, 5184, 4868, 10240, 96, 97
2026/07/29 09:53:31.659, 0, NVIDIA GeForce RTX 3080, 5184, 4868, 10240, 96, 97
2026/07/29 09:53:31.771, 0, NVIDIA GeForce RTX 3080, 5184, 4868, 10240, 96, 97
2026/07/29 09:53:31.880, 0, NVIDIA GeForce RTX 3080, 5184, 4868, 10240, 96, 97
2026/07/29 09:53:31.990, 0, NVIDIA GeForce RTX 3080, 5184, 4868, 10240, 96, 98
2026/07/29 09:53:32.098, 0, NVIDIA GeForce RTX 3080, 5184, 4868, 10240, 96, 98
2026/07/29 09:53:32.207, 0, NVIDIA GeForce RTX 3080, 5184, 4868, 10240, 96, 98
2026/07/29 09:53:32.315, 0, NVIDIA GeForce RTX 3080, 5184, 4868, 10240, 96, 98
2026/07/29 09:53:32.423, 0, NVIDIA GeForce RTX 3080, 5184, 4868, 10240, 96, 97
2026/07/29 09:53:32.535, 0, NVIDIA GeForce RTX 3080, 5184, 4868, 10240, 96, 97
2026/07/29 09:53:32.646, 0, NVIDIA GeForce RTX 3080, 5184, 4868, 10240, 96, 97
2026/07/29 09:53:32.757, 0, NVIDIA GeForce RTX 3080, 5184, 4868, 10240, 96, 97
2026/07/29 09:53:32.869, 0, NVIDIA GeForce RTX 3080, 5184, 4868, 10240, 96, 97
2026/07/29 09:53:32.981, 0, NVIDIA GeForce RTX 3080, 5184, 4868, 10240, 96, 97
2026/07/29 09:53:33.093, 0, NVIDIA GeForce RTX 3080, 5184, 4868, 10240, 96, 97
2026/07/29 09:53:33.205, 0, NVIDIA GeForce RTX 3080, 5184, 4868, 10240, 96, 97
2026/07/29 09:53:33.317, 0, NVIDIA GeForce RTX 3080, 5184, 4868, 10240, 96, 97
2026/07/29 09:53:33.429, 0, NVIDIA GeForce RTX 3080, 5184, 4868, 10240, 96, 98
2026/07/29 09:53:33.541, 0, NVIDIA GeForce RTX 3080, 5184, 4868, 10240, 96, 98
2026/07/29 09:53:33.653, 0, NVIDIA GeForce RTX 3080, 5184, 4868, 10240, 96, 98
2026/07/29 09:53:33.765, 0, NVIDIA GeForce RTX 3080, 5184, 4868, 10240, 96, 98
2026/07/29 09:53:33.877, 0, NVIDIA GeForce RTX 3080, 5184, 4868, 10240, 96, 98
2026/07/29 09:53:33.989, 0, NVIDIA GeForce RTX 3080, 5184, 4868, 10240, 96, 98
2026/07/29 09:53:34.101, 0, NVIDIA GeForce RTX 3080, 5184, 4868, 10240, 96, 98
2026/07/29 09:53:34.213, 0, NVIDIA GeForce RTX 3080, 5184, 4868, 10240, 96, 98
2026/07/29 09:53:34.325, 0, NVIDIA GeForce RTX 3080, 5184, 4868, 10240, 96, 98
2026/07/29 09:53:34.437, 0, NVIDIA GeForce RTX 3080, 5184, 4868, 10240, 95, 97
2026/07/29 09:53:34.549, 0, NVIDIA GeForce RTX 3080, 5184, 4868, 10240, 95, 97
2026/07/29 09:53:34.661, 0, NVIDIA GeForce RTX 3080, 5184, 4868, 10240, 95, 97
2026/07/29 09:53:34.773, 0, NVIDIA GeForce RTX 3080, 5184, 4868, 10240, 95, 97
2026/07/29 09:53:34.885, 0, NVIDIA GeForce RTX 3080, 5184, 4868, 10240, 95, 97
2026/07/29 09:53:34.997, 0, NVIDIA GeForce RTX 3080, 5184, 4868, 10240, 96, 98
2026/07/29 09:53:35.109, 0, NVIDIA GeForce RTX 3080, 5184, 4868, 10240, 96, 98
2026/07/29 09:53:35.221, 0, NVIDIA GeForce RTX 3080, 5184, 4868, 10240, 96, 98
2026/07/29 09:53:35.333, 0, NVIDIA GeForce RTX 3080, 5184, 4868, 10240, 96, 98
2026/07/29 09:53:35.446, 0, NVIDIA GeForce RTX 3080, 5184, 4868, 10240, 96, 98
2026/07/29 09:53:35.558, 0, NVIDIA GeForce RTX 3080, 5184, 4868, 10240, 96, 98
2026/07/29 09:53:35.670, 0, NVIDIA GeForce RTX 3080, 5184, 4868, 10240, 96, 98
2026/07/29 09:53:35.781, 0, NVIDIA GeForce RTX 3080, 5184, 4868, 10240, 96, 98
2026/07/29 09:53:35.893, 0, NVIDIA GeForce RTX 3080, 5184, 4868, 10240, 96, 98
2026/07/29 09:53:36.004, 0, NVIDIA GeForce RTX 3080, 5184, 4868, 10240, 95, 97
2026/07/29 09:53:36.114, 0, NVIDIA GeForce RTX 3080, 5184, 4868, 10240, 95, 97
2026/07/29 09:53:36.223, 0, NVIDIA GeForce RTX 3080, 5184, 4868, 10240, 95, 97
2026/07/29 09:53:36.335, 0, NVIDIA GeForce RTX 3080, 5184, 4868, 10240, 95, 97
2026/07/29 09:53:36.447, 0, NVIDIA GeForce RTX 3080, 5184, 4868, 10240, 96, 97
2026/07/29 09:53:36.559, 0, NVIDIA GeForce RTX 3080, 5184, 4868, 10240, 96, 97
2026/07/29 09:53:36.671, 0, NVIDIA GeForce RTX 3080, 5184, 4868, 10240, 96, 97
2026/07/29 09:53:36.782, 0, NVIDIA GeForce RTX 3080, 5184, 4868, 10240, 96, 97
2026/07/29 09:53:36.892, 0, NVIDIA GeForce RTX 3080, 5184, 4868, 10240, 96, 97
2026/07/29 09:53:37.000, 0, NVIDIA GeForce RTX 3080, 5184, 4868, 10240, 93, 95
2026/07/29 09:53:37.109, 0, NVIDIA GeForce RTX 3080, 5184, 4868, 10240, 93, 95
2026/07/29 09:53:37.218, 0, NVIDIA GeForce RTX 3080, 5184, 4868, 10240, 93, 95
2026/07/29 09:53:37.328, 0, NVIDIA GeForce RTX 3080, 5184, 4868, 10240, 93, 95
2026/07/29 09:53:37.438, 0, NVIDIA GeForce RTX 3080, 5184, 4868, 10240, 96, 97
2026/07/29 09:53:37.550, 0, NVIDIA GeForce RTX 3080, 5184, 4868, 10240, 96, 97
2026/07/29 09:53:37.662, 0, NVIDIA GeForce RTX 3080, 5184, 4868, 10240, 96, 97
2026/07/29 09:53:37.774, 0, NVIDIA GeForce RTX 3080, 5184, 4868, 10240, 96, 97
2026/07/29 09:53:37.886, 0, NVIDIA GeForce RTX 3080, 5184, 4868, 10240, 96, 97
2026/07/29 09:53:37.998, 0, NVIDIA GeForce RTX 3080, 5184, 4868, 10240, 96, 97
2026/07/29 09:53:38.110, 0, NVIDIA GeForce RTX 3080, 5184, 4868, 10240, 96, 97
2026/07/29 09:53:38.222, 0, NVIDIA GeForce RTX 3080, 5184, 4868, 10240, 96, 97
2026/07/29 09:53:38.334, 0, NVIDIA GeForce RTX 3080, 5184, 4868, 10240, 96, 97
2026/07/29 09:53:38.446, 0, NVIDIA GeForce RTX 3080, 5184, 4868, 10240, 96, 97
2026/07/29 09:53:38.558, 0, NVIDIA GeForce RTX 3080, 5184, 4868, 10240, 96, 97
2026/07/29 09:53:38.670, 0, NVIDIA GeForce RTX 3080, 5184, 4868, 10240, 96, 97
2026/07/29 09:53:38.782, 0, NVIDIA GeForce RTX 3080, 5184, 4868, 10240, 96, 97
2026/07/29 09:53:38.891, 0, NVIDIA GeForce RTX 3080, 5184, 4868, 10240, 96, 97
2026/07/29 09:53:39.000, 0, NVIDIA GeForce RTX 3080, 5184, 4868, 10240, 95, 97
2026/07/29 09:53:39.109, 0, NVIDIA GeForce RTX 3080, 5184, 4868, 10240, 95, 97
2026/07/29 09:53:39.221, 0, NVIDIA GeForce RTX 3080, 5184, 4868, 10240, 95, 97
2026/07/29 09:53:39.332, 0, NVIDIA GeForce RTX 3080, 5184, 4868, 10240, 95, 97
2026/07/29 09:53:39.443, 0, NVIDIA GeForce RTX 3080, 5184, 4868, 10240, 96, 97
2026/07/29 09:53:39.555, 0, NVIDIA GeForce RTX 3080, 5184, 4868, 10240, 96, 97
2026/07/29 09:53:39.667, 0, NVIDIA GeForce RTX 3080, 5184, 4868, 10240, 96, 97
2026/07/29 09:53:39.779, 0, NVIDIA GeForce RTX 3080, 5184, 4868, 10240, 96, 97
2026/07/29 09:53:39.891, 0, NVIDIA GeForce RTX 3080, 5184, 4868, 10240, 96, 97
2026/07/29 09:53:40.003, 0, NVIDIA GeForce RTX 3080, 5184, 4868, 10240, 96, 98
2026/07/29 09:53:40.115, 0, NVIDIA GeForce RTX 3080, 5184, 4868, 10240, 96, 98
2026/07/29 09:53:40.227, 0, NVIDIA GeForce RTX 3080, 5184, 4868, 10240, 96, 98
2026/07/29 09:53:40.339, 0, NVIDIA GeForce RTX 3080, 5184, 4868, 10240, 96, 98
2026/07/29 09:53:40.450, 0, NVIDIA GeForce RTX 3080, 5184, 4868, 10240, 95, 97
2026/07/29 09:53:40.562, 0, NVIDIA GeForce RTX 3080, 5184, 4868, 10240, 95, 97
2026/07/29 09:53:40.674, 0, NVIDIA GeForce RTX 3080, 5184, 4868, 10240, 95, 97
2026/07/29 09:53:40.786, 0, NVIDIA GeForce RTX 3080, 5184, 4868, 10240, 95, 97
2026/07/29 09:53:40.898, 0, NVIDIA GeForce RTX 3080, 5184, 4868, 10240, 95, 97
2026/07/29 09:53:41.010, 0, NVIDIA GeForce RTX 3080, 5184, 4868, 10240, 96, 98
2026/07/29 09:53:41.121, 0, NVIDIA GeForce RTX 3080, 5184, 4868, 10240, 96, 98
2026/07/29 09:53:41.233, 0, NVIDIA GeForce RTX 3080, 5184, 4868, 10240, 96, 98
2026/07/29 09:53:41.346, 0, NVIDIA GeForce RTX 3080, 5184, 4868, 10240, 96, 98
2026/07/29 09:53:41.458, 0, NVIDIA GeForce RTX 3080, 5184, 4868, 10240, 96, 98
2026/07/29 09:53:41.569, 0, NVIDIA GeForce RTX 3080, 5184, 4868, 10240, 96, 98
2026/07/29 09:53:41.680, 0, NVIDIA GeForce RTX 3080, 5184, 4868, 10240, 96, 98
2026/07/29 09:53:41.791, 0, NVIDIA GeForce RTX 3080, 5184, 4868, 10240, 96, 98
2026/07/29 09:53:41.902, 0, NVIDIA GeForce RTX 3080, 5184, 4868, 10240, 96, 98
2026/07/29 09:53:42.013, 0, NVIDIA GeForce RTX 3080, 5184, 4868, 10240, 96, 97
2026/07/29 09:53:42.124, 0, NVIDIA GeForce RTX 3080, 5184, 4868, 10240, 96, 97
2026/07/29 09:53:42.235, 0, NVIDIA GeForce RTX 3080, 5184, 4868, 10240, 96, 97
2026/07/29 09:53:42.346, 0, NVIDIA GeForce RTX 3080, 5184, 4868, 10240, 96, 97
2026/07/29 09:53:42.458, 0, NVIDIA GeForce RTX 3080, 5184, 4868, 10240, 96, 98
2026/07/29 09:53:42.569, 0, NVIDIA GeForce RTX 3080, 5184, 4868, 10240, 96, 98
2026/07/29 09:53:42.681, 0, NVIDIA GeForce RTX 3080, 5184, 4868, 10240, 96, 98
2026/07/29 09:53:42.792, 0, NVIDIA GeForce RTX 3080, 5184, 4868, 10240, 96, 98
2026/07/29 09:53:42.904, 0, NVIDIA GeForce RTX 3080, 5184, 4868, 10240, 96, 98
2026/07/29 09:53:43.016, 0, NVIDIA GeForce RTX 3080, 5184, 4868, 10240, 96, 97
2026/07/29 09:53:43.128, 0, NVIDIA GeForce RTX 3080, 5184, 4868, 10240, 96, 97
2026/07/29 09:53:43.240, 0, NVIDIA GeForce RTX 3080, 5184, 4868, 10240, 96, 97
2026/07/29 09:53:43.352, 0, NVIDIA GeForce RTX 3080, 5184, 4868, 10240, 96, 97
2026/07/29 09:53:43.462, 0, NVIDIA GeForce RTX 3080, 5184, 4868, 10240, 96, 97
2026/07/29 09:53:43.573, 0, NVIDIA GeForce RTX 3080, 5184, 4868, 10240, 96, 97
2026/07/29 09:53:43.685, 0, NVIDIA GeForce RTX 3080, 5184, 4868, 10240, 96, 97
2026/07/29 09:53:43.796, 0, NVIDIA GeForce RTX 3080, 5184, 4868, 10240, 96, 97
2026/07/29 09:53:43.905, 0, NVIDIA GeForce RTX 3080, 5184, 4868, 10240, 96, 97
2026/07/29 09:53:44.013, 0, NVIDIA GeForce RTX 3080, 5184, 4868, 10240, 96, 98
2026/07/29 09:53:44.124, 0, NVIDIA GeForce RTX 3080, 5184, 4868, 10240, 96, 98
2026/07/29 09:53:44.235, 0, NVIDIA GeForce RTX 3080, 5184, 4868, 10240, 96, 98
2026/07/29 09:53:44.347, 0, NVIDIA GeForce RTX 3080, 5184, 4868, 10240, 96, 98
2026/07/29 09:53:44.459, 0, NVIDIA GeForce RTX 3080, 5184, 4868, 10240, 96, 97
2026/07/29 09:53:44.571, 0, NVIDIA GeForce RTX 3080, 5184, 4868, 10240, 96, 97
2026/07/29 09:53:44.683, 0, NVIDIA GeForce RTX 3080, 5184, 4868, 10240, 96, 97
2026/07/29 09:53:44.794, 0, NVIDIA GeForce RTX 3080, 5184, 4868, 10240, 96, 97
2026/07/29 09:53:44.906, 0, NVIDIA GeForce RTX 3080, 5184, 4868, 10240, 96, 97
2026/07/29 09:53:45.018, 0, NVIDIA GeForce RTX 3080, 5184, 4868, 10240, 93, 96
2026/07/29 09:53:45.130, 0, NVIDIA GeForce RTX 3080, 5184, 4868, 10240, 93, 96
2026/07/29 09:53:45.242, 0, NVIDIA GeForce RTX 3080, 5184, 4868, 10240, 93, 96
2026/07/29 09:53:45.353, 0, NVIDIA GeForce RTX 3080, 5184, 4868, 10240, 93, 96
2026/07/29 09:53:45.464, 0, NVIDIA GeForce RTX 3080, 5184, 4868, 10240, 96, 98
2026/07/29 09:53:45.576, 0, NVIDIA GeForce RTX 3080, 5184, 4868, 10240, 96, 98
2026/07/29 09:53:45.687, 0, NVIDIA GeForce RTX 3080, 5184, 4868, 10240, 96, 98
2026/07/29 09:53:45.799, 0, NVIDIA GeForce RTX 3080, 5184, 4868, 10240, 96, 98
2026/07/29 09:53:45.911, 0, NVIDIA GeForce RTX 3080, 5184, 4868, 10240, 96, 98
2026/07/29 09:53:46.023, 0, NVIDIA GeForce RTX 3080, 5184, 4868, 10240, 96, 98
2026/07/29 09:53:46.135, 0, NVIDIA GeForce RTX 3080, 5184, 4868, 10240, 96, 98
2026/07/29 09:53:46.246, 0, NVIDIA GeForce RTX 3080, 5184, 4868, 10240, 96, 98
2026/07/29 09:53:46.356, 0, NVIDIA GeForce RTX 3080, 5184, 4868, 10240, 96, 98
2026/07/29 09:53:46.468, 0, NVIDIA GeForce RTX 3080, 5184, 4868, 10240, 93, 95
2026/07/29 09:53:46.580, 0, NVIDIA GeForce RTX 3080, 5184, 4868, 10240, 93, 95
2026/07/29 09:53:46.692, 0, NVIDIA GeForce RTX 3080, 5184, 4868, 10240, 93, 95
2026/07/29 09:53:46.804, 0, NVIDIA GeForce RTX 3080, 5184, 4868, 10240, 93, 95
2026/07/29 09:53:46.916, 0, NVIDIA GeForce RTX 3080, 5184, 4868, 10240, 96, 97
2026/07/29 09:53:47.028, 0, NVIDIA GeForce RTX 3080, 5184, 4868, 10240, 96, 97
2026/07/29 09:53:47.139, 0, NVIDIA GeForce RTX 3080, 5184, 4868, 10240, 96, 97
2026/07/29 09:53:47.251, 0, NVIDIA GeForce RTX 3080, 5184, 4868, 10240, 96, 97
2026/07/29 09:53:47.363, 0, NVIDIA GeForce RTX 3080, 5184, 4868, 10240, 96, 97
2026/07/29 09:53:47.476, 0, NVIDIA GeForce RTX 3080, 5184, 4868, 10240, 96, 97
2026/07/29 09:53:47.588, 0, NVIDIA GeForce RTX 3080, 5184, 4868, 10240, 96, 97
2026/07/29 09:53:47.700, 0, NVIDIA GeForce RTX 3080, 5184, 4868, 10240, 96, 97
2026/07/29 09:53:47.812, 0, NVIDIA GeForce RTX 3080, 5184, 4868, 10240, 96, 97
2026/07/29 09:53:47.924, 0, NVIDIA GeForce RTX 3080, 5184, 4868, 10240, 96, 97
2026/07/29 09:53:48.036, 0, NVIDIA GeForce RTX 3080, 5184, 4868, 10240, 96, 97
2026/07/29 09:53:48.148, 0, NVIDIA GeForce RTX 3080, 5184, 4868, 10240, 96, 97
2026/07/29 09:53:48.260, 0, NVIDIA GeForce RTX 3080, 5184, 4868, 10240, 96, 97
2026/07/29 09:53:48.371, 0, NVIDIA GeForce RTX 3080, 5184, 4868, 10240, 96, 97
2026/07/29 09:53:48.483, 0, NVIDIA GeForce RTX 3080, 5184, 4868, 10240, 96, 97
2026/07/29 09:53:48.595, 0, NVIDIA GeForce RTX 3080, 5184, 4868, 10240, 96, 97
2026/07/29 09:53:48.707, 0, NVIDIA GeForce RTX 3080, 5184, 4868, 10240, 96, 97
2026/07/29 09:53:48.819, 0, NVIDIA GeForce RTX 3080, 5184, 4868, 10240, 96, 97
2026/07/29 09:53:48.931, 0, NVIDIA GeForce RTX 3080, 5184, 4868, 10240, 96, 98
2026/07/29 09:53:49.043, 0, NVIDIA GeForce RTX 3080, 5184, 4868, 10240, 96, 98
2026/07/29 09:53:49.154, 0, NVIDIA GeForce RTX 3080, 5184, 4868, 10240, 96, 98
2026/07/29 09:53:49.266, 0, NVIDIA GeForce RTX 3080, 5184, 4868, 10240, 96, 98
2026/07/29 09:53:49.378, 0, NVIDIA GeForce RTX 3080, 5184, 4868, 10240, 96, 98
2026/07/29 09:53:49.489, 0, NVIDIA GeForce RTX 3080, 5184, 4868, 10240, 96, 97
2026/07/29 09:53:49.601, 0, NVIDIA GeForce RTX 3080, 5184, 4868, 10240, 96, 97
2026/07/29 09:53:49.713, 0, NVIDIA GeForce RTX 3080, 5184, 4868, 10240, 96, 97
2026/07/29 09:53:49.824, 0, NVIDIA GeForce RTX 3080, 5184, 4868, 10240, 96, 97
2026/07/29 09:53:49.934, 0, NVIDIA GeForce RTX 3080, 5184, 4868, 10240, 96, 98
2026/07/29 09:53:50.042, 0, NVIDIA GeForce RTX 3080, 5184, 4868, 10240, 96, 98
2026/07/29 09:53:50.151, 0, NVIDIA GeForce RTX 3080, 5184, 4868, 10240, 96, 98
2026/07/29 09:53:50.261, 0, NVIDIA GeForce RTX 3080, 5184, 4868, 10240, 96, 98
2026/07/29 09:53:50.369, 0, NVIDIA GeForce RTX 3080, 5184, 4868, 10240, 96, 98
2026/07/29 09:53:50.479, 0, NVIDIA GeForce RTX 3080, 5184, 4868, 10240, 96, 98
2026/07/29 09:53:50.589, 0, NVIDIA GeForce RTX 3080, 5184, 4868, 10240, 96, 98
2026/07/29 09:53:50.696, 0, NVIDIA GeForce RTX 3080, 5184, 4868, 10240, 96, 98
2026/07/29 09:53:50.808, 0, NVIDIA GeForce RTX 3080, 5184, 4868, 10240, 96, 98
2026/07/29 09:53:50.920, 0, NVIDIA GeForce RTX 3080, 5184, 4868, 10240, 96, 97
2026/07/29 09:53:51.032, 0, NVIDIA GeForce RTX 3080, 5184, 4868, 10240, 96, 97
2026/07/29 09:53:51.144, 0, NVIDIA GeForce RTX 3080, 5184, 4868, 10240, 96, 97
2026/07/29 09:53:51.256, 0, NVIDIA GeForce RTX 3080, 5184, 4868, 10240, 96, 97
2026/07/29 09:53:51.369, 0, NVIDIA GeForce RTX 3080, 5184, 4868, 10240, 96, 97
2026/07/29 09:53:51.481, 0, NVIDIA GeForce RTX 3080, 5184, 4868, 10240, 96, 98
2026/07/29 09:53:51.592, 0, NVIDIA GeForce RTX 3080, 5184, 4868, 10240, 96, 98
2026/07/29 09:53:51.704, 0, NVIDIA GeForce RTX 3080, 5184, 4868, 10240, 96, 98
2026/07/29 09:53:51.816, 0, NVIDIA GeForce RTX 3080, 5184, 4868, 10240, 96, 98
2026/07/29 09:53:51.924, 0, NVIDIA GeForce RTX 3080, 5184, 4868, 10240, 96, 97
2026/07/29 09:53:52.034, 0, NVIDIA GeForce RTX 3080, 5184, 4868, 10240, 96, 97
2026/07/29 09:53:52.142, 0, NVIDIA GeForce RTX 3080, 5184, 4868, 10240, 96, 97
2026/07/29 09:53:52.252, 0, NVIDIA GeForce RTX 3080, 5184, 4868, 10240, 96, 97
2026/07/29 09:53:52.362, 0, NVIDIA GeForce RTX 3080, 5184, 4868, 10240, 96, 97
2026/07/29 09:53:52.473, 0, NVIDIA GeForce RTX 3080, 5184, 4868, 10240, 96, 97
2026/07/29 09:53:52.585, 0, NVIDIA GeForce RTX 3080, 5184, 4868, 10240, 96, 97
2026/07/29 09:53:52.697, 0, NVIDIA GeForce RTX 3080, 5184, 4868, 10240, 96, 97
2026/07/29 09:53:52.809, 0, NVIDIA GeForce RTX 3080, 5184, 4868, 10240, 96, 97
2026/07/29 09:53:52.921, 0, NVIDIA GeForce RTX 3080, 5184, 4868, 10240, 96, 98
2026/07/29 09:53:53.033, 0, NVIDIA GeForce RTX 3080, 5184, 4868, 10240, 96, 98
2026/07/29 09:53:53.145, 0, NVIDIA GeForce RTX 3080, 5184, 4868, 10240, 96, 98
2026/07/29 09:53:53.257, 0, NVIDIA GeForce RTX 3080, 5184, 4868, 10240, 96, 98
2026/07/29 09:53:53.369, 0, NVIDIA GeForce RTX 3080, 5184, 4868, 10240, 96, 98
2026/07/29 09:53:53.481, 0, NVIDIA GeForce RTX 3080, 5184, 4868, 10240, 96, 97
2026/07/29 09:53:53.593, 0, NVIDIA GeForce RTX 3080, 5184, 4868, 10240, 96, 97
2026/07/29 09:53:53.705, 0, NVIDIA GeForce RTX 3080, 5184, 4868, 10240, 96, 97
2026/07/29 09:53:53.817, 0, NVIDIA GeForce RTX 3080, 5184, 4868, 10240, 96, 97
2026/07/29 09:53:53.929, 0, NVIDIA GeForce RTX 3080, 5184, 4868, 10240, 95, 97
2026/07/29 09:53:54.041, 0, NVIDIA GeForce RTX 3080, 5184, 4868, 10240, 95, 97
2026/07/29 09:53:54.153, 0, NVIDIA GeForce RTX 3080, 5184, 4868, 10240, 95, 97
2026/07/29 09:53:54.266, 0, NVIDIA GeForce RTX 3080, 5184, 4868, 10240, 95, 97
2026/07/29 09:53:54.378, 0, NVIDIA GeForce RTX 3080, 5184, 4868, 10240, 95, 97
2026/07/29 09:53:54.490, 0, NVIDIA GeForce RTX 3080, 5184, 4868, 10240, 93, 95
2026/07/29 09:53:54.602, 0, NVIDIA GeForce RTX 3080, 5184, 4868, 10240, 93, 95
2026/07/29 09:53:54.714, 0, NVIDIA GeForce RTX 3080, 5184, 4868, 10240, 93, 95
2026/07/29 09:53:54.826, 0, NVIDIA GeForce RTX 3080, 5184, 4868, 10240, 93, 95
2026/07/29 09:53:54.938, 0, NVIDIA GeForce RTX 3080, 5184, 4868, 10240, 96, 98
2026/07/29 09:53:55.050, 0, NVIDIA GeForce RTX 3080, 5184, 4868, 10240, 96, 98
2026/07/29 09:53:55.162, 0, NVIDIA GeForce RTX 3080, 5184, 4868, 10240, 96, 98
2026/07/29 09:53:55.274, 0, NVIDIA GeForce RTX 3080, 5184, 4868, 10240, 96, 98
2026/07/29 09:53:55.385, 0, NVIDIA GeForce RTX 3080, 5184, 4868, 10240, 96, 98
2026/07/29 09:53:55.497, 0, NVIDIA GeForce RTX 3080, 5184, 4868, 10240, 96, 97
2026/07/29 09:53:55.609, 0, NVIDIA GeForce RTX 3080, 5184, 4868, 10240, 96, 97
2026/07/29 09:53:55.721, 0, NVIDIA GeForce RTX 3080, 5184, 4868, 10240, 96, 97
2026/07/29 09:53:55.833, 0, NVIDIA GeForce RTX 3080, 5184, 4868, 10240, 96, 97
2026/07/29 09:53:55.945, 0, NVIDIA GeForce RTX 3080, 5184, 4868, 10240, 96, 98
2026/07/29 09:53:56.057, 0, NVIDIA GeForce RTX 3080, 5184, 4868, 10240, 96, 98
2026/07/29 09:53:56.169, 0, NVIDIA GeForce RTX 3080, 5184, 4868, 10240, 96, 98
2026/07/29 09:53:56.281, 0, NVIDIA GeForce RTX 3080, 5184, 4868, 10240, 96, 98
2026/07/29 09:53:56.393, 0, NVIDIA GeForce RTX 3080, 5184, 4868, 10240, 96, 98
2026/07/29 09:53:56.505, 0, NVIDIA GeForce RTX 3080, 5184, 4868, 10240, 96, 97
2026/07/29 09:53:56.616, 0, NVIDIA GeForce RTX 3080, 5184, 4868, 10240, 96, 97
2026/07/29 09:53:56.728, 0, NVIDIA GeForce RTX 3080, 5184, 4868, 10240, 96, 97
2026/07/29 09:53:56.839, 0, NVIDIA GeForce RTX 3080, 5184, 4868, 10240, 96, 97
2026/07/29 09:53:56.948, 0, NVIDIA GeForce RTX 3080, 5184, 4868, 10240, 96, 97
2026/07/29 09:53:57.057, 0, NVIDIA GeForce RTX 3080, 5184, 4868, 10240, 96, 97
2026/07/29 09:53:57.166, 0, NVIDIA GeForce RTX 3080, 5184, 4868, 10240, 96, 97
2026/07/29 09:53:57.274, 0, NVIDIA GeForce RTX 3080, 5184, 4868, 10240, 96, 97
2026/07/29 09:53:57.384, 0, NVIDIA GeForce RTX 3080, 5184, 4868, 10240, 96, 97
2026/07/29 09:53:57.495, 0, NVIDIA GeForce RTX 3080, 5184, 4868, 10240, 96, 97
2026/07/29 09:53:57.606, 0, NVIDIA GeForce RTX 3080, 5184, 4868, 10240, 96, 97
2026/07/29 09:53:57.718, 0, NVIDIA GeForce RTX 3080, 5184, 4868, 10240, 96, 97
2026/07/29 09:53:57.830, 0, NVIDIA GeForce RTX 3080, 5184, 4868, 10240, 96, 97
2026/07/29 09:53:57.942, 0, NVIDIA GeForce RTX 3080, 5184, 4868, 10240, 95, 97
2026/07/29 09:53:58.054, 0, NVIDIA GeForce RTX 3080, 5184, 4868, 10240, 95, 97
2026/07/29 09:53:58.166, 0, NVIDIA GeForce RTX 3080, 5184, 4868, 10240, 95, 97
2026/07/29 09:53:58.278, 0, NVIDIA GeForce RTX 3080, 5184, 4868, 10240, 95, 97
2026/07/29 09:53:58.390, 0, NVIDIA GeForce RTX 3080, 5184, 4868, 10240, 95, 97
2026/07/29 09:53:58.502, 0, NVIDIA GeForce RTX 3080, 5184, 4868, 10240, 96, 97
2026/07/29 09:53:58.614, 0, NVIDIA GeForce RTX 3080, 5184, 4868, 10240, 96, 97
2026/07/29 09:53:58.726, 0, NVIDIA GeForce RTX 3080, 5184, 4868, 10240, 96, 97
2026/07/29 09:53:58.837, 0, NVIDIA GeForce RTX 3080, 5184, 4868, 10240, 96, 97
2026/07/29 09:53:58.947, 0, NVIDIA GeForce RTX 3080, 5184, 4868, 10240, 96, 97
2026/07/29 09:53:59.056, 0, NVIDIA GeForce RTX 3080, 5184, 4868, 10240, 96, 97
2026/07/29 09:53:59.168, 0, NVIDIA GeForce RTX 3080, 5184, 4868, 10240, 96, 97
2026/07/29 09:53:59.280, 0, NVIDIA GeForce RTX 3080, 5184, 4868, 10240, 96, 97
2026/07/29 09:53:59.392, 0, NVIDIA GeForce RTX 3080, 5184, 4868, 10240, 96, 97
2026/07/29 09:53:59.504, 0, NVIDIA GeForce RTX 3080, 5184, 4868, 10240, 96, 97
2026/07/29 09:53:59.616, 0, NVIDIA GeForce RTX 3080, 5184, 4868, 10240, 96, 97
2026/07/29 09:53:59.728, 0, NVIDIA GeForce RTX 3080, 5184, 4868, 10240, 96, 97
2026/07/29 09:53:59.840, 0, NVIDIA GeForce RTX 3080, 5184, 4868, 10240, 96, 97
2026/07/29 09:53:59.951, 0, NVIDIA GeForce RTX 3080, 5184, 4868, 10240, 96, 97
2026/07/29 09:54:00.062, 0, NVIDIA GeForce RTX 3080, 5184, 4868, 10240, 96, 97
2026/07/29 09:54:00.173, 0, NVIDIA GeForce RTX 3080, 5184, 4868, 10240, 96, 97
2026/07/29 09:54:00.285, 0, NVIDIA GeForce RTX 3080, 5184, 4868, 10240, 96, 97
2026/07/29 09:54:00.397, 0, NVIDIA GeForce RTX 3080, 5184, 4868, 10240, 96, 97
2026/07/29 09:54:00.509, 0, NVIDIA GeForce RTX 3080, 5184, 4868, 10240, 96, 98
2026/07/29 09:54:00.621, 0, NVIDIA GeForce RTX 3080, 5184, 4868, 10240, 96, 98
2026/07/29 09:54:00.733, 0, NVIDIA GeForce RTX 3080, 5184, 4868, 10240, 96, 98
2026/07/29 09:54:00.845, 0, NVIDIA GeForce RTX 3080, 5184, 4868, 10240, 96, 98
2026/07/29 09:54:00.957, 0, NVIDIA GeForce RTX 3080, 5184, 4868, 10240, 96, 97
2026/07/29 09:54:01.069, 0, NVIDIA GeForce RTX 3080, 5184, 4868, 10240, 96, 97
2026/07/29 09:54:01.181, 0, NVIDIA GeForce RTX 3080, 5184, 4868, 10240, 96, 97
2026/07/29 09:54:01.293, 0, NVIDIA GeForce RTX 3080, 5184, 4868, 10240, 96, 97
2026/07/29 09:54:01.405, 0, NVIDIA GeForce RTX 3080, 5184, 4868, 10240, 96, 97
2026/07/29 09:54:01.517, 0, NVIDIA GeForce RTX 3080, 5184, 4868, 10240, 96, 97
2026/07/29 09:54:01.629, 0, NVIDIA GeForce RTX 3080, 5184, 4868, 10240, 96, 97
2026/07/29 09:54:01.741, 0, NVIDIA GeForce RTX 3080, 5184, 4868, 10240, 96, 97
2026/07/29 09:54:01.853, 0, NVIDIA GeForce RTX 3080, 5184, 4868, 10240, 96, 97
2026/07/29 09:54:01.965, 0, NVIDIA GeForce RTX 3080, 5184, 4868, 10240, 96, 97
2026/07/29 09:54:02.077, 0, NVIDIA GeForce RTX 3080, 5184, 4868, 10240, 96, 97
2026/07/29 09:54:02.189, 0, NVIDIA GeForce RTX 3080, 5184, 4868, 10240, 96, 97
2026/07/29 09:54:02.301, 0, NVIDIA GeForce RTX 3080, 5184, 4868, 10240, 96, 97
2026/07/29 09:54:02.413, 0, NVIDIA GeForce RTX 3080, 5184, 4868, 10240, 96, 97
2026/07/29 09:54:02.525, 0, NVIDIA GeForce RTX 3080, 5184, 4868, 10240, 96, 97
2026/07/29 09:54:02.637, 0, NVIDIA GeForce RTX 3080, 5184, 4868, 10240, 96, 97
2026/07/29 09:54:02.749, 0, NVIDIA GeForce RTX 3080, 5184, 4868, 10240, 96, 97
2026/07/29 09:54:02.861, 0, NVIDIA GeForce RTX 3080, 5184, 4868, 10240, 96, 97
2026/07/29 09:54:02.973, 0, NVIDIA GeForce RTX 3080, 5184, 4868, 10240, 95, 97
2026/07/29 09:54:03.085, 0, NVIDIA GeForce RTX 3080, 5184, 4868, 10240, 95, 97
2026/07/29 09:54:03.198, 0, NVIDIA GeForce RTX 3080, 5184, 4868, 10240, 95, 97
2026/07/29 09:54:03.310, 0, NVIDIA GeForce RTX 3080, 5184, 4868, 10240, 95, 97
2026/07/29 09:54:03.422, 0, NVIDIA GeForce RTX 3080, 5184, 4868, 10240, 96, 98
2026/07/29 09:54:03.534, 0, NVIDIA GeForce RTX 3080, 5184, 4868, 10240, 96, 98
2026/07/29 09:54:03.646, 0, NVIDIA GeForce RTX 3080, 5184, 4868, 10240, 96, 98
2026/07/29 09:54:03.757, 0, NVIDIA GeForce RTX 3080, 5184, 4868, 10240, 96, 98
2026/07/29 09:54:03.867, 0, NVIDIA GeForce RTX 3080, 5184, 4868, 10240, 96, 98
2026/07/29 09:54:03.976, 0, NVIDIA GeForce RTX 3080, 5184, 4868, 10240, 93, 95
2026/07/29 09:54:04.087, 0, NVIDIA GeForce RTX 3080, 5184, 4868, 10240, 93, 95
2026/07/29 09:54:04.199, 0, NVIDIA GeForce RTX 3080, 5184, 4868, 10240, 93, 95
2026/07/29 09:54:04.311, 0, NVIDIA GeForce RTX 3080, 5184, 4868, 10240, 93, 95
2026/07/29 09:54:04.422, 0, NVIDIA GeForce RTX 3080, 5184, 4868, 10240, 96, 97
2026/07/29 09:54:04.534, 0, NVIDIA GeForce RTX 3080, 5184, 4868, 10240, 96, 97
2026/07/29 09:54:04.646, 0, NVIDIA GeForce RTX 3080, 5184, 4868, 10240, 96, 97
2026/07/29 09:54:04.758, 0, NVIDIA GeForce RTX 3080, 5184, 4868, 10240, 96, 97
2026/07/29 09:54:04.870, 0, NVIDIA GeForce RTX 3080, 5184, 4868, 10240, 96, 97
2026/07/29 09:54:04.982, 0, NVIDIA GeForce RTX 3080, 5184, 4868, 10240, 96, 98
2026/07/29 09:54:05.094, 0, NVIDIA GeForce RTX 3080, 5184, 4868, 10240, 96, 98
2026/07/29 09:54:05.206, 0, NVIDIA GeForce RTX 3080, 5184, 4868, 10240, 96, 98
2026/07/29 09:54:05.318, 0, NVIDIA GeForce RTX 3080, 5184, 4868, 10240, 96, 98
2026/07/29 09:54:05.430, 0, NVIDIA GeForce RTX 3080, 5184, 4868, 10240, 95, 97
2026/07/29 09:54:05.542, 0, NVIDIA GeForce RTX 3080, 5184, 4868, 10240, 95, 97
2026/07/29 09:54:05.653, 0, NVIDIA GeForce RTX 3080, 5184, 4868, 10240, 95, 97
2026/07/29 09:54:05.763, 0, NVIDIA GeForce RTX 3080, 5184, 4868, 10240, 95, 97
2026/07/29 09:54:05.875, 0, NVIDIA GeForce RTX 3080, 5184, 4868, 10240, 95, 97
2026/07/29 09:54:05.987, 0, NVIDIA GeForce RTX 3080, 5184, 4868, 10240, 96, 98
2026/07/29 09:54:06.098, 0, NVIDIA GeForce RTX 3080, 5184, 4868, 10240, 96, 98
2026/07/29 09:54:06.208, 0, NVIDIA GeForce RTX 3080, 5184, 4868, 10240, 96, 98
2026/07/29 09:54:06.320, 0, NVIDIA GeForce RTX 3080, 5184, 4868, 10240, 96, 98
2026/07/29 09:54:06.432, 0, NVIDIA GeForce RTX 3080, 5184, 4868, 10240, 96, 97
2026/07/29 09:54:06.544, 0, NVIDIA GeForce RTX 3080, 5184, 4868, 10240, 96, 97
2026/07/29 09:54:06.656, 0, NVIDIA GeForce RTX 3080, 5184, 4868, 10240, 96, 97
2026/07/29 09:54:06.768, 0, NVIDIA GeForce RTX 3080, 5184, 4868, 10240, 96, 97
2026/07/29 09:54:06.880, 0, NVIDIA GeForce RTX 3080, 5184, 4868, 10240, 96, 97
2026/07/29 09:54:06.992, 0, NVIDIA GeForce RTX 3080, 5184, 4868, 10240, 96, 97
2026/07/29 09:54:07.104, 0, NVIDIA GeForce RTX 3080, 5184, 4868, 10240, 96, 97
2026/07/29 09:54:07.216, 0, NVIDIA GeForce RTX 3080, 5184, 4868, 10240, 96, 97
2026/07/29 09:54:07.328, 0, NVIDIA GeForce RTX 3080, 5184, 4868, 10240, 96, 97
2026/07/29 09:54:07.440, 0, NVIDIA GeForce RTX 3080, 5184, 4868, 10240, 96, 98
2026/07/29 09:54:07.552, 0, NVIDIA GeForce RTX 3080, 5184, 4868, 10240, 96, 98
2026/07/29 09:54:07.664, 0, NVIDIA GeForce RTX 3080, 5184, 4868, 10240, 96, 98
2026/07/29 09:54:07.776, 0, NVIDIA GeForce RTX 3080, 5184, 4868, 10240, 96, 98
2026/07/29 09:54:07.888, 0, NVIDIA GeForce RTX 3080, 5184, 4868, 10240, 96, 98
2026/07/29 09:54:08.000, 0, NVIDIA GeForce RTX 3080, 5184, 4868, 10240, 96, 97
2026/07/29 09:54:08.113, 0, NVIDIA GeForce RTX 3080, 5184, 4868, 10240, 96, 97
2026/07/29 09:54:08.225, 0, NVIDIA GeForce RTX 3080, 5184, 4868, 10240, 96, 97
2026/07/29 09:54:08.337, 0, NVIDIA GeForce RTX 3080, 5184, 4868, 10240, 96, 97
2026/07/29 09:54:08.449, 0, NVIDIA GeForce RTX 3080, 5184, 4868, 10240, 96, 97
2026/07/29 09:54:08.561, 0, NVIDIA GeForce RTX 3080, 5184, 4868, 10240, 96, 97
2026/07/29 09:54:08.673, 0, NVIDIA GeForce RTX 3080, 5184, 4868, 10240, 96, 97
2026/07/29 09:54:08.785, 0, NVIDIA GeForce RTX 3080, 5184, 4868, 10240, 96, 97
2026/07/29 09:54:08.897, 0, NVIDIA GeForce RTX 3080, 5184, 4868, 10240, 96, 97
2026/07/29 09:54:09.009, 0, NVIDIA GeForce RTX 3080, 5184, 4868, 10240, 96, 98
2026/07/29 09:54:09.121, 0, NVIDIA GeForce RTX 3080, 5184, 4868, 10240, 96, 98
2026/07/29 09:54:09.232, 0, NVIDIA GeForce RTX 3080, 5184, 4868, 10240, 96, 98
2026/07/29 09:54:09.344, 0, NVIDIA GeForce RTX 3080, 5184, 4868, 10240, 96, 98
2026/07/29 09:54:09.456, 0, NVIDIA GeForce RTX 3080, 5184, 4868, 10240, 96, 97
2026/07/29 09:54:09.567, 0, NVIDIA GeForce RTX 3080, 5184, 4868, 10240, 96, 97
2026/07/29 09:54:09.679, 0, NVIDIA GeForce RTX 3080, 5184, 4868, 10240, 96, 97
2026/07/29 09:54:09.791, 0, NVIDIA GeForce RTX 3080, 5184, 4868, 10240, 96, 97
2026/07/29 09:54:09.900, 0, NVIDIA GeForce RTX 3080, 5184, 4868, 10240, 96, 97
2026/07/29 09:54:10.009, 0, NVIDIA GeForce RTX 3080, 5184, 4868, 10240, 96, 97
2026/07/29 09:54:10.119, 0, NVIDIA GeForce RTX 3080, 5184, 4868, 10240, 96, 97
2026/07/29 09:54:10.228, 0, NVIDIA GeForce RTX 3080, 5184, 4868, 10240, 96, 97
2026/07/29 09:54:10.337, 0, NVIDIA GeForce RTX 3080, 5184, 4868, 10240, 96, 97
2026/07/29 09:54:10.446, 0, NVIDIA GeForce RTX 3080, 5184, 4868, 10240, 96, 98
2026/07/29 09:54:10.555, 0, NVIDIA GeForce RTX 3080, 5184, 4868, 10240, 96, 98
2026/07/29 09:54:10.663, 0, NVIDIA GeForce RTX 3080, 5184, 4868, 10240, 96, 98
2026/07/29 09:54:10.773, 0, NVIDIA GeForce RTX 3080, 5184, 4868, 10240, 96, 98
2026/07/29 09:54:10.885, 0, NVIDIA GeForce RTX 3080, 5184, 4868, 10240, 96, 98
2026/07/29 09:54:10.996, 0, NVIDIA GeForce RTX 3080, 5184, 4868, 10240, 96, 97
2026/07/29 09:54:11.108, 0, NVIDIA GeForce RTX 3080, 5184, 4868, 10240, 96, 97
2026/07/29 09:54:11.220, 0, NVIDIA GeForce RTX 3080, 5184, 4868, 10240, 96, 97
2026/07/29 09:54:11.332, 0, NVIDIA GeForce RTX 3080, 5184, 4868, 10240, 96, 97
2026/07/29 09:54:11.444, 0, NVIDIA GeForce RTX 3080, 5184, 4868, 10240, 96, 97
2026/07/29 09:54:11.556, 0, NVIDIA GeForce RTX 3080, 5184, 4868, 10240, 96, 97
2026/07/29 09:54:11.668, 0, NVIDIA GeForce RTX 3080, 5184, 4868, 10240, 96, 97
2026/07/29 09:54:11.780, 0, NVIDIA GeForce RTX 3080, 5184, 4868, 10240, 96, 97
2026/07/29 09:54:11.892, 0, NVIDIA GeForce RTX 3080, 5184, 4868, 10240, 96, 97
2026/07/29 09:54:12.001, 0, NVIDIA GeForce RTX 3080, 5184, 4868, 10240, 95, 96
2026/07/29 09:54:12.111, 0, NVIDIA GeForce RTX 3080, 5184, 4868, 10240, 95, 96
2026/07/29 09:54:12.220, 0, NVIDIA GeForce RTX 3080, 5184, 4868, 10240, 95, 96
2026/07/29 09:54:12.329, 0, NVIDIA GeForce RTX 3080, 5184, 4868, 10240, 95, 96
2026/07/29 09:54:12.439, 0, NVIDIA GeForce RTX 3080, 5184, 4868, 10240, 96, 98
2026/07/29 09:54:12.551, 0, NVIDIA GeForce RTX 3080, 5184, 4868, 10240, 96, 98
2026/07/29 09:54:12.662, 0, NVIDIA GeForce RTX 3080, 5184, 4868, 10240, 96, 98
2026/07/29 09:54:12.774, 0, NVIDIA GeForce RTX 3080, 5184, 4868, 10240, 96, 98
2026/07/29 09:54:12.886, 0, NVIDIA GeForce RTX 3080, 5184, 4868, 10240, 96, 98
2026/07/29 09:54:12.998, 0, NVIDIA GeForce RTX 3080, 5184, 4868, 10240, 96, 97
2026/07/29 09:54:13.110, 0, NVIDIA GeForce RTX 3080, 5184, 4868, 10240, 96, 97
2026/07/29 09:54:13.221, 0, NVIDIA GeForce RTX 3080, 5184, 4868, 10240, 96, 97
2026/07/29 09:54:13.333, 0, NVIDIA GeForce RTX 3080, 5184, 4868, 10240, 96, 97
2026/07/29 09:54:13.445, 0, NVIDIA GeForce RTX 3080, 5184, 4868, 10240, 93, 95
2026/07/29 09:54:13.557, 0, NVIDIA GeForce RTX 3080, 5184, 4868, 10240, 93, 95
2026/07/29 09:54:13.669, 0, NVIDIA GeForce RTX 3080, 5184, 4868, 10240, 93, 95
2026/07/29 09:54:13.781, 0, NVIDIA GeForce RTX 3080, 5184, 4868, 10240, 93, 95
2026/07/29 09:54:13.894, 0, NVIDIA GeForce RTX 3080, 5184, 4868, 10240, 93, 95
2026/07/29 09:54:14.006, 0, NVIDIA GeForce RTX 3080, 5184, 4868, 10240, 96, 98
2026/07/29 09:54:14.118, 0, NVIDIA GeForce RTX 3080, 5184, 4868, 10240, 96, 98
2026/07/29 09:54:14.230, 0, NVIDIA GeForce RTX 3080, 5184, 4868, 10240, 96, 98
2026/07/29 09:54:14.342, 0, NVIDIA GeForce RTX 3080, 5184, 4868, 10240, 96, 98
2026/07/29 09:54:14.453, 0, NVIDIA GeForce RTX 3080, 5184, 4868, 10240, 96, 97
2026/07/29 09:54:14.565, 0, NVIDIA GeForce RTX 3080, 5184, 4868, 10240, 96, 97
2026/07/29 09:54:14.677, 0, NVIDIA GeForce RTX 3080, 5184, 4868, 10240, 96, 97
2026/07/29 09:54:14.789, 0, NVIDIA GeForce RTX 3080, 5184, 4868, 10240, 96, 97
2026/07/29 09:54:14.901, 0, NVIDIA GeForce RTX 3080, 5184, 4868, 10240, 96, 97
2026/07/29 09:54:15.013, 0, NVIDIA GeForce RTX 3080, 5184, 4868, 10240, 96, 98
2026/07/29 09:54:15.125, 0, NVIDIA GeForce RTX 3080, 5184, 4868, 10240, 96, 98
2026/07/29 09:54:15.237, 0, NVIDIA GeForce RTX 3080, 5184, 4868, 10240, 96, 98
2026/07/29 09:54:15.349, 0, NVIDIA GeForce RTX 3080, 5184, 4868, 10240, 96, 98
2026/07/29 09:54:15.461, 0, NVIDIA GeForce RTX 3080, 5184, 4868, 10240, 96, 98
2026/07/29 09:54:15.572, 0, NVIDIA GeForce RTX 3080, 5184, 4868, 10240, 96, 98
2026/07/29 09:54:15.684, 0, NVIDIA GeForce RTX 3080, 5184, 4868, 10240, 96, 98
2026/07/29 09:54:15.796, 0, NVIDIA GeForce RTX 3080, 5184, 4868, 10240, 96, 98
2026/07/29 09:54:15.908, 0, NVIDIA GeForce RTX 3080, 5184, 4868, 10240, 96, 98
2026/07/29 09:54:16.020, 0, NVIDIA GeForce RTX 3080, 5184, 4868, 10240, 96, 97
2026/07/29 09:54:16.132, 0, NVIDIA GeForce RTX 3080, 5184, 4868, 10240, 96, 97
2026/07/29 09:54:16.244, 0, NVIDIA GeForce RTX 3080, 5184, 4868, 10240, 96, 97
2026/07/29 09:54:16.356, 0, NVIDIA GeForce RTX 3080, 5184, 4868, 10240, 96, 97
2026/07/29 09:54:16.468, 0, NVIDIA GeForce RTX 3080, 5184, 4868, 10240, 96, 98
2026/07/29 09:54:16.580, 0, NVIDIA GeForce RTX 3080, 5184, 4868, 10240, 96, 98
2026/07/29 09:54:16.691, 0, NVIDIA GeForce RTX 3080, 5184, 4868, 10240, 96, 98
2026/07/29 09:54:16.803, 0, NVIDIA GeForce RTX 3080, 5184, 4868, 10240, 96, 98
2026/07/29 09:54:16.915, 0, NVIDIA GeForce RTX 3080, 5184, 4868, 10240, 96, 97
2026/07/29 09:54:17.024, 0, NVIDIA GeForce RTX 3080, 5184, 4868, 10240, 96, 97
2026/07/29 09:54:17.133, 0, NVIDIA GeForce RTX 3080, 5184, 4868, 10240, 96, 97
2026/07/29 09:54:17.243, 0, NVIDIA GeForce RTX 3080, 5184, 4868, 10240, 96, 97
2026/07/29 09:54:17.353, 0, NVIDIA GeForce RTX 3080, 5184, 4868, 10240, 96, 97
2026/07/29 09:54:17.465, 0, NVIDIA GeForce RTX 3080, 5184, 4868, 10240, 96, 97
2026/07/29 09:54:17.576, 0, NVIDIA GeForce RTX 3080, 5184, 4868, 10240, 96, 97
2026/07/29 09:54:17.688, 0, NVIDIA GeForce RTX 3080, 5184, 4868, 10240, 96, 97
2026/07/29 09:54:17.800, 0, NVIDIA GeForce RTX 3080, 5184, 4868, 10240, 96, 97
2026/07/29 09:54:17.912, 0, NVIDIA GeForce RTX 3080, 5184, 4868, 10240, 96, 97
2026/07/29 09:54:18.024, 0, NVIDIA GeForce RTX 3080, 5184, 4868, 10240, 96, 98
2026/07/29 09:54:18.136, 0, NVIDIA GeForce RTX 3080, 5184, 4868, 10240, 96, 98
2026/07/29 09:54:18.248, 0, NVIDIA GeForce RTX 3080, 5184, 4868, 10240, 96, 98
2026/07/29 09:54:18.360, 0, NVIDIA GeForce RTX 3080, 5184, 4868, 10240, 96, 98
2026/07/29 09:54:18.472, 0, NVIDIA GeForce RTX 3080, 5184, 4868, 10240, 96, 98
2026/07/29 09:54:18.584, 0, NVIDIA GeForce RTX 3080, 5184, 4868, 10240, 96, 98
2026/07/29 09:54:18.697, 0, NVIDIA GeForce RTX 3080, 5184, 4868, 10240, 96, 98
2026/07/29 09:54:18.809, 0, NVIDIA GeForce RTX 3080, 5184, 4868, 10240, 96, 98
2026/07/29 09:54:18.921, 0, NVIDIA GeForce RTX 3080, 5184, 4868, 10240, 96, 97
2026/07/29 09:54:19.031, 0, NVIDIA GeForce RTX 3080, 5184, 4868, 10240, 96, 97
2026/07/29 09:54:19.142, 0, NVIDIA GeForce RTX 3080, 5184, 4868, 10240, 96, 97
2026/07/29 09:54:19.252, 0, NVIDIA GeForce RTX 3080, 5184, 4868, 10240, 96, 97
2026/07/29 09:54:19.363, 0, NVIDIA GeForce RTX 3080, 5184, 4868, 10240, 96, 97
2026/07/29 09:54:19.475, 0, NVIDIA GeForce RTX 3080, 5184, 4868, 10240, 96, 97
2026/07/29 09:54:19.586, 0, NVIDIA GeForce RTX 3080, 5184, 4868, 10240, 96, 97
2026/07/29 09:54:19.698, 0, NVIDIA GeForce RTX 3080, 5184, 4868, 10240, 96, 97
2026/07/29 09:54:19.809, 0, NVIDIA GeForce RTX 3080, 5184, 4868, 10240, 96, 97
2026/07/29 09:54:19.921, 0, NVIDIA GeForce RTX 3080, 5184, 4868, 10240, 96, 97
2026/07/29 09:54:20.033, 0, NVIDIA GeForce RTX 3080, 5184, 4868, 10240, 96, 97
2026/07/29 09:54:20.145, 0, NVIDIA GeForce RTX 3080, 5184, 4868, 10240, 96, 97
2026/07/29 09:54:20.257, 0, NVIDIA GeForce RTX 3080, 5184, 4868, 10240, 96, 97
2026/07/29 09:54:20.367, 0, NVIDIA GeForce RTX 3080, 5184, 4868, 10240, 96, 97
2026/07/29 09:54:20.479, 0, NVIDIA GeForce RTX 3080, 5184, 4868, 10240, 96, 97
2026/07/29 09:54:20.591, 0, NVIDIA GeForce RTX 3080, 5184, 4868, 10240, 96, 97
2026/07/29 09:54:20.703, 0, NVIDIA GeForce RTX 3080, 5184, 4868, 10240, 96, 97
2026/07/29 09:54:20.815, 0, NVIDIA GeForce RTX 3080, 5184, 4868, 10240, 96, 97
2026/07/29 09:54:20.927, 0, NVIDIA GeForce RTX 3080, 5184, 4868, 10240, 96, 98
2026/07/29 09:54:21.039, 0, NVIDIA GeForce RTX 3080, 5184, 4868, 10240, 96, 98
2026/07/29 09:54:21.151, 0, NVIDIA GeForce RTX 3080, 5184, 4868, 10240, 96, 98
2026/07/29 09:54:21.262, 0, NVIDIA GeForce RTX 3080, 4008, 6044, 10240, 96, 98
2026/07/29 09:54:21.374, 0, NVIDIA GeForce RTX 3080, 1456, 8596, 10240, 96, 98
2026/07/29 09:54:21.486, 0, NVIDIA GeForce RTX 3080, 1456, 8596, 10240, 13, 13
2026/07/29 09:54:21.599, 0, NVIDIA GeForce RTX 3080, 1456, 8596, 10240, 13, 13
2026/07/29 09:54:21.710, 0, NVIDIA GeForce RTX 3080, 1235, 8817, 10240, 13, 13
