timestamp,index,name,memory_used_mib,memory_free_mib,memory_total_mib,memory_utilization_percent,gpu_utilization_percent 
2026/07/30 23:06:32.749, 0, NVIDIA GeForce RTX 3080, 1480, 8572, 10240, 0, 1
2026/07/30 23:06:32.860, 0, NVIDIA GeForce RTX 3080, 1480, 8572, 10240, 0, 1
2026/07/30 23:06:32.972, 0, NVIDIA GeForce RTX 3080, 1480, 8572, 10240, 0, 1
2026/07/30 23:06:33.084, 0, NVIDIA GeForce RTX 3080, 5254, 4798, 10240, 0, 1
2026/07/30 23:06:33.196, 0, NVIDIA GeForce RTX 3080, 5254, 4798, 10240, 5, 74
2026/07/30 23:06:33.307, 0, NVIDIA GeForce RTX 3080, 5254, 4798, 10240, 5, 74
2026/07/30 23:06:33.419, 0, NVIDIA GeForce RTX 3080, 5254, 4798, 10240, 5, 74
2026/07/30 23:06:33.531, 0, NVIDIA GeForce RTX 3080, 5254, 4798, 10240, 5, 74
2026/07/30 23:06:33.644, 0, NVIDIA GeForce RTX 3080, 5254, 4798, 10240, 5, 74
2026/07/30 23:06:33.756, 0, NVIDIA GeForce RTX 3080, 5254, 4798, 10240, 1, 12
2026/07/30 23:06:33.867, 0, NVIDIA GeForce RTX 3080, 5254, 4798, 10240, 1, 12
2026/07/30 23:06:33.979, 0, NVIDIA GeForce RTX 3080, 5254, 4798, 10240, 1, 12
2026/07/30 23:06:34.091, 0, NVIDIA GeForce RTX 3080, 5254, 4798, 10240, 1, 12
2026/07/30 23:06:34.203, 0, NVIDIA GeForce RTX 3080, 5254, 4798, 10240, 1, 12
2026/07/30 23:06:34.315, 0, NVIDIA GeForce RTX 3080, 5254, 4798, 10240, 1, 12
2026/07/30 23:06:34.426, 0, NVIDIA GeForce RTX 3080, 5254, 4798, 10240, 1, 12
2026/07/30 23:06:34.538, 0, NVIDIA GeForce RTX 3080, 5564, 4488, 10240, 1, 12
2026/07/30 23:06:34.650, 0, NVIDIA GeForce RTX 3080, 5570, 4482, 10240, 1, 12
2026/07/30 23:06:34.762, 0, NVIDIA GeForce RTX 3080, 5570, 4482, 10240, 57, 83
2026/07/30 23:06:34.872, 0, NVIDIA GeForce RTX 3080, 5570, 4482, 10240, 57, 83
2026/07/30 23:06:34.981, 0, NVIDIA GeForce RTX 3080, 5570, 4482, 10240, 57, 83
2026/07/30 23:06:35.089, 0, NVIDIA GeForce RTX 3080, 5570, 4482, 10240, 57, 83
2026/07/30 23:06:35.198, 0, NVIDIA GeForce RTX 3080, 5570, 4482, 10240, 64, 93
2026/07/30 23:06:35.307, 0, NVIDIA GeForce RTX 3080, 5570, 4482, 10240, 64, 93
2026/07/30 23:06:35.417, 0, NVIDIA GeForce RTX 3080, 5570, 4482, 10240, 64, 93
2026/07/30 23:06:35.526, 0, NVIDIA GeForce RTX 3080, 5570, 4482, 10240, 64, 93
2026/07/30 23:06:35.638, 0, NVIDIA GeForce RTX 3080, 5570, 4482, 10240, 64, 93
2026/07/30 23:06:35.748, 0, NVIDIA GeForce RTX 3080, 5570, 4482, 10240, 63, 91
2026/07/30 23:06:35.860, 0, NVIDIA GeForce RTX 3080, 5570, 4482, 10240, 63, 91
2026/07/30 23:06:35.972, 0, NVIDIA GeForce RTX 3080, 5570, 4482, 10240, 63, 91
2026/07/30 23:06:36.082, 0, NVIDIA GeForce RTX 3080, 5570, 4482, 10240, 63, 91
2026/07/30 23:06:36.194, 0, NVIDIA GeForce RTX 3080, 5570, 4482, 10240, 63, 92
2026/07/30 23:06:36.306, 0, NVIDIA GeForce RTX 3080, 5570, 4482, 10240, 63, 92
2026/07/30 23:06:36.418, 0, NVIDIA GeForce RTX 3080, 5570, 4482, 10240, 63, 92
2026/07/30 23:06:36.530, 0, NVIDIA GeForce RTX 3080, 5570, 4482, 10240, 63, 92
2026/07/30 23:06:36.642, 0, NVIDIA GeForce RTX 3080, 5570, 4482, 10240, 63, 92
2026/07/30 23:06:36.753, 0, NVIDIA GeForce RTX 3080, 5570, 4482, 10240, 64, 95
2026/07/30 23:06:36.864, 0, NVIDIA GeForce RTX 3080, 5570, 4482, 10240, 64, 95
2026/07/30 23:06:36.973, 0, NVIDIA GeForce RTX 3080, 5570, 4482, 10240, 64, 95
2026/07/30 23:06:37.082, 0, NVIDIA GeForce RTX 3080, 5570, 4482, 10240, 64, 95
2026/07/30 23:06:37.192, 0, NVIDIA GeForce RTX 3080, 5570, 4482, 10240, 64, 94
2026/07/30 23:06:37.301, 0, NVIDIA GeForce RTX 3080, 5570, 4482, 10240, 64, 94
2026/07/30 23:06:37.413, 0, NVIDIA GeForce RTX 3080, 5570, 4482, 10240, 64, 94
2026/07/30 23:06:37.523, 0, NVIDIA GeForce RTX 3080, 5570, 4482, 10240, 64, 94
2026/07/30 23:06:37.635, 0, NVIDIA GeForce RTX 3080, 5570, 4482, 10240, 64, 94
2026/07/30 23:06:37.747, 0, NVIDIA GeForce RTX 3080, 5570, 4482, 10240, 66, 97
2026/07/30 23:06:37.859, 0, NVIDIA GeForce RTX 3080, 5570, 4482, 10240, 66, 97
2026/07/30 23:06:37.971, 0, NVIDIA GeForce RTX 3080, 5570, 4482, 10240, 66, 97
2026/07/30 23:06:38.082, 0, NVIDIA GeForce RTX 3080, 5570, 4482, 10240, 66, 97
2026/07/30 23:06:38.194, 0, NVIDIA GeForce RTX 3080, 5570, 4482, 10240, 63, 93
2026/07/30 23:06:38.306, 0, NVIDIA GeForce RTX 3080, 5570, 4482, 10240, 63, 93
2026/07/30 23:06:38.418, 0, NVIDIA GeForce RTX 3080, 5570, 4482, 10240, 63, 93
2026/07/30 23:06:38.530, 0, NVIDIA GeForce RTX 3080, 5570, 4482, 10240, 63, 93
2026/07/30 23:06:38.642, 0, NVIDIA GeForce RTX 3080, 5570, 4482, 10240, 63, 93
2026/07/30 23:06:38.753, 0, NVIDIA GeForce RTX 3080, 5570, 4482, 10240, 64, 94
2026/07/30 23:06:38.864, 0, NVIDIA GeForce RTX 3080, 5570, 4482, 10240, 64, 94
2026/07/30 23:06:38.976, 0, NVIDIA GeForce RTX 3080, 5570, 4482, 10240, 64, 94
2026/07/30 23:06:39.086, 0, NVIDIA GeForce RTX 3080, 5570, 4482, 10240, 64, 94
2026/07/30 23:06:39.196, 0, NVIDIA GeForce RTX 3080, 5570, 4482, 10240, 66, 97
2026/07/30 23:06:39.308, 0, NVIDIA GeForce RTX 3080, 5570, 4482, 10240, 66, 97
2026/07/30 23:06:39.420, 0, NVIDIA GeForce RTX 3080, 5570, 4482, 10240, 66, 97
2026/07/30 23:06:39.532, 0, NVIDIA GeForce RTX 3080, 5570, 4482, 10240, 66, 97
2026/07/30 23:06:39.644, 0, NVIDIA GeForce RTX 3080, 5570, 4482, 10240, 66, 97
2026/07/30 23:06:39.756, 0, NVIDIA GeForce RTX 3080, 5570, 4482, 10240, 64, 94
2026/07/30 23:06:39.868, 0, NVIDIA GeForce RTX 3080, 5570, 4482, 10240, 64, 94
2026/07/30 23:06:39.980, 0, NVIDIA GeForce RTX 3080, 5570, 4482, 10240, 64, 94
2026/07/30 23:06:40.091, 0, NVIDIA GeForce RTX 3080, 5570, 4482, 10240, 64, 94
2026/07/30 23:06:40.204, 0, NVIDIA GeForce RTX 3080, 5570, 4482, 10240, 64, 94
2026/07/30 23:06:40.316, 0, NVIDIA GeForce RTX 3080, 5570, 4482, 10240, 64, 94
2026/07/30 23:06:40.428, 0, NVIDIA GeForce RTX 3080, 5570, 4482, 10240, 64, 94
2026/07/30 23:06:40.540, 0, NVIDIA GeForce RTX 3080, 5570, 4482, 10240, 64, 94
2026/07/30 23:06:40.651, 0, NVIDIA GeForce RTX 3080, 5570, 4482, 10240, 64, 94
2026/07/30 23:06:40.762, 0, NVIDIA GeForce RTX 3080, 5570, 4482, 10240, 66, 97
2026/07/30 23:06:40.874, 0, NVIDIA GeForce RTX 3080, 5570, 4482, 10240, 66, 97
2026/07/30 23:06:40.986, 0, NVIDIA GeForce RTX 3080, 5570, 4482, 10240, 66, 97
2026/07/30 23:06:41.098, 0, NVIDIA GeForce RTX 3080, 5570, 4482, 10240, 66, 97
2026/07/30 23:06:41.210, 0, NVIDIA GeForce RTX 3080, 6250, 3802, 10240, 63, 93
2026/07/30 23:06:41.320, 0, NVIDIA GeForce RTX 3080, 6250, 3802, 10240, 63, 93
2026/07/30 23:06:41.432, 0, NVIDIA GeForce RTX 3080, 6250, 3802, 10240, 63, 93
2026/07/30 23:06:41.544, 0, NVIDIA GeForce RTX 3080, 6250, 3802, 10240, 63, 93
2026/07/30 23:06:41.656, 0, NVIDIA GeForce RTX 3080, 6250, 3802, 10240, 63, 93
2026/07/30 23:06:41.766, 0, NVIDIA GeForce RTX 3080, 6250, 3802, 10240, 94, 95
2026/07/30 23:06:41.875, 0, NVIDIA GeForce RTX 3080, 6250, 3802, 10240, 94, 95
2026/07/30 23:06:41.985, 0, NVIDIA GeForce RTX 3080, 6250, 3802, 10240, 94, 95
2026/07/30 23:06:42.095, 0, NVIDIA GeForce RTX 3080, 6250, 3802, 10240, 94, 95
2026/07/30 23:06:42.205, 0, NVIDIA GeForce RTX 3080, 6250, 3802, 10240, 96, 97
2026/07/30 23:06:42.317, 0, NVIDIA GeForce RTX 3080, 6250, 3802, 10240, 96, 97
2026/07/30 23:06:42.428, 0, NVIDIA GeForce RTX 3080, 6250, 3802, 10240, 96, 97
2026/07/30 23:06:42.539, 0, NVIDIA GeForce RTX 3080, 6250, 3802, 10240, 96, 97
2026/07/30 23:06:42.651, 0, NVIDIA GeForce RTX 3080, 6250, 3802, 10240, 96, 97
2026/07/30 23:06:42.763, 0, NVIDIA GeForce RTX 3080, 6250, 3802, 10240, 97, 98
2026/07/30 23:06:42.874, 0, NVIDIA GeForce RTX 3080, 6250, 3802, 10240, 97, 98
2026/07/30 23:06:42.985, 0, NVIDIA GeForce RTX 3080, 6250, 3802, 10240, 97, 98
2026/07/30 23:06:43.096, 0, NVIDIA GeForce RTX 3080, 6250, 3802, 10240, 97, 98
2026/07/30 23:06:43.208, 0, NVIDIA GeForce RTX 3080, 6250, 3802, 10240, 94, 96
2026/07/30 23:06:43.320, 0, NVIDIA GeForce RTX 3080, 6250, 3802, 10240, 94, 96
2026/07/30 23:06:43.432, 0, NVIDIA GeForce RTX 3080, 6250, 3802, 10240, 94, 96
2026/07/30 23:06:43.544, 0, NVIDIA GeForce RTX 3080, 6250, 3802, 10240, 94, 96
2026/07/30 23:06:43.656, 0, NVIDIA GeForce RTX 3080, 6250, 3802, 10240, 94, 96
2026/07/30 23:06:43.768, 0, NVIDIA GeForce RTX 3080, 6250, 3802, 10240, 97, 98
2026/07/30 23:06:43.877, 0, NVIDIA GeForce RTX 3080, 6250, 3802, 10240, 97, 98
2026/07/30 23:06:43.989, 0, NVIDIA GeForce RTX 3080, 6250, 3802, 10240, 97, 98
2026/07/30 23:06:44.099, 0, NVIDIA GeForce RTX 3080, 6250, 3802, 10240, 97, 98
2026/07/30 23:06:44.211, 0, NVIDIA GeForce RTX 3080, 6250, 3802, 10240, 98, 98
2026/07/30 23:06:44.323, 0, NVIDIA GeForce RTX 3080, 6250, 3802, 10240, 98, 98
2026/07/30 23:06:44.434, 0, NVIDIA GeForce RTX 3080, 6250, 3802, 10240, 98, 98
2026/07/30 23:06:44.546, 0, NVIDIA GeForce RTX 3080, 6250, 3802, 10240, 98, 98
2026/07/30 23:06:44.658, 0, NVIDIA GeForce RTX 3080, 6250, 3802, 10240, 98, 98
2026/07/30 23:06:44.769, 0, NVIDIA GeForce RTX 3080, 6250, 3802, 10240, 98, 98
2026/07/30 23:06:44.881, 0, NVIDIA GeForce RTX 3080, 6250, 3802, 10240, 98, 98
2026/07/30 23:06:44.991, 0, NVIDIA GeForce RTX 3080, 6250, 3802, 10240, 98, 98
2026/07/30 23:06:45.103, 0, NVIDIA GeForce RTX 3080, 6250, 3802, 10240, 98, 98
2026/07/30 23:06:45.214, 0, NVIDIA GeForce RTX 3080, 6250, 3802, 10240, 95, 98
2026/07/30 23:06:45.325, 0, NVIDIA GeForce RTX 3080, 6250, 3802, 10240, 95, 98
2026/07/30 23:06:45.435, 0, NVIDIA GeForce RTX 3080, 6250, 3802, 10240, 95, 98
2026/07/30 23:06:45.547, 0, NVIDIA GeForce RTX 3080, 6250, 3802, 10240, 95, 98
2026/07/30 23:06:45.659, 0, NVIDIA GeForce RTX 3080, 6250, 3802, 10240, 95, 98
2026/07/30 23:06:45.771, 0, NVIDIA GeForce RTX 3080, 6250, 3802, 10240, 95, 98
2026/07/30 23:06:45.883, 0, NVIDIA GeForce RTX 3080, 6250, 3802, 10240, 95, 98
2026/07/30 23:06:45.995, 0, NVIDIA GeForce RTX 3080, 6250, 3802, 10240, 95, 98
2026/07/30 23:06:46.107, 0, NVIDIA GeForce RTX 3080, 6250, 3802, 10240, 95, 98
2026/07/30 23:06:46.219, 0, NVIDIA GeForce RTX 3080, 6250, 3802, 10240, 95, 98
2026/07/30 23:06:46.331, 0, NVIDIA GeForce RTX 3080, 6250, 3802, 10240, 95, 98
2026/07/30 23:06:46.443, 0, NVIDIA GeForce RTX 3080, 6250, 3802, 10240, 95, 98
2026/07/30 23:06:46.555, 0, NVIDIA GeForce RTX 3080, 6250, 3802, 10240, 95, 98
2026/07/30 23:06:46.667, 0, NVIDIA GeForce RTX 3080, 6250, 3802, 10240, 95, 98
2026/07/30 23:06:46.779, 0, NVIDIA GeForce RTX 3080, 6250, 3802, 10240, 95, 98
2026/07/30 23:06:46.890, 0, NVIDIA GeForce RTX 3080, 6250, 3802, 10240, 95, 98
2026/07/30 23:06:47.002, 0, NVIDIA GeForce RTX 3080, 6250, 3802, 10240, 95, 98
2026/07/30 23:06:47.114, 0, NVIDIA GeForce RTX 3080, 6250, 3802, 10240, 95, 98
2026/07/30 23:06:47.226, 0, NVIDIA GeForce RTX 3080, 6250, 3802, 10240, 96, 96
2026/07/30 23:06:47.337, 0, NVIDIA GeForce RTX 3080, 6250, 3802, 10240, 96, 96
2026/07/30 23:06:47.447, 0, NVIDIA GeForce RTX 3080, 6250, 3802, 10240, 96, 96
2026/07/30 23:06:47.559, 0, NVIDIA GeForce RTX 3080, 6250, 3802, 10240, 96, 96
2026/07/30 23:06:47.671, 0, NVIDIA GeForce RTX 3080, 6250, 3802, 10240, 96, 96
2026/07/30 23:06:47.783, 0, NVIDIA GeForce RTX 3080, 6250, 3802, 10240, 95, 96
2026/07/30 23:06:47.895, 0, NVIDIA GeForce RTX 3080, 6250, 3802, 10240, 95, 96
2026/07/30 23:06:48.007, 0, NVIDIA GeForce RTX 3080, 6250, 3802, 10240, 95, 96
2026/07/30 23:06:48.119, 0, NVIDIA GeForce RTX 3080, 6250, 3802, 10240, 95, 96
2026/07/30 23:06:48.230, 0, NVIDIA GeForce RTX 3080, 6250, 3802, 10240, 97, 98
2026/07/30 23:06:48.342, 0, NVIDIA GeForce RTX 3080, 6250, 3802, 10240, 97, 98
2026/07/30 23:06:48.454, 0, NVIDIA GeForce RTX 3080, 6250, 3802, 10240, 97, 98
2026/07/30 23:06:48.566, 0, NVIDIA GeForce RTX 3080, 6250, 3802, 10240, 97, 98
2026/07/30 23:06:48.678, 0, NVIDIA GeForce RTX 3080, 6250, 3802, 10240, 97, 98
2026/07/30 23:06:48.790, 0, NVIDIA GeForce RTX 3080, 6250, 3802, 10240, 97, 98
2026/07/30 23:06:48.902, 0, NVIDIA GeForce RTX 3080, 6250, 3802, 10240, 97, 98
2026/07/30 23:06:49.014, 0, NVIDIA GeForce RTX 3080, 6250, 3802, 10240, 97, 98
2026/07/30 23:06:49.126, 0, NVIDIA GeForce RTX 3080, 6250, 3802, 10240, 97, 98
2026/07/30 23:06:49.237, 0, NVIDIA GeForce RTX 3080, 6250, 3802, 10240, 95, 98
2026/07/30 23:06:49.349, 0, NVIDIA GeForce RTX 3080, 6250, 3802, 10240, 95, 98
2026/07/30 23:06:49.460, 0, NVIDIA GeForce RTX 3080, 6250, 3802, 10240, 95, 98
2026/07/30 23:06:49.572, 0, NVIDIA GeForce RTX 3080, 6250, 3802, 10240, 95, 98
2026/07/30 23:06:49.684, 0, NVIDIA GeForce RTX 3080, 6250, 3802, 10240, 95, 98
2026/07/30 23:06:49.797, 0, NVIDIA GeForce RTX 3080, 6250, 3802, 10240, 95, 98
2026/07/30 23:06:49.907, 0, NVIDIA GeForce RTX 3080, 6250, 3802, 10240, 95, 98
2026/07/30 23:06:50.016, 0, NVIDIA GeForce RTX 3080, 6250, 3802, 10240, 95, 98
2026/07/30 23:06:50.126, 0, NVIDIA GeForce RTX 3080, 6250, 3802, 10240, 95, 98
2026/07/30 23:06:50.236, 0, NVIDIA GeForce RTX 3080, 6250, 3802, 10240, 96, 98
2026/07/30 23:06:50.345, 0, NVIDIA GeForce RTX 3080, 6250, 3802, 10240, 96, 98
2026/07/30 23:06:50.454, 0, NVIDIA GeForce RTX 3080, 6250, 3802, 10240, 96, 98
2026/07/30 23:06:50.565, 0, NVIDIA GeForce RTX 3080, 6250, 3802, 10240, 96, 98
2026/07/30 23:06:50.677, 0, NVIDIA GeForce RTX 3080, 6250, 3802, 10240, 96, 98
2026/07/30 23:06:50.789, 0, NVIDIA GeForce RTX 3080, 6250, 3802, 10240, 95, 98
2026/07/30 23:06:50.901, 0, NVIDIA GeForce RTX 3080, 6250, 3802, 10240, 95, 98
2026/07/30 23:06:51.013, 0, NVIDIA GeForce RTX 3080, 6250, 3802, 10240, 95, 98
2026/07/30 23:06:51.125, 0, NVIDIA GeForce RTX 3080, 6250, 3802, 10240, 95, 98
2026/07/30 23:06:51.237, 0, NVIDIA GeForce RTX 3080, 6250, 3802, 10240, 97, 97
2026/07/30 23:06:51.349, 0, NVIDIA GeForce RTX 3080, 6250, 3802, 10240, 97, 97
2026/07/30 23:06:51.461, 0, NVIDIA GeForce RTX 3080, 6250, 3802, 10240, 97, 97
2026/07/30 23:06:51.573, 0, NVIDIA GeForce RTX 3080, 6250, 3802, 10240, 97, 97
2026/07/30 23:06:51.685, 0, NVIDIA GeForce RTX 3080, 6250, 3802, 10240, 97, 98
2026/07/30 23:06:51.797, 0, NVIDIA GeForce RTX 3080, 6250, 3802, 10240, 97, 98
2026/07/30 23:06:51.909, 0, NVIDIA GeForce RTX 3080, 6250, 3802, 10240, 97, 98
2026/07/30 23:06:52.021, 0, NVIDIA GeForce RTX 3080, 6250, 3802, 10240, 97, 98
2026/07/30 23:06:52.133, 0, NVIDIA GeForce RTX 3080, 6250, 3802, 10240, 97, 98
2026/07/30 23:06:52.244, 0, NVIDIA GeForce RTX 3080, 6250, 3802, 10240, 97, 98
2026/07/30 23:06:52.356, 0, NVIDIA GeForce RTX 3080, 6250, 3802, 10240, 97, 98
2026/07/30 23:06:52.468, 0, NVIDIA GeForce RTX 3080, 6250, 3802, 10240, 97, 98
2026/07/30 23:06:52.580, 0, NVIDIA GeForce RTX 3080, 6250, 3802, 10240, 97, 98
2026/07/30 23:06:52.691, 0, NVIDIA GeForce RTX 3080, 6250, 3802, 10240, 97, 98
2026/07/30 23:06:52.803, 0, NVIDIA GeForce RTX 3080, 6250, 3802, 10240, 97, 98
2026/07/30 23:06:52.915, 0, NVIDIA GeForce RTX 3080, 6250, 3802, 10240, 97, 98
2026/07/30 23:06:53.027, 0, NVIDIA GeForce RTX 3080, 6250, 3802, 10240, 97, 98
2026/07/30 23:06:53.139, 0, NVIDIA GeForce RTX 3080, 6250, 3802, 10240, 97, 98
2026/07/30 23:06:53.251, 0, NVIDIA GeForce RTX 3080, 6250, 3802, 10240, 94, 96
2026/07/30 23:06:53.363, 0, NVIDIA GeForce RTX 3080, 6250, 3802, 10240, 94, 96
2026/07/30 23:06:53.475, 0, NVIDIA GeForce RTX 3080, 6250, 3802, 10240, 94, 96
2026/07/30 23:06:53.587, 0, NVIDIA GeForce RTX 3080, 6250, 3802, 10240, 94, 96
2026/07/30 23:06:53.699, 0, NVIDIA GeForce RTX 3080, 6250, 3802, 10240, 96, 98
2026/07/30 23:06:53.811, 0, NVIDIA GeForce RTX 3080, 6250, 3802, 10240, 96, 98
2026/07/30 23:06:53.923, 0, NVIDIA GeForce RTX 3080, 6250, 3802, 10240, 96, 98
2026/07/30 23:06:54.035, 0, NVIDIA GeForce RTX 3080, 6250, 3802, 10240, 96, 98
2026/07/30 23:06:54.147, 0, NVIDIA GeForce RTX 3080, 6250, 3802, 10240, 96, 98
2026/07/30 23:06:54.257, 0, NVIDIA GeForce RTX 3080, 6250, 3802, 10240, 95, 98
2026/07/30 23:06:54.368, 0, NVIDIA GeForce RTX 3080, 6250, 3802, 10240, 95, 98
2026/07/30 23:06:54.479, 0, NVIDIA GeForce RTX 3080, 6250, 3802, 10240, 95, 98
2026/07/30 23:06:54.590, 0, NVIDIA GeForce RTX 3080, 6250, 3802, 10240, 95, 98
2026/07/30 23:06:54.702, 0, NVIDIA GeForce RTX 3080, 6250, 3802, 10240, 95, 98
2026/07/30 23:06:54.814, 0, NVIDIA GeForce RTX 3080, 6250, 3802, 10240, 95, 98
2026/07/30 23:06:54.923, 0, NVIDIA GeForce RTX 3080, 6250, 3802, 10240, 95, 98
2026/07/30 23:06:55.032, 0, NVIDIA GeForce RTX 3080, 6250, 3802, 10240, 95, 98
2026/07/30 23:06:55.142, 0, NVIDIA GeForce RTX 3080, 6250, 3802, 10240, 95, 98
2026/07/30 23:06:55.251, 0, NVIDIA GeForce RTX 3080, 6250, 3802, 10240, 94, 97
2026/07/30 23:06:55.360, 0, NVIDIA GeForce RTX 3080, 6250, 3802, 10240, 94, 97
2026/07/30 23:06:55.469, 0, NVIDIA GeForce RTX 3080, 6250, 3802, 10240, 94, 97
2026/07/30 23:06:55.580, 0, NVIDIA GeForce RTX 3080, 6250, 3802, 10240, 94, 97
2026/07/30 23:06:55.692, 0, NVIDIA GeForce RTX 3080, 6250, 3802, 10240, 96, 98
2026/07/30 23:06:55.804, 0, NVIDIA GeForce RTX 3080, 6250, 3802, 10240, 96, 98
2026/07/30 23:06:55.914, 0, NVIDIA GeForce RTX 3080, 6250, 3802, 10240, 96, 98
2026/07/30 23:06:56.026, 0, NVIDIA GeForce RTX 3080, 6250, 3802, 10240, 96, 98
2026/07/30 23:06:56.138, 0, NVIDIA GeForce RTX 3080, 6250, 3802, 10240, 96, 98
2026/07/30 23:06:56.250, 0, NVIDIA GeForce RTX 3080, 6250, 3802, 10240, 96, 97
2026/07/30 23:06:56.362, 0, NVIDIA GeForce RTX 3080, 6250, 3802, 10240, 96, 97
2026/07/30 23:06:56.474, 0, NVIDIA GeForce RTX 3080, 6250, 3802, 10240, 96, 97
2026/07/30 23:06:56.586, 0, NVIDIA GeForce RTX 3080, 6250, 3802, 10240, 96, 97
2026/07/30 23:06:56.699, 0, NVIDIA GeForce RTX 3080, 6250, 3802, 10240, 96, 97
2026/07/30 23:06:56.811, 0, NVIDIA GeForce RTX 3080, 6250, 3802, 10240, 96, 97
2026/07/30 23:06:56.921, 0, NVIDIA GeForce RTX 3080, 6250, 3802, 10240, 96, 97
2026/07/30 23:06:57.030, 0, NVIDIA GeForce RTX 3080, 6250, 3802, 10240, 96, 97
2026/07/30 23:06:57.139, 0, NVIDIA GeForce RTX 3080, 6250, 3802, 10240, 96, 97
2026/07/30 23:06:57.249, 0, NVIDIA GeForce RTX 3080, 6250, 3802, 10240, 95, 96
2026/07/30 23:06:57.360, 0, NVIDIA GeForce RTX 3080, 6250, 3802, 10240, 95, 96
2026/07/30 23:06:57.472, 0, NVIDIA GeForce RTX 3080, 6250, 3802, 10240, 95, 96
2026/07/30 23:06:57.582, 0, NVIDIA GeForce RTX 3080, 6250, 3802, 10240, 95, 96
2026/07/30 23:06:57.694, 0, NVIDIA GeForce RTX 3080, 6250, 3802, 10240, 98, 98
2026/07/30 23:06:57.807, 0, NVIDIA GeForce RTX 3080, 6250, 3802, 10240, 98, 98
2026/07/30 23:06:57.919, 0, NVIDIA GeForce RTX 3080, 6250, 3802, 10240, 98, 98
2026/07/30 23:06:58.031, 0, NVIDIA GeForce RTX 3080, 6250, 3802, 10240, 98, 98
2026/07/30 23:06:58.143, 0, NVIDIA GeForce RTX 3080, 6250, 3802, 10240, 98, 98
2026/07/30 23:06:58.254, 0, NVIDIA GeForce RTX 3080, 6250, 3802, 10240, 98, 98
2026/07/30 23:06:58.366, 0, NVIDIA GeForce RTX 3080, 6250, 3802, 10240, 98, 98
2026/07/30 23:06:58.478, 0, NVIDIA GeForce RTX 3080, 6250, 3802, 10240, 98, 98
2026/07/30 23:06:58.589, 0, NVIDIA GeForce RTX 3080, 6250, 3802, 10240, 98, 98
2026/07/30 23:06:58.701, 0, NVIDIA GeForce RTX 3080, 6250, 3802, 10240, 98, 98
2026/07/30 23:06:58.813, 0, NVIDIA GeForce RTX 3080, 6250, 3802, 10240, 98, 98
2026/07/30 23:06:58.924, 0, NVIDIA GeForce RTX 3080, 6250, 3802, 10240, 98, 98
2026/07/30 23:06:59.036, 0, NVIDIA GeForce RTX 3080, 6250, 3802, 10240, 98, 98
2026/07/30 23:06:59.148, 0, NVIDIA GeForce RTX 3080, 6250, 3802, 10240, 98, 98
2026/07/30 23:06:59.260, 0, NVIDIA GeForce RTX 3080, 6250, 3802, 10240, 95, 98
2026/07/30 23:06:59.372, 0, NVIDIA GeForce RTX 3080, 6250, 3802, 10240, 95, 98
2026/07/30 23:06:59.484, 0, NVIDIA GeForce RTX 3080, 6250, 3802, 10240, 95, 98
2026/07/30 23:06:59.596, 0, NVIDIA GeForce RTX 3080, 6250, 3802, 10240, 95, 98
2026/07/30 23:06:59.708, 0, NVIDIA GeForce RTX 3080, 6250, 3802, 10240, 94, 97
2026/07/30 23:06:59.819, 0, NVIDIA GeForce RTX 3080, 6250, 3802, 10240, 94, 97
2026/07/30 23:06:59.931, 0, NVIDIA GeForce RTX 3080, 6250, 3802, 10240, 94, 97
2026/07/30 23:07:00.043, 0, NVIDIA GeForce RTX 3080, 6250, 3802, 10240, 94, 97
2026/07/30 23:07:00.155, 0, NVIDIA GeForce RTX 3080, 6250, 3802, 10240, 94, 97
2026/07/30 23:07:00.267, 0, NVIDIA GeForce RTX 3080, 6250, 3802, 10240, 95, 97
2026/07/30 23:07:00.379, 0, NVIDIA GeForce RTX 3080, 6250, 3802, 10240, 95, 97
2026/07/30 23:07:00.491, 0, NVIDIA GeForce RTX 3080, 6250, 3802, 10240, 95, 97
2026/07/30 23:07:00.603, 0, NVIDIA GeForce RTX 3080, 6250, 3802, 10240, 95, 97
2026/07/30 23:07:00.714, 0, NVIDIA GeForce RTX 3080, 6250, 3802, 10240, 95, 98
2026/07/30 23:07:00.826, 0, NVIDIA GeForce RTX 3080, 6250, 3802, 10240, 95, 98
2026/07/30 23:07:00.938, 0, NVIDIA GeForce RTX 3080, 6250, 3802, 10240, 95, 98
2026/07/30 23:07:01.050, 0, NVIDIA GeForce RTX 3080, 6250, 3802, 10240, 95, 98
2026/07/30 23:07:01.163, 0, NVIDIA GeForce RTX 3080, 6250, 3802, 10240, 95, 98
2026/07/30 23:07:01.275, 0, NVIDIA GeForce RTX 3080, 6250, 3802, 10240, 97, 98
2026/07/30 23:07:01.386, 0, NVIDIA GeForce RTX 3080, 6250, 3802, 10240, 97, 98
2026/07/30 23:07:01.498, 0, NVIDIA GeForce RTX 3080, 6250, 3802, 10240, 97, 98
2026/07/30 23:07:01.610, 0, NVIDIA GeForce RTX 3080, 6250, 3802, 10240, 97, 98
2026/07/30 23:07:01.722, 0, NVIDIA GeForce RTX 3080, 6250, 3802, 10240, 96, 97
2026/07/30 23:07:01.834, 0, NVIDIA GeForce RTX 3080, 6250, 3802, 10240, 96, 97
2026/07/30 23:07:01.943, 0, NVIDIA GeForce RTX 3080, 6250, 3802, 10240, 96, 97
2026/07/30 23:07:02.053, 0, NVIDIA GeForce RTX 3080, 6250, 3802, 10240, 96, 97
2026/07/30 23:07:02.162, 0, NVIDIA GeForce RTX 3080, 6250, 3802, 10240, 96, 97
2026/07/30 23:07:02.274, 0, NVIDIA GeForce RTX 3080, 6250, 3802, 10240, 97, 98
2026/07/30 23:07:02.386, 0, NVIDIA GeForce RTX 3080, 6250, 3802, 10240, 97, 98
2026/07/30 23:07:02.498, 0, NVIDIA GeForce RTX 3080, 6250, 3802, 10240, 97, 98
2026/07/30 23:07:02.609, 0, NVIDIA GeForce RTX 3080, 6250, 3802, 10240, 97, 98
2026/07/30 23:07:02.720, 0, NVIDIA GeForce RTX 3080, 6250, 3802, 10240, 97, 97
2026/07/30 23:07:02.831, 0, NVIDIA GeForce RTX 3080, 6250, 3802, 10240, 97, 97
2026/07/30 23:07:02.942, 0, NVIDIA GeForce RTX 3080, 6250, 3802, 10240, 97, 97
2026/07/30 23:07:03.054, 0, NVIDIA GeForce RTX 3080, 6250, 3802, 10240, 97, 97
2026/07/30 23:07:03.166, 0, NVIDIA GeForce RTX 3080, 6250, 3802, 10240, 97, 97
2026/07/30 23:07:03.278, 0, NVIDIA GeForce RTX 3080, 6250, 3802, 10240, 96, 98
2026/07/30 23:07:03.391, 0, NVIDIA GeForce RTX 3080, 6250, 3802, 10240, 96, 98
2026/07/30 23:07:03.502, 0, NVIDIA GeForce RTX 3080, 6250, 3802, 10240, 96, 98
2026/07/30 23:07:03.613, 0, NVIDIA GeForce RTX 3080, 6250, 3802, 10240, 96, 98
2026/07/30 23:07:03.725, 0, NVIDIA GeForce RTX 3080, 6250, 3802, 10240, 96, 98
2026/07/30 23:07:03.836, 0, NVIDIA GeForce RTX 3080, 6250, 3802, 10240, 96, 98
2026/07/30 23:07:03.948, 0, NVIDIA GeForce RTX 3080, 6250, 3802, 10240, 96, 98
2026/07/30 23:07:04.060, 0, NVIDIA GeForce RTX 3080, 6250, 3802, 10240, 96, 98
2026/07/30 23:07:04.172, 0, NVIDIA GeForce RTX 3080, 6250, 3802, 10240, 96, 98
2026/07/30 23:07:04.284, 0, NVIDIA GeForce RTX 3080, 6250, 3802, 10240, 96, 98
2026/07/30 23:07:04.396, 0, NVIDIA GeForce RTX 3080, 6250, 3802, 10240, 96, 98
2026/07/30 23:07:04.508, 0, NVIDIA GeForce RTX 3080, 6250, 3802, 10240, 96, 98
2026/07/30 23:07:04.620, 0, NVIDIA GeForce RTX 3080, 6250, 3802, 10240, 96, 98
2026/07/30 23:07:04.732, 0, NVIDIA GeForce RTX 3080, 6250, 3802, 10240, 95, 98
2026/07/30 23:07:04.844, 0, NVIDIA GeForce RTX 3080, 6250, 3802, 10240, 95, 98
2026/07/30 23:07:04.955, 0, NVIDIA GeForce RTX 3080, 6250, 3802, 10240, 95, 98
2026/07/30 23:07:05.067, 0, NVIDIA GeForce RTX 3080, 6250, 3802, 10240, 95, 98
2026/07/30 23:07:05.179, 0, NVIDIA GeForce RTX 3080, 6250, 3802, 10240, 95, 98
2026/07/30 23:07:05.291, 0, NVIDIA GeForce RTX 3080, 6250, 3802, 10240, 97, 98
2026/07/30 23:07:05.403, 0, NVIDIA GeForce RTX 3080, 6250, 3802, 10240, 97, 98
2026/07/30 23:07:05.515, 0, NVIDIA GeForce RTX 3080, 6250, 3802, 10240, 97, 98
2026/07/30 23:07:05.627, 0, NVIDIA GeForce RTX 3080, 6250, 3802, 10240, 97, 98
2026/07/30 23:07:05.739, 0, NVIDIA GeForce RTX 3080, 6250, 3802, 10240, 97, 98
2026/07/30 23:07:05.851, 0, NVIDIA GeForce RTX 3080, 6250, 3802, 10240, 97, 98
2026/07/30 23:07:05.963, 0, NVIDIA GeForce RTX 3080, 6250, 3802, 10240, 97, 98
2026/07/30 23:07:06.075, 0, NVIDIA GeForce RTX 3080, 6250, 3802, 10240, 97, 98
2026/07/30 23:07:06.187, 0, NVIDIA GeForce RTX 3080, 6250, 3802, 10240, 97, 98
2026/07/30 23:07:06.299, 0, NVIDIA GeForce RTX 3080, 6250, 3802, 10240, 97, 98
2026/07/30 23:07:06.411, 0, NVIDIA GeForce RTX 3080, 6250, 3802, 10240, 97, 98
2026/07/30 23:07:06.523, 0, NVIDIA GeForce RTX 3080, 6250, 3802, 10240, 97, 98
2026/07/30 23:07:06.634, 0, NVIDIA GeForce RTX 3080, 6250, 3802, 10240, 97, 98
2026/07/30 23:07:06.746, 0, NVIDIA GeForce RTX 3080, 6250, 3802, 10240, 97, 98
2026/07/30 23:07:06.858, 0, NVIDIA GeForce RTX 3080, 6250, 3802, 10240, 97, 98
2026/07/30 23:07:06.969, 0, NVIDIA GeForce RTX 3080, 6250, 3802, 10240, 97, 98
2026/07/30 23:07:07.080, 0, NVIDIA GeForce RTX 3080, 6250, 3802, 10240, 97, 98
2026/07/30 23:07:07.192, 0, NVIDIA GeForce RTX 3080, 6250, 3802, 10240, 93, 96
2026/07/30 23:07:07.304, 0, NVIDIA GeForce RTX 3080, 6250, 3802, 10240, 93, 96
2026/07/30 23:07:07.415, 0, NVIDIA GeForce RTX 3080, 6250, 3802, 10240, 93, 96
2026/07/30 23:07:07.527, 0, NVIDIA GeForce RTX 3080, 6250, 3802, 10240, 93, 96
2026/07/30 23:07:07.639, 0, NVIDIA GeForce RTX 3080, 6250, 3802, 10240, 93, 96
2026/07/30 23:07:07.750, 0, NVIDIA GeForce RTX 3080, 6250, 3802, 10240, 95, 98
2026/07/30 23:07:07.862, 0, NVIDIA GeForce RTX 3080, 6250, 3802, 10240, 95, 98
2026/07/30 23:07:07.971, 0, NVIDIA GeForce RTX 3080, 6250, 3802, 10240, 95, 98
2026/07/30 23:07:08.081, 0, NVIDIA GeForce RTX 3080, 6250, 3802, 10240, 95, 98
2026/07/30 23:07:08.190, 0, NVIDIA GeForce RTX 3080, 6250, 3802, 10240, 95, 98
2026/07/30 23:07:08.300, 0, NVIDIA GeForce RTX 3080, 6250, 3802, 10240, 95, 98
2026/07/30 23:07:08.409, 0, NVIDIA GeForce RTX 3080, 6250, 3802, 10240, 95, 98
2026/07/30 23:07:08.517, 0, NVIDIA GeForce RTX 3080, 6250, 3802, 10240, 95, 98
2026/07/30 23:07:08.627, 0, NVIDIA GeForce RTX 3080, 6250, 3802, 10240, 95, 98
2026/07/30 23:07:08.736, 0, NVIDIA GeForce RTX 3080, 6250, 3802, 10240, 95, 98
2026/07/30 23:07:08.848, 0, NVIDIA GeForce RTX 3080, 6250, 3802, 10240, 95, 98
2026/07/30 23:07:08.960, 0, NVIDIA GeForce RTX 3080, 6250, 3802, 10240, 95, 98
2026/07/30 23:07:09.069, 0, NVIDIA GeForce RTX 3080, 6250, 3802, 10240, 95, 98
2026/07/30 23:07:09.180, 0, NVIDIA GeForce RTX 3080, 6250, 3802, 10240, 95, 98
2026/07/30 23:07:09.292, 0, NVIDIA GeForce RTX 3080, 6250, 3802, 10240, 96, 98
2026/07/30 23:07:09.404, 0, NVIDIA GeForce RTX 3080, 6250, 3802, 10240, 96, 98
2026/07/30 23:07:09.516, 0, NVIDIA GeForce RTX 3080, 6250, 3802, 10240, 96, 98
2026/07/30 23:07:09.628, 0, NVIDIA GeForce RTX 3080, 6250, 3802, 10240, 96, 98
2026/07/30 23:07:09.740, 0, NVIDIA GeForce RTX 3080, 6250, 3802, 10240, 96, 97
2026/07/30 23:07:09.852, 0, NVIDIA GeForce RTX 3080, 6250, 3802, 10240, 96, 97
2026/07/30 23:07:09.961, 0, NVIDIA GeForce RTX 3080, 6250, 3802, 10240, 96, 97
2026/07/30 23:07:10.069, 0, NVIDIA GeForce RTX 3080, 6250, 3802, 10240, 96, 97
2026/07/30 23:07:10.177, 0, NVIDIA GeForce RTX 3080, 6250, 3802, 10240, 96, 97
2026/07/30 23:07:10.287, 0, NVIDIA GeForce RTX 3080, 6250, 3802, 10240, 96, 97
2026/07/30 23:07:10.397, 0, NVIDIA GeForce RTX 3080, 6250, 3802, 10240, 96, 97
2026/07/30 23:07:10.506, 0, NVIDIA GeForce RTX 3080, 6250, 3802, 10240, 96, 97
2026/07/30 23:07:10.616, 0, NVIDIA GeForce RTX 3080, 6250, 3802, 10240, 96, 97
2026/07/30 23:07:10.728, 0, NVIDIA GeForce RTX 3080, 6250, 3802, 10240, 96, 97
2026/07/30 23:07:10.840, 0, NVIDIA GeForce RTX 3080, 6250, 3802, 10240, 96, 97
2026/07/30 23:07:10.952, 0, NVIDIA GeForce RTX 3080, 6250, 3802, 10240, 96, 97
2026/07/30 23:07:11.064, 0, NVIDIA GeForce RTX 3080, 6250, 3802, 10240, 96, 97
2026/07/30 23:07:11.175, 0, NVIDIA GeForce RTX 3080, 6250, 3802, 10240, 96, 97
2026/07/30 23:07:11.287, 0, NVIDIA GeForce RTX 3080, 6250, 3802, 10240, 94, 96
2026/07/30 23:07:11.397, 0, NVIDIA GeForce RTX 3080, 6250, 3802, 10240, 94, 96
2026/07/30 23:07:11.508, 0, NVIDIA GeForce RTX 3080, 6250, 3802, 10240, 94, 96
2026/07/30 23:07:11.620, 0, NVIDIA GeForce RTX 3080, 6250, 3802, 10240, 94, 96
2026/07/30 23:07:11.731, 0, NVIDIA GeForce RTX 3080, 6250, 3802, 10240, 98, 98
2026/07/30 23:07:11.843, 0, NVIDIA GeForce RTX 3080, 6250, 3802, 10240, 98, 98
2026/07/30 23:07:11.956, 0, NVIDIA GeForce RTX 3080, 6250, 3802, 10240, 98, 98
2026/07/30 23:07:12.068, 0, NVIDIA GeForce RTX 3080, 6250, 3802, 10240, 98, 98
2026/07/30 23:07:12.180, 0, NVIDIA GeForce RTX 3080, 6250, 3802, 10240, 98, 98
2026/07/30 23:07:12.292, 0, NVIDIA GeForce RTX 3080, 6250, 3802, 10240, 98, 97
2026/07/30 23:07:12.404, 0, NVIDIA GeForce RTX 3080, 6250, 3802, 10240, 98, 97
2026/07/30 23:07:12.516, 0, NVIDIA GeForce RTX 3080, 6250, 3802, 10240, 98, 97
2026/07/30 23:07:12.627, 0, NVIDIA GeForce RTX 3080, 6250, 3802, 10240, 98, 97
2026/07/30 23:07:12.739, 0, NVIDIA GeForce RTX 3080, 6250, 3802, 10240, 98, 97
2026/07/30 23:07:12.850, 0, NVIDIA GeForce RTX 3080, 6250, 3802, 10240, 98, 97
2026/07/30 23:07:12.962, 0, NVIDIA GeForce RTX 3080, 6250, 3802, 10240, 98, 97
2026/07/30 23:07:13.074, 0, NVIDIA GeForce RTX 3080, 6250, 3802, 10240, 98, 97
2026/07/30 23:07:13.186, 0, NVIDIA GeForce RTX 3080, 6250, 3802, 10240, 96, 98
2026/07/30 23:07:13.298, 0, NVIDIA GeForce RTX 3080, 6250, 3802, 10240, 96, 98
2026/07/30 23:07:13.410, 0, NVIDIA GeForce RTX 3080, 6250, 3802, 10240, 96, 98
2026/07/30 23:07:13.522, 0, NVIDIA GeForce RTX 3080, 6250, 3802, 10240, 96, 98
2026/07/30 23:07:13.634, 0, NVIDIA GeForce RTX 3080, 6250, 3802, 10240, 96, 98
2026/07/30 23:07:13.746, 0, NVIDIA GeForce RTX 3080, 6250, 3802, 10240, 96, 98
2026/07/30 23:07:13.858, 0, NVIDIA GeForce RTX 3080, 6250, 3802, 10240, 96, 98
2026/07/30 23:07:13.970, 0, NVIDIA GeForce RTX 3080, 6250, 3802, 10240, 96, 98
2026/07/30 23:07:14.082, 0, NVIDIA GeForce RTX 3080, 6250, 3802, 10240, 96, 98
2026/07/30 23:07:14.194, 0, NVIDIA GeForce RTX 3080, 6250, 3802, 10240, 95, 98
2026/07/30 23:07:14.306, 0, NVIDIA GeForce RTX 3080, 6250, 3802, 10240, 95, 98
2026/07/30 23:07:14.416, 0, NVIDIA GeForce RTX 3080, 6250, 3802, 10240, 95, 98
2026/07/30 23:07:14.528, 0, NVIDIA GeForce RTX 3080, 6250, 3802, 10240, 95, 98
2026/07/30 23:07:14.640, 0, NVIDIA GeForce RTX 3080, 6250, 3802, 10240, 95, 98
2026/07/30 23:07:14.752, 0, NVIDIA GeForce RTX 3080, 6250, 3802, 10240, 96, 98
2026/07/30 23:07:14.864, 0, NVIDIA GeForce RTX 3080, 6250, 3802, 10240, 96, 98
2026/07/30 23:07:14.974, 0, NVIDIA GeForce RTX 3080, 6250, 3802, 10240, 96, 98
2026/07/30 23:07:15.084, 0, NVIDIA GeForce RTX 3080, 6250, 3802, 10240, 96, 98
2026/07/30 23:07:15.194, 0, NVIDIA GeForce RTX 3080, 6250, 3802, 10240, 97, 97
2026/07/30 23:07:15.303, 0, NVIDIA GeForce RTX 3080, 6250, 3802, 10240, 97, 97
2026/07/30 23:07:15.412, 0, NVIDIA GeForce RTX 3080, 6250, 3802, 10240, 97, 97
2026/07/30 23:07:15.523, 0, NVIDIA GeForce RTX 3080, 6250, 3802, 10240, 97, 97
2026/07/30 23:07:15.636, 0, NVIDIA GeForce RTX 3080, 6250, 3802, 10240, 97, 97
2026/07/30 23:07:15.748, 0, NVIDIA GeForce RTX 3080, 6250, 3802, 10240, 97, 98
2026/07/30 23:07:15.860, 0, NVIDIA GeForce RTX 3080, 6250, 3802, 10240, 97, 98
2026/07/30 23:07:15.972, 0, NVIDIA GeForce RTX 3080, 6250, 3802, 10240, 97, 98
2026/07/30 23:07:16.084, 0, NVIDIA GeForce RTX 3080, 6250, 3802, 10240, 97, 98
2026/07/30 23:07:16.196, 0, NVIDIA GeForce RTX 3080, 6250, 3802, 10240, 96, 97
2026/07/30 23:07:16.307, 0, NVIDIA GeForce RTX 3080, 6250, 3802, 10240, 96, 97
2026/07/30 23:07:16.419, 0, NVIDIA GeForce RTX 3080, 6250, 3802, 10240, 96, 97
2026/07/30 23:07:16.531, 0, NVIDIA GeForce RTX 3080, 6250, 3802, 10240, 96, 97
2026/07/30 23:07:16.641, 0, NVIDIA GeForce RTX 3080, 6250, 3802, 10240, 96, 97
2026/07/30 23:07:16.753, 0, NVIDIA GeForce RTX 3080, 6250, 3802, 10240, 96, 97
2026/07/30 23:07:16.864, 0, NVIDIA GeForce RTX 3080, 6250, 3802, 10240, 96, 97
2026/07/30 23:07:16.974, 0, NVIDIA GeForce RTX 3080, 6250, 3802, 10240, 96, 97
2026/07/30 23:07:17.084, 0, NVIDIA GeForce RTX 3080, 6250, 3802, 10240, 96, 97
2026/07/30 23:07:17.194, 0, NVIDIA GeForce RTX 3080, 6250, 3802, 10240, 96, 98
2026/07/30 23:07:17.306, 0, NVIDIA GeForce RTX 3080, 6250, 3802, 10240, 96, 98
2026/07/30 23:07:17.418, 0, NVIDIA GeForce RTX 3080, 6250, 3802, 10240, 96, 98
2026/07/30 23:07:17.530, 0, NVIDIA GeForce RTX 3080, 6250, 3802, 10240, 96, 98
2026/07/30 23:07:17.642, 0, NVIDIA GeForce RTX 3080, 6250, 3802, 10240, 96, 98
2026/07/30 23:07:17.754, 0, NVIDIA GeForce RTX 3080, 6250, 3802, 10240, 96, 98
2026/07/30 23:07:17.866, 0, NVIDIA GeForce RTX 3080, 6250, 3802, 10240, 96, 98
2026/07/30 23:07:17.978, 0, NVIDIA GeForce RTX 3080, 6250, 3802, 10240, 96, 98
2026/07/30 23:07:18.090, 0, NVIDIA GeForce RTX 3080, 6250, 3802, 10240, 96, 98
2026/07/30 23:07:18.202, 0, NVIDIA GeForce RTX 3080, 6250, 3802, 10240, 95, 97
2026/07/30 23:07:18.314, 0, NVIDIA GeForce RTX 3080, 6250, 3802, 10240, 95, 97
2026/07/30 23:07:18.425, 0, NVIDIA GeForce RTX 3080, 6250, 3802, 10240, 95, 97
2026/07/30 23:07:18.536, 0, NVIDIA GeForce RTX 3080, 6250, 3802, 10240, 95, 97
2026/07/30 23:07:18.647, 0, NVIDIA GeForce RTX 3080, 6250, 3802, 10240, 95, 97
2026/07/30 23:07:18.759, 0, NVIDIA GeForce RTX 3080, 6250, 3802, 10240, 95, 97
2026/07/30 23:07:18.871, 0, NVIDIA GeForce RTX 3080, 6250, 3802, 10240, 95, 97
2026/07/30 23:07:18.983, 0, NVIDIA GeForce RTX 3080, 6250, 3802, 10240, 95, 97
2026/07/30 23:07:19.095, 0, NVIDIA GeForce RTX 3080, 6250, 3802, 10240, 95, 97
2026/07/30 23:07:19.207, 0, NVIDIA GeForce RTX 3080, 6250, 3802, 10240, 97, 98
2026/07/30 23:07:19.319, 0, NVIDIA GeForce RTX 3080, 6250, 3802, 10240, 97, 98
2026/07/30 23:07:19.430, 0, NVIDIA GeForce RTX 3080, 6250, 3802, 10240, 97, 98
2026/07/30 23:07:19.542, 0, NVIDIA GeForce RTX 3080, 6250, 3802, 10240, 97, 98
2026/07/30 23:07:19.654, 0, NVIDIA GeForce RTX 3080, 6250, 3802, 10240, 97, 98
2026/07/30 23:07:19.766, 0, NVIDIA GeForce RTX 3080, 6250, 3802, 10240, 97, 98
2026/07/30 23:07:19.878, 0, NVIDIA GeForce RTX 3080, 6250, 3802, 10240, 97, 98
2026/07/30 23:07:19.990, 0, NVIDIA GeForce RTX 3080, 6250, 3802, 10240, 97, 98
2026/07/30 23:07:20.102, 0, NVIDIA GeForce RTX 3080, 6250, 3802, 10240, 97, 98
2026/07/30 23:07:20.214, 0, NVIDIA GeForce RTX 3080, 6250, 3802, 10240, 97, 98
2026/07/30 23:07:20.326, 0, NVIDIA GeForce RTX 3080, 6250, 3802, 10240, 97, 98
2026/07/30 23:07:20.438, 0, NVIDIA GeForce RTX 3080, 6250, 3802, 10240, 97, 98
2026/07/30 23:07:20.550, 0, NVIDIA GeForce RTX 3080, 6250, 3802, 10240, 97, 98
2026/07/30 23:07:20.662, 0, NVIDIA GeForce RTX 3080, 6250, 3802, 10240, 97, 98
2026/07/30 23:07:20.774, 0, NVIDIA GeForce RTX 3080, 6250, 3802, 10240, 97, 98
2026/07/30 23:07:20.886, 0, NVIDIA GeForce RTX 3080, 6250, 3802, 10240, 97, 98
2026/07/30 23:07:20.998, 0, NVIDIA GeForce RTX 3080, 6250, 3802, 10240, 97, 98
2026/07/30 23:07:21.110, 0, NVIDIA GeForce RTX 3080, 6250, 3802, 10240, 97, 98
2026/07/30 23:07:21.221, 0, NVIDIA GeForce RTX 3080, 6250, 3802, 10240, 93, 96
2026/07/30 23:07:21.333, 0, NVIDIA GeForce RTX 3080, 6250, 3802, 10240, 93, 96
2026/07/30 23:07:21.445, 0, NVIDIA GeForce RTX 3080, 6250, 3802, 10240, 93, 96
2026/07/30 23:07:21.557, 0, NVIDIA GeForce RTX 3080, 6250, 3802, 10240, 93, 96
2026/07/30 23:07:21.669, 0, NVIDIA GeForce RTX 3080, 6250, 3802, 10240, 93, 96
2026/07/30 23:07:21.781, 0, NVIDIA GeForce RTX 3080, 6250, 3802, 10240, 95, 98
2026/07/30 23:07:21.893, 0, NVIDIA GeForce RTX 3080, 6250, 3802, 10240, 95, 98
2026/07/30 23:07:22.003, 0, NVIDIA GeForce RTX 3080, 6250, 3802, 10240, 95, 98
2026/07/30 23:07:22.114, 0, NVIDIA GeForce RTX 3080, 6250, 3802, 10240, 95, 98
2026/07/30 23:07:22.226, 0, NVIDIA GeForce RTX 3080, 6250, 3802, 10240, 96, 98
2026/07/30 23:07:22.336, 0, NVIDIA GeForce RTX 3080, 6250, 3802, 10240, 96, 98
2026/07/30 23:07:22.447, 0, NVIDIA GeForce RTX 3080, 6250, 3802, 10240, 96, 98
2026/07/30 23:07:22.560, 0, NVIDIA GeForce RTX 3080, 6250, 3802, 10240, 96, 98
2026/07/30 23:07:22.672, 0, NVIDIA GeForce RTX 3080, 6250, 3802, 10240, 96, 98
2026/07/30 23:07:22.784, 0, NVIDIA GeForce RTX 3080, 6250, 3802, 10240, 94, 97
2026/07/30 23:07:22.896, 0, NVIDIA GeForce RTX 3080, 6250, 3802, 10240, 94, 97
2026/07/30 23:07:23.008, 0, NVIDIA GeForce RTX 3080, 6250, 3802, 10240, 94, 97
2026/07/30 23:07:23.120, 0, NVIDIA GeForce RTX 3080, 6250, 3802, 10240, 94, 97
2026/07/30 23:07:23.232, 0, NVIDIA GeForce RTX 3080, 6250, 3802, 10240, 95, 98
2026/07/30 23:07:23.344, 0, NVIDIA GeForce RTX 3080, 6250, 3802, 10240, 95, 98
2026/07/30 23:07:23.456, 0, NVIDIA GeForce RTX 3080, 6250, 3802, 10240, 95, 98
2026/07/30 23:07:23.568, 0, NVIDIA GeForce RTX 3080, 6250, 3802, 10240, 95, 98
2026/07/30 23:07:23.680, 0, NVIDIA GeForce RTX 3080, 6250, 3802, 10240, 95, 98
2026/07/30 23:07:23.792, 0, NVIDIA GeForce RTX 3080, 6250, 3802, 10240, 97, 98
2026/07/30 23:07:23.904, 0, NVIDIA GeForce RTX 3080, 6250, 3802, 10240, 97, 98
2026/07/30 23:07:24.015, 0, NVIDIA GeForce RTX 3080, 6250, 3802, 10240, 97, 98
2026/07/30 23:07:24.127, 0, NVIDIA GeForce RTX 3080, 6250, 3802, 10240, 97, 98
2026/07/30 23:07:24.239, 0, NVIDIA GeForce RTX 3080, 6250, 3802, 10240, 97, 98
2026/07/30 23:07:24.351, 0, NVIDIA GeForce RTX 3080, 6250, 3802, 10240, 97, 98
2026/07/30 23:07:24.463, 0, NVIDIA GeForce RTX 3080, 6250, 3802, 10240, 97, 98
2026/07/30 23:07:24.575, 0, NVIDIA GeForce RTX 3080, 6250, 3802, 10240, 97, 98
2026/07/30 23:07:24.687, 0, NVIDIA GeForce RTX 3080, 6250, 3802, 10240, 97, 98
2026/07/30 23:07:24.799, 0, NVIDIA GeForce RTX 3080, 6250, 3802, 10240, 97, 98
2026/07/30 23:07:24.911, 0, NVIDIA GeForce RTX 3080, 6250, 3802, 10240, 97, 98
2026/07/30 23:07:25.023, 0, NVIDIA GeForce RTX 3080, 6250, 3802, 10240, 97, 98
2026/07/30 23:07:25.134, 0, NVIDIA GeForce RTX 3080, 6250, 3802, 10240, 97, 98
2026/07/30 23:07:25.246, 0, NVIDIA GeForce RTX 3080, 6250, 3802, 10240, 95, 96
2026/07/30 23:07:25.358, 0, NVIDIA GeForce RTX 3080, 6250, 3802, 10240, 95, 96
2026/07/30 23:07:25.470, 0, NVIDIA GeForce RTX 3080, 6250, 3802, 10240, 95, 96
2026/07/30 23:07:25.582, 0, NVIDIA GeForce RTX 3080, 6250, 3802, 10240, 95, 96
2026/07/30 23:07:25.694, 0, NVIDIA GeForce RTX 3080, 6250, 3802, 10240, 98, 98
2026/07/30 23:07:25.806, 0, NVIDIA GeForce RTX 3080, 6250, 3802, 10240, 98, 98
2026/07/30 23:07:25.918, 0, NVIDIA GeForce RTX 3080, 6250, 3802, 10240, 98, 98
2026/07/30 23:07:26.029, 0, NVIDIA GeForce RTX 3080, 6250, 3802, 10240, 98, 98
2026/07/30 23:07:26.140, 0, NVIDIA GeForce RTX 3080, 6250, 3802, 10240, 98, 98
2026/07/30 23:07:26.250, 0, NVIDIA GeForce RTX 3080, 6250, 3802, 10240, 98, 98
2026/07/30 23:07:26.362, 0, NVIDIA GeForce RTX 3080, 6250, 3802, 10240, 98, 98
2026/07/30 23:07:26.474, 0, NVIDIA GeForce RTX 3080, 6250, 3802, 10240, 98, 98
2026/07/30 23:07:26.585, 0, NVIDIA GeForce RTX 3080, 6250, 3802, 10240, 98, 98
2026/07/30 23:07:26.696, 0, NVIDIA GeForce RTX 3080, 6250, 3802, 10240, 98, 98
2026/07/30 23:07:26.807, 0, NVIDIA GeForce RTX 3080, 6250, 3802, 10240, 98, 98
2026/07/30 23:07:26.919, 0, NVIDIA GeForce RTX 3080, 6250, 3802, 10240, 98, 98
2026/07/30 23:07:27.030, 0, NVIDIA GeForce RTX 3080, 6250, 3802, 10240, 98, 98
2026/07/30 23:07:27.142, 0, NVIDIA GeForce RTX 3080, 6250, 3802, 10240, 98, 98
2026/07/30 23:07:27.254, 0, NVIDIA GeForce RTX 3080, 6250, 3802, 10240, 95, 98
2026/07/30 23:07:27.366, 0, NVIDIA GeForce RTX 3080, 6250, 3802, 10240, 95, 98
2026/07/30 23:07:27.478, 0, NVIDIA GeForce RTX 3080, 6250, 3802, 10240, 95, 98
2026/07/30 23:07:27.590, 0, NVIDIA GeForce RTX 3080, 6250, 3802, 10240, 95, 98
2026/07/30 23:07:27.702, 0, NVIDIA GeForce RTX 3080, 6250, 3802, 10240, 96, 98
2026/07/30 23:07:27.814, 0, NVIDIA GeForce RTX 3080, 6250, 3802, 10240, 96, 98
2026/07/30 23:07:27.926, 0, NVIDIA GeForce RTX 3080, 6250, 3802, 10240, 96, 98
2026/07/30 23:07:28.035, 0, NVIDIA GeForce RTX 3080, 6250, 3802, 10240, 96, 98
2026/07/30 23:07:28.144, 0, NVIDIA GeForce RTX 3080, 6250, 3802, 10240, 96, 98
2026/07/30 23:07:28.254, 0, NVIDIA GeForce RTX 3080, 6250, 3802, 10240, 96, 98
2026/07/30 23:07:28.362, 0, NVIDIA GeForce RTX 3080, 6250, 3802, 10240, 96, 98
2026/07/30 23:07:28.471, 0, NVIDIA GeForce RTX 3080, 6250, 3802, 10240, 96, 98
2026/07/30 23:07:28.581, 0, NVIDIA GeForce RTX 3080, 6250, 3802, 10240, 96, 98
2026/07/30 23:07:28.690, 0, NVIDIA GeForce RTX 3080, 6250, 3802, 10240, 94, 96
2026/07/30 23:07:28.801, 0, NVIDIA GeForce RTX 3080, 6250, 3802, 10240, 94, 96
2026/07/30 23:07:28.912, 0, NVIDIA GeForce RTX 3080, 6250, 3802, 10240, 94, 96
2026/07/30 23:07:29.024, 0, NVIDIA GeForce RTX 3080, 6250, 3802, 10240, 94, 96
2026/07/30 23:07:29.136, 0, NVIDIA GeForce RTX 3080, 6250, 3802, 10240, 94, 96
2026/07/30 23:07:29.247, 0, NVIDIA GeForce RTX 3080, 6250, 3802, 10240, 97, 98
2026/07/30 23:07:29.359, 0, NVIDIA GeForce RTX 3080, 6250, 3802, 10240, 97, 98
2026/07/30 23:07:29.472, 0, NVIDIA GeForce RTX 3080, 6250, 3802, 10240, 97, 98
2026/07/30 23:07:29.584, 0, NVIDIA GeForce RTX 3080, 6250, 3802, 10240, 97, 98
2026/07/30 23:07:29.696, 0, NVIDIA GeForce RTX 3080, 6250, 3802, 10240, 97, 98
2026/07/30 23:07:29.808, 0, NVIDIA GeForce RTX 3080, 6250, 3802, 10240, 97, 98
2026/07/30 23:07:29.920, 0, NVIDIA GeForce RTX 3080, 6250, 3802, 10240, 97, 98
2026/07/30 23:07:30.028, 0, NVIDIA GeForce RTX 3080, 6250, 3802, 10240, 97, 98
2026/07/30 23:07:30.139, 0, NVIDIA GeForce RTX 3080, 6250, 3802, 10240, 97, 98
2026/07/30 23:07:30.248, 0, NVIDIA GeForce RTX 3080, 6250, 3802, 10240, 96, 97
2026/07/30 23:07:30.358, 0, NVIDIA GeForce RTX 3080, 6250, 3802, 10240, 96, 97
2026/07/30 23:07:30.470, 0, NVIDIA GeForce RTX 3080, 6250, 3802, 10240, 96, 97
2026/07/30 23:07:30.582, 0, NVIDIA GeForce RTX 3080, 6250, 3802, 10240, 96, 97
2026/07/30 23:07:30.694, 0, NVIDIA GeForce RTX 3080, 6250, 3802, 10240, 97, 97
2026/07/30 23:07:30.805, 0, NVIDIA GeForce RTX 3080, 6250, 3802, 10240, 97, 97
2026/07/30 23:07:30.917, 0, NVIDIA GeForce RTX 3080, 6250, 3802, 10240, 97, 97
2026/07/30 23:07:31.028, 0, NVIDIA GeForce RTX 3080, 6250, 3802, 10240, 97, 97
2026/07/30 23:07:31.140, 0, NVIDIA GeForce RTX 3080, 6250, 3802, 10240, 97, 97
2026/07/30 23:07:31.250, 0, NVIDIA GeForce RTX 3080, 6250, 3802, 10240, 96, 98
2026/07/30 23:07:31.362, 0, NVIDIA GeForce RTX 3080, 6250, 3802, 10240, 96, 98
2026/07/30 23:07:31.474, 0, NVIDIA GeForce RTX 3080, 6250, 3802, 10240, 96, 98
2026/07/30 23:07:31.586, 0, NVIDIA GeForce RTX 3080, 6250, 3802, 10240, 96, 98
2026/07/30 23:07:31.698, 0, NVIDIA GeForce RTX 3080, 6250, 3802, 10240, 96, 98
2026/07/30 23:07:31.810, 0, NVIDIA GeForce RTX 3080, 6250, 3802, 10240, 96, 98
2026/07/30 23:07:31.922, 0, NVIDIA GeForce RTX 3080, 6250, 3802, 10240, 96, 98
2026/07/30 23:07:32.033, 0, NVIDIA GeForce RTX 3080, 6250, 3802, 10240, 96, 98
2026/07/30 23:07:32.144, 0, NVIDIA GeForce RTX 3080, 6250, 3802, 10240, 96, 98
2026/07/30 23:07:32.256, 0, NVIDIA GeForce RTX 3080, 6250, 3802, 10240, 95, 97
2026/07/30 23:07:32.368, 0, NVIDIA GeForce RTX 3080, 6250, 3802, 10240, 95, 97
2026/07/30 23:07:32.479, 0, NVIDIA GeForce RTX 3080, 6250, 3802, 10240, 95, 97
2026/07/30 23:07:32.590, 0, NVIDIA GeForce RTX 3080, 6250, 3802, 10240, 95, 97
2026/07/30 23:07:32.702, 0, NVIDIA GeForce RTX 3080, 6250, 3802, 10240, 95, 98
2026/07/30 23:07:32.814, 0, NVIDIA GeForce RTX 3080, 6250, 3802, 10240, 95, 98
2026/07/30 23:07:32.926, 0, NVIDIA GeForce RTX 3080, 6250, 3802, 10240, 95, 98
2026/07/30 23:07:33.037, 0, NVIDIA GeForce RTX 3080, 6250, 3802, 10240, 95, 98
2026/07/30 23:07:33.149, 0, NVIDIA GeForce RTX 3080, 6250, 3802, 10240, 95, 98
2026/07/30 23:07:33.261, 0, NVIDIA GeForce RTX 3080, 6250, 3802, 10240, 97, 98
2026/07/30 23:07:33.373, 0, NVIDIA GeForce RTX 3080, 6250, 3802, 10240, 97, 98
2026/07/30 23:07:33.486, 0, NVIDIA GeForce RTX 3080, 6250, 3802, 10240, 97, 98
2026/07/30 23:07:33.598, 0, NVIDIA GeForce RTX 3080, 6250, 3802, 10240, 97, 98
2026/07/30 23:07:33.709, 0, NVIDIA GeForce RTX 3080, 6250, 3802, 10240, 97, 98
2026/07/30 23:07:33.820, 0, NVIDIA GeForce RTX 3080, 6250, 3802, 10240, 97, 98
2026/07/30 23:07:33.932, 0, NVIDIA GeForce RTX 3080, 6250, 3802, 10240, 97, 98
2026/07/30 23:07:34.044, 0, NVIDIA GeForce RTX 3080, 6250, 3802, 10240, 97, 98
2026/07/30 23:07:34.155, 0, NVIDIA GeForce RTX 3080, 6250, 3802, 10240, 97, 98
2026/07/30 23:07:34.265, 0, NVIDIA GeForce RTX 3080, 6250, 3802, 10240, 97, 98
2026/07/30 23:07:34.376, 0, NVIDIA GeForce RTX 3080, 6250, 3802, 10240, 97, 98
2026/07/30 23:07:34.488, 0, NVIDIA GeForce RTX 3080, 6250, 3802, 10240, 97, 98
2026/07/30 23:07:34.599, 0, NVIDIA GeForce RTX 3080, 6250, 3802, 10240, 97, 98
2026/07/30 23:07:34.711, 0, NVIDIA GeForce RTX 3080, 6250, 3802, 10240, 97, 98
2026/07/30 23:07:34.823, 0, NVIDIA GeForce RTX 3080, 6250, 3802, 10240, 97, 98
2026/07/30 23:07:34.935, 0, NVIDIA GeForce RTX 3080, 6250, 3802, 10240, 97, 98
2026/07/30 23:07:35.042, 0, NVIDIA GeForce RTX 3080, 6250, 3802, 10240, 97, 98
2026/07/30 23:07:35.152, 0, NVIDIA GeForce RTX 3080, 6250, 3802, 10240, 97, 98
2026/07/30 23:07:35.262, 0, NVIDIA GeForce RTX 3080, 6250, 3802, 10240, 94, 97
2026/07/30 23:07:35.372, 0, NVIDIA GeForce RTX 3080, 6250, 3802, 10240, 94, 97
2026/07/30 23:07:35.484, 0, NVIDIA GeForce RTX 3080, 6250, 3802, 10240, 94, 97
2026/07/30 23:07:35.596, 0, NVIDIA GeForce RTX 3080, 6250, 3802, 10240, 94, 97
2026/07/30 23:07:35.708, 0, NVIDIA GeForce RTX 3080, 6250, 3802, 10240, 96, 98
2026/07/30 23:07:35.820, 0, NVIDIA GeForce RTX 3080, 6250, 3802, 10240, 96, 98
2026/07/30 23:07:35.931, 0, NVIDIA GeForce RTX 3080, 6250, 3802, 10240, 96, 98
2026/07/30 23:07:36.042, 0, NVIDIA GeForce RTX 3080, 6250, 3802, 10240, 96, 98
2026/07/30 23:07:36.154, 0, NVIDIA GeForce RTX 3080, 6250, 3802, 10240, 96, 98
2026/07/30 23:07:36.265, 0, NVIDIA GeForce RTX 3080, 6250, 3802, 10240, 95, 97
2026/07/30 23:07:36.377, 0, NVIDIA GeForce RTX 3080, 6250, 3802, 10240, 95, 97
2026/07/30 23:07:36.490, 0, NVIDIA GeForce RTX 3080, 6250, 3802, 10240, 95, 97
2026/07/30 23:07:36.601, 0, NVIDIA GeForce RTX 3080, 6250, 3802, 10240, 95, 97
2026/07/30 23:07:36.713, 0, NVIDIA GeForce RTX 3080, 6250, 3802, 10240, 95, 97
2026/07/30 23:07:36.825, 0, NVIDIA GeForce RTX 3080, 6250, 3802, 10240, 95, 97
2026/07/30 23:07:36.936, 0, NVIDIA GeForce RTX 3080, 6250, 3802, 10240, 95, 97
2026/07/30 23:07:37.046, 0, NVIDIA GeForce RTX 3080, 6250, 3802, 10240, 95, 97
2026/07/30 23:07:37.158, 0, NVIDIA GeForce RTX 3080, 6250, 3802, 10240, 95, 97
2026/07/30 23:07:37.271, 0, NVIDIA GeForce RTX 3080, 6250, 3802, 10240, 95, 98
2026/07/30 23:07:37.382, 0, NVIDIA GeForce RTX 3080, 6250, 3802, 10240, 95, 98
2026/07/30 23:07:37.492, 0, NVIDIA GeForce RTX 3080, 6250, 3802, 10240, 95, 98
2026/07/30 23:07:37.604, 0, NVIDIA GeForce RTX 3080, 6250, 3802, 10240, 95, 98
2026/07/30 23:07:37.716, 0, NVIDIA GeForce RTX 3080, 6250, 3802, 10240, 96, 97
2026/07/30 23:07:37.828, 0, NVIDIA GeForce RTX 3080, 6250, 3802, 10240, 96, 97
2026/07/30 23:07:37.939, 0, NVIDIA GeForce RTX 3080, 6250, 3802, 10240, 96, 97
2026/07/30 23:07:38.050, 0, NVIDIA GeForce RTX 3080, 6250, 3802, 10240, 96, 97
2026/07/30 23:07:38.162, 0, NVIDIA GeForce RTX 3080, 6250, 3802, 10240, 96, 97
2026/07/30 23:07:38.274, 0, NVIDIA GeForce RTX 3080, 6250, 3802, 10240, 96, 97
2026/07/30 23:07:38.386, 0, NVIDIA GeForce RTX 3080, 6250, 3802, 10240, 96, 97
2026/07/30 23:07:38.498, 0, NVIDIA GeForce RTX 3080, 6250, 3802, 10240, 96, 97
2026/07/30 23:07:38.610, 0, NVIDIA GeForce RTX 3080, 6250, 3802, 10240, 96, 97
2026/07/30 23:07:38.721, 0, NVIDIA GeForce RTX 3080, 6250, 3802, 10240, 97, 98
2026/07/30 23:07:38.834, 0, NVIDIA GeForce RTX 3080, 6250, 3802, 10240, 97, 98
2026/07/30 23:07:38.945, 0, NVIDIA GeForce RTX 3080, 6250, 3802, 10240, 97, 98
2026/07/30 23:07:39.057, 0, NVIDIA GeForce RTX 3080, 6250, 3802, 10240, 97, 98
2026/07/30 23:07:39.168, 0, NVIDIA GeForce RTX 3080, 6250, 3802, 10240, 97, 98
2026/07/30 23:07:39.279, 0, NVIDIA GeForce RTX 3080, 6250, 3802, 10240, 95, 96
2026/07/30 23:07:39.391, 0, NVIDIA GeForce RTX 3080, 6250, 3802, 10240, 95, 96
2026/07/30 23:07:39.503, 0, NVIDIA GeForce RTX 3080, 6250, 3802, 10240, 95, 96
2026/07/30 23:07:39.614, 0, NVIDIA GeForce RTX 3080, 6250, 3802, 10240, 95, 96
2026/07/30 23:07:39.726, 0, NVIDIA GeForce RTX 3080, 6250, 3802, 10240, 98, 98
2026/07/30 23:07:39.837, 0, NVIDIA GeForce RTX 3080, 6250, 3802, 10240, 98, 98
2026/07/30 23:07:39.947, 0, NVIDIA GeForce RTX 3080, 6250, 3802, 10240, 98, 98
2026/07/30 23:07:40.059, 0, NVIDIA GeForce RTX 3080, 6250, 3802, 10240, 98, 98
2026/07/30 23:07:40.170, 0, NVIDIA GeForce RTX 3080, 6250, 3802, 10240, 98, 98
2026/07/30 23:07:40.282, 0, NVIDIA GeForce RTX 3080, 6250, 3802, 10240, 98, 98
2026/07/30 23:07:40.394, 0, NVIDIA GeForce RTX 3080, 6250, 3802, 10240, 98, 98
2026/07/30 23:07:40.506, 0, NVIDIA GeForce RTX 3080, 6250, 3802, 10240, 98, 98
2026/07/30 23:07:40.617, 0, NVIDIA GeForce RTX 3080, 6250, 3802, 10240, 98, 98
2026/07/30 23:07:40.728, 0, NVIDIA GeForce RTX 3080, 6250, 3802, 10240, 98, 98
2026/07/30 23:07:40.839, 0, NVIDIA GeForce RTX 3080, 6250, 3802, 10240, 98, 98
2026/07/30 23:07:40.951, 0, NVIDIA GeForce RTX 3080, 6250, 3802, 10240, 98, 98
2026/07/30 23:07:41.062, 0, NVIDIA GeForce RTX 3080, 6250, 3802, 10240, 98, 98
2026/07/30 23:07:41.174, 0, NVIDIA GeForce RTX 3080, 6250, 3802, 10240, 98, 98
2026/07/30 23:07:41.286, 0, NVIDIA GeForce RTX 3080, 6250, 3802, 10240, 96, 98
2026/07/30 23:07:41.398, 0, NVIDIA GeForce RTX 3080, 6250, 3802, 10240, 96, 98
2026/07/30 23:07:41.510, 0, NVIDIA GeForce RTX 3080, 6250, 3802, 10240, 96, 98
2026/07/30 23:07:41.621, 0, NVIDIA GeForce RTX 3080, 6250, 3802, 10240, 96, 98
2026/07/30 23:07:41.733, 0, NVIDIA GeForce RTX 3080, 6250, 3802, 10240, 95, 97
2026/07/30 23:07:41.845, 0, NVIDIA GeForce RTX 3080, 6250, 3802, 10240, 95, 97
2026/07/30 23:07:41.957, 0, NVIDIA GeForce RTX 3080, 6250, 3802, 10240, 95, 97
2026/07/30 23:07:42.068, 0, NVIDIA GeForce RTX 3080, 6250, 3802, 10240, 95, 97
2026/07/30 23:07:42.180, 0, NVIDIA GeForce RTX 3080, 6250, 3802, 10240, 95, 97
2026/07/30 23:07:42.291, 0, NVIDIA GeForce RTX 3080, 6250, 3802, 10240, 96, 98
2026/07/30 23:07:42.403, 0, NVIDIA GeForce RTX 3080, 6250, 3802, 10240, 96, 98
2026/07/30 23:07:42.514, 0, NVIDIA GeForce RTX 3080, 6250, 3802, 10240, 96, 98
2026/07/30 23:07:42.622, 0, NVIDIA GeForce RTX 3080, 6250, 3802, 10240, 96, 98
2026/07/30 23:07:42.732, 0, NVIDIA GeForce RTX 3080, 6250, 3802, 10240, 95, 97
2026/07/30 23:07:42.844, 0, NVIDIA GeForce RTX 3080, 6250, 3802, 10240, 95, 97
2026/07/30 23:07:42.955, 0, NVIDIA GeForce RTX 3080, 6250, 3802, 10240, 95, 97
2026/07/30 23:07:43.066, 0, NVIDIA GeForce RTX 3080, 6250, 3802, 10240, 95, 97
2026/07/30 23:07:43.177, 0, NVIDIA GeForce RTX 3080, 6250, 3802, 10240, 95, 97
2026/07/30 23:07:43.288, 0, NVIDIA GeForce RTX 3080, 6250, 3802, 10240, 97, 98
2026/07/30 23:07:43.400, 0, NVIDIA GeForce RTX 3080, 6250, 3802, 10240, 97, 98
2026/07/30 23:07:43.512, 0, NVIDIA GeForce RTX 3080, 6250, 3802, 10240, 97, 98
2026/07/30 23:07:43.625, 0, NVIDIA GeForce RTX 3080, 6250, 3802, 10240, 97, 98
2026/07/30 23:07:43.732, 0, NVIDIA GeForce RTX 3080, 6250, 3802, 10240, 97, 97
2026/07/30 23:07:43.842, 0, NVIDIA GeForce RTX 3080, 6250, 3802, 10240, 97, 97
2026/07/30 23:07:43.954, 0, NVIDIA GeForce RTX 3080, 6250, 3802, 10240, 97, 97
2026/07/30 23:07:44.066, 0, NVIDIA GeForce RTX 3080, 6250, 3802, 10240, 97, 97
2026/07/30 23:07:44.176, 0, NVIDIA GeForce RTX 3080, 6250, 3802, 10240, 97, 97
2026/07/30 23:07:44.286, 0, NVIDIA GeForce RTX 3080, 6250, 3802, 10240, 97, 97
2026/07/30 23:07:44.397, 0, NVIDIA GeForce RTX 3080, 6250, 3802, 10240, 97, 97
2026/07/30 23:07:44.509, 0, NVIDIA GeForce RTX 3080, 6250, 3802, 10240, 97, 97
2026/07/30 23:07:44.620, 0, NVIDIA GeForce RTX 3080, 6250, 3802, 10240, 97, 97
2026/07/30 23:07:44.732, 0, NVIDIA GeForce RTX 3080, 6250, 3802, 10240, 97, 98
2026/07/30 23:07:44.845, 0, NVIDIA GeForce RTX 3080, 6250, 3802, 10240, 97, 98
2026/07/30 23:07:44.957, 0, NVIDIA GeForce RTX 3080, 6250, 3802, 10240, 97, 98
2026/07/30 23:07:45.068, 0, NVIDIA GeForce RTX 3080, 6250, 3802, 10240, 97, 98
2026/07/30 23:07:45.179, 0, NVIDIA GeForce RTX 3080, 6250, 3802, 10240, 97, 98
2026/07/30 23:07:45.291, 0, NVIDIA GeForce RTX 3080, 6250, 3802, 10240, 96, 98
2026/07/30 23:07:45.401, 0, NVIDIA GeForce RTX 3080, 6250, 3802, 10240, 96, 98
2026/07/30 23:07:45.512, 0, NVIDIA GeForce RTX 3080, 6250, 3802, 10240, 96, 98
2026/07/30 23:07:45.624, 0, NVIDIA GeForce RTX 3080, 6250, 3802, 10240, 96, 98
2026/07/30 23:07:45.734, 0, NVIDIA GeForce RTX 3080, 6250, 3802, 10240, 95, 98
2026/07/30 23:07:45.846, 0, NVIDIA GeForce RTX 3080, 6250, 3802, 10240, 95, 98
2026/07/30 23:07:45.957, 0, NVIDIA GeForce RTX 3080, 6250, 3802, 10240, 95, 98
2026/07/30 23:07:46.067, 0, NVIDIA GeForce RTX 3080, 6250, 3802, 10240, 95, 98
2026/07/30 23:07:46.178, 0, NVIDIA GeForce RTX 3080, 6250, 3802, 10240, 95, 98
2026/07/30 23:07:46.290, 0, NVIDIA GeForce RTX 3080, 6250, 3802, 10240, 95, 98
2026/07/30 23:07:46.400, 0, NVIDIA GeForce RTX 3080, 6250, 3802, 10240, 95, 98
2026/07/30 23:07:46.510, 0, NVIDIA GeForce RTX 3080, 6250, 3802, 10240, 95, 98
2026/07/30 23:07:46.622, 0, NVIDIA GeForce RTX 3080, 6250, 3802, 10240, 95, 98
2026/07/30 23:07:46.733, 0, NVIDIA GeForce RTX 3080, 6250, 3802, 10240, 96, 98
2026/07/30 23:07:46.845, 0, NVIDIA GeForce RTX 3080, 6250, 3802, 10240, 96, 98
2026/07/30 23:07:46.957, 0, NVIDIA GeForce RTX 3080, 6250, 3802, 10240, 96, 98
2026/07/30 23:07:47.069, 0, NVIDIA GeForce RTX 3080, 6250, 3802, 10240, 96, 98
2026/07/30 23:07:47.181, 0, NVIDIA GeForce RTX 3080, 6250, 3802, 10240, 96, 98
2026/07/30 23:07:47.291, 0, NVIDIA GeForce RTX 3080, 6250, 3802, 10240, 97, 98
2026/07/30 23:07:47.402, 0, NVIDIA GeForce RTX 3080, 6250, 3802, 10240, 97, 98
2026/07/30 23:07:47.514, 0, NVIDIA GeForce RTX 3080, 6250, 3802, 10240, 97, 98
2026/07/30 23:07:47.626, 0, NVIDIA GeForce RTX 3080, 6250, 3802, 10240, 97, 98
2026/07/30 23:07:47.737, 0, NVIDIA GeForce RTX 3080, 6250, 3802, 10240, 97, 98
2026/07/30 23:07:47.849, 0, NVIDIA GeForce RTX 3080, 6250, 3802, 10240, 97, 98
2026/07/30 23:07:47.959, 0, NVIDIA GeForce RTX 3080, 6250, 3802, 10240, 97, 98
2026/07/30 23:07:48.069, 0, NVIDIA GeForce RTX 3080, 6250, 3802, 10240, 97, 98
2026/07/30 23:07:48.178, 0, NVIDIA GeForce RTX 3080, 6250, 3802, 10240, 97, 98
2026/07/30 23:07:48.286, 0, NVIDIA GeForce RTX 3080, 6250, 3802, 10240, 97, 98
2026/07/30 23:07:48.395, 0, NVIDIA GeForce RTX 3080, 6250, 3802, 10240, 97, 98
2026/07/30 23:07:48.505, 0, NVIDIA GeForce RTX 3080, 6250, 3802, 10240, 97, 98
2026/07/30 23:07:48.615, 0, NVIDIA GeForce RTX 3080, 6250, 3802, 10240, 97, 98
2026/07/30 23:07:48.726, 0, NVIDIA GeForce RTX 3080, 6250, 3802, 10240, 97, 98
2026/07/30 23:07:48.837, 0, NVIDIA GeForce RTX 3080, 6250, 3802, 10240, 97, 98
2026/07/30 23:07:48.948, 0, NVIDIA GeForce RTX 3080, 6250, 3802, 10240, 97, 98
2026/07/30 23:07:49.060, 0, NVIDIA GeForce RTX 3080, 6250, 3802, 10240, 97, 98
2026/07/30 23:07:49.172, 0, NVIDIA GeForce RTX 3080, 6250, 3802, 10240, 97, 98
2026/07/30 23:07:49.284, 0, NVIDIA GeForce RTX 3080, 6250, 3802, 10240, 95, 98
2026/07/30 23:07:49.396, 0, NVIDIA GeForce RTX 3080, 6250, 3802, 10240, 95, 98
2026/07/30 23:07:49.508, 0, NVIDIA GeForce RTX 3080, 6250, 3802, 10240, 95, 98
2026/07/30 23:07:49.620, 0, NVIDIA GeForce RTX 3080, 6250, 3802, 10240, 95, 98
2026/07/30 23:07:49.732, 0, NVIDIA GeForce RTX 3080, 6250, 3802, 10240, 94, 96
2026/07/30 23:07:49.844, 0, NVIDIA GeForce RTX 3080, 6250, 3802, 10240, 94, 96
2026/07/30 23:07:49.956, 0, NVIDIA GeForce RTX 3080, 6250, 3802, 10240, 94, 96
2026/07/30 23:07:50.066, 0, NVIDIA GeForce RTX 3080, 6250, 3802, 10240, 94, 96
2026/07/30 23:07:50.175, 0, NVIDIA GeForce RTX 3080, 6250, 3802, 10240, 94, 96
2026/07/30 23:07:50.283, 0, NVIDIA GeForce RTX 3080, 6250, 3802, 10240, 95, 98
2026/07/30 23:07:50.393, 0, NVIDIA GeForce RTX 3080, 6250, 3802, 10240, 95, 98
2026/07/30 23:07:50.503, 0, NVIDIA GeForce RTX 3080, 6250, 3802, 10240, 95, 98
2026/07/30 23:07:50.614, 0, NVIDIA GeForce RTX 3080, 6250, 3802, 10240, 95, 98
2026/07/30 23:07:50.726, 0, NVIDIA GeForce RTX 3080, 6250, 3802, 10240, 95, 97
2026/07/30 23:07:50.837, 0, NVIDIA GeForce RTX 3080, 6250, 3802, 10240, 95, 97
2026/07/30 23:07:50.949, 0, NVIDIA GeForce RTX 3080, 6250, 3802, 10240, 95, 97
2026/07/30 23:07:51.062, 0, NVIDIA GeForce RTX 3080, 6250, 3802, 10240, 95, 97
2026/07/30 23:07:51.174, 0, NVIDIA GeForce RTX 3080, 6250, 3802, 10240, 95, 97
2026/07/30 23:07:51.285, 0, NVIDIA GeForce RTX 3080, 6250, 3802, 10240, 91, 95
2026/07/30 23:07:51.397, 0, NVIDIA GeForce RTX 3080, 6250, 3802, 10240, 91, 95
2026/07/30 23:07:51.509, 0, NVIDIA GeForce RTX 3080, 6250, 3802, 10240, 91, 95
2026/07/30 23:07:51.621, 0, NVIDIA GeForce RTX 3080, 6250, 3802, 10240, 91, 95
2026/07/30 23:07:51.733, 0, NVIDIA GeForce RTX 3080, 6250, 3802, 10240, 97, 98
2026/07/30 23:07:51.844, 0, NVIDIA GeForce RTX 3080, 6250, 3802, 10240, 97, 98
2026/07/30 23:07:51.954, 0, NVIDIA GeForce RTX 3080, 6250, 3802, 10240, 97, 98
2026/07/30 23:07:52.066, 0, NVIDIA GeForce RTX 3080, 6250, 3802, 10240, 97, 98
2026/07/30 23:07:52.178, 0, NVIDIA GeForce RTX 3080, 6250, 3802, 10240, 97, 98
2026/07/30 23:07:52.290, 0, NVIDIA GeForce RTX 3080, 6250, 3802, 10240, 96, 97
2026/07/30 23:07:52.399, 0, NVIDIA GeForce RTX 3080, 6250, 3802, 10240, 96, 97
2026/07/30 23:07:52.511, 0, NVIDIA GeForce RTX 3080, 6250, 3802, 10240, 96, 97
2026/07/30 23:07:52.623, 0, NVIDIA GeForce RTX 3080, 6250, 3802, 10240, 96, 97
2026/07/30 23:07:52.734, 0, NVIDIA GeForce RTX 3080, 6250, 3802, 10240, 96, 97
2026/07/30 23:07:52.846, 0, NVIDIA GeForce RTX 3080, 6250, 3802, 10240, 96, 97
2026/07/30 23:07:52.958, 0, NVIDIA GeForce RTX 3080, 6250, 3802, 10240, 96, 97
2026/07/30 23:07:53.069, 0, NVIDIA GeForce RTX 3080, 6250, 3802, 10240, 96, 97
2026/07/30 23:07:53.181, 0, NVIDIA GeForce RTX 3080, 6250, 3802, 10240, 96, 97
2026/07/30 23:07:53.292, 0, NVIDIA GeForce RTX 3080, 6250, 3802, 10240, 98, 97
2026/07/30 23:07:53.404, 0, NVIDIA GeForce RTX 3080, 6250, 3802, 10240, 98, 97
2026/07/30 23:07:53.516, 0, NVIDIA GeForce RTX 3080, 6250, 3802, 10240, 98, 97
2026/07/30 23:07:53.628, 0, NVIDIA GeForce RTX 3080, 6250, 3802, 10240, 98, 97
2026/07/30 23:07:53.739, 0, NVIDIA GeForce RTX 3080, 6250, 3802, 10240, 98, 97
2026/07/30 23:07:53.851, 0, NVIDIA GeForce RTX 3080, 6250, 3802, 10240, 98, 97
2026/07/30 23:07:53.963, 0, NVIDIA GeForce RTX 3080, 6250, 3802, 10240, 98, 97
2026/07/30 23:07:54.075, 0, NVIDIA GeForce RTX 3080, 6250, 3802, 10240, 98, 97
2026/07/30 23:07:54.187, 0, NVIDIA GeForce RTX 3080, 6250, 3802, 10240, 98, 98
2026/07/30 23:07:54.298, 0, NVIDIA GeForce RTX 3080, 6250, 3802, 10240, 98, 98
2026/07/30 23:07:54.410, 0, NVIDIA GeForce RTX 3080, 6250, 3802, 10240, 98, 98
2026/07/30 23:07:54.522, 0, NVIDIA GeForce RTX 3080, 6250, 3802, 10240, 98, 98
2026/07/30 23:07:54.633, 0, NVIDIA GeForce RTX 3080, 6250, 3802, 10240, 98, 98
2026/07/30 23:07:54.745, 0, NVIDIA GeForce RTX 3080, 6250, 3802, 10240, 97, 97
2026/07/30 23:07:54.857, 0, NVIDIA GeForce RTX 3080, 6250, 3802, 10240, 97, 97
2026/07/30 23:07:54.969, 0, NVIDIA GeForce RTX 3080, 6250, 3802, 10240, 97, 97
2026/07/30 23:07:55.078, 0, NVIDIA GeForce RTX 3080, 6250, 3802, 10240, 97, 97
2026/07/30 23:07:55.188, 0, NVIDIA GeForce RTX 3080, 6250, 3802, 10240, 95, 97
2026/07/30 23:07:55.296, 0, NVIDIA GeForce RTX 3080, 6250, 3802, 10240, 95, 97
2026/07/30 23:07:55.406, 0, NVIDIA GeForce RTX 3080, 6250, 3802, 10240, 95, 97
2026/07/30 23:07:55.518, 0, NVIDIA GeForce RTX 3080, 6250, 3802, 10240, 95, 97
2026/07/30 23:07:55.631, 0, NVIDIA GeForce RTX 3080, 6250, 3802, 10240, 95, 97
2026/07/30 23:07:55.743, 0, NVIDIA GeForce RTX 3080, 6250, 3802, 10240, 96, 98
2026/07/30 23:07:55.855, 0, NVIDIA GeForce RTX 3080, 6250, 3802, 10240, 96, 98
2026/07/30 23:07:55.967, 0, NVIDIA GeForce RTX 3080, 6250, 3802, 10240, 96, 98
2026/07/30 23:07:56.079, 0, NVIDIA GeForce RTX 3080, 6250, 3802, 10240, 96, 98
2026/07/30 23:07:56.191, 0, NVIDIA GeForce RTX 3080, 6250, 3802, 10240, 95, 98
2026/07/30 23:07:56.303, 0, NVIDIA GeForce RTX 3080, 6250, 3802, 10240, 95, 98
2026/07/30 23:07:56.414, 0, NVIDIA GeForce RTX 3080, 6250, 3802, 10240, 95, 98
2026/07/30 23:07:56.526, 0, NVIDIA GeForce RTX 3080, 6250, 3802, 10240, 95, 98
2026/07/30 23:07:56.638, 0, NVIDIA GeForce RTX 3080, 6250, 3802, 10240, 95, 98
2026/07/30 23:07:56.748, 0, NVIDIA GeForce RTX 3080, 6250, 3802, 10240, 95, 98
2026/07/30 23:07:56.859, 0, NVIDIA GeForce RTX 3080, 6250, 3802, 10240, 95, 98
2026/07/30 23:07:56.971, 0, NVIDIA GeForce RTX 3080, 6250, 3802, 10240, 95, 98
2026/07/30 23:07:57.082, 0, NVIDIA GeForce RTX 3080, 6250, 3802, 10240, 95, 98
2026/07/30 23:07:57.194, 0, NVIDIA GeForce RTX 3080, 6250, 3802, 10240, 97, 98
2026/07/30 23:07:57.306, 0, NVIDIA GeForce RTX 3080, 6250, 3802, 10240, 97, 98
2026/07/30 23:07:57.418, 0, NVIDIA GeForce RTX 3080, 6250, 3802, 10240, 97, 98
2026/07/30 23:07:57.530, 0, NVIDIA GeForce RTX 3080, 6250, 3802, 10240, 97, 98
2026/07/30 23:07:57.642, 0, NVIDIA GeForce RTX 3080, 6250, 3802, 10240, 97, 98
2026/07/30 23:07:57.754, 0, NVIDIA GeForce RTX 3080, 6250, 3802, 10240, 97, 98
2026/07/30 23:07:57.866, 0, NVIDIA GeForce RTX 3080, 6250, 3802, 10240, 97, 98
2026/07/30 23:07:57.978, 0, NVIDIA GeForce RTX 3080, 6250, 3802, 10240, 97, 98
2026/07/30 23:07:58.090, 0, NVIDIA GeForce RTX 3080, 6250, 3802, 10240, 97, 98
2026/07/30 23:07:58.201, 0, NVIDIA GeForce RTX 3080, 6250, 3802, 10240, 97, 98
2026/07/30 23:07:58.312, 0, NVIDIA GeForce RTX 3080, 6250, 3802, 10240, 97, 98
2026/07/30 23:07:58.423, 0, NVIDIA GeForce RTX 3080, 6250, 3802, 10240, 97, 98
2026/07/30 23:07:58.534, 0, NVIDIA GeForce RTX 3080, 6250, 3802, 10240, 97, 98
2026/07/30 23:07:58.646, 0, NVIDIA GeForce RTX 3080, 6250, 3802, 10240, 97, 98
2026/07/30 23:07:58.757, 0, NVIDIA GeForce RTX 3080, 6250, 3802, 10240, 97, 98
2026/07/30 23:07:58.869, 0, NVIDIA GeForce RTX 3080, 6250, 3802, 10240, 97, 98
2026/07/30 23:07:58.981, 0, NVIDIA GeForce RTX 3080, 6250, 3802, 10240, 97, 98
2026/07/30 23:07:59.092, 0, NVIDIA GeForce RTX 3080, 6250, 3802, 10240, 97, 98
2026/07/30 23:07:59.205, 0, NVIDIA GeForce RTX 3080, 6250, 3802, 10240, 94, 96
2026/07/30 23:07:59.317, 0, NVIDIA GeForce RTX 3080, 6250, 3802, 10240, 94, 96
2026/07/30 23:07:59.429, 0, NVIDIA GeForce RTX 3080, 6250, 3802, 10240, 94, 96
2026/07/30 23:07:59.541, 0, NVIDIA GeForce RTX 3080, 6250, 3802, 10240, 94, 96
2026/07/30 23:07:59.653, 0, NVIDIA GeForce RTX 3080, 6250, 3802, 10240, 94, 96
2026/07/30 23:07:59.765, 0, NVIDIA GeForce RTX 3080, 6250, 3802, 10240, 95, 98
2026/07/30 23:07:59.877, 0, NVIDIA GeForce RTX 3080, 6250, 3802, 10240, 95, 98
2026/07/30 23:07:59.989, 0, NVIDIA GeForce RTX 3080, 6250, 3802, 10240, 95, 98
2026/07/30 23:08:00.101, 0, NVIDIA GeForce RTX 3080, 6250, 3802, 10240, 95, 98
2026/07/30 23:08:00.212, 0, NVIDIA GeForce RTX 3080, 6250, 3802, 10240, 94, 97
2026/07/30 23:08:00.323, 0, NVIDIA GeForce RTX 3080, 6250, 3802, 10240, 94, 97
2026/07/30 23:08:00.434, 0, NVIDIA GeForce RTX 3080, 6250, 3802, 10240, 94, 97
2026/07/30 23:08:00.546, 0, NVIDIA GeForce RTX 3080, 6250, 3802, 10240, 94, 97
2026/07/30 23:08:00.658, 0, NVIDIA GeForce RTX 3080, 6250, 3802, 10240, 94, 97
2026/07/30 23:08:00.770, 0, NVIDIA GeForce RTX 3080, 6250, 3802, 10240, 96, 98
2026/07/30 23:08:00.882, 0, NVIDIA GeForce RTX 3080, 6250, 3802, 10240, 96, 98
2026/07/30 23:08:00.994, 0, NVIDIA GeForce RTX 3080, 6250, 3802, 10240, 96, 98
2026/07/30 23:08:01.106, 0, NVIDIA GeForce RTX 3080, 6250, 3802, 10240, 96, 98
2026/07/30 23:08:01.218, 0, NVIDIA GeForce RTX 3080, 6250, 3802, 10240, 97, 98
2026/07/30 23:08:01.329, 0, NVIDIA GeForce RTX 3080, 6250, 3802, 10240, 97, 98
2026/07/30 23:08:01.440, 0, NVIDIA GeForce RTX 3080, 6250, 3802, 10240, 97, 98
2026/07/30 23:08:01.552, 0, NVIDIA GeForce RTX 3080, 6250, 3802, 10240, 97, 98
2026/07/30 23:08:01.664, 0, NVIDIA GeForce RTX 3080, 6250, 3802, 10240, 97, 98
2026/07/30 23:08:01.776, 0, NVIDIA GeForce RTX 3080, 6250, 3802, 10240, 97, 98
2026/07/30 23:08:01.889, 0, NVIDIA GeForce RTX 3080, 6250, 3802, 10240, 97, 98
2026/07/30 23:08:02.001, 0, NVIDIA GeForce RTX 3080, 6250, 3802, 10240, 97, 98
2026/07/30 23:08:02.113, 0, NVIDIA GeForce RTX 3080, 6250, 3802, 10240, 97, 98
2026/07/30 23:08:02.225, 0, NVIDIA GeForce RTX 3080, 6250, 3802, 10240, 97, 98
2026/07/30 23:08:02.337, 0, NVIDIA GeForce RTX 3080, 6250, 3802, 10240, 97, 98
2026/07/30 23:08:02.448, 0, NVIDIA GeForce RTX 3080, 6250, 3802, 10240, 97, 98
2026/07/30 23:08:02.560, 0, NVIDIA GeForce RTX 3080, 6250, 3802, 10240, 97, 98
2026/07/30 23:08:02.672, 0, NVIDIA GeForce RTX 3080, 6250, 3802, 10240, 97, 98
2026/07/30 23:08:02.784, 0, NVIDIA GeForce RTX 3080, 6250, 3802, 10240, 97, 98
2026/07/30 23:08:02.896, 0, NVIDIA GeForce RTX 3080, 6250, 3802, 10240, 97, 98
2026/07/30 23:08:03.006, 0, NVIDIA GeForce RTX 3080, 6250, 3802, 10240, 97, 98
2026/07/30 23:08:03.116, 0, NVIDIA GeForce RTX 3080, 6250, 3802, 10240, 97, 98
2026/07/30 23:08:03.226, 0, NVIDIA GeForce RTX 3080, 6250, 3802, 10240, 95, 98
2026/07/30 23:08:03.334, 0, NVIDIA GeForce RTX 3080, 6250, 3802, 10240, 95, 98
2026/07/30 23:08:03.444, 0, NVIDIA GeForce RTX 3080, 6250, 3802, 10240, 95, 98
2026/07/30 23:08:03.553, 0, NVIDIA GeForce RTX 3080, 6250, 3802, 10240, 95, 98
2026/07/30 23:08:03.662, 0, NVIDIA GeForce RTX 3080, 6250, 3802, 10240, 95, 98
2026/07/30 23:08:03.774, 0, NVIDIA GeForce RTX 3080, 6250, 3802, 10240, 96, 98
2026/07/30 23:08:03.886, 0, NVIDIA GeForce RTX 3080, 6250, 3802, 10240, 96, 98
2026/07/30 23:08:03.998, 0, NVIDIA GeForce RTX 3080, 6250, 3802, 10240, 96, 98
2026/07/30 23:08:04.110, 0, NVIDIA GeForce RTX 3080, 6250, 3802, 10240, 96, 98
2026/07/30 23:08:04.222, 0, NVIDIA GeForce RTX 3080, 6250, 3802, 10240, 94, 96
2026/07/30 23:08:04.334, 0, NVIDIA GeForce RTX 3080, 6250, 3802, 10240, 94, 96
2026/07/30 23:08:04.446, 0, NVIDIA GeForce RTX 3080, 6250, 3802, 10240, 94, 96
2026/07/30 23:08:04.558, 0, NVIDIA GeForce RTX 3080, 6250, 3802, 10240, 94, 96
2026/07/30 23:08:04.670, 0, NVIDIA GeForce RTX 3080, 6250, 3802, 10240, 94, 96
2026/07/30 23:08:04.782, 0, NVIDIA GeForce RTX 3080, 6250, 3802, 10240, 95, 98
2026/07/30 23:08:04.894, 0, NVIDIA GeForce RTX 3080, 6250, 3802, 10240, 95, 98
2026/07/30 23:08:05.006, 0, NVIDIA GeForce RTX 3080, 6250, 3802, 10240, 95, 98
2026/07/30 23:08:05.118, 0, NVIDIA GeForce RTX 3080, 6250, 3802, 10240, 95, 98
2026/07/30 23:08:05.230, 0, NVIDIA GeForce RTX 3080, 6250, 3802, 10240, 92, 95
2026/07/30 23:08:05.342, 0, NVIDIA GeForce RTX 3080, 6250, 3802, 10240, 92, 95
2026/07/30 23:08:05.453, 0, NVIDIA GeForce RTX 3080, 6250, 3802, 10240, 92, 95
2026/07/30 23:08:05.565, 0, NVIDIA GeForce RTX 3080, 6250, 3802, 10240, 92, 95
2026/07/30 23:08:05.677, 0, NVIDIA GeForce RTX 3080, 6250, 3802, 10240, 92, 95
2026/07/30 23:08:05.789, 0, NVIDIA GeForce RTX 3080, 6250, 3802, 10240, 96, 97
2026/07/30 23:08:05.900, 0, NVIDIA GeForce RTX 3080, 6250, 3802, 10240, 96, 97
2026/07/30 23:08:06.012, 0, NVIDIA GeForce RTX 3080, 6250, 3802, 10240, 96, 97
2026/07/30 23:08:06.123, 0, NVIDIA GeForce RTX 3080, 6250, 3802, 10240, 96, 97
2026/07/30 23:08:06.235, 0, NVIDIA GeForce RTX 3080, 6250, 3802, 10240, 97, 98
2026/07/30 23:08:06.346, 0, NVIDIA GeForce RTX 3080, 6250, 3802, 10240, 97, 98
2026/07/30 23:08:06.458, 0, NVIDIA GeForce RTX 3080, 6250, 3802, 10240, 97, 98
2026/07/30 23:08:06.570, 0, NVIDIA GeForce RTX 3080, 6250, 3802, 10240, 97, 98
2026/07/30 23:08:06.682, 0, NVIDIA GeForce RTX 3080, 6250, 3802, 10240, 97, 98
2026/07/30 23:08:06.794, 0, NVIDIA GeForce RTX 3080, 6250, 3802, 10240, 96, 97
2026/07/30 23:08:06.906, 0, NVIDIA GeForce RTX 3080, 6250, 3802, 10240, 96, 97
2026/07/30 23:08:07.018, 0, NVIDIA GeForce RTX 3080, 6250, 3802, 10240, 96, 97
2026/07/30 23:08:07.130, 0, NVIDIA GeForce RTX 3080, 6250, 3802, 10240, 96, 97
2026/07/30 23:08:07.242, 0, NVIDIA GeForce RTX 3080, 6250, 3802, 10240, 98, 98
2026/07/30 23:08:07.353, 0, NVIDIA GeForce RTX 3080, 6250, 3802, 10240, 98, 98
2026/07/30 23:08:07.464, 0, NVIDIA GeForce RTX 3080, 6250, 3802, 10240, 98, 98
2026/07/30 23:08:07.576, 0, NVIDIA GeForce RTX 3080, 6250, 3802, 10240, 98, 98
2026/07/30 23:08:07.687, 0, NVIDIA GeForce RTX 3080, 6250, 3802, 10240, 98, 98
2026/07/30 23:08:07.798, 0, NVIDIA GeForce RTX 3080, 6250, 3802, 10240, 97, 97
2026/07/30 23:08:07.909, 0, NVIDIA GeForce RTX 3080, 6250, 3802, 10240, 97, 97
2026/07/30 23:08:08.019, 0, NVIDIA GeForce RTX 3080, 6250, 3802, 10240, 97, 97
2026/07/30 23:08:08.129, 0, NVIDIA GeForce RTX 3080, 6250, 3802, 10240, 97, 97
2026/07/30 23:08:08.239, 0, NVIDIA GeForce RTX 3080, 6250, 3802, 10240, 97, 97
2026/07/30 23:08:08.347, 0, NVIDIA GeForce RTX 3080, 6250, 3802, 10240, 97, 97
2026/07/30 23:08:08.458, 0, NVIDIA GeForce RTX 3080, 6250, 3802, 10240, 97, 97
2026/07/30 23:08:08.567, 0, NVIDIA GeForce RTX 3080, 6250, 3802, 10240, 97, 97
2026/07/30 23:08:08.679, 0, NVIDIA GeForce RTX 3080, 6250, 3802, 10240, 97, 97
2026/07/30 23:08:08.791, 0, NVIDIA GeForce RTX 3080, 6250, 3802, 10240, 98, 97
2026/07/30 23:08:08.901, 0, NVIDIA GeForce RTX 3080, 6250, 3802, 10240, 98, 97
2026/07/30 23:08:09.012, 0, NVIDIA GeForce RTX 3080, 6250, 3802, 10240, 98, 97
2026/07/30 23:08:09.124, 0, NVIDIA GeForce RTX 3080, 6250, 3802, 10240, 98, 97
2026/07/30 23:08:09.236, 0, NVIDIA GeForce RTX 3080, 6250, 3802, 10240, 95, 98
2026/07/30 23:08:09.347, 0, NVIDIA GeForce RTX 3080, 6250, 3802, 10240, 95, 98
2026/07/30 23:08:09.457, 0, NVIDIA GeForce RTX 3080, 6250, 3802, 10240, 95, 98
2026/07/30 23:08:09.567, 0, NVIDIA GeForce RTX 3080, 6250, 3802, 10240, 95, 98
2026/07/30 23:08:09.679, 0, NVIDIA GeForce RTX 3080, 6250, 3802, 10240, 95, 98
2026/07/30 23:08:09.791, 0, NVIDIA GeForce RTX 3080, 6250, 3802, 10240, 95, 98
2026/07/30 23:08:09.903, 0, NVIDIA GeForce RTX 3080, 6250, 3802, 10240, 95, 98
2026/07/30 23:08:10.014, 0, NVIDIA GeForce RTX 3080, 6250, 3802, 10240, 95, 98
2026/07/30 23:08:10.123, 0, NVIDIA GeForce RTX 3080, 6250, 3802, 10240, 95, 98
2026/07/30 23:08:10.232, 0, NVIDIA GeForce RTX 3080, 6250, 3802, 10240, 95, 98
2026/07/30 23:08:10.344, 0, NVIDIA GeForce RTX 3080, 6250, 3802, 10240, 95, 98
2026/07/30 23:08:10.455, 0, NVIDIA GeForce RTX 3080, 6250, 3802, 10240, 95, 98
2026/07/30 23:08:10.567, 0, NVIDIA GeForce RTX 3080, 6250, 3802, 10240, 95, 98
2026/07/30 23:08:10.678, 0, NVIDIA GeForce RTX 3080, 6250, 3802, 10240, 95, 98
2026/07/30 23:08:10.790, 0, NVIDIA GeForce RTX 3080, 6250, 3802, 10240, 95, 98
2026/07/30 23:08:10.900, 0, NVIDIA GeForce RTX 3080, 6250, 3802, 10240, 95, 98
2026/07/30 23:08:11.012, 0, NVIDIA GeForce RTX 3080, 6250, 3802, 10240, 95, 98
2026/07/30 23:08:11.122, 0, NVIDIA GeForce RTX 3080, 6250, 3802, 10240, 95, 98
2026/07/30 23:08:11.233, 0, NVIDIA GeForce RTX 3080, 6250, 3802, 10240, 96, 97
2026/07/30 23:08:11.345, 0, NVIDIA GeForce RTX 3080, 6250, 3802, 10240, 96, 97
2026/07/30 23:08:11.457, 0, NVIDIA GeForce RTX 3080, 6250, 3802, 10240, 96, 97
2026/07/30 23:08:11.570, 0, NVIDIA GeForce RTX 3080, 6250, 3802, 10240, 96, 97
2026/07/30 23:08:11.681, 0, NVIDIA GeForce RTX 3080, 6250, 3802, 10240, 96, 97
2026/07/30 23:08:11.793, 0, NVIDIA GeForce RTX 3080, 6250, 3802, 10240, 97, 98
2026/07/30 23:08:11.905, 0, NVIDIA GeForce RTX 3080, 6250, 3802, 10240, 97, 98
2026/07/30 23:08:12.017, 0, NVIDIA GeForce RTX 3080, 6250, 3802, 10240, 97, 98
2026/07/30 23:08:12.129, 0, NVIDIA GeForce RTX 3080, 6250, 3802, 10240, 97, 98
2026/07/30 23:08:12.241, 0, NVIDIA GeForce RTX 3080, 6250, 3802, 10240, 97, 98
2026/07/30 23:08:12.353, 0, NVIDIA GeForce RTX 3080, 6250, 3802, 10240, 97, 98
2026/07/30 23:08:12.463, 0, NVIDIA GeForce RTX 3080, 6250, 3802, 10240, 97, 98
2026/07/30 23:08:12.575, 0, NVIDIA GeForce RTX 3080, 6250, 3802, 10240, 97, 98
2026/07/30 23:08:12.687, 0, NVIDIA GeForce RTX 3080, 6250, 3802, 10240, 97, 98
2026/07/30 23:08:12.798, 0, NVIDIA GeForce RTX 3080, 6250, 3802, 10240, 97, 98
2026/07/30 23:08:12.910, 0, NVIDIA GeForce RTX 3080, 6250, 3802, 10240, 97, 98
2026/07/30 23:08:13.022, 0, NVIDIA GeForce RTX 3080, 6250, 3802, 10240, 97, 98
2026/07/30 23:08:13.132, 0, NVIDIA GeForce RTX 3080, 6250, 3802, 10240, 97, 98
2026/07/30 23:08:13.244, 0, NVIDIA GeForce RTX 3080, 6250, 3802, 10240, 95, 98
2026/07/30 23:08:13.353, 0, NVIDIA GeForce RTX 3080, 6250, 3802, 10240, 95, 98
2026/07/30 23:08:13.465, 0, NVIDIA GeForce RTX 3080, 6250, 3802, 10240, 95, 98
2026/07/30 23:08:13.577, 0, NVIDIA GeForce RTX 3080, 6250, 3802, 10240, 95, 98
2026/07/30 23:08:13.690, 0, NVIDIA GeForce RTX 3080, 6250, 3802, 10240, 95, 97
2026/07/30 23:08:13.801, 0, NVIDIA GeForce RTX 3080, 6250, 3802, 10240, 95, 97
2026/07/30 23:08:13.912, 0, NVIDIA GeForce RTX 3080, 6250, 3802, 10240, 95, 97
2026/07/30 23:08:14.022, 0, NVIDIA GeForce RTX 3080, 6250, 3802, 10240, 95, 97
2026/07/30 23:08:14.132, 0, NVIDIA GeForce RTX 3080, 6250, 3802, 10240, 95, 97
2026/07/30 23:08:14.243, 0, NVIDIA GeForce RTX 3080, 6250, 3802, 10240, 95, 97
2026/07/30 23:08:14.355, 0, NVIDIA GeForce RTX 3080, 6250, 3802, 10240, 95, 97
2026/07/30 23:08:14.467, 0, NVIDIA GeForce RTX 3080, 6250, 3802, 10240, 95, 97
2026/07/30 23:08:14.579, 0, NVIDIA GeForce RTX 3080, 6250, 3802, 10240, 95, 97
2026/07/30 23:08:14.691, 0, NVIDIA GeForce RTX 3080, 6250, 3802, 10240, 96, 98
2026/07/30 23:08:14.803, 0, NVIDIA GeForce RTX 3080, 6250, 3802, 10240, 96, 98
2026/07/30 23:08:14.915, 0, NVIDIA GeForce RTX 3080, 6250, 3802, 10240, 96, 98
2026/07/30 23:08:15.026, 0, NVIDIA GeForce RTX 3080, 6250, 3802, 10240, 96, 98
2026/07/30 23:08:15.135, 0, NVIDIA GeForce RTX 3080, 6250, 3802, 10240, 96, 98
2026/07/30 23:08:15.246, 0, NVIDIA GeForce RTX 3080, 6250, 3802, 10240, 96, 97
2026/07/30 23:08:15.357, 0, NVIDIA GeForce RTX 3080, 6250, 3802, 10240, 96, 97
2026/07/30 23:08:15.469, 0, NVIDIA GeForce RTX 3080, 6250, 3802, 10240, 96, 97
2026/07/30 23:08:15.581, 0, NVIDIA GeForce RTX 3080, 6250, 3802, 10240, 96, 97
2026/07/30 23:08:15.692, 0, NVIDIA GeForce RTX 3080, 6250, 3802, 10240, 97, 98
2026/07/30 23:08:15.804, 0, NVIDIA GeForce RTX 3080, 6250, 3802, 10240, 97, 98
2026/07/30 23:08:15.916, 0, NVIDIA GeForce RTX 3080, 6250, 3802, 10240, 97, 98
2026/07/30 23:08:16.028, 0, NVIDIA GeForce RTX 3080, 6250, 3802, 10240, 97, 98
2026/07/30 23:08:16.139, 0, NVIDIA GeForce RTX 3080, 6250, 3802, 10240, 97, 98
2026/07/30 23:08:16.251, 0, NVIDIA GeForce RTX 3080, 6250, 3802, 10240, 97, 98
2026/07/30 23:08:16.363, 0, NVIDIA GeForce RTX 3080, 6250, 3802, 10240, 97, 98
2026/07/30 23:08:16.475, 0, NVIDIA GeForce RTX 3080, 6250, 3802, 10240, 97, 98
2026/07/30 23:08:16.588, 0, NVIDIA GeForce RTX 3080, 6250, 3802, 10240, 97, 98
2026/07/30 23:08:16.700, 0, NVIDIA GeForce RTX 3080, 6250, 3802, 10240, 97, 98
2026/07/30 23:08:16.812, 0, NVIDIA GeForce RTX 3080, 6250, 3802, 10240, 97, 98
2026/07/30 23:08:16.924, 0, NVIDIA GeForce RTX 3080, 6250, 3802, 10240, 97, 98
2026/07/30 23:08:17.036, 0, NVIDIA GeForce RTX 3080, 6250, 3802, 10240, 97, 98
2026/07/30 23:08:17.147, 0, NVIDIA GeForce RTX 3080, 6250, 3802, 10240, 97, 98
2026/07/30 23:08:17.258, 0, NVIDIA GeForce RTX 3080, 6250, 3802, 10240, 95, 98
2026/07/30 23:08:17.368, 0, NVIDIA GeForce RTX 3080, 6250, 3802, 10240, 95, 98
2026/07/30 23:08:17.480, 0, NVIDIA GeForce RTX 3080, 6250, 3802, 10240, 95, 98
2026/07/30 23:08:17.591, 0, NVIDIA GeForce RTX 3080, 6250, 3802, 10240, 95, 98
2026/07/30 23:08:17.703, 0, NVIDIA GeForce RTX 3080, 6250, 3802, 10240, 96, 98
2026/07/30 23:08:17.815, 0, NVIDIA GeForce RTX 3080, 6250, 3802, 10240, 96, 98
2026/07/30 23:08:17.926, 0, NVIDIA GeForce RTX 3080, 6250, 3802, 10240, 96, 98
2026/07/30 23:08:18.037, 0, NVIDIA GeForce RTX 3080, 6250, 3802, 10240, 96, 98
2026/07/30 23:08:18.148, 0, NVIDIA GeForce RTX 3080, 6250, 3802, 10240, 96, 98
2026/07/30 23:08:18.260, 0, NVIDIA GeForce RTX 3080, 6250, 3802, 10240, 95, 98
2026/07/30 23:08:18.371, 0, NVIDIA GeForce RTX 3080, 6250, 3802, 10240, 95, 98
2026/07/30 23:08:18.483, 0, NVIDIA GeForce RTX 3080, 6250, 3802, 10240, 95, 98
2026/07/30 23:08:18.595, 0, NVIDIA GeForce RTX 3080, 6250, 3802, 10240, 95, 98
2026/07/30 23:08:18.707, 0, NVIDIA GeForce RTX 3080, 6250, 3802, 10240, 95, 98
2026/07/30 23:08:18.819, 0, NVIDIA GeForce RTX 3080, 6250, 3802, 10240, 95, 98
2026/07/30 23:08:18.930, 0, NVIDIA GeForce RTX 3080, 6250, 3802, 10240, 95, 98
2026/07/30 23:08:19.042, 0, NVIDIA GeForce RTX 3080, 6250, 3802, 10240, 95, 98
2026/07/30 23:08:19.154, 0, NVIDIA GeForce RTX 3080, 6250, 3802, 10240, 95, 98
2026/07/30 23:08:19.266, 0, NVIDIA GeForce RTX 3080, 6250, 3802, 10240, 92, 95
2026/07/30 23:08:19.377, 0, NVIDIA GeForce RTX 3080, 6250, 3802, 10240, 92, 95
2026/07/30 23:08:19.489, 0, NVIDIA GeForce RTX 3080, 6250, 3802, 10240, 92, 95
2026/07/30 23:08:19.601, 0, NVIDIA GeForce RTX 3080, 6250, 3802, 10240, 92, 95
2026/07/30 23:08:19.712, 0, NVIDIA GeForce RTX 3080, 6250, 3802, 10240, 97, 98
2026/07/30 23:08:19.823, 0, NVIDIA GeForce RTX 3080, 6250, 3802, 10240, 97, 98
2026/07/30 23:08:19.935, 0, NVIDIA GeForce RTX 3080, 6250, 3802, 10240, 97, 98
2026/07/30 23:08:20.046, 0, NVIDIA GeForce RTX 3080, 6250, 3802, 10240, 97, 98
2026/07/30 23:08:20.158, 0, NVIDIA GeForce RTX 3080, 6250, 3802, 10240, 97, 98
2026/07/30 23:08:20.269, 0, NVIDIA GeForce RTX 3080, 6250, 3802, 10240, 96, 98
2026/07/30 23:08:20.381, 0, NVIDIA GeForce RTX 3080, 6250, 3802, 10240, 96, 98
2026/07/30 23:08:20.493, 0, NVIDIA GeForce RTX 3080, 6250, 3802, 10240, 96, 98
2026/07/30 23:08:20.605, 0, NVIDIA GeForce RTX 3080, 6250, 3802, 10240, 96, 98
2026/07/30 23:08:20.716, 0, NVIDIA GeForce RTX 3080, 6250, 3802, 10240, 96, 98
2026/07/30 23:08:20.828, 0, NVIDIA GeForce RTX 3080, 6250, 3802, 10240, 96, 98
2026/07/30 23:08:20.940, 0, NVIDIA GeForce RTX 3080, 6250, 3802, 10240, 96, 98
2026/07/30 23:08:21.051, 0, NVIDIA GeForce RTX 3080, 6250, 3802, 10240, 96, 98
2026/07/30 23:08:21.161, 0, NVIDIA GeForce RTX 3080, 6250, 3802, 10240, 96, 98
2026/07/30 23:08:21.270, 0, NVIDIA GeForce RTX 3080, 6250, 3802, 10240, 98, 97
2026/07/30 23:08:21.379, 0, NVIDIA GeForce RTX 3080, 6250, 3802, 10240, 98, 97
2026/07/30 23:08:21.488, 0, NVIDIA GeForce RTX 3080, 6250, 3802, 10240, 98, 97
2026/07/30 23:08:21.596, 0, NVIDIA GeForce RTX 3080, 6250, 3802, 10240, 98, 97
2026/07/30 23:08:21.706, 0, NVIDIA GeForce RTX 3080, 6250, 3802, 10240, 98, 97
2026/07/30 23:08:21.815, 0, NVIDIA GeForce RTX 3080, 6250, 3802, 10240, 98, 97
2026/07/30 23:08:21.926, 0, NVIDIA GeForce RTX 3080, 6250, 3802, 10240, 98, 97
2026/07/30 23:08:22.037, 0, NVIDIA GeForce RTX 3080, 6250, 3802, 10240, 98, 97
2026/07/30 23:08:22.149, 0, NVIDIA GeForce RTX 3080, 6250, 3802, 10240, 98, 97
2026/07/30 23:08:22.259, 0, NVIDIA GeForce RTX 3080, 6250, 3802, 10240, 98, 98
2026/07/30 23:08:22.371, 0, NVIDIA GeForce RTX 3080, 6250, 3802, 10240, 98, 98
2026/07/30 23:08:22.482, 0, NVIDIA GeForce RTX 3080, 6250, 3802, 10240, 98, 98
2026/07/30 23:08:22.594, 0, NVIDIA GeForce RTX 3080, 6250, 3802, 10240, 98, 98
2026/07/30 23:08:22.706, 0, NVIDIA GeForce RTX 3080, 6250, 3802, 10240, 98, 98
2026/07/30 23:08:22.818, 0, NVIDIA GeForce RTX 3080, 6250, 3802, 10240, 98, 98
2026/07/30 23:08:22.930, 0, NVIDIA GeForce RTX 3080, 6250, 3802, 10240, 98, 98
2026/07/30 23:08:23.042, 0, NVIDIA GeForce RTX 3080, 6250, 3802, 10240, 98, 98
2026/07/30 23:08:23.152, 0, NVIDIA GeForce RTX 3080, 6250, 3802, 10240, 98, 98
2026/07/30 23:08:23.261, 0, NVIDIA GeForce RTX 3080, 6250, 3802, 10240, 94, 96
2026/07/30 23:08:23.370, 0, NVIDIA GeForce RTX 3080, 6250, 3802, 10240, 94, 96
2026/07/30 23:08:23.479, 0, NVIDIA GeForce RTX 3080, 6250, 3802, 10240, 94, 96
2026/07/30 23:08:23.590, 0, NVIDIA GeForce RTX 3080, 6250, 3802, 10240, 94, 96
2026/07/30 23:08:23.699, 0, NVIDIA GeForce RTX 3080, 6250, 3802, 10240, 96, 98
2026/07/30 23:08:23.811, 0, NVIDIA GeForce RTX 3080, 6250, 3802, 10240, 96, 98
2026/07/30 23:08:23.923, 0, NVIDIA GeForce RTX 3080, 6250, 3802, 10240, 96, 98
2026/07/30 23:08:24.035, 0, NVIDIA GeForce RTX 3080, 6250, 3802, 10240, 96, 98
2026/07/30 23:08:24.147, 0, NVIDIA GeForce RTX 3080, 6250, 3802, 10240, 96, 98
2026/07/30 23:08:24.258, 0, NVIDIA GeForce RTX 3080, 6250, 3802, 10240, 96, 98
2026/07/30 23:08:24.369, 0, NVIDIA GeForce RTX 3080, 6250, 3802, 10240, 96, 98
2026/07/30 23:08:24.481, 0, NVIDIA GeForce RTX 3080, 6250, 3802, 10240, 96, 98
2026/07/30 23:08:24.593, 0, NVIDIA GeForce RTX 3080, 6250, 3802, 10240, 96, 98
2026/07/30 23:08:24.705, 0, NVIDIA GeForce RTX 3080, 6250, 3802, 10240, 96, 98
2026/07/30 23:08:24.816, 0, NVIDIA GeForce RTX 3080, 6250, 3802, 10240, 96, 98
2026/07/30 23:08:24.928, 0, NVIDIA GeForce RTX 3080, 6250, 3802, 10240, 96, 98
2026/07/30 23:08:25.039, 0, NVIDIA GeForce RTX 3080, 6250, 3802, 10240, 96, 98
2026/07/30 23:08:25.150, 0, NVIDIA GeForce RTX 3080, 6250, 3802, 10240, 96, 98
2026/07/30 23:08:25.261, 0, NVIDIA GeForce RTX 3080, 6250, 3802, 10240, 96, 96
2026/07/30 23:08:25.373, 0, NVIDIA GeForce RTX 3080, 6250, 3802, 10240, 96, 96
2026/07/30 23:08:25.485, 0, NVIDIA GeForce RTX 3080, 6250, 3802, 10240, 96, 96
2026/07/30 23:08:25.597, 0, NVIDIA GeForce RTX 3080, 6250, 3802, 10240, 96, 96
2026/07/30 23:08:25.710, 0, NVIDIA GeForce RTX 3080, 6250, 3802, 10240, 97, 98
2026/07/30 23:08:25.822, 0, NVIDIA GeForce RTX 3080, 6250, 3802, 10240, 97, 98
2026/07/30 23:08:25.932, 0, NVIDIA GeForce RTX 3080, 6250, 3802, 10240, 97, 98
2026/07/30 23:08:26.043, 0, NVIDIA GeForce RTX 3080, 6250, 3802, 10240, 97, 98
2026/07/30 23:08:26.155, 0, NVIDIA GeForce RTX 3080, 6250, 3802, 10240, 97, 98
2026/07/30 23:08:26.267, 0, NVIDIA GeForce RTX 3080, 6250, 3802, 10240, 97, 98
2026/07/30 23:08:26.379, 0, NVIDIA GeForce RTX 3080, 6250, 3802, 10240, 97, 98
2026/07/30 23:08:26.490, 0, NVIDIA GeForce RTX 3080, 6250, 3802, 10240, 97, 98
2026/07/30 23:08:26.601, 0, NVIDIA GeForce RTX 3080, 6250, 3802, 10240, 97, 98
2026/07/30 23:08:26.713, 0, NVIDIA GeForce RTX 3080, 6250, 3802, 10240, 97, 97
2026/07/30 23:08:26.824, 0, NVIDIA GeForce RTX 3080, 6250, 3802, 10240, 97, 97
2026/07/30 23:08:26.935, 0, NVIDIA GeForce RTX 3080, 6250, 3802, 10240, 97, 97
2026/07/30 23:08:27.046, 0, NVIDIA GeForce RTX 3080, 6250, 3802, 10240, 97, 97
2026/07/30 23:08:27.157, 0, NVIDIA GeForce RTX 3080, 6250, 3802, 10240, 97, 97
2026/07/30 23:08:27.269, 0, NVIDIA GeForce RTX 3080, 6250, 3802, 10240, 95, 98
2026/07/30 23:08:27.381, 0, NVIDIA GeForce RTX 3080, 6250, 3802, 10240, 95, 98
2026/07/30 23:08:27.493, 0, NVIDIA GeForce RTX 3080, 6250, 3802, 10240, 95, 98
2026/07/30 23:08:27.605, 0, NVIDIA GeForce RTX 3080, 6250, 3802, 10240, 95, 98
2026/07/30 23:08:27.717, 0, NVIDIA GeForce RTX 3080, 6250, 3802, 10240, 96, 98
2026/07/30 23:08:27.830, 0, NVIDIA GeForce RTX 3080, 6250, 3802, 10240, 96, 98
2026/07/30 23:08:27.942, 0, NVIDIA GeForce RTX 3080, 6250, 3802, 10240, 96, 98
2026/07/30 23:08:28.052, 0, NVIDIA GeForce RTX 3080, 6250, 3802, 10240, 96, 98
2026/07/30 23:08:28.161, 0, NVIDIA GeForce RTX 3080, 6250, 3802, 10240, 96, 98
2026/07/30 23:08:28.270, 0, NVIDIA GeForce RTX 3080, 6250, 3802, 10240, 96, 98
2026/07/30 23:08:28.379, 0, NVIDIA GeForce RTX 3080, 6250, 3802, 10240, 96, 98
2026/07/30 23:08:28.488, 0, NVIDIA GeForce RTX 3080, 6250, 3802, 10240, 96, 98
2026/07/30 23:08:28.599, 0, NVIDIA GeForce RTX 3080, 6250, 3802, 10240, 96, 98
2026/07/30 23:08:28.709, 0, NVIDIA GeForce RTX 3080, 6250, 3802, 10240, 96, 98
2026/07/30 23:08:28.821, 0, NVIDIA GeForce RTX 3080, 6250, 3802, 10240, 96, 98
2026/07/30 23:08:28.932, 0, NVIDIA GeForce RTX 3080, 6250, 3802, 10240, 96, 98
2026/07/30 23:08:29.044, 0, NVIDIA GeForce RTX 3080, 6250, 3802, 10240, 96, 98
2026/07/30 23:08:29.155, 0, NVIDIA GeForce RTX 3080, 6250, 3802, 10240, 96, 98
2026/07/30 23:08:29.267, 0, NVIDIA GeForce RTX 3080, 6250, 3802, 10240, 97, 98
2026/07/30 23:08:29.379, 0, NVIDIA GeForce RTX 3080, 6250, 3802, 10240, 97, 98
2026/07/30 23:08:29.490, 0, NVIDIA GeForce RTX 3080, 6250, 3802, 10240, 97, 98
2026/07/30 23:08:29.602, 0, NVIDIA GeForce RTX 3080, 6250, 3802, 10240, 97, 98
2026/07/30 23:08:29.713, 0, NVIDIA GeForce RTX 3080, 6250, 3802, 10240, 97, 98
2026/07/30 23:08:29.824, 0, NVIDIA GeForce RTX 3080, 6250, 3802, 10240, 97, 98
2026/07/30 23:08:29.936, 0, NVIDIA GeForce RTX 3080, 6250, 3802, 10240, 97, 98
2026/07/30 23:08:30.046, 0, NVIDIA GeForce RTX 3080, 6250, 3802, 10240, 97, 98
2026/07/30 23:08:30.155, 0, NVIDIA GeForce RTX 3080, 6250, 3802, 10240, 97, 98
2026/07/30 23:08:30.265, 0, NVIDIA GeForce RTX 3080, 6250, 3802, 10240, 97, 98
2026/07/30 23:08:30.377, 0, NVIDIA GeForce RTX 3080, 6250, 3802, 10240, 97, 98
2026/07/30 23:08:30.489, 0, NVIDIA GeForce RTX 3080, 6250, 3802, 10240, 97, 98
2026/07/30 23:08:30.601, 0, NVIDIA GeForce RTX 3080, 6250, 3802, 10240, 97, 98
2026/07/30 23:08:30.713, 0, NVIDIA GeForce RTX 3080, 6250, 3802, 10240, 97, 98
2026/07/30 23:08:30.825, 0, NVIDIA GeForce RTX 3080, 6250, 3802, 10240, 97, 98
2026/07/30 23:08:30.937, 0, NVIDIA GeForce RTX 3080, 6250, 3802, 10240, 97, 98
2026/07/30 23:08:31.049, 0, NVIDIA GeForce RTX 3080, 6250, 3802, 10240, 97, 98
2026/07/30 23:08:31.161, 0, NVIDIA GeForce RTX 3080, 6250, 3802, 10240, 97, 98
2026/07/30 23:08:31.273, 0, NVIDIA GeForce RTX 3080, 6250, 3802, 10240, 95, 98
2026/07/30 23:08:31.385, 0, NVIDIA GeForce RTX 3080, 6250, 3802, 10240, 95, 98
2026/07/30 23:08:31.497, 0, NVIDIA GeForce RTX 3080, 6250, 3802, 10240, 95, 98
2026/07/30 23:08:31.610, 0, NVIDIA GeForce RTX 3080, 6250, 3802, 10240, 95, 98
2026/07/30 23:08:31.722, 0, NVIDIA GeForce RTX 3080, 6250, 3802, 10240, 95, 97
2026/07/30 23:08:31.834, 0, NVIDIA GeForce RTX 3080, 6250, 3802, 10240, 95, 97
2026/07/30 23:08:31.946, 0, NVIDIA GeForce RTX 3080, 6250, 3802, 10240, 95, 97
2026/07/30 23:08:32.058, 0, NVIDIA GeForce RTX 3080, 6250, 3802, 10240, 95, 97
2026/07/30 23:08:32.169, 0, NVIDIA GeForce RTX 3080, 6250, 3802, 10240, 95, 97
2026/07/30 23:08:32.281, 0, NVIDIA GeForce RTX 3080, 6250, 3802, 10240, 96, 98
2026/07/30 23:08:32.392, 0, NVIDIA GeForce RTX 3080, 6250, 3802, 10240, 96, 98
2026/07/30 23:08:32.503, 0, NVIDIA GeForce RTX 3080, 6250, 3802, 10240, 96, 98
2026/07/30 23:08:32.614, 0, NVIDIA GeForce RTX 3080, 6250, 3802, 10240, 96, 98
2026/07/30 23:08:32.726, 0, NVIDIA GeForce RTX 3080, 6250, 3802, 10240, 95, 98
2026/07/30 23:08:32.838, 0, NVIDIA GeForce RTX 3080, 6250, 3802, 10240, 95, 98
2026/07/30 23:08:32.950, 0, NVIDIA GeForce RTX 3080, 6250, 3802, 10240, 95, 98
2026/07/30 23:08:33.062, 0, NVIDIA GeForce RTX 3080, 6250, 3802, 10240, 95, 98
2026/07/30 23:08:33.174, 0, NVIDIA GeForce RTX 3080, 6250, 3802, 10240, 95, 98
2026/07/30 23:08:33.286, 0, NVIDIA GeForce RTX 3080, 6250, 3802, 10240, 92, 94
2026/07/30 23:08:33.398, 0, NVIDIA GeForce RTX 3080, 6250, 3802, 10240, 92, 94
2026/07/30 23:08:33.510, 0, NVIDIA GeForce RTX 3080, 6250, 3802, 10240, 92, 94
2026/07/30 23:08:33.622, 0, NVIDIA GeForce RTX 3080, 6250, 3802, 10240, 92, 94
2026/07/30 23:08:33.734, 0, NVIDIA GeForce RTX 3080, 6250, 3802, 10240, 96, 97
2026/07/30 23:08:33.846, 0, NVIDIA GeForce RTX 3080, 6250, 3802, 10240, 96, 97
2026/07/30 23:08:33.958, 0, NVIDIA GeForce RTX 3080, 6250, 3802, 10240, 96, 97
2026/07/30 23:08:34.069, 0, NVIDIA GeForce RTX 3080, 6250, 3802, 10240, 96, 97
2026/07/30 23:08:34.181, 0, NVIDIA GeForce RTX 3080, 6250, 3802, 10240, 96, 97
2026/07/30 23:08:34.293, 0, NVIDIA GeForce RTX 3080, 6250, 3802, 10240, 96, 97
2026/07/30 23:08:34.405, 0, NVIDIA GeForce RTX 3080, 6250, 3802, 10240, 96, 97
2026/07/30 23:08:34.517, 0, NVIDIA GeForce RTX 3080, 6250, 3802, 10240, 96, 97
2026/07/30 23:08:34.629, 0, NVIDIA GeForce RTX 3080, 6250, 3802, 10240, 96, 97
2026/07/30 23:08:34.740, 0, NVIDIA GeForce RTX 3080, 6250, 3802, 10240, 96, 97
2026/07/30 23:08:34.852, 0, NVIDIA GeForce RTX 3080, 6250, 3802, 10240, 96, 97
2026/07/30 23:08:34.964, 0, NVIDIA GeForce RTX 3080, 6250, 3802, 10240, 96, 97
2026/07/30 23:08:35.075, 0, NVIDIA GeForce RTX 3080, 6250, 3802, 10240, 96, 97
2026/07/30 23:08:35.185, 0, NVIDIA GeForce RTX 3080, 6250, 3802, 10240, 96, 97
2026/07/30 23:08:35.297, 0, NVIDIA GeForce RTX 3080, 6250, 3802, 10240, 97, 97
2026/07/30 23:08:35.408, 0, NVIDIA GeForce RTX 3080, 6250, 3802, 10240, 97, 97
2026/07/30 23:08:35.520, 0, NVIDIA GeForce RTX 3080, 6250, 3802, 10240, 97, 97
2026/07/30 23:08:35.631, 0, NVIDIA GeForce RTX 3080, 6250, 3802, 10240, 97, 97
2026/07/30 23:08:35.742, 0, NVIDIA GeForce RTX 3080, 6250, 3802, 10240, 98, 97
2026/07/30 23:08:35.852, 0, NVIDIA GeForce RTX 3080, 6250, 3802, 10240, 98, 97
2026/07/30 23:08:35.964, 0, NVIDIA GeForce RTX 3080, 6250, 3802, 10240, 98, 97
2026/07/30 23:08:36.075, 0, NVIDIA GeForce RTX 3080, 6250, 3802, 10240, 98, 97
2026/07/30 23:08:36.185, 0, NVIDIA GeForce RTX 3080, 6250, 3802, 10240, 98, 97
2026/07/30 23:08:36.296, 0, NVIDIA GeForce RTX 3080, 6250, 3802, 10240, 98, 98
2026/07/30 23:08:36.407, 0, NVIDIA GeForce RTX 3080, 6250, 3802, 10240, 98, 98
2026/07/30 23:08:36.519, 0, NVIDIA GeForce RTX 3080, 6250, 3802, 10240, 98, 98
2026/07/30 23:08:36.631, 0, NVIDIA GeForce RTX 3080, 6250, 3802, 10240, 98, 98
2026/07/30 23:08:36.743, 0, NVIDIA GeForce RTX 3080, 6250, 3802, 10240, 97, 98
2026/07/30 23:08:36.855, 0, NVIDIA GeForce RTX 3080, 6250, 3802, 10240, 97, 98
2026/07/30 23:08:36.967, 0, NVIDIA GeForce RTX 3080, 6250, 3802, 10240, 97, 98
2026/07/30 23:08:37.079, 0, NVIDIA GeForce RTX 3080, 6250, 3802, 10240, 97, 98
2026/07/30 23:08:37.190, 0, NVIDIA GeForce RTX 3080, 6250, 3802, 10240, 97, 98
2026/07/30 23:08:37.301, 0, NVIDIA GeForce RTX 3080, 6250, 3802, 10240, 95, 97
2026/07/30 23:08:37.413, 0, NVIDIA GeForce RTX 3080, 6250, 3802, 10240, 95, 97
2026/07/30 23:08:37.525, 0, NVIDIA GeForce RTX 3080, 6250, 3802, 10240, 95, 97
2026/07/30 23:08:37.637, 0, NVIDIA GeForce RTX 3080, 6250, 3802, 10240, 95, 97
2026/07/30 23:08:37.749, 0, NVIDIA GeForce RTX 3080, 6250, 3802, 10240, 96, 98
2026/07/30 23:08:37.861, 0, NVIDIA GeForce RTX 3080, 6250, 3802, 10240, 96, 98
2026/07/30 23:08:37.973, 0, NVIDIA GeForce RTX 3080, 6250, 3802, 10240, 96, 98
2026/07/30 23:08:38.085, 0, NVIDIA GeForce RTX 3080, 6250, 3802, 10240, 96, 98
2026/07/30 23:08:38.197, 0, NVIDIA GeForce RTX 3080, 6250, 3802, 10240, 95, 98
2026/07/30 23:08:38.309, 0, NVIDIA GeForce RTX 3080, 6250, 3802, 10240, 95, 98
2026/07/30 23:08:38.422, 0, NVIDIA GeForce RTX 3080, 6250, 3802, 10240, 95, 98
2026/07/30 23:08:38.534, 0, NVIDIA GeForce RTX 3080, 6250, 3802, 10240, 95, 98
2026/07/30 23:08:38.646, 0, NVIDIA GeForce RTX 3080, 6250, 3802, 10240, 95, 98
2026/07/30 23:08:38.758, 0, NVIDIA GeForce RTX 3080, 6250, 3802, 10240, 96, 98
2026/07/30 23:08:38.870, 0, NVIDIA GeForce RTX 3080, 6250, 3802, 10240, 96, 98
2026/07/30 23:08:38.982, 0, NVIDIA GeForce RTX 3080, 6250, 3802, 10240, 96, 98
2026/07/30 23:08:39.094, 0, NVIDIA GeForce RTX 3080, 6250, 3802, 10240, 96, 98
2026/07/30 23:08:39.205, 0, NVIDIA GeForce RTX 3080, 6250, 3802, 10240, 96, 97
2026/07/30 23:08:39.315, 0, NVIDIA GeForce RTX 3080, 6250, 3802, 10240, 96, 97
2026/07/30 23:08:39.427, 0, NVIDIA GeForce RTX 3080, 6250, 3802, 10240, 96, 97
2026/07/30 23:08:39.539, 0, NVIDIA GeForce RTX 3080, 6250, 3802, 10240, 96, 97
2026/07/30 23:08:39.650, 0, NVIDIA GeForce RTX 3080, 6250, 3802, 10240, 96, 97
2026/07/30 23:08:39.762, 0, NVIDIA GeForce RTX 3080, 6250, 3802, 10240, 97, 98
2026/07/30 23:08:39.875, 0, NVIDIA GeForce RTX 3080, 6250, 3802, 10240, 97, 98
2026/07/30 23:08:39.987, 0, NVIDIA GeForce RTX 3080, 6250, 3802, 10240, 97, 98
2026/07/30 23:08:40.099, 0, NVIDIA GeForce RTX 3080, 6250, 3802, 10240, 97, 98
2026/07/30 23:08:40.211, 0, NVIDIA GeForce RTX 3080, 6250, 3802, 10240, 97, 98
2026/07/30 23:08:40.323, 0, NVIDIA GeForce RTX 3080, 6250, 3802, 10240, 97, 98
2026/07/30 23:08:40.435, 0, NVIDIA GeForce RTX 3080, 6250, 3802, 10240, 97, 98
2026/07/30 23:08:40.547, 0, NVIDIA GeForce RTX 3080, 6250, 3802, 10240, 97, 98
2026/07/30 23:08:40.659, 0, NVIDIA GeForce RTX 3080, 6250, 3802, 10240, 97, 98
2026/07/30 23:08:40.771, 0, NVIDIA GeForce RTX 3080, 6250, 3802, 10240, 97, 98
2026/07/30 23:08:40.883, 0, NVIDIA GeForce RTX 3080, 6250, 3802, 10240, 97, 98
2026/07/30 23:08:40.995, 0, NVIDIA GeForce RTX 3080, 6250, 3802, 10240, 97, 98
2026/07/30 23:08:41.105, 0, NVIDIA GeForce RTX 3080, 6250, 3802, 10240, 97, 98
2026/07/30 23:08:41.215, 0, NVIDIA GeForce RTX 3080, 6250, 3802, 10240, 95, 98
2026/07/30 23:08:41.324, 0, NVIDIA GeForce RTX 3080, 6250, 3802, 10240, 95, 98
2026/07/30 23:08:41.433, 0, NVIDIA GeForce RTX 3080, 6250, 3802, 10240, 95, 98
2026/07/30 23:08:41.543, 0, NVIDIA GeForce RTX 3080, 6250, 3802, 10240, 95, 98
2026/07/30 23:08:41.653, 0, NVIDIA GeForce RTX 3080, 6250, 3802, 10240, 95, 98
2026/07/30 23:08:41.762, 0, NVIDIA GeForce RTX 3080, 6250, 3802, 10240, 95, 98
2026/07/30 23:08:41.873, 0, NVIDIA GeForce RTX 3080, 6250, 3802, 10240, 95, 98
2026/07/30 23:08:41.986, 0, NVIDIA GeForce RTX 3080, 6250, 3802, 10240, 95, 98
2026/07/30 23:08:42.098, 0, NVIDIA GeForce RTX 3080, 6250, 3802, 10240, 95, 98
2026/07/30 23:08:42.209, 0, NVIDIA GeForce RTX 3080, 6250, 3802, 10240, 96, 98
2026/07/30 23:08:42.321, 0, NVIDIA GeForce RTX 3080, 6250, 3802, 10240, 96, 98
2026/07/30 23:08:42.431, 0, NVIDIA GeForce RTX 3080, 6250, 3802, 10240, 96, 98
2026/07/30 23:08:42.543, 0, NVIDIA GeForce RTX 3080, 6250, 3802, 10240, 96, 98
2026/07/30 23:08:42.653, 0, NVIDIA GeForce RTX 3080, 6250, 3802, 10240, 96, 98
2026/07/30 23:08:42.764, 0, NVIDIA GeForce RTX 3080, 6250, 3802, 10240, 95, 98
2026/07/30 23:08:42.875, 0, NVIDIA GeForce RTX 3080, 6250, 3802, 10240, 95, 98
2026/07/30 23:08:42.987, 0, NVIDIA GeForce RTX 3080, 6250, 3802, 10240, 95, 98
2026/07/30 23:08:43.096, 0, NVIDIA GeForce RTX 3080, 6250, 3802, 10240, 95, 98
2026/07/30 23:08:43.205, 0, NVIDIA GeForce RTX 3080, 6250, 3802, 10240, 97, 98
2026/07/30 23:08:43.313, 0, NVIDIA GeForce RTX 3080, 6250, 3802, 10240, 97, 98
2026/07/30 23:08:43.423, 0, NVIDIA GeForce RTX 3080, 6250, 3802, 10240, 97, 98
2026/07/30 23:08:43.533, 0, NVIDIA GeForce RTX 3080, 6250, 3802, 10240, 97, 98
2026/07/30 23:08:43.645, 0, NVIDIA GeForce RTX 3080, 6250, 3802, 10240, 97, 98
2026/07/30 23:08:43.757, 0, NVIDIA GeForce RTX 3080, 6250, 3802, 10240, 97, 98
2026/07/30 23:08:43.869, 0, NVIDIA GeForce RTX 3080, 6250, 3802, 10240, 97, 98
2026/07/30 23:08:43.981, 0, NVIDIA GeForce RTX 3080, 6250, 3802, 10240, 97, 98
2026/07/30 23:08:44.092, 0, NVIDIA GeForce RTX 3080, 6250, 3802, 10240, 97, 98
2026/07/30 23:08:44.203, 0, NVIDIA GeForce RTX 3080, 6250, 3802, 10240, 97, 98
2026/07/30 23:08:44.315, 0, NVIDIA GeForce RTX 3080, 6250, 3802, 10240, 97, 98
2026/07/30 23:08:44.427, 0, NVIDIA GeForce RTX 3080, 6250, 3802, 10240, 97, 98
2026/07/30 23:08:44.539, 0, NVIDIA GeForce RTX 3080, 6250, 3802, 10240, 97, 98
2026/07/30 23:08:44.651, 0, NVIDIA GeForce RTX 3080, 6250, 3802, 10240, 97, 98
2026/07/30 23:08:44.763, 0, NVIDIA GeForce RTX 3080, 6250, 3802, 10240, 97, 98
2026/07/30 23:08:44.875, 0, NVIDIA GeForce RTX 3080, 6250, 3802, 10240, 97, 98
2026/07/30 23:08:44.987, 0, NVIDIA GeForce RTX 3080, 6250, 3802, 10240, 97, 98
2026/07/30 23:08:45.099, 0, NVIDIA GeForce RTX 3080, 6250, 3802, 10240, 97, 98
2026/07/30 23:08:45.211, 0, NVIDIA GeForce RTX 3080, 6250, 3802, 10240, 95, 98
2026/07/30 23:08:45.323, 0, NVIDIA GeForce RTX 3080, 6250, 3802, 10240, 95, 98
2026/07/30 23:08:45.435, 0, NVIDIA GeForce RTX 3080, 6250, 3802, 10240, 95, 98
2026/07/30 23:08:45.546, 0, NVIDIA GeForce RTX 3080, 6250, 3802, 10240, 95, 98
2026/07/30 23:08:45.658, 0, NVIDIA GeForce RTX 3080, 6250, 3802, 10240, 95, 98
2026/07/30 23:08:45.769, 0, NVIDIA GeForce RTX 3080, 6250, 3802, 10240, 95, 98
2026/07/30 23:08:45.880, 0, NVIDIA GeForce RTX 3080, 6250, 3802, 10240, 95, 98
2026/07/30 23:08:45.992, 0, NVIDIA GeForce RTX 3080, 6250, 3802, 10240, 95, 98
2026/07/30 23:08:46.103, 0, NVIDIA GeForce RTX 3080, 6250, 3802, 10240, 95, 98
2026/07/30 23:08:46.213, 0, NVIDIA GeForce RTX 3080, 6250, 3802, 10240, 94, 97
2026/07/30 23:08:46.325, 0, NVIDIA GeForce RTX 3080, 6250, 3802, 10240, 94, 97
2026/07/30 23:08:46.437, 0, NVIDIA GeForce RTX 3080, 6250, 3802, 10240, 94, 97
2026/07/30 23:08:46.549, 0, NVIDIA GeForce RTX 3080, 6250, 3802, 10240, 94, 97
2026/07/30 23:08:46.661, 0, NVIDIA GeForce RTX 3080, 6250, 3802, 10240, 94, 97
2026/07/30 23:08:46.773, 0, NVIDIA GeForce RTX 3080, 6250, 3802, 10240, 95, 98
2026/07/30 23:08:46.885, 0, NVIDIA GeForce RTX 3080, 6250, 3802, 10240, 95, 98
2026/07/30 23:08:46.997, 0, NVIDIA GeForce RTX 3080, 6250, 3802, 10240, 95, 98
2026/07/30 23:08:47.109, 0, NVIDIA GeForce RTX 3080, 6250, 3802, 10240, 95, 98
2026/07/30 23:08:47.221, 0, NVIDIA GeForce RTX 3080, 6250, 3802, 10240, 92, 95
2026/07/30 23:08:47.333, 0, NVIDIA GeForce RTX 3080, 6250, 3802, 10240, 92, 95
2026/07/30 23:08:47.446, 0, NVIDIA GeForce RTX 3080, 6250, 3802, 10240, 92, 95
2026/07/30 23:08:47.558, 0, NVIDIA GeForce RTX 3080, 6250, 3802, 10240, 92, 95
2026/07/30 23:08:47.670, 0, NVIDIA GeForce RTX 3080, 6250, 3802, 10240, 92, 95
2026/07/30 23:08:47.782, 0, NVIDIA GeForce RTX 3080, 6250, 3802, 10240, 97, 98
2026/07/30 23:08:47.893, 0, NVIDIA GeForce RTX 3080, 6250, 3802, 10240, 97, 98
2026/07/30 23:08:48.005, 0, NVIDIA GeForce RTX 3080, 6250, 3802, 10240, 97, 98
2026/07/30 23:08:48.115, 0, NVIDIA GeForce RTX 3080, 6250, 3802, 10240, 97, 98
2026/07/30 23:08:48.225, 0, NVIDIA GeForce RTX 3080, 6250, 3802, 10240, 96, 97
2026/07/30 23:08:48.333, 0, NVIDIA GeForce RTX 3080, 6250, 3802, 10240, 96, 97
2026/07/30 23:08:48.442, 0, NVIDIA GeForce RTX 3080, 6250, 3802, 10240, 96, 97
2026/07/30 23:08:48.554, 0, NVIDIA GeForce RTX 3080, 6250, 3802, 10240, 96, 97
2026/07/30 23:08:48.666, 0, NVIDIA GeForce RTX 3080, 6250, 3802, 10240, 96, 97
2026/07/30 23:08:48.778, 0, NVIDIA GeForce RTX 3080, 6250, 3802, 10240, 96, 97
2026/07/30 23:08:48.890, 0, NVIDIA GeForce RTX 3080, 6250, 3802, 10240, 96, 97
2026/07/30 23:08:49.002, 0, NVIDIA GeForce RTX 3080, 6250, 3802, 10240, 96, 97
2026/07/30 23:08:49.114, 0, NVIDIA GeForce RTX 3080, 6250, 3802, 10240, 96, 97
2026/07/30 23:08:49.226, 0, NVIDIA GeForce RTX 3080, 6250, 3802, 10240, 98, 98
2026/07/30 23:08:49.338, 0, NVIDIA GeForce RTX 3080, 6250, 3802, 10240, 98, 98
2026/07/30 23:08:49.451, 0, NVIDIA GeForce RTX 3080, 6250, 3802, 10240, 98, 98
2026/07/30 23:08:49.563, 0, NVIDIA GeForce RTX 3080, 6250, 3802, 10240, 98, 98
2026/07/30 23:08:49.675, 0, NVIDIA GeForce RTX 3080, 6250, 3802, 10240, 98, 98
2026/07/30 23:08:49.787, 0, NVIDIA GeForce RTX 3080, 6250, 3802, 10240, 98, 98
2026/07/30 23:08:49.899, 0, NVIDIA GeForce RTX 3080, 6250, 3802, 10240, 98, 98
2026/07/30 23:08:50.011, 0, NVIDIA GeForce RTX 3080, 6250, 3802, 10240, 98, 98
2026/07/30 23:08:50.121, 0, NVIDIA GeForce RTX 3080, 6250, 3802, 10240, 98, 98
2026/07/30 23:08:50.232, 0, NVIDIA GeForce RTX 3080, 6250, 3802, 10240, 98, 97
2026/07/30 23:08:50.344, 0, NVIDIA GeForce RTX 3080, 6250, 3802, 10240, 98, 97
2026/07/30 23:08:50.455, 0, NVIDIA GeForce RTX 3080, 6250, 3802, 10240, 98, 97
2026/07/30 23:08:50.567, 0, NVIDIA GeForce RTX 3080, 6250, 3802, 10240, 98, 97
2026/07/30 23:08:50.679, 0, NVIDIA GeForce RTX 3080, 6250, 3802, 10240, 98, 97
2026/07/30 23:08:50.790, 0, NVIDIA GeForce RTX 3080, 6250, 3802, 10240, 98, 98
2026/07/30 23:08:50.902, 0, NVIDIA GeForce RTX 3080, 6250, 3802, 10240, 98, 98
2026/07/30 23:08:51.014, 0, NVIDIA GeForce RTX 3080, 6250, 3802, 10240, 98, 98
2026/07/30 23:08:51.126, 0, NVIDIA GeForce RTX 3080, 6250, 3802, 10240, 98, 98
2026/07/30 23:08:51.238, 0, NVIDIA GeForce RTX 3080, 6250, 3802, 10240, 95, 97
2026/07/30 23:08:51.349, 0, NVIDIA GeForce RTX 3080, 6250, 3802, 10240, 95, 97
2026/07/30 23:08:51.461, 0, NVIDIA GeForce RTX 3080, 6250, 3802, 10240, 95, 97
2026/07/30 23:08:51.574, 0, NVIDIA GeForce RTX 3080, 6250, 3802, 10240, 95, 97
2026/07/30 23:08:51.686, 0, NVIDIA GeForce RTX 3080, 6250, 3802, 10240, 95, 97
2026/07/30 23:08:51.798, 0, NVIDIA GeForce RTX 3080, 6250, 3802, 10240, 95, 98
2026/07/30 23:08:51.910, 0, NVIDIA GeForce RTX 3080, 6250, 3802, 10240, 95, 98
2026/07/30 23:08:52.022, 0, NVIDIA GeForce RTX 3080, 6250, 3802, 10240, 95, 98
2026/07/30 23:08:52.134, 0, NVIDIA GeForce RTX 3080, 6250, 3802, 10240, 95, 98
2026/07/30 23:08:52.246, 0, NVIDIA GeForce RTX 3080, 6250, 3802, 10240, 95, 97
2026/07/30 23:08:52.358, 0, NVIDIA GeForce RTX 3080, 6250, 3802, 10240, 95, 97
2026/07/30 23:08:52.469, 0, NVIDIA GeForce RTX 3080, 6250, 3802, 10240, 95, 97
2026/07/30 23:08:52.581, 0, NVIDIA GeForce RTX 3080, 6250, 3802, 10240, 95, 97
2026/07/30 23:08:52.691, 0, NVIDIA GeForce RTX 3080, 6250, 3802, 10240, 95, 97
2026/07/30 23:08:52.803, 0, NVIDIA GeForce RTX 3080, 6250, 3802, 10240, 96, 98
2026/07/30 23:08:52.912, 0, NVIDIA GeForce RTX 3080, 6250, 3802, 10240, 96, 98
2026/07/30 23:08:53.024, 0, NVIDIA GeForce RTX 3080, 6250, 3802, 10240, 96, 98
2026/07/30 23:08:53.136, 0, NVIDIA GeForce RTX 3080, 6250, 3802, 10240, 96, 98
2026/07/30 23:08:53.249, 0, NVIDIA GeForce RTX 3080, 6250, 3802, 10240, 96, 96
2026/07/30 23:08:53.361, 0, NVIDIA GeForce RTX 3080, 6250, 3802, 10240, 96, 96
2026/07/30 23:08:53.473, 0, NVIDIA GeForce RTX 3080, 6250, 3802, 10240, 96, 96
2026/07/30 23:08:53.585, 0, NVIDIA GeForce RTX 3080, 6250, 3802, 10240, 96, 96
2026/07/30 23:08:53.696, 0, NVIDIA GeForce RTX 3080, 6250, 3802, 10240, 97, 98
2026/07/30 23:08:53.807, 0, NVIDIA GeForce RTX 3080, 6250, 3802, 10240, 97, 98
2026/07/30 23:08:53.919, 0, NVIDIA GeForce RTX 3080, 6250, 3802, 10240, 97, 98
2026/07/30 23:08:54.031, 0, NVIDIA GeForce RTX 3080, 6250, 3802, 10240, 97, 98
2026/07/30 23:08:54.142, 0, NVIDIA GeForce RTX 3080, 6250, 3802, 10240, 97, 98
2026/07/30 23:08:54.254, 0, NVIDIA GeForce RTX 3080, 6250, 3802, 10240, 97, 98
2026/07/30 23:08:54.366, 0, NVIDIA GeForce RTX 3080, 6250, 3802, 10240, 97, 98
2026/07/30 23:08:54.478, 0, NVIDIA GeForce RTX 3080, 6250, 3802, 10240, 97, 98
2026/07/30 23:08:54.590, 0, NVIDIA GeForce RTX 3080, 6250, 3802, 10240, 97, 98
2026/07/30 23:08:54.702, 0, NVIDIA GeForce RTX 3080, 6250, 3802, 10240, 98, 98
2026/07/30 23:08:54.814, 0, NVIDIA GeForce RTX 3080, 6250, 3802, 10240, 98, 98
2026/07/30 23:08:54.926, 0, NVIDIA GeForce RTX 3080, 6250, 3802, 10240, 98, 98
2026/07/30 23:08:55.038, 0, NVIDIA GeForce RTX 3080, 6250, 3802, 10240, 98, 98
2026/07/30 23:08:55.149, 0, NVIDIA GeForce RTX 3080, 6250, 3802, 10240, 98, 98
2026/07/30 23:08:55.262, 0, NVIDIA GeForce RTX 3080, 6250, 3802, 10240, 96, 98
2026/07/30 23:08:55.374, 0, NVIDIA GeForce RTX 3080, 6250, 3802, 10240, 96, 98
2026/07/30 23:08:55.486, 0, NVIDIA GeForce RTX 3080, 6250, 3802, 10240, 96, 98
2026/07/30 23:08:55.598, 0, NVIDIA GeForce RTX 3080, 6250, 3802, 10240, 96, 98
2026/07/30 23:08:55.710, 0, NVIDIA GeForce RTX 3080, 6250, 3802, 10240, 96, 98
2026/07/30 23:08:55.822, 0, NVIDIA GeForce RTX 3080, 6250, 3802, 10240, 96, 98
2026/07/30 23:08:55.934, 0, NVIDIA GeForce RTX 3080, 6250, 3802, 10240, 96, 98
2026/07/30 23:08:56.046, 0, NVIDIA GeForce RTX 3080, 6250, 3802, 10240, 96, 98
2026/07/30 23:08:56.157, 0, NVIDIA GeForce RTX 3080, 6250, 3802, 10240, 96, 98
2026/07/30 23:08:56.269, 0, NVIDIA GeForce RTX 3080, 6250, 3802, 10240, 96, 98
2026/07/30 23:08:56.381, 0, NVIDIA GeForce RTX 3080, 6250, 3802, 10240, 96, 98
2026/07/30 23:08:56.491, 0, NVIDIA GeForce RTX 3080, 6250, 3802, 10240, 96, 98
2026/07/30 23:08:56.603, 0, NVIDIA GeForce RTX 3080, 6250, 3802, 10240, 96, 98
2026/07/30 23:08:56.715, 0, NVIDIA GeForce RTX 3080, 6250, 3802, 10240, 95, 98
2026/07/30 23:08:56.827, 0, NVIDIA GeForce RTX 3080, 6250, 3802, 10240, 95, 98
2026/07/30 23:08:56.939, 0, NVIDIA GeForce RTX 3080, 6250, 3802, 10240, 95, 98
2026/07/30 23:08:57.051, 0, NVIDIA GeForce RTX 3080, 6250, 3802, 10240, 95, 98
2026/07/30 23:08:57.163, 0, NVIDIA GeForce RTX 3080, 6250, 3802, 10240, 95, 98
2026/07/30 23:08:57.275, 0, NVIDIA GeForce RTX 3080, 6250, 3802, 10240, 96, 97
2026/07/30 23:08:57.387, 0, NVIDIA GeForce RTX 3080, 6250, 3802, 10240, 96, 97
2026/07/30 23:08:57.499, 0, NVIDIA GeForce RTX 3080, 6250, 3802, 10240, 96, 97
2026/07/30 23:08:57.611, 0, NVIDIA GeForce RTX 3080, 6250, 3802, 10240, 96, 97
2026/07/30 23:08:57.723, 0, NVIDIA GeForce RTX 3080, 6250, 3802, 10240, 97, 98
2026/07/30 23:08:57.834, 0, NVIDIA GeForce RTX 3080, 6250, 3802, 10240, 97, 98
2026/07/30 23:08:57.946, 0, NVIDIA GeForce RTX 3080, 6250, 3802, 10240, 97, 98
2026/07/30 23:08:58.058, 0, NVIDIA GeForce RTX 3080, 6250, 3802, 10240, 97, 98
2026/07/30 23:08:58.170, 0, NVIDIA GeForce RTX 3080, 6250, 3802, 10240, 97, 98
2026/07/30 23:08:58.282, 0, NVIDIA GeForce RTX 3080, 6250, 3802, 10240, 97, 98
2026/07/30 23:08:58.394, 0, NVIDIA GeForce RTX 3080, 6250, 3802, 10240, 97, 98
2026/07/30 23:08:58.506, 0, NVIDIA GeForce RTX 3080, 6250, 3802, 10240, 97, 98
2026/07/30 23:08:58.618, 0, NVIDIA GeForce RTX 3080, 6250, 3802, 10240, 97, 98
2026/07/30 23:08:58.731, 0, NVIDIA GeForce RTX 3080, 6250, 3802, 10240, 97, 98
2026/07/30 23:08:58.843, 0, NVIDIA GeForce RTX 3080, 6250, 3802, 10240, 97, 98
2026/07/30 23:08:58.955, 0, NVIDIA GeForce RTX 3080, 6250, 3802, 10240, 97, 98
2026/07/30 23:08:59.067, 0, NVIDIA GeForce RTX 3080, 6250, 3802, 10240, 97, 98
2026/07/30 23:08:59.179, 0, NVIDIA GeForce RTX 3080, 6250, 3802, 10240, 97, 98
2026/07/30 23:08:59.291, 0, NVIDIA GeForce RTX 3080, 6250, 3802, 10240, 94, 97
2026/07/30 23:08:59.403, 0, NVIDIA GeForce RTX 3080, 6250, 3802, 10240, 94, 97
2026/07/30 23:08:59.515, 0, NVIDIA GeForce RTX 3080, 6250, 3802, 10240, 94, 97
2026/07/30 23:08:59.627, 0, NVIDIA GeForce RTX 3080, 6250, 3802, 10240, 94, 97
2026/07/30 23:08:59.739, 0, NVIDIA GeForce RTX 3080, 6250, 3802, 10240, 95, 98
2026/07/30 23:08:59.851, 0, NVIDIA GeForce RTX 3080, 6250, 3802, 10240, 95, 98
2026/07/30 23:08:59.963, 0, NVIDIA GeForce RTX 3080, 6250, 3802, 10240, 95, 98
2026/07/30 23:09:00.075, 0, NVIDIA GeForce RTX 3080, 6250, 3802, 10240, 95, 98
2026/07/30 23:09:00.187, 0, NVIDIA GeForce RTX 3080, 6250, 3802, 10240, 95, 98
2026/07/30 23:09:00.297, 0, NVIDIA GeForce RTX 3080, 6250, 3802, 10240, 96, 98
2026/07/30 23:09:00.408, 0, NVIDIA GeForce RTX 3080, 6250, 3802, 10240, 96, 98
2026/07/30 23:09:00.520, 0, NVIDIA GeForce RTX 3080, 6250, 3802, 10240, 96, 98
2026/07/30 23:09:00.631, 0, NVIDIA GeForce RTX 3080, 6250, 3802, 10240, 96, 98
2026/07/30 23:09:00.743, 0, NVIDIA GeForce RTX 3080, 6250, 3802, 10240, 96, 98
2026/07/30 23:09:00.855, 0, NVIDIA GeForce RTX 3080, 6250, 3802, 10240, 96, 98
2026/07/30 23:09:00.967, 0, NVIDIA GeForce RTX 3080, 6250, 3802, 10240, 96, 98
2026/07/30 23:09:01.078, 0, NVIDIA GeForce RTX 3080, 6250, 3802, 10240, 96, 98
2026/07/30 23:09:01.187, 0, NVIDIA GeForce RTX 3080, 6250, 3802, 10240, 96, 98
2026/07/30 23:09:01.296, 0, NVIDIA GeForce RTX 3080, 6250, 3802, 10240, 92, 95
2026/07/30 23:09:01.406, 0, NVIDIA GeForce RTX 3080, 6250, 3802, 10240, 92, 95
2026/07/30 23:09:01.516, 0, NVIDIA GeForce RTX 3080, 6250, 3802, 10240, 92, 95
2026/07/30 23:09:01.625, 0, NVIDIA GeForce RTX 3080, 6250, 3802, 10240, 92, 95
2026/07/30 23:09:01.732, 0, NVIDIA GeForce RTX 3080, 6250, 3802, 10240, 97, 98
2026/07/30 23:09:01.844, 0, NVIDIA GeForce RTX 3080, 6250, 3802, 10240, 97, 98
2026/07/30 23:09:01.956, 0, NVIDIA GeForce RTX 3080, 6250, 3802, 10240, 97, 98
2026/07/30 23:09:02.068, 0, NVIDIA GeForce RTX 3080, 6250, 3802, 10240, 97, 98
2026/07/30 23:09:02.180, 0, NVIDIA GeForce RTX 3080, 6250, 3802, 10240, 97, 98
2026/07/30 23:09:02.293, 0, NVIDIA GeForce RTX 3080, 6250, 3802, 10240, 96, 98
2026/07/30 23:09:02.404, 0, NVIDIA GeForce RTX 3080, 6250, 3802, 10240, 96, 98
2026/07/30 23:09:02.516, 0, NVIDIA GeForce RTX 3080, 6250, 3802, 10240, 96, 98
2026/07/30 23:09:02.628, 0, NVIDIA GeForce RTX 3080, 6250, 3802, 10240, 96, 98
2026/07/30 23:09:02.739, 0, NVIDIA GeForce RTX 3080, 6250, 3802, 10240, 96, 98
2026/07/30 23:09:02.850, 0, NVIDIA GeForce RTX 3080, 6250, 3802, 10240, 96, 98
2026/07/30 23:09:02.962, 0, NVIDIA GeForce RTX 3080, 6250, 3802, 10240, 96, 98
2026/07/30 23:09:03.074, 0, NVIDIA GeForce RTX 3080, 6250, 3802, 10240, 96, 98
2026/07/30 23:09:03.182, 0, NVIDIA GeForce RTX 3080, 6250, 3802, 10240, 96, 98
2026/07/30 23:09:03.292, 0, NVIDIA GeForce RTX 3080, 6250, 3802, 10240, 98, 98
2026/07/30 23:09:03.402, 0, NVIDIA GeForce RTX 3080, 6250, 3802, 10240, 98, 98
2026/07/30 23:09:03.513, 0, NVIDIA GeForce RTX 3080, 6250, 3802, 10240, 98, 98
2026/07/30 23:09:03.624, 0, NVIDIA GeForce RTX 3080, 6250, 3802, 10240, 98, 98
2026/07/30 23:09:03.736, 0, NVIDIA GeForce RTX 3080, 6250, 3802, 10240, 98, 98
2026/07/30 23:09:03.848, 0, NVIDIA GeForce RTX 3080, 6250, 3802, 10240, 98, 98
2026/07/30 23:09:03.960, 0, NVIDIA GeForce RTX 3080, 6250, 3802, 10240, 98, 98
2026/07/30 23:09:04.072, 0, NVIDIA GeForce RTX 3080, 6250, 3802, 10240, 98, 98
2026/07/30 23:09:04.184, 0, NVIDIA GeForce RTX 3080, 6250, 3802, 10240, 98, 98
2026/07/30 23:09:04.296, 0, NVIDIA GeForce RTX 3080, 6250, 3802, 10240, 98, 97
2026/07/30 23:09:04.408, 0, NVIDIA GeForce RTX 3080, 6250, 3802, 10240, 98, 97
2026/07/30 23:09:04.520, 0, NVIDIA GeForce RTX 3080, 6250, 3802, 10240, 98, 97
2026/07/30 23:09:04.632, 0, NVIDIA GeForce RTX 3080, 6250, 3802, 10240, 98, 97
2026/07/30 23:09:04.744, 0, NVIDIA GeForce RTX 3080, 6250, 3802, 10240, 98, 98
2026/07/30 23:09:04.856, 0, NVIDIA GeForce RTX 3080, 6250, 3802, 10240, 98, 98
2026/07/30 23:09:04.968, 0, NVIDIA GeForce RTX 3080, 6250, 3802, 10240, 98, 98
2026/07/30 23:09:05.080, 0, NVIDIA GeForce RTX 3080, 6250, 3802, 10240, 98, 98
2026/07/30 23:09:05.191, 0, NVIDIA GeForce RTX 3080, 6250, 3802, 10240, 98, 98
2026/07/30 23:09:05.301, 0, NVIDIA GeForce RTX 3080, 6250, 3802, 10240, 95, 98
2026/07/30 23:09:05.412, 0, NVIDIA GeForce RTX 3080, 6250, 3802, 10240, 95, 98
2026/07/30 23:09:05.524, 0, NVIDIA GeForce RTX 3080, 6250, 3802, 10240, 95, 98
2026/07/30 23:09:05.636, 0, NVIDIA GeForce RTX 3080, 6250, 3802, 10240, 95, 98
2026/07/30 23:09:05.748, 0, NVIDIA GeForce RTX 3080, 6250, 3802, 10240, 96, 98
2026/07/30 23:09:05.860, 0, NVIDIA GeForce RTX 3080, 6250, 3802, 10240, 96, 98
2026/07/30 23:09:05.971, 0, NVIDIA GeForce RTX 3080, 6250, 3802, 10240, 96, 98
2026/07/30 23:09:06.082, 0, NVIDIA GeForce RTX 3080, 6250, 3802, 10240, 96, 98
2026/07/30 23:09:06.194, 0, NVIDIA GeForce RTX 3080, 6250, 3802, 10240, 95, 98
2026/07/30 23:09:06.306, 0, NVIDIA GeForce RTX 3080, 6250, 3802, 10240, 95, 98
2026/07/30 23:09:06.417, 0, NVIDIA GeForce RTX 3080, 6250, 3802, 10240, 95, 98
2026/07/30 23:09:06.529, 0, NVIDIA GeForce RTX 3080, 6250, 3802, 10240, 95, 98
2026/07/30 23:09:06.641, 0, NVIDIA GeForce RTX 3080, 6250, 3802, 10240, 95, 98
2026/07/30 23:09:06.753, 0, NVIDIA GeForce RTX 3080, 6250, 3802, 10240, 94, 96
2026/07/30 23:09:06.864, 0, NVIDIA GeForce RTX 3080, 6250, 3802, 10240, 94, 96
2026/07/30 23:09:06.976, 0, NVIDIA GeForce RTX 3080, 6250, 3802, 10240, 94, 96
2026/07/30 23:09:07.088, 0, NVIDIA GeForce RTX 3080, 6250, 3802, 10240, 94, 96
2026/07/30 23:09:07.200, 0, NVIDIA GeForce RTX 3080, 6250, 3802, 10240, 97, 98
2026/07/30 23:09:07.312, 0, NVIDIA GeForce RTX 3080, 6250, 3802, 10240, 97, 98
2026/07/30 23:09:07.424, 0, NVIDIA GeForce RTX 3080, 6250, 3802, 10240, 97, 98
2026/07/30 23:09:07.536, 0, NVIDIA GeForce RTX 3080, 6250, 3802, 10240, 97, 98
2026/07/30 23:09:07.648, 0, NVIDIA GeForce RTX 3080, 6250, 3802, 10240, 97, 98
2026/07/30 23:09:07.760, 0, NVIDIA GeForce RTX 3080, 6250, 3802, 10240, 97, 98
2026/07/30 23:09:07.871, 0, NVIDIA GeForce RTX 3080, 6250, 3802, 10240, 97, 98
2026/07/30 23:09:07.982, 0, NVIDIA GeForce RTX 3080, 6250, 3802, 10240, 97, 98
2026/07/30 23:09:08.094, 0, NVIDIA GeForce RTX 3080, 6250, 3802, 10240, 97, 98
2026/07/30 23:09:08.204, 0, NVIDIA GeForce RTX 3080, 6250, 3802, 10240, 96, 97
2026/07/30 23:09:08.312, 0, NVIDIA GeForce RTX 3080, 6250, 3802, 10240, 96, 97
2026/07/30 23:09:08.423, 0, NVIDIA GeForce RTX 3080, 6250, 3802, 10240, 96, 97
2026/07/30 23:09:08.534, 0, NVIDIA GeForce RTX 3080, 6250, 3802, 10240, 96, 97
2026/07/30 23:09:08.646, 0, NVIDIA GeForce RTX 3080, 6250, 3802, 10240, 96, 97
2026/07/30 23:09:08.756, 0, NVIDIA GeForce RTX 3080, 6250, 3802, 10240, 97, 98
2026/07/30 23:09:08.868, 0, NVIDIA GeForce RTX 3080, 6250, 3802, 10240, 97, 98
2026/07/30 23:09:08.979, 0, NVIDIA GeForce RTX 3080, 6250, 3802, 10240, 97, 98
2026/07/30 23:09:09.091, 0, NVIDIA GeForce RTX 3080, 6250, 3802, 10240, 97, 98
2026/07/30 23:09:09.203, 0, NVIDIA GeForce RTX 3080, 6250, 3802, 10240, 95, 98
2026/07/30 23:09:09.314, 0, NVIDIA GeForce RTX 3080, 6250, 3802, 10240, 95, 98
2026/07/30 23:09:09.426, 0, NVIDIA GeForce RTX 3080, 6250, 3802, 10240, 95, 98
2026/07/30 23:09:09.538, 0, NVIDIA GeForce RTX 3080, 6250, 3802, 10240, 95, 98
2026/07/30 23:09:09.650, 0, NVIDIA GeForce RTX 3080, 6250, 3802, 10240, 95, 98
2026/07/30 23:09:09.762, 0, NVIDIA GeForce RTX 3080, 6250, 3802, 10240, 96, 98
2026/07/30 23:09:09.874, 0, NVIDIA GeForce RTX 3080, 6250, 3802, 10240, 96, 98
2026/07/30 23:09:09.986, 0, NVIDIA GeForce RTX 3080, 6250, 3802, 10240, 96, 98
2026/07/30 23:09:10.098, 0, NVIDIA GeForce RTX 3080, 6250, 3802, 10240, 96, 98
2026/07/30 23:09:10.210, 0, NVIDIA GeForce RTX 3080, 6250, 3802, 10240, 96, 98
2026/07/30 23:09:10.322, 0, NVIDIA GeForce RTX 3080, 6250, 3802, 10240, 96, 98
2026/07/30 23:09:10.433, 0, NVIDIA GeForce RTX 3080, 6250, 3802, 10240, 96, 98
2026/07/30 23:09:10.545, 0, NVIDIA GeForce RTX 3080, 6250, 3802, 10240, 96, 98
2026/07/30 23:09:10.657, 0, NVIDIA GeForce RTX 3080, 6250, 3802, 10240, 96, 98
2026/07/30 23:09:10.769, 0, NVIDIA GeForce RTX 3080, 6250, 3802, 10240, 96, 98
2026/07/30 23:09:10.881, 0, NVIDIA GeForce RTX 3080, 6250, 3802, 10240, 96, 98
2026/07/30 23:09:10.993, 0, NVIDIA GeForce RTX 3080, 6250, 3802, 10240, 96, 98
2026/07/30 23:09:11.105, 0, NVIDIA GeForce RTX 3080, 6250, 3802, 10240, 96, 98
2026/07/30 23:09:11.217, 0, NVIDIA GeForce RTX 3080, 6250, 3802, 10240, 97, 98
2026/07/30 23:09:11.328, 0, NVIDIA GeForce RTX 3080, 6250, 3802, 10240, 97, 98
2026/07/30 23:09:11.440, 0, NVIDIA GeForce RTX 3080, 6250, 3802, 10240, 97, 98
2026/07/30 23:09:11.552, 0, NVIDIA GeForce RTX 3080, 6250, 3802, 10240, 97, 98
2026/07/30 23:09:11.664, 0, NVIDIA GeForce RTX 3080, 6250, 3802, 10240, 97, 98
2026/07/30 23:09:11.776, 0, NVIDIA GeForce RTX 3080, 6250, 3802, 10240, 97, 98
2026/07/30 23:09:11.887, 0, NVIDIA GeForce RTX 3080, 6250, 3802, 10240, 97, 98
2026/07/30 23:09:11.999, 0, NVIDIA GeForce RTX 3080, 6250, 3802, 10240, 97, 98
2026/07/30 23:09:12.111, 0, NVIDIA GeForce RTX 3080, 6250, 3802, 10240, 97, 98
2026/07/30 23:09:12.223, 0, NVIDIA GeForce RTX 3080, 6250, 3802, 10240, 97, 98
2026/07/30 23:09:12.334, 0, NVIDIA GeForce RTX 3080, 6250, 3802, 10240, 97, 98
2026/07/30 23:09:12.446, 0, NVIDIA GeForce RTX 3080, 6250, 3802, 10240, 97, 98
2026/07/30 23:09:12.558, 0, NVIDIA GeForce RTX 3080, 6250, 3802, 10240, 97, 98
2026/07/30 23:09:12.670, 0, NVIDIA GeForce RTX 3080, 6250, 3802, 10240, 97, 98
2026/07/30 23:09:12.781, 0, NVIDIA GeForce RTX 3080, 6250, 3802, 10240, 97, 98
2026/07/30 23:09:12.893, 0, NVIDIA GeForce RTX 3080, 6250, 3802, 10240, 97, 98
2026/07/30 23:09:13.005, 0, NVIDIA GeForce RTX 3080, 6250, 3802, 10240, 97, 98
2026/07/30 23:09:13.117, 0, NVIDIA GeForce RTX 3080, 6250, 3802, 10240, 97, 98
2026/07/30 23:09:13.228, 0, NVIDIA GeForce RTX 3080, 6250, 3802, 10240, 94, 97
2026/07/30 23:09:13.338, 0, NVIDIA GeForce RTX 3080, 6250, 3802, 10240, 94, 97
2026/07/30 23:09:13.450, 0, NVIDIA GeForce RTX 3080, 6250, 3802, 10240, 94, 97
2026/07/30 23:09:13.562, 0, NVIDIA GeForce RTX 3080, 6250, 3802, 10240, 94, 97
2026/07/30 23:09:13.673, 0, NVIDIA GeForce RTX 3080, 6250, 3802, 10240, 94, 97
2026/07/30 23:09:13.784, 0, NVIDIA GeForce RTX 3080, 6250, 3802, 10240, 95, 98
2026/07/30 23:09:13.895, 0, NVIDIA GeForce RTX 3080, 6250, 3802, 10240, 95, 98
2026/07/30 23:09:14.007, 0, NVIDIA GeForce RTX 3080, 6250, 3802, 10240, 95, 98
2026/07/30 23:09:14.119, 0, NVIDIA GeForce RTX 3080, 6250, 3802, 10240, 95, 98
2026/07/30 23:09:14.231, 0, NVIDIA GeForce RTX 3080, 6250, 3802, 10240, 96, 98
2026/07/30 23:09:14.343, 0, NVIDIA GeForce RTX 3080, 6250, 3802, 10240, 96, 98
2026/07/30 23:09:14.455, 0, NVIDIA GeForce RTX 3080, 6250, 3802, 10240, 96, 98
2026/07/30 23:09:14.566, 0, NVIDIA GeForce RTX 3080, 6250, 3802, 10240, 96, 98
2026/07/30 23:09:14.678, 0, NVIDIA GeForce RTX 3080, 6250, 3802, 10240, 96, 98
2026/07/30 23:09:14.790, 0, NVIDIA GeForce RTX 3080, 6250, 3802, 10240, 95, 98
2026/07/30 23:09:14.902, 0, NVIDIA GeForce RTX 3080, 6250, 3802, 10240, 95, 98
2026/07/30 23:09:15.014, 0, NVIDIA GeForce RTX 3080, 6250, 3802, 10240, 95, 98
2026/07/30 23:09:15.126, 0, NVIDIA GeForce RTX 3080, 6250, 3802, 10240, 95, 98
2026/07/30 23:09:15.238, 0, NVIDIA GeForce RTX 3080, 6250, 3802, 10240, 96, 97
2026/07/30 23:09:15.350, 0, NVIDIA GeForce RTX 3080, 6250, 3802, 10240, 96, 97
2026/07/30 23:09:15.461, 0, NVIDIA GeForce RTX 3080, 6250, 3802, 10240, 96, 97
2026/07/30 23:09:15.573, 0, NVIDIA GeForce RTX 3080, 6250, 3802, 10240, 96, 97
2026/07/30 23:09:15.685, 0, NVIDIA GeForce RTX 3080, 6250, 3802, 10240, 96, 97
2026/07/30 23:09:15.797, 0, NVIDIA GeForce RTX 3080, 6250, 3802, 10240, 96, 97
2026/07/30 23:09:15.909, 0, NVIDIA GeForce RTX 3080, 6250, 3802, 10240, 96, 97
2026/07/30 23:09:16.021, 0, NVIDIA GeForce RTX 3080, 6250, 3802, 10240, 96, 97
2026/07/30 23:09:16.132, 0, NVIDIA GeForce RTX 3080, 6250, 3802, 10240, 96, 97
2026/07/30 23:09:16.241, 0, NVIDIA GeForce RTX 3080, 6250, 3802, 10240, 97, 98
2026/07/30 23:09:16.350, 0, NVIDIA GeForce RTX 3080, 6250, 3802, 10240, 97, 98
2026/07/30 23:09:16.459, 0, NVIDIA GeForce RTX 3080, 6250, 3802, 10240, 97, 98
2026/07/30 23:09:16.569, 0, NVIDIA GeForce RTX 3080, 6250, 3802, 10240, 97, 98
2026/07/30 23:09:16.678, 0, NVIDIA GeForce RTX 3080, 6250, 3802, 10240, 97, 98
2026/07/30 23:09:16.788, 0, NVIDIA GeForce RTX 3080, 6250, 3802, 10240, 96, 98
2026/07/30 23:09:16.900, 0, NVIDIA GeForce RTX 3080, 6250, 3802, 10240, 96, 98
2026/07/30 23:09:17.012, 0, NVIDIA GeForce RTX 3080, 6250, 3802, 10240, 96, 98
2026/07/30 23:09:17.124, 0, NVIDIA GeForce RTX 3080, 6250, 3802, 10240, 96, 98
2026/07/30 23:09:17.236, 0, NVIDIA GeForce RTX 3080, 6250, 3802, 10240, 98, 98
2026/07/30 23:09:17.348, 0, NVIDIA GeForce RTX 3080, 6250, 3802, 10240, 98, 98
2026/07/30 23:09:17.460, 0, NVIDIA GeForce RTX 3080, 6250, 3802, 10240, 98, 98
2026/07/30 23:09:17.572, 0, NVIDIA GeForce RTX 3080, 6250, 3802, 10240, 98, 98
2026/07/30 23:09:17.684, 0, NVIDIA GeForce RTX 3080, 6250, 3802, 10240, 98, 98
2026/07/30 23:09:17.796, 0, NVIDIA GeForce RTX 3080, 6250, 3802, 10240, 98, 98
2026/07/30 23:09:17.907, 0, NVIDIA GeForce RTX 3080, 6250, 3802, 10240, 98, 98
2026/07/30 23:09:18.019, 0, NVIDIA GeForce RTX 3080, 6250, 3802, 10240, 98, 98
2026/07/30 23:09:18.130, 0, NVIDIA GeForce RTX 3080, 6250, 3802, 10240, 98, 98
2026/07/30 23:09:18.242, 0, NVIDIA GeForce RTX 3080, 6250, 3802, 10240, 98, 98
2026/07/30 23:09:18.354, 0, NVIDIA GeForce RTX 3080, 6250, 3802, 10240, 98, 98
2026/07/30 23:09:18.466, 0, NVIDIA GeForce RTX 3080, 6250, 3802, 10240, 98, 98
2026/07/30 23:09:18.578, 0, NVIDIA GeForce RTX 3080, 6250, 3802, 10240, 98, 98
2026/07/30 23:09:18.690, 0, NVIDIA GeForce RTX 3080, 6250, 3802, 10240, 98, 98
2026/07/30 23:09:18.802, 0, NVIDIA GeForce RTX 3080, 6250, 3802, 10240, 98, 98
2026/07/30 23:09:18.914, 0, NVIDIA GeForce RTX 3080, 6250, 3802, 10240, 98, 98
2026/07/30 23:09:19.026, 0, NVIDIA GeForce RTX 3080, 6250, 3802, 10240, 98, 98
2026/07/30 23:09:19.138, 0, NVIDIA GeForce RTX 3080, 6250, 3802, 10240, 98, 98
2026/07/30 23:09:19.250, 0, NVIDIA GeForce RTX 3080, 6250, 3802, 10240, 94, 97
2026/07/30 23:09:19.362, 0, NVIDIA GeForce RTX 3080, 6250, 3802, 10240, 94, 97
2026/07/30 23:09:19.474, 0, NVIDIA GeForce RTX 3080, 6250, 3802, 10240, 94, 97
2026/07/30 23:09:19.586, 0, NVIDIA GeForce RTX 3080, 6250, 3802, 10240, 94, 97
2026/07/30 23:09:19.698, 0, NVIDIA GeForce RTX 3080, 6250, 3802, 10240, 95, 97
2026/07/30 23:09:19.810, 0, NVIDIA GeForce RTX 3080, 6250, 3802, 10240, 95, 97
2026/07/30 23:09:19.922, 0, NVIDIA GeForce RTX 3080, 6250, 3802, 10240, 95, 97
2026/07/30 23:09:20.034, 0, NVIDIA GeForce RTX 3080, 6250, 3802, 10240, 95, 97
2026/07/30 23:09:20.146, 0, NVIDIA GeForce RTX 3080, 6250, 3802, 10240, 95, 97
2026/07/30 23:09:20.259, 0, NVIDIA GeForce RTX 3080, 6250, 3802, 10240, 96, 98
2026/07/30 23:09:20.371, 0, NVIDIA GeForce RTX 3080, 6250, 3802, 10240, 96, 98
2026/07/30 23:09:20.483, 0, NVIDIA GeForce RTX 3080, 6250, 3802, 10240, 96, 98
2026/07/30 23:09:20.595, 0, NVIDIA GeForce RTX 3080, 6250, 3802, 10240, 96, 98
2026/07/30 23:09:20.707, 0, NVIDIA GeForce RTX 3080, 6250, 3802, 10240, 95, 98
2026/07/30 23:09:20.819, 0, NVIDIA GeForce RTX 3080, 6250, 3802, 10240, 95, 98
2026/07/30 23:09:20.930, 0, NVIDIA GeForce RTX 3080, 6250, 3802, 10240, 95, 98
2026/07/30 23:09:21.039, 0, NVIDIA GeForce RTX 3080, 6250, 3802, 10240, 95, 98
2026/07/30 23:09:21.149, 0, NVIDIA GeForce RTX 3080, 6250, 3802, 10240, 95, 98
2026/07/30 23:09:21.260, 0, NVIDIA GeForce RTX 3080, 6250, 3802, 10240, 95, 96
2026/07/30 23:09:21.369, 0, NVIDIA GeForce RTX 3080, 6250, 3802, 10240, 95, 96
2026/07/30 23:09:21.478, 0, NVIDIA GeForce RTX 3080, 6250, 3802, 10240, 95, 96
2026/07/30 23:09:21.588, 0, NVIDIA GeForce RTX 3080, 6250, 3802, 10240, 95, 96
2026/07/30 23:09:21.696, 0, NVIDIA GeForce RTX 3080, 6250, 3802, 10240, 97, 98
2026/07/30 23:09:21.807, 0, NVIDIA GeForce RTX 3080, 6250, 3802, 10240, 97, 98
2026/07/30 23:09:21.919, 0, NVIDIA GeForce RTX 3080, 6250, 3802, 10240, 97, 98
2026/07/30 23:09:22.030, 0, NVIDIA GeForce RTX 3080, 6250, 3802, 10240, 97, 98
2026/07/30 23:09:22.142, 0, NVIDIA GeForce RTX 3080, 6250, 3802, 10240, 97, 98
2026/07/30 23:09:22.254, 0, NVIDIA GeForce RTX 3080, 6250, 3802, 10240, 97, 98
2026/07/30 23:09:22.366, 0, NVIDIA GeForce RTX 3080, 6250, 3802, 10240, 97, 98
2026/07/30 23:09:22.478, 0, NVIDIA GeForce RTX 3080, 6250, 3802, 10240, 97, 98
2026/07/30 23:09:22.590, 0, NVIDIA GeForce RTX 3080, 6250, 3802, 10240, 97, 98
2026/07/30 23:09:22.701, 0, NVIDIA GeForce RTX 3080, 6250, 3802, 10240, 97, 98
2026/07/30 23:09:22.813, 0, NVIDIA GeForce RTX 3080, 6250, 3802, 10240, 97, 98
2026/07/30 23:09:22.925, 0, NVIDIA GeForce RTX 3080, 6250, 3802, 10240, 97, 98
2026/07/30 23:09:23.037, 0, NVIDIA GeForce RTX 3080, 6250, 3802, 10240, 97, 98
2026/07/30 23:09:23.148, 0, NVIDIA GeForce RTX 3080, 6250, 3802, 10240, 97, 98
2026/07/30 23:09:23.257, 0, NVIDIA GeForce RTX 3080, 6250, 3802, 10240, 95, 97
2026/07/30 23:09:23.367, 0, NVIDIA GeForce RTX 3080, 6250, 3802, 10240, 95, 97
2026/07/30 23:09:23.477, 0, NVIDIA GeForce RTX 3080, 6250, 3802, 10240, 95, 97
2026/07/30 23:09:23.589, 0, NVIDIA GeForce RTX 3080, 6250, 3802, 10240, 95, 97
2026/07/30 23:09:23.700, 0, NVIDIA GeForce RTX 3080, 6250, 3802, 10240, 95, 97
2026/07/30 23:09:23.812, 0, NVIDIA GeForce RTX 3080, 6250, 3802, 10240, 95, 97
2026/07/30 23:09:23.924, 0, NVIDIA GeForce RTX 3080, 6250, 3802, 10240, 95, 97
2026/07/30 23:09:24.036, 0, NVIDIA GeForce RTX 3080, 6250, 3802, 10240, 95, 97
2026/07/30 23:09:24.148, 0, NVIDIA GeForce RTX 3080, 6250, 3802, 10240, 95, 97
2026/07/30 23:09:24.260, 0, NVIDIA GeForce RTX 3080, 6250, 3802, 10240, 95, 98
2026/07/30 23:09:24.373, 0, NVIDIA GeForce RTX 3080, 6250, 3802, 10240, 95, 98
2026/07/30 23:09:24.485, 0, NVIDIA GeForce RTX 3080, 6250, 3802, 10240, 95, 98
2026/07/30 23:09:24.596, 0, NVIDIA GeForce RTX 3080, 6250, 3802, 10240, 95, 98
2026/07/30 23:09:24.708, 0, NVIDIA GeForce RTX 3080, 6250, 3802, 10240, 95, 98
2026/07/30 23:09:24.820, 0, NVIDIA GeForce RTX 3080, 6250, 3802, 10240, 95, 98
2026/07/30 23:09:24.932, 0, NVIDIA GeForce RTX 3080, 6250, 3802, 10240, 95, 98
2026/07/30 23:09:25.044, 0, NVIDIA GeForce RTX 3080, 6250, 3802, 10240, 95, 98
2026/07/30 23:09:25.155, 0, NVIDIA GeForce RTX 3080, 6250, 3802, 10240, 95, 98
2026/07/30 23:09:25.266, 0, NVIDIA GeForce RTX 3080, 6250, 3802, 10240, 97, 98
2026/07/30 23:09:25.378, 0, NVIDIA GeForce RTX 3080, 6250, 3802, 10240, 97, 98
2026/07/30 23:09:25.490, 0, NVIDIA GeForce RTX 3080, 6250, 3802, 10240, 97, 98
2026/07/30 23:09:25.602, 0, NVIDIA GeForce RTX 3080, 6250, 3802, 10240, 97, 98
2026/07/30 23:09:25.714, 0, NVIDIA GeForce RTX 3080, 6250, 3802, 10240, 97, 98
2026/07/30 23:09:25.826, 0, NVIDIA GeForce RTX 3080, 6250, 3802, 10240, 97, 98
2026/07/30 23:09:25.938, 0, NVIDIA GeForce RTX 3080, 6250, 3802, 10240, 97, 98
2026/07/30 23:09:26.050, 0, NVIDIA GeForce RTX 3080, 6250, 3802, 10240, 97, 98
2026/07/30 23:09:26.162, 0, NVIDIA GeForce RTX 3080, 6250, 3802, 10240, 97, 98
2026/07/30 23:09:26.274, 0, NVIDIA GeForce RTX 3080, 6250, 3802, 10240, 97, 98
2026/07/30 23:09:26.385, 0, NVIDIA GeForce RTX 3080, 6250, 3802, 10240, 97, 98
2026/07/30 23:09:26.497, 0, NVIDIA GeForce RTX 3080, 6250, 3802, 10240, 97, 98
2026/07/30 23:09:26.609, 0, NVIDIA GeForce RTX 3080, 6250, 3802, 10240, 97, 98
2026/07/30 23:09:26.721, 0, NVIDIA GeForce RTX 3080, 6250, 3802, 10240, 97, 98
2026/07/30 23:09:26.833, 0, NVIDIA GeForce RTX 3080, 6250, 3802, 10240, 97, 98
2026/07/30 23:09:26.945, 0, NVIDIA GeForce RTX 3080, 6250, 3802, 10240, 97, 98
2026/07/30 23:09:27.057, 0, NVIDIA GeForce RTX 3080, 6250, 3802, 10240, 97, 98
2026/07/30 23:09:27.169, 0, NVIDIA GeForce RTX 3080, 6250, 3802, 10240, 97, 98
2026/07/30 23:09:27.281, 0, NVIDIA GeForce RTX 3080, 6250, 3802, 10240, 95, 98
2026/07/30 23:09:27.393, 0, NVIDIA GeForce RTX 3080, 6250, 3802, 10240, 95, 98
2026/07/30 23:09:27.505, 0, NVIDIA GeForce RTX 3080, 6250, 3802, 10240, 95, 98
2026/07/30 23:09:27.616, 0, NVIDIA GeForce RTX 3080, 6250, 3802, 10240, 95, 98
2026/07/30 23:09:27.728, 0, NVIDIA GeForce RTX 3080, 6250, 3802, 10240, 95, 97
2026/07/30 23:09:27.840, 0, NVIDIA GeForce RTX 3080, 6250, 3802, 10240, 95, 97
2026/07/30 23:09:27.953, 0, NVIDIA GeForce RTX 3080, 6250, 3802, 10240, 95, 97
2026/07/30 23:09:28.065, 0, NVIDIA GeForce RTX 3080, 6250, 3802, 10240, 95, 97
2026/07/30 23:09:28.173, 0, NVIDIA GeForce RTX 3080, 6250, 3802, 10240, 95, 97
2026/07/30 23:09:28.283, 0, NVIDIA GeForce RTX 3080, 6250, 3802, 10240, 94, 97
2026/07/30 23:09:28.393, 0, NVIDIA GeForce RTX 3080, 6250, 3802, 10240, 94, 97
2026/07/30 23:09:28.505, 0, NVIDIA GeForce RTX 3080, 6250, 3802, 10240, 94, 97
2026/07/30 23:09:28.617, 0, NVIDIA GeForce RTX 3080, 6250, 3802, 10240, 94, 97
2026/07/30 23:09:28.728, 0, NVIDIA GeForce RTX 3080, 6250, 3802, 10240, 95, 97
2026/07/30 23:09:28.839, 0, NVIDIA GeForce RTX 3080, 6250, 3802, 10240, 95, 97
2026/07/30 23:09:28.951, 0, NVIDIA GeForce RTX 3080, 6250, 3802, 10240, 95, 97
2026/07/30 23:09:29.062, 0, NVIDIA GeForce RTX 3080, 6250, 3802, 10240, 95, 97
2026/07/30 23:09:29.174, 0, NVIDIA GeForce RTX 3080, 6250, 3802, 10240, 95, 97
2026/07/30 23:09:29.285, 0, NVIDIA GeForce RTX 3080, 6250, 3802, 10240, 96, 97
2026/07/30 23:09:29.396, 0, NVIDIA GeForce RTX 3080, 6250, 3802, 10240, 96, 97
2026/07/30 23:09:29.506, 0, NVIDIA GeForce RTX 3080, 6250, 3802, 10240, 96, 97
2026/07/30 23:09:29.618, 0, NVIDIA GeForce RTX 3080, 6250, 3802, 10240, 96, 97
2026/07/30 23:09:29.730, 0, NVIDIA GeForce RTX 3080, 6250, 3802, 10240, 96, 97
2026/07/30 23:09:29.840, 0, NVIDIA GeForce RTX 3080, 6250, 3802, 10240, 96, 97
2026/07/30 23:09:29.952, 0, NVIDIA GeForce RTX 3080, 6250, 3802, 10240, 96, 97
2026/07/30 23:09:30.064, 0, NVIDIA GeForce RTX 3080, 6250, 3802, 10240, 96, 97
2026/07/30 23:09:30.176, 0, NVIDIA GeForce RTX 3080, 6250, 3802, 10240, 96, 97
2026/07/30 23:09:30.288, 0, NVIDIA GeForce RTX 3080, 6250, 3802, 10240, 96, 98
2026/07/30 23:09:30.400, 0, NVIDIA GeForce RTX 3080, 6250, 3802, 10240, 96, 98
2026/07/30 23:09:30.512, 0, NVIDIA GeForce RTX 3080, 6250, 3802, 10240, 96, 98
2026/07/30 23:09:30.624, 0, NVIDIA GeForce RTX 3080, 6250, 3802, 10240, 96, 98
2026/07/30 23:09:30.735, 0, NVIDIA GeForce RTX 3080, 6250, 3802, 10240, 97, 98
2026/07/30 23:09:30.847, 0, NVIDIA GeForce RTX 3080, 6250, 3802, 10240, 97, 98
2026/07/30 23:09:30.959, 0, NVIDIA GeForce RTX 3080, 6250, 3802, 10240, 97, 98
2026/07/30 23:09:31.071, 0, NVIDIA GeForce RTX 3080, 6250, 3802, 10240, 97, 98
2026/07/30 23:09:31.183, 0, NVIDIA GeForce RTX 3080, 6250, 3802, 10240, 97, 98
2026/07/30 23:09:31.296, 0, NVIDIA GeForce RTX 3080, 6250, 3802, 10240, 98, 98
2026/07/30 23:09:31.407, 0, NVIDIA GeForce RTX 3080, 6250, 3802, 10240, 98, 98
2026/07/30 23:09:31.519, 0, NVIDIA GeForce RTX 3080, 6250, 3802, 10240, 98, 98
2026/07/30 23:09:31.630, 0, NVIDIA GeForce RTX 3080, 6250, 3802, 10240, 98, 98
2026/07/30 23:09:31.742, 0, NVIDIA GeForce RTX 3080, 6250, 3802, 10240, 98, 98
2026/07/30 23:09:31.854, 0, NVIDIA GeForce RTX 3080, 6250, 3802, 10240, 98, 98
2026/07/30 23:09:31.966, 0, NVIDIA GeForce RTX 3080, 6250, 3802, 10240, 98, 98
2026/07/30 23:09:32.078, 0, NVIDIA GeForce RTX 3080, 6250, 3802, 10240, 98, 98
2026/07/30 23:09:32.190, 0, NVIDIA GeForce RTX 3080, 6250, 3802, 10240, 98, 98
2026/07/30 23:09:32.301, 0, NVIDIA GeForce RTX 3080, 6250, 3802, 10240, 98, 98
2026/07/30 23:09:32.413, 0, NVIDIA GeForce RTX 3080, 6250, 3802, 10240, 98, 98
2026/07/30 23:09:32.523, 0, NVIDIA GeForce RTX 3080, 6250, 3802, 10240, 98, 98
2026/07/30 23:09:32.635, 0, NVIDIA GeForce RTX 3080, 6250, 3802, 10240, 98, 98
2026/07/30 23:09:32.747, 0, NVIDIA GeForce RTX 3080, 6250, 3802, 10240, 98, 98
2026/07/30 23:09:32.859, 0, NVIDIA GeForce RTX 3080, 6250, 3802, 10240, 98, 98
2026/07/30 23:09:32.971, 0, NVIDIA GeForce RTX 3080, 6250, 3802, 10240, 98, 98
2026/07/30 23:09:33.082, 0, NVIDIA GeForce RTX 3080, 6250, 3802, 10240, 98, 98
2026/07/30 23:09:33.194, 0, NVIDIA GeForce RTX 3080, 6250, 3802, 10240, 98, 98
2026/07/30 23:09:33.305, 0, NVIDIA GeForce RTX 3080, 6250, 3802, 10240, 95, 98
2026/07/30 23:09:33.414, 0, NVIDIA GeForce RTX 3080, 6250, 3802, 10240, 95, 98
2026/07/30 23:09:33.525, 0, NVIDIA GeForce RTX 3080, 6250, 3802, 10240, 95, 98
2026/07/30 23:09:33.637, 0, NVIDIA GeForce RTX 3080, 6250, 3802, 10240, 95, 98
2026/07/30 23:09:33.748, 0, NVIDIA GeForce RTX 3080, 6250, 3802, 10240, 96, 98
2026/07/30 23:09:33.860, 0, NVIDIA GeForce RTX 3080, 6250, 3802, 10240, 96, 98
2026/07/30 23:09:33.970, 0, NVIDIA GeForce RTX 3080, 6250, 3802, 10240, 96, 98
2026/07/30 23:09:34.081, 0, NVIDIA GeForce RTX 3080, 6250, 3802, 10240, 96, 98
2026/07/30 23:09:34.191, 0, NVIDIA GeForce RTX 3080, 6250, 3802, 10240, 96, 98
2026/07/30 23:09:34.301, 0, NVIDIA GeForce RTX 3080, 6250, 3802, 10240, 95, 98
2026/07/30 23:09:34.409, 0, NVIDIA GeForce RTX 3080, 6250, 3802, 10240, 95, 98
2026/07/30 23:09:34.519, 0, NVIDIA GeForce RTX 3080, 6250, 3802, 10240, 95, 98
2026/07/30 23:09:34.627, 0, NVIDIA GeForce RTX 3080, 6250, 3802, 10240, 95, 98
2026/07/30 23:09:34.737, 0, NVIDIA GeForce RTX 3080, 6250, 3802, 10240, 95, 98
2026/07/30 23:09:34.847, 0, NVIDIA GeForce RTX 3080, 6250, 3802, 10240, 95, 98
2026/07/30 23:09:34.957, 0, NVIDIA GeForce RTX 3080, 6250, 3802, 10240, 95, 98
2026/07/30 23:09:35.067, 0, NVIDIA GeForce RTX 3080, 6250, 3802, 10240, 95, 98
2026/07/30 23:09:35.177, 0, NVIDIA GeForce RTX 3080, 6250, 3802, 10240, 95, 98
2026/07/30 23:09:35.289, 0, NVIDIA GeForce RTX 3080, 6250, 3802, 10240, 97, 98
2026/07/30 23:09:35.400, 0, NVIDIA GeForce RTX 3080, 6250, 3802, 10240, 97, 98
2026/07/30 23:09:35.511, 0, NVIDIA GeForce RTX 3080, 6250, 3802, 10240, 97, 98
2026/07/30 23:09:35.622, 0, NVIDIA GeForce RTX 3080, 6250, 3802, 10240, 97, 98
2026/07/30 23:09:35.733, 0, NVIDIA GeForce RTX 3080, 6250, 3802, 10240, 97, 98
2026/07/30 23:09:35.844, 0, NVIDIA GeForce RTX 3080, 6250, 3802, 10240, 97, 98
2026/07/30 23:09:35.955, 0, NVIDIA GeForce RTX 3080, 6250, 3802, 10240, 97, 98
2026/07/30 23:09:36.066, 0, NVIDIA GeForce RTX 3080, 6250, 3802, 10240, 97, 98
2026/07/30 23:09:36.176, 0, NVIDIA GeForce RTX 3080, 6250, 3802, 10240, 97, 98
2026/07/30 23:09:36.287, 0, NVIDIA GeForce RTX 3080, 6250, 3802, 10240, 97, 98
2026/07/30 23:09:36.396, 0, NVIDIA GeForce RTX 3080, 6250, 3802, 10240, 97, 98
2026/07/30 23:09:36.505, 0, NVIDIA GeForce RTX 3080, 6250, 3802, 10240, 97, 98
2026/07/30 23:09:36.615, 0, NVIDIA GeForce RTX 3080, 6250, 3802, 10240, 97, 98
2026/07/30 23:09:36.725, 0, NVIDIA GeForce RTX 3080, 6250, 3802, 10240, 96, 97
2026/07/30 23:09:36.836, 0, NVIDIA GeForce RTX 3080, 6250, 3802, 10240, 96, 97
2026/07/30 23:09:36.948, 0, NVIDIA GeForce RTX 3080, 6250, 3802, 10240, 96, 97
2026/07/30 23:09:37.060, 0, NVIDIA GeForce RTX 3080, 6250, 3802, 10240, 96, 97
2026/07/30 23:09:37.170, 0, NVIDIA GeForce RTX 3080, 6250, 3802, 10240, 96, 97
2026/07/30 23:09:37.282, 0, NVIDIA GeForce RTX 3080, 6250, 3802, 10240, 96, 98
2026/07/30 23:09:37.394, 0, NVIDIA GeForce RTX 3080, 6250, 3802, 10240, 96, 98
2026/07/30 23:09:37.506, 0, NVIDIA GeForce RTX 3080, 6250, 3802, 10240, 96, 98
2026/07/30 23:09:37.618, 0, NVIDIA GeForce RTX 3080, 6250, 3802, 10240, 96, 98
2026/07/30 23:09:37.730, 0, NVIDIA GeForce RTX 3080, 6250, 3802, 10240, 96, 98
2026/07/30 23:09:37.842, 0, NVIDIA GeForce RTX 3080, 6250, 3802, 10240, 96, 98
2026/07/30 23:09:37.954, 0, NVIDIA GeForce RTX 3080, 6250, 3802, 10240, 96, 98
2026/07/30 23:09:38.066, 0, NVIDIA GeForce RTX 3080, 6250, 3802, 10240, 96, 98
2026/07/30 23:09:38.178, 0, NVIDIA GeForce RTX 3080, 6250, 3802, 10240, 96, 98
2026/07/30 23:09:38.290, 0, NVIDIA GeForce RTX 3080, 6250, 3802, 10240, 95, 98
2026/07/30 23:09:38.403, 0, NVIDIA GeForce RTX 3080, 6250, 3802, 10240, 95, 98
2026/07/30 23:09:38.515, 0, NVIDIA GeForce RTX 3080, 6250, 3802, 10240, 95, 98
2026/07/30 23:09:38.627, 0, NVIDIA GeForce RTX 3080, 6250, 3802, 10240, 95, 98
2026/07/30 23:09:38.739, 0, NVIDIA GeForce RTX 3080, 6250, 3802, 10240, 96, 98
2026/07/30 23:09:38.851, 0, NVIDIA GeForce RTX 3080, 6250, 3802, 10240, 96, 98
2026/07/30 23:09:38.963, 0, NVIDIA GeForce RTX 3080, 6250, 3802, 10240, 96, 98
2026/07/30 23:09:39.074, 0, NVIDIA GeForce RTX 3080, 6250, 3802, 10240, 96, 98
2026/07/30 23:09:39.186, 0, NVIDIA GeForce RTX 3080, 6250, 3802, 10240, 96, 98
2026/07/30 23:09:39.296, 0, NVIDIA GeForce RTX 3080, 6250, 3802, 10240, 97, 98
2026/07/30 23:09:39.407, 0, NVIDIA GeForce RTX 3080, 6250, 3802, 10240, 97, 98
2026/07/30 23:09:39.519, 0, NVIDIA GeForce RTX 3080, 6250, 3802, 10240, 97, 98
2026/07/30 23:09:39.631, 0, NVIDIA GeForce RTX 3080, 6250, 3802, 10240, 97, 98
2026/07/30 23:09:39.743, 0, NVIDIA GeForce RTX 3080, 6250, 3802, 10240, 97, 98
2026/07/30 23:09:39.855, 0, NVIDIA GeForce RTX 3080, 6250, 3802, 10240, 97, 98
2026/07/30 23:09:39.967, 0, NVIDIA GeForce RTX 3080, 6250, 3802, 10240, 97, 98
2026/07/30 23:09:40.079, 0, NVIDIA GeForce RTX 3080, 6250, 3802, 10240, 97, 98
2026/07/30 23:09:40.191, 0, NVIDIA GeForce RTX 3080, 6250, 3802, 10240, 97, 98
2026/07/30 23:09:40.303, 0, NVIDIA GeForce RTX 3080, 6250, 3802, 10240, 97, 98
2026/07/30 23:09:40.415, 0, NVIDIA GeForce RTX 3080, 6250, 3802, 10240, 97, 98
2026/07/30 23:09:40.527, 0, NVIDIA GeForce RTX 3080, 6250, 3802, 10240, 97, 98
2026/07/30 23:09:40.639, 0, NVIDIA GeForce RTX 3080, 6250, 3802, 10240, 97, 98
2026/07/30 23:09:40.749, 0, NVIDIA GeForce RTX 3080, 6250, 3802, 10240, 97, 98
2026/07/30 23:09:40.861, 0, NVIDIA GeForce RTX 3080, 6250, 3802, 10240, 97, 98
2026/07/30 23:09:40.972, 0, NVIDIA GeForce RTX 3080, 6250, 3802, 10240, 97, 98
2026/07/30 23:09:41.084, 0, NVIDIA GeForce RTX 3080, 6250, 3802, 10240, 97, 98
2026/07/30 23:09:41.193, 0, NVIDIA GeForce RTX 3080, 6250, 3802, 10240, 97, 98
2026/07/30 23:09:41.303, 0, NVIDIA GeForce RTX 3080, 6250, 3802, 10240, 95, 97
2026/07/30 23:09:41.412, 0, NVIDIA GeForce RTX 3080, 6250, 3802, 10240, 95, 97
2026/07/30 23:09:41.520, 0, NVIDIA GeForce RTX 3080, 6250, 3802, 10240, 95, 97
2026/07/30 23:09:41.630, 0, NVIDIA GeForce RTX 3080, 6250, 3802, 10240, 95, 97
2026/07/30 23:09:41.740, 0, NVIDIA GeForce RTX 3080, 6250, 3802, 10240, 96, 98
2026/07/30 23:09:41.852, 0, NVIDIA GeForce RTX 3080, 6250, 3802, 10240, 96, 98
2026/07/30 23:09:41.964, 0, NVIDIA GeForce RTX 3080, 6250, 3802, 10240, 96, 98
2026/07/30 23:09:42.075, 0, NVIDIA GeForce RTX 3080, 6250, 3802, 10240, 96, 98
2026/07/30 23:09:42.188, 0, NVIDIA GeForce RTX 3080, 6250, 3802, 10240, 96, 98
2026/07/30 23:09:42.298, 0, NVIDIA GeForce RTX 3080, 6250, 3802, 10240, 95, 98
2026/07/30 23:09:42.410, 0, NVIDIA GeForce RTX 3080, 6250, 3802, 10240, 95, 98
2026/07/30 23:09:42.522, 0, NVIDIA GeForce RTX 3080, 6250, 3802, 10240, 95, 98
2026/07/30 23:09:42.633, 0, NVIDIA GeForce RTX 3080, 6250, 3802, 10240, 95, 98
2026/07/30 23:09:42.745, 0, NVIDIA GeForce RTX 3080, 6250, 3802, 10240, 95, 97
2026/07/30 23:09:42.857, 0, NVIDIA GeForce RTX 3080, 6250, 3802, 10240, 95, 97
2026/07/30 23:09:42.969, 0, NVIDIA GeForce RTX 3080, 6250, 3802, 10240, 95, 97
2026/07/30 23:09:43.081, 0, NVIDIA GeForce RTX 3080, 6250, 3802, 10240, 95, 97
2026/07/30 23:09:43.191, 0, NVIDIA GeForce RTX 3080, 6250, 3802, 10240, 95, 97
2026/07/30 23:09:43.300, 0, NVIDIA GeForce RTX 3080, 6250, 3802, 10240, 96, 98
2026/07/30 23:09:43.412, 0, NVIDIA GeForce RTX 3080, 6250, 3802, 10240, 96, 98
2026/07/30 23:09:43.523, 0, NVIDIA GeForce RTX 3080, 6250, 3802, 10240, 96, 98
2026/07/30 23:09:43.634, 0, NVIDIA GeForce RTX 3080, 6250, 3802, 10240, 96, 98
2026/07/30 23:09:43.746, 0, NVIDIA GeForce RTX 3080, 6250, 3802, 10240, 97, 98
2026/07/30 23:09:43.858, 0, NVIDIA GeForce RTX 3080, 6250, 3802, 10240, 97, 98
2026/07/30 23:09:43.970, 0, NVIDIA GeForce RTX 3080, 6250, 3802, 10240, 97, 98
2026/07/30 23:09:44.082, 0, NVIDIA GeForce RTX 3080, 6250, 3802, 10240, 97, 98
2026/07/30 23:09:44.194, 0, NVIDIA GeForce RTX 3080, 6250, 3802, 10240, 97, 98
2026/07/30 23:09:44.306, 0, NVIDIA GeForce RTX 3080, 6250, 3802, 10240, 97, 98
2026/07/30 23:09:44.418, 0, NVIDIA GeForce RTX 3080, 6250, 3802, 10240, 97, 98
2026/07/30 23:09:44.530, 0, NVIDIA GeForce RTX 3080, 6250, 3802, 10240, 97, 98
2026/07/30 23:09:44.642, 0, NVIDIA GeForce RTX 3080, 6250, 3802, 10240, 97, 98
2026/07/30 23:09:44.754, 0, NVIDIA GeForce RTX 3080, 6250, 3802, 10240, 96, 97
2026/07/30 23:09:44.866, 0, NVIDIA GeForce RTX 3080, 6250, 3802, 10240, 96, 97
2026/07/30 23:09:44.979, 0, NVIDIA GeForce RTX 3080, 6250, 3802, 10240, 96, 97
2026/07/30 23:09:45.091, 0, NVIDIA GeForce RTX 3080, 6250, 3802, 10240, 96, 97
2026/07/30 23:09:45.203, 0, NVIDIA GeForce RTX 3080, 6250, 3802, 10240, 98, 98
2026/07/30 23:09:45.315, 0, NVIDIA GeForce RTX 3080, 6250, 3802, 10240, 98, 98
2026/07/30 23:09:45.427, 0, NVIDIA GeForce RTX 3080, 6250, 3802, 10240, 98, 98
2026/07/30 23:09:45.539, 0, NVIDIA GeForce RTX 3080, 6250, 3802, 10240, 98, 98
2026/07/30 23:09:45.651, 0, NVIDIA GeForce RTX 3080, 6250, 3802, 10240, 98, 98
2026/07/30 23:09:45.763, 0, NVIDIA GeForce RTX 3080, 6250, 3802, 10240, 98, 98
2026/07/30 23:09:45.875, 0, NVIDIA GeForce RTX 3080, 6250, 3802, 10240, 98, 98
2026/07/30 23:09:45.987, 0, NVIDIA GeForce RTX 3080, 6250, 3802, 10240, 98, 98
2026/07/30 23:09:46.099, 0, NVIDIA GeForce RTX 3080, 6250, 3802, 10240, 98, 98
2026/07/30 23:09:46.211, 0, NVIDIA GeForce RTX 3080, 6250, 3802, 10240, 98, 98
2026/07/30 23:09:46.323, 0, NVIDIA GeForce RTX 3080, 6250, 3802, 10240, 98, 98
2026/07/30 23:09:46.435, 0, NVIDIA GeForce RTX 3080, 6250, 3802, 10240, 98, 98
2026/07/30 23:09:46.547, 0, NVIDIA GeForce RTX 3080, 6250, 3802, 10240, 98, 98
2026/07/30 23:09:46.659, 0, NVIDIA GeForce RTX 3080, 6250, 3802, 10240, 98, 98
2026/07/30 23:09:46.771, 0, NVIDIA GeForce RTX 3080, 6250, 3802, 10240, 98, 98
2026/07/30 23:09:46.882, 0, NVIDIA GeForce RTX 3080, 6250, 3802, 10240, 98, 98
2026/07/30 23:09:46.994, 0, NVIDIA GeForce RTX 3080, 6250, 3802, 10240, 98, 98
2026/07/30 23:09:47.106, 0, NVIDIA GeForce RTX 3080, 6250, 3802, 10240, 98, 98
2026/07/30 23:09:47.218, 0, NVIDIA GeForce RTX 3080, 6250, 3802, 10240, 95, 98
2026/07/30 23:09:47.330, 0, NVIDIA GeForce RTX 3080, 6250, 3802, 10240, 95, 98
2026/07/30 23:09:47.441, 0, NVIDIA GeForce RTX 3080, 6250, 3802, 10240, 95, 98
2026/07/30 23:09:47.553, 0, NVIDIA GeForce RTX 3080, 6250, 3802, 10240, 95, 98
2026/07/30 23:09:47.665, 0, NVIDIA GeForce RTX 3080, 6250, 3802, 10240, 95, 98
2026/07/30 23:09:47.777, 0, NVIDIA GeForce RTX 3080, 6250, 3802, 10240, 95, 98
2026/07/30 23:09:47.889, 0, NVIDIA GeForce RTX 3080, 6250, 3802, 10240, 95, 98
2026/07/30 23:09:48.000, 0, NVIDIA GeForce RTX 3080, 6250, 3802, 10240, 95, 98
2026/07/30 23:09:48.111, 0, NVIDIA GeForce RTX 3080, 6250, 3802, 10240, 95, 98
2026/07/30 23:09:48.221, 0, NVIDIA GeForce RTX 3080, 6250, 3802, 10240, 95, 98
2026/07/30 23:09:48.331, 0, NVIDIA GeForce RTX 3080, 6250, 3802, 10240, 95, 98
2026/07/30 23:09:48.443, 0, NVIDIA GeForce RTX 3080, 6250, 3802, 10240, 95, 98
2026/07/30 23:09:48.555, 0, NVIDIA GeForce RTX 3080, 6250, 3802, 10240, 95, 98
2026/07/30 23:09:48.667, 0, NVIDIA GeForce RTX 3080, 6250, 3802, 10240, 95, 98
2026/07/30 23:09:48.779, 0, NVIDIA GeForce RTX 3080, 6250, 3802, 10240, 96, 98
2026/07/30 23:09:48.891, 0, NVIDIA GeForce RTX 3080, 6250, 3802, 10240, 96, 98
2026/07/30 23:09:49.000, 0, NVIDIA GeForce RTX 3080, 6250, 3802, 10240, 96, 98
2026/07/30 23:09:49.112, 0, NVIDIA GeForce RTX 3080, 6250, 3802, 10240, 96, 98
2026/07/30 23:09:49.224, 0, NVIDIA GeForce RTX 3080, 6250, 3802, 10240, 97, 98
2026/07/30 23:09:49.336, 0, NVIDIA GeForce RTX 3080, 6250, 3802, 10240, 97, 98
2026/07/30 23:09:49.448, 0, NVIDIA GeForce RTX 3080, 6250, 3802, 10240, 97, 98
2026/07/30 23:09:49.559, 0, NVIDIA GeForce RTX 3080, 6250, 3802, 10240, 97, 98
2026/07/30 23:09:49.671, 0, NVIDIA GeForce RTX 3080, 6250, 3802, 10240, 97, 98
2026/07/30 23:09:49.783, 0, NVIDIA GeForce RTX 3080, 6250, 3802, 10240, 97, 98
2026/07/30 23:09:49.895, 0, NVIDIA GeForce RTX 3080, 6250, 3802, 10240, 97, 98
2026/07/30 23:09:50.007, 0, NVIDIA GeForce RTX 3080, 6250, 3802, 10240, 97, 98
2026/07/30 23:09:50.119, 0, NVIDIA GeForce RTX 3080, 6250, 3802, 10240, 97, 98
2026/07/30 23:09:50.231, 0, NVIDIA GeForce RTX 3080, 6250, 3802, 10240, 96, 96
2026/07/30 23:09:50.343, 0, NVIDIA GeForce RTX 3080, 6250, 3802, 10240, 96, 96
2026/07/30 23:09:50.455, 0, NVIDIA GeForce RTX 3080, 6250, 3802, 10240, 96, 96
2026/07/30 23:09:50.567, 0, NVIDIA GeForce RTX 3080, 6250, 3802, 10240, 96, 96
2026/07/30 23:09:50.679, 0, NVIDIA GeForce RTX 3080, 6250, 3802, 10240, 96, 96
2026/07/30 23:09:50.791, 0, NVIDIA GeForce RTX 3080, 6250, 3802, 10240, 97, 98
2026/07/30 23:09:50.903, 0, NVIDIA GeForce RTX 3080, 6250, 3802, 10240, 97, 98
2026/07/30 23:09:51.015, 0, NVIDIA GeForce RTX 3080, 6250, 3802, 10240, 97, 98
2026/07/30 23:09:51.127, 0, NVIDIA GeForce RTX 3080, 6250, 3802, 10240, 97, 98
2026/07/30 23:09:51.240, 0, NVIDIA GeForce RTX 3080, 6250, 3802, 10240, 95, 97
2026/07/30 23:09:51.351, 0, NVIDIA GeForce RTX 3080, 6250, 3802, 10240, 95, 97
2026/07/30 23:09:51.463, 0, NVIDIA GeForce RTX 3080, 6250, 3802, 10240, 95, 97
2026/07/30 23:09:51.575, 0, NVIDIA GeForce RTX 3080, 6250, 3802, 10240, 95, 97
2026/07/30 23:09:51.686, 0, NVIDIA GeForce RTX 3080, 6250, 3802, 10240, 95, 97
2026/07/30 23:09:51.798, 0, NVIDIA GeForce RTX 3080, 6250, 3802, 10240, 95, 98
2026/07/30 23:09:51.910, 0, NVIDIA GeForce RTX 3080, 6250, 3802, 10240, 95, 98
2026/07/30 23:09:52.022, 0, NVIDIA GeForce RTX 3080, 6250, 3802, 10240, 95, 98
2026/07/30 23:09:52.134, 0, NVIDIA GeForce RTX 3080, 6250, 3802, 10240, 95, 98
2026/07/30 23:09:52.246, 0, NVIDIA GeForce RTX 3080, 6250, 3802, 10240, 95, 98
2026/07/30 23:09:52.358, 0, NVIDIA GeForce RTX 3080, 6250, 3802, 10240, 95, 98
2026/07/30 23:09:52.470, 0, NVIDIA GeForce RTX 3080, 6250, 3802, 10240, 95, 98
2026/07/30 23:09:52.582, 0, NVIDIA GeForce RTX 3080, 6250, 3802, 10240, 95, 98
2026/07/30 23:09:52.694, 0, NVIDIA GeForce RTX 3080, 6250, 3802, 10240, 95, 98
2026/07/30 23:09:52.806, 0, NVIDIA GeForce RTX 3080, 6250, 3802, 10240, 96, 98
2026/07/30 23:09:52.918, 0, NVIDIA GeForce RTX 3080, 6250, 3802, 10240, 96, 98
2026/07/30 23:09:53.030, 0, NVIDIA GeForce RTX 3080, 6250, 3802, 10240, 96, 98
2026/07/30 23:09:53.142, 0, NVIDIA GeForce RTX 3080, 6250, 3802, 10240, 96, 98
2026/07/30 23:09:53.254, 0, NVIDIA GeForce RTX 3080, 6250, 3802, 10240, 97, 98
2026/07/30 23:09:53.365, 0, NVIDIA GeForce RTX 3080, 6250, 3802, 10240, 97, 98
2026/07/30 23:09:53.477, 0, NVIDIA GeForce RTX 3080, 6250, 3802, 10240, 97, 98
2026/07/30 23:09:53.589, 0, NVIDIA GeForce RTX 3080, 6250, 3802, 10240, 97, 98
2026/07/30 23:09:53.700, 0, NVIDIA GeForce RTX 3080, 6250, 3802, 10240, 97, 98
2026/07/30 23:09:53.812, 0, NVIDIA GeForce RTX 3080, 6250, 3802, 10240, 97, 98
2026/07/30 23:09:53.923, 0, NVIDIA GeForce RTX 3080, 6250, 3802, 10240, 97, 98
2026/07/30 23:09:54.034, 0, NVIDIA GeForce RTX 3080, 6250, 3802, 10240, 97, 98
2026/07/30 23:09:54.146, 0, NVIDIA GeForce RTX 3080, 6250, 3802, 10240, 97, 98
2026/07/30 23:09:54.255, 0, NVIDIA GeForce RTX 3080, 6250, 3802, 10240, 97, 98
2026/07/30 23:09:54.363, 0, NVIDIA GeForce RTX 3080, 6250, 3802, 10240, 97, 98
2026/07/30 23:09:54.473, 0, NVIDIA GeForce RTX 3080, 6250, 3802, 10240, 97, 98
2026/07/30 23:09:54.583, 0, NVIDIA GeForce RTX 3080, 6250, 3802, 10240, 97, 98
2026/07/30 23:09:54.691, 0, NVIDIA GeForce RTX 3080, 6250, 3802, 10240, 97, 98
2026/07/30 23:09:54.801, 0, NVIDIA GeForce RTX 3080, 6250, 3802, 10240, 97, 98
2026/07/30 23:09:54.909, 0, NVIDIA GeForce RTX 3080, 6250, 3802, 10240, 97, 98
2026/07/30 23:09:55.020, 0, NVIDIA GeForce RTX 3080, 6250, 3802, 10240, 97, 98
2026/07/30 23:09:55.132, 0, NVIDIA GeForce RTX 3080, 6250, 3802, 10240, 97, 98
2026/07/30 23:09:55.243, 0, NVIDIA GeForce RTX 3080, 6250, 3802, 10240, 96, 98
2026/07/30 23:09:55.354, 0, NVIDIA GeForce RTX 3080, 6250, 3802, 10240, 96, 98
2026/07/30 23:09:55.466, 0, NVIDIA GeForce RTX 3080, 6250, 3802, 10240, 96, 98
2026/07/30 23:09:55.578, 0, NVIDIA GeForce RTX 3080, 6250, 3802, 10240, 96, 98
2026/07/30 23:09:55.690, 0, NVIDIA GeForce RTX 3080, 6250, 3802, 10240, 96, 98
2026/07/30 23:09:55.802, 0, NVIDIA GeForce RTX 3080, 6250, 3802, 10240, 95, 98
2026/07/30 23:09:55.915, 0, NVIDIA GeForce RTX 3080, 6250, 3802, 10240, 95, 98
2026/07/30 23:09:56.027, 0, NVIDIA GeForce RTX 3080, 6250, 3802, 10240, 95, 98
2026/07/30 23:09:56.139, 0, NVIDIA GeForce RTX 3080, 6250, 3802, 10240, 95, 98
2026/07/30 23:09:56.248, 0, NVIDIA GeForce RTX 3080, 6250, 3802, 10240, 95, 98
2026/07/30 23:09:56.357, 0, NVIDIA GeForce RTX 3080, 6250, 3802, 10240, 95, 98
2026/07/30 23:09:56.465, 0, NVIDIA GeForce RTX 3080, 6250, 3802, 10240, 95, 98
2026/07/30 23:09:56.574, 0, NVIDIA GeForce RTX 3080, 6250, 3802, 10240, 95, 98
2026/07/30 23:09:56.684, 0, NVIDIA GeForce RTX 3080, 6250, 3802, 10240, 95, 98
2026/07/30 23:09:56.796, 0, NVIDIA GeForce RTX 3080, 6250, 3802, 10240, 95, 98
2026/07/30 23:09:56.908, 0, NVIDIA GeForce RTX 3080, 6250, 3802, 10240, 95, 98
2026/07/30 23:09:57.018, 0, NVIDIA GeForce RTX 3080, 6250, 3802, 10240, 95, 98
2026/07/30 23:09:57.131, 0, NVIDIA GeForce RTX 3080, 6250, 3802, 10240, 95, 98
2026/07/30 23:09:57.242, 0, NVIDIA GeForce RTX 3080, 6250, 3802, 10240, 96, 97
2026/07/30 23:09:57.354, 0, NVIDIA GeForce RTX 3080, 6250, 3802, 10240, 96, 97
2026/07/30 23:09:57.465, 0, NVIDIA GeForce RTX 3080, 6250, 3802, 10240, 96, 97
2026/07/30 23:09:57.577, 0, NVIDIA GeForce RTX 3080, 6250, 3802, 10240, 96, 97
2026/07/30 23:09:57.689, 0, NVIDIA GeForce RTX 3080, 6250, 3802, 10240, 96, 97
2026/07/30 23:09:57.798, 0, NVIDIA GeForce RTX 3080, 6250, 3802, 10240, 96, 97
2026/07/30 23:09:57.910, 0, NVIDIA GeForce RTX 3080, 6250, 3802, 10240, 96, 97
2026/07/30 23:09:58.021, 0, NVIDIA GeForce RTX 3080, 6250, 3802, 10240, 96, 97
2026/07/30 23:09:58.133, 0, NVIDIA GeForce RTX 3080, 6250, 3802, 10240, 96, 97
2026/07/30 23:09:58.245, 0, NVIDIA GeForce RTX 3080, 6250, 3802, 10240, 96, 97
2026/07/30 23:09:58.357, 0, NVIDIA GeForce RTX 3080, 6250, 3802, 10240, 96, 97
2026/07/30 23:09:58.469, 0, NVIDIA GeForce RTX 3080, 6250, 3802, 10240, 96, 97
2026/07/30 23:09:58.581, 0, NVIDIA GeForce RTX 3080, 6250, 3802, 10240, 96, 97
2026/07/30 23:09:58.693, 0, NVIDIA GeForce RTX 3080, 6250, 3802, 10240, 96, 97
2026/07/30 23:09:58.806, 0, NVIDIA GeForce RTX 3080, 6250, 3802, 10240, 96, 97
2026/07/30 23:09:58.918, 0, NVIDIA GeForce RTX 3080, 6250, 3802, 10240, 96, 97
2026/07/30 23:09:59.030, 0, NVIDIA GeForce RTX 3080, 6250, 3802, 10240, 96, 97
2026/07/30 23:09:59.142, 0, NVIDIA GeForce RTX 3080, 6250, 3802, 10240, 96, 97
2026/07/30 23:09:59.253, 0, NVIDIA GeForce RTX 3080, 6250, 3802, 10240, 98, 97
2026/07/30 23:09:59.365, 0, NVIDIA GeForce RTX 3080, 6250, 3802, 10240, 98, 97
2026/07/30 23:09:59.476, 0, NVIDIA GeForce RTX 3080, 6250, 3802, 10240, 98, 97
2026/07/30 23:09:59.587, 0, NVIDIA GeForce RTX 3080, 6250, 3802, 10240, 98, 97
2026/07/30 23:09:59.699, 0, NVIDIA GeForce RTX 3080, 6250, 3802, 10240, 98, 98
2026/07/30 23:09:59.810, 0, NVIDIA GeForce RTX 3080, 6250, 3802, 10240, 98, 98
2026/07/30 23:09:59.922, 0, NVIDIA GeForce RTX 3080, 6250, 3802, 10240, 98, 98
2026/07/30 23:10:00.034, 0, NVIDIA GeForce RTX 3080, 6250, 3802, 10240, 98, 98
2026/07/30 23:10:00.146, 0, NVIDIA GeForce RTX 3080, 6250, 3802, 10240, 98, 98
2026/07/30 23:10:00.258, 0, NVIDIA GeForce RTX 3080, 6250, 3802, 10240, 98, 98
2026/07/30 23:10:00.369, 0, NVIDIA GeForce RTX 3080, 6250, 3802, 10240, 98, 98
2026/07/30 23:10:00.478, 0, NVIDIA GeForce RTX 3080, 6250, 3802, 10240, 98, 98
2026/07/30 23:10:00.590, 0, NVIDIA GeForce RTX 3080, 6250, 3802, 10240, 98, 98
2026/07/30 23:10:00.702, 0, NVIDIA GeForce RTX 3080, 6250, 3802, 10240, 98, 98
2026/07/30 23:10:00.813, 0, NVIDIA GeForce RTX 3080, 6250, 3802, 10240, 98, 98
2026/07/30 23:10:00.925, 0, NVIDIA GeForce RTX 3080, 6250, 3802, 10240, 98, 98
2026/07/30 23:10:01.037, 0, NVIDIA GeForce RTX 3080, 6250, 3802, 10240, 98, 98
2026/07/30 23:10:01.149, 0, NVIDIA GeForce RTX 3080, 6250, 3802, 10240, 98, 98
2026/07/30 23:10:01.258, 0, NVIDIA GeForce RTX 3080, 6250, 3802, 10240, 95, 98
2026/07/30 23:10:01.368, 0, NVIDIA GeForce RTX 3080, 6250, 3802, 10240, 95, 98
2026/07/30 23:10:01.477, 0, NVIDIA GeForce RTX 3080, 6250, 3802, 10240, 95, 98
2026/07/30 23:10:01.585, 0, NVIDIA GeForce RTX 3080, 6250, 3802, 10240, 95, 98
2026/07/30 23:10:01.696, 0, NVIDIA GeForce RTX 3080, 6250, 3802, 10240, 95, 98
2026/07/30 23:10:01.808, 0, NVIDIA GeForce RTX 3080, 6250, 3802, 10240, 95, 98
2026/07/30 23:10:01.920, 0, NVIDIA GeForce RTX 3080, 6250, 3802, 10240, 95, 98
2026/07/30 23:10:02.032, 0, NVIDIA GeForce RTX 3080, 6250, 3802, 10240, 95, 98
2026/07/30 23:10:02.144, 0, NVIDIA GeForce RTX 3080, 6250, 3802, 10240, 95, 98
2026/07/30 23:10:02.255, 0, NVIDIA GeForce RTX 3080, 6250, 3802, 10240, 96, 98
2026/07/30 23:10:02.366, 0, NVIDIA GeForce RTX 3080, 6250, 3802, 10240, 96, 98
2026/07/30 23:10:02.478, 0, NVIDIA GeForce RTX 3080, 6250, 3802, 10240, 96, 98
2026/07/30 23:10:02.590, 0, NVIDIA GeForce RTX 3080, 6250, 3802, 10240, 96, 98
2026/07/30 23:10:02.702, 0, NVIDIA GeForce RTX 3080, 6250, 3802, 10240, 95, 98
2026/07/30 23:10:02.813, 0, NVIDIA GeForce RTX 3080, 6250, 3802, 10240, 95, 98
2026/07/30 23:10:02.925, 0, NVIDIA GeForce RTX 3080, 6250, 3802, 10240, 95, 98
2026/07/30 23:10:03.037, 0, NVIDIA GeForce RTX 3080, 6250, 3802, 10240, 95, 98
2026/07/30 23:10:03.149, 0, NVIDIA GeForce RTX 3080, 6250, 3802, 10240, 95, 98
2026/07/30 23:10:03.259, 0, NVIDIA GeForce RTX 3080, 6250, 3802, 10240, 97, 98
2026/07/30 23:10:03.368, 0, NVIDIA GeForce RTX 3080, 6250, 3802, 10240, 97, 98
2026/07/30 23:10:03.480, 0, NVIDIA GeForce RTX 3080, 6250, 3802, 10240, 97, 98
2026/07/30 23:10:03.592, 0, NVIDIA GeForce RTX 3080, 6250, 3802, 10240, 97, 98
2026/07/30 23:10:03.704, 0, NVIDIA GeForce RTX 3080, 6250, 3802, 10240, 97, 98
2026/07/30 23:10:03.814, 0, NVIDIA GeForce RTX 3080, 6250, 3802, 10240, 97, 98
2026/07/30 23:10:03.923, 0, NVIDIA GeForce RTX 3080, 6250, 3802, 10240, 97, 98
2026/07/30 23:10:04.034, 0, NVIDIA GeForce RTX 3080, 6250, 3802, 10240, 97, 98
2026/07/30 23:10:04.146, 0, NVIDIA GeForce RTX 3080, 6250, 3802, 10240, 97, 98
2026/07/30 23:10:04.258, 0, NVIDIA GeForce RTX 3080, 6250, 3802, 10240, 97, 97
2026/07/30 23:10:04.369, 0, NVIDIA GeForce RTX 3080, 6250, 3802, 10240, 97, 97
2026/07/30 23:10:04.481, 0, NVIDIA GeForce RTX 3080, 6250, 3802, 10240, 97, 97
2026/07/30 23:10:04.593, 0, NVIDIA GeForce RTX 3080, 6250, 3802, 10240, 97, 97
2026/07/30 23:10:04.705, 0, NVIDIA GeForce RTX 3080, 6250, 3802, 10240, 97, 98
2026/07/30 23:10:04.816, 0, NVIDIA GeForce RTX 3080, 6250, 3802, 10240, 97, 98
2026/07/30 23:10:04.928, 0, NVIDIA GeForce RTX 3080, 6250, 3802, 10240, 97, 98
2026/07/30 23:10:05.040, 0, NVIDIA GeForce RTX 3080, 6250, 3802, 10240, 97, 98
2026/07/30 23:10:05.152, 0, NVIDIA GeForce RTX 3080, 6250, 3802, 10240, 97, 98
2026/07/30 23:10:05.264, 0, NVIDIA GeForce RTX 3080, 6250, 3802, 10240, 96, 98
2026/07/30 23:10:05.376, 0, NVIDIA GeForce RTX 3080, 6250, 3802, 10240, 96, 98
2026/07/30 23:10:05.488, 0, NVIDIA GeForce RTX 3080, 6250, 3802, 10240, 96, 98
2026/07/30 23:10:05.598, 0, NVIDIA GeForce RTX 3080, 6250, 3802, 10240, 96, 98
2026/07/30 23:10:05.710, 0, NVIDIA GeForce RTX 3080, 6250, 3802, 10240, 95, 98
2026/07/30 23:10:05.822, 0, NVIDIA GeForce RTX 3080, 6250, 3802, 10240, 95, 98
2026/07/30 23:10:05.934, 0, NVIDIA GeForce RTX 3080, 6250, 3802, 10240, 95, 98
2026/07/30 23:10:06.046, 0, NVIDIA GeForce RTX 3080, 6250, 3802, 10240, 95, 98
2026/07/30 23:10:06.158, 0, NVIDIA GeForce RTX 3080, 6250, 3802, 10240, 95, 98
2026/07/30 23:10:06.270, 0, NVIDIA GeForce RTX 3080, 6250, 3802, 10240, 96, 98
2026/07/30 23:10:06.381, 0, NVIDIA GeForce RTX 3080, 6250, 3802, 10240, 96, 98
2026/07/30 23:10:06.493, 0, NVIDIA GeForce RTX 3080, 6250, 3802, 10240, 96, 98
2026/07/30 23:10:06.605, 0, NVIDIA GeForce RTX 3080, 6250, 3802, 10240, 96, 98
2026/07/30 23:10:06.717, 0, NVIDIA GeForce RTX 3080, 6250, 3802, 10240, 95, 98
2026/07/30 23:10:06.829, 0, NVIDIA GeForce RTX 3080, 6250, 3802, 10240, 95, 98
2026/07/30 23:10:06.941, 0, NVIDIA GeForce RTX 3080, 6250, 3802, 10240, 95, 98
2026/07/30 23:10:07.052, 0, NVIDIA GeForce RTX 3080, 6250, 3802, 10240, 95, 98
2026/07/30 23:10:07.163, 0, NVIDIA GeForce RTX 3080, 6250, 3802, 10240, 95, 98
2026/07/30 23:10:07.274, 0, NVIDIA GeForce RTX 3080, 6250, 3802, 10240, 97, 97
2026/07/30 23:10:07.385, 0, NVIDIA GeForce RTX 3080, 6250, 3802, 10240, 97, 97
2026/07/30 23:10:07.496, 0, NVIDIA GeForce RTX 3080, 6250, 3802, 10240, 97, 97
2026/07/30 23:10:07.608, 0, NVIDIA GeForce RTX 3080, 6250, 3802, 10240, 97, 97
2026/07/30 23:10:07.719, 0, NVIDIA GeForce RTX 3080, 6250, 3802, 10240, 97, 98
2026/07/30 23:10:07.831, 0, NVIDIA GeForce RTX 3080, 6250, 3802, 10240, 97, 98
2026/07/30 23:10:07.943, 0, NVIDIA GeForce RTX 3080, 6250, 3802, 10240, 97, 98
2026/07/30 23:10:08.055, 0, NVIDIA GeForce RTX 3080, 6250, 3802, 10240, 97, 98
2026/07/30 23:10:08.167, 0, NVIDIA GeForce RTX 3080, 6250, 3802, 10240, 97, 98
2026/07/30 23:10:08.278, 0, NVIDIA GeForce RTX 3080, 6250, 3802, 10240, 97, 98
2026/07/30 23:10:08.390, 0, NVIDIA GeForce RTX 3080, 6250, 3802, 10240, 97, 98
2026/07/30 23:10:08.502, 0, NVIDIA GeForce RTX 3080, 6250, 3802, 10240, 97, 98
2026/07/30 23:10:08.614, 0, NVIDIA GeForce RTX 3080, 6250, 3802, 10240, 97, 98
2026/07/30 23:10:08.726, 0, NVIDIA GeForce RTX 3080, 6250, 3802, 10240, 97, 98
2026/07/30 23:10:08.838, 0, NVIDIA GeForce RTX 3080, 6250, 3802, 10240, 97, 98
2026/07/30 23:10:08.950, 0, NVIDIA GeForce RTX 3080, 6250, 3802, 10240, 97, 98
2026/07/30 23:10:09.062, 0, NVIDIA GeForce RTX 3080, 6250, 3802, 10240, 97, 98
2026/07/30 23:10:09.174, 0, NVIDIA GeForce RTX 3080, 6250, 3802, 10240, 97, 98
2026/07/30 23:10:09.286, 0, NVIDIA GeForce RTX 3080, 6250, 3802, 10240, 95, 98
2026/07/30 23:10:09.398, 0, NVIDIA GeForce RTX 3080, 6250, 3802, 10240, 95, 98
2026/07/30 23:10:09.510, 0, NVIDIA GeForce RTX 3080, 6250, 3802, 10240, 95, 98
2026/07/30 23:10:09.622, 0, NVIDIA GeForce RTX 3080, 6250, 3802, 10240, 95, 98
2026/07/30 23:10:09.733, 0, NVIDIA GeForce RTX 3080, 6250, 3802, 10240, 95, 98
2026/07/30 23:10:09.845, 0, NVIDIA GeForce RTX 3080, 6250, 3802, 10240, 95, 98
2026/07/30 23:10:09.957, 0, NVIDIA GeForce RTX 3080, 6250, 3802, 10240, 95, 98
2026/07/30 23:10:10.068, 0, NVIDIA GeForce RTX 3080, 6250, 3802, 10240, 95, 98
2026/07/30 23:10:10.180, 0, NVIDIA GeForce RTX 3080, 6250, 3802, 10240, 95, 98
2026/07/30 23:10:10.292, 0, NVIDIA GeForce RTX 3080, 6250, 3802, 10240, 96, 98
2026/07/30 23:10:10.404, 0, NVIDIA GeForce RTX 3080, 6250, 3802, 10240, 96, 98
2026/07/30 23:10:10.516, 0, NVIDIA GeForce RTX 3080, 6250, 3802, 10240, 96, 98
2026/07/30 23:10:10.628, 0, NVIDIA GeForce RTX 3080, 6250, 3802, 10240, 96, 98
2026/07/30 23:10:10.740, 0, NVIDIA GeForce RTX 3080, 6250, 3802, 10240, 95, 98
2026/07/30 23:10:10.852, 0, NVIDIA GeForce RTX 3080, 6250, 3802, 10240, 95, 98
2026/07/30 23:10:10.963, 0, NVIDIA GeForce RTX 3080, 6250, 3802, 10240, 95, 98
2026/07/30 23:10:11.075, 0, NVIDIA GeForce RTX 3080, 6250, 3802, 10240, 95, 98
2026/07/30 23:10:11.187, 0, NVIDIA GeForce RTX 3080, 6250, 3802, 10240, 95, 98
2026/07/30 23:10:11.299, 0, NVIDIA GeForce RTX 3080, 6250, 3802, 10240, 97, 98
2026/07/30 23:10:11.411, 0, NVIDIA GeForce RTX 3080, 6250, 3802, 10240, 97, 98
2026/07/30 23:10:11.523, 0, NVIDIA GeForce RTX 3080, 6250, 3802, 10240, 97, 98
2026/07/30 23:10:11.636, 0, NVIDIA GeForce RTX 3080, 6250, 3802, 10240, 97, 98
2026/07/30 23:10:11.748, 0, NVIDIA GeForce RTX 3080, 6250, 3802, 10240, 97, 98
2026/07/30 23:10:11.860, 0, NVIDIA GeForce RTX 3080, 6250, 3802, 10240, 97, 98
2026/07/30 23:10:11.971, 0, NVIDIA GeForce RTX 3080, 6250, 3802, 10240, 97, 98
2026/07/30 23:10:12.082, 0, NVIDIA GeForce RTX 3080, 6250, 3802, 10240, 97, 98
2026/07/30 23:10:12.194, 0, NVIDIA GeForce RTX 3080, 6250, 3802, 10240, 97, 98
2026/07/30 23:10:12.306, 0, NVIDIA GeForce RTX 3080, 6250, 3802, 10240, 97, 98
2026/07/30 23:10:12.418, 0, NVIDIA GeForce RTX 3080, 6250, 3802, 10240, 97, 98
2026/07/30 23:10:12.530, 0, NVIDIA GeForce RTX 3080, 6250, 3802, 10240, 97, 98
2026/07/30 23:10:12.642, 0, NVIDIA GeForce RTX 3080, 6250, 3802, 10240, 97, 98
2026/07/30 23:10:12.754, 0, NVIDIA GeForce RTX 3080, 6250, 3802, 10240, 97, 98
2026/07/30 23:10:12.866, 0, NVIDIA GeForce RTX 3080, 6250, 3802, 10240, 97, 98
2026/07/30 23:10:12.978, 0, NVIDIA GeForce RTX 3080, 6250, 3802, 10240, 97, 98
2026/07/30 23:10:13.090, 0, NVIDIA GeForce RTX 3080, 6250, 3802, 10240, 97, 98
2026/07/30 23:10:13.202, 0, NVIDIA GeForce RTX 3080, 6250, 3802, 10240, 97, 97
2026/07/30 23:10:13.314, 0, NVIDIA GeForce RTX 3080, 6250, 3802, 10240, 97, 97
2026/07/30 23:10:13.425, 0, NVIDIA GeForce RTX 3080, 6250, 3802, 10240, 97, 97
2026/07/30 23:10:13.537, 0, NVIDIA GeForce RTX 3080, 6250, 3802, 10240, 97, 97
2026/07/30 23:10:13.649, 0, NVIDIA GeForce RTX 3080, 6250, 3802, 10240, 97, 97
2026/07/30 23:10:13.761, 0, NVIDIA GeForce RTX 3080, 6250, 3802, 10240, 98, 98
2026/07/30 23:10:13.873, 0, NVIDIA GeForce RTX 3080, 6250, 3802, 10240, 98, 98
2026/07/30 23:10:13.984, 0, NVIDIA GeForce RTX 3080, 6250, 3802, 10240, 98, 98
2026/07/30 23:10:14.096, 0, NVIDIA GeForce RTX 3080, 6250, 3802, 10240, 98, 98
2026/07/30 23:10:14.207, 0, NVIDIA GeForce RTX 3080, 6250, 3802, 10240, 98, 98
2026/07/30 23:10:14.316, 0, NVIDIA GeForce RTX 3080, 6250, 3802, 10240, 98, 98
2026/07/30 23:10:14.425, 0, NVIDIA GeForce RTX 3080, 6250, 3802, 10240, 98, 98
2026/07/30 23:10:14.535, 0, NVIDIA GeForce RTX 3080, 6250, 3802, 10240, 98, 98
2026/07/30 23:10:14.644, 0, NVIDIA GeForce RTX 3080, 6250, 3802, 10240, 98, 98
2026/07/30 23:10:14.754, 0, NVIDIA GeForce RTX 3080, 6250, 3802, 10240, 98, 98
2026/07/30 23:10:14.864, 0, NVIDIA GeForce RTX 3080, 6250, 3802, 10240, 98, 98
2026/07/30 23:10:14.976, 0, NVIDIA GeForce RTX 3080, 6250, 3802, 10240, 98, 98
2026/07/30 23:10:15.087, 0, NVIDIA GeForce RTX 3080, 6250, 3802, 10240, 98, 98
2026/07/30 23:10:15.198, 0, NVIDIA GeForce RTX 3080, 6250, 3802, 10240, 95, 97
2026/07/30 23:10:15.308, 0, NVIDIA GeForce RTX 3080, 6250, 3802, 10240, 95, 97
2026/07/30 23:10:15.420, 0, NVIDIA GeForce RTX 3080, 6250, 3802, 10240, 95, 97
2026/07/30 23:10:15.532, 0, NVIDIA GeForce RTX 3080, 6250, 3802, 10240, 95, 97
2026/07/30 23:10:15.644, 0, NVIDIA GeForce RTX 3080, 6250, 3802, 10240, 95, 97
2026/07/30 23:10:15.755, 0, NVIDIA GeForce RTX 3080, 6250, 3802, 10240, 95, 97
2026/07/30 23:10:15.867, 0, NVIDIA GeForce RTX 3080, 6250, 3802, 10240, 95, 97
2026/07/30 23:10:15.979, 0, NVIDIA GeForce RTX 3080, 6250, 3802, 10240, 95, 97
2026/07/30 23:10:16.091, 0, NVIDIA GeForce RTX 3080, 6250, 3802, 10240, 95, 97
2026/07/30 23:10:16.202, 0, NVIDIA GeForce RTX 3080, 6250, 3802, 10240, 95, 97
2026/07/30 23:10:16.312, 0, NVIDIA GeForce RTX 3080, 6250, 3802, 10240, 95, 97
2026/07/30 23:10:16.422, 0, NVIDIA GeForce RTX 3080, 6250, 3802, 10240, 95, 97
2026/07/30 23:10:16.530, 0, NVIDIA GeForce RTX 3080, 6250, 3802, 10240, 95, 97
2026/07/30 23:10:16.641, 0, NVIDIA GeForce RTX 3080, 6250, 3802, 10240, 95, 97
2026/07/30 23:10:16.753, 0, NVIDIA GeForce RTX 3080, 6250, 3802, 10240, 95, 97
2026/07/30 23:10:16.865, 0, NVIDIA GeForce RTX 3080, 6250, 3802, 10240, 95, 97
2026/07/30 23:10:16.977, 0, NVIDIA GeForce RTX 3080, 6250, 3802, 10240, 95, 97
2026/07/30 23:10:17.089, 0, NVIDIA GeForce RTX 3080, 6250, 3802, 10240, 95, 97
2026/07/30 23:10:17.201, 0, NVIDIA GeForce RTX 3080, 6250, 3802, 10240, 97, 98
2026/07/30 23:10:17.313, 0, NVIDIA GeForce RTX 3080, 6250, 3802, 10240, 97, 98
2026/07/30 23:10:17.425, 0, NVIDIA GeForce RTX 3080, 6250, 3802, 10240, 97, 98
2026/07/30 23:10:17.537, 0, NVIDIA GeForce RTX 3080, 6250, 3802, 10240, 97, 98
2026/07/30 23:10:17.648, 0, NVIDIA GeForce RTX 3080, 6250, 3802, 10240, 97, 98
2026/07/30 23:10:17.759, 0, NVIDIA GeForce RTX 3080, 6250, 3802, 10240, 97, 98
2026/07/30 23:10:17.870, 0, NVIDIA GeForce RTX 3080, 6250, 3802, 10240, 97, 98
2026/07/30 23:10:17.982, 0, NVIDIA GeForce RTX 3080, 6250, 3802, 10240, 97, 98
2026/07/30 23:10:18.094, 0, NVIDIA GeForce RTX 3080, 6250, 3802, 10240, 97, 98
2026/07/30 23:10:18.206, 0, NVIDIA GeForce RTX 3080, 6250, 3802, 10240, 97, 98
2026/07/30 23:10:18.318, 0, NVIDIA GeForce RTX 3080, 6250, 3802, 10240, 97, 98
2026/07/30 23:10:18.430, 0, NVIDIA GeForce RTX 3080, 6250, 3802, 10240, 97, 98
2026/07/30 23:10:18.542, 0, NVIDIA GeForce RTX 3080, 6250, 3802, 10240, 97, 98
2026/07/30 23:10:18.654, 0, NVIDIA GeForce RTX 3080, 6250, 3802, 10240, 97, 98
2026/07/30 23:10:18.765, 0, NVIDIA GeForce RTX 3080, 6250, 3802, 10240, 96, 97
2026/07/30 23:10:18.877, 0, NVIDIA GeForce RTX 3080, 6250, 3802, 10240, 96, 97
2026/07/30 23:10:18.990, 0, NVIDIA GeForce RTX 3080, 6250, 3802, 10240, 96, 97
2026/07/30 23:10:19.102, 0, NVIDIA GeForce RTX 3080, 6250, 3802, 10240, 96, 97
2026/07/30 23:10:19.214, 0, NVIDIA GeForce RTX 3080, 6250, 3802, 10240, 96, 98
2026/07/30 23:10:19.326, 0, NVIDIA GeForce RTX 3080, 6250, 3802, 10240, 96, 98
2026/07/30 23:10:19.438, 0, NVIDIA GeForce RTX 3080, 6250, 3802, 10240, 96, 98
2026/07/30 23:10:19.550, 0, NVIDIA GeForce RTX 3080, 6250, 3802, 10240, 96, 98
2026/07/30 23:10:19.662, 0, NVIDIA GeForce RTX 3080, 6250, 3802, 10240, 96, 98
2026/07/30 23:10:19.773, 0, NVIDIA GeForce RTX 3080, 6250, 3802, 10240, 95, 98
2026/07/30 23:10:19.885, 0, NVIDIA GeForce RTX 3080, 6250, 3802, 10240, 95, 98
2026/07/30 23:10:19.997, 0, NVIDIA GeForce RTX 3080, 6250, 3802, 10240, 95, 98
2026/07/30 23:10:20.109, 0, NVIDIA GeForce RTX 3080, 6250, 3802, 10240, 95, 98
2026/07/30 23:10:20.221, 0, NVIDIA GeForce RTX 3080, 6250, 3802, 10240, 95, 97
2026/07/30 23:10:20.333, 0, NVIDIA GeForce RTX 3080, 6250, 3802, 10240, 95, 97
2026/07/30 23:10:20.445, 0, NVIDIA GeForce RTX 3080, 6250, 3802, 10240, 95, 97
2026/07/30 23:10:20.557, 0, NVIDIA GeForce RTX 3080, 6250, 3802, 10240, 95, 97
2026/07/30 23:10:20.669, 0, NVIDIA GeForce RTX 3080, 6250, 3802, 10240, 95, 97
2026/07/30 23:10:20.781, 0, NVIDIA GeForce RTX 3080, 6250, 3802, 10240, 96, 98
2026/07/30 23:10:20.893, 0, NVIDIA GeForce RTX 3080, 6250, 3802, 10240, 96, 98
2026/07/30 23:10:21.006, 0, NVIDIA GeForce RTX 3080, 6250, 3802, 10240, 96, 98
2026/07/30 23:10:21.118, 0, NVIDIA GeForce RTX 3080, 6250, 3802, 10240, 96, 98
2026/07/30 23:10:21.229, 0, NVIDIA GeForce RTX 3080, 6250, 3802, 10240, 97, 98
2026/07/30 23:10:21.337, 0, NVIDIA GeForce RTX 3080, 6250, 3802, 10240, 97, 98
2026/07/30 23:10:21.446, 0, NVIDIA GeForce RTX 3080, 6250, 3802, 10240, 97, 98
2026/07/30 23:10:21.557, 0, NVIDIA GeForce RTX 3080, 6250, 3802, 10240, 97, 98
2026/07/30 23:10:21.668, 0, NVIDIA GeForce RTX 3080, 6250, 3802, 10240, 97, 98
2026/07/30 23:10:21.780, 0, NVIDIA GeForce RTX 3080, 6250, 3802, 10240, 97, 98
2026/07/30 23:10:21.890, 0, NVIDIA GeForce RTX 3080, 6250, 3802, 10240, 97, 98
2026/07/30 23:10:22.000, 0, NVIDIA GeForce RTX 3080, 6250, 3802, 10240, 97, 98
2026/07/30 23:10:22.112, 0, NVIDIA GeForce RTX 3080, 6250, 3802, 10240, 97, 98
2026/07/30 23:10:22.224, 0, NVIDIA GeForce RTX 3080, 6250, 3802, 10240, 96, 97
2026/07/30 23:10:22.336, 0, NVIDIA GeForce RTX 3080, 6250, 3802, 10240, 96, 97
2026/07/30 23:10:22.448, 0, NVIDIA GeForce RTX 3080, 6250, 3802, 10240, 96, 97
2026/07/30 23:10:22.559, 0, NVIDIA GeForce RTX 3080, 6250, 3802, 10240, 96, 97
2026/07/30 23:10:22.671, 0, NVIDIA GeForce RTX 3080, 6250, 3802, 10240, 96, 97
2026/07/30 23:10:22.783, 0, NVIDIA GeForce RTX 3080, 6250, 3802, 10240, 97, 98
2026/07/30 23:10:22.895, 0, NVIDIA GeForce RTX 3080, 6250, 3802, 10240, 97, 98
2026/07/30 23:10:23.007, 0, NVIDIA GeForce RTX 3080, 6250, 3802, 10240, 97, 98
2026/07/30 23:10:23.119, 0, NVIDIA GeForce RTX 3080, 6250, 3802, 10240, 97, 98
2026/07/30 23:10:23.230, 0, NVIDIA GeForce RTX 3080, 6250, 3802, 10240, 95, 98
2026/07/30 23:10:23.342, 0, NVIDIA GeForce RTX 3080, 6250, 3802, 10240, 95, 98
2026/07/30 23:10:23.454, 0, NVIDIA GeForce RTX 3080, 6250, 3802, 10240, 95, 98
2026/07/30 23:10:23.566, 0, NVIDIA GeForce RTX 3080, 6250, 3802, 10240, 95, 98
2026/07/30 23:10:23.675, 0, NVIDIA GeForce RTX 3080, 6250, 3802, 10240, 95, 98
2026/07/30 23:10:23.788, 0, NVIDIA GeForce RTX 3080, 6250, 3802, 10240, 95, 98
2026/07/30 23:10:23.900, 0, NVIDIA GeForce RTX 3080, 6250, 3802, 10240, 95, 98
2026/07/30 23:10:24.010, 0, NVIDIA GeForce RTX 3080, 6250, 3802, 10240, 95, 98
2026/07/30 23:10:24.122, 0, NVIDIA GeForce RTX 3080, 6250, 3802, 10240, 95, 98
2026/07/30 23:10:24.233, 0, NVIDIA GeForce RTX 3080, 6250, 3802, 10240, 95, 98
2026/07/30 23:10:24.344, 0, NVIDIA GeForce RTX 3080, 6250, 3802, 10240, 95, 98
2026/07/30 23:10:24.455, 0, NVIDIA GeForce RTX 3080, 6250, 3802, 10240, 95, 98
2026/07/30 23:10:24.565, 0, NVIDIA GeForce RTX 3080, 6250, 3802, 10240, 95, 98
2026/07/30 23:10:24.677, 0, NVIDIA GeForce RTX 3080, 6250, 3802, 10240, 95, 98
2026/07/30 23:10:24.788, 0, NVIDIA GeForce RTX 3080, 6250, 3802, 10240, 95, 98
2026/07/30 23:10:24.900, 0, NVIDIA GeForce RTX 3080, 6250, 3802, 10240, 95, 98
2026/07/30 23:10:25.012, 0, NVIDIA GeForce RTX 3080, 6250, 3802, 10240, 95, 98
2026/07/30 23:10:25.124, 0, NVIDIA GeForce RTX 3080, 6250, 3802, 10240, 95, 98
2026/07/30 23:10:25.236, 0, NVIDIA GeForce RTX 3080, 6250, 3802, 10240, 97, 98
2026/07/30 23:10:25.348, 0, NVIDIA GeForce RTX 3080, 6250, 3802, 10240, 97, 98
2026/07/30 23:10:25.459, 0, NVIDIA GeForce RTX 3080, 6250, 3802, 10240, 97, 98
2026/07/30 23:10:25.571, 0, NVIDIA GeForce RTX 3080, 6250, 3802, 10240, 97, 98
2026/07/30 23:10:25.683, 0, NVIDIA GeForce RTX 3080, 6250, 3802, 10240, 97, 98
2026/07/30 23:10:25.795, 0, NVIDIA GeForce RTX 3080, 6250, 3802, 10240, 97, 98
2026/07/30 23:10:25.906, 0, NVIDIA GeForce RTX 3080, 6250, 3802, 10240, 97, 98
2026/07/30 23:10:26.016, 0, NVIDIA GeForce RTX 3080, 6250, 3802, 10240, 97, 98
2026/07/30 23:10:26.127, 0, NVIDIA GeForce RTX 3080, 6250, 3802, 10240, 97, 98
2026/07/30 23:10:26.239, 0, NVIDIA GeForce RTX 3080, 6250, 3802, 10240, 96, 97
2026/07/30 23:10:26.350, 0, NVIDIA GeForce RTX 3080, 6250, 3802, 10240, 96, 97
2026/07/30 23:10:26.462, 0, NVIDIA GeForce RTX 3080, 6250, 3802, 10240, 96, 97
2026/07/30 23:10:26.573, 0, NVIDIA GeForce RTX 3080, 6250, 3802, 10240, 96, 97
2026/07/30 23:10:26.685, 0, NVIDIA GeForce RTX 3080, 6250, 3802, 10240, 96, 97
2026/07/30 23:10:26.796, 0, NVIDIA GeForce RTX 3080, 6250, 3802, 10240, 97, 98
2026/07/30 23:10:26.908, 0, NVIDIA GeForce RTX 3080, 6250, 3802, 10240, 97, 98
2026/07/30 23:10:27.020, 0, NVIDIA GeForce RTX 3080, 6250, 3802, 10240, 97, 98
2026/07/30 23:10:27.132, 0, NVIDIA GeForce RTX 3080, 6250, 3802, 10240, 97, 98
2026/07/30 23:10:27.244, 0, NVIDIA GeForce RTX 3080, 6250, 3802, 10240, 96, 96
2026/07/30 23:10:27.356, 0, NVIDIA GeForce RTX 3080, 6250, 3802, 10240, 96, 96
2026/07/30 23:10:27.468, 0, NVIDIA GeForce RTX 3080, 6250, 3802, 10240, 96, 96
2026/07/30 23:10:27.580, 0, NVIDIA GeForce RTX 3080, 6250, 3802, 10240, 96, 96
2026/07/30 23:10:27.692, 0, NVIDIA GeForce RTX 3080, 6250, 3802, 10240, 96, 96
2026/07/30 23:10:27.804, 0, NVIDIA GeForce RTX 3080, 6250, 3802, 10240, 98, 98
2026/07/30 23:10:27.916, 0, NVIDIA GeForce RTX 3080, 6250, 3802, 10240, 98, 98
2026/07/30 23:10:28.028, 0, NVIDIA GeForce RTX 3080, 6250, 3802, 10240, 98, 98
2026/07/30 23:10:28.139, 0, NVIDIA GeForce RTX 3080, 6250, 3802, 10240, 98, 98
2026/07/30 23:10:28.250, 0, NVIDIA GeForce RTX 3080, 6250, 3802, 10240, 97, 97
2026/07/30 23:10:28.362, 0, NVIDIA GeForce RTX 3080, 6250, 3802, 10240, 97, 97
2026/07/30 23:10:28.474, 0, NVIDIA GeForce RTX 3080, 6250, 3802, 10240, 97, 97
2026/07/30 23:10:28.586, 0, NVIDIA GeForce RTX 3080, 6250, 3802, 10240, 97, 97
2026/07/30 23:10:28.698, 0, NVIDIA GeForce RTX 3080, 6250, 3802, 10240, 97, 97
2026/07/30 23:10:28.810, 0, NVIDIA GeForce RTX 3080, 6250, 3802, 10240, 98, 98
2026/07/30 23:10:28.922, 0, NVIDIA GeForce RTX 3080, 6250, 3802, 10240, 98, 98
2026/07/30 23:10:29.034, 0, NVIDIA GeForce RTX 3080, 6250, 3802, 10240, 98, 98
2026/07/30 23:10:29.146, 0, NVIDIA GeForce RTX 3080, 6250, 3802, 10240, 98, 98
2026/07/30 23:10:29.257, 0, NVIDIA GeForce RTX 3080, 6250, 3802, 10240, 95, 98
2026/07/30 23:10:29.367, 0, NVIDIA GeForce RTX 3080, 6250, 3802, 10240, 95, 98
2026/07/30 23:10:29.477, 0, NVIDIA GeForce RTX 3080, 6250, 3802, 10240, 95, 98
2026/07/30 23:10:29.586, 0, NVIDIA GeForce RTX 3080, 6250, 3802, 10240, 95, 98
2026/07/30 23:10:29.694, 0, NVIDIA GeForce RTX 3080, 6250, 3802, 10240, 95, 98
2026/07/30 23:10:29.803, 0, NVIDIA GeForce RTX 3080, 6250, 3802, 10240, 95, 98
2026/07/30 23:10:29.914, 0, NVIDIA GeForce RTX 3080, 6250, 3802, 10240, 95, 98
2026/07/30 23:10:30.026, 0, NVIDIA GeForce RTX 3080, 6250, 3802, 10240, 95, 98
2026/07/30 23:10:30.138, 0, NVIDIA GeForce RTX 3080, 6250, 3802, 10240, 95, 98
2026/07/30 23:10:30.249, 0, NVIDIA GeForce RTX 3080, 6250, 3802, 10240, 94, 97
2026/07/30 23:10:30.360, 0, NVIDIA GeForce RTX 3080, 6250, 3802, 10240, 94, 97
2026/07/30 23:10:30.472, 0, NVIDIA GeForce RTX 3080, 6250, 3802, 10240, 94, 97
2026/07/30 23:10:30.585, 0, NVIDIA GeForce RTX 3080, 6250, 3802, 10240, 94, 97
2026/07/30 23:10:30.696, 0, NVIDIA GeForce RTX 3080, 6250, 3802, 10240, 94, 97
2026/07/30 23:10:30.808, 0, NVIDIA GeForce RTX 3080, 6250, 3802, 10240, 95, 98
2026/07/30 23:10:30.920, 0, NVIDIA GeForce RTX 3080, 6250, 3802, 10240, 95, 98
2026/07/30 23:10:31.032, 0, NVIDIA GeForce RTX 3080, 6250, 3802, 10240, 95, 98
2026/07/30 23:10:31.143, 0, NVIDIA GeForce RTX 3080, 6250, 3802, 10240, 95, 98
2026/07/30 23:10:31.255, 0, NVIDIA GeForce RTX 3080, 6250, 3802, 10240, 97, 98
2026/07/30 23:10:31.367, 0, NVIDIA GeForce RTX 3080, 6250, 3802, 10240, 97, 98
2026/07/30 23:10:31.479, 0, NVIDIA GeForce RTX 3080, 6250, 3802, 10240, 97, 98
2026/07/30 23:10:31.591, 0, NVIDIA GeForce RTX 3080, 6250, 3802, 10240, 97, 98
2026/07/30 23:10:31.703, 0, NVIDIA GeForce RTX 3080, 6250, 3802, 10240, 97, 97
2026/07/30 23:10:31.815, 0, NVIDIA GeForce RTX 3080, 6250, 3802, 10240, 97, 97
2026/07/30 23:10:31.927, 0, NVIDIA GeForce RTX 3080, 6250, 3802, 10240, 97, 97
2026/07/30 23:10:32.039, 0, NVIDIA GeForce RTX 3080, 6250, 3802, 10240, 97, 97
2026/07/30 23:10:32.151, 0, NVIDIA GeForce RTX 3080, 6250, 3802, 10240, 97, 97
2026/07/30 23:10:32.263, 0, NVIDIA GeForce RTX 3080, 6250, 3802, 10240, 97, 98
2026/07/30 23:10:32.375, 0, NVIDIA GeForce RTX 3080, 6250, 3802, 10240, 97, 98
2026/07/30 23:10:32.487, 0, NVIDIA GeForce RTX 3080, 6250, 3802, 10240, 97, 98
2026/07/30 23:10:32.599, 0, NVIDIA GeForce RTX 3080, 6250, 3802, 10240, 97, 98
2026/07/30 23:10:32.711, 0, NVIDIA GeForce RTX 3080, 6250, 3802, 10240, 95, 96
2026/07/30 23:10:32.822, 0, NVIDIA GeForce RTX 3080, 6250, 3802, 10240, 95, 96
2026/07/30 23:10:32.933, 0, NVIDIA GeForce RTX 3080, 6250, 3802, 10240, 95, 96
2026/07/30 23:10:33.044, 0, NVIDIA GeForce RTX 3080, 6250, 3802, 10240, 95, 96
2026/07/30 23:10:33.155, 0, NVIDIA GeForce RTX 3080, 6250, 3802, 10240, 95, 96
2026/07/30 23:10:33.267, 0, NVIDIA GeForce RTX 3080, 6250, 3802, 10240, 96, 98
2026/07/30 23:10:33.379, 0, NVIDIA GeForce RTX 3080, 6250, 3802, 10240, 96, 98
2026/07/30 23:10:33.491, 0, NVIDIA GeForce RTX 3080, 6250, 3802, 10240, 96, 98
2026/07/30 23:10:33.603, 0, NVIDIA GeForce RTX 3080, 6250, 3802, 10240, 96, 98
2026/07/30 23:10:33.715, 0, NVIDIA GeForce RTX 3080, 6250, 3802, 10240, 96, 98
2026/07/30 23:10:33.827, 0, NVIDIA GeForce RTX 3080, 6250, 3802, 10240, 96, 98
2026/07/30 23:10:33.939, 0, NVIDIA GeForce RTX 3080, 6250, 3802, 10240, 96, 98
2026/07/30 23:10:34.051, 0, NVIDIA GeForce RTX 3080, 6250, 3802, 10240, 96, 98
2026/07/30 23:10:34.163, 0, NVIDIA GeForce RTX 3080, 6250, 3802, 10240, 96, 98
2026/07/30 23:10:34.273, 0, NVIDIA GeForce RTX 3080, 6250, 3802, 10240, 96, 98
2026/07/30 23:10:34.382, 0, NVIDIA GeForce RTX 3080, 6250, 3802, 10240, 96, 98
2026/07/30 23:10:34.492, 0, NVIDIA GeForce RTX 3080, 6250, 3802, 10240, 96, 98
2026/07/30 23:10:34.600, 0, NVIDIA GeForce RTX 3080, 6250, 3802, 10240, 96, 98
2026/07/30 23:10:34.708, 0, NVIDIA GeForce RTX 3080, 6250, 3802, 10240, 96, 98
2026/07/30 23:10:34.818, 0, NVIDIA GeForce RTX 3080, 6250, 3802, 10240, 96, 98
2026/07/30 23:10:34.930, 0, NVIDIA GeForce RTX 3080, 6250, 3802, 10240, 96, 98
2026/07/30 23:10:35.042, 0, NVIDIA GeForce RTX 3080, 6250, 3802, 10240, 96, 98
2026/07/30 23:10:35.154, 0, NVIDIA GeForce RTX 3080, 6250, 3802, 10240, 96, 98
2026/07/30 23:10:35.266, 0, NVIDIA GeForce RTX 3080, 6250, 3802, 10240, 96, 97
2026/07/30 23:10:35.377, 0, NVIDIA GeForce RTX 3080, 6250, 3802, 10240, 96, 97
2026/07/30 23:10:35.489, 0, NVIDIA GeForce RTX 3080, 6250, 3802, 10240, 96, 97
2026/07/30 23:10:35.601, 0, NVIDIA GeForce RTX 3080, 6250, 3802, 10240, 96, 97
2026/07/30 23:10:35.711, 0, NVIDIA GeForce RTX 3080, 6250, 3802, 10240, 97, 97
2026/07/30 23:10:35.822, 0, NVIDIA GeForce RTX 3080, 6250, 3802, 10240, 97, 97
2026/07/30 23:10:35.934, 0, NVIDIA GeForce RTX 3080, 6250, 3802, 10240, 97, 97
2026/07/30 23:10:36.045, 0, NVIDIA GeForce RTX 3080, 6250, 3802, 10240, 97, 97
2026/07/30 23:10:36.156, 0, NVIDIA GeForce RTX 3080, 6250, 3802, 10240, 97, 97
2026/07/30 23:10:36.266, 0, NVIDIA GeForce RTX 3080, 6250, 3802, 10240, 95, 97
2026/07/30 23:10:36.375, 0, NVIDIA GeForce RTX 3080, 6250, 3802, 10240, 95, 97
2026/07/30 23:10:36.484, 0, NVIDIA GeForce RTX 3080, 6250, 3802, 10240, 95, 97
2026/07/30 23:10:36.595, 0, NVIDIA GeForce RTX 3080, 6250, 3802, 10240, 95, 97
2026/07/30 23:10:36.706, 0, NVIDIA GeForce RTX 3080, 6250, 3802, 10240, 97, 98
2026/07/30 23:10:36.819, 0, NVIDIA GeForce RTX 3080, 6250, 3802, 10240, 97, 98
2026/07/30 23:10:36.930, 0, NVIDIA GeForce RTX 3080, 6250, 3802, 10240, 97, 98
2026/07/30 23:10:37.041, 0, NVIDIA GeForce RTX 3080, 6250, 3802, 10240, 97, 98
2026/07/30 23:10:37.152, 0, NVIDIA GeForce RTX 3080, 6250, 3802, 10240, 97, 98
2026/07/30 23:10:37.264, 0, NVIDIA GeForce RTX 3080, 6250, 3802, 10240, 95, 98
2026/07/30 23:10:37.376, 0, NVIDIA GeForce RTX 3080, 6250, 3802, 10240, 95, 98
2026/07/30 23:10:37.488, 0, NVIDIA GeForce RTX 3080, 6250, 3802, 10240, 95, 98
2026/07/30 23:10:37.600, 0, NVIDIA GeForce RTX 3080, 6250, 3802, 10240, 95, 98
2026/07/30 23:10:37.712, 0, NVIDIA GeForce RTX 3080, 6250, 3802, 10240, 95, 97
2026/07/30 23:10:37.824, 0, NVIDIA GeForce RTX 3080, 6250, 3802, 10240, 95, 97
2026/07/30 23:10:37.936, 0, NVIDIA GeForce RTX 3080, 6250, 3802, 10240, 95, 97
2026/07/30 23:10:38.048, 0, NVIDIA GeForce RTX 3080, 6250, 3802, 10240, 95, 97
2026/07/30 23:10:38.160, 0, NVIDIA GeForce RTX 3080, 6250, 3802, 10240, 95, 97
2026/07/30 23:10:38.271, 0, NVIDIA GeForce RTX 3080, 6250, 3802, 10240, 95, 97
2026/07/30 23:10:38.382, 0, NVIDIA GeForce RTX 3080, 6250, 3802, 10240, 95, 97
2026/07/30 23:10:38.494, 0, NVIDIA GeForce RTX 3080, 6250, 3802, 10240, 95, 97
2026/07/30 23:10:38.606, 0, NVIDIA GeForce RTX 3080, 6250, 3802, 10240, 95, 97
2026/07/30 23:10:38.718, 0, NVIDIA GeForce RTX 3080, 6250, 3802, 10240, 96, 98
2026/07/30 23:10:38.829, 0, NVIDIA GeForce RTX 3080, 6250, 3802, 10240, 96, 98
2026/07/30 23:10:38.940, 0, NVIDIA GeForce RTX 3080, 6250, 3802, 10240, 96, 98
2026/07/30 23:10:39.052, 0, NVIDIA GeForce RTX 3080, 6250, 3802, 10240, 96, 98
2026/07/30 23:10:39.164, 0, NVIDIA GeForce RTX 3080, 6250, 3802, 10240, 96, 98
2026/07/30 23:10:39.274, 0, NVIDIA GeForce RTX 3080, 6250, 3802, 10240, 96, 98
2026/07/30 23:10:39.386, 0, NVIDIA GeForce RTX 3080, 6250, 3802, 10240, 96, 98
2026/07/30 23:10:39.498, 0, NVIDIA GeForce RTX 3080, 6250, 3802, 10240, 96, 98
2026/07/30 23:10:39.610, 0, NVIDIA GeForce RTX 3080, 6250, 3802, 10240, 96, 98
2026/07/30 23:10:39.722, 0, NVIDIA GeForce RTX 3080, 6250, 3802, 10240, 97, 98
2026/07/30 23:10:39.833, 0, NVIDIA GeForce RTX 3080, 6250, 3802, 10240, 97, 98
2026/07/30 23:10:39.945, 0, NVIDIA GeForce RTX 3080, 6250, 3802, 10240, 97, 98
2026/07/30 23:10:40.057, 0, NVIDIA GeForce RTX 3080, 6250, 3802, 10240, 97, 98
2026/07/30 23:10:40.169, 0, NVIDIA GeForce RTX 3080, 6250, 3802, 10240, 97, 98
2026/07/30 23:10:40.281, 0, NVIDIA GeForce RTX 3080, 6250, 3802, 10240, 97, 98
2026/07/30 23:10:40.393, 0, NVIDIA GeForce RTX 3080, 6250, 3802, 10240, 97, 98
2026/07/30 23:10:40.505, 0, NVIDIA GeForce RTX 3080, 6250, 3802, 10240, 97, 98
2026/07/30 23:10:40.617, 0, NVIDIA GeForce RTX 3080, 6250, 3802, 10240, 97, 98
2026/07/30 23:10:40.728, 0, NVIDIA GeForce RTX 3080, 6250, 3802, 10240, 97, 98
2026/07/30 23:10:40.840, 0, NVIDIA GeForce RTX 3080, 6250, 3802, 10240, 97, 98
2026/07/30 23:10:40.952, 0, NVIDIA GeForce RTX 3080, 6250, 3802, 10240, 97, 98
2026/07/30 23:10:41.064, 0, NVIDIA GeForce RTX 3080, 6250, 3802, 10240, 97, 98
2026/07/30 23:10:41.173, 0, NVIDIA GeForce RTX 3080, 6250, 3802, 10240, 97, 98
2026/07/30 23:10:41.284, 0, NVIDIA GeForce RTX 3080, 6250, 3802, 10240, 97, 98
2026/07/30 23:10:41.394, 0, NVIDIA GeForce RTX 3080, 6250, 3802, 10240, 97, 98
2026/07/30 23:10:41.504, 0, NVIDIA GeForce RTX 3080, 6250, 3802, 10240, 97, 98
2026/07/30 23:10:41.616, 0, NVIDIA GeForce RTX 3080, 6250, 3802, 10240, 97, 98
2026/07/30 23:10:41.728, 0, NVIDIA GeForce RTX 3080, 6250, 3802, 10240, 98, 98
2026/07/30 23:10:41.839, 0, NVIDIA GeForce RTX 3080, 6250, 3802, 10240, 98, 98
2026/07/30 23:10:41.950, 0, NVIDIA GeForce RTX 3080, 6250, 3802, 10240, 98, 98
2026/07/30 23:10:42.062, 0, NVIDIA GeForce RTX 3080, 6250, 3802, 10240, 98, 98
2026/07/30 23:10:42.174, 0, NVIDIA GeForce RTX 3080, 6250, 3802, 10240, 98, 98
2026/07/30 23:10:42.286, 0, NVIDIA GeForce RTX 3080, 6250, 3802, 10240, 98, 98
2026/07/30 23:10:42.395, 0, NVIDIA GeForce RTX 3080, 6250, 3802, 10240, 98, 98
2026/07/30 23:10:42.507, 0, NVIDIA GeForce RTX 3080, 6250, 3802, 10240, 98, 98
2026/07/30 23:10:42.619, 0, NVIDIA GeForce RTX 3080, 6250, 3802, 10240, 98, 98
2026/07/30 23:10:42.731, 0, NVIDIA GeForce RTX 3080, 6250, 3802, 10240, 98, 98
2026/07/30 23:10:42.843, 0, NVIDIA GeForce RTX 3080, 6250, 3802, 10240, 98, 98
2026/07/30 23:10:42.955, 0, NVIDIA GeForce RTX 3080, 6250, 3802, 10240, 98, 98
2026/07/30 23:10:43.067, 0, NVIDIA GeForce RTX 3080, 6250, 3802, 10240, 98, 98
2026/07/30 23:10:43.179, 0, NVIDIA GeForce RTX 3080, 6250, 3802, 10240, 98, 98
2026/07/30 23:10:43.290, 0, NVIDIA GeForce RTX 3080, 6250, 3802, 10240, 94, 96
2026/07/30 23:10:43.402, 0, NVIDIA GeForce RTX 3080, 6250, 3802, 10240, 94, 96
2026/07/30 23:10:43.514, 0, NVIDIA GeForce RTX 3080, 6250, 3802, 10240, 94, 96
2026/07/30 23:10:43.625, 0, NVIDIA GeForce RTX 3080, 6250, 3802, 10240, 94, 96
2026/07/30 23:10:43.735, 0, NVIDIA GeForce RTX 3080, 6250, 3802, 10240, 94, 96
2026/07/30 23:10:43.847, 0, NVIDIA GeForce RTX 3080, 6250, 3802, 10240, 94, 96
2026/07/30 23:10:43.959, 0, NVIDIA GeForce RTX 3080, 6250, 3802, 10240, 94, 96
2026/07/30 23:10:44.066, 0, NVIDIA GeForce RTX 3080, 6250, 3802, 10240, 94, 96
2026/07/30 23:10:44.178, 0, NVIDIA GeForce RTX 3080, 6250, 3802, 10240, 94, 96
2026/07/30 23:10:44.290, 0, NVIDIA GeForce RTX 3080, 6250, 3802, 10240, 95, 98
2026/07/30 23:10:44.401, 0, NVIDIA GeForce RTX 3080, 6250, 3802, 10240, 95, 98
2026/07/30 23:10:44.513, 0, NVIDIA GeForce RTX 3080, 6250, 3802, 10240, 95, 98
2026/07/30 23:10:44.625, 0, NVIDIA GeForce RTX 3080, 6250, 3802, 10240, 95, 98
2026/07/30 23:10:44.736, 0, NVIDIA GeForce RTX 3080, 6250, 3802, 10240, 93, 96
2026/07/30 23:10:44.848, 0, NVIDIA GeForce RTX 3080, 6250, 3802, 10240, 93, 96
2026/07/30 23:10:44.960, 0, NVIDIA GeForce RTX 3080, 6250, 3802, 10240, 93, 96
2026/07/30 23:10:45.071, 0, NVIDIA GeForce RTX 3080, 6250, 3802, 10240, 93, 96
2026/07/30 23:10:45.183, 0, NVIDIA GeForce RTX 3080, 6250, 3802, 10240, 93, 96
2026/07/30 23:10:45.295, 0, NVIDIA GeForce RTX 3080, 6250, 3802, 10240, 97, 98
2026/07/30 23:10:45.406, 0, NVIDIA GeForce RTX 3080, 6250, 3802, 10240, 97, 98
2026/07/30 23:10:45.518, 0, NVIDIA GeForce RTX 3080, 6250, 3802, 10240, 97, 98
2026/07/30 23:10:45.629, 0, NVIDIA GeForce RTX 3080, 6250, 3802, 10240, 97, 98
2026/07/30 23:10:45.740, 0, NVIDIA GeForce RTX 3080, 6250, 3802, 10240, 96, 97
2026/07/30 23:10:45.852, 0, NVIDIA GeForce RTX 3080, 6250, 3802, 10240, 96, 97
2026/07/30 23:10:45.962, 0, NVIDIA GeForce RTX 3080, 6250, 3802, 10240, 96, 97
2026/07/30 23:10:46.072, 0, NVIDIA GeForce RTX 3080, 6250, 3802, 10240, 96, 97
2026/07/30 23:10:46.182, 0, NVIDIA GeForce RTX 3080, 6250, 3802, 10240, 96, 97
2026/07/30 23:10:46.294, 0, NVIDIA GeForce RTX 3080, 6250, 3802, 10240, 97, 97
2026/07/30 23:10:46.406, 0, NVIDIA GeForce RTX 3080, 6250, 3802, 10240, 97, 97
2026/07/30 23:10:46.517, 0, NVIDIA GeForce RTX 3080, 6250, 3802, 10240, 97, 97
2026/07/30 23:10:46.629, 0, NVIDIA GeForce RTX 3080, 6250, 3802, 10240, 97, 97
2026/07/30 23:10:46.741, 0, NVIDIA GeForce RTX 3080, 6250, 3802, 10240, 94, 96
2026/07/30 23:10:46.853, 0, NVIDIA GeForce RTX 3080, 6250, 3802, 10240, 94, 96
2026/07/30 23:10:46.965, 0, NVIDIA GeForce RTX 3080, 6250, 3802, 10240, 94, 96
2026/07/30 23:10:47.076, 0, NVIDIA GeForce RTX 3080, 6250, 3802, 10240, 94, 96
2026/07/30 23:10:47.188, 0, NVIDIA GeForce RTX 3080, 6250, 3802, 10240, 94, 96
2026/07/30 23:10:47.300, 0, NVIDIA GeForce RTX 3080, 6250, 3802, 10240, 95, 98
2026/07/30 23:10:47.408, 0, NVIDIA GeForce RTX 3080, 6250, 3802, 10240, 95, 98
2026/07/30 23:10:47.516, 0, NVIDIA GeForce RTX 3080, 6250, 3802, 10240, 95, 98
2026/07/30 23:10:47.626, 0, NVIDIA GeForce RTX 3080, 6250, 3802, 10240, 95, 98
2026/07/30 23:10:47.735, 0, NVIDIA GeForce RTX 3080, 6250, 3802, 10240, 96, 98
2026/07/30 23:10:47.844, 0, NVIDIA GeForce RTX 3080, 6250, 3802, 10240, 96, 98
2026/07/30 23:10:47.954, 0, NVIDIA GeForce RTX 3080, 6250, 3802, 10240, 96, 98
2026/07/30 23:10:48.063, 0, NVIDIA GeForce RTX 3080, 6250, 3802, 10240, 96, 98
2026/07/30 23:10:48.174, 0, NVIDIA GeForce RTX 3080, 6250, 3802, 10240, 96, 98
2026/07/30 23:10:48.285, 0, NVIDIA GeForce RTX 3080, 6250, 3802, 10240, 95, 98
2026/07/30 23:10:48.397, 0, NVIDIA GeForce RTX 3080, 6250, 3802, 10240, 95, 98
2026/07/30 23:10:48.509, 0, NVIDIA GeForce RTX 3080, 6250, 3802, 10240, 95, 98
2026/07/30 23:10:48.621, 0, NVIDIA GeForce RTX 3080, 6250, 3802, 10240, 95, 98
2026/07/30 23:10:48.732, 0, NVIDIA GeForce RTX 3080, 6250, 3802, 10240, 96, 98
2026/07/30 23:10:48.844, 0, NVIDIA GeForce RTX 3080, 6250, 3802, 10240, 96, 98
2026/07/30 23:10:48.954, 0, NVIDIA GeForce RTX 3080, 6250, 3802, 10240, 96, 98
2026/07/30 23:10:49.064, 0, NVIDIA GeForce RTX 3080, 6250, 3802, 10240, 96, 98
2026/07/30 23:10:49.175, 0, NVIDIA GeForce RTX 3080, 6250, 3802, 10240, 96, 98
2026/07/30 23:10:49.285, 0, NVIDIA GeForce RTX 3080, 6250, 3802, 10240, 97, 98
2026/07/30 23:10:49.395, 0, NVIDIA GeForce RTX 3080, 6250, 3802, 10240, 97, 98
2026/07/30 23:10:49.503, 0, NVIDIA GeForce RTX 3080, 6250, 3802, 10240, 97, 98
2026/07/30 23:10:49.613, 0, NVIDIA GeForce RTX 3080, 6250, 3802, 10240, 97, 98
2026/07/30 23:10:49.723, 0, NVIDIA GeForce RTX 3080, 6250, 3802, 10240, 97, 98
2026/07/30 23:10:49.833, 0, NVIDIA GeForce RTX 3080, 6250, 3802, 10240, 97, 98
2026/07/30 23:10:49.945, 0, NVIDIA GeForce RTX 3080, 6250, 3802, 10240, 97, 98
2026/07/30 23:10:50.057, 0, NVIDIA GeForce RTX 3080, 6250, 3802, 10240, 97, 98
2026/07/30 23:10:50.169, 0, NVIDIA GeForce RTX 3080, 6250, 3802, 10240, 97, 98
2026/07/30 23:10:50.281, 0, NVIDIA GeForce RTX 3080, 6250, 3802, 10240, 97, 98
2026/07/30 23:10:50.393, 0, NVIDIA GeForce RTX 3080, 6250, 3802, 10240, 97, 98
2026/07/30 23:10:50.505, 0, NVIDIA GeForce RTX 3080, 6250, 3802, 10240, 97, 98
2026/07/30 23:10:50.617, 0, NVIDIA GeForce RTX 3080, 6250, 3802, 10240, 97, 98
2026/07/30 23:10:50.728, 0, NVIDIA GeForce RTX 3080, 6250, 3802, 10240, 97, 98
2026/07/30 23:10:50.840, 0, NVIDIA GeForce RTX 3080, 6250, 3802, 10240, 97, 98
2026/07/30 23:10:50.952, 0, NVIDIA GeForce RTX 3080, 6250, 3802, 10240, 97, 98
2026/07/30 23:10:51.065, 0, NVIDIA GeForce RTX 3080, 6250, 3802, 10240, 97, 98
2026/07/30 23:10:51.176, 0, NVIDIA GeForce RTX 3080, 6250, 3802, 10240, 97, 98
2026/07/30 23:10:51.286, 0, NVIDIA GeForce RTX 3080, 6250, 3802, 10240, 94, 96
2026/07/30 23:10:51.398, 0, NVIDIA GeForce RTX 3080, 6250, 3802, 10240, 94, 96
2026/07/30 23:10:51.510, 0, NVIDIA GeForce RTX 3080, 6250, 3802, 10240, 94, 96
2026/07/30 23:10:51.622, 0, NVIDIA GeForce RTX 3080, 6250, 3802, 10240, 94, 96
2026/07/30 23:10:51.734, 0, NVIDIA GeForce RTX 3080, 6250, 3802, 10240, 96, 98
2026/07/30 23:10:51.846, 0, NVIDIA GeForce RTX 3080, 6250, 3802, 10240, 96, 98
2026/07/30 23:10:51.958, 0, NVIDIA GeForce RTX 3080, 6250, 3802, 10240, 96, 98
2026/07/30 23:10:52.070, 0, NVIDIA GeForce RTX 3080, 6250, 3802, 10240, 96, 98
2026/07/30 23:10:52.182, 0, NVIDIA GeForce RTX 3080, 6250, 3802, 10240, 96, 98
2026/07/30 23:10:52.294, 0, NVIDIA GeForce RTX 3080, 6250, 3802, 10240, 95, 97
2026/07/30 23:10:52.406, 0, NVIDIA GeForce RTX 3080, 6250, 3802, 10240, 95, 97
2026/07/30 23:10:52.518, 0, NVIDIA GeForce RTX 3080, 6250, 3802, 10240, 95, 97
2026/07/30 23:10:52.630, 0, NVIDIA GeForce RTX 3080, 6250, 3802, 10240, 95, 97
2026/07/30 23:10:52.741, 0, NVIDIA GeForce RTX 3080, 6250, 3802, 10240, 95, 98
2026/07/30 23:10:52.853, 0, NVIDIA GeForce RTX 3080, 6250, 3802, 10240, 95, 98
2026/07/30 23:10:52.965, 0, NVIDIA GeForce RTX 3080, 6250, 3802, 10240, 95, 98
2026/07/30 23:10:53.076, 0, NVIDIA GeForce RTX 3080, 6250, 3802, 10240, 95, 98
2026/07/30 23:10:53.188, 0, NVIDIA GeForce RTX 3080, 6250, 3802, 10240, 95, 98
2026/07/30 23:10:53.300, 0, NVIDIA GeForce RTX 3080, 6250, 3802, 10240, 96, 97
2026/07/30 23:10:53.410, 0, NVIDIA GeForce RTX 3080, 6250, 3802, 10240, 96, 97
2026/07/30 23:10:53.521, 0, NVIDIA GeForce RTX 3080, 6250, 3802, 10240, 96, 97
2026/07/30 23:10:53.633, 0, NVIDIA GeForce RTX 3080, 6250, 3802, 10240, 96, 97
2026/07/30 23:10:53.745, 0, NVIDIA GeForce RTX 3080, 6250, 3802, 10240, 96, 97
2026/07/30 23:10:53.856, 0, NVIDIA GeForce RTX 3080, 6250, 3802, 10240, 96, 97
2026/07/30 23:10:53.967, 0, NVIDIA GeForce RTX 3080, 6250, 3802, 10240, 96, 97
2026/07/30 23:10:54.079, 0, NVIDIA GeForce RTX 3080, 6250, 3802, 10240, 96, 97
2026/07/30 23:10:54.190, 0, NVIDIA GeForce RTX 3080, 6250, 3802, 10240, 96, 97
2026/07/30 23:10:54.301, 0, NVIDIA GeForce RTX 3080, 6250, 3802, 10240, 97, 98
2026/07/30 23:10:54.410, 0, NVIDIA GeForce RTX 3080, 6250, 3802, 10240, 97, 98
2026/07/30 23:10:54.518, 0, NVIDIA GeForce RTX 3080, 6250, 3802, 10240, 97, 98
2026/07/30 23:10:54.626, 0, NVIDIA GeForce RTX 3080, 6250, 3802, 10240, 97, 98
2026/07/30 23:10:54.736, 0, NVIDIA GeForce RTX 3080, 6250, 3802, 10240, 96, 97
2026/07/30 23:10:54.848, 0, NVIDIA GeForce RTX 3080, 6250, 3802, 10240, 96, 97
2026/07/30 23:10:54.959, 0, NVIDIA GeForce RTX 3080, 6250, 3802, 10240, 96, 97
2026/07/30 23:10:55.071, 0, NVIDIA GeForce RTX 3080, 6250, 3802, 10240, 96, 97
2026/07/30 23:10:55.182, 0, NVIDIA GeForce RTX 3080, 6250, 3802, 10240, 96, 97
2026/07/30 23:10:55.294, 0, NVIDIA GeForce RTX 3080, 6250, 3802, 10240, 98, 98
2026/07/30 23:10:55.406, 0, NVIDIA GeForce RTX 3080, 6250, 3802, 10240, 98, 98
2026/07/30 23:10:55.518, 0, NVIDIA GeForce RTX 3080, 6250, 3802, 10240, 98, 98
2026/07/30 23:10:55.631, 0, NVIDIA GeForce RTX 3080, 6250, 3802, 10240, 98, 98
2026/07/30 23:10:55.743, 0, NVIDIA GeForce RTX 3080, 6250, 3802, 10240, 98, 98
2026/07/30 23:10:55.855, 0, NVIDIA GeForce RTX 3080, 6250, 3802, 10240, 98, 98
2026/07/30 23:10:55.966, 0, NVIDIA GeForce RTX 3080, 6250, 3802, 10240, 98, 98
2026/07/30 23:10:56.078, 0, NVIDIA GeForce RTX 3080, 6250, 3802, 10240, 98, 98
2026/07/30 23:10:56.190, 0, NVIDIA GeForce RTX 3080, 6250, 3802, 10240, 98, 98
2026/07/30 23:10:56.301, 0, NVIDIA GeForce RTX 3080, 6250, 3802, 10240, 98, 98
2026/07/30 23:10:56.411, 0, NVIDIA GeForce RTX 3080, 6250, 3802, 10240, 98, 98
2026/07/30 23:10:56.521, 0, NVIDIA GeForce RTX 3080, 6250, 3802, 10240, 98, 98
2026/07/30 23:10:56.633, 0, NVIDIA GeForce RTX 3080, 6250, 3802, 10240, 98, 98
2026/07/30 23:10:56.745, 0, NVIDIA GeForce RTX 3080, 6250, 3802, 10240, 95, 96
2026/07/30 23:10:56.857, 0, NVIDIA GeForce RTX 3080, 6250, 3802, 10240, 95, 96
2026/07/30 23:10:56.969, 0, NVIDIA GeForce RTX 3080, 6250, 3802, 10240, 95, 96
2026/07/30 23:10:57.081, 0, NVIDIA GeForce RTX 3080, 6250, 3802, 10240, 95, 96
2026/07/30 23:10:57.193, 0, NVIDIA GeForce RTX 3080, 6250, 3802, 10240, 95, 96
2026/07/30 23:10:57.305, 0, NVIDIA GeForce RTX 3080, 6250, 3802, 10240, 94, 96
2026/07/30 23:10:57.415, 0, NVIDIA GeForce RTX 3080, 6250, 3802, 10240, 94, 96
2026/07/30 23:10:57.526, 0, NVIDIA GeForce RTX 3080, 6250, 3802, 10240, 94, 96
2026/07/30 23:10:57.638, 0, NVIDIA GeForce RTX 3080, 6250, 3802, 10240, 94, 96
2026/07/30 23:10:57.750, 0, NVIDIA GeForce RTX 3080, 6250, 3802, 10240, 95, 98
2026/07/30 23:10:57.862, 0, NVIDIA GeForce RTX 3080, 6250, 3802, 10240, 95, 98
2026/07/30 23:10:57.975, 0, NVIDIA GeForce RTX 3080, 6250, 3802, 10240, 95, 98
2026/07/30 23:10:58.087, 0, NVIDIA GeForce RTX 3080, 6250, 3802, 10240, 95, 98
2026/07/30 23:10:58.199, 0, NVIDIA GeForce RTX 3080, 6250, 3802, 10240, 95, 98
2026/07/30 23:10:58.311, 0, NVIDIA GeForce RTX 3080, 6250, 3802, 10240, 95, 98
2026/07/30 23:10:58.422, 0, NVIDIA GeForce RTX 3080, 6250, 3802, 10240, 95, 98
2026/07/30 23:10:58.534, 0, NVIDIA GeForce RTX 3080, 6250, 3802, 10240, 95, 98
2026/07/30 23:10:58.646, 0, NVIDIA GeForce RTX 3080, 6250, 3802, 10240, 95, 98
2026/07/30 23:10:58.758, 0, NVIDIA GeForce RTX 3080, 6250, 3802, 10240, 90, 92
2026/07/30 23:10:58.870, 0, NVIDIA GeForce RTX 3080, 6250, 3802, 10240, 90, 92
2026/07/30 23:10:58.982, 0, NVIDIA GeForce RTX 3080, 6250, 3802, 10240, 90, 92
2026/07/30 23:10:59.094, 0, NVIDIA GeForce RTX 3080, 6250, 3802, 10240, 90, 92
2026/07/30 23:10:59.205, 0, NVIDIA GeForce RTX 3080, 6250, 3802, 10240, 97, 98
2026/07/30 23:10:59.317, 0, NVIDIA GeForce RTX 3080, 6250, 3802, 10240, 97, 98
2026/07/30 23:10:59.428, 0, NVIDIA GeForce RTX 3080, 6250, 3802, 10240, 97, 98
2026/07/30 23:10:59.540, 0, NVIDIA GeForce RTX 3080, 6250, 3802, 10240, 97, 98
2026/07/30 23:10:59.652, 0, NVIDIA GeForce RTX 3080, 6250, 3802, 10240, 97, 98
2026/07/30 23:10:59.764, 0, NVIDIA GeForce RTX 3080, 6250, 3802, 10240, 97, 98
2026/07/30 23:10:59.876, 0, NVIDIA GeForce RTX 3080, 6250, 3802, 10240, 97, 98
2026/07/30 23:10:59.988, 0, NVIDIA GeForce RTX 3080, 6250, 3802, 10240, 97, 98
2026/07/30 23:11:00.100, 0, NVIDIA GeForce RTX 3080, 6250, 3802, 10240, 97, 98
2026/07/30 23:11:00.212, 0, NVIDIA GeForce RTX 3080, 6250, 3802, 10240, 97, 98
2026/07/30 23:11:00.324, 0, NVIDIA GeForce RTX 3080, 6250, 3802, 10240, 97, 98
2026/07/30 23:11:00.436, 0, NVIDIA GeForce RTX 3080, 6250, 3802, 10240, 97, 98
2026/07/30 23:11:00.548, 0, NVIDIA GeForce RTX 3080, 6250, 3802, 10240, 97, 98
2026/07/30 23:11:00.660, 0, NVIDIA GeForce RTX 3080, 6250, 3802, 10240, 97, 98
2026/07/30 23:11:00.772, 0, NVIDIA GeForce RTX 3080, 6250, 3802, 10240, 94, 96
2026/07/30 23:11:00.883, 0, NVIDIA GeForce RTX 3080, 6250, 3802, 10240, 94, 96
2026/07/30 23:11:00.994, 0, NVIDIA GeForce RTX 3080, 6250, 3802, 10240, 94, 96
2026/07/30 23:11:01.105, 0, NVIDIA GeForce RTX 3080, 6250, 3802, 10240, 94, 96
2026/07/30 23:11:01.217, 0, NVIDIA GeForce RTX 3080, 6250, 3802, 10240, 95, 97
2026/07/30 23:11:01.328, 0, NVIDIA GeForce RTX 3080, 6250, 3802, 10240, 95, 97
2026/07/30 23:11:01.438, 0, NVIDIA GeForce RTX 3080, 6250, 3802, 10240, 95, 97
2026/07/30 23:11:01.550, 0, NVIDIA GeForce RTX 3080, 6250, 3802, 10240, 95, 97
2026/07/30 23:11:01.663, 0, NVIDIA GeForce RTX 3080, 6250, 3802, 10240, 95, 97
2026/07/30 23:11:01.775, 0, NVIDIA GeForce RTX 3080, 6250, 3802, 10240, 95, 98
2026/07/30 23:11:01.887, 0, NVIDIA GeForce RTX 3080, 6250, 3802, 10240, 95, 98
2026/07/30 23:11:01.999, 0, NVIDIA GeForce RTX 3080, 6250, 3802, 10240, 95, 98
2026/07/30 23:11:02.111, 0, NVIDIA GeForce RTX 3080, 6250, 3802, 10240, 95, 98
2026/07/30 23:11:02.222, 0, NVIDIA GeForce RTX 3080, 6250, 3802, 10240, 95, 98
2026/07/30 23:11:02.333, 0, NVIDIA GeForce RTX 3080, 6250, 3802, 10240, 95, 98
2026/07/30 23:11:02.445, 0, NVIDIA GeForce RTX 3080, 6250, 3802, 10240, 95, 98
2026/07/30 23:11:02.557, 0, NVIDIA GeForce RTX 3080, 6250, 3802, 10240, 95, 98
2026/07/30 23:11:02.668, 0, NVIDIA GeForce RTX 3080, 6250, 3802, 10240, 95, 98
2026/07/30 23:11:02.780, 0, NVIDIA GeForce RTX 3080, 6250, 3802, 10240, 96, 98
2026/07/30 23:11:02.892, 0, NVIDIA GeForce RTX 3080, 6250, 3802, 10240, 96, 98
2026/07/30 23:11:03.002, 0, NVIDIA GeForce RTX 3080, 6250, 3802, 10240, 96, 98
2026/07/30 23:11:03.114, 0, NVIDIA GeForce RTX 3080, 6250, 3802, 10240, 96, 98
2026/07/30 23:11:03.226, 0, NVIDIA GeForce RTX 3080, 6250, 3802, 10240, 97, 98
2026/07/30 23:11:03.338, 0, NVIDIA GeForce RTX 3080, 6250, 3802, 10240, 97, 98
2026/07/30 23:11:03.449, 0, NVIDIA GeForce RTX 3080, 6250, 3802, 10240, 97, 98
2026/07/30 23:11:03.561, 0, NVIDIA GeForce RTX 3080, 6250, 3802, 10240, 97, 98
2026/07/30 23:11:03.673, 0, NVIDIA GeForce RTX 3080, 6250, 3802, 10240, 97, 98
2026/07/30 23:11:03.785, 0, NVIDIA GeForce RTX 3080, 6250, 3802, 10240, 97, 98
2026/07/30 23:11:03.897, 0, NVIDIA GeForce RTX 3080, 6250, 3802, 10240, 97, 98
2026/07/30 23:11:04.009, 0, NVIDIA GeForce RTX 3080, 6250, 3802, 10240, 97, 98
2026/07/30 23:11:04.121, 0, NVIDIA GeForce RTX 3080, 6250, 3802, 10240, 97, 98
2026/07/30 23:11:04.233, 0, NVIDIA GeForce RTX 3080, 6250, 3802, 10240, 97, 98
2026/07/30 23:11:04.345, 0, NVIDIA GeForce RTX 3080, 6250, 3802, 10240, 97, 98
2026/07/30 23:11:04.457, 0, NVIDIA GeForce RTX 3080, 6250, 3802, 10240, 97, 98
2026/07/30 23:11:04.568, 0, NVIDIA GeForce RTX 3080, 6250, 3802, 10240, 97, 98
2026/07/30 23:11:04.680, 0, NVIDIA GeForce RTX 3080, 6250, 3802, 10240, 97, 98
2026/07/30 23:11:04.792, 0, NVIDIA GeForce RTX 3080, 6250, 3802, 10240, 96, 97
2026/07/30 23:11:04.903, 0, NVIDIA GeForce RTX 3080, 6250, 3802, 10240, 96, 97
2026/07/30 23:11:05.015, 0, NVIDIA GeForce RTX 3080, 6250, 3802, 10240, 96, 97
2026/07/30 23:11:05.127, 0, NVIDIA GeForce RTX 3080, 6250, 3802, 10240, 96, 97
2026/07/30 23:11:05.239, 0, NVIDIA GeForce RTX 3080, 6250, 3802, 10240, 95, 98
2026/07/30 23:11:05.350, 0, NVIDIA GeForce RTX 3080, 6250, 3802, 10240, 95, 98
2026/07/30 23:11:05.462, 0, NVIDIA GeForce RTX 3080, 6250, 3802, 10240, 95, 98
2026/07/30 23:11:05.574, 0, NVIDIA GeForce RTX 3080, 6250, 3802, 10240, 95, 98
2026/07/30 23:11:05.686, 0, NVIDIA GeForce RTX 3080, 6250, 3802, 10240, 95, 98
2026/07/30 23:11:05.798, 0, NVIDIA GeForce RTX 3080, 6250, 3802, 10240, 95, 97
2026/07/30 23:11:05.910, 0, NVIDIA GeForce RTX 3080, 6250, 3802, 10240, 95, 97
2026/07/30 23:11:06.022, 0, NVIDIA GeForce RTX 3080, 6250, 3802, 10240, 95, 97
2026/07/30 23:11:06.133, 0, NVIDIA GeForce RTX 3080, 6250, 3802, 10240, 95, 97
2026/07/30 23:11:06.245, 0, NVIDIA GeForce RTX 3080, 6250, 3802, 10240, 94, 97
2026/07/30 23:11:06.357, 0, NVIDIA GeForce RTX 3080, 6250, 3802, 10240, 94, 97
2026/07/30 23:11:06.469, 0, NVIDIA GeForce RTX 3080, 6250, 3802, 10240, 94, 97
2026/07/30 23:11:06.581, 0, NVIDIA GeForce RTX 3080, 6250, 3802, 10240, 94, 97
2026/07/30 23:11:06.692, 0, NVIDIA GeForce RTX 3080, 6250, 3802, 10240, 94, 97
2026/07/30 23:11:06.804, 0, NVIDIA GeForce RTX 3080, 6250, 3802, 10240, 95, 98
2026/07/30 23:11:06.914, 0, NVIDIA GeForce RTX 3080, 6250, 3802, 10240, 95, 98
2026/07/30 23:11:07.027, 0, NVIDIA GeForce RTX 3080, 6250, 3802, 10240, 95, 98
2026/07/30 23:11:07.139, 0, NVIDIA GeForce RTX 3080, 6250, 3802, 10240, 95, 98
2026/07/30 23:11:07.251, 0, NVIDIA GeForce RTX 3080, 6250, 3802, 10240, 97, 98
2026/07/30 23:11:07.361, 0, NVIDIA GeForce RTX 3080, 6250, 3802, 10240, 97, 98
2026/07/30 23:11:07.469, 0, NVIDIA GeForce RTX 3080, 6250, 3802, 10240, 97, 98
2026/07/30 23:11:07.578, 0, NVIDIA GeForce RTX 3080, 6250, 3802, 10240, 97, 98
2026/07/30 23:11:07.687, 0, NVIDIA GeForce RTX 3080, 6250, 3802, 10240, 97, 98
2026/07/30 23:11:07.796, 0, NVIDIA GeForce RTX 3080, 6250, 3802, 10240, 97, 98
2026/07/30 23:11:07.906, 0, NVIDIA GeForce RTX 3080, 6250, 3802, 10240, 97, 98
2026/07/30 23:11:08.013, 0, NVIDIA GeForce RTX 3080, 6250, 3802, 10240, 97, 98
2026/07/30 23:11:08.126, 0, NVIDIA GeForce RTX 3080, 6250, 3802, 10240, 97, 98
2026/07/30 23:11:08.237, 0, NVIDIA GeForce RTX 3080, 6250, 3802, 10240, 97, 98
2026/07/30 23:11:08.349, 0, NVIDIA GeForce RTX 3080, 6250, 3802, 10240, 97, 98
2026/07/30 23:11:08.461, 0, NVIDIA GeForce RTX 3080, 6250, 3802, 10240, 97, 98
2026/07/30 23:11:08.573, 0, NVIDIA GeForce RTX 3080, 6250, 3802, 10240, 97, 98
2026/07/30 23:11:08.685, 0, NVIDIA GeForce RTX 3080, 6250, 3802, 10240, 97, 98
2026/07/30 23:11:08.797, 0, NVIDIA GeForce RTX 3080, 6250, 3802, 10240, 96, 97
2026/07/30 23:11:08.909, 0, NVIDIA GeForce RTX 3080, 6250, 3802, 10240, 96, 97
2026/07/30 23:11:09.021, 0, NVIDIA GeForce RTX 3080, 6250, 3802, 10240, 96, 97
2026/07/30 23:11:09.132, 0, NVIDIA GeForce RTX 3080, 6250, 3802, 10240, 96, 97
2026/07/30 23:11:09.243, 0, NVIDIA GeForce RTX 3080, 6250, 3802, 10240, 97, 97
2026/07/30 23:11:09.352, 0, NVIDIA GeForce RTX 3080, 6250, 3802, 10240, 97, 97
2026/07/30 23:11:09.461, 0, NVIDIA GeForce RTX 3080, 6250, 3802, 10240, 97, 97
2026/07/30 23:11:09.570, 0, NVIDIA GeForce RTX 3080, 6250, 3802, 10240, 97, 97
2026/07/30 23:11:09.679, 0, NVIDIA GeForce RTX 3080, 6250, 3802, 10240, 97, 97
2026/07/30 23:11:09.790, 0, NVIDIA GeForce RTX 3080, 6250, 3802, 10240, 98, 98
2026/07/30 23:11:09.902, 0, NVIDIA GeForce RTX 3080, 6250, 3802, 10240, 98, 98
2026/07/30 23:11:10.014, 0, NVIDIA GeForce RTX 3080, 6250, 3802, 10240, 98, 98
2026/07/30 23:11:10.126, 0, NVIDIA GeForce RTX 3080, 6250, 3802, 10240, 98, 98
2026/07/30 23:11:10.238, 0, NVIDIA GeForce RTX 3080, 6250, 3802, 10240, 98, 98
2026/07/30 23:11:10.350, 0, NVIDIA GeForce RTX 3080, 6250, 3802, 10240, 98, 98
2026/07/30 23:11:10.462, 0, NVIDIA GeForce RTX 3080, 6250, 3802, 10240, 98, 98
2026/07/30 23:11:10.574, 0, NVIDIA GeForce RTX 3080, 6250, 3802, 10240, 98, 98
2026/07/30 23:11:10.685, 0, NVIDIA GeForce RTX 3080, 6250, 3802, 10240, 98, 98
2026/07/30 23:11:10.796, 0, NVIDIA GeForce RTX 3080, 6250, 3802, 10240, 93, 95
2026/07/30 23:11:10.907, 0, NVIDIA GeForce RTX 3080, 6250, 3802, 10240, 93, 95
2026/07/30 23:11:11.019, 0, NVIDIA GeForce RTX 3080, 6250, 3802, 10240, 93, 95
2026/07/30 23:11:11.130, 0, NVIDIA GeForce RTX 3080, 6250, 3802, 10240, 93, 95
2026/07/30 23:11:11.242, 0, NVIDIA GeForce RTX 3080, 6250, 3802, 10240, 95, 98
2026/07/30 23:11:11.353, 0, NVIDIA GeForce RTX 3080, 6250, 3802, 10240, 95, 98
2026/07/30 23:11:11.465, 0, NVIDIA GeForce RTX 3080, 6250, 3802, 10240, 95, 98
2026/07/30 23:11:11.577, 0, NVIDIA GeForce RTX 3080, 6250, 3802, 10240, 95, 98
2026/07/30 23:11:11.689, 0, NVIDIA GeForce RTX 3080, 6250, 3802, 10240, 95, 98
2026/07/30 23:11:11.801, 0, NVIDIA GeForce RTX 3080, 6250, 3802, 10240, 95, 97
2026/07/30 23:11:11.912, 0, NVIDIA GeForce RTX 3080, 6250, 3802, 10240, 95, 97
2026/07/30 23:11:12.023, 0, NVIDIA GeForce RTX 3080, 6250, 3802, 10240, 95, 97
2026/07/30 23:11:12.135, 0, NVIDIA GeForce RTX 3080, 6250, 3802, 10240, 95, 97
2026/07/30 23:11:12.247, 0, NVIDIA GeForce RTX 3080, 6250, 3802, 10240, 94, 97
2026/07/30 23:11:12.359, 0, NVIDIA GeForce RTX 3080, 6250, 3802, 10240, 94, 97
2026/07/30 23:11:12.470, 0, NVIDIA GeForce RTX 3080, 6250, 3802, 10240, 94, 97
2026/07/30 23:11:12.582, 0, NVIDIA GeForce RTX 3080, 6250, 3802, 10240, 94, 97
2026/07/30 23:11:12.694, 0, NVIDIA GeForce RTX 3080, 6250, 3802, 10240, 94, 97
2026/07/30 23:11:12.806, 0, NVIDIA GeForce RTX 3080, 6250, 3802, 10240, 94, 96
2026/07/30 23:11:12.917, 0, NVIDIA GeForce RTX 3080, 6250, 3802, 10240, 94, 96
2026/07/30 23:11:13.029, 0, NVIDIA GeForce RTX 3080, 6250, 3802, 10240, 94, 96
2026/07/30 23:11:13.141, 0, NVIDIA GeForce RTX 3080, 6250, 3802, 10240, 94, 96
2026/07/30 23:11:13.253, 0, NVIDIA GeForce RTX 3080, 6250, 3802, 10240, 97, 97
2026/07/30 23:11:13.365, 0, NVIDIA GeForce RTX 3080, 6250, 3802, 10240, 97, 97
2026/07/30 23:11:13.477, 0, NVIDIA GeForce RTX 3080, 6250, 3802, 10240, 97, 97
2026/07/30 23:11:13.589, 0, NVIDIA GeForce RTX 3080, 6250, 3802, 10240, 97, 97
2026/07/30 23:11:13.701, 0, NVIDIA GeForce RTX 3080, 6250, 3802, 10240, 97, 97
2026/07/30 23:11:13.813, 0, NVIDIA GeForce RTX 3080, 6250, 3802, 10240, 97, 98
2026/07/30 23:11:13.925, 0, NVIDIA GeForce RTX 3080, 6250, 3802, 10240, 97, 98
2026/07/30 23:11:14.037, 0, NVIDIA GeForce RTX 3080, 6250, 3802, 10240, 97, 98
2026/07/30 23:11:14.149, 0, NVIDIA GeForce RTX 3080, 6250, 3802, 10240, 97, 98
2026/07/30 23:11:14.261, 0, NVIDIA GeForce RTX 3080, 6250, 3802, 10240, 97, 98
2026/07/30 23:11:14.371, 0, NVIDIA GeForce RTX 3080, 6250, 3802, 10240, 97, 98
2026/07/30 23:11:14.480, 0, NVIDIA GeForce RTX 3080, 6250, 3802, 10240, 97, 98
2026/07/30 23:11:14.589, 0, NVIDIA GeForce RTX 3080, 6250, 3802, 10240, 97, 98
2026/07/30 23:11:14.699, 0, NVIDIA GeForce RTX 3080, 6250, 3802, 10240, 97, 98
2026/07/30 23:11:14.808, 0, NVIDIA GeForce RTX 3080, 6250, 3802, 10240, 94, 96
2026/07/30 23:11:14.920, 0, NVIDIA GeForce RTX 3080, 6250, 3802, 10240, 94, 96
2026/07/30 23:11:15.032, 0, NVIDIA GeForce RTX 3080, 6250, 3802, 10240, 94, 96
2026/07/30 23:11:15.144, 0, NVIDIA GeForce RTX 3080, 6250, 3802, 10240, 94, 96
2026/07/30 23:11:15.256, 0, NVIDIA GeForce RTX 3080, 6250, 3802, 10240, 96, 98
2026/07/30 23:11:15.368, 0, NVIDIA GeForce RTX 3080, 6250, 3802, 10240, 96, 98
2026/07/30 23:11:15.480, 0, NVIDIA GeForce RTX 3080, 6250, 3802, 10240, 96, 98
2026/07/30 23:11:15.591, 0, NVIDIA GeForce RTX 3080, 6250, 3802, 10240, 96, 98
2026/07/30 23:11:15.703, 0, NVIDIA GeForce RTX 3080, 6250, 3802, 10240, 95, 98
2026/07/30 23:11:15.815, 0, NVIDIA GeForce RTX 3080, 6250, 3802, 10240, 95, 98
2026/07/30 23:11:15.927, 0, NVIDIA GeForce RTX 3080, 6250, 3802, 10240, 95, 98
2026/07/30 23:11:16.039, 0, NVIDIA GeForce RTX 3080, 6250, 3802, 10240, 95, 98
2026/07/30 23:11:16.151, 0, NVIDIA GeForce RTX 3080, 6250, 3802, 10240, 95, 98
2026/07/30 23:11:16.263, 0, NVIDIA GeForce RTX 3080, 6250, 3802, 10240, 96, 98
2026/07/30 23:11:16.375, 0, NVIDIA GeForce RTX 3080, 6250, 3802, 10240, 96, 98
2026/07/30 23:11:16.487, 0, NVIDIA GeForce RTX 3080, 6250, 3802, 10240, 96, 98
2026/07/30 23:11:16.599, 0, NVIDIA GeForce RTX 3080, 6250, 3802, 10240, 96, 98
2026/07/30 23:11:16.711, 0, NVIDIA GeForce RTX 3080, 6250, 3802, 10240, 95, 97
2026/07/30 23:11:16.823, 0, NVIDIA GeForce RTX 3080, 6250, 3802, 10240, 95, 97
2026/07/30 23:11:16.934, 0, NVIDIA GeForce RTX 3080, 6250, 3802, 10240, 95, 97
2026/07/30 23:11:17.046, 0, NVIDIA GeForce RTX 3080, 6250, 3802, 10240, 95, 97
2026/07/30 23:11:17.158, 0, NVIDIA GeForce RTX 3080, 6250, 3802, 10240, 95, 97
2026/07/30 23:11:17.269, 0, NVIDIA GeForce RTX 3080, 6250, 3802, 10240, 97, 98
2026/07/30 23:11:17.381, 0, NVIDIA GeForce RTX 3080, 6250, 3802, 10240, 97, 98
2026/07/30 23:11:17.493, 0, NVIDIA GeForce RTX 3080, 6250, 3802, 10240, 97, 98
2026/07/30 23:11:17.605, 0, NVIDIA GeForce RTX 3080, 6250, 3802, 10240, 97, 98
2026/07/30 23:11:17.716, 0, NVIDIA GeForce RTX 3080, 6250, 3802, 10240, 97, 98
2026/07/30 23:11:17.827, 0, NVIDIA GeForce RTX 3080, 6250, 3802, 10240, 97, 98
2026/07/30 23:11:17.938, 0, NVIDIA GeForce RTX 3080, 6250, 3802, 10240, 97, 98
2026/07/30 23:11:18.051, 0, NVIDIA GeForce RTX 3080, 6250, 3802, 10240, 97, 98
2026/07/30 23:11:18.162, 0, NVIDIA GeForce RTX 3080, 6250, 3802, 10240, 97, 98
2026/07/30 23:11:18.274, 0, NVIDIA GeForce RTX 3080, 6250, 3802, 10240, 97, 98
2026/07/30 23:11:18.385, 0, NVIDIA GeForce RTX 3080, 6250, 3802, 10240, 97, 98
2026/07/30 23:11:18.496, 0, NVIDIA GeForce RTX 3080, 6250, 3802, 10240, 97, 98
2026/07/30 23:11:18.608, 0, NVIDIA GeForce RTX 3080, 6250, 3802, 10240, 97, 98
2026/07/30 23:11:18.719, 0, NVIDIA GeForce RTX 3080, 6250, 3802, 10240, 97, 98
2026/07/30 23:11:18.830, 0, NVIDIA GeForce RTX 3080, 6250, 3802, 10240, 97, 98
2026/07/30 23:11:18.942, 0, NVIDIA GeForce RTX 3080, 6250, 3802, 10240, 97, 98
2026/07/30 23:11:19.054, 0, NVIDIA GeForce RTX 3080, 6250, 3802, 10240, 97, 98
2026/07/30 23:11:19.165, 0, NVIDIA GeForce RTX 3080, 6250, 3802, 10240, 97, 98
2026/07/30 23:11:19.275, 0, NVIDIA GeForce RTX 3080, 6250, 3802, 10240, 96, 98
2026/07/30 23:11:19.387, 0, NVIDIA GeForce RTX 3080, 6250, 3802, 10240, 96, 98
2026/07/30 23:11:19.498, 0, NVIDIA GeForce RTX 3080, 6250, 3802, 10240, 96, 98
2026/07/30 23:11:19.609, 0, NVIDIA GeForce RTX 3080, 6250, 3802, 10240, 96, 98
2026/07/30 23:11:19.721, 0, NVIDIA GeForce RTX 3080, 6250, 3802, 10240, 95, 98
2026/07/30 23:11:19.833, 0, NVIDIA GeForce RTX 3080, 6250, 3802, 10240, 95, 98
2026/07/30 23:11:19.945, 0, NVIDIA GeForce RTX 3080, 6250, 3802, 10240, 95, 98
2026/07/30 23:11:20.057, 0, NVIDIA GeForce RTX 3080, 6250, 3802, 10240, 95, 98
2026/07/30 23:11:20.169, 0, NVIDIA GeForce RTX 3080, 6250, 3802, 10240, 95, 98
2026/07/30 23:11:20.281, 0, NVIDIA GeForce RTX 3080, 6250, 3802, 10240, 95, 98
2026/07/30 23:11:20.393, 0, NVIDIA GeForce RTX 3080, 6250, 3802, 10240, 95, 98
2026/07/30 23:11:20.505, 0, NVIDIA GeForce RTX 3080, 6250, 3802, 10240, 95, 98
2026/07/30 23:11:20.616, 0, NVIDIA GeForce RTX 3080, 6250, 3802, 10240, 95, 98
2026/07/30 23:11:20.726, 0, NVIDIA GeForce RTX 3080, 6250, 3802, 10240, 95, 98
2026/07/30 23:11:20.838, 0, NVIDIA GeForce RTX 3080, 6250, 3802, 10240, 95, 98
2026/07/30 23:11:20.949, 0, NVIDIA GeForce RTX 3080, 6250, 3802, 10240, 95, 98
2026/07/30 23:11:21.061, 0, NVIDIA GeForce RTX 3080, 6250, 3802, 10240, 95, 98
2026/07/30 23:11:21.173, 0, NVIDIA GeForce RTX 3080, 6250, 3802, 10240, 95, 98
2026/07/30 23:11:21.285, 0, NVIDIA GeForce RTX 3080, 6250, 3802, 10240, 97, 98
2026/07/30 23:11:21.397, 0, NVIDIA GeForce RTX 3080, 6250, 3802, 10240, 97, 98
2026/07/30 23:11:21.509, 0, NVIDIA GeForce RTX 3080, 6250, 3802, 10240, 97, 98
2026/07/30 23:11:21.621, 0, NVIDIA GeForce RTX 3080, 6250, 3802, 10240, 97, 98
2026/07/30 23:11:21.733, 0, NVIDIA GeForce RTX 3080, 6250, 3802, 10240, 96, 97
2026/07/30 23:11:21.844, 0, NVIDIA GeForce RTX 3080, 6250, 3802, 10240, 96, 97
2026/07/30 23:11:21.956, 0, NVIDIA GeForce RTX 3080, 6250, 3802, 10240, 96, 97
2026/07/30 23:11:22.068, 0, NVIDIA GeForce RTX 3080, 6250, 3802, 10240, 96, 97
2026/07/30 23:11:22.180, 0, NVIDIA GeForce RTX 3080, 6250, 3802, 10240, 96, 97
2026/07/30 23:11:22.291, 0, NVIDIA GeForce RTX 3080, 6250, 3802, 10240, 97, 98
2026/07/30 23:11:22.403, 0, NVIDIA GeForce RTX 3080, 6250, 3802, 10240, 97, 98
2026/07/30 23:11:22.515, 0, NVIDIA GeForce RTX 3080, 6250, 3802, 10240, 97, 98
2026/07/30 23:11:22.627, 0, NVIDIA GeForce RTX 3080, 6250, 3802, 10240, 97, 98
2026/07/30 23:11:22.740, 0, NVIDIA GeForce RTX 3080, 6250, 3802, 10240, 97, 98
2026/07/30 23:11:22.852, 0, NVIDIA GeForce RTX 3080, 6250, 3802, 10240, 97, 98
2026/07/30 23:11:22.964, 0, NVIDIA GeForce RTX 3080, 6250, 3802, 10240, 97, 98
2026/07/30 23:11:23.076, 0, NVIDIA GeForce RTX 3080, 6250, 3802, 10240, 97, 98
2026/07/30 23:11:23.188, 0, NVIDIA GeForce RTX 3080, 6250, 3802, 10240, 97, 98
2026/07/30 23:11:23.300, 0, NVIDIA GeForce RTX 3080, 6250, 3802, 10240, 98, 98
2026/07/30 23:11:23.411, 0, NVIDIA GeForce RTX 3080, 6250, 3802, 10240, 98, 98
2026/07/30 23:11:23.523, 0, NVIDIA GeForce RTX 3080, 6250, 3802, 10240, 98, 98
2026/07/30 23:11:23.634, 0, NVIDIA GeForce RTX 3080, 6250, 3802, 10240, 98, 98
2026/07/30 23:11:23.745, 0, NVIDIA GeForce RTX 3080, 6250, 3802, 10240, 98, 98
2026/07/30 23:11:23.857, 0, NVIDIA GeForce RTX 3080, 6250, 3802, 10240, 98, 98
2026/07/30 23:11:23.968, 0, NVIDIA GeForce RTX 3080, 6250, 3802, 10240, 98, 98
2026/07/30 23:11:24.079, 0, NVIDIA GeForce RTX 3080, 6250, 3802, 10240, 98, 98
2026/07/30 23:11:24.190, 0, NVIDIA GeForce RTX 3080, 6250, 3802, 10240, 98, 98
2026/07/30 23:11:24.301, 0, NVIDIA GeForce RTX 3080, 6250, 3802, 10240, 98, 98
2026/07/30 23:11:24.414, 0, NVIDIA GeForce RTX 3080, 6250, 3802, 10240, 98, 98
2026/07/30 23:11:24.526, 0, NVIDIA GeForce RTX 3080, 6250, 3802, 10240, 98, 98
2026/07/30 23:11:24.638, 0, NVIDIA GeForce RTX 3080, 6250, 3802, 10240, 98, 98
2026/07/30 23:11:24.750, 0, NVIDIA GeForce RTX 3080, 6250, 3802, 10240, 95, 96
2026/07/30 23:11:24.862, 0, NVIDIA GeForce RTX 3080, 6250, 3802, 10240, 95, 96
2026/07/30 23:11:24.974, 0, NVIDIA GeForce RTX 3080, 6250, 3802, 10240, 95, 96
2026/07/30 23:11:25.086, 0, NVIDIA GeForce RTX 3080, 6250, 3802, 10240, 95, 96
2026/07/30 23:11:25.198, 0, NVIDIA GeForce RTX 3080, 6250, 3802, 10240, 95, 96
2026/07/30 23:11:25.310, 0, NVIDIA GeForce RTX 3080, 6250, 3802, 10240, 95, 98
2026/07/30 23:11:25.422, 0, NVIDIA GeForce RTX 3080, 6250, 3802, 10240, 95, 98
2026/07/30 23:11:25.534, 0, NVIDIA GeForce RTX 3080, 6250, 3802, 10240, 95, 98
2026/07/30 23:11:25.646, 0, NVIDIA GeForce RTX 3080, 6250, 3802, 10240, 95, 98
2026/07/30 23:11:25.758, 0, NVIDIA GeForce RTX 3080, 6250, 3802, 10240, 95, 98
2026/07/30 23:11:25.869, 0, NVIDIA GeForce RTX 3080, 6250, 3802, 10240, 95, 98
2026/07/30 23:11:25.981, 0, NVIDIA GeForce RTX 3080, 6250, 3802, 10240, 95, 98
2026/07/30 23:11:26.093, 0, NVIDIA GeForce RTX 3080, 6250, 3802, 10240, 95, 98
2026/07/30 23:11:26.205, 0, NVIDIA GeForce RTX 3080, 6250, 3802, 10240, 96, 98
2026/07/30 23:11:26.317, 0, NVIDIA GeForce RTX 3080, 6250, 3802, 10240, 96, 98
2026/07/30 23:11:26.428, 0, NVIDIA GeForce RTX 3080, 6250, 3802, 10240, 96, 98
2026/07/30 23:11:26.540, 0, NVIDIA GeForce RTX 3080, 6250, 3802, 10240, 96, 98
2026/07/30 23:11:26.652, 0, NVIDIA GeForce RTX 3080, 6250, 3802, 10240, 96, 98
2026/07/30 23:11:26.764, 0, NVIDIA GeForce RTX 3080, 6250, 3802, 10240, 92, 93
2026/07/30 23:11:26.875, 0, NVIDIA GeForce RTX 3080, 6250, 3802, 10240, 92, 93
2026/07/30 23:11:26.983, 0, NVIDIA GeForce RTX 3080, 6250, 3802, 10240, 92, 93
2026/07/30 23:11:27.096, 0, NVIDIA GeForce RTX 3080, 6250, 3802, 10240, 92, 93
2026/07/30 23:11:27.207, 0, NVIDIA GeForce RTX 3080, 6250, 3802, 10240, 97, 98
2026/07/30 23:11:27.319, 0, NVIDIA GeForce RTX 3080, 6250, 3802, 10240, 97, 98
2026/07/30 23:11:27.428, 0, NVIDIA GeForce RTX 3080, 6250, 3802, 10240, 97, 98
2026/07/30 23:11:27.537, 0, NVIDIA GeForce RTX 3080, 6250, 3802, 10240, 97, 98
2026/07/30 23:11:27.646, 0, NVIDIA GeForce RTX 3080, 6250, 3802, 10240, 97, 98
2026/07/30 23:11:27.754, 0, NVIDIA GeForce RTX 3080, 6250, 3802, 10240, 97, 98
2026/07/30 23:11:27.863, 0, NVIDIA GeForce RTX 3080, 6250, 3802, 10240, 97, 98
2026/07/30 23:11:27.973, 0, NVIDIA GeForce RTX 3080, 6250, 3802, 10240, 97, 98
2026/07/30 23:11:28.085, 0, NVIDIA GeForce RTX 3080, 6250, 3802, 10240, 97, 98
2026/07/30 23:11:28.197, 0, NVIDIA GeForce RTX 3080, 6250, 3802, 10240, 97, 98
2026/07/30 23:11:28.309, 0, NVIDIA GeForce RTX 3080, 6250, 3802, 10240, 96, 97
2026/07/30 23:11:28.421, 0, NVIDIA GeForce RTX 3080, 6250, 3802, 10240, 96, 97
2026/07/30 23:11:28.532, 0, NVIDIA GeForce RTX 3080, 6250, 3802, 10240, 96, 97
2026/07/30 23:11:28.641, 0, NVIDIA GeForce RTX 3080, 6250, 3802, 10240, 96, 97
2026/07/30 23:11:28.753, 0, NVIDIA GeForce RTX 3080, 6250, 3802, 10240, 94, 96
2026/07/30 23:11:28.864, 0, NVIDIA GeForce RTX 3080, 6250, 3802, 10240, 94, 96
2026/07/30 23:11:28.976, 0, NVIDIA GeForce RTX 3080, 6250, 3802, 10240, 94, 96
2026/07/30 23:11:29.088, 0, NVIDIA GeForce RTX 3080, 6250, 3802, 10240, 94, 96
2026/07/30 23:11:29.200, 0, NVIDIA GeForce RTX 3080, 6250, 3802, 10240, 94, 96
2026/07/30 23:11:29.311, 0, NVIDIA GeForce RTX 3080, 6250, 3802, 10240, 96, 98
2026/07/30 23:11:29.420, 0, NVIDIA GeForce RTX 3080, 6250, 3802, 10240, 96, 98
2026/07/30 23:11:29.530, 0, NVIDIA GeForce RTX 3080, 6250, 3802, 10240, 96, 98
2026/07/30 23:11:29.639, 0, NVIDIA GeForce RTX 3080, 6250, 3802, 10240, 96, 98
2026/07/30 23:11:29.751, 0, NVIDIA GeForce RTX 3080, 6250, 3802, 10240, 95, 98
2026/07/30 23:11:29.863, 0, NVIDIA GeForce RTX 3080, 6250, 3802, 10240, 95, 98
2026/07/30 23:11:29.975, 0, NVIDIA GeForce RTX 3080, 6250, 3802, 10240, 95, 98
2026/07/30 23:11:30.086, 0, NVIDIA GeForce RTX 3080, 6250, 3802, 10240, 95, 98
2026/07/30 23:11:30.198, 0, NVIDIA GeForce RTX 3080, 6250, 3802, 10240, 95, 98
2026/07/30 23:11:30.310, 0, NVIDIA GeForce RTX 3080, 6250, 3802, 10240, 96, 98
2026/07/30 23:11:30.422, 0, NVIDIA GeForce RTX 3080, 6250, 3802, 10240, 96, 98
2026/07/30 23:11:30.533, 0, NVIDIA GeForce RTX 3080, 6250, 3802, 10240, 96, 98
2026/07/30 23:11:30.645, 0, NVIDIA GeForce RTX 3080, 6250, 3802, 10240, 96, 98
2026/07/30 23:11:30.758, 0, NVIDIA GeForce RTX 3080, 6250, 3802, 10240, 94, 97
2026/07/30 23:11:30.870, 0, NVIDIA GeForce RTX 3080, 6250, 3802, 10240, 94, 97
2026/07/30 23:11:30.982, 0, NVIDIA GeForce RTX 3080, 6250, 3802, 10240, 94, 97
2026/07/30 23:11:31.094, 0, NVIDIA GeForce RTX 3080, 6250, 3802, 10240, 94, 97
2026/07/30 23:11:31.206, 0, NVIDIA GeForce RTX 3080, 6250, 3802, 10240, 97, 98
2026/07/30 23:11:31.318, 0, NVIDIA GeForce RTX 3080, 6250, 3802, 10240, 97, 98
2026/07/30 23:11:31.430, 0, NVIDIA GeForce RTX 3080, 6250, 3802, 10240, 97, 98
2026/07/30 23:11:31.542, 0, NVIDIA GeForce RTX 3080, 6250, 3802, 10240, 97, 98
2026/07/30 23:11:31.654, 0, NVIDIA GeForce RTX 3080, 6250, 3802, 10240, 97, 98
2026/07/30 23:11:31.766, 0, NVIDIA GeForce RTX 3080, 6250, 3802, 10240, 97, 98
2026/07/30 23:11:31.878, 0, NVIDIA GeForce RTX 3080, 6250, 3802, 10240, 97, 98
2026/07/30 23:11:31.990, 0, NVIDIA GeForce RTX 3080, 6250, 3802, 10240, 97, 98
2026/07/30 23:11:32.101, 0, NVIDIA GeForce RTX 3080, 6250, 3802, 10240, 97, 98
2026/07/30 23:11:32.213, 0, NVIDIA GeForce RTX 3080, 6250, 3802, 10240, 97, 98
2026/07/30 23:11:32.325, 0, NVIDIA GeForce RTX 3080, 6250, 3802, 10240, 97, 98
2026/07/30 23:11:32.437, 0, NVIDIA GeForce RTX 3080, 6250, 3802, 10240, 97, 98
2026/07/30 23:11:32.549, 0, NVIDIA GeForce RTX 3080, 6250, 3802, 10240, 97, 98
2026/07/30 23:11:32.661, 0, NVIDIA GeForce RTX 3080, 6250, 3802, 10240, 97, 98
2026/07/30 23:11:32.772, 0, NVIDIA GeForce RTX 3080, 6250, 3802, 10240, 97, 98
2026/07/30 23:11:32.883, 0, NVIDIA GeForce RTX 3080, 6250, 3802, 10240, 97, 98
2026/07/30 23:11:32.995, 0, NVIDIA GeForce RTX 3080, 6250, 3802, 10240, 97, 98
2026/07/30 23:11:33.107, 0, NVIDIA GeForce RTX 3080, 6250, 3802, 10240, 97, 98
2026/07/30 23:11:33.219, 0, NVIDIA GeForce RTX 3080, 6250, 3802, 10240, 96, 98
2026/07/30 23:11:33.331, 0, NVIDIA GeForce RTX 3080, 6250, 3802, 10240, 96, 98
2026/07/30 23:11:33.443, 0, NVIDIA GeForce RTX 3080, 6250, 3802, 10240, 96, 98
2026/07/30 23:11:33.555, 0, NVIDIA GeForce RTX 3080, 6250, 3802, 10240, 96, 98
2026/07/30 23:11:33.668, 0, NVIDIA GeForce RTX 3080, 6250, 3802, 10240, 96, 98
2026/07/30 23:11:33.780, 0, NVIDIA GeForce RTX 3080, 6250, 3802, 10240, 95, 98
2026/07/30 23:11:33.892, 0, NVIDIA GeForce RTX 3080, 6250, 3802, 10240, 95, 98
2026/07/30 23:11:34.004, 0, NVIDIA GeForce RTX 3080, 6250, 3802, 10240, 95, 98
2026/07/30 23:11:34.116, 0, NVIDIA GeForce RTX 3080, 6250, 3802, 10240, 95, 98
2026/07/30 23:11:34.228, 0, NVIDIA GeForce RTX 3080, 6250, 3802, 10240, 96, 98
2026/07/30 23:11:34.340, 0, NVIDIA GeForce RTX 3080, 6250, 3802, 10240, 96, 98
2026/07/30 23:11:34.449, 0, NVIDIA GeForce RTX 3080, 6250, 3802, 10240, 96, 98
2026/07/30 23:11:34.558, 0, NVIDIA GeForce RTX 3080, 6250, 3802, 10240, 96, 98
2026/07/30 23:11:34.669, 0, NVIDIA GeForce RTX 3080, 6250, 3802, 10240, 96, 98
2026/07/30 23:11:34.781, 0, NVIDIA GeForce RTX 3080, 6250, 3802, 10240, 95, 98
2026/07/30 23:11:34.893, 0, NVIDIA GeForce RTX 3080, 6250, 3802, 10240, 95, 98
2026/07/30 23:11:35.004, 0, NVIDIA GeForce RTX 3080, 6250, 3802, 10240, 95, 98
2026/07/30 23:11:35.117, 0, NVIDIA GeForce RTX 3080, 6250, 3802, 10240, 95, 98
2026/07/30 23:11:35.229, 0, NVIDIA GeForce RTX 3080, 6250, 3802, 10240, 96, 97
2026/07/30 23:11:35.341, 0, NVIDIA GeForce RTX 3080, 6250, 3802, 10240, 96, 97
2026/07/30 23:11:35.453, 0, NVIDIA GeForce RTX 3080, 6250, 3802, 10240, 96, 97
2026/07/30 23:11:35.565, 0, NVIDIA GeForce RTX 3080, 6250, 3802, 10240, 96, 97
2026/07/30 23:11:35.677, 0, NVIDIA GeForce RTX 3080, 6250, 3802, 10240, 96, 97
2026/07/30 23:11:35.788, 0, NVIDIA GeForce RTX 3080, 6250, 3802, 10240, 97, 98
2026/07/30 23:11:35.900, 0, NVIDIA GeForce RTX 3080, 6250, 3802, 10240, 97, 98
2026/07/30 23:11:36.012, 0, NVIDIA GeForce RTX 3080, 6250, 3802, 10240, 97, 98
2026/07/30 23:11:36.124, 0, NVIDIA GeForce RTX 3080, 6250, 3802, 10240, 97, 98
2026/07/30 23:11:36.236, 0, NVIDIA GeForce RTX 3080, 6250, 3802, 10240, 96, 97
2026/07/30 23:11:36.348, 0, NVIDIA GeForce RTX 3080, 6250, 3802, 10240, 96, 97
2026/07/30 23:11:36.459, 0, NVIDIA GeForce RTX 3080, 6250, 3802, 10240, 96, 97
2026/07/30 23:11:36.569, 0, NVIDIA GeForce RTX 3080, 6250, 3802, 10240, 96, 97
2026/07/30 23:11:36.681, 0, NVIDIA GeForce RTX 3080, 6250, 3802, 10240, 96, 97
2026/07/30 23:11:36.793, 0, NVIDIA GeForce RTX 3080, 6250, 3802, 10240, 97, 97
2026/07/30 23:11:36.905, 0, NVIDIA GeForce RTX 3080, 6250, 3802, 10240, 97, 97
2026/07/30 23:11:37.017, 0, NVIDIA GeForce RTX 3080, 6250, 3802, 10240, 97, 97
2026/07/30 23:11:37.129, 0, NVIDIA GeForce RTX 3080, 6250, 3802, 10240, 97, 97
2026/07/30 23:11:37.241, 0, NVIDIA GeForce RTX 3080, 6250, 3802, 10240, 97, 97
2026/07/30 23:11:37.353, 0, NVIDIA GeForce RTX 3080, 6250, 3802, 10240, 97, 97
2026/07/30 23:11:37.465, 0, NVIDIA GeForce RTX 3080, 6250, 3802, 10240, 97, 97
2026/07/30 23:11:37.577, 0, NVIDIA GeForce RTX 3080, 6250, 3802, 10240, 97, 97
2026/07/30 23:11:37.689, 0, NVIDIA GeForce RTX 3080, 6250, 3802, 10240, 97, 97
2026/07/30 23:11:37.800, 0, NVIDIA GeForce RTX 3080, 6250, 3802, 10240, 98, 97
2026/07/30 23:11:37.911, 0, NVIDIA GeForce RTX 3080, 6250, 3802, 10240, 98, 97
2026/07/30 23:11:38.023, 0, NVIDIA GeForce RTX 3080, 6250, 3802, 10240, 98, 97
2026/07/30 23:11:38.135, 0, NVIDIA GeForce RTX 3080, 6250, 3802, 10240, 98, 97
2026/07/30 23:11:38.247, 0, NVIDIA GeForce RTX 3080, 6250, 3802, 10240, 98, 98
2026/07/30 23:11:38.358, 0, NVIDIA GeForce RTX 3080, 6250, 3802, 10240, 98, 98
2026/07/30 23:11:38.470, 0, NVIDIA GeForce RTX 3080, 6250, 3802, 10240, 98, 98
2026/07/30 23:11:38.581, 0, NVIDIA GeForce RTX 3080, 6250, 3802, 10240, 98, 98
2026/07/30 23:11:38.694, 0, NVIDIA GeForce RTX 3080, 6250, 3802, 10240, 98, 98
2026/07/30 23:11:38.806, 0, NVIDIA GeForce RTX 3080, 6250, 3802, 10240, 95, 96
2026/07/30 23:11:38.918, 0, NVIDIA GeForce RTX 3080, 6250, 3802, 10240, 95, 96
2026/07/30 23:11:39.030, 0, NVIDIA GeForce RTX 3080, 6250, 3802, 10240, 95, 96
2026/07/30 23:11:39.142, 0, NVIDIA GeForce RTX 3080, 6250, 3802, 10240, 95, 96
2026/07/30 23:11:39.253, 0, NVIDIA GeForce RTX 3080, 6250, 3802, 10240, 96, 98
2026/07/30 23:11:39.365, 0, NVIDIA GeForce RTX 3080, 6250, 3802, 10240, 96, 98
2026/07/30 23:11:39.477, 0, NVIDIA GeForce RTX 3080, 6250, 3802, 10240, 96, 98
2026/07/30 23:11:39.589, 0, NVIDIA GeForce RTX 3080, 6250, 3802, 10240, 96, 98
2026/07/30 23:11:39.701, 0, NVIDIA GeForce RTX 3080, 6250, 3802, 10240, 96, 98
2026/07/30 23:11:39.813, 0, NVIDIA GeForce RTX 3080, 6250, 3802, 10240, 96, 98
2026/07/30 23:11:39.924, 0, NVIDIA GeForce RTX 3080, 6250, 3802, 10240, 96, 98
2026/07/30 23:11:40.036, 0, NVIDIA GeForce RTX 3080, 6250, 3802, 10240, 96, 98
2026/07/30 23:11:40.148, 0, NVIDIA GeForce RTX 3080, 6250, 3802, 10240, 96, 98
2026/07/30 23:11:40.258, 0, NVIDIA GeForce RTX 3080, 6250, 3802, 10240, 96, 98
2026/07/30 23:11:40.369, 0, NVIDIA GeForce RTX 3080, 6250, 3802, 10240, 96, 98
2026/07/30 23:11:40.481, 0, NVIDIA GeForce RTX 3080, 6250, 3802, 10240, 96, 98
2026/07/30 23:11:40.593, 0, NVIDIA GeForce RTX 3080, 6250, 3802, 10240, 96, 98
2026/07/30 23:11:40.705, 0, NVIDIA GeForce RTX 3080, 6250, 3802, 10240, 90, 92
2026/07/30 23:11:40.817, 0, NVIDIA GeForce RTX 3080, 6250, 3802, 10240, 90, 92
2026/07/30 23:11:40.927, 0, NVIDIA GeForce RTX 3080, 6250, 3802, 10240, 90, 92
2026/07/30 23:11:41.038, 0, NVIDIA GeForce RTX 3080, 6250, 3802, 10240, 90, 92
2026/07/30 23:11:41.150, 0, NVIDIA GeForce RTX 3080, 6250, 3802, 10240, 90, 92
2026/07/30 23:11:41.262, 0, NVIDIA GeForce RTX 3080, 6250, 3802, 10240, 97, 98
2026/07/30 23:11:41.374, 0, NVIDIA GeForce RTX 3080, 6250, 3802, 10240, 97, 98
2026/07/30 23:11:41.487, 0, NVIDIA GeForce RTX 3080, 6250, 3802, 10240, 97, 98
2026/07/30 23:11:41.598, 0, NVIDIA GeForce RTX 3080, 6250, 3802, 10240, 97, 98
2026/07/30 23:11:41.710, 0, NVIDIA GeForce RTX 3080, 6250, 3802, 10240, 97, 98
2026/07/30 23:11:41.822, 0, NVIDIA GeForce RTX 3080, 6250, 3802, 10240, 97, 98
2026/07/30 23:11:41.933, 0, NVIDIA GeForce RTX 3080, 6250, 3802, 10240, 97, 98
2026/07/30 23:11:42.045, 0, NVIDIA GeForce RTX 3080, 6250, 3802, 10240, 97, 98
2026/07/30 23:11:42.157, 0, NVIDIA GeForce RTX 3080, 6250, 3802, 10240, 97, 98
2026/07/30 23:11:42.269, 0, NVIDIA GeForce RTX 3080, 6250, 3802, 10240, 97, 98
2026/07/30 23:11:42.380, 0, NVIDIA GeForce RTX 3080, 6250, 3802, 10240, 97, 98
2026/07/30 23:11:42.490, 0, NVIDIA GeForce RTX 3080, 6250, 3802, 10240, 97, 98
2026/07/30 23:11:42.599, 0, NVIDIA GeForce RTX 3080, 6250, 3802, 10240, 97, 98
2026/07/30 23:11:42.710, 0, NVIDIA GeForce RTX 3080, 6250, 3802, 10240, 92, 94
2026/07/30 23:11:42.820, 0, NVIDIA GeForce RTX 3080, 6250, 3802, 10240, 92, 94
2026/07/30 23:11:42.928, 0, NVIDIA GeForce RTX 3080, 6250, 3802, 10240, 92, 94
2026/07/30 23:11:43.040, 0, NVIDIA GeForce RTX 3080, 6250, 3802, 10240, 92, 94
2026/07/30 23:11:43.151, 0, NVIDIA GeForce RTX 3080, 6250, 3802, 10240, 92, 94
2026/07/30 23:11:43.262, 0, NVIDIA GeForce RTX 3080, 6250, 3802, 10240, 96, 98
2026/07/30 23:11:43.374, 0, NVIDIA GeForce RTX 3080, 6250, 3802, 10240, 96, 98
2026/07/30 23:11:43.486, 0, NVIDIA GeForce RTX 3080, 6250, 3802, 10240, 96, 98
2026/07/30 23:11:43.598, 0, NVIDIA GeForce RTX 3080, 6250, 3802, 10240, 96, 98
2026/07/30 23:11:43.710, 0, NVIDIA GeForce RTX 3080, 6250, 3802, 10240, 95, 98
2026/07/30 23:11:43.822, 0, NVIDIA GeForce RTX 3080, 6250, 3802, 10240, 95, 98
2026/07/30 23:11:43.933, 0, NVIDIA GeForce RTX 3080, 6250, 3802, 10240, 95, 98
2026/07/30 23:11:44.045, 0, NVIDIA GeForce RTX 3080, 6250, 3802, 10240, 95, 98
2026/07/30 23:11:44.157, 0, NVIDIA GeForce RTX 3080, 6250, 3802, 10240, 95, 98
2026/07/30 23:11:44.268, 0, NVIDIA GeForce RTX 3080, 6250, 3802, 10240, 96, 98
2026/07/30 23:11:44.380, 0, NVIDIA GeForce RTX 3080, 6250, 3802, 10240, 96, 98
2026/07/30 23:11:44.492, 0, NVIDIA GeForce RTX 3080, 6250, 3802, 10240, 96, 98
2026/07/30 23:11:44.604, 0, NVIDIA GeForce RTX 3080, 6250, 3802, 10240, 96, 98
2026/07/30 23:11:44.716, 0, NVIDIA GeForce RTX 3080, 6250, 3802, 10240, 95, 97
2026/07/30 23:11:44.828, 0, NVIDIA GeForce RTX 3080, 6250, 3802, 10240, 95, 97
2026/07/30 23:11:44.940, 0, NVIDIA GeForce RTX 3080, 6250, 3802, 10240, 95, 97
2026/07/30 23:11:45.052, 0, NVIDIA GeForce RTX 3080, 6250, 3802, 10240, 95, 97
2026/07/30 23:11:45.164, 0, NVIDIA GeForce RTX 3080, 6250, 3802, 10240, 95, 97
2026/07/30 23:11:45.275, 0, NVIDIA GeForce RTX 3080, 6250, 3802, 10240, 97, 98
2026/07/30 23:11:45.387, 0, NVIDIA GeForce RTX 3080, 6250, 3802, 10240, 97, 98
2026/07/30 23:11:45.499, 0, NVIDIA GeForce RTX 3080, 6250, 3802, 10240, 97, 98
2026/07/30 23:11:45.611, 0, NVIDIA GeForce RTX 3080, 6250, 3802, 10240, 97, 98
2026/07/30 23:11:45.723, 0, NVIDIA GeForce RTX 3080, 6250, 3802, 10240, 97, 98
2026/07/30 23:11:45.835, 0, NVIDIA GeForce RTX 3080, 6250, 3802, 10240, 97, 98
2026/07/30 23:11:45.947, 0, NVIDIA GeForce RTX 3080, 6250, 3802, 10240, 97, 98
2026/07/30 23:11:46.059, 0, NVIDIA GeForce RTX 3080, 6250, 3802, 10240, 97, 98
2026/07/30 23:11:46.171, 0, NVIDIA GeForce RTX 3080, 6250, 3802, 10240, 97, 98
2026/07/30 23:11:46.283, 0, NVIDIA GeForce RTX 3080, 6250, 3802, 10240, 97, 98
2026/07/30 23:11:46.395, 0, NVIDIA GeForce RTX 3080, 6250, 3802, 10240, 97, 98
2026/07/30 23:11:46.508, 0, NVIDIA GeForce RTX 3080, 6250, 3802, 10240, 97, 98
2026/07/30 23:11:46.620, 0, NVIDIA GeForce RTX 3080, 6250, 3802, 10240, 97, 98
2026/07/30 23:11:46.731, 0, NVIDIA GeForce RTX 3080, 6250, 3802, 10240, 97, 98
2026/07/30 23:11:46.843, 0, NVIDIA GeForce RTX 3080, 6250, 3802, 10240, 97, 98
2026/07/30 23:11:46.955, 0, NVIDIA GeForce RTX 3080, 6250, 3802, 10240, 97, 98
2026/07/30 23:11:47.067, 0, NVIDIA GeForce RTX 3080, 6250, 3802, 10240, 97, 98
2026/07/30 23:11:47.179, 0, NVIDIA GeForce RTX 3080, 6250, 3802, 10240, 97, 98
2026/07/30 23:11:47.290, 0, NVIDIA GeForce RTX 3080, 6250, 3802, 10240, 95, 98
2026/07/30 23:11:47.400, 0, NVIDIA GeForce RTX 3080, 6250, 3802, 10240, 95, 98
2026/07/30 23:11:47.510, 0, NVIDIA GeForce RTX 3080, 6250, 3802, 10240, 95, 98
2026/07/30 23:11:47.620, 0, NVIDIA GeForce RTX 3080, 6250, 3802, 10240, 95, 98
2026/07/30 23:11:47.728, 0, NVIDIA GeForce RTX 3080, 6250, 3802, 10240, 95, 98
2026/07/30 23:11:47.837, 0, NVIDIA GeForce RTX 3080, 6250, 3802, 10240, 95, 98
2026/07/30 23:11:47.946, 0, NVIDIA GeForce RTX 3080, 6250, 3802, 10240, 95, 98
2026/07/30 23:11:48.057, 0, NVIDIA GeForce RTX 3080, 6250, 3802, 10240, 95, 98
2026/07/30 23:11:48.169, 0, NVIDIA GeForce RTX 3080, 6250, 3802, 10240, 95, 98
2026/07/30 23:11:48.282, 0, NVIDIA GeForce RTX 3080, 6250, 3802, 10240, 95, 98
2026/07/30 23:11:48.394, 0, NVIDIA GeForce RTX 3080, 6250, 3802, 10240, 95, 98
2026/07/30 23:11:48.506, 0, NVIDIA GeForce RTX 3080, 6250, 3802, 10240, 95, 98
2026/07/30 23:11:48.618, 0, NVIDIA GeForce RTX 3080, 6250, 3802, 10240, 95, 98
2026/07/30 23:11:48.730, 0, NVIDIA GeForce RTX 3080, 6250, 3802, 10240, 95, 98
2026/07/30 23:11:48.842, 0, NVIDIA GeForce RTX 3080, 6250, 3802, 10240, 95, 98
2026/07/30 23:11:48.954, 0, NVIDIA GeForce RTX 3080, 6250, 3802, 10240, 95, 98
2026/07/30 23:11:49.066, 0, NVIDIA GeForce RTX 3080, 6250, 3802, 10240, 95, 98
2026/07/30 23:11:49.178, 0, NVIDIA GeForce RTX 3080, 6250, 3802, 10240, 95, 98
2026/07/30 23:11:49.290, 0, NVIDIA GeForce RTX 3080, 6250, 3802, 10240, 97, 98
2026/07/30 23:11:49.401, 0, NVIDIA GeForce RTX 3080, 6250, 3802, 10240, 97, 98
2026/07/30 23:11:49.510, 0, NVIDIA GeForce RTX 3080, 6250, 3802, 10240, 97, 98
2026/07/30 23:11:49.619, 0, NVIDIA GeForce RTX 3080, 6250, 3802, 10240, 97, 98
2026/07/30 23:11:49.730, 0, NVIDIA GeForce RTX 3080, 6250, 3802, 10240, 97, 98
2026/07/30 23:11:49.842, 0, NVIDIA GeForce RTX 3080, 6250, 3802, 10240, 97, 98
2026/07/30 23:11:49.954, 0, NVIDIA GeForce RTX 3080, 6250, 3802, 10240, 97, 98
2026/07/30 23:11:50.066, 0, NVIDIA GeForce RTX 3080, 6250, 3802, 10240, 97, 98
2026/07/30 23:11:50.178, 0, NVIDIA GeForce RTX 3080, 6250, 3802, 10240, 97, 98
2026/07/30 23:11:50.288, 0, NVIDIA GeForce RTX 3080, 6250, 3802, 10240, 96, 97
2026/07/30 23:11:50.400, 0, NVIDIA GeForce RTX 3080, 6250, 3802, 10240, 96, 97
2026/07/30 23:11:50.513, 0, NVIDIA GeForce RTX 3080, 6250, 3802, 10240, 96, 97
2026/07/30 23:11:50.625, 0, NVIDIA GeForce RTX 3080, 6250, 3802, 10240, 96, 97
2026/07/30 23:11:50.737, 0, NVIDIA GeForce RTX 3080, 6250, 3802, 10240, 96, 97
2026/07/30 23:11:50.849, 0, NVIDIA GeForce RTX 3080, 6250, 3802, 10240, 96, 97
2026/07/30 23:11:50.961, 0, NVIDIA GeForce RTX 3080, 6250, 3802, 10240, 96, 97
2026/07/30 23:11:51.073, 0, NVIDIA GeForce RTX 3080, 6250, 3802, 10240, 96, 97
2026/07/30 23:11:51.185, 0, NVIDIA GeForce RTX 3080, 6250, 3802, 10240, 96, 97
2026/07/30 23:11:51.297, 0, NVIDIA GeForce RTX 3080, 6250, 3802, 10240, 97, 97
2026/07/30 23:11:51.409, 0, NVIDIA GeForce RTX 3080, 6250, 3802, 10240, 97, 97
2026/07/30 23:11:51.521, 0, NVIDIA GeForce RTX 3080, 6250, 3802, 10240, 97, 97
2026/07/30 23:11:51.633, 0, NVIDIA GeForce RTX 3080, 6250, 3802, 10240, 97, 97
2026/07/30 23:11:51.745, 0, NVIDIA GeForce RTX 3080, 6250, 3802, 10240, 98, 98
2026/07/30 23:11:51.857, 0, NVIDIA GeForce RTX 3080, 6250, 3802, 10240, 98, 98
2026/07/30 23:11:51.969, 0, NVIDIA GeForce RTX 3080, 6250, 3802, 10240, 98, 98
2026/07/30 23:11:52.081, 0, NVIDIA GeForce RTX 3080, 6250, 3802, 10240, 98, 98
2026/07/30 23:11:52.193, 0, NVIDIA GeForce RTX 3080, 6250, 3802, 10240, 98, 98
2026/07/30 23:11:52.305, 0, NVIDIA GeForce RTX 3080, 6250, 3802, 10240, 98, 98
2026/07/30 23:11:52.417, 0, NVIDIA GeForce RTX 3080, 6250, 3802, 10240, 98, 98
2026/07/30 23:11:52.529, 0, NVIDIA GeForce RTX 3080, 6250, 3802, 10240, 98, 98
2026/07/30 23:11:52.641, 0, NVIDIA GeForce RTX 3080, 6250, 3802, 10240, 98, 98
2026/07/30 23:11:52.753, 0, NVIDIA GeForce RTX 3080, 6250, 3802, 10240, 95, 96
2026/07/30 23:11:52.864, 0, NVIDIA GeForce RTX 3080, 6250, 3802, 10240, 95, 96
2026/07/30 23:11:52.976, 0, NVIDIA GeForce RTX 3080, 6250, 3802, 10240, 95, 96
2026/07/30 23:11:53.088, 0, NVIDIA GeForce RTX 3080, 6250, 3802, 10240, 95, 96
2026/07/30 23:11:53.200, 0, NVIDIA GeForce RTX 3080, 6250, 3802, 10240, 95, 96
2026/07/30 23:11:53.312, 0, NVIDIA GeForce RTX 3080, 6250, 3802, 10240, 96, 98
2026/07/30 23:11:53.424, 0, NVIDIA GeForce RTX 3080, 6250, 3802, 10240, 96, 98
2026/07/30 23:11:53.536, 0, NVIDIA GeForce RTX 3080, 6250, 3802, 10240, 96, 98
2026/07/30 23:11:53.648, 0, NVIDIA GeForce RTX 3080, 6250, 3802, 10240, 96, 98
2026/07/30 23:11:53.759, 0, NVIDIA GeForce RTX 3080, 6250, 3802, 10240, 95, 98
2026/07/30 23:11:53.871, 0, NVIDIA GeForce RTX 3080, 6250, 3802, 10240, 95, 98
2026/07/30 23:11:53.983, 0, NVIDIA GeForce RTX 3080, 6250, 3802, 10240, 95, 98
2026/07/30 23:11:54.094, 0, NVIDIA GeForce RTX 3080, 6250, 3802, 10240, 95, 98
2026/07/30 23:11:54.207, 0, NVIDIA GeForce RTX 3080, 6250, 3802, 10240, 95, 98
2026/07/30 23:11:54.317, 0, NVIDIA GeForce RTX 3080, 6250, 3802, 10240, 95, 98
2026/07/30 23:11:54.426, 0, NVIDIA GeForce RTX 3080, 6250, 3802, 10240, 95, 98
2026/07/30 23:11:54.535, 0, NVIDIA GeForce RTX 3080, 6250, 3802, 10240, 95, 98
2026/07/30 23:11:54.647, 0, NVIDIA GeForce RTX 3080, 6250, 3802, 10240, 95, 98
2026/07/30 23:11:54.759, 0, NVIDIA GeForce RTX 3080, 6250, 3802, 10240, 95, 96
2026/07/30 23:11:54.871, 0, NVIDIA GeForce RTX 3080, 6250, 3802, 10240, 95, 96
2026/07/30 23:11:54.983, 0, NVIDIA GeForce RTX 3080, 6250, 3802, 10240, 95, 96
2026/07/30 23:11:55.095, 0, NVIDIA GeForce RTX 3080, 6250, 3802, 10240, 95, 96
2026/07/30 23:11:55.207, 0, NVIDIA GeForce RTX 3080, 6250, 3802, 10240, 97, 98
2026/07/30 23:11:55.318, 0, NVIDIA GeForce RTX 3080, 6250, 3802, 10240, 97, 98
2026/07/30 23:11:55.430, 0, NVIDIA GeForce RTX 3080, 6250, 3802, 10240, 97, 98
2026/07/30 23:11:55.542, 0, NVIDIA GeForce RTX 3080, 6250, 3802, 10240, 97, 98
2026/07/30 23:11:55.654, 0, NVIDIA GeForce RTX 3080, 6250, 3802, 10240, 97, 98
2026/07/30 23:11:55.766, 0, NVIDIA GeForce RTX 3080, 6250, 3802, 10240, 97, 98
2026/07/30 23:11:55.878, 0, NVIDIA GeForce RTX 3080, 6250, 3802, 10240, 97, 98
2026/07/30 23:11:55.989, 0, NVIDIA GeForce RTX 3080, 6250, 3802, 10240, 97, 98
2026/07/30 23:11:56.099, 0, NVIDIA GeForce RTX 3080, 6250, 3802, 10240, 97, 98
2026/07/30 23:11:56.211, 0, NVIDIA GeForce RTX 3080, 6250, 3802, 10240, 97, 98
2026/07/30 23:11:56.322, 0, NVIDIA GeForce RTX 3080, 6250, 3802, 10240, 97, 98
2026/07/30 23:11:56.433, 0, NVIDIA GeForce RTX 3080, 6250, 3802, 10240, 97, 98
2026/07/30 23:11:56.544, 0, NVIDIA GeForce RTX 3080, 6250, 3802, 10240, 97, 98
2026/07/30 23:11:56.656, 0, NVIDIA GeForce RTX 3080, 6250, 3802, 10240, 97, 98
2026/07/30 23:11:56.768, 0, NVIDIA GeForce RTX 3080, 6250, 3802, 10240, 94, 96
2026/07/30 23:11:56.880, 0, NVIDIA GeForce RTX 3080, 6250, 3802, 10240, 94, 96
2026/07/30 23:11:56.991, 0, NVIDIA GeForce RTX 3080, 6250, 3802, 10240, 94, 96
2026/07/30 23:11:57.103, 0, NVIDIA GeForce RTX 3080, 6250, 3802, 10240, 94, 96
2026/07/30 23:11:57.215, 0, NVIDIA GeForce RTX 3080, 6250, 3802, 10240, 95, 97
2026/07/30 23:11:57.327, 0, NVIDIA GeForce RTX 3080, 6250, 3802, 10240, 95, 97
2026/07/30 23:11:57.439, 0, NVIDIA GeForce RTX 3080, 6250, 3802, 10240, 95, 97
2026/07/30 23:11:57.551, 0, NVIDIA GeForce RTX 3080, 6250, 3802, 10240, 95, 97
2026/07/30 23:11:57.663, 0, NVIDIA GeForce RTX 3080, 6250, 3802, 10240, 95, 97
2026/07/30 23:11:57.774, 0, NVIDIA GeForce RTX 3080, 6250, 3802, 10240, 95, 98
2026/07/30 23:11:57.886, 0, NVIDIA GeForce RTX 3080, 6250, 3802, 10240, 95, 98
2026/07/30 23:11:57.997, 0, NVIDIA GeForce RTX 3080, 6250, 3802, 10240, 95, 98
2026/07/30 23:11:58.109, 0, NVIDIA GeForce RTX 3080, 6250, 3802, 10240, 95, 98
2026/07/30 23:11:58.221, 0, NVIDIA GeForce RTX 3080, 6250, 3802, 10240, 96, 98
2026/07/30 23:11:58.332, 0, NVIDIA GeForce RTX 3080, 6250, 3802, 10240, 96, 98
2026/07/30 23:11:58.444, 0, NVIDIA GeForce RTX 3080, 6250, 3802, 10240, 96, 98
2026/07/30 23:11:58.555, 0, NVIDIA GeForce RTX 3080, 6250, 3802, 10240, 96, 98
2026/07/30 23:11:58.667, 0, NVIDIA GeForce RTX 3080, 6250, 3802, 10240, 96, 98
2026/07/30 23:11:58.779, 0, NVIDIA GeForce RTX 3080, 6250, 3802, 10240, 94, 96
2026/07/30 23:11:58.890, 0, NVIDIA GeForce RTX 3080, 6250, 3802, 10240, 94, 96
2026/07/30 23:11:59.001, 0, NVIDIA GeForce RTX 3080, 6250, 3802, 10240, 94, 96
2026/07/30 23:11:59.113, 0, NVIDIA GeForce RTX 3080, 6250, 3802, 10240, 94, 96
2026/07/30 23:11:59.225, 0, NVIDIA GeForce RTX 3080, 6250, 3802, 10240, 96, 97
2026/07/30 23:11:59.337, 0, NVIDIA GeForce RTX 3080, 6250, 3802, 10240, 96, 97
2026/07/30 23:11:59.449, 0, NVIDIA GeForce RTX 3080, 6250, 3802, 10240, 96, 97
2026/07/30 23:11:59.561, 0, NVIDIA GeForce RTX 3080, 6250, 3802, 10240, 96, 97
2026/07/30 23:11:59.673, 0, NVIDIA GeForce RTX 3080, 6250, 3802, 10240, 96, 97
2026/07/30 23:11:59.784, 0, NVIDIA GeForce RTX 3080, 6250, 3802, 10240, 97, 98
2026/07/30 23:11:59.895, 0, NVIDIA GeForce RTX 3080, 6250, 3802, 10240, 97, 98
2026/07/30 23:12:00.006, 0, NVIDIA GeForce RTX 3080, 6250, 3802, 10240, 97, 98
2026/07/30 23:12:00.118, 0, NVIDIA GeForce RTX 3080, 6250, 3802, 10240, 97, 98
2026/07/30 23:12:00.230, 0, NVIDIA GeForce RTX 3080, 6250, 3802, 10240, 97, 98
2026/07/30 23:12:00.342, 0, NVIDIA GeForce RTX 3080, 6250, 3802, 10240, 97, 98
2026/07/30 23:12:00.452, 0, NVIDIA GeForce RTX 3080, 6250, 3802, 10240, 97, 98
2026/07/30 23:12:00.562, 0, NVIDIA GeForce RTX 3080, 6250, 3802, 10240, 97, 98
2026/07/30 23:12:00.670, 0, NVIDIA GeForce RTX 3080, 6250, 3802, 10240, 97, 98
2026/07/30 23:12:00.779, 0, NVIDIA GeForce RTX 3080, 6250, 3802, 10240, 97, 98
2026/07/30 23:12:00.889, 0, NVIDIA GeForce RTX 3080, 6250, 3802, 10240, 97, 98
2026/07/30 23:12:00.999, 0, NVIDIA GeForce RTX 3080, 6250, 3802, 10240, 97, 98
2026/07/30 23:12:01.107, 0, NVIDIA GeForce RTX 3080, 6250, 3802, 10240, 97, 98
2026/07/30 23:12:01.217, 0, NVIDIA GeForce RTX 3080, 6250, 3802, 10240, 95, 98
2026/07/30 23:12:01.329, 0, NVIDIA GeForce RTX 3080, 6250, 3802, 10240, 95, 98
2026/07/30 23:12:01.441, 0, NVIDIA GeForce RTX 3080, 6250, 3802, 10240, 95, 98
2026/07/30 23:12:01.552, 0, NVIDIA GeForce RTX 3080, 6250, 3802, 10240, 95, 98
2026/07/30 23:12:01.664, 0, NVIDIA GeForce RTX 3080, 6250, 3802, 10240, 95, 98
2026/07/30 23:12:01.775, 0, NVIDIA GeForce RTX 3080, 6250, 3802, 10240, 96, 98
2026/07/30 23:12:01.885, 0, NVIDIA GeForce RTX 3080, 6250, 3802, 10240, 96, 98
2026/07/30 23:12:01.997, 0, NVIDIA GeForce RTX 3080, 6250, 3802, 10240, 96, 98
2026/07/30 23:12:02.108, 0, NVIDIA GeForce RTX 3080, 6250, 3802, 10240, 96, 98
2026/07/30 23:12:02.220, 0, NVIDIA GeForce RTX 3080, 6250, 3802, 10240, 96, 98
2026/07/30 23:12:02.332, 0, NVIDIA GeForce RTX 3080, 6250, 3802, 10240, 96, 98
2026/07/30 23:12:02.443, 0, NVIDIA GeForce RTX 3080, 6250, 3802, 10240, 96, 98
2026/07/30 23:12:02.551, 0, NVIDIA GeForce RTX 3080, 6250, 3802, 10240, 96, 98
2026/07/30 23:12:02.659, 0, NVIDIA GeForce RTX 3080, 6250, 3802, 10240, 96, 98
2026/07/30 23:12:02.769, 0, NVIDIA GeForce RTX 3080, 6250, 3802, 10240, 95, 98
2026/07/30 23:12:02.878, 0, NVIDIA GeForce RTX 3080, 6250, 3802, 10240, 95, 98
2026/07/30 23:12:02.990, 0, NVIDIA GeForce RTX 3080, 6250, 3802, 10240, 95, 98
2026/07/30 23:12:03.101, 0, NVIDIA GeForce RTX 3080, 6250, 3802, 10240, 95, 98
2026/07/30 23:12:03.212, 0, NVIDIA GeForce RTX 3080, 6250, 3802, 10240, 96, 98
2026/07/30 23:12:03.323, 0, NVIDIA GeForce RTX 3080, 6250, 3802, 10240, 96, 98
2026/07/30 23:12:03.434, 0, NVIDIA GeForce RTX 3080, 6250, 3802, 10240, 96, 98
2026/07/30 23:12:03.545, 0, NVIDIA GeForce RTX 3080, 6250, 3802, 10240, 96, 98
2026/07/30 23:12:03.656, 0, NVIDIA GeForce RTX 3080, 6250, 3802, 10240, 96, 98
2026/07/30 23:12:03.768, 0, NVIDIA GeForce RTX 3080, 6250, 3802, 10240, 95, 96
2026/07/30 23:12:03.880, 0, NVIDIA GeForce RTX 3080, 6250, 3802, 10240, 95, 96
2026/07/30 23:12:03.990, 0, NVIDIA GeForce RTX 3080, 6250, 3802, 10240, 95, 96
2026/07/30 23:12:04.099, 0, NVIDIA GeForce RTX 3080, 6250, 3802, 10240, 95, 96
2026/07/30 23:12:04.210, 0, NVIDIA GeForce RTX 3080, 6250, 3802, 10240, 96, 97
2026/07/30 23:12:04.321, 0, NVIDIA GeForce RTX 3080, 6250, 3802, 10240, 96, 97
2026/07/30 23:12:04.434, 0, NVIDIA GeForce RTX 3080, 6250, 3802, 10240, 96, 97
2026/07/30 23:12:04.546, 0, NVIDIA GeForce RTX 3080, 6250, 3802, 10240, 96, 97
2026/07/30 23:12:04.658, 0, NVIDIA GeForce RTX 3080, 6250, 3802, 10240, 96, 97
2026/07/30 23:12:04.770, 0, NVIDIA GeForce RTX 3080, 6250, 3802, 10240, 97, 98
2026/07/30 23:12:04.882, 0, NVIDIA GeForce RTX 3080, 6250, 3802, 10240, 97, 98
2026/07/30 23:12:04.994, 0, NVIDIA GeForce RTX 3080, 6250, 3802, 10240, 97, 98
2026/07/30 23:12:05.106, 0, NVIDIA GeForce RTX 3080, 6250, 3802, 10240, 97, 98
2026/07/30 23:12:05.217, 0, NVIDIA GeForce RTX 3080, 6250, 3802, 10240, 97, 97
2026/07/30 23:12:05.329, 0, NVIDIA GeForce RTX 3080, 6250, 3802, 10240, 97, 97
2026/07/30 23:12:05.441, 0, NVIDIA GeForce RTX 3080, 6250, 3802, 10240, 97, 97
2026/07/30 23:12:05.553, 0, NVIDIA GeForce RTX 3080, 6250, 3802, 10240, 97, 97
2026/07/30 23:12:05.664, 0, NVIDIA GeForce RTX 3080, 6250, 3802, 10240, 97, 97
2026/07/30 23:12:05.775, 0, NVIDIA GeForce RTX 3080, 6250, 3802, 10240, 97, 97
2026/07/30 23:12:05.886, 0, NVIDIA GeForce RTX 3080, 6250, 3802, 10240, 97, 97
2026/07/30 23:12:05.997, 0, NVIDIA GeForce RTX 3080, 6250, 3802, 10240, 97, 97
2026/07/30 23:12:06.110, 0, NVIDIA GeForce RTX 3080, 6250, 3802, 10240, 97, 97
2026/07/30 23:12:06.222, 0, NVIDIA GeForce RTX 3080, 6250, 3802, 10240, 98, 97
2026/07/30 23:12:06.334, 0, NVIDIA GeForce RTX 3080, 6250, 3802, 10240, 98, 97
2026/07/30 23:12:06.446, 0, NVIDIA GeForce RTX 3080, 6250, 3802, 10240, 98, 97
2026/07/30 23:12:06.558, 0, NVIDIA GeForce RTX 3080, 6250, 3802, 10240, 98, 97
2026/07/30 23:12:06.670, 0, NVIDIA GeForce RTX 3080, 6250, 3802, 10240, 98, 97
2026/07/30 23:12:06.782, 0, NVIDIA GeForce RTX 3080, 6250, 3802, 10240, 95, 98
2026/07/30 23:12:06.894, 0, NVIDIA GeForce RTX 3080, 6250, 3802, 10240, 95, 98
2026/07/30 23:12:07.005, 0, NVIDIA GeForce RTX 3080, 6250, 3802, 10240, 95, 98
2026/07/30 23:12:07.116, 0, NVIDIA GeForce RTX 3080, 6250, 3802, 10240, 95, 98
2026/07/30 23:12:07.228, 0, NVIDIA GeForce RTX 3080, 6250, 3802, 10240, 95, 97
2026/07/30 23:12:07.339, 0, NVIDIA GeForce RTX 3080, 6250, 3802, 10240, 95, 97
2026/07/30 23:12:07.449, 0, NVIDIA GeForce RTX 3080, 6250, 3802, 10240, 95, 97
2026/07/30 23:12:07.557, 0, NVIDIA GeForce RTX 3080, 6250, 3802, 10240, 95, 97
2026/07/30 23:12:07.667, 0, NVIDIA GeForce RTX 3080, 6250, 3802, 10240, 95, 97
2026/07/30 23:12:07.776, 0, NVIDIA GeForce RTX 3080, 6250, 3802, 10240, 95, 97
2026/07/30 23:12:07.887, 0, NVIDIA GeForce RTX 3080, 6250, 3802, 10240, 95, 97
2026/07/30 23:12:07.997, 0, NVIDIA GeForce RTX 3080, 6250, 3802, 10240, 95, 97
2026/07/30 23:12:08.109, 0, NVIDIA GeForce RTX 3080, 6250, 3802, 10240, 95, 97
2026/07/30 23:12:08.220, 0, NVIDIA GeForce RTX 3080, 6250, 3802, 10240, 95, 98
2026/07/30 23:12:08.332, 0, NVIDIA GeForce RTX 3080, 6250, 3802, 10240, 95, 98
2026/07/30 23:12:08.444, 0, NVIDIA GeForce RTX 3080, 6250, 3802, 10240, 95, 98
2026/07/30 23:12:08.555, 0, NVIDIA GeForce RTX 3080, 6250, 3802, 10240, 95, 98
2026/07/30 23:12:08.665, 0, NVIDIA GeForce RTX 3080, 6250, 3802, 10240, 95, 98
2026/07/30 23:12:08.777, 0, NVIDIA GeForce RTX 3080, 6250, 3802, 10240, 97, 98
2026/07/30 23:12:08.889, 0, NVIDIA GeForce RTX 3080, 6250, 3802, 10240, 97, 98
2026/07/30 23:12:09.001, 0, NVIDIA GeForce RTX 3080, 6250, 3802, 10240, 97, 98
2026/07/30 23:12:09.113, 0, NVIDIA GeForce RTX 3080, 6250, 3802, 10240, 97, 98
2026/07/30 23:12:09.225, 0, NVIDIA GeForce RTX 3080, 6250, 3802, 10240, 97, 98
2026/07/30 23:12:09.336, 0, NVIDIA GeForce RTX 3080, 6250, 3802, 10240, 97, 98
2026/07/30 23:12:09.445, 0, NVIDIA GeForce RTX 3080, 6250, 3802, 10240, 97, 98
2026/07/30 23:12:09.556, 0, NVIDIA GeForce RTX 3080, 6250, 3802, 10240, 97, 98
2026/07/30 23:12:09.667, 0, NVIDIA GeForce RTX 3080, 6250, 3802, 10240, 97, 98
2026/07/30 23:12:09.778, 0, NVIDIA GeForce RTX 3080, 6250, 3802, 10240, 97, 98
2026/07/30 23:12:09.889, 0, NVIDIA GeForce RTX 3080, 6250, 3802, 10240, 97, 98
2026/07/30 23:12:10.000, 0, NVIDIA GeForce RTX 3080, 6250, 3802, 10240, 97, 98
2026/07/30 23:12:10.112, 0, NVIDIA GeForce RTX 3080, 6250, 3802, 10240, 97, 98
2026/07/30 23:12:10.224, 0, NVIDIA GeForce RTX 3080, 6250, 3802, 10240, 97, 98
2026/07/30 23:12:10.336, 0, NVIDIA GeForce RTX 3080, 6250, 3802, 10240, 97, 98
2026/07/30 23:12:10.447, 0, NVIDIA GeForce RTX 3080, 6250, 3802, 10240, 97, 98
2026/07/30 23:12:10.559, 0, NVIDIA GeForce RTX 3080, 6250, 3802, 10240, 97, 98
2026/07/30 23:12:10.670, 0, NVIDIA GeForce RTX 3080, 6250, 3802, 10240, 97, 98
2026/07/30 23:12:10.782, 0, NVIDIA GeForce RTX 3080, 6250, 3802, 10240, 96, 98
2026/07/30 23:12:10.894, 0, NVIDIA GeForce RTX 3080, 6250, 3802, 10240, 96, 98
2026/07/30 23:12:11.006, 0, NVIDIA GeForce RTX 3080, 6250, 3802, 10240, 96, 98
2026/07/30 23:12:11.118, 0, NVIDIA GeForce RTX 3080, 6250, 3802, 10240, 96, 98
2026/07/30 23:12:11.230, 0, NVIDIA GeForce RTX 3080, 6250, 3802, 10240, 96, 98
2026/07/30 23:12:11.342, 0, NVIDIA GeForce RTX 3080, 6250, 3802, 10240, 96, 98
2026/07/30 23:12:11.454, 0, NVIDIA GeForce RTX 3080, 6250, 3802, 10240, 96, 98
2026/07/30 23:12:11.565, 0, NVIDIA GeForce RTX 3080, 6250, 3802, 10240, 96, 98
2026/07/30 23:12:11.677, 0, NVIDIA GeForce RTX 3080, 6250, 3802, 10240, 96, 98
2026/07/30 23:12:11.789, 0, NVIDIA GeForce RTX 3080, 6250, 3802, 10240, 95, 97
2026/07/30 23:12:11.900, 0, NVIDIA GeForce RTX 3080, 6250, 3802, 10240, 95, 97
2026/07/30 23:12:12.013, 0, NVIDIA GeForce RTX 3080, 6250, 3802, 10240, 95, 97
2026/07/30 23:12:12.125, 0, NVIDIA GeForce RTX 3080, 6250, 3802, 10240, 95, 97
2026/07/30 23:12:12.236, 0, NVIDIA GeForce RTX 3080, 6250, 3802, 10240, 96, 98
2026/07/30 23:12:12.348, 0, NVIDIA GeForce RTX 3080, 6250, 3802, 10240, 96, 98
2026/07/30 23:12:12.460, 0, NVIDIA GeForce RTX 3080, 6250, 3802, 10240, 96, 98
2026/07/30 23:12:12.570, 0, NVIDIA GeForce RTX 3080, 6250, 3802, 10240, 96, 98
2026/07/30 23:12:12.681, 0, NVIDIA GeForce RTX 3080, 6250, 3802, 10240, 96, 98
2026/07/30 23:12:12.793, 0, NVIDIA GeForce RTX 3080, 6250, 3802, 10240, 97, 98
2026/07/30 23:12:12.905, 0, NVIDIA GeForce RTX 3080, 6250, 3802, 10240, 97, 98
2026/07/30 23:12:13.017, 0, NVIDIA GeForce RTX 3080, 6250, 3802, 10240, 97, 98
2026/07/30 23:12:13.129, 0, NVIDIA GeForce RTX 3080, 6250, 3802, 10240, 97, 98
2026/07/30 23:12:13.241, 0, NVIDIA GeForce RTX 3080, 6250, 3802, 10240, 97, 98
2026/07/30 23:12:13.353, 0, NVIDIA GeForce RTX 3080, 6250, 3802, 10240, 97, 98
2026/07/30 23:12:13.465, 0, NVIDIA GeForce RTX 3080, 6250, 3802, 10240, 97, 98
2026/07/30 23:12:13.577, 0, NVIDIA GeForce RTX 3080, 6250, 3802, 10240, 97, 98
2026/07/30 23:12:13.689, 0, NVIDIA GeForce RTX 3080, 6250, 3802, 10240, 97, 98
2026/07/30 23:12:13.800, 0, NVIDIA GeForce RTX 3080, 6250, 3802, 10240, 97, 97
2026/07/30 23:12:13.912, 0, NVIDIA GeForce RTX 3080, 6250, 3802, 10240, 97, 97
2026/07/30 23:12:14.022, 0, NVIDIA GeForce RTX 3080, 6250, 3802, 10240, 97, 97
2026/07/30 23:12:14.133, 0, NVIDIA GeForce RTX 3080, 6250, 3802, 10240, 97, 97
2026/07/30 23:12:14.245, 0, NVIDIA GeForce RTX 3080, 6250, 3802, 10240, 97, 98
2026/07/30 23:12:14.356, 0, NVIDIA GeForce RTX 3080, 6250, 3802, 10240, 97, 98
2026/07/30 23:12:14.466, 0, NVIDIA GeForce RTX 3080, 6250, 3802, 10240, 97, 98
2026/07/30 23:12:14.578, 0, NVIDIA GeForce RTX 3080, 6250, 3802, 10240, 97, 98
2026/07/30 23:12:14.689, 0, NVIDIA GeForce RTX 3080, 6250, 3802, 10240, 97, 98
2026/07/30 23:12:14.801, 0, NVIDIA GeForce RTX 3080, 6250, 3802, 10240, 94, 96
2026/07/30 23:12:14.912, 0, NVIDIA GeForce RTX 3080, 6250, 3802, 10240, 94, 96
2026/07/30 23:12:15.024, 0, NVIDIA GeForce RTX 3080, 6250, 3802, 10240, 94, 96
2026/07/30 23:12:15.137, 0, NVIDIA GeForce RTX 3080, 6250, 3802, 10240, 94, 96
2026/07/30 23:12:15.249, 0, NVIDIA GeForce RTX 3080, 6250, 3802, 10240, 95, 98
2026/07/30 23:12:15.361, 0, NVIDIA GeForce RTX 3080, 6250, 3802, 10240, 95, 98
2026/07/30 23:12:15.473, 0, NVIDIA GeForce RTX 3080, 6250, 3802, 10240, 95, 98
2026/07/30 23:12:15.585, 0, NVIDIA GeForce RTX 3080, 6250, 3802, 10240, 95, 98
2026/07/30 23:12:15.697, 0, NVIDIA GeForce RTX 3080, 6250, 3802, 10240, 95, 98
2026/07/30 23:12:15.809, 0, NVIDIA GeForce RTX 3080, 6250, 3802, 10240, 95, 98
2026/07/30 23:12:15.921, 0, NVIDIA GeForce RTX 3080, 6250, 3802, 10240, 95, 98
2026/07/30 23:12:16.032, 0, NVIDIA GeForce RTX 3080, 6250, 3802, 10240, 95, 98
2026/07/30 23:12:16.144, 0, NVIDIA GeForce RTX 3080, 6250, 3802, 10240, 95, 98
2026/07/30 23:12:16.256, 0, NVIDIA GeForce RTX 3080, 6250, 3802, 10240, 96, 98
2026/07/30 23:12:16.367, 0, NVIDIA GeForce RTX 3080, 6250, 3802, 10240, 96, 98
2026/07/30 23:12:16.479, 0, NVIDIA GeForce RTX 3080, 6250, 3802, 10240, 96, 98
2026/07/30 23:12:16.591, 0, NVIDIA GeForce RTX 3080, 6250, 3802, 10240, 96, 98
2026/07/30 23:12:16.703, 0, NVIDIA GeForce RTX 3080, 6250, 3802, 10240, 96, 98
2026/07/30 23:12:16.815, 0, NVIDIA GeForce RTX 3080, 6250, 3802, 10240, 96, 98
2026/07/30 23:12:16.927, 0, NVIDIA GeForce RTX 3080, 6250, 3802, 10240, 96, 98
2026/07/30 23:12:17.038, 0, NVIDIA GeForce RTX 3080, 6250, 3802, 10240, 96, 98
2026/07/30 23:12:17.150, 0, NVIDIA GeForce RTX 3080, 6250, 3802, 10240, 96, 98
2026/07/30 23:12:17.262, 0, NVIDIA GeForce RTX 3080, 6250, 3802, 10240, 97, 98
2026/07/30 23:12:17.374, 0, NVIDIA GeForce RTX 3080, 6250, 3802, 10240, 97, 98
2026/07/30 23:12:17.486, 0, NVIDIA GeForce RTX 3080, 6250, 3802, 10240, 97, 98
2026/07/30 23:12:17.597, 0, NVIDIA GeForce RTX 3080, 6250, 3802, 10240, 97, 98
2026/07/30 23:12:17.709, 0, NVIDIA GeForce RTX 3080, 6250, 3802, 10240, 97, 98
2026/07/30 23:12:17.821, 0, NVIDIA GeForce RTX 3080, 6250, 3802, 10240, 97, 98
2026/07/30 23:12:17.932, 0, NVIDIA GeForce RTX 3080, 6250, 3802, 10240, 97, 98
2026/07/30 23:12:18.044, 0, NVIDIA GeForce RTX 3080, 6250, 3802, 10240, 97, 98
2026/07/30 23:12:18.155, 0, NVIDIA GeForce RTX 3080, 6250, 3802, 10240, 97, 98
2026/07/30 23:12:18.268, 0, NVIDIA GeForce RTX 3080, 6250, 3802, 10240, 97, 98
2026/07/30 23:12:18.380, 0, NVIDIA GeForce RTX 3080, 6250, 3802, 10240, 97, 98
2026/07/30 23:12:18.491, 0, NVIDIA GeForce RTX 3080, 6250, 3802, 10240, 97, 98
2026/07/30 23:12:18.603, 0, NVIDIA GeForce RTX 3080, 6250, 3802, 10240, 97, 98
2026/07/30 23:12:18.715, 0, NVIDIA GeForce RTX 3080, 6250, 3802, 10240, 95, 96
2026/07/30 23:12:18.827, 0, NVIDIA GeForce RTX 3080, 6250, 3802, 10240, 95, 96
2026/07/30 23:12:18.939, 0, NVIDIA GeForce RTX 3080, 6250, 3802, 10240, 95, 96
2026/07/30 23:12:19.051, 0, NVIDIA GeForce RTX 3080, 6250, 3802, 10240, 95, 96
2026/07/30 23:12:19.163, 0, NVIDIA GeForce RTX 3080, 6250, 3802, 10240, 95, 96
2026/07/30 23:12:19.275, 0, NVIDIA GeForce RTX 3080, 6250, 3802, 10240, 98, 97
2026/07/30 23:12:19.386, 0, NVIDIA GeForce RTX 3080, 6250, 3802, 10240, 98, 97
2026/07/30 23:12:19.498, 0, NVIDIA GeForce RTX 3080, 6250, 3802, 10240, 98, 97
2026/07/30 23:12:19.610, 0, NVIDIA GeForce RTX 3080, 6250, 3802, 10240, 98, 97
2026/07/30 23:12:19.722, 0, NVIDIA GeForce RTX 3080, 6250, 3802, 10240, 98, 98
2026/07/30 23:12:19.834, 0, NVIDIA GeForce RTX 3080, 6250, 3802, 10240, 98, 98
2026/07/30 23:12:19.946, 0, NVIDIA GeForce RTX 3080, 6250, 3802, 10240, 98, 98
2026/07/30 23:12:20.058, 0, NVIDIA GeForce RTX 3080, 6250, 3802, 10240, 98, 98
2026/07/30 23:12:20.170, 0, NVIDIA GeForce RTX 3080, 6250, 3802, 10240, 98, 98
2026/07/30 23:12:20.282, 0, NVIDIA GeForce RTX 3080, 6250, 3802, 10240, 96, 96
2026/07/30 23:12:20.394, 0, NVIDIA GeForce RTX 3080, 6250, 3802, 10240, 96, 96
2026/07/30 23:12:20.504, 0, NVIDIA GeForce RTX 3080, 6250, 3802, 10240, 96, 96
2026/07/30 23:12:20.614, 0, NVIDIA GeForce RTX 3080, 6250, 3802, 10240, 96, 96
2026/07/30 23:12:20.723, 0, NVIDIA GeForce RTX 3080, 6250, 3802, 10240, 94, 97
2026/07/30 23:12:20.832, 0, NVIDIA GeForce RTX 3080, 6250, 3802, 10240, 94, 97
2026/07/30 23:12:20.941, 0, NVIDIA GeForce RTX 3080, 6250, 3802, 10240, 94, 97
2026/07/30 23:12:21.051, 0, NVIDIA GeForce RTX 3080, 6250, 3802, 10240, 94, 97
2026/07/30 23:12:21.161, 0, NVIDIA GeForce RTX 3080, 6250, 3802, 10240, 94, 97
2026/07/30 23:12:21.273, 0, NVIDIA GeForce RTX 3080, 6250, 3802, 10240, 95, 98
2026/07/30 23:12:21.385, 0, NVIDIA GeForce RTX 3080, 6250, 3802, 10240, 95, 98
2026/07/30 23:12:21.497, 0, NVIDIA GeForce RTX 3080, 6250, 3802, 10240, 95, 98
2026/07/30 23:12:21.608, 0, NVIDIA GeForce RTX 3080, 6250, 3802, 10240, 95, 98
2026/07/30 23:12:21.720, 0, NVIDIA GeForce RTX 3080, 6250, 3802, 10240, 96, 98
2026/07/30 23:12:21.832, 0, NVIDIA GeForce RTX 3080, 6250, 3802, 10240, 96, 98
2026/07/30 23:12:21.943, 0, NVIDIA GeForce RTX 3080, 6250, 3802, 10240, 96, 98
2026/07/30 23:12:22.055, 0, NVIDIA GeForce RTX 3080, 6250, 3802, 10240, 96, 98
2026/07/30 23:12:22.167, 0, NVIDIA GeForce RTX 3080, 6250, 3802, 10240, 96, 98
2026/07/30 23:12:22.279, 0, NVIDIA GeForce RTX 3080, 6250, 3802, 10240, 96, 98
2026/07/30 23:12:22.391, 0, NVIDIA GeForce RTX 3080, 6250, 3802, 10240, 96, 98
2026/07/30 23:12:22.501, 0, NVIDIA GeForce RTX 3080, 6250, 3802, 10240, 96, 98
2026/07/30 23:12:22.611, 0, NVIDIA GeForce RTX 3080, 6250, 3802, 10240, 96, 98
2026/07/30 23:12:22.721, 0, NVIDIA GeForce RTX 3080, 6250, 3802, 10240, 97, 98
2026/07/30 23:12:22.829, 0, NVIDIA GeForce RTX 3080, 6250, 3802, 10240, 97, 98
2026/07/30 23:12:22.942, 0, NVIDIA GeForce RTX 3080, 6250, 3802, 10240, 97, 98
2026/07/30 23:12:23.054, 0, NVIDIA GeForce RTX 3080, 6250, 3802, 10240, 97, 98
2026/07/30 23:12:23.166, 0, NVIDIA GeForce RTX 3080, 6250, 3802, 10240, 97, 98
2026/07/30 23:12:23.277, 0, NVIDIA GeForce RTX 3080, 6250, 3802, 10240, 97, 98
2026/07/30 23:12:23.389, 0, NVIDIA GeForce RTX 3080, 6250, 3802, 10240, 97, 98
2026/07/30 23:12:23.501, 0, NVIDIA GeForce RTX 3080, 6250, 3802, 10240, 97, 98
2026/07/30 23:12:23.613, 0, NVIDIA GeForce RTX 3080, 6250, 3802, 10240, 97, 98
2026/07/30 23:12:23.724, 0, NVIDIA GeForce RTX 3080, 6250, 3802, 10240, 97, 98
2026/07/30 23:12:23.836, 0, NVIDIA GeForce RTX 3080, 6250, 3802, 10240, 97, 98
2026/07/30 23:12:23.947, 0, NVIDIA GeForce RTX 3080, 6250, 3802, 10240, 97, 98
2026/07/30 23:12:24.058, 0, NVIDIA GeForce RTX 3080, 6250, 3802, 10240, 97, 98
2026/07/30 23:12:24.169, 0, NVIDIA GeForce RTX 3080, 6250, 3802, 10240, 97, 98
2026/07/30 23:12:24.281, 0, NVIDIA GeForce RTX 3080, 6250, 3802, 10240, 97, 98
2026/07/30 23:12:24.393, 0, NVIDIA GeForce RTX 3080, 6250, 3802, 10240, 97, 98
2026/07/30 23:12:24.505, 0, NVIDIA GeForce RTX 3080, 6250, 3802, 10240, 97, 98
2026/07/30 23:12:24.617, 0, NVIDIA GeForce RTX 3080, 6250, 3802, 10240, 97, 98
2026/07/30 23:12:24.729, 0, NVIDIA GeForce RTX 3080, 6250, 3802, 10240, 96, 98
2026/07/30 23:12:24.841, 0, NVIDIA GeForce RTX 3080, 6250, 3802, 10240, 96, 98
2026/07/30 23:12:24.953, 0, NVIDIA GeForce RTX 3080, 6250, 3802, 10240, 96, 98
2026/07/30 23:12:25.065, 0, NVIDIA GeForce RTX 3080, 6250, 3802, 10240, 96, 98
2026/07/30 23:12:25.177, 0, NVIDIA GeForce RTX 3080, 6250, 3802, 10240, 96, 98
2026/07/30 23:12:25.289, 0, NVIDIA GeForce RTX 3080, 6250, 3802, 10240, 96, 98
2026/07/30 23:12:25.401, 0, NVIDIA GeForce RTX 3080, 6250, 3802, 10240, 96, 98
2026/07/30 23:12:25.513, 0, NVIDIA GeForce RTX 3080, 6250, 3802, 10240, 96, 98
2026/07/30 23:12:25.624, 0, NVIDIA GeForce RTX 3080, 6250, 3802, 10240, 96, 98
2026/07/30 23:12:25.733, 0, NVIDIA GeForce RTX 3080, 6250, 3802, 10240, 96, 98
2026/07/30 23:12:25.845, 0, NVIDIA GeForce RTX 3080, 6250, 3802, 10240, 96, 98
2026/07/30 23:12:25.957, 0, NVIDIA GeForce RTX 3080, 6250, 3802, 10240, 96, 98
2026/07/30 23:12:26.068, 0, NVIDIA GeForce RTX 3080, 6250, 3802, 10240, 96, 98
2026/07/30 23:12:26.181, 0, NVIDIA GeForce RTX 3080, 6250, 3802, 10240, 96, 98
2026/07/30 23:12:26.293, 0, NVIDIA GeForce RTX 3080, 6250, 3802, 10240, 95, 98
2026/07/30 23:12:26.404, 0, NVIDIA GeForce RTX 3080, 6250, 3802, 10240, 95, 98
2026/07/30 23:12:26.516, 0, NVIDIA GeForce RTX 3080, 6250, 3802, 10240, 95, 98
2026/07/30 23:12:26.628, 0, NVIDIA GeForce RTX 3080, 6250, 3802, 10240, 95, 98
2026/07/30 23:12:26.740, 0, NVIDIA GeForce RTX 3080, 6250, 3802, 10240, 97, 98
2026/07/30 23:12:26.852, 0, NVIDIA GeForce RTX 3080, 6250, 3802, 10240, 97, 98
2026/07/30 23:12:26.963, 0, NVIDIA GeForce RTX 3080, 6250, 3802, 10240, 97, 98
2026/07/30 23:12:27.075, 0, NVIDIA GeForce RTX 3080, 6250, 3802, 10240, 97, 98
2026/07/30 23:12:27.187, 0, NVIDIA GeForce RTX 3080, 6250, 3802, 10240, 97, 98
2026/07/30 23:12:27.299, 0, NVIDIA GeForce RTX 3080, 6250, 3802, 10240, 97, 98
2026/07/30 23:12:27.411, 0, NVIDIA GeForce RTX 3080, 6250, 3802, 10240, 97, 98
2026/07/30 23:12:27.521, 0, NVIDIA GeForce RTX 3080, 6250, 3802, 10240, 97, 98
2026/07/30 23:12:27.630, 0, NVIDIA GeForce RTX 3080, 6250, 3802, 10240, 97, 98
2026/07/30 23:12:27.740, 0, NVIDIA GeForce RTX 3080, 6250, 3802, 10240, 95, 96
2026/07/30 23:12:27.851, 0, NVIDIA GeForce RTX 3080, 6250, 3802, 10240, 95, 96
2026/07/30 23:12:27.963, 0, NVIDIA GeForce RTX 3080, 6250, 3802, 10240, 95, 96
2026/07/30 23:12:28.075, 0, NVIDIA GeForce RTX 3080, 6250, 3802, 10240, 95, 96
2026/07/30 23:12:28.185, 0, NVIDIA GeForce RTX 3080, 6250, 3802, 10240, 95, 96
2026/07/30 23:12:28.296, 0, NVIDIA GeForce RTX 3080, 6250, 3802, 10240, 97, 98
2026/07/30 23:12:28.407, 0, NVIDIA GeForce RTX 3080, 6250, 3802, 10240, 97, 98
2026/07/30 23:12:28.518, 0, NVIDIA GeForce RTX 3080, 6250, 3802, 10240, 97, 98
2026/07/30 23:12:28.630, 0, NVIDIA GeForce RTX 3080, 6250, 3802, 10240, 97, 98
2026/07/30 23:12:28.742, 0, NVIDIA GeForce RTX 3080, 6250, 3802, 10240, 92, 94
2026/07/30 23:12:28.854, 0, NVIDIA GeForce RTX 3080, 6250, 3802, 10240, 92, 94
2026/07/30 23:12:28.966, 0, NVIDIA GeForce RTX 3080, 6250, 3802, 10240, 92, 94
2026/07/30 23:12:29.077, 0, NVIDIA GeForce RTX 3080, 6250, 3802, 10240, 92, 94
2026/07/30 23:12:29.189, 0, NVIDIA GeForce RTX 3080, 6250, 3802, 10240, 92, 94
2026/07/30 23:12:29.299, 0, NVIDIA GeForce RTX 3080, 6250, 3802, 10240, 95, 98
2026/07/30 23:12:29.411, 0, NVIDIA GeForce RTX 3080, 6250, 3802, 10240, 95, 98
2026/07/30 23:12:29.523, 0, NVIDIA GeForce RTX 3080, 6250, 3802, 10240, 95, 98
2026/07/30 23:12:29.635, 0, NVIDIA GeForce RTX 3080, 6250, 3802, 10240, 95, 98
2026/07/30 23:12:29.746, 0, NVIDIA GeForce RTX 3080, 6250, 3802, 10240, 95, 98
2026/07/30 23:12:29.858, 0, NVIDIA GeForce RTX 3080, 6250, 3802, 10240, 95, 98
2026/07/30 23:12:29.971, 0, NVIDIA GeForce RTX 3080, 6250, 3802, 10240, 95, 98
2026/07/30 23:12:30.083, 0, NVIDIA GeForce RTX 3080, 6250, 3802, 10240, 95, 98
2026/07/30 23:12:30.195, 0, NVIDIA GeForce RTX 3080, 6250, 3802, 10240, 95, 98
2026/07/30 23:12:30.306, 0, NVIDIA GeForce RTX 3080, 6250, 3802, 10240, 95, 97
2026/07/30 23:12:30.418, 0, NVIDIA GeForce RTX 3080, 6250, 3802, 10240, 95, 97
2026/07/30 23:12:30.530, 0, NVIDIA GeForce RTX 3080, 6250, 3802, 10240, 95, 97
2026/07/30 23:12:30.642, 0, NVIDIA GeForce RTX 3080, 6250, 3802, 10240, 95, 97
2026/07/30 23:12:30.754, 0, NVIDIA GeForce RTX 3080, 6250, 3802, 10240, 95, 98
2026/07/30 23:12:30.866, 0, NVIDIA GeForce RTX 3080, 6250, 3802, 10240, 95, 98
2026/07/30 23:12:30.978, 0, NVIDIA GeForce RTX 3080, 6250, 3802, 10240, 95, 98
2026/07/30 23:12:31.090, 0, NVIDIA GeForce RTX 3080, 6250, 3802, 10240, 95, 98
2026/07/30 23:12:31.202, 0, NVIDIA GeForce RTX 3080, 6250, 3802, 10240, 95, 98
2026/07/30 23:12:31.313, 0, NVIDIA GeForce RTX 3080, 6250, 3802, 10240, 97, 98
2026/07/30 23:12:31.424, 0, NVIDIA GeForce RTX 3080, 6250, 3802, 10240, 97, 98
2026/07/30 23:12:31.536, 0, NVIDIA GeForce RTX 3080, 6250, 3802, 10240, 97, 98
2026/07/30 23:12:31.648, 0, NVIDIA GeForce RTX 3080, 6250, 3802, 10240, 97, 98
2026/07/30 23:12:31.759, 0, NVIDIA GeForce RTX 3080, 6250, 3802, 10240, 97, 98
2026/07/30 23:12:31.871, 0, NVIDIA GeForce RTX 3080, 6250, 3802, 10240, 97, 98
2026/07/30 23:12:31.983, 0, NVIDIA GeForce RTX 3080, 6250, 3802, 10240, 97, 98
2026/07/30 23:12:32.095, 0, NVIDIA GeForce RTX 3080, 6250, 3802, 10240, 97, 98
2026/07/30 23:12:32.206, 0, NVIDIA GeForce RTX 3080, 6250, 3802, 10240, 97, 98
2026/07/30 23:12:32.318, 0, NVIDIA GeForce RTX 3080, 6250, 3802, 10240, 95, 97
2026/07/30 23:12:32.429, 0, NVIDIA GeForce RTX 3080, 6250, 3802, 10240, 95, 97
2026/07/30 23:12:32.539, 0, NVIDIA GeForce RTX 3080, 6250, 3802, 10240, 95, 97
2026/07/30 23:12:32.651, 0, NVIDIA GeForce RTX 3080, 6250, 3802, 10240, 95, 97
2026/07/30 23:12:32.762, 0, NVIDIA GeForce RTX 3080, 6250, 3802, 10240, 95, 96
2026/07/30 23:12:32.873, 0, NVIDIA GeForce RTX 3080, 6250, 3802, 10240, 95, 96
2026/07/30 23:12:32.984, 0, NVIDIA GeForce RTX 3080, 6250, 3802, 10240, 95, 96
2026/07/30 23:12:33.096, 0, NVIDIA GeForce RTX 3080, 6250, 3802, 10240, 95, 96
2026/07/30 23:12:33.208, 0, NVIDIA GeForce RTX 3080, 6250, 3802, 10240, 98, 98
2026/07/30 23:12:33.320, 0, NVIDIA GeForce RTX 3080, 6250, 3802, 10240, 98, 98
2026/07/30 23:12:33.432, 0, NVIDIA GeForce RTX 3080, 6250, 3802, 10240, 98, 98
2026/07/30 23:12:33.545, 0, NVIDIA GeForce RTX 3080, 6250, 3802, 10240, 98, 98
2026/07/30 23:12:33.656, 0, NVIDIA GeForce RTX 3080, 6250, 3802, 10240, 98, 98
2026/07/30 23:12:33.768, 0, NVIDIA GeForce RTX 3080, 6250, 3802, 10240, 98, 97
2026/07/30 23:12:33.878, 0, NVIDIA GeForce RTX 3080, 6250, 3802, 10240, 98, 97
2026/07/30 23:12:33.990, 0, NVIDIA GeForce RTX 3080, 6250, 3802, 10240, 98, 97
2026/07/30 23:12:34.102, 0, NVIDIA GeForce RTX 3080, 6250, 3802, 10240, 98, 97
2026/07/30 23:12:34.214, 0, NVIDIA GeForce RTX 3080, 6250, 3802, 10240, 96, 96
2026/07/30 23:12:34.326, 0, NVIDIA GeForce RTX 3080, 6250, 3802, 10240, 96, 96
2026/07/30 23:12:34.438, 0, NVIDIA GeForce RTX 3080, 6250, 3802, 10240, 96, 96
2026/07/30 23:12:34.550, 0, NVIDIA GeForce RTX 3080, 6250, 3802, 10240, 96, 96
2026/07/30 23:12:34.662, 0, NVIDIA GeForce RTX 3080, 6250, 3802, 10240, 96, 96
2026/07/30 23:12:34.774, 0, NVIDIA GeForce RTX 3080, 6250, 3802, 10240, 95, 98
2026/07/30 23:12:34.886, 0, NVIDIA GeForce RTX 3080, 6250, 3802, 10240, 95, 98
2026/07/30 23:12:34.999, 0, NVIDIA GeForce RTX 3080, 6250, 3802, 10240, 95, 98
2026/07/30 23:12:35.111, 0, NVIDIA GeForce RTX 3080, 6250, 3802, 10240, 95, 98
2026/07/30 23:12:35.223, 0, NVIDIA GeForce RTX 3080, 6250, 3802, 10240, 95, 98
2026/07/30 23:12:35.335, 0, NVIDIA GeForce RTX 3080, 6250, 3802, 10240, 95, 98
2026/07/30 23:12:35.447, 0, NVIDIA GeForce RTX 3080, 6250, 3802, 10240, 95, 98
2026/07/30 23:12:35.557, 0, NVIDIA GeForce RTX 3080, 6250, 3802, 10240, 95, 98
2026/07/30 23:12:35.667, 0, NVIDIA GeForce RTX 3080, 6250, 3802, 10240, 95, 98
2026/07/30 23:12:35.777, 0, NVIDIA GeForce RTX 3080, 6250, 3802, 10240, 96, 98
2026/07/30 23:12:35.886, 0, NVIDIA GeForce RTX 3080, 6250, 3802, 10240, 96, 98
2026/07/30 23:12:35.994, 0, NVIDIA GeForce RTX 3080, 6250, 3802, 10240, 96, 98
2026/07/30 23:12:36.105, 0, NVIDIA GeForce RTX 3080, 6250, 3802, 10240, 96, 98
2026/07/30 23:12:36.217, 0, NVIDIA GeForce RTX 3080, 6250, 3802, 10240, 96, 98
2026/07/30 23:12:36.329, 0, NVIDIA GeForce RTX 3080, 6250, 3802, 10240, 96, 98
2026/07/30 23:12:36.440, 0, NVIDIA GeForce RTX 3080, 6250, 3802, 10240, 96, 98
2026/07/30 23:12:36.551, 0, NVIDIA GeForce RTX 3080, 6250, 3802, 10240, 96, 98
2026/07/30 23:12:36.662, 0, NVIDIA GeForce RTX 3080, 6250, 3802, 10240, 96, 98
2026/07/30 23:12:36.774, 0, NVIDIA GeForce RTX 3080, 6250, 3802, 10240, 97, 98
2026/07/30 23:12:36.886, 0, NVIDIA GeForce RTX 3080, 6250, 3802, 10240, 97, 98
2026/07/30 23:12:36.998, 0, NVIDIA GeForce RTX 3080, 6250, 3802, 10240, 97, 98
2026/07/30 23:12:37.110, 0, NVIDIA GeForce RTX 3080, 6250, 3802, 10240, 97, 98
2026/07/30 23:12:37.222, 0, NVIDIA GeForce RTX 3080, 6250, 3802, 10240, 97, 98
2026/07/30 23:12:37.333, 0, NVIDIA GeForce RTX 3080, 6250, 3802, 10240, 97, 98
2026/07/30 23:12:37.444, 0, NVIDIA GeForce RTX 3080, 6250, 3802, 10240, 97, 98
2026/07/30 23:12:37.556, 0, NVIDIA GeForce RTX 3080, 6250, 3802, 10240, 97, 98
2026/07/30 23:12:37.668, 0, NVIDIA GeForce RTX 3080, 6250, 3802, 10240, 97, 98
2026/07/30 23:12:37.780, 0, NVIDIA GeForce RTX 3080, 6250, 3802, 10240, 97, 98
2026/07/30 23:12:37.892, 0, NVIDIA GeForce RTX 3080, 6250, 3802, 10240, 97, 98
2026/07/30 23:12:38.005, 0, NVIDIA GeForce RTX 3080, 6250, 3802, 10240, 97, 98
2026/07/30 23:12:38.117, 0, NVIDIA GeForce RTX 3080, 6250, 3802, 10240, 97, 98
2026/07/30 23:12:38.229, 0, NVIDIA GeForce RTX 3080, 6250, 3802, 10240, 97, 98
2026/07/30 23:12:38.341, 0, NVIDIA GeForce RTX 3080, 6250, 3802, 10240, 97, 98
2026/07/30 23:12:38.453, 0, NVIDIA GeForce RTX 3080, 6250, 3802, 10240, 97, 98
2026/07/30 23:12:38.565, 0, NVIDIA GeForce RTX 3080, 6250, 3802, 10240, 97, 98
2026/07/30 23:12:38.676, 0, NVIDIA GeForce RTX 3080, 6250, 3802, 10240, 97, 98
2026/07/30 23:12:38.788, 0, NVIDIA GeForce RTX 3080, 6250, 3802, 10240, 95, 97
2026/07/30 23:12:38.899, 0, NVIDIA GeForce RTX 3080, 6250, 3802, 10240, 95, 97
2026/07/30 23:12:39.011, 0, NVIDIA GeForce RTX 3080, 6250, 3802, 10240, 95, 97
2026/07/30 23:12:39.123, 0, NVIDIA GeForce RTX 3080, 6250, 3802, 10240, 95, 97
2026/07/30 23:12:39.235, 0, NVIDIA GeForce RTX 3080, 6250, 3802, 10240, 95, 98
2026/07/30 23:12:39.347, 0, NVIDIA GeForce RTX 3080, 6250, 3802, 10240, 95, 98
2026/07/30 23:12:39.459, 0, NVIDIA GeForce RTX 3080, 6250, 3802, 10240, 95, 98
2026/07/30 23:12:39.571, 0, NVIDIA GeForce RTX 3080, 6250, 3802, 10240, 95, 98
2026/07/30 23:12:39.683, 0, NVIDIA GeForce RTX 3080, 6250, 3802, 10240, 95, 98
2026/07/30 23:12:39.795, 0, NVIDIA GeForce RTX 3080, 6250, 3802, 10240, 95, 97
2026/07/30 23:12:39.905, 0, NVIDIA GeForce RTX 3080, 6250, 3802, 10240, 95, 97
2026/07/30 23:12:40.016, 0, NVIDIA GeForce RTX 3080, 6250, 3802, 10240, 95, 97
2026/07/30 23:12:40.128, 0, NVIDIA GeForce RTX 3080, 6250, 3802, 10240, 95, 97
2026/07/30 23:12:40.240, 0, NVIDIA GeForce RTX 3080, 6250, 3802, 10240, 95, 98
2026/07/30 23:12:40.352, 0, NVIDIA GeForce RTX 3080, 6250, 3802, 10240, 95, 98
2026/07/30 23:12:40.464, 0, NVIDIA GeForce RTX 3080, 6250, 3802, 10240, 95, 98
2026/07/30 23:12:40.573, 0, NVIDIA GeForce RTX 3080, 6250, 3802, 10240, 95, 98
2026/07/30 23:12:40.682, 0, NVIDIA GeForce RTX 3080, 6250, 3802, 10240, 95, 98
2026/07/30 23:12:40.791, 0, NVIDIA GeForce RTX 3080, 6250, 3802, 10240, 97, 98
2026/07/30 23:12:40.901, 0, NVIDIA GeForce RTX 3080, 6250, 3802, 10240, 97, 98
2026/07/30 23:12:41.009, 0, NVIDIA GeForce RTX 3080, 6250, 3802, 10240, 97, 98
2026/07/30 23:12:41.120, 0, NVIDIA GeForce RTX 3080, 6250, 3802, 10240, 97, 98
2026/07/30 23:12:41.230, 0, NVIDIA GeForce RTX 3080, 6250, 3802, 10240, 97, 98
2026/07/30 23:12:41.342, 0, NVIDIA GeForce RTX 3080, 6250, 3802, 10240, 97, 98
2026/07/30 23:12:41.453, 0, NVIDIA GeForce RTX 3080, 6250, 3802, 10240, 97, 98
2026/07/30 23:12:41.564, 0, NVIDIA GeForce RTX 3080, 6250, 3802, 10240, 97, 98
2026/07/30 23:12:41.676, 0, NVIDIA GeForce RTX 3080, 6250, 3802, 10240, 97, 98
2026/07/30 23:12:41.787, 0, NVIDIA GeForce RTX 3080, 6250, 3802, 10240, 96, 97
2026/07/30 23:12:41.899, 0, NVIDIA GeForce RTX 3080, 6250, 3802, 10240, 96, 97
2026/07/30 23:12:42.012, 0, NVIDIA GeForce RTX 3080, 6250, 3802, 10240, 96, 97
2026/07/30 23:12:42.124, 0, NVIDIA GeForce RTX 3080, 6250, 3802, 10240, 96, 97
2026/07/30 23:12:42.236, 0, NVIDIA GeForce RTX 3080, 6250, 3802, 10240, 97, 97
2026/07/30 23:12:42.348, 0, NVIDIA GeForce RTX 3080, 6250, 3802, 10240, 97, 97
2026/07/30 23:12:42.460, 0, NVIDIA GeForce RTX 3080, 6250, 3802, 10240, 97, 97
2026/07/30 23:12:42.568, 0, NVIDIA GeForce RTX 3080, 6250, 3802, 10240, 97, 97
2026/07/30 23:12:42.678, 0, NVIDIA GeForce RTX 3080, 6250, 3802, 10240, 97, 97
2026/07/30 23:12:42.788, 0, NVIDIA GeForce RTX 3080, 6250, 3802, 10240, 93, 96
2026/07/30 23:12:42.899, 0, NVIDIA GeForce RTX 3080, 6250, 3802, 10240, 93, 96
2026/07/30 23:12:43.011, 0, NVIDIA GeForce RTX 3080, 6250, 3802, 10240, 93, 96
2026/07/30 23:12:43.123, 0, NVIDIA GeForce RTX 3080, 6250, 3802, 10240, 93, 96
2026/07/30 23:12:43.235, 0, NVIDIA GeForce RTX 3080, 6250, 3802, 10240, 95, 98
2026/07/30 23:12:43.347, 0, NVIDIA GeForce RTX 3080, 6250, 3802, 10240, 95, 98
2026/07/30 23:12:43.459, 0, NVIDIA GeForce RTX 3080, 6250, 3802, 10240, 95, 98
2026/07/30 23:12:43.571, 0, NVIDIA GeForce RTX 3080, 6250, 3802, 10240, 95, 98
2026/07/30 23:12:43.682, 0, NVIDIA GeForce RTX 3080, 6250, 3802, 10240, 95, 98
2026/07/30 23:12:43.794, 0, NVIDIA GeForce RTX 3080, 6250, 3802, 10240, 95, 98
2026/07/30 23:12:43.906, 0, NVIDIA GeForce RTX 3080, 6250, 3802, 10240, 95, 98
2026/07/30 23:12:44.018, 0, NVIDIA GeForce RTX 3080, 6250, 3802, 10240, 95, 98
2026/07/30 23:12:44.129, 0, NVIDIA GeForce RTX 3080, 6250, 3802, 10240, 95, 98
2026/07/30 23:12:44.241, 0, NVIDIA GeForce RTX 3080, 6250, 3802, 10240, 96, 98
2026/07/30 23:12:44.351, 0, NVIDIA GeForce RTX 3080, 6250, 3802, 10240, 96, 98
2026/07/30 23:12:44.462, 0, NVIDIA GeForce RTX 3080, 6250, 3802, 10240, 96, 98
2026/07/30 23:12:44.574, 0, NVIDIA GeForce RTX 3080, 6250, 3802, 10240, 96, 98
2026/07/30 23:12:44.686, 0, NVIDIA GeForce RTX 3080, 6250, 3802, 10240, 96, 98
2026/07/30 23:12:44.799, 0, NVIDIA GeForce RTX 3080, 6250, 3802, 10240, 96, 98
2026/07/30 23:12:44.911, 0, NVIDIA GeForce RTX 3080, 6250, 3802, 10240, 96, 98
2026/07/30 23:12:45.023, 0, NVIDIA GeForce RTX 3080, 6250, 3802, 10240, 96, 98
2026/07/30 23:12:45.135, 0, NVIDIA GeForce RTX 3080, 6250, 3802, 10240, 96, 98
2026/07/30 23:12:45.247, 0, NVIDIA GeForce RTX 3080, 6250, 3802, 10240, 97, 98
2026/07/30 23:12:45.359, 0, NVIDIA GeForce RTX 3080, 6250, 3802, 10240, 97, 98
2026/07/30 23:12:45.471, 0, NVIDIA GeForce RTX 3080, 6250, 3802, 10240, 97, 98
2026/07/30 23:12:45.583, 0, NVIDIA GeForce RTX 3080, 6250, 3802, 10240, 97, 98
2026/07/30 23:12:45.695, 0, NVIDIA GeForce RTX 3080, 6250, 3802, 10240, 97, 98
2026/07/30 23:12:45.807, 0, NVIDIA GeForce RTX 3080, 6250, 3802, 10240, 96, 97
2026/07/30 23:12:45.919, 0, NVIDIA GeForce RTX 3080, 6250, 3802, 10240, 96, 97
2026/07/30 23:12:46.031, 0, NVIDIA GeForce RTX 3080, 6250, 3802, 10240, 96, 97
2026/07/30 23:12:46.143, 0, NVIDIA GeForce RTX 3080, 6250, 3802, 10240, 96, 97
2026/07/30 23:12:46.255, 0, NVIDIA GeForce RTX 3080, 6250, 3802, 10240, 96, 97
2026/07/30 23:12:46.366, 0, NVIDIA GeForce RTX 3080, 6250, 3802, 10240, 96, 97
2026/07/30 23:12:46.477, 0, NVIDIA GeForce RTX 3080, 6250, 3802, 10240, 96, 97
2026/07/30 23:12:46.589, 0, NVIDIA GeForce RTX 3080, 6250, 3802, 10240, 96, 97
2026/07/30 23:12:46.700, 0, NVIDIA GeForce RTX 3080, 6250, 3802, 10240, 96, 97
2026/07/30 23:12:46.810, 0, NVIDIA GeForce RTX 3080, 6250, 3802, 10240, 96, 96
2026/07/30 23:12:46.922, 0, NVIDIA GeForce RTX 3080, 6250, 3802, 10240, 96, 96
2026/07/30 23:12:47.034, 0, NVIDIA GeForce RTX 3080, 6250, 3802, 10240, 96, 96
2026/07/30 23:12:47.146, 0, NVIDIA GeForce RTX 3080, 6250, 3802, 10240, 96, 96
2026/07/30 23:12:47.258, 0, NVIDIA GeForce RTX 3080, 6250, 3802, 10240, 98, 98
2026/07/30 23:12:47.369, 0, NVIDIA GeForce RTX 3080, 6250, 3802, 10240, 98, 98
2026/07/30 23:12:47.481, 0, NVIDIA GeForce RTX 3080, 6250, 3802, 10240, 98, 98
2026/07/30 23:12:47.590, 0, NVIDIA GeForce RTX 3080, 6250, 3802, 10240, 98, 98
2026/07/30 23:12:47.700, 0, NVIDIA GeForce RTX 3080, 6250, 3802, 10240, 98, 98
2026/07/30 23:12:47.811, 0, NVIDIA GeForce RTX 3080, 6250, 3802, 10240, 98, 97
2026/07/30 23:12:47.921, 0, NVIDIA GeForce RTX 3080, 6250, 3802, 10240, 98, 97
2026/07/30 23:12:48.032, 0, NVIDIA GeForce RTX 3080, 6250, 3802, 10240, 98, 97
2026/07/30 23:12:48.143, 0, NVIDIA GeForce RTX 3080, 6250, 3802, 10240, 98, 97
2026/07/30 23:12:48.253, 0, NVIDIA GeForce RTX 3080, 6250, 3802, 10240, 98, 97
2026/07/30 23:12:48.365, 0, NVIDIA GeForce RTX 3080, 6250, 3802, 10240, 98, 97
2026/07/30 23:12:48.477, 0, NVIDIA GeForce RTX 3080, 6250, 3802, 10240, 98, 97
2026/07/30 23:12:48.587, 0, NVIDIA GeForce RTX 3080, 6250, 3802, 10240, 98, 97
2026/07/30 23:12:48.699, 0, NVIDIA GeForce RTX 3080, 6250, 3802, 10240, 98, 97
2026/07/30 23:12:48.811, 0, NVIDIA GeForce RTX 3080, 6250, 3802, 10240, 95, 98
2026/07/30 23:12:48.922, 0, NVIDIA GeForce RTX 3080, 6250, 3802, 10240, 95, 98
2026/07/30 23:12:49.034, 0, NVIDIA GeForce RTX 3080, 6250, 3802, 10240, 95, 98
2026/07/30 23:12:49.146, 0, NVIDIA GeForce RTX 3080, 6250, 3802, 10240, 95, 98
2026/07/30 23:12:49.258, 0, NVIDIA GeForce RTX 3080, 6250, 3802, 10240, 95, 98
2026/07/30 23:12:49.370, 0, NVIDIA GeForce RTX 3080, 6250, 3802, 10240, 95, 98
2026/07/30 23:12:49.483, 0, NVIDIA GeForce RTX 3080, 6250, 3802, 10240, 95, 98
2026/07/30 23:12:49.595, 0, NVIDIA GeForce RTX 3080, 6250, 3802, 10240, 95, 98
2026/07/30 23:12:49.707, 0, NVIDIA GeForce RTX 3080, 6250, 3802, 10240, 95, 98
2026/07/30 23:12:49.819, 0, NVIDIA GeForce RTX 3080, 6250, 3802, 10240, 95, 98
2026/07/30 23:12:49.931, 0, NVIDIA GeForce RTX 3080, 6250, 3802, 10240, 95, 98
2026/07/30 23:12:50.043, 0, NVIDIA GeForce RTX 3080, 6250, 3802, 10240, 95, 98
2026/07/30 23:12:50.154, 0, NVIDIA GeForce RTX 3080, 6250, 3802, 10240, 95, 98
2026/07/30 23:12:50.265, 0, NVIDIA GeForce RTX 3080, 6250, 3802, 10240, 95, 98
2026/07/30 23:12:50.377, 0, NVIDIA GeForce RTX 3080, 6250, 3802, 10240, 95, 98
2026/07/30 23:12:50.489, 0, NVIDIA GeForce RTX 3080, 6250, 3802, 10240, 95, 98
2026/07/30 23:12:50.601, 0, NVIDIA GeForce RTX 3080, 6250, 3802, 10240, 95, 98
2026/07/30 23:12:50.713, 0, NVIDIA GeForce RTX 3080, 6250, 3802, 10240, 97, 98
2026/07/30 23:12:50.825, 0, NVIDIA GeForce RTX 3080, 6250, 3802, 10240, 97, 98
2026/07/30 23:12:50.937, 0, NVIDIA GeForce RTX 3080, 6250, 3802, 10240, 97, 98
2026/07/30 23:12:51.049, 0, NVIDIA GeForce RTX 3080, 6250, 3802, 10240, 97, 98
2026/07/30 23:12:51.161, 0, NVIDIA GeForce RTX 3080, 6250, 3802, 10240, 97, 98
2026/07/30 23:12:51.273, 0, NVIDIA GeForce RTX 3080, 6250, 3802, 10240, 97, 98
2026/07/30 23:12:51.385, 0, NVIDIA GeForce RTX 3080, 6250, 3802, 10240, 97, 98
2026/07/30 23:12:51.497, 0, NVIDIA GeForce RTX 3080, 6250, 3802, 10240, 97, 98
2026/07/30 23:12:51.609, 0, NVIDIA GeForce RTX 3080, 6250, 3802, 10240, 97, 98
2026/07/30 23:12:51.721, 0, NVIDIA GeForce RTX 3080, 6250, 3802, 10240, 97, 98
2026/07/30 23:12:51.833, 0, NVIDIA GeForce RTX 3080, 6250, 3802, 10240, 97, 98
2026/07/30 23:12:51.944, 0, NVIDIA GeForce RTX 3080, 6250, 3802, 10240, 97, 98
2026/07/30 23:12:52.056, 0, NVIDIA GeForce RTX 3080, 6250, 3802, 10240, 97, 98
2026/07/30 23:12:52.168, 0, NVIDIA GeForce RTX 3080, 6250, 3802, 10240, 97, 98
2026/07/30 23:12:52.280, 0, NVIDIA GeForce RTX 3080, 6250, 3802, 10240, 97, 98
2026/07/30 23:12:52.393, 0, NVIDIA GeForce RTX 3080, 6250, 3802, 10240, 97, 98
2026/07/30 23:12:52.504, 0, NVIDIA GeForce RTX 3080, 6250, 3802, 10240, 97, 98
2026/07/30 23:12:52.616, 0, NVIDIA GeForce RTX 3080, 6250, 3802, 10240, 97, 98
2026/07/30 23:12:52.728, 0, NVIDIA GeForce RTX 3080, 6250, 3802, 10240, 96, 98
2026/07/30 23:12:52.839, 0, NVIDIA GeForce RTX 3080, 6250, 3802, 10240, 96, 98
2026/07/30 23:12:52.949, 0, NVIDIA GeForce RTX 3080, 6250, 3802, 10240, 96, 98
2026/07/30 23:12:53.061, 0, NVIDIA GeForce RTX 3080, 6250, 3802, 10240, 96, 98
2026/07/30 23:12:53.173, 0, NVIDIA GeForce RTX 3080, 6250, 3802, 10240, 96, 98
2026/07/30 23:12:53.285, 0, NVIDIA GeForce RTX 3080, 6250, 3802, 10240, 96, 98
2026/07/30 23:12:53.395, 0, NVIDIA GeForce RTX 3080, 6250, 3802, 10240, 96, 98
2026/07/30 23:12:53.506, 0, NVIDIA GeForce RTX 3080, 6250, 3802, 10240, 96, 98
2026/07/30 23:12:53.615, 0, NVIDIA GeForce RTX 3080, 6250, 3802, 10240, 96, 98
2026/07/30 23:12:53.724, 0, NVIDIA GeForce RTX 3080, 6250, 3802, 10240, 96, 98
2026/07/30 23:12:53.833, 0, NVIDIA GeForce RTX 3080, 6250, 3802, 10240, 96, 98
2026/07/30 23:12:53.942, 0, NVIDIA GeForce RTX 3080, 6250, 3802, 10240, 96, 98
2026/07/30 23:12:54.052, 0, NVIDIA GeForce RTX 3080, 6250, 3802, 10240, 96, 98
2026/07/30 23:12:54.162, 0, NVIDIA GeForce RTX 3080, 6250, 3802, 10240, 96, 98
2026/07/30 23:12:54.271, 0, NVIDIA GeForce RTX 3080, 6250, 3802, 10240, 96, 98
2026/07/30 23:12:54.380, 0, NVIDIA GeForce RTX 3080, 6250, 3802, 10240, 96, 98
2026/07/30 23:12:54.490, 0, NVIDIA GeForce RTX 3080, 6250, 3802, 10240, 96, 98
2026/07/30 23:12:54.602, 0, NVIDIA GeForce RTX 3080, 6250, 3802, 10240, 96, 98
2026/07/30 23:12:54.714, 0, NVIDIA GeForce RTX 3080, 6250, 3802, 10240, 97, 98
2026/07/30 23:12:54.826, 0, NVIDIA GeForce RTX 3080, 6250, 3802, 10240, 97, 98
2026/07/30 23:12:54.938, 0, NVIDIA GeForce RTX 3080, 6250, 3802, 10240, 97, 98
2026/07/30 23:12:55.050, 0, NVIDIA GeForce RTX 3080, 6250, 3802, 10240, 97, 98
2026/07/30 23:12:55.162, 0, NVIDIA GeForce RTX 3080, 6250, 3802, 10240, 97, 98
2026/07/30 23:12:55.274, 0, NVIDIA GeForce RTX 3080, 6250, 3802, 10240, 97, 98
2026/07/30 23:12:55.386, 0, NVIDIA GeForce RTX 3080, 6250, 3802, 10240, 97, 98
2026/07/30 23:12:55.498, 0, NVIDIA GeForce RTX 3080, 6250, 3802, 10240, 97, 98
2026/07/30 23:12:55.608, 0, NVIDIA GeForce RTX 3080, 6250, 3802, 10240, 97, 98
2026/07/30 23:12:55.717, 0, NVIDIA GeForce RTX 3080, 6250, 3802, 10240, 97, 98
2026/07/30 23:12:55.827, 0, NVIDIA GeForce RTX 3080, 6250, 3802, 10240, 97, 98
2026/07/30 23:12:55.936, 0, NVIDIA GeForce RTX 3080, 6250, 3802, 10240, 97, 98
2026/07/30 23:12:56.045, 0, NVIDIA GeForce RTX 3080, 6250, 3802, 10240, 97, 98
2026/07/30 23:12:56.157, 0, NVIDIA GeForce RTX 3080, 6250, 3802, 10240, 97, 98
2026/07/30 23:12:56.269, 0, NVIDIA GeForce RTX 3080, 6250, 3802, 10240, 97, 98
2026/07/30 23:12:56.380, 0, NVIDIA GeForce RTX 3080, 6250, 3802, 10240, 97, 98
2026/07/30 23:12:56.490, 0, NVIDIA GeForce RTX 3080, 6250, 3802, 10240, 97, 98
2026/07/30 23:12:56.601, 0, NVIDIA GeForce RTX 3080, 6250, 3802, 10240, 97, 98
2026/07/30 23:12:56.713, 0, NVIDIA GeForce RTX 3080, 6250, 3802, 10240, 94, 97
2026/07/30 23:12:56.825, 0, NVIDIA GeForce RTX 3080, 6250, 3802, 10240, 94, 97
2026/07/30 23:12:56.937, 0, NVIDIA GeForce RTX 3080, 6250, 3802, 10240, 94, 97
2026/07/30 23:12:57.049, 0, NVIDIA GeForce RTX 3080, 6250, 3802, 10240, 94, 97
2026/07/30 23:12:57.162, 0, NVIDIA GeForce RTX 3080, 6250, 3802, 10240, 94, 97
2026/07/30 23:12:57.274, 0, NVIDIA GeForce RTX 3080, 6250, 3802, 10240, 95, 97
2026/07/30 23:12:57.385, 0, NVIDIA GeForce RTX 3080, 6250, 3802, 10240, 95, 97
2026/07/30 23:12:57.497, 0, NVIDIA GeForce RTX 3080, 6250, 3802, 10240, 95, 97
2026/07/30 23:12:57.608, 0, NVIDIA GeForce RTX 3080, 6250, 3802, 10240, 95, 97
2026/07/30 23:12:57.720, 0, NVIDIA GeForce RTX 3080, 6250, 3802, 10240, 95, 98
2026/07/30 23:12:57.832, 0, NVIDIA GeForce RTX 3080, 6250, 3802, 10240, 95, 98
2026/07/30 23:12:57.944, 0, NVIDIA GeForce RTX 3080, 6250, 3802, 10240, 95, 98
2026/07/30 23:12:58.055, 0, NVIDIA GeForce RTX 3080, 6250, 3802, 10240, 95, 98
2026/07/30 23:12:58.166, 0, NVIDIA GeForce RTX 3080, 6250, 3802, 10240, 95, 98
2026/07/30 23:12:58.278, 0, NVIDIA GeForce RTX 3080, 6250, 3802, 10240, 95, 98
2026/07/30 23:12:58.390, 0, NVIDIA GeForce RTX 3080, 6250, 3802, 10240, 95, 98
2026/07/30 23:12:58.502, 0, NVIDIA GeForce RTX 3080, 6250, 3802, 10240, 95, 98
2026/07/30 23:12:58.613, 0, NVIDIA GeForce RTX 3080, 6250, 3802, 10240, 95, 98
2026/07/30 23:12:58.725, 0, NVIDIA GeForce RTX 3080, 6250, 3802, 10240, 96, 98
2026/07/30 23:12:58.837, 0, NVIDIA GeForce RTX 3080, 6250, 3802, 10240, 96, 98
2026/07/30 23:12:58.949, 0, NVIDIA GeForce RTX 3080, 6250, 3802, 10240, 96, 98
2026/07/30 23:12:59.061, 0, NVIDIA GeForce RTX 3080, 6250, 3802, 10240, 96, 98
2026/07/30 23:12:59.173, 0, NVIDIA GeForce RTX 3080, 6250, 3802, 10240, 96, 98
2026/07/30 23:12:59.285, 0, NVIDIA GeForce RTX 3080, 6250, 3802, 10240, 97, 98
2026/07/30 23:12:59.397, 0, NVIDIA GeForce RTX 3080, 6250, 3802, 10240, 97, 98
2026/07/30 23:12:59.509, 0, NVIDIA GeForce RTX 3080, 6250, 3802, 10240, 97, 98
2026/07/30 23:12:59.621, 0, NVIDIA GeForce RTX 3080, 6250, 3802, 10240, 97, 98
2026/07/30 23:12:59.732, 0, NVIDIA GeForce RTX 3080, 6250, 3802, 10240, 96, 98
2026/07/30 23:12:59.844, 0, NVIDIA GeForce RTX 3080, 6250, 3802, 10240, 96, 98
2026/07/30 23:12:59.956, 0, NVIDIA GeForce RTX 3080, 6250, 3802, 10240, 96, 98
2026/07/30 23:13:00.065, 0, NVIDIA GeForce RTX 3080, 6250, 3802, 10240, 96, 98
2026/07/30 23:13:00.171, 0, NVIDIA GeForce RTX 3080, 6250, 3802, 10240, 96, 98
2026/07/30 23:13:00.282, 0, NVIDIA GeForce RTX 3080, 6250, 3802, 10240, 96, 98
2026/07/30 23:13:00.393, 0, NVIDIA GeForce RTX 3080, 6250, 3802, 10240, 96, 98
2026/07/30 23:13:00.504, 0, NVIDIA GeForce RTX 3080, 6250, 3802, 10240, 96, 98
2026/07/30 23:13:00.612, 0, NVIDIA GeForce RTX 3080, 6250, 3802, 10240, 96, 98
2026/07/30 23:13:00.720, 0, NVIDIA GeForce RTX 3080, 6250, 3802, 10240, 98, 98
2026/07/30 23:13:00.831, 0, NVIDIA GeForce RTX 3080, 6250, 3802, 10240, 98, 98
2026/07/30 23:13:00.939, 0, NVIDIA GeForce RTX 3080, 6250, 3802, 10240, 98, 98
2026/07/30 23:13:01.050, 0, NVIDIA GeForce RTX 3080, 6250, 3802, 10240, 98, 98
2026/07/30 23:13:01.161, 0, NVIDIA GeForce RTX 3080, 6250, 3802, 10240, 98, 98
2026/07/30 23:13:01.272, 0, NVIDIA GeForce RTX 3080, 6250, 3802, 10240, 98, 98
2026/07/30 23:13:01.384, 0, NVIDIA GeForce RTX 3080, 6250, 3802, 10240, 98, 98
2026/07/30 23:13:01.495, 0, NVIDIA GeForce RTX 3080, 6250, 3802, 10240, 98, 98
2026/07/30 23:13:01.606, 0, NVIDIA GeForce RTX 3080, 6250, 3802, 10240, 98, 98
2026/07/30 23:13:01.718, 0, NVIDIA GeForce RTX 3080, 6250, 3802, 10240, 98, 98
2026/07/30 23:13:01.830, 0, NVIDIA GeForce RTX 3080, 6250, 3802, 10240, 98, 98
2026/07/30 23:13:01.942, 0, NVIDIA GeForce RTX 3080, 6250, 3802, 10240, 98, 98
2026/07/30 23:13:02.054, 0, NVIDIA GeForce RTX 3080, 6250, 3802, 10240, 98, 98
2026/07/30 23:13:02.166, 0, NVIDIA GeForce RTX 3080, 6250, 3802, 10240, 98, 98
2026/07/30 23:13:02.278, 0, NVIDIA GeForce RTX 3080, 6250, 3802, 10240, 97, 97
2026/07/30 23:13:02.390, 0, NVIDIA GeForce RTX 3080, 6250, 3802, 10240, 97, 97
2026/07/30 23:13:02.502, 0, NVIDIA GeForce RTX 3080, 6250, 3802, 10240, 97, 97
2026/07/30 23:13:02.611, 0, NVIDIA GeForce RTX 3080, 6250, 3802, 10240, 97, 97
2026/07/30 23:13:02.720, 0, NVIDIA GeForce RTX 3080, 6250, 3802, 10240, 96, 98
2026/07/30 23:13:02.832, 0, NVIDIA GeForce RTX 3080, 6250, 3802, 10240, 96, 98
2026/07/30 23:13:02.944, 0, NVIDIA GeForce RTX 3080, 6250, 3802, 10240, 96, 98
2026/07/30 23:13:03.054, 0, NVIDIA GeForce RTX 3080, 6250, 3802, 10240, 96, 98
2026/07/30 23:13:03.165, 0, NVIDIA GeForce RTX 3080, 6250, 3802, 10240, 96, 98
2026/07/30 23:13:03.277, 0, NVIDIA GeForce RTX 3080, 6250, 3802, 10240, 94, 97
2026/07/30 23:13:03.389, 0, NVIDIA GeForce RTX 3080, 6250, 3802, 10240, 94, 97
2026/07/30 23:13:03.501, 0, NVIDIA GeForce RTX 3080, 6250, 3802, 10240, 94, 97
2026/07/30 23:13:03.613, 0, NVIDIA GeForce RTX 3080, 6250, 3802, 10240, 94, 97
2026/07/30 23:13:03.724, 0, NVIDIA GeForce RTX 3080, 6250, 3802, 10240, 95, 98
2026/07/30 23:13:03.836, 0, NVIDIA GeForce RTX 3080, 6250, 3802, 10240, 95, 98
2026/07/30 23:13:03.948, 0, NVIDIA GeForce RTX 3080, 6250, 3802, 10240, 95, 98
2026/07/30 23:13:04.059, 0, NVIDIA GeForce RTX 3080, 6250, 3802, 10240, 95, 98
2026/07/30 23:13:04.169, 0, NVIDIA GeForce RTX 3080, 6250, 3802, 10240, 95, 98
2026/07/30 23:13:04.281, 0, NVIDIA GeForce RTX 3080, 6250, 3802, 10240, 95, 98
2026/07/30 23:13:04.392, 0, NVIDIA GeForce RTX 3080, 6250, 3802, 10240, 95, 98
2026/07/30 23:13:04.503, 0, NVIDIA GeForce RTX 3080, 6250, 3802, 10240, 95, 98
2026/07/30 23:13:04.615, 0, NVIDIA GeForce RTX 3080, 6250, 3802, 10240, 95, 98
2026/07/30 23:13:04.727, 0, NVIDIA GeForce RTX 3080, 6250, 3802, 10240, 97, 98
2026/07/30 23:13:04.838, 0, NVIDIA GeForce RTX 3080, 6250, 3802, 10240, 97, 98
2026/07/30 23:13:04.950, 0, NVIDIA GeForce RTX 3080, 6250, 3802, 10240, 97, 98
2026/07/30 23:13:05.062, 0, NVIDIA GeForce RTX 3080, 6250, 3802, 10240, 97, 98
2026/07/30 23:13:05.174, 0, NVIDIA GeForce RTX 3080, 6250, 3802, 10240, 97, 98
2026/07/30 23:13:05.286, 0, NVIDIA GeForce RTX 3080, 6250, 3802, 10240, 97, 98
2026/07/30 23:13:05.399, 0, NVIDIA GeForce RTX 3080, 6250, 3802, 10240, 97, 98
2026/07/30 23:13:05.510, 0, NVIDIA GeForce RTX 3080, 6250, 3802, 10240, 97, 98
2026/07/30 23:13:05.622, 0, NVIDIA GeForce RTX 3080, 6250, 3802, 10240, 97, 98
2026/07/30 23:13:05.734, 0, NVIDIA GeForce RTX 3080, 6250, 3802, 10240, 97, 98
2026/07/30 23:13:05.846, 0, NVIDIA GeForce RTX 3080, 6250, 3802, 10240, 97, 98
2026/07/30 23:13:05.958, 0, NVIDIA GeForce RTX 3080, 6250, 3802, 10240, 97, 98
2026/07/30 23:13:06.070, 0, NVIDIA GeForce RTX 3080, 6250, 3802, 10240, 97, 98
2026/07/30 23:13:06.181, 0, NVIDIA GeForce RTX 3080, 6250, 3802, 10240, 97, 98
2026/07/30 23:13:06.293, 0, NVIDIA GeForce RTX 3080, 6250, 3802, 10240, 97, 98
2026/07/30 23:13:06.405, 0, NVIDIA GeForce RTX 3080, 6250, 3802, 10240, 97, 98
2026/07/30 23:13:06.517, 0, NVIDIA GeForce RTX 3080, 6250, 3802, 10240, 97, 98
2026/07/30 23:13:06.629, 0, NVIDIA GeForce RTX 3080, 6250, 3802, 10240, 97, 98
2026/07/30 23:13:06.741, 0, NVIDIA GeForce RTX 3080, 6250, 3802, 10240, 96, 98
2026/07/30 23:13:06.852, 0, NVIDIA GeForce RTX 3080, 6250, 3802, 10240, 96, 98
2026/07/30 23:13:06.963, 0, NVIDIA GeForce RTX 3080, 6250, 3802, 10240, 96, 98
2026/07/30 23:13:07.075, 0, NVIDIA GeForce RTX 3080, 6250, 3802, 10240, 96, 98
2026/07/30 23:13:07.187, 0, NVIDIA GeForce RTX 3080, 6250, 3802, 10240, 96, 98
2026/07/30 23:13:07.299, 0, NVIDIA GeForce RTX 3080, 6250, 3802, 10240, 95, 98
2026/07/30 23:13:07.411, 0, NVIDIA GeForce RTX 3080, 6250, 3802, 10240, 95, 98
2026/07/30 23:13:07.522, 0, NVIDIA GeForce RTX 3080, 6250, 3802, 10240, 95, 98
2026/07/30 23:13:07.632, 0, NVIDIA GeForce RTX 3080, 6250, 3802, 10240, 95, 98
2026/07/30 23:13:07.743, 0, NVIDIA GeForce RTX 3080, 6250, 3802, 10240, 96, 98
2026/07/30 23:13:07.854, 0, NVIDIA GeForce RTX 3080, 6250, 3802, 10240, 96, 98
2026/07/30 23:13:07.966, 0, NVIDIA GeForce RTX 3080, 6250, 3802, 10240, 96, 98
2026/07/30 23:13:08.077, 0, NVIDIA GeForce RTX 3080, 6250, 3802, 10240, 96, 98
2026/07/30 23:13:08.189, 0, NVIDIA GeForce RTX 3080, 6250, 3802, 10240, 96, 98
2026/07/30 23:13:08.300, 0, NVIDIA GeForce RTX 3080, 6250, 3802, 10240, 94, 96
2026/07/30 23:13:08.411, 0, NVIDIA GeForce RTX 3080, 6250, 3802, 10240, 94, 96
2026/07/30 23:13:08.521, 0, NVIDIA GeForce RTX 3080, 6250, 3802, 10240, 94, 96
2026/07/30 23:13:08.633, 0, NVIDIA GeForce RTX 3080, 6250, 3802, 10240, 94, 96
2026/07/30 23:13:08.745, 0, NVIDIA GeForce RTX 3080, 6250, 3802, 10240, 97, 98
2026/07/30 23:13:08.856, 0, NVIDIA GeForce RTX 3080, 6250, 3802, 10240, 97, 98
2026/07/30 23:13:08.968, 0, NVIDIA GeForce RTX 3080, 6250, 3802, 10240, 97, 98
2026/07/30 23:13:09.080, 0, NVIDIA GeForce RTX 3080, 6250, 3802, 10240, 97, 98
2026/07/30 23:13:09.192, 0, NVIDIA GeForce RTX 3080, 6250, 3802, 10240, 97, 98
2026/07/30 23:13:09.304, 0, NVIDIA GeForce RTX 3080, 6250, 3802, 10240, 95, 96
2026/07/30 23:13:09.416, 0, NVIDIA GeForce RTX 3080, 6250, 3802, 10240, 95, 96
2026/07/30 23:13:09.528, 0, NVIDIA GeForce RTX 3080, 6250, 3802, 10240, 95, 96
2026/07/30 23:13:09.640, 0, NVIDIA GeForce RTX 3080, 6250, 3802, 10240, 95, 96
2026/07/30 23:13:09.752, 0, NVIDIA GeForce RTX 3080, 6250, 3802, 10240, 97, 98
2026/07/30 23:13:09.863, 0, NVIDIA GeForce RTX 3080, 6250, 3802, 10240, 97, 98
2026/07/30 23:13:09.975, 0, NVIDIA GeForce RTX 3080, 6250, 3802, 10240, 97, 98
2026/07/30 23:13:10.087, 0, NVIDIA GeForce RTX 3080, 6250, 3802, 10240, 97, 98
2026/07/30 23:13:10.199, 0, NVIDIA GeForce RTX 3080, 6250, 3802, 10240, 97, 98
2026/07/30 23:13:10.311, 0, NVIDIA GeForce RTX 3080, 6250, 3802, 10240, 97, 98
2026/07/30 23:13:10.423, 0, NVIDIA GeForce RTX 3080, 6250, 3802, 10240, 97, 98
2026/07/30 23:13:10.535, 0, NVIDIA GeForce RTX 3080, 6250, 3802, 10240, 97, 98
2026/07/30 23:13:10.646, 0, NVIDIA GeForce RTX 3080, 6250, 3802, 10240, 97, 98
2026/07/30 23:13:10.758, 0, NVIDIA GeForce RTX 3080, 6250, 3802, 10240, 95, 98
2026/07/30 23:13:10.870, 0, NVIDIA GeForce RTX 3080, 6250, 3802, 10240, 95, 98
2026/07/30 23:13:10.981, 0, NVIDIA GeForce RTX 3080, 6250, 3802, 10240, 95, 98
2026/07/30 23:13:11.093, 0, NVIDIA GeForce RTX 3080, 6250, 3802, 10240, 95, 98
2026/07/30 23:13:11.205, 0, NVIDIA GeForce RTX 3080, 6250, 3802, 10240, 95, 98
2026/07/30 23:13:11.316, 0, NVIDIA GeForce RTX 3080, 6250, 3802, 10240, 95, 98
2026/07/30 23:13:11.428, 0, NVIDIA GeForce RTX 3080, 6250, 3802, 10240, 95, 98
2026/07/30 23:13:11.540, 0, NVIDIA GeForce RTX 3080, 6250, 3802, 10240, 95, 98
2026/07/30 23:13:11.652, 0, NVIDIA GeForce RTX 3080, 6250, 3802, 10240, 95, 98
2026/07/30 23:13:11.762, 0, NVIDIA GeForce RTX 3080, 6250, 3802, 10240, 95, 98
2026/07/30 23:13:11.873, 0, NVIDIA GeForce RTX 3080, 6250, 3802, 10240, 95, 98
2026/07/30 23:13:11.985, 0, NVIDIA GeForce RTX 3080, 6250, 3802, 10240, 95, 98
2026/07/30 23:13:12.097, 0, NVIDIA GeForce RTX 3080, 6250, 3802, 10240, 95, 98
2026/07/30 23:13:12.209, 0, NVIDIA GeForce RTX 3080, 6250, 3802, 10240, 95, 98
2026/07/30 23:13:12.321, 0, NVIDIA GeForce RTX 3080, 6250, 3802, 10240, 95, 98
2026/07/30 23:13:12.433, 0, NVIDIA GeForce RTX 3080, 6250, 3802, 10240, 95, 98
2026/07/30 23:13:12.546, 0, NVIDIA GeForce RTX 3080, 6250, 3802, 10240, 95, 98
2026/07/30 23:13:12.658, 0, NVIDIA GeForce RTX 3080, 6250, 3802, 10240, 95, 98
2026/07/30 23:13:12.770, 0, NVIDIA GeForce RTX 3080, 6250, 3802, 10240, 95, 98
2026/07/30 23:13:12.881, 0, NVIDIA GeForce RTX 3080, 6250, 3802, 10240, 95, 98
2026/07/30 23:13:12.993, 0, NVIDIA GeForce RTX 3080, 6250, 3802, 10240, 95, 98
2026/07/30 23:13:13.105, 0, NVIDIA GeForce RTX 3080, 6250, 3802, 10240, 95, 98
2026/07/30 23:13:13.217, 0, NVIDIA GeForce RTX 3080, 6250, 3802, 10240, 97, 98
2026/07/30 23:13:13.329, 0, NVIDIA GeForce RTX 3080, 6250, 3802, 10240, 97, 98
2026/07/30 23:13:13.441, 0, NVIDIA GeForce RTX 3080, 6250, 3802, 10240, 97, 98
2026/07/30 23:13:13.552, 0, NVIDIA GeForce RTX 3080, 6250, 3802, 10240, 97, 98
2026/07/30 23:13:13.660, 0, NVIDIA GeForce RTX 3080, 6250, 3802, 10240, 97, 98
2026/07/30 23:13:13.768, 0, NVIDIA GeForce RTX 3080, 6250, 3802, 10240, 97, 98
2026/07/30 23:13:13.878, 0, NVIDIA GeForce RTX 3080, 6250, 3802, 10240, 97, 98
2026/07/30 23:13:13.987, 0, NVIDIA GeForce RTX 3080, 6250, 3802, 10240, 97, 98
2026/07/30 23:13:14.096, 0, NVIDIA GeForce RTX 3080, 6250, 3802, 10240, 97, 98
2026/07/30 23:13:14.206, 0, NVIDIA GeForce RTX 3080, 6250, 3802, 10240, 97, 98
2026/07/30 23:13:14.315, 0, NVIDIA GeForce RTX 3080, 6250, 3802, 10240, 97, 98
2026/07/30 23:13:14.427, 0, NVIDIA GeForce RTX 3080, 6250, 3802, 10240, 97, 98
2026/07/30 23:13:14.538, 0, NVIDIA GeForce RTX 3080, 6250, 3802, 10240, 97, 98
2026/07/30 23:13:14.649, 0, NVIDIA GeForce RTX 3080, 6250, 3802, 10240, 97, 98
2026/07/30 23:13:14.761, 0, NVIDIA GeForce RTX 3080, 6250, 3802, 10240, 98, 98
2026/07/30 23:13:14.872, 0, NVIDIA GeForce RTX 3080, 6250, 3802, 10240, 98, 98
2026/07/30 23:13:14.984, 0, NVIDIA GeForce RTX 3080, 6250, 3802, 10240, 98, 98
2026/07/30 23:13:15.095, 0, NVIDIA GeForce RTX 3080, 6250, 3802, 10240, 98, 98
2026/07/30 23:13:15.205, 0, NVIDIA GeForce RTX 3080, 6250, 3802, 10240, 98, 98
2026/07/30 23:13:15.318, 0, NVIDIA GeForce RTX 3080, 6250, 3802, 10240, 98, 98
2026/07/30 23:13:15.430, 0, NVIDIA GeForce RTX 3080, 6250, 3802, 10240, 98, 98
2026/07/30 23:13:15.542, 0, NVIDIA GeForce RTX 3080, 6250, 3802, 10240, 98, 98
2026/07/30 23:13:15.652, 0, NVIDIA GeForce RTX 3080, 6250, 3802, 10240, 98, 98
2026/07/30 23:13:15.762, 0, NVIDIA GeForce RTX 3080, 6250, 3802, 10240, 97, 97
2026/07/30 23:13:15.871, 0, NVIDIA GeForce RTX 3080, 6250, 3802, 10240, 97, 97
2026/07/30 23:13:15.981, 0, NVIDIA GeForce RTX 3080, 6250, 3802, 10240, 97, 97
2026/07/30 23:13:16.092, 0, NVIDIA GeForce RTX 3080, 6250, 3802, 10240, 97, 97
2026/07/30 23:13:16.204, 0, NVIDIA GeForce RTX 3080, 6250, 3802, 10240, 97, 97
2026/07/30 23:13:16.316, 0, NVIDIA GeForce RTX 3080, 6250, 3802, 10240, 98, 98
2026/07/30 23:13:16.428, 0, NVIDIA GeForce RTX 3080, 6250, 3802, 10240, 98, 98
2026/07/30 23:13:16.540, 0, NVIDIA GeForce RTX 3080, 6250, 3802, 10240, 98, 98
2026/07/30 23:13:16.652, 0, NVIDIA GeForce RTX 3080, 6250, 3802, 10240, 98, 98
2026/07/30 23:13:16.764, 0, NVIDIA GeForce RTX 3080, 6250, 3802, 10240, 95, 98
2026/07/30 23:13:16.876, 0, NVIDIA GeForce RTX 3080, 6250, 3802, 10240, 95, 98
2026/07/30 23:13:16.988, 0, NVIDIA GeForce RTX 3080, 6250, 3802, 10240, 95, 98
2026/07/30 23:13:17.101, 0, NVIDIA GeForce RTX 3080, 6250, 3802, 10240, 95, 98
2026/07/30 23:13:17.213, 0, NVIDIA GeForce RTX 3080, 6250, 3802, 10240, 95, 98
2026/07/30 23:13:17.325, 0, NVIDIA GeForce RTX 3080, 6250, 3802, 10240, 95, 98
2026/07/30 23:13:17.437, 0, NVIDIA GeForce RTX 3080, 6250, 3802, 10240, 95, 98
2026/07/30 23:13:17.549, 0, NVIDIA GeForce RTX 3080, 6250, 3802, 10240, 95, 98
2026/07/30 23:13:17.661, 0, NVIDIA GeForce RTX 3080, 6250, 3802, 10240, 95, 98
2026/07/30 23:13:17.773, 0, NVIDIA GeForce RTX 3080, 6250, 3802, 10240, 95, 97
2026/07/30 23:13:17.885, 0, NVIDIA GeForce RTX 3080, 6250, 3802, 10240, 95, 97
2026/07/30 23:13:17.997, 0, NVIDIA GeForce RTX 3080, 6250, 3802, 10240, 95, 97
2026/07/30 23:13:18.109, 0, NVIDIA GeForce RTX 3080, 6250, 3802, 10240, 95, 97
2026/07/30 23:13:18.221, 0, NVIDIA GeForce RTX 3080, 6250, 3802, 10240, 95, 97
2026/07/30 23:13:18.333, 0, NVIDIA GeForce RTX 3080, 6250, 3802, 10240, 95, 97
2026/07/30 23:13:18.445, 0, NVIDIA GeForce RTX 3080, 6250, 3802, 10240, 95, 97
2026/07/30 23:13:18.557, 0, NVIDIA GeForce RTX 3080, 6250, 3802, 10240, 95, 97
2026/07/30 23:13:18.669, 0, NVIDIA GeForce RTX 3080, 6250, 3802, 10240, 95, 97
2026/07/30 23:13:18.781, 0, NVIDIA GeForce RTX 3080, 6250, 3802, 10240, 97, 98
2026/07/30 23:13:18.893, 0, NVIDIA GeForce RTX 3080, 6250, 3802, 10240, 97, 98
2026/07/30 23:13:19.005, 0, NVIDIA GeForce RTX 3080, 6250, 3802, 10240, 97, 98
2026/07/30 23:13:19.117, 0, NVIDIA GeForce RTX 3080, 6250, 3802, 10240, 97, 98
2026/07/30 23:13:19.229, 0, NVIDIA GeForce RTX 3080, 6250, 3802, 10240, 97, 98
2026/07/30 23:13:19.341, 0, NVIDIA GeForce RTX 3080, 6250, 3802, 10240, 97, 98
2026/07/30 23:13:19.453, 0, NVIDIA GeForce RTX 3080, 6250, 3802, 10240, 97, 98
2026/07/30 23:13:19.565, 0, NVIDIA GeForce RTX 3080, 6250, 3802, 10240, 97, 98
2026/07/30 23:13:19.677, 0, NVIDIA GeForce RTX 3080, 6250, 3802, 10240, 97, 98
2026/07/30 23:13:19.788, 0, NVIDIA GeForce RTX 3080, 6250, 3802, 10240, 97, 97
2026/07/30 23:13:19.900, 0, NVIDIA GeForce RTX 3080, 6250, 3802, 10240, 97, 97
2026/07/30 23:13:20.012, 0, NVIDIA GeForce RTX 3080, 6250, 3802, 10240, 97, 97
2026/07/30 23:13:20.124, 0, NVIDIA GeForce RTX 3080, 6250, 3802, 10240, 97, 97
2026/07/30 23:13:20.236, 0, NVIDIA GeForce RTX 3080, 6250, 3802, 10240, 97, 98
2026/07/30 23:13:20.348, 0, NVIDIA GeForce RTX 3080, 6250, 3802, 10240, 97, 98
2026/07/30 23:13:20.460, 0, NVIDIA GeForce RTX 3080, 6250, 3802, 10240, 97, 98
2026/07/30 23:13:20.569, 0, NVIDIA GeForce RTX 3080, 6250, 3802, 10240, 97, 98
2026/07/30 23:13:20.679, 0, NVIDIA GeForce RTX 3080, 6250, 3802, 10240, 97, 98
2026/07/30 23:13:20.787, 0, NVIDIA GeForce RTX 3080, 6250, 3802, 10240, 96, 98
2026/07/30 23:13:20.897, 0, NVIDIA GeForce RTX 3080, 6250, 3802, 10240, 96, 98
2026/07/30 23:13:21.009, 0, NVIDIA GeForce RTX 3080, 6250, 3802, 10240, 96, 98
2026/07/30 23:13:21.120, 0, NVIDIA GeForce RTX 3080, 6250, 3802, 10240, 96, 98
2026/07/30 23:13:21.232, 0, NVIDIA GeForce RTX 3080, 6250, 3802, 10240, 96, 98
2026/07/30 23:13:21.343, 0, NVIDIA GeForce RTX 3080, 6250, 3802, 10240, 96, 98
2026/07/30 23:13:21.454, 0, NVIDIA GeForce RTX 3080, 6250, 3802, 10240, 96, 98
2026/07/30 23:13:21.565, 0, NVIDIA GeForce RTX 3080, 6250, 3802, 10240, 96, 98
2026/07/30 23:13:21.677, 0, NVIDIA GeForce RTX 3080, 6250, 3802, 10240, 96, 98
2026/07/30 23:13:21.789, 0, NVIDIA GeForce RTX 3080, 6250, 3802, 10240, 95, 98
2026/07/30 23:13:21.901, 0, NVIDIA GeForce RTX 3080, 6250, 3802, 10240, 95, 98
2026/07/30 23:13:22.013, 0, NVIDIA GeForce RTX 3080, 6250, 3802, 10240, 95, 98
2026/07/30 23:13:22.125, 0, NVIDIA GeForce RTX 3080, 6250, 3802, 10240, 95, 98
2026/07/30 23:13:22.237, 0, NVIDIA GeForce RTX 3080, 6250, 3802, 10240, 95, 98
2026/07/30 23:13:22.349, 0, NVIDIA GeForce RTX 3080, 6250, 3802, 10240, 95, 98
2026/07/30 23:13:22.461, 0, NVIDIA GeForce RTX 3080, 6250, 3802, 10240, 95, 98
2026/07/30 23:13:22.572, 0, NVIDIA GeForce RTX 3080, 6250, 3802, 10240, 95, 98
2026/07/30 23:13:22.684, 0, NVIDIA GeForce RTX 3080, 6250, 3802, 10240, 95, 98
2026/07/30 23:13:22.795, 0, NVIDIA GeForce RTX 3080, 6250, 3802, 10240, 96, 97
2026/07/30 23:13:22.906, 0, NVIDIA GeForce RTX 3080, 6250, 3802, 10240, 96, 97
2026/07/30 23:13:23.017, 0, NVIDIA GeForce RTX 3080, 6250, 3802, 10240, 96, 97
2026/07/30 23:13:23.129, 0, NVIDIA GeForce RTX 3080, 6250, 3802, 10240, 96, 97
2026/07/30 23:13:23.240, 0, NVIDIA GeForce RTX 3080, 6250, 3802, 10240, 96, 97
2026/07/30 23:13:23.350, 0, NVIDIA GeForce RTX 3080, 6250, 3802, 10240, 96, 97
2026/07/30 23:13:23.462, 0, NVIDIA GeForce RTX 3080, 6250, 3802, 10240, 96, 97
2026/07/30 23:13:23.574, 0, NVIDIA GeForce RTX 3080, 6250, 3802, 10240, 96, 97
2026/07/30 23:13:23.682, 0, NVIDIA GeForce RTX 3080, 6250, 3802, 10240, 96, 97
2026/07/30 23:13:23.794, 0, NVIDIA GeForce RTX 3080, 6250, 3802, 10240, 97, 98
2026/07/30 23:13:23.906, 0, NVIDIA GeForce RTX 3080, 6250, 3802, 10240, 97, 98
2026/07/30 23:13:24.016, 0, NVIDIA GeForce RTX 3080, 6250, 3802, 10240, 97, 98
2026/07/30 23:13:24.127, 0, NVIDIA GeForce RTX 3080, 6250, 3802, 10240, 97, 98
2026/07/30 23:13:24.238, 0, NVIDIA GeForce RTX 3080, 6250, 3802, 10240, 97, 98
2026/07/30 23:13:24.350, 0, NVIDIA GeForce RTX 3080, 6250, 3802, 10240, 97, 98
2026/07/30 23:13:24.462, 0, NVIDIA GeForce RTX 3080, 6250, 3802, 10240, 97, 98
2026/07/30 23:13:24.572, 0, NVIDIA GeForce RTX 3080, 6250, 3802, 10240, 97, 98
2026/07/30 23:13:24.683, 0, NVIDIA GeForce RTX 3080, 6250, 3802, 10240, 97, 98
2026/07/30 23:13:24.795, 0, NVIDIA GeForce RTX 3080, 6250, 3802, 10240, 95, 98
2026/07/30 23:13:24.906, 0, NVIDIA GeForce RTX 3080, 6250, 3802, 10240, 95, 98
2026/07/30 23:13:25.017, 0, NVIDIA GeForce RTX 3080, 6250, 3802, 10240, 95, 98
2026/07/30 23:13:25.129, 0, NVIDIA GeForce RTX 3080, 6250, 3802, 10240, 95, 98
2026/07/30 23:13:25.242, 0, NVIDIA GeForce RTX 3080, 6250, 3802, 10240, 94, 97
2026/07/30 23:13:25.354, 0, NVIDIA GeForce RTX 3080, 6250, 3802, 10240, 94, 97
2026/07/30 23:13:25.466, 0, NVIDIA GeForce RTX 3080, 6250, 3802, 10240, 94, 97
2026/07/30 23:13:25.578, 0, NVIDIA GeForce RTX 3080, 6250, 3802, 10240, 94, 97
2026/07/30 23:13:25.690, 0, NVIDIA GeForce RTX 3080, 6250, 3802, 10240, 94, 97
2026/07/30 23:13:25.802, 0, NVIDIA GeForce RTX 3080, 6250, 3802, 10240, 95, 98
2026/07/30 23:13:25.913, 0, NVIDIA GeForce RTX 3080, 6250, 3802, 10240, 95, 98
2026/07/30 23:13:26.025, 0, NVIDIA GeForce RTX 3080, 6250, 3802, 10240, 95, 98
2026/07/30 23:13:26.135, 0, NVIDIA GeForce RTX 3080, 6250, 3802, 10240, 95, 98
2026/07/30 23:13:26.247, 0, NVIDIA GeForce RTX 3080, 6250, 3802, 10240, 95, 98
2026/07/30 23:13:26.358, 0, NVIDIA GeForce RTX 3080, 6250, 3802, 10240, 95, 98
2026/07/30 23:13:26.470, 0, NVIDIA GeForce RTX 3080, 6250, 3802, 10240, 95, 98
2026/07/30 23:13:26.582, 0, NVIDIA GeForce RTX 3080, 6250, 3802, 10240, 95, 98
2026/07/30 23:13:26.694, 0, NVIDIA GeForce RTX 3080, 6250, 3802, 10240, 95, 98
2026/07/30 23:13:26.806, 0, NVIDIA GeForce RTX 3080, 6250, 3802, 10240, 96, 98
2026/07/30 23:13:26.918, 0, NVIDIA GeForce RTX 3080, 6250, 3802, 10240, 96, 98
2026/07/30 23:13:27.030, 0, NVIDIA GeForce RTX 3080, 6250, 3802, 10240, 96, 98
2026/07/30 23:13:27.142, 0, NVIDIA GeForce RTX 3080, 6250, 3802, 10240, 96, 98
2026/07/30 23:13:27.254, 0, NVIDIA GeForce RTX 3080, 6250, 3802, 10240, 97, 98
2026/07/30 23:13:27.366, 0, NVIDIA GeForce RTX 3080, 6250, 3802, 10240, 97, 98
2026/07/30 23:13:27.477, 0, NVIDIA GeForce RTX 3080, 6250, 3802, 10240, 97, 98
2026/07/30 23:13:27.588, 0, NVIDIA GeForce RTX 3080, 6250, 3802, 10240, 97, 98
2026/07/30 23:13:27.700, 0, NVIDIA GeForce RTX 3080, 6250, 3802, 10240, 97, 98
2026/07/30 23:13:27.811, 0, NVIDIA GeForce RTX 3080, 6250, 3802, 10240, 96, 98
2026/07/30 23:13:27.923, 0, NVIDIA GeForce RTX 3080, 6250, 3802, 10240, 96, 98
2026/07/30 23:13:28.035, 0, NVIDIA GeForce RTX 3080, 6250, 3802, 10240, 96, 98
2026/07/30 23:13:28.147, 0, NVIDIA GeForce RTX 3080, 6250, 3802, 10240, 96, 98
2026/07/30 23:13:28.259, 0, NVIDIA GeForce RTX 3080, 6250, 3802, 10240, 97, 98
2026/07/30 23:13:28.369, 0, NVIDIA GeForce RTX 3080, 6250, 3802, 10240, 97, 98
2026/07/30 23:13:28.481, 0, NVIDIA GeForce RTX 3080, 6250, 3802, 10240, 97, 98
2026/07/30 23:13:28.592, 0, NVIDIA GeForce RTX 3080, 6250, 3802, 10240, 97, 98
2026/07/30 23:13:28.701, 0, NVIDIA GeForce RTX 3080, 6250, 3802, 10240, 97, 98
2026/07/30 23:13:28.810, 0, NVIDIA GeForce RTX 3080, 6250, 3802, 10240, 98, 98
2026/07/30 23:13:28.919, 0, NVIDIA GeForce RTX 3080, 6250, 3802, 10240, 98, 98
2026/07/30 23:13:29.029, 0, NVIDIA GeForce RTX 3080, 6250, 3802, 10240, 98, 98
2026/07/30 23:13:29.136, 0, NVIDIA GeForce RTX 3080, 6250, 3802, 10240, 98, 98
2026/07/30 23:13:29.247, 0, NVIDIA GeForce RTX 3080, 6250, 3802, 10240, 97, 96
2026/07/30 23:13:29.357, 0, NVIDIA GeForce RTX 3080, 6250, 3802, 10240, 97, 96
2026/07/30 23:13:29.469, 0, NVIDIA GeForce RTX 3080, 6250, 3802, 10240, 97, 96
2026/07/30 23:13:29.581, 0, NVIDIA GeForce RTX 3080, 6250, 3802, 10240, 97, 96
2026/07/30 23:13:29.693, 0, NVIDIA GeForce RTX 3080, 6250, 3802, 10240, 97, 96
2026/07/30 23:13:29.803, 0, NVIDIA GeForce RTX 3080, 6250, 3802, 10240, 98, 98
2026/07/30 23:13:29.914, 0, NVIDIA GeForce RTX 3080, 6250, 3802, 10240, 98, 98
2026/07/30 23:13:30.026, 0, NVIDIA GeForce RTX 3080, 6250, 3802, 10240, 98, 98
2026/07/30 23:13:30.136, 0, NVIDIA GeForce RTX 3080, 6250, 3802, 10240, 98, 98
2026/07/30 23:13:30.247, 0, NVIDIA GeForce RTX 3080, 6250, 3802, 10240, 98, 98
2026/07/30 23:13:30.359, 0, NVIDIA GeForce RTX 3080, 6250, 3802, 10240, 98, 98
2026/07/30 23:13:30.469, 0, NVIDIA GeForce RTX 3080, 6250, 3802, 10240, 98, 98
2026/07/30 23:13:30.580, 0, NVIDIA GeForce RTX 3080, 6250, 3802, 10240, 98, 98
2026/07/30 23:13:30.690, 0, NVIDIA GeForce RTX 3080, 6250, 3802, 10240, 98, 98
2026/07/30 23:13:30.802, 0, NVIDIA GeForce RTX 3080, 6250, 3802, 10240, 94, 96
2026/07/30 23:13:30.914, 0, NVIDIA GeForce RTX 3080, 6250, 3802, 10240, 94, 96
2026/07/30 23:13:31.026, 0, NVIDIA GeForce RTX 3080, 6250, 3802, 10240, 94, 96
2026/07/30 23:13:31.137, 0, NVIDIA GeForce RTX 3080, 6250, 3802, 10240, 94, 96
2026/07/30 23:13:31.248, 0, NVIDIA GeForce RTX 3080, 6250, 3802, 10240, 95, 98
2026/07/30 23:13:31.360, 0, NVIDIA GeForce RTX 3080, 6250, 3802, 10240, 95, 98
2026/07/30 23:13:31.472, 0, NVIDIA GeForce RTX 3080, 6250, 3802, 10240, 95, 98
2026/07/30 23:13:31.584, 0, NVIDIA GeForce RTX 3080, 6250, 3802, 10240, 95, 98
2026/07/30 23:13:31.696, 0, NVIDIA GeForce RTX 3080, 6250, 3802, 10240, 95, 98
2026/07/30 23:13:31.807, 0, NVIDIA GeForce RTX 3080, 6250, 3802, 10240, 96, 98
2026/07/30 23:13:31.919, 0, NVIDIA GeForce RTX 3080, 6250, 3802, 10240, 96, 98
2026/07/30 23:13:32.030, 0, NVIDIA GeForce RTX 3080, 6250, 3802, 10240, 96, 98
2026/07/30 23:13:32.142, 0, NVIDIA GeForce RTX 3080, 6250, 3802, 10240, 96, 98
2026/07/30 23:13:32.254, 0, NVIDIA GeForce RTX 3080, 6250, 3802, 10240, 96, 98
2026/07/30 23:13:32.366, 0, NVIDIA GeForce RTX 3080, 6250, 3802, 10240, 96, 98
2026/07/30 23:13:32.477, 0, NVIDIA GeForce RTX 3080, 6250, 3802, 10240, 96, 98
2026/07/30 23:13:32.589, 0, NVIDIA GeForce RTX 3080, 6250, 3802, 10240, 96, 98
2026/07/30 23:13:32.701, 0, NVIDIA GeForce RTX 3080, 6250, 3802, 10240, 96, 98
2026/07/30 23:13:32.812, 0, NVIDIA GeForce RTX 3080, 6250, 3802, 10240, 97, 98
2026/07/30 23:13:32.925, 0, NVIDIA GeForce RTX 3080, 6250, 3802, 10240, 97, 98
2026/07/30 23:13:33.037, 0, NVIDIA GeForce RTX 3080, 6250, 3802, 10240, 97, 98
2026/07/30 23:13:33.148, 0, NVIDIA GeForce RTX 3080, 6250, 3802, 10240, 97, 98
2026/07/30 23:13:33.260, 0, NVIDIA GeForce RTX 3080, 6250, 3802, 10240, 97, 98
2026/07/30 23:13:33.372, 0, NVIDIA GeForce RTX 3080, 6250, 3802, 10240, 97, 98
2026/07/30 23:13:33.484, 0, NVIDIA GeForce RTX 3080, 6250, 3802, 10240, 97, 98
2026/07/30 23:13:33.594, 0, NVIDIA GeForce RTX 3080, 6250, 3802, 10240, 97, 98
2026/07/30 23:13:33.704, 0, NVIDIA GeForce RTX 3080, 6250, 3802, 10240, 97, 98
2026/07/30 23:13:33.813, 0, NVIDIA GeForce RTX 3080, 6250, 3802, 10240, 97, 98
2026/07/30 23:13:33.922, 0, NVIDIA GeForce RTX 3080, 6250, 3802, 10240, 97, 98
2026/07/30 23:13:34.032, 0, NVIDIA GeForce RTX 3080, 6250, 3802, 10240, 97, 98
2026/07/30 23:13:34.140, 0, NVIDIA GeForce RTX 3080, 6250, 3802, 10240, 97, 98
2026/07/30 23:13:34.252, 0, NVIDIA GeForce RTX 3080, 6250, 3802, 10240, 97, 98
2026/07/30 23:13:34.364, 0, NVIDIA GeForce RTX 3080, 6250, 3802, 10240, 97, 98
2026/07/30 23:13:34.476, 0, NVIDIA GeForce RTX 3080, 6250, 3802, 10240, 97, 98
2026/07/30 23:13:34.589, 0, NVIDIA GeForce RTX 3080, 6250, 3802, 10240, 97, 98
2026/07/30 23:13:34.701, 0, NVIDIA GeForce RTX 3080, 6250, 3802, 10240, 97, 98
2026/07/30 23:13:34.813, 0, NVIDIA GeForce RTX 3080, 6250, 3802, 10240, 96, 98
2026/07/30 23:13:34.925, 0, NVIDIA GeForce RTX 3080, 6250, 3802, 10240, 96, 98
2026/07/30 23:13:35.037, 0, NVIDIA GeForce RTX 3080, 6250, 3802, 10240, 96, 98
2026/07/30 23:13:35.149, 0, NVIDIA GeForce RTX 3080, 6250, 3802, 10240, 96, 98
2026/07/30 23:13:35.261, 0, NVIDIA GeForce RTX 3080, 6250, 3802, 10240, 94, 96
2026/07/30 23:13:35.373, 0, NVIDIA GeForce RTX 3080, 6250, 3802, 10240, 94, 96
2026/07/30 23:13:35.485, 0, NVIDIA GeForce RTX 3080, 6250, 3802, 10240, 94, 96
2026/07/30 23:13:35.596, 0, NVIDIA GeForce RTX 3080, 6250, 3802, 10240, 94, 96
2026/07/30 23:13:35.705, 0, NVIDIA GeForce RTX 3080, 6250, 3802, 10240, 94, 96
2026/07/30 23:13:35.815, 0, NVIDIA GeForce RTX 3080, 6250, 3802, 10240, 96, 98
2026/07/30 23:13:35.926, 0, NVIDIA GeForce RTX 3080, 6250, 3802, 10240, 96, 98
2026/07/30 23:13:36.038, 0, NVIDIA GeForce RTX 3080, 6250, 3802, 10240, 96, 98
2026/07/30 23:13:36.148, 0, NVIDIA GeForce RTX 3080, 6250, 3802, 10240, 96, 98
2026/07/30 23:13:36.260, 0, NVIDIA GeForce RTX 3080, 6250, 3802, 10240, 96, 98
2026/07/30 23:13:36.370, 0, NVIDIA GeForce RTX 3080, 6250, 3802, 10240, 96, 98
2026/07/30 23:13:36.481, 0, NVIDIA GeForce RTX 3080, 6250, 3802, 10240, 96, 98
2026/07/30 23:13:36.593, 0, NVIDIA GeForce RTX 3080, 6250, 3802, 10240, 96, 98
2026/07/30 23:13:36.704, 0, NVIDIA GeForce RTX 3080, 6250, 3802, 10240, 96, 98
2026/07/30 23:13:36.816, 0, NVIDIA GeForce RTX 3080, 6250, 3802, 10240, 97, 98
2026/07/30 23:13:36.928, 0, NVIDIA GeForce RTX 3080, 6250, 3802, 10240, 97, 98
2026/07/30 23:13:37.038, 0, NVIDIA GeForce RTX 3080, 6250, 3802, 10240, 97, 98
2026/07/30 23:13:37.150, 0, NVIDIA GeForce RTX 3080, 6250, 3802, 10240, 97, 98
2026/07/30 23:13:37.262, 0, NVIDIA GeForce RTX 3080, 6250, 3802, 10240, 96, 97
2026/07/30 23:13:37.374, 0, NVIDIA GeForce RTX 3080, 6250, 3802, 10240, 96, 97
2026/07/30 23:13:37.486, 0, NVIDIA GeForce RTX 3080, 6250, 3802, 10240, 96, 97
2026/07/30 23:13:37.598, 0, NVIDIA GeForce RTX 3080, 6250, 3802, 10240, 96, 97
2026/07/30 23:13:37.710, 0, NVIDIA GeForce RTX 3080, 6250, 3802, 10240, 96, 97
2026/07/30 23:13:37.822, 0, NVIDIA GeForce RTX 3080, 6250, 3802, 10240, 97, 98
2026/07/30 23:13:37.933, 0, NVIDIA GeForce RTX 3080, 6250, 3802, 10240, 97, 98
2026/07/30 23:13:38.045, 0, NVIDIA GeForce RTX 3080, 6250, 3802, 10240, 97, 98
2026/07/30 23:13:38.157, 0, NVIDIA GeForce RTX 3080, 6250, 3802, 10240, 97, 98
2026/07/30 23:13:38.269, 0, NVIDIA GeForce RTX 3080, 6250, 3802, 10240, 97, 98
2026/07/30 23:13:38.381, 0, NVIDIA GeForce RTX 3080, 6250, 3802, 10240, 97, 98
2026/07/30 23:13:38.493, 0, NVIDIA GeForce RTX 3080, 6250, 3802, 10240, 97, 98
2026/07/30 23:13:38.605, 0, NVIDIA GeForce RTX 3080, 6250, 3802, 10240, 97, 98
2026/07/30 23:13:38.717, 0, NVIDIA GeForce RTX 3080, 6250, 3802, 10240, 95, 98
2026/07/30 23:13:38.828, 0, NVIDIA GeForce RTX 3080, 6250, 3802, 10240, 95, 98
2026/07/30 23:13:38.938, 0, NVIDIA GeForce RTX 3080, 6250, 3802, 10240, 95, 98
2026/07/30 23:13:39.049, 0, NVIDIA GeForce RTX 3080, 6250, 3802, 10240, 95, 98
2026/07/30 23:13:39.161, 0, NVIDIA GeForce RTX 3080, 6250, 3802, 10240, 95, 98
2026/07/30 23:13:39.273, 0, NVIDIA GeForce RTX 3080, 6250, 3802, 10240, 95, 98
2026/07/30 23:13:39.384, 0, NVIDIA GeForce RTX 3080, 6250, 3802, 10240, 95, 98
2026/07/30 23:13:39.496, 0, NVIDIA GeForce RTX 3080, 6250, 3802, 10240, 95, 98
2026/07/30 23:13:39.608, 0, NVIDIA GeForce RTX 3080, 6250, 3802, 10240, 95, 98
2026/07/30 23:13:39.720, 0, NVIDIA GeForce RTX 3080, 6250, 3802, 10240, 95, 98
2026/07/30 23:13:39.832, 0, NVIDIA GeForce RTX 3080, 6250, 3802, 10240, 95, 98
2026/07/30 23:13:39.944, 0, NVIDIA GeForce RTX 3080, 6250, 3802, 10240, 95, 98
2026/07/30 23:13:40.056, 0, NVIDIA GeForce RTX 3080, 6250, 3802, 10240, 95, 98
2026/07/30 23:13:40.168, 0, NVIDIA GeForce RTX 3080, 6250, 3802, 10240, 95, 98
2026/07/30 23:13:40.280, 0, NVIDIA GeForce RTX 3080, 6250, 3802, 10240, 96, 98
2026/07/30 23:13:40.393, 0, NVIDIA GeForce RTX 3080, 6250, 3802, 10240, 96, 98
2026/07/30 23:13:40.505, 0, NVIDIA GeForce RTX 3080, 6250, 3802, 10240, 96, 98
2026/07/30 23:13:40.615, 0, NVIDIA GeForce RTX 3080, 6250, 3802, 10240, 96, 98
2026/07/30 23:13:40.725, 0, NVIDIA GeForce RTX 3080, 6250, 3802, 10240, 96, 98
2026/07/30 23:13:40.834, 0, NVIDIA GeForce RTX 3080, 6250, 3802, 10240, 96, 98
2026/07/30 23:13:40.946, 0, NVIDIA GeForce RTX 3080, 6250, 3802, 10240, 96, 98
2026/07/30 23:13:41.058, 0, NVIDIA GeForce RTX 3080, 6250, 3802, 10240, 96, 98
2026/07/30 23:13:41.170, 0, NVIDIA GeForce RTX 3080, 6250, 3802, 10240, 96, 98
2026/07/30 23:13:41.282, 0, NVIDIA GeForce RTX 3080, 6250, 3802, 10240, 97, 98
2026/07/30 23:13:41.394, 0, NVIDIA GeForce RTX 3080, 6250, 3802, 10240, 97, 98
2026/07/30 23:13:41.506, 0, NVIDIA GeForce RTX 3080, 6250, 3802, 10240, 97, 98
2026/07/30 23:13:41.618, 0, NVIDIA GeForce RTX 3080, 6250, 3802, 10240, 97, 98
2026/07/30 23:13:41.730, 0, NVIDIA GeForce RTX 3080, 6250, 3802, 10240, 97, 98
2026/07/30 23:13:41.843, 0, NVIDIA GeForce RTX 3080, 6250, 3802, 10240, 97, 98
2026/07/30 23:13:41.955, 0, NVIDIA GeForce RTX 3080, 6250, 3802, 10240, 97, 98
2026/07/30 23:13:42.065, 0, NVIDIA GeForce RTX 3080, 6250, 3802, 10240, 97, 98
2026/07/30 23:13:42.177, 0, NVIDIA GeForce RTX 3080, 6250, 3802, 10240, 97, 98
2026/07/30 23:13:42.289, 0, NVIDIA GeForce RTX 3080, 6250, 3802, 10240, 97, 98
2026/07/30 23:13:42.401, 0, NVIDIA GeForce RTX 3080, 6250, 3802, 10240, 97, 98
2026/07/30 23:13:42.513, 0, NVIDIA GeForce RTX 3080, 6250, 3802, 10240, 97, 98
2026/07/30 23:13:42.625, 0, NVIDIA GeForce RTX 3080, 6250, 3802, 10240, 97, 98
2026/07/30 23:13:42.736, 0, NVIDIA GeForce RTX 3080, 6250, 3802, 10240, 98, 98
2026/07/30 23:13:42.848, 0, NVIDIA GeForce RTX 3080, 6250, 3802, 10240, 98, 98
2026/07/30 23:13:42.959, 0, NVIDIA GeForce RTX 3080, 6250, 3802, 10240, 98, 98
2026/07/30 23:13:43.071, 0, NVIDIA GeForce RTX 3080, 6250, 3802, 10240, 98, 98
2026/07/30 23:13:43.183, 0, NVIDIA GeForce RTX 3080, 6250, 3802, 10240, 98, 98
2026/07/30 23:13:43.295, 0, NVIDIA GeForce RTX 3080, 6250, 3802, 10240, 96, 96
2026/07/30 23:13:43.407, 0, NVIDIA GeForce RTX 3080, 6250, 3802, 10240, 96, 96
2026/07/30 23:13:43.519, 0, NVIDIA GeForce RTX 3080, 6250, 3802, 10240, 96, 96
2026/07/30 23:13:43.631, 0, NVIDIA GeForce RTX 3080, 6250, 3802, 10240, 96, 96
2026/07/30 23:13:43.741, 0, NVIDIA GeForce RTX 3080, 6250, 3802, 10240, 98, 98
2026/07/30 23:13:43.852, 0, NVIDIA GeForce RTX 3080, 6250, 3802, 10240, 98, 98
2026/07/30 23:13:43.963, 0, NVIDIA GeForce RTX 3080, 6250, 3802, 10240, 98, 98
2026/07/30 23:13:44.075, 0, NVIDIA GeForce RTX 3080, 6250, 3802, 10240, 98, 98
2026/07/30 23:13:44.186, 0, NVIDIA GeForce RTX 3080, 6250, 3802, 10240, 98, 98
2026/07/30 23:13:44.295, 0, NVIDIA GeForce RTX 3080, 6250, 3802, 10240, 98, 98
2026/07/30 23:13:44.405, 0, NVIDIA GeForce RTX 3080, 6250, 3802, 10240, 98, 98
2026/07/30 23:13:44.517, 0, NVIDIA GeForce RTX 3080, 6250, 3802, 10240, 98, 98
2026/07/30 23:13:44.629, 0, NVIDIA GeForce RTX 3080, 6250, 3802, 10240, 98, 98
2026/07/30 23:13:44.740, 0, NVIDIA GeForce RTX 3080, 6250, 3802, 10240, 94, 97
2026/07/30 23:13:44.852, 0, NVIDIA GeForce RTX 3080, 6250, 3802, 10240, 94, 97
2026/07/30 23:13:44.964, 0, NVIDIA GeForce RTX 3080, 6250, 3802, 10240, 94, 97
2026/07/30 23:13:45.076, 0, NVIDIA GeForce RTX 3080, 6250, 3802, 10240, 94, 97
2026/07/30 23:13:45.188, 0, NVIDIA GeForce RTX 3080, 6250, 3802, 10240, 94, 97
2026/07/30 23:13:45.300, 0, NVIDIA GeForce RTX 3080, 6250, 3802, 10240, 95, 98
2026/07/30 23:13:45.412, 0, NVIDIA GeForce RTX 3080, 6250, 3802, 10240, 95, 98
2026/07/30 23:13:45.523, 0, NVIDIA GeForce RTX 3080, 6250, 3802, 10240, 95, 98
2026/07/30 23:13:45.635, 0, NVIDIA GeForce RTX 3080, 6250, 3802, 10240, 95, 98
2026/07/30 23:13:45.747, 0, NVIDIA GeForce RTX 3080, 6250, 3802, 10240, 95, 97
2026/07/30 23:13:45.859, 0, NVIDIA GeForce RTX 3080, 6250, 3802, 10240, 95, 97
2026/07/30 23:13:45.971, 0, NVIDIA GeForce RTX 3080, 6250, 3802, 10240, 95, 97
2026/07/30 23:13:46.084, 0, NVIDIA GeForce RTX 3080, 6250, 3802, 10240, 95, 97
2026/07/30 23:13:46.196, 0, NVIDIA GeForce RTX 3080, 6250, 3802, 10240, 95, 97
2026/07/30 23:13:46.308, 0, NVIDIA GeForce RTX 3080, 6250, 3802, 10240, 95, 98
2026/07/30 23:13:46.420, 0, NVIDIA GeForce RTX 3080, 6250, 3802, 10240, 95, 98
2026/07/30 23:13:46.532, 0, NVIDIA GeForce RTX 3080, 6250, 3802, 10240, 95, 98
2026/07/30 23:13:46.642, 0, NVIDIA GeForce RTX 3080, 6250, 3802, 10240, 95, 98
2026/07/30 23:13:46.752, 0, NVIDIA GeForce RTX 3080, 6250, 3802, 10240, 97, 98
2026/07/30 23:13:46.860, 0, NVIDIA GeForce RTX 3080, 6250, 3802, 10240, 97, 98
2026/07/30 23:13:46.969, 0, NVIDIA GeForce RTX 3080, 6250, 3802, 10240, 97, 98
2026/07/30 23:13:47.078, 0, NVIDIA GeForce RTX 3080, 6250, 3802, 10240, 97, 98
2026/07/30 23:13:47.187, 0, NVIDIA GeForce RTX 3080, 6250, 3802, 10240, 97, 98
2026/07/30 23:13:47.297, 0, NVIDIA GeForce RTX 3080, 6250, 3802, 10240, 97, 98
2026/07/30 23:13:47.405, 0, NVIDIA GeForce RTX 3080, 6250, 3802, 10240, 97, 98
2026/07/30 23:13:47.516, 0, NVIDIA GeForce RTX 3080, 6250, 3802, 10240, 97, 98
2026/07/30 23:13:47.625, 0, NVIDIA GeForce RTX 3080, 6250, 3802, 10240, 97, 98
2026/07/30 23:13:47.735, 0, NVIDIA GeForce RTX 3080, 6250, 3802, 10240, 98, 98
2026/07/30 23:13:47.845, 0, NVIDIA GeForce RTX 3080, 6250, 3802, 10240, 98, 98
2026/07/30 23:13:47.957, 0, NVIDIA GeForce RTX 3080, 6250, 3802, 10240, 98, 98
2026/07/30 23:13:48.069, 0, NVIDIA GeForce RTX 3080, 6250, 3802, 10240, 98, 98
2026/07/30 23:13:48.180, 0, NVIDIA GeForce RTX 3080, 6250, 3802, 10240, 98, 98
2026/07/30 23:13:48.292, 0, NVIDIA GeForce RTX 3080, 6250, 3802, 10240, 97, 98
2026/07/30 23:13:48.405, 0, NVIDIA GeForce RTX 3080, 6250, 3802, 10240, 97, 98
2026/07/30 23:13:48.517, 0, NVIDIA GeForce RTX 3080, 6250, 3802, 10240, 97, 98
2026/07/30 23:13:48.627, 0, NVIDIA GeForce RTX 3080, 6250, 3802, 10240, 97, 98
2026/07/30 23:13:48.737, 0, NVIDIA GeForce RTX 3080, 6250, 3802, 10240, 95, 98
2026/07/30 23:13:48.845, 0, NVIDIA GeForce RTX 3080, 6250, 3802, 10240, 95, 98
2026/07/30 23:13:48.954, 0, NVIDIA GeForce RTX 3080, 6250, 3802, 10240, 95, 98
2026/07/30 23:13:49.064, 0, NVIDIA GeForce RTX 3080, 6250, 3802, 10240, 95, 98
2026/07/30 23:13:49.174, 0, NVIDIA GeForce RTX 3080, 6250, 3802, 10240, 95, 98
2026/07/30 23:13:49.285, 0, NVIDIA GeForce RTX 3080, 6250, 3802, 10240, 95, 98
2026/07/30 23:13:49.397, 0, NVIDIA GeForce RTX 3080, 6250, 3802, 10240, 95, 98
2026/07/30 23:13:49.509, 0, NVIDIA GeForce RTX 3080, 6250, 3802, 10240, 95, 98
2026/07/30 23:13:49.621, 0, NVIDIA GeForce RTX 3080, 6250, 3802, 10240, 95, 98
2026/07/30 23:13:49.733, 0, NVIDIA GeForce RTX 3080, 6250, 3802, 10240, 96, 98
2026/07/30 23:13:49.845, 0, NVIDIA GeForce RTX 3080, 6250, 3802, 10240, 96, 98
2026/07/30 23:13:49.957, 0, NVIDIA GeForce RTX 3080, 6250, 3802, 10240, 96, 98
2026/07/30 23:13:50.069, 0, NVIDIA GeForce RTX 3080, 6250, 3802, 10240, 96, 98
2026/07/30 23:13:50.181, 0, NVIDIA GeForce RTX 3080, 6250, 3802, 10240, 96, 98
2026/07/30 23:13:50.293, 0, NVIDIA GeForce RTX 3080, 6250, 3802, 10240, 96, 98
2026/07/30 23:13:50.405, 0, NVIDIA GeForce RTX 3080, 6250, 3802, 10240, 96, 98
2026/07/30 23:13:50.517, 0, NVIDIA GeForce RTX 3080, 6250, 3802, 10240, 96, 98
2026/07/30 23:13:50.629, 0, NVIDIA GeForce RTX 3080, 6250, 3802, 10240, 96, 98
2026/07/30 23:13:50.741, 0, NVIDIA GeForce RTX 3080, 6250, 3802, 10240, 97, 98
2026/07/30 23:13:50.852, 0, NVIDIA GeForce RTX 3080, 6250, 3802, 10240, 97, 98
2026/07/30 23:13:50.963, 0, NVIDIA GeForce RTX 3080, 6250, 3802, 10240, 97, 98
2026/07/30 23:13:51.075, 0, NVIDIA GeForce RTX 3080, 6250, 3802, 10240, 97, 98
2026/07/30 23:13:51.186, 0, NVIDIA GeForce RTX 3080, 6250, 3802, 10240, 97, 98
2026/07/30 23:13:51.298, 0, NVIDIA GeForce RTX 3080, 6250, 3802, 10240, 97, 98
2026/07/30 23:13:51.409, 0, NVIDIA GeForce RTX 3080, 6250, 3802, 10240, 97, 98
2026/07/30 23:13:51.521, 0, NVIDIA GeForce RTX 3080, 6250, 3802, 10240, 97, 98
2026/07/30 23:13:51.633, 0, NVIDIA GeForce RTX 3080, 6250, 3802, 10240, 97, 98
2026/07/30 23:13:51.745, 0, NVIDIA GeForce RTX 3080, 6250, 3802, 10240, 97, 98
2026/07/30 23:13:51.857, 0, NVIDIA GeForce RTX 3080, 6250, 3802, 10240, 97, 98
2026/07/30 23:13:51.968, 0, NVIDIA GeForce RTX 3080, 6250, 3802, 10240, 97, 98
2026/07/30 23:13:52.080, 0, NVIDIA GeForce RTX 3080, 6250, 3802, 10240, 97, 98
2026/07/30 23:13:52.190, 0, NVIDIA GeForce RTX 3080, 6250, 3802, 10240, 97, 98
2026/07/30 23:13:52.302, 0, NVIDIA GeForce RTX 3080, 6250, 3802, 10240, 95, 96
2026/07/30 23:13:52.414, 0, NVIDIA GeForce RTX 3080, 6250, 3802, 10240, 95, 96
2026/07/30 23:13:52.526, 0, NVIDIA GeForce RTX 3080, 6250, 3802, 10240, 95, 96
2026/07/30 23:13:52.637, 0, NVIDIA GeForce RTX 3080, 6250, 3802, 10240, 95, 96
2026/07/30 23:13:52.749, 0, NVIDIA GeForce RTX 3080, 6250, 3802, 10240, 95, 98
2026/07/30 23:13:52.861, 0, NVIDIA GeForce RTX 3080, 6250, 3802, 10240, 95, 98
2026/07/30 23:13:52.973, 0, NVIDIA GeForce RTX 3080, 6250, 3802, 10240, 95, 98
2026/07/30 23:13:53.084, 0, NVIDIA GeForce RTX 3080, 6250, 3802, 10240, 95, 98
2026/07/30 23:13:53.196, 0, NVIDIA GeForce RTX 3080, 6250, 3802, 10240, 95, 98
2026/07/30 23:13:53.308, 0, NVIDIA GeForce RTX 3080, 6250, 3802, 10240, 95, 97
2026/07/30 23:13:53.420, 0, NVIDIA GeForce RTX 3080, 6250, 3802, 10240, 95, 97
2026/07/30 23:13:53.532, 0, NVIDIA GeForce RTX 3080, 6250, 3802, 10240, 95, 97
2026/07/30 23:13:53.642, 0, NVIDIA GeForce RTX 3080, 6250, 3802, 10240, 95, 97
2026/07/30 23:13:53.752, 0, NVIDIA GeForce RTX 3080, 6250, 3802, 10240, 95, 98
2026/07/30 23:13:53.862, 0, NVIDIA GeForce RTX 3080, 6250, 3802, 10240, 95, 98
2026/07/30 23:13:53.971, 0, NVIDIA GeForce RTX 3080, 6250, 3802, 10240, 95, 98
2026/07/30 23:13:54.080, 0, NVIDIA GeForce RTX 3080, 6250, 3802, 10240, 95, 98
2026/07/30 23:13:54.190, 0, NVIDIA GeForce RTX 3080, 6250, 3802, 10240, 95, 98
2026/07/30 23:13:54.302, 0, NVIDIA GeForce RTX 3080, 6250, 3802, 10240, 95, 98
2026/07/30 23:13:54.413, 0, NVIDIA GeForce RTX 3080, 6250, 3802, 10240, 95, 98
2026/07/30 23:13:54.523, 0, NVIDIA GeForce RTX 3080, 6250, 3802, 10240, 95, 98
2026/07/30 23:13:54.634, 0, NVIDIA GeForce RTX 3080, 6250, 3802, 10240, 95, 98
2026/07/30 23:13:54.746, 0, NVIDIA GeForce RTX 3080, 6250, 3802, 10240, 91, 95
2026/07/30 23:13:54.858, 0, NVIDIA GeForce RTX 3080, 6250, 3802, 10240, 91, 95
2026/07/30 23:13:54.970, 0, NVIDIA GeForce RTX 3080, 6250, 3802, 10240, 91, 95
2026/07/30 23:13:55.082, 0, NVIDIA GeForce RTX 3080, 6250, 3802, 10240, 91, 95
2026/07/30 23:13:55.194, 0, NVIDIA GeForce RTX 3080, 6250, 3802, 10240, 91, 95
2026/07/30 23:13:55.306, 0, NVIDIA GeForce RTX 3080, 6250, 3802, 10240, 97, 98
2026/07/30 23:13:55.418, 0, NVIDIA GeForce RTX 3080, 6250, 3802, 10240, 97, 98
2026/07/30 23:13:55.530, 0, NVIDIA GeForce RTX 3080, 6250, 3802, 10240, 97, 98
2026/07/30 23:13:55.641, 0, NVIDIA GeForce RTX 3080, 6250, 3802, 10240, 97, 98
2026/07/30 23:13:55.751, 0, NVIDIA GeForce RTX 3080, 6250, 3802, 10240, 96, 98
2026/07/30 23:13:55.862, 0, NVIDIA GeForce RTX 3080, 6250, 3802, 10240, 96, 98
2026/07/30 23:13:55.974, 0, NVIDIA GeForce RTX 3080, 6250, 3802, 10240, 96, 98
2026/07/30 23:13:56.086, 0, NVIDIA GeForce RTX 3080, 6250, 3802, 10240, 96, 98
2026/07/30 23:13:56.198, 0, NVIDIA GeForce RTX 3080, 6250, 3802, 10240, 96, 98
2026/07/30 23:13:56.310, 0, NVIDIA GeForce RTX 3080, 6250, 3802, 10240, 96, 97
2026/07/30 23:13:56.422, 0, NVIDIA GeForce RTX 3080, 6250, 3802, 10240, 96, 97
2026/07/30 23:13:56.533, 0, NVIDIA GeForce RTX 3080, 6250, 3802, 10240, 96, 97
2026/07/30 23:13:56.643, 0, NVIDIA GeForce RTX 3080, 6250, 3802, 10240, 96, 97
2026/07/30 23:13:56.755, 0, NVIDIA GeForce RTX 3080, 6250, 3802, 10240, 98, 98
2026/07/30 23:13:56.866, 0, NVIDIA GeForce RTX 3080, 6250, 3802, 10240, 98, 98
2026/07/30 23:13:56.977, 0, NVIDIA GeForce RTX 3080, 6250, 3802, 10240, 98, 98
2026/07/30 23:13:57.089, 0, NVIDIA GeForce RTX 3080, 6250, 3802, 10240, 98, 98
2026/07/30 23:13:57.201, 0, NVIDIA GeForce RTX 3080, 6250, 3802, 10240, 98, 98
2026/07/30 23:13:57.312, 0, NVIDIA GeForce RTX 3080, 6250, 3802, 10240, 98, 98
2026/07/30 23:13:57.425, 0, NVIDIA GeForce RTX 3080, 6250, 3802, 10240, 98, 98
2026/07/30 23:13:57.537, 0, NVIDIA GeForce RTX 3080, 6250, 3802, 10240, 98, 98
2026/07/30 23:13:57.648, 0, NVIDIA GeForce RTX 3080, 6250, 3802, 10240, 98, 98
2026/07/30 23:13:57.760, 0, NVIDIA GeForce RTX 3080, 6250, 3802, 10240, 98, 98
2026/07/30 23:13:57.872, 0, NVIDIA GeForce RTX 3080, 6250, 3802, 10240, 98, 98
2026/07/30 23:13:57.984, 0, NVIDIA GeForce RTX 3080, 6250, 3802, 10240, 98, 98
2026/07/30 23:13:58.095, 0, NVIDIA GeForce RTX 3080, 6250, 3802, 10240, 98, 98
2026/07/30 23:13:58.207, 0, NVIDIA GeForce RTX 3080, 6250, 3802, 10240, 98, 98
2026/07/30 23:13:58.319, 0, NVIDIA GeForce RTX 3080, 6250, 3802, 10240, 98, 98
2026/07/30 23:13:58.431, 0, NVIDIA GeForce RTX 3080, 6250, 3802, 10240, 98, 98
2026/07/30 23:13:58.543, 0, NVIDIA GeForce RTX 3080, 6250, 3802, 10240, 98, 98
2026/07/30 23:13:58.655, 0, NVIDIA GeForce RTX 3080, 6250, 3802, 10240, 98, 98
2026/07/30 23:13:58.767, 0, NVIDIA GeForce RTX 3080, 6250, 3802, 10240, 96, 98
2026/07/30 23:13:58.879, 0, NVIDIA GeForce RTX 3080, 6250, 3802, 10240, 96, 98
2026/07/30 23:13:58.990, 0, NVIDIA GeForce RTX 3080, 6250, 3802, 10240, 96, 98
2026/07/30 23:13:59.102, 0, NVIDIA GeForce RTX 3080, 6250, 3802, 10240, 96, 98
2026/07/30 23:13:59.214, 0, NVIDIA GeForce RTX 3080, 6250, 3802, 10240, 95, 98
2026/07/30 23:13:59.326, 0, NVIDIA GeForce RTX 3080, 6250, 3802, 10240, 95, 98
2026/07/30 23:13:59.438, 0, NVIDIA GeForce RTX 3080, 6250, 3802, 10240, 95, 98
2026/07/30 23:13:59.550, 0, NVIDIA GeForce RTX 3080, 6250, 3802, 10240, 95, 98
2026/07/30 23:13:59.662, 0, NVIDIA GeForce RTX 3080, 6250, 3802, 10240, 95, 98
2026/07/30 23:13:59.774, 0, NVIDIA GeForce RTX 3080, 6250, 3802, 10240, 95, 98
2026/07/30 23:13:59.886, 0, NVIDIA GeForce RTX 3080, 6250, 3802, 10240, 95, 98
2026/07/30 23:13:59.998, 0, NVIDIA GeForce RTX 3080, 6250, 3802, 10240, 95, 98
2026/07/30 23:14:00.110, 0, NVIDIA GeForce RTX 3080, 6250, 3802, 10240, 95, 98
2026/07/30 23:14:00.221, 0, NVIDIA GeForce RTX 3080, 6250, 3802, 10240, 94, 96
2026/07/30 23:14:00.332, 0, NVIDIA GeForce RTX 3080, 6250, 3802, 10240, 94, 96
2026/07/30 23:14:00.444, 0, NVIDIA GeForce RTX 3080, 6250, 3802, 10240, 94, 96
2026/07/30 23:14:00.556, 0, NVIDIA GeForce RTX 3080, 6250, 3802, 10240, 94, 96
2026/07/30 23:14:00.666, 0, NVIDIA GeForce RTX 3080, 6250, 3802, 10240, 94, 96
2026/07/30 23:14:00.777, 0, NVIDIA GeForce RTX 3080, 6250, 3802, 10240, 97, 98
2026/07/30 23:14:00.890, 0, NVIDIA GeForce RTX 3080, 6250, 3802, 10240, 97, 98
2026/07/30 23:14:01.002, 0, NVIDIA GeForce RTX 3080, 6250, 3802, 10240, 97, 98
2026/07/30 23:14:01.114, 0, NVIDIA GeForce RTX 3080, 6250, 3802, 10240, 97, 98
2026/07/30 23:14:01.226, 0, NVIDIA GeForce RTX 3080, 6250, 3802, 10240, 96, 97
2026/07/30 23:14:01.338, 0, NVIDIA GeForce RTX 3080, 6250, 3802, 10240, 96, 97
2026/07/30 23:14:01.449, 0, NVIDIA GeForce RTX 3080, 6250, 3802, 10240, 96, 97
2026/07/30 23:14:01.561, 0, NVIDIA GeForce RTX 3080, 6250, 3802, 10240, 96, 97
2026/07/30 23:14:01.673, 0, NVIDIA GeForce RTX 3080, 6250, 3802, 10240, 96, 97
2026/07/30 23:14:01.785, 0, NVIDIA GeForce RTX 3080, 6250, 3802, 10240, 97, 98
2026/07/30 23:14:01.897, 0, NVIDIA GeForce RTX 3080, 6250, 3802, 10240, 97, 98
2026/07/30 23:14:02.009, 0, NVIDIA GeForce RTX 3080, 6250, 3802, 10240, 97, 98
2026/07/30 23:14:02.121, 0, NVIDIA GeForce RTX 3080, 6250, 3802, 10240, 97, 98
2026/07/30 23:14:02.233, 0, NVIDIA GeForce RTX 3080, 6250, 3802, 10240, 97, 98
2026/07/30 23:14:02.345, 0, NVIDIA GeForce RTX 3080, 6250, 3802, 10240, 97, 98
2026/07/30 23:14:02.457, 0, NVIDIA GeForce RTX 3080, 6250, 3802, 10240, 97, 98
2026/07/30 23:14:02.568, 0, NVIDIA GeForce RTX 3080, 6250, 3802, 10240, 97, 98
2026/07/30 23:14:02.680, 0, NVIDIA GeForce RTX 3080, 6250, 3802, 10240, 97, 98
2026/07/30 23:14:02.792, 0, NVIDIA GeForce RTX 3080, 6250, 3802, 10240, 95, 98
2026/07/30 23:14:02.904, 0, NVIDIA GeForce RTX 3080, 6250, 3802, 10240, 95, 98
2026/07/30 23:14:03.016, 0, NVIDIA GeForce RTX 3080, 6250, 3802, 10240, 95, 98
2026/07/30 23:14:03.128, 0, NVIDIA GeForce RTX 3080, 6250, 3802, 10240, 95, 98
2026/07/30 23:14:03.240, 0, NVIDIA GeForce RTX 3080, 6250, 3802, 10240, 96, 98
2026/07/30 23:14:03.352, 0, NVIDIA GeForce RTX 3080, 6250, 3802, 10240, 96, 98
2026/07/30 23:14:03.464, 0, NVIDIA GeForce RTX 3080, 6250, 3802, 10240, 96, 98
2026/07/30 23:14:03.575, 0, NVIDIA GeForce RTX 3080, 6250, 3802, 10240, 96, 98
2026/07/30 23:14:03.688, 0, NVIDIA GeForce RTX 3080, 6250, 3802, 10240, 96, 98
2026/07/30 23:14:03.800, 0, NVIDIA GeForce RTX 3080, 6250, 3802, 10240, 95, 98
2026/07/30 23:14:03.911, 0, NVIDIA GeForce RTX 3080, 6250, 3802, 10240, 95, 98
2026/07/30 23:14:04.023, 0, NVIDIA GeForce RTX 3080, 6250, 3802, 10240, 95, 98
2026/07/30 23:14:04.134, 0, NVIDIA GeForce RTX 3080, 6250, 3802, 10240, 95, 98
2026/07/30 23:14:04.246, 0, NVIDIA GeForce RTX 3080, 6250, 3802, 10240, 96, 98
2026/07/30 23:14:04.358, 0, NVIDIA GeForce RTX 3080, 6250, 3802, 10240, 96, 98
2026/07/30 23:14:04.470, 0, NVIDIA GeForce RTX 3080, 6250, 3802, 10240, 96, 98
2026/07/30 23:14:04.581, 0, NVIDIA GeForce RTX 3080, 6250, 3802, 10240, 96, 98
2026/07/30 23:14:04.693, 0, NVIDIA GeForce RTX 3080, 6250, 3802, 10240, 96, 98
2026/07/30 23:14:04.805, 0, NVIDIA GeForce RTX 3080, 6250, 3802, 10240, 97, 98
2026/07/30 23:14:04.917, 0, NVIDIA GeForce RTX 3080, 6250, 3802, 10240, 97, 98
2026/07/30 23:14:05.029, 0, NVIDIA GeForce RTX 3080, 6250, 3802, 10240, 97, 98
2026/07/30 23:14:05.141, 0, NVIDIA GeForce RTX 3080, 6250, 3802, 10240, 97, 98
2026/07/30 23:14:05.252, 0, NVIDIA GeForce RTX 3080, 6250, 3802, 10240, 97, 98
2026/07/30 23:14:05.364, 0, NVIDIA GeForce RTX 3080, 6250, 3802, 10240, 97, 98
2026/07/30 23:14:05.476, 0, NVIDIA GeForce RTX 3080, 6250, 3802, 10240, 97, 98
2026/07/30 23:14:05.588, 0, NVIDIA GeForce RTX 3080, 6250, 3802, 10240, 97, 98
2026/07/30 23:14:05.700, 0, NVIDIA GeForce RTX 3080, 6250, 3802, 10240, 97, 98
2026/07/30 23:14:05.812, 0, NVIDIA GeForce RTX 3080, 6250, 3802, 10240, 96, 98
2026/07/30 23:14:05.924, 0, NVIDIA GeForce RTX 3080, 6250, 3802, 10240, 96, 98
2026/07/30 23:14:06.036, 0, NVIDIA GeForce RTX 3080, 6250, 3802, 10240, 96, 98
2026/07/30 23:14:06.148, 0, NVIDIA GeForce RTX 3080, 6250, 3802, 10240, 96, 98
2026/07/30 23:14:06.260, 0, NVIDIA GeForce RTX 3080, 6250, 3802, 10240, 97, 98
2026/07/30 23:14:06.373, 0, NVIDIA GeForce RTX 3080, 6250, 3802, 10240, 97, 98
2026/07/30 23:14:06.484, 0, NVIDIA GeForce RTX 3080, 6250, 3802, 10240, 97, 98
2026/07/30 23:14:06.595, 0, NVIDIA GeForce RTX 3080, 6250, 3802, 10240, 97, 98
2026/07/30 23:14:06.704, 0, NVIDIA GeForce RTX 3080, 6250, 3802, 10240, 97, 98
2026/07/30 23:14:06.813, 0, NVIDIA GeForce RTX 3080, 6250, 3802, 10240, 95, 98
2026/07/30 23:14:06.922, 0, NVIDIA GeForce RTX 3080, 6250, 3802, 10240, 95, 98
2026/07/30 23:14:07.031, 0, NVIDIA GeForce RTX 3080, 6250, 3802, 10240, 95, 98
2026/07/30 23:14:07.140, 0, NVIDIA GeForce RTX 3080, 6250, 3802, 10240, 95, 98
2026/07/30 23:14:07.250, 0, NVIDIA GeForce RTX 3080, 6250, 3802, 10240, 95, 98
2026/07/30 23:14:07.360, 0, NVIDIA GeForce RTX 3080, 6250, 3802, 10240, 95, 98
2026/07/30 23:14:07.470, 0, NVIDIA GeForce RTX 3080, 6250, 3802, 10240, 95, 98
2026/07/30 23:14:07.582, 0, NVIDIA GeForce RTX 3080, 6250, 3802, 10240, 95, 98
2026/07/30 23:14:07.693, 0, NVIDIA GeForce RTX 3080, 6250, 3802, 10240, 95, 98
2026/07/30 23:14:07.805, 0, NVIDIA GeForce RTX 3080, 6250, 3802, 10240, 95, 98
2026/07/30 23:14:07.917, 0, NVIDIA GeForce RTX 3080, 6250, 3802, 10240, 95, 98
2026/07/30 23:14:08.029, 0, NVIDIA GeForce RTX 3080, 6250, 3802, 10240, 95, 98
2026/07/30 23:14:08.141, 0, NVIDIA GeForce RTX 3080, 6250, 3802, 10240, 95, 98
2026/07/30 23:14:08.253, 0, NVIDIA GeForce RTX 3080, 6250, 3802, 10240, 95, 98
2026/07/30 23:14:08.364, 0, NVIDIA GeForce RTX 3080, 6250, 3802, 10240, 95, 98
2026/07/30 23:14:08.476, 0, NVIDIA GeForce RTX 3080, 6250, 3802, 10240, 95, 98
2026/07/30 23:14:08.588, 0, NVIDIA GeForce RTX 3080, 6250, 3802, 10240, 95, 98
2026/07/30 23:14:08.697, 0, NVIDIA GeForce RTX 3080, 6250, 3802, 10240, 95, 98
2026/07/30 23:14:08.806, 0, NVIDIA GeForce RTX 3080, 6250, 3802, 10240, 91, 95
2026/07/30 23:14:08.915, 0, NVIDIA GeForce RTX 3080, 6250, 3802, 10240, 91, 95
2026/07/30 23:14:09.024, 0, NVIDIA GeForce RTX 3080, 6250, 3802, 10240, 91, 95
2026/07/30 23:14:09.135, 0, NVIDIA GeForce RTX 3080, 6250, 3802, 10240, 91, 95
2026/07/30 23:14:09.246, 0, NVIDIA GeForce RTX 3080, 6250, 3802, 10240, 97, 98
2026/07/30 23:14:09.358, 0, NVIDIA GeForce RTX 3080, 6250, 3802, 10240, 97, 98
2026/07/30 23:14:09.470, 0, NVIDIA GeForce RTX 3080, 6250, 3802, 10240, 97, 98
2026/07/30 23:14:09.581, 0, NVIDIA GeForce RTX 3080, 6250, 3802, 10240, 97, 98
2026/07/30 23:14:09.693, 0, NVIDIA GeForce RTX 3080, 6250, 3802, 10240, 97, 98
2026/07/30 23:14:09.803, 0, NVIDIA GeForce RTX 3080, 6250, 3802, 10240, 97, 98
2026/07/30 23:14:09.915, 0, NVIDIA GeForce RTX 3080, 6250, 3802, 10240, 97, 98
2026/07/30 23:14:10.026, 0, NVIDIA GeForce RTX 3080, 6250, 3802, 10240, 97, 98
2026/07/30 23:14:10.138, 0, NVIDIA GeForce RTX 3080, 6250, 3802, 10240, 97, 98
2026/07/30 23:14:10.250, 0, NVIDIA GeForce RTX 3080, 6250, 3802, 10240, 97, 98
2026/07/30 23:14:10.362, 0, NVIDIA GeForce RTX 3080, 6250, 3802, 10240, 97, 98
2026/07/30 23:14:10.474, 0, NVIDIA GeForce RTX 3080, 6250, 3802, 10240, 97, 98
2026/07/30 23:14:10.586, 0, NVIDIA GeForce RTX 3080, 6250, 3802, 10240, 97, 98
2026/07/30 23:14:10.698, 0, NVIDIA GeForce RTX 3080, 6250, 3802, 10240, 97, 98
2026/07/30 23:14:10.810, 0, NVIDIA GeForce RTX 3080, 6250, 3802, 10240, 98, 98
2026/07/30 23:14:10.921, 0, NVIDIA GeForce RTX 3080, 6250, 3802, 10240, 98, 98
2026/07/30 23:14:11.033, 0, NVIDIA GeForce RTX 3080, 6250, 3802, 10240, 98, 98
2026/07/30 23:14:11.144, 0, NVIDIA GeForce RTX 3080, 6250, 3802, 10240, 98, 98
2026/07/30 23:14:11.256, 0, NVIDIA GeForce RTX 3080, 6250, 3802, 10240, 98, 98
2026/07/30 23:14:11.366, 0, NVIDIA GeForce RTX 3080, 6250, 3802, 10240, 98, 98
2026/07/30 23:14:11.477, 0, NVIDIA GeForce RTX 3080, 6250, 3802, 10240, 98, 98
2026/07/30 23:14:11.589, 0, NVIDIA GeForce RTX 3080, 6250, 3802, 10240, 98, 98
2026/07/30 23:14:11.701, 0, NVIDIA GeForce RTX 3080, 6250, 3802, 10240, 98, 98
2026/07/30 23:14:11.812, 0, NVIDIA GeForce RTX 3080, 6250, 3802, 10240, 98, 98
2026/07/30 23:14:11.924, 0, NVIDIA GeForce RTX 3080, 6250, 3802, 10240, 98, 98
2026/07/30 23:14:12.036, 0, NVIDIA GeForce RTX 3080, 6250, 3802, 10240, 98, 98
2026/07/30 23:14:12.146, 0, NVIDIA GeForce RTX 3080, 6250, 3802, 10240, 98, 98
2026/07/30 23:14:12.258, 0, NVIDIA GeForce RTX 3080, 6250, 3802, 10240, 98, 98
2026/07/30 23:14:12.370, 0, NVIDIA GeForce RTX 3080, 6250, 3802, 10240, 98, 98
2026/07/30 23:14:12.481, 0, NVIDIA GeForce RTX 3080, 6250, 3802, 10240, 98, 98
2026/07/30 23:14:12.592, 0, NVIDIA GeForce RTX 3080, 6250, 3802, 10240, 98, 98
2026/07/30 23:14:12.704, 0, NVIDIA GeForce RTX 3080, 6250, 3802, 10240, 98, 98
2026/07/30 23:14:12.816, 0, NVIDIA GeForce RTX 3080, 6250, 3802, 10240, 95, 98
2026/07/30 23:14:12.927, 0, NVIDIA GeForce RTX 3080, 6250, 3802, 10240, 95, 98
2026/07/30 23:14:13.038, 0, NVIDIA GeForce RTX 3080, 6250, 3802, 10240, 95, 98
2026/07/30 23:14:13.149, 0, NVIDIA GeForce RTX 3080, 6250, 3802, 10240, 95, 98
2026/07/30 23:14:13.261, 0, NVIDIA GeForce RTX 3080, 6250, 3802, 10240, 96, 98
2026/07/30 23:14:13.373, 0, NVIDIA GeForce RTX 3080, 6250, 3802, 10240, 96, 98
2026/07/30 23:14:13.485, 0, NVIDIA GeForce RTX 3080, 6250, 3802, 10240, 96, 98
2026/07/30 23:14:13.596, 0, NVIDIA GeForce RTX 3080, 6250, 3802, 10240, 96, 98
2026/07/30 23:14:13.705, 0, NVIDIA GeForce RTX 3080, 6250, 3802, 10240, 96, 98
2026/07/30 23:14:13.814, 0, NVIDIA GeForce RTX 3080, 6250, 3802, 10240, 95, 98
2026/07/30 23:14:13.923, 0, NVIDIA GeForce RTX 3080, 6250, 3802, 10240, 95, 98
2026/07/30 23:14:14.032, 0, NVIDIA GeForce RTX 3080, 6250, 3802, 10240, 95, 98
2026/07/30 23:14:14.144, 0, NVIDIA GeForce RTX 3080, 6250, 3802, 10240, 95, 98
2026/07/30 23:14:14.256, 0, NVIDIA GeForce RTX 3080, 6250, 3802, 10240, 95, 98
2026/07/30 23:14:14.368, 0, NVIDIA GeForce RTX 3080, 6250, 3802, 10240, 95, 98
2026/07/30 23:14:14.479, 0, NVIDIA GeForce RTX 3080, 6250, 3802, 10240, 95, 98
2026/07/30 23:14:14.591, 0, NVIDIA GeForce RTX 3080, 6250, 3802, 10240, 95, 98
2026/07/30 23:14:14.703, 0, NVIDIA GeForce RTX 3080, 6250, 3802, 10240, 95, 98
2026/07/30 23:14:14.815, 0, NVIDIA GeForce RTX 3080, 6250, 3802, 10240, 97, 98
2026/07/30 23:14:14.927, 0, NVIDIA GeForce RTX 3080, 6250, 3802, 10240, 97, 98
2026/07/30 23:14:15.039, 0, NVIDIA GeForce RTX 3080, 6250, 3802, 10240, 97, 98
2026/07/30 23:14:15.151, 0, NVIDIA GeForce RTX 3080, 6250, 3802, 10240, 97, 98
2026/07/30 23:14:15.263, 0, NVIDIA GeForce RTX 3080, 6250, 3802, 10240, 97, 98
2026/07/30 23:14:15.376, 0, NVIDIA GeForce RTX 3080, 6250, 3802, 10240, 97, 98
2026/07/30 23:14:15.488, 0, NVIDIA GeForce RTX 3080, 6250, 3802, 10240, 97, 98
2026/07/30 23:14:15.600, 0, NVIDIA GeForce RTX 3080, 6250, 3802, 10240, 97, 98
2026/07/30 23:14:15.710, 0, NVIDIA GeForce RTX 3080, 6250, 3802, 10240, 97, 98
2026/07/30 23:14:15.821, 0, NVIDIA GeForce RTX 3080, 6250, 3802, 10240, 96, 97
2026/07/30 23:14:15.933, 0, NVIDIA GeForce RTX 3080, 6250, 3802, 10240, 96, 97
2026/07/30 23:14:16.045, 0, NVIDIA GeForce RTX 3080, 6250, 3802, 10240, 96, 97
2026/07/30 23:14:16.157, 0, NVIDIA GeForce RTX 3080, 6250, 3802, 10240, 96, 97
2026/07/30 23:14:16.268, 0, NVIDIA GeForce RTX 3080, 6250, 3802, 10240, 97, 97
2026/07/30 23:14:16.380, 0, NVIDIA GeForce RTX 3080, 6250, 3802, 10240, 97, 97
2026/07/30 23:14:16.490, 0, NVIDIA GeForce RTX 3080, 6250, 3802, 10240, 97, 97
2026/07/30 23:14:16.602, 0, NVIDIA GeForce RTX 3080, 6250, 3802, 10240, 97, 97
2026/07/30 23:14:16.714, 0, NVIDIA GeForce RTX 3080, 6250, 3802, 10240, 97, 97
2026/07/30 23:14:16.826, 0, NVIDIA GeForce RTX 3080, 6250, 3802, 10240, 94, 97
2026/07/30 23:14:16.938, 0, NVIDIA GeForce RTX 3080, 6250, 3802, 10240, 94, 97
2026/07/30 23:14:17.050, 0, NVIDIA GeForce RTX 3080, 6250, 3802, 10240, 94, 97
2026/07/30 23:14:17.162, 0, NVIDIA GeForce RTX 3080, 6250, 3802, 10240, 94, 97
2026/07/30 23:14:17.273, 0, NVIDIA GeForce RTX 3080, 6250, 3802, 10240, 96, 98
2026/07/30 23:14:17.385, 0, NVIDIA GeForce RTX 3080, 6250, 3802, 10240, 96, 98
2026/07/30 23:14:17.497, 0, NVIDIA GeForce RTX 3080, 6250, 3802, 10240, 96, 98
2026/07/30 23:14:17.609, 0, NVIDIA GeForce RTX 3080, 6250, 3802, 10240, 96, 98
2026/07/30 23:14:17.721, 0, NVIDIA GeForce RTX 3080, 6250, 3802, 10240, 95, 98
2026/07/30 23:14:17.832, 0, NVIDIA GeForce RTX 3080, 6250, 3802, 10240, 95, 98
2026/07/30 23:14:17.944, 0, NVIDIA GeForce RTX 3080, 6250, 3802, 10240, 95, 98
2026/07/30 23:14:18.055, 0, NVIDIA GeForce RTX 3080, 6250, 3802, 10240, 95, 98
2026/07/30 23:14:18.167, 0, NVIDIA GeForce RTX 3080, 6250, 3802, 10240, 95, 98
2026/07/30 23:14:18.279, 0, NVIDIA GeForce RTX 3080, 6250, 3802, 10240, 96, 98
2026/07/30 23:14:18.391, 0, NVIDIA GeForce RTX 3080, 6250, 3802, 10240, 96, 98
2026/07/30 23:14:18.503, 0, NVIDIA GeForce RTX 3080, 6250, 3802, 10240, 96, 98
2026/07/30 23:14:18.614, 0, NVIDIA GeForce RTX 3080, 6250, 3802, 10240, 96, 98
2026/07/30 23:14:18.727, 0, NVIDIA GeForce RTX 3080, 6250, 3802, 10240, 97, 98
2026/07/30 23:14:18.838, 0, NVIDIA GeForce RTX 3080, 6250, 3802, 10240, 97, 98
2026/07/30 23:14:18.949, 0, NVIDIA GeForce RTX 3080, 6250, 3802, 10240, 97, 98
2026/07/30 23:14:19.061, 0, NVIDIA GeForce RTX 3080, 6250, 3802, 10240, 97, 98
2026/07/30 23:14:19.173, 0, NVIDIA GeForce RTX 3080, 6250, 3802, 10240, 97, 98
2026/07/30 23:14:19.284, 0, NVIDIA GeForce RTX 3080, 6250, 3802, 10240, 97, 98
2026/07/30 23:14:19.395, 0, NVIDIA GeForce RTX 3080, 6250, 3802, 10240, 97, 98
2026/07/30 23:14:19.507, 0, NVIDIA GeForce RTX 3080, 6250, 3802, 10240, 97, 98
2026/07/30 23:14:19.619, 0, NVIDIA GeForce RTX 3080, 6250, 3802, 10240, 97, 98
2026/07/30 23:14:19.731, 0, NVIDIA GeForce RTX 3080, 6250, 3802, 10240, 97, 98
2026/07/30 23:14:19.843, 0, NVIDIA GeForce RTX 3080, 6250, 3802, 10240, 97, 98
2026/07/30 23:14:19.955, 0, NVIDIA GeForce RTX 3080, 6250, 3802, 10240, 97, 98
2026/07/30 23:14:20.067, 0, NVIDIA GeForce RTX 3080, 6250, 3802, 10240, 97, 98
2026/07/30 23:14:20.179, 0, NVIDIA GeForce RTX 3080, 6250, 3802, 10240, 97, 98
2026/07/30 23:14:20.291, 0, NVIDIA GeForce RTX 3080, 6250, 3802, 10240, 97, 98
2026/07/30 23:14:20.403, 0, NVIDIA GeForce RTX 3080, 6250, 3802, 10240, 97, 98
2026/07/30 23:14:20.515, 0, NVIDIA GeForce RTX 3080, 6250, 3802, 10240, 97, 98
2026/07/30 23:14:20.627, 0, NVIDIA GeForce RTX 3080, 6250, 3802, 10240, 97, 98
2026/07/30 23:14:20.737, 0, NVIDIA GeForce RTX 3080, 6250, 3802, 10240, 95, 98
2026/07/30 23:14:20.849, 0, NVIDIA GeForce RTX 3080, 6250, 3802, 10240, 95, 98
2026/07/30 23:14:20.961, 0, NVIDIA GeForce RTX 3080, 6250, 3802, 10240, 95, 98
2026/07/30 23:14:21.073, 0, NVIDIA GeForce RTX 3080, 6250, 3802, 10240, 95, 98
2026/07/30 23:14:21.186, 0, NVIDIA GeForce RTX 3080, 6250, 3802, 10240, 95, 98
2026/07/30 23:14:21.297, 0, NVIDIA GeForce RTX 3080, 6250, 3802, 10240, 95, 97
2026/07/30 23:14:21.409, 0, NVIDIA GeForce RTX 3080, 6250, 3802, 10240, 95, 97
2026/07/30 23:14:21.521, 0, NVIDIA GeForce RTX 3080, 6250, 3802, 10240, 95, 97
2026/07/30 23:14:21.633, 0, NVIDIA GeForce RTX 3080, 6250, 3802, 10240, 95, 97
2026/07/30 23:14:21.745, 0, NVIDIA GeForce RTX 3080, 6250, 3802, 10240, 95, 98
2026/07/30 23:14:21.857, 0, NVIDIA GeForce RTX 3080, 6250, 3802, 10240, 95, 98
2026/07/30 23:14:21.969, 0, NVIDIA GeForce RTX 3080, 6250, 3802, 10240, 95, 98
2026/07/30 23:14:22.081, 0, NVIDIA GeForce RTX 3080, 6250, 3802, 10240, 95, 98
2026/07/30 23:14:22.192, 0, NVIDIA GeForce RTX 3080, 6250, 3802, 10240, 95, 98
2026/07/30 23:14:22.303, 0, NVIDIA GeForce RTX 3080, 6250, 3802, 10240, 95, 98
2026/07/30 23:14:22.415, 0, NVIDIA GeForce RTX 3080, 6250, 3802, 10240, 95, 98
2026/07/30 23:14:22.525, 0, NVIDIA GeForce RTX 3080, 6250, 3802, 10240, 95, 98
2026/07/30 23:14:22.636, 0, NVIDIA GeForce RTX 3080, 6250, 3802, 10240, 95, 98
2026/07/30 23:14:22.748, 0, NVIDIA GeForce RTX 3080, 6250, 3802, 10240, 91, 95
2026/07/30 23:14:22.860, 0, NVIDIA GeForce RTX 3080, 6250, 3802, 10240, 91, 95
2026/07/30 23:14:22.972, 0, NVIDIA GeForce RTX 3080, 6250, 3802, 10240, 91, 95
2026/07/30 23:14:23.084, 0, NVIDIA GeForce RTX 3080, 6250, 3802, 10240, 91, 95
2026/07/30 23:14:23.196, 0, NVIDIA GeForce RTX 3080, 6250, 3802, 10240, 91, 95
2026/07/30 23:14:23.308, 0, NVIDIA GeForce RTX 3080, 6250, 3802, 10240, 96, 97
2026/07/30 23:14:23.420, 0, NVIDIA GeForce RTX 3080, 6250, 3802, 10240, 96, 97
2026/07/30 23:14:23.532, 0, NVIDIA GeForce RTX 3080, 6250, 3802, 10240, 96, 97
2026/07/30 23:14:23.644, 0, NVIDIA GeForce RTX 3080, 6250, 3802, 10240, 96, 97
2026/07/30 23:14:23.756, 0, NVIDIA GeForce RTX 3080, 6250, 3802, 10240, 96, 98
2026/07/30 23:14:23.867, 0, NVIDIA GeForce RTX 3080, 6250, 3802, 10240, 96, 98
2026/07/30 23:14:23.979, 0, NVIDIA GeForce RTX 3080, 6250, 3802, 10240, 96, 98
2026/07/30 23:14:24.091, 0, NVIDIA GeForce RTX 3080, 6250, 3802, 10240, 96, 98
2026/07/30 23:14:24.203, 0, NVIDIA GeForce RTX 3080, 6250, 3802, 10240, 96, 98
2026/07/30 23:14:24.315, 0, NVIDIA GeForce RTX 3080, 6250, 3802, 10240, 97, 98
2026/07/30 23:14:24.427, 0, NVIDIA GeForce RTX 3080, 6250, 3802, 10240, 97, 98
2026/07/30 23:14:24.539, 0, NVIDIA GeForce RTX 3080, 6250, 3802, 10240, 97, 98
2026/07/30 23:14:24.650, 0, NVIDIA GeForce RTX 3080, 6250, 3802, 10240, 97, 98
2026/07/30 23:14:24.762, 0, NVIDIA GeForce RTX 3080, 6250, 3802, 10240, 97, 97
2026/07/30 23:14:24.874, 0, NVIDIA GeForce RTX 3080, 6250, 3802, 10240, 97, 97
2026/07/30 23:14:24.986, 0, NVIDIA GeForce RTX 3080, 6250, 3802, 10240, 97, 97
2026/07/30 23:14:25.098, 0, NVIDIA GeForce RTX 3080, 6250, 3802, 10240, 97, 97
2026/07/30 23:14:25.209, 0, NVIDIA GeForce RTX 3080, 6250, 3802, 10240, 97, 97
2026/07/30 23:14:25.321, 0, NVIDIA GeForce RTX 3080, 6250, 3802, 10240, 97, 97
2026/07/30 23:14:25.433, 0, NVIDIA GeForce RTX 3080, 6250, 3802, 10240, 97, 97
2026/07/30 23:14:25.545, 0, NVIDIA GeForce RTX 3080, 6250, 3802, 10240, 97, 97
2026/07/30 23:14:25.657, 0, NVIDIA GeForce RTX 3080, 6250, 3802, 10240, 97, 97
2026/07/30 23:14:25.768, 0, NVIDIA GeForce RTX 3080, 6250, 3802, 10240, 97, 97
2026/07/30 23:14:25.880, 0, NVIDIA GeForce RTX 3080, 6250, 3802, 10240, 97, 97
2026/07/30 23:14:25.992, 0, NVIDIA GeForce RTX 3080, 6250, 3802, 10240, 97, 97
2026/07/30 23:14:26.104, 0, NVIDIA GeForce RTX 3080, 6250, 3802, 10240, 97, 97
2026/07/30 23:14:26.216, 0, NVIDIA GeForce RTX 3080, 6250, 3802, 10240, 98, 98
2026/07/30 23:14:26.328, 0, NVIDIA GeForce RTX 3080, 6250, 3802, 10240, 98, 98
2026/07/30 23:14:26.440, 0, NVIDIA GeForce RTX 3080, 6250, 3802, 10240, 98, 98
2026/07/30 23:14:26.552, 0, NVIDIA GeForce RTX 3080, 6250, 3802, 10240, 98, 98
2026/07/30 23:14:26.663, 0, NVIDIA GeForce RTX 3080, 6250, 3802, 10240, 98, 98
2026/07/30 23:14:26.773, 0, NVIDIA GeForce RTX 3080, 6250, 3802, 10240, 93, 96
2026/07/30 23:14:26.881, 0, NVIDIA GeForce RTX 3080, 6250, 3802, 10240, 93, 96
2026/07/30 23:14:26.991, 0, NVIDIA GeForce RTX 3080, 6250, 3802, 10240, 93, 96
2026/07/30 23:14:27.098, 0, NVIDIA GeForce RTX 3080, 6250, 3802, 10240, 93, 96
2026/07/30 23:14:27.207, 0, NVIDIA GeForce RTX 3080, 6250, 3802, 10240, 93, 96
2026/07/30 23:14:27.316, 0, NVIDIA GeForce RTX 3080, 6250, 3802, 10240, 95, 98
2026/07/30 23:14:27.427, 0, NVIDIA GeForce RTX 3080, 6250, 3802, 10240, 95, 98
2026/07/30 23:14:27.539, 0, NVIDIA GeForce RTX 3080, 6250, 3802, 10240, 95, 98
2026/07/30 23:14:27.650, 0, NVIDIA GeForce RTX 3080, 6250, 3802, 10240, 95, 98
2026/07/30 23:14:27.762, 0, NVIDIA GeForce RTX 3080, 6250, 3802, 10240, 95, 98
2026/07/30 23:14:27.874, 0, NVIDIA GeForce RTX 3080, 6250, 3802, 10240, 95, 98
2026/07/30 23:14:27.986, 0, NVIDIA GeForce RTX 3080, 6250, 3802, 10240, 95, 98
2026/07/30 23:14:28.098, 0, NVIDIA GeForce RTX 3080, 6250, 3802, 10240, 95, 98
2026/07/30 23:14:28.210, 0, NVIDIA GeForce RTX 3080, 6250, 3802, 10240, 95, 98
2026/07/30 23:14:28.322, 0, NVIDIA GeForce RTX 3080, 6250, 3802, 10240, 96, 98
2026/07/30 23:14:28.434, 0, NVIDIA GeForce RTX 3080, 6250, 3802, 10240, 96, 98
2026/07/30 23:14:28.546, 0, NVIDIA GeForce RTX 3080, 6250, 3802, 10240, 96, 98
2026/07/30 23:14:28.657, 0, NVIDIA GeForce RTX 3080, 6250, 3802, 10240, 96, 98
2026/07/30 23:14:28.767, 0, NVIDIA GeForce RTX 3080, 6250, 3802, 10240, 96, 96
2026/07/30 23:14:28.876, 0, NVIDIA GeForce RTX 3080, 6250, 3802, 10240, 96, 96
2026/07/30 23:14:28.985, 0, NVIDIA GeForce RTX 3080, 6250, 3802, 10240, 96, 96
2026/07/30 23:14:29.097, 0, NVIDIA GeForce RTX 3080, 6250, 3802, 10240, 96, 96
2026/07/30 23:14:29.209, 0, NVIDIA GeForce RTX 3080, 6250, 3802, 10240, 96, 96
2026/07/30 23:14:29.319, 0, NVIDIA GeForce RTX 3080, 6250, 3802, 10240, 97, 98
2026/07/30 23:14:29.430, 0, NVIDIA GeForce RTX 3080, 6250, 3802, 10240, 97, 98
2026/07/30 23:14:29.542, 0, NVIDIA GeForce RTX 3080, 6250, 3802, 10240, 97, 98
2026/07/30 23:14:29.654, 0, NVIDIA GeForce RTX 3080, 6250, 3802, 10240, 97, 98
2026/07/30 23:14:29.765, 0, NVIDIA GeForce RTX 3080, 6250, 3802, 10240, 97, 98
2026/07/30 23:14:29.877, 0, NVIDIA GeForce RTX 3080, 6250, 3802, 10240, 97, 98
2026/07/30 23:14:29.989, 0, NVIDIA GeForce RTX 3080, 6250, 3802, 10240, 97, 98
2026/07/30 23:14:30.100, 0, NVIDIA GeForce RTX 3080, 6250, 3802, 10240, 97, 98
2026/07/30 23:14:30.211, 0, NVIDIA GeForce RTX 3080, 6250, 3802, 10240, 97, 98
2026/07/30 23:14:30.322, 0, NVIDIA GeForce RTX 3080, 6250, 3802, 10240, 97, 98
2026/07/30 23:14:30.433, 0, NVIDIA GeForce RTX 3080, 6250, 3802, 10240, 97, 98
2026/07/30 23:14:30.545, 0, NVIDIA GeForce RTX 3080, 6250, 3802, 10240, 97, 98
2026/07/30 23:14:30.657, 0, NVIDIA GeForce RTX 3080, 6250, 3802, 10240, 97, 98
2026/07/30 23:14:30.768, 0, NVIDIA GeForce RTX 3080, 6250, 3802, 10240, 95, 97
2026/07/30 23:14:30.880, 0, NVIDIA GeForce RTX 3080, 6250, 3802, 10240, 95, 97
2026/07/30 23:14:30.990, 0, NVIDIA GeForce RTX 3080, 6250, 3802, 10240, 95, 97
2026/07/30 23:14:31.102, 0, NVIDIA GeForce RTX 3080, 6250, 3802, 10240, 95, 97
2026/07/30 23:14:31.213, 0, NVIDIA GeForce RTX 3080, 6250, 3802, 10240, 95, 97
2026/07/30 23:14:31.325, 0, NVIDIA GeForce RTX 3080, 6250, 3802, 10240, 95, 97
2026/07/30 23:14:31.437, 0, NVIDIA GeForce RTX 3080, 6250, 3802, 10240, 95, 97
2026/07/30 23:14:31.548, 0, NVIDIA GeForce RTX 3080, 6250, 3802, 10240, 95, 97
2026/07/30 23:14:31.660, 0, NVIDIA GeForce RTX 3080, 6250, 3802, 10240, 95, 97
2026/07/30 23:14:31.772, 0, NVIDIA GeForce RTX 3080, 6250, 3802, 10240, 95, 98
2026/07/30 23:14:31.884, 0, NVIDIA GeForce RTX 3080, 6250, 3802, 10240, 95, 98
2026/07/30 23:14:31.996, 0, NVIDIA GeForce RTX 3080, 6250, 3802, 10240, 95, 98
2026/07/30 23:14:32.108, 0, NVIDIA GeForce RTX 3080, 6250, 3802, 10240, 95, 98
2026/07/30 23:14:32.220, 0, NVIDIA GeForce RTX 3080, 6250, 3802, 10240, 96, 98
2026/07/30 23:14:32.332, 0, NVIDIA GeForce RTX 3080, 6250, 3802, 10240, 96, 98
2026/07/30 23:14:32.444, 0, NVIDIA GeForce RTX 3080, 6250, 3802, 10240, 96, 98
2026/07/30 23:14:32.556, 0, NVIDIA GeForce RTX 3080, 6250, 3802, 10240, 96, 98
2026/07/30 23:14:32.668, 0, NVIDIA GeForce RTX 3080, 6250, 3802, 10240, 96, 98
2026/07/30 23:14:32.781, 0, NVIDIA GeForce RTX 3080, 6250, 3802, 10240, 97, 98
2026/07/30 23:14:32.892, 0, NVIDIA GeForce RTX 3080, 6250, 3802, 10240, 97, 98
2026/07/30 23:14:33.004, 0, NVIDIA GeForce RTX 3080, 6250, 3802, 10240, 97, 98
2026/07/30 23:14:33.116, 0, NVIDIA GeForce RTX 3080, 6250, 3802, 10240, 97, 98
2026/07/30 23:14:33.227, 0, NVIDIA GeForce RTX 3080, 6250, 3802, 10240, 97, 98
2026/07/30 23:14:33.338, 0, NVIDIA GeForce RTX 3080, 6250, 3802, 10240, 97, 98
2026/07/30 23:14:33.449, 0, NVIDIA GeForce RTX 3080, 6250, 3802, 10240, 97, 98
2026/07/30 23:14:33.559, 0, NVIDIA GeForce RTX 3080, 6250, 3802, 10240, 97, 98
2026/07/30 23:14:33.671, 0, NVIDIA GeForce RTX 3080, 6250, 3802, 10240, 97, 98
2026/07/30 23:14:33.780, 0, NVIDIA GeForce RTX 3080, 6250, 3802, 10240, 96, 98
2026/07/30 23:14:33.888, 0, NVIDIA GeForce RTX 3080, 6250, 3802, 10240, 96, 98
2026/07/30 23:14:33.998, 0, NVIDIA GeForce RTX 3080, 6250, 3802, 10240, 96, 98
2026/07/30 23:14:34.110, 0, NVIDIA GeForce RTX 3080, 6250, 3802, 10240, 96, 98
2026/07/30 23:14:34.222, 0, NVIDIA GeForce RTX 3080, 6250, 3802, 10240, 97, 98
2026/07/30 23:14:34.333, 0, NVIDIA GeForce RTX 3080, 6250, 3802, 10240, 97, 98
2026/07/30 23:14:34.445, 0, NVIDIA GeForce RTX 3080, 6250, 3802, 10240, 97, 98
2026/07/30 23:14:34.557, 0, NVIDIA GeForce RTX 3080, 6250, 3802, 10240, 97, 98
2026/07/30 23:14:34.669, 0, NVIDIA GeForce RTX 3080, 6250, 3802, 10240, 97, 98
2026/07/30 23:14:34.781, 0, NVIDIA GeForce RTX 3080, 6250, 3802, 10240, 94, 96
2026/07/30 23:14:34.893, 0, NVIDIA GeForce RTX 3080, 6250, 3802, 10240, 94, 96
2026/07/30 23:14:35.004, 0, NVIDIA GeForce RTX 3080, 6250, 3802, 10240, 94, 96
2026/07/30 23:14:35.116, 0, NVIDIA GeForce RTX 3080, 6250, 3802, 10240, 94, 96
2026/07/30 23:14:35.228, 0, NVIDIA GeForce RTX 3080, 6250, 3802, 10240, 95, 98
2026/07/30 23:14:35.340, 0, NVIDIA GeForce RTX 3080, 6250, 3802, 10240, 95, 98
2026/07/30 23:14:35.452, 0, NVIDIA GeForce RTX 3080, 6250, 3802, 10240, 95, 98
2026/07/30 23:14:35.564, 0, NVIDIA GeForce RTX 3080, 6250, 3802, 10240, 95, 98
2026/07/30 23:14:35.676, 0, NVIDIA GeForce RTX 3080, 6250, 3802, 10240, 95, 98
2026/07/30 23:14:35.788, 0, NVIDIA GeForce RTX 3080, 6250, 3802, 10240, 95, 98
2026/07/30 23:14:35.899, 0, NVIDIA GeForce RTX 3080, 6250, 3802, 10240, 95, 98
2026/07/30 23:14:36.011, 0, NVIDIA GeForce RTX 3080, 6250, 3802, 10240, 95, 98
2026/07/30 23:14:36.122, 0, NVIDIA GeForce RTX 3080, 6250, 3802, 10240, 95, 98
2026/07/30 23:14:36.234, 0, NVIDIA GeForce RTX 3080, 6250, 3802, 10240, 96, 98
2026/07/30 23:14:36.346, 0, NVIDIA GeForce RTX 3080, 6250, 3802, 10240, 96, 98
2026/07/30 23:14:36.458, 0, NVIDIA GeForce RTX 3080, 6250, 3802, 10240, 96, 98
2026/07/30 23:14:36.570, 0, NVIDIA GeForce RTX 3080, 6250, 3802, 10240, 96, 98
2026/07/30 23:14:36.682, 0, NVIDIA GeForce RTX 3080, 6250, 3802, 10240, 96, 98
2026/07/30 23:14:36.793, 0, NVIDIA GeForce RTX 3080, 6250, 3802, 10240, 92, 95
2026/07/30 23:14:36.904, 0, NVIDIA GeForce RTX 3080, 6250, 3802, 10240, 92, 95
2026/07/30 23:14:37.015, 0, NVIDIA GeForce RTX 3080, 6250, 3802, 10240, 92, 95
2026/07/30 23:14:37.125, 0, NVIDIA GeForce RTX 3080, 6250, 3802, 10240, 92, 95
2026/07/30 23:14:37.235, 0, NVIDIA GeForce RTX 3080, 6250, 3802, 10240, 96, 97
2026/07/30 23:14:37.347, 0, NVIDIA GeForce RTX 3080, 6250, 3802, 10240, 96, 97
2026/07/30 23:14:37.459, 0, NVIDIA GeForce RTX 3080, 6250, 3802, 10240, 96, 97
2026/07/30 23:14:37.571, 0, NVIDIA GeForce RTX 3080, 6250, 3802, 10240, 96, 97
2026/07/30 23:14:37.683, 0, NVIDIA GeForce RTX 3080, 6250, 3802, 10240, 96, 97
2026/07/30 23:14:37.795, 0, NVIDIA GeForce RTX 3080, 6250, 3802, 10240, 97, 98
2026/07/30 23:14:37.906, 0, NVIDIA GeForce RTX 3080, 6250, 3802, 10240, 97, 98
2026/07/30 23:14:38.018, 0, NVIDIA GeForce RTX 3080, 6250, 3802, 10240, 97, 98
2026/07/30 23:14:38.128, 0, NVIDIA GeForce RTX 3080, 6250, 3802, 10240, 97, 98
2026/07/30 23:14:38.240, 0, NVIDIA GeForce RTX 3080, 6250, 3802, 10240, 97, 98
2026/07/30 23:14:38.352, 0, NVIDIA GeForce RTX 3080, 6250, 3802, 10240, 97, 98
2026/07/30 23:14:38.462, 0, NVIDIA GeForce RTX 3080, 6250, 3802, 10240, 97, 98
2026/07/30 23:14:38.574, 0, NVIDIA GeForce RTX 3080, 6250, 3802, 10240, 97, 98
2026/07/30 23:14:38.686, 0, NVIDIA GeForce RTX 3080, 6250, 3802, 10240, 97, 98
2026/07/30 23:14:38.798, 0, NVIDIA GeForce RTX 3080, 6250, 3802, 10240, 97, 97
2026/07/30 23:14:38.910, 0, NVIDIA GeForce RTX 3080, 6250, 3802, 10240, 97, 97
2026/07/30 23:14:39.021, 0, NVIDIA GeForce RTX 3080, 6250, 3802, 10240, 97, 97
2026/07/30 23:14:39.133, 0, NVIDIA GeForce RTX 3080, 6250, 3802, 10240, 97, 97
2026/07/30 23:14:39.245, 0, NVIDIA GeForce RTX 3080, 6250, 3802, 10240, 98, 98
2026/07/30 23:14:39.357, 0, NVIDIA GeForce RTX 3080, 6250, 3802, 10240, 98, 98
2026/07/30 23:14:39.469, 0, NVIDIA GeForce RTX 3080, 6250, 3802, 10240, 98, 98
2026/07/30 23:14:39.581, 0, NVIDIA GeForce RTX 3080, 6250, 3802, 10240, 98, 98
2026/07/30 23:14:39.693, 0, NVIDIA GeForce RTX 3080, 6250, 3802, 10240, 98, 98
2026/07/30 23:14:39.804, 0, NVIDIA GeForce RTX 3080, 6250, 3802, 10240, 98, 98
2026/07/30 23:14:39.914, 0, NVIDIA GeForce RTX 3080, 6250, 3802, 10240, 98, 98
2026/07/30 23:14:40.026, 0, NVIDIA GeForce RTX 3080, 6250, 3802, 10240, 98, 98
2026/07/30 23:14:40.139, 0, NVIDIA GeForce RTX 3080, 6250, 3802, 10240, 98, 98
2026/07/30 23:14:40.251, 0, NVIDIA GeForce RTX 3080, 6250, 3802, 10240, 98, 98
2026/07/30 23:14:40.363, 0, NVIDIA GeForce RTX 3080, 6250, 3802, 10240, 98, 98
2026/07/30 23:14:40.475, 0, NVIDIA GeForce RTX 3080, 6250, 3802, 10240, 98, 98
2026/07/30 23:14:40.586, 0, NVIDIA GeForce RTX 3080, 6250, 3802, 10240, 98, 98
2026/07/30 23:14:40.697, 0, NVIDIA GeForce RTX 3080, 6250, 3802, 10240, 98, 98
2026/07/30 23:14:40.807, 0, NVIDIA GeForce RTX 3080, 6250, 3802, 10240, 95, 98
2026/07/30 23:14:40.919, 0, NVIDIA GeForce RTX 3080, 6250, 3802, 10240, 95, 98
2026/07/30 23:14:41.031, 0, NVIDIA GeForce RTX 3080, 6250, 3802, 10240, 95, 98
2026/07/30 23:14:41.143, 0, NVIDIA GeForce RTX 3080, 6250, 3802, 10240, 95, 98
2026/07/30 23:14:41.255, 0, NVIDIA GeForce RTX 3080, 6250, 3802, 10240, 94, 97
2026/07/30 23:14:41.367, 0, NVIDIA GeForce RTX 3080, 6250, 3802, 10240, 94, 97
2026/07/30 23:14:41.478, 0, NVIDIA GeForce RTX 3080, 6250, 3802, 10240, 94, 97
2026/07/30 23:14:41.590, 0, NVIDIA GeForce RTX 3080, 6250, 3802, 10240, 94, 97
2026/07/30 23:14:41.701, 0, NVIDIA GeForce RTX 3080, 6250, 3802, 10240, 94, 97
2026/07/30 23:14:41.811, 0, NVIDIA GeForce RTX 3080, 6250, 3802, 10240, 96, 98
2026/07/30 23:14:41.920, 0, NVIDIA GeForce RTX 3080, 6250, 3802, 10240, 96, 98
2026/07/30 23:14:42.029, 0, NVIDIA GeForce RTX 3080, 6250, 3802, 10240, 96, 98
2026/07/30 23:14:42.139, 0, NVIDIA GeForce RTX 3080, 6250, 3802, 10240, 96, 98
2026/07/30 23:14:42.248, 0, NVIDIA GeForce RTX 3080, 6250, 3802, 10240, 96, 98
2026/07/30 23:14:42.358, 0, NVIDIA GeForce RTX 3080, 6250, 3802, 10240, 96, 98
2026/07/30 23:14:42.470, 0, NVIDIA GeForce RTX 3080, 6250, 3802, 10240, 96, 98
2026/07/30 23:14:42.582, 0, NVIDIA GeForce RTX 3080, 6250, 3802, 10240, 96, 98
2026/07/30 23:14:42.694, 0, NVIDIA GeForce RTX 3080, 6250, 3802, 10240, 96, 98
2026/07/30 23:14:42.806, 0, NVIDIA GeForce RTX 3080, 6250, 3802, 10240, 97, 97
2026/07/30 23:14:42.918, 0, NVIDIA GeForce RTX 3080, 6250, 3802, 10240, 97, 97
2026/07/30 23:14:43.030, 0, NVIDIA GeForce RTX 3080, 6250, 3802, 10240, 97, 97
2026/07/30 23:14:43.142, 0, NVIDIA GeForce RTX 3080, 6250, 3802, 10240, 97, 97
2026/07/30 23:14:43.254, 0, NVIDIA GeForce RTX 3080, 6250, 3802, 10240, 97, 98
2026/07/30 23:14:43.365, 0, NVIDIA GeForce RTX 3080, 6250, 3802, 10240, 97, 98
2026/07/30 23:14:43.477, 0, NVIDIA GeForce RTX 3080, 6250, 3802, 10240, 97, 98
2026/07/30 23:14:43.588, 0, NVIDIA GeForce RTX 3080, 6250, 3802, 10240, 97, 98
2026/07/30 23:14:43.700, 0, NVIDIA GeForce RTX 3080, 6250, 3802, 10240, 97, 98
2026/07/30 23:14:43.812, 0, NVIDIA GeForce RTX 3080, 6250, 3802, 10240, 97, 98
2026/07/30 23:14:43.924, 0, NVIDIA GeForce RTX 3080, 6250, 3802, 10240, 97, 98
2026/07/30 23:14:44.035, 0, NVIDIA GeForce RTX 3080, 6250, 3802, 10240, 97, 98
2026/07/30 23:14:44.147, 0, NVIDIA GeForce RTX 3080, 6250, 3802, 10240, 97, 98
2026/07/30 23:14:44.259, 0, NVIDIA GeForce RTX 3080, 6250, 3802, 10240, 97, 98
2026/07/30 23:14:44.371, 0, NVIDIA GeForce RTX 3080, 6250, 3802, 10240, 97, 98
2026/07/30 23:14:44.483, 0, NVIDIA GeForce RTX 3080, 6250, 3802, 10240, 97, 98
2026/07/30 23:14:44.595, 0, NVIDIA GeForce RTX 3080, 6250, 3802, 10240, 97, 98
2026/07/30 23:14:44.707, 0, NVIDIA GeForce RTX 3080, 6250, 3802, 10240, 97, 98
2026/07/30 23:14:44.819, 0, NVIDIA GeForce RTX 3080, 6250, 3802, 10240, 96, 98
2026/07/30 23:14:44.931, 0, NVIDIA GeForce RTX 3080, 6250, 3802, 10240, 96, 98
2026/07/30 23:14:45.043, 0, NVIDIA GeForce RTX 3080, 6250, 3802, 10240, 96, 98
2026/07/30 23:14:45.155, 0, NVIDIA GeForce RTX 3080, 6250, 3802, 10240, 96, 98
2026/07/30 23:14:45.267, 0, NVIDIA GeForce RTX 3080, 6250, 3802, 10240, 95, 98
2026/07/30 23:14:45.379, 0, NVIDIA GeForce RTX 3080, 6250, 3802, 10240, 95, 98
2026/07/30 23:14:45.491, 0, NVIDIA GeForce RTX 3080, 6250, 3802, 10240, 95, 98
2026/07/30 23:14:45.603, 0, NVIDIA GeForce RTX 3080, 6250, 3802, 10240, 95, 98
2026/07/30 23:14:45.715, 0, NVIDIA GeForce RTX 3080, 6250, 3802, 10240, 95, 98
2026/07/30 23:14:45.826, 0, NVIDIA GeForce RTX 3080, 6250, 3802, 10240, 96, 98
2026/07/30 23:14:45.938, 0, NVIDIA GeForce RTX 3080, 6250, 3802, 10240, 96, 98
2026/07/30 23:14:46.051, 0, NVIDIA GeForce RTX 3080, 6250, 3802, 10240, 96, 98
2026/07/30 23:14:46.163, 0, NVIDIA GeForce RTX 3080, 6250, 3802, 10240, 96, 98
2026/07/30 23:14:46.275, 0, NVIDIA GeForce RTX 3080, 6250, 3802, 10240, 96, 98
2026/07/30 23:14:46.387, 0, NVIDIA GeForce RTX 3080, 6250, 3802, 10240, 96, 98
2026/07/30 23:14:46.499, 0, NVIDIA GeForce RTX 3080, 6250, 3802, 10240, 96, 98
2026/07/30 23:14:46.611, 0, NVIDIA GeForce RTX 3080, 6250, 3802, 10240, 96, 98
2026/07/30 23:14:46.722, 0, NVIDIA GeForce RTX 3080, 6250, 3802, 10240, 97, 98
2026/07/30 23:14:46.831, 0, NVIDIA GeForce RTX 3080, 6250, 3802, 10240, 97, 98
2026/07/30 23:14:46.940, 0, NVIDIA GeForce RTX 3080, 6250, 3802, 10240, 97, 98
2026/07/30 23:14:47.050, 0, NVIDIA GeForce RTX 3080, 6250, 3802, 10240, 97, 98
2026/07/30 23:14:47.158, 0, NVIDIA GeForce RTX 3080, 6250, 3802, 10240, 97, 98
2026/07/30 23:14:47.268, 0, NVIDIA GeForce RTX 3080, 6250, 3802, 10240, 97, 98
2026/07/30 23:14:47.380, 0, NVIDIA GeForce RTX 3080, 6250, 3802, 10240, 97, 98
2026/07/30 23:14:47.492, 0, NVIDIA GeForce RTX 3080, 6250, 3802, 10240, 97, 98
2026/07/30 23:14:47.604, 0, NVIDIA GeForce RTX 3080, 6250, 3802, 10240, 97, 98
2026/07/30 23:14:47.716, 0, NVIDIA GeForce RTX 3080, 6250, 3802, 10240, 97, 98
2026/07/30 23:14:47.828, 0, NVIDIA GeForce RTX 3080, 6250, 3802, 10240, 96, 97
2026/07/30 23:14:47.940, 0, NVIDIA GeForce RTX 3080, 6250, 3802, 10240, 96, 97
2026/07/30 23:14:48.052, 0, NVIDIA GeForce RTX 3080, 6250, 3802, 10240, 96, 97
2026/07/30 23:14:48.164, 0, NVIDIA GeForce RTX 3080, 6250, 3802, 10240, 96, 97
2026/07/30 23:14:48.276, 0, NVIDIA GeForce RTX 3080, 6250, 3802, 10240, 97, 98
2026/07/30 23:14:48.389, 0, NVIDIA GeForce RTX 3080, 6250, 3802, 10240, 97, 98
2026/07/30 23:14:48.501, 0, NVIDIA GeForce RTX 3080, 6250, 3802, 10240, 97, 98
2026/07/30 23:14:48.613, 0, NVIDIA GeForce RTX 3080, 6250, 3802, 10240, 97, 98
2026/07/30 23:14:48.724, 0, NVIDIA GeForce RTX 3080, 6250, 3802, 10240, 95, 98
2026/07/30 23:14:48.834, 0, NVIDIA GeForce RTX 3080, 6250, 3802, 10240, 95, 98
2026/07/30 23:14:48.945, 0, NVIDIA GeForce RTX 3080, 6250, 3802, 10240, 95, 98
2026/07/30 23:14:49.057, 0, NVIDIA GeForce RTX 3080, 6250, 3802, 10240, 95, 98
2026/07/30 23:14:49.169, 0, NVIDIA GeForce RTX 3080, 6250, 3802, 10240, 95, 98
2026/07/30 23:14:49.281, 0, NVIDIA GeForce RTX 3080, 6250, 3802, 10240, 95, 98
2026/07/30 23:14:49.393, 0, NVIDIA GeForce RTX 3080, 6250, 3802, 10240, 95, 98
2026/07/30 23:14:49.505, 0, NVIDIA GeForce RTX 3080, 6250, 3802, 10240, 95, 98
2026/07/30 23:14:49.617, 0, NVIDIA GeForce RTX 3080, 6250, 3802, 10240, 95, 98
2026/07/30 23:14:49.729, 0, NVIDIA GeForce RTX 3080, 6250, 3802, 10240, 94, 97
2026/07/30 23:14:49.841, 0, NVIDIA GeForce RTX 3080, 6250, 3802, 10240, 94, 97
2026/07/30 23:14:49.952, 0, NVIDIA GeForce RTX 3080, 6250, 3802, 10240, 94, 97
2026/07/30 23:14:50.064, 0, NVIDIA GeForce RTX 3080, 6250, 3802, 10240, 94, 97
2026/07/30 23:14:50.175, 0, NVIDIA GeForce RTX 3080, 6250, 3802, 10240, 94, 97
2026/07/30 23:14:50.286, 0, NVIDIA GeForce RTX 3080, 6250, 3802, 10240, 95, 98
2026/07/30 23:14:50.397, 0, NVIDIA GeForce RTX 3080, 6250, 3802, 10240, 95, 98
2026/07/30 23:14:50.509, 0, NVIDIA GeForce RTX 3080, 6250, 3802, 10240, 95, 98
2026/07/30 23:14:50.621, 0, NVIDIA GeForce RTX 3080, 6250, 3802, 10240, 95, 98
2026/07/30 23:14:50.732, 0, NVIDIA GeForce RTX 3080, 6250, 3802, 10240, 92, 95
2026/07/30 23:14:50.844, 0, NVIDIA GeForce RTX 3080, 6250, 3802, 10240, 92, 95
2026/07/30 23:14:50.956, 0, NVIDIA GeForce RTX 3080, 6250, 3802, 10240, 92, 95
2026/07/30 23:14:51.068, 0, NVIDIA GeForce RTX 3080, 6250, 3802, 10240, 92, 95
2026/07/30 23:14:51.180, 0, NVIDIA GeForce RTX 3080, 6250, 3802, 10240, 92, 95
2026/07/30 23:14:51.292, 0, NVIDIA GeForce RTX 3080, 6250, 3802, 10240, 97, 98
2026/07/30 23:14:51.404, 0, NVIDIA GeForce RTX 3080, 6250, 3802, 10240, 97, 98
2026/07/30 23:14:51.516, 0, NVIDIA GeForce RTX 3080, 6250, 3802, 10240, 97, 98
2026/07/30 23:14:51.628, 0, NVIDIA GeForce RTX 3080, 6250, 3802, 10240, 97, 98
2026/07/30 23:14:51.739, 0, NVIDIA GeForce RTX 3080, 6250, 3802, 10240, 97, 98
2026/07/30 23:14:51.851, 0, NVIDIA GeForce RTX 3080, 6250, 3802, 10240, 97, 98
2026/07/30 23:14:51.963, 0, NVIDIA GeForce RTX 3080, 6250, 3802, 10240, 97, 98
2026/07/30 23:14:52.074, 0, NVIDIA GeForce RTX 3080, 6250, 3802, 10240, 97, 98
2026/07/30 23:14:52.186, 0, NVIDIA GeForce RTX 3080, 6250, 3802, 10240, 97, 98
2026/07/30 23:14:52.299, 0, NVIDIA GeForce RTX 3080, 6250, 3802, 10240, 97, 98
2026/07/30 23:14:52.411, 0, NVIDIA GeForce RTX 3080, 6250, 3802, 10240, 97, 98
2026/07/30 23:14:52.523, 0, NVIDIA GeForce RTX 3080, 6250, 3802, 10240, 97, 98
2026/07/30 23:14:52.635, 0, NVIDIA GeForce RTX 3080, 6250, 3802, 10240, 97, 98
2026/07/30 23:14:52.747, 0, NVIDIA GeForce RTX 3080, 6250, 3802, 10240, 98, 98
2026/07/30 23:14:52.859, 0, NVIDIA GeForce RTX 3080, 6250, 3802, 10240, 98, 98
2026/07/30 23:14:52.971, 0, NVIDIA GeForce RTX 3080, 6250, 3802, 10240, 98, 98
2026/07/30 23:14:53.083, 0, NVIDIA GeForce RTX 3080, 6250, 3802, 10240, 98, 98
2026/07/30 23:14:53.195, 0, NVIDIA GeForce RTX 3080, 6250, 3802, 10240, 98, 98
2026/07/30 23:14:53.307, 0, NVIDIA GeForce RTX 3080, 6250, 3802, 10240, 98, 98
2026/07/30 23:14:53.419, 0, NVIDIA GeForce RTX 3080, 6250, 3802, 10240, 98, 98
2026/07/30 23:14:53.531, 0, NVIDIA GeForce RTX 3080, 6250, 3802, 10240, 98, 98
2026/07/30 23:14:53.642, 0, NVIDIA GeForce RTX 3080, 6250, 3802, 10240, 98, 98
2026/07/30 23:14:53.753, 0, NVIDIA GeForce RTX 3080, 6250, 3802, 10240, 98, 98
2026/07/30 23:14:53.863, 0, NVIDIA GeForce RTX 3080, 6250, 3802, 10240, 98, 98
2026/07/30 23:14:53.974, 0, NVIDIA GeForce RTX 3080, 6250, 3802, 10240, 98, 98
2026/07/30 23:14:54.086, 0, NVIDIA GeForce RTX 3080, 6250, 3802, 10240, 98, 98
2026/07/30 23:14:54.197, 0, NVIDIA GeForce RTX 3080, 6250, 3802, 10240, 98, 98
2026/07/30 23:14:54.309, 0, NVIDIA GeForce RTX 3080, 6250, 3802, 10240, 98, 98
2026/07/30 23:14:54.421, 0, NVIDIA GeForce RTX 3080, 6250, 3802, 10240, 98, 98
2026/07/30 23:14:54.533, 0, NVIDIA GeForce RTX 3080, 6250, 3802, 10240, 98, 98
2026/07/30 23:14:54.645, 0, NVIDIA GeForce RTX 3080, 6250, 3802, 10240, 98, 98
2026/07/30 23:14:54.756, 0, NVIDIA GeForce RTX 3080, 6250, 3802, 10240, 96, 98
2026/07/30 23:14:54.867, 0, NVIDIA GeForce RTX 3080, 6250, 3802, 10240, 96, 98
2026/07/30 23:14:54.979, 0, NVIDIA GeForce RTX 3080, 6250, 3802, 10240, 96, 98
2026/07/30 23:14:55.089, 0, NVIDIA GeForce RTX 3080, 6250, 3802, 10240, 96, 98
2026/07/30 23:14:55.200, 0, NVIDIA GeForce RTX 3080, 6250, 3802, 10240, 96, 98
2026/07/30 23:14:55.312, 0, NVIDIA GeForce RTX 3080, 6250, 3802, 10240, 94, 97
2026/07/30 23:14:55.424, 0, NVIDIA GeForce RTX 3080, 6250, 3802, 10240, 94, 97
2026/07/30 23:14:55.536, 0, NVIDIA GeForce RTX 3080, 6250, 3802, 10240, 94, 97
2026/07/30 23:14:55.648, 0, NVIDIA GeForce RTX 3080, 6250, 3802, 10240, 94, 97
2026/07/30 23:14:55.760, 0, NVIDIA GeForce RTX 3080, 6250, 3802, 10240, 95, 98
2026/07/30 23:14:55.871, 0, NVIDIA GeForce RTX 3080, 6250, 3802, 10240, 95, 98
2026/07/30 23:14:55.984, 0, NVIDIA GeForce RTX 3080, 6250, 3802, 10240, 95, 98
2026/07/30 23:14:56.095, 0, NVIDIA GeForce RTX 3080, 6250, 3802, 10240, 95, 98
2026/07/30 23:14:56.207, 0, NVIDIA GeForce RTX 3080, 6250, 3802, 10240, 95, 98
2026/07/30 23:14:56.319, 0, NVIDIA GeForce RTX 3080, 6250, 3802, 10240, 95, 98
2026/07/30 23:14:56.430, 0, NVIDIA GeForce RTX 3080, 6250, 3802, 10240, 95, 98
2026/07/30 23:14:56.542, 0, NVIDIA GeForce RTX 3080, 6250, 3802, 10240, 95, 98
2026/07/30 23:14:56.654, 0, NVIDIA GeForce RTX 3080, 6250, 3802, 10240, 95, 98
2026/07/30 23:14:56.766, 0, NVIDIA GeForce RTX 3080, 6250, 3802, 10240, 97, 97
2026/07/30 23:14:56.878, 0, NVIDIA GeForce RTX 3080, 6250, 3802, 10240, 97, 97
2026/07/30 23:14:56.990, 0, NVIDIA GeForce RTX 3080, 6250, 3802, 10240, 97, 97
2026/07/30 23:14:57.102, 0, NVIDIA GeForce RTX 3080, 6250, 3802, 10240, 97, 97
2026/07/30 23:14:57.214, 0, NVIDIA GeForce RTX 3080, 6250, 3802, 10240, 97, 97
2026/07/30 23:14:57.326, 0, NVIDIA GeForce RTX 3080, 6250, 3802, 10240, 97, 97
2026/07/30 23:14:57.438, 0, NVIDIA GeForce RTX 3080, 6250, 3802, 10240, 97, 97
2026/07/30 23:14:57.549, 0, NVIDIA GeForce RTX 3080, 6250, 3802, 10240, 97, 97
2026/07/30 23:14:57.660, 0, NVIDIA GeForce RTX 3080, 6250, 3802, 10240, 97, 97
2026/07/30 23:14:57.772, 0, NVIDIA GeForce RTX 3080, 6250, 3802, 10240, 97, 97
2026/07/30 23:14:57.884, 0, NVIDIA GeForce RTX 3080, 6250, 3802, 10240, 97, 97
2026/07/30 23:14:57.996, 0, NVIDIA GeForce RTX 3080, 6250, 3802, 10240, 97, 97
2026/07/30 23:14:58.108, 0, NVIDIA GeForce RTX 3080, 6250, 3802, 10240, 97, 97
2026/07/30 23:14:58.220, 0, NVIDIA GeForce RTX 3080, 6250, 3802, 10240, 97, 97
2026/07/30 23:14:58.332, 0, NVIDIA GeForce RTX 3080, 6250, 3802, 10240, 97, 97
2026/07/30 23:14:58.444, 0, NVIDIA GeForce RTX 3080, 6250, 3802, 10240, 97, 97
2026/07/30 23:14:58.556, 0, NVIDIA GeForce RTX 3080, 6250, 3802, 10240, 97, 97
2026/07/30 23:14:58.668, 0, NVIDIA GeForce RTX 3080, 6250, 3802, 10240, 97, 97
2026/07/30 23:14:58.780, 0, NVIDIA GeForce RTX 3080, 6250, 3802, 10240, 95, 97
2026/07/30 23:14:58.892, 0, NVIDIA GeForce RTX 3080, 6250, 3802, 10240, 95, 97
2026/07/30 23:14:59.004, 0, NVIDIA GeForce RTX 3080, 6250, 3802, 10240, 95, 97
2026/07/30 23:14:59.116, 0, NVIDIA GeForce RTX 3080, 6250, 3802, 10240, 95, 97
2026/07/30 23:14:59.228, 0, NVIDIA GeForce RTX 3080, 6250, 3802, 10240, 95, 97
2026/07/30 23:14:59.340, 0, NVIDIA GeForce RTX 3080, 6250, 3802, 10240, 95, 97
2026/07/30 23:14:59.452, 0, NVIDIA GeForce RTX 3080, 6250, 3802, 10240, 95, 97
2026/07/30 23:14:59.563, 0, NVIDIA GeForce RTX 3080, 6250, 3802, 10240, 95, 97
2026/07/30 23:14:59.675, 0, NVIDIA GeForce RTX 3080, 6250, 3802, 10240, 95, 97
2026/07/30 23:14:59.785, 0, NVIDIA GeForce RTX 3080, 6250, 3802, 10240, 95, 97
2026/07/30 23:14:59.895, 0, NVIDIA GeForce RTX 3080, 6250, 3802, 10240, 95, 97
2026/07/30 23:15:00.004, 0, NVIDIA GeForce RTX 3080, 6250, 3802, 10240, 95, 97
2026/07/30 23:15:00.113, 0, NVIDIA GeForce RTX 3080, 6250, 3802, 10240, 95, 97
2026/07/30 23:15:00.223, 0, NVIDIA GeForce RTX 3080, 6250, 3802, 10240, 96, 98
2026/07/30 23:15:00.332, 0, NVIDIA GeForce RTX 3080, 6250, 3802, 10240, 96, 98
2026/07/30 23:15:00.442, 0, NVIDIA GeForce RTX 3080, 6250, 3802, 10240, 96, 98
2026/07/30 23:15:00.551, 0, NVIDIA GeForce RTX 3080, 6250, 3802, 10240, 96, 98
2026/07/30 23:15:00.663, 0, NVIDIA GeForce RTX 3080, 6250, 3802, 10240, 96, 98
2026/07/30 23:15:00.775, 0, NVIDIA GeForce RTX 3080, 6250, 3802, 10240, 96, 97
2026/07/30 23:15:00.887, 0, NVIDIA GeForce RTX 3080, 6250, 3802, 10240, 96, 97
2026/07/30 23:15:00.999, 0, NVIDIA GeForce RTX 3080, 6250, 3802, 10240, 96, 97
2026/07/30 23:15:01.111, 0, NVIDIA GeForce RTX 3080, 6250, 3802, 10240, 96, 97
2026/07/30 23:15:01.223, 0, NVIDIA GeForce RTX 3080, 6250, 3802, 10240, 97, 98
2026/07/30 23:15:01.335, 0, NVIDIA GeForce RTX 3080, 6250, 3802, 10240, 97, 98
2026/07/30 23:15:01.446, 0, NVIDIA GeForce RTX 3080, 6250, 3802, 10240, 97, 98
2026/07/30 23:15:01.558, 0, NVIDIA GeForce RTX 3080, 6250, 3802, 10240, 97, 98
2026/07/30 23:15:01.670, 0, NVIDIA GeForce RTX 3080, 6250, 3802, 10240, 97, 98
2026/07/30 23:15:01.781, 0, NVIDIA GeForce RTX 3080, 6250, 3802, 10240, 97, 98
2026/07/30 23:15:01.890, 0, NVIDIA GeForce RTX 3080, 6250, 3802, 10240, 97, 98
2026/07/30 23:15:01.999, 0, NVIDIA GeForce RTX 3080, 6250, 3802, 10240, 97, 98
2026/07/30 23:15:02.109, 0, NVIDIA GeForce RTX 3080, 6250, 3802, 10240, 97, 98
2026/07/30 23:15:02.218, 0, NVIDIA GeForce RTX 3080, 6250, 3802, 10240, 97, 98
2026/07/30 23:15:02.329, 0, NVIDIA GeForce RTX 3080, 6250, 3802, 10240, 97, 98
2026/07/30 23:15:02.441, 0, NVIDIA GeForce RTX 3080, 6250, 3802, 10240, 97, 98
2026/07/30 23:15:02.552, 0, NVIDIA GeForce RTX 3080, 6250, 3802, 10240, 97, 98
2026/07/30 23:15:02.664, 0, NVIDIA GeForce RTX 3080, 6250, 3802, 10240, 97, 98
2026/07/30 23:15:02.775, 0, NVIDIA GeForce RTX 3080, 6250, 3802, 10240, 95, 98
2026/07/30 23:15:02.886, 0, NVIDIA GeForce RTX 3080, 6250, 3802, 10240, 95, 98
2026/07/30 23:15:02.998, 0, NVIDIA GeForce RTX 3080, 6250, 3802, 10240, 95, 98
2026/07/30 23:15:03.109, 0, NVIDIA GeForce RTX 3080, 6250, 3802, 10240, 95, 98
2026/07/30 23:15:03.221, 0, NVIDIA GeForce RTX 3080, 6250, 3802, 10240, 95, 97
2026/07/30 23:15:03.332, 0, NVIDIA GeForce RTX 3080, 6250, 3802, 10240, 95, 97
2026/07/30 23:15:03.444, 0, NVIDIA GeForce RTX 3080, 6250, 3802, 10240, 95, 97
2026/07/30 23:15:03.556, 0, NVIDIA GeForce RTX 3080, 6250, 3802, 10240, 95, 97
2026/07/30 23:15:03.668, 0, NVIDIA GeForce RTX 3080, 6250, 3802, 10240, 95, 97
2026/07/30 23:15:03.779, 0, NVIDIA GeForce RTX 3080, 6250, 3802, 10240, 95, 98
2026/07/30 23:15:03.890, 0, NVIDIA GeForce RTX 3080, 6250, 3802, 10240, 95, 98
2026/07/30 23:15:04.001, 0, NVIDIA GeForce RTX 3080, 6250, 3802, 10240, 95, 98
2026/07/30 23:15:04.112, 0, NVIDIA GeForce RTX 3080, 6250, 3802, 10240, 95, 98
2026/07/30 23:15:04.224, 0, NVIDIA GeForce RTX 3080, 6250, 3802, 10240, 95, 98
2026/07/30 23:15:04.336, 0, NVIDIA GeForce RTX 3080, 6250, 3802, 10240, 95, 98
2026/07/30 23:15:04.449, 0, NVIDIA GeForce RTX 3080, 6250, 3802, 10240, 95, 98
2026/07/30 23:15:04.560, 0, NVIDIA GeForce RTX 3080, 6250, 3802, 10240, 95, 98
2026/07/30 23:15:04.672, 0, NVIDIA GeForce RTX 3080, 6250, 3802, 10240, 95, 98
2026/07/30 23:15:04.784, 0, NVIDIA GeForce RTX 3080, 6250, 3802, 10240, 93, 95
2026/07/30 23:15:04.896, 0, NVIDIA GeForce RTX 3080, 6250, 3802, 10240, 93, 95
2026/07/30 23:15:05.007, 0, NVIDIA GeForce RTX 3080, 6250, 3802, 10240, 93, 95
2026/07/30 23:15:05.118, 0, NVIDIA GeForce RTX 3080, 6250, 3802, 10240, 93, 95
2026/07/30 23:15:05.230, 0, NVIDIA GeForce RTX 3080, 6250, 3802, 10240, 96, 97
2026/07/30 23:15:05.341, 0, NVIDIA GeForce RTX 3080, 6250, 3802, 10240, 96, 97
2026/07/30 23:15:05.453, 0, NVIDIA GeForce RTX 3080, 6250, 3802, 10240, 96, 97
2026/07/30 23:15:05.565, 0, NVIDIA GeForce RTX 3080, 6250, 3802, 10240, 96, 97
2026/07/30 23:15:05.676, 0, NVIDIA GeForce RTX 3080, 6250, 3802, 10240, 96, 97
2026/07/30 23:15:05.788, 0, NVIDIA GeForce RTX 3080, 6250, 3802, 10240, 96, 98
2026/07/30 23:15:05.899, 0, NVIDIA GeForce RTX 3080, 6250, 3802, 10240, 96, 98
2026/07/30 23:15:06.011, 0, NVIDIA GeForce RTX 3080, 6250, 3802, 10240, 96, 98
2026/07/30 23:15:06.123, 0, NVIDIA GeForce RTX 3080, 6250, 3802, 10240, 96, 98
2026/07/30 23:15:06.235, 0, NVIDIA GeForce RTX 3080, 6250, 3802, 10240, 96, 98
2026/07/30 23:15:06.347, 0, NVIDIA GeForce RTX 3080, 6250, 3802, 10240, 96, 98
2026/07/30 23:15:06.458, 0, NVIDIA GeForce RTX 3080, 6250, 3802, 10240, 96, 98
2026/07/30 23:15:06.570, 0, NVIDIA GeForce RTX 3080, 6250, 3802, 10240, 96, 98
2026/07/30 23:15:06.681, 0, NVIDIA GeForce RTX 3080, 6250, 3802, 10240, 96, 98
2026/07/30 23:15:06.791, 0, NVIDIA GeForce RTX 3080, 6250, 3802, 10240, 97, 97
2026/07/30 23:15:06.900, 0, NVIDIA GeForce RTX 3080, 6250, 3802, 10240, 97, 97
2026/07/30 23:15:07.010, 0, NVIDIA GeForce RTX 3080, 6250, 3802, 10240, 97, 97
2026/07/30 23:15:07.119, 0, NVIDIA GeForce RTX 3080, 6250, 3802, 10240, 97, 97
2026/07/30 23:15:07.230, 0, NVIDIA GeForce RTX 3080, 6250, 3802, 10240, 98, 98
2026/07/30 23:15:07.342, 0, NVIDIA GeForce RTX 3080, 6250, 3802, 10240, 98, 98
2026/07/30 23:15:07.454, 0, NVIDIA GeForce RTX 3080, 6250, 3802, 10240, 98, 98
2026/07/30 23:15:07.564, 0, NVIDIA GeForce RTX 3080, 6250, 3802, 10240, 98, 98
2026/07/30 23:15:07.676, 0, NVIDIA GeForce RTX 3080, 6250, 3802, 10240, 98, 98
2026/07/30 23:15:07.788, 0, NVIDIA GeForce RTX 3080, 6250, 3802, 10240, 98, 98
2026/07/30 23:15:07.898, 0, NVIDIA GeForce RTX 3080, 6250, 3802, 10240, 98, 98
2026/07/30 23:15:08.010, 0, NVIDIA GeForce RTX 3080, 6250, 3802, 10240, 98, 98
2026/07/30 23:15:08.122, 0, NVIDIA GeForce RTX 3080, 6250, 3802, 10240, 98, 98
2026/07/30 23:15:08.232, 0, NVIDIA GeForce RTX 3080, 6250, 3802, 10240, 98, 98
2026/07/30 23:15:08.343, 0, NVIDIA GeForce RTX 3080, 6250, 3802, 10240, 98, 98
2026/07/30 23:15:08.455, 0, NVIDIA GeForce RTX 3080, 6250, 3802, 10240, 98, 98
2026/07/30 23:15:08.567, 0, NVIDIA GeForce RTX 3080, 6250, 3802, 10240, 98, 98
2026/07/30 23:15:08.679, 0, NVIDIA GeForce RTX 3080, 6250, 3802, 10240, 98, 98
2026/07/30 23:15:08.790, 0, NVIDIA GeForce RTX 3080, 6250, 3802, 10240, 95, 98
2026/07/30 23:15:08.899, 0, NVIDIA GeForce RTX 3080, 6250, 3802, 10240, 95, 98
2026/07/30 23:15:09.011, 0, NVIDIA GeForce RTX 3080, 6250, 3802, 10240, 95, 98
2026/07/30 23:15:09.123, 0, NVIDIA GeForce RTX 3080, 6250, 3802, 10240, 95, 98
2026/07/30 23:15:09.235, 0, NVIDIA GeForce RTX 3080, 6250, 3802, 10240, 96, 98
2026/07/30 23:15:09.347, 0, NVIDIA GeForce RTX 3080, 6250, 3802, 10240, 96, 98
2026/07/30 23:15:09.459, 0, NVIDIA GeForce RTX 3080, 6250, 3802, 10240, 96, 98
2026/07/30 23:15:09.570, 0, NVIDIA GeForce RTX 3080, 6250, 3802, 10240, 96, 98
2026/07/30 23:15:09.682, 0, NVIDIA GeForce RTX 3080, 6250, 3802, 10240, 96, 98
2026/07/30 23:15:09.794, 0, NVIDIA GeForce RTX 3080, 6250, 3802, 10240, 96, 98
2026/07/30 23:15:09.906, 0, NVIDIA GeForce RTX 3080, 6250, 3802, 10240, 96, 98
2026/07/30 23:15:10.018, 0, NVIDIA GeForce RTX 3080, 6250, 3802, 10240, 96, 98
2026/07/30 23:15:10.129, 0, NVIDIA GeForce RTX 3080, 6250, 3802, 10240, 96, 98
2026/07/30 23:15:10.241, 0, NVIDIA GeForce RTX 3080, 6250, 3802, 10240, 96, 98
2026/07/30 23:15:10.353, 0, NVIDIA GeForce RTX 3080, 6250, 3802, 10240, 96, 98
2026/07/30 23:15:10.464, 0, NVIDIA GeForce RTX 3080, 6250, 3802, 10240, 96, 98
2026/07/30 23:15:10.576, 0, NVIDIA GeForce RTX 3080, 6250, 3802, 10240, 96, 98
2026/07/30 23:15:10.688, 0, NVIDIA GeForce RTX 3080, 6250, 3802, 10240, 96, 98
2026/07/30 23:15:10.800, 0, NVIDIA GeForce RTX 3080, 6250, 3802, 10240, 95, 96
2026/07/30 23:15:10.912, 0, NVIDIA GeForce RTX 3080, 6250, 3802, 10240, 95, 96
2026/07/30 23:15:11.024, 0, NVIDIA GeForce RTX 3080, 6250, 3802, 10240, 95, 96
2026/07/30 23:15:11.136, 0, NVIDIA GeForce RTX 3080, 6250, 3802, 10240, 95, 96
2026/07/30 23:15:11.248, 0, NVIDIA GeForce RTX 3080, 6250, 3802, 10240, 96, 96
2026/07/30 23:15:11.359, 0, NVIDIA GeForce RTX 3080, 6250, 3802, 10240, 96, 96
2026/07/30 23:15:11.471, 0, NVIDIA GeForce RTX 3080, 6250, 3802, 10240, 96, 96
2026/07/30 23:15:11.583, 0, NVIDIA GeForce RTX 3080, 6250, 3802, 10240, 96, 96
2026/07/30 23:15:11.694, 0, NVIDIA GeForce RTX 3080, 6250, 3802, 10240, 96, 96
2026/07/30 23:15:11.806, 0, NVIDIA GeForce RTX 3080, 6250, 3802, 10240, 97, 98
2026/07/30 23:15:11.917, 0, NVIDIA GeForce RTX 3080, 6250, 3802, 10240, 97, 98
2026/07/30 23:15:12.027, 0, NVIDIA GeForce RTX 3080, 6250, 3802, 10240, 97, 98
2026/07/30 23:15:12.139, 0, NVIDIA GeForce RTX 3080, 6250, 3802, 10240, 97, 98
2026/07/30 23:15:12.251, 0, NVIDIA GeForce RTX 3080, 6250, 3802, 10240, 97, 98
2026/07/30 23:15:12.363, 0, NVIDIA GeForce RTX 3080, 6250, 3802, 10240, 97, 98
2026/07/30 23:15:12.475, 0, NVIDIA GeForce RTX 3080, 6250, 3802, 10240, 97, 98
2026/07/30 23:15:12.586, 0, NVIDIA GeForce RTX 3080, 6250, 3802, 10240, 97, 98
2026/07/30 23:15:12.697, 0, NVIDIA GeForce RTX 3080, 6250, 3802, 10240, 97, 98
2026/07/30 23:15:12.809, 0, NVIDIA GeForce RTX 3080, 6250, 3802, 10240, 96, 98
2026/07/30 23:15:12.921, 0, NVIDIA GeForce RTX 3080, 6250, 3802, 10240, 96, 98
2026/07/30 23:15:13.032, 0, NVIDIA GeForce RTX 3080, 6250, 3802, 10240, 96, 98
2026/07/30 23:15:13.144, 0, NVIDIA GeForce RTX 3080, 6250, 3802, 10240, 96, 98
2026/07/30 23:15:13.256, 0, NVIDIA GeForce RTX 3080, 6250, 3802, 10240, 95, 98
2026/07/30 23:15:13.368, 0, NVIDIA GeForce RTX 3080, 6250, 3802, 10240, 95, 98
2026/07/30 23:15:13.480, 0, NVIDIA GeForce RTX 3080, 6250, 3802, 10240, 95, 98
2026/07/30 23:15:13.592, 0, NVIDIA GeForce RTX 3080, 6250, 3802, 10240, 95, 98
2026/07/30 23:15:13.704, 0, NVIDIA GeForce RTX 3080, 6250, 3802, 10240, 95, 98
2026/07/30 23:15:13.815, 0, NVIDIA GeForce RTX 3080, 6250, 3802, 10240, 96, 98
2026/07/30 23:15:13.926, 0, NVIDIA GeForce RTX 3080, 6250, 3802, 10240, 96, 98
2026/07/30 23:15:14.038, 0, NVIDIA GeForce RTX 3080, 6250, 3802, 10240, 96, 98
2026/07/30 23:15:14.150, 0, NVIDIA GeForce RTX 3080, 6250, 3802, 10240, 96, 98
2026/07/30 23:15:14.262, 0, NVIDIA GeForce RTX 3080, 6250, 3802, 10240, 96, 98
2026/07/30 23:15:14.374, 0, NVIDIA GeForce RTX 3080, 6250, 3802, 10240, 96, 98
2026/07/30 23:15:14.486, 0, NVIDIA GeForce RTX 3080, 6250, 3802, 10240, 96, 98
2026/07/30 23:15:14.598, 0, NVIDIA GeForce RTX 3080, 6250, 3802, 10240, 96, 98
2026/07/30 23:15:14.708, 0, NVIDIA GeForce RTX 3080, 6250, 3802, 10240, 96, 98
2026/07/30 23:15:14.819, 0, NVIDIA GeForce RTX 3080, 6250, 3802, 10240, 97, 98
2026/07/30 23:15:14.931, 0, NVIDIA GeForce RTX 3080, 6250, 3802, 10240, 97, 98
2026/07/30 23:15:15.043, 0, NVIDIA GeForce RTX 3080, 6250, 3802, 10240, 97, 98
2026/07/30 23:15:15.155, 0, NVIDIA GeForce RTX 3080, 6250, 3802, 10240, 97, 98
2026/07/30 23:15:15.267, 0, NVIDIA GeForce RTX 3080, 6250, 3802, 10240, 97, 98
2026/07/30 23:15:15.378, 0, NVIDIA GeForce RTX 3080, 6250, 3802, 10240, 97, 98
2026/07/30 23:15:15.490, 0, NVIDIA GeForce RTX 3080, 6250, 3802, 10240, 97, 98
2026/07/30 23:15:15.602, 0, NVIDIA GeForce RTX 3080, 6250, 3802, 10240, 97, 98
2026/07/30 23:15:15.714, 0, NVIDIA GeForce RTX 3080, 6250, 3802, 10240, 97, 98
2026/07/30 23:15:15.826, 0, NVIDIA GeForce RTX 3080, 6250, 3802, 10240, 97, 98
2026/07/30 23:15:15.937, 0, NVIDIA GeForce RTX 3080, 6250, 3802, 10240, 97, 98
2026/07/30 23:15:16.049, 0, NVIDIA GeForce RTX 3080, 6250, 3802, 10240, 97, 98
2026/07/30 23:15:16.162, 0, NVIDIA GeForce RTX 3080, 6250, 3802, 10240, 97, 98
2026/07/30 23:15:16.274, 0, NVIDIA GeForce RTX 3080, 6250, 3802, 10240, 97, 98
2026/07/30 23:15:16.386, 0, NVIDIA GeForce RTX 3080, 6250, 3802, 10240, 97, 98
2026/07/30 23:15:16.498, 0, NVIDIA GeForce RTX 3080, 6250, 3802, 10240, 97, 98
2026/07/30 23:15:16.610, 0, NVIDIA GeForce RTX 3080, 6250, 3802, 10240, 97, 98
2026/07/30 23:15:16.722, 0, NVIDIA GeForce RTX 3080, 6250, 3802, 10240, 96, 98
2026/07/30 23:15:16.833, 0, NVIDIA GeForce RTX 3080, 6250, 3802, 10240, 96, 98
2026/07/30 23:15:16.945, 0, NVIDIA GeForce RTX 3080, 6250, 3802, 10240, 96, 98
2026/07/30 23:15:17.056, 0, NVIDIA GeForce RTX 3080, 6250, 3802, 10240, 96, 98
2026/07/30 23:15:17.168, 0, NVIDIA GeForce RTX 3080, 6250, 3802, 10240, 96, 98
2026/07/30 23:15:17.280, 0, NVIDIA GeForce RTX 3080, 6250, 3802, 10240, 95, 98
2026/07/30 23:15:17.391, 0, NVIDIA GeForce RTX 3080, 6250, 3802, 10240, 95, 98
2026/07/30 23:15:17.503, 0, NVIDIA GeForce RTX 3080, 6250, 3802, 10240, 95, 98
2026/07/30 23:15:17.614, 0, NVIDIA GeForce RTX 3080, 6250, 3802, 10240, 95, 98
2026/07/30 23:15:17.725, 0, NVIDIA GeForce RTX 3080, 6250, 3802, 10240, 95, 98
2026/07/30 23:15:17.837, 0, NVIDIA GeForce RTX 3080, 6250, 3802, 10240, 95, 98
2026/07/30 23:15:17.948, 0, NVIDIA GeForce RTX 3080, 6250, 3802, 10240, 95, 98
2026/07/30 23:15:18.060, 0, NVIDIA GeForce RTX 3080, 6250, 3802, 10240, 95, 98
2026/07/30 23:15:18.172, 0, NVIDIA GeForce RTX 3080, 6250, 3802, 10240, 95, 98
2026/07/30 23:15:18.284, 0, NVIDIA GeForce RTX 3080, 6250, 3802, 10240, 95, 98
2026/07/30 23:15:18.396, 0, NVIDIA GeForce RTX 3080, 6250, 3802, 10240, 95, 98
2026/07/30 23:15:18.507, 0, NVIDIA GeForce RTX 3080, 6250, 3802, 10240, 95, 98
2026/07/30 23:15:18.619, 0, NVIDIA GeForce RTX 3080, 6250, 3802, 10240, 95, 98
2026/07/30 23:15:18.731, 0, NVIDIA GeForce RTX 3080, 6250, 3802, 10240, 95, 97
2026/07/30 23:15:18.843, 0, NVIDIA GeForce RTX 3080, 6250, 3802, 10240, 95, 97
2026/07/30 23:15:18.954, 0, NVIDIA GeForce RTX 3080, 6250, 3802, 10240, 95, 97
2026/07/30 23:15:19.064, 0, NVIDIA GeForce RTX 3080, 6250, 3802, 10240, 95, 97
2026/07/30 23:15:19.174, 0, NVIDIA GeForce RTX 3080, 6250, 3802, 10240, 95, 97
2026/07/30 23:15:19.286, 0, NVIDIA GeForce RTX 3080, 6250, 3802, 10240, 96, 97
2026/07/30 23:15:19.398, 0, NVIDIA GeForce RTX 3080, 6250, 3802, 10240, 96, 97
2026/07/30 23:15:19.509, 0, NVIDIA GeForce RTX 3080, 6250, 3802, 10240, 96, 97
2026/07/30 23:15:19.621, 0, NVIDIA GeForce RTX 3080, 6250, 3802, 10240, 96, 97
2026/07/30 23:15:19.732, 0, NVIDIA GeForce RTX 3080, 6250, 3802, 10240, 96, 97
2026/07/30 23:15:19.842, 0, NVIDIA GeForce RTX 3080, 6250, 3802, 10240, 96, 97
2026/07/30 23:15:19.950, 0, NVIDIA GeForce RTX 3080, 6250, 3802, 10240, 96, 97
2026/07/30 23:15:20.059, 0, NVIDIA GeForce RTX 3080, 6250, 3802, 10240, 96, 97
2026/07/30 23:15:20.169, 0, NVIDIA GeForce RTX 3080, 6250, 3802, 10240, 96, 97
2026/07/30 23:15:20.278, 0, NVIDIA GeForce RTX 3080, 6250, 3802, 10240, 96, 97
2026/07/30 23:15:20.388, 0, NVIDIA GeForce RTX 3080, 6250, 3802, 10240, 96, 97
2026/07/30 23:15:20.497, 0, NVIDIA GeForce RTX 3080, 6250, 3802, 10240, 96, 97
2026/07/30 23:15:20.609, 0, NVIDIA GeForce RTX 3080, 6250, 3802, 10240, 96, 97
2026/07/30 23:15:20.720, 0, NVIDIA GeForce RTX 3080, 6250, 3802, 10240, 98, 97
2026/07/30 23:15:20.832, 0, NVIDIA GeForce RTX 3080, 6250, 3802, 10240, 98, 97
2026/07/30 23:15:20.944, 0, NVIDIA GeForce RTX 3080, 6250, 3802, 10240, 98, 97
2026/07/30 23:15:21.056, 0, NVIDIA GeForce RTX 3080, 6250, 3802, 10240, 98, 97
2026/07/30 23:15:21.166, 0, NVIDIA GeForce RTX 3080, 6250, 3802, 10240, 98, 97
2026/07/30 23:15:21.278, 0, NVIDIA GeForce RTX 3080, 6250, 3802, 10240, 98, 97
2026/07/30 23:15:21.389, 0, NVIDIA GeForce RTX 3080, 6250, 3802, 10240, 98, 97
2026/07/30 23:15:21.502, 0, NVIDIA GeForce RTX 3080, 6250, 3802, 10240, 98, 97
2026/07/30 23:15:21.613, 0, NVIDIA GeForce RTX 3080, 6250, 3802, 10240, 98, 97
2026/07/30 23:15:21.724, 0, NVIDIA GeForce RTX 3080, 6250, 3802, 10240, 97, 97
2026/07/30 23:15:21.833, 0, NVIDIA GeForce RTX 3080, 6250, 3802, 10240, 97, 97
2026/07/30 23:15:21.943, 0, NVIDIA GeForce RTX 3080, 6250, 3802, 10240, 97, 97
2026/07/30 23:15:22.052, 0, NVIDIA GeForce RTX 3080, 6250, 3802, 10240, 97, 97
2026/07/30 23:15:22.161, 0, NVIDIA GeForce RTX 3080, 6250, 3802, 10240, 97, 97
2026/07/30 23:15:22.273, 0, NVIDIA GeForce RTX 3080, 6250, 3802, 10240, 97, 97
2026/07/30 23:15:22.384, 0, NVIDIA GeForce RTX 3080, 6250, 3802, 10240, 97, 97
2026/07/30 23:15:22.496, 0, NVIDIA GeForce RTX 3080, 6250, 3802, 10240, 97, 97
2026/07/30 23:15:22.608, 0, NVIDIA GeForce RTX 3080, 6250, 3802, 10240, 97, 97
2026/07/30 23:15:22.720, 0, NVIDIA GeForce RTX 3080, 6250, 3802, 10240, 97, 97
2026/07/30 23:15:22.831, 0, NVIDIA GeForce RTX 3080, 6250, 3802, 10240, 95, 98
2026/07/30 23:15:22.943, 0, NVIDIA GeForce RTX 3080, 6250, 3802, 10240, 95, 98
2026/07/30 23:15:23.054, 0, NVIDIA GeForce RTX 3080, 6250, 3802, 10240, 95, 98
2026/07/30 23:15:23.165, 0, NVIDIA GeForce RTX 3080, 6250, 3802, 10240, 95, 98
2026/07/30 23:15:23.277, 0, NVIDIA GeForce RTX 3080, 6250, 3802, 10240, 95, 98
2026/07/30 23:15:23.388, 0, NVIDIA GeForce RTX 3080, 6250, 3802, 10240, 95, 98
2026/07/30 23:15:23.500, 0, NVIDIA GeForce RTX 3080, 6250, 3802, 10240, 95, 98
2026/07/30 23:15:23.611, 0, NVIDIA GeForce RTX 3080, 6250, 3802, 10240, 95, 98
2026/07/30 23:15:23.723, 0, NVIDIA GeForce RTX 3080, 6250, 3802, 10240, 96, 98
2026/07/30 23:15:23.835, 0, NVIDIA GeForce RTX 3080, 6250, 3802, 10240, 96, 98
2026/07/30 23:15:23.946, 0, NVIDIA GeForce RTX 3080, 6250, 3802, 10240, 96, 98
2026/07/30 23:15:24.058, 0, NVIDIA GeForce RTX 3080, 6250, 3802, 10240, 96, 98
2026/07/30 23:15:24.170, 0, NVIDIA GeForce RTX 3080, 6250, 3802, 10240, 96, 98
2026/07/30 23:15:24.281, 0, NVIDIA GeForce RTX 3080, 6250, 3802, 10240, 96, 98
2026/07/30 23:15:24.393, 0, NVIDIA GeForce RTX 3080, 6250, 3802, 10240, 96, 98
2026/07/30 23:15:24.504, 0, NVIDIA GeForce RTX 3080, 6250, 3802, 10240, 96, 98
2026/07/30 23:15:24.616, 0, NVIDIA GeForce RTX 3080, 6250, 3802, 10240, 96, 98
2026/07/30 23:15:24.727, 0, NVIDIA GeForce RTX 3080, 6250, 3802, 10240, 97, 98
2026/07/30 23:15:24.838, 0, NVIDIA GeForce RTX 3080, 6250, 3802, 10240, 97, 98
2026/07/30 23:15:24.949, 0, NVIDIA GeForce RTX 3080, 6250, 3802, 10240, 97, 98
2026/07/30 23:15:25.061, 0, NVIDIA GeForce RTX 3080, 6250, 3802, 10240, 97, 98
2026/07/30 23:15:25.173, 0, NVIDIA GeForce RTX 3080, 6250, 3802, 10240, 97, 98
2026/07/30 23:15:25.285, 0, NVIDIA GeForce RTX 3080, 6250, 3802, 10240, 97, 98
2026/07/30 23:15:25.397, 0, NVIDIA GeForce RTX 3080, 6250, 3802, 10240, 97, 98
2026/07/30 23:15:25.509, 0, NVIDIA GeForce RTX 3080, 6250, 3802, 10240, 97, 98
2026/07/30 23:15:25.620, 0, NVIDIA GeForce RTX 3080, 6250, 3802, 10240, 97, 98
2026/07/30 23:15:25.732, 0, NVIDIA GeForce RTX 3080, 6250, 3802, 10240, 97, 98
2026/07/30 23:15:25.844, 0, NVIDIA GeForce RTX 3080, 6250, 3802, 10240, 97, 98
2026/07/30 23:15:25.956, 0, NVIDIA GeForce RTX 3080, 6250, 3802, 10240, 97, 98
2026/07/30 23:15:26.068, 0, NVIDIA GeForce RTX 3080, 6250, 3802, 10240, 97, 98
2026/07/30 23:15:26.180, 0, NVIDIA GeForce RTX 3080, 6250, 3802, 10240, 97, 98
2026/07/30 23:15:26.292, 0, NVIDIA GeForce RTX 3080, 6250, 3802, 10240, 97, 98
2026/07/30 23:15:26.404, 0, NVIDIA GeForce RTX 3080, 6250, 3802, 10240, 97, 98
2026/07/30 23:15:26.516, 0, NVIDIA GeForce RTX 3080, 6250, 3802, 10240, 97, 98
2026/07/30 23:15:26.628, 0, NVIDIA GeForce RTX 3080, 6250, 3802, 10240, 97, 98
2026/07/30 23:15:26.740, 0, NVIDIA GeForce RTX 3080, 6250, 3802, 10240, 95, 98
2026/07/30 23:15:26.849, 0, NVIDIA GeForce RTX 3080, 6250, 3802, 10240, 95, 98
2026/07/30 23:15:26.958, 0, NVIDIA GeForce RTX 3080, 6250, 3802, 10240, 95, 98
2026/07/30 23:15:27.067, 0, NVIDIA GeForce RTX 3080, 6250, 3802, 10240, 95, 98
2026/07/30 23:15:27.178, 0, NVIDIA GeForce RTX 3080, 6250, 3802, 10240, 95, 98
2026/07/30 23:15:27.289, 0, NVIDIA GeForce RTX 3080, 6250, 3802, 10240, 95, 98
2026/07/30 23:15:27.401, 0, NVIDIA GeForce RTX 3080, 6250, 3802, 10240, 95, 98
2026/07/30 23:15:27.513, 0, NVIDIA GeForce RTX 3080, 6250, 3802, 10240, 95, 98
2026/07/30 23:15:27.624, 0, NVIDIA GeForce RTX 3080, 6250, 3802, 10240, 95, 98
2026/07/30 23:15:27.736, 0, NVIDIA GeForce RTX 3080, 6250, 3802, 10240, 96, 98
2026/07/30 23:15:27.848, 0, NVIDIA GeForce RTX 3080, 6250, 3802, 10240, 96, 98
2026/07/30 23:15:27.961, 0, NVIDIA GeForce RTX 3080, 6250, 3802, 10240, 96, 98
2026/07/30 23:15:28.072, 0, NVIDIA GeForce RTX 3080, 6250, 3802, 10240, 96, 98
2026/07/30 23:15:28.184, 0, NVIDIA GeForce RTX 3080, 6250, 3802, 10240, 96, 98
2026/07/30 23:15:28.296, 0, NVIDIA GeForce RTX 3080, 6250, 3802, 10240, 96, 98
2026/07/30 23:15:28.408, 0, NVIDIA GeForce RTX 3080, 6250, 3802, 10240, 96, 98
2026/07/30 23:15:28.519, 0, NVIDIA GeForce RTX 3080, 6250, 3802, 10240, 96, 98
2026/07/30 23:15:28.631, 0, NVIDIA GeForce RTX 3080, 6250, 3802, 10240, 96, 98
2026/07/30 23:15:28.743, 0, NVIDIA GeForce RTX 3080, 6250, 3802, 10240, 97, 98
2026/07/30 23:15:28.855, 0, NVIDIA GeForce RTX 3080, 6250, 3802, 10240, 97, 98
2026/07/30 23:15:28.967, 0, NVIDIA GeForce RTX 3080, 6250, 3802, 10240, 97, 98
2026/07/30 23:15:29.079, 0, NVIDIA GeForce RTX 3080, 6250, 3802, 10240, 97, 98
2026/07/30 23:15:29.190, 0, NVIDIA GeForce RTX 3080, 6250, 3802, 10240, 97, 98
2026/07/30 23:15:29.302, 0, NVIDIA GeForce RTX 3080, 6250, 3802, 10240, 97, 98
2026/07/30 23:15:29.413, 0, NVIDIA GeForce RTX 3080, 6250, 3802, 10240, 97, 98
2026/07/30 23:15:29.525, 0, NVIDIA GeForce RTX 3080, 6250, 3802, 10240, 97, 98
2026/07/30 23:15:29.637, 0, NVIDIA GeForce RTX 3080, 6250, 3802, 10240, 97, 98
2026/07/30 23:15:29.749, 0, NVIDIA GeForce RTX 3080, 6250, 3802, 10240, 97, 98
2026/07/30 23:15:29.861, 0, NVIDIA GeForce RTX 3080, 6250, 3802, 10240, 97, 98
2026/07/30 23:15:29.973, 0, NVIDIA GeForce RTX 3080, 6250, 3802, 10240, 97, 98
2026/07/30 23:15:30.084, 0, NVIDIA GeForce RTX 3080, 6250, 3802, 10240, 97, 98
2026/07/30 23:15:30.196, 0, NVIDIA GeForce RTX 3080, 6250, 3802, 10240, 97, 98
2026/07/30 23:15:30.308, 0, NVIDIA GeForce RTX 3080, 6250, 3802, 10240, 97, 98
2026/07/30 23:15:30.419, 0, NVIDIA GeForce RTX 3080, 6250, 3802, 10240, 97, 98
2026/07/30 23:15:30.531, 0, NVIDIA GeForce RTX 3080, 6250, 3802, 10240, 97, 98
2026/07/30 23:15:30.643, 0, NVIDIA GeForce RTX 3080, 6250, 3802, 10240, 97, 98
2026/07/30 23:15:30.755, 0, NVIDIA GeForce RTX 3080, 6250, 3802, 10240, 95, 98
2026/07/30 23:15:30.866, 0, NVIDIA GeForce RTX 3080, 6250, 3802, 10240, 95, 98
2026/07/30 23:15:30.978, 0, NVIDIA GeForce RTX 3080, 6250, 3802, 10240, 95, 98
2026/07/30 23:15:31.090, 0, NVIDIA GeForce RTX 3080, 6250, 3802, 10240, 95, 98
2026/07/30 23:15:31.202, 0, NVIDIA GeForce RTX 3080, 6250, 3802, 10240, 95, 98
2026/07/30 23:15:31.314, 0, NVIDIA GeForce RTX 3080, 6250, 3802, 10240, 95, 98
2026/07/30 23:15:31.426, 0, NVIDIA GeForce RTX 3080, 6250, 3802, 10240, 95, 98
2026/07/30 23:15:31.537, 0, NVIDIA GeForce RTX 3080, 6250, 3802, 10240, 95, 98
2026/07/30 23:15:31.649, 0, NVIDIA GeForce RTX 3080, 6250, 3802, 10240, 95, 98
2026/07/30 23:15:31.761, 0, NVIDIA GeForce RTX 3080, 6250, 3802, 10240, 96, 98
2026/07/30 23:15:31.873, 0, NVIDIA GeForce RTX 3080, 6250, 3802, 10240, 96, 98
2026/07/30 23:15:31.984, 0, NVIDIA GeForce RTX 3080, 6250, 3802, 10240, 96, 98
2026/07/30 23:15:32.096, 0, NVIDIA GeForce RTX 3080, 6250, 3802, 10240, 96, 98
2026/07/30 23:15:32.208, 0, NVIDIA GeForce RTX 3080, 6250, 3802, 10240, 96, 98
2026/07/30 23:15:32.321, 0, NVIDIA GeForce RTX 3080, 6250, 3802, 10240, 95, 98
2026/07/30 23:15:32.433, 0, NVIDIA GeForce RTX 3080, 6250, 3802, 10240, 95, 98
2026/07/30 23:15:32.545, 0, NVIDIA GeForce RTX 3080, 6250, 3802, 10240, 95, 98
2026/07/30 23:15:32.657, 0, NVIDIA GeForce RTX 3080, 6250, 3802, 10240, 95, 98
2026/07/30 23:15:32.769, 0, NVIDIA GeForce RTX 3080, 6250, 3802, 10240, 95, 96
2026/07/30 23:15:32.881, 0, NVIDIA GeForce RTX 3080, 6250, 3802, 10240, 95, 96
2026/07/30 23:15:32.993, 0, NVIDIA GeForce RTX 3080, 6250, 3802, 10240, 95, 96
2026/07/30 23:15:33.105, 0, NVIDIA GeForce RTX 3080, 6250, 3802, 10240, 95, 96
2026/07/30 23:15:33.217, 0, NVIDIA GeForce RTX 3080, 6250, 3802, 10240, 95, 96
2026/07/30 23:15:33.329, 0, NVIDIA GeForce RTX 3080, 6250, 3802, 10240, 97, 98
2026/07/30 23:15:33.441, 0, NVIDIA GeForce RTX 3080, 6250, 3802, 10240, 97, 98
2026/07/30 23:15:33.553, 0, NVIDIA GeForce RTX 3080, 6250, 3802, 10240, 97, 98
2026/07/30 23:15:33.664, 0, NVIDIA GeForce RTX 3080, 6250, 3802, 10240, 97, 98
2026/07/30 23:15:33.774, 0, NVIDIA GeForce RTX 3080, 6250, 3802, 10240, 96, 98
2026/07/30 23:15:33.886, 0, NVIDIA GeForce RTX 3080, 6250, 3802, 10240, 96, 98
2026/07/30 23:15:33.998, 0, NVIDIA GeForce RTX 3080, 6250, 3802, 10240, 96, 98
2026/07/30 23:15:34.109, 0, NVIDIA GeForce RTX 3080, 6250, 3802, 10240, 96, 98
2026/07/30 23:15:34.221, 0, NVIDIA GeForce RTX 3080, 6250, 3802, 10240, 96, 98
2026/07/30 23:15:34.333, 0, NVIDIA GeForce RTX 3080, 6250, 3802, 10240, 97, 98
2026/07/30 23:15:34.445, 0, NVIDIA GeForce RTX 3080, 6250, 3802, 10240, 97, 98
2026/07/30 23:15:34.557, 0, NVIDIA GeForce RTX 3080, 6250, 3802, 10240, 97, 98
2026/07/30 23:15:34.669, 0, NVIDIA GeForce RTX 3080, 6250, 3802, 10240, 97, 98
2026/07/30 23:15:34.781, 0, NVIDIA GeForce RTX 3080, 6250, 3802, 10240, 98, 98
2026/07/30 23:15:34.889, 0, NVIDIA GeForce RTX 3080, 6250, 3802, 10240, 98, 98
2026/07/30 23:15:34.999, 0, NVIDIA GeForce RTX 3080, 6250, 3802, 10240, 98, 98
2026/07/30 23:15:35.109, 0, NVIDIA GeForce RTX 3080, 6250, 3802, 10240, 98, 98
2026/07/30 23:15:35.217, 0, NVIDIA GeForce RTX 3080, 6250, 3802, 10240, 98, 98
2026/07/30 23:15:35.326, 0, NVIDIA GeForce RTX 3080, 6250, 3802, 10240, 98, 98
2026/07/30 23:15:35.435, 0, NVIDIA GeForce RTX 3080, 6250, 3802, 10240, 98, 98
2026/07/30 23:15:35.548, 0, NVIDIA GeForce RTX 3080, 6250, 3802, 10240, 98, 98
2026/07/30 23:15:35.659, 0, NVIDIA GeForce RTX 3080, 6250, 3802, 10240, 98, 98
2026/07/30 23:15:35.771, 0, NVIDIA GeForce RTX 3080, 6250, 3802, 10240, 97, 97
2026/07/30 23:15:35.882, 0, NVIDIA GeForce RTX 3080, 6250, 3802, 10240, 97, 97
2026/07/30 23:15:35.994, 0, NVIDIA GeForce RTX 3080, 6250, 3802, 10240, 97, 97
2026/07/30 23:15:36.106, 0, NVIDIA GeForce RTX 3080, 6250, 3802, 10240, 97, 97
2026/07/30 23:15:36.218, 0, NVIDIA GeForce RTX 3080, 6250, 3802, 10240, 97, 97
2026/07/30 23:15:36.329, 0, NVIDIA GeForce RTX 3080, 6250, 3802, 10240, 97, 97
2026/07/30 23:15:36.441, 0, NVIDIA GeForce RTX 3080, 6250, 3802, 10240, 97, 97
2026/07/30 23:15:36.553, 0, NVIDIA GeForce RTX 3080, 6250, 3802, 10240, 97, 97
2026/07/30 23:15:36.665, 0, NVIDIA GeForce RTX 3080, 6250, 3802, 10240, 97, 97
2026/07/30 23:15:36.777, 0, NVIDIA GeForce RTX 3080, 6250, 3802, 10240, 95, 98
2026/07/30 23:15:36.889, 0, NVIDIA GeForce RTX 3080, 6250, 3802, 10240, 95, 98
2026/07/30 23:15:37.000, 0, NVIDIA GeForce RTX 3080, 6250, 3802, 10240, 95, 98
2026/07/30 23:15:37.109, 0, NVIDIA GeForce RTX 3080, 6250, 3802, 10240, 95, 98
2026/07/30 23:15:37.220, 0, NVIDIA GeForce RTX 3080, 6250, 3802, 10240, 95, 98
2026/07/30 23:15:37.332, 0, NVIDIA GeForce RTX 3080, 6250, 3802, 10240, 95, 98
2026/07/30 23:15:37.444, 0, NVIDIA GeForce RTX 3080, 6250, 3802, 10240, 95, 98
2026/07/30 23:15:37.556, 0, NVIDIA GeForce RTX 3080, 6250, 3802, 10240, 95, 98
2026/07/30 23:15:37.668, 0, NVIDIA GeForce RTX 3080, 6250, 3802, 10240, 95, 98
2026/07/30 23:15:37.780, 0, NVIDIA GeForce RTX 3080, 6250, 3802, 10240, 95, 98
2026/07/30 23:15:37.892, 0, NVIDIA GeForce RTX 3080, 6250, 3802, 10240, 95, 98
2026/07/30 23:15:38.003, 0, NVIDIA GeForce RTX 3080, 6250, 3802, 10240, 95, 98
2026/07/30 23:15:38.115, 0, NVIDIA GeForce RTX 3080, 6250, 3802, 10240, 95, 98
2026/07/30 23:15:38.226, 0, NVIDIA GeForce RTX 3080, 6250, 3802, 10240, 95, 98
2026/07/30 23:15:38.337, 0, NVIDIA GeForce RTX 3080, 6250, 3802, 10240, 95, 98
2026/07/30 23:15:38.449, 0, NVIDIA GeForce RTX 3080, 6250, 3802, 10240, 95, 98
2026/07/30 23:15:38.561, 0, NVIDIA GeForce RTX 3080, 6250, 3802, 10240, 95, 98
2026/07/30 23:15:38.673, 0, NVIDIA GeForce RTX 3080, 6250, 3802, 10240, 95, 98
2026/07/30 23:15:38.785, 0, NVIDIA GeForce RTX 3080, 6250, 3802, 10240, 97, 98
2026/07/30 23:15:38.897, 0, NVIDIA GeForce RTX 3080, 6250, 3802, 10240, 97, 98
2026/07/30 23:15:39.009, 0, NVIDIA GeForce RTX 3080, 6250, 3802, 10240, 97, 98
2026/07/30 23:15:39.121, 0, NVIDIA GeForce RTX 3080, 6250, 3802, 10240, 97, 98
2026/07/30 23:15:39.232, 0, NVIDIA GeForce RTX 3080, 6250, 3802, 10240, 97, 98
2026/07/30 23:15:39.345, 0, NVIDIA GeForce RTX 3080, 6250, 3802, 10240, 97, 98
2026/07/30 23:15:39.457, 0, NVIDIA GeForce RTX 3080, 6250, 3802, 10240, 97, 98
2026/07/30 23:15:39.568, 0, NVIDIA GeForce RTX 3080, 6250, 3802, 10240, 97, 98
2026/07/30 23:15:39.680, 0, NVIDIA GeForce RTX 3080, 6250, 3802, 10240, 97, 98
2026/07/30 23:15:39.790, 0, NVIDIA GeForce RTX 3080, 6250, 3802, 10240, 97, 98
2026/07/30 23:15:39.900, 0, NVIDIA GeForce RTX 3080, 6250, 3802, 10240, 97, 98
2026/07/30 23:15:40.010, 0, NVIDIA GeForce RTX 3080, 6250, 3802, 10240, 97, 98
2026/07/30 23:15:40.118, 0, NVIDIA GeForce RTX 3080, 6250, 3802, 10240, 97, 98
2026/07/30 23:15:40.226, 0, NVIDIA GeForce RTX 3080, 6250, 3802, 10240, 97, 98
2026/07/30 23:15:40.334, 0, NVIDIA GeForce RTX 3080, 6250, 3802, 10240, 97, 98
2026/07/30 23:15:40.444, 0, NVIDIA GeForce RTX 3080, 6250, 3802, 10240, 97, 98
2026/07/30 23:15:40.555, 0, NVIDIA GeForce RTX 3080, 6250, 3802, 10240, 97, 98
2026/07/30 23:15:40.667, 0, NVIDIA GeForce RTX 3080, 6250, 3802, 10240, 97, 98
2026/07/30 23:15:40.779, 0, NVIDIA GeForce RTX 3080, 6250, 3802, 10240, 96, 98
2026/07/30 23:15:40.891, 0, NVIDIA GeForce RTX 3080, 6250, 3802, 10240, 96, 98
2026/07/30 23:15:41.003, 0, NVIDIA GeForce RTX 3080, 6250, 3802, 10240, 96, 98
2026/07/30 23:15:41.115, 0, NVIDIA GeForce RTX 3080, 6250, 3802, 10240, 96, 98
2026/07/30 23:15:41.227, 0, NVIDIA GeForce RTX 3080, 6250, 3802, 10240, 94, 97
2026/07/30 23:15:41.339, 0, NVIDIA GeForce RTX 3080, 6250, 3802, 10240, 94, 97
2026/07/30 23:15:41.451, 0, NVIDIA GeForce RTX 3080, 6250, 3802, 10240, 94, 97
2026/07/30 23:15:41.563, 0, NVIDIA GeForce RTX 3080, 6250, 3802, 10240, 94, 97
2026/07/30 23:15:41.675, 0, NVIDIA GeForce RTX 3080, 6250, 3802, 10240, 94, 97
2026/07/30 23:15:41.787, 0, NVIDIA GeForce RTX 3080, 6250, 3802, 10240, 96, 98
2026/07/30 23:15:41.897, 0, NVIDIA GeForce RTX 3080, 6250, 3802, 10240, 96, 98
2026/07/30 23:15:42.006, 0, NVIDIA GeForce RTX 3080, 6250, 3802, 10240, 96, 98
2026/07/30 23:15:42.116, 0, NVIDIA GeForce RTX 3080, 6250, 3802, 10240, 96, 98
2026/07/30 23:15:42.227, 0, NVIDIA GeForce RTX 3080, 6250, 3802, 10240, 95, 97
2026/07/30 23:15:42.338, 0, NVIDIA GeForce RTX 3080, 6250, 3802, 10240, 95, 97
2026/07/30 23:15:42.450, 0, NVIDIA GeForce RTX 3080, 6250, 3802, 10240, 95, 97
2026/07/30 23:15:42.561, 0, NVIDIA GeForce RTX 3080, 6250, 3802, 10240, 95, 97
2026/07/30 23:15:42.672, 0, NVIDIA GeForce RTX 3080, 6250, 3802, 10240, 95, 97
2026/07/30 23:15:42.783, 0, NVIDIA GeForce RTX 3080, 6250, 3802, 10240, 97, 98
2026/07/30 23:15:42.895, 0, NVIDIA GeForce RTX 3080, 6250, 3802, 10240, 97, 98
2026/07/30 23:15:43.005, 0, NVIDIA GeForce RTX 3080, 6250, 3802, 10240, 97, 98
2026/07/30 23:15:43.117, 0, NVIDIA GeForce RTX 3080, 6250, 3802, 10240, 97, 98
2026/07/30 23:15:43.229, 0, NVIDIA GeForce RTX 3080, 6250, 3802, 10240, 97, 98
2026/07/30 23:15:43.341, 0, NVIDIA GeForce RTX 3080, 6250, 3802, 10240, 97, 98
2026/07/30 23:15:43.453, 0, NVIDIA GeForce RTX 3080, 6250, 3802, 10240, 97, 98
2026/07/30 23:15:43.565, 0, NVIDIA GeForce RTX 3080, 6250, 3802, 10240, 97, 98
2026/07/30 23:15:43.677, 0, NVIDIA GeForce RTX 3080, 6250, 3802, 10240, 97, 98
2026/07/30 23:15:43.789, 0, NVIDIA GeForce RTX 3080, 6250, 3802, 10240, 96, 97
2026/07/30 23:15:43.901, 0, NVIDIA GeForce RTX 3080, 6250, 3802, 10240, 96, 97
2026/07/30 23:15:44.012, 0, NVIDIA GeForce RTX 3080, 6250, 3802, 10240, 96, 97
2026/07/30 23:15:44.122, 0, NVIDIA GeForce RTX 3080, 6250, 3802, 10240, 96, 97
2026/07/30 23:15:44.234, 0, NVIDIA GeForce RTX 3080, 6250, 3802, 10240, 97, 98
2026/07/30 23:15:44.346, 0, NVIDIA GeForce RTX 3080, 6250, 3802, 10240, 97, 98
2026/07/30 23:15:44.457, 0, NVIDIA GeForce RTX 3080, 6250, 3802, 10240, 97, 98
2026/07/30 23:15:44.569, 0, NVIDIA GeForce RTX 3080, 6250, 3802, 10240, 97, 98
2026/07/30 23:15:44.680, 0, NVIDIA GeForce RTX 3080, 6250, 3802, 10240, 97, 98
2026/07/30 23:15:44.792, 0, NVIDIA GeForce RTX 3080, 6250, 3802, 10240, 96, 98
2026/07/30 23:15:44.904, 0, NVIDIA GeForce RTX 3080, 6250, 3802, 10240, 96, 98
2026/07/30 23:15:45.016, 0, NVIDIA GeForce RTX 3080, 6250, 3802, 10240, 96, 98
2026/07/30 23:15:45.128, 0, NVIDIA GeForce RTX 3080, 6250, 3802, 10240, 96, 98
2026/07/30 23:15:45.240, 0, NVIDIA GeForce RTX 3080, 6250, 3802, 10240, 95, 98
2026/07/30 23:15:45.351, 0, NVIDIA GeForce RTX 3080, 6250, 3802, 10240, 95, 98
2026/07/30 23:15:45.463, 0, NVIDIA GeForce RTX 3080, 6250, 3802, 10240, 95, 98
2026/07/30 23:15:45.573, 0, NVIDIA GeForce RTX 3080, 6250, 3802, 10240, 95, 98
2026/07/30 23:15:45.685, 0, NVIDIA GeForce RTX 3080, 6250, 3802, 10240, 95, 98
2026/07/30 23:15:45.797, 0, NVIDIA GeForce RTX 3080, 6250, 3802, 10240, 96, 98
2026/07/30 23:15:45.909, 0, NVIDIA GeForce RTX 3080, 6250, 3802, 10240, 96, 98
2026/07/30 23:15:46.021, 0, NVIDIA GeForce RTX 3080, 6250, 3802, 10240, 96, 98
2026/07/30 23:15:46.133, 0, NVIDIA GeForce RTX 3080, 6250, 3802, 10240, 96, 98
2026/07/30 23:15:46.245, 0, NVIDIA GeForce RTX 3080, 6250, 3802, 10240, 95, 98
2026/07/30 23:15:46.357, 0, NVIDIA GeForce RTX 3080, 6250, 3802, 10240, 95, 98
2026/07/30 23:15:46.469, 0, NVIDIA GeForce RTX 3080, 6250, 3802, 10240, 95, 98
2026/07/30 23:15:46.581, 0, NVIDIA GeForce RTX 3080, 6250, 3802, 10240, 95, 98
2026/07/30 23:15:46.693, 0, NVIDIA GeForce RTX 3080, 6250, 3802, 10240, 95, 98
2026/07/30 23:15:46.805, 0, NVIDIA GeForce RTX 3080, 6250, 3802, 10240, 97, 98
2026/07/30 23:15:46.915, 0, NVIDIA GeForce RTX 3080, 6250, 3802, 10240, 97, 98
2026/07/30 23:15:47.024, 0, NVIDIA GeForce RTX 3080, 6250, 3802, 10240, 97, 98
2026/07/30 23:15:47.136, 0, NVIDIA GeForce RTX 3080, 6250, 3802, 10240, 97, 98
2026/07/30 23:15:47.248, 0, NVIDIA GeForce RTX 3080, 6250, 3802, 10240, 97, 98
2026/07/30 23:15:47.360, 0, NVIDIA GeForce RTX 3080, 6250, 3802, 10240, 97, 98
2026/07/30 23:15:47.472, 0, NVIDIA GeForce RTX 3080, 6250, 3802, 10240, 97, 98
2026/07/30 23:15:47.584, 0, NVIDIA GeForce RTX 3080, 6250, 3802, 10240, 97, 98
2026/07/30 23:15:47.696, 0, NVIDIA GeForce RTX 3080, 6250, 3802, 10240, 97, 98
2026/07/30 23:15:47.808, 0, NVIDIA GeForce RTX 3080, 6250, 3802, 10240, 97, 98
2026/07/30 23:15:47.920, 0, NVIDIA GeForce RTX 3080, 6250, 3802, 10240, 97, 98
2026/07/30 23:15:48.032, 0, NVIDIA GeForce RTX 3080, 6250, 3802, 10240, 97, 98
2026/07/30 23:15:48.144, 0, NVIDIA GeForce RTX 3080, 6250, 3802, 10240, 97, 98
2026/07/30 23:15:48.256, 0, NVIDIA GeForce RTX 3080, 6250, 3802, 10240, 97, 98
2026/07/30 23:15:48.368, 0, NVIDIA GeForce RTX 3080, 6250, 3802, 10240, 97, 98
2026/07/30 23:15:48.480, 0, NVIDIA GeForce RTX 3080, 6250, 3802, 10240, 97, 98
2026/07/30 23:15:48.592, 0, NVIDIA GeForce RTX 3080, 6250, 3802, 10240, 97, 98
2026/07/30 23:15:48.703, 0, NVIDIA GeForce RTX 3080, 6250, 3802, 10240, 97, 98
2026/07/30 23:15:48.815, 0, NVIDIA GeForce RTX 3080, 6250, 3802, 10240, 98, 98
2026/07/30 23:15:48.927, 0, NVIDIA GeForce RTX 3080, 6250, 3802, 10240, 98, 98
2026/07/30 23:15:49.039, 0, NVIDIA GeForce RTX 3080, 6250, 3802, 10240, 98, 98
2026/07/30 23:15:49.151, 0, NVIDIA GeForce RTX 3080, 6250, 3802, 10240, 98, 98
2026/07/30 23:15:49.263, 0, NVIDIA GeForce RTX 3080, 6250, 3802, 10240, 97, 97
2026/07/30 23:15:49.375, 0, NVIDIA GeForce RTX 3080, 6250, 3802, 10240, 97, 97
2026/07/30 23:15:49.487, 0, NVIDIA GeForce RTX 3080, 6250, 3802, 10240, 97, 97
2026/07/30 23:15:49.599, 0, NVIDIA GeForce RTX 3080, 6250, 3802, 10240, 97, 97
2026/07/30 23:15:49.710, 0, NVIDIA GeForce RTX 3080, 6250, 3802, 10240, 97, 97
2026/07/30 23:15:49.820, 0, NVIDIA GeForce RTX 3080, 6250, 3802, 10240, 96, 96
2026/07/30 23:15:49.930, 0, NVIDIA GeForce RTX 3080, 6250, 3802, 10240, 96, 96
2026/07/30 23:15:50.042, 0, NVIDIA GeForce RTX 3080, 6250, 3802, 10240, 96, 96
2026/07/30 23:15:50.154, 0, NVIDIA GeForce RTX 3080, 6250, 3802, 10240, 96, 96
2026/07/30 23:15:50.267, 0, NVIDIA GeForce RTX 3080, 6250, 3802, 10240, 98, 98
2026/07/30 23:15:50.379, 0, NVIDIA GeForce RTX 3080, 6250, 3802, 10240, 98, 98
2026/07/30 23:15:50.491, 0, NVIDIA GeForce RTX 3080, 6250, 3802, 10240, 98, 98
2026/07/30 23:15:50.603, 0, NVIDIA GeForce RTX 3080, 6250, 3802, 10240, 98, 98
2026/07/30 23:15:50.714, 0, NVIDIA GeForce RTX 3080, 6250, 3802, 10240, 98, 98
2026/07/30 23:15:50.826, 0, NVIDIA GeForce RTX 3080, 6250, 3802, 10240, 96, 98
2026/07/30 23:15:50.938, 0, NVIDIA GeForce RTX 3080, 6250, 3802, 10240, 96, 98
2026/07/30 23:15:51.050, 0, NVIDIA GeForce RTX 3080, 6250, 3802, 10240, 96, 98
2026/07/30 23:15:51.162, 0, NVIDIA GeForce RTX 3080, 6250, 3802, 10240, 96, 98
2026/07/30 23:15:51.274, 0, NVIDIA GeForce RTX 3080, 6250, 3802, 10240, 95, 97
2026/07/30 23:15:51.384, 0, NVIDIA GeForce RTX 3080, 6250, 3802, 10240, 95, 97
2026/07/30 23:15:51.495, 0, NVIDIA GeForce RTX 3080, 6250, 3802, 10240, 95, 97
2026/07/30 23:15:51.606, 0, NVIDIA GeForce RTX 3080, 6250, 3802, 10240, 95, 97
2026/07/30 23:15:51.716, 0, NVIDIA GeForce RTX 3080, 6250, 3802, 10240, 95, 97
2026/07/30 23:15:51.828, 0, NVIDIA GeForce RTX 3080, 6250, 3802, 10240, 95, 98
2026/07/30 23:15:51.940, 0, NVIDIA GeForce RTX 3080, 6250, 3802, 10240, 95, 98
2026/07/30 23:15:52.052, 0, NVIDIA GeForce RTX 3080, 6250, 3802, 10240, 95, 98
2026/07/30 23:15:52.164, 0, NVIDIA GeForce RTX 3080, 6250, 3802, 10240, 95, 98
2026/07/30 23:15:52.276, 0, NVIDIA GeForce RTX 3080, 6250, 3802, 10240, 96, 98
2026/07/30 23:15:52.388, 0, NVIDIA GeForce RTX 3080, 6250, 3802, 10240, 96, 98
2026/07/30 23:15:52.500, 0, NVIDIA GeForce RTX 3080, 6250, 3802, 10240, 96, 98
2026/07/30 23:15:52.612, 0, NVIDIA GeForce RTX 3080, 6250, 3802, 10240, 96, 98
2026/07/30 23:15:52.724, 0, NVIDIA GeForce RTX 3080, 6250, 3802, 10240, 97, 98
2026/07/30 23:15:52.836, 0, NVIDIA GeForce RTX 3080, 6250, 3802, 10240, 97, 98
2026/07/30 23:15:52.946, 0, NVIDIA GeForce RTX 3080, 6250, 3802, 10240, 97, 98
2026/07/30 23:15:53.055, 0, NVIDIA GeForce RTX 3080, 6250, 3802, 10240, 97, 98
2026/07/30 23:15:53.163, 0, NVIDIA GeForce RTX 3080, 6250, 3802, 10240, 97, 98
2026/07/30 23:15:53.273, 0, NVIDIA GeForce RTX 3080, 6250, 3802, 10240, 97, 98
2026/07/30 23:15:53.383, 0, NVIDIA GeForce RTX 3080, 6250, 3802, 10240, 97, 98
2026/07/30 23:15:53.492, 0, NVIDIA GeForce RTX 3080, 6250, 3802, 10240, 97, 98
2026/07/30 23:15:53.602, 0, NVIDIA GeForce RTX 3080, 6250, 3802, 10240, 97, 98
2026/07/30 23:15:53.712, 0, NVIDIA GeForce RTX 3080, 6250, 3802, 10240, 97, 98
2026/07/30 23:15:53.824, 0, NVIDIA GeForce RTX 3080, 6250, 3802, 10240, 97, 98
2026/07/30 23:15:53.936, 0, NVIDIA GeForce RTX 3080, 6250, 3802, 10240, 97, 98
2026/07/30 23:15:54.047, 0, NVIDIA GeForce RTX 3080, 6250, 3802, 10240, 97, 98
2026/07/30 23:15:54.159, 0, NVIDIA GeForce RTX 3080, 6250, 3802, 10240, 97, 98
2026/07/30 23:15:54.271, 0, NVIDIA GeForce RTX 3080, 6250, 3802, 10240, 97, 98
2026/07/30 23:15:54.383, 0, NVIDIA GeForce RTX 3080, 6250, 3802, 10240, 97, 98
2026/07/30 23:15:54.495, 0, NVIDIA GeForce RTX 3080, 6250, 3802, 10240, 97, 98
2026/07/30 23:15:54.607, 0, NVIDIA GeForce RTX 3080, 6250, 3802, 10240, 97, 98
2026/07/30 23:15:54.719, 0, NVIDIA GeForce RTX 3080, 6250, 3802, 10240, 97, 98
2026/07/30 23:15:54.831, 0, NVIDIA GeForce RTX 3080, 6250, 3802, 10240, 96, 98
2026/07/30 23:15:54.941, 0, NVIDIA GeForce RTX 3080, 6250, 3802, 10240, 96, 98
2026/07/30 23:15:55.049, 0, NVIDIA GeForce RTX 3080, 6250, 3802, 10240, 96, 98
2026/07/30 23:15:55.158, 0, NVIDIA GeForce RTX 3080, 6250, 3802, 10240, 96, 98
2026/07/30 23:15:55.267, 0, NVIDIA GeForce RTX 3080, 6250, 3802, 10240, 96, 98
2026/07/30 23:15:55.376, 0, NVIDIA GeForce RTX 3080, 6250, 3802, 10240, 96, 98
2026/07/30 23:15:55.488, 0, NVIDIA GeForce RTX 3080, 6250, 3802, 10240, 96, 98
2026/07/30 23:15:55.600, 0, NVIDIA GeForce RTX 3080, 6250, 3802, 10240, 96, 98
2026/07/30 23:15:55.712, 0, NVIDIA GeForce RTX 3080, 6250, 3802, 10240, 96, 98
2026/07/30 23:15:55.824, 0, NVIDIA GeForce RTX 3080, 6250, 3802, 10240, 96, 98
2026/07/30 23:15:55.936, 0, NVIDIA GeForce RTX 3080, 6250, 3802, 10240, 96, 98
2026/07/30 23:15:56.048, 0, NVIDIA GeForce RTX 3080, 6250, 3802, 10240, 96, 98
2026/07/30 23:15:56.160, 0, NVIDIA GeForce RTX 3080, 6250, 3802, 10240, 96, 98
2026/07/30 23:15:56.272, 0, NVIDIA GeForce RTX 3080, 6250, 3802, 10240, 95, 97
2026/07/30 23:15:56.382, 0, NVIDIA GeForce RTX 3080, 6250, 3802, 10240, 95, 97
2026/07/30 23:15:56.492, 0, NVIDIA GeForce RTX 3080, 6250, 3802, 10240, 95, 97
2026/07/30 23:15:56.604, 0, NVIDIA GeForce RTX 3080, 6250, 3802, 10240, 95, 97
2026/07/30 23:15:56.715, 0, NVIDIA GeForce RTX 3080, 6250, 3802, 10240, 95, 97
2026/07/30 23:15:56.827, 0, NVIDIA GeForce RTX 3080, 6250, 3802, 10240, 97, 98
2026/07/30 23:15:56.939, 0, NVIDIA GeForce RTX 3080, 6250, 3802, 10240, 97, 98
2026/07/30 23:15:57.051, 0, NVIDIA GeForce RTX 3080, 6250, 3802, 10240, 97, 98
2026/07/30 23:15:57.162, 0, NVIDIA GeForce RTX 3080, 6250, 3802, 10240, 97, 98
2026/07/30 23:15:57.272, 0, NVIDIA GeForce RTX 3080, 6250, 3802, 10240, 95, 96
2026/07/30 23:15:57.384, 0, NVIDIA GeForce RTX 3080, 6250, 3802, 10240, 95, 96
2026/07/30 23:15:57.496, 0, NVIDIA GeForce RTX 3080, 6250, 3802, 10240, 95, 96
2026/07/30 23:15:57.608, 0, NVIDIA GeForce RTX 3080, 6250, 3802, 10240, 95, 96
2026/07/30 23:15:57.720, 0, NVIDIA GeForce RTX 3080, 6250, 3802, 10240, 95, 96
2026/07/30 23:15:57.832, 0, NVIDIA GeForce RTX 3080, 6250, 3802, 10240, 97, 98
2026/07/30 23:15:57.944, 0, NVIDIA GeForce RTX 3080, 6250, 3802, 10240, 97, 98
2026/07/30 23:15:58.056, 0, NVIDIA GeForce RTX 3080, 6250, 3802, 10240, 97, 98
2026/07/30 23:15:58.167, 0, NVIDIA GeForce RTX 3080, 6250, 3802, 10240, 97, 98
2026/07/30 23:15:58.279, 0, NVIDIA GeForce RTX 3080, 6250, 3802, 10240, 97, 98
2026/07/30 23:15:58.390, 0, NVIDIA GeForce RTX 3080, 6250, 3802, 10240, 97, 98
2026/07/30 23:15:58.502, 0, NVIDIA GeForce RTX 3080, 6250, 3802, 10240, 97, 98
2026/07/30 23:15:58.613, 0, NVIDIA GeForce RTX 3080, 6250, 3802, 10240, 97, 98
2026/07/30 23:15:58.725, 0, NVIDIA GeForce RTX 3080, 6250, 3802, 10240, 95, 98
2026/07/30 23:15:58.837, 0, NVIDIA GeForce RTX 3080, 6250, 3802, 10240, 95, 98
2026/07/30 23:15:58.948, 0, NVIDIA GeForce RTX 3080, 6250, 3802, 10240, 95, 98
2026/07/30 23:15:59.060, 0, NVIDIA GeForce RTX 3080, 6250, 3802, 10240, 95, 98
2026/07/30 23:15:59.172, 0, NVIDIA GeForce RTX 3080, 6250, 3802, 10240, 95, 98
2026/07/30 23:15:59.285, 0, NVIDIA GeForce RTX 3080, 6250, 3802, 10240, 95, 98
2026/07/30 23:15:59.397, 0, NVIDIA GeForce RTX 3080, 6250, 3802, 10240, 95, 98
2026/07/30 23:15:59.508, 0, NVIDIA GeForce RTX 3080, 6250, 3802, 10240, 95, 98
2026/07/30 23:15:59.620, 0, NVIDIA GeForce RTX 3080, 6250, 3802, 10240, 95, 98
2026/07/30 23:15:59.731, 0, NVIDIA GeForce RTX 3080, 6250, 3802, 10240, 95, 98
2026/07/30 23:15:59.842, 0, NVIDIA GeForce RTX 3080, 6250, 3802, 10240, 95, 98
2026/07/30 23:15:59.951, 0, NVIDIA GeForce RTX 3080, 6250, 3802, 10240, 95, 98
2026/07/30 23:16:00.060, 0, NVIDIA GeForce RTX 3080, 6250, 3802, 10240, 95, 98
2026/07/30 23:16:00.169, 0, NVIDIA GeForce RTX 3080, 6250, 3802, 10240, 95, 98
2026/07/30 23:16:00.279, 0, NVIDIA GeForce RTX 3080, 6250, 3802, 10240, 95, 98
2026/07/30 23:16:00.389, 0, NVIDIA GeForce RTX 3080, 6250, 3802, 10240, 95, 98
2026/07/30 23:16:00.500, 0, NVIDIA GeForce RTX 3080, 6250, 3802, 10240, 95, 98
2026/07/30 23:16:00.612, 0, NVIDIA GeForce RTX 3080, 6250, 3802, 10240, 95, 98
2026/07/30 23:16:00.724, 0, NVIDIA GeForce RTX 3080, 6250, 3802, 10240, 97, 98
2026/07/30 23:16:00.836, 0, NVIDIA GeForce RTX 3080, 6250, 3802, 10240, 97, 98
2026/07/30 23:16:00.948, 0, NVIDIA GeForce RTX 3080, 6250, 3802, 10240, 97, 98
2026/07/30 23:16:01.061, 0, NVIDIA GeForce RTX 3080, 6250, 3802, 10240, 97, 98
2026/07/30 23:16:01.173, 0, NVIDIA GeForce RTX 3080, 6250, 3802, 10240, 97, 98
2026/07/30 23:16:01.284, 0, NVIDIA GeForce RTX 3080, 6250, 3802, 10240, 97, 98
2026/07/30 23:16:01.396, 0, NVIDIA GeForce RTX 3080, 6250, 3802, 10240, 97, 98
2026/07/30 23:16:01.508, 0, NVIDIA GeForce RTX 3080, 6250, 3802, 10240, 97, 98
2026/07/30 23:16:01.620, 0, NVIDIA GeForce RTX 3080, 6250, 3802, 10240, 97, 98
2026/07/30 23:16:01.732, 0, NVIDIA GeForce RTX 3080, 6250, 3802, 10240, 96, 97
2026/07/30 23:16:01.844, 0, NVIDIA GeForce RTX 3080, 6250, 3802, 10240, 96, 97
2026/07/30 23:16:01.951, 0, NVIDIA GeForce RTX 3080, 6250, 3802, 10240, 96, 97
2026/07/30 23:16:02.062, 0, NVIDIA GeForce RTX 3080, 6250, 3802, 10240, 96, 97
2026/07/30 23:16:02.174, 0, NVIDIA GeForce RTX 3080, 6250, 3802, 10240, 96, 97
2026/07/30 23:16:02.286, 0, NVIDIA GeForce RTX 3080, 6250, 3802, 10240, 97, 98
2026/07/30 23:16:02.397, 0, NVIDIA GeForce RTX 3080, 6250, 3802, 10240, 97, 98
2026/07/30 23:16:02.509, 0, NVIDIA GeForce RTX 3080, 6250, 3802, 10240, 97, 98
2026/07/30 23:16:02.620, 0, NVIDIA GeForce RTX 3080, 6250, 3802, 10240, 97, 98
2026/07/30 23:16:02.730, 0, NVIDIA GeForce RTX 3080, 6250, 3802, 10240, 98, 98
2026/07/30 23:16:02.842, 0, NVIDIA GeForce RTX 3080, 6250, 3802, 10240, 98, 98
2026/07/30 23:16:02.954, 0, NVIDIA GeForce RTX 3080, 6250, 3802, 10240, 98, 98
2026/07/30 23:16:03.066, 0, NVIDIA GeForce RTX 3080, 6250, 3802, 10240, 98, 98
2026/07/30 23:16:03.178, 0, NVIDIA GeForce RTX 3080, 6250, 3802, 10240, 98, 98
2026/07/30 23:16:03.290, 0, NVIDIA GeForce RTX 3080, 6250, 3802, 10240, 96, 96
2026/07/30 23:16:03.402, 0, NVIDIA GeForce RTX 3080, 6250, 3802, 10240, 96, 96
2026/07/30 23:16:03.514, 0, NVIDIA GeForce RTX 3080, 6250, 3802, 10240, 96, 96
2026/07/30 23:16:03.626, 0, NVIDIA GeForce RTX 3080, 6250, 3802, 10240, 96, 96
2026/07/30 23:16:03.737, 0, NVIDIA GeForce RTX 3080, 6250, 3802, 10240, 98, 97
2026/07/30 23:16:03.849, 0, NVIDIA GeForce RTX 3080, 6250, 3802, 10240, 98, 97
2026/07/30 23:16:03.961, 0, NVIDIA GeForce RTX 3080, 6250, 3802, 10240, 98, 97
2026/07/30 23:16:04.073, 0, NVIDIA GeForce RTX 3080, 6250, 3802, 10240, 98, 97
2026/07/30 23:16:04.185, 0, NVIDIA GeForce RTX 3080, 6250, 3802, 10240, 98, 97
2026/07/30 23:16:04.296, 0, NVIDIA GeForce RTX 3080, 6250, 3802, 10240, 98, 98
2026/07/30 23:16:04.408, 0, NVIDIA GeForce RTX 3080, 6250, 3802, 10240, 98, 98
2026/07/30 23:16:04.520, 0, NVIDIA GeForce RTX 3080, 6250, 3802, 10240, 98, 98
2026/07/30 23:16:04.632, 0, NVIDIA GeForce RTX 3080, 6250, 3802, 10240, 98, 98
2026/07/30 23:16:04.743, 0, NVIDIA GeForce RTX 3080, 6250, 3802, 10240, 94, 97
2026/07/30 23:16:04.854, 0, NVIDIA GeForce RTX 3080, 6250, 3802, 10240, 94, 97
2026/07/30 23:16:04.965, 0, NVIDIA GeForce RTX 3080, 6250, 3802, 10240, 94, 97
2026/07/30 23:16:05.077, 0, NVIDIA GeForce RTX 3080, 6250, 3802, 10240, 94, 97
2026/07/30 23:16:05.189, 0, NVIDIA GeForce RTX 3080, 6250, 3802, 10240, 94, 97
2026/07/30 23:16:05.300, 0, NVIDIA GeForce RTX 3080, 6250, 3802, 10240, 95, 98
2026/07/30 23:16:05.412, 0, NVIDIA GeForce RTX 3080, 6250, 3802, 10240, 95, 98
2026/07/30 23:16:05.524, 0, NVIDIA GeForce RTX 3080, 6250, 3802, 10240, 95, 98
2026/07/30 23:16:05.636, 0, NVIDIA GeForce RTX 3080, 6250, 3802, 10240, 95, 98
2026/07/30 23:16:05.748, 0, NVIDIA GeForce RTX 3080, 6250, 3802, 10240, 95, 98
2026/07/30 23:16:05.860, 0, NVIDIA GeForce RTX 3080, 6250, 3802, 10240, 95, 98
2026/07/30 23:16:05.972, 0, NVIDIA GeForce RTX 3080, 6250, 3802, 10240, 95, 98
2026/07/30 23:16:06.084, 0, NVIDIA GeForce RTX 3080, 6250, 3802, 10240, 95, 98
2026/07/30 23:16:06.196, 0, NVIDIA GeForce RTX 3080, 6250, 3802, 10240, 95, 98
2026/07/30 23:16:06.307, 0, NVIDIA GeForce RTX 3080, 6250, 3802, 10240, 95, 98
2026/07/30 23:16:06.418, 0, NVIDIA GeForce RTX 3080, 6250, 3802, 10240, 95, 98
2026/07/30 23:16:06.530, 0, NVIDIA GeForce RTX 3080, 6250, 3802, 10240, 95, 98
2026/07/30 23:16:06.642, 0, NVIDIA GeForce RTX 3080, 6250, 3802, 10240, 95, 98
2026/07/30 23:16:06.754, 0, NVIDIA GeForce RTX 3080, 6250, 3802, 10240, 97, 98
2026/07/30 23:16:06.865, 0, NVIDIA GeForce RTX 3080, 6250, 3802, 10240, 97, 98
2026/07/30 23:16:06.975, 0, NVIDIA GeForce RTX 3080, 6250, 3802, 10240, 97, 98
2026/07/30 23:16:07.085, 0, NVIDIA GeForce RTX 3080, 6250, 3802, 10240, 97, 98
2026/07/30 23:16:07.197, 0, NVIDIA GeForce RTX 3080, 6250, 3802, 10240, 97, 98
2026/07/30 23:16:07.309, 0, NVIDIA GeForce RTX 3080, 6250, 3802, 10240, 97, 98
2026/07/30 23:16:07.421, 0, NVIDIA GeForce RTX 3080, 6250, 3802, 10240, 97, 98
2026/07/30 23:16:07.533, 0, NVIDIA GeForce RTX 3080, 6250, 3802, 10240, 97, 98
2026/07/30 23:16:07.645, 0, NVIDIA GeForce RTX 3080, 6250, 3802, 10240, 97, 98
2026/07/30 23:16:07.757, 0, NVIDIA GeForce RTX 3080, 6250, 3802, 10240, 97, 98
2026/07/30 23:16:07.868, 0, NVIDIA GeForce RTX 3080, 6250, 3802, 10240, 97, 98
2026/07/30 23:16:07.980, 0, NVIDIA GeForce RTX 3080, 6250, 3802, 10240, 97, 98
2026/07/30 23:16:08.092, 0, NVIDIA GeForce RTX 3080, 6250, 3802, 10240, 97, 98
2026/07/30 23:16:08.204, 0, NVIDIA GeForce RTX 3080, 6250, 3802, 10240, 97, 98
2026/07/30 23:16:08.316, 0, NVIDIA GeForce RTX 3080, 6250, 3802, 10240, 98, 98
2026/07/30 23:16:08.427, 0, NVIDIA GeForce RTX 3080, 6250, 3802, 10240, 98, 98
2026/07/30 23:16:08.538, 0, NVIDIA GeForce RTX 3080, 6250, 3802, 10240, 98, 98
2026/07/30 23:16:08.648, 0, NVIDIA GeForce RTX 3080, 6250, 3802, 10240, 98, 98
2026/07/30 23:16:08.759, 0, NVIDIA GeForce RTX 3080, 6250, 3802, 10240, 96, 98
2026/07/30 23:16:08.870, 0, NVIDIA GeForce RTX 3080, 6250, 3802, 10240, 96, 98
2026/07/30 23:16:08.981, 0, NVIDIA GeForce RTX 3080, 6250, 3802, 10240, 96, 98
2026/07/30 23:16:09.092, 0, NVIDIA GeForce RTX 3080, 6250, 3802, 10240, 96, 98
2026/07/30 23:16:09.204, 0, NVIDIA GeForce RTX 3080, 6250, 3802, 10240, 96, 98
2026/07/30 23:16:09.315, 0, NVIDIA GeForce RTX 3080, 6250, 3802, 10240, 96, 98
2026/07/30 23:16:09.425, 0, NVIDIA GeForce RTX 3080, 6250, 3802, 10240, 96, 98
2026/07/30 23:16:09.537, 0, NVIDIA GeForce RTX 3080, 6250, 3802, 10240, 96, 98
2026/07/30 23:16:09.648, 0, NVIDIA GeForce RTX 3080, 6250, 3802, 10240, 96, 98
2026/07/30 23:16:09.759, 0, NVIDIA GeForce RTX 3080, 6250, 3802, 10240, 96, 98
2026/07/30 23:16:09.868, 0, NVIDIA GeForce RTX 3080, 6250, 3802, 10240, 96, 98
2026/07/30 23:16:09.981, 0, NVIDIA GeForce RTX 3080, 6250, 3802, 10240, 96, 98
2026/07/30 23:16:10.093, 0, NVIDIA GeForce RTX 3080, 6250, 3802, 10240, 96, 98
2026/07/30 23:16:10.205, 0, NVIDIA GeForce RTX 3080, 6250, 3802, 10240, 96, 98
2026/07/30 23:16:10.316, 0, NVIDIA GeForce RTX 3080, 6250, 3802, 10240, 95, 98
2026/07/30 23:16:10.426, 0, NVIDIA GeForce RTX 3080, 6250, 3802, 10240, 95, 98
2026/07/30 23:16:10.537, 0, NVIDIA GeForce RTX 3080, 6250, 3802, 10240, 95, 98
2026/07/30 23:16:10.649, 0, NVIDIA GeForce RTX 3080, 6250, 3802, 10240, 95, 98
2026/07/30 23:16:10.759, 0, NVIDIA GeForce RTX 3080, 6250, 3802, 10240, 97, 98
2026/07/30 23:16:10.870, 0, NVIDIA GeForce RTX 3080, 6250, 3802, 10240, 97, 98
2026/07/30 23:16:10.982, 0, NVIDIA GeForce RTX 3080, 6250, 3802, 10240, 97, 98
2026/07/30 23:16:11.093, 0, NVIDIA GeForce RTX 3080, 6250, 3802, 10240, 97, 98
2026/07/30 23:16:11.203, 0, NVIDIA GeForce RTX 3080, 6250, 3802, 10240, 97, 98
2026/07/30 23:16:11.315, 0, NVIDIA GeForce RTX 3080, 6250, 3802, 10240, 97, 98
2026/07/30 23:16:11.427, 0, NVIDIA GeForce RTX 3080, 6250, 3802, 10240, 97, 98
2026/07/30 23:16:11.538, 0, NVIDIA GeForce RTX 3080, 6250, 3802, 10240, 97, 98
2026/07/30 23:16:11.648, 0, NVIDIA GeForce RTX 3080, 6250, 3802, 10240, 97, 98
2026/07/30 23:16:11.759, 0, NVIDIA GeForce RTX 3080, 6250, 3802, 10240, 97, 98
2026/07/30 23:16:11.870, 0, NVIDIA GeForce RTX 3080, 6250, 3802, 10240, 97, 98
2026/07/30 23:16:11.982, 0, NVIDIA GeForce RTX 3080, 6250, 3802, 10240, 97, 98
2026/07/30 23:16:12.094, 0, NVIDIA GeForce RTX 3080, 6250, 3802, 10240, 97, 98
2026/07/30 23:16:12.205, 0, NVIDIA GeForce RTX 3080, 6250, 3802, 10240, 97, 98
2026/07/30 23:16:12.317, 0, NVIDIA GeForce RTX 3080, 6250, 3802, 10240, 96, 96
2026/07/30 23:16:12.429, 0, NVIDIA GeForce RTX 3080, 6250, 3802, 10240, 96, 96
2026/07/30 23:16:12.541, 0, NVIDIA GeForce RTX 3080, 6250, 3802, 10240, 96, 96
2026/07/30 23:16:12.653, 0, NVIDIA GeForce RTX 3080, 6250, 3802, 10240, 96, 96
2026/07/30 23:16:12.765, 0, NVIDIA GeForce RTX 3080, 6250, 3802, 10240, 95, 98
2026/07/30 23:16:12.877, 0, NVIDIA GeForce RTX 3080, 6250, 3802, 10240, 95, 98
2026/07/30 23:16:12.986, 0, NVIDIA GeForce RTX 3080, 6250, 3802, 10240, 95, 98
2026/07/30 23:16:13.095, 0, NVIDIA GeForce RTX 3080, 6250, 3802, 10240, 95, 98
2026/07/30 23:16:13.204, 0, NVIDIA GeForce RTX 3080, 6250, 3802, 10240, 95, 98
2026/07/30 23:16:13.312, 0, NVIDIA GeForce RTX 3080, 6250, 3802, 10240, 95, 98
2026/07/30 23:16:13.421, 0, NVIDIA GeForce RTX 3080, 6250, 3802, 10240, 95, 98
2026/07/30 23:16:13.530, 0, NVIDIA GeForce RTX 3080, 6250, 3802, 10240, 95, 98
2026/07/30 23:16:13.639, 0, NVIDIA GeForce RTX 3080, 6250, 3802, 10240, 95, 98
2026/07/30 23:16:13.751, 0, NVIDIA GeForce RTX 3080, 6250, 3802, 10240, 96, 98
2026/07/30 23:16:13.862, 0, NVIDIA GeForce RTX 3080, 6250, 3802, 10240, 96, 98
2026/07/30 23:16:13.974, 0, NVIDIA GeForce RTX 3080, 6250, 3802, 10240, 96, 98
2026/07/30 23:16:14.085, 0, NVIDIA GeForce RTX 3080, 6250, 3802, 10240, 96, 98
2026/07/30 23:16:14.196, 0, NVIDIA GeForce RTX 3080, 6250, 3802, 10240, 96, 98
2026/07/30 23:16:14.308, 0, NVIDIA GeForce RTX 3080, 6250, 3802, 10240, 96, 98
2026/07/30 23:16:14.420, 0, NVIDIA GeForce RTX 3080, 6250, 3802, 10240, 96, 98
2026/07/30 23:16:14.532, 0, NVIDIA GeForce RTX 3080, 6250, 3802, 10240, 96, 98
2026/07/30 23:16:14.644, 0, NVIDIA GeForce RTX 3080, 6250, 3802, 10240, 96, 98
2026/07/30 23:16:14.756, 0, NVIDIA GeForce RTX 3080, 6250, 3802, 10240, 97, 98
2026/07/30 23:16:14.867, 0, NVIDIA GeForce RTX 3080, 6250, 3802, 10240, 97, 98
2026/07/30 23:16:14.976, 0, NVIDIA GeForce RTX 3080, 6250, 3802, 10240, 97, 98
2026/07/30 23:16:15.086, 0, NVIDIA GeForce RTX 3080, 6250, 3802, 10240, 97, 98
2026/07/30 23:16:15.194, 0, NVIDIA GeForce RTX 3080, 6250, 3802, 10240, 97, 98
2026/07/30 23:16:15.303, 0, NVIDIA GeForce RTX 3080, 6250, 3802, 10240, 96, 97
2026/07/30 23:16:15.414, 0, NVIDIA GeForce RTX 3080, 6250, 3802, 10240, 96, 97
2026/07/30 23:16:15.526, 0, NVIDIA GeForce RTX 3080, 6250, 3802, 10240, 96, 97
2026/07/30 23:16:15.638, 0, NVIDIA GeForce RTX 3080, 6250, 3802, 10240, 96, 97
2026/07/30 23:16:15.748, 0, NVIDIA GeForce RTX 3080, 6250, 3802, 10240, 97, 98
2026/07/30 23:16:15.861, 0, NVIDIA GeForce RTX 3080, 6250, 3802, 10240, 97, 98
2026/07/30 23:16:15.973, 0, NVIDIA GeForce RTX 3080, 6250, 3802, 10240, 97, 98
2026/07/30 23:16:16.084, 0, NVIDIA GeForce RTX 3080, 6250, 3802, 10240, 97, 98
2026/07/30 23:16:16.196, 0, NVIDIA GeForce RTX 3080, 6250, 3802, 10240, 97, 98
2026/07/30 23:16:16.308, 0, NVIDIA GeForce RTX 3080, 6250, 3802, 10240, 97, 98
2026/07/30 23:16:16.420, 0, NVIDIA GeForce RTX 3080, 6250, 3802, 10240, 97, 98
2026/07/30 23:16:16.532, 0, NVIDIA GeForce RTX 3080, 6250, 3802, 10240, 97, 98
2026/07/30 23:16:16.643, 0, NVIDIA GeForce RTX 3080, 6250, 3802, 10240, 97, 98
2026/07/30 23:16:16.755, 0, NVIDIA GeForce RTX 3080, 6250, 3802, 10240, 98, 98
2026/07/30 23:16:16.867, 0, NVIDIA GeForce RTX 3080, 6250, 3802, 10240, 98, 98
2026/07/30 23:16:16.979, 0, NVIDIA GeForce RTX 3080, 6250, 3802, 10240, 98, 98
2026/07/30 23:16:17.089, 0, NVIDIA GeForce RTX 3080, 6250, 3802, 10240, 98, 98
2026/07/30 23:16:17.200, 0, NVIDIA GeForce RTX 3080, 6250, 3802, 10240, 98, 98
2026/07/30 23:16:17.312, 0, NVIDIA GeForce RTX 3080, 6250, 3802, 10240, 98, 98
2026/07/30 23:16:17.424, 0, NVIDIA GeForce RTX 3080, 6250, 3802, 10240, 98, 98
2026/07/30 23:16:17.536, 0, NVIDIA GeForce RTX 3080, 6250, 3802, 10240, 98, 98
2026/07/30 23:16:17.648, 0, NVIDIA GeForce RTX 3080, 6250, 3802, 10240, 98, 98
2026/07/30 23:16:17.760, 0, NVIDIA GeForce RTX 3080, 6250, 3802, 10240, 98, 98
2026/07/30 23:16:17.872, 0, NVIDIA GeForce RTX 3080, 6250, 3802, 10240, 98, 98
2026/07/30 23:16:17.982, 0, NVIDIA GeForce RTX 3080, 6250, 3802, 10240, 98, 98
2026/07/30 23:16:18.094, 0, NVIDIA GeForce RTX 3080, 6250, 3802, 10240, 98, 98
2026/07/30 23:16:18.205, 0, NVIDIA GeForce RTX 3080, 6250, 3802, 10240, 98, 98
2026/07/30 23:16:18.317, 0, NVIDIA GeForce RTX 3080, 6250, 3802, 10240, 98, 98
2026/07/30 23:16:18.429, 0, NVIDIA GeForce RTX 3080, 6250, 3802, 10240, 98, 98
2026/07/30 23:16:18.541, 0, NVIDIA GeForce RTX 3080, 6250, 3802, 10240, 98, 98
2026/07/30 23:16:18.653, 0, NVIDIA GeForce RTX 3080, 6250, 3802, 10240, 98, 98
2026/07/30 23:16:18.765, 0, NVIDIA GeForce RTX 3080, 6250, 3802, 10240, 96, 98
2026/07/30 23:16:18.877, 0, NVIDIA GeForce RTX 3080, 6250, 3802, 10240, 96, 98
2026/07/30 23:16:18.990, 0, NVIDIA GeForce RTX 3080, 6250, 3802, 10240, 96, 98
2026/07/30 23:16:19.102, 0, NVIDIA GeForce RTX 3080, 6250, 3802, 10240, 96, 98
2026/07/30 23:16:19.214, 0, NVIDIA GeForce RTX 3080, 6250, 3802, 10240, 96, 98
2026/07/30 23:16:19.326, 0, NVIDIA GeForce RTX 3080, 6250, 3802, 10240, 95, 98
2026/07/30 23:16:19.438, 0, NVIDIA GeForce RTX 3080, 6250, 3802, 10240, 95, 98
2026/07/30 23:16:19.550, 0, NVIDIA GeForce RTX 3080, 6250, 3802, 10240, 95, 98
2026/07/30 23:16:19.662, 0, NVIDIA GeForce RTX 3080, 6250, 3802, 10240, 95, 98
2026/07/30 23:16:19.774, 0, NVIDIA GeForce RTX 3080, 6250, 3802, 10240, 95, 98
2026/07/30 23:16:19.885, 0, NVIDIA GeForce RTX 3080, 6250, 3802, 10240, 95, 98
2026/07/30 23:16:19.995, 0, NVIDIA GeForce RTX 3080, 6250, 3802, 10240, 95, 98
2026/07/30 23:16:20.104, 0, NVIDIA GeForce RTX 3080, 6250, 3802, 10240, 95, 98
2026/07/30 23:16:20.214, 0, NVIDIA GeForce RTX 3080, 6250, 3802, 10240, 95, 98
2026/07/30 23:16:20.325, 0, NVIDIA GeForce RTX 3080, 6250, 3802, 10240, 95, 97
2026/07/30 23:16:20.437, 0, NVIDIA GeForce RTX 3080, 6250, 3802, 10240, 95, 97
2026/07/30 23:16:20.549, 0, NVIDIA GeForce RTX 3080, 6250, 3802, 10240, 95, 97
2026/07/30 23:16:20.661, 0, NVIDIA GeForce RTX 3080, 6250, 3802, 10240, 95, 97
2026/07/30 23:16:20.773, 0, NVIDIA GeForce RTX 3080, 6250, 3802, 10240, 96, 97
2026/07/30 23:16:20.884, 0, NVIDIA GeForce RTX 3080, 6250, 3802, 10240, 96, 97
2026/07/30 23:16:20.997, 0, NVIDIA GeForce RTX 3080, 6250, 3802, 10240, 96, 97
2026/07/30 23:16:21.109, 0, NVIDIA GeForce RTX 3080, 6250, 3802, 10240, 96, 97
2026/07/30 23:16:21.221, 0, NVIDIA GeForce RTX 3080, 6250, 3802, 10240, 96, 97
2026/07/30 23:16:21.332, 0, NVIDIA GeForce RTX 3080, 6250, 3802, 10240, 97, 98
2026/07/30 23:16:21.444, 0, NVIDIA GeForce RTX 3080, 6250, 3802, 10240, 97, 98
2026/07/30 23:16:21.556, 0, NVIDIA GeForce RTX 3080, 6250, 3802, 10240, 97, 98
2026/07/30 23:16:21.668, 0, NVIDIA GeForce RTX 3080, 6250, 3802, 10240, 97, 98
2026/07/30 23:16:21.780, 0, NVIDIA GeForce RTX 3080, 6250, 3802, 10240, 97, 98
2026/07/30 23:16:21.892, 0, NVIDIA GeForce RTX 3080, 6250, 3802, 10240, 97, 98
2026/07/30 23:16:22.002, 0, NVIDIA GeForce RTX 3080, 6250, 3802, 10240, 97, 98
2026/07/30 23:16:22.114, 0, NVIDIA GeForce RTX 3080, 6250, 3802, 10240, 97, 98
2026/07/30 23:16:22.226, 0, NVIDIA GeForce RTX 3080, 6250, 3802, 10240, 95, 96
2026/07/30 23:16:22.338, 0, NVIDIA GeForce RTX 3080, 6250, 3802, 10240, 95, 96
2026/07/30 23:16:22.449, 0, NVIDIA GeForce RTX 3080, 6250, 3802, 10240, 95, 96
2026/07/30 23:16:22.561, 0, NVIDIA GeForce RTX 3080, 6250, 3802, 10240, 95, 96
2026/07/30 23:16:22.674, 0, NVIDIA GeForce RTX 3080, 6250, 3802, 10240, 95, 96
2026/07/30 23:16:22.786, 0, NVIDIA GeForce RTX 3080, 6250, 3802, 10240, 95, 97
2026/07/30 23:16:22.898, 0, NVIDIA GeForce RTX 3080, 6250, 3802, 10240, 95, 97
2026/07/30 23:16:23.010, 0, NVIDIA GeForce RTX 3080, 6250, 3802, 10240, 95, 97
2026/07/30 23:16:23.122, 0, NVIDIA GeForce RTX 3080, 6250, 3802, 10240, 95, 97
2026/07/30 23:16:23.234, 0, NVIDIA GeForce RTX 3080, 6250, 3802, 10240, 96, 98
2026/07/30 23:16:23.346, 0, NVIDIA GeForce RTX 3080, 6250, 3802, 10240, 96, 98
2026/07/30 23:16:23.458, 0, NVIDIA GeForce RTX 3080, 6250, 3802, 10240, 96, 98
2026/07/30 23:16:23.569, 0, NVIDIA GeForce RTX 3080, 6250, 3802, 10240, 96, 98
2026/07/30 23:16:23.680, 0, NVIDIA GeForce RTX 3080, 6250, 3802, 10240, 96, 98
2026/07/30 23:16:23.791, 0, NVIDIA GeForce RTX 3080, 6250, 3802, 10240, 96, 98
2026/07/30 23:16:23.902, 0, NVIDIA GeForce RTX 3080, 6250, 3802, 10240, 96, 98
2026/07/30 23:16:24.012, 0, NVIDIA GeForce RTX 3080, 6250, 3802, 10240, 96, 98
2026/07/30 23:16:24.125, 0, NVIDIA GeForce RTX 3080, 6250, 3802, 10240, 96, 98
2026/07/30 23:16:24.237, 0, NVIDIA GeForce RTX 3080, 6250, 3802, 10240, 96, 98
2026/07/30 23:16:24.347, 0, NVIDIA GeForce RTX 3080, 6250, 3802, 10240, 96, 98
2026/07/30 23:16:24.459, 0, NVIDIA GeForce RTX 3080, 6250, 3802, 10240, 96, 98
2026/07/30 23:16:24.571, 0, NVIDIA GeForce RTX 3080, 6250, 3802, 10240, 96, 98
2026/07/30 23:16:24.683, 0, NVIDIA GeForce RTX 3080, 6250, 3802, 10240, 96, 98
2026/07/30 23:16:24.795, 0, NVIDIA GeForce RTX 3080, 6250, 3802, 10240, 97, 98
2026/07/30 23:16:24.907, 0, NVIDIA GeForce RTX 3080, 6250, 3802, 10240, 97, 98
2026/07/30 23:16:25.019, 0, NVIDIA GeForce RTX 3080, 6250, 3802, 10240, 97, 98
2026/07/30 23:16:25.131, 0, NVIDIA GeForce RTX 3080, 6250, 3802, 10240, 97, 98
2026/07/30 23:16:25.243, 0, NVIDIA GeForce RTX 3080, 6250, 3802, 10240, 97, 98
2026/07/30 23:16:25.354, 0, NVIDIA GeForce RTX 3080, 6250, 3802, 10240, 97, 98
2026/07/30 23:16:25.464, 0, NVIDIA GeForce RTX 3080, 6250, 3802, 10240, 97, 98
2026/07/30 23:16:25.576, 0, NVIDIA GeForce RTX 3080, 6250, 3802, 10240, 97, 98
2026/07/30 23:16:25.686, 0, NVIDIA GeForce RTX 3080, 6250, 3802, 10240, 97, 98
2026/07/30 23:16:25.798, 0, NVIDIA GeForce RTX 3080, 6250, 3802, 10240, 96, 97
2026/07/30 23:16:25.910, 0, NVIDIA GeForce RTX 3080, 6250, 3802, 10240, 96, 97
2026/07/30 23:16:26.022, 0, NVIDIA GeForce RTX 3080, 6250, 3802, 10240, 96, 97
2026/07/30 23:16:26.134, 0, NVIDIA GeForce RTX 3080, 6250, 3802, 10240, 96, 97
2026/07/30 23:16:26.246, 0, NVIDIA GeForce RTX 3080, 6250, 3802, 10240, 97, 98
2026/07/30 23:16:26.358, 0, NVIDIA GeForce RTX 3080, 6250, 3802, 10240, 97, 98
2026/07/30 23:16:26.470, 0, NVIDIA GeForce RTX 3080, 6250, 3802, 10240, 97, 98
2026/07/30 23:16:26.582, 0, NVIDIA GeForce RTX 3080, 6250, 3802, 10240, 97, 98
2026/07/30 23:16:26.694, 0, NVIDIA GeForce RTX 3080, 6250, 3802, 10240, 97, 98
2026/07/30 23:16:26.806, 0, NVIDIA GeForce RTX 3080, 6250, 3802, 10240, 95, 98
2026/07/30 23:16:26.918, 0, NVIDIA GeForce RTX 3080, 6250, 3802, 10240, 95, 98
2026/07/30 23:16:27.030, 0, NVIDIA GeForce RTX 3080, 6250, 3802, 10240, 95, 98
2026/07/30 23:16:27.142, 0, NVIDIA GeForce RTX 3080, 6250, 3802, 10240, 95, 98
2026/07/30 23:16:27.254, 0, NVIDIA GeForce RTX 3080, 6250, 3802, 10240, 95, 98
2026/07/30 23:16:27.366, 0, NVIDIA GeForce RTX 3080, 6250, 3802, 10240, 95, 98
2026/07/30 23:16:27.477, 0, NVIDIA GeForce RTX 3080, 6250, 3802, 10240, 95, 98
2026/07/30 23:16:27.588, 0, NVIDIA GeForce RTX 3080, 6250, 3802, 10240, 95, 98
2026/07/30 23:16:27.700, 0, NVIDIA GeForce RTX 3080, 6250, 3802, 10240, 95, 98
2026/07/30 23:16:27.811, 0, NVIDIA GeForce RTX 3080, 6250, 3802, 10240, 96, 98
2026/07/30 23:16:27.922, 0, NVIDIA GeForce RTX 3080, 6250, 3802, 10240, 96, 98
2026/07/30 23:16:28.033, 0, NVIDIA GeForce RTX 3080, 6250, 3802, 10240, 96, 98
2026/07/30 23:16:28.145, 0, NVIDIA GeForce RTX 3080, 6250, 3802, 10240, 96, 98
2026/07/30 23:16:28.257, 0, NVIDIA GeForce RTX 3080, 6250, 3802, 10240, 95, 98
2026/07/30 23:16:28.369, 0, NVIDIA GeForce RTX 3080, 6250, 3802, 10240, 95, 98
2026/07/30 23:16:28.481, 0, NVIDIA GeForce RTX 3080, 6250, 3802, 10240, 95, 98
2026/07/30 23:16:28.593, 0, NVIDIA GeForce RTX 3080, 6250, 3802, 10240, 95, 98
2026/07/30 23:16:28.705, 0, NVIDIA GeForce RTX 3080, 6250, 3802, 10240, 95, 98
2026/07/30 23:16:28.816, 0, NVIDIA GeForce RTX 3080, 6250, 3802, 10240, 96, 98
2026/07/30 23:16:28.928, 0, NVIDIA GeForce RTX 3080, 6250, 3802, 10240, 96, 98
2026/07/30 23:16:29.040, 0, NVIDIA GeForce RTX 3080, 6250, 3802, 10240, 96, 98
2026/07/30 23:16:29.151, 0, NVIDIA GeForce RTX 3080, 6250, 3802, 10240, 96, 98
2026/07/30 23:16:29.263, 0, NVIDIA GeForce RTX 3080, 6250, 3802, 10240, 96, 98
2026/07/30 23:16:29.375, 0, NVIDIA GeForce RTX 3080, 6250, 3802, 10240, 96, 98
2026/07/30 23:16:29.487, 0, NVIDIA GeForce RTX 3080, 6250, 3802, 10240, 96, 98
2026/07/30 23:16:29.599, 0, NVIDIA GeForce RTX 3080, 6250, 3802, 10240, 96, 98
2026/07/30 23:16:29.711, 0, NVIDIA GeForce RTX 3080, 6250, 3802, 10240, 96, 98
2026/07/30 23:16:29.823, 0, NVIDIA GeForce RTX 3080, 6250, 3802, 10240, 97, 98
2026/07/30 23:16:29.935, 0, NVIDIA GeForce RTX 3080, 6250, 3802, 10240, 97, 98
2026/07/30 23:16:30.047, 0, NVIDIA GeForce RTX 3080, 6250, 3802, 10240, 97, 98
2026/07/30 23:16:30.158, 0, NVIDIA GeForce RTX 3080, 6250, 3802, 10240, 97, 98
2026/07/30 23:16:30.270, 0, NVIDIA GeForce RTX 3080, 6250, 3802, 10240, 97, 98
2026/07/30 23:16:30.382, 0, NVIDIA GeForce RTX 3080, 6250, 3802, 10240, 97, 98
2026/07/30 23:16:30.493, 0, NVIDIA GeForce RTX 3080, 6250, 3802, 10240, 97, 98
2026/07/30 23:16:30.605, 0, NVIDIA GeForce RTX 3080, 6250, 3802, 10240, 97, 98
2026/07/30 23:16:30.718, 0, NVIDIA GeForce RTX 3080, 6250, 3802, 10240, 97, 98
2026/07/30 23:16:30.829, 0, NVIDIA GeForce RTX 3080, 6250, 3802, 10240, 98, 98
2026/07/30 23:16:30.941, 0, NVIDIA GeForce RTX 3080, 6250, 3802, 10240, 98, 98
2026/07/30 23:16:31.053, 0, NVIDIA GeForce RTX 3080, 6250, 3802, 10240, 98, 98
2026/07/30 23:16:31.164, 0, NVIDIA GeForce RTX 3080, 6250, 3802, 10240, 98, 98
2026/07/30 23:16:31.276, 0, NVIDIA GeForce RTX 3080, 6250, 3802, 10240, 98, 98
2026/07/30 23:16:31.387, 0, NVIDIA GeForce RTX 3080, 6250, 3802, 10240, 98, 98
2026/07/30 23:16:31.499, 0, NVIDIA GeForce RTX 3080, 6250, 3802, 10240, 98, 98
2026/07/30 23:16:31.611, 0, NVIDIA GeForce RTX 3080, 6250, 3802, 10240, 98, 98
2026/07/30 23:16:31.723, 0, NVIDIA GeForce RTX 3080, 6250, 3802, 10240, 98, 98
2026/07/30 23:16:31.835, 0, NVIDIA GeForce RTX 3080, 6250, 3802, 10240, 98, 98
2026/07/30 23:16:31.946, 0, NVIDIA GeForce RTX 3080, 6250, 3802, 10240, 98, 98
2026/07/30 23:16:32.058, 0, NVIDIA GeForce RTX 3080, 6250, 3802, 10240, 98, 98
2026/07/30 23:16:32.170, 0, NVIDIA GeForce RTX 3080, 6250, 3802, 10240, 98, 98
2026/07/30 23:16:32.282, 0, NVIDIA GeForce RTX 3080, 6250, 3802, 10240, 93, 96
2026/07/30 23:16:32.393, 0, NVIDIA GeForce RTX 3080, 6250, 3802, 10240, 93, 96
2026/07/30 23:16:32.505, 0, NVIDIA GeForce RTX 3080, 6250, 3802, 10240, 93, 96
2026/07/30 23:16:32.617, 0, NVIDIA GeForce RTX 3080, 6250, 3802, 10240, 93, 96
2026/07/30 23:16:32.729, 0, NVIDIA GeForce RTX 3080, 6250, 3802, 10240, 96, 98
2026/07/30 23:16:32.841, 0, NVIDIA GeForce RTX 3080, 6250, 3802, 10240, 96, 98
2026/07/30 23:16:32.952, 0, NVIDIA GeForce RTX 3080, 6250, 3802, 10240, 96, 98
2026/07/30 23:16:33.061, 0, NVIDIA GeForce RTX 3080, 6250, 3802, 10240, 96, 98
2026/07/30 23:16:33.170, 0, NVIDIA GeForce RTX 3080, 6250, 3802, 10240, 96, 98
2026/07/30 23:16:33.280, 0, NVIDIA GeForce RTX 3080, 6250, 3802, 10240, 95, 98
2026/07/30 23:16:33.389, 0, NVIDIA GeForce RTX 3080, 6250, 3802, 10240, 95, 98
2026/07/30 23:16:33.497, 0, NVIDIA GeForce RTX 3080, 6250, 3802, 10240, 95, 98
2026/07/30 23:16:33.608, 0, NVIDIA GeForce RTX 3080, 6250, 3802, 10240, 95, 98
2026/07/30 23:16:33.720, 0, NVIDIA GeForce RTX 3080, 6250, 3802, 10240, 95, 98
2026/07/30 23:16:33.833, 0, NVIDIA GeForce RTX 3080, 6250, 3802, 10240, 95, 97
2026/07/30 23:16:33.944, 0, NVIDIA GeForce RTX 3080, 6250, 3802, 10240, 95, 97
2026/07/30 23:16:34.055, 0, NVIDIA GeForce RTX 3080, 6250, 3802, 10240, 95, 97
2026/07/30 23:16:34.168, 0, NVIDIA GeForce RTX 3080, 6250, 3802, 10240, 95, 97
2026/07/30 23:16:34.280, 0, NVIDIA GeForce RTX 3080, 6250, 3802, 10240, 97, 98
2026/07/30 23:16:34.392, 0, NVIDIA GeForce RTX 3080, 6250, 3802, 10240, 97, 98
2026/07/30 23:16:34.504, 0, NVIDIA GeForce RTX 3080, 6250, 3802, 10240, 97, 98
2026/07/30 23:16:34.616, 0, NVIDIA GeForce RTX 3080, 6250, 3802, 10240, 97, 98
2026/07/30 23:16:34.728, 0, NVIDIA GeForce RTX 3080, 6250, 3802, 10240, 98, 98
2026/07/30 23:16:34.839, 0, NVIDIA GeForce RTX 3080, 6250, 3802, 10240, 98, 98
2026/07/30 23:16:34.948, 0, NVIDIA GeForce RTX 3080, 6250, 3802, 10240, 98, 98
2026/07/30 23:16:35.056, 0, NVIDIA GeForce RTX 3080, 6250, 3802, 10240, 98, 98
2026/07/30 23:16:35.165, 0, NVIDIA GeForce RTX 3080, 6250, 3802, 10240, 98, 98
2026/07/30 23:16:35.276, 0, NVIDIA GeForce RTX 3080, 6250, 3802, 10240, 97, 98
2026/07/30 23:16:35.388, 0, NVIDIA GeForce RTX 3080, 6250, 3802, 10240, 97, 98
2026/07/30 23:16:35.500, 0, NVIDIA GeForce RTX 3080, 6250, 3802, 10240, 97, 98
2026/07/30 23:16:35.610, 0, NVIDIA GeForce RTX 3080, 6250, 3802, 10240, 97, 98
2026/07/30 23:16:35.722, 0, NVIDIA GeForce RTX 3080, 6250, 3802, 10240, 97, 98
2026/07/30 23:16:35.833, 0, NVIDIA GeForce RTX 3080, 6250, 3802, 10240, 97, 97
2026/07/30 23:16:35.943, 0, NVIDIA GeForce RTX 3080, 6250, 3802, 10240, 97, 97
2026/07/30 23:16:36.053, 0, NVIDIA GeForce RTX 3080, 6250, 3802, 10240, 97, 97
2026/07/30 23:16:36.164, 0, NVIDIA GeForce RTX 3080, 6250, 3802, 10240, 97, 97
2026/07/30 23:16:36.276, 0, NVIDIA GeForce RTX 3080, 6250, 3802, 10240, 96, 98
2026/07/30 23:16:36.387, 0, NVIDIA GeForce RTX 3080, 6250, 3802, 10240, 96, 98
2026/07/30 23:16:36.499, 0, NVIDIA GeForce RTX 3080, 6250, 3802, 10240, 96, 98
2026/07/30 23:16:36.612, 0, NVIDIA GeForce RTX 3080, 6250, 3802, 10240, 96, 98
2026/07/30 23:16:36.724, 0, NVIDIA GeForce RTX 3080, 6250, 3802, 10240, 96, 98
2026/07/30 23:16:36.836, 0, NVIDIA GeForce RTX 3080, 6250, 3802, 10240, 96, 98
2026/07/30 23:16:36.948, 0, NVIDIA GeForce RTX 3080, 6250, 3802, 10240, 96, 98
2026/07/30 23:16:37.060, 0, NVIDIA GeForce RTX 3080, 6250, 3802, 10240, 96, 98
2026/07/30 23:16:37.172, 0, NVIDIA GeForce RTX 3080, 6250, 3802, 10240, 96, 98
2026/07/30 23:16:37.284, 0, NVIDIA GeForce RTX 3080, 6250, 3802, 10240, 95, 98
2026/07/30 23:16:37.396, 0, NVIDIA GeForce RTX 3080, 6250, 3802, 10240, 95, 98
2026/07/30 23:16:37.508, 0, NVIDIA GeForce RTX 3080, 6250, 3802, 10240, 95, 98
2026/07/30 23:16:37.620, 0, NVIDIA GeForce RTX 3080, 6250, 3802, 10240, 95, 98
2026/07/30 23:16:37.731, 0, NVIDIA GeForce RTX 3080, 6250, 3802, 10240, 95, 97
2026/07/30 23:16:37.843, 0, NVIDIA GeForce RTX 3080, 6250, 3802, 10240, 95, 97
2026/07/30 23:16:37.955, 0, NVIDIA GeForce RTX 3080, 6250, 3802, 10240, 95, 97
2026/07/30 23:16:38.067, 0, NVIDIA GeForce RTX 3080, 6250, 3802, 10240, 95, 97
2026/07/30 23:16:38.179, 0, NVIDIA GeForce RTX 3080, 6250, 3802, 10240, 95, 97
2026/07/30 23:16:38.291, 0, NVIDIA GeForce RTX 3080, 6250, 3802, 10240, 94, 96
2026/07/30 23:16:38.403, 0, NVIDIA GeForce RTX 3080, 6250, 3802, 10240, 94, 96
2026/07/30 23:16:38.514, 0, NVIDIA GeForce RTX 3080, 6250, 3802, 10240, 94, 96
2026/07/30 23:16:38.625, 0, NVIDIA GeForce RTX 3080, 6250, 3802, 10240, 94, 96
2026/07/30 23:16:38.736, 0, NVIDIA GeForce RTX 3080, 6250, 3802, 10240, 97, 98
2026/07/30 23:16:38.848, 0, NVIDIA GeForce RTX 3080, 6250, 3802, 10240, 97, 98
2026/07/30 23:16:38.960, 0, NVIDIA GeForce RTX 3080, 6250, 3802, 10240, 97, 98
2026/07/30 23:16:39.071, 0, NVIDIA GeForce RTX 3080, 6250, 3802, 10240, 97, 98
2026/07/30 23:16:39.182, 0, NVIDIA GeForce RTX 3080, 6250, 3802, 10240, 97, 98
2026/07/30 23:16:39.294, 0, NVIDIA GeForce RTX 3080, 6250, 3802, 10240, 97, 98
2026/07/30 23:16:39.405, 0, NVIDIA GeForce RTX 3080, 6250, 3802, 10240, 97, 98
2026/07/30 23:16:39.516, 0, NVIDIA GeForce RTX 3080, 6250, 3802, 10240, 97, 98
2026/07/30 23:16:39.628, 0, NVIDIA GeForce RTX 3080, 6250, 3802, 10240, 97, 98
2026/07/30 23:16:39.740, 0, NVIDIA GeForce RTX 3080, 6250, 3802, 10240, 97, 98
2026/07/30 23:16:39.853, 0, NVIDIA GeForce RTX 3080, 6250, 3802, 10240, 97, 98
2026/07/30 23:16:39.963, 0, NVIDIA GeForce RTX 3080, 6250, 3802, 10240, 97, 98
2026/07/30 23:16:40.072, 0, NVIDIA GeForce RTX 3080, 6250, 3802, 10240, 97, 98
2026/07/30 23:16:40.181, 0, NVIDIA GeForce RTX 3080, 6250, 3802, 10240, 97, 98
2026/07/30 23:16:40.293, 0, NVIDIA GeForce RTX 3080, 6250, 3802, 10240, 97, 98
2026/07/30 23:16:40.405, 0, NVIDIA GeForce RTX 3080, 6250, 3802, 10240, 97, 98
2026/07/30 23:16:40.517, 0, NVIDIA GeForce RTX 3080, 6250, 3802, 10240, 97, 98
2026/07/30 23:16:40.629, 0, NVIDIA GeForce RTX 3080, 6250, 3802, 10240, 97, 98
2026/07/30 23:16:40.740, 0, NVIDIA GeForce RTX 3080, 6250, 3802, 10240, 95, 98
2026/07/30 23:16:40.852, 0, NVIDIA GeForce RTX 3080, 6250, 3802, 10240, 95, 98
2026/07/30 23:16:40.964, 0, NVIDIA GeForce RTX 3080, 6250, 3802, 10240, 95, 98
2026/07/30 23:16:41.076, 0, NVIDIA GeForce RTX 3080, 6250, 3802, 10240, 95, 98
2026/07/30 23:16:41.188, 0, NVIDIA GeForce RTX 3080, 6250, 3802, 10240, 95, 98
2026/07/30 23:16:41.300, 0, NVIDIA GeForce RTX 3080, 6250, 3802, 10240, 95, 98
2026/07/30 23:16:41.412, 0, NVIDIA GeForce RTX 3080, 6250, 3802, 10240, 95, 98
2026/07/30 23:16:41.524, 0, NVIDIA GeForce RTX 3080, 6250, 3802, 10240, 95, 98
2026/07/30 23:16:41.636, 0, NVIDIA GeForce RTX 3080, 6250, 3802, 10240, 95, 98
2026/07/30 23:16:41.748, 0, NVIDIA GeForce RTX 3080, 6250, 3802, 10240, 96, 98
2026/07/30 23:16:41.860, 0, NVIDIA GeForce RTX 3080, 6250, 3802, 10240, 96, 98
2026/07/30 23:16:41.972, 0, NVIDIA GeForce RTX 3080, 6250, 3802, 10240, 96, 98
2026/07/30 23:16:42.083, 0, NVIDIA GeForce RTX 3080, 6250, 3802, 10240, 96, 98
2026/07/30 23:16:42.195, 0, NVIDIA GeForce RTX 3080, 6250, 3802, 10240, 96, 98
2026/07/30 23:16:42.307, 0, NVIDIA GeForce RTX 3080, 6250, 3802, 10240, 96, 98
2026/07/30 23:16:42.419, 0, NVIDIA GeForce RTX 3080, 6250, 3802, 10240, 96, 98
2026/07/30 23:16:42.531, 0, NVIDIA GeForce RTX 3080, 6250, 3802, 10240, 96, 98
2026/07/30 23:16:42.642, 0, NVIDIA GeForce RTX 3080, 6250, 3802, 10240, 96, 98
2026/07/30 23:16:42.753, 0, NVIDIA GeForce RTX 3080, 6250, 3802, 10240, 97, 98
2026/07/30 23:16:42.865, 0, NVIDIA GeForce RTX 3080, 6250, 3802, 10240, 97, 98
2026/07/30 23:16:42.977, 0, NVIDIA GeForce RTX 3080, 6250, 3802, 10240, 97, 98
2026/07/30 23:16:43.089, 0, NVIDIA GeForce RTX 3080, 6250, 3802, 10240, 97, 98
2026/07/30 23:16:43.201, 0, NVIDIA GeForce RTX 3080, 6250, 3802, 10240, 97, 98
2026/07/30 23:16:43.313, 0, NVIDIA GeForce RTX 3080, 6250, 3802, 10240, 95, 96
2026/07/30 23:16:43.425, 0, NVIDIA GeForce RTX 3080, 6250, 3802, 10240, 95, 96
2026/07/30 23:16:43.537, 0, NVIDIA GeForce RTX 3080, 6250, 3802, 10240, 95, 96
2026/07/30 23:16:43.649, 0, NVIDIA GeForce RTX 3080, 6250, 3802, 10240, 95, 96
2026/07/30 23:16:43.761, 0, NVIDIA GeForce RTX 3080, 6250, 3802, 10240, 96, 97
2026/07/30 23:16:43.873, 0, NVIDIA GeForce RTX 3080, 6250, 3802, 10240, 96, 97
2026/07/30 23:16:43.984, 0, NVIDIA GeForce RTX 3080, 6250, 3802, 10240, 96, 97
2026/07/30 23:16:44.096, 0, NVIDIA GeForce RTX 3080, 6250, 3802, 10240, 96, 97
2026/07/30 23:16:44.208, 0, NVIDIA GeForce RTX 3080, 6250, 3802, 10240, 96, 97
2026/07/30 23:16:44.320, 0, NVIDIA GeForce RTX 3080, 6250, 3802, 10240, 97, 98
2026/07/30 23:16:44.432, 0, NVIDIA GeForce RTX 3080, 6250, 3802, 10240, 97, 98
2026/07/30 23:16:44.544, 0, NVIDIA GeForce RTX 3080, 6250, 3802, 10240, 97, 98
2026/07/30 23:16:44.656, 0, NVIDIA GeForce RTX 3080, 6250, 3802, 10240, 97, 98
2026/07/30 23:16:44.768, 0, NVIDIA GeForce RTX 3080, 6250, 3802, 10240, 97, 96
2026/07/30 23:16:44.880, 0, NVIDIA GeForce RTX 3080, 6250, 3802, 10240, 97, 96
2026/07/30 23:16:44.992, 0, NVIDIA GeForce RTX 3080, 6250, 3802, 10240, 97, 96
2026/07/30 23:16:45.104, 0, NVIDIA GeForce RTX 3080, 6250, 3802, 10240, 97, 96
2026/07/30 23:16:45.216, 0, NVIDIA GeForce RTX 3080, 6250, 3802, 10240, 97, 96
2026/07/30 23:16:45.328, 0, NVIDIA GeForce RTX 3080, 6250, 3802, 10240, 98, 98
2026/07/30 23:16:45.440, 0, NVIDIA GeForce RTX 3080, 6250, 3802, 10240, 98, 98
2026/07/30 23:16:45.552, 0, NVIDIA GeForce RTX 3080, 6250, 3802, 10240, 98, 98
2026/07/30 23:16:45.664, 0, NVIDIA GeForce RTX 3080, 6250, 3802, 10240, 98, 98
2026/07/30 23:16:45.776, 0, NVIDIA GeForce RTX 3080, 6250, 3802, 10240, 97, 97
2026/07/30 23:16:45.888, 0, NVIDIA GeForce RTX 3080, 6250, 3802, 10240, 97, 97
2026/07/30 23:16:45.999, 0, NVIDIA GeForce RTX 3080, 6250, 3802, 10240, 97, 97
2026/07/30 23:16:46.110, 0, NVIDIA GeForce RTX 3080, 6250, 3802, 10240, 97, 97
2026/07/30 23:16:46.222, 0, NVIDIA GeForce RTX 3080, 6250, 3802, 10240, 97, 97
2026/07/30 23:16:46.333, 0, NVIDIA GeForce RTX 3080, 6250, 3802, 10240, 94, 96
2026/07/30 23:16:46.445, 0, NVIDIA GeForce RTX 3080, 6250, 3802, 10240, 94, 96
2026/07/30 23:16:46.558, 0, NVIDIA GeForce RTX 3080, 6250, 3802, 10240, 94, 96
2026/07/30 23:16:46.670, 0, NVIDIA GeForce RTX 3080, 6250, 3802, 10240, 94, 96
2026/07/30 23:16:46.781, 0, NVIDIA GeForce RTX 3080, 6250, 3802, 10240, 95, 98
2026/07/30 23:16:46.893, 0, NVIDIA GeForce RTX 3080, 6250, 3802, 10240, 95, 98
2026/07/30 23:16:47.004, 0, NVIDIA GeForce RTX 3080, 6250, 3802, 10240, 95, 98
2026/07/30 23:16:47.115, 0, NVIDIA GeForce RTX 3080, 6250, 3802, 10240, 95, 98
2026/07/30 23:16:47.227, 0, NVIDIA GeForce RTX 3080, 6250, 3802, 10240, 96, 98
2026/07/30 23:16:47.338, 0, NVIDIA GeForce RTX 3080, 6250, 3802, 10240, 96, 98
2026/07/30 23:16:47.450, 0, NVIDIA GeForce RTX 3080, 6250, 3802, 10240, 96, 98
2026/07/30 23:16:47.562, 0, NVIDIA GeForce RTX 3080, 6250, 3802, 10240, 96, 98
2026/07/30 23:16:47.674, 0, NVIDIA GeForce RTX 3080, 6250, 3802, 10240, 96, 98
2026/07/30 23:16:47.786, 0, NVIDIA GeForce RTX 3080, 6250, 3802, 10240, 95, 97
2026/07/30 23:16:47.898, 0, NVIDIA GeForce RTX 3080, 6250, 3802, 10240, 95, 97
2026/07/30 23:16:48.008, 0, NVIDIA GeForce RTX 3080, 6250, 3802, 10240, 95, 97
2026/07/30 23:16:48.117, 0, NVIDIA GeForce RTX 3080, 6250, 3802, 10240, 95, 97
2026/07/30 23:16:48.227, 0, NVIDIA GeForce RTX 3080, 6250, 3802, 10240, 97, 98
2026/07/30 23:16:48.334, 0, NVIDIA GeForce RTX 3080, 6250, 3802, 10240, 97, 98
2026/07/30 23:16:48.444, 0, NVIDIA GeForce RTX 3080, 6250, 3802, 10240, 97, 98
2026/07/30 23:16:48.555, 0, NVIDIA GeForce RTX 3080, 6250, 3802, 10240, 97, 98
2026/07/30 23:16:48.667, 0, NVIDIA GeForce RTX 3080, 6250, 3802, 10240, 97, 98
2026/07/30 23:16:48.779, 0, NVIDIA GeForce RTX 3080, 6250, 3802, 10240, 97, 98
2026/07/30 23:16:48.891, 0, NVIDIA GeForce RTX 3080, 6250, 3802, 10240, 97, 98
2026/07/30 23:16:49.003, 0, NVIDIA GeForce RTX 3080, 6250, 3802, 10240, 97, 98
2026/07/30 23:16:49.115, 0, NVIDIA GeForce RTX 3080, 6250, 3802, 10240, 97, 98
2026/07/30 23:16:49.227, 0, NVIDIA GeForce RTX 3080, 6250, 3802, 10240, 97, 98
2026/07/30 23:16:49.338, 0, NVIDIA GeForce RTX 3080, 6250, 3802, 10240, 97, 98
2026/07/30 23:16:49.449, 0, NVIDIA GeForce RTX 3080, 6250, 3802, 10240, 97, 98
2026/07/30 23:16:49.561, 0, NVIDIA GeForce RTX 3080, 6250, 3802, 10240, 97, 98
2026/07/30 23:16:49.673, 0, NVIDIA GeForce RTX 3080, 6250, 3802, 10240, 97, 98
2026/07/30 23:16:49.785, 0, NVIDIA GeForce RTX 3080, 6250, 3802, 10240, 97, 98
2026/07/30 23:16:49.895, 0, NVIDIA GeForce RTX 3080, 6250, 3802, 10240, 97, 98
2026/07/30 23:16:50.005, 0, NVIDIA GeForce RTX 3080, 6250, 3802, 10240, 97, 98
2026/07/30 23:16:50.116, 0, NVIDIA GeForce RTX 3080, 6250, 3802, 10240, 97, 98
2026/07/30 23:16:50.229, 0, NVIDIA GeForce RTX 3080, 6250, 3802, 10240, 94, 96
2026/07/30 23:16:50.339, 0, NVIDIA GeForce RTX 3080, 6250, 3802, 10240, 94, 96
2026/07/30 23:16:50.451, 0, NVIDIA GeForce RTX 3080, 6250, 3802, 10240, 94, 96
2026/07/30 23:16:50.563, 0, NVIDIA GeForce RTX 3080, 6250, 3802, 10240, 94, 96
2026/07/30 23:16:50.674, 0, NVIDIA GeForce RTX 3080, 6250, 3802, 10240, 94, 96
2026/07/30 23:16:50.786, 0, NVIDIA GeForce RTX 3080, 6250, 3802, 10240, 95, 98
2026/07/30 23:16:50.898, 0, NVIDIA GeForce RTX 3080, 6250, 3802, 10240, 95, 98
2026/07/30 23:16:51.011, 0, NVIDIA GeForce RTX 3080, 6250, 3802, 10240, 95, 98
2026/07/30 23:16:51.122, 0, NVIDIA GeForce RTX 3080, 6250, 3802, 10240, 95, 98
2026/07/30 23:16:51.233, 0, NVIDIA GeForce RTX 3080, 6250, 3802, 10240, 95, 97
2026/07/30 23:16:51.344, 0, NVIDIA GeForce RTX 3080, 6250, 3802, 10240, 95, 97
2026/07/30 23:16:51.456, 0, NVIDIA GeForce RTX 3080, 6250, 3802, 10240, 95, 97
2026/07/30 23:16:51.568, 0, NVIDIA GeForce RTX 3080, 6250, 3802, 10240, 95, 97
2026/07/30 23:16:51.680, 0, NVIDIA GeForce RTX 3080, 6250, 3802, 10240, 95, 97
2026/07/30 23:16:51.792, 0, NVIDIA GeForce RTX 3080, 6250, 3802, 10240, 96, 98
2026/07/30 23:16:51.904, 0, NVIDIA GeForce RTX 3080, 6250, 3802, 10240, 96, 98
2026/07/30 23:16:52.016, 0, NVIDIA GeForce RTX 3080, 6250, 3802, 10240, 96, 98
2026/07/30 23:16:52.128, 0, NVIDIA GeForce RTX 3080, 6250, 3802, 10240, 96, 98
2026/07/30 23:16:52.240, 0, NVIDIA GeForce RTX 3080, 6250, 3802, 10240, 95, 96
2026/07/30 23:16:52.352, 0, NVIDIA GeForce RTX 3080, 6250, 3802, 10240, 95, 96
2026/07/30 23:16:52.463, 0, NVIDIA GeForce RTX 3080, 6250, 3802, 10240, 95, 96
2026/07/30 23:16:52.575, 0, NVIDIA GeForce RTX 3080, 6250, 3802, 10240, 95, 96
2026/07/30 23:16:52.686, 0, NVIDIA GeForce RTX 3080, 6250, 3802, 10240, 95, 96
2026/07/30 23:16:52.798, 0, NVIDIA GeForce RTX 3080, 6250, 3802, 10240, 97, 98
2026/07/30 23:16:52.910, 0, NVIDIA GeForce RTX 3080, 6250, 3802, 10240, 97, 98
2026/07/30 23:16:53.019, 0, NVIDIA GeForce RTX 3080, 6250, 3802, 10240, 97, 98
2026/07/30 23:16:53.128, 0, NVIDIA GeForce RTX 3080, 6250, 3802, 10240, 97, 98
2026/07/30 23:16:53.237, 0, NVIDIA GeForce RTX 3080, 6250, 3802, 10240, 97, 98
2026/07/30 23:16:53.347, 0, NVIDIA GeForce RTX 3080, 6250, 3802, 10240, 97, 98
2026/07/30 23:16:53.455, 0, NVIDIA GeForce RTX 3080, 6250, 3802, 10240, 97, 98
2026/07/30 23:16:53.567, 0, NVIDIA GeForce RTX 3080, 6250, 3802, 10240, 97, 98
2026/07/30 23:16:53.679, 0, NVIDIA GeForce RTX 3080, 6250, 3802, 10240, 97, 98
2026/07/30 23:16:53.790, 0, NVIDIA GeForce RTX 3080, 6250, 3802, 10240, 97, 98
2026/07/30 23:16:53.902, 0, NVIDIA GeForce RTX 3080, 6250, 3802, 10240, 97, 98
2026/07/30 23:16:54.013, 0, NVIDIA GeForce RTX 3080, 6250, 3802, 10240, 97, 98
2026/07/30 23:16:54.124, 0, NVIDIA GeForce RTX 3080, 6250, 3802, 10240, 97, 98
2026/07/30 23:16:54.236, 0, NVIDIA GeForce RTX 3080, 6250, 3802, 10240, 95, 96
2026/07/30 23:16:54.348, 0, NVIDIA GeForce RTX 3080, 6250, 3802, 10240, 95, 96
2026/07/30 23:16:54.460, 0, NVIDIA GeForce RTX 3080, 6250, 3802, 10240, 95, 96
2026/07/30 23:16:54.571, 0, NVIDIA GeForce RTX 3080, 6250, 3802, 10240, 95, 96
2026/07/30 23:16:54.683, 0, NVIDIA GeForce RTX 3080, 6250, 3802, 10240, 95, 96
2026/07/30 23:16:54.795, 0, NVIDIA GeForce RTX 3080, 6250, 3802, 10240, 95, 98
2026/07/30 23:16:54.907, 0, NVIDIA GeForce RTX 3080, 6250, 3802, 10240, 95, 98
2026/07/30 23:16:55.016, 0, NVIDIA GeForce RTX 3080, 6250, 3802, 10240, 95, 98
2026/07/30 23:16:55.125, 0, NVIDIA GeForce RTX 3080, 6250, 3802, 10240, 95, 98
2026/07/30 23:16:55.235, 0, NVIDIA GeForce RTX 3080, 6250, 3802, 10240, 96, 98
2026/07/30 23:16:55.347, 0, NVIDIA GeForce RTX 3080, 6250, 3802, 10240, 96, 98
2026/07/30 23:16:55.459, 0, NVIDIA GeForce RTX 3080, 6250, 3802, 10240, 96, 98
2026/07/30 23:16:55.571, 0, NVIDIA GeForce RTX 3080, 6250, 3802, 10240, 96, 98
2026/07/30 23:16:55.682, 0, NVIDIA GeForce RTX 3080, 6250, 3802, 10240, 96, 98
2026/07/30 23:16:55.794, 0, NVIDIA GeForce RTX 3080, 6250, 3802, 10240, 95, 98
2026/07/30 23:16:55.905, 0, NVIDIA GeForce RTX 3080, 6250, 3802, 10240, 95, 98
2026/07/30 23:16:56.017, 0, NVIDIA GeForce RTX 3080, 6250, 3802, 10240, 95, 98
2026/07/30 23:16:56.128, 0, NVIDIA GeForce RTX 3080, 6250, 3802, 10240, 95, 98
2026/07/30 23:16:56.240, 0, NVIDIA GeForce RTX 3080, 6250, 3802, 10240, 96, 98
2026/07/30 23:16:56.351, 0, NVIDIA GeForce RTX 3080, 6250, 3802, 10240, 96, 98
2026/07/30 23:16:56.462, 0, NVIDIA GeForce RTX 3080, 6250, 3802, 10240, 96, 98
2026/07/30 23:16:56.574, 0, NVIDIA GeForce RTX 3080, 6250, 3802, 10240, 96, 98
2026/07/30 23:16:56.685, 0, NVIDIA GeForce RTX 3080, 6250, 3802, 10240, 96, 98
2026/07/30 23:16:56.797, 0, NVIDIA GeForce RTX 3080, 6250, 3802, 10240, 97, 98
2026/07/30 23:16:56.909, 0, NVIDIA GeForce RTX 3080, 6250, 3802, 10240, 97, 98
2026/07/30 23:16:57.021, 0, NVIDIA GeForce RTX 3080, 6250, 3802, 10240, 97, 98
2026/07/30 23:16:57.132, 0, NVIDIA GeForce RTX 3080, 6250, 3802, 10240, 97, 98
2026/07/30 23:16:57.244, 0, NVIDIA GeForce RTX 3080, 6250, 3802, 10240, 97, 98
2026/07/30 23:16:57.356, 0, NVIDIA GeForce RTX 3080, 6250, 3802, 10240, 97, 98
2026/07/30 23:16:57.468, 0, NVIDIA GeForce RTX 3080, 6250, 3802, 10240, 97, 98
2026/07/30 23:16:57.580, 0, NVIDIA GeForce RTX 3080, 6250, 3802, 10240, 97, 98
2026/07/30 23:16:57.692, 0, NVIDIA GeForce RTX 3080, 6250, 3802, 10240, 97, 98
2026/07/30 23:16:57.805, 0, NVIDIA GeForce RTX 3080, 6250, 3802, 10240, 95, 97
2026/07/30 23:16:57.916, 0, NVIDIA GeForce RTX 3080, 6250, 3802, 10240, 95, 97
2026/07/30 23:16:58.028, 0, NVIDIA GeForce RTX 3080, 6250, 3802, 10240, 95, 97
2026/07/30 23:16:58.139, 0, NVIDIA GeForce RTX 3080, 6250, 3802, 10240, 95, 97
2026/07/30 23:16:58.251, 0, NVIDIA GeForce RTX 3080, 6250, 3802, 10240, 96, 97
2026/07/30 23:16:58.363, 0, NVIDIA GeForce RTX 3080, 6250, 3802, 10240, 96, 97
2026/07/30 23:16:58.475, 0, NVIDIA GeForce RTX 3080, 6250, 3802, 10240, 96, 97
2026/07/30 23:16:58.586, 0, NVIDIA GeForce RTX 3080, 6250, 3802, 10240, 96, 97
2026/07/30 23:16:58.698, 0, NVIDIA GeForce RTX 3080, 6250, 3802, 10240, 96, 97
2026/07/30 23:16:58.810, 0, NVIDIA GeForce RTX 3080, 6250, 3802, 10240, 97, 97
2026/07/30 23:16:58.921, 0, NVIDIA GeForce RTX 3080, 6250, 3802, 10240, 97, 97
2026/07/30 23:16:59.033, 0, NVIDIA GeForce RTX 3080, 6250, 3802, 10240, 97, 97
2026/07/30 23:16:59.145, 0, NVIDIA GeForce RTX 3080, 6250, 3802, 10240, 97, 97
2026/07/30 23:16:59.257, 0, NVIDIA GeForce RTX 3080, 6250, 3802, 10240, 98, 98
2026/07/30 23:16:59.369, 0, NVIDIA GeForce RTX 3080, 6250, 3802, 10240, 98, 98
2026/07/30 23:16:59.480, 0, NVIDIA GeForce RTX 3080, 6250, 3802, 10240, 98, 98
2026/07/30 23:16:59.592, 0, NVIDIA GeForce RTX 3080, 6250, 3802, 10240, 98, 98
2026/07/30 23:16:59.703, 0, NVIDIA GeForce RTX 3080, 6250, 3802, 10240, 98, 98
2026/07/30 23:16:59.815, 0, NVIDIA GeForce RTX 3080, 6250, 3802, 10240, 97, 97
2026/07/30 23:16:59.926, 0, NVIDIA GeForce RTX 3080, 6250, 3802, 10240, 97, 97
2026/07/30 23:17:00.036, 0, NVIDIA GeForce RTX 3080, 6250, 3802, 10240, 97, 97
2026/07/30 23:17:00.146, 0, NVIDIA GeForce RTX 3080, 6250, 3802, 10240, 97, 97
2026/07/30 23:17:00.258, 0, NVIDIA GeForce RTX 3080, 6250, 3802, 10240, 95, 98
2026/07/30 23:17:00.370, 0, NVIDIA GeForce RTX 3080, 6250, 3802, 10240, 95, 98
2026/07/30 23:17:00.481, 0, NVIDIA GeForce RTX 3080, 6250, 3802, 10240, 95, 98
2026/07/30 23:17:00.593, 0, NVIDIA GeForce RTX 3080, 6250, 3802, 10240, 95, 98
2026/07/30 23:17:00.705, 0, NVIDIA GeForce RTX 3080, 6250, 3802, 10240, 95, 98
2026/07/30 23:17:00.817, 0, NVIDIA GeForce RTX 3080, 6250, 3802, 10240, 95, 98
2026/07/30 23:17:00.928, 0, NVIDIA GeForce RTX 3080, 6250, 3802, 10240, 95, 98
2026/07/30 23:17:01.041, 0, NVIDIA GeForce RTX 3080, 6250, 3802, 10240, 95, 98
2026/07/30 23:17:01.152, 0, NVIDIA GeForce RTX 3080, 6250, 3802, 10240, 95, 98
2026/07/30 23:17:01.264, 0, NVIDIA GeForce RTX 3080, 6250, 3802, 10240, 95, 98
2026/07/30 23:17:01.376, 0, NVIDIA GeForce RTX 3080, 6250, 3802, 10240, 95, 98
2026/07/30 23:17:01.488, 0, NVIDIA GeForce RTX 3080, 6250, 3802, 10240, 95, 98
2026/07/30 23:17:01.600, 0, NVIDIA GeForce RTX 3080, 6250, 3802, 10240, 95, 98
2026/07/30 23:17:01.712, 0, NVIDIA GeForce RTX 3080, 6250, 3802, 10240, 95, 98
2026/07/30 23:17:01.824, 0, NVIDIA GeForce RTX 3080, 6250, 3802, 10240, 95, 98
2026/07/30 23:17:01.936, 0, NVIDIA GeForce RTX 3080, 6250, 3802, 10240, 95, 98
2026/07/30 23:17:02.048, 0, NVIDIA GeForce RTX 3080, 6250, 3802, 10240, 95, 98
2026/07/30 23:17:02.160, 0, NVIDIA GeForce RTX 3080, 6250, 3802, 10240, 95, 98
2026/07/30 23:17:02.272, 0, NVIDIA GeForce RTX 3080, 6250, 3802, 10240, 97, 98
2026/07/30 23:17:02.384, 0, NVIDIA GeForce RTX 3080, 6250, 3802, 10240, 97, 98
2026/07/30 23:17:02.496, 0, NVIDIA GeForce RTX 3080, 6250, 3802, 10240, 97, 98
2026/07/30 23:17:02.608, 0, NVIDIA GeForce RTX 3080, 6250, 3802, 10240, 97, 98
2026/07/30 23:17:02.720, 0, NVIDIA GeForce RTX 3080, 6250, 3802, 10240, 97, 98
2026/07/30 23:17:02.831, 0, NVIDIA GeForce RTX 3080, 6250, 3802, 10240, 97, 98
2026/07/30 23:17:02.942, 0, NVIDIA GeForce RTX 3080, 6250, 3802, 10240, 97, 98
2026/07/30 23:17:03.052, 0, NVIDIA GeForce RTX 3080, 6250, 3802, 10240, 97, 98
2026/07/30 23:17:03.164, 0, NVIDIA GeForce RTX 3080, 6250, 3802, 10240, 97, 98
2026/07/30 23:17:03.276, 0, NVIDIA GeForce RTX 3080, 6250, 3802, 10240, 97, 98
2026/07/30 23:17:03.388, 0, NVIDIA GeForce RTX 3080, 6250, 3802, 10240, 97, 98
2026/07/30 23:17:03.500, 0, NVIDIA GeForce RTX 3080, 6250, 3802, 10240, 97, 98
2026/07/30 23:17:03.610, 0, NVIDIA GeForce RTX 3080, 6250, 3802, 10240, 97, 98
2026/07/30 23:17:03.722, 0, NVIDIA GeForce RTX 3080, 6250, 3802, 10240, 97, 98
2026/07/30 23:17:03.834, 0, NVIDIA GeForce RTX 3080, 6250, 3802, 10240, 97, 97
2026/07/30 23:17:03.945, 0, NVIDIA GeForce RTX 3080, 6250, 3802, 10240, 97, 97
2026/07/30 23:17:04.057, 0, NVIDIA GeForce RTX 3080, 6250, 3802, 10240, 97, 97
2026/07/30 23:17:04.169, 0, NVIDIA GeForce RTX 3080, 6250, 3802, 10240, 97, 97
2026/07/30 23:17:04.281, 0, NVIDIA GeForce RTX 3080, 6250, 3802, 10240, 95, 97
2026/07/30 23:17:04.393, 0, NVIDIA GeForce RTX 3080, 6250, 3802, 10240, 95, 97
2026/07/30 23:17:04.504, 0, NVIDIA GeForce RTX 3080, 6250, 3802, 10240, 95, 97
2026/07/30 23:17:04.616, 0, NVIDIA GeForce RTX 3080, 6250, 3802, 10240, 95, 97
2026/07/30 23:17:04.728, 0, NVIDIA GeForce RTX 3080, 6250, 3802, 10240, 95, 97
2026/07/30 23:17:04.840, 0, NVIDIA GeForce RTX 3080, 6250, 3802, 10240, 95, 97
2026/07/30 23:17:04.953, 0, NVIDIA GeForce RTX 3080, 6250, 3802, 10240, 95, 97
2026/07/30 23:17:05.065, 0, NVIDIA GeForce RTX 3080, 6250, 3802, 10240, 95, 97
2026/07/30 23:17:05.177, 0, NVIDIA GeForce RTX 3080, 6250, 3802, 10240, 95, 97
2026/07/30 23:17:05.289, 0, NVIDIA GeForce RTX 3080, 6250, 3802, 10240, 95, 98
2026/07/30 23:17:05.401, 0, NVIDIA GeForce RTX 3080, 6250, 3802, 10240, 95, 98
2026/07/30 23:17:05.513, 0, NVIDIA GeForce RTX 3080, 6250, 3802, 10240, 95, 98
2026/07/30 23:17:05.625, 0, NVIDIA GeForce RTX 3080, 6250, 3802, 10240, 95, 98
2026/07/30 23:17:05.737, 0, NVIDIA GeForce RTX 3080, 6250, 3802, 10240, 95, 97
2026/07/30 23:17:05.849, 0, NVIDIA GeForce RTX 3080, 6250, 3802, 10240, 95, 97
2026/07/30 23:17:05.961, 0, NVIDIA GeForce RTX 3080, 6250, 3802, 10240, 95, 97
2026/07/30 23:17:06.070, 0, NVIDIA GeForce RTX 3080, 6250, 3802, 10240, 95, 97
2026/07/30 23:17:06.179, 0, NVIDIA GeForce RTX 3080, 6250, 3802, 10240, 95, 97
2026/07/30 23:17:06.288, 0, NVIDIA GeForce RTX 3080, 6250, 3802, 10240, 95, 96
2026/07/30 23:17:06.398, 0, NVIDIA GeForce RTX 3080, 6250, 3802, 10240, 95, 96
2026/07/30 23:17:06.507, 0, NVIDIA GeForce RTX 3080, 6250, 3802, 10240, 95, 96
2026/07/30 23:17:06.617, 0, NVIDIA GeForce RTX 3080, 6250, 3802, 10240, 95, 96
2026/07/30 23:17:06.726, 0, NVIDIA GeForce RTX 3080, 6250, 3802, 10240, 95, 96
2026/07/30 23:17:06.836, 0, NVIDIA GeForce RTX 3080, 6250, 3802, 10240, 97, 98
2026/07/30 23:17:06.948, 0, NVIDIA GeForce RTX 3080, 6250, 3802, 10240, 97, 98
2026/07/30 23:17:07.060, 0, NVIDIA GeForce RTX 3080, 6250, 3802, 10240, 97, 98
2026/07/30 23:17:07.172, 0, NVIDIA GeForce RTX 3080, 6250, 3802, 10240, 97, 98
2026/07/30 23:17:07.284, 0, NVIDIA GeForce RTX 3080, 6250, 3802, 10240, 97, 98
2026/07/30 23:17:07.395, 0, NVIDIA GeForce RTX 3080, 6250, 3802, 10240, 97, 98
2026/07/30 23:17:07.507, 0, NVIDIA GeForce RTX 3080, 6250, 3802, 10240, 97, 98
2026/07/30 23:17:07.619, 0, NVIDIA GeForce RTX 3080, 6250, 3802, 10240, 97, 98
2026/07/30 23:17:07.731, 0, NVIDIA GeForce RTX 3080, 6250, 3802, 10240, 97, 98
2026/07/30 23:17:07.843, 0, NVIDIA GeForce RTX 3080, 6250, 3802, 10240, 97, 98
2026/07/30 23:17:07.955, 0, NVIDIA GeForce RTX 3080, 6250, 3802, 10240, 97, 98
2026/07/30 23:17:08.064, 0, NVIDIA GeForce RTX 3080, 6250, 3802, 10240, 97, 98
2026/07/30 23:17:08.173, 0, NVIDIA GeForce RTX 3080, 6250, 3802, 10240, 97, 98
2026/07/30 23:17:08.281, 0, NVIDIA GeForce RTX 3080, 6250, 3802, 10240, 94, 96
2026/07/30 23:17:08.391, 0, NVIDIA GeForce RTX 3080, 6250, 3802, 10240, 94, 96
2026/07/30 23:17:08.500, 0, NVIDIA GeForce RTX 3080, 6250, 3802, 10240, 94, 96
2026/07/30 23:17:08.610, 0, NVIDIA GeForce RTX 3080, 6250, 3802, 10240, 94, 96
2026/07/30 23:17:08.722, 0, NVIDIA GeForce RTX 3080, 6250, 3802, 10240, 94, 96
2026/07/30 23:17:08.834, 0, NVIDIA GeForce RTX 3080, 6250, 3802, 10240, 95, 98
2026/07/30 23:17:08.945, 0, NVIDIA GeForce RTX 3080, 6250, 3802, 10240, 95, 98
2026/07/30 23:17:09.058, 0, NVIDIA GeForce RTX 3080, 6250, 3802, 10240, 95, 98
2026/07/30 23:17:09.170, 0, NVIDIA GeForce RTX 3080, 6250, 3802, 10240, 95, 98
2026/07/30 23:17:09.281, 0, NVIDIA GeForce RTX 3080, 6250, 3802, 10240, 96, 98
2026/07/30 23:17:09.393, 0, NVIDIA GeForce RTX 3080, 6250, 3802, 10240, 96, 98
2026/07/30 23:17:09.505, 0, NVIDIA GeForce RTX 3080, 6250, 3802, 10240, 96, 98
2026/07/30 23:17:09.617, 0, NVIDIA GeForce RTX 3080, 6250, 3802, 10240, 96, 98
2026/07/30 23:17:09.728, 0, NVIDIA GeForce RTX 3080, 6250, 3802, 10240, 96, 98
2026/07/30 23:17:09.840, 0, NVIDIA GeForce RTX 3080, 6250, 3802, 10240, 95, 98
2026/07/30 23:17:09.951, 0, NVIDIA GeForce RTX 3080, 6250, 3802, 10240, 95, 98
2026/07/30 23:17:10.061, 0, NVIDIA GeForce RTX 3080, 6250, 3802, 10240, 95, 98
2026/07/30 23:17:10.171, 0, NVIDIA GeForce RTX 3080, 6250, 3802, 10240, 95, 98
2026/07/30 23:17:10.282, 0, NVIDIA GeForce RTX 3080, 6250, 3802, 10240, 95, 98
2026/07/30 23:17:10.394, 0, NVIDIA GeForce RTX 3080, 6250, 3802, 10240, 95, 98
2026/07/30 23:17:10.505, 0, NVIDIA GeForce RTX 3080, 6250, 3802, 10240, 95, 98
2026/07/30 23:17:10.617, 0, NVIDIA GeForce RTX 3080, 6250, 3802, 10240, 95, 98
2026/07/30 23:17:10.729, 0, NVIDIA GeForce RTX 3080, 6250, 3802, 10240, 96, 98
2026/07/30 23:17:10.841, 0, NVIDIA GeForce RTX 3080, 6250, 3802, 10240, 96, 98
2026/07/30 23:17:10.953, 0, NVIDIA GeForce RTX 3080, 6250, 3802, 10240, 96, 98
2026/07/30 23:17:11.064, 0, NVIDIA GeForce RTX 3080, 6250, 3802, 10240, 96, 98
2026/07/30 23:17:11.176, 0, NVIDIA GeForce RTX 3080, 6250, 3802, 10240, 96, 98
2026/07/30 23:17:11.288, 0, NVIDIA GeForce RTX 3080, 6250, 3802, 10240, 97, 98
2026/07/30 23:17:11.398, 0, NVIDIA GeForce RTX 3080, 6250, 3802, 10240, 97, 98
2026/07/30 23:17:11.508, 0, NVIDIA GeForce RTX 3080, 6250, 3802, 10240, 97, 98
2026/07/30 23:17:11.619, 0, NVIDIA GeForce RTX 3080, 6250, 3802, 10240, 97, 98
2026/07/30 23:17:11.731, 0, NVIDIA GeForce RTX 3080, 6250, 3802, 10240, 96, 98
2026/07/30 23:17:11.842, 0, NVIDIA GeForce RTX 3080, 6250, 3802, 10240, 96, 98
2026/07/30 23:17:11.954, 0, NVIDIA GeForce RTX 3080, 6250, 3802, 10240, 96, 98
2026/07/30 23:17:12.066, 0, NVIDIA GeForce RTX 3080, 6250, 3802, 10240, 96, 98
2026/07/30 23:17:12.178, 0, NVIDIA GeForce RTX 3080, 6250, 3802, 10240, 96, 98
2026/07/30 23:17:12.290, 0, NVIDIA GeForce RTX 3080, 6250, 3802, 10240, 96, 97
2026/07/30 23:17:12.402, 0, NVIDIA GeForce RTX 3080, 6250, 3802, 10240, 96, 97
2026/07/30 23:17:12.514, 0, NVIDIA GeForce RTX 3080, 6250, 3802, 10240, 96, 97
2026/07/30 23:17:12.626, 0, NVIDIA GeForce RTX 3080, 6250, 3802, 10240, 96, 97
2026/07/30 23:17:12.738, 0, NVIDIA GeForce RTX 3080, 6250, 3802, 10240, 97, 97
2026/07/30 23:17:12.850, 0, NVIDIA GeForce RTX 3080, 6250, 3802, 10240, 97, 97
2026/07/30 23:17:12.962, 0, NVIDIA GeForce RTX 3080, 6250, 3802, 10240, 97, 97
2026/07/30 23:17:13.072, 0, NVIDIA GeForce RTX 3080, 6250, 3802, 10240, 97, 97
2026/07/30 23:17:13.181, 0, NVIDIA GeForce RTX 3080, 6250, 3802, 10240, 97, 97
2026/07/30 23:17:13.290, 0, NVIDIA GeForce RTX 3080, 6250, 3802, 10240, 98, 98
2026/07/30 23:17:13.400, 0, NVIDIA GeForce RTX 3080, 6250, 3802, 10240, 98, 98
2026/07/30 23:17:13.512, 0, NVIDIA GeForce RTX 3080, 6250, 3802, 10240, 98, 98
2026/07/30 23:17:13.624, 0, NVIDIA GeForce RTX 3080, 6250, 3802, 10240, 98, 98
2026/07/30 23:17:13.734, 0, NVIDIA GeForce RTX 3080, 6250, 3802, 10240, 98, 97
2026/07/30 23:17:13.846, 0, NVIDIA GeForce RTX 3080, 6250, 3802, 10240, 98, 97
2026/07/30 23:17:13.958, 0, NVIDIA GeForce RTX 3080, 6250, 3802, 10240, 98, 97
2026/07/30 23:17:14.068, 0, NVIDIA GeForce RTX 3080, 6250, 3802, 10240, 98, 97
2026/07/30 23:17:14.180, 0, NVIDIA GeForce RTX 3080, 6250, 3802, 10240, 98, 97
2026/07/30 23:17:14.292, 0, NVIDIA GeForce RTX 3080, 6250, 3802, 10240, 96, 98
2026/07/30 23:17:14.404, 0, NVIDIA GeForce RTX 3080, 6250, 3802, 10240, 96, 98
2026/07/30 23:17:14.516, 0, NVIDIA GeForce RTX 3080, 6250, 3802, 10240, 96, 98
2026/07/30 23:17:14.628, 0, NVIDIA GeForce RTX 3080, 6250, 3802, 10240, 96, 98
2026/07/30 23:17:14.740, 0, NVIDIA GeForce RTX 3080, 6250, 3802, 10240, 95, 98
2026/07/30 23:17:14.851, 0, NVIDIA GeForce RTX 3080, 6250, 3802, 10240, 95, 98
2026/07/30 23:17:14.962, 0, NVIDIA GeForce RTX 3080, 6250, 3802, 10240, 95, 98
2026/07/30 23:17:15.071, 0, NVIDIA GeForce RTX 3080, 6250, 3802, 10240, 95, 98
2026/07/30 23:17:15.183, 0, NVIDIA GeForce RTX 3080, 6250, 3802, 10240, 95, 98
2026/07/30 23:17:15.295, 0, NVIDIA GeForce RTX 3080, 6250, 3802, 10240, 96, 98
2026/07/30 23:17:15.406, 0, NVIDIA GeForce RTX 3080, 6250, 3802, 10240, 96, 98
2026/07/30 23:17:15.518, 0, NVIDIA GeForce RTX 3080, 6250, 3802, 10240, 96, 98
2026/07/30 23:17:15.630, 0, NVIDIA GeForce RTX 3080, 6250, 3802, 10240, 96, 98
2026/07/30 23:17:15.742, 0, NVIDIA GeForce RTX 3080, 6250, 3802, 10240, 95, 98
2026/07/30 23:17:15.854, 0, NVIDIA GeForce RTX 3080, 6250, 3802, 10240, 95, 98
2026/07/30 23:17:15.965, 0, NVIDIA GeForce RTX 3080, 6250, 3802, 10240, 95, 98
2026/07/30 23:17:16.077, 0, NVIDIA GeForce RTX 3080, 6250, 3802, 10240, 95, 98
2026/07/30 23:17:16.189, 0, NVIDIA GeForce RTX 3080, 6250, 3802, 10240, 95, 98
2026/07/30 23:17:16.300, 0, NVIDIA GeForce RTX 3080, 6250, 3802, 10240, 97, 98
2026/07/30 23:17:16.411, 0, NVIDIA GeForce RTX 3080, 6250, 3802, 10240, 97, 98
2026/07/30 23:17:16.523, 0, NVIDIA GeForce RTX 3080, 6250, 3802, 10240, 97, 98
2026/07/30 23:17:16.635, 0, NVIDIA GeForce RTX 3080, 6250, 3802, 10240, 97, 98
2026/07/30 23:17:16.747, 0, NVIDIA GeForce RTX 3080, 6250, 3802, 10240, 96, 97
2026/07/30 23:17:16.859, 0, NVIDIA GeForce RTX 3080, 6250, 3802, 10240, 96, 97
2026/07/30 23:17:16.971, 0, NVIDIA GeForce RTX 3080, 6250, 3802, 10240, 96, 97
2026/07/30 23:17:17.083, 0, NVIDIA GeForce RTX 3080, 6250, 3802, 10240, 96, 97
2026/07/30 23:17:17.194, 0, NVIDIA GeForce RTX 3080, 6250, 3802, 10240, 96, 97
2026/07/30 23:17:17.306, 0, NVIDIA GeForce RTX 3080, 6250, 3802, 10240, 96, 96
2026/07/30 23:17:17.418, 0, NVIDIA GeForce RTX 3080, 6250, 3802, 10240, 96, 96
2026/07/30 23:17:17.530, 0, NVIDIA GeForce RTX 3080, 6250, 3802, 10240, 96, 96
2026/07/30 23:17:17.641, 0, NVIDIA GeForce RTX 3080, 6250, 3802, 10240, 96, 96
2026/07/30 23:17:17.753, 0, NVIDIA GeForce RTX 3080, 6250, 3802, 10240, 97, 98
2026/07/30 23:17:17.864, 0, NVIDIA GeForce RTX 3080, 6250, 3802, 10240, 97, 98
2026/07/30 23:17:17.976, 0, NVIDIA GeForce RTX 3080, 6250, 3802, 10240, 97, 98
2026/07/30 23:17:18.089, 0, NVIDIA GeForce RTX 3080, 6250, 3802, 10240, 97, 98
2026/07/30 23:17:18.201, 0, NVIDIA GeForce RTX 3080, 6250, 3802, 10240, 97, 98
2026/07/30 23:17:18.313, 0, NVIDIA GeForce RTX 3080, 6250, 3802, 10240, 96, 98
2026/07/30 23:17:18.425, 0, NVIDIA GeForce RTX 3080, 6250, 3802, 10240, 96, 98
2026/07/30 23:17:18.537, 0, NVIDIA GeForce RTX 3080, 6250, 3802, 10240, 96, 98
2026/07/30 23:17:18.648, 0, NVIDIA GeForce RTX 3080, 6250, 3802, 10240, 96, 98
2026/07/30 23:17:18.760, 0, NVIDIA GeForce RTX 3080, 6250, 3802, 10240, 96, 98
2026/07/30 23:17:18.872, 0, NVIDIA GeForce RTX 3080, 6250, 3802, 10240, 96, 98
2026/07/30 23:17:18.983, 0, NVIDIA GeForce RTX 3080, 6250, 3802, 10240, 96, 98
2026/07/30 23:17:19.095, 0, NVIDIA GeForce RTX 3080, 6250, 3802, 10240, 96, 98
2026/07/30 23:17:19.207, 0, NVIDIA GeForce RTX 3080, 6250, 3802, 10240, 96, 98
2026/07/30 23:17:19.319, 0, NVIDIA GeForce RTX 3080, 6250, 3802, 10240, 95, 97
2026/07/30 23:17:19.429, 0, NVIDIA GeForce RTX 3080, 6250, 3802, 10240, 95, 97
2026/07/30 23:17:19.541, 0, NVIDIA GeForce RTX 3080, 6250, 3802, 10240, 95, 97
2026/07/30 23:17:19.652, 0, NVIDIA GeForce RTX 3080, 6250, 3802, 10240, 95, 97
2026/07/30 23:17:19.764, 0, NVIDIA GeForce RTX 3080, 6250, 3802, 10240, 95, 98
2026/07/30 23:17:19.876, 0, NVIDIA GeForce RTX 3080, 6250, 3802, 10240, 95, 98
2026/07/30 23:17:19.987, 0, NVIDIA GeForce RTX 3080, 6250, 3802, 10240, 95, 98
2026/07/30 23:17:20.098, 0, NVIDIA GeForce RTX 3080, 6250, 3802, 10240, 95, 98
2026/07/30 23:17:20.209, 0, NVIDIA GeForce RTX 3080, 6250, 3802, 10240, 95, 98
2026/07/30 23:17:20.321, 0, NVIDIA GeForce RTX 3080, 6250, 3802, 10240, 97, 98
2026/07/30 23:17:20.433, 0, NVIDIA GeForce RTX 3080, 6250, 3802, 10240, 97, 98
2026/07/30 23:17:20.545, 0, NVIDIA GeForce RTX 3080, 6250, 3802, 10240, 97, 98
2026/07/30 23:17:20.657, 0, NVIDIA GeForce RTX 3080, 6250, 3802, 10240, 97, 98
2026/07/30 23:17:20.769, 0, NVIDIA GeForce RTX 3080, 6250, 3802, 10240, 97, 98
2026/07/30 23:17:20.881, 0, NVIDIA GeForce RTX 3080, 6250, 3802, 10240, 97, 98
2026/07/30 23:17:20.993, 0, NVIDIA GeForce RTX 3080, 6250, 3802, 10240, 97, 98
2026/07/30 23:17:21.105, 0, NVIDIA GeForce RTX 3080, 6250, 3802, 10240, 97, 98
2026/07/30 23:17:21.216, 0, NVIDIA GeForce RTX 3080, 6250, 3802, 10240, 97, 98
2026/07/30 23:17:21.328, 0, NVIDIA GeForce RTX 3080, 6250, 3802, 10240, 97, 98
2026/07/30 23:17:21.440, 0, NVIDIA GeForce RTX 3080, 6250, 3802, 10240, 97, 98
2026/07/30 23:17:21.551, 0, NVIDIA GeForce RTX 3080, 6250, 3802, 10240, 97, 98
2026/07/30 23:17:21.663, 0, NVIDIA GeForce RTX 3080, 6250, 3802, 10240, 97, 98
2026/07/30 23:17:21.774, 0, NVIDIA GeForce RTX 3080, 6250, 3802, 10240, 97, 98
2026/07/30 23:17:21.886, 0, NVIDIA GeForce RTX 3080, 6250, 3802, 10240, 97, 98
2026/07/30 23:17:21.997, 0, NVIDIA GeForce RTX 3080, 6250, 3802, 10240, 97, 98
2026/07/30 23:17:22.109, 0, NVIDIA GeForce RTX 3080, 6250, 3802, 10240, 97, 98
2026/07/30 23:17:22.221, 0, NVIDIA GeForce RTX 3080, 6250, 3802, 10240, 97, 98
2026/07/30 23:17:22.332, 0, NVIDIA GeForce RTX 3080, 6250, 3802, 10240, 94, 96
2026/07/30 23:17:22.444, 0, NVIDIA GeForce RTX 3080, 6250, 3802, 10240, 94, 96
2026/07/30 23:17:22.556, 0, NVIDIA GeForce RTX 3080, 6250, 3802, 10240, 94, 96
2026/07/30 23:17:22.668, 0, NVIDIA GeForce RTX 3080, 6250, 3802, 10240, 94, 96
2026/07/30 23:17:22.780, 0, NVIDIA GeForce RTX 3080, 6250, 3802, 10240, 96, 98
2026/07/30 23:17:22.891, 0, NVIDIA GeForce RTX 3080, 6250, 3802, 10240, 96, 98
2026/07/30 23:17:23.004, 0, NVIDIA GeForce RTX 3080, 6250, 3802, 10240, 96, 98
2026/07/30 23:17:23.116, 0, NVIDIA GeForce RTX 3080, 6250, 3802, 10240, 96, 98
2026/07/30 23:17:23.228, 0, NVIDIA GeForce RTX 3080, 6250, 3802, 10240, 96, 98
2026/07/30 23:17:23.340, 0, NVIDIA GeForce RTX 3080, 6250, 3802, 10240, 96, 98
2026/07/30 23:17:23.452, 0, NVIDIA GeForce RTX 3080, 6250, 3802, 10240, 96, 98
2026/07/30 23:17:23.564, 0, NVIDIA GeForce RTX 3080, 6250, 3802, 10240, 96, 98
2026/07/30 23:17:23.676, 0, NVIDIA GeForce RTX 3080, 6250, 3802, 10240, 96, 98
2026/07/30 23:17:23.788, 0, NVIDIA GeForce RTX 3080, 6250, 3802, 10240, 95, 98
2026/07/30 23:17:23.900, 0, NVIDIA GeForce RTX 3080, 6250, 3802, 10240, 95, 98
2026/07/30 23:17:24.012, 0, NVIDIA GeForce RTX 3080, 6250, 3802, 10240, 95, 98
2026/07/30 23:17:24.124, 0, NVIDIA GeForce RTX 3080, 6250, 3802, 10240, 95, 98
2026/07/30 23:17:24.236, 0, NVIDIA GeForce RTX 3080, 6250, 3802, 10240, 95, 98
2026/07/30 23:17:24.348, 0, NVIDIA GeForce RTX 3080, 6250, 3802, 10240, 95, 98
2026/07/30 23:17:24.460, 0, NVIDIA GeForce RTX 3080, 6250, 3802, 10240, 95, 98
2026/07/30 23:17:24.572, 0, NVIDIA GeForce RTX 3080, 6250, 3802, 10240, 95, 98
2026/07/30 23:17:24.684, 0, NVIDIA GeForce RTX 3080, 6250, 3802, 10240, 95, 98
2026/07/30 23:17:24.796, 0, NVIDIA GeForce RTX 3080, 6250, 3802, 10240, 96, 97
2026/07/30 23:17:24.908, 0, NVIDIA GeForce RTX 3080, 6250, 3802, 10240, 96, 97
2026/07/30 23:17:25.020, 0, NVIDIA GeForce RTX 3080, 6250, 3802, 10240, 96, 97
2026/07/30 23:17:25.131, 0, NVIDIA GeForce RTX 3080, 6250, 3802, 10240, 96, 97
2026/07/30 23:17:25.242, 0, NVIDIA GeForce RTX 3080, 6250, 3802, 10240, 96, 97
2026/07/30 23:17:25.353, 0, NVIDIA GeForce RTX 3080, 6250, 3802, 10240, 96, 97
2026/07/30 23:17:25.465, 0, NVIDIA GeForce RTX 3080, 6250, 3802, 10240, 96, 97
2026/07/30 23:17:25.577, 0, NVIDIA GeForce RTX 3080, 6250, 3802, 10240, 96, 97
2026/07/30 23:17:25.689, 0, NVIDIA GeForce RTX 3080, 6250, 3802, 10240, 96, 97
2026/07/30 23:17:25.801, 0, NVIDIA GeForce RTX 3080, 6250, 3802, 10240, 97, 98
2026/07/30 23:17:25.913, 0, NVIDIA GeForce RTX 3080, 6250, 3802, 10240, 97, 98
2026/07/30 23:17:26.023, 0, NVIDIA GeForce RTX 3080, 6250, 3802, 10240, 97, 98
2026/07/30 23:17:26.132, 0, NVIDIA GeForce RTX 3080, 6250, 3802, 10240, 97, 98
2026/07/30 23:17:26.241, 0, NVIDIA GeForce RTX 3080, 6250, 3802, 10240, 94, 96
2026/07/30 23:17:26.351, 0, NVIDIA GeForce RTX 3080, 6250, 3802, 10240, 94, 96
2026/07/30 23:17:26.460, 0, NVIDIA GeForce RTX 3080, 6250, 3802, 10240, 94, 96
2026/07/30 23:17:26.569, 0, NVIDIA GeForce RTX 3080, 6250, 3802, 10240, 94, 96
2026/07/30 23:17:26.679, 0, NVIDIA GeForce RTX 3080, 6250, 3802, 10240, 94, 96
2026/07/30 23:17:26.789, 0, NVIDIA GeForce RTX 3080, 6250, 3802, 10240, 98, 98
2026/07/30 23:17:26.901, 0, NVIDIA GeForce RTX 3080, 6250, 3802, 10240, 98, 98
2026/07/30 23:17:27.011, 0, NVIDIA GeForce RTX 3080, 6250, 3802, 10240, 98, 98
2026/07/30 23:17:27.122, 0, NVIDIA GeForce RTX 3080, 6250, 3802, 10240, 98, 98
2026/07/30 23:17:27.234, 0, NVIDIA GeForce RTX 3080, 6250, 3802, 10240, 98, 98
2026/07/30 23:17:27.346, 0, NVIDIA GeForce RTX 3080, 6250, 3802, 10240, 98, 98
2026/07/30 23:17:27.458, 0, NVIDIA GeForce RTX 3080, 6250, 3802, 10240, 98, 98
2026/07/30 23:17:27.570, 0, NVIDIA GeForce RTX 3080, 6250, 3802, 10240, 98, 98
2026/07/30 23:17:27.682, 0, NVIDIA GeForce RTX 3080, 6250, 3802, 10240, 98, 98
2026/07/30 23:17:27.794, 0, NVIDIA GeForce RTX 3080, 6250, 3802, 10240, 97, 97
2026/07/30 23:17:27.906, 0, NVIDIA GeForce RTX 3080, 6250, 3802, 10240, 97, 97
2026/07/30 23:17:28.017, 0, NVIDIA GeForce RTX 3080, 6250, 3802, 10240, 97, 97
2026/07/30 23:17:28.126, 0, NVIDIA GeForce RTX 3080, 6250, 3802, 10240, 97, 97
2026/07/30 23:17:28.235, 0, NVIDIA GeForce RTX 3080, 6250, 3802, 10240, 95, 97
2026/07/30 23:17:28.343, 0, NVIDIA GeForce RTX 3080, 6250, 3802, 10240, 95, 97
2026/07/30 23:17:28.454, 0, NVIDIA GeForce RTX 3080, 6250, 3802, 10240, 95, 97
2026/07/30 23:17:28.566, 0, NVIDIA GeForce RTX 3080, 6250, 3802, 10240, 95, 97
2026/07/30 23:17:28.677, 0, NVIDIA GeForce RTX 3080, 6250, 3802, 10240, 95, 97
2026/07/30 23:17:28.789, 0, NVIDIA GeForce RTX 3080, 6250, 3802, 10240, 96, 98
2026/07/30 23:17:28.901, 0, NVIDIA GeForce RTX 3080, 6250, 3802, 10240, 96, 98
2026/07/30 23:17:29.013, 0, NVIDIA GeForce RTX 3080, 6250, 3802, 10240, 96, 98
2026/07/30 23:17:29.125, 0, NVIDIA GeForce RTX 3080, 6250, 3802, 10240, 96, 98
2026/07/30 23:17:29.237, 0, NVIDIA GeForce RTX 3080, 6250, 3802, 10240, 96, 98
2026/07/30 23:17:29.349, 0, NVIDIA GeForce RTX 3080, 6250, 3802, 10240, 96, 98
2026/07/30 23:17:29.461, 0, NVIDIA GeForce RTX 3080, 6250, 3802, 10240, 96, 98
2026/07/30 23:17:29.573, 0, NVIDIA GeForce RTX 3080, 6250, 3802, 10240, 96, 98
2026/07/30 23:17:29.685, 0, NVIDIA GeForce RTX 3080, 6250, 3802, 10240, 96, 98
2026/07/30 23:17:29.797, 0, NVIDIA GeForce RTX 3080, 6250, 3802, 10240, 95, 98
2026/07/30 23:17:29.909, 0, NVIDIA GeForce RTX 3080, 6250, 3802, 10240, 95, 98
2026/07/30 23:17:30.021, 0, NVIDIA GeForce RTX 3080, 6250, 3802, 10240, 95, 98
2026/07/30 23:17:30.132, 0, NVIDIA GeForce RTX 3080, 6250, 3802, 10240, 95, 98
2026/07/30 23:17:30.244, 0, NVIDIA GeForce RTX 3080, 6250, 3802, 10240, 97, 97
2026/07/30 23:17:30.356, 0, NVIDIA GeForce RTX 3080, 6250, 3802, 10240, 97, 97
2026/07/30 23:17:30.468, 0, NVIDIA GeForce RTX 3080, 6250, 3802, 10240, 97, 97
2026/07/30 23:17:30.580, 0, NVIDIA GeForce RTX 3080, 6250, 3802, 10240, 97, 97
2026/07/30 23:17:30.692, 0, NVIDIA GeForce RTX 3080, 6250, 3802, 10240, 97, 97
2026/07/30 23:17:30.804, 0, NVIDIA GeForce RTX 3080, 6250, 3802, 10240, 97, 97
2026/07/30 23:17:30.916, 0, NVIDIA GeForce RTX 3080, 6250, 3802, 10240, 97, 97
2026/07/30 23:17:31.027, 0, NVIDIA GeForce RTX 3080, 6250, 3802, 10240, 97, 97
2026/07/30 23:17:31.138, 0, NVIDIA GeForce RTX 3080, 6250, 3802, 10240, 97, 97
2026/07/30 23:17:31.250, 0, NVIDIA GeForce RTX 3080, 6250, 3802, 10240, 97, 97
2026/07/30 23:17:31.362, 0, NVIDIA GeForce RTX 3080, 6250, 3802, 10240, 97, 97
2026/07/30 23:17:31.473, 0, NVIDIA GeForce RTX 3080, 6250, 3802, 10240, 97, 97
2026/07/30 23:17:31.585, 0, NVIDIA GeForce RTX 3080, 6250, 3802, 10240, 97, 97
2026/07/30 23:17:31.697, 0, NVIDIA GeForce RTX 3080, 6250, 3802, 10240, 97, 97
2026/07/30 23:17:31.808, 0, NVIDIA GeForce RTX 3080, 6250, 3802, 10240, 97, 98
2026/07/30 23:17:31.920, 0, NVIDIA GeForce RTX 3080, 6250, 3802, 10240, 97, 98
2026/07/30 23:17:32.030, 0, NVIDIA GeForce RTX 3080, 6250, 3802, 10240, 97, 98
2026/07/30 23:17:32.142, 0, NVIDIA GeForce RTX 3080, 6250, 3802, 10240, 97, 98
2026/07/30 23:17:32.253, 0, NVIDIA GeForce RTX 3080, 6250, 3802, 10240, 95, 97
2026/07/30 23:17:32.365, 0, NVIDIA GeForce RTX 3080, 6250, 3802, 10240, 95, 97
2026/07/30 23:17:32.477, 0, NVIDIA GeForce RTX 3080, 6250, 3802, 10240, 95, 97
2026/07/30 23:17:32.589, 0, NVIDIA GeForce RTX 3080, 6250, 3802, 10240, 95, 97
2026/07/30 23:17:32.701, 0, NVIDIA GeForce RTX 3080, 6250, 3802, 10240, 95, 97
2026/07/30 23:17:32.812, 0, NVIDIA GeForce RTX 3080, 6250, 3802, 10240, 96, 98
2026/07/30 23:17:32.924, 0, NVIDIA GeForce RTX 3080, 6250, 3802, 10240, 96, 98
2026/07/30 23:17:33.035, 0, NVIDIA GeForce RTX 3080, 6250, 3802, 10240, 96, 98
2026/07/30 23:17:33.144, 0, NVIDIA GeForce RTX 3080, 6250, 3802, 10240, 96, 98
2026/07/30 23:17:33.253, 0, NVIDIA GeForce RTX 3080, 6250, 3802, 10240, 95, 98
2026/07/30 23:17:33.363, 0, NVIDIA GeForce RTX 3080, 6250, 3802, 10240, 95, 98
2026/07/30 23:17:33.475, 0, NVIDIA GeForce RTX 3080, 6250, 3802, 10240, 95, 98
2026/07/30 23:17:33.587, 0, NVIDIA GeForce RTX 3080, 6250, 3802, 10240, 95, 98
2026/07/30 23:17:33.699, 0, NVIDIA GeForce RTX 3080, 6250, 3802, 10240, 95, 98
2026/07/30 23:17:33.810, 0, NVIDIA GeForce RTX 3080, 6250, 3802, 10240, 96, 98
2026/07/30 23:17:33.922, 0, NVIDIA GeForce RTX 3080, 6250, 3802, 10240, 96, 98
2026/07/30 23:17:34.034, 0, NVIDIA GeForce RTX 3080, 6250, 3802, 10240, 96, 98
2026/07/30 23:17:34.146, 0, NVIDIA GeForce RTX 3080, 6250, 3802, 10240, 96, 98
2026/07/30 23:17:34.258, 0, NVIDIA GeForce RTX 3080, 6250, 3802, 10240, 97, 98
2026/07/30 23:17:34.369, 0, NVIDIA GeForce RTX 3080, 6250, 3802, 10240, 97, 98
2026/07/30 23:17:34.480, 0, NVIDIA GeForce RTX 3080, 6250, 3802, 10240, 97, 98
2026/07/30 23:17:34.591, 0, NVIDIA GeForce RTX 3080, 6250, 3802, 10240, 97, 98
2026/07/30 23:17:34.703, 0, NVIDIA GeForce RTX 3080, 6250, 3802, 10240, 97, 98
2026/07/30 23:17:34.814, 0, NVIDIA GeForce RTX 3080, 6250, 3802, 10240, 97, 98
2026/07/30 23:17:34.927, 0, NVIDIA GeForce RTX 3080, 6250, 3802, 10240, 97, 98
2026/07/30 23:17:35.038, 0, NVIDIA GeForce RTX 3080, 6250, 3802, 10240, 97, 98
2026/07/30 23:17:35.150, 0, NVIDIA GeForce RTX 3080, 6250, 3802, 10240, 97, 98
2026/07/30 23:17:35.262, 0, NVIDIA GeForce RTX 3080, 6250, 3802, 10240, 97, 98
2026/07/30 23:17:35.374, 0, NVIDIA GeForce RTX 3080, 6250, 3802, 10240, 97, 98
2026/07/30 23:17:35.486, 0, NVIDIA GeForce RTX 3080, 6250, 3802, 10240, 97, 98
2026/07/30 23:17:35.598, 0, NVIDIA GeForce RTX 3080, 6250, 3802, 10240, 97, 98
2026/07/30 23:17:35.710, 0, NVIDIA GeForce RTX 3080, 6250, 3802, 10240, 97, 98
2026/07/30 23:17:35.821, 0, NVIDIA GeForce RTX 3080, 6250, 3802, 10240, 97, 98
2026/07/30 23:17:35.932, 0, NVIDIA GeForce RTX 3080, 6250, 3802, 10240, 97, 98
2026/07/30 23:17:36.044, 0, NVIDIA GeForce RTX 3080, 6250, 3802, 10240, 97, 98
2026/07/30 23:17:36.156, 0, NVIDIA GeForce RTX 3080, 6250, 3802, 10240, 97, 98
2026/07/30 23:17:36.267, 0, NVIDIA GeForce RTX 3080, 6250, 3802, 10240, 92, 95
2026/07/30 23:17:36.379, 0, NVIDIA GeForce RTX 3080, 6250, 3802, 10240, 92, 95
2026/07/30 23:17:36.489, 0, NVIDIA GeForce RTX 3080, 6250, 3802, 10240, 92, 95
2026/07/30 23:17:36.601, 0, NVIDIA GeForce RTX 3080, 6250, 3802, 10240, 92, 95
2026/07/30 23:17:36.712, 0, NVIDIA GeForce RTX 3080, 6250, 3802, 10240, 92, 95
2026/07/30 23:17:36.824, 0, NVIDIA GeForce RTX 3080, 6250, 3802, 10240, 96, 98
2026/07/30 23:17:36.936, 0, NVIDIA GeForce RTX 3080, 6250, 3802, 10240, 96, 98
2026/07/30 23:17:37.048, 0, NVIDIA GeForce RTX 3080, 6250, 3802, 10240, 96, 98
2026/07/30 23:17:37.160, 0, NVIDIA GeForce RTX 3080, 6250, 3802, 10240, 96, 98
2026/07/30 23:17:37.272, 0, NVIDIA GeForce RTX 3080, 6250, 3802, 10240, 95, 98
2026/07/30 23:17:37.385, 0, NVIDIA GeForce RTX 3080, 6250, 3802, 10240, 95, 98
2026/07/30 23:17:37.497, 0, NVIDIA GeForce RTX 3080, 6250, 3802, 10240, 95, 98
2026/07/30 23:17:37.609, 0, NVIDIA GeForce RTX 3080, 6250, 3802, 10240, 95, 98
2026/07/30 23:17:37.721, 0, NVIDIA GeForce RTX 3080, 6250, 3802, 10240, 95, 98
2026/07/30 23:17:37.832, 0, NVIDIA GeForce RTX 3080, 6250, 3802, 10240, 96, 98
2026/07/30 23:17:37.944, 0, NVIDIA GeForce RTX 3080, 6250, 3802, 10240, 96, 98
2026/07/30 23:17:38.056, 0, NVIDIA GeForce RTX 3080, 6250, 3802, 10240, 96, 98
2026/07/30 23:17:38.168, 0, NVIDIA GeForce RTX 3080, 6250, 3802, 10240, 96, 98
2026/07/30 23:17:38.280, 0, NVIDIA GeForce RTX 3080, 6250, 3802, 10240, 95, 97
2026/07/30 23:17:38.392, 0, NVIDIA GeForce RTX 3080, 6250, 3802, 10240, 95, 97
2026/07/30 23:17:38.504, 0, NVIDIA GeForce RTX 3080, 6250, 3802, 10240, 95, 97
2026/07/30 23:17:38.616, 0, NVIDIA GeForce RTX 3080, 6250, 3802, 10240, 95, 97
2026/07/30 23:17:38.728, 0, NVIDIA GeForce RTX 3080, 6250, 3802, 10240, 95, 97
2026/07/30 23:17:38.840, 0, NVIDIA GeForce RTX 3080, 6250, 3802, 10240, 97, 98
2026/07/30 23:17:38.951, 0, NVIDIA GeForce RTX 3080, 6250, 3802, 10240, 97, 98
2026/07/30 23:17:39.063, 0, NVIDIA GeForce RTX 3080, 6250, 3802, 10240, 97, 98
2026/07/30 23:17:39.175, 0, NVIDIA GeForce RTX 3080, 6250, 3802, 10240, 97, 98
2026/07/30 23:17:39.287, 0, NVIDIA GeForce RTX 3080, 6250, 3802, 10240, 97, 98
2026/07/30 23:17:39.398, 0, NVIDIA GeForce RTX 3080, 6250, 3802, 10240, 97, 98
2026/07/30 23:17:39.509, 0, NVIDIA GeForce RTX 3080, 6250, 3802, 10240, 97, 98
2026/07/30 23:17:39.621, 0, NVIDIA GeForce RTX 3080, 6250, 3802, 10240, 97, 98
2026/07/30 23:17:39.732, 0, NVIDIA GeForce RTX 3080, 6250, 3802, 10240, 97, 97
2026/07/30 23:17:39.842, 0, NVIDIA GeForce RTX 3080, 6250, 3802, 10240, 97, 97
2026/07/30 23:17:39.953, 0, NVIDIA GeForce RTX 3080, 6250, 3802, 10240, 97, 97
2026/07/30 23:17:40.065, 0, NVIDIA GeForce RTX 3080, 6250, 3802, 10240, 97, 97
2026/07/30 23:17:40.176, 0, NVIDIA GeForce RTX 3080, 6250, 3802, 10240, 97, 97
2026/07/30 23:17:40.288, 0, NVIDIA GeForce RTX 3080, 6250, 3802, 10240, 94, 96
2026/07/30 23:17:40.400, 0, NVIDIA GeForce RTX 3080, 6250, 3802, 10240, 94, 96
2026/07/30 23:17:40.512, 0, NVIDIA GeForce RTX 3080, 6250, 3802, 10240, 94, 96
2026/07/30 23:17:40.624, 0, NVIDIA GeForce RTX 3080, 6250, 3802, 10240, 94, 96
2026/07/30 23:17:40.734, 0, NVIDIA GeForce RTX 3080, 6250, 3802, 10240, 97, 97
2026/07/30 23:17:40.845, 0, NVIDIA GeForce RTX 3080, 6250, 3802, 10240, 97, 97
2026/07/30 23:17:40.957, 0, NVIDIA GeForce RTX 3080, 6250, 3802, 10240, 97, 97
2026/07/30 23:17:41.067, 0, NVIDIA GeForce RTX 3080, 6250, 3802, 10240, 97, 97
2026/07/30 23:17:41.177, 0, NVIDIA GeForce RTX 3080, 6250, 3802, 10240, 97, 97
2026/07/30 23:17:41.285, 0, NVIDIA GeForce RTX 3080, 6250, 3802, 10240, 98, 97
2026/07/30 23:17:41.394, 0, NVIDIA GeForce RTX 3080, 6250, 3802, 10240, 98, 97
2026/07/30 23:17:41.504, 0, NVIDIA GeForce RTX 3080, 6250, 3802, 10240, 98, 97
2026/07/30 23:17:41.612, 0, NVIDIA GeForce RTX 3080, 6250, 3802, 10240, 98, 97
2026/07/30 23:17:41.724, 0, NVIDIA GeForce RTX 3080, 6250, 3802, 10240, 98, 97
2026/07/30 23:17:41.835, 0, NVIDIA GeForce RTX 3080, 6250, 3802, 10240, 98, 97
2026/07/30 23:17:41.946, 0, NVIDIA GeForce RTX 3080, 6250, 3802, 10240, 98, 97
2026/07/30 23:17:42.058, 0, NVIDIA GeForce RTX 3080, 6250, 3802, 10240, 98, 97
2026/07/30 23:17:42.170, 0, NVIDIA GeForce RTX 3080, 6250, 3802, 10240, 98, 97
2026/07/30 23:17:42.282, 0, NVIDIA GeForce RTX 3080, 6250, 3802, 10240, 96, 98
2026/07/30 23:17:42.394, 0, NVIDIA GeForce RTX 3080, 6250, 3802, 10240, 96, 98
2026/07/30 23:17:42.506, 0, NVIDIA GeForce RTX 3080, 6250, 3802, 10240, 96, 98
2026/07/30 23:17:42.618, 0, NVIDIA GeForce RTX 3080, 6250, 3802, 10240, 96, 98
2026/07/30 23:17:42.730, 0, NVIDIA GeForce RTX 3080, 6250, 3802, 10240, 96, 98
2026/07/30 23:17:42.842, 0, NVIDIA GeForce RTX 3080, 6250, 3802, 10240, 96, 98
2026/07/30 23:17:42.954, 0, NVIDIA GeForce RTX 3080, 6250, 3802, 10240, 96, 98
2026/07/30 23:17:43.066, 0, NVIDIA GeForce RTX 3080, 6250, 3802, 10240, 96, 98
2026/07/30 23:17:43.178, 0, NVIDIA GeForce RTX 3080, 6250, 3802, 10240, 96, 98
2026/07/30 23:17:43.289, 0, NVIDIA GeForce RTX 3080, 6250, 3802, 10240, 95, 98
2026/07/30 23:17:43.401, 0, NVIDIA GeForce RTX 3080, 6250, 3802, 10240, 95, 98
2026/07/30 23:17:43.512, 0, NVIDIA GeForce RTX 3080, 6250, 3802, 10240, 95, 98
2026/07/30 23:17:43.623, 0, NVIDIA GeForce RTX 3080, 6250, 3802, 10240, 95, 98
2026/07/30 23:17:43.734, 0, NVIDIA GeForce RTX 3080, 6250, 3802, 10240, 95, 98
2026/07/30 23:17:43.846, 0, NVIDIA GeForce RTX 3080, 6250, 3802, 10240, 95, 98
2026/07/30 23:17:43.958, 0, NVIDIA GeForce RTX 3080, 6250, 3802, 10240, 95, 98
2026/07/30 23:17:44.070, 0, NVIDIA GeForce RTX 3080, 6250, 3802, 10240, 95, 98
2026/07/30 23:17:44.183, 0, NVIDIA GeForce RTX 3080, 6250, 3802, 10240, 95, 98
2026/07/30 23:17:44.295, 0, NVIDIA GeForce RTX 3080, 6250, 3802, 10240, 95, 96
2026/07/30 23:17:44.407, 0, NVIDIA GeForce RTX 3080, 6250, 3802, 10240, 95, 96
2026/07/30 23:17:44.519, 0, NVIDIA GeForce RTX 3080, 6250, 3802, 10240, 95, 96
2026/07/30 23:17:44.631, 0, NVIDIA GeForce RTX 3080, 6250, 3802, 10240, 95, 96
2026/07/30 23:17:44.742, 0, NVIDIA GeForce RTX 3080, 6250, 3802, 10240, 97, 97
2026/07/30 23:17:44.854, 0, NVIDIA GeForce RTX 3080, 6250, 3802, 10240, 97, 97
2026/07/30 23:17:44.966, 0, NVIDIA GeForce RTX 3080, 6250, 3802, 10240, 97, 97
2026/07/30 23:17:45.078, 0, NVIDIA GeForce RTX 3080, 6250, 3802, 10240, 97, 97
2026/07/30 23:17:45.190, 0, NVIDIA GeForce RTX 3080, 6250, 3802, 10240, 97, 97
2026/07/30 23:17:45.302, 0, NVIDIA GeForce RTX 3080, 6250, 3802, 10240, 97, 98
2026/07/30 23:17:45.414, 0, NVIDIA GeForce RTX 3080, 6250, 3802, 10240, 97, 98
2026/07/30 23:17:45.526, 0, NVIDIA GeForce RTX 3080, 6250, 3802, 10240, 97, 98
2026/07/30 23:17:45.637, 0, NVIDIA GeForce RTX 3080, 6250, 3802, 10240, 97, 98
2026/07/30 23:17:45.748, 0, NVIDIA GeForce RTX 3080, 6250, 3802, 10240, 97, 98
2026/07/30 23:17:45.860, 0, NVIDIA GeForce RTX 3080, 6250, 3802, 10240, 97, 98
2026/07/30 23:17:45.972, 0, NVIDIA GeForce RTX 3080, 6250, 3802, 10240, 97, 98
2026/07/30 23:17:46.083, 0, NVIDIA GeForce RTX 3080, 6250, 3802, 10240, 97, 98
2026/07/30 23:17:46.192, 0, NVIDIA GeForce RTX 3080, 6250, 3802, 10240, 97, 98
2026/07/30 23:17:46.302, 0, NVIDIA GeForce RTX 3080, 6250, 3802, 10240, 96, 98
2026/07/30 23:17:46.412, 0, NVIDIA GeForce RTX 3080, 6250, 3802, 10240, 96, 98
2026/07/30 23:17:46.521, 0, NVIDIA GeForce RTX 3080, 6250, 3802, 10240, 96, 98
2026/07/30 23:17:46.632, 0, NVIDIA GeForce RTX 3080, 6250, 3802, 10240, 96, 98
2026/07/30 23:17:46.743, 0, NVIDIA GeForce RTX 3080, 6250, 3802, 10240, 96, 98
2026/07/30 23:17:46.854, 0, NVIDIA GeForce RTX 3080, 6250, 3802, 10240, 96, 98
2026/07/30 23:17:46.966, 0, NVIDIA GeForce RTX 3080, 6250, 3802, 10240, 96, 98
2026/07/30 23:17:47.078, 0, NVIDIA GeForce RTX 3080, 6250, 3802, 10240, 96, 98
2026/07/30 23:17:47.189, 0, NVIDIA GeForce RTX 3080, 6250, 3802, 10240, 96, 98
2026/07/30 23:17:47.300, 0, NVIDIA GeForce RTX 3080, 6250, 3802, 10240, 95, 98
2026/07/30 23:17:47.412, 0, NVIDIA GeForce RTX 3080, 6250, 3802, 10240, 95, 98
2026/07/30 23:17:47.524, 0, NVIDIA GeForce RTX 3080, 6250, 3802, 10240, 95, 98
2026/07/30 23:17:47.636, 0, NVIDIA GeForce RTX 3080, 6250, 3802, 10240, 95, 98
2026/07/30 23:17:47.748, 0, NVIDIA GeForce RTX 3080, 6250, 3802, 10240, 96, 98
2026/07/30 23:17:47.860, 0, NVIDIA GeForce RTX 3080, 6250, 3802, 10240, 96, 98
2026/07/30 23:17:47.972, 0, NVIDIA GeForce RTX 3080, 6250, 3802, 10240, 96, 98
2026/07/30 23:17:48.082, 0, NVIDIA GeForce RTX 3080, 6250, 3802, 10240, 96, 98
2026/07/30 23:17:48.192, 0, NVIDIA GeForce RTX 3080, 6250, 3802, 10240, 96, 98
2026/07/30 23:17:48.301, 0, NVIDIA GeForce RTX 3080, 6250, 3802, 10240, 97, 98
2026/07/30 23:17:48.412, 0, NVIDIA GeForce RTX 3080, 6250, 3802, 10240, 97, 98
2026/07/30 23:17:48.524, 0, NVIDIA GeForce RTX 3080, 6250, 3802, 10240, 97, 98
2026/07/30 23:17:48.636, 0, NVIDIA GeForce RTX 3080, 6250, 3802, 10240, 97, 98
2026/07/30 23:17:48.748, 0, NVIDIA GeForce RTX 3080, 6250, 3802, 10240, 97, 98
2026/07/30 23:17:48.860, 0, NVIDIA GeForce RTX 3080, 6250, 3802, 10240, 97, 98
2026/07/30 23:17:48.972, 0, NVIDIA GeForce RTX 3080, 6250, 3802, 10240, 97, 98
2026/07/30 23:17:49.082, 0, NVIDIA GeForce RTX 3080, 6250, 3802, 10240, 97, 98
2026/07/30 23:17:49.193, 0, NVIDIA GeForce RTX 3080, 6250, 3802, 10240, 97, 98
2026/07/30 23:17:49.305, 0, NVIDIA GeForce RTX 3080, 6250, 3802, 10240, 97, 98
2026/07/30 23:17:49.417, 0, NVIDIA GeForce RTX 3080, 6250, 3802, 10240, 97, 98
2026/07/30 23:17:49.528, 0, NVIDIA GeForce RTX 3080, 6250, 3802, 10240, 97, 98
2026/07/30 23:17:49.640, 0, NVIDIA GeForce RTX 3080, 6250, 3802, 10240, 97, 98
2026/07/30 23:17:49.751, 0, NVIDIA GeForce RTX 3080, 6250, 3802, 10240, 97, 98
2026/07/30 23:17:49.863, 0, NVIDIA GeForce RTX 3080, 6250, 3802, 10240, 97, 98
2026/07/30 23:17:49.974, 0, NVIDIA GeForce RTX 3080, 6250, 3802, 10240, 97, 98
2026/07/30 23:17:50.085, 0, NVIDIA GeForce RTX 3080, 6250, 3802, 10240, 97, 98
2026/07/30 23:17:50.197, 0, NVIDIA GeForce RTX 3080, 6250, 3802, 10240, 97, 98
2026/07/30 23:17:50.309, 0, NVIDIA GeForce RTX 3080, 6250, 3802, 10240, 93, 96
2026/07/30 23:17:50.421, 0, NVIDIA GeForce RTX 3080, 6250, 3802, 10240, 93, 96
2026/07/30 23:17:50.532, 0, NVIDIA GeForce RTX 3080, 6250, 3802, 10240, 93, 96
2026/07/30 23:17:50.644, 0, NVIDIA GeForce RTX 3080, 6250, 3802, 10240, 93, 96
2026/07/30 23:17:50.755, 0, NVIDIA GeForce RTX 3080, 6250, 3802, 10240, 95, 98
2026/07/30 23:17:50.866, 0, NVIDIA GeForce RTX 3080, 6250, 3802, 10240, 95, 98
2026/07/30 23:17:50.978, 0, NVIDIA GeForce RTX 3080, 6250, 3802, 10240, 95, 98
2026/07/30 23:17:51.089, 0, NVIDIA GeForce RTX 3080, 6250, 3802, 10240, 95, 98
2026/07/30 23:17:51.201, 0, NVIDIA GeForce RTX 3080, 6250, 3802, 10240, 95, 98
2026/07/30 23:17:51.313, 0, NVIDIA GeForce RTX 3080, 6250, 3802, 10240, 95, 98
2026/07/30 23:17:51.424, 0, NVIDIA GeForce RTX 3080, 6250, 3802, 10240, 95, 98
2026/07/30 23:17:51.535, 0, NVIDIA GeForce RTX 3080, 6250, 3802, 10240, 95, 98
2026/07/30 23:17:51.648, 0, NVIDIA GeForce RTX 3080, 6250, 3802, 10240, 95, 98
2026/07/30 23:17:51.760, 0, NVIDIA GeForce RTX 3080, 6250, 3802, 10240, 95, 98
2026/07/30 23:17:51.872, 0, NVIDIA GeForce RTX 3080, 6250, 3802, 10240, 95, 98
2026/07/30 23:17:51.984, 0, NVIDIA GeForce RTX 3080, 6250, 3802, 10240, 95, 98
2026/07/30 23:17:52.096, 0, NVIDIA GeForce RTX 3080, 6250, 3802, 10240, 95, 98
2026/07/30 23:17:52.208, 0, NVIDIA GeForce RTX 3080, 6250, 3802, 10240, 95, 98
2026/07/30 23:17:52.320, 0, NVIDIA GeForce RTX 3080, 6250, 3802, 10240, 96, 98
2026/07/30 23:17:52.432, 0, NVIDIA GeForce RTX 3080, 6250, 3802, 10240, 96, 98
2026/07/30 23:17:52.544, 0, NVIDIA GeForce RTX 3080, 6250, 3802, 10240, 96, 98
2026/07/30 23:17:52.656, 0, NVIDIA GeForce RTX 3080, 6250, 3802, 10240, 96, 98
2026/07/30 23:17:52.768, 0, NVIDIA GeForce RTX 3080, 6250, 3802, 10240, 96, 97
2026/07/30 23:17:52.880, 0, NVIDIA GeForce RTX 3080, 6250, 3802, 10240, 96, 97
2026/07/30 23:17:52.992, 0, NVIDIA GeForce RTX 3080, 6250, 3802, 10240, 96, 97
2026/07/30 23:17:53.102, 0, NVIDIA GeForce RTX 3080, 6250, 3802, 10240, 96, 97
2026/07/30 23:17:53.211, 0, NVIDIA GeForce RTX 3080, 6250, 3802, 10240, 96, 97
2026/07/30 23:17:53.323, 0, NVIDIA GeForce RTX 3080, 6250, 3802, 10240, 96, 97
2026/07/30 23:17:53.448, 0, NVIDIA GeForce RTX 3080, 6250, 3802, 10240, 96, 97
2026/07/30 23:17:53.563, 0, NVIDIA GeForce RTX 3080, 6250, 3802, 10240, 96, 97
2026/07/30 23:17:53.674, 0, NVIDIA GeForce RTX 3080, 6250, 3802, 10240, 96, 97
2026/07/30 23:17:53.785, 0, NVIDIA GeForce RTX 3080, 6250, 3802, 10240, 96, 97
2026/07/30 23:17:53.896, 0, NVIDIA GeForce RTX 3080, 6250, 3802, 10240, 96, 97
2026/07/30 23:17:54.008, 0, NVIDIA GeForce RTX 3080, 6250, 3802, 10240, 96, 97
2026/07/30 23:17:54.119, 0, NVIDIA GeForce RTX 3080, 6250, 3802, 10240, 96, 97
2026/07/30 23:17:54.230, 0, NVIDIA GeForce RTX 3080, 6250, 3802, 10240, 96, 97
2026/07/30 23:17:54.341, 0, NVIDIA GeForce RTX 3080, 6250, 3802, 10240, 95, 96
2026/07/30 23:17:54.452, 0, NVIDIA GeForce RTX 3080, 6250, 3802, 10240, 95, 96
2026/07/30 23:17:54.563, 0, NVIDIA GeForce RTX 3080, 6250, 3802, 10240, 95, 96
2026/07/30 23:17:54.675, 0, NVIDIA GeForce RTX 3080, 6250, 3802, 10240, 95, 96
2026/07/30 23:17:54.787, 0, NVIDIA GeForce RTX 3080, 6250, 3802, 10240, 98, 98
2026/07/30 23:17:54.898, 0, NVIDIA GeForce RTX 3080, 6250, 3802, 10240, 98, 98
2026/07/30 23:17:55.010, 0, NVIDIA GeForce RTX 3080, 6250, 3802, 10240, 98, 98
2026/07/30 23:17:55.122, 0, NVIDIA GeForce RTX 3080, 6250, 3802, 10240, 98, 98
2026/07/30 23:17:55.234, 0, NVIDIA GeForce RTX 3080, 6250, 3802, 10240, 98, 98
2026/07/30 23:17:55.346, 0, NVIDIA GeForce RTX 3080, 6250, 3802, 10240, 98, 98
2026/07/30 23:17:55.458, 0, NVIDIA GeForce RTX 3080, 6250, 3802, 10240, 98, 98
2026/07/30 23:17:55.569, 0, NVIDIA GeForce RTX 3080, 6250, 3802, 10240, 98, 98
2026/07/30 23:17:55.681, 0, NVIDIA GeForce RTX 3080, 6250, 3802, 10240, 98, 98
2026/07/30 23:17:55.793, 0, NVIDIA GeForce RTX 3080, 6250, 3802, 10240, 98, 98
2026/07/30 23:17:55.905, 0, NVIDIA GeForce RTX 3080, 6250, 3802, 10240, 98, 98
2026/07/30 23:17:56.017, 0, NVIDIA GeForce RTX 3080, 6250, 3802, 10240, 98, 98
2026/07/30 23:17:56.129, 0, NVIDIA GeForce RTX 3080, 6250, 3802, 10240, 98, 98
2026/07/30 23:17:56.241, 0, NVIDIA GeForce RTX 3080, 6250, 3802, 10240, 96, 98
2026/07/30 23:17:56.352, 0, NVIDIA GeForce RTX 3080, 6250, 3802, 10240, 96, 98
2026/07/30 23:17:56.464, 0, NVIDIA GeForce RTX 3080, 6250, 3802, 10240, 96, 98
2026/07/30 23:17:56.576, 0, NVIDIA GeForce RTX 3080, 6250, 3802, 10240, 96, 98
2026/07/30 23:17:56.688, 0, NVIDIA GeForce RTX 3080, 6250, 3802, 10240, 96, 98
2026/07/30 23:17:56.800, 0, NVIDIA GeForce RTX 3080, 6250, 3802, 10240, 96, 98
2026/07/30 23:17:56.910, 0, NVIDIA GeForce RTX 3080, 6250, 3802, 10240, 96, 98
2026/07/30 23:17:57.022, 0, NVIDIA GeForce RTX 3080, 6250, 3802, 10240, 96, 98
2026/07/30 23:17:57.133, 0, NVIDIA GeForce RTX 3080, 6250, 3802, 10240, 96, 98
2026/07/30 23:17:57.245, 0, NVIDIA GeForce RTX 3080, 6250, 3802, 10240, 95, 97
2026/07/30 23:17:57.357, 0, NVIDIA GeForce RTX 3080, 6250, 3802, 10240, 95, 97
2026/07/30 23:17:57.469, 0, NVIDIA GeForce RTX 3080, 6250, 3802, 10240, 95, 97
2026/07/30 23:17:57.581, 0, NVIDIA GeForce RTX 3080, 6250, 3802, 10240, 95, 97
2026/07/30 23:17:57.693, 0, NVIDIA GeForce RTX 3080, 6250, 3802, 10240, 95, 97
2026/07/30 23:17:57.805, 0, NVIDIA GeForce RTX 3080, 6250, 3802, 10240, 95, 98
2026/07/30 23:17:57.916, 0, NVIDIA GeForce RTX 3080, 6250, 3802, 10240, 95, 98
2026/07/30 23:17:58.027, 0, NVIDIA GeForce RTX 3080, 6250, 3802, 10240, 95, 98
2026/07/30 23:17:58.138, 0, NVIDIA GeForce RTX 3080, 6250, 3802, 10240, 95, 98
2026/07/30 23:17:58.250, 0, NVIDIA GeForce RTX 3080, 6250, 3802, 10240, 97, 98
2026/07/30 23:17:58.362, 0, NVIDIA GeForce RTX 3080, 6250, 3802, 10240, 97, 98
2026/07/30 23:17:58.474, 0, NVIDIA GeForce RTX 3080, 6250, 3802, 10240, 97, 98
2026/07/30 23:17:58.586, 0, NVIDIA GeForce RTX 3080, 6250, 3802, 10240, 97, 98
2026/07/30 23:17:58.698, 0, NVIDIA GeForce RTX 3080, 6250, 3802, 10240, 97, 98
2026/07/30 23:17:58.810, 0, NVIDIA GeForce RTX 3080, 6250, 3802, 10240, 96, 97
2026/07/30 23:17:58.922, 0, NVIDIA GeForce RTX 3080, 6250, 3802, 10240, 96, 97
2026/07/30 23:17:59.034, 0, NVIDIA GeForce RTX 3080, 6250, 3802, 10240, 96, 97
2026/07/30 23:17:59.143, 0, NVIDIA GeForce RTX 3080, 6250, 3802, 10240, 96, 97
2026/07/30 23:17:59.252, 0, NVIDIA GeForce RTX 3080, 6250, 3802, 10240, 97, 98
2026/07/30 23:17:59.362, 0, NVIDIA GeForce RTX 3080, 6250, 3802, 10240, 97, 98
2026/07/30 23:17:59.471, 0, NVIDIA GeForce RTX 3080, 6250, 3802, 10240, 97, 98
2026/07/30 23:17:59.580, 0, NVIDIA GeForce RTX 3080, 6250, 3802, 10240, 97, 98
2026/07/30 23:17:59.689, 0, NVIDIA GeForce RTX 3080, 6250, 3802, 10240, 97, 98
2026/07/30 23:17:59.798, 0, NVIDIA GeForce RTX 3080, 6250, 3802, 10240, 97, 97
2026/07/30 23:17:59.908, 0, NVIDIA GeForce RTX 3080, 6250, 3802, 10240, 97, 97
2026/07/30 23:18:00.020, 0, NVIDIA GeForce RTX 3080, 6250, 3802, 10240, 97, 97
2026/07/30 23:18:00.131, 0, NVIDIA GeForce RTX 3080, 6250, 3802, 10240, 97, 97
2026/07/30 23:18:00.243, 0, NVIDIA GeForce RTX 3080, 6250, 3802, 10240, 95, 98
2026/07/30 23:18:00.355, 0, NVIDIA GeForce RTX 3080, 6250, 3802, 10240, 95, 98
2026/07/30 23:18:00.467, 0, NVIDIA GeForce RTX 3080, 6250, 3802, 10240, 95, 98
2026/07/30 23:18:00.580, 0, NVIDIA GeForce RTX 3080, 6250, 3802, 10240, 95, 98
2026/07/30 23:18:00.692, 0, NVIDIA GeForce RTX 3080, 6250, 3802, 10240, 95, 98
2026/07/30 23:18:00.803, 0, NVIDIA GeForce RTX 3080, 6250, 3802, 10240, 95, 97
2026/07/30 23:18:00.915, 0, NVIDIA GeForce RTX 3080, 6250, 3802, 10240, 95, 97
2026/07/30 23:18:01.027, 0, NVIDIA GeForce RTX 3080, 6250, 3802, 10240, 95, 97
2026/07/30 23:18:01.136, 0, NVIDIA GeForce RTX 3080, 6250, 3802, 10240, 95, 97
2026/07/30 23:18:01.246, 0, NVIDIA GeForce RTX 3080, 6250, 3802, 10240, 95, 98
2026/07/30 23:18:01.354, 0, NVIDIA GeForce RTX 3080, 6250, 3802, 10240, 95, 98
2026/07/30 23:18:01.464, 0, NVIDIA GeForce RTX 3080, 6250, 3802, 10240, 95, 98
2026/07/30 23:18:01.573, 0, NVIDIA GeForce RTX 3080, 6250, 3802, 10240, 95, 98
2026/07/30 23:18:01.684, 0, NVIDIA GeForce RTX 3080, 6250, 3802, 10240, 95, 98
2026/07/30 23:18:01.795, 0, NVIDIA GeForce RTX 3080, 6250, 3802, 10240, 95, 98
2026/07/30 23:18:01.905, 0, NVIDIA GeForce RTX 3080, 6250, 3802, 10240, 95, 98
2026/07/30 23:18:02.018, 0, NVIDIA GeForce RTX 3080, 6250, 3802, 10240, 95, 98
2026/07/30 23:18:02.130, 0, NVIDIA GeForce RTX 3080, 6250, 3802, 10240, 95, 98
2026/07/30 23:18:02.240, 0, NVIDIA GeForce RTX 3080, 6250, 3802, 10240, 97, 98
2026/07/30 23:18:02.351, 0, NVIDIA GeForce RTX 3080, 6250, 3802, 10240, 97, 98
2026/07/30 23:18:02.463, 0, NVIDIA GeForce RTX 3080, 6250, 3802, 10240, 97, 98
2026/07/30 23:18:02.575, 0, NVIDIA GeForce RTX 3080, 6250, 3802, 10240, 97, 98
2026/07/30 23:18:02.686, 0, NVIDIA GeForce RTX 3080, 6250, 3802, 10240, 97, 98
2026/07/30 23:18:02.798, 0, NVIDIA GeForce RTX 3080, 6250, 3802, 10240, 97, 98
2026/07/30 23:18:02.910, 0, NVIDIA GeForce RTX 3080, 6250, 3802, 10240, 97, 98
2026/07/30 23:18:03.022, 0, NVIDIA GeForce RTX 3080, 6250, 3802, 10240, 97, 98
2026/07/30 23:18:03.134, 0, NVIDIA GeForce RTX 3080, 6250, 3802, 10240, 97, 98
2026/07/30 23:18:03.246, 0, NVIDIA GeForce RTX 3080, 6250, 3802, 10240, 97, 98
2026/07/30 23:18:03.358, 0, NVIDIA GeForce RTX 3080, 6250, 3802, 10240, 97, 98
2026/07/30 23:18:03.470, 0, NVIDIA GeForce RTX 3080, 6250, 3802, 10240, 97, 98
2026/07/30 23:18:03.582, 0, NVIDIA GeForce RTX 3080, 6250, 3802, 10240, 97, 98
2026/07/30 23:18:03.693, 0, NVIDIA GeForce RTX 3080, 6250, 3802, 10240, 97, 98
2026/07/30 23:18:03.805, 0, NVIDIA GeForce RTX 3080, 6250, 3802, 10240, 96, 97
2026/07/30 23:18:03.917, 0, NVIDIA GeForce RTX 3080, 6250, 3802, 10240, 96, 97
2026/07/30 23:18:04.028, 0, NVIDIA GeForce RTX 3080, 6250, 3802, 10240, 96, 97
2026/07/30 23:18:04.140, 0, NVIDIA GeForce RTX 3080, 6250, 3802, 10240, 96, 97
2026/07/30 23:18:04.252, 0, NVIDIA GeForce RTX 3080, 6250, 3802, 10240, 94, 96
2026/07/30 23:18:04.364, 0, NVIDIA GeForce RTX 3080, 6250, 3802, 10240, 94, 96
2026/07/30 23:18:04.476, 0, NVIDIA GeForce RTX 3080, 6250, 3802, 10240, 94, 96
2026/07/30 23:18:04.588, 0, NVIDIA GeForce RTX 3080, 6250, 3802, 10240, 94, 96
2026/07/30 23:18:04.699, 0, NVIDIA GeForce RTX 3080, 6250, 3802, 10240, 94, 96
2026/07/30 23:18:04.810, 0, NVIDIA GeForce RTX 3080, 6250, 3802, 10240, 94, 96
2026/07/30 23:18:04.921, 0, NVIDIA GeForce RTX 3080, 6250, 3802, 10240, 94, 96
2026/07/30 23:18:05.032, 0, NVIDIA GeForce RTX 3080, 6250, 3802, 10240, 94, 96
2026/07/30 23:18:05.144, 0, NVIDIA GeForce RTX 3080, 6250, 3802, 10240, 94, 96
2026/07/30 23:18:05.256, 0, NVIDIA GeForce RTX 3080, 6250, 3802, 10240, 95, 98
2026/07/30 23:18:05.368, 0, NVIDIA GeForce RTX 3080, 6250, 3802, 10240, 95, 98
2026/07/30 23:18:05.480, 0, NVIDIA GeForce RTX 3080, 6250, 3802, 10240, 95, 98
2026/07/30 23:18:05.592, 0, NVIDIA GeForce RTX 3080, 6250, 3802, 10240, 95, 98
2026/07/30 23:18:05.703, 0, NVIDIA GeForce RTX 3080, 6250, 3802, 10240, 95, 98
2026/07/30 23:18:05.815, 0, NVIDIA GeForce RTX 3080, 6250, 3802, 10240, 95, 98
2026/07/30 23:18:05.926, 0, NVIDIA GeForce RTX 3080, 6250, 3802, 10240, 95, 98
2026/07/30 23:18:06.037, 0, NVIDIA GeForce RTX 3080, 6250, 3802, 10240, 95, 98
2026/07/30 23:18:06.146, 0, NVIDIA GeForce RTX 3080, 6250, 3802, 10240, 95, 98
2026/07/30 23:18:06.256, 0, NVIDIA GeForce RTX 3080, 6250, 3802, 10240, 95, 98
2026/07/30 23:18:06.366, 0, NVIDIA GeForce RTX 3080, 6250, 3802, 10240, 95, 98
2026/07/30 23:18:06.474, 0, NVIDIA GeForce RTX 3080, 6250, 3802, 10240, 95, 98
2026/07/30 23:18:06.584, 0, NVIDIA GeForce RTX 3080, 6250, 3802, 10240, 95, 98
2026/07/30 23:18:06.696, 0, NVIDIA GeForce RTX 3080, 6250, 3802, 10240, 95, 98
2026/07/30 23:18:06.808, 0, NVIDIA GeForce RTX 3080, 6250, 3802, 10240, 95, 96
2026/07/30 23:18:06.919, 0, NVIDIA GeForce RTX 3080, 6250, 3802, 10240, 95, 96
2026/07/30 23:18:07.031, 0, NVIDIA GeForce RTX 3080, 6250, 3802, 10240, 95, 96
2026/07/30 23:18:07.143, 0, NVIDIA GeForce RTX 3080, 6250, 3802, 10240, 95, 96
2026/07/30 23:18:07.254, 0, NVIDIA GeForce RTX 3080, 6250, 3802, 10240, 96, 97
2026/07/30 23:18:07.366, 0, NVIDIA GeForce RTX 3080, 6250, 3802, 10240, 96, 97
2026/07/30 23:18:07.478, 0, NVIDIA GeForce RTX 3080, 6250, 3802, 10240, 96, 97
2026/07/30 23:18:07.590, 0, NVIDIA GeForce RTX 3080, 6250, 3802, 10240, 96, 97
2026/07/30 23:18:07.701, 0, NVIDIA GeForce RTX 3080, 6250, 3802, 10240, 96, 97
2026/07/30 23:18:07.813, 0, NVIDIA GeForce RTX 3080, 6250, 3802, 10240, 97, 98
2026/07/30 23:18:07.925, 0, NVIDIA GeForce RTX 3080, 6250, 3802, 10240, 97, 98
2026/07/30 23:18:08.037, 0, NVIDIA GeForce RTX 3080, 6250, 3802, 10240, 97, 98
2026/07/30 23:18:08.147, 0, NVIDIA GeForce RTX 3080, 6250, 3802, 10240, 97, 98
2026/07/30 23:18:08.256, 0, NVIDIA GeForce RTX 3080, 6250, 3802, 10240, 94, 95
2026/07/30 23:18:08.368, 0, NVIDIA GeForce RTX 3080, 6250, 3802, 10240, 94, 95
2026/07/30 23:18:08.480, 0, NVIDIA GeForce RTX 3080, 6250, 3802, 10240, 94, 95
2026/07/30 23:18:08.592, 0, NVIDIA GeForce RTX 3080, 6250, 3802, 10240, 94, 95
2026/07/30 23:18:08.704, 0, NVIDIA GeForce RTX 3080, 6250, 3802, 10240, 94, 95
2026/07/30 23:18:08.815, 0, NVIDIA GeForce RTX 3080, 6250, 3802, 10240, 98, 97
2026/07/30 23:18:08.926, 0, NVIDIA GeForce RTX 3080, 6250, 3802, 10240, 98, 97
2026/07/30 23:18:09.038, 0, NVIDIA GeForce RTX 3080, 6250, 3802, 10240, 98, 97
2026/07/30 23:18:09.150, 0, NVIDIA GeForce RTX 3080, 6250, 3802, 10240, 98, 97
2026/07/30 23:18:09.262, 0, NVIDIA GeForce RTX 3080, 6250, 3802, 10240, 98, 97
2026/07/30 23:18:09.374, 0, NVIDIA GeForce RTX 3080, 6250, 3802, 10240, 98, 97
2026/07/30 23:18:09.485, 0, NVIDIA GeForce RTX 3080, 6250, 3802, 10240, 98, 97
2026/07/30 23:18:09.596, 0, NVIDIA GeForce RTX 3080, 6250, 3802, 10240, 98, 97
2026/07/30 23:18:09.707, 0, NVIDIA GeForce RTX 3080, 6250, 3802, 10240, 98, 97
2026/07/30 23:18:09.818, 0, NVIDIA GeForce RTX 3080, 6250, 3802, 10240, 98, 98
2026/07/30 23:18:09.930, 0, NVIDIA GeForce RTX 3080, 6250, 3802, 10240, 98, 98
2026/07/30 23:18:10.042, 0, NVIDIA GeForce RTX 3080, 6250, 3802, 10240, 98, 98
2026/07/30 23:18:10.154, 0, NVIDIA GeForce RTX 3080, 6250, 3802, 10240, 98, 98
2026/07/30 23:18:10.266, 0, NVIDIA GeForce RTX 3080, 6250, 3802, 10240, 96, 98
2026/07/30 23:18:10.377, 0, NVIDIA GeForce RTX 3080, 6250, 3802, 10240, 96, 98
2026/07/30 23:18:10.488, 0, NVIDIA GeForce RTX 3080, 6250, 3802, 10240, 96, 98
2026/07/30 23:18:10.601, 0, NVIDIA GeForce RTX 3080, 6250, 3802, 10240, 96, 98
2026/07/30 23:18:10.713, 0, NVIDIA GeForce RTX 3080, 6250, 3802, 10240, 96, 98
2026/07/30 23:18:10.825, 0, NVIDIA GeForce RTX 3080, 6250, 3802, 10240, 95, 98
2026/07/30 23:18:10.935, 0, NVIDIA GeForce RTX 3080, 6250, 3802, 10240, 95, 98
2026/07/30 23:18:11.047, 0, NVIDIA GeForce RTX 3080, 6250, 3802, 10240, 95, 98
2026/07/30 23:18:11.159, 0, NVIDIA GeForce RTX 3080, 6250, 3802, 10240, 95, 98
2026/07/30 23:18:11.271, 0, NVIDIA GeForce RTX 3080, 6250, 3802, 10240, 95, 98
2026/07/30 23:18:11.382, 0, NVIDIA GeForce RTX 3080, 6250, 3802, 10240, 95, 98
2026/07/30 23:18:11.494, 0, NVIDIA GeForce RTX 3080, 6250, 3802, 10240, 95, 98
2026/07/30 23:18:11.606, 0, NVIDIA GeForce RTX 3080, 6250, 3802, 10240, 95, 98
2026/07/30 23:18:11.718, 0, NVIDIA GeForce RTX 3080, 6250, 3802, 10240, 95, 98
2026/07/30 23:18:11.830, 0, NVIDIA GeForce RTX 3080, 6250, 3802, 10240, 95, 97
2026/07/30 23:18:11.942, 0, NVIDIA GeForce RTX 3080, 6250, 3802, 10240, 95, 97
2026/07/30 23:18:12.053, 0, NVIDIA GeForce RTX 3080, 6250, 3802, 10240, 95, 97
2026/07/30 23:18:12.165, 0, NVIDIA GeForce RTX 3080, 6250, 3802, 10240, 95, 97
2026/07/30 23:18:12.275, 0, NVIDIA GeForce RTX 3080, 6250, 3802, 10240, 96, 96
2026/07/30 23:18:12.387, 0, NVIDIA GeForce RTX 3080, 6250, 3802, 10240, 96, 96
2026/07/30 23:18:12.499, 0, NVIDIA GeForce RTX 3080, 6250, 3802, 10240, 96, 96
2026/07/30 23:18:12.610, 0, NVIDIA GeForce RTX 3080, 6250, 3802, 10240, 96, 96
2026/07/30 23:18:12.722, 0, NVIDIA GeForce RTX 3080, 6250, 3802, 10240, 96, 96
2026/07/30 23:18:12.834, 0, NVIDIA GeForce RTX 3080, 6250, 3802, 10240, 96, 96
2026/07/30 23:18:12.946, 0, NVIDIA GeForce RTX 3080, 6250, 3802, 10240, 96, 96
2026/07/30 23:18:13.058, 0, NVIDIA GeForce RTX 3080, 6250, 3802, 10240, 96, 96
2026/07/30 23:18:13.167, 0, NVIDIA GeForce RTX 3080, 6250, 3802, 10240, 96, 96
2026/07/30 23:18:13.279, 0, NVIDIA GeForce RTX 3080, 6250, 3802, 10240, 97, 98
2026/07/30 23:18:13.390, 0, NVIDIA GeForce RTX 3080, 6250, 3802, 10240, 97, 98
2026/07/30 23:18:13.502, 0, NVIDIA GeForce RTX 3080, 6250, 3802, 10240, 97, 98
2026/07/30 23:18:13.614, 0, NVIDIA GeForce RTX 3080, 6250, 3802, 10240, 97, 98
2026/07/30 23:18:13.724, 0, NVIDIA GeForce RTX 3080, 6250, 3802, 10240, 97, 98
2026/07/30 23:18:13.835, 0, NVIDIA GeForce RTX 3080, 6250, 3802, 10240, 97, 98
2026/07/30 23:18:13.946, 0, NVIDIA GeForce RTX 3080, 6250, 3802, 10240, 97, 98
2026/07/30 23:18:14.057, 0, NVIDIA GeForce RTX 3080, 6250, 3802, 10240, 97, 98
2026/07/30 23:18:14.169, 0, NVIDIA GeForce RTX 3080, 6250, 3802, 10240, 97, 98
2026/07/30 23:18:14.282, 0, NVIDIA GeForce RTX 3080, 6250, 3802, 10240, 96, 98
2026/07/30 23:18:14.394, 0, NVIDIA GeForce RTX 3080, 6250, 3802, 10240, 96, 98
2026/07/30 23:18:14.506, 0, NVIDIA GeForce RTX 3080, 6250, 3802, 10240, 96, 98
2026/07/30 23:18:14.618, 0, NVIDIA GeForce RTX 3080, 6250, 3802, 10240, 96, 98
2026/07/30 23:18:14.730, 0, NVIDIA GeForce RTX 3080, 6250, 3802, 10240, 96, 98
2026/07/30 23:18:14.842, 0, NVIDIA GeForce RTX 3080, 6250, 3802, 10240, 96, 98
2026/07/30 23:18:14.954, 0, NVIDIA GeForce RTX 3080, 6250, 3802, 10240, 96, 98
2026/07/30 23:18:15.066, 0, NVIDIA GeForce RTX 3080, 6250, 3802, 10240, 96, 98
2026/07/30 23:18:15.178, 0, NVIDIA GeForce RTX 3080, 6250, 3802, 10240, 96, 98
2026/07/30 23:18:15.290, 0, NVIDIA GeForce RTX 3080, 6250, 3802, 10240, 96, 98
2026/07/30 23:18:15.402, 0, NVIDIA GeForce RTX 3080, 6250, 3802, 10240, 96, 98
2026/07/30 23:18:15.514, 0, NVIDIA GeForce RTX 3080, 6250, 3802, 10240, 96, 98
2026/07/30 23:18:15.626, 0, NVIDIA GeForce RTX 3080, 6250, 3802, 10240, 96, 98
2026/07/30 23:18:15.737, 0, NVIDIA GeForce RTX 3080, 6250, 3802, 10240, 96, 98
2026/07/30 23:18:15.848, 0, NVIDIA GeForce RTX 3080, 6250, 3802, 10240, 96, 98
2026/07/30 23:18:15.959, 0, NVIDIA GeForce RTX 3080, 6250, 3802, 10240, 96, 98
2026/07/30 23:18:16.071, 0, NVIDIA GeForce RTX 3080, 6250, 3802, 10240, 96, 98
2026/07/30 23:18:16.183, 0, NVIDIA GeForce RTX 3080, 6250, 3802, 10240, 96, 98
2026/07/30 23:18:16.294, 0, NVIDIA GeForce RTX 3080, 6250, 3802, 10240, 97, 98
2026/07/30 23:18:16.405, 0, NVIDIA GeForce RTX 3080, 6250, 3802, 10240, 97, 98
2026/07/30 23:18:16.517, 0, NVIDIA GeForce RTX 3080, 6250, 3802, 10240, 97, 98
2026/07/30 23:18:16.629, 0, NVIDIA GeForce RTX 3080, 6250, 3802, 10240, 97, 98
2026/07/30 23:18:16.741, 0, NVIDIA GeForce RTX 3080, 6250, 3802, 10240, 97, 98
2026/07/30 23:18:16.853, 0, NVIDIA GeForce RTX 3080, 6250, 3802, 10240, 97, 98
2026/07/30 23:18:16.965, 0, NVIDIA GeForce RTX 3080, 6250, 3802, 10240, 97, 98
2026/07/30 23:18:17.077, 0, NVIDIA GeForce RTX 3080, 6250, 3802, 10240, 97, 98
2026/07/30 23:18:17.188, 0, NVIDIA GeForce RTX 3080, 6250, 3802, 10240, 97, 98
2026/07/30 23:18:17.300, 0, NVIDIA GeForce RTX 3080, 6250, 3802, 10240, 97, 98
2026/07/30 23:18:17.412, 0, NVIDIA GeForce RTX 3080, 6250, 3802, 10240, 97, 98
2026/07/30 23:18:17.524, 0, NVIDIA GeForce RTX 3080, 6250, 3802, 10240, 97, 98
2026/07/30 23:18:17.635, 0, NVIDIA GeForce RTX 3080, 6250, 3802, 10240, 97, 98
2026/07/30 23:18:17.747, 0, NVIDIA GeForce RTX 3080, 6250, 3802, 10240, 97, 98
2026/07/30 23:18:17.858, 0, NVIDIA GeForce RTX 3080, 6250, 3802, 10240, 97, 98
2026/07/30 23:18:17.969, 0, NVIDIA GeForce RTX 3080, 6250, 3802, 10240, 97, 98
2026/07/30 23:18:18.080, 0, NVIDIA GeForce RTX 3080, 6250, 3802, 10240, 97, 98
2026/07/30 23:18:18.191, 0, NVIDIA GeForce RTX 3080, 6250, 3802, 10240, 97, 98
2026/07/30 23:18:18.303, 0, NVIDIA GeForce RTX 3080, 6250, 3802, 10240, 93, 96
2026/07/30 23:18:18.415, 0, NVIDIA GeForce RTX 3080, 6250, 3802, 10240, 93, 96
2026/07/30 23:18:18.527, 0, NVIDIA GeForce RTX 3080, 6250, 3802, 10240, 93, 96
2026/07/30 23:18:18.639, 0, NVIDIA GeForce RTX 3080, 6250, 3802, 10240, 93, 96
2026/07/30 23:18:18.752, 0, NVIDIA GeForce RTX 3080, 6250, 3802, 10240, 95, 98
2026/07/30 23:18:18.864, 0, NVIDIA GeForce RTX 3080, 6250, 3802, 10240, 95, 98
2026/07/30 23:18:18.976, 0, NVIDIA GeForce RTX 3080, 6250, 3802, 10240, 95, 98
2026/07/30 23:18:19.088, 0, NVIDIA GeForce RTX 3080, 6250, 3802, 10240, 95, 98
2026/07/30 23:18:19.197, 0, NVIDIA GeForce RTX 3080, 6250, 3802, 10240, 95, 98
2026/07/30 23:18:19.306, 0, NVIDIA GeForce RTX 3080, 6250, 3802, 10240, 95, 98
2026/07/30 23:18:19.415, 0, NVIDIA GeForce RTX 3080, 6250, 3802, 10240, 95, 98
2026/07/30 23:18:19.524, 0, NVIDIA GeForce RTX 3080, 6250, 3802, 10240, 95, 98
2026/07/30 23:18:19.634, 0, NVIDIA GeForce RTX 3080, 6250, 3802, 10240, 95, 98
2026/07/30 23:18:19.743, 0, NVIDIA GeForce RTX 3080, 6250, 3802, 10240, 95, 98
2026/07/30 23:18:19.852, 0, NVIDIA GeForce RTX 3080, 6250, 3802, 10240, 95, 98
2026/07/30 23:18:19.963, 0, NVIDIA GeForce RTX 3080, 6250, 3802, 10240, 95, 98
2026/07/30 23:18:20.075, 0, NVIDIA GeForce RTX 3080, 6250, 3802, 10240, 95, 98
2026/07/30 23:18:20.187, 0, NVIDIA GeForce RTX 3080, 6250, 3802, 10240, 95, 98
2026/07/30 23:18:20.299, 0, NVIDIA GeForce RTX 3080, 6250, 3802, 10240, 95, 97
2026/07/30 23:18:20.410, 0, NVIDIA GeForce RTX 3080, 6250, 3802, 10240, 95, 97
2026/07/30 23:18:20.521, 0, NVIDIA GeForce RTX 3080, 6250, 3802, 10240, 95, 97
2026/07/30 23:18:20.633, 0, NVIDIA GeForce RTX 3080, 6250, 3802, 10240, 95, 97
2026/07/30 23:18:20.745, 0, NVIDIA GeForce RTX 3080, 6250, 3802, 10240, 96, 97
2026/07/30 23:18:20.857, 0, NVIDIA GeForce RTX 3080, 6250, 3802, 10240, 96, 97
2026/07/30 23:18:20.969, 0, NVIDIA GeForce RTX 3080, 6250, 3802, 10240, 96, 97
2026/07/30 23:18:21.080, 0, NVIDIA GeForce RTX 3080, 6250, 3802, 10240, 96, 97
2026/07/30 23:18:21.190, 0, NVIDIA GeForce RTX 3080, 6250, 3802, 10240, 96, 97
2026/07/30 23:18:21.299, 0, NVIDIA GeForce RTX 3080, 6250, 3802, 10240, 96, 98
2026/07/30 23:18:21.409, 0, NVIDIA GeForce RTX 3080, 6250, 3802, 10240, 96, 98
2026/07/30 23:18:21.518, 0, NVIDIA GeForce RTX 3080, 6250, 3802, 10240, 96, 98
2026/07/30 23:18:21.628, 0, NVIDIA GeForce RTX 3080, 6250, 3802, 10240, 96, 98
2026/07/30 23:18:21.740, 0, NVIDIA GeForce RTX 3080, 6250, 3802, 10240, 97, 98
2026/07/30 23:18:21.852, 0, NVIDIA GeForce RTX 3080, 6250, 3802, 10240, 97, 98
2026/07/30 23:18:21.964, 0, NVIDIA GeForce RTX 3080, 6250, 3802, 10240, 97, 98
2026/07/30 23:18:22.076, 0, NVIDIA GeForce RTX 3080, 6250, 3802, 10240, 97, 98
2026/07/30 23:18:22.188, 0, NVIDIA GeForce RTX 3080, 6250, 3802, 10240, 97, 98
2026/07/30 23:18:22.299, 0, NVIDIA GeForce RTX 3080, 6250, 3802, 10240, 95, 96
2026/07/30 23:18:22.410, 0, NVIDIA GeForce RTX 3080, 6250, 3802, 10240, 95, 96
2026/07/30 23:18:22.522, 0, NVIDIA GeForce RTX 3080, 6250, 3802, 10240, 95, 96
2026/07/30 23:18:22.633, 0, NVIDIA GeForce RTX 3080, 6250, 3802, 10240, 95, 96
2026/07/30 23:18:22.745, 0, NVIDIA GeForce RTX 3080, 6250, 3802, 10240, 98, 98
2026/07/30 23:18:22.856, 0, NVIDIA GeForce RTX 3080, 6250, 3802, 10240, 98, 98
2026/07/30 23:18:22.966, 0, NVIDIA GeForce RTX 3080, 6250, 3802, 10240, 98, 98
2026/07/30 23:18:23.078, 0, NVIDIA GeForce RTX 3080, 6250, 3802, 10240, 98, 98
2026/07/30 23:18:23.190, 0, NVIDIA GeForce RTX 3080, 6250, 3802, 10240, 98, 98
2026/07/30 23:18:23.303, 0, NVIDIA GeForce RTX 3080, 6250, 3802, 10240, 98, 98
2026/07/30 23:18:23.415, 0, NVIDIA GeForce RTX 3080, 6250, 3802, 10240, 98, 98
2026/07/30 23:18:23.527, 0, NVIDIA GeForce RTX 3080, 6250, 3802, 10240, 98, 98
2026/07/30 23:18:23.639, 0, NVIDIA GeForce RTX 3080, 6250, 3802, 10240, 98, 98
2026/07/30 23:18:23.750, 0, NVIDIA GeForce RTX 3080, 6250, 3802, 10240, 98, 98
2026/07/30 23:18:23.862, 0, NVIDIA GeForce RTX 3080, 6250, 3802, 10240, 98, 98
2026/07/30 23:18:23.974, 0, NVIDIA GeForce RTX 3080, 6250, 3802, 10240, 98, 98
2026/07/30 23:18:24.085, 0, NVIDIA GeForce RTX 3080, 6250, 3802, 10240, 98, 98
2026/07/30 23:18:24.197, 0, NVIDIA GeForce RTX 3080, 6250, 3802, 10240, 98, 98
2026/07/30 23:18:24.309, 0, NVIDIA GeForce RTX 3080, 6250, 3802, 10240, 95, 98
2026/07/30 23:18:24.421, 0, NVIDIA GeForce RTX 3080, 6250, 3802, 10240, 95, 98
2026/07/30 23:18:24.532, 0, NVIDIA GeForce RTX 3080, 6250, 3802, 10240, 95, 98
2026/07/30 23:18:24.644, 0, NVIDIA GeForce RTX 3080, 6250, 3802, 10240, 95, 98
2026/07/30 23:18:24.756, 0, NVIDIA GeForce RTX 3080, 6250, 3802, 10240, 96, 98
2026/07/30 23:18:24.866, 0, NVIDIA GeForce RTX 3080, 6250, 3802, 10240, 96, 98
2026/07/30 23:18:24.978, 0, NVIDIA GeForce RTX 3080, 6250, 3802, 10240, 96, 98
2026/07/30 23:18:25.089, 0, NVIDIA GeForce RTX 3080, 6250, 3802, 10240, 96, 98
2026/07/30 23:18:25.201, 0, NVIDIA GeForce RTX 3080, 6250, 3802, 10240, 96, 98
2026/07/30 23:18:25.311, 0, NVIDIA GeForce RTX 3080, 6250, 3802, 10240, 95, 98
2026/07/30 23:18:25.423, 0, NVIDIA GeForce RTX 3080, 6250, 3802, 10240, 95, 98
2026/07/30 23:18:25.532, 0, NVIDIA GeForce RTX 3080, 6250, 3802, 10240, 95, 98
2026/07/30 23:18:25.644, 0, NVIDIA GeForce RTX 3080, 6250, 3802, 10240, 95, 98
2026/07/30 23:18:25.756, 0, NVIDIA GeForce RTX 3080, 6250, 3802, 10240, 95, 98
2026/07/30 23:18:25.867, 0, NVIDIA GeForce RTX 3080, 6250, 3802, 10240, 95, 98
2026/07/30 23:18:25.979, 0, NVIDIA GeForce RTX 3080, 6250, 3802, 10240, 95, 98
2026/07/30 23:18:26.091, 0, NVIDIA GeForce RTX 3080, 6250, 3802, 10240, 95, 98
2026/07/30 23:18:26.201, 0, NVIDIA GeForce RTX 3080, 6250, 3802, 10240, 95, 98
2026/07/30 23:18:26.310, 0, NVIDIA GeForce RTX 3080, 6250, 3802, 10240, 96, 97
2026/07/30 23:18:26.420, 0, NVIDIA GeForce RTX 3080, 6250, 3802, 10240, 96, 97
2026/07/30 23:18:26.530, 0, NVIDIA GeForce RTX 3080, 6250, 3802, 10240, 96, 97
2026/07/30 23:18:26.641, 0, NVIDIA GeForce RTX 3080, 6250, 3802, 10240, 96, 97
2026/07/30 23:18:26.753, 0, NVIDIA GeForce RTX 3080, 6250, 3802, 10240, 96, 97
2026/07/30 23:18:26.864, 0, NVIDIA GeForce RTX 3080, 6250, 3802, 10240, 96, 97
2026/07/30 23:18:26.976, 0, NVIDIA GeForce RTX 3080, 6250, 3802, 10240, 96, 97
2026/07/30 23:18:27.088, 0, NVIDIA GeForce RTX 3080, 6250, 3802, 10240, 96, 97
2026/07/30 23:18:27.200, 0, NVIDIA GeForce RTX 3080, 6250, 3802, 10240, 96, 97
2026/07/30 23:18:27.312, 0, NVIDIA GeForce RTX 3080, 6250, 3802, 10240, 97, 98
2026/07/30 23:18:27.424, 0, NVIDIA GeForce RTX 3080, 6250, 3802, 10240, 97, 98
2026/07/30 23:18:27.536, 0, NVIDIA GeForce RTX 3080, 6250, 3802, 10240, 97, 98
2026/07/30 23:18:27.648, 0, NVIDIA GeForce RTX 3080, 6250, 3802, 10240, 97, 98
2026/07/30 23:18:27.760, 0, NVIDIA GeForce RTX 3080, 6250, 3802, 10240, 97, 98
2026/07/30 23:18:27.871, 0, NVIDIA GeForce RTX 3080, 6250, 3802, 10240, 97, 98
2026/07/30 23:18:27.983, 0, NVIDIA GeForce RTX 3080, 6250, 3802, 10240, 97, 98
2026/07/30 23:18:28.094, 0, NVIDIA GeForce RTX 3080, 6250, 3802, 10240, 97, 98
2026/07/30 23:18:28.204, 0, NVIDIA GeForce RTX 3080, 6250, 3802, 10240, 97, 98
2026/07/30 23:18:28.316, 0, NVIDIA GeForce RTX 3080, 6250, 3802, 10240, 95, 98
2026/07/30 23:18:28.428, 0, NVIDIA GeForce RTX 3080, 6250, 3802, 10240, 95, 98
2026/07/30 23:18:28.540, 0, NVIDIA GeForce RTX 3080, 6250, 3802, 10240, 95, 98
2026/07/30 23:18:28.651, 0, NVIDIA GeForce RTX 3080, 6250, 3802, 10240, 95, 98
2026/07/30 23:18:28.763, 0, NVIDIA GeForce RTX 3080, 6250, 3802, 10240, 95, 98
2026/07/30 23:18:28.874, 0, NVIDIA GeForce RTX 3080, 6250, 3802, 10240, 95, 98
2026/07/30 23:18:28.986, 0, NVIDIA GeForce RTX 3080, 6250, 3802, 10240, 95, 98
2026/07/30 23:18:29.098, 0, NVIDIA GeForce RTX 3080, 6250, 3802, 10240, 95, 98
2026/07/30 23:18:29.210, 0, NVIDIA GeForce RTX 3080, 6250, 3802, 10240, 95, 98
2026/07/30 23:18:29.322, 0, NVIDIA GeForce RTX 3080, 6250, 3802, 10240, 95, 98
2026/07/30 23:18:29.434, 0, NVIDIA GeForce RTX 3080, 6250, 3802, 10240, 95, 98
2026/07/30 23:18:29.546, 0, NVIDIA GeForce RTX 3080, 6250, 3802, 10240, 95, 98
2026/07/30 23:18:29.658, 0, NVIDIA GeForce RTX 3080, 6250, 3802, 10240, 95, 98
2026/07/30 23:18:29.770, 0, NVIDIA GeForce RTX 3080, 6250, 3802, 10240, 96, 98
2026/07/30 23:18:29.882, 0, NVIDIA GeForce RTX 3080, 6250, 3802, 10240, 96, 98
2026/07/30 23:18:29.994, 0, NVIDIA GeForce RTX 3080, 6250, 3802, 10240, 96, 98
2026/07/30 23:18:30.106, 0, NVIDIA GeForce RTX 3080, 6250, 3802, 10240, 96, 98
2026/07/30 23:18:30.217, 0, NVIDIA GeForce RTX 3080, 6250, 3802, 10240, 96, 98
2026/07/30 23:18:30.329, 0, NVIDIA GeForce RTX 3080, 6250, 3802, 10240, 97, 98
2026/07/30 23:18:30.441, 0, NVIDIA GeForce RTX 3080, 6250, 3802, 10240, 97, 98
2026/07/30 23:18:30.552, 0, NVIDIA GeForce RTX 3080, 6250, 3802, 10240, 97, 98
2026/07/30 23:18:30.665, 0, NVIDIA GeForce RTX 3080, 6250, 3802, 10240, 97, 98
2026/07/30 23:18:30.777, 0, NVIDIA GeForce RTX 3080, 6250, 3802, 10240, 97, 98
2026/07/30 23:18:30.888, 0, NVIDIA GeForce RTX 3080, 6250, 3802, 10240, 97, 98
2026/07/30 23:18:31.000, 0, NVIDIA GeForce RTX 3080, 6250, 3802, 10240, 97, 98
2026/07/30 23:18:31.112, 0, NVIDIA GeForce RTX 3080, 6250, 3802, 10240, 97, 98
2026/07/30 23:18:31.224, 0, NVIDIA GeForce RTX 3080, 6250, 3802, 10240, 97, 98
2026/07/30 23:18:31.336, 0, NVIDIA GeForce RTX 3080, 6250, 3802, 10240, 97, 98
2026/07/30 23:18:31.448, 0, NVIDIA GeForce RTX 3080, 6250, 3802, 10240, 97, 98
2026/07/30 23:18:31.560, 0, NVIDIA GeForce RTX 3080, 6250, 3802, 10240, 97, 98
2026/07/30 23:18:31.672, 0, NVIDIA GeForce RTX 3080, 6250, 3802, 10240, 97, 98
2026/07/30 23:18:31.783, 0, NVIDIA GeForce RTX 3080, 6250, 3802, 10240, 97, 98
2026/07/30 23:18:31.894, 0, NVIDIA GeForce RTX 3080, 6250, 3802, 10240, 97, 98
2026/07/30 23:18:32.005, 0, NVIDIA GeForce RTX 3080, 6250, 3802, 10240, 97, 98
2026/07/30 23:18:32.117, 0, NVIDIA GeForce RTX 3080, 6250, 3802, 10240, 97, 98
2026/07/30 23:18:32.229, 0, NVIDIA GeForce RTX 3080, 6250, 3802, 10240, 97, 98
2026/07/30 23:18:32.341, 0, NVIDIA GeForce RTX 3080, 6250, 3802, 10240, 93, 96
2026/07/30 23:18:32.453, 0, NVIDIA GeForce RTX 3080, 6250, 3802, 10240, 93, 96
2026/07/30 23:18:32.564, 0, NVIDIA GeForce RTX 3080, 6250, 3802, 10240, 93, 96
2026/07/30 23:18:32.675, 0, NVIDIA GeForce RTX 3080, 6250, 3802, 10240, 93, 96
2026/07/30 23:18:32.787, 0, NVIDIA GeForce RTX 3080, 6250, 3802, 10240, 94, 97
2026/07/30 23:18:32.899, 0, NVIDIA GeForce RTX 3080, 6250, 3802, 10240, 94, 97
2026/07/30 23:18:33.011, 0, NVIDIA GeForce RTX 3080, 6250, 3802, 10240, 94, 97
2026/07/30 23:18:33.122, 0, NVIDIA GeForce RTX 3080, 6250, 3802, 10240, 94, 97
2026/07/30 23:18:33.233, 0, NVIDIA GeForce RTX 3080, 6250, 3802, 10240, 94, 97
2026/07/30 23:18:33.345, 0, NVIDIA GeForce RTX 3080, 6250, 3802, 10240, 95, 97
2026/07/30 23:18:33.457, 0, NVIDIA GeForce RTX 3080, 6250, 3802, 10240, 95, 97
2026/07/30 23:18:33.569, 0, NVIDIA GeForce RTX 3080, 6250, 3802, 10240, 95, 97
2026/07/30 23:18:33.680, 0, NVIDIA GeForce RTX 3080, 6250, 3802, 10240, 95, 97
2026/07/30 23:18:33.791, 0, NVIDIA GeForce RTX 3080, 6250, 3802, 10240, 95, 98
2026/07/30 23:18:33.903, 0, NVIDIA GeForce RTX 3080, 6250, 3802, 10240, 95, 98
2026/07/30 23:18:34.015, 0, NVIDIA GeForce RTX 3080, 6250, 3802, 10240, 95, 98
2026/07/30 23:18:34.127, 0, NVIDIA GeForce RTX 3080, 6250, 3802, 10240, 95, 98
2026/07/30 23:18:34.238, 0, NVIDIA GeForce RTX 3080, 6250, 3802, 10240, 96, 98
2026/07/30 23:18:34.350, 0, NVIDIA GeForce RTX 3080, 6250, 3802, 10240, 96, 98
2026/07/30 23:18:34.462, 0, NVIDIA GeForce RTX 3080, 6250, 3802, 10240, 96, 98
2026/07/30 23:18:34.574, 0, NVIDIA GeForce RTX 3080, 6250, 3802, 10240, 96, 98
2026/07/30 23:18:34.686, 0, NVIDIA GeForce RTX 3080, 6250, 3802, 10240, 96, 98
2026/07/30 23:18:34.798, 0, NVIDIA GeForce RTX 3080, 6250, 3802, 10240, 97, 98
2026/07/30 23:18:34.910, 0, NVIDIA GeForce RTX 3080, 6250, 3802, 10240, 97, 98
2026/07/30 23:18:35.023, 0, NVIDIA GeForce RTX 3080, 6250, 3802, 10240, 97, 98
2026/07/30 23:18:35.135, 0, NVIDIA GeForce RTX 3080, 6250, 3802, 10240, 97, 98
2026/07/30 23:18:35.247, 0, NVIDIA GeForce RTX 3080, 6250, 3802, 10240, 96, 97
2026/07/30 23:18:35.359, 0, NVIDIA GeForce RTX 3080, 6250, 3802, 10240, 96, 97
2026/07/30 23:18:35.471, 0, NVIDIA GeForce RTX 3080, 6250, 3802, 10240, 96, 97
2026/07/30 23:18:35.583, 0, NVIDIA GeForce RTX 3080, 6250, 3802, 10240, 96, 97
2026/07/30 23:18:35.695, 0, NVIDIA GeForce RTX 3080, 6250, 3802, 10240, 96, 97
2026/07/30 23:18:35.807, 0, NVIDIA GeForce RTX 3080, 6250, 3802, 10240, 96, 97
2026/07/30 23:18:35.919, 0, NVIDIA GeForce RTX 3080, 6250, 3802, 10240, 96, 97
2026/07/30 23:18:36.031, 0, NVIDIA GeForce RTX 3080, 6250, 3802, 10240, 96, 97
2026/07/30 23:18:36.142, 0, NVIDIA GeForce RTX 3080, 6250, 3802, 10240, 96, 97
2026/07/30 23:18:36.254, 0, NVIDIA GeForce RTX 3080, 6250, 3802, 10240, 95, 96
2026/07/30 23:18:36.366, 0, NVIDIA GeForce RTX 3080, 6250, 3802, 10240, 95, 96
2026/07/30 23:18:36.478, 0, NVIDIA GeForce RTX 3080, 6250, 3802, 10240, 95, 96
2026/07/30 23:18:36.590, 0, NVIDIA GeForce RTX 3080, 6250, 3802, 10240, 95, 96
2026/07/30 23:18:36.702, 0, NVIDIA GeForce RTX 3080, 6250, 3802, 10240, 95, 96
2026/07/30 23:18:36.814, 0, NVIDIA GeForce RTX 3080, 6250, 3802, 10240, 98, 98
2026/07/30 23:18:36.926, 0, NVIDIA GeForce RTX 3080, 6250, 3802, 10240, 98, 98
2026/07/30 23:18:37.037, 0, NVIDIA GeForce RTX 3080, 6250, 3802, 10240, 98, 98
2026/07/30 23:18:37.149, 0, NVIDIA GeForce RTX 3080, 6250, 3802, 10240, 98, 98
2026/07/30 23:18:37.261, 0, NVIDIA GeForce RTX 3080, 6250, 3802, 10240, 98, 98
2026/07/30 23:18:37.373, 0, NVIDIA GeForce RTX 3080, 6250, 3802, 10240, 98, 98
2026/07/30 23:18:37.485, 0, NVIDIA GeForce RTX 3080, 6250, 3802, 10240, 98, 98
2026/07/30 23:18:37.596, 0, NVIDIA GeForce RTX 3080, 6250, 3802, 10240, 98, 98
2026/07/30 23:18:37.708, 0, NVIDIA GeForce RTX 3080, 6250, 3802, 10240, 98, 98
2026/07/30 23:18:37.820, 0, NVIDIA GeForce RTX 3080, 6250, 3802, 10240, 98, 98
2026/07/30 23:18:37.930, 0, NVIDIA GeForce RTX 3080, 6250, 3802, 10240, 98, 98
2026/07/30 23:18:38.041, 0, NVIDIA GeForce RTX 3080, 6250, 3802, 10240, 98, 98
2026/07/30 23:18:38.153, 0, NVIDIA GeForce RTX 3080, 6250, 3802, 10240, 98, 98
2026/07/30 23:18:38.264, 0, NVIDIA GeForce RTX 3080, 6250, 3802, 10240, 95, 97
2026/07/30 23:18:38.376, 0, NVIDIA GeForce RTX 3080, 6250, 3802, 10240, 95, 97
2026/07/30 23:18:38.488, 0, NVIDIA GeForce RTX 3080, 6250, 3802, 10240, 95, 97
2026/07/30 23:18:38.600, 0, NVIDIA GeForce RTX 3080, 6250, 3802, 10240, 95, 97
2026/07/30 23:18:38.712, 0, NVIDIA GeForce RTX 3080, 6250, 3802, 10240, 95, 97
2026/07/30 23:18:38.825, 0, NVIDIA GeForce RTX 3080, 6250, 3802, 10240, 95, 98
2026/07/30 23:18:38.936, 0, NVIDIA GeForce RTX 3080, 6250, 3802, 10240, 95, 98
2026/07/30 23:18:39.048, 0, NVIDIA GeForce RTX 3080, 6250, 3802, 10240, 95, 98
2026/07/30 23:18:39.158, 0, NVIDIA GeForce RTX 3080, 6250, 3802, 10240, 95, 98
2026/07/30 23:18:39.268, 0, NVIDIA GeForce RTX 3080, 6250, 3802, 10240, 95, 98
2026/07/30 23:18:39.378, 0, NVIDIA GeForce RTX 3080, 6250, 3802, 10240, 95, 98
2026/07/30 23:18:39.489, 0, NVIDIA GeForce RTX 3080, 6250, 3802, 10240, 95, 98
2026/07/30 23:18:39.597, 0, NVIDIA GeForce RTX 3080, 6250, 3802, 10240, 95, 98
2026/07/30 23:18:39.707, 0, NVIDIA GeForce RTX 3080, 6250, 3802, 10240, 95, 98
2026/07/30 23:18:39.818, 0, NVIDIA GeForce RTX 3080, 6250, 3802, 10240, 94, 96
2026/07/30 23:18:39.930, 0, NVIDIA GeForce RTX 3080, 6250, 3802, 10240, 94, 96
2026/07/30 23:18:40.042, 0, NVIDIA GeForce RTX 3080, 6250, 3802, 10240, 94, 96
2026/07/30 23:18:40.152, 0, NVIDIA GeForce RTX 3080, 6250, 3802, 10240, 94, 96
2026/07/30 23:18:40.263, 0, NVIDIA GeForce RTX 3080, 6250, 3802, 10240, 97, 97
2026/07/30 23:18:40.375, 0, NVIDIA GeForce RTX 3080, 6250, 3802, 10240, 97, 97
2026/07/30 23:18:40.487, 0, NVIDIA GeForce RTX 3080, 6250, 3802, 10240, 97, 97
2026/07/30 23:18:40.597, 0, NVIDIA GeForce RTX 3080, 6250, 3802, 10240, 97, 97
2026/07/30 23:18:40.708, 0, NVIDIA GeForce RTX 3080, 6250, 3802, 10240, 97, 97
2026/07/30 23:18:40.820, 0, NVIDIA GeForce RTX 3080, 6250, 3802, 10240, 97, 97
2026/07/30 23:18:40.931, 0, NVIDIA GeForce RTX 3080, 6250, 3802, 10240, 97, 97
2026/07/30 23:18:41.044, 0, NVIDIA GeForce RTX 3080, 6250, 3802, 10240, 97, 97
2026/07/30 23:18:41.152, 0, NVIDIA GeForce RTX 3080, 6250, 3802, 10240, 97, 97
2026/07/30 23:18:41.261, 0, NVIDIA GeForce RTX 3080, 6250, 3802, 10240, 97, 97
2026/07/30 23:18:41.370, 0, NVIDIA GeForce RTX 3080, 6250, 3802, 10240, 97, 97
2026/07/30 23:18:41.480, 0, NVIDIA GeForce RTX 3080, 6250, 3802, 10240, 97, 97
2026/07/30 23:18:41.591, 0, NVIDIA GeForce RTX 3080, 6250, 3802, 10240, 97, 97
2026/07/30 23:18:41.703, 0, NVIDIA GeForce RTX 3080, 6250, 3802, 10240, 97, 97
2026/07/30 23:18:41.815, 0, NVIDIA GeForce RTX 3080, 6250, 3802, 10240, 97, 98
2026/07/30 23:18:41.926, 0, NVIDIA GeForce RTX 3080, 6250, 3802, 10240, 97, 98
2026/07/30 23:18:42.038, 0, NVIDIA GeForce RTX 3080, 6250, 3802, 10240, 97, 98
2026/07/30 23:18:42.150, 0, NVIDIA GeForce RTX 3080, 6250, 3802, 10240, 97, 98
2026/07/30 23:18:42.262, 0, NVIDIA GeForce RTX 3080, 6250, 3802, 10240, 96, 98
2026/07/30 23:18:42.374, 0, NVIDIA GeForce RTX 3080, 6250, 3802, 10240, 96, 98
2026/07/30 23:18:42.486, 0, NVIDIA GeForce RTX 3080, 6250, 3802, 10240, 96, 98
2026/07/30 23:18:42.598, 0, NVIDIA GeForce RTX 3080, 6250, 3802, 10240, 96, 98
2026/07/30 23:18:42.710, 0, NVIDIA GeForce RTX 3080, 6250, 3802, 10240, 96, 98
2026/07/30 23:18:42.822, 0, NVIDIA GeForce RTX 3080, 6250, 3802, 10240, 95, 98
2026/07/30 23:18:42.934, 0, NVIDIA GeForce RTX 3080, 6250, 3802, 10240, 95, 98
2026/07/30 23:18:43.046, 0, NVIDIA GeForce RTX 3080, 6250, 3802, 10240, 95, 98
2026/07/30 23:18:43.158, 0, NVIDIA GeForce RTX 3080, 6250, 3802, 10240, 95, 98
2026/07/30 23:18:43.270, 0, NVIDIA GeForce RTX 3080, 6250, 3802, 10240, 95, 98
2026/07/30 23:18:43.382, 0, NVIDIA GeForce RTX 3080, 6250, 3802, 10240, 95, 98
2026/07/30 23:18:43.493, 0, NVIDIA GeForce RTX 3080, 6250, 3802, 10240, 95, 98
2026/07/30 23:18:43.605, 0, NVIDIA GeForce RTX 3080, 6250, 3802, 10240, 95, 98
2026/07/30 23:18:43.717, 0, NVIDIA GeForce RTX 3080, 6250, 3802, 10240, 95, 98
2026/07/30 23:18:43.829, 0, NVIDIA GeForce RTX 3080, 6250, 3802, 10240, 96, 98
2026/07/30 23:18:43.941, 0, NVIDIA GeForce RTX 3080, 6250, 3802, 10240, 96, 98
2026/07/30 23:18:44.053, 0, NVIDIA GeForce RTX 3080, 6250, 3802, 10240, 96, 98
2026/07/30 23:18:44.165, 0, NVIDIA GeForce RTX 3080, 6250, 3802, 10240, 96, 98
2026/07/30 23:18:44.277, 0, NVIDIA GeForce RTX 3080, 6250, 3802, 10240, 97, 98
2026/07/30 23:18:44.389, 0, NVIDIA GeForce RTX 3080, 6250, 3802, 10240, 97, 98
2026/07/30 23:18:44.501, 0, NVIDIA GeForce RTX 3080, 6250, 3802, 10240, 97, 98
2026/07/30 23:18:44.612, 0, NVIDIA GeForce RTX 3080, 6250, 3802, 10240, 97, 98
2026/07/30 23:18:44.724, 0, NVIDIA GeForce RTX 3080, 6250, 3802, 10240, 97, 98
2026/07/30 23:18:44.836, 0, NVIDIA GeForce RTX 3080, 6250, 3802, 10240, 97, 98
2026/07/30 23:18:44.948, 0, NVIDIA GeForce RTX 3080, 6250, 3802, 10240, 97, 98
2026/07/30 23:18:45.059, 0, NVIDIA GeForce RTX 3080, 6250, 3802, 10240, 97, 98
2026/07/30 23:18:45.171, 0, NVIDIA GeForce RTX 3080, 6250, 3802, 10240, 97, 98
2026/07/30 23:18:45.283, 0, NVIDIA GeForce RTX 3080, 6250, 3802, 10240, 97, 98
2026/07/30 23:18:45.395, 0, NVIDIA GeForce RTX 3080, 6250, 3802, 10240, 97, 98
2026/07/30 23:18:45.507, 0, NVIDIA GeForce RTX 3080, 6250, 3802, 10240, 97, 98
2026/07/30 23:18:45.619, 0, NVIDIA GeForce RTX 3080, 6250, 3802, 10240, 97, 98
2026/07/30 23:18:45.732, 0, NVIDIA GeForce RTX 3080, 6250, 3802, 10240, 97, 98
2026/07/30 23:18:45.844, 0, NVIDIA GeForce RTX 3080, 6250, 3802, 10240, 97, 98
2026/07/30 23:18:45.956, 0, NVIDIA GeForce RTX 3080, 6250, 3802, 10240, 97, 98
2026/07/30 23:18:46.067, 0, NVIDIA GeForce RTX 3080, 6250, 3802, 10240, 97, 98
2026/07/30 23:18:46.177, 0, NVIDIA GeForce RTX 3080, 6250, 3802, 10240, 97, 98
2026/07/30 23:18:46.287, 0, NVIDIA GeForce RTX 3080, 6250, 3802, 10240, 93, 96
2026/07/30 23:18:46.397, 0, NVIDIA GeForce RTX 3080, 6250, 3802, 10240, 93, 96
2026/07/30 23:18:46.507, 0, NVIDIA GeForce RTX 3080, 6250, 3802, 10240, 93, 96
2026/07/30 23:18:46.619, 0, NVIDIA GeForce RTX 3080, 6250, 3802, 10240, 93, 96
2026/07/30 23:18:46.731, 0, NVIDIA GeForce RTX 3080, 6250, 3802, 10240, 93, 96
2026/07/30 23:18:46.843, 0, NVIDIA GeForce RTX 3080, 6250, 3802, 10240, 95, 98
2026/07/30 23:18:46.955, 0, NVIDIA GeForce RTX 3080, 6250, 3802, 10240, 95, 98
2026/07/30 23:18:47.067, 0, NVIDIA GeForce RTX 3080, 6250, 3802, 10240, 95, 98
2026/07/30 23:18:47.179, 0, NVIDIA GeForce RTX 3080, 6250, 3802, 10240, 95, 98
2026/07/30 23:18:47.290, 0, NVIDIA GeForce RTX 3080, 6250, 3802, 10240, 96, 98
2026/07/30 23:18:47.402, 0, NVIDIA GeForce RTX 3080, 6250, 3802, 10240, 96, 98
2026/07/30 23:18:47.514, 0, NVIDIA GeForce RTX 3080, 6250, 3802, 10240, 96, 98
2026/07/30 23:18:47.626, 0, NVIDIA GeForce RTX 3080, 6250, 3802, 10240, 96, 98
2026/07/30 23:18:47.738, 0, NVIDIA GeForce RTX 3080, 6250, 3802, 10240, 95, 98
2026/07/30 23:18:47.850, 0, NVIDIA GeForce RTX 3080, 6250, 3802, 10240, 95, 98
2026/07/30 23:18:47.962, 0, NVIDIA GeForce RTX 3080, 6250, 3802, 10240, 95, 98
2026/07/30 23:18:48.074, 0, NVIDIA GeForce RTX 3080, 6250, 3802, 10240, 95, 98
2026/07/30 23:18:48.184, 0, NVIDIA GeForce RTX 3080, 6250, 3802, 10240, 95, 98
2026/07/30 23:18:48.296, 0, NVIDIA GeForce RTX 3080, 6250, 3802, 10240, 95, 98
2026/07/30 23:18:48.408, 0, NVIDIA GeForce RTX 3080, 6250, 3802, 10240, 95, 98
2026/07/30 23:18:48.521, 0, NVIDIA GeForce RTX 3080, 6250, 3802, 10240, 95, 98
2026/07/30 23:18:48.633, 0, NVIDIA GeForce RTX 3080, 6250, 3802, 10240, 95, 98
2026/07/30 23:18:48.745, 0, NVIDIA GeForce RTX 3080, 6250, 3802, 10240, 96, 98
2026/07/30 23:18:48.857, 0, NVIDIA GeForce RTX 3080, 6250, 3802, 10240, 96, 98
2026/07/30 23:18:48.967, 0, NVIDIA GeForce RTX 3080, 6250, 3802, 10240, 96, 98
2026/07/30 23:18:49.079, 0, NVIDIA GeForce RTX 3080, 6250, 3802, 10240, 96, 98
2026/07/30 23:18:49.189, 0, NVIDIA GeForce RTX 3080, 6250, 3802, 10240, 96, 98
2026/07/30 23:18:49.301, 0, NVIDIA GeForce RTX 3080, 6250, 3802, 10240, 96, 97
2026/07/30 23:18:49.413, 0, NVIDIA GeForce RTX 3080, 6250, 3802, 10240, 96, 97
2026/07/30 23:18:49.525, 0, NVIDIA GeForce RTX 3080, 6250, 3802, 10240, 96, 97
2026/07/30 23:18:49.637, 0, NVIDIA GeForce RTX 3080, 6250, 3802, 10240, 96, 97
2026/07/30 23:18:49.749, 0, NVIDIA GeForce RTX 3080, 6250, 3802, 10240, 96, 97
2026/07/30 23:18:49.861, 0, NVIDIA GeForce RTX 3080, 6250, 3802, 10240, 96, 97
2026/07/30 23:18:49.973, 0, NVIDIA GeForce RTX 3080, 6250, 3802, 10240, 96, 97
2026/07/30 23:18:50.085, 0, NVIDIA GeForce RTX 3080, 6250, 3802, 10240, 96, 97
2026/07/30 23:18:50.196, 0, NVIDIA GeForce RTX 3080, 6250, 3802, 10240, 96, 97
2026/07/30 23:18:50.308, 0, NVIDIA GeForce RTX 3080, 6250, 3802, 10240, 94, 95
2026/07/30 23:18:50.420, 0, NVIDIA GeForce RTX 3080, 6250, 3802, 10240, 94, 95
2026/07/30 23:18:50.532, 0, NVIDIA GeForce RTX 3080, 6250, 3802, 10240, 94, 95
2026/07/30 23:18:50.644, 0, NVIDIA GeForce RTX 3080, 6250, 3802, 10240, 94, 95
2026/07/30 23:18:50.756, 0, NVIDIA GeForce RTX 3080, 6250, 3802, 10240, 97, 97
2026/07/30 23:18:50.867, 0, NVIDIA GeForce RTX 3080, 6250, 3802, 10240, 97, 97
2026/07/30 23:18:50.979, 0, NVIDIA GeForce RTX 3080, 6250, 3802, 10240, 97, 97
2026/07/30 23:18:51.090, 0, NVIDIA GeForce RTX 3080, 6250, 3802, 10240, 97, 97
2026/07/30 23:18:51.202, 0, NVIDIA GeForce RTX 3080, 6250, 3802, 10240, 97, 97
2026/07/30 23:18:51.314, 0, NVIDIA GeForce RTX 3080, 6250, 3802, 10240, 98, 98
2026/07/30 23:18:51.426, 0, NVIDIA GeForce RTX 3080, 6250, 3802, 10240, 98, 98
2026/07/30 23:18:51.538, 0, NVIDIA GeForce RTX 3080, 6250, 3802, 10240, 98, 98
2026/07/30 23:18:51.650, 0, NVIDIA GeForce RTX 3080, 6250, 3802, 10240, 98, 98
2026/07/30 23:18:51.762, 0, NVIDIA GeForce RTX 3080, 6250, 3802, 10240, 98, 97
2026/07/30 23:18:51.874, 0, NVIDIA GeForce RTX 3080, 6250, 3802, 10240, 98, 97
2026/07/30 23:18:51.986, 0, NVIDIA GeForce RTX 3080, 6250, 3802, 10240, 98, 97
2026/07/30 23:18:52.098, 0, NVIDIA GeForce RTX 3080, 6250, 3802, 10240, 98, 97
2026/07/30 23:18:52.210, 0, NVIDIA GeForce RTX 3080, 6250, 3802, 10240, 98, 97
2026/07/30 23:18:52.320, 0, NVIDIA GeForce RTX 3080, 6250, 3802, 10240, 95, 98
2026/07/30 23:18:52.432, 0, NVIDIA GeForce RTX 3080, 6250, 3802, 10240, 95, 98
2026/07/30 23:18:52.542, 0, NVIDIA GeForce RTX 3080, 6250, 3802, 10240, 95, 98
2026/07/30 23:18:52.654, 0, NVIDIA GeForce RTX 3080, 6250, 3802, 10240, 95, 98
2026/07/30 23:18:52.766, 0, NVIDIA GeForce RTX 3080, 6250, 3802, 10240, 96, 98
2026/07/30 23:18:52.878, 0, NVIDIA GeForce RTX 3080, 6250, 3802, 10240, 96, 98
2026/07/30 23:18:52.990, 0, NVIDIA GeForce RTX 3080, 6250, 3802, 10240, 96, 98
2026/07/30 23:18:53.101, 0, NVIDIA GeForce RTX 3080, 6250, 3802, 10240, 96, 98
2026/07/30 23:18:53.210, 0, NVIDIA GeForce RTX 3080, 6250, 3802, 10240, 96, 98
2026/07/30 23:18:53.321, 0, NVIDIA GeForce RTX 3080, 6250, 3802, 10240, 93, 95
2026/07/30 23:18:53.433, 0, NVIDIA GeForce RTX 3080, 6250, 3802, 10240, 93, 95
2026/07/30 23:18:53.545, 0, NVIDIA GeForce RTX 3080, 6250, 3802, 10240, 93, 95
2026/07/30 23:18:53.657, 0, NVIDIA GeForce RTX 3080, 6250, 3802, 10240, 93, 95
2026/07/30 23:18:53.769, 0, NVIDIA GeForce RTX 3080, 6250, 3802, 10240, 95, 98
2026/07/30 23:18:53.880, 0, NVIDIA GeForce RTX 3080, 6250, 3802, 10240, 95, 98
2026/07/30 23:18:53.992, 0, NVIDIA GeForce RTX 3080, 6250, 3802, 10240, 95, 98
2026/07/30 23:18:54.104, 0, NVIDIA GeForce RTX 3080, 6250, 3802, 10240, 95, 98
2026/07/30 23:18:54.214, 0, NVIDIA GeForce RTX 3080, 6250, 3802, 10240, 95, 98
2026/07/30 23:18:54.326, 0, NVIDIA GeForce RTX 3080, 6250, 3802, 10240, 97, 98
2026/07/30 23:18:54.438, 0, NVIDIA GeForce RTX 3080, 6250, 3802, 10240, 97, 98
2026/07/30 23:18:54.550, 0, NVIDIA GeForce RTX 3080, 6250, 3802, 10240, 97, 98
2026/07/30 23:18:54.662, 0, NVIDIA GeForce RTX 3080, 6250, 3802, 10240, 97, 98
2026/07/30 23:18:54.774, 0, NVIDIA GeForce RTX 3080, 6250, 3802, 10240, 97, 98
2026/07/30 23:18:54.886, 0, NVIDIA GeForce RTX 3080, 6250, 3802, 10240, 97, 98
2026/07/30 23:18:54.998, 0, NVIDIA GeForce RTX 3080, 6250, 3802, 10240, 97, 98
2026/07/30 23:18:55.110, 0, NVIDIA GeForce RTX 3080, 6250, 3802, 10240, 97, 98
2026/07/30 23:18:55.222, 0, NVIDIA GeForce RTX 3080, 6250, 3802, 10240, 97, 98
2026/07/30 23:18:55.334, 0, NVIDIA GeForce RTX 3080, 6250, 3802, 10240, 97, 98
2026/07/30 23:18:55.445, 0, NVIDIA GeForce RTX 3080, 6250, 3802, 10240, 97, 98
2026/07/30 23:18:55.556, 0, NVIDIA GeForce RTX 3080, 6250, 3802, 10240, 97, 98
2026/07/30 23:18:55.668, 0, NVIDIA GeForce RTX 3080, 6250, 3802, 10240, 97, 98
2026/07/30 23:18:55.780, 0, NVIDIA GeForce RTX 3080, 6250, 3802, 10240, 97, 98
2026/07/30 23:18:55.892, 0, NVIDIA GeForce RTX 3080, 6250, 3802, 10240, 97, 98
2026/07/30 23:18:56.004, 0, NVIDIA GeForce RTX 3080, 6250, 3802, 10240, 97, 98
2026/07/30 23:18:56.116, 0, NVIDIA GeForce RTX 3080, 6250, 3802, 10240, 97, 98
2026/07/30 23:18:56.227, 0, NVIDIA GeForce RTX 3080, 6250, 3802, 10240, 97, 98
2026/07/30 23:18:56.339, 0, NVIDIA GeForce RTX 3080, 6250, 3802, 10240, 95, 98
2026/07/30 23:18:56.451, 0, NVIDIA GeForce RTX 3080, 6250, 3802, 10240, 95, 98
2026/07/30 23:18:56.563, 0, NVIDIA GeForce RTX 3080, 6250, 3802, 10240, 95, 98
2026/07/30 23:18:56.674, 0, NVIDIA GeForce RTX 3080, 6250, 3802, 10240, 95, 98
2026/07/30 23:18:56.784, 0, NVIDIA GeForce RTX 3080, 6250, 3802, 10240, 96, 98
2026/07/30 23:18:56.896, 0, NVIDIA GeForce RTX 3080, 6250, 3802, 10240, 96, 98
2026/07/30 23:18:57.008, 0, NVIDIA GeForce RTX 3080, 6250, 3802, 10240, 96, 98
2026/07/30 23:18:57.119, 0, NVIDIA GeForce RTX 3080, 6250, 3802, 10240, 96, 98
2026/07/30 23:18:57.231, 0, NVIDIA GeForce RTX 3080, 6250, 3802, 10240, 96, 98
2026/07/30 23:18:57.342, 0, NVIDIA GeForce RTX 3080, 6250, 3802, 10240, 95, 98
2026/07/30 23:18:57.454, 0, NVIDIA GeForce RTX 3080, 6250, 3802, 10240, 95, 98
2026/07/30 23:18:57.566, 0, NVIDIA GeForce RTX 3080, 6250, 3802, 10240, 95, 98
2026/07/30 23:18:57.678, 0, NVIDIA GeForce RTX 3080, 6250, 3802, 10240, 95, 98
2026/07/30 23:18:57.789, 0, NVIDIA GeForce RTX 3080, 6250, 3802, 10240, 96, 98
2026/07/30 23:18:57.898, 0, NVIDIA GeForce RTX 3080, 6250, 3802, 10240, 96, 98
2026/07/30 23:18:58.008, 0, NVIDIA GeForce RTX 3080, 6250, 3802, 10240, 96, 98
2026/07/30 23:18:58.120, 0, NVIDIA GeForce RTX 3080, 6250, 3802, 10240, 96, 98
2026/07/30 23:18:58.231, 0, NVIDIA GeForce RTX 3080, 6250, 3802, 10240, 96, 98
2026/07/30 23:18:58.342, 0, NVIDIA GeForce RTX 3080, 6250, 3802, 10240, 97, 98
2026/07/30 23:18:58.454, 0, NVIDIA GeForce RTX 3080, 6250, 3802, 10240, 97, 98
2026/07/30 23:18:58.566, 0, NVIDIA GeForce RTX 3080, 6250, 3802, 10240, 97, 98
2026/07/30 23:18:58.678, 0, NVIDIA GeForce RTX 3080, 6250, 3802, 10240, 97, 98
2026/07/30 23:18:58.790, 0, NVIDIA GeForce RTX 3080, 6250, 3802, 10240, 97, 98
2026/07/30 23:18:58.901, 0, NVIDIA GeForce RTX 3080, 6250, 3802, 10240, 97, 98
2026/07/30 23:18:59.012, 0, NVIDIA GeForce RTX 3080, 6250, 3802, 10240, 97, 98
2026/07/30 23:18:59.124, 0, NVIDIA GeForce RTX 3080, 6250, 3802, 10240, 97, 98
2026/07/30 23:18:59.234, 0, NVIDIA GeForce RTX 3080, 6250, 3802, 10240, 97, 98
2026/07/30 23:18:59.342, 0, NVIDIA GeForce RTX 3080, 6250, 3802, 10240, 97, 98
2026/07/30 23:18:59.452, 0, NVIDIA GeForce RTX 3080, 6250, 3802, 10240, 97, 98
2026/07/30 23:18:59.562, 0, NVIDIA GeForce RTX 3080, 6250, 3802, 10240, 97, 98
2026/07/30 23:18:59.670, 0, NVIDIA GeForce RTX 3080, 6250, 3802, 10240, 97, 98
2026/07/30 23:18:59.779, 0, NVIDIA GeForce RTX 3080, 6250, 3802, 10240, 97, 98
2026/07/30 23:18:59.891, 0, NVIDIA GeForce RTX 3080, 6250, 3802, 10240, 97, 98
2026/07/30 23:19:00.003, 0, NVIDIA GeForce RTX 3080, 6250, 3802, 10240, 97, 98
2026/07/30 23:19:00.115, 0, NVIDIA GeForce RTX 3080, 6250, 3802, 10240, 97, 98
2026/07/30 23:19:00.227, 0, NVIDIA GeForce RTX 3080, 6250, 3802, 10240, 97, 98
2026/07/30 23:19:00.339, 0, NVIDIA GeForce RTX 3080, 6250, 3802, 10240, 93, 96
2026/07/30 23:19:00.451, 0, NVIDIA GeForce RTX 3080, 6250, 3802, 10240, 93, 96
2026/07/30 23:19:00.563, 0, NVIDIA GeForce RTX 3080, 6250, 3802, 10240, 93, 96
2026/07/30 23:19:00.675, 0, NVIDIA GeForce RTX 3080, 6250, 3802, 10240, 93, 96
2026/07/30 23:19:00.785, 0, NVIDIA GeForce RTX 3080, 6250, 3802, 10240, 95, 97
2026/07/30 23:19:00.897, 0, NVIDIA GeForce RTX 3080, 6250, 3802, 10240, 95, 97
2026/07/30 23:19:01.009, 0, NVIDIA GeForce RTX 3080, 6250, 3802, 10240, 95, 97
2026/07/30 23:19:01.120, 0, NVIDIA GeForce RTX 3080, 6250, 3802, 10240, 95, 97
2026/07/30 23:19:01.229, 0, NVIDIA GeForce RTX 3080, 6250, 3802, 10240, 95, 97
2026/07/30 23:19:01.339, 0, NVIDIA GeForce RTX 3080, 6250, 3802, 10240, 95, 98
2026/07/30 23:19:01.449, 0, NVIDIA GeForce RTX 3080, 6250, 3802, 10240, 95, 98
2026/07/30 23:19:01.561, 0, NVIDIA GeForce RTX 3080, 6250, 3802, 10240, 95, 98
2026/07/30 23:19:01.673, 0, NVIDIA GeForce RTX 3080, 6250, 3802, 10240, 95, 98
2026/07/30 23:19:01.785, 0, NVIDIA GeForce RTX 3080, 6250, 3802, 10240, 95, 98
2026/07/30 23:19:01.896, 0, NVIDIA GeForce RTX 3080, 6250, 3802, 10240, 95, 98
2026/07/30 23:19:02.008, 0, NVIDIA GeForce RTX 3080, 6250, 3802, 10240, 95, 98
2026/07/30 23:19:02.120, 0, NVIDIA GeForce RTX 3080, 6250, 3802, 10240, 95, 98
2026/07/30 23:19:02.230, 0, NVIDIA GeForce RTX 3080, 6250, 3802, 10240, 95, 98
2026/07/30 23:19:02.341, 0, NVIDIA GeForce RTX 3080, 6250, 3802, 10240, 95, 98
2026/07/30 23:19:02.453, 0, NVIDIA GeForce RTX 3080, 6250, 3802, 10240, 95, 98
2026/07/30 23:19:02.565, 0, NVIDIA GeForce RTX 3080, 6250, 3802, 10240, 95, 98
2026/07/30 23:19:02.677, 0, NVIDIA GeForce RTX 3080, 6250, 3802, 10240, 95, 98
2026/07/30 23:19:02.789, 0, NVIDIA GeForce RTX 3080, 6250, 3802, 10240, 96, 96
2026/07/30 23:19:02.901, 0, NVIDIA GeForce RTX 3080, 6250, 3802, 10240, 96, 96
2026/07/30 23:19:03.013, 0, NVIDIA GeForce RTX 3080, 6250, 3802, 10240, 96, 96
2026/07/30 23:19:03.125, 0, NVIDIA GeForce RTX 3080, 6250, 3802, 10240, 96, 96
2026/07/30 23:19:03.236, 0, NVIDIA GeForce RTX 3080, 6250, 3802, 10240, 97, 98
2026/07/30 23:19:03.348, 0, NVIDIA GeForce RTX 3080, 6250, 3802, 10240, 97, 98
2026/07/30 23:19:03.460, 0, NVIDIA GeForce RTX 3080, 6250, 3802, 10240, 97, 98
2026/07/30 23:19:03.572, 0, NVIDIA GeForce RTX 3080, 6250, 3802, 10240, 97, 98
2026/07/30 23:19:03.684, 0, NVIDIA GeForce RTX 3080, 6250, 3802, 10240, 97, 98
2026/07/30 23:19:03.796, 0, NVIDIA GeForce RTX 3080, 6250, 3802, 10240, 97, 98
2026/07/30 23:19:03.908, 0, NVIDIA GeForce RTX 3080, 6250, 3802, 10240, 97, 98
2026/07/30 23:19:04.020, 0, NVIDIA GeForce RTX 3080, 6250, 3802, 10240, 97, 98
2026/07/30 23:19:04.130, 0, NVIDIA GeForce RTX 3080, 6250, 3802, 10240, 97, 98
2026/07/30 23:19:04.242, 0, NVIDIA GeForce RTX 3080, 6250, 3802, 10240, 95, 96
2026/07/30 23:19:04.353, 0, NVIDIA GeForce RTX 3080, 6250, 3802, 10240, 95, 96
2026/07/30 23:19:04.465, 0, NVIDIA GeForce RTX 3080, 6250, 3802, 10240, 95, 96
2026/07/30 23:19:04.577, 0, NVIDIA GeForce RTX 3080, 6250, 3802, 10240, 95, 96
2026/07/30 23:19:04.690, 0, NVIDIA GeForce RTX 3080, 6250, 3802, 10240, 95, 96
2026/07/30 23:19:04.802, 0, NVIDIA GeForce RTX 3080, 6250, 3802, 10240, 97, 98
2026/07/30 23:19:04.914, 0, NVIDIA GeForce RTX 3080, 6250, 3802, 10240, 97, 98
2026/07/30 23:19:05.026, 0, NVIDIA GeForce RTX 3080, 6250, 3802, 10240, 97, 98
2026/07/30 23:19:05.138, 0, NVIDIA GeForce RTX 3080, 6250, 3802, 10240, 97, 98
2026/07/30 23:19:05.250, 0, NVIDIA GeForce RTX 3080, 6250, 3802, 10240, 97, 98
2026/07/30 23:19:05.362, 0, NVIDIA GeForce RTX 3080, 6250, 3802, 10240, 97, 98
2026/07/30 23:19:05.474, 0, NVIDIA GeForce RTX 3080, 6250, 3802, 10240, 97, 98
2026/07/30 23:19:05.586, 0, NVIDIA GeForce RTX 3080, 6250, 3802, 10240, 97, 98
2026/07/30 23:19:05.698, 0, NVIDIA GeForce RTX 3080, 6250, 3802, 10240, 97, 98
2026/07/30 23:19:05.810, 0, NVIDIA GeForce RTX 3080, 6250, 3802, 10240, 98, 98
2026/07/30 23:19:05.921, 0, NVIDIA GeForce RTX 3080, 6250, 3802, 10240, 98, 98
2026/07/30 23:19:06.032, 0, NVIDIA GeForce RTX 3080, 6250, 3802, 10240, 98, 98
2026/07/30 23:19:06.141, 0, NVIDIA GeForce RTX 3080, 6250, 3802, 10240, 98, 98
2026/07/30 23:19:06.250, 0, NVIDIA GeForce RTX 3080, 6250, 3802, 10240, 95, 97
2026/07/30 23:19:06.359, 0, NVIDIA GeForce RTX 3080, 6250, 3802, 10240, 95, 97
2026/07/30 23:19:06.470, 0, NVIDIA GeForce RTX 3080, 6250, 3802, 10240, 95, 97
2026/07/30 23:19:06.582, 0, NVIDIA GeForce RTX 3080, 6250, 3802, 10240, 95, 97
2026/07/30 23:19:06.694, 0, NVIDIA GeForce RTX 3080, 6250, 3802, 10240, 95, 97
2026/07/30 23:19:06.806, 0, NVIDIA GeForce RTX 3080, 6250, 3802, 10240, 95, 98
2026/07/30 23:19:06.918, 0, NVIDIA GeForce RTX 3080, 6250, 3802, 10240, 95, 98
2026/07/30 23:19:07.030, 0, NVIDIA GeForce RTX 3080, 6250, 3802, 10240, 95, 98
2026/07/30 23:19:07.142, 0, NVIDIA GeForce RTX 3080, 6250, 3802, 10240, 95, 98
2026/07/30 23:19:07.253, 0, NVIDIA GeForce RTX 3080, 6250, 3802, 10240, 95, 98
2026/07/30 23:19:07.365, 0, NVIDIA GeForce RTX 3080, 6250, 3802, 10240, 95, 98
2026/07/30 23:19:07.477, 0, NVIDIA GeForce RTX 3080, 6250, 3802, 10240, 95, 98
2026/07/30 23:19:07.589, 0, NVIDIA GeForce RTX 3080, 6250, 3802, 10240, 95, 98
2026/07/30 23:19:07.701, 0, NVIDIA GeForce RTX 3080, 6250, 3802, 10240, 95, 98
2026/07/30 23:19:07.812, 0, NVIDIA GeForce RTX 3080, 6250, 3802, 10240, 95, 98
2026/07/30 23:19:07.924, 0, NVIDIA GeForce RTX 3080, 6250, 3802, 10240, 95, 98
2026/07/30 23:19:08.036, 0, NVIDIA GeForce RTX 3080, 6250, 3802, 10240, 95, 98
2026/07/30 23:19:08.149, 0, NVIDIA GeForce RTX 3080, 6250, 3802, 10240, 95, 98
2026/07/30 23:19:08.261, 0, NVIDIA GeForce RTX 3080, 6250, 3802, 10240, 97, 98
2026/07/30 23:19:08.373, 0, NVIDIA GeForce RTX 3080, 6250, 3802, 10240, 97, 98
2026/07/30 23:19:08.485, 0, NVIDIA GeForce RTX 3080, 6250, 3802, 10240, 97, 98
2026/07/30 23:19:08.596, 0, NVIDIA GeForce RTX 3080, 6250, 3802, 10240, 97, 98
2026/07/30 23:19:08.708, 0, NVIDIA GeForce RTX 3080, 6250, 3802, 10240, 97, 98
2026/07/30 23:19:08.820, 0, NVIDIA GeForce RTX 3080, 6250, 3802, 10240, 97, 98
2026/07/30 23:19:08.930, 0, NVIDIA GeForce RTX 3080, 6250, 3802, 10240, 97, 98
2026/07/30 23:19:09.042, 0, NVIDIA GeForce RTX 3080, 6250, 3802, 10240, 97, 98
2026/07/30 23:19:09.153, 0, NVIDIA GeForce RTX 3080, 6250, 3802, 10240, 97, 98
2026/07/30 23:19:09.265, 0, NVIDIA GeForce RTX 3080, 6250, 3802, 10240, 97, 98
2026/07/30 23:19:09.377, 0, NVIDIA GeForce RTX 3080, 6250, 3802, 10240, 97, 98
2026/07/30 23:19:09.488, 0, NVIDIA GeForce RTX 3080, 6250, 3802, 10240, 97, 98
2026/07/30 23:19:09.599, 0, NVIDIA GeForce RTX 3080, 6250, 3802, 10240, 97, 98
2026/07/30 23:19:09.710, 0, NVIDIA GeForce RTX 3080, 6250, 3802, 10240, 97, 98
2026/07/30 23:19:09.821, 0, NVIDIA GeForce RTX 3080, 6250, 3802, 10240, 97, 98
2026/07/30 23:19:09.933, 0, NVIDIA GeForce RTX 3080, 6250, 3802, 10240, 97, 98
2026/07/30 23:19:10.045, 0, NVIDIA GeForce RTX 3080, 6250, 3802, 10240, 97, 98
2026/07/30 23:19:10.157, 0, NVIDIA GeForce RTX 3080, 6250, 3802, 10240, 97, 98
2026/07/30 23:19:10.269, 0, NVIDIA GeForce RTX 3080, 6250, 3802, 10240, 96, 98
2026/07/30 23:19:10.381, 0, NVIDIA GeForce RTX 3080, 6250, 3802, 10240, 96, 98
2026/07/30 23:19:10.493, 0, NVIDIA GeForce RTX 3080, 6250, 3802, 10240, 96, 98
2026/07/30 23:19:10.605, 0, NVIDIA GeForce RTX 3080, 6250, 3802, 10240, 96, 98
2026/07/30 23:19:10.717, 0, NVIDIA GeForce RTX 3080, 6250, 3802, 10240, 96, 98
2026/07/30 23:19:10.830, 0, NVIDIA GeForce RTX 3080, 6250, 3802, 10240, 94, 96
2026/07/30 23:19:10.942, 0, NVIDIA GeForce RTX 3080, 6250, 3802, 10240, 94, 96
2026/07/30 23:19:11.054, 0, NVIDIA GeForce RTX 3080, 6250, 3802, 10240, 94, 96
2026/07/30 23:19:11.166, 0, NVIDIA GeForce RTX 3080, 6250, 3802, 10240, 94, 96
2026/07/30 23:19:11.278, 0, NVIDIA GeForce RTX 3080, 6250, 3802, 10240, 95, 97
2026/07/30 23:19:11.389, 0, NVIDIA GeForce RTX 3080, 6250, 3802, 10240, 95, 97
2026/07/30 23:19:11.501, 0, NVIDIA GeForce RTX 3080, 6250, 3802, 10240, 95, 97
2026/07/30 23:19:11.613, 0, NVIDIA GeForce RTX 3080, 6250, 3802, 10240, 95, 97
2026/07/30 23:19:11.725, 0, NVIDIA GeForce RTX 3080, 6250, 3802, 10240, 95, 97
2026/07/30 23:19:11.837, 0, NVIDIA GeForce RTX 3080, 6250, 3802, 10240, 95, 98
2026/07/30 23:19:11.948, 0, NVIDIA GeForce RTX 3080, 6250, 3802, 10240, 95, 98
2026/07/30 23:19:12.060, 0, NVIDIA GeForce RTX 3080, 6250, 3802, 10240, 95, 98
2026/07/30 23:19:12.171, 0, NVIDIA GeForce RTX 3080, 6250, 3802, 10240, 95, 98
2026/07/30 23:19:12.281, 0, NVIDIA GeForce RTX 3080, 6250, 3802, 10240, 96, 97
2026/07/30 23:19:12.390, 0, NVIDIA GeForce RTX 3080, 6250, 3802, 10240, 96, 97
2026/07/30 23:19:12.500, 0, NVIDIA GeForce RTX 3080, 6250, 3802, 10240, 96, 97
2026/07/30 23:19:12.610, 0, NVIDIA GeForce RTX 3080, 6250, 3802, 10240, 96, 97
2026/07/30 23:19:12.719, 0, NVIDIA GeForce RTX 3080, 6250, 3802, 10240, 96, 97
2026/07/30 23:19:12.829, 0, NVIDIA GeForce RTX 3080, 6250, 3802, 10240, 97, 98
2026/07/30 23:19:12.938, 0, NVIDIA GeForce RTX 3080, 6250, 3802, 10240, 97, 98
2026/07/30 23:19:13.047, 0, NVIDIA GeForce RTX 3080, 6250, 3802, 10240, 97, 98
2026/07/30 23:19:13.157, 0, NVIDIA GeForce RTX 3080, 6250, 3802, 10240, 97, 98
2026/07/30 23:19:13.269, 0, NVIDIA GeForce RTX 3080, 6250, 3802, 10240, 96, 97
2026/07/30 23:19:13.380, 0, NVIDIA GeForce RTX 3080, 6250, 3802, 10240, 96, 97
2026/07/30 23:19:13.492, 0, NVIDIA GeForce RTX 3080, 6250, 3802, 10240, 96, 97
2026/07/30 23:19:13.604, 0, NVIDIA GeForce RTX 3080, 6250, 3802, 10240, 96, 97
2026/07/30 23:19:13.716, 0, NVIDIA GeForce RTX 3080, 6250, 3802, 10240, 96, 97
2026/07/30 23:19:13.828, 0, NVIDIA GeForce RTX 3080, 6250, 3802, 10240, 96, 97
2026/07/30 23:19:13.940, 0, NVIDIA GeForce RTX 3080, 6250, 3802, 10240, 96, 97
2026/07/30 23:19:14.052, 0, NVIDIA GeForce RTX 3080, 6250, 3802, 10240, 96, 97
2026/07/30 23:19:14.164, 0, NVIDIA GeForce RTX 3080, 6250, 3802, 10240, 96, 97
2026/07/30 23:19:14.274, 0, NVIDIA GeForce RTX 3080, 6250, 3802, 10240, 93, 97
2026/07/30 23:19:14.383, 0, NVIDIA GeForce RTX 3080, 6250, 3802, 10240, 93, 97
2026/07/30 23:19:14.492, 0, NVIDIA GeForce RTX 3080, 6250, 3802, 10240, 93, 97
2026/07/30 23:19:14.601, 0, NVIDIA GeForce RTX 3080, 6250, 3802, 10240, 93, 97
2026/07/30 23:19:14.710, 0, NVIDIA GeForce RTX 3080, 6250, 3802, 10240, 93, 97
2026/07/30 23:19:14.821, 0, NVIDIA GeForce RTX 3080, 6250, 3802, 10240, 95, 98
2026/07/30 23:19:14.930, 0, NVIDIA GeForce RTX 3080, 6250, 3802, 10240, 95, 98
2026/07/30 23:19:15.042, 0, NVIDIA GeForce RTX 3080, 6250, 3802, 10240, 95, 98
2026/07/30 23:19:15.153, 0, NVIDIA GeForce RTX 3080, 6250, 3802, 10240, 95, 98
2026/07/30 23:19:15.264, 0, NVIDIA GeForce RTX 3080, 6250, 3802, 10240, 95, 98
2026/07/30 23:19:15.376, 0, NVIDIA GeForce RTX 3080, 6250, 3802, 10240, 95, 98
2026/07/30 23:19:15.488, 0, NVIDIA GeForce RTX 3080, 6250, 3802, 10240, 95, 98
2026/07/30 23:19:15.597, 0, NVIDIA GeForce RTX 3080, 6250, 3802, 10240, 95, 98
2026/07/30 23:19:15.709, 0, NVIDIA GeForce RTX 3080, 6250, 3802, 10240, 95, 98
2026/07/30 23:19:15.821, 0, NVIDIA GeForce RTX 3080, 6250, 3802, 10240, 95, 98
2026/07/30 23:19:15.932, 0, NVIDIA GeForce RTX 3080, 6250, 3802, 10240, 95, 98
2026/07/30 23:19:16.044, 0, NVIDIA GeForce RTX 3080, 6250, 3802, 10240, 95, 98
2026/07/30 23:19:16.156, 0, NVIDIA GeForce RTX 3080, 6250, 3802, 10240, 95, 98
2026/07/30 23:19:16.268, 0, NVIDIA GeForce RTX 3080, 6250, 3802, 10240, 95, 98
2026/07/30 23:19:16.380, 0, NVIDIA GeForce RTX 3080, 6250, 3802, 10240, 95, 98
2026/07/30 23:19:16.491, 0, NVIDIA GeForce RTX 3080, 6250, 3802, 10240, 95, 98
2026/07/30 23:19:16.603, 0, NVIDIA GeForce RTX 3080, 6250, 3802, 10240, 95, 98
2026/07/30 23:19:16.715, 0, NVIDIA GeForce RTX 3080, 6250, 3802, 10240, 95, 98
2026/07/30 23:19:16.827, 0, NVIDIA GeForce RTX 3080, 6250, 3802, 10240, 97, 98
2026/07/30 23:19:16.939, 0, NVIDIA GeForce RTX 3080, 6250, 3802, 10240, 97, 98
2026/07/30 23:19:17.052, 0, NVIDIA GeForce RTX 3080, 6250, 3802, 10240, 97, 98
2026/07/30 23:19:17.164, 0, NVIDIA GeForce RTX 3080, 6250, 3802, 10240, 97, 98
2026/07/30 23:19:17.276, 0, NVIDIA GeForce RTX 3080, 6250, 3802, 10240, 97, 98
2026/07/30 23:19:17.388, 0, NVIDIA GeForce RTX 3080, 6250, 3802, 10240, 97, 98
2026/07/30 23:19:17.500, 0, NVIDIA GeForce RTX 3080, 6250, 3802, 10240, 97, 98
2026/07/30 23:19:17.612, 0, NVIDIA GeForce RTX 3080, 6250, 3802, 10240, 97, 98
2026/07/30 23:19:17.723, 0, NVIDIA GeForce RTX 3080, 6250, 3802, 10240, 97, 98
2026/07/30 23:19:17.835, 0, NVIDIA GeForce RTX 3080, 6250, 3802, 10240, 96, 97
2026/07/30 23:19:17.946, 0, NVIDIA GeForce RTX 3080, 6250, 3802, 10240, 96, 97
2026/07/30 23:19:18.058, 0, NVIDIA GeForce RTX 3080, 6250, 3802, 10240, 96, 97
2026/07/30 23:19:18.169, 0, NVIDIA GeForce RTX 3080, 6250, 3802, 10240, 96, 97
2026/07/30 23:19:18.281, 0, NVIDIA GeForce RTX 3080, 6250, 3802, 10240, 95, 96
2026/07/30 23:19:18.393, 0, NVIDIA GeForce RTX 3080, 6250, 3802, 10240, 95, 96
2026/07/30 23:19:18.505, 0, NVIDIA GeForce RTX 3080, 6250, 3802, 10240, 95, 96
2026/07/30 23:19:18.617, 0, NVIDIA GeForce RTX 3080, 6250, 3802, 10240, 95, 96
2026/07/30 23:19:18.729, 0, NVIDIA GeForce RTX 3080, 6250, 3802, 10240, 95, 96
2026/07/30 23:19:18.841, 0, NVIDIA GeForce RTX 3080, 6250, 3802, 10240, 98, 98
2026/07/30 23:19:18.953, 0, NVIDIA GeForce RTX 3080, 6250, 3802, 10240, 98, 98
2026/07/30 23:19:19.064, 0, NVIDIA GeForce RTX 3080, 6250, 3802, 10240, 98, 98
2026/07/30 23:19:19.176, 0, NVIDIA GeForce RTX 3080, 6250, 3802, 10240, 98, 98
2026/07/30 23:19:19.286, 0, NVIDIA GeForce RTX 3080, 6250, 3802, 10240, 97, 97
2026/07/30 23:19:19.395, 0, NVIDIA GeForce RTX 3080, 6250, 3802, 10240, 97, 97
2026/07/30 23:19:19.504, 0, NVIDIA GeForce RTX 3080, 6250, 3802, 10240, 97, 97
2026/07/30 23:19:19.614, 0, NVIDIA GeForce RTX 3080, 6250, 3802, 10240, 97, 97
2026/07/30 23:19:19.722, 0, NVIDIA GeForce RTX 3080, 6250, 3802, 10240, 97, 97
2026/07/30 23:19:19.834, 0, NVIDIA GeForce RTX 3080, 6250, 3802, 10240, 98, 98
2026/07/30 23:19:19.945, 0, NVIDIA GeForce RTX 3080, 6250, 3802, 10240, 98, 98
2026/07/30 23:19:20.057, 0, NVIDIA GeForce RTX 3080, 6250, 3802, 10240, 98, 98
2026/07/30 23:19:20.169, 0, NVIDIA GeForce RTX 3080, 6250, 3802, 10240, 98, 98
2026/07/30 23:19:20.280, 0, NVIDIA GeForce RTX 3080, 6250, 3802, 10240, 96, 98
2026/07/30 23:19:20.392, 0, NVIDIA GeForce RTX 3080, 6250, 3802, 10240, 96, 98
2026/07/30 23:19:20.504, 0, NVIDIA GeForce RTX 3080, 6250, 3802, 10240, 96, 98
2026/07/30 23:19:20.615, 0, NVIDIA GeForce RTX 3080, 6250, 3802, 10240, 96, 98
2026/07/30 23:19:20.726, 0, NVIDIA GeForce RTX 3080, 6250, 3802, 10240, 96, 98
2026/07/30 23:19:20.838, 0, NVIDIA GeForce RTX 3080, 6250, 3802, 10240, 95, 98
2026/07/30 23:19:20.950, 0, NVIDIA GeForce RTX 3080, 6250, 3802, 10240, 95, 98
2026/07/30 23:19:21.062, 0, NVIDIA GeForce RTX 3080, 6250, 3802, 10240, 95, 98
2026/07/30 23:19:21.173, 0, NVIDIA GeForce RTX 3080, 6250, 3802, 10240, 95, 98
2026/07/30 23:19:21.282, 0, NVIDIA GeForce RTX 3080, 6250, 3802, 10240, 95, 98
2026/07/30 23:19:21.391, 0, NVIDIA GeForce RTX 3080, 6250, 3802, 10240, 95, 98
2026/07/30 23:19:21.503, 0, NVIDIA GeForce RTX 3080, 6250, 3802, 10240, 95, 98
2026/07/30 23:19:21.615, 0, NVIDIA GeForce RTX 3080, 6250, 3802, 10240, 95, 98
2026/07/30 23:19:21.727, 0, NVIDIA GeForce RTX 3080, 6250, 3802, 10240, 95, 98
2026/07/30 23:19:21.839, 0, NVIDIA GeForce RTX 3080, 6250, 3802, 10240, 95, 98
2026/07/30 23:19:21.951, 0, NVIDIA GeForce RTX 3080, 6250, 3802, 10240, 95, 98
2026/07/30 23:19:22.063, 0, NVIDIA GeForce RTX 3080, 6250, 3802, 10240, 95, 98
2026/07/30 23:19:22.175, 0, NVIDIA GeForce RTX 3080, 6250, 3802, 10240, 95, 98
2026/07/30 23:19:22.287, 0, NVIDIA GeForce RTX 3080, 6250, 3802, 10240, 97, 98
2026/07/30 23:19:22.399, 0, NVIDIA GeForce RTX 3080, 6250, 3802, 10240, 97, 98
2026/07/30 23:19:22.511, 0, NVIDIA GeForce RTX 3080, 6250, 3802, 10240, 97, 98
2026/07/30 23:19:22.623, 0, NVIDIA GeForce RTX 3080, 6250, 3802, 10240, 97, 98
2026/07/30 23:19:22.735, 0, NVIDIA GeForce RTX 3080, 6250, 3802, 10240, 97, 98
2026/07/30 23:19:22.847, 0, NVIDIA GeForce RTX 3080, 6250, 3802, 10240, 97, 98
2026/07/30 23:19:22.956, 0, NVIDIA GeForce RTX 3080, 6250, 3802, 10240, 97, 98
2026/07/30 23:19:23.069, 0, NVIDIA GeForce RTX 3080, 6250, 3802, 10240, 97, 98
2026/07/30 23:19:23.181, 0, NVIDIA GeForce RTX 3080, 6250, 3802, 10240, 97, 98
2026/07/30 23:19:23.293, 0, NVIDIA GeForce RTX 3080, 6250, 3802, 10240, 97, 98
2026/07/30 23:19:23.405, 0, NVIDIA GeForce RTX 3080, 6250, 3802, 10240, 97, 98
2026/07/30 23:19:23.517, 0, NVIDIA GeForce RTX 3080, 6250, 3802, 10240, 97, 98
2026/07/30 23:19:23.629, 0, NVIDIA GeForce RTX 3080, 6250, 3802, 10240, 97, 98
2026/07/30 23:19:23.740, 0, NVIDIA GeForce RTX 3080, 6250, 3802, 10240, 96, 96
2026/07/30 23:19:23.852, 0, NVIDIA GeForce RTX 3080, 6250, 3802, 10240, 96, 96
2026/07/30 23:19:23.964, 0, NVIDIA GeForce RTX 3080, 6250, 3802, 10240, 96, 96
2026/07/30 23:19:24.075, 0, NVIDIA GeForce RTX 3080, 6250, 3802, 10240, 96, 96
2026/07/30 23:19:24.186, 0, NVIDIA GeForce RTX 3080, 6250, 3802, 10240, 96, 96
2026/07/30 23:19:24.297, 0, NVIDIA GeForce RTX 3080, 6250, 3802, 10240, 95, 98
2026/07/30 23:19:24.408, 0, NVIDIA GeForce RTX 3080, 6250, 3802, 10240, 95, 98
2026/07/30 23:19:24.520, 0, NVIDIA GeForce RTX 3080, 6250, 3802, 10240, 95, 98
2026/07/30 23:19:24.632, 0, NVIDIA GeForce RTX 3080, 6250, 3802, 10240, 95, 98
2026/07/30 23:19:24.744, 0, NVIDIA GeForce RTX 3080, 6250, 3802, 10240, 95, 97
2026/07/30 23:19:24.854, 0, NVIDIA GeForce RTX 3080, 6250, 3802, 10240, 95, 97
2026/07/30 23:19:24.965, 0, NVIDIA GeForce RTX 3080, 6250, 3802, 10240, 95, 97
2026/07/30 23:19:25.077, 0, NVIDIA GeForce RTX 3080, 6250, 3802, 10240, 95, 97
2026/07/30 23:19:25.188, 0, NVIDIA GeForce RTX 3080, 6250, 3802, 10240, 95, 97
2026/07/30 23:19:25.300, 0, NVIDIA GeForce RTX 3080, 6250, 3802, 10240, 96, 98
2026/07/30 23:19:25.412, 0, NVIDIA GeForce RTX 3080, 6250, 3802, 10240, 96, 98
2026/07/30 23:19:25.524, 0, NVIDIA GeForce RTX 3080, 6250, 3802, 10240, 96, 98
2026/07/30 23:19:25.635, 0, NVIDIA GeForce RTX 3080, 6250, 3802, 10240, 96, 98
2026/07/30 23:19:25.748, 0, NVIDIA GeForce RTX 3080, 6250, 3802, 10240, 96, 98
2026/07/30 23:19:25.860, 0, NVIDIA GeForce RTX 3080, 6250, 3802, 10240, 96, 98
2026/07/30 23:19:25.971, 0, NVIDIA GeForce RTX 3080, 6250, 3802, 10240, 96, 98
2026/07/30 23:19:26.083, 0, NVIDIA GeForce RTX 3080, 6250, 3802, 10240, 96, 98
2026/07/30 23:19:26.194, 0, NVIDIA GeForce RTX 3080, 6250, 3802, 10240, 96, 98
2026/07/30 23:19:26.302, 0, NVIDIA GeForce RTX 3080, 6250, 3802, 10240, 97, 98
2026/07/30 23:19:26.413, 0, NVIDIA GeForce RTX 3080, 6250, 3802, 10240, 97, 98
2026/07/30 23:19:26.524, 0, NVIDIA GeForce RTX 3080, 6250, 3802, 10240, 97, 98
2026/07/30 23:19:26.636, 0, NVIDIA GeForce RTX 3080, 6250, 3802, 10240, 97, 98
2026/07/30 23:19:26.748, 0, NVIDIA GeForce RTX 3080, 6250, 3802, 10240, 97, 98
2026/07/30 23:19:26.859, 0, NVIDIA GeForce RTX 3080, 6250, 3802, 10240, 97, 98
2026/07/30 23:19:26.971, 0, NVIDIA GeForce RTX 3080, 6250, 3802, 10240, 97, 98
2026/07/30 23:19:27.082, 0, NVIDIA GeForce RTX 3080, 6250, 3802, 10240, 97, 98
2026/07/30 23:19:27.193, 0, NVIDIA GeForce RTX 3080, 6250, 3802, 10240, 97, 98
2026/07/30 23:19:27.305, 0, NVIDIA GeForce RTX 3080, 6250, 3802, 10240, 97, 98
2026/07/30 23:19:27.416, 0, NVIDIA GeForce RTX 3080, 6250, 3802, 10240, 97, 98
2026/07/30 23:19:27.528, 0, NVIDIA GeForce RTX 3080, 6250, 3802, 10240, 97, 98
2026/07/30 23:19:27.640, 0, NVIDIA GeForce RTX 3080, 6250, 3802, 10240, 97, 98
2026/07/30 23:19:27.752, 0, NVIDIA GeForce RTX 3080, 6250, 3802, 10240, 97, 98
2026/07/30 23:19:27.864, 0, NVIDIA GeForce RTX 3080, 6250, 3802, 10240, 97, 98
2026/07/30 23:19:27.976, 0, NVIDIA GeForce RTX 3080, 6250, 3802, 10240, 97, 98
2026/07/30 23:19:28.088, 0, NVIDIA GeForce RTX 3080, 6250, 3802, 10240, 97, 98
2026/07/30 23:19:28.200, 0, NVIDIA GeForce RTX 3080, 6250, 3802, 10240, 97, 98
2026/07/30 23:19:28.312, 0, NVIDIA GeForce RTX 3080, 6250, 3802, 10240, 94, 97
2026/07/30 23:19:28.424, 0, NVIDIA GeForce RTX 3080, 6250, 3802, 10240, 94, 97
2026/07/30 23:19:28.536, 0, NVIDIA GeForce RTX 3080, 6250, 3802, 10240, 94, 97
2026/07/30 23:19:28.648, 0, NVIDIA GeForce RTX 3080, 6250, 3802, 10240, 94, 97
2026/07/30 23:19:28.760, 0, NVIDIA GeForce RTX 3080, 6250, 3802, 10240, 95, 98
2026/07/30 23:19:28.872, 0, NVIDIA GeForce RTX 3080, 6250, 3802, 10240, 95, 98
2026/07/30 23:19:28.983, 0, NVIDIA GeForce RTX 3080, 6250, 3802, 10240, 95, 98
2026/07/30 23:19:29.095, 0, NVIDIA GeForce RTX 3080, 6250, 3802, 10240, 95, 98
2026/07/30 23:19:29.207, 0, NVIDIA GeForce RTX 3080, 6250, 3802, 10240, 95, 98
2026/07/30 23:19:29.319, 0, NVIDIA GeForce RTX 3080, 6250, 3802, 10240, 96, 98
2026/07/30 23:19:29.431, 0, NVIDIA GeForce RTX 3080, 6250, 3802, 10240, 96, 98
2026/07/30 23:19:29.542, 0, NVIDIA GeForce RTX 3080, 6250, 3802, 10240, 96, 98
2026/07/30 23:19:29.654, 0, NVIDIA GeForce RTX 3080, 6250, 3802, 10240, 96, 98
2026/07/30 23:19:29.766, 0, NVIDIA GeForce RTX 3080, 6250, 3802, 10240, 95, 98
2026/07/30 23:19:29.877, 0, NVIDIA GeForce RTX 3080, 6250, 3802, 10240, 95, 98
2026/07/30 23:19:29.989, 0, NVIDIA GeForce RTX 3080, 6250, 3802, 10240, 95, 98
2026/07/30 23:19:30.101, 0, NVIDIA GeForce RTX 3080, 6250, 3802, 10240, 95, 98
2026/07/30 23:19:30.213, 0, NVIDIA GeForce RTX 3080, 6250, 3802, 10240, 95, 98
2026/07/30 23:19:30.325, 0, NVIDIA GeForce RTX 3080, 6250, 3802, 10240, 96, 98
2026/07/30 23:19:30.436, 0, NVIDIA GeForce RTX 3080, 6250, 3802, 10240, 96, 98
2026/07/30 23:19:30.547, 0, NVIDIA GeForce RTX 3080, 6250, 3802, 10240, 96, 98
2026/07/30 23:19:30.659, 0, NVIDIA GeForce RTX 3080, 6250, 3802, 10240, 96, 98
2026/07/30 23:19:30.771, 0, NVIDIA GeForce RTX 3080, 6250, 3802, 10240, 95, 96
2026/07/30 23:19:30.882, 0, NVIDIA GeForce RTX 3080, 6250, 3802, 10240, 95, 96
2026/07/30 23:19:30.995, 0, NVIDIA GeForce RTX 3080, 6250, 3802, 10240, 95, 96
2026/07/30 23:19:31.106, 0, NVIDIA GeForce RTX 3080, 6250, 3802, 10240, 95, 96
2026/07/30 23:19:31.218, 0, NVIDIA GeForce RTX 3080, 6250, 3802, 10240, 95, 96
2026/07/30 23:19:31.330, 0, NVIDIA GeForce RTX 3080, 6250, 3802, 10240, 95, 96
2026/07/30 23:19:31.442, 0, NVIDIA GeForce RTX 3080, 6250, 3802, 10240, 95, 96
2026/07/30 23:19:31.554, 0, NVIDIA GeForce RTX 3080, 6250, 3802, 10240, 95, 96
2026/07/30 23:19:31.666, 0, NVIDIA GeForce RTX 3080, 6250, 3802, 10240, 95, 96
2026/07/30 23:19:31.778, 0, NVIDIA GeForce RTX 3080, 6250, 3802, 10240, 96, 97
2026/07/30 23:19:31.890, 0, NVIDIA GeForce RTX 3080, 6250, 3802, 10240, 96, 97
2026/07/30 23:19:32.002, 0, NVIDIA GeForce RTX 3080, 6250, 3802, 10240, 96, 97
2026/07/30 23:19:32.114, 0, NVIDIA GeForce RTX 3080, 6250, 3802, 10240, 96, 97
2026/07/30 23:19:32.225, 0, NVIDIA GeForce RTX 3080, 6250, 3802, 10240, 96, 97
2026/07/30 23:19:32.335, 0, NVIDIA GeForce RTX 3080, 6250, 3802, 10240, 95, 96
2026/07/30 23:19:32.444, 0, NVIDIA GeForce RTX 3080, 6250, 3802, 10240, 95, 96
2026/07/30 23:19:32.553, 0, NVIDIA GeForce RTX 3080, 6250, 3802, 10240, 95, 96
2026/07/30 23:19:32.663, 0, NVIDIA GeForce RTX 3080, 6250, 3802, 10240, 95, 96
2026/07/30 23:19:32.772, 0, NVIDIA GeForce RTX 3080, 6250, 3802, 10240, 97, 97
2026/07/30 23:19:32.881, 0, NVIDIA GeForce RTX 3080, 6250, 3802, 10240, 97, 97
2026/07/30 23:19:32.991, 0, NVIDIA GeForce RTX 3080, 6250, 3802, 10240, 97, 97
2026/07/30 23:19:33.101, 0, NVIDIA GeForce RTX 3080, 6250, 3802, 10240, 97, 97
2026/07/30 23:19:33.213, 0, NVIDIA GeForce RTX 3080, 6250, 3802, 10240, 97, 97
2026/07/30 23:19:33.325, 0, NVIDIA GeForce RTX 3080, 6250, 3802, 10240, 97, 97
2026/07/30 23:19:33.436, 0, NVIDIA GeForce RTX 3080, 6250, 3802, 10240, 97, 97
2026/07/30 23:19:33.549, 0, NVIDIA GeForce RTX 3080, 6250, 3802, 10240, 97, 97
2026/07/30 23:19:33.660, 0, NVIDIA GeForce RTX 3080, 6250, 3802, 10240, 97, 97
2026/07/30 23:19:33.772, 0, NVIDIA GeForce RTX 3080, 6250, 3802, 10240, 97, 97
2026/07/30 23:19:33.882, 0, NVIDIA GeForce RTX 3080, 6250, 3802, 10240, 97, 97
2026/07/30 23:19:33.991, 0, NVIDIA GeForce RTX 3080, 6250, 3802, 10240, 97, 97
2026/07/30 23:19:34.102, 0, NVIDIA GeForce RTX 3080, 6250, 3802, 10240, 97, 97
2026/07/30 23:19:34.213, 0, NVIDIA GeForce RTX 3080, 6250, 3802, 10240, 97, 97
2026/07/30 23:19:34.322, 0, NVIDIA GeForce RTX 3080, 6250, 3802, 10240, 95, 97
2026/07/30 23:19:34.431, 0, NVIDIA GeForce RTX 3080, 6250, 3802, 10240, 95, 97
2026/07/30 23:19:34.540, 0, NVIDIA GeForce RTX 3080, 6250, 3802, 10240, 95, 97
2026/07/30 23:19:34.649, 0, NVIDIA GeForce RTX 3080, 6250, 3802, 10240, 95, 97
2026/07/30 23:19:34.760, 0, NVIDIA GeForce RTX 3080, 6250, 3802, 10240, 95, 98
2026/07/30 23:19:34.872, 0, NVIDIA GeForce RTX 3080, 6250, 3802, 10240, 95, 98
2026/07/30 23:19:34.982, 0, NVIDIA GeForce RTX 3080, 6250, 3802, 10240, 95, 98
2026/07/30 23:19:35.094, 0, NVIDIA GeForce RTX 3080, 6250, 3802, 10240, 95, 98
2026/07/30 23:19:35.204, 0, NVIDIA GeForce RTX 3080, 6250, 3802, 10240, 95, 98
2026/07/30 23:19:35.316, 0, NVIDIA GeForce RTX 3080, 6250, 3802, 10240, 95, 98
2026/07/30 23:19:35.426, 0, NVIDIA GeForce RTX 3080, 6250, 3802, 10240, 95, 98
2026/07/30 23:19:35.537, 0, NVIDIA GeForce RTX 3080, 6250, 3802, 10240, 95, 98
2026/07/30 23:19:35.649, 0, NVIDIA GeForce RTX 3080, 6250, 3802, 10240, 95, 98
2026/07/30 23:19:35.760, 0, NVIDIA GeForce RTX 3080, 6250, 3802, 10240, 95, 97
2026/07/30 23:19:35.872, 0, NVIDIA GeForce RTX 3080, 6250, 3802, 10240, 95, 97
2026/07/30 23:19:35.984, 0, NVIDIA GeForce RTX 3080, 6250, 3802, 10240, 95, 97
2026/07/30 23:19:36.096, 0, NVIDIA GeForce RTX 3080, 6250, 3802, 10240, 95, 97
2026/07/30 23:19:36.208, 0, NVIDIA GeForce RTX 3080, 6250, 3802, 10240, 95, 97
2026/07/30 23:19:36.320, 0, NVIDIA GeForce RTX 3080, 6250, 3802, 10240, 97, 98
2026/07/30 23:19:36.431, 0, NVIDIA GeForce RTX 3080, 6250, 3802, 10240, 97, 98
2026/07/30 23:19:36.543, 0, NVIDIA GeForce RTX 3080, 6250, 3802, 10240, 97, 98
2026/07/30 23:19:36.655, 0, NVIDIA GeForce RTX 3080, 6250, 3802, 10240, 97, 98
2026/07/30 23:19:36.767, 0, NVIDIA GeForce RTX 3080, 6250, 3802, 10240, 97, 98
2026/07/30 23:19:36.878, 0, NVIDIA GeForce RTX 3080, 6250, 3802, 10240, 97, 98
2026/07/30 23:19:36.991, 0, NVIDIA GeForce RTX 3080, 6250, 3802, 10240, 97, 98
2026/07/30 23:19:37.102, 0, NVIDIA GeForce RTX 3080, 6250, 3802, 10240, 97, 98
2026/07/30 23:19:37.214, 0, NVIDIA GeForce RTX 3080, 6250, 3802, 10240, 97, 98
2026/07/30 23:19:37.326, 0, NVIDIA GeForce RTX 3080, 6250, 3802, 10240, 97, 98
2026/07/30 23:19:37.437, 0, NVIDIA GeForce RTX 3080, 6250, 3802, 10240, 97, 98
2026/07/30 23:19:37.548, 0, NVIDIA GeForce RTX 3080, 6250, 3802, 10240, 97, 98
2026/07/30 23:19:37.660, 0, NVIDIA GeForce RTX 3080, 6250, 3802, 10240, 97, 98
2026/07/30 23:19:37.772, 0, NVIDIA GeForce RTX 3080, 6250, 3802, 10240, 97, 98
2026/07/30 23:19:37.882, 0, NVIDIA GeForce RTX 3080, 6250, 3802, 10240, 97, 98
2026/07/30 23:19:37.994, 0, NVIDIA GeForce RTX 3080, 6250, 3802, 10240, 97, 98
2026/07/30 23:19:38.106, 0, NVIDIA GeForce RTX 3080, 6250, 3802, 10240, 97, 98
2026/07/30 23:19:38.218, 0, NVIDIA GeForce RTX 3080, 6250, 3802, 10240, 97, 98
2026/07/30 23:19:38.330, 0, NVIDIA GeForce RTX 3080, 6250, 3802, 10240, 95, 98
2026/07/30 23:19:38.442, 0, NVIDIA GeForce RTX 3080, 6250, 3802, 10240, 95, 98
2026/07/30 23:19:38.553, 0, NVIDIA GeForce RTX 3080, 6250, 3802, 10240, 95, 98
2026/07/30 23:19:38.665, 0, NVIDIA GeForce RTX 3080, 6250, 3802, 10240, 95, 98
2026/07/30 23:19:38.777, 0, NVIDIA GeForce RTX 3080, 6250, 3802, 10240, 94, 97
2026/07/30 23:19:38.888, 0, NVIDIA GeForce RTX 3080, 6250, 3802, 10240, 94, 97
2026/07/30 23:19:39.000, 0, NVIDIA GeForce RTX 3080, 6250, 3802, 10240, 94, 97
2026/07/30 23:19:39.111, 0, NVIDIA GeForce RTX 3080, 6250, 3802, 10240, 94, 97
2026/07/30 23:19:39.223, 0, NVIDIA GeForce RTX 3080, 6250, 3802, 10240, 94, 97
2026/07/30 23:19:39.332, 0, NVIDIA GeForce RTX 3080, 6250, 3802, 10240, 95, 98
2026/07/30 23:19:39.440, 0, NVIDIA GeForce RTX 3080, 6250, 3802, 10240, 95, 98
2026/07/30 23:19:39.549, 0, NVIDIA GeForce RTX 3080, 6250, 3802, 10240, 95, 98
2026/07/30 23:19:39.658, 0, NVIDIA GeForce RTX 3080, 6250, 3802, 10240, 95, 98
2026/07/30 23:19:39.769, 0, NVIDIA GeForce RTX 3080, 6250, 3802, 10240, 95, 98
2026/07/30 23:19:39.880, 0, NVIDIA GeForce RTX 3080, 6250, 3802, 10240, 95, 98
2026/07/30 23:19:39.992, 0, NVIDIA GeForce RTX 3080, 6250, 3802, 10240, 95, 98
2026/07/30 23:19:40.104, 0, NVIDIA GeForce RTX 3080, 6250, 3802, 10240, 95, 98
2026/07/30 23:19:40.215, 0, NVIDIA GeForce RTX 3080, 6250, 3802, 10240, 95, 98
2026/07/30 23:19:40.326, 0, NVIDIA GeForce RTX 3080, 6250, 3802, 10240, 97, 97
2026/07/30 23:19:40.438, 0, NVIDIA GeForce RTX 3080, 6250, 3802, 10240, 97, 97
2026/07/30 23:19:40.550, 0, NVIDIA GeForce RTX 3080, 6250, 3802, 10240, 97, 97
2026/07/30 23:19:40.662, 0, NVIDIA GeForce RTX 3080, 6250, 3802, 10240, 97, 97
2026/07/30 23:19:40.774, 0, NVIDIA GeForce RTX 3080, 6250, 3802, 10240, 96, 97
2026/07/30 23:19:40.886, 0, NVIDIA GeForce RTX 3080, 6250, 3802, 10240, 96, 97
2026/07/30 23:19:40.998, 0, NVIDIA GeForce RTX 3080, 6250, 3802, 10240, 96, 97
2026/07/30 23:19:41.110, 0, NVIDIA GeForce RTX 3080, 6250, 3802, 10240, 96, 97
2026/07/30 23:19:41.222, 0, NVIDIA GeForce RTX 3080, 6250, 3802, 10240, 96, 97
2026/07/30 23:19:41.331, 0, NVIDIA GeForce RTX 3080, 6250, 3802, 10240, 97, 98
2026/07/30 23:19:41.443, 0, NVIDIA GeForce RTX 3080, 6250, 3802, 10240, 97, 98
2026/07/30 23:19:41.555, 0, NVIDIA GeForce RTX 3080, 6250, 3802, 10240, 97, 98
2026/07/30 23:19:41.667, 0, NVIDIA GeForce RTX 3080, 6250, 3802, 10240, 97, 98
2026/07/30 23:19:41.778, 0, NVIDIA GeForce RTX 3080, 6250, 3802, 10240, 97, 98
2026/07/30 23:19:41.889, 0, NVIDIA GeForce RTX 3080, 6250, 3802, 10240, 97, 98
2026/07/30 23:19:42.001, 0, NVIDIA GeForce RTX 3080, 6250, 3802, 10240, 97, 98
2026/07/30 23:19:42.112, 0, NVIDIA GeForce RTX 3080, 6250, 3802, 10240, 97, 98
2026/07/30 23:19:42.224, 0, NVIDIA GeForce RTX 3080, 6250, 3802, 10240, 97, 98
2026/07/30 23:19:42.334, 0, NVIDIA GeForce RTX 3080, 6250, 3802, 10240, 94, 97
2026/07/30 23:19:42.445, 0, NVIDIA GeForce RTX 3080, 6250, 3802, 10240, 94, 97
2026/07/30 23:19:42.557, 0, NVIDIA GeForce RTX 3080, 6250, 3802, 10240, 94, 97
2026/07/30 23:19:42.669, 0, NVIDIA GeForce RTX 3080, 6250, 3802, 10240, 94, 97
2026/07/30 23:19:42.781, 0, NVIDIA GeForce RTX 3080, 6250, 3802, 10240, 95, 97
2026/07/30 23:19:42.893, 0, NVIDIA GeForce RTX 3080, 6250, 3802, 10240, 95, 97
2026/07/30 23:19:43.005, 0, NVIDIA GeForce RTX 3080, 6250, 3802, 10240, 95, 97
2026/07/30 23:19:43.117, 0, NVIDIA GeForce RTX 3080, 6250, 3802, 10240, 95, 97
2026/07/30 23:19:43.228, 0, NVIDIA GeForce RTX 3080, 6250, 3802, 10240, 95, 97
2026/07/30 23:19:43.340, 0, NVIDIA GeForce RTX 3080, 6250, 3802, 10240, 95, 98
2026/07/30 23:19:43.451, 0, NVIDIA GeForce RTX 3080, 6250, 3802, 10240, 95, 98
2026/07/30 23:19:43.563, 0, NVIDIA GeForce RTX 3080, 6250, 3802, 10240, 95, 98
2026/07/30 23:19:43.674, 0, NVIDIA GeForce RTX 3080, 6250, 3802, 10240, 95, 98
2026/07/30 23:19:43.786, 0, NVIDIA GeForce RTX 3080, 6250, 3802, 10240, 95, 98
2026/07/30 23:19:43.898, 0, NVIDIA GeForce RTX 3080, 6250, 3802, 10240, 95, 98
2026/07/30 23:19:44.010, 0, NVIDIA GeForce RTX 3080, 6250, 3802, 10240, 95, 98
2026/07/30 23:19:44.121, 0, NVIDIA GeForce RTX 3080, 6250, 3802, 10240, 95, 98
2026/07/30 23:19:44.232, 0, NVIDIA GeForce RTX 3080, 6250, 3802, 10240, 95, 98
2026/07/30 23:19:44.344, 0, NVIDIA GeForce RTX 3080, 6250, 3802, 10240, 95, 98
2026/07/30 23:19:44.456, 0, NVIDIA GeForce RTX 3080, 6250, 3802, 10240, 95, 98
2026/07/30 23:19:44.568, 0, NVIDIA GeForce RTX 3080, 6250, 3802, 10240, 95, 98
2026/07/30 23:19:44.680, 0, NVIDIA GeForce RTX 3080, 6250, 3802, 10240, 95, 98
2026/07/30 23:19:44.792, 0, NVIDIA GeForce RTX 3080, 6250, 3802, 10240, 97, 98
2026/07/30 23:19:44.904, 0, NVIDIA GeForce RTX 3080, 6250, 3802, 10240, 97, 98
2026/07/30 23:19:45.016, 0, NVIDIA GeForce RTX 3080, 6250, 3802, 10240, 97, 98
2026/07/30 23:19:45.128, 0, NVIDIA GeForce RTX 3080, 6250, 3802, 10240, 97, 98
2026/07/30 23:19:45.240, 0, NVIDIA GeForce RTX 3080, 6250, 3802, 10240, 96, 97
2026/07/30 23:19:45.352, 0, NVIDIA GeForce RTX 3080, 6250, 3802, 10240, 96, 97
2026/07/30 23:19:45.465, 0, NVIDIA GeForce RTX 3080, 6250, 3802, 10240, 96, 97
2026/07/30 23:19:45.577, 0, NVIDIA GeForce RTX 3080, 6250, 3802, 10240, 96, 97
2026/07/30 23:19:45.688, 0, NVIDIA GeForce RTX 3080, 6250, 3802, 10240, 96, 97
2026/07/30 23:19:45.800, 0, NVIDIA GeForce RTX 3080, 6250, 3802, 10240, 96, 97
2026/07/30 23:19:45.911, 0, NVIDIA GeForce RTX 3080, 6250, 3802, 10240, 96, 97
2026/07/30 23:19:46.023, 0, NVIDIA GeForce RTX 3080, 6250, 3802, 10240, 96, 97
2026/07/30 23:19:46.135, 0, NVIDIA GeForce RTX 3080, 6250, 3802, 10240, 96, 97
2026/07/30 23:19:46.246, 0, NVIDIA GeForce RTX 3080, 6250, 3802, 10240, 95, 95
2026/07/30 23:19:46.355, 0, NVIDIA GeForce RTX 3080, 6250, 3802, 10240, 95, 95
2026/07/30 23:19:46.467, 0, NVIDIA GeForce RTX 3080, 6250, 3802, 10240, 95, 95
2026/07/30 23:19:46.579, 0, NVIDIA GeForce RTX 3080, 6250, 3802, 10240, 95, 95
2026/07/30 23:19:46.690, 0, NVIDIA GeForce RTX 3080, 6250, 3802, 10240, 95, 95
2026/07/30 23:19:46.801, 0, NVIDIA GeForce RTX 3080, 6250, 3802, 10240, 97, 97
2026/07/30 23:19:46.913, 0, NVIDIA GeForce RTX 3080, 6250, 3802, 10240, 97, 97
2026/07/30 23:19:47.025, 0, NVIDIA GeForce RTX 3080, 6250, 3802, 10240, 97, 97
2026/07/30 23:19:47.137, 0, NVIDIA GeForce RTX 3080, 6250, 3802, 10240, 97, 97
2026/07/30 23:19:47.249, 0, NVIDIA GeForce RTX 3080, 6250, 3802, 10240, 98, 97
2026/07/30 23:19:47.361, 0, NVIDIA GeForce RTX 3080, 6250, 3802, 10240, 98, 97
2026/07/30 23:19:47.472, 0, NVIDIA GeForce RTX 3080, 6250, 3802, 10240, 98, 97
2026/07/30 23:19:47.584, 0, NVIDIA GeForce RTX 3080, 6250, 3802, 10240, 98, 97
2026/07/30 23:19:47.696, 0, NVIDIA GeForce RTX 3080, 6250, 3802, 10240, 98, 97
2026/07/30 23:19:47.808, 0, NVIDIA GeForce RTX 3080, 6250, 3802, 10240, 98, 97
2026/07/30 23:19:47.920, 0, NVIDIA GeForce RTX 3080, 6250, 3802, 10240, 98, 97
2026/07/30 23:19:48.031, 0, NVIDIA GeForce RTX 3080, 6250, 3802, 10240, 98, 97
2026/07/30 23:19:48.143, 0, NVIDIA GeForce RTX 3080, 6250, 3802, 10240, 98, 97
2026/07/30 23:19:48.255, 0, NVIDIA GeForce RTX 3080, 6250, 3802, 10240, 95, 98
2026/07/30 23:19:48.367, 0, NVIDIA GeForce RTX 3080, 6250, 3802, 10240, 95, 98
2026/07/30 23:19:48.478, 0, NVIDIA GeForce RTX 3080, 6250, 3802, 10240, 95, 98
2026/07/30 23:19:48.590, 0, NVIDIA GeForce RTX 3080, 6250, 3802, 10240, 95, 98
2026/07/30 23:19:48.702, 0, NVIDIA GeForce RTX 3080, 6250, 3802, 10240, 95, 98
2026/07/30 23:19:48.814, 0, NVIDIA GeForce RTX 3080, 6250, 3802, 10240, 94, 97
2026/07/30 23:19:48.926, 0, NVIDIA GeForce RTX 3080, 6250, 3802, 10240, 94, 97
2026/07/30 23:19:49.039, 0, NVIDIA GeForce RTX 3080, 6250, 3802, 10240, 94, 97
2026/07/30 23:19:49.151, 0, NVIDIA GeForce RTX 3080, 6250, 3802, 10240, 94, 97
2026/07/30 23:19:49.263, 0, NVIDIA GeForce RTX 3080, 6250, 3802, 10240, 96, 98
2026/07/30 23:19:49.374, 0, NVIDIA GeForce RTX 3080, 6250, 3802, 10240, 96, 98
2026/07/30 23:19:49.486, 0, NVIDIA GeForce RTX 3080, 6250, 3802, 10240, 96, 98
2026/07/30 23:19:49.597, 0, NVIDIA GeForce RTX 3080, 6250, 3802, 10240, 96, 98
2026/07/30 23:19:49.709, 0, NVIDIA GeForce RTX 3080, 6250, 3802, 10240, 96, 98
2026/07/30 23:19:49.821, 0, NVIDIA GeForce RTX 3080, 6250, 3802, 10240, 95, 98
2026/07/30 23:19:49.932, 0, NVIDIA GeForce RTX 3080, 6250, 3802, 10240, 95, 98
2026/07/30 23:19:50.044, 0, NVIDIA GeForce RTX 3080, 6250, 3802, 10240, 95, 98
2026/07/30 23:19:50.156, 0, NVIDIA GeForce RTX 3080, 6250, 3802, 10240, 95, 98
2026/07/30 23:19:50.268, 0, NVIDIA GeForce RTX 3080, 6250, 3802, 10240, 97, 98
2026/07/30 23:19:50.380, 0, NVIDIA GeForce RTX 3080, 6250, 3802, 10240, 97, 98
2026/07/30 23:19:50.492, 0, NVIDIA GeForce RTX 3080, 6250, 3802, 10240, 97, 98
2026/07/30 23:19:50.604, 0, NVIDIA GeForce RTX 3080, 6250, 3802, 10240, 97, 98
2026/07/30 23:19:50.716, 0, NVIDIA GeForce RTX 3080, 6250, 3802, 10240, 97, 98
2026/07/30 23:19:50.828, 0, NVIDIA GeForce RTX 3080, 6250, 3802, 10240, 97, 98
2026/07/30 23:19:50.940, 0, NVIDIA GeForce RTX 3080, 6250, 3802, 10240, 97, 98
2026/07/30 23:19:51.052, 0, NVIDIA GeForce RTX 3080, 6250, 3802, 10240, 97, 98
2026/07/30 23:19:51.163, 0, NVIDIA GeForce RTX 3080, 6250, 3802, 10240, 97, 98
2026/07/30 23:19:51.275, 0, NVIDIA GeForce RTX 3080, 6250, 3802, 10240, 97, 98
2026/07/30 23:19:51.387, 0, NVIDIA GeForce RTX 3080, 6250, 3802, 10240, 97, 98
2026/07/30 23:19:51.499, 0, NVIDIA GeForce RTX 3080, 6250, 3802, 10240, 97, 98
2026/07/30 23:19:51.611, 0, NVIDIA GeForce RTX 3080, 6250, 3802, 10240, 97, 98
2026/07/30 23:19:51.723, 0, NVIDIA GeForce RTX 3080, 6250, 3802, 10240, 97, 98
2026/07/30 23:19:51.834, 0, NVIDIA GeForce RTX 3080, 6250, 3802, 10240, 97, 97
2026/07/30 23:19:51.946, 0, NVIDIA GeForce RTX 3080, 6250, 3802, 10240, 97, 97
2026/07/30 23:19:52.058, 0, NVIDIA GeForce RTX 3080, 6250, 3802, 10240, 97, 97
2026/07/30 23:19:52.168, 0, NVIDIA GeForce RTX 3080, 6250, 3802, 10240, 97, 97
2026/07/30 23:19:52.279, 0, NVIDIA GeForce RTX 3080, 6250, 3802, 10240, 96, 98
2026/07/30 23:19:52.389, 0, NVIDIA GeForce RTX 3080, 6250, 3802, 10240, 96, 98
2026/07/30 23:19:52.498, 0, NVIDIA GeForce RTX 3080, 6250, 3802, 10240, 96, 98
2026/07/30 23:19:52.608, 0, NVIDIA GeForce RTX 3080, 6250, 3802, 10240, 96, 98
2026/07/30 23:19:52.718, 0, NVIDIA GeForce RTX 3080, 6250, 3802, 10240, 96, 98
2026/07/30 23:19:52.827, 0, NVIDIA GeForce RTX 3080, 6250, 3802, 10240, 94, 96
2026/07/30 23:19:52.936, 0, NVIDIA GeForce RTX 3080, 6250, 3802, 10240, 94, 96
2026/07/30 23:19:53.048, 0, NVIDIA GeForce RTX 3080, 6250, 3802, 10240, 94, 96
2026/07/30 23:19:53.158, 0, NVIDIA GeForce RTX 3080, 6250, 3802, 10240, 94, 96
2026/07/30 23:19:53.270, 0, NVIDIA GeForce RTX 3080, 6250, 3802, 10240, 96, 98
2026/07/30 23:19:53.382, 0, NVIDIA GeForce RTX 3080, 6250, 3802, 10240, 96, 98
2026/07/30 23:19:53.492, 0, NVIDIA GeForce RTX 3080, 6250, 3802, 10240, 96, 98
2026/07/30 23:19:53.604, 0, NVIDIA GeForce RTX 3080, 6250, 3802, 10240, 96, 98
2026/07/30 23:19:53.715, 0, NVIDIA GeForce RTX 3080, 6250, 3802, 10240, 96, 98
2026/07/30 23:19:53.827, 0, NVIDIA GeForce RTX 3080, 6250, 3802, 10240, 95, 97
2026/07/30 23:19:53.939, 0, NVIDIA GeForce RTX 3080, 6250, 3802, 10240, 95, 97
2026/07/30 23:19:54.051, 0, NVIDIA GeForce RTX 3080, 6250, 3802, 10240, 95, 97
2026/07/30 23:19:54.164, 0, NVIDIA GeForce RTX 3080, 6250, 3802, 10240, 95, 97
2026/07/30 23:19:54.275, 0, NVIDIA GeForce RTX 3080, 6250, 3802, 10240, 97, 98
2026/07/30 23:19:54.385, 0, NVIDIA GeForce RTX 3080, 6250, 3802, 10240, 97, 98
2026/07/30 23:19:54.494, 0, NVIDIA GeForce RTX 3080, 6250, 3802, 10240, 97, 98
2026/07/30 23:19:54.602, 0, NVIDIA GeForce RTX 3080, 6250, 3802, 10240, 97, 98
2026/07/30 23:19:54.713, 0, NVIDIA GeForce RTX 3080, 6250, 3802, 10240, 97, 98
2026/07/30 23:19:54.825, 0, NVIDIA GeForce RTX 3080, 6250, 3802, 10240, 97, 98
2026/07/30 23:19:54.936, 0, NVIDIA GeForce RTX 3080, 6250, 3802, 10240, 97, 98
2026/07/30 23:19:55.047, 0, NVIDIA GeForce RTX 3080, 6250, 3802, 10240, 97, 98
2026/07/30 23:19:55.159, 0, NVIDIA GeForce RTX 3080, 6250, 3802, 10240, 97, 98
2026/07/30 23:19:55.271, 0, NVIDIA GeForce RTX 3080, 6250, 3802, 10240, 97, 98
2026/07/30 23:19:55.382, 0, NVIDIA GeForce RTX 3080, 6250, 3802, 10240, 97, 98
2026/07/30 23:19:55.494, 0, NVIDIA GeForce RTX 3080, 6250, 3802, 10240, 97, 98
2026/07/30 23:19:55.605, 0, NVIDIA GeForce RTX 3080, 6250, 3802, 10240, 97, 98
2026/07/30 23:19:55.715, 0, NVIDIA GeForce RTX 3080, 6250, 3802, 10240, 97, 98
2026/07/30 23:19:55.826, 0, NVIDIA GeForce RTX 3080, 6250, 3802, 10240, 97, 98
2026/07/30 23:19:55.937, 0, NVIDIA GeForce RTX 3080, 6250, 3802, 10240, 97, 98
2026/07/30 23:19:56.048, 0, NVIDIA GeForce RTX 3080, 6250, 3802, 10240, 97, 98
2026/07/30 23:19:56.160, 0, NVIDIA GeForce RTX 3080, 6250, 3802, 10240, 97, 98
2026/07/30 23:19:56.271, 0, NVIDIA GeForce RTX 3080, 6250, 3802, 10240, 96, 98
2026/07/30 23:19:56.383, 0, NVIDIA GeForce RTX 3080, 6250, 3802, 10240, 96, 98
2026/07/30 23:19:56.495, 0, NVIDIA GeForce RTX 3080, 6250, 3802, 10240, 96, 98
2026/07/30 23:19:56.607, 0, NVIDIA GeForce RTX 3080, 6250, 3802, 10240, 96, 98
2026/07/30 23:19:56.719, 0, NVIDIA GeForce RTX 3080, 6250, 3802, 10240, 96, 98
2026/07/30 23:19:56.831, 0, NVIDIA GeForce RTX 3080, 6250, 3802, 10240, 95, 98
2026/07/30 23:19:56.943, 0, NVIDIA GeForce RTX 3080, 6250, 3802, 10240, 95, 98
2026/07/30 23:19:57.055, 0, NVIDIA GeForce RTX 3080, 6250, 3802, 10240, 95, 98
2026/07/30 23:19:57.166, 0, NVIDIA GeForce RTX 3080, 6250, 3802, 10240, 95, 98
2026/07/30 23:19:57.278, 0, NVIDIA GeForce RTX 3080, 6250, 3802, 10240, 95, 98
2026/07/30 23:19:57.390, 0, NVIDIA GeForce RTX 3080, 6250, 3802, 10240, 95, 98
2026/07/30 23:19:57.502, 0, NVIDIA GeForce RTX 3080, 6250, 3802, 10240, 95, 98
2026/07/30 23:19:57.615, 0, NVIDIA GeForce RTX 3080, 6250, 3802, 10240, 95, 98
2026/07/30 23:19:57.726, 0, NVIDIA GeForce RTX 3080, 6250, 3802, 10240, 95, 98
2026/07/30 23:19:57.838, 0, NVIDIA GeForce RTX 3080, 6250, 3802, 10240, 95, 98
2026/07/30 23:19:57.950, 0, NVIDIA GeForce RTX 3080, 6250, 3802, 10240, 95, 98
2026/07/30 23:19:58.062, 0, NVIDIA GeForce RTX 3080, 6250, 3802, 10240, 95, 98
2026/07/30 23:19:58.174, 0, NVIDIA GeForce RTX 3080, 6250, 3802, 10240, 95, 98
2026/07/30 23:19:58.285, 0, NVIDIA GeForce RTX 3080, 6250, 3802, 10240, 95, 98
2026/07/30 23:19:58.397, 0, NVIDIA GeForce RTX 3080, 6250, 3802, 10240, 95, 98
2026/07/30 23:19:58.509, 0, NVIDIA GeForce RTX 3080, 6250, 3802, 10240, 95, 98
2026/07/30 23:19:58.621, 0, NVIDIA GeForce RTX 3080, 6250, 3802, 10240, 95, 98
2026/07/30 23:19:58.732, 0, NVIDIA GeForce RTX 3080, 6250, 3802, 10240, 95, 98
2026/07/30 23:19:58.843, 0, NVIDIA GeForce RTX 3080, 6250, 3802, 10240, 97, 98
2026/07/30 23:19:58.955, 0, NVIDIA GeForce RTX 3080, 6250, 3802, 10240, 97, 98
2026/07/30 23:19:59.067, 0, NVIDIA GeForce RTX 3080, 6250, 3802, 10240, 97, 98
2026/07/30 23:19:59.178, 0, NVIDIA GeForce RTX 3080, 6250, 3802, 10240, 97, 98
2026/07/30 23:19:59.289, 0, NVIDIA GeForce RTX 3080, 6250, 3802, 10240, 97, 98
2026/07/30 23:19:59.398, 0, NVIDIA GeForce RTX 3080, 6250, 3802, 10240, 97, 98
2026/07/30 23:19:59.508, 0, NVIDIA GeForce RTX 3080, 6250, 3802, 10240, 97, 98
2026/07/30 23:19:59.617, 0, NVIDIA GeForce RTX 3080, 6250, 3802, 10240, 97, 98
2026/07/30 23:19:59.729, 0, NVIDIA GeForce RTX 3080, 6250, 3802, 10240, 97, 98
2026/07/30 23:19:59.841, 0, NVIDIA GeForce RTX 3080, 6250, 3802, 10240, 97, 98
2026/07/30 23:19:59.951, 0, NVIDIA GeForce RTX 3080, 6250, 3802, 10240, 97, 98
2026/07/30 23:20:00.062, 0, NVIDIA GeForce RTX 3080, 6250, 3802, 10240, 97, 98
2026/07/30 23:20:00.174, 0, NVIDIA GeForce RTX 3080, 6250, 3802, 10240, 97, 98
2026/07/30 23:20:00.285, 0, NVIDIA GeForce RTX 3080, 6250, 3802, 10240, 98, 98
2026/07/30 23:20:00.397, 0, NVIDIA GeForce RTX 3080, 6250, 3802, 10240, 98, 98
2026/07/30 23:20:00.509, 0, NVIDIA GeForce RTX 3080, 6250, 3802, 10240, 98, 98
2026/07/30 23:20:00.622, 0, NVIDIA GeForce RTX 3080, 6250, 3802, 10240, 98, 98
2026/07/30 23:20:00.734, 0, NVIDIA GeForce RTX 3080, 6250, 3802, 10240, 98, 98
2026/07/30 23:20:00.846, 0, NVIDIA GeForce RTX 3080, 6250, 3802, 10240, 97, 97
2026/07/30 23:20:00.958, 0, NVIDIA GeForce RTX 3080, 6250, 3802, 10240, 97, 97
2026/07/30 23:20:01.070, 0, NVIDIA GeForce RTX 3080, 6250, 3802, 10240, 97, 97
2026/07/30 23:20:01.181, 0, NVIDIA GeForce RTX 3080, 6250, 3802, 10240, 97, 97
2026/07/30 23:20:01.292, 0, NVIDIA GeForce RTX 3080, 6250, 3802, 10240, 97, 97
2026/07/30 23:20:01.404, 0, NVIDIA GeForce RTX 3080, 6250, 3802, 10240, 97, 97
2026/07/30 23:20:01.516, 0, NVIDIA GeForce RTX 3080, 6250, 3802, 10240, 97, 97
2026/07/30 23:20:01.628, 0, NVIDIA GeForce RTX 3080, 6250, 3802, 10240, 97, 97
2026/07/30 23:20:01.740, 0, NVIDIA GeForce RTX 3080, 6250, 3802, 10240, 97, 97
2026/07/30 23:20:01.851, 0, NVIDIA GeForce RTX 3080, 6250, 3802, 10240, 98, 97
2026/07/30 23:20:01.962, 0, NVIDIA GeForce RTX 3080, 6250, 3802, 10240, 98, 97
2026/07/30 23:20:02.074, 0, NVIDIA GeForce RTX 3080, 6250, 3802, 10240, 98, 97
2026/07/30 23:20:02.186, 0, NVIDIA GeForce RTX 3080, 6250, 3802, 10240, 98, 97
2026/07/30 23:20:02.298, 0, NVIDIA GeForce RTX 3080, 6250, 3802, 10240, 96, 98
2026/07/30 23:20:02.409, 0, NVIDIA GeForce RTX 3080, 6250, 3802, 10240, 96, 98
2026/07/30 23:20:02.520, 0, NVIDIA GeForce RTX 3080, 6250, 3802, 10240, 96, 98
2026/07/30 23:20:02.631, 0, NVIDIA GeForce RTX 3080, 6250, 3802, 10240, 96, 98
2026/07/30 23:20:02.742, 0, NVIDIA GeForce RTX 3080, 6250, 3802, 10240, 95, 97
2026/07/30 23:20:02.853, 0, NVIDIA GeForce RTX 3080, 6250, 3802, 10240, 95, 97
2026/07/30 23:20:02.964, 0, NVIDIA GeForce RTX 3080, 6250, 3802, 10240, 95, 97
2026/07/30 23:20:03.076, 0, NVIDIA GeForce RTX 3080, 6250, 3802, 10240, 95, 97
2026/07/30 23:20:03.188, 0, NVIDIA GeForce RTX 3080, 6250, 3802, 10240, 95, 97
2026/07/30 23:20:03.300, 0, NVIDIA GeForce RTX 3080, 6250, 3802, 10240, 95, 98
2026/07/30 23:20:03.412, 0, NVIDIA GeForce RTX 3080, 6250, 3802, 10240, 95, 98
2026/07/30 23:20:03.523, 0, NVIDIA GeForce RTX 3080, 6250, 3802, 10240, 95, 98
2026/07/30 23:20:03.635, 0, NVIDIA GeForce RTX 3080, 6250, 3802, 10240, 95, 98
2026/07/30 23:20:03.747, 0, NVIDIA GeForce RTX 3080, 6250, 3802, 10240, 96, 98
2026/07/30 23:20:03.859, 0, NVIDIA GeForce RTX 3080, 6250, 3802, 10240, 96, 98
2026/07/30 23:20:03.970, 0, NVIDIA GeForce RTX 3080, 6250, 3802, 10240, 96, 98
2026/07/30 23:20:04.082, 0, NVIDIA GeForce RTX 3080, 6250, 3802, 10240, 96, 98
2026/07/30 23:20:04.194, 0, NVIDIA GeForce RTX 3080, 6250, 3802, 10240, 96, 98
2026/07/30 23:20:04.306, 0, NVIDIA GeForce RTX 3080, 6250, 3802, 10240, 97, 98
2026/07/30 23:20:04.418, 0, NVIDIA GeForce RTX 3080, 6250, 3802, 10240, 97, 98
2026/07/30 23:20:04.531, 0, NVIDIA GeForce RTX 3080, 6250, 3802, 10240, 97, 98
2026/07/30 23:20:04.642, 0, NVIDIA GeForce RTX 3080, 6250, 3802, 10240, 97, 98
2026/07/30 23:20:04.754, 0, NVIDIA GeForce RTX 3080, 6250, 3802, 10240, 98, 98
2026/07/30 23:20:04.866, 0, NVIDIA GeForce RTX 3080, 6250, 3802, 10240, 98, 98
2026/07/30 23:20:04.978, 0, NVIDIA GeForce RTX 3080, 6250, 3802, 10240, 98, 98
2026/07/30 23:20:05.089, 0, NVIDIA GeForce RTX 3080, 6250, 3802, 10240, 98, 98
2026/07/30 23:20:05.201, 0, NVIDIA GeForce RTX 3080, 6250, 3802, 10240, 98, 98
2026/07/30 23:20:05.313, 0, NVIDIA GeForce RTX 3080, 6250, 3802, 10240, 97, 98
2026/07/30 23:20:05.424, 0, NVIDIA GeForce RTX 3080, 6250, 3802, 10240, 97, 98
2026/07/30 23:20:05.536, 0, NVIDIA GeForce RTX 3080, 6250, 3802, 10240, 97, 98
2026/07/30 23:20:05.648, 0, NVIDIA GeForce RTX 3080, 6250, 3802, 10240, 97, 98
2026/07/30 23:20:05.760, 0, NVIDIA GeForce RTX 3080, 6250, 3802, 10240, 97, 98
2026/07/30 23:20:05.872, 0, NVIDIA GeForce RTX 3080, 6250, 3802, 10240, 97, 98
2026/07/30 23:20:05.983, 0, NVIDIA GeForce RTX 3080, 6250, 3802, 10240, 97, 98
2026/07/30 23:20:06.094, 0, NVIDIA GeForce RTX 3080, 6250, 3802, 10240, 97, 98
2026/07/30 23:20:06.206, 0, NVIDIA GeForce RTX 3080, 6250, 3802, 10240, 97, 98
2026/07/30 23:20:06.318, 0, NVIDIA GeForce RTX 3080, 6250, 3802, 10240, 96, 98
2026/07/30 23:20:06.429, 0, NVIDIA GeForce RTX 3080, 6250, 3802, 10240, 96, 98
2026/07/30 23:20:06.541, 0, NVIDIA GeForce RTX 3080, 6250, 3802, 10240, 96, 98
2026/07/30 23:20:06.653, 0, NVIDIA GeForce RTX 3080, 6250, 3802, 10240, 96, 98
2026/07/30 23:20:06.765, 0, NVIDIA GeForce RTX 3080, 6250, 3802, 10240, 96, 98
2026/07/30 23:20:06.877, 0, NVIDIA GeForce RTX 3080, 6250, 3802, 10240, 96, 98
2026/07/30 23:20:06.989, 0, NVIDIA GeForce RTX 3080, 6250, 3802, 10240, 96, 98
2026/07/30 23:20:07.101, 0, NVIDIA GeForce RTX 3080, 6250, 3802, 10240, 96, 98
2026/07/30 23:20:07.213, 0, NVIDIA GeForce RTX 3080, 6250, 3802, 10240, 96, 98
2026/07/30 23:20:07.323, 0, NVIDIA GeForce RTX 3080, 6250, 3802, 10240, 96, 98
2026/07/30 23:20:07.433, 0, NVIDIA GeForce RTX 3080, 6250, 3802, 10240, 96, 98
2026/07/30 23:20:07.543, 0, NVIDIA GeForce RTX 3080, 6250, 3802, 10240, 96, 98
2026/07/30 23:20:07.652, 0, NVIDIA GeForce RTX 3080, 6250, 3802, 10240, 96, 98
2026/07/30 23:20:07.762, 0, NVIDIA GeForce RTX 3080, 6250, 3802, 10240, 95, 98
2026/07/30 23:20:07.872, 0, NVIDIA GeForce RTX 3080, 6250, 3802, 10240, 95, 98
2026/07/30 23:20:07.982, 0, NVIDIA GeForce RTX 3080, 6250, 3802, 10240, 95, 98
2026/07/30 23:20:08.094, 0, NVIDIA GeForce RTX 3080, 6250, 3802, 10240, 95, 98
2026/07/30 23:20:08.206, 0, NVIDIA GeForce RTX 3080, 6250, 3802, 10240, 95, 98
2026/07/30 23:20:08.318, 0, NVIDIA GeForce RTX 3080, 6250, 3802, 10240, 97, 98
2026/07/30 23:20:08.430, 0, NVIDIA GeForce RTX 3080, 6250, 3802, 10240, 97, 98
2026/07/30 23:20:08.542, 0, NVIDIA GeForce RTX 3080, 6250, 3802, 10240, 97, 98
2026/07/30 23:20:08.654, 0, NVIDIA GeForce RTX 3080, 6250, 3802, 10240, 97, 98
2026/07/30 23:20:08.766, 0, NVIDIA GeForce RTX 3080, 6250, 3802, 10240, 96, 97
2026/07/30 23:20:08.878, 0, NVIDIA GeForce RTX 3080, 6250, 3802, 10240, 96, 97
2026/07/30 23:20:08.989, 0, NVIDIA GeForce RTX 3080, 6250, 3802, 10240, 96, 97
2026/07/30 23:20:09.101, 0, NVIDIA GeForce RTX 3080, 6250, 3802, 10240, 96, 97
2026/07/30 23:20:09.213, 0, NVIDIA GeForce RTX 3080, 6250, 3802, 10240, 96, 97
2026/07/30 23:20:09.325, 0, NVIDIA GeForce RTX 3080, 6250, 3802, 10240, 95, 96
2026/07/30 23:20:09.438, 0, NVIDIA GeForce RTX 3080, 6250, 3802, 10240, 95, 96
2026/07/30 23:20:09.550, 0, NVIDIA GeForce RTX 3080, 6250, 3802, 10240, 95, 96
2026/07/30 23:20:09.662, 0, NVIDIA GeForce RTX 3080, 6250, 3802, 10240, 95, 96
2026/07/30 23:20:09.774, 0, NVIDIA GeForce RTX 3080, 6250, 3802, 10240, 97, 98
2026/07/30 23:20:09.885, 0, NVIDIA GeForce RTX 3080, 6250, 3802, 10240, 97, 98
2026/07/30 23:20:09.997, 0, NVIDIA GeForce RTX 3080, 6250, 3802, 10240, 97, 98
2026/07/30 23:20:10.109, 0, NVIDIA GeForce RTX 3080, 6250, 3802, 10240, 97, 98
2026/07/30 23:20:10.221, 0, NVIDIA GeForce RTX 3080, 6250, 3802, 10240, 97, 98
2026/07/30 23:20:10.333, 0, NVIDIA GeForce RTX 3080, 6250, 3802, 10240, 95, 98
2026/07/30 23:20:10.445, 0, NVIDIA GeForce RTX 3080, 6250, 3802, 10240, 95, 98
2026/07/30 23:20:10.557, 0, NVIDIA GeForce RTX 3080, 6250, 3802, 10240, 95, 98
2026/07/30 23:20:10.669, 0, NVIDIA GeForce RTX 3080, 6250, 3802, 10240, 95, 98
2026/07/30 23:20:10.781, 0, NVIDIA GeForce RTX 3080, 6250, 3802, 10240, 95, 98
2026/07/30 23:20:10.892, 0, NVIDIA GeForce RTX 3080, 6250, 3802, 10240, 95, 98
2026/07/30 23:20:11.004, 0, NVIDIA GeForce RTX 3080, 6250, 3802, 10240, 95, 98
2026/07/30 23:20:11.115, 0, NVIDIA GeForce RTX 3080, 6250, 3802, 10240, 95, 98
2026/07/30 23:20:11.227, 0, NVIDIA GeForce RTX 3080, 6250, 3802, 10240, 95, 98
2026/07/30 23:20:11.339, 0, NVIDIA GeForce RTX 3080, 6250, 3802, 10240, 95, 97
2026/07/30 23:20:11.451, 0, NVIDIA GeForce RTX 3080, 6250, 3802, 10240, 95, 97
2026/07/30 23:20:11.563, 0, NVIDIA GeForce RTX 3080, 6250, 3802, 10240, 95, 97
2026/07/30 23:20:11.675, 0, NVIDIA GeForce RTX 3080, 6250, 3802, 10240, 95, 97
2026/07/30 23:20:11.787, 0, NVIDIA GeForce RTX 3080, 6250, 3802, 10240, 95, 98
2026/07/30 23:20:11.899, 0, NVIDIA GeForce RTX 3080, 6250, 3802, 10240, 95, 98
2026/07/30 23:20:12.011, 0, NVIDIA GeForce RTX 3080, 6250, 3802, 10240, 95, 98
2026/07/30 23:20:12.123, 0, NVIDIA GeForce RTX 3080, 6250, 3802, 10240, 95, 98
2026/07/30 23:20:12.235, 0, NVIDIA GeForce RTX 3080, 6250, 3802, 10240, 95, 98
2026/07/30 23:20:12.346, 0, NVIDIA GeForce RTX 3080, 6250, 3802, 10240, 95, 98
2026/07/30 23:20:12.454, 0, NVIDIA GeForce RTX 3080, 6250, 3802, 10240, 95, 98
2026/07/30 23:20:12.563, 0, NVIDIA GeForce RTX 3080, 6250, 3802, 10240, 95, 98
2026/07/30 23:20:12.673, 0, NVIDIA GeForce RTX 3080, 6250, 3802, 10240, 95, 98
2026/07/30 23:20:12.781, 0, NVIDIA GeForce RTX 3080, 6250, 3802, 10240, 97, 98
2026/07/30 23:20:12.891, 0, NVIDIA GeForce RTX 3080, 6250, 3802, 10240, 97, 98
2026/07/30 23:20:13.003, 0, NVIDIA GeForce RTX 3080, 6250, 3802, 10240, 97, 98
2026/07/30 23:20:13.114, 0, NVIDIA GeForce RTX 3080, 6250, 3802, 10240, 97, 98
2026/07/30 23:20:13.226, 0, NVIDIA GeForce RTX 3080, 6250, 3802, 10240, 97, 98
2026/07/30 23:20:13.337, 0, NVIDIA GeForce RTX 3080, 6250, 3802, 10240, 96, 97
2026/07/30 23:20:13.448, 0, NVIDIA GeForce RTX 3080, 6250, 3802, 10240, 96, 97
2026/07/30 23:20:13.560, 0, NVIDIA GeForce RTX 3080, 6250, 3802, 10240, 96, 97
2026/07/30 23:20:13.671, 0, NVIDIA GeForce RTX 3080, 6250, 3802, 10240, 96, 97
2026/07/30 23:20:13.782, 0, NVIDIA GeForce RTX 3080, 6250, 3802, 10240, 97, 98
2026/07/30 23:20:13.893, 0, NVIDIA GeForce RTX 3080, 6250, 3802, 10240, 97, 98
2026/07/30 23:20:14.005, 0, NVIDIA GeForce RTX 3080, 6250, 3802, 10240, 97, 98
2026/07/30 23:20:14.117, 0, NVIDIA GeForce RTX 3080, 6250, 3802, 10240, 97, 98
2026/07/30 23:20:14.229, 0, NVIDIA GeForce RTX 3080, 6250, 3802, 10240, 97, 98
2026/07/30 23:20:14.338, 0, NVIDIA GeForce RTX 3080, 6250, 3802, 10240, 96, 96
2026/07/30 23:20:14.453, 0, NVIDIA GeForce RTX 3080, 6250, 3802, 10240, 96, 96
2026/07/30 23:20:14.564, 0, NVIDIA GeForce RTX 3080, 6250, 3802, 10240, 96, 96
2026/07/30 23:20:14.675, 0, NVIDIA GeForce RTX 3080, 6250, 3802, 10240, 96, 96
2026/07/30 23:20:14.787, 0, NVIDIA GeForce RTX 3080, 6250, 3802, 10240, 97, 97
2026/07/30 23:20:14.899, 0, NVIDIA GeForce RTX 3080, 6250, 3802, 10240, 97, 97
2026/07/30 23:20:15.009, 0, NVIDIA GeForce RTX 3080, 6250, 3802, 10240, 97, 97
2026/07/30 23:20:15.120, 0, NVIDIA GeForce RTX 3080, 6250, 3802, 10240, 97, 97
2026/07/30 23:20:15.232, 0, NVIDIA GeForce RTX 3080, 6250, 3802, 10240, 97, 97
2026/07/30 23:20:15.344, 0, NVIDIA GeForce RTX 3080, 6250, 3802, 10240, 98, 98
2026/07/30 23:20:15.457, 0, NVIDIA GeForce RTX 3080, 6250, 3802, 10240, 98, 98
2026/07/30 23:20:15.569, 0, NVIDIA GeForce RTX 3080, 6250, 3802, 10240, 98, 98
2026/07/30 23:20:15.679, 0, NVIDIA GeForce RTX 3080, 6250, 3802, 10240, 98, 98
2026/07/30 23:20:15.790, 0, NVIDIA GeForce RTX 3080, 6250, 3802, 10240, 98, 98
2026/07/30 23:20:15.902, 0, NVIDIA GeForce RTX 3080, 6250, 3802, 10240, 98, 98
2026/07/30 23:20:16.014, 0, NVIDIA GeForce RTX 3080, 6250, 3802, 10240, 98, 98
2026/07/30 23:20:16.126, 0, NVIDIA GeForce RTX 3080, 6250, 3802, 10240, 98, 98
2026/07/30 23:20:16.237, 0, NVIDIA GeForce RTX 3080, 6250, 3802, 10240, 98, 98
2026/07/30 23:20:16.349, 0, NVIDIA GeForce RTX 3080, 6250, 3802, 10240, 95, 98
2026/07/30 23:20:16.461, 0, NVIDIA GeForce RTX 3080, 6250, 3802, 10240, 95, 98
2026/07/30 23:20:16.573, 0, NVIDIA GeForce RTX 3080, 6250, 3802, 10240, 95, 98
2026/07/30 23:20:16.685, 0, NVIDIA GeForce RTX 3080, 6250, 3802, 10240, 95, 98
2026/07/30 23:20:16.796, 0, NVIDIA GeForce RTX 3080, 6250, 3802, 10240, 95, 97
2026/07/30 23:20:16.908, 0, NVIDIA GeForce RTX 3080, 6250, 3802, 10240, 95, 97
2026/07/30 23:20:17.020, 0, NVIDIA GeForce RTX 3080, 6250, 3802, 10240, 95, 97
2026/07/30 23:20:17.132, 0, NVIDIA GeForce RTX 3080, 6250, 3802, 10240, 95, 97
2026/07/30 23:20:17.244, 0, NVIDIA GeForce RTX 3080, 6250, 3802, 10240, 95, 97
2026/07/30 23:20:17.356, 0, NVIDIA GeForce RTX 3080, 6250, 3802, 10240, 95, 97
2026/07/30 23:20:17.468, 0, NVIDIA GeForce RTX 3080, 6250, 3802, 10240, 95, 97
2026/07/30 23:20:17.580, 0, NVIDIA GeForce RTX 3080, 6250, 3802, 10240, 95, 97
2026/07/30 23:20:17.692, 0, NVIDIA GeForce RTX 3080, 6250, 3802, 10240, 95, 97
2026/07/30 23:20:17.804, 0, NVIDIA GeForce RTX 3080, 6250, 3802, 10240, 95, 98
2026/07/30 23:20:17.916, 0, NVIDIA GeForce RTX 3080, 6250, 3802, 10240, 95, 98
2026/07/30 23:20:18.028, 0, NVIDIA GeForce RTX 3080, 6250, 3802, 10240, 95, 98
2026/07/30 23:20:18.140, 0, NVIDIA GeForce RTX 3080, 6250, 3802, 10240, 95, 98
2026/07/30 23:20:18.252, 0, NVIDIA GeForce RTX 3080, 6250, 3802, 10240, 97, 98
2026/07/30 23:20:18.364, 0, NVIDIA GeForce RTX 3080, 6250, 3802, 10240, 97, 98
2026/07/30 23:20:18.476, 0, NVIDIA GeForce RTX 3080, 6250, 3802, 10240, 97, 98
2026/07/30 23:20:18.588, 0, NVIDIA GeForce RTX 3080, 6250, 3802, 10240, 97, 98
2026/07/30 23:20:18.700, 0, NVIDIA GeForce RTX 3080, 6250, 3802, 10240, 97, 98
2026/07/30 23:20:18.812, 0, NVIDIA GeForce RTX 3080, 6250, 3802, 10240, 97, 98
2026/07/30 23:20:18.924, 0, NVIDIA GeForce RTX 3080, 6250, 3802, 10240, 97, 98
2026/07/30 23:20:19.036, 0, NVIDIA GeForce RTX 3080, 6250, 3802, 10240, 97, 98
2026/07/30 23:20:19.147, 0, NVIDIA GeForce RTX 3080, 6250, 3802, 10240, 97, 98
2026/07/30 23:20:19.259, 0, NVIDIA GeForce RTX 3080, 6250, 3802, 10240, 97, 98
2026/07/30 23:20:19.370, 0, NVIDIA GeForce RTX 3080, 6250, 3802, 10240, 97, 98
2026/07/30 23:20:19.480, 0, NVIDIA GeForce RTX 3080, 6250, 3802, 10240, 97, 98
2026/07/30 23:20:19.589, 0, NVIDIA GeForce RTX 3080, 6250, 3802, 10240, 97, 98
2026/07/30 23:20:19.701, 0, NVIDIA GeForce RTX 3080, 6250, 3802, 10240, 97, 98
2026/07/30 23:20:19.813, 0, NVIDIA GeForce RTX 3080, 6250, 3802, 10240, 97, 98
2026/07/30 23:20:19.925, 0, NVIDIA GeForce RTX 3080, 6250, 3802, 10240, 97, 98
2026/07/30 23:20:20.037, 0, NVIDIA GeForce RTX 3080, 6250, 3802, 10240, 97, 98
2026/07/30 23:20:20.149, 0, NVIDIA GeForce RTX 3080, 6250, 3802, 10240, 97, 98
2026/07/30 23:20:20.261, 0, NVIDIA GeForce RTX 3080, 6250, 3802, 10240, 95, 98
2026/07/30 23:20:20.373, 0, NVIDIA GeForce RTX 3080, 6250, 3802, 10240, 95, 98
2026/07/30 23:20:20.484, 0, NVIDIA GeForce RTX 3080, 6250, 3802, 10240, 95, 98
2026/07/30 23:20:20.595, 0, NVIDIA GeForce RTX 3080, 6250, 3802, 10240, 95, 98
2026/07/30 23:20:20.706, 0, NVIDIA GeForce RTX 3080, 6250, 3802, 10240, 95, 98
2026/07/30 23:20:20.818, 0, NVIDIA GeForce RTX 3080, 6250, 3802, 10240, 96, 98
2026/07/30 23:20:20.929, 0, NVIDIA GeForce RTX 3080, 6250, 3802, 10240, 96, 98
2026/07/30 23:20:21.042, 0, NVIDIA GeForce RTX 3080, 6250, 3802, 10240, 96, 98
2026/07/30 23:20:21.153, 0, NVIDIA GeForce RTX 3080, 6250, 3802, 10240, 96, 98
2026/07/30 23:20:21.264, 0, NVIDIA GeForce RTX 3080, 6250, 3802, 10240, 95, 98
2026/07/30 23:20:21.376, 0, NVIDIA GeForce RTX 3080, 6250, 3802, 10240, 95, 98
2026/07/30 23:20:21.487, 0, NVIDIA GeForce RTX 3080, 6250, 3802, 10240, 95, 98
2026/07/30 23:20:21.599, 0, NVIDIA GeForce RTX 3080, 6250, 3802, 10240, 95, 98
2026/07/30 23:20:21.710, 0, NVIDIA GeForce RTX 3080, 6250, 3802, 10240, 95, 98
2026/07/30 23:20:21.822, 0, NVIDIA GeForce RTX 3080, 6250, 3802, 10240, 96, 98
2026/07/30 23:20:21.934, 0, NVIDIA GeForce RTX 3080, 6250, 3802, 10240, 96, 98
2026/07/30 23:20:22.046, 0, NVIDIA GeForce RTX 3080, 6250, 3802, 10240, 96, 98
2026/07/30 23:20:22.158, 0, NVIDIA GeForce RTX 3080, 6250, 3802, 10240, 96, 98
2026/07/30 23:20:22.270, 0, NVIDIA GeForce RTX 3080, 6250, 3802, 10240, 97, 97
2026/07/30 23:20:22.381, 0, NVIDIA GeForce RTX 3080, 6250, 3802, 10240, 97, 97
2026/07/30 23:20:22.493, 0, NVIDIA GeForce RTX 3080, 6250, 3802, 10240, 97, 97
2026/07/30 23:20:22.605, 0, NVIDIA GeForce RTX 3080, 6250, 3802, 10240, 97, 97
2026/07/30 23:20:22.717, 0, NVIDIA GeForce RTX 3080, 6250, 3802, 10240, 97, 97
2026/07/30 23:20:22.829, 0, NVIDIA GeForce RTX 3080, 6250, 3802, 10240, 97, 98
2026/07/30 23:20:22.940, 0, NVIDIA GeForce RTX 3080, 6250, 3802, 10240, 97, 98
2026/07/30 23:20:23.052, 0, NVIDIA GeForce RTX 3080, 6250, 3802, 10240, 97, 98
2026/07/30 23:20:23.163, 0, NVIDIA GeForce RTX 3080, 6250, 3802, 10240, 97, 98
2026/07/30 23:20:23.274, 0, NVIDIA GeForce RTX 3080, 6250, 3802, 10240, 96, 97
2026/07/30 23:20:23.386, 0, NVIDIA GeForce RTX 3080, 6250, 3802, 10240, 96, 97
2026/07/30 23:20:23.498, 0, NVIDIA GeForce RTX 3080, 6250, 3802, 10240, 96, 97
2026/07/30 23:20:23.609, 0, NVIDIA GeForce RTX 3080, 6250, 3802, 10240, 96, 97
2026/07/30 23:20:23.720, 0, NVIDIA GeForce RTX 3080, 6250, 3802, 10240, 96, 97
2026/07/30 23:20:23.832, 0, NVIDIA GeForce RTX 3080, 6250, 3802, 10240, 96, 97
2026/07/30 23:20:23.944, 0, NVIDIA GeForce RTX 3080, 6250, 3802, 10240, 96, 97
2026/07/30 23:20:24.055, 0, NVIDIA GeForce RTX 3080, 6250, 3802, 10240, 96, 97
2026/07/30 23:20:24.167, 0, NVIDIA GeForce RTX 3080, 6250, 3802, 10240, 96, 97
2026/07/30 23:20:24.279, 0, NVIDIA GeForce RTX 3080, 6250, 3802, 10240, 95, 98
2026/07/30 23:20:24.391, 0, NVIDIA GeForce RTX 3080, 6250, 3802, 10240, 95, 98
2026/07/30 23:20:24.503, 0, NVIDIA GeForce RTX 3080, 6250, 3802, 10240, 95, 98
2026/07/30 23:20:24.615, 0, NVIDIA GeForce RTX 3080, 6250, 3802, 10240, 95, 98
2026/07/30 23:20:24.725, 0, NVIDIA GeForce RTX 3080, 6250, 3802, 10240, 95, 98
2026/07/30 23:20:24.837, 0, NVIDIA GeForce RTX 3080, 6250, 3802, 10240, 95, 98
2026/07/30 23:20:24.948, 0, NVIDIA GeForce RTX 3080, 6250, 3802, 10240, 95, 98
2026/07/30 23:20:25.060, 0, NVIDIA GeForce RTX 3080, 6250, 3802, 10240, 95, 98
2026/07/30 23:20:25.172, 0, NVIDIA GeForce RTX 3080, 6250, 3802, 10240, 95, 98
2026/07/30 23:20:25.285, 0, NVIDIA GeForce RTX 3080, 6250, 3802, 10240, 95, 97
2026/07/30 23:20:25.394, 0, NVIDIA GeForce RTX 3080, 6250, 3802, 10240, 95, 97
2026/07/30 23:20:25.503, 0, NVIDIA GeForce RTX 3080, 6250, 3802, 10240, 95, 97
2026/07/30 23:20:25.612, 0, NVIDIA GeForce RTX 3080, 6250, 3802, 10240, 95, 97
2026/07/30 23:20:25.721, 0, NVIDIA GeForce RTX 3080, 6250, 3802, 10240, 95, 97
2026/07/30 23:20:25.830, 0, NVIDIA GeForce RTX 3080, 6250, 3802, 10240, 95, 98
2026/07/30 23:20:25.940, 0, NVIDIA GeForce RTX 3080, 6250, 3802, 10240, 95, 98
2026/07/30 23:20:26.049, 0, NVIDIA GeForce RTX 3080, 6250, 3802, 10240, 95, 98
2026/07/30 23:20:26.157, 0, NVIDIA GeForce RTX 3080, 6250, 3802, 10240, 95, 98
2026/07/30 23:20:26.267, 0, NVIDIA GeForce RTX 3080, 6250, 3802, 10240, 95, 98
2026/07/30 23:20:26.378, 0, NVIDIA GeForce RTX 3080, 6250, 3802, 10240, 95, 98
2026/07/30 23:20:26.490, 0, NVIDIA GeForce RTX 3080, 6250, 3802, 10240, 95, 98
2026/07/30 23:20:26.601, 0, NVIDIA GeForce RTX 3080, 6250, 3802, 10240, 95, 98
2026/07/30 23:20:26.712, 0, NVIDIA GeForce RTX 3080, 6250, 3802, 10240, 95, 98
2026/07/30 23:20:26.824, 0, NVIDIA GeForce RTX 3080, 6250, 3802, 10240, 96, 97
2026/07/30 23:20:26.936, 0, NVIDIA GeForce RTX 3080, 6250, 3802, 10240, 96, 97
2026/07/30 23:20:27.047, 0, NVIDIA GeForce RTX 3080, 6250, 3802, 10240, 96, 97
2026/07/30 23:20:27.159, 0, NVIDIA GeForce RTX 3080, 6250, 3802, 10240, 96, 97
2026/07/30 23:20:27.271, 0, NVIDIA GeForce RTX 3080, 6250, 3802, 10240, 97, 98
2026/07/30 23:20:27.382, 0, NVIDIA GeForce RTX 3080, 6250, 3802, 10240, 97, 98
2026/07/30 23:20:27.491, 0, NVIDIA GeForce RTX 3080, 6250, 3802, 10240, 97, 98
2026/07/30 23:20:27.600, 0, NVIDIA GeForce RTX 3080, 6250, 3802, 10240, 97, 98
2026/07/30 23:20:27.710, 0, NVIDIA GeForce RTX 3080, 6250, 3802, 10240, 97, 98
2026/07/30 23:20:27.819, 0, NVIDIA GeForce RTX 3080, 6250, 3802, 10240, 96, 97
2026/07/30 23:20:27.929, 0, NVIDIA GeForce RTX 3080, 6250, 3802, 10240, 96, 97
2026/07/30 23:20:28.041, 0, NVIDIA GeForce RTX 3080, 6250, 3802, 10240, 96, 97
2026/07/30 23:20:28.152, 0, NVIDIA GeForce RTX 3080, 6250, 3802, 10240, 96, 97
2026/07/30 23:20:28.263, 0, NVIDIA GeForce RTX 3080, 6250, 3802, 10240, 98, 98
2026/07/30 23:20:28.374, 0, NVIDIA GeForce RTX 3080, 6250, 3802, 10240, 98, 98
2026/07/30 23:20:28.486, 0, NVIDIA GeForce RTX 3080, 6250, 3802, 10240, 98, 98
2026/07/30 23:20:28.598, 0, NVIDIA GeForce RTX 3080, 6250, 3802, 10240, 98, 98
2026/07/30 23:20:28.710, 0, NVIDIA GeForce RTX 3080, 6250, 3802, 10240, 98, 98
2026/07/30 23:20:28.822, 0, NVIDIA GeForce RTX 3080, 6250, 3802, 10240, 98, 98
2026/07/30 23:20:28.934, 0, NVIDIA GeForce RTX 3080, 6250, 3802, 10240, 98, 98
2026/07/30 23:20:29.046, 0, NVIDIA GeForce RTX 3080, 6250, 3802, 10240, 98, 98
2026/07/30 23:20:29.158, 0, NVIDIA GeForce RTX 3080, 6250, 3802, 10240, 98, 98
2026/07/30 23:20:29.269, 0, NVIDIA GeForce RTX 3080, 6250, 3802, 10240, 98, 98
2026/07/30 23:20:29.380, 0, NVIDIA GeForce RTX 3080, 6250, 3802, 10240, 98, 98
2026/07/30 23:20:29.490, 0, NVIDIA GeForce RTX 3080, 6250, 3802, 10240, 98, 98
2026/07/30 23:20:29.602, 0, NVIDIA GeForce RTX 3080, 6250, 3802, 10240, 98, 98
2026/07/30 23:20:29.714, 0, NVIDIA GeForce RTX 3080, 6250, 3802, 10240, 98, 98
2026/07/30 23:20:29.826, 0, NVIDIA GeForce RTX 3080, 6250, 3802, 10240, 98, 97
2026/07/30 23:20:29.937, 0, NVIDIA GeForce RTX 3080, 6250, 3802, 10240, 98, 97
2026/07/30 23:20:30.049, 0, NVIDIA GeForce RTX 3080, 6250, 3802, 10240, 98, 97
2026/07/30 23:20:30.161, 0, NVIDIA GeForce RTX 3080, 6250, 3802, 10240, 98, 97
2026/07/30 23:20:30.273, 0, NVIDIA GeForce RTX 3080, 6250, 3802, 10240, 95, 98
2026/07/30 23:20:30.384, 0, NVIDIA GeForce RTX 3080, 6250, 3802, 10240, 95, 98
2026/07/30 23:20:30.495, 0, NVIDIA GeForce RTX 3080, 6250, 3802, 10240, 95, 98
2026/07/30 23:20:30.607, 0, NVIDIA GeForce RTX 3080, 6250, 3802, 10240, 95, 98
2026/07/30 23:20:30.719, 0, NVIDIA GeForce RTX 3080, 6250, 3802, 10240, 95, 98
2026/07/30 23:20:30.831, 0, NVIDIA GeForce RTX 3080, 6250, 3802, 10240, 96, 98
2026/07/30 23:20:30.943, 0, NVIDIA GeForce RTX 3080, 6250, 3802, 10240, 96, 98
2026/07/30 23:20:31.055, 0, NVIDIA GeForce RTX 3080, 6250, 3802, 10240, 96, 98
2026/07/30 23:20:31.166, 0, NVIDIA GeForce RTX 3080, 6250, 3802, 10240, 96, 98
2026/07/30 23:20:31.279, 0, NVIDIA GeForce RTX 3080, 6250, 3802, 10240, 95, 97
2026/07/30 23:20:31.389, 0, NVIDIA GeForce RTX 3080, 6250, 3802, 10240, 95, 97
2026/07/30 23:20:31.501, 0, NVIDIA GeForce RTX 3080, 6250, 3802, 10240, 95, 97
2026/07/30 23:20:31.613, 0, NVIDIA GeForce RTX 3080, 6250, 3802, 10240, 95, 97
2026/07/30 23:20:31.725, 0, NVIDIA GeForce RTX 3080, 6250, 3802, 10240, 95, 97
2026/07/30 23:20:31.837, 0, NVIDIA GeForce RTX 3080, 6250, 3802, 10240, 95, 97
2026/07/30 23:20:31.948, 0, NVIDIA GeForce RTX 3080, 6250, 3802, 10240, 95, 97
2026/07/30 23:20:32.059, 0, NVIDIA GeForce RTX 3080, 6250, 3802, 10240, 95, 97
2026/07/30 23:20:32.171, 0, NVIDIA GeForce RTX 3080, 6250, 3802, 10240, 95, 97
2026/07/30 23:20:32.283, 0, NVIDIA GeForce RTX 3080, 6250, 3802, 10240, 97, 98
2026/07/30 23:20:32.392, 0, NVIDIA GeForce RTX 3080, 6250, 3802, 10240, 97, 98
2026/07/30 23:20:32.502, 0, NVIDIA GeForce RTX 3080, 6250, 3802, 10240, 97, 98
2026/07/30 23:20:32.611, 0, NVIDIA GeForce RTX 3080, 6250, 3802, 10240, 97, 98
2026/07/30 23:20:32.721, 0, NVIDIA GeForce RTX 3080, 6250, 3802, 10240, 97, 98
2026/07/30 23:20:32.830, 0, NVIDIA GeForce RTX 3080, 6250, 3802, 10240, 97, 98
2026/07/30 23:20:32.942, 0, NVIDIA GeForce RTX 3080, 6250, 3802, 10240, 97, 98
2026/07/30 23:20:33.054, 0, NVIDIA GeForce RTX 3080, 6250, 3802, 10240, 97, 98
2026/07/30 23:20:33.165, 0, NVIDIA GeForce RTX 3080, 6250, 3802, 10240, 97, 98
2026/07/30 23:20:33.277, 0, NVIDIA GeForce RTX 3080, 6250, 3802, 10240, 97, 98
2026/07/30 23:20:33.389, 0, NVIDIA GeForce RTX 3080, 6250, 3802, 10240, 97, 98
2026/07/30 23:20:33.501, 0, NVIDIA GeForce RTX 3080, 6250, 3802, 10240, 97, 98
2026/07/30 23:20:33.613, 0, NVIDIA GeForce RTX 3080, 6250, 3802, 10240, 97, 98
2026/07/30 23:20:33.724, 0, NVIDIA GeForce RTX 3080, 6250, 3802, 10240, 97, 98
2026/07/30 23:20:33.835, 0, NVIDIA GeForce RTX 3080, 6250, 3802, 10240, 97, 98
2026/07/30 23:20:33.945, 0, NVIDIA GeForce RTX 3080, 6250, 3802, 10240, 97, 98
2026/07/30 23:20:34.057, 0, NVIDIA GeForce RTX 3080, 6250, 3802, 10240, 97, 98
2026/07/30 23:20:34.169, 0, NVIDIA GeForce RTX 3080, 6250, 3802, 10240, 97, 98
2026/07/30 23:20:34.281, 0, NVIDIA GeForce RTX 3080, 6250, 3802, 10240, 96, 98
2026/07/30 23:20:34.393, 0, NVIDIA GeForce RTX 3080, 6250, 3802, 10240, 96, 98
2026/07/30 23:20:34.501, 0, NVIDIA GeForce RTX 3080, 6250, 3802, 10240, 96, 98
2026/07/30 23:20:34.612, 0, NVIDIA GeForce RTX 3080, 6250, 3802, 10240, 96, 98
2026/07/30 23:20:34.724, 0, NVIDIA GeForce RTX 3080, 6250, 3802, 10240, 96, 98
2026/07/30 23:20:34.836, 0, NVIDIA GeForce RTX 3080, 6250, 3802, 10240, 95, 98
2026/07/30 23:20:34.947, 0, NVIDIA GeForce RTX 3080, 6250, 3802, 10240, 95, 98
2026/07/30 23:20:35.057, 0, NVIDIA GeForce RTX 3080, 6250, 3802, 10240, 95, 98
2026/07/30 23:20:35.168, 0, NVIDIA GeForce RTX 3080, 6250, 3802, 10240, 95, 98
2026/07/30 23:20:35.280, 0, NVIDIA GeForce RTX 3080, 6250, 3802, 10240, 96, 98
2026/07/30 23:20:35.392, 0, NVIDIA GeForce RTX 3080, 6250, 3802, 10240, 96, 98
2026/07/30 23:20:35.504, 0, NVIDIA GeForce RTX 3080, 6250, 3802, 10240, 96, 98
2026/07/30 23:20:35.616, 0, NVIDIA GeForce RTX 3080, 6250, 3802, 10240, 96, 98
2026/07/30 23:20:35.728, 0, NVIDIA GeForce RTX 3080, 6250, 3802, 10240, 96, 98
2026/07/30 23:20:35.840, 0, NVIDIA GeForce RTX 3080, 6250, 3802, 10240, 96, 98
2026/07/30 23:20:35.952, 0, NVIDIA GeForce RTX 3080, 6250, 3802, 10240, 96, 98
2026/07/30 23:20:36.064, 0, NVIDIA GeForce RTX 3080, 6250, 3802, 10240, 96, 98
2026/07/30 23:20:36.176, 0, NVIDIA GeForce RTX 3080, 6250, 3802, 10240, 96, 98
2026/07/30 23:20:36.288, 0, NVIDIA GeForce RTX 3080, 6250, 3802, 10240, 97, 98
2026/07/30 23:20:36.400, 0, NVIDIA GeForce RTX 3080, 6250, 3802, 10240, 97, 98
2026/07/30 23:20:36.511, 0, NVIDIA GeForce RTX 3080, 6250, 3802, 10240, 97, 98
2026/07/30 23:20:36.623, 0, NVIDIA GeForce RTX 3080, 6250, 3802, 10240, 97, 98
2026/07/30 23:20:36.735, 0, NVIDIA GeForce RTX 3080, 6250, 3802, 10240, 97, 98
2026/07/30 23:20:36.847, 0, NVIDIA GeForce RTX 3080, 6250, 3802, 10240, 97, 98
2026/07/30 23:20:36.959, 0, NVIDIA GeForce RTX 3080, 6250, 3802, 10240, 97, 98
2026/07/30 23:20:37.071, 0, NVIDIA GeForce RTX 3080, 6250, 3802, 10240, 97, 98
2026/07/30 23:20:37.183, 0, NVIDIA GeForce RTX 3080, 6250, 3802, 10240, 97, 98
2026/07/30 23:20:37.294, 0, NVIDIA GeForce RTX 3080, 6250, 3802, 10240, 97, 98
2026/07/30 23:20:37.403, 0, NVIDIA GeForce RTX 3080, 6250, 3802, 10240, 97, 98
2026/07/30 23:20:37.515, 0, NVIDIA GeForce RTX 3080, 6250, 3802, 10240, 97, 98
2026/07/30 23:20:37.625, 0, NVIDIA GeForce RTX 3080, 6250, 3802, 10240, 97, 98
2026/07/30 23:20:37.737, 0, NVIDIA GeForce RTX 3080, 6250, 3802, 10240, 97, 98
2026/07/30 23:20:37.848, 0, NVIDIA GeForce RTX 3080, 6250, 3802, 10240, 96, 97
2026/07/30 23:20:37.960, 0, NVIDIA GeForce RTX 3080, 6250, 3802, 10240, 96, 97
2026/07/30 23:20:38.072, 0, NVIDIA GeForce RTX 3080, 6250, 3802, 10240, 96, 97
2026/07/30 23:20:38.183, 0, NVIDIA GeForce RTX 3080, 6250, 3802, 10240, 96, 97
2026/07/30 23:20:38.295, 0, NVIDIA GeForce RTX 3080, 6250, 3802, 10240, 93, 96
2026/07/30 23:20:38.407, 0, NVIDIA GeForce RTX 3080, 6250, 3802, 10240, 93, 96
2026/07/30 23:20:38.519, 0, NVIDIA GeForce RTX 3080, 6250, 3802, 10240, 93, 96
2026/07/30 23:20:38.630, 0, NVIDIA GeForce RTX 3080, 6250, 3802, 10240, 93, 96
2026/07/30 23:20:38.742, 0, NVIDIA GeForce RTX 3080, 6250, 3802, 10240, 93, 96
2026/07/30 23:20:38.854, 0, NVIDIA GeForce RTX 3080, 6250, 3802, 10240, 95, 98
2026/07/30 23:20:38.966, 0, NVIDIA GeForce RTX 3080, 6250, 3802, 10240, 95, 98
2026/07/30 23:20:39.078, 0, NVIDIA GeForce RTX 3080, 6250, 3802, 10240, 95, 98
2026/07/30 23:20:39.190, 0, NVIDIA GeForce RTX 3080, 6250, 3802, 10240, 95, 98
2026/07/30 23:20:39.302, 0, NVIDIA GeForce RTX 3080, 6250, 3802, 10240, 95, 98
2026/07/30 23:20:39.413, 0, NVIDIA GeForce RTX 3080, 6250, 3802, 10240, 95, 98
2026/07/30 23:20:39.523, 0, NVIDIA GeForce RTX 3080, 6250, 3802, 10240, 95, 98
2026/07/30 23:20:39.634, 0, NVIDIA GeForce RTX 3080, 6250, 3802, 10240, 95, 98
2026/07/30 23:20:39.746, 0, NVIDIA GeForce RTX 3080, 6250, 3802, 10240, 95, 98
2026/07/30 23:20:39.858, 0, NVIDIA GeForce RTX 3080, 6250, 3802, 10240, 95, 98
2026/07/30 23:20:39.968, 0, NVIDIA GeForce RTX 3080, 6250, 3802, 10240, 95, 98
2026/07/30 23:20:40.078, 0, NVIDIA GeForce RTX 3080, 6250, 3802, 10240, 95, 98
2026/07/30 23:20:40.190, 0, NVIDIA GeForce RTX 3080, 6250, 3802, 10240, 95, 98
2026/07/30 23:20:40.302, 0, NVIDIA GeForce RTX 3080, 6250, 3802, 10240, 91, 95
2026/07/30 23:20:40.413, 0, NVIDIA GeForce RTX 3080, 6250, 3802, 10240, 91, 95
2026/07/30 23:20:40.523, 0, NVIDIA GeForce RTX 3080, 6250, 3802, 10240, 91, 95
2026/07/30 23:20:40.634, 0, NVIDIA GeForce RTX 3080, 6250, 3802, 10240, 91, 95
2026/07/30 23:20:40.746, 0, NVIDIA GeForce RTX 3080, 6250, 3802, 10240, 97, 98
2026/07/30 23:20:40.857, 0, NVIDIA GeForce RTX 3080, 6250, 3802, 10240, 97, 98
2026/07/30 23:20:40.968, 0, NVIDIA GeForce RTX 3080, 6250, 3802, 10240, 97, 98
2026/07/30 23:20:41.079, 0, NVIDIA GeForce RTX 3080, 6250, 3802, 10240, 97, 98
2026/07/30 23:20:41.190, 0, NVIDIA GeForce RTX 3080, 6250, 3802, 10240, 97, 98
2026/07/30 23:20:41.302, 0, NVIDIA GeForce RTX 3080, 6250, 3802, 10240, 96, 98
2026/07/30 23:20:41.413, 0, NVIDIA GeForce RTX 3080, 6250, 3802, 10240, 96, 98
2026/07/30 23:20:41.526, 0, NVIDIA GeForce RTX 3080, 6250, 3802, 10240, 96, 98
2026/07/30 23:20:41.638, 0, NVIDIA GeForce RTX 3080, 6250, 3802, 10240, 96, 98
2026/07/30 23:20:41.750, 0, NVIDIA GeForce RTX 3080, 6250, 3802, 10240, 97, 98
2026/07/30 23:20:41.862, 0, NVIDIA GeForce RTX 3080, 6250, 3802, 10240, 97, 98
2026/07/30 23:20:41.973, 0, NVIDIA GeForce RTX 3080, 6250, 3802, 10240, 97, 98
2026/07/30 23:20:42.085, 0, NVIDIA GeForce RTX 3080, 6250, 3802, 10240, 97, 98
2026/07/30 23:20:42.195, 0, NVIDIA GeForce RTX 3080, 6250, 3802, 10240, 97, 98
2026/07/30 23:20:42.307, 0, NVIDIA GeForce RTX 3080, 6250, 3802, 10240, 98, 98
2026/07/30 23:20:42.419, 0, NVIDIA GeForce RTX 3080, 6250, 3802, 10240, 98, 98
2026/07/30 23:20:42.531, 0, NVIDIA GeForce RTX 3080, 6250, 3802, 10240, 98, 98
2026/07/30 23:20:42.643, 0, NVIDIA GeForce RTX 3080, 6250, 3802, 10240, 98, 98
2026/07/30 23:20:42.755, 0, NVIDIA GeForce RTX 3080, 6250, 3802, 10240, 97, 97
2026/07/30 23:20:42.867, 0, NVIDIA GeForce RTX 3080, 6250, 3802, 10240, 97, 97
2026/07/30 23:20:42.978, 0, NVIDIA GeForce RTX 3080, 6250, 3802, 10240, 97, 97
2026/07/30 23:20:43.090, 0, NVIDIA GeForce RTX 3080, 6250, 3802, 10240, 97, 97
2026/07/30 23:20:43.201, 0, NVIDIA GeForce RTX 3080, 6250, 3802, 10240, 97, 97
2026/07/30 23:20:43.313, 0, NVIDIA GeForce RTX 3080, 6250, 3802, 10240, 98, 98
2026/07/30 23:20:43.425, 0, NVIDIA GeForce RTX 3080, 6250, 3802, 10240, 98, 98
2026/07/30 23:20:43.537, 0, NVIDIA GeForce RTX 3080, 6250, 3802, 10240, 98, 98
2026/07/30 23:20:43.649, 0, NVIDIA GeForce RTX 3080, 6250, 3802, 10240, 98, 98
2026/07/30 23:20:43.761, 0, NVIDIA GeForce RTX 3080, 6250, 3802, 10240, 96, 96
2026/07/30 23:20:43.873, 0, NVIDIA GeForce RTX 3080, 6250, 3802, 10240, 96, 96
2026/07/30 23:20:43.985, 0, NVIDIA GeForce RTX 3080, 6250, 3802, 10240, 96, 96
2026/07/30 23:20:44.096, 0, NVIDIA GeForce RTX 3080, 6250, 3802, 10240, 96, 96
2026/07/30 23:20:44.208, 0, NVIDIA GeForce RTX 3080, 6250, 3802, 10240, 96, 96
2026/07/30 23:20:44.320, 0, NVIDIA GeForce RTX 3080, 6250, 3802, 10240, 95, 97
2026/07/30 23:20:44.432, 0, NVIDIA GeForce RTX 3080, 6250, 3802, 10240, 95, 97
2026/07/30 23:20:44.544, 0, NVIDIA GeForce RTX 3080, 6250, 3802, 10240, 95, 97
2026/07/30 23:20:44.656, 0, NVIDIA GeForce RTX 3080, 6250, 3802, 10240, 95, 97
2026/07/30 23:20:44.768, 0, NVIDIA GeForce RTX 3080, 6250, 3802, 10240, 96, 98
2026/07/30 23:20:44.880, 0, NVIDIA GeForce RTX 3080, 6250, 3802, 10240, 96, 98
2026/07/30 23:20:44.992, 0, NVIDIA GeForce RTX 3080, 6250, 3802, 10240, 96, 98
2026/07/30 23:20:45.104, 0, NVIDIA GeForce RTX 3080, 6250, 3802, 10240, 96, 98
2026/07/30 23:20:45.216, 0, NVIDIA GeForce RTX 3080, 6250, 3802, 10240, 96, 98
2026/07/30 23:20:45.328, 0, NVIDIA GeForce RTX 3080, 6250, 3802, 10240, 95, 98
2026/07/30 23:20:45.439, 0, NVIDIA GeForce RTX 3080, 6250, 3802, 10240, 95, 98
2026/07/30 23:20:45.551, 0, NVIDIA GeForce RTX 3080, 6250, 3802, 10240, 95, 98
2026/07/30 23:20:45.663, 0, NVIDIA GeForce RTX 3080, 6250, 3802, 10240, 95, 98
2026/07/30 23:20:45.775, 0, NVIDIA GeForce RTX 3080, 6250, 3802, 10240, 95, 97
2026/07/30 23:20:45.887, 0, NVIDIA GeForce RTX 3080, 6250, 3802, 10240, 95, 97
2026/07/30 23:20:45.999, 0, NVIDIA GeForce RTX 3080, 6250, 3802, 10240, 95, 97
2026/07/30 23:20:46.111, 0, NVIDIA GeForce RTX 3080, 6250, 3802, 10240, 95, 97
2026/07/30 23:20:46.223, 0, NVIDIA GeForce RTX 3080, 6250, 3802, 10240, 95, 97
2026/07/30 23:20:46.334, 0, NVIDIA GeForce RTX 3080, 6250, 3802, 10240, 98, 98
2026/07/30 23:20:46.444, 0, NVIDIA GeForce RTX 3080, 6250, 3802, 10240, 98, 98
2026/07/30 23:20:46.556, 0, NVIDIA GeForce RTX 3080, 6250, 3802, 10240, 98, 98
2026/07/30 23:20:46.668, 0, NVIDIA GeForce RTX 3080, 6250, 3802, 10240, 98, 98
2026/07/30 23:20:46.780, 0, NVIDIA GeForce RTX 3080, 6250, 3802, 10240, 97, 98
2026/07/30 23:20:46.892, 0, NVIDIA GeForce RTX 3080, 6250, 3802, 10240, 97, 98
2026/07/30 23:20:47.004, 0, NVIDIA GeForce RTX 3080, 6250, 3802, 10240, 97, 98
2026/07/30 23:20:47.115, 0, NVIDIA GeForce RTX 3080, 6250, 3802, 10240, 97, 98
2026/07/30 23:20:47.227, 0, NVIDIA GeForce RTX 3080, 6250, 3802, 10240, 97, 98
2026/07/30 23:20:47.340, 0, NVIDIA GeForce RTX 3080, 6250, 3802, 10240, 97, 98
2026/07/30 23:20:47.449, 0, NVIDIA GeForce RTX 3080, 6250, 3802, 10240, 97, 98
2026/07/30 23:20:47.559, 0, NVIDIA GeForce RTX 3080, 6250, 3802, 10240, 97, 98
2026/07/30 23:20:47.668, 0, NVIDIA GeForce RTX 3080, 6250, 3802, 10240, 97, 98
2026/07/30 23:20:47.777, 0, NVIDIA GeForce RTX 3080, 6250, 3802, 10240, 97, 98
2026/07/30 23:20:47.888, 0, NVIDIA GeForce RTX 3080, 6250, 3802, 10240, 97, 98
2026/07/30 23:20:48.000, 0, NVIDIA GeForce RTX 3080, 6250, 3802, 10240, 97, 98
2026/07/30 23:20:48.112, 0, NVIDIA GeForce RTX 3080, 6250, 3802, 10240, 97, 98
2026/07/30 23:20:48.224, 0, NVIDIA GeForce RTX 3080, 6250, 3802, 10240, 97, 98
2026/07/30 23:20:48.336, 0, NVIDIA GeForce RTX 3080, 6250, 3802, 10240, 95, 98
2026/07/30 23:20:48.448, 0, NVIDIA GeForce RTX 3080, 6250, 3802, 10240, 95, 98
2026/07/30 23:20:48.560, 0, NVIDIA GeForce RTX 3080, 6250, 3802, 10240, 95, 98
2026/07/30 23:20:48.672, 0, NVIDIA GeForce RTX 3080, 6250, 3802, 10240, 95, 98
2026/07/30 23:20:48.784, 0, NVIDIA GeForce RTX 3080, 6250, 3802, 10240, 95, 98
2026/07/30 23:20:48.895, 0, NVIDIA GeForce RTX 3080, 6250, 3802, 10240, 95, 98
2026/07/30 23:20:49.006, 0, NVIDIA GeForce RTX 3080, 6250, 3802, 10240, 95, 98
2026/07/30 23:20:49.117, 0, NVIDIA GeForce RTX 3080, 6250, 3802, 10240, 95, 98
2026/07/30 23:20:49.229, 0, NVIDIA GeForce RTX 3080, 6250, 3802, 10240, 95, 98
2026/07/30 23:20:49.341, 0, NVIDIA GeForce RTX 3080, 6250, 3802, 10240, 95, 98
2026/07/30 23:20:49.453, 0, NVIDIA GeForce RTX 3080, 6250, 3802, 10240, 95, 98
2026/07/30 23:20:49.564, 0, NVIDIA GeForce RTX 3080, 6250, 3802, 10240, 95, 98
2026/07/30 23:20:49.675, 0, NVIDIA GeForce RTX 3080, 6250, 3802, 10240, 95, 98
2026/07/30 23:20:49.787, 0, NVIDIA GeForce RTX 3080, 6250, 3802, 10240, 96, 98
2026/07/30 23:20:49.897, 0, NVIDIA GeForce RTX 3080, 6250, 3802, 10240, 96, 98
2026/07/30 23:20:50.009, 0, NVIDIA GeForce RTX 3080, 6250, 3802, 10240, 96, 98
2026/07/30 23:20:50.120, 0, NVIDIA GeForce RTX 3080, 6250, 3802, 10240, 96, 98
2026/07/30 23:20:50.231, 0, NVIDIA GeForce RTX 3080, 6250, 3802, 10240, 96, 98
2026/07/30 23:20:50.341, 0, NVIDIA GeForce RTX 3080, 6250, 3802, 10240, 97, 98
2026/07/30 23:20:50.453, 0, NVIDIA GeForce RTX 3080, 6250, 3802, 10240, 97, 98
2026/07/30 23:20:50.566, 0, NVIDIA GeForce RTX 3080, 6250, 3802, 10240, 97, 98
2026/07/30 23:20:50.678, 0, NVIDIA GeForce RTX 3080, 6250, 3802, 10240, 97, 98
2026/07/30 23:20:50.790, 0, NVIDIA GeForce RTX 3080, 6250, 3802, 10240, 97, 98
2026/07/30 23:20:50.902, 0, NVIDIA GeForce RTX 3080, 6250, 3802, 10240, 97, 98
2026/07/30 23:20:51.014, 0, NVIDIA GeForce RTX 3080, 6250, 3802, 10240, 97, 98
2026/07/30 23:20:51.126, 0, NVIDIA GeForce RTX 3080, 6250, 3802, 10240, 97, 98
2026/07/30 23:20:51.238, 0, NVIDIA GeForce RTX 3080, 6250, 3802, 10240, 97, 98
2026/07/30 23:20:51.350, 0, NVIDIA GeForce RTX 3080, 6250, 3802, 10240, 97, 98
2026/07/30 23:20:51.461, 0, NVIDIA GeForce RTX 3080, 6250, 3802, 10240, 97, 98
2026/07/30 23:20:51.573, 0, NVIDIA GeForce RTX 3080, 6250, 3802, 10240, 97, 98
2026/07/30 23:20:51.685, 0, NVIDIA GeForce RTX 3080, 6250, 3802, 10240, 97, 98
2026/07/30 23:20:51.797, 0, NVIDIA GeForce RTX 3080, 6250, 3802, 10240, 97, 98
2026/07/30 23:20:51.909, 0, NVIDIA GeForce RTX 3080, 6250, 3802, 10240, 97, 98
2026/07/30 23:20:52.021, 0, NVIDIA GeForce RTX 3080, 6250, 3802, 10240, 97, 98
2026/07/30 23:20:52.132, 0, NVIDIA GeForce RTX 3080, 6250, 3802, 10240, 97, 98
2026/07/30 23:20:52.244, 0, NVIDIA GeForce RTX 3080, 6250, 3802, 10240, 97, 98
2026/07/30 23:20:52.356, 0, NVIDIA GeForce RTX 3080, 6250, 3802, 10240, 96, 98
2026/07/30 23:20:52.466, 0, NVIDIA GeForce RTX 3080, 6250, 3802, 10240, 96, 98
2026/07/30 23:20:52.575, 0, NVIDIA GeForce RTX 3080, 6250, 3802, 10240, 96, 98
2026/07/30 23:20:52.684, 0, NVIDIA GeForce RTX 3080, 6250, 3802, 10240, 96, 98
2026/07/30 23:20:52.794, 0, NVIDIA GeForce RTX 3080, 6250, 3802, 10240, 95, 98
2026/07/30 23:20:52.906, 0, NVIDIA GeForce RTX 3080, 6250, 3802, 10240, 95, 98
2026/07/30 23:20:53.018, 0, NVIDIA GeForce RTX 3080, 6250, 3802, 10240, 95, 98
2026/07/30 23:20:53.130, 0, NVIDIA GeForce RTX 3080, 6250, 3802, 10240, 95, 98
2026/07/30 23:20:53.242, 0, NVIDIA GeForce RTX 3080, 6250, 3802, 10240, 95, 98
2026/07/30 23:20:53.354, 0, NVIDIA GeForce RTX 3080, 6250, 3802, 10240, 94, 97
2026/07/30 23:20:53.466, 0, NVIDIA GeForce RTX 3080, 6250, 3802, 10240, 94, 97
2026/07/30 23:20:53.578, 0, NVIDIA GeForce RTX 3080, 6250, 3802, 10240, 94, 97
2026/07/30 23:20:53.689, 0, NVIDIA GeForce RTX 3080, 6250, 3802, 10240, 94, 97
2026/07/30 23:20:53.801, 0, NVIDIA GeForce RTX 3080, 6250, 3802, 10240, 95, 98
2026/07/30 23:20:53.912, 0, NVIDIA GeForce RTX 3080, 6250, 3802, 10240, 95, 98
2026/07/30 23:20:54.024, 0, NVIDIA GeForce RTX 3080, 6250, 3802, 10240, 95, 98
2026/07/30 23:20:54.135, 0, NVIDIA GeForce RTX 3080, 6250, 3802, 10240, 95, 98
2026/07/30 23:20:54.246, 0, NVIDIA GeForce RTX 3080, 6250, 3802, 10240, 97, 98
2026/07/30 23:20:54.357, 0, NVIDIA GeForce RTX 3080, 6250, 3802, 10240, 97, 98
2026/07/30 23:20:54.467, 0, NVIDIA GeForce RTX 3080, 6250, 3802, 10240, 97, 98
2026/07/30 23:20:54.579, 0, NVIDIA GeForce RTX 3080, 6250, 3802, 10240, 97, 98
2026/07/30 23:20:54.690, 0, NVIDIA GeForce RTX 3080, 6250, 3802, 10240, 97, 98
2026/07/30 23:20:54.802, 0, NVIDIA GeForce RTX 3080, 6250, 3802, 10240, 96, 97
2026/07/30 23:20:54.914, 0, NVIDIA GeForce RTX 3080, 6250, 3802, 10240, 96, 97
2026/07/30 23:20:55.026, 0, NVIDIA GeForce RTX 3080, 6250, 3802, 10240, 96, 97
2026/07/30 23:20:55.138, 0, NVIDIA GeForce RTX 3080, 6250, 3802, 10240, 96, 97
2026/07/30 23:20:55.250, 0, NVIDIA GeForce RTX 3080, 6250, 3802, 10240, 96, 97
2026/07/30 23:20:55.362, 0, NVIDIA GeForce RTX 3080, 6250, 3802, 10240, 96, 97
2026/07/30 23:20:55.474, 0, NVIDIA GeForce RTX 3080, 6250, 3802, 10240, 96, 97
2026/07/30 23:20:55.586, 0, NVIDIA GeForce RTX 3080, 6250, 3802, 10240, 96, 97
2026/07/30 23:20:55.698, 0, NVIDIA GeForce RTX 3080, 6250, 3802, 10240, 96, 97
2026/07/30 23:20:55.810, 0, NVIDIA GeForce RTX 3080, 6250, 3802, 10240, 96, 97
2026/07/30 23:20:55.922, 0, NVIDIA GeForce RTX 3080, 6250, 3802, 10240, 96, 97
2026/07/30 23:20:56.034, 0, NVIDIA GeForce RTX 3080, 6250, 3802, 10240, 96, 97
2026/07/30 23:20:56.146, 0, NVIDIA GeForce RTX 3080, 6250, 3802, 10240, 96, 97
2026/07/30 23:20:56.258, 0, NVIDIA GeForce RTX 3080, 6250, 3802, 10240, 98, 98
2026/07/30 23:20:56.370, 0, NVIDIA GeForce RTX 3080, 6250, 3802, 10240, 98, 98
2026/07/30 23:20:56.482, 0, NVIDIA GeForce RTX 3080, 6250, 3802, 10240, 98, 98
2026/07/30 23:20:56.594, 0, NVIDIA GeForce RTX 3080, 6250, 3802, 10240, 98, 98
2026/07/30 23:20:56.706, 0, NVIDIA GeForce RTX 3080, 6250, 3802, 10240, 98, 98
2026/07/30 23:20:56.818, 0, NVIDIA GeForce RTX 3080, 6250, 3802, 10240, 98, 98
2026/07/30 23:20:56.930, 0, NVIDIA GeForce RTX 3080, 6250, 3802, 10240, 98, 98
2026/07/30 23:20:57.042, 0, NVIDIA GeForce RTX 3080, 6250, 3802, 10240, 98, 98
2026/07/30 23:20:57.154, 0, NVIDIA GeForce RTX 3080, 6250, 3802, 10240, 98, 98
2026/07/30 23:20:57.266, 0, NVIDIA GeForce RTX 3080, 6250, 3802, 10240, 98, 98
2026/07/30 23:20:57.378, 0, NVIDIA GeForce RTX 3080, 6250, 3802, 10240, 98, 98
2026/07/30 23:20:57.488, 0, NVIDIA GeForce RTX 3080, 6250, 3802, 10240, 98, 98
2026/07/30 23:20:57.600, 0, NVIDIA GeForce RTX 3080, 6250, 3802, 10240, 98, 98
2026/07/30 23:20:57.712, 0, NVIDIA GeForce RTX 3080, 6250, 3802, 10240, 98, 98
2026/07/30 23:20:57.824, 0, NVIDIA GeForce RTX 3080, 6250, 3802, 10240, 98, 98
2026/07/30 23:20:57.935, 0, NVIDIA GeForce RTX 3080, 6250, 3802, 10240, 98, 98
2026/07/30 23:20:58.047, 0, NVIDIA GeForce RTX 3080, 6250, 3802, 10240, 98, 98
2026/07/30 23:20:58.158, 0, NVIDIA GeForce RTX 3080, 6250, 3802, 10240, 98, 98
2026/07/30 23:20:58.270, 0, NVIDIA GeForce RTX 3080, 6250, 3802, 10240, 95, 98
2026/07/30 23:20:58.382, 0, NVIDIA GeForce RTX 3080, 6250, 3802, 10240, 95, 98
2026/07/30 23:20:58.493, 0, NVIDIA GeForce RTX 3080, 6250, 3802, 10240, 95, 98
2026/07/30 23:20:58.604, 0, NVIDIA GeForce RTX 3080, 6250, 3802, 10240, 95, 98
2026/07/30 23:20:58.715, 0, NVIDIA GeForce RTX 3080, 6250, 3802, 10240, 95, 98
2026/07/30 23:20:58.827, 0, NVIDIA GeForce RTX 3080, 6250, 3802, 10240, 95, 98
2026/07/30 23:20:58.939, 0, NVIDIA GeForce RTX 3080, 6250, 3802, 10240, 95, 98
2026/07/30 23:20:59.051, 0, NVIDIA GeForce RTX 3080, 6250, 3802, 10240, 95, 98
2026/07/30 23:20:59.163, 0, NVIDIA GeForce RTX 3080, 6250, 3802, 10240, 95, 98
2026/07/30 23:20:59.275, 0, NVIDIA GeForce RTX 3080, 6250, 3802, 10240, 95, 98
2026/07/30 23:20:59.387, 0, NVIDIA GeForce RTX 3080, 6250, 3802, 10240, 95, 98
2026/07/30 23:20:59.497, 0, NVIDIA GeForce RTX 3080, 6250, 3802, 10240, 95, 98
2026/07/30 23:20:59.609, 0, NVIDIA GeForce RTX 3080, 6250, 3802, 10240, 95, 98
2026/07/30 23:20:59.721, 0, NVIDIA GeForce RTX 3080, 6250, 3802, 10240, 95, 98
2026/07/30 23:20:59.833, 0, NVIDIA GeForce RTX 3080, 6250, 3802, 10240, 95, 98
2026/07/30 23:20:59.944, 0, NVIDIA GeForce RTX 3080, 6250, 3802, 10240, 95, 98
2026/07/30 23:21:00.056, 0, NVIDIA GeForce RTX 3080, 6250, 3802, 10240, 95, 98
2026/07/30 23:21:00.168, 0, NVIDIA GeForce RTX 3080, 6250, 3802, 10240, 95, 98
2026/07/30 23:21:00.279, 0, NVIDIA GeForce RTX 3080, 6250, 3802, 10240, 96, 97
2026/07/30 23:21:00.391, 0, NVIDIA GeForce RTX 3080, 6250, 3802, 10240, 96, 97
2026/07/30 23:21:00.503, 0, NVIDIA GeForce RTX 3080, 6250, 3802, 10240, 96, 97
2026/07/30 23:21:00.615, 0, NVIDIA GeForce RTX 3080, 6250, 3802, 10240, 96, 97
2026/07/30 23:21:00.726, 0, NVIDIA GeForce RTX 3080, 6250, 3802, 10240, 96, 97
2026/07/30 23:21:00.838, 0, NVIDIA GeForce RTX 3080, 6250, 3802, 10240, 96, 97
2026/07/30 23:21:00.948, 0, NVIDIA GeForce RTX 3080, 6250, 3802, 10240, 96, 97
2026/07/30 23:21:01.060, 0, NVIDIA GeForce RTX 3080, 6250, 3802, 10240, 96, 97
2026/07/30 23:21:01.170, 0, NVIDIA GeForce RTX 3080, 6250, 3802, 10240, 96, 97
2026/07/30 23:21:01.282, 0, NVIDIA GeForce RTX 3080, 6250, 3802, 10240, 97, 98
2026/07/30 23:21:01.393, 0, NVIDIA GeForce RTX 3080, 6250, 3802, 10240, 97, 98
2026/07/30 23:21:01.504, 0, NVIDIA GeForce RTX 3080, 6250, 3802, 10240, 97, 98
2026/07/30 23:21:01.615, 0, NVIDIA GeForce RTX 3080, 6250, 3802, 10240, 97, 98
2026/07/30 23:21:01.727, 0, NVIDIA GeForce RTX 3080, 6250, 3802, 10240, 97, 98
2026/07/30 23:21:01.837, 0, NVIDIA GeForce RTX 3080, 6250, 3802, 10240, 97, 98
2026/07/30 23:21:01.948, 0, NVIDIA GeForce RTX 3080, 6250, 3802, 10240, 97, 98
2026/07/30 23:21:02.060, 0, NVIDIA GeForce RTX 3080, 6250, 3802, 10240, 97, 98
2026/07/30 23:21:02.172, 0, NVIDIA GeForce RTX 3080, 6250, 3802, 10240, 97, 98
2026/07/30 23:21:02.283, 0, NVIDIA GeForce RTX 3080, 6250, 3802, 10240, 95, 98
2026/07/30 23:21:02.395, 0, NVIDIA GeForce RTX 3080, 6250, 3802, 10240, 95, 98
2026/07/30 23:21:02.507, 0, NVIDIA GeForce RTX 3080, 6250, 3802, 10240, 95, 98
2026/07/30 23:21:02.618, 0, NVIDIA GeForce RTX 3080, 6250, 3802, 10240, 95, 98
2026/07/30 23:21:02.730, 0, NVIDIA GeForce RTX 3080, 6250, 3802, 10240, 95, 98
2026/07/30 23:21:02.841, 0, NVIDIA GeForce RTX 3080, 6250, 3802, 10240, 96, 98
2026/07/30 23:21:02.952, 0, NVIDIA GeForce RTX 3080, 6250, 3802, 10240, 96, 98
2026/07/30 23:21:03.064, 0, NVIDIA GeForce RTX 3080, 6250, 3802, 10240, 96, 98
2026/07/30 23:21:03.176, 0, NVIDIA GeForce RTX 3080, 6250, 3802, 10240, 96, 98
2026/07/30 23:21:03.288, 0, NVIDIA GeForce RTX 3080, 6250, 3802, 10240, 95, 98
2026/07/30 23:21:03.400, 0, NVIDIA GeForce RTX 3080, 6250, 3802, 10240, 95, 98
2026/07/30 23:21:03.511, 0, NVIDIA GeForce RTX 3080, 6250, 3802, 10240, 95, 98
2026/07/30 23:21:03.623, 0, NVIDIA GeForce RTX 3080, 6250, 3802, 10240, 95, 98
2026/07/30 23:21:03.735, 0, NVIDIA GeForce RTX 3080, 6250, 3802, 10240, 95, 98
2026/07/30 23:21:03.847, 0, NVIDIA GeForce RTX 3080, 6250, 3802, 10240, 95, 98
2026/07/30 23:21:03.958, 0, NVIDIA GeForce RTX 3080, 6250, 3802, 10240, 95, 98
2026/07/30 23:21:04.069, 0, NVIDIA GeForce RTX 3080, 6250, 3802, 10240, 95, 98
2026/07/30 23:21:04.181, 0, NVIDIA GeForce RTX 3080, 6250, 3802, 10240, 95, 98
2026/07/30 23:21:04.293, 0, NVIDIA GeForce RTX 3080, 6250, 3802, 10240, 97, 98
2026/07/30 23:21:04.405, 0, NVIDIA GeForce RTX 3080, 6250, 3802, 10240, 97, 98
2026/07/30 23:21:04.517, 0, NVIDIA GeForce RTX 3080, 6250, 3802, 10240, 97, 98
2026/07/30 23:21:04.629, 0, NVIDIA GeForce RTX 3080, 6250, 3802, 10240, 97, 98
2026/07/30 23:21:04.741, 0, NVIDIA GeForce RTX 3080, 6250, 3802, 10240, 97, 98
2026/07/30 23:21:04.852, 0, NVIDIA GeForce RTX 3080, 6250, 3802, 10240, 97, 98
2026/07/30 23:21:04.963, 0, NVIDIA GeForce RTX 3080, 6250, 3802, 10240, 97, 98
2026/07/30 23:21:05.075, 0, NVIDIA GeForce RTX 3080, 6250, 3802, 10240, 97, 98
2026/07/30 23:21:05.187, 0, NVIDIA GeForce RTX 3080, 6250, 3802, 10240, 97, 98
2026/07/30 23:21:05.296, 0, NVIDIA GeForce RTX 3080, 6250, 3802, 10240, 97, 98
2026/07/30 23:21:05.407, 0, NVIDIA GeForce RTX 3080, 6250, 3802, 10240, 97, 98
2026/07/30 23:21:05.516, 0, NVIDIA GeForce RTX 3080, 6250, 3802, 10240, 97, 98
2026/07/30 23:21:05.626, 0, NVIDIA GeForce RTX 3080, 6250, 3802, 10240, 97, 98
2026/07/30 23:21:05.735, 0, NVIDIA GeForce RTX 3080, 6250, 3802, 10240, 97, 98
2026/07/30 23:21:05.842, 0, NVIDIA GeForce RTX 3080, 6250, 3802, 10240, 97, 98
2026/07/30 23:21:05.952, 0, NVIDIA GeForce RTX 3080, 6250, 3802, 10240, 97, 98
2026/07/30 23:21:06.061, 0, NVIDIA GeForce RTX 3080, 6250, 3802, 10240, 97, 98
2026/07/30 23:21:06.173, 0, NVIDIA GeForce RTX 3080, 6250, 3802, 10240, 97, 98
2026/07/30 23:21:06.284, 0, NVIDIA GeForce RTX 3080, 6250, 3802, 10240, 95, 98
2026/07/30 23:21:06.395, 0, NVIDIA GeForce RTX 3080, 6250, 3802, 10240, 95, 98
2026/07/30 23:21:06.505, 0, NVIDIA GeForce RTX 3080, 6250, 3802, 10240, 95, 98
2026/07/30 23:21:06.617, 0, NVIDIA GeForce RTX 3080, 6250, 3802, 10240, 95, 98
2026/07/30 23:21:06.729, 0, NVIDIA GeForce RTX 3080, 6250, 3802, 10240, 95, 98
2026/07/30 23:21:06.840, 0, NVIDIA GeForce RTX 3080, 6250, 3802, 10240, 95, 97
2026/07/30 23:21:06.951, 0, NVIDIA GeForce RTX 3080, 6250, 3802, 10240, 95, 97
2026/07/30 23:21:07.061, 0, NVIDIA GeForce RTX 3080, 6250, 3802, 10240, 95, 97
2026/07/30 23:21:07.173, 0, NVIDIA GeForce RTX 3080, 6250, 3802, 10240, 95, 97
2026/07/30 23:21:07.285, 0, NVIDIA GeForce RTX 3080, 6250, 3802, 10240, 95, 97
2026/07/30 23:21:07.396, 0, NVIDIA GeForce RTX 3080, 6250, 3802, 10240, 95, 97
2026/07/30 23:21:07.504, 0, NVIDIA GeForce RTX 3080, 6250, 3802, 10240, 95, 97
2026/07/30 23:21:07.614, 0, NVIDIA GeForce RTX 3080, 6250, 3802, 10240, 95, 97
2026/07/30 23:21:07.724, 0, NVIDIA GeForce RTX 3080, 6250, 3802, 10240, 95, 97
2026/07/30 23:21:07.835, 0, NVIDIA GeForce RTX 3080, 6250, 3802, 10240, 95, 98
2026/07/30 23:21:07.947, 0, NVIDIA GeForce RTX 3080, 6250, 3802, 10240, 95, 98
2026/07/30 23:21:08.057, 0, NVIDIA GeForce RTX 3080, 6250, 3802, 10240, 95, 98
2026/07/30 23:21:08.168, 0, NVIDIA GeForce RTX 3080, 6250, 3802, 10240, 95, 98
2026/07/30 23:21:08.280, 0, NVIDIA GeForce RTX 3080, 6250, 3802, 10240, 96, 97
2026/07/30 23:21:08.392, 0, NVIDIA GeForce RTX 3080, 6250, 3802, 10240, 96, 97
2026/07/30 23:21:08.504, 0, NVIDIA GeForce RTX 3080, 6250, 3802, 10240, 96, 97
2026/07/30 23:21:08.616, 0, NVIDIA GeForce RTX 3080, 6250, 3802, 10240, 96, 97
2026/07/30 23:21:08.728, 0, NVIDIA GeForce RTX 3080, 6250, 3802, 10240, 96, 97
2026/07/30 23:21:08.840, 0, NVIDIA GeForce RTX 3080, 6250, 3802, 10240, 96, 97
2026/07/30 23:21:08.951, 0, NVIDIA GeForce RTX 3080, 6250, 3802, 10240, 96, 97
2026/07/30 23:21:09.063, 0, NVIDIA GeForce RTX 3080, 6250, 3802, 10240, 96, 97
2026/07/30 23:21:09.175, 0, NVIDIA GeForce RTX 3080, 6250, 3802, 10240, 96, 97
2026/07/30 23:21:09.287, 0, NVIDIA GeForce RTX 3080, 6250, 3802, 10240, 96, 97
2026/07/30 23:21:09.397, 0, NVIDIA GeForce RTX 3080, 6250, 3802, 10240, 96, 97
2026/07/30 23:21:09.509, 0, NVIDIA GeForce RTX 3080, 6250, 3802, 10240, 96, 97
2026/07/30 23:21:09.620, 0, NVIDIA GeForce RTX 3080, 6250, 3802, 10240, 96, 97
2026/07/30 23:21:09.731, 0, NVIDIA GeForce RTX 3080, 6250, 3802, 10240, 96, 97
2026/07/30 23:21:09.842, 0, NVIDIA GeForce RTX 3080, 6250, 3802, 10240, 96, 98
2026/07/30 23:21:09.954, 0, NVIDIA GeForce RTX 3080, 6250, 3802, 10240, 96, 98
2026/07/30 23:21:10.066, 0, NVIDIA GeForce RTX 3080, 6250, 3802, 10240, 96, 98
2026/07/30 23:21:10.178, 0, NVIDIA GeForce RTX 3080, 6250, 3802, 10240, 96, 98
2026/07/30 23:21:10.290, 0, NVIDIA GeForce RTX 3080, 6250, 3802, 10240, 97, 97
2026/07/30 23:21:10.402, 0, NVIDIA GeForce RTX 3080, 6250, 3802, 10240, 97, 97
2026/07/30 23:21:10.514, 0, NVIDIA GeForce RTX 3080, 6250, 3802, 10240, 97, 97
2026/07/30 23:21:10.625, 0, NVIDIA GeForce RTX 3080, 6250, 3802, 10240, 97, 97
2026/07/30 23:21:10.737, 0, NVIDIA GeForce RTX 3080, 6250, 3802, 10240, 97, 97
2026/07/30 23:21:10.849, 0, NVIDIA GeForce RTX 3080, 6250, 3802, 10240, 98, 97
2026/07/30 23:21:10.961, 0, NVIDIA GeForce RTX 3080, 6250, 3802, 10240, 98, 97
2026/07/30 23:21:11.073, 0, NVIDIA GeForce RTX 3080, 6250, 3802, 10240, 98, 97
2026/07/30 23:21:11.185, 0, NVIDIA GeForce RTX 3080, 6250, 3802, 10240, 98, 97
2026/07/30 23:21:11.297, 0, NVIDIA GeForce RTX 3080, 6250, 3802, 10240, 98, 98
2026/07/30 23:21:11.409, 0, NVIDIA GeForce RTX 3080, 6250, 3802, 10240, 98, 98
2026/07/30 23:21:11.521, 0, NVIDIA GeForce RTX 3080, 6250, 3802, 10240, 98, 98
2026/07/30 23:21:11.633, 0, NVIDIA GeForce RTX 3080, 6250, 3802, 10240, 98, 98
2026/07/30 23:21:11.745, 0, NVIDIA GeForce RTX 3080, 6250, 3802, 10240, 98, 98
2026/07/30 23:21:11.856, 0, NVIDIA GeForce RTX 3080, 6250, 3802, 10240, 98, 98
2026/07/30 23:21:11.967, 0, NVIDIA GeForce RTX 3080, 6250, 3802, 10240, 98, 98
2026/07/30 23:21:12.079, 0, NVIDIA GeForce RTX 3080, 6250, 3802, 10240, 98, 98
2026/07/30 23:21:12.191, 0, NVIDIA GeForce RTX 3080, 6250, 3802, 10240, 98, 98
2026/07/30 23:21:12.303, 0, NVIDIA GeForce RTX 3080, 6250, 3802, 10240, 96, 98
2026/07/30 23:21:12.414, 0, NVIDIA GeForce RTX 3080, 6250, 3802, 10240, 96, 98
2026/07/30 23:21:12.522, 0, NVIDIA GeForce RTX 3080, 6250, 3802, 10240, 96, 98
2026/07/30 23:21:12.631, 0, NVIDIA GeForce RTX 3080, 6250, 3802, 10240, 96, 98
2026/07/30 23:21:12.741, 0, NVIDIA GeForce RTX 3080, 6250, 3802, 10240, 96, 98
2026/07/30 23:21:12.852, 0, NVIDIA GeForce RTX 3080, 6250, 3802, 10240, 95, 97
2026/07/30 23:21:12.963, 0, NVIDIA GeForce RTX 3080, 6250, 3802, 10240, 95, 97
2026/07/30 23:21:13.075, 0, NVIDIA GeForce RTX 3080, 6250, 3802, 10240, 95, 97
2026/07/30 23:21:13.186, 0, NVIDIA GeForce RTX 3080, 6250, 3802, 10240, 95, 97
2026/07/30 23:21:13.298, 0, NVIDIA GeForce RTX 3080, 6250, 3802, 10240, 96, 98
2026/07/30 23:21:13.408, 0, NVIDIA GeForce RTX 3080, 6250, 3802, 10240, 96, 98
2026/07/30 23:21:13.519, 0, NVIDIA GeForce RTX 3080, 6250, 3802, 10240, 96, 98
2026/07/30 23:21:13.631, 0, NVIDIA GeForce RTX 3080, 6250, 3802, 10240, 96, 98
2026/07/30 23:21:13.742, 0, NVIDIA GeForce RTX 3080, 6250, 3802, 10240, 96, 98
2026/07/30 23:21:13.854, 0, NVIDIA GeForce RTX 3080, 6250, 3802, 10240, 95, 97
2026/07/30 23:21:13.966, 0, NVIDIA GeForce RTX 3080, 6250, 3802, 10240, 95, 97
2026/07/30 23:21:14.078, 0, NVIDIA GeForce RTX 3080, 6250, 3802, 10240, 95, 97
2026/07/30 23:21:14.188, 0, NVIDIA GeForce RTX 3080, 6250, 3802, 10240, 95, 97
2026/07/30 23:21:14.300, 0, NVIDIA GeForce RTX 3080, 6250, 3802, 10240, 97, 97
2026/07/30 23:21:14.412, 0, NVIDIA GeForce RTX 3080, 6250, 3802, 10240, 97, 97
2026/07/30 23:21:14.523, 0, NVIDIA GeForce RTX 3080, 6250, 3802, 10240, 97, 97
2026/07/30 23:21:14.634, 0, NVIDIA GeForce RTX 3080, 6250, 3802, 10240, 97, 97
2026/07/30 23:21:14.746, 0, NVIDIA GeForce RTX 3080, 6250, 3802, 10240, 97, 98
2026/07/30 23:21:14.858, 0, NVIDIA GeForce RTX 3080, 6250, 3802, 10240, 97, 98
2026/07/30 23:21:14.970, 0, NVIDIA GeForce RTX 3080, 6250, 3802, 10240, 97, 98
2026/07/30 23:21:15.082, 0, NVIDIA GeForce RTX 3080, 6250, 3802, 10240, 97, 98
2026/07/30 23:21:15.193, 0, NVIDIA GeForce RTX 3080, 6250, 3802, 10240, 97, 98
2026/07/30 23:21:15.305, 0, NVIDIA GeForce RTX 3080, 6250, 3802, 10240, 97, 98
2026/07/30 23:21:15.417, 0, NVIDIA GeForce RTX 3080, 6250, 3802, 10240, 97, 98
2026/07/30 23:21:15.530, 0, NVIDIA GeForce RTX 3080, 6250, 3802, 10240, 97, 98
2026/07/30 23:21:15.642, 0, NVIDIA GeForce RTX 3080, 6250, 3802, 10240, 97, 98
2026/07/30 23:21:15.753, 0, NVIDIA GeForce RTX 3080, 6250, 3802, 10240, 97, 97
2026/07/30 23:21:15.864, 0, NVIDIA GeForce RTX 3080, 6250, 3802, 10240, 97, 97
2026/07/30 23:21:15.975, 0, NVIDIA GeForce RTX 3080, 6250, 3802, 10240, 97, 97
2026/07/30 23:21:16.087, 0, NVIDIA GeForce RTX 3080, 6250, 3802, 10240, 97, 97
2026/07/30 23:21:16.198, 0, NVIDIA GeForce RTX 3080, 6250, 3802, 10240, 97, 97
2026/07/30 23:21:16.310, 0, NVIDIA GeForce RTX 3080, 6250, 3802, 10240, 96, 98
2026/07/30 23:21:16.422, 0, NVIDIA GeForce RTX 3080, 6250, 3802, 10240, 96, 98
2026/07/30 23:21:16.534, 0, NVIDIA GeForce RTX 3080, 6250, 3802, 10240, 96, 98
2026/07/30 23:21:16.646, 0, NVIDIA GeForce RTX 3080, 6250, 3802, 10240, 96, 98
2026/07/30 23:21:16.758, 0, NVIDIA GeForce RTX 3080, 6250, 3802, 10240, 96, 98
2026/07/30 23:21:16.870, 0, NVIDIA GeForce RTX 3080, 6250, 3802, 10240, 96, 98
2026/07/30 23:21:16.982, 0, NVIDIA GeForce RTX 3080, 6250, 3802, 10240, 96, 98
2026/07/30 23:21:17.094, 0, NVIDIA GeForce RTX 3080, 6250, 3802, 10240, 96, 98
2026/07/30 23:21:17.206, 0, NVIDIA GeForce RTX 3080, 6250, 3802, 10240, 96, 98
2026/07/30 23:21:17.318, 0, NVIDIA GeForce RTX 3080, 6250, 3802, 10240, 96, 98
2026/07/30 23:21:17.429, 0, NVIDIA GeForce RTX 3080, 6250, 3802, 10240, 96, 98
2026/07/30 23:21:17.541, 0, NVIDIA GeForce RTX 3080, 6250, 3802, 10240, 96, 98
2026/07/30 23:21:17.653, 0, NVIDIA GeForce RTX 3080, 6250, 3802, 10240, 96, 98
2026/07/30 23:21:17.765, 0, NVIDIA GeForce RTX 3080, 6250, 3802, 10240, 96, 98
2026/07/30 23:21:17.877, 0, NVIDIA GeForce RTX 3080, 6250, 3802, 10240, 96, 98
2026/07/30 23:21:17.988, 0, NVIDIA GeForce RTX 3080, 6250, 3802, 10240, 96, 98
2026/07/30 23:21:18.099, 0, NVIDIA GeForce RTX 3080, 6250, 3802, 10240, 96, 98
2026/07/30 23:21:18.212, 0, NVIDIA GeForce RTX 3080, 6250, 3802, 10240, 96, 98
2026/07/30 23:21:18.324, 0, NVIDIA GeForce RTX 3080, 6250, 3802, 10240, 97, 98
2026/07/30 23:21:18.435, 0, NVIDIA GeForce RTX 3080, 6250, 3802, 10240, 97, 98
2026/07/30 23:21:18.547, 0, NVIDIA GeForce RTX 3080, 6250, 3802, 10240, 97, 98
2026/07/30 23:21:18.658, 0, NVIDIA GeForce RTX 3080, 6250, 3802, 10240, 97, 98
2026/07/30 23:21:18.770, 0, NVIDIA GeForce RTX 3080, 6250, 3802, 10240, 97, 98
2026/07/30 23:21:18.882, 0, NVIDIA GeForce RTX 3080, 6250, 3802, 10240, 97, 98
2026/07/30 23:21:18.994, 0, NVIDIA GeForce RTX 3080, 6250, 3802, 10240, 97, 98
2026/07/30 23:21:19.105, 0, NVIDIA GeForce RTX 3080, 6250, 3802, 10240, 97, 98
2026/07/30 23:21:19.215, 0, NVIDIA GeForce RTX 3080, 6250, 3802, 10240, 97, 98
2026/07/30 23:21:19.327, 0, NVIDIA GeForce RTX 3080, 6250, 3802, 10240, 97, 98
2026/07/30 23:21:19.439, 0, NVIDIA GeForce RTX 3080, 6250, 3802, 10240, 97, 98
2026/07/30 23:21:19.551, 0, NVIDIA GeForce RTX 3080, 6250, 3802, 10240, 97, 98
2026/07/30 23:21:19.663, 0, NVIDIA GeForce RTX 3080, 6250, 3802, 10240, 97, 98
2026/07/30 23:21:19.775, 0, NVIDIA GeForce RTX 3080, 6250, 3802, 10240, 95, 96
2026/07/30 23:21:19.887, 0, NVIDIA GeForce RTX 3080, 6250, 3802, 10240, 95, 96
2026/07/30 23:21:19.999, 0, NVIDIA GeForce RTX 3080, 6250, 3802, 10240, 95, 96
2026/07/30 23:21:20.111, 0, NVIDIA GeForce RTX 3080, 6250, 3802, 10240, 95, 96
2026/07/30 23:21:20.223, 0, NVIDIA GeForce RTX 3080, 6250, 3802, 10240, 95, 96
2026/07/30 23:21:20.335, 0, NVIDIA GeForce RTX 3080, 6250, 3802, 10240, 95, 98
2026/07/30 23:21:20.446, 0, NVIDIA GeForce RTX 3080, 6250, 3802, 10240, 95, 98
2026/07/30 23:21:20.557, 0, NVIDIA GeForce RTX 3080, 6250, 3802, 10240, 95, 98
2026/07/30 23:21:20.666, 0, NVIDIA GeForce RTX 3080, 6250, 3802, 10240, 95, 98
2026/07/30 23:21:20.776, 0, NVIDIA GeForce RTX 3080, 6250, 3802, 10240, 95, 98
2026/07/30 23:21:20.885, 0, NVIDIA GeForce RTX 3080, 6250, 3802, 10240, 95, 98
2026/07/30 23:21:20.994, 0, NVIDIA GeForce RTX 3080, 6250, 3802, 10240, 95, 98
2026/07/30 23:21:21.104, 0, NVIDIA GeForce RTX 3080, 6250, 3802, 10240, 95, 98
2026/07/30 23:21:21.216, 0, NVIDIA GeForce RTX 3080, 6250, 3802, 10240, 95, 98
2026/07/30 23:21:21.327, 0, NVIDIA GeForce RTX 3080, 6250, 3802, 10240, 96, 98
2026/07/30 23:21:21.439, 0, NVIDIA GeForce RTX 3080, 6250, 3802, 10240, 96, 98
2026/07/30 23:21:21.551, 0, NVIDIA GeForce RTX 3080, 6250, 3802, 10240, 96, 98
2026/07/30 23:21:21.663, 0, NVIDIA GeForce RTX 3080, 6250, 3802, 10240, 96, 98
2026/07/30 23:21:21.775, 0, NVIDIA GeForce RTX 3080, 6250, 3802, 10240, 95, 98
2026/07/30 23:21:21.887, 0, NVIDIA GeForce RTX 3080, 6250, 3802, 10240, 95, 98
2026/07/30 23:21:21.999, 0, NVIDIA GeForce RTX 3080, 6250, 3802, 10240, 95, 98
2026/07/30 23:21:22.108, 0, NVIDIA GeForce RTX 3080, 6250, 3802, 10240, 95, 98
2026/07/30 23:21:22.220, 0, NVIDIA GeForce RTX 3080, 6250, 3802, 10240, 95, 98
2026/07/30 23:21:22.332, 0, NVIDIA GeForce RTX 3080, 6250, 3802, 10240, 97, 98
2026/07/30 23:21:22.444, 0, NVIDIA GeForce RTX 3080, 6250, 3802, 10240, 97, 98
2026/07/30 23:21:22.556, 0, NVIDIA GeForce RTX 3080, 6250, 3802, 10240, 97, 98
2026/07/30 23:21:22.669, 0, NVIDIA GeForce RTX 3080, 6250, 3802, 10240, 97, 98
2026/07/30 23:21:22.781, 0, NVIDIA GeForce RTX 3080, 6250, 3802, 10240, 97, 98
2026/07/30 23:21:22.891, 0, NVIDIA GeForce RTX 3080, 6250, 3802, 10240, 97, 98
2026/07/30 23:21:23.002, 0, NVIDIA GeForce RTX 3080, 6250, 3802, 10240, 97, 98
2026/07/30 23:21:23.114, 0, NVIDIA GeForce RTX 3080, 6250, 3802, 10240, 97, 98
2026/07/30 23:21:23.226, 0, NVIDIA GeForce RTX 3080, 6250, 3802, 10240, 97, 98
2026/07/30 23:21:23.338, 0, NVIDIA GeForce RTX 3080, 6250, 3802, 10240, 97, 98
2026/07/30 23:21:23.450, 0, NVIDIA GeForce RTX 3080, 6250, 3802, 10240, 97, 98
2026/07/30 23:21:23.562, 0, NVIDIA GeForce RTX 3080, 6250, 3802, 10240, 97, 98
2026/07/30 23:21:23.672, 0, NVIDIA GeForce RTX 3080, 6250, 3802, 10240, 97, 98
2026/07/30 23:21:23.784, 0, NVIDIA GeForce RTX 3080, 6250, 3802, 10240, 97, 98
2026/07/30 23:21:23.896, 0, NVIDIA GeForce RTX 3080, 6250, 3802, 10240, 97, 98
2026/07/30 23:21:24.007, 0, NVIDIA GeForce RTX 3080, 6250, 3802, 10240, 97, 98
2026/07/30 23:21:24.118, 0, NVIDIA GeForce RTX 3080, 6250, 3802, 10240, 97, 98
2026/07/30 23:21:24.229, 0, NVIDIA GeForce RTX 3080, 6250, 3802, 10240, 97, 98
2026/07/30 23:21:24.342, 0, NVIDIA GeForce RTX 3080, 6250, 3802, 10240, 98, 97
2026/07/30 23:21:24.454, 0, NVIDIA GeForce RTX 3080, 6250, 3802, 10240, 98, 97
2026/07/30 23:21:24.566, 0, NVIDIA GeForce RTX 3080, 6250, 3802, 10240, 98, 97
2026/07/30 23:21:24.678, 0, NVIDIA GeForce RTX 3080, 6250, 3802, 10240, 98, 97
2026/07/30 23:21:24.790, 0, NVIDIA GeForce RTX 3080, 6250, 3802, 10240, 98, 98
2026/07/30 23:21:24.902, 0, NVIDIA GeForce RTX 3080, 6250, 3802, 10240, 98, 98
2026/07/30 23:21:25.014, 0, NVIDIA GeForce RTX 3080, 6250, 3802, 10240, 98, 98
2026/07/30 23:21:25.126, 0, NVIDIA GeForce RTX 3080, 6250, 3802, 10240, 98, 98
2026/07/30 23:21:25.238, 0, NVIDIA GeForce RTX 3080, 6250, 3802, 10240, 98, 98
2026/07/30 23:21:25.350, 0, NVIDIA GeForce RTX 3080, 6250, 3802, 10240, 97, 97
2026/07/30 23:21:25.460, 0, NVIDIA GeForce RTX 3080, 6250, 3802, 10240, 97, 97
2026/07/30 23:21:25.568, 0, NVIDIA GeForce RTX 3080, 6250, 3802, 10240, 97, 97
2026/07/30 23:21:25.677, 0, NVIDIA GeForce RTX 3080, 6250, 3802, 10240, 97, 97
2026/07/30 23:21:25.786, 0, NVIDIA GeForce RTX 3080, 6250, 3802, 10240, 96, 97
2026/07/30 23:21:25.896, 0, NVIDIA GeForce RTX 3080, 6250, 3802, 10240, 96, 97
2026/07/30 23:21:26.006, 0, NVIDIA GeForce RTX 3080, 6250, 3802, 10240, 96, 97
2026/07/30 23:21:26.118, 0, NVIDIA GeForce RTX 3080, 6250, 3802, 10240, 96, 97
2026/07/30 23:21:26.229, 0, NVIDIA GeForce RTX 3080, 6250, 3802, 10240, 96, 97
2026/07/30 23:21:26.340, 0, NVIDIA GeForce RTX 3080, 6250, 3802, 10240, 94, 97
2026/07/30 23:21:26.452, 0, NVIDIA GeForce RTX 3080, 6250, 3802, 10240, 94, 97
2026/07/30 23:21:26.564, 0, NVIDIA GeForce RTX 3080, 6250, 3802, 10240, 94, 97
2026/07/30 23:21:26.676, 0, NVIDIA GeForce RTX 3080, 6250, 3802, 10240, 94, 97
2026/07/30 23:21:26.788, 0, NVIDIA GeForce RTX 3080, 6250, 3802, 10240, 96, 98
2026/07/30 23:21:26.900, 0, NVIDIA GeForce RTX 3080, 6250, 3802, 10240, 96, 98
2026/07/30 23:21:27.012, 0, NVIDIA GeForce RTX 3080, 6250, 3802, 10240, 96, 98
2026/07/30 23:21:27.125, 0, NVIDIA GeForce RTX 3080, 6250, 3802, 10240, 96, 98
2026/07/30 23:21:27.237, 0, NVIDIA GeForce RTX 3080, 6250, 3802, 10240, 96, 98
2026/07/30 23:21:27.348, 0, NVIDIA GeForce RTX 3080, 6250, 3802, 10240, 96, 98
2026/07/30 23:21:27.459, 0, NVIDIA GeForce RTX 3080, 6250, 3802, 10240, 96, 98
2026/07/30 23:21:27.568, 0, NVIDIA GeForce RTX 3080, 6250, 3802, 10240, 96, 98
2026/07/30 23:21:27.677, 0, NVIDIA GeForce RTX 3080, 6250, 3802, 10240, 96, 98
2026/07/30 23:21:27.788, 0, NVIDIA GeForce RTX 3080, 6250, 3802, 10240, 95, 97
2026/07/30 23:21:27.900, 0, NVIDIA GeForce RTX 3080, 6250, 3802, 10240, 95, 97
2026/07/30 23:21:28.012, 0, NVIDIA GeForce RTX 3080, 6250, 3802, 10240, 95, 97
2026/07/30 23:21:28.123, 0, NVIDIA GeForce RTX 3080, 6250, 3802, 10240, 95, 97
2026/07/30 23:21:28.235, 0, NVIDIA GeForce RTX 3080, 6250, 3802, 10240, 95, 97
2026/07/30 23:21:28.347, 0, NVIDIA GeForce RTX 3080, 6250, 3802, 10240, 97, 98
2026/07/30 23:21:28.459, 0, NVIDIA GeForce RTX 3080, 6250, 3802, 10240, 97, 98
2026/07/30 23:21:28.571, 0, NVIDIA GeForce RTX 3080, 6250, 3802, 10240, 97, 98
2026/07/30 23:21:28.683, 0, NVIDIA GeForce RTX 3080, 6250, 3802, 10240, 97, 98
2026/07/30 23:21:28.795, 0, NVIDIA GeForce RTX 3080, 6250, 3802, 10240, 97, 98
2026/07/30 23:21:28.907, 0, NVIDIA GeForce RTX 3080, 6250, 3802, 10240, 97, 98
2026/07/30 23:21:29.019, 0, NVIDIA GeForce RTX 3080, 6250, 3802, 10240, 97, 98
2026/07/30 23:21:29.131, 0, NVIDIA GeForce RTX 3080, 6250, 3802, 10240, 97, 98
2026/07/30 23:21:29.243, 0, NVIDIA GeForce RTX 3080, 6250, 3802, 10240, 97, 98
2026/07/30 23:21:29.355, 0, NVIDIA GeForce RTX 3080, 6250, 3802, 10240, 97, 98
2026/07/30 23:21:29.467, 0, NVIDIA GeForce RTX 3080, 6250, 3802, 10240, 97, 98
2026/07/30 23:21:29.579, 0, NVIDIA GeForce RTX 3080, 6250, 3802, 10240, 97, 98
2026/07/30 23:21:29.691, 0, NVIDIA GeForce RTX 3080, 6250, 3802, 10240, 97, 98
2026/07/30 23:21:29.803, 0, NVIDIA GeForce RTX 3080, 6250, 3802, 10240, 97, 98
2026/07/30 23:21:29.915, 0, NVIDIA GeForce RTX 3080, 6250, 3802, 10240, 97, 98
2026/07/30 23:21:30.026, 0, NVIDIA GeForce RTX 3080, 6250, 3802, 10240, 97, 98
2026/07/30 23:21:30.138, 0, NVIDIA GeForce RTX 3080, 6250, 3802, 10240, 97, 98
2026/07/30 23:21:30.249, 0, NVIDIA GeForce RTX 3080, 6250, 3802, 10240, 96, 98
2026/07/30 23:21:30.361, 0, NVIDIA GeForce RTX 3080, 6250, 3802, 10240, 96, 98
2026/07/30 23:21:30.473, 0, NVIDIA GeForce RTX 3080, 6250, 3802, 10240, 96, 98
2026/07/30 23:21:30.584, 0, NVIDIA GeForce RTX 3080, 6250, 3802, 10240, 96, 98
2026/07/30 23:21:30.694, 0, NVIDIA GeForce RTX 3080, 6250, 3802, 10240, 96, 98
2026/07/30 23:21:30.806, 0, NVIDIA GeForce RTX 3080, 6250, 3802, 10240, 95, 98
2026/07/30 23:21:30.918, 0, NVIDIA GeForce RTX 3080, 6250, 3802, 10240, 95, 98
2026/07/30 23:21:31.030, 0, NVIDIA GeForce RTX 3080, 6250, 3802, 10240, 95, 98
2026/07/30 23:21:31.141, 0, NVIDIA GeForce RTX 3080, 6250, 3802, 10240, 95, 98
2026/07/30 23:21:31.252, 0, NVIDIA GeForce RTX 3080, 6250, 3802, 10240, 95, 98
2026/07/30 23:21:31.363, 0, NVIDIA GeForce RTX 3080, 6250, 3802, 10240, 95, 98
2026/07/30 23:21:31.475, 0, NVIDIA GeForce RTX 3080, 6250, 3802, 10240, 95, 98
2026/07/30 23:21:31.585, 0, NVIDIA GeForce RTX 3080, 6250, 3802, 10240, 95, 98
2026/07/30 23:21:31.697, 0, NVIDIA GeForce RTX 3080, 6250, 3802, 10240, 95, 98
2026/07/30 23:21:31.809, 0, NVIDIA GeForce RTX 3080, 6250, 3802, 10240, 96, 98
2026/07/30 23:21:31.921, 0, NVIDIA GeForce RTX 3080, 6250, 3802, 10240, 96, 98
2026/07/30 23:21:32.033, 0, NVIDIA GeForce RTX 3080, 6250, 3802, 10240, 96, 98
2026/07/30 23:21:32.145, 0, NVIDIA GeForce RTX 3080, 6250, 3802, 10240, 96, 98
2026/07/30 23:21:32.257, 0, NVIDIA GeForce RTX 3080, 6250, 3802, 10240, 97, 98
2026/07/30 23:21:32.368, 0, NVIDIA GeForce RTX 3080, 6250, 3802, 10240, 97, 98
2026/07/30 23:21:32.479, 0, NVIDIA GeForce RTX 3080, 6250, 3802, 10240, 97, 98
2026/07/30 23:21:32.589, 0, NVIDIA GeForce RTX 3080, 6250, 3802, 10240, 97, 98
2026/07/30 23:21:32.699, 0, NVIDIA GeForce RTX 3080, 6250, 3802, 10240, 97, 98
2026/07/30 23:21:32.809, 0, NVIDIA GeForce RTX 3080, 6250, 3802, 10240, 97, 98
2026/07/30 23:21:32.921, 0, NVIDIA GeForce RTX 3080, 6250, 3802, 10240, 97, 98
2026/07/30 23:21:33.033, 0, NVIDIA GeForce RTX 3080, 6250, 3802, 10240, 97, 98
2026/07/30 23:21:33.143, 0, NVIDIA GeForce RTX 3080, 6250, 3802, 10240, 97, 98
2026/07/30 23:21:33.255, 0, NVIDIA GeForce RTX 3080, 6250, 3802, 10240, 97, 98
2026/07/30 23:21:33.367, 0, NVIDIA GeForce RTX 3080, 6250, 3802, 10240, 97, 98
2026/07/30 23:21:33.479, 0, NVIDIA GeForce RTX 3080, 6250, 3802, 10240, 97, 98
2026/07/30 23:21:33.591, 0, NVIDIA GeForce RTX 3080, 6250, 3802, 10240, 97, 98
2026/07/30 23:21:33.702, 0, NVIDIA GeForce RTX 3080, 6250, 3802, 10240, 97, 98
2026/07/30 23:21:33.814, 0, NVIDIA GeForce RTX 3080, 6250, 3802, 10240, 97, 98
2026/07/30 23:21:33.926, 0, NVIDIA GeForce RTX 3080, 6250, 3802, 10240, 97, 98
2026/07/30 23:21:34.038, 0, NVIDIA GeForce RTX 3080, 6250, 3802, 10240, 97, 98
2026/07/30 23:21:34.150, 0, NVIDIA GeForce RTX 3080, 6250, 3802, 10240, 97, 98
2026/07/30 23:21:34.260, 0, NVIDIA GeForce RTX 3080, 6250, 3802, 10240, 95, 98
2026/07/30 23:21:34.372, 0, NVIDIA GeForce RTX 3080, 6250, 3802, 10240, 95, 98
2026/07/30 23:21:34.483, 0, NVIDIA GeForce RTX 3080, 6250, 3802, 10240, 95, 98
2026/07/30 23:21:34.593, 0, NVIDIA GeForce RTX 3080, 6250, 3802, 10240, 95, 98
2026/07/30 23:21:34.704, 0, NVIDIA GeForce RTX 3080, 6250, 3802, 10240, 95, 98
2026/07/30 23:21:34.816, 0, NVIDIA GeForce RTX 3080, 6250, 3802, 10240, 96, 98
2026/07/30 23:21:34.928, 0, NVIDIA GeForce RTX 3080, 6250, 3802, 10240, 96, 98
2026/07/30 23:21:35.040, 0, NVIDIA GeForce RTX 3080, 6250, 3802, 10240, 96, 98
2026/07/30 23:21:35.152, 0, NVIDIA GeForce RTX 3080, 6250, 3802, 10240, 96, 98
2026/07/30 23:21:35.263, 0, NVIDIA GeForce RTX 3080, 6250, 3802, 10240, 96, 98
2026/07/30 23:21:35.375, 0, NVIDIA GeForce RTX 3080, 6250, 3802, 10240, 96, 98
2026/07/30 23:21:35.487, 0, NVIDIA GeForce RTX 3080, 6250, 3802, 10240, 96, 98
2026/07/30 23:21:35.599, 0, NVIDIA GeForce RTX 3080, 6250, 3802, 10240, 96, 98
2026/07/30 23:21:35.712, 0, NVIDIA GeForce RTX 3080, 6250, 3802, 10240, 96, 98
2026/07/30 23:21:35.824, 0, NVIDIA GeForce RTX 3080, 6250, 3802, 10240, 95, 98
2026/07/30 23:21:35.935, 0, NVIDIA GeForce RTX 3080, 6250, 3802, 10240, 95, 98
2026/07/30 23:21:36.047, 0, NVIDIA GeForce RTX 3080, 6250, 3802, 10240, 95, 98
2026/07/30 23:21:36.159, 0, NVIDIA GeForce RTX 3080, 6250, 3802, 10240, 95, 98
2026/07/30 23:21:36.271, 0, NVIDIA GeForce RTX 3080, 6250, 3802, 10240, 97, 98
2026/07/30 23:21:36.383, 0, NVIDIA GeForce RTX 3080, 6250, 3802, 10240, 97, 98
2026/07/30 23:21:36.494, 0, NVIDIA GeForce RTX 3080, 6250, 3802, 10240, 97, 98
2026/07/30 23:21:36.605, 0, NVIDIA GeForce RTX 3080, 6250, 3802, 10240, 97, 98
2026/07/30 23:21:36.716, 0, NVIDIA GeForce RTX 3080, 6250, 3802, 10240, 97, 98
2026/07/30 23:21:36.828, 0, NVIDIA GeForce RTX 3080, 6250, 3802, 10240, 97, 98
2026/07/30 23:21:36.940, 0, NVIDIA GeForce RTX 3080, 6250, 3802, 10240, 97, 98
2026/07/30 23:21:37.052, 0, NVIDIA GeForce RTX 3080, 6250, 3802, 10240, 97, 98
2026/07/30 23:21:37.164, 0, NVIDIA GeForce RTX 3080, 6250, 3802, 10240, 97, 98
2026/07/30 23:21:37.275, 0, NVIDIA GeForce RTX 3080, 6250, 3802, 10240, 97, 98
2026/07/30 23:21:37.387, 0, NVIDIA GeForce RTX 3080, 6250, 3802, 10240, 97, 98
2026/07/30 23:21:37.499, 0, NVIDIA GeForce RTX 3080, 6250, 3802, 10240, 97, 98
2026/07/30 23:21:37.611, 0, NVIDIA GeForce RTX 3080, 6250, 3802, 10240, 97, 98
2026/07/30 23:21:37.723, 0, NVIDIA GeForce RTX 3080, 6250, 3802, 10240, 97, 98
2026/07/30 23:21:37.835, 0, NVIDIA GeForce RTX 3080, 6250, 3802, 10240, 97, 98
2026/07/30 23:21:37.947, 0, NVIDIA GeForce RTX 3080, 6250, 3802, 10240, 97, 98
2026/07/30 23:21:38.059, 0, NVIDIA GeForce RTX 3080, 6250, 3802, 10240, 97, 98
2026/07/30 23:21:38.170, 0, NVIDIA GeForce RTX 3080, 6250, 3802, 10240, 97, 98
2026/07/30 23:21:38.282, 0, NVIDIA GeForce RTX 3080, 6250, 3802, 10240, 98, 98
2026/07/30 23:21:38.393, 0, NVIDIA GeForce RTX 3080, 6250, 3802, 10240, 98, 98
2026/07/30 23:21:38.504, 0, NVIDIA GeForce RTX 3080, 6250, 3802, 10240, 98, 98
2026/07/30 23:21:38.613, 0, NVIDIA GeForce RTX 3080, 6250, 3802, 10240, 98, 98
2026/07/30 23:21:38.723, 0, NVIDIA GeForce RTX 3080, 6250, 3802, 10240, 98, 98
2026/07/30 23:21:38.832, 0, NVIDIA GeForce RTX 3080, 6250, 3802, 10240, 98, 98
2026/07/30 23:21:38.941, 0, NVIDIA GeForce RTX 3080, 6250, 3802, 10240, 98, 98
2026/07/30 23:21:39.050, 0, NVIDIA GeForce RTX 3080, 6250, 3802, 10240, 98, 98
2026/07/30 23:21:39.159, 0, NVIDIA GeForce RTX 3080, 6250, 3802, 10240, 98, 98
2026/07/30 23:21:39.267, 0, NVIDIA GeForce RTX 3080, 6250, 3802, 10240, 96, 96
2026/07/30 23:21:39.379, 0, NVIDIA GeForce RTX 3080, 6250, 3802, 10240, 96, 96
2026/07/30 23:21:39.491, 0, NVIDIA GeForce RTX 3080, 6250, 3802, 10240, 96, 96
2026/07/30 23:21:39.600, 0, NVIDIA GeForce RTX 3080, 6250, 3802, 10240, 96, 96
2026/07/30 23:21:39.711, 0, NVIDIA GeForce RTX 3080, 6250, 3802, 10240, 96, 96
2026/07/30 23:21:39.822, 0, NVIDIA GeForce RTX 3080, 6250, 3802, 10240, 98, 97
2026/07/30 23:21:39.937, 0, NVIDIA GeForce RTX 3080, 6250, 3802, 10240, 98, 97
2026/07/30 23:21:40.046, 0, NVIDIA GeForce RTX 3080, 6250, 3802, 10240, 98, 97
2026/07/30 23:21:40.157, 0, NVIDIA GeForce RTX 3080, 6250, 3802, 10240, 98, 97
2026/07/30 23:21:40.269, 0, NVIDIA GeForce RTX 3080, 6250, 3802, 10240, 95, 97
2026/07/30 23:21:40.380, 0, NVIDIA GeForce RTX 3080, 6250, 3802, 10240, 95, 97
2026/07/30 23:21:40.492, 0, NVIDIA GeForce RTX 3080, 6250, 3802, 10240, 95, 97
2026/07/30 23:21:40.601, 0, NVIDIA GeForce RTX 3080, 6250, 3802, 10240, 95, 97
2026/07/30 23:21:40.710, 0, NVIDIA GeForce RTX 3080, 6250, 3802, 10240, 95, 97
2026/07/30 23:21:40.818, 0, NVIDIA GeForce RTX 3080, 6250, 3802, 10240, 95, 98
2026/07/30 23:21:40.928, 0, NVIDIA GeForce RTX 3080, 6250, 3802, 10240, 95, 98
2026/07/30 23:21:41.037, 0, NVIDIA GeForce RTX 3080, 6250, 3802, 10240, 95, 98
2026/07/30 23:21:41.149, 0, NVIDIA GeForce RTX 3080, 6250, 3802, 10240, 95, 98
2026/07/30 23:21:41.261, 0, NVIDIA GeForce RTX 3080, 6250, 3802, 10240, 95, 98
2026/07/30 23:21:41.373, 0, NVIDIA GeForce RTX 3080, 6250, 3802, 10240, 95, 98
2026/07/30 23:21:41.485, 0, NVIDIA GeForce RTX 3080, 6250, 3802, 10240, 95, 98
2026/07/30 23:21:41.597, 0, NVIDIA GeForce RTX 3080, 6250, 3802, 10240, 95, 98
2026/07/30 23:21:41.709, 0, NVIDIA GeForce RTX 3080, 6250, 3802, 10240, 95, 98
2026/07/30 23:21:41.821, 0, NVIDIA GeForce RTX 3080, 6250, 3802, 10240, 96, 98
2026/07/30 23:21:41.933, 0, NVIDIA GeForce RTX 3080, 6250, 3802, 10240, 96, 98
2026/07/30 23:21:42.045, 0, NVIDIA GeForce RTX 3080, 6250, 3802, 10240, 96, 98
2026/07/30 23:21:42.157, 0, NVIDIA GeForce RTX 3080, 6250, 3802, 10240, 96, 98
2026/07/30 23:21:42.269, 0, NVIDIA GeForce RTX 3080, 6250, 3802, 10240, 97, 98
2026/07/30 23:21:42.381, 0, NVIDIA GeForce RTX 3080, 6250, 3802, 10240, 97, 98
2026/07/30 23:21:42.493, 0, NVIDIA GeForce RTX 3080, 6250, 3802, 10240, 97, 98
2026/07/30 23:21:42.605, 0, NVIDIA GeForce RTX 3080, 6250, 3802, 10240, 97, 98
2026/07/30 23:21:42.717, 0, NVIDIA GeForce RTX 3080, 6250, 3802, 10240, 97, 98
2026/07/30 23:21:42.829, 0, NVIDIA GeForce RTX 3080, 6250, 3802, 10240, 97, 98
2026/07/30 23:21:42.940, 0, NVIDIA GeForce RTX 3080, 6250, 3802, 10240, 97, 98
2026/07/30 23:21:43.052, 0, NVIDIA GeForce RTX 3080, 6250, 3802, 10240, 97, 98
2026/07/30 23:21:43.163, 0, NVIDIA GeForce RTX 3080, 6250, 3802, 10240, 97, 98
2026/07/30 23:21:43.275, 0, NVIDIA GeForce RTX 3080, 6250, 3802, 10240, 97, 98
2026/07/30 23:21:43.387, 0, NVIDIA GeForce RTX 3080, 6250, 3802, 10240, 97, 98
2026/07/30 23:21:43.497, 0, NVIDIA GeForce RTX 3080, 6250, 3802, 10240, 97, 98
2026/07/30 23:21:43.608, 0, NVIDIA GeForce RTX 3080, 6250, 3802, 10240, 97, 98
2026/07/30 23:21:43.720, 0, NVIDIA GeForce RTX 3080, 6250, 3802, 10240, 97, 98
2026/07/30 23:21:43.831, 0, NVIDIA GeForce RTX 3080, 6250, 3802, 10240, 97, 98
2026/07/30 23:21:43.943, 0, NVIDIA GeForce RTX 3080, 6250, 3802, 10240, 97, 98
2026/07/30 23:21:44.055, 0, NVIDIA GeForce RTX 3080, 6250, 3802, 10240, 97, 98
2026/07/30 23:21:44.167, 0, NVIDIA GeForce RTX 3080, 6250, 3802, 10240, 97, 98
2026/07/30 23:21:44.279, 0, NVIDIA GeForce RTX 3080, 6250, 3802, 10240, 95, 98
2026/07/30 23:21:44.390, 0, NVIDIA GeForce RTX 3080, 6250, 3802, 10240, 95, 98
2026/07/30 23:21:44.502, 0, NVIDIA GeForce RTX 3080, 6250, 3802, 10240, 95, 98
2026/07/30 23:21:44.614, 0, NVIDIA GeForce RTX 3080, 6250, 3802, 10240, 95, 98
2026/07/30 23:21:44.725, 0, NVIDIA GeForce RTX 3080, 6250, 3802, 10240, 95, 98
2026/07/30 23:21:44.834, 0, NVIDIA GeForce RTX 3080, 6250, 3802, 10240, 96, 98
2026/07/30 23:21:44.947, 0, NVIDIA GeForce RTX 3080, 6250, 3802, 10240, 96, 98
2026/07/30 23:21:45.059, 0, NVIDIA GeForce RTX 3080, 6250, 3802, 10240, 96, 98
2026/07/30 23:21:45.171, 0, NVIDIA GeForce RTX 3080, 6250, 3802, 10240, 96, 98
2026/07/30 23:21:45.283, 0, NVIDIA GeForce RTX 3080, 6250, 3802, 10240, 96, 98
2026/07/30 23:21:45.395, 0, NVIDIA GeForce RTX 3080, 6250, 3802, 10240, 96, 98
2026/07/30 23:21:45.506, 0, NVIDIA GeForce RTX 3080, 6250, 3802, 10240, 96, 98
2026/07/30 23:21:45.615, 0, NVIDIA GeForce RTX 3080, 6250, 3802, 10240, 96, 98
2026/07/30 23:21:45.723, 0, NVIDIA GeForce RTX 3080, 6250, 3802, 10240, 96, 98
2026/07/30 23:21:45.833, 0, NVIDIA GeForce RTX 3080, 6250, 3802, 10240, 95, 98
2026/07/30 23:21:45.943, 0, NVIDIA GeForce RTX 3080, 6250, 3802, 10240, 95, 98
2026/07/30 23:21:46.055, 0, NVIDIA GeForce RTX 3080, 6250, 3802, 10240, 95, 98
2026/07/30 23:21:46.167, 0, NVIDIA GeForce RTX 3080, 6250, 3802, 10240, 95, 98
2026/07/30 23:21:46.279, 0, NVIDIA GeForce RTX 3080, 6250, 3802, 10240, 97, 98
2026/07/30 23:21:46.391, 0, NVIDIA GeForce RTX 3080, 6250, 3802, 10240, 97, 98
2026/07/30 23:21:46.503, 0, NVIDIA GeForce RTX 3080, 6250, 3802, 10240, 97, 98
2026/07/30 23:21:46.613, 0, NVIDIA GeForce RTX 3080, 6250, 3802, 10240, 97, 98
2026/07/30 23:21:46.725, 0, NVIDIA GeForce RTX 3080, 6250, 3802, 10240, 97, 98
2026/07/30 23:21:46.837, 0, NVIDIA GeForce RTX 3080, 6250, 3802, 10240, 97, 98
2026/07/30 23:21:46.948, 0, NVIDIA GeForce RTX 3080, 6250, 3802, 10240, 97, 98
2026/07/30 23:21:47.060, 0, NVIDIA GeForce RTX 3080, 6250, 3802, 10240, 97, 98
2026/07/30 23:21:47.172, 0, NVIDIA GeForce RTX 3080, 6250, 3802, 10240, 97, 98
2026/07/30 23:21:47.284, 0, NVIDIA GeForce RTX 3080, 6250, 3802, 10240, 97, 98
2026/07/30 23:21:47.395, 0, NVIDIA GeForce RTX 3080, 6250, 3802, 10240, 97, 98
2026/07/30 23:21:47.506, 0, NVIDIA GeForce RTX 3080, 6250, 3802, 10240, 97, 98
2026/07/30 23:21:47.615, 0, NVIDIA GeForce RTX 3080, 6250, 3802, 10240, 97, 98
2026/07/30 23:21:47.725, 0, NVIDIA GeForce RTX 3080, 6250, 3802, 10240, 97, 98
2026/07/30 23:21:47.836, 0, NVIDIA GeForce RTX 3080, 6250, 3802, 10240, 97, 98
2026/07/30 23:21:47.948, 0, NVIDIA GeForce RTX 3080, 6250, 3802, 10240, 97, 98
2026/07/30 23:21:48.060, 0, NVIDIA GeForce RTX 3080, 6250, 3802, 10240, 97, 98
2026/07/30 23:21:48.172, 0, NVIDIA GeForce RTX 3080, 6250, 3802, 10240, 97, 98
2026/07/30 23:21:48.284, 0, NVIDIA GeForce RTX 3080, 6250, 3802, 10240, 93, 95
2026/07/30 23:21:48.395, 0, NVIDIA GeForce RTX 3080, 6250, 3802, 10240, 93, 95
2026/07/30 23:21:48.508, 0, NVIDIA GeForce RTX 3080, 6250, 3802, 10240, 93, 95
2026/07/30 23:21:48.620, 0, NVIDIA GeForce RTX 3080, 6250, 3802, 10240, 93, 95
2026/07/30 23:21:48.732, 0, NVIDIA GeForce RTX 3080, 6250, 3802, 10240, 93, 95
2026/07/30 23:21:48.844, 0, NVIDIA GeForce RTX 3080, 6250, 3802, 10240, 95, 97
2026/07/30 23:21:48.956, 0, NVIDIA GeForce RTX 3080, 6250, 3802, 10240, 95, 97
2026/07/30 23:21:49.067, 0, NVIDIA GeForce RTX 3080, 6250, 3802, 10240, 95, 97
2026/07/30 23:21:49.179, 0, NVIDIA GeForce RTX 3080, 6250, 3802, 10240, 95, 97
2026/07/30 23:21:49.291, 0, NVIDIA GeForce RTX 3080, 6250, 3802, 10240, 95, 97
2026/07/30 23:21:49.403, 0, NVIDIA GeForce RTX 3080, 6250, 3802, 10240, 95, 97
2026/07/30 23:21:49.515, 0, NVIDIA GeForce RTX 3080, 6250, 3802, 10240, 95, 97
2026/07/30 23:21:49.626, 0, NVIDIA GeForce RTX 3080, 6250, 3802, 10240, 95, 97
2026/07/30 23:21:49.738, 0, NVIDIA GeForce RTX 3080, 6250, 3802, 10240, 95, 97
2026/07/30 23:21:49.849, 0, NVIDIA GeForce RTX 3080, 6250, 3802, 10240, 95, 98
2026/07/30 23:21:49.961, 0, NVIDIA GeForce RTX 3080, 6250, 3802, 10240, 95, 98
2026/07/30 23:21:50.073, 0, NVIDIA GeForce RTX 3080, 6250, 3802, 10240, 95, 98
2026/07/30 23:21:50.184, 0, NVIDIA GeForce RTX 3080, 6250, 3802, 10240, 95, 98
2026/07/30 23:21:50.295, 0, NVIDIA GeForce RTX 3080, 6250, 3802, 10240, 97, 98
2026/07/30 23:21:50.406, 0, NVIDIA GeForce RTX 3080, 6250, 3802, 10240, 97, 98
2026/07/30 23:21:50.518, 0, NVIDIA GeForce RTX 3080, 6250, 3802, 10240, 97, 98
2026/07/30 23:21:50.630, 0, NVIDIA GeForce RTX 3080, 6250, 3802, 10240, 97, 98
2026/07/30 23:21:50.741, 0, NVIDIA GeForce RTX 3080, 6250, 3802, 10240, 97, 98
2026/07/30 23:21:50.854, 0, NVIDIA GeForce RTX 3080, 6250, 3802, 10240, 97, 98
2026/07/30 23:21:50.966, 0, NVIDIA GeForce RTX 3080, 6250, 3802, 10240, 97, 98
2026/07/30 23:21:51.078, 0, NVIDIA GeForce RTX 3080, 6250, 3802, 10240, 97, 98
2026/07/30 23:21:51.189, 0, NVIDIA GeForce RTX 3080, 6250, 3802, 10240, 97, 98
2026/07/30 23:21:51.301, 0, NVIDIA GeForce RTX 3080, 6250, 3802, 10240, 97, 98
2026/07/30 23:21:51.412, 0, NVIDIA GeForce RTX 3080, 6250, 3802, 10240, 97, 98
2026/07/30 23:21:51.524, 0, NVIDIA GeForce RTX 3080, 6250, 3802, 10240, 97, 98
2026/07/30 23:21:51.636, 0, NVIDIA GeForce RTX 3080, 6250, 3802, 10240, 97, 98
2026/07/30 23:21:51.748, 0, NVIDIA GeForce RTX 3080, 6250, 3802, 10240, 97, 98
2026/07/30 23:21:51.860, 0, NVIDIA GeForce RTX 3080, 6250, 3802, 10240, 97, 98
2026/07/30 23:21:51.972, 0, NVIDIA GeForce RTX 3080, 6250, 3802, 10240, 97, 98
2026/07/30 23:21:52.084, 0, NVIDIA GeForce RTX 3080, 6250, 3802, 10240, 97, 98
2026/07/30 23:21:52.195, 0, NVIDIA GeForce RTX 3080, 6250, 3802, 10240, 97, 98
2026/07/30 23:21:52.307, 0, NVIDIA GeForce RTX 3080, 6250, 3802, 10240, 98, 98
2026/07/30 23:21:52.419, 0, NVIDIA GeForce RTX 3080, 6250, 3802, 10240, 98, 98
2026/07/30 23:21:52.530, 0, NVIDIA GeForce RTX 3080, 6250, 3802, 10240, 98, 98
2026/07/30 23:21:52.640, 0, NVIDIA GeForce RTX 3080, 6250, 3802, 10240, 98, 98
2026/07/30 23:21:52.752, 0, NVIDIA GeForce RTX 3080, 6250, 3802, 10240, 98, 97
2026/07/30 23:21:52.864, 0, NVIDIA GeForce RTX 3080, 6250, 3802, 10240, 98, 97
2026/07/30 23:21:52.976, 0, NVIDIA GeForce RTX 3080, 6250, 3802, 10240, 98, 97
2026/07/30 23:21:53.088, 0, NVIDIA GeForce RTX 3080, 6250, 3802, 10240, 98, 97
2026/07/30 23:21:53.200, 0, NVIDIA GeForce RTX 3080, 6250, 3802, 10240, 98, 97
2026/07/30 23:21:53.311, 0, NVIDIA GeForce RTX 3080, 6250, 3802, 10240, 98, 98
2026/07/30 23:21:53.423, 0, NVIDIA GeForce RTX 3080, 6250, 3802, 10240, 98, 98
2026/07/30 23:21:53.535, 0, NVIDIA GeForce RTX 3080, 6250, 3802, 10240, 98, 98
2026/07/30 23:21:53.646, 0, NVIDIA GeForce RTX 3080, 6250, 3802, 10240, 98, 98
2026/07/30 23:21:53.756, 0, NVIDIA GeForce RTX 3080, 6250, 3802, 10240, 98, 98
2026/07/30 23:21:53.867, 0, NVIDIA GeForce RTX 3080, 6250, 3802, 10240, 98, 98
2026/07/30 23:21:53.979, 0, NVIDIA GeForce RTX 3080, 6250, 3802, 10240, 98, 98
2026/07/30 23:21:54.090, 0, NVIDIA GeForce RTX 3080, 6250, 3802, 10240, 98, 98
2026/07/30 23:21:54.201, 0, NVIDIA GeForce RTX 3080, 6250, 3802, 10240, 98, 98
2026/07/30 23:21:54.312, 0, NVIDIA GeForce RTX 3080, 6250, 3802, 10240, 95, 98
2026/07/30 23:21:54.424, 0, NVIDIA GeForce RTX 3080, 6250, 3802, 10240, 95, 98
2026/07/30 23:21:54.536, 0, NVIDIA GeForce RTX 3080, 6250, 3802, 10240, 95, 98
2026/07/30 23:21:54.647, 0, NVIDIA GeForce RTX 3080, 6250, 3802, 10240, 95, 98
2026/07/30 23:21:54.759, 0, NVIDIA GeForce RTX 3080, 6250, 3802, 10240, 95, 98
2026/07/30 23:21:54.871, 0, NVIDIA GeForce RTX 3080, 6250, 3802, 10240, 95, 98
2026/07/30 23:21:54.983, 0, NVIDIA GeForce RTX 3080, 6250, 3802, 10240, 95, 98
2026/07/30 23:21:55.095, 0, NVIDIA GeForce RTX 3080, 6250, 3802, 10240, 95, 98
2026/07/30 23:21:55.207, 0, NVIDIA GeForce RTX 3080, 6250, 3802, 10240, 95, 98
2026/07/30 23:21:55.319, 0, NVIDIA GeForce RTX 3080, 6250, 3802, 10240, 96, 98
2026/07/30 23:21:55.431, 0, NVIDIA GeForce RTX 3080, 6250, 3802, 10240, 96, 98
2026/07/30 23:21:55.543, 0, NVIDIA GeForce RTX 3080, 6250, 3802, 10240, 96, 98
2026/07/30 23:21:55.655, 0, NVIDIA GeForce RTX 3080, 6250, 3802, 10240, 96, 98
2026/07/30 23:21:55.767, 0, NVIDIA GeForce RTX 3080, 6250, 3802, 10240, 96, 98
2026/07/30 23:21:55.879, 0, NVIDIA GeForce RTX 3080, 6250, 3802, 10240, 96, 98
2026/07/30 23:21:55.991, 0, NVIDIA GeForce RTX 3080, 6250, 3802, 10240, 96, 98
2026/07/30 23:21:56.102, 0, NVIDIA GeForce RTX 3080, 6250, 3802, 10240, 96, 98
2026/07/30 23:21:56.214, 0, NVIDIA GeForce RTX 3080, 6250, 3802, 10240, 96, 98
2026/07/30 23:21:56.326, 0, NVIDIA GeForce RTX 3080, 6250, 3802, 10240, 97, 98
2026/07/30 23:21:56.438, 0, NVIDIA GeForce RTX 3080, 6250, 3802, 10240, 97, 98
2026/07/30 23:21:56.550, 0, NVIDIA GeForce RTX 3080, 6250, 3802, 10240, 97, 98
2026/07/30 23:21:56.662, 0, NVIDIA GeForce RTX 3080, 6250, 3802, 10240, 97, 98
2026/07/30 23:21:56.773, 0, NVIDIA GeForce RTX 3080, 6250, 3802, 10240, 96, 96
2026/07/30 23:21:56.885, 0, NVIDIA GeForce RTX 3080, 6250, 3802, 10240, 96, 96
2026/07/30 23:21:56.997, 0, NVIDIA GeForce RTX 3080, 6250, 3802, 10240, 96, 96
2026/07/30 23:21:57.109, 0, NVIDIA GeForce RTX 3080, 6250, 3802, 10240, 96, 96
2026/07/30 23:21:57.218, 0, NVIDIA GeForce RTX 3080, 6250, 3802, 10240, 96, 96
2026/07/30 23:21:57.330, 0, NVIDIA GeForce RTX 3080, 6250, 3802, 10240, 97, 98
2026/07/30 23:21:57.441, 0, NVIDIA GeForce RTX 3080, 6250, 3802, 10240, 97, 98
2026/07/30 23:21:57.553, 0, NVIDIA GeForce RTX 3080, 6250, 3802, 10240, 97, 98
2026/07/30 23:21:57.665, 0, NVIDIA GeForce RTX 3080, 6250, 3802, 10240, 97, 98
2026/07/30 23:21:57.777, 0, NVIDIA GeForce RTX 3080, 6250, 3802, 10240, 96, 97
2026/07/30 23:21:57.889, 0, NVIDIA GeForce RTX 3080, 6250, 3802, 10240, 96, 97
2026/07/30 23:21:58.001, 0, NVIDIA GeForce RTX 3080, 6250, 3802, 10240, 96, 97
2026/07/30 23:21:58.113, 0, NVIDIA GeForce RTX 3080, 6250, 3802, 10240, 96, 97
2026/07/30 23:21:58.225, 0, NVIDIA GeForce RTX 3080, 6250, 3802, 10240, 96, 97
2026/07/30 23:21:58.338, 0, NVIDIA GeForce RTX 3080, 6250, 3802, 10240, 94, 97
2026/07/30 23:21:58.450, 0, NVIDIA GeForce RTX 3080, 6250, 3802, 10240, 94, 97
2026/07/30 23:21:58.560, 0, NVIDIA GeForce RTX 3080, 6250, 3802, 10240, 94, 97
2026/07/30 23:21:58.668, 0, NVIDIA GeForce RTX 3080, 6250, 3802, 10240, 94, 97
2026/07/30 23:21:58.778, 0, NVIDIA GeForce RTX 3080, 6250, 3802, 10240, 96, 98
2026/07/30 23:21:58.887, 0, NVIDIA GeForce RTX 3080, 6250, 3802, 10240, 96, 98
2026/07/30 23:21:58.996, 0, NVIDIA GeForce RTX 3080, 6250, 3802, 10240, 96, 98
2026/07/30 23:21:59.105, 0, NVIDIA GeForce RTX 3080, 6250, 3802, 10240, 96, 98
2026/07/30 23:21:59.215, 0, NVIDIA GeForce RTX 3080, 6250, 3802, 10240, 96, 98
2026/07/30 23:21:59.324, 0, NVIDIA GeForce RTX 3080, 6250, 3802, 10240, 95, 98
2026/07/30 23:21:59.436, 0, NVIDIA GeForce RTX 3080, 6250, 3802, 10240, 95, 98
2026/07/30 23:21:59.548, 0, NVIDIA GeForce RTX 3080, 6250, 3802, 10240, 95, 98
2026/07/30 23:21:59.660, 0, NVIDIA GeForce RTX 3080, 6250, 3802, 10240, 95, 98
2026/07/30 23:21:59.772, 0, NVIDIA GeForce RTX 3080, 6250, 3802, 10240, 95, 98
2026/07/30 23:21:59.884, 0, NVIDIA GeForce RTX 3080, 6250, 3802, 10240, 95, 98
2026/07/30 23:21:59.995, 0, NVIDIA GeForce RTX 3080, 6250, 3802, 10240, 95, 98
2026/07/30 23:22:00.107, 0, NVIDIA GeForce RTX 3080, 6250, 3802, 10240, 95, 98
2026/07/30 23:22:00.219, 0, NVIDIA GeForce RTX 3080, 6250, 3802, 10240, 95, 98
2026/07/30 23:22:00.331, 0, NVIDIA GeForce RTX 3080, 6250, 3802, 10240, 97, 98
2026/07/30 23:22:00.443, 0, NVIDIA GeForce RTX 3080, 6250, 3802, 10240, 97, 98
2026/07/30 23:22:00.553, 0, NVIDIA GeForce RTX 3080, 6250, 3802, 10240, 97, 98
2026/07/30 23:22:00.662, 0, NVIDIA GeForce RTX 3080, 6250, 3802, 10240, 97, 98
2026/07/30 23:22:00.772, 0, NVIDIA GeForce RTX 3080, 6250, 3802, 10240, 97, 98
2026/07/30 23:22:00.881, 0, NVIDIA GeForce RTX 3080, 6250, 3802, 10240, 97, 98
2026/07/30 23:22:00.992, 0, NVIDIA GeForce RTX 3080, 6250, 3802, 10240, 97, 98
2026/07/30 23:22:01.103, 0, NVIDIA GeForce RTX 3080, 6250, 3802, 10240, 97, 98
2026/07/30 23:22:01.215, 0, NVIDIA GeForce RTX 3080, 6250, 3802, 10240, 97, 98
2026/07/30 23:22:01.326, 0, NVIDIA GeForce RTX 3080, 6250, 3802, 10240, 97, 98
2026/07/30 23:22:01.437, 0, NVIDIA GeForce RTX 3080, 6250, 3802, 10240, 97, 98
2026/07/30 23:22:01.548, 0, NVIDIA GeForce RTX 3080, 6250, 3802, 10240, 97, 98
2026/07/30 23:22:01.660, 0, NVIDIA GeForce RTX 3080, 6250, 3802, 10240, 97, 98
2026/07/30 23:22:01.771, 0, NVIDIA GeForce RTX 3080, 6250, 3802, 10240, 97, 98
2026/07/30 23:22:01.883, 0, NVIDIA GeForce RTX 3080, 6250, 3802, 10240, 97, 98
2026/07/30 23:22:01.995, 0, NVIDIA GeForce RTX 3080, 6250, 3802, 10240, 97, 98
2026/07/30 23:22:02.107, 0, NVIDIA GeForce RTX 3080, 6250, 3802, 10240, 97, 98
2026/07/30 23:22:02.219, 0, NVIDIA GeForce RTX 3080, 6250, 3802, 10240, 97, 98
2026/07/30 23:22:02.331, 0, NVIDIA GeForce RTX 3080, 6250, 3802, 10240, 95, 98
2026/07/30 23:22:02.443, 0, NVIDIA GeForce RTX 3080, 6250, 3802, 10240, 95, 98
2026/07/30 23:22:02.555, 0, NVIDIA GeForce RTX 3080, 6250, 3802, 10240, 95, 98
2026/07/30 23:22:02.667, 0, NVIDIA GeForce RTX 3080, 6250, 3802, 10240, 95, 98
2026/07/30 23:22:02.779, 0, NVIDIA GeForce RTX 3080, 6250, 3802, 10240, 96, 98
2026/07/30 23:22:02.891, 0, NVIDIA GeForce RTX 3080, 6250, 3802, 10240, 96, 98
2026/07/30 23:22:03.003, 0, NVIDIA GeForce RTX 3080, 6250, 3802, 10240, 96, 98
2026/07/30 23:22:03.115, 0, NVIDIA GeForce RTX 3080, 6250, 3802, 10240, 96, 98
2026/07/30 23:22:03.227, 0, NVIDIA GeForce RTX 3080, 6250, 3802, 10240, 96, 98
2026/07/30 23:22:03.339, 0, NVIDIA GeForce RTX 3080, 6250, 3802, 10240, 96, 98
2026/07/30 23:22:03.451, 0, NVIDIA GeForce RTX 3080, 6250, 3802, 10240, 96, 98
2026/07/30 23:22:03.563, 0, NVIDIA GeForce RTX 3080, 6250, 3802, 10240, 96, 98
2026/07/30 23:22:03.675, 0, NVIDIA GeForce RTX 3080, 6250, 3802, 10240, 96, 98
2026/07/30 23:22:03.787, 0, NVIDIA GeForce RTX 3080, 6250, 3802, 10240, 95, 98
2026/07/30 23:22:03.897, 0, NVIDIA GeForce RTX 3080, 6250, 3802, 10240, 95, 98
2026/07/30 23:22:04.009, 0, NVIDIA GeForce RTX 3080, 6250, 3802, 10240, 95, 98
2026/07/30 23:22:04.121, 0, NVIDIA GeForce RTX 3080, 6250, 3802, 10240, 95, 98
2026/07/30 23:22:04.233, 0, NVIDIA GeForce RTX 3080, 6250, 3802, 10240, 95, 98
2026/07/30 23:22:04.345, 0, NVIDIA GeForce RTX 3080, 6250, 3802, 10240, 96, 97
2026/07/30 23:22:04.457, 0, NVIDIA GeForce RTX 3080, 6250, 3802, 10240, 96, 97
2026/07/30 23:22:04.569, 0, NVIDIA GeForce RTX 3080, 6250, 3802, 10240, 96, 97
2026/07/30 23:22:04.681, 0, NVIDIA GeForce RTX 3080, 6250, 3802, 10240, 96, 97
2026/07/30 23:22:04.793, 0, NVIDIA GeForce RTX 3080, 6250, 3802, 10240, 96, 97
2026/07/30 23:22:04.905, 0, NVIDIA GeForce RTX 3080, 6250, 3802, 10240, 96, 97
2026/07/30 23:22:05.017, 0, NVIDIA GeForce RTX 3080, 6250, 3802, 10240, 96, 97
2026/07/30 23:22:05.129, 0, NVIDIA GeForce RTX 3080, 6250, 3802, 10240, 96, 97
2026/07/30 23:22:05.241, 0, NVIDIA GeForce RTX 3080, 6250, 3802, 10240, 96, 97
2026/07/30 23:22:05.352, 0, NVIDIA GeForce RTX 3080, 6250, 3802, 10240, 96, 98
2026/07/30 23:22:05.464, 0, NVIDIA GeForce RTX 3080, 6250, 3802, 10240, 96, 98
2026/07/30 23:22:05.574, 0, NVIDIA GeForce RTX 3080, 6250, 3802, 10240, 96, 98
2026/07/30 23:22:05.683, 0, NVIDIA GeForce RTX 3080, 6250, 3802, 10240, 96, 98
2026/07/30 23:22:05.792, 0, NVIDIA GeForce RTX 3080, 6250, 3802, 10240, 97, 97
2026/07/30 23:22:05.900, 0, NVIDIA GeForce RTX 3080, 6250, 3802, 10240, 97, 97
2026/07/30 23:22:06.012, 0, NVIDIA GeForce RTX 3080, 6250, 3802, 10240, 97, 97
2026/07/30 23:22:06.124, 0, NVIDIA GeForce RTX 3080, 6250, 3802, 10240, 97, 97
2026/07/30 23:22:06.237, 0, NVIDIA GeForce RTX 3080, 6250, 3802, 10240, 97, 97
2026/07/30 23:22:06.348, 0, NVIDIA GeForce RTX 3080, 6250, 3802, 10240, 98, 98
2026/07/30 23:22:06.460, 0, NVIDIA GeForce RTX 3080, 6250, 3802, 10240, 98, 98
2026/07/30 23:22:06.572, 0, NVIDIA GeForce RTX 3080, 6250, 3802, 10240, 98, 98
2026/07/30 23:22:06.684, 0, NVIDIA GeForce RTX 3080, 6250, 3802, 10240, 98, 98
2026/07/30 23:22:06.796, 0, NVIDIA GeForce RTX 3080, 6250, 3802, 10240, 97, 97
2026/07/30 23:22:06.908, 0, NVIDIA GeForce RTX 3080, 6250, 3802, 10240, 97, 97
2026/07/30 23:22:07.019, 0, NVIDIA GeForce RTX 3080, 6250, 3802, 10240, 97, 97
2026/07/30 23:22:07.131, 0, NVIDIA GeForce RTX 3080, 6250, 3802, 10240, 97, 97
2026/07/30 23:22:07.243, 0, NVIDIA GeForce RTX 3080, 6250, 3802, 10240, 97, 97
2026/07/30 23:22:07.355, 0, NVIDIA GeForce RTX 3080, 6250, 3802, 10240, 97, 97
2026/07/30 23:22:07.467, 0, NVIDIA GeForce RTX 3080, 6250, 3802, 10240, 97, 97
2026/07/30 23:22:07.577, 0, NVIDIA GeForce RTX 3080, 6250, 3802, 10240, 97, 97
2026/07/30 23:22:07.688, 0, NVIDIA GeForce RTX 3080, 6250, 3802, 10240, 97, 97
2026/07/30 23:22:07.800, 0, NVIDIA GeForce RTX 3080, 6250, 3802, 10240, 98, 98
2026/07/30 23:22:07.911, 0, NVIDIA GeForce RTX 3080, 6250, 3802, 10240, 98, 98
2026/07/30 23:22:08.023, 0, NVIDIA GeForce RTX 3080, 6250, 3802, 10240, 98, 98
2026/07/30 23:22:08.135, 0, NVIDIA GeForce RTX 3080, 6250, 3802, 10240, 98, 98
2026/07/30 23:22:08.247, 0, NVIDIA GeForce RTX 3080, 6250, 3802, 10240, 98, 98
2026/07/30 23:22:08.359, 0, NVIDIA GeForce RTX 3080, 6250, 3802, 10240, 96, 98
2026/07/30 23:22:08.471, 0, NVIDIA GeForce RTX 3080, 6250, 3802, 10240, 96, 98
2026/07/30 23:22:08.584, 0, NVIDIA GeForce RTX 3080, 6250, 3802, 10240, 96, 98
2026/07/30 23:22:08.696, 0, NVIDIA GeForce RTX 3080, 6250, 3802, 10240, 96, 98
2026/07/30 23:22:08.808, 0, NVIDIA GeForce RTX 3080, 6250, 3802, 10240, 95, 98
2026/07/30 23:22:08.920, 0, NVIDIA GeForce RTX 3080, 6250, 3802, 10240, 95, 98
2026/07/30 23:22:09.032, 0, NVIDIA GeForce RTX 3080, 6250, 3802, 10240, 95, 98
2026/07/30 23:22:09.144, 0, NVIDIA GeForce RTX 3080, 6250, 3802, 10240, 95, 98
2026/07/30 23:22:09.256, 0, NVIDIA GeForce RTX 3080, 6250, 3802, 10240, 95, 98
2026/07/30 23:22:09.368, 0, NVIDIA GeForce RTX 3080, 6250, 3802, 10240, 95, 98
2026/07/30 23:22:09.480, 0, NVIDIA GeForce RTX 3080, 6250, 3802, 10240, 95, 98
2026/07/30 23:22:09.592, 0, NVIDIA GeForce RTX 3080, 6250, 3802, 10240, 95, 98
2026/07/30 23:22:09.704, 0, NVIDIA GeForce RTX 3080, 6250, 3802, 10240, 95, 98
2026/07/30 23:22:09.816, 0, NVIDIA GeForce RTX 3080, 6250, 3802, 10240, 94, 97
2026/07/30 23:22:09.927, 0, NVIDIA GeForce RTX 3080, 6250, 3802, 10240, 94, 97
2026/07/30 23:22:10.039, 0, NVIDIA GeForce RTX 3080, 6250, 3802, 10240, 94, 97
2026/07/30 23:22:10.151, 0, NVIDIA GeForce RTX 3080, 6250, 3802, 10240, 94, 97
2026/07/30 23:22:10.263, 0, NVIDIA GeForce RTX 3080, 6250, 3802, 10240, 97, 98
2026/07/30 23:22:10.375, 0, NVIDIA GeForce RTX 3080, 6250, 3802, 10240, 97, 98
2026/07/30 23:22:10.487, 0, NVIDIA GeForce RTX 3080, 6250, 3802, 10240, 97, 98
2026/07/30 23:22:10.599, 0, NVIDIA GeForce RTX 3080, 6250, 3802, 10240, 97, 98
2026/07/30 23:22:10.711, 0, NVIDIA GeForce RTX 3080, 6250, 3802, 10240, 97, 98
2026/07/30 23:22:10.823, 0, NVIDIA GeForce RTX 3080, 6250, 3802, 10240, 97, 98
2026/07/30 23:22:10.935, 0, NVIDIA GeForce RTX 3080, 6250, 3802, 10240, 97, 98
2026/07/30 23:22:11.047, 0, NVIDIA GeForce RTX 3080, 6250, 3802, 10240, 97, 98
2026/07/30 23:22:11.159, 0, NVIDIA GeForce RTX 3080, 6250, 3802, 10240, 97, 98
2026/07/30 23:22:11.271, 0, NVIDIA GeForce RTX 3080, 6250, 3802, 10240, 97, 98
2026/07/30 23:22:11.382, 0, NVIDIA GeForce RTX 3080, 6250, 3802, 10240, 97, 98
2026/07/30 23:22:11.494, 0, NVIDIA GeForce RTX 3080, 6250, 3802, 10240, 97, 98
2026/07/30 23:22:11.606, 0, NVIDIA GeForce RTX 3080, 6250, 3802, 10240, 97, 98
2026/07/30 23:22:11.718, 0, NVIDIA GeForce RTX 3080, 6250, 3802, 10240, 97, 98
2026/07/30 23:22:11.830, 0, NVIDIA GeForce RTX 3080, 6250, 3802, 10240, 94, 96
2026/07/30 23:22:11.942, 0, NVIDIA GeForce RTX 3080, 6250, 3802, 10240, 94, 96
2026/07/30 23:22:12.054, 0, NVIDIA GeForce RTX 3080, 6250, 3802, 10240, 94, 96
2026/07/30 23:22:12.166, 0, NVIDIA GeForce RTX 3080, 6250, 3802, 10240, 94, 96
2026/07/30 23:22:12.278, 0, NVIDIA GeForce RTX 3080, 6250, 3802, 10240, 96, 98
2026/07/30 23:22:12.390, 0, NVIDIA GeForce RTX 3080, 6250, 3802, 10240, 96, 98
2026/07/30 23:22:12.502, 0, NVIDIA GeForce RTX 3080, 6250, 3802, 10240, 96, 98
2026/07/30 23:22:12.613, 0, NVIDIA GeForce RTX 3080, 6250, 3802, 10240, 96, 98
2026/07/30 23:22:12.725, 0, NVIDIA GeForce RTX 3080, 6250, 3802, 10240, 96, 98
2026/07/30 23:22:12.835, 0, NVIDIA GeForce RTX 3080, 6250, 3802, 10240, 95, 98
2026/07/30 23:22:12.946, 0, NVIDIA GeForce RTX 3080, 6250, 3802, 10240, 95, 98
2026/07/30 23:22:13.056, 0, NVIDIA GeForce RTX 3080, 6250, 3802, 10240, 95, 98
2026/07/30 23:22:13.169, 0, NVIDIA GeForce RTX 3080, 6250, 3802, 10240, 95, 98
2026/07/30 23:22:13.281, 0, NVIDIA GeForce RTX 3080, 6250, 3802, 10240, 95, 97
2026/07/30 23:22:13.392, 0, NVIDIA GeForce RTX 3080, 6250, 3802, 10240, 95, 97
2026/07/30 23:22:13.504, 0, NVIDIA GeForce RTX 3080, 6250, 3802, 10240, 95, 97
2026/07/30 23:22:13.615, 0, NVIDIA GeForce RTX 3080, 6250, 3802, 10240, 95, 97
2026/07/30 23:22:13.724, 0, NVIDIA GeForce RTX 3080, 6250, 3802, 10240, 95, 97
2026/07/30 23:22:13.836, 0, NVIDIA GeForce RTX 3080, 6250, 3802, 10240, 95, 97
2026/07/30 23:22:13.948, 0, NVIDIA GeForce RTX 3080, 6250, 3802, 10240, 95, 97
2026/07/30 23:22:14.060, 0, NVIDIA GeForce RTX 3080, 6250, 3802, 10240, 95, 97
2026/07/30 23:22:14.172, 0, NVIDIA GeForce RTX 3080, 6250, 3802, 10240, 95, 97
2026/07/30 23:22:14.283, 0, NVIDIA GeForce RTX 3080, 6250, 3802, 10240, 97, 97
2026/07/30 23:22:14.394, 0, NVIDIA GeForce RTX 3080, 6250, 3802, 10240, 97, 97
2026/07/30 23:22:14.506, 0, NVIDIA GeForce RTX 3080, 6250, 3802, 10240, 97, 97
2026/07/30 23:22:14.618, 0, NVIDIA GeForce RTX 3080, 6250, 3802, 10240, 97, 97
2026/07/30 23:22:14.730, 0, NVIDIA GeForce RTX 3080, 6250, 3802, 10240, 97, 97
2026/07/30 23:22:14.842, 0, NVIDIA GeForce RTX 3080, 6250, 3802, 10240, 97, 98
2026/07/30 23:22:14.954, 0, NVIDIA GeForce RTX 3080, 6250, 3802, 10240, 97, 98
2026/07/30 23:22:15.066, 0, NVIDIA GeForce RTX 3080, 6250, 3802, 10240, 97, 98
2026/07/30 23:22:15.178, 0, NVIDIA GeForce RTX 3080, 6250, 3802, 10240, 97, 98
2026/07/30 23:22:15.290, 0, NVIDIA GeForce RTX 3080, 6250, 3802, 10240, 97, 98
2026/07/30 23:22:15.402, 0, NVIDIA GeForce RTX 3080, 6250, 3802, 10240, 97, 98
2026/07/30 23:22:15.514, 0, NVIDIA GeForce RTX 3080, 6250, 3802, 10240, 97, 98
2026/07/30 23:22:15.625, 0, NVIDIA GeForce RTX 3080, 6250, 3802, 10240, 97, 98
2026/07/30 23:22:15.737, 0, NVIDIA GeForce RTX 3080, 6250, 3802, 10240, 97, 98
2026/07/30 23:22:15.849, 0, NVIDIA GeForce RTX 3080, 6250, 3802, 10240, 97, 97
2026/07/30 23:22:15.961, 0, NVIDIA GeForce RTX 3080, 6250, 3802, 10240, 97, 97
2026/07/30 23:22:16.073, 0, NVIDIA GeForce RTX 3080, 6250, 3802, 10240, 97, 97
2026/07/30 23:22:16.185, 0, NVIDIA GeForce RTX 3080, 6250, 3802, 10240, 97, 97
2026/07/30 23:22:16.297, 0, NVIDIA GeForce RTX 3080, 6250, 3802, 10240, 95, 98
2026/07/30 23:22:16.409, 0, NVIDIA GeForce RTX 3080, 6250, 3802, 10240, 95, 98
2026/07/30 23:22:16.521, 0, NVIDIA GeForce RTX 3080, 6250, 3802, 10240, 95, 98
2026/07/30 23:22:16.633, 0, NVIDIA GeForce RTX 3080, 6250, 3802, 10240, 95, 98
2026/07/30 23:22:16.745, 0, NVIDIA GeForce RTX 3080, 6250, 3802, 10240, 95, 98
2026/07/30 23:22:16.858, 0, NVIDIA GeForce RTX 3080, 6250, 3802, 10240, 95, 98
2026/07/30 23:22:16.969, 0, NVIDIA GeForce RTX 3080, 6250, 3802, 10240, 95, 98
2026/07/30 23:22:17.080, 0, NVIDIA GeForce RTX 3080, 6250, 3802, 10240, 95, 98
2026/07/30 23:22:17.191, 0, NVIDIA GeForce RTX 3080, 6250, 3802, 10240, 95, 98
2026/07/30 23:22:17.303, 0, NVIDIA GeForce RTX 3080, 6250, 3802, 10240, 95, 98
2026/07/30 23:22:17.414, 0, NVIDIA GeForce RTX 3080, 6250, 3802, 10240, 95, 98
2026/07/30 23:22:17.526, 0, NVIDIA GeForce RTX 3080, 6250, 3802, 10240, 95, 98
2026/07/30 23:22:17.638, 0, NVIDIA GeForce RTX 3080, 6250, 3802, 10240, 95, 98
2026/07/30 23:22:17.750, 0, NVIDIA GeForce RTX 3080, 6250, 3802, 10240, 95, 98
2026/07/30 23:22:17.862, 0, NVIDIA GeForce RTX 3080, 6250, 3802, 10240, 95, 98
2026/07/30 23:22:17.974, 0, NVIDIA GeForce RTX 3080, 6250, 3802, 10240, 95, 98
2026/07/30 23:22:18.085, 0, NVIDIA GeForce RTX 3080, 6250, 3802, 10240, 95, 98
2026/07/30 23:22:18.197, 0, NVIDIA GeForce RTX 3080, 6250, 3802, 10240, 95, 98
2026/07/30 23:22:18.309, 0, NVIDIA GeForce RTX 3080, 6250, 3802, 10240, 97, 98
2026/07/30 23:22:18.421, 0, NVIDIA GeForce RTX 3080, 6250, 3802, 10240, 97, 98
2026/07/30 23:22:18.532, 0, NVIDIA GeForce RTX 3080, 6250, 3802, 10240, 97, 98
2026/07/30 23:22:18.642, 0, NVIDIA GeForce RTX 3080, 6250, 3802, 10240, 97, 98
2026/07/30 23:22:18.750, 0, NVIDIA GeForce RTX 3080, 6250, 3802, 10240, 97, 98
2026/07/30 23:22:18.860, 0, NVIDIA GeForce RTX 3080, 6250, 3802, 10240, 97, 98
2026/07/30 23:22:18.969, 0, NVIDIA GeForce RTX 3080, 6250, 3802, 10240, 97, 98
2026/07/30 23:22:19.079, 0, NVIDIA GeForce RTX 3080, 6250, 3802, 10240, 97, 98
2026/07/30 23:22:19.189, 0, NVIDIA GeForce RTX 3080, 6250, 3802, 10240, 97, 98
2026/07/30 23:22:19.300, 0, NVIDIA GeForce RTX 3080, 6250, 3802, 10240, 97, 98
2026/07/30 23:22:19.411, 0, NVIDIA GeForce RTX 3080, 6250, 3802, 10240, 97, 98
2026/07/30 23:22:19.523, 0, NVIDIA GeForce RTX 3080, 6250, 3802, 10240, 97, 98
2026/07/30 23:22:19.635, 0, NVIDIA GeForce RTX 3080, 6250, 3802, 10240, 97, 98
2026/07/30 23:22:19.747, 0, NVIDIA GeForce RTX 3080, 6250, 3802, 10240, 97, 98
2026/07/30 23:22:19.859, 0, NVIDIA GeForce RTX 3080, 6250, 3802, 10240, 96, 98
2026/07/30 23:22:19.971, 0, NVIDIA GeForce RTX 3080, 6250, 3802, 10240, 96, 98
2026/07/30 23:22:20.083, 0, NVIDIA GeForce RTX 3080, 6250, 3802, 10240, 96, 98
2026/07/30 23:22:20.195, 0, NVIDIA GeForce RTX 3080, 6250, 3802, 10240, 96, 98
2026/07/30 23:22:20.307, 0, NVIDIA GeForce RTX 3080, 6250, 3802, 10240, 97, 97
2026/07/30 23:22:20.419, 0, NVIDIA GeForce RTX 3080, 6250, 3802, 10240, 97, 97
2026/07/30 23:22:20.529, 0, NVIDIA GeForce RTX 3080, 6250, 3802, 10240, 97, 97
2026/07/30 23:22:20.638, 0, NVIDIA GeForce RTX 3080, 6250, 3802, 10240, 97, 97
2026/07/30 23:22:20.748, 0, NVIDIA GeForce RTX 3080, 6250, 3802, 10240, 97, 97
2026/07/30 23:22:20.858, 0, NVIDIA GeForce RTX 3080, 6250, 3802, 10240, 98, 98
2026/07/30 23:22:20.968, 0, NVIDIA GeForce RTX 3080, 6250, 3802, 10240, 98, 98
2026/07/30 23:22:21.080, 0, NVIDIA GeForce RTX 3080, 6250, 3802, 10240, 98, 98
2026/07/30 23:22:21.192, 0, NVIDIA GeForce RTX 3080, 6250, 3802, 10240, 98, 98
2026/07/30 23:22:21.304, 0, NVIDIA GeForce RTX 3080, 6250, 3802, 10240, 97, 97
2026/07/30 23:22:21.413, 0, NVIDIA GeForce RTX 3080, 6250, 3802, 10240, 97, 97
2026/07/30 23:22:21.525, 0, NVIDIA GeForce RTX 3080, 6250, 3802, 10240, 97, 97
2026/07/30 23:22:21.635, 0, NVIDIA GeForce RTX 3080, 6250, 3802, 10240, 97, 97
2026/07/30 23:22:21.746, 0, NVIDIA GeForce RTX 3080, 6250, 3802, 10240, 97, 97
2026/07/30 23:22:21.858, 0, NVIDIA GeForce RTX 3080, 6250, 3802, 10240, 97, 97
2026/07/30 23:22:21.970, 0, NVIDIA GeForce RTX 3080, 6250, 3802, 10240, 97, 97
2026/07/30 23:22:22.082, 0, NVIDIA GeForce RTX 3080, 6250, 3802, 10240, 97, 97
2026/07/30 23:22:22.194, 0, NVIDIA GeForce RTX 3080, 6250, 3802, 10240, 97, 97
2026/07/30 23:22:22.306, 0, NVIDIA GeForce RTX 3080, 6250, 3802, 10240, 95, 98
2026/07/30 23:22:22.417, 0, NVIDIA GeForce RTX 3080, 6250, 3802, 10240, 95, 98
2026/07/30 23:22:22.529, 0, NVIDIA GeForce RTX 3080, 6250, 3802, 10240, 95, 98
2026/07/30 23:22:22.641, 0, NVIDIA GeForce RTX 3080, 6250, 3802, 10240, 95, 98
2026/07/30 23:22:22.753, 0, NVIDIA GeForce RTX 3080, 6250, 3802, 10240, 95, 97
2026/07/30 23:22:22.865, 0, NVIDIA GeForce RTX 3080, 6250, 3802, 10240, 95, 97
2026/07/30 23:22:22.976, 0, NVIDIA GeForce RTX 3080, 6250, 3802, 10240, 95, 97
2026/07/30 23:22:23.088, 0, NVIDIA GeForce RTX 3080, 6250, 3802, 10240, 95, 97
2026/07/30 23:22:23.198, 0, NVIDIA GeForce RTX 3080, 6250, 3802, 10240, 95, 97
2026/07/30 23:22:23.310, 0, NVIDIA GeForce RTX 3080, 6250, 3802, 10240, 95, 98
2026/07/30 23:22:23.422, 0, NVIDIA GeForce RTX 3080, 6250, 3802, 10240, 95, 98
2026/07/30 23:22:23.534, 0, NVIDIA GeForce RTX 3080, 6250, 3802, 10240, 95, 98
2026/07/30 23:22:23.645, 0, NVIDIA GeForce RTX 3080, 6250, 3802, 10240, 95, 98
2026/07/30 23:22:23.757, 0, NVIDIA GeForce RTX 3080, 6250, 3802, 10240, 93, 95
2026/07/30 23:22:23.868, 0, NVIDIA GeForce RTX 3080, 6250, 3802, 10240, 93, 95
2026/07/30 23:22:23.980, 0, NVIDIA GeForce RTX 3080, 6250, 3802, 10240, 93, 95
2026/07/30 23:22:24.092, 0, NVIDIA GeForce RTX 3080, 6250, 3802, 10240, 93, 95
2026/07/30 23:22:24.204, 0, NVIDIA GeForce RTX 3080, 6250, 3802, 10240, 93, 95
2026/07/30 23:22:24.316, 0, NVIDIA GeForce RTX 3080, 6250, 3802, 10240, 97, 98
2026/07/30 23:22:24.428, 0, NVIDIA GeForce RTX 3080, 6250, 3802, 10240, 97, 98
2026/07/30 23:22:24.540, 0, NVIDIA GeForce RTX 3080, 6250, 3802, 10240, 97, 98
2026/07/30 23:22:24.652, 0, NVIDIA GeForce RTX 3080, 6250, 3802, 10240, 97, 98
2026/07/30 23:22:24.764, 0, NVIDIA GeForce RTX 3080, 6250, 3802, 10240, 97, 98
2026/07/30 23:22:24.876, 0, NVIDIA GeForce RTX 3080, 6250, 3802, 10240, 97, 98
2026/07/30 23:22:24.988, 0, NVIDIA GeForce RTX 3080, 6250, 3802, 10240, 97, 98
2026/07/30 23:22:25.100, 0, NVIDIA GeForce RTX 3080, 6250, 3802, 10240, 97, 98
2026/07/30 23:22:25.211, 0, NVIDIA GeForce RTX 3080, 6250, 3802, 10240, 97, 98
2026/07/30 23:22:25.323, 0, NVIDIA GeForce RTX 3080, 6250, 3802, 10240, 97, 98
2026/07/30 23:22:25.435, 0, NVIDIA GeForce RTX 3080, 6250, 3802, 10240, 97, 98
2026/07/30 23:22:25.547, 0, NVIDIA GeForce RTX 3080, 6250, 3802, 10240, 97, 98
2026/07/30 23:22:25.657, 0, NVIDIA GeForce RTX 3080, 6250, 3802, 10240, 97, 98
2026/07/30 23:22:25.766, 0, NVIDIA GeForce RTX 3080, 6250, 3802, 10240, 95, 96
2026/07/30 23:22:25.876, 0, NVIDIA GeForce RTX 3080, 6250, 3802, 10240, 95, 96
2026/07/30 23:22:25.988, 0, NVIDIA GeForce RTX 3080, 6250, 3802, 10240, 95, 96
2026/07/30 23:22:26.099, 0, NVIDIA GeForce RTX 3080, 6250, 3802, 10240, 95, 96
2026/07/30 23:22:26.211, 0, NVIDIA GeForce RTX 3080, 6250, 3802, 10240, 95, 96
2026/07/30 23:22:26.322, 0, NVIDIA GeForce RTX 3080, 6250, 3802, 10240, 95, 98
2026/07/30 23:22:26.433, 0, NVIDIA GeForce RTX 3080, 6250, 3802, 10240, 95, 98
2026/07/30 23:22:26.545, 0, NVIDIA GeForce RTX 3080, 6250, 3802, 10240, 95, 98
2026/07/30 23:22:26.657, 0, NVIDIA GeForce RTX 3080, 6250, 3802, 10240, 95, 98
2026/07/30 23:22:26.769, 0, NVIDIA GeForce RTX 3080, 6250, 3802, 10240, 94, 97
2026/07/30 23:22:26.881, 0, NVIDIA GeForce RTX 3080, 6250, 3802, 10240, 94, 97
2026/07/30 23:22:26.993, 0, NVIDIA GeForce RTX 3080, 6250, 3802, 10240, 94, 97
2026/07/30 23:22:27.104, 0, NVIDIA GeForce RTX 3080, 6250, 3802, 10240, 94, 97
2026/07/30 23:22:27.216, 0, NVIDIA GeForce RTX 3080, 6250, 3802, 10240, 94, 97
2026/07/30 23:22:27.327, 0, NVIDIA GeForce RTX 3080, 6250, 3802, 10240, 95, 98
2026/07/30 23:22:27.439, 0, NVIDIA GeForce RTX 3080, 6250, 3802, 10240, 95, 98
2026/07/30 23:22:27.551, 0, NVIDIA GeForce RTX 3080, 6250, 3802, 10240, 95, 98
2026/07/30 23:22:27.663, 0, NVIDIA GeForce RTX 3080, 6250, 3802, 10240, 95, 98
2026/07/30 23:22:27.775, 0, NVIDIA GeForce RTX 3080, 6250, 3802, 10240, 96, 98
2026/07/30 23:22:27.887, 0, NVIDIA GeForce RTX 3080, 6250, 3802, 10240, 96, 98
2026/07/30 23:22:27.998, 0, NVIDIA GeForce RTX 3080, 6250, 3802, 10240, 96, 98
2026/07/30 23:22:28.109, 0, NVIDIA GeForce RTX 3080, 6250, 3802, 10240, 96, 98
2026/07/30 23:22:28.220, 0, NVIDIA GeForce RTX 3080, 6250, 3802, 10240, 96, 98
2026/07/30 23:22:28.331, 0, NVIDIA GeForce RTX 3080, 6250, 3802, 10240, 96, 96
2026/07/30 23:22:28.443, 0, NVIDIA GeForce RTX 3080, 6250, 3802, 10240, 96, 96
2026/07/30 23:22:28.555, 0, NVIDIA GeForce RTX 3080, 6250, 3802, 10240, 96, 96
2026/07/30 23:22:28.667, 0, NVIDIA GeForce RTX 3080, 6250, 3802, 10240, 96, 96
2026/07/30 23:22:28.779, 0, NVIDIA GeForce RTX 3080, 6250, 3802, 10240, 97, 98
2026/07/30 23:22:28.891, 0, NVIDIA GeForce RTX 3080, 6250, 3802, 10240, 97, 98
2026/07/30 23:22:29.003, 0, NVIDIA GeForce RTX 3080, 6250, 3802, 10240, 97, 98
2026/07/30 23:22:29.115, 0, NVIDIA GeForce RTX 3080, 6250, 3802, 10240, 97, 98
2026/07/30 23:22:29.227, 0, NVIDIA GeForce RTX 3080, 6250, 3802, 10240, 97, 98
2026/07/30 23:22:29.339, 0, NVIDIA GeForce RTX 3080, 6250, 3802, 10240, 97, 98
2026/07/30 23:22:29.451, 0, NVIDIA GeForce RTX 3080, 6250, 3802, 10240, 97, 98
2026/07/30 23:22:29.562, 0, NVIDIA GeForce RTX 3080, 6250, 3802, 10240, 97, 98
2026/07/30 23:22:29.674, 0, NVIDIA GeForce RTX 3080, 6250, 3802, 10240, 97, 98
2026/07/30 23:22:29.786, 0, NVIDIA GeForce RTX 3080, 6250, 3802, 10240, 97, 98
2026/07/30 23:22:29.898, 0, NVIDIA GeForce RTX 3080, 6250, 3802, 10240, 97, 98
2026/07/30 23:22:30.010, 0, NVIDIA GeForce RTX 3080, 6250, 3802, 10240, 97, 98
2026/07/30 23:22:30.122, 0, NVIDIA GeForce RTX 3080, 6250, 3802, 10240, 97, 98
2026/07/30 23:22:30.234, 0, NVIDIA GeForce RTX 3080, 6250, 3802, 10240, 97, 98
2026/07/30 23:22:30.346, 0, NVIDIA GeForce RTX 3080, 6250, 3802, 10240, 95, 98
2026/07/30 23:22:30.457, 0, NVIDIA GeForce RTX 3080, 6250, 3802, 10240, 95, 98
2026/07/30 23:22:30.568, 0, NVIDIA GeForce RTX 3080, 6250, 3802, 10240, 95, 98
2026/07/30 23:22:30.679, 0, NVIDIA GeForce RTX 3080, 6250, 3802, 10240, 95, 98
2026/07/30 23:22:30.791, 0, NVIDIA GeForce RTX 3080, 6250, 3802, 10240, 96, 98
2026/07/30 23:22:30.903, 0, NVIDIA GeForce RTX 3080, 6250, 3802, 10240, 96, 98
2026/07/30 23:22:31.015, 0, NVIDIA GeForce RTX 3080, 6250, 3802, 10240, 96, 98
2026/07/30 23:22:31.127, 0, NVIDIA GeForce RTX 3080, 6250, 3802, 10240, 96, 98
2026/07/30 23:22:31.239, 0, NVIDIA GeForce RTX 3080, 6250, 3802, 10240, 96, 98
2026/07/30 23:22:31.351, 0, NVIDIA GeForce RTX 3080, 6250, 3802, 10240, 96, 98
2026/07/30 23:22:31.463, 0, NVIDIA GeForce RTX 3080, 6250, 3802, 10240, 96, 98
2026/07/30 23:22:31.575, 0, NVIDIA GeForce RTX 3080, 6250, 3802, 10240, 96, 98
2026/07/30 23:22:31.686, 0, NVIDIA GeForce RTX 3080, 6250, 3802, 10240, 96, 98
2026/07/30 23:22:31.797, 0, NVIDIA GeForce RTX 3080, 6250, 3802, 10240, 95, 98
2026/07/30 23:22:31.909, 0, NVIDIA GeForce RTX 3080, 6250, 3802, 10240, 95, 98
2026/07/30 23:22:32.021, 0, NVIDIA GeForce RTX 3080, 6250, 3802, 10240, 95, 98
2026/07/30 23:22:32.133, 0, NVIDIA GeForce RTX 3080, 6250, 3802, 10240, 95, 98
2026/07/30 23:22:32.245, 0, NVIDIA GeForce RTX 3080, 6250, 3802, 10240, 95, 98
2026/07/30 23:22:32.357, 0, NVIDIA GeForce RTX 3080, 6250, 3802, 10240, 96, 98
2026/07/30 23:22:32.469, 0, NVIDIA GeForce RTX 3080, 6250, 3802, 10240, 96, 98
2026/07/30 23:22:32.581, 0, NVIDIA GeForce RTX 3080, 6250, 3802, 10240, 96, 98
2026/07/30 23:22:32.693, 0, NVIDIA GeForce RTX 3080, 6250, 3802, 10240, 96, 98
2026/07/30 23:22:32.805, 0, NVIDIA GeForce RTX 3080, 6250, 3802, 10240, 97, 98
2026/07/30 23:22:32.917, 0, NVIDIA GeForce RTX 3080, 6250, 3802, 10240, 97, 98
2026/07/30 23:22:33.029, 0, NVIDIA GeForce RTX 3080, 6250, 3802, 10240, 97, 98
2026/07/30 23:22:33.142, 0, NVIDIA GeForce RTX 3080, 6250, 3802, 10240, 97, 98
2026/07/30 23:22:33.253, 0, NVIDIA GeForce RTX 3080, 6250, 3802, 10240, 97, 98
2026/07/30 23:22:33.364, 0, NVIDIA GeForce RTX 3080, 6250, 3802, 10240, 97, 98
2026/07/30 23:22:33.475, 0, NVIDIA GeForce RTX 3080, 6250, 3802, 10240, 97, 98
2026/07/30 23:22:33.586, 0, NVIDIA GeForce RTX 3080, 6250, 3802, 10240, 97, 98
2026/07/30 23:22:33.694, 0, NVIDIA GeForce RTX 3080, 6250, 3802, 10240, 97, 98
2026/07/30 23:22:33.804, 0, NVIDIA GeForce RTX 3080, 6250, 3802, 10240, 97, 98
2026/07/30 23:22:33.914, 0, NVIDIA GeForce RTX 3080, 6250, 3802, 10240, 97, 98
2026/07/30 23:22:34.024, 0, NVIDIA GeForce RTX 3080, 6250, 3802, 10240, 97, 98
2026/07/30 23:22:34.134, 0, NVIDIA GeForce RTX 3080, 6250, 3802, 10240, 97, 98
2026/07/30 23:22:34.245, 0, NVIDIA GeForce RTX 3080, 6250, 3802, 10240, 97, 98
2026/07/30 23:22:34.356, 0, NVIDIA GeForce RTX 3080, 6250, 3802, 10240, 98, 97
2026/07/30 23:22:34.468, 0, NVIDIA GeForce RTX 3080, 6250, 3802, 10240, 98, 97
2026/07/30 23:22:34.580, 0, NVIDIA GeForce RTX 3080, 6250, 3802, 10240, 98, 97
2026/07/30 23:22:34.691, 0, NVIDIA GeForce RTX 3080, 6250, 3802, 10240, 98, 97
2026/07/30 23:22:34.803, 0, NVIDIA GeForce RTX 3080, 6250, 3802, 10240, 98, 98
2026/07/30 23:22:34.913, 0, NVIDIA GeForce RTX 3080, 6250, 3802, 10240, 98, 98
2026/07/30 23:22:35.024, 0, NVIDIA GeForce RTX 3080, 6250, 3802, 10240, 98, 98
2026/07/30 23:22:35.136, 0, NVIDIA GeForce RTX 3080, 6250, 3802, 10240, 98, 98
2026/07/30 23:22:35.247, 0, NVIDIA GeForce RTX 3080, 6250, 3802, 10240, 98, 98
2026/07/30 23:22:35.359, 0, NVIDIA GeForce RTX 3080, 6250, 3802, 10240, 96, 96
2026/07/30 23:22:35.471, 0, NVIDIA GeForce RTX 3080, 6250, 3802, 10240, 96, 96
2026/07/30 23:22:35.583, 0, NVIDIA GeForce RTX 3080, 6250, 3802, 10240, 96, 96
2026/07/30 23:22:35.695, 0, NVIDIA GeForce RTX 3080, 6250, 3802, 10240, 96, 96
2026/07/30 23:22:35.807, 0, NVIDIA GeForce RTX 3080, 6250, 3802, 10240, 95, 96
2026/07/30 23:22:35.920, 0, NVIDIA GeForce RTX 3080, 6250, 3802, 10240, 95, 96
2026/07/30 23:22:36.032, 0, NVIDIA GeForce RTX 3080, 6250, 3802, 10240, 95, 96
2026/07/30 23:22:36.144, 0, NVIDIA GeForce RTX 3080, 6250, 3802, 10240, 95, 96
2026/07/30 23:22:36.256, 0, NVIDIA GeForce RTX 3080, 6250, 3802, 10240, 96, 98
2026/07/30 23:22:36.367, 0, NVIDIA GeForce RTX 3080, 6250, 3802, 10240, 96, 98
2026/07/30 23:22:36.479, 0, NVIDIA GeForce RTX 3080, 6250, 3802, 10240, 96, 98
2026/07/30 23:22:36.591, 0, NVIDIA GeForce RTX 3080, 6250, 3802, 10240, 96, 98
2026/07/30 23:22:36.703, 0, NVIDIA GeForce RTX 3080, 6250, 3802, 10240, 96, 98
2026/07/30 23:22:36.815, 0, NVIDIA GeForce RTX 3080, 6250, 3802, 10240, 96, 98
2026/07/30 23:22:36.927, 0, NVIDIA GeForce RTX 3080, 6250, 3802, 10240, 96, 98
2026/07/30 23:22:37.039, 0, NVIDIA GeForce RTX 3080, 6250, 3802, 10240, 96, 98
2026/07/30 23:22:37.150, 0, NVIDIA GeForce RTX 3080, 6250, 3802, 10240, 96, 98
2026/07/30 23:22:37.262, 0, NVIDIA GeForce RTX 3080, 6250, 3802, 10240, 95, 97
2026/07/30 23:22:37.374, 0, NVIDIA GeForce RTX 3080, 6250, 3802, 10240, 95, 97
2026/07/30 23:22:37.486, 0, NVIDIA GeForce RTX 3080, 6250, 3802, 10240, 95, 97
2026/07/30 23:22:37.598, 0, NVIDIA GeForce RTX 3080, 6250, 3802, 10240, 95, 97
2026/07/30 23:22:37.710, 0, NVIDIA GeForce RTX 3080, 6250, 3802, 10240, 95, 97
2026/07/30 23:22:37.822, 0, NVIDIA GeForce RTX 3080, 6250, 3802, 10240, 93, 95
2026/07/30 23:22:37.934, 0, NVIDIA GeForce RTX 3080, 6250, 3802, 10240, 93, 95
2026/07/30 23:22:38.046, 0, NVIDIA GeForce RTX 3080, 6250, 3802, 10240, 93, 95
2026/07/30 23:22:38.158, 0, NVIDIA GeForce RTX 3080, 6250, 3802, 10240, 93, 95
2026/07/30 23:22:38.270, 0, NVIDIA GeForce RTX 3080, 6250, 3802, 10240, 97, 98
2026/07/30 23:22:38.381, 0, NVIDIA GeForce RTX 3080, 6250, 3802, 10240, 97, 98
2026/07/30 23:22:38.493, 0, NVIDIA GeForce RTX 3080, 6250, 3802, 10240, 97, 98
2026/07/30 23:22:38.604, 0, NVIDIA GeForce RTX 3080, 6250, 3802, 10240, 97, 98
2026/07/30 23:22:38.713, 0, NVIDIA GeForce RTX 3080, 6250, 3802, 10240, 97, 98
2026/07/30 23:22:38.822, 0, NVIDIA GeForce RTX 3080, 6250, 3802, 10240, 97, 98
2026/07/30 23:22:38.932, 0, NVIDIA GeForce RTX 3080, 6250, 3802, 10240, 97, 98
2026/07/30 23:22:39.042, 0, NVIDIA GeForce RTX 3080, 6250, 3802, 10240, 97, 98
2026/07/30 23:22:39.151, 0, NVIDIA GeForce RTX 3080, 6250, 3802, 10240, 97, 98
2026/07/30 23:22:39.262, 0, NVIDIA GeForce RTX 3080, 6250, 3802, 10240, 97, 98
2026/07/30 23:22:39.374, 0, NVIDIA GeForce RTX 3080, 6250, 3802, 10240, 97, 98
2026/07/30 23:22:39.486, 0, NVIDIA GeForce RTX 3080, 6250, 3802, 10240, 97, 98
2026/07/30 23:22:39.599, 0, NVIDIA GeForce RTX 3080, 6250, 3802, 10240, 97, 98
2026/07/30 23:22:39.711, 0, NVIDIA GeForce RTX 3080, 6250, 3802, 10240, 97, 98
2026/07/30 23:22:39.823, 0, NVIDIA GeForce RTX 3080, 6250, 3802, 10240, 94, 96
2026/07/30 23:22:39.935, 0, NVIDIA GeForce RTX 3080, 6250, 3802, 10240, 94, 96
2026/07/30 23:22:40.047, 0, NVIDIA GeForce RTX 3080, 6250, 3802, 10240, 94, 96
2026/07/30 23:22:40.159, 0, NVIDIA GeForce RTX 3080, 6250, 3802, 10240, 94, 96
2026/07/30 23:22:40.271, 0, NVIDIA GeForce RTX 3080, 6250, 3802, 10240, 96, 98
2026/07/30 23:22:40.383, 0, NVIDIA GeForce RTX 3080, 6250, 3802, 10240, 96, 98
2026/07/30 23:22:40.495, 0, NVIDIA GeForce RTX 3080, 6250, 3802, 10240, 96, 98
2026/07/30 23:22:40.606, 0, NVIDIA GeForce RTX 3080, 6250, 3802, 10240, 96, 98
2026/07/30 23:22:40.715, 0, NVIDIA GeForce RTX 3080, 6250, 3802, 10240, 96, 98
2026/07/30 23:22:40.825, 0, NVIDIA GeForce RTX 3080, 6250, 3802, 10240, 95, 98
2026/07/30 23:22:40.938, 0, NVIDIA GeForce RTX 3080, 6250, 3802, 10240, 95, 98
2026/07/30 23:22:41.050, 0, NVIDIA GeForce RTX 3080, 6250, 3802, 10240, 95, 98
2026/07/30 23:22:41.161, 0, NVIDIA GeForce RTX 3080, 6250, 3802, 10240, 95, 98
2026/07/30 23:22:41.273, 0, NVIDIA GeForce RTX 3080, 6250, 3802, 10240, 96, 98
2026/07/30 23:22:41.384, 0, NVIDIA GeForce RTX 3080, 6250, 3802, 10240, 96, 98
2026/07/30 23:22:41.495, 0, NVIDIA GeForce RTX 3080, 6250, 3802, 10240, 96, 98
2026/07/30 23:22:41.607, 0, NVIDIA GeForce RTX 3080, 6250, 3802, 10240, 96, 98
2026/07/30 23:22:41.719, 0, NVIDIA GeForce RTX 3080, 6250, 3802, 10240, 96, 98
2026/07/30 23:22:41.827, 0, NVIDIA GeForce RTX 3080, 6250, 3802, 10240, 96, 98
2026/07/30 23:22:41.939, 0, NVIDIA GeForce RTX 3080, 6250, 3802, 10240, 96, 98
2026/07/30 23:22:42.051, 0, NVIDIA GeForce RTX 3080, 6250, 3802, 10240, 96, 98
2026/07/30 23:22:42.163, 0, NVIDIA GeForce RTX 3080, 6250, 3802, 10240, 96, 98
2026/07/30 23:22:42.275, 0, NVIDIA GeForce RTX 3080, 6250, 3802, 10240, 97, 98
2026/07/30 23:22:42.387, 0, NVIDIA GeForce RTX 3080, 6250, 3802, 10240, 97, 98
2026/07/30 23:22:42.499, 0, NVIDIA GeForce RTX 3080, 6250, 3802, 10240, 97, 98
2026/07/30 23:22:42.611, 0, NVIDIA GeForce RTX 3080, 6250, 3802, 10240, 97, 98
2026/07/30 23:22:42.723, 0, NVIDIA GeForce RTX 3080, 6250, 3802, 10240, 97, 98
2026/07/30 23:22:42.834, 0, NVIDIA GeForce RTX 3080, 6250, 3802, 10240, 97, 98
2026/07/30 23:22:42.946, 0, NVIDIA GeForce RTX 3080, 6250, 3802, 10240, 97, 98
2026/07/30 23:22:43.057, 0, NVIDIA GeForce RTX 3080, 6250, 3802, 10240, 97, 98
2026/07/30 23:22:43.166, 0, NVIDIA GeForce RTX 3080, 6250, 3802, 10240, 97, 98
2026/07/30 23:22:43.278, 0, NVIDIA GeForce RTX 3080, 6250, 3802, 10240, 97, 98
2026/07/30 23:22:43.389, 0, NVIDIA GeForce RTX 3080, 6250, 3802, 10240, 97, 98
2026/07/30 23:22:43.501, 0, NVIDIA GeForce RTX 3080, 6250, 3802, 10240, 97, 98
2026/07/30 23:22:43.612, 0, NVIDIA GeForce RTX 3080, 6250, 3802, 10240, 97, 98
2026/07/30 23:22:43.722, 0, NVIDIA GeForce RTX 3080, 6250, 3802, 10240, 97, 98
2026/07/30 23:22:43.834, 0, NVIDIA GeForce RTX 3080, 6250, 3802, 10240, 96, 97
2026/07/30 23:22:43.945, 0, NVIDIA GeForce RTX 3080, 6250, 3802, 10240, 96, 97
2026/07/30 23:22:44.056, 0, NVIDIA GeForce RTX 3080, 6250, 3802, 10240, 96, 97
2026/07/30 23:22:44.165, 0, NVIDIA GeForce RTX 3080, 6250, 3802, 10240, 96, 97
2026/07/30 23:22:44.277, 0, NVIDIA GeForce RTX 3080, 6250, 3802, 10240, 95, 98
2026/07/30 23:22:44.388, 0, NVIDIA GeForce RTX 3080, 6250, 3802, 10240, 95, 98
2026/07/30 23:22:44.500, 0, NVIDIA GeForce RTX 3080, 6250, 3802, 10240, 95, 98
2026/07/30 23:22:44.610, 0, NVIDIA GeForce RTX 3080, 6250, 3802, 10240, 95, 98
2026/07/30 23:22:44.722, 0, NVIDIA GeForce RTX 3080, 6250, 3802, 10240, 95, 98
2026/07/30 23:22:44.834, 0, NVIDIA GeForce RTX 3080, 6250, 3802, 10240, 95, 97
2026/07/30 23:22:44.946, 0, NVIDIA GeForce RTX 3080, 6250, 3802, 10240, 95, 97
2026/07/30 23:22:45.057, 0, NVIDIA GeForce RTX 3080, 6250, 3802, 10240, 95, 97
2026/07/30 23:22:45.169, 0, NVIDIA GeForce RTX 3080, 6250, 3802, 10240, 95, 97
2026/07/30 23:22:45.281, 0, NVIDIA GeForce RTX 3080, 6250, 3802, 10240, 95, 97
2026/07/30 23:22:45.393, 0, NVIDIA GeForce RTX 3080, 6250, 3802, 10240, 95, 97
2026/07/30 23:22:45.505, 0, NVIDIA GeForce RTX 3080, 6250, 3802, 10240, 95, 97
2026/07/30 23:22:45.616, 0, NVIDIA GeForce RTX 3080, 6250, 3802, 10240, 95, 97
2026/07/30 23:22:45.724, 0, NVIDIA GeForce RTX 3080, 6250, 3802, 10240, 95, 97
2026/07/30 23:22:45.835, 0, NVIDIA GeForce RTX 3080, 6250, 3802, 10240, 96, 98
2026/07/30 23:22:45.947, 0, NVIDIA GeForce RTX 3080, 6250, 3802, 10240, 96, 98
2026/07/30 23:22:46.059, 0, NVIDIA GeForce RTX 3080, 6250, 3802, 10240, 96, 98
2026/07/30 23:22:46.171, 0, NVIDIA GeForce RTX 3080, 6250, 3802, 10240, 96, 98
2026/07/30 23:22:46.282, 0, NVIDIA GeForce RTX 3080, 6250, 3802, 10240, 97, 98
2026/07/30 23:22:46.393, 0, NVIDIA GeForce RTX 3080, 6250, 3802, 10240, 97, 98
2026/07/30 23:22:46.505, 0, NVIDIA GeForce RTX 3080, 6250, 3802, 10240, 97, 98
2026/07/30 23:22:46.617, 0, NVIDIA GeForce RTX 3080, 6250, 3802, 10240, 97, 98
2026/07/30 23:22:46.728, 0, NVIDIA GeForce RTX 3080, 6250, 3802, 10240, 97, 98
2026/07/30 23:22:46.840, 0, NVIDIA GeForce RTX 3080, 6250, 3802, 10240, 97, 98
2026/07/30 23:22:46.952, 0, NVIDIA GeForce RTX 3080, 6250, 3802, 10240, 97, 98
2026/07/30 23:22:47.064, 0, NVIDIA GeForce RTX 3080, 6250, 3802, 10240, 97, 98
2026/07/30 23:22:47.176, 0, NVIDIA GeForce RTX 3080, 6250, 3802, 10240, 97, 98
2026/07/30 23:22:47.288, 0, NVIDIA GeForce RTX 3080, 6250, 3802, 10240, 97, 98
2026/07/30 23:22:47.400, 0, NVIDIA GeForce RTX 3080, 6250, 3802, 10240, 97, 98
2026/07/30 23:22:47.511, 0, NVIDIA GeForce RTX 3080, 6250, 3802, 10240, 97, 98
2026/07/30 23:22:47.623, 0, NVIDIA GeForce RTX 3080, 6250, 3802, 10240, 97, 98
2026/07/30 23:22:47.735, 0, NVIDIA GeForce RTX 3080, 6250, 3802, 10240, 97, 98
2026/07/30 23:22:47.847, 0, NVIDIA GeForce RTX 3080, 6250, 3802, 10240, 96, 98
2026/07/30 23:22:47.959, 0, NVIDIA GeForce RTX 3080, 6250, 3802, 10240, 96, 98
2026/07/30 23:22:48.070, 0, NVIDIA GeForce RTX 3080, 6250, 3802, 10240, 96, 98
2026/07/30 23:22:48.182, 0, NVIDIA GeForce RTX 3080, 6250, 3802, 10240, 96, 98
2026/07/30 23:22:48.293, 0, NVIDIA GeForce RTX 3080, 6250, 3802, 10240, 98, 98
2026/07/30 23:22:48.404, 0, NVIDIA GeForce RTX 3080, 6250, 3802, 10240, 98, 98
2026/07/30 23:22:48.516, 0, NVIDIA GeForce RTX 3080, 6250, 3802, 10240, 98, 98
2026/07/30 23:22:48.627, 0, NVIDIA GeForce RTX 3080, 6250, 3802, 10240, 98, 98
2026/07/30 23:22:48.737, 0, NVIDIA GeForce RTX 3080, 6250, 3802, 10240, 98, 98
2026/07/30 23:22:48.849, 0, NVIDIA GeForce RTX 3080, 6250, 3802, 10240, 98, 98
2026/07/30 23:22:48.960, 0, NVIDIA GeForce RTX 3080, 6250, 3802, 10240, 98, 98
2026/07/30 23:22:49.071, 0, NVIDIA GeForce RTX 3080, 6250, 3802, 10240, 98, 98
2026/07/30 23:22:49.183, 0, NVIDIA GeForce RTX 3080, 6250, 3802, 10240, 98, 98
2026/07/30 23:22:49.294, 0, NVIDIA GeForce RTX 3080, 6250, 3802, 10240, 98, 97
2026/07/30 23:22:49.406, 0, NVIDIA GeForce RTX 3080, 6250, 3802, 10240, 98, 97
2026/07/30 23:22:49.518, 0, NVIDIA GeForce RTX 3080, 6250, 3802, 10240, 98, 97
2026/07/30 23:22:49.629, 0, NVIDIA GeForce RTX 3080, 6250, 3802, 10240, 98, 97
2026/07/30 23:22:49.741, 0, NVIDIA GeForce RTX 3080, 6250, 3802, 10240, 98, 97
2026/07/30 23:22:49.853, 0, NVIDIA GeForce RTX 3080, 6250, 3802, 10240, 95, 96
2026/07/30 23:22:49.965, 0, NVIDIA GeForce RTX 3080, 6250, 3802, 10240, 95, 96
2026/07/30 23:22:50.077, 0, NVIDIA GeForce RTX 3080, 6250, 3802, 10240, 95, 96
2026/07/30 23:22:50.190, 0, NVIDIA GeForce RTX 3080, 6250, 3802, 10240, 95, 96
2026/07/30 23:22:50.302, 0, NVIDIA GeForce RTX 3080, 6250, 3802, 10240, 94, 96
2026/07/30 23:22:50.414, 0, NVIDIA GeForce RTX 3080, 6250, 3802, 10240, 94, 96
2026/07/30 23:22:50.526, 0, NVIDIA GeForce RTX 3080, 6250, 3802, 10240, 94, 96
2026/07/30 23:22:50.638, 0, NVIDIA GeForce RTX 3080, 6250, 3802, 10240, 94, 96
2026/07/30 23:22:50.750, 0, NVIDIA GeForce RTX 3080, 6250, 3802, 10240, 94, 96
2026/07/30 23:22:50.862, 0, NVIDIA GeForce RTX 3080, 6250, 3802, 10240, 96, 98
2026/07/30 23:22:50.974, 0, NVIDIA GeForce RTX 3080, 6250, 3802, 10240, 96, 98
2026/07/30 23:22:51.085, 0, NVIDIA GeForce RTX 3080, 6250, 3802, 10240, 96, 98
2026/07/30 23:22:51.197, 0, NVIDIA GeForce RTX 3080, 6250, 3802, 10240, 96, 98
2026/07/30 23:22:51.308, 0, NVIDIA GeForce RTX 3080, 6250, 3802, 10240, 95, 98
2026/07/30 23:22:51.419, 0, NVIDIA GeForce RTX 3080, 6250, 3802, 10240, 95, 98
2026/07/30 23:22:51.530, 0, NVIDIA GeForce RTX 3080, 6250, 3802, 10240, 95, 98
2026/07/30 23:22:51.640, 0, NVIDIA GeForce RTX 3080, 6250, 3802, 10240, 95, 98
2026/07/30 23:22:51.750, 0, NVIDIA GeForce RTX 3080, 6250, 3802, 10240, 95, 98
2026/07/30 23:22:51.859, 0, NVIDIA GeForce RTX 3080, 6250, 3802, 10240, 94, 96
2026/07/30 23:22:51.968, 0, NVIDIA GeForce RTX 3080, 6250, 3802, 10240, 94, 96
2026/07/30 23:22:52.077, 0, NVIDIA GeForce RTX 3080, 6250, 3802, 10240, 94, 96
2026/07/30 23:22:52.186, 0, NVIDIA GeForce RTX 3080, 6250, 3802, 10240, 94, 96
2026/07/30 23:22:52.294, 0, NVIDIA GeForce RTX 3080, 6250, 3802, 10240, 97, 97
2026/07/30 23:22:52.404, 0, NVIDIA GeForce RTX 3080, 6250, 3802, 10240, 97, 97
2026/07/30 23:22:52.516, 0, NVIDIA GeForce RTX 3080, 6250, 3802, 10240, 97, 97
2026/07/30 23:22:52.628, 0, NVIDIA GeForce RTX 3080, 6250, 3802, 10240, 97, 97
2026/07/30 23:22:52.739, 0, NVIDIA GeForce RTX 3080, 6250, 3802, 10240, 97, 97
2026/07/30 23:22:52.850, 0, NVIDIA GeForce RTX 3080, 6250, 3802, 10240, 96, 97
2026/07/30 23:22:52.962, 0, NVIDIA GeForce RTX 3080, 6250, 3802, 10240, 96, 97
2026/07/30 23:22:53.074, 0, NVIDIA GeForce RTX 3080, 6250, 3802, 10240, 96, 97
2026/07/30 23:22:53.186, 0, NVIDIA GeForce RTX 3080, 6250, 3802, 10240, 96, 97
2026/07/30 23:22:53.298, 0, NVIDIA GeForce RTX 3080, 6250, 3802, 10240, 97, 98
2026/07/30 23:22:53.410, 0, NVIDIA GeForce RTX 3080, 6250, 3802, 10240, 97, 98
2026/07/30 23:22:53.523, 0, NVIDIA GeForce RTX 3080, 6250, 3802, 10240, 97, 98
2026/07/30 23:22:53.633, 0, NVIDIA GeForce RTX 3080, 6250, 3802, 10240, 97, 98
2026/07/30 23:22:53.743, 0, NVIDIA GeForce RTX 3080, 6250, 3802, 10240, 97, 98
2026/07/30 23:22:53.852, 0, NVIDIA GeForce RTX 3080, 6250, 3802, 10240, 93, 96
2026/07/30 23:22:53.961, 0, NVIDIA GeForce RTX 3080, 6250, 3802, 10240, 93, 96
2026/07/30 23:22:54.071, 0, NVIDIA GeForce RTX 3080, 6250, 3802, 10240, 93, 96
2026/07/30 23:22:54.181, 0, NVIDIA GeForce RTX 3080, 6250, 3802, 10240, 93, 96
2026/07/30 23:22:54.293, 0, NVIDIA GeForce RTX 3080, 6250, 3802, 10240, 96, 98
2026/07/30 23:22:54.404, 0, NVIDIA GeForce RTX 3080, 6250, 3802, 10240, 96, 98
2026/07/30 23:22:54.515, 0, NVIDIA GeForce RTX 3080, 6250, 3802, 10240, 96, 98
2026/07/30 23:22:54.625, 0, NVIDIA GeForce RTX 3080, 6250, 3802, 10240, 96, 98
2026/07/30 23:22:54.736, 0, NVIDIA GeForce RTX 3080, 6250, 3802, 10240, 96, 98
2026/07/30 23:22:54.848, 0, NVIDIA GeForce RTX 3080, 6250, 3802, 10240, 96, 98
2026/07/30 23:22:54.960, 0, NVIDIA GeForce RTX 3080, 6250, 3802, 10240, 96, 98
2026/07/30 23:22:55.072, 0, NVIDIA GeForce RTX 3080, 6250, 3802, 10240, 96, 98
2026/07/30 23:22:55.184, 0, NVIDIA GeForce RTX 3080, 6250, 3802, 10240, 96, 98
2026/07/30 23:22:55.296, 0, NVIDIA GeForce RTX 3080, 6250, 3802, 10240, 96, 98
2026/07/30 23:22:55.408, 0, NVIDIA GeForce RTX 3080, 6250, 3802, 10240, 96, 98
2026/07/30 23:22:55.520, 0, NVIDIA GeForce RTX 3080, 6250, 3802, 10240, 96, 98
2026/07/30 23:22:55.631, 0, NVIDIA GeForce RTX 3080, 6250, 3802, 10240, 96, 98
2026/07/30 23:22:55.743, 0, NVIDIA GeForce RTX 3080, 6250, 3802, 10240, 96, 98
2026/07/30 23:22:55.855, 0, NVIDIA GeForce RTX 3080, 6250, 3802, 10240, 94, 96
2026/07/30 23:22:55.967, 0, NVIDIA GeForce RTX 3080, 6250, 3802, 10240, 94, 96
2026/07/30 23:22:56.079, 0, NVIDIA GeForce RTX 3080, 6250, 3802, 10240, 94, 96
2026/07/30 23:22:56.191, 0, NVIDIA GeForce RTX 3080, 6250, 3802, 10240, 94, 96
2026/07/30 23:22:56.303, 0, NVIDIA GeForce RTX 3080, 6250, 3802, 10240, 97, 98
2026/07/30 23:22:56.415, 0, NVIDIA GeForce RTX 3080, 6250, 3802, 10240, 97, 98
2026/07/30 23:22:56.527, 0, NVIDIA GeForce RTX 3080, 6250, 3802, 10240, 97, 98
2026/07/30 23:22:56.639, 0, NVIDIA GeForce RTX 3080, 6250, 3802, 10240, 97, 98
2026/07/30 23:22:56.751, 0, NVIDIA GeForce RTX 3080, 6250, 3802, 10240, 97, 98
2026/07/30 23:22:56.863, 0, NVIDIA GeForce RTX 3080, 6250, 3802, 10240, 97, 98
2026/07/30 23:22:56.975, 0, NVIDIA GeForce RTX 3080, 6250, 3802, 10240, 97, 98
2026/07/30 23:22:57.087, 0, NVIDIA GeForce RTX 3080, 6250, 3802, 10240, 97, 98
2026/07/30 23:22:57.199, 0, NVIDIA GeForce RTX 3080, 6250, 3802, 10240, 97, 98
2026/07/30 23:22:57.311, 0, NVIDIA GeForce RTX 3080, 6250, 3802, 10240, 97, 98
2026/07/30 23:22:57.422, 0, NVIDIA GeForce RTX 3080, 6250, 3802, 10240, 97, 98
2026/07/30 23:22:57.534, 0, NVIDIA GeForce RTX 3080, 6250, 3802, 10240, 97, 98
2026/07/30 23:22:57.645, 0, NVIDIA GeForce RTX 3080, 6250, 3802, 10240, 97, 98
2026/07/30 23:22:57.757, 0, NVIDIA GeForce RTX 3080, 6250, 3802, 10240, 95, 96
2026/07/30 23:22:57.868, 0, NVIDIA GeForce RTX 3080, 6250, 3802, 10240, 95, 96
2026/07/30 23:22:57.979, 0, NVIDIA GeForce RTX 3080, 6250, 3802, 10240, 95, 96
2026/07/30 23:22:58.090, 0, NVIDIA GeForce RTX 3080, 6250, 3802, 10240, 95, 96
2026/07/30 23:22:58.201, 0, NVIDIA GeForce RTX 3080, 6250, 3802, 10240, 95, 96
2026/07/30 23:22:58.313, 0, NVIDIA GeForce RTX 3080, 6250, 3802, 10240, 95, 98
2026/07/30 23:22:58.424, 0, NVIDIA GeForce RTX 3080, 6250, 3802, 10240, 95, 98
2026/07/30 23:22:58.537, 0, NVIDIA GeForce RTX 3080, 6250, 3802, 10240, 95, 98
2026/07/30 23:22:58.647, 0, NVIDIA GeForce RTX 3080, 6250, 3802, 10240, 95, 98
2026/07/30 23:22:58.757, 0, NVIDIA GeForce RTX 3080, 6250, 3802, 10240, 95, 98
2026/07/30 23:22:58.866, 0, NVIDIA GeForce RTX 3080, 6250, 3802, 10240, 95, 98
2026/07/30 23:22:58.974, 0, NVIDIA GeForce RTX 3080, 6250, 3802, 10240, 95, 98
2026/07/30 23:22:59.085, 0, NVIDIA GeForce RTX 3080, 6250, 3802, 10240, 95, 98
2026/07/30 23:22:59.197, 0, NVIDIA GeForce RTX 3080, 6250, 3802, 10240, 95, 98
2026/07/30 23:22:59.307, 0, NVIDIA GeForce RTX 3080, 6250, 3802, 10240, 95, 97
2026/07/30 23:22:59.419, 0, NVIDIA GeForce RTX 3080, 6250, 3802, 10240, 95, 97
2026/07/30 23:22:59.531, 0, NVIDIA GeForce RTX 3080, 6250, 3802, 10240, 95, 97
2026/07/30 23:22:59.643, 0, NVIDIA GeForce RTX 3080, 6250, 3802, 10240, 95, 97
2026/07/30 23:22:59.755, 0, NVIDIA GeForce RTX 3080, 6250, 3802, 10240, 95, 98
2026/07/30 23:22:59.865, 0, NVIDIA GeForce RTX 3080, 6250, 3802, 10240, 95, 98
2026/07/30 23:22:59.977, 0, NVIDIA GeForce RTX 3080, 6250, 3802, 10240, 95, 98
2026/07/30 23:23:00.087, 0, NVIDIA GeForce RTX 3080, 6250, 3802, 10240, 95, 98
2026/07/30 23:23:00.199, 0, NVIDIA GeForce RTX 3080, 6250, 3802, 10240, 95, 98
2026/07/30 23:23:00.311, 0, NVIDIA GeForce RTX 3080, 6250, 3802, 10240, 96, 97
2026/07/30 23:23:00.422, 0, NVIDIA GeForce RTX 3080, 6250, 3802, 10240, 96, 97
2026/07/30 23:23:00.534, 0, NVIDIA GeForce RTX 3080, 6250, 3802, 10240, 96, 97
2026/07/30 23:23:00.645, 0, NVIDIA GeForce RTX 3080, 6250, 3802, 10240, 96, 97
2026/07/30 23:23:00.754, 0, NVIDIA GeForce RTX 3080, 6250, 3802, 10240, 97, 98
2026/07/30 23:23:00.866, 0, NVIDIA GeForce RTX 3080, 6250, 3802, 10240, 97, 98
2026/07/30 23:23:00.977, 0, NVIDIA GeForce RTX 3080, 6250, 3802, 10240, 97, 98
2026/07/30 23:23:01.089, 0, NVIDIA GeForce RTX 3080, 6250, 3802, 10240, 97, 98
2026/07/30 23:23:01.201, 0, NVIDIA GeForce RTX 3080, 6250, 3802, 10240, 97, 98
2026/07/30 23:23:01.314, 0, NVIDIA GeForce RTX 3080, 6250, 3802, 10240, 97, 98
2026/07/30 23:23:01.426, 0, NVIDIA GeForce RTX 3080, 6250, 3802, 10240, 97, 98
2026/07/30 23:23:01.537, 0, NVIDIA GeForce RTX 3080, 6250, 3802, 10240, 97, 98
2026/07/30 23:23:01.649, 0, NVIDIA GeForce RTX 3080, 6250, 3802, 10240, 97, 98
2026/07/30 23:23:01.761, 0, NVIDIA GeForce RTX 3080, 6250, 3802, 10240, 97, 98
2026/07/30 23:23:01.873, 0, NVIDIA GeForce RTX 3080, 6250, 3802, 10240, 97, 98
2026/07/30 23:23:01.985, 0, NVIDIA GeForce RTX 3080, 6250, 3802, 10240, 97, 98
2026/07/30 23:23:02.097, 0, NVIDIA GeForce RTX 3080, 6250, 3802, 10240, 97, 98
2026/07/30 23:23:02.209, 0, NVIDIA GeForce RTX 3080, 6250, 3802, 10240, 97, 98
2026/07/30 23:23:02.321, 0, NVIDIA GeForce RTX 3080, 6250, 3802, 10240, 98, 98
2026/07/30 23:23:02.433, 0, NVIDIA GeForce RTX 3080, 6250, 3802, 10240, 98, 98
2026/07/30 23:23:02.544, 0, NVIDIA GeForce RTX 3080, 6250, 3802, 10240, 98, 98
2026/07/30 23:23:02.655, 0, NVIDIA GeForce RTX 3080, 6250, 3802, 10240, 98, 98
2026/07/30 23:23:02.766, 0, NVIDIA GeForce RTX 3080, 6250, 3802, 10240, 98, 98
2026/07/30 23:23:02.878, 0, NVIDIA GeForce RTX 3080, 6250, 3802, 10240, 98, 98
2026/07/30 23:23:02.990, 0, NVIDIA GeForce RTX 3080, 6250, 3802, 10240, 98, 98
2026/07/30 23:23:03.102, 0, NVIDIA GeForce RTX 3080, 6250, 3802, 10240, 98, 98
2026/07/30 23:23:03.213, 0, NVIDIA GeForce RTX 3080, 6250, 3802, 10240, 98, 98
2026/07/30 23:23:03.325, 0, NVIDIA GeForce RTX 3080, 6250, 3802, 10240, 98, 98
2026/07/30 23:23:03.436, 0, NVIDIA GeForce RTX 3080, 6250, 3802, 10240, 98, 98
2026/07/30 23:23:03.547, 0, NVIDIA GeForce RTX 3080, 6250, 3802, 10240, 98, 98
2026/07/30 23:23:03.659, 0, NVIDIA GeForce RTX 3080, 6250, 3802, 10240, 98, 98
2026/07/30 23:23:03.771, 0, NVIDIA GeForce RTX 3080, 6250, 3802, 10240, 92, 94
2026/07/30 23:23:03.882, 0, NVIDIA GeForce RTX 3080, 6250, 3802, 10240, 92, 94
2026/07/30 23:23:03.994, 0, NVIDIA GeForce RTX 3080, 6250, 3802, 10240, 92, 94
2026/07/30 23:23:04.105, 0, NVIDIA GeForce RTX 3080, 6250, 3802, 10240, 92, 94
2026/07/30 23:23:04.217, 0, NVIDIA GeForce RTX 3080, 6250, 3802, 10240, 92, 94
2026/07/30 23:23:04.329, 0, NVIDIA GeForce RTX 3080, 6250, 3802, 10240, 94, 96
2026/07/30 23:23:04.441, 0, NVIDIA GeForce RTX 3080, 6250, 3802, 10240, 94, 96
2026/07/30 23:23:04.553, 0, NVIDIA GeForce RTX 3080, 6250, 3802, 10240, 94, 96
2026/07/30 23:23:04.665, 0, NVIDIA GeForce RTX 3080, 6250, 3802, 10240, 94, 96
2026/07/30 23:23:04.777, 0, NVIDIA GeForce RTX 3080, 6250, 3802, 10240, 95, 98
2026/07/30 23:23:04.888, 0, NVIDIA GeForce RTX 3080, 6250, 3802, 10240, 95, 98
2026/07/30 23:23:04.999, 0, NVIDIA GeForce RTX 3080, 6250, 3802, 10240, 95, 98
2026/07/30 23:23:05.111, 0, NVIDIA GeForce RTX 3080, 6250, 3802, 10240, 95, 98
2026/07/30 23:23:05.223, 0, NVIDIA GeForce RTX 3080, 6250, 3802, 10240, 95, 98
2026/07/30 23:23:05.334, 0, NVIDIA GeForce RTX 3080, 6250, 3802, 10240, 95, 98
2026/07/30 23:23:05.445, 0, NVIDIA GeForce RTX 3080, 6250, 3802, 10240, 95, 98
2026/07/30 23:23:05.557, 0, NVIDIA GeForce RTX 3080, 6250, 3802, 10240, 95, 98
2026/07/30 23:23:05.666, 0, NVIDIA GeForce RTX 3080, 6250, 3802, 10240, 95, 98
2026/07/30 23:23:05.778, 0, NVIDIA GeForce RTX 3080, 6250, 3802, 10240, 94, 96
2026/07/30 23:23:05.890, 0, NVIDIA GeForce RTX 3080, 6250, 3802, 10240, 94, 96
2026/07/30 23:23:06.003, 0, NVIDIA GeForce RTX 3080, 6250, 3802, 10240, 94, 96
2026/07/30 23:23:06.115, 0, NVIDIA GeForce RTX 3080, 6250, 3802, 10240, 94, 96
2026/07/30 23:23:06.227, 0, NVIDIA GeForce RTX 3080, 6250, 3802, 10240, 94, 96
2026/07/30 23:23:06.339, 0, NVIDIA GeForce RTX 3080, 6250, 3802, 10240, 97, 98
2026/07/30 23:23:06.451, 0, NVIDIA GeForce RTX 3080, 6250, 3802, 10240, 97, 98
2026/07/30 23:23:06.563, 0, NVIDIA GeForce RTX 3080, 6250, 3802, 10240, 97, 98
2026/07/30 23:23:06.675, 0, NVIDIA GeForce RTX 3080, 6250, 3802, 10240, 97, 98
2026/07/30 23:23:06.787, 0, NVIDIA GeForce RTX 3080, 6250, 3802, 10240, 97, 98
2026/07/30 23:23:06.899, 0, NVIDIA GeForce RTX 3080, 6250, 3802, 10240, 97, 98
2026/07/30 23:23:07.011, 0, NVIDIA GeForce RTX 3080, 6250, 3802, 10240, 97, 98
2026/07/30 23:23:07.123, 0, NVIDIA GeForce RTX 3080, 6250, 3802, 10240, 97, 98
2026/07/30 23:23:07.235, 0, NVIDIA GeForce RTX 3080, 6250, 3802, 10240, 97, 98
2026/07/30 23:23:07.347, 0, NVIDIA GeForce RTX 3080, 6250, 3802, 10240, 97, 98
2026/07/30 23:23:07.459, 0, NVIDIA GeForce RTX 3080, 6250, 3802, 10240, 97, 98
2026/07/30 23:23:07.571, 0, NVIDIA GeForce RTX 3080, 6250, 3802, 10240, 97, 98
2026/07/30 23:23:07.682, 0, NVIDIA GeForce RTX 3080, 6250, 3802, 10240, 97, 98
2026/07/30 23:23:07.793, 0, NVIDIA GeForce RTX 3080, 6250, 3802, 10240, 94, 96
2026/07/30 23:23:07.905, 0, NVIDIA GeForce RTX 3080, 6250, 3802, 10240, 94, 96
2026/07/30 23:23:08.017, 0, NVIDIA GeForce RTX 3080, 6250, 3802, 10240, 94, 96
2026/07/30 23:23:08.129, 0, NVIDIA GeForce RTX 3080, 6250, 3802, 10240, 94, 96
2026/07/30 23:23:08.240, 0, NVIDIA GeForce RTX 3080, 6250, 3802, 10240, 94, 96
2026/07/30 23:23:08.352, 0, NVIDIA GeForce RTX 3080, 6250, 3802, 10240, 95, 97
2026/07/30 23:23:08.464, 0, NVIDIA GeForce RTX 3080, 6250, 3802, 10240, 95, 97
2026/07/30 23:23:08.576, 0, NVIDIA GeForce RTX 3080, 6250, 3802, 10240, 95, 97
2026/07/30 23:23:08.688, 0, NVIDIA GeForce RTX 3080, 6250, 3802, 10240, 95, 97
2026/07/30 23:23:08.800, 0, NVIDIA GeForce RTX 3080, 6250, 3802, 10240, 95, 98
2026/07/30 23:23:08.911, 0, NVIDIA GeForce RTX 3080, 6250, 3802, 10240, 95, 98
2026/07/30 23:23:09.023, 0, NVIDIA GeForce RTX 3080, 6250, 3802, 10240, 95, 98
2026/07/30 23:23:09.135, 0, NVIDIA GeForce RTX 3080, 6250, 3802, 10240, 95, 98
2026/07/30 23:23:09.247, 0, NVIDIA GeForce RTX 3080, 6250, 3802, 10240, 95, 98
2026/07/30 23:23:09.359, 0, NVIDIA GeForce RTX 3080, 6250, 3802, 10240, 95, 98
2026/07/30 23:23:09.471, 0, NVIDIA GeForce RTX 3080, 6250, 3802, 10240, 95, 98
2026/07/30 23:23:09.584, 0, NVIDIA GeForce RTX 3080, 6250, 3802, 10240, 95, 98
2026/07/30 23:23:09.696, 0, NVIDIA GeForce RTX 3080, 6250, 3802, 10240, 95, 98
2026/07/30 23:23:09.808, 0, NVIDIA GeForce RTX 3080, 6250, 3802, 10240, 94, 96
2026/07/30 23:23:09.920, 0, NVIDIA GeForce RTX 3080, 6250, 3802, 10240, 94, 96
2026/07/30 23:23:10.032, 0, NVIDIA GeForce RTX 3080, 6250, 3802, 10240, 94, 96
2026/07/30 23:23:10.143, 0, NVIDIA GeForce RTX 3080, 6250, 3802, 10240, 94, 96
2026/07/30 23:23:10.255, 0, NVIDIA GeForce RTX 3080, 6250, 3802, 10240, 97, 98
2026/07/30 23:23:10.367, 0, NVIDIA GeForce RTX 3080, 6250, 3802, 10240, 97, 98
2026/07/30 23:23:10.479, 0, NVIDIA GeForce RTX 3080, 6250, 3802, 10240, 97, 98
2026/07/30 23:23:10.591, 0, NVIDIA GeForce RTX 3080, 6250, 3802, 10240, 97, 98
2026/07/30 23:23:10.703, 0, NVIDIA GeForce RTX 3080, 6250, 3802, 10240, 97, 98
2026/07/30 23:23:10.815, 0, NVIDIA GeForce RTX 3080, 6250, 3802, 10240, 97, 98
2026/07/30 23:23:10.926, 0, NVIDIA GeForce RTX 3080, 6250, 3802, 10240, 97, 98
2026/07/30 23:23:11.038, 0, NVIDIA GeForce RTX 3080, 6250, 3802, 10240, 97, 98
2026/07/30 23:23:11.150, 0, NVIDIA GeForce RTX 3080, 6250, 3802, 10240, 97, 98
2026/07/30 23:23:11.262, 0, NVIDIA GeForce RTX 3080, 6250, 3802, 10240, 97, 98
2026/07/30 23:23:11.373, 0, NVIDIA GeForce RTX 3080, 6250, 3802, 10240, 97, 98
2026/07/30 23:23:11.484, 0, NVIDIA GeForce RTX 3080, 6250, 3802, 10240, 97, 98
2026/07/30 23:23:11.596, 0, NVIDIA GeForce RTX 3080, 6250, 3802, 10240, 97, 98
2026/07/30 23:23:11.706, 0, NVIDIA GeForce RTX 3080, 6250, 3802, 10240, 97, 98
2026/07/30 23:23:11.815, 0, NVIDIA GeForce RTX 3080, 6250, 3802, 10240, 97, 97
2026/07/30 23:23:11.925, 0, NVIDIA GeForce RTX 3080, 6250, 3802, 10240, 97, 97
2026/07/30 23:23:12.034, 0, NVIDIA GeForce RTX 3080, 6250, 3802, 10240, 97, 97
2026/07/30 23:23:12.144, 0, NVIDIA GeForce RTX 3080, 6250, 3802, 10240, 97, 97
2026/07/30 23:23:12.252, 0, NVIDIA GeForce RTX 3080, 6250, 3802, 10240, 97, 97
2026/07/30 23:23:12.362, 0, NVIDIA GeForce RTX 3080, 6250, 3802, 10240, 95, 98
2026/07/30 23:23:12.473, 0, NVIDIA GeForce RTX 3080, 6250, 3802, 10240, 95, 98
2026/07/30 23:23:12.585, 0, NVIDIA GeForce RTX 3080, 6250, 3802, 10240, 95, 98
2026/07/30 23:23:12.697, 0, NVIDIA GeForce RTX 3080, 6250, 3802, 10240, 95, 98
2026/07/30 23:23:12.809, 0, NVIDIA GeForce RTX 3080, 6250, 3802, 10240, 95, 98
2026/07/30 23:23:12.921, 0, NVIDIA GeForce RTX 3080, 6250, 3802, 10240, 95, 98
2026/07/30 23:23:13.033, 0, NVIDIA GeForce RTX 3080, 6250, 3802, 10240, 95, 98
2026/07/30 23:23:13.144, 0, NVIDIA GeForce RTX 3080, 6250, 3802, 10240, 95, 98
2026/07/30 23:23:13.255, 0, NVIDIA GeForce RTX 3080, 6250, 3802, 10240, 94, 97
2026/07/30 23:23:13.367, 0, NVIDIA GeForce RTX 3080, 6250, 3802, 10240, 94, 97
2026/07/30 23:23:13.479, 0, NVIDIA GeForce RTX 3080, 6250, 3802, 10240, 94, 97
2026/07/30 23:23:13.591, 0, NVIDIA GeForce RTX 3080, 6250, 3802, 10240, 94, 97
2026/07/30 23:23:13.699, 0, NVIDIA GeForce RTX 3080, 6250, 3802, 10240, 94, 97
2026/07/30 23:23:13.809, 0, NVIDIA GeForce RTX 3080, 6250, 3802, 10240, 95, 98
2026/07/30 23:23:13.918, 0, NVIDIA GeForce RTX 3080, 6250, 3802, 10240, 95, 98
2026/07/30 23:23:14.028, 0, NVIDIA GeForce RTX 3080, 6250, 3802, 10240, 95, 98
2026/07/30 23:23:14.140, 0, NVIDIA GeForce RTX 3080, 6250, 3802, 10240, 95, 98
2026/07/30 23:23:14.252, 0, NVIDIA GeForce RTX 3080, 6250, 3802, 10240, 95, 98
2026/07/30 23:23:14.364, 0, NVIDIA GeForce RTX 3080, 6250, 3802, 10240, 96, 98
2026/07/30 23:23:14.476, 0, NVIDIA GeForce RTX 3080, 6250, 3802, 10240, 96, 98
2026/07/30 23:23:14.588, 0, NVIDIA GeForce RTX 3080, 6250, 3802, 10240, 96, 98
2026/07/30 23:23:14.700, 0, NVIDIA GeForce RTX 3080, 6250, 3802, 10240, 96, 98
2026/07/30 23:23:14.812, 0, NVIDIA GeForce RTX 3080, 6250, 3802, 10240, 97, 98
2026/07/30 23:23:14.924, 0, NVIDIA GeForce RTX 3080, 6250, 3802, 10240, 97, 98
2026/07/30 23:23:15.036, 0, NVIDIA GeForce RTX 3080, 6250, 3802, 10240, 97, 98
2026/07/30 23:23:15.147, 0, NVIDIA GeForce RTX 3080, 6250, 3802, 10240, 97, 98
2026/07/30 23:23:15.259, 0, NVIDIA GeForce RTX 3080, 6250, 3802, 10240, 96, 98
2026/07/30 23:23:15.371, 0, NVIDIA GeForce RTX 3080, 6250, 3802, 10240, 96, 98
2026/07/30 23:23:15.483, 0, NVIDIA GeForce RTX 3080, 6250, 3802, 10240, 96, 98
2026/07/30 23:23:15.595, 0, NVIDIA GeForce RTX 3080, 6250, 3802, 10240, 96, 98
2026/07/30 23:23:15.707, 0, NVIDIA GeForce RTX 3080, 6250, 3802, 10240, 96, 98
2026/07/30 23:23:15.819, 0, NVIDIA GeForce RTX 3080, 6250, 3802, 10240, 97, 98
2026/07/30 23:23:15.931, 0, NVIDIA GeForce RTX 3080, 6250, 3802, 10240, 97, 98
2026/07/30 23:23:16.042, 0, NVIDIA GeForce RTX 3080, 6250, 3802, 10240, 97, 98
2026/07/30 23:23:16.155, 0, NVIDIA GeForce RTX 3080, 6250, 3802, 10240, 97, 98
2026/07/30 23:23:16.267, 0, NVIDIA GeForce RTX 3080, 6250, 3802, 10240, 98, 98
2026/07/30 23:23:16.379, 0, NVIDIA GeForce RTX 3080, 6250, 3802, 10240, 98, 98
2026/07/30 23:23:16.491, 0, NVIDIA GeForce RTX 3080, 6250, 3802, 10240, 98, 98
2026/07/30 23:23:16.603, 0, NVIDIA GeForce RTX 3080, 6250, 3802, 10240, 98, 98
2026/07/30 23:23:16.715, 0, NVIDIA GeForce RTX 3080, 6250, 3802, 10240, 98, 98
2026/07/30 23:23:16.827, 0, NVIDIA GeForce RTX 3080, 6250, 3802, 10240, 98, 98
2026/07/30 23:23:16.939, 0, NVIDIA GeForce RTX 3080, 6250, 3802, 10240, 98, 98
2026/07/30 23:23:17.051, 0, NVIDIA GeForce RTX 3080, 6250, 3802, 10240, 98, 98
2026/07/30 23:23:17.163, 0, NVIDIA GeForce RTX 3080, 6250, 3802, 10240, 98, 98
2026/07/30 23:23:17.275, 0, NVIDIA GeForce RTX 3080, 6250, 3802, 10240, 98, 98
2026/07/30 23:23:17.387, 0, NVIDIA GeForce RTX 3080, 6250, 3802, 10240, 98, 98
2026/07/30 23:23:17.498, 0, NVIDIA GeForce RTX 3080, 6250, 3802, 10240, 98, 98
2026/07/30 23:23:17.609, 0, NVIDIA GeForce RTX 3080, 6250, 3802, 10240, 98, 98
2026/07/30 23:23:17.721, 0, NVIDIA GeForce RTX 3080, 6250, 3802, 10240, 98, 98
2026/07/30 23:23:17.833, 0, NVIDIA GeForce RTX 3080, 6250, 3802, 10240, 94, 96
2026/07/30 23:23:17.945, 0, NVIDIA GeForce RTX 3080, 6250, 3802, 10240, 94, 96
2026/07/30 23:23:18.057, 0, NVIDIA GeForce RTX 3080, 6250, 3802, 10240, 94, 96
2026/07/30 23:23:18.169, 0, NVIDIA GeForce RTX 3080, 6250, 3802, 10240, 94, 96
2026/07/30 23:23:18.281, 0, NVIDIA GeForce RTX 3080, 6250, 3802, 10240, 95, 98
2026/07/30 23:23:18.392, 0, NVIDIA GeForce RTX 3080, 6250, 3802, 10240, 95, 98
2026/07/30 23:23:18.504, 0, NVIDIA GeForce RTX 3080, 6250, 3802, 10240, 95, 98
2026/07/30 23:23:18.616, 0, NVIDIA GeForce RTX 3080, 6250, 3802, 10240, 95, 98
2026/07/30 23:23:18.726, 0, NVIDIA GeForce RTX 3080, 6250, 3802, 10240, 95, 98
2026/07/30 23:23:18.835, 0, NVIDIA GeForce RTX 3080, 6250, 3802, 10240, 95, 98
2026/07/30 23:23:18.945, 0, NVIDIA GeForce RTX 3080, 6250, 3802, 10240, 95, 98
2026/07/30 23:23:19.056, 0, NVIDIA GeForce RTX 3080, 6250, 3802, 10240, 95, 98
2026/07/30 23:23:19.168, 0, NVIDIA GeForce RTX 3080, 6250, 3802, 10240, 95, 98
2026/07/30 23:23:19.279, 0, NVIDIA GeForce RTX 3080, 6250, 3802, 10240, 94, 96
2026/07/30 23:23:19.390, 0, NVIDIA GeForce RTX 3080, 6250, 3802, 10240, 94, 96
2026/07/30 23:23:19.501, 0, NVIDIA GeForce RTX 3080, 6250, 3802, 10240, 94, 96
2026/07/30 23:23:19.612, 0, NVIDIA GeForce RTX 3080, 6250, 3802, 10240, 94, 96
2026/07/30 23:23:19.724, 0, NVIDIA GeForce RTX 3080, 6250, 3802, 10240, 94, 96
2026/07/30 23:23:19.836, 0, NVIDIA GeForce RTX 3080, 6250, 3802, 10240, 95, 96
2026/07/30 23:23:19.948, 0, NVIDIA GeForce RTX 3080, 6250, 3802, 10240, 95, 96
2026/07/30 23:23:20.060, 0, NVIDIA GeForce RTX 3080, 6250, 3802, 10240, 95, 96
2026/07/30 23:23:20.172, 0, NVIDIA GeForce RTX 3080, 6250, 3802, 10240, 95, 96
2026/07/30 23:23:20.284, 0, NVIDIA GeForce RTX 3080, 6250, 3802, 10240, 97, 98
2026/07/30 23:23:20.396, 0, NVIDIA GeForce RTX 3080, 6250, 3802, 10240, 97, 98
2026/07/30 23:23:20.508, 0, NVIDIA GeForce RTX 3080, 6250, 3802, 10240, 97, 98
2026/07/30 23:23:20.620, 0, NVIDIA GeForce RTX 3080, 6250, 3802, 10240, 97, 98
2026/07/30 23:23:20.731, 0, NVIDIA GeForce RTX 3080, 6250, 3802, 10240, 97, 98
2026/07/30 23:23:20.843, 0, NVIDIA GeForce RTX 3080, 6250, 3802, 10240, 97, 98
2026/07/30 23:23:20.953, 0, NVIDIA GeForce RTX 3080, 6250, 3802, 10240, 97, 98
2026/07/30 23:23:21.064, 0, NVIDIA GeForce RTX 3080, 6250, 3802, 10240, 97, 98
2026/07/30 23:23:21.176, 0, NVIDIA GeForce RTX 3080, 6250, 3802, 10240, 97, 98
2026/07/30 23:23:21.287, 0, NVIDIA GeForce RTX 3080, 6250, 3802, 10240, 96, 96
2026/07/30 23:23:21.397, 0, NVIDIA GeForce RTX 3080, 6250, 3802, 10240, 96, 96
2026/07/30 23:23:21.509, 0, NVIDIA GeForce RTX 3080, 6250, 3802, 10240, 96, 96
2026/07/30 23:23:21.620, 0, NVIDIA GeForce RTX 3080, 6250, 3802, 10240, 96, 96
2026/07/30 23:23:21.731, 0, NVIDIA GeForce RTX 3080, 6250, 3802, 10240, 96, 96
2026/07/30 23:23:21.843, 0, NVIDIA GeForce RTX 3080, 6250, 3802, 10240, 94, 97
2026/07/30 23:23:21.955, 0, NVIDIA GeForce RTX 3080, 6250, 3802, 10240, 94, 97
2026/07/30 23:23:22.067, 0, NVIDIA GeForce RTX 3080, 6250, 3802, 10240, 94, 97
2026/07/30 23:23:22.179, 0, NVIDIA GeForce RTX 3080, 6250, 3802, 10240, 94, 97
2026/07/30 23:23:22.291, 0, NVIDIA GeForce RTX 3080, 6250, 3802, 10240, 95, 98
2026/07/30 23:23:22.403, 0, NVIDIA GeForce RTX 3080, 6250, 3802, 10240, 95, 98
2026/07/30 23:23:22.515, 0, NVIDIA GeForce RTX 3080, 6250, 3802, 10240, 95, 98
2026/07/30 23:23:22.626, 0, NVIDIA GeForce RTX 3080, 6250, 3802, 10240, 95, 98
2026/07/30 23:23:22.738, 0, NVIDIA GeForce RTX 3080, 6250, 3802, 10240, 95, 98
2026/07/30 23:23:22.850, 0, NVIDIA GeForce RTX 3080, 6250, 3802, 10240, 95, 98
2026/07/30 23:23:22.962, 0, NVIDIA GeForce RTX 3080, 6250, 3802, 10240, 95, 98
2026/07/30 23:23:23.075, 0, NVIDIA GeForce RTX 3080, 6250, 3802, 10240, 95, 98
2026/07/30 23:23:23.187, 0, NVIDIA GeForce RTX 3080, 6250, 3802, 10240, 95, 98
2026/07/30 23:23:23.299, 0, NVIDIA GeForce RTX 3080, 6250, 3802, 10240, 95, 98
2026/07/30 23:23:23.411, 0, NVIDIA GeForce RTX 3080, 6250, 3802, 10240, 95, 98
2026/07/30 23:23:23.523, 0, NVIDIA GeForce RTX 3080, 6250, 3802, 10240, 95, 98
2026/07/30 23:23:23.635, 0, NVIDIA GeForce RTX 3080, 6250, 3802, 10240, 95, 98
2026/07/30 23:23:23.746, 0, NVIDIA GeForce RTX 3080, 6250, 3802, 10240, 95, 98
2026/07/30 23:23:23.857, 0, NVIDIA GeForce RTX 3080, 6250, 3802, 10240, 94, 96
2026/07/30 23:23:23.969, 0, NVIDIA GeForce RTX 3080, 6250, 3802, 10240, 94, 96
2026/07/30 23:23:24.079, 0, NVIDIA GeForce RTX 3080, 6250, 3802, 10240, 94, 96
2026/07/30 23:23:24.191, 0, NVIDIA GeForce RTX 3080, 6250, 3802, 10240, 94, 96
2026/07/30 23:23:24.303, 0, NVIDIA GeForce RTX 3080, 6250, 3802, 10240, 96, 98
2026/07/30 23:23:24.413, 0, NVIDIA GeForce RTX 3080, 6250, 3802, 10240, 96, 98
2026/07/30 23:23:24.523, 0, NVIDIA GeForce RTX 3080, 6250, 3802, 10240, 96, 98
2026/07/30 23:23:24.635, 0, NVIDIA GeForce RTX 3080, 6250, 3802, 10240, 96, 98
2026/07/30 23:23:24.747, 0, NVIDIA GeForce RTX 3080, 6250, 3802, 10240, 96, 98
2026/07/30 23:23:24.859, 0, NVIDIA GeForce RTX 3080, 6250, 3802, 10240, 97, 98
2026/07/30 23:23:24.971, 0, NVIDIA GeForce RTX 3080, 6250, 3802, 10240, 97, 98
2026/07/30 23:23:25.082, 0, NVIDIA GeForce RTX 3080, 6250, 3802, 10240, 97, 98
2026/07/30 23:23:25.193, 0, NVIDIA GeForce RTX 3080, 6250, 3802, 10240, 97, 98
2026/07/30 23:23:25.304, 0, NVIDIA GeForce RTX 3080, 6250, 3802, 10240, 97, 98
2026/07/30 23:23:25.416, 0, NVIDIA GeForce RTX 3080, 6250, 3802, 10240, 97, 98
2026/07/30 23:23:25.527, 0, NVIDIA GeForce RTX 3080, 6250, 3802, 10240, 97, 98
2026/07/30 23:23:25.639, 0, NVIDIA GeForce RTX 3080, 6250, 3802, 10240, 97, 98
2026/07/30 23:23:25.751, 0, NVIDIA GeForce RTX 3080, 6250, 3802, 10240, 97, 98
2026/07/30 23:23:25.863, 0, NVIDIA GeForce RTX 3080, 6250, 3802, 10240, 97, 98
2026/07/30 23:23:25.975, 0, NVIDIA GeForce RTX 3080, 6250, 3802, 10240, 97, 98
2026/07/30 23:23:26.087, 0, NVIDIA GeForce RTX 3080, 6250, 3802, 10240, 97, 98
2026/07/30 23:23:26.199, 0, NVIDIA GeForce RTX 3080, 6250, 3802, 10240, 97, 98
2026/07/30 23:23:26.311, 0, NVIDIA GeForce RTX 3080, 6250, 3802, 10240, 95, 98
2026/07/30 23:23:26.422, 0, NVIDIA GeForce RTX 3080, 6250, 3802, 10240, 95, 98
2026/07/30 23:23:26.535, 0, NVIDIA GeForce RTX 3080, 6250, 3802, 10240, 95, 98
2026/07/30 23:23:26.647, 0, NVIDIA GeForce RTX 3080, 6250, 3802, 10240, 95, 98
2026/07/30 23:23:26.756, 0, NVIDIA GeForce RTX 3080, 6250, 3802, 10240, 95, 98
2026/07/30 23:23:26.865, 0, NVIDIA GeForce RTX 3080, 6250, 3802, 10240, 95, 98
2026/07/30 23:23:26.974, 0, NVIDIA GeForce RTX 3080, 6250, 3802, 10240, 95, 98
2026/07/30 23:23:27.084, 0, NVIDIA GeForce RTX 3080, 6250, 3802, 10240, 95, 98
2026/07/30 23:23:27.193, 0, NVIDIA GeForce RTX 3080, 6250, 3802, 10240, 95, 98
2026/07/30 23:23:27.302, 0, NVIDIA GeForce RTX 3080, 6250, 3802, 10240, 96, 98
2026/07/30 23:23:27.413, 0, NVIDIA GeForce RTX 3080, 6250, 3802, 10240, 96, 98
2026/07/30 23:23:27.525, 0, NVIDIA GeForce RTX 3080, 6250, 3802, 10240, 96, 98
2026/07/30 23:23:27.637, 0, NVIDIA GeForce RTX 3080, 6250, 3802, 10240, 96, 98
2026/07/30 23:23:27.749, 0, NVIDIA GeForce RTX 3080, 6250, 3802, 10240, 96, 98
2026/07/30 23:23:27.861, 0, NVIDIA GeForce RTX 3080, 6250, 3802, 10240, 95, 98
2026/07/30 23:23:27.973, 0, NVIDIA GeForce RTX 3080, 6250, 3802, 10240, 95, 98
2026/07/30 23:23:28.084, 0, NVIDIA GeForce RTX 3080, 6250, 3802, 10240, 95, 98
2026/07/30 23:23:28.196, 0, NVIDIA GeForce RTX 3080, 6250, 3802, 10240, 95, 98
2026/07/30 23:23:28.308, 0, NVIDIA GeForce RTX 3080, 6250, 3802, 10240, 97, 98
2026/07/30 23:23:28.420, 0, NVIDIA GeForce RTX 3080, 6250, 3802, 10240, 97, 98
2026/07/30 23:23:28.532, 0, NVIDIA GeForce RTX 3080, 6250, 3802, 10240, 97, 98
2026/07/30 23:23:28.644, 0, NVIDIA GeForce RTX 3080, 6250, 3802, 10240, 97, 98
2026/07/30 23:23:28.756, 0, NVIDIA GeForce RTX 3080, 6250, 3802, 10240, 95, 97
2026/07/30 23:23:28.868, 0, NVIDIA GeForce RTX 3080, 6250, 3802, 10240, 95, 97
2026/07/30 23:23:28.979, 0, NVIDIA GeForce RTX 3080, 6250, 3802, 10240, 95, 97
2026/07/30 23:23:29.091, 0, NVIDIA GeForce RTX 3080, 6250, 3802, 10240, 95, 97
2026/07/30 23:23:29.203, 0, NVIDIA GeForce RTX 3080, 6250, 3802, 10240, 95, 97
2026/07/30 23:23:29.316, 0, NVIDIA GeForce RTX 3080, 6250, 3802, 10240, 96, 97
2026/07/30 23:23:29.428, 0, NVIDIA GeForce RTX 3080, 6250, 3802, 10240, 96, 97
2026/07/30 23:23:29.540, 0, NVIDIA GeForce RTX 3080, 6250, 3802, 10240, 96, 97
2026/07/30 23:23:29.652, 0, NVIDIA GeForce RTX 3080, 6250, 3802, 10240, 96, 97
2026/07/30 23:23:29.764, 0, NVIDIA GeForce RTX 3080, 6250, 3802, 10240, 97, 98
2026/07/30 23:23:29.876, 0, NVIDIA GeForce RTX 3080, 6250, 3802, 10240, 97, 98
2026/07/30 23:23:29.987, 0, NVIDIA GeForce RTX 3080, 6250, 3802, 10240, 97, 98
2026/07/30 23:23:30.099, 0, NVIDIA GeForce RTX 3080, 6250, 3802, 10240, 97, 98
2026/07/30 23:23:30.211, 0, NVIDIA GeForce RTX 3080, 6250, 3802, 10240, 97, 98
2026/07/30 23:23:30.323, 0, NVIDIA GeForce RTX 3080, 6250, 3802, 10240, 98, 98
2026/07/30 23:23:30.435, 0, NVIDIA GeForce RTX 3080, 6250, 3802, 10240, 98, 98
2026/07/30 23:23:30.547, 0, NVIDIA GeForce RTX 3080, 6250, 3802, 10240, 98, 98
2026/07/30 23:23:30.658, 0, NVIDIA GeForce RTX 3080, 6250, 3802, 10240, 98, 98
2026/07/30 23:23:30.770, 0, NVIDIA GeForce RTX 3080, 6250, 3802, 10240, 98, 98
2026/07/30 23:23:30.881, 0, NVIDIA GeForce RTX 3080, 6250, 3802, 10240, 98, 98
2026/07/30 23:23:30.993, 0, NVIDIA GeForce RTX 3080, 6250, 3802, 10240, 98, 98
2026/07/30 23:23:31.105, 0, NVIDIA GeForce RTX 3080, 6250, 3802, 10240, 98, 98
2026/07/30 23:23:31.217, 0, NVIDIA GeForce RTX 3080, 6250, 3802, 10240, 98, 98
2026/07/30 23:23:31.329, 0, NVIDIA GeForce RTX 3080, 6250, 3802, 10240, 98, 98
2026/07/30 23:23:31.441, 0, NVIDIA GeForce RTX 3080, 6250, 3802, 10240, 98, 98
2026/07/30 23:23:31.553, 0, NVIDIA GeForce RTX 3080, 6250, 3802, 10240, 98, 98
2026/07/30 23:23:31.665, 0, NVIDIA GeForce RTX 3080, 6250, 3802, 10240, 98, 98
2026/07/30 23:23:31.774, 0, NVIDIA GeForce RTX 3080, 6250, 3802, 10240, 93, 96
2026/07/30 23:23:31.883, 0, NVIDIA GeForce RTX 3080, 6250, 3802, 10240, 93, 96
2026/07/30 23:23:31.993, 0, NVIDIA GeForce RTX 3080, 6250, 3802, 10240, 93, 96
2026/07/30 23:23:32.100, 0, NVIDIA GeForce RTX 3080, 6250, 3802, 10240, 93, 96
2026/07/30 23:23:32.209, 0, NVIDIA GeForce RTX 3080, 6250, 3802, 10240, 93, 96
2026/07/30 23:23:32.320, 0, NVIDIA GeForce RTX 3080, 6250, 3802, 10240, 95, 98
2026/07/30 23:23:32.433, 0, NVIDIA GeForce RTX 3080, 6250, 3802, 10240, 95, 98
2026/07/30 23:23:32.545, 0, NVIDIA GeForce RTX 3080, 6250, 3802, 10240, 95, 98
2026/07/30 23:23:32.657, 0, NVIDIA GeForce RTX 3080, 6250, 3802, 10240, 95, 98
2026/07/30 23:23:32.769, 0, NVIDIA GeForce RTX 3080, 6250, 3802, 10240, 96, 98
2026/07/30 23:23:32.881, 0, NVIDIA GeForce RTX 3080, 6250, 3802, 10240, 96, 98
2026/07/30 23:23:32.993, 0, NVIDIA GeForce RTX 3080, 6250, 3802, 10240, 96, 98
2026/07/30 23:23:33.104, 0, NVIDIA GeForce RTX 3080, 6250, 3802, 10240, 96, 98
2026/07/30 23:23:33.216, 0, NVIDIA GeForce RTX 3080, 6250, 3802, 10240, 96, 98
2026/07/30 23:23:33.325, 0, NVIDIA GeForce RTX 3080, 6250, 3802, 10240, 96, 98
2026/07/30 23:23:33.436, 0, NVIDIA GeForce RTX 3080, 6250, 3802, 10240, 96, 98
2026/07/30 23:23:33.548, 0, NVIDIA GeForce RTX 3080, 6250, 3802, 10240, 96, 98
2026/07/30 23:23:33.660, 0, NVIDIA GeForce RTX 3080, 6250, 3802, 10240, 96, 98
2026/07/30 23:23:33.770, 0, NVIDIA GeForce RTX 3080, 6250, 3802, 10240, 97, 98
2026/07/30 23:23:33.878, 0, NVIDIA GeForce RTX 3080, 6250, 3802, 10240, 97, 98
2026/07/30 23:23:33.989, 0, NVIDIA GeForce RTX 3080, 6250, 3802, 10240, 97, 98
2026/07/30 23:23:34.101, 0, NVIDIA GeForce RTX 3080, 6250, 3802, 10240, 97, 98
2026/07/30 23:23:34.213, 0, NVIDIA GeForce RTX 3080, 6250, 3802, 10240, 97, 98
2026/07/30 23:23:34.324, 0, NVIDIA GeForce RTX 3080, 6250, 3802, 10240, 97, 98
2026/07/30 23:23:34.435, 0, NVIDIA GeForce RTX 3080, 6250, 3802, 10240, 97, 98
2026/07/30 23:23:34.547, 0, NVIDIA GeForce RTX 3080, 6250, 3802, 10240, 97, 98
2026/07/30 23:23:34.659, 0, NVIDIA GeForce RTX 3080, 6250, 3802, 10240, 97, 98
2026/07/30 23:23:34.770, 0, NVIDIA GeForce RTX 3080, 6250, 3802, 10240, 97, 98
2026/07/30 23:23:34.882, 0, NVIDIA GeForce RTX 3080, 6250, 3802, 10240, 97, 98
2026/07/30 23:23:34.994, 0, NVIDIA GeForce RTX 3080, 6250, 3802, 10240, 97, 98
2026/07/30 23:23:35.106, 0, NVIDIA GeForce RTX 3080, 6250, 3802, 10240, 97, 98
2026/07/30 23:23:35.218, 0, NVIDIA GeForce RTX 3080, 6250, 3802, 10240, 97, 98
2026/07/30 23:23:35.330, 0, NVIDIA GeForce RTX 3080, 6250, 3802, 10240, 97, 98
2026/07/30 23:23:35.441, 0, NVIDIA GeForce RTX 3080, 6250, 3802, 10240, 97, 98
2026/07/30 23:23:35.553, 0, NVIDIA GeForce RTX 3080, 6250, 3802, 10240, 97, 98
2026/07/30 23:23:35.665, 0, NVIDIA GeForce RTX 3080, 6250, 3802, 10240, 97, 98
2026/07/30 23:23:35.776, 0, NVIDIA GeForce RTX 3080, 6250, 3802, 10240, 93, 95
2026/07/30 23:23:35.888, 0, NVIDIA GeForce RTX 3080, 6250, 3802, 10240, 93, 95
2026/07/30 23:23:36.000, 0, NVIDIA GeForce RTX 3080, 6250, 3802, 10240, 93, 95
2026/07/30 23:23:36.113, 0, NVIDIA GeForce RTX 3080, 6250, 3802, 10240, 93, 95
2026/07/30 23:23:36.225, 0, NVIDIA GeForce RTX 3080, 6250, 3802, 10240, 93, 95
2026/07/30 23:23:36.335, 0, NVIDIA GeForce RTX 3080, 6250, 3802, 10240, 95, 98
2026/07/30 23:23:36.448, 0, NVIDIA GeForce RTX 3080, 6250, 3802, 10240, 95, 98
2026/07/30 23:23:36.560, 0, NVIDIA GeForce RTX 3080, 6250, 3802, 10240, 95, 98
2026/07/30 23:23:36.672, 0, NVIDIA GeForce RTX 3080, 6250, 3802, 10240, 95, 98
2026/07/30 23:23:36.784, 0, NVIDIA GeForce RTX 3080, 6250, 3802, 10240, 95, 98
2026/07/30 23:23:36.895, 0, NVIDIA GeForce RTX 3080, 6250, 3802, 10240, 95, 98
2026/07/30 23:23:37.007, 0, NVIDIA GeForce RTX 3080, 6250, 3802, 10240, 95, 98
2026/07/30 23:23:37.119, 0, NVIDIA GeForce RTX 3080, 6250, 3802, 10240, 95, 98
2026/07/30 23:23:37.231, 0, NVIDIA GeForce RTX 3080, 6250, 3802, 10240, 95, 98
2026/07/30 23:23:37.343, 0, NVIDIA GeForce RTX 3080, 6250, 3802, 10240, 95, 97
2026/07/30 23:23:37.454, 0, NVIDIA GeForce RTX 3080, 6250, 3802, 10240, 95, 97
2026/07/30 23:23:37.566, 0, NVIDIA GeForce RTX 3080, 6250, 3802, 10240, 95, 97
2026/07/30 23:23:37.678, 0, NVIDIA GeForce RTX 3080, 6250, 3802, 10240, 95, 97
2026/07/30 23:23:37.790, 0, NVIDIA GeForce RTX 3080, 6250, 3802, 10240, 94, 96
2026/07/30 23:23:37.902, 0, NVIDIA GeForce RTX 3080, 6250, 3802, 10240, 94, 96
2026/07/30 23:23:38.014, 0, NVIDIA GeForce RTX 3080, 6250, 3802, 10240, 94, 96
2026/07/30 23:23:38.126, 0, NVIDIA GeForce RTX 3080, 6250, 3802, 10240, 94, 96
2026/07/30 23:23:38.238, 0, NVIDIA GeForce RTX 3080, 6250, 3802, 10240, 94, 96
2026/07/30 23:23:38.350, 0, NVIDIA GeForce RTX 3080, 6250, 3802, 10240, 97, 98
2026/07/30 23:23:38.462, 0, NVIDIA GeForce RTX 3080, 6250, 3802, 10240, 97, 98
2026/07/30 23:23:38.574, 0, NVIDIA GeForce RTX 3080, 6250, 3802, 10240, 97, 98
2026/07/30 23:23:38.686, 0, NVIDIA GeForce RTX 3080, 6250, 3802, 10240, 97, 98
2026/07/30 23:23:38.796, 0, NVIDIA GeForce RTX 3080, 6250, 3802, 10240, 97, 98
2026/07/30 23:23:38.905, 0, NVIDIA GeForce RTX 3080, 6250, 3802, 10240, 97, 98
2026/07/30 23:23:39.017, 0, NVIDIA GeForce RTX 3080, 6250, 3802, 10240, 97, 98
2026/07/30 23:23:39.128, 0, NVIDIA GeForce RTX 3080, 6250, 3802, 10240, 97, 98
2026/07/30 23:23:39.240, 0, NVIDIA GeForce RTX 3080, 6250, 3802, 10240, 97, 98
2026/07/30 23:23:39.352, 0, NVIDIA GeForce RTX 3080, 6250, 3802, 10240, 97, 98
2026/07/30 23:23:39.464, 0, NVIDIA GeForce RTX 3080, 6250, 3802, 10240, 97, 98
2026/07/30 23:23:39.576, 0, NVIDIA GeForce RTX 3080, 6250, 3802, 10240, 97, 98
2026/07/30 23:23:39.688, 0, NVIDIA GeForce RTX 3080, 6250, 3802, 10240, 97, 98
2026/07/30 23:23:39.800, 0, NVIDIA GeForce RTX 3080, 6250, 3802, 10240, 97, 98
2026/07/30 23:23:39.912, 0, NVIDIA GeForce RTX 3080, 6250, 3802, 10240, 97, 98
2026/07/30 23:23:40.024, 0, NVIDIA GeForce RTX 3080, 6250, 3802, 10240, 97, 98
2026/07/30 23:23:40.136, 0, NVIDIA GeForce RTX 3080, 6250, 3802, 10240, 97, 98
2026/07/30 23:23:40.248, 0, NVIDIA GeForce RTX 3080, 6250, 3802, 10240, 97, 98
2026/07/30 23:23:40.360, 0, NVIDIA GeForce RTX 3080, 6250, 3802, 10240, 95, 98
2026/07/30 23:23:40.472, 0, NVIDIA GeForce RTX 3080, 6250, 3802, 10240, 95, 98
2026/07/30 23:23:40.584, 0, NVIDIA GeForce RTX 3080, 6250, 3802, 10240, 95, 98
2026/07/30 23:23:40.696, 0, NVIDIA GeForce RTX 3080, 6250, 3802, 10240, 95, 98
2026/07/30 23:23:40.808, 0, NVIDIA GeForce RTX 3080, 6250, 3802, 10240, 95, 98
2026/07/30 23:23:40.920, 0, NVIDIA GeForce RTX 3080, 6250, 3802, 10240, 95, 98
2026/07/30 23:23:41.031, 0, NVIDIA GeForce RTX 3080, 6250, 3802, 10240, 95, 98
2026/07/30 23:23:41.143, 0, NVIDIA GeForce RTX 3080, 6250, 3802, 10240, 95, 98
2026/07/30 23:23:41.255, 0, NVIDIA GeForce RTX 3080, 6250, 3802, 10240, 95, 98
2026/07/30 23:23:41.365, 0, NVIDIA GeForce RTX 3080, 6250, 3802, 10240, 95, 98
2026/07/30 23:23:41.476, 0, NVIDIA GeForce RTX 3080, 6250, 3802, 10240, 95, 98
2026/07/30 23:23:41.587, 0, NVIDIA GeForce RTX 3080, 6250, 3802, 10240, 95, 98
2026/07/30 23:23:41.699, 0, NVIDIA GeForce RTX 3080, 6250, 3802, 10240, 95, 98
2026/07/30 23:23:41.811, 0, NVIDIA GeForce RTX 3080, 6250, 3802, 10240, 95, 98
2026/07/30 23:23:41.923, 0, NVIDIA GeForce RTX 3080, 6250, 3802, 10240, 95, 98
2026/07/30 23:23:42.035, 0, NVIDIA GeForce RTX 3080, 6250, 3802, 10240, 95, 98
2026/07/30 23:23:42.147, 0, NVIDIA GeForce RTX 3080, 6250, 3802, 10240, 95, 98
2026/07/30 23:23:42.258, 0, NVIDIA GeForce RTX 3080, 6250, 3802, 10240, 96, 98
2026/07/30 23:23:42.370, 0, NVIDIA GeForce RTX 3080, 6250, 3802, 10240, 96, 98
2026/07/30 23:23:42.482, 0, NVIDIA GeForce RTX 3080, 6250, 3802, 10240, 96, 98
2026/07/30 23:23:42.595, 0, NVIDIA GeForce RTX 3080, 6250, 3802, 10240, 96, 98
2026/07/30 23:23:42.706, 0, NVIDIA GeForce RTX 3080, 6250, 3802, 10240, 96, 98
2026/07/30 23:23:42.818, 0, NVIDIA GeForce RTX 3080, 6250, 3802, 10240, 96, 97
2026/07/30 23:23:42.929, 0, NVIDIA GeForce RTX 3080, 6250, 3802, 10240, 96, 97
2026/07/30 23:23:43.041, 0, NVIDIA GeForce RTX 3080, 6250, 3802, 10240, 96, 97
2026/07/30 23:23:43.152, 0, NVIDIA GeForce RTX 3080, 6250, 3802, 10240, 96, 97
2026/07/30 23:23:43.263, 0, NVIDIA GeForce RTX 3080, 6250, 3802, 10240, 96, 97
2026/07/30 23:23:43.375, 0, NVIDIA GeForce RTX 3080, 6250, 3802, 10240, 96, 97
2026/07/30 23:23:43.487, 0, NVIDIA GeForce RTX 3080, 6250, 3802, 10240, 96, 97
2026/07/30 23:23:43.599, 0, NVIDIA GeForce RTX 3080, 6250, 3802, 10240, 96, 97
2026/07/30 23:23:43.709, 0, NVIDIA GeForce RTX 3080, 6250, 3802, 10240, 96, 97
2026/07/30 23:23:43.821, 0, NVIDIA GeForce RTX 3080, 6250, 3802, 10240, 97, 98
2026/07/30 23:23:43.932, 0, NVIDIA GeForce RTX 3080, 6250, 3802, 10240, 97, 98
2026/07/30 23:23:44.043, 0, NVIDIA GeForce RTX 3080, 6250, 3802, 10240, 97, 98
2026/07/30 23:23:44.155, 0, NVIDIA GeForce RTX 3080, 6250, 3802, 10240, 97, 98
2026/07/30 23:23:44.266, 0, NVIDIA GeForce RTX 3080, 6250, 3802, 10240, 98, 98
2026/07/30 23:23:44.378, 0, NVIDIA GeForce RTX 3080, 6250, 3802, 10240, 98, 98
2026/07/30 23:23:44.490, 0, NVIDIA GeForce RTX 3080, 6250, 3802, 10240, 98, 98
2026/07/30 23:23:44.602, 0, NVIDIA GeForce RTX 3080, 6250, 3802, 10240, 98, 98
2026/07/30 23:23:44.714, 0, NVIDIA GeForce RTX 3080, 6250, 3802, 10240, 98, 98
2026/07/30 23:23:44.822, 0, NVIDIA GeForce RTX 3080, 6250, 3802, 10240, 98, 98
2026/07/30 23:23:44.932, 0, NVIDIA GeForce RTX 3080, 6250, 3802, 10240, 98, 98
2026/07/30 23:23:45.042, 0, NVIDIA GeForce RTX 3080, 6250, 3802, 10240, 98, 98
2026/07/30 23:23:45.149, 0, NVIDIA GeForce RTX 3080, 6250, 3802, 10240, 98, 98
2026/07/30 23:23:45.259, 0, NVIDIA GeForce RTX 3080, 6250, 3802, 10240, 97, 97
2026/07/30 23:23:45.369, 0, NVIDIA GeForce RTX 3080, 6250, 3802, 10240, 97, 97
2026/07/30 23:23:45.478, 0, NVIDIA GeForce RTX 3080, 6250, 3802, 10240, 97, 97
2026/07/30 23:23:45.589, 0, NVIDIA GeForce RTX 3080, 6250, 3802, 10240, 97, 97
2026/07/30 23:23:45.701, 0, NVIDIA GeForce RTX 3080, 6250, 3802, 10240, 97, 97
2026/07/30 23:23:45.813, 0, NVIDIA GeForce RTX 3080, 6250, 3802, 10240, 93, 96
2026/07/30 23:23:45.925, 0, NVIDIA GeForce RTX 3080, 6250, 3802, 10240, 93, 96
2026/07/30 23:23:46.037, 0, NVIDIA GeForce RTX 3080, 6250, 3802, 10240, 93, 96
2026/07/30 23:23:46.149, 0, NVIDIA GeForce RTX 3080, 6250, 3802, 10240, 93, 96
2026/07/30 23:23:46.261, 0, NVIDIA GeForce RTX 3080, 6250, 3802, 10240, 95, 98
2026/07/30 23:23:46.373, 0, NVIDIA GeForce RTX 3080, 6250, 3802, 10240, 95, 98
2026/07/30 23:23:46.484, 0, NVIDIA GeForce RTX 3080, 6250, 3802, 10240, 95, 98
2026/07/30 23:23:46.595, 0, NVIDIA GeForce RTX 3080, 6250, 3802, 10240, 95, 98
2026/07/30 23:23:46.705, 0, NVIDIA GeForce RTX 3080, 6250, 3802, 10240, 95, 98
2026/07/30 23:23:46.815, 0, NVIDIA GeForce RTX 3080, 6250, 3802, 10240, 95, 98
2026/07/30 23:23:46.923, 0, NVIDIA GeForce RTX 3080, 6250, 3802, 10240, 95, 98
2026/07/30 23:23:47.032, 0, NVIDIA GeForce RTX 3080, 6250, 3802, 10240, 95, 98
2026/07/30 23:23:47.142, 0, NVIDIA GeForce RTX 3080, 6250, 3802, 10240, 95, 98
2026/07/30 23:23:47.252, 0, NVIDIA GeForce RTX 3080, 6250, 3802, 10240, 95, 98
2026/07/30 23:23:47.364, 0, NVIDIA GeForce RTX 3080, 6250, 3802, 10240, 95, 98
2026/07/30 23:23:47.476, 0, NVIDIA GeForce RTX 3080, 6250, 3802, 10240, 95, 98
2026/07/30 23:23:47.588, 0, NVIDIA GeForce RTX 3080, 6250, 3802, 10240, 95, 98
2026/07/30 23:23:47.700, 0, NVIDIA GeForce RTX 3080, 6250, 3802, 10240, 95, 98
2026/07/30 23:23:47.812, 0, NVIDIA GeForce RTX 3080, 6250, 3802, 10240, 97, 98
2026/07/30 23:23:47.924, 0, NVIDIA GeForce RTX 3080, 6250, 3802, 10240, 97, 98
2026/07/30 23:23:48.036, 0, NVIDIA GeForce RTX 3080, 6250, 3802, 10240, 97, 98
2026/07/30 23:23:48.148, 0, NVIDIA GeForce RTX 3080, 6250, 3802, 10240, 97, 98
2026/07/30 23:23:48.260, 0, NVIDIA GeForce RTX 3080, 6250, 3802, 10240, 97, 98
2026/07/30 23:23:48.372, 0, NVIDIA GeForce RTX 3080, 6250, 3802, 10240, 97, 98
2026/07/30 23:23:48.484, 0, NVIDIA GeForce RTX 3080, 6250, 3802, 10240, 97, 98
2026/07/30 23:23:48.596, 0, NVIDIA GeForce RTX 3080, 6250, 3802, 10240, 97, 98
2026/07/30 23:23:48.708, 0, NVIDIA GeForce RTX 3080, 6250, 3802, 10240, 97, 98
2026/07/30 23:23:48.820, 0, NVIDIA GeForce RTX 3080, 6250, 3802, 10240, 97, 98
2026/07/30 23:23:48.932, 0, NVIDIA GeForce RTX 3080, 6250, 3802, 10240, 97, 98
2026/07/30 23:23:49.045, 0, NVIDIA GeForce RTX 3080, 6250, 3802, 10240, 97, 98
2026/07/30 23:23:49.157, 0, NVIDIA GeForce RTX 3080, 6250, 3802, 10240, 97, 98
2026/07/30 23:23:49.268, 0, NVIDIA GeForce RTX 3080, 6250, 3802, 10240, 98, 98
2026/07/30 23:23:49.380, 0, NVIDIA GeForce RTX 3080, 6250, 3802, 10240, 98, 98
2026/07/30 23:23:49.492, 0, NVIDIA GeForce RTX 3080, 6250, 3802, 10240, 98, 98
2026/07/30 23:23:49.604, 0, NVIDIA GeForce RTX 3080, 6250, 3802, 10240, 98, 98
2026/07/30 23:23:49.715, 0, NVIDIA GeForce RTX 3080, 6250, 3802, 10240, 98, 98
2026/07/30 23:23:49.827, 0, NVIDIA GeForce RTX 3080, 6250, 3802, 10240, 95, 98
2026/07/30 23:23:49.939, 0, NVIDIA GeForce RTX 3080, 6250, 3802, 10240, 95, 98
2026/07/30 23:23:50.051, 0, NVIDIA GeForce RTX 3080, 6250, 3802, 10240, 95, 98
2026/07/30 23:23:50.163, 0, NVIDIA GeForce RTX 3080, 6250, 3802, 10240, 95, 98
2026/07/30 23:23:50.275, 0, NVIDIA GeForce RTX 3080, 6250, 3802, 10240, 96, 98
2026/07/30 23:23:50.387, 0, NVIDIA GeForce RTX 3080, 6250, 3802, 10240, 96, 98
2026/07/30 23:23:50.499, 0, NVIDIA GeForce RTX 3080, 6250, 3802, 10240, 96, 98
2026/07/30 23:23:50.611, 0, NVIDIA GeForce RTX 3080, 6250, 3802, 10240, 96, 98
2026/07/30 23:23:50.723, 0, NVIDIA GeForce RTX 3080, 6250, 3802, 10240, 96, 98
2026/07/30 23:23:50.835, 0, NVIDIA GeForce RTX 3080, 6250, 3802, 10240, 95, 97
2026/07/30 23:23:50.947, 0, NVIDIA GeForce RTX 3080, 6250, 3802, 10240, 95, 97
2026/07/30 23:23:51.059, 0, NVIDIA GeForce RTX 3080, 6250, 3802, 10240, 95, 97
2026/07/30 23:23:51.171, 0, NVIDIA GeForce RTX 3080, 6250, 3802, 10240, 95, 97
2026/07/30 23:23:51.283, 0, NVIDIA GeForce RTX 3080, 6250, 3802, 10240, 95, 97
2026/07/30 23:23:51.394, 0, NVIDIA GeForce RTX 3080, 6250, 3802, 10240, 95, 97
2026/07/30 23:23:51.506, 0, NVIDIA GeForce RTX 3080, 6250, 3802, 10240, 95, 97
2026/07/30 23:23:51.618, 0, NVIDIA GeForce RTX 3080, 6250, 3802, 10240, 95, 97
2026/07/30 23:23:51.729, 0, NVIDIA GeForce RTX 3080, 6250, 3802, 10240, 95, 97
2026/07/30 23:23:51.838, 0, NVIDIA GeForce RTX 3080, 6250, 3802, 10240, 93, 95
2026/07/30 23:23:51.948, 0, NVIDIA GeForce RTX 3080, 6250, 3802, 10240, 93, 95
2026/07/30 23:23:52.057, 0, NVIDIA GeForce RTX 3080, 6250, 3802, 10240, 93, 95
2026/07/30 23:23:52.166, 0, NVIDIA GeForce RTX 3080, 6250, 3802, 10240, 93, 95
2026/07/30 23:23:52.276, 0, NVIDIA GeForce RTX 3080, 6250, 3802, 10240, 97, 97
2026/07/30 23:23:52.388, 0, NVIDIA GeForce RTX 3080, 6250, 3802, 10240, 97, 97
2026/07/30 23:23:52.500, 0, NVIDIA GeForce RTX 3080, 6250, 3802, 10240, 97, 97
2026/07/30 23:23:52.611, 0, NVIDIA GeForce RTX 3080, 6250, 3802, 10240, 97, 97
2026/07/30 23:23:52.723, 0, NVIDIA GeForce RTX 3080, 6250, 3802, 10240, 97, 97
2026/07/30 23:23:52.834, 0, NVIDIA GeForce RTX 3080, 6250, 3802, 10240, 96, 97
2026/07/30 23:23:52.944, 0, NVIDIA GeForce RTX 3080, 6250, 3802, 10240, 96, 97
2026/07/30 23:23:53.056, 0, NVIDIA GeForce RTX 3080, 6250, 3802, 10240, 96, 97
2026/07/30 23:23:53.167, 0, NVIDIA GeForce RTX 3080, 6250, 3802, 10240, 96, 97
2026/07/30 23:23:53.279, 0, NVIDIA GeForce RTX 3080, 6250, 3802, 10240, 96, 97
2026/07/30 23:23:53.390, 0, NVIDIA GeForce RTX 3080, 6250, 3802, 10240, 96, 97
2026/07/30 23:23:53.502, 0, NVIDIA GeForce RTX 3080, 6250, 3802, 10240, 96, 97
2026/07/30 23:23:53.615, 0, NVIDIA GeForce RTX 3080, 6250, 3802, 10240, 96, 97
2026/07/30 23:23:53.725, 0, NVIDIA GeForce RTX 3080, 6250, 3802, 10240, 96, 97
2026/07/30 23:23:53.833, 0, NVIDIA GeForce RTX 3080, 6250, 3802, 10240, 96, 97
2026/07/30 23:23:53.944, 0, NVIDIA GeForce RTX 3080, 6250, 3802, 10240, 96, 97
2026/07/30 23:23:54.056, 0, NVIDIA GeForce RTX 3080, 6250, 3802, 10240, 96, 97
2026/07/30 23:23:54.167, 0, NVIDIA GeForce RTX 3080, 6250, 3802, 10240, 96, 97
2026/07/30 23:23:54.278, 0, NVIDIA GeForce RTX 3080, 6250, 3802, 10240, 95, 98
2026/07/30 23:23:54.389, 0, NVIDIA GeForce RTX 3080, 6250, 3802, 10240, 95, 98
2026/07/30 23:23:54.500, 0, NVIDIA GeForce RTX 3080, 6250, 3802, 10240, 95, 98
2026/07/30 23:23:54.612, 0, NVIDIA GeForce RTX 3080, 6250, 3802, 10240, 95, 98
2026/07/30 23:23:54.724, 0, NVIDIA GeForce RTX 3080, 6250, 3802, 10240, 95, 98
2026/07/30 23:23:54.836, 0, NVIDIA GeForce RTX 3080, 6250, 3802, 10240, 95, 98
2026/07/30 23:23:54.948, 0, NVIDIA GeForce RTX 3080, 6250, 3802, 10240, 95, 98
2026/07/30 23:23:55.060, 0, NVIDIA GeForce RTX 3080, 6250, 3802, 10240, 95, 98
2026/07/30 23:23:55.173, 0, NVIDIA GeForce RTX 3080, 6250, 3802, 10240, 95, 98
2026/07/30 23:23:55.285, 0, NVIDIA GeForce RTX 3080, 6250, 3802, 10240, 96, 98
2026/07/30 23:23:55.397, 0, NVIDIA GeForce RTX 3080, 6250, 3802, 10240, 96, 98
2026/07/30 23:23:55.509, 0, NVIDIA GeForce RTX 3080, 6250, 3802, 10240, 96, 98
2026/07/30 23:23:55.620, 0, NVIDIA GeForce RTX 3080, 6250, 3802, 10240, 96, 98
2026/07/30 23:23:55.731, 0, NVIDIA GeForce RTX 3080, 6250, 3802, 10240, 96, 98
2026/07/30 23:23:55.843, 0, NVIDIA GeForce RTX 3080, 6250, 3802, 10240, 95, 98
2026/07/30 23:23:55.955, 0, NVIDIA GeForce RTX 3080, 6250, 3802, 10240, 95, 98
2026/07/30 23:23:56.067, 0, NVIDIA GeForce RTX 3080, 6250, 3802, 10240, 95, 98
2026/07/30 23:23:56.179, 0, NVIDIA GeForce RTX 3080, 6250, 3802, 10240, 95, 98
2026/07/30 23:23:56.291, 0, NVIDIA GeForce RTX 3080, 6250, 3802, 10240, 97, 98
2026/07/30 23:23:56.403, 0, NVIDIA GeForce RTX 3080, 6250, 3802, 10240, 97, 98
2026/07/30 23:23:56.515, 0, NVIDIA GeForce RTX 3080, 6250, 3802, 10240, 97, 98
2026/07/30 23:23:56.627, 0, NVIDIA GeForce RTX 3080, 6250, 3802, 10240, 97, 98
2026/07/30 23:23:56.738, 0, NVIDIA GeForce RTX 3080, 6250, 3802, 10240, 97, 98
2026/07/30 23:23:56.850, 0, NVIDIA GeForce RTX 3080, 6250, 3802, 10240, 97, 98
2026/07/30 23:23:56.962, 0, NVIDIA GeForce RTX 3080, 6250, 3802, 10240, 97, 98
2026/07/30 23:23:57.074, 0, NVIDIA GeForce RTX 3080, 6250, 3802, 10240, 97, 98
2026/07/30 23:23:57.186, 0, NVIDIA GeForce RTX 3080, 6250, 3802, 10240, 97, 98
2026/07/30 23:23:57.298, 0, NVIDIA GeForce RTX 3080, 6250, 3802, 10240, 96, 97
2026/07/30 23:23:57.410, 0, NVIDIA GeForce RTX 3080, 6250, 3802, 10240, 96, 97
2026/07/30 23:23:57.522, 0, NVIDIA GeForce RTX 3080, 6250, 3802, 10240, 96, 97
2026/07/30 23:23:57.634, 0, NVIDIA GeForce RTX 3080, 6250, 3802, 10240, 96, 97
2026/07/30 23:23:57.746, 0, NVIDIA GeForce RTX 3080, 6250, 3802, 10240, 96, 97
2026/07/30 23:23:57.858, 0, NVIDIA GeForce RTX 3080, 6250, 3802, 10240, 96, 97
2026/07/30 23:23:57.970, 0, NVIDIA GeForce RTX 3080, 6250, 3802, 10240, 96, 97
2026/07/30 23:23:58.082, 0, NVIDIA GeForce RTX 3080, 6250, 3802, 10240, 96, 97
2026/07/30 23:23:58.194, 0, NVIDIA GeForce RTX 3080, 6250, 3802, 10240, 96, 97
2026/07/30 23:23:58.306, 0, NVIDIA GeForce RTX 3080, 6250, 3802, 10240, 97, 97
2026/07/30 23:23:58.418, 0, NVIDIA GeForce RTX 3080, 6250, 3802, 10240, 97, 97
2026/07/30 23:23:58.530, 0, NVIDIA GeForce RTX 3080, 6250, 3802, 10240, 97, 97
2026/07/30 23:23:58.642, 0, NVIDIA GeForce RTX 3080, 6250, 3802, 10240, 97, 97
2026/07/30 23:23:58.753, 0, NVIDIA GeForce RTX 3080, 6250, 3802, 10240, 97, 97
2026/07/30 23:23:58.866, 0, NVIDIA GeForce RTX 3080, 6250, 3802, 10240, 96, 96
2026/07/30 23:23:58.975, 0, NVIDIA GeForce RTX 3080, 6250, 3802, 10240, 96, 96
2026/07/30 23:23:59.087, 0, NVIDIA GeForce RTX 3080, 6250, 3802, 10240, 96, 96
2026/07/30 23:23:59.198, 0, NVIDIA GeForce RTX 3080, 6250, 3802, 10240, 96, 96
2026/07/30 23:23:59.309, 0, NVIDIA GeForce RTX 3080, 6250, 3802, 10240, 97, 96
2026/07/30 23:23:59.421, 0, NVIDIA GeForce RTX 3080, 6250, 3802, 10240, 97, 96
2026/07/30 23:23:59.533, 0, NVIDIA GeForce RTX 3080, 6250, 3802, 10240, 97, 96
2026/07/30 23:23:59.645, 0, NVIDIA GeForce RTX 3080, 6250, 3802, 10240, 97, 96
2026/07/30 23:23:59.757, 0, NVIDIA GeForce RTX 3080, 6250, 3802, 10240, 97, 96
2026/07/30 23:23:59.869, 0, NVIDIA GeForce RTX 3080, 6250, 3802, 10240, 94, 96
2026/07/30 23:23:59.981, 0, NVIDIA GeForce RTX 3080, 6250, 3802, 10240, 94, 96
2026/07/30 23:24:00.093, 0, NVIDIA GeForce RTX 3080, 6250, 3802, 10240, 94, 96
2026/07/30 23:24:00.205, 0, NVIDIA GeForce RTX 3080, 6250, 3802, 10240, 94, 96
2026/07/30 23:24:00.317, 0, NVIDIA GeForce RTX 3080, 6250, 3802, 10240, 95, 98
2026/07/30 23:24:00.429, 0, NVIDIA GeForce RTX 3080, 6250, 3802, 10240, 95, 98
2026/07/30 23:24:00.540, 0, NVIDIA GeForce RTX 3080, 6250, 3802, 10240, 95, 98
2026/07/30 23:24:00.652, 0, NVIDIA GeForce RTX 3080, 6250, 3802, 10240, 95, 98
2026/07/30 23:24:00.763, 0, NVIDIA GeForce RTX 3080, 6250, 3802, 10240, 95, 97
2026/07/30 23:24:00.875, 0, NVIDIA GeForce RTX 3080, 6250, 3802, 10240, 95, 97
2026/07/30 23:24:00.987, 0, NVIDIA GeForce RTX 3080, 6250, 3802, 10240, 95, 97
2026/07/30 23:24:01.098, 0, NVIDIA GeForce RTX 3080, 6250, 3802, 10240, 95, 97
2026/07/30 23:24:01.210, 0, NVIDIA GeForce RTX 3080, 6250, 3802, 10240, 95, 97
2026/07/30 23:24:01.322, 0, NVIDIA GeForce RTX 3080, 6250, 3802, 10240, 96, 98
2026/07/30 23:24:01.434, 0, NVIDIA GeForce RTX 3080, 6250, 3802, 10240, 96, 98
2026/07/30 23:24:01.546, 0, NVIDIA GeForce RTX 3080, 6250, 3802, 10240, 96, 98
2026/07/30 23:24:01.658, 0, NVIDIA GeForce RTX 3080, 6250, 3802, 10240, 96, 98
2026/07/30 23:24:01.770, 0, NVIDIA GeForce RTX 3080, 6250, 3802, 10240, 97, 98
2026/07/30 23:24:01.882, 0, NVIDIA GeForce RTX 3080, 6250, 3802, 10240, 97, 98
2026/07/30 23:24:01.994, 0, NVIDIA GeForce RTX 3080, 6250, 3802, 10240, 97, 98
2026/07/30 23:24:02.106, 0, NVIDIA GeForce RTX 3080, 6250, 3802, 10240, 97, 98
2026/07/30 23:24:02.218, 0, NVIDIA GeForce RTX 3080, 6250, 3802, 10240, 97, 98
2026/07/30 23:24:02.329, 0, NVIDIA GeForce RTX 3080, 6250, 3802, 10240, 98, 98
2026/07/30 23:24:02.441, 0, NVIDIA GeForce RTX 3080, 6250, 3802, 10240, 98, 98
2026/07/30 23:24:02.553, 0, NVIDIA GeForce RTX 3080, 6250, 3802, 10240, 98, 98
2026/07/30 23:24:02.665, 0, NVIDIA GeForce RTX 3080, 6250, 3802, 10240, 98, 98
2026/07/30 23:24:02.777, 0, NVIDIA GeForce RTX 3080, 6250, 3802, 10240, 97, 98
2026/07/30 23:24:02.888, 0, NVIDIA GeForce RTX 3080, 6250, 3802, 10240, 97, 98
2026/07/30 23:24:03.000, 0, NVIDIA GeForce RTX 3080, 6250, 3802, 10240, 97, 98
2026/07/30 23:24:03.111, 0, NVIDIA GeForce RTX 3080, 6250, 3802, 10240, 97, 98
2026/07/30 23:24:03.222, 0, NVIDIA GeForce RTX 3080, 6250, 3802, 10240, 97, 98
2026/07/30 23:24:03.334, 0, NVIDIA GeForce RTX 3080, 6250, 3802, 10240, 97, 98
2026/07/30 23:24:03.446, 0, NVIDIA GeForce RTX 3080, 6250, 3802, 10240, 97, 98
2026/07/30 23:24:03.557, 0, NVIDIA GeForce RTX 3080, 6250, 3802, 10240, 97, 98
2026/07/30 23:24:03.669, 0, NVIDIA GeForce RTX 3080, 6250, 3802, 10240, 97, 98
2026/07/30 23:24:03.781, 0, NVIDIA GeForce RTX 3080, 6250, 3802, 10240, 96, 98
2026/07/30 23:24:03.893, 0, NVIDIA GeForce RTX 3080, 6250, 3802, 10240, 96, 98
2026/07/30 23:24:04.004, 0, NVIDIA GeForce RTX 3080, 6250, 3802, 10240, 96, 98
2026/07/30 23:24:04.116, 0, NVIDIA GeForce RTX 3080, 6250, 3802, 10240, 96, 98
2026/07/30 23:24:04.228, 0, NVIDIA GeForce RTX 3080, 6250, 3802, 10240, 96, 98
2026/07/30 23:24:04.340, 0, NVIDIA GeForce RTX 3080, 6250, 3802, 10240, 96, 98
2026/07/30 23:24:04.452, 0, NVIDIA GeForce RTX 3080, 6250, 3802, 10240, 96, 98
2026/07/30 23:24:04.563, 0, NVIDIA GeForce RTX 3080, 6250, 3802, 10240, 96, 98
2026/07/30 23:24:04.675, 0, NVIDIA GeForce RTX 3080, 6250, 3802, 10240, 96, 98
2026/07/30 23:24:04.785, 0, NVIDIA GeForce RTX 3080, 6250, 3802, 10240, 96, 98
2026/07/30 23:24:04.894, 0, NVIDIA GeForce RTX 3080, 6250, 3802, 10240, 96, 98
2026/07/30 23:24:05.004, 0, NVIDIA GeForce RTX 3080, 6250, 3802, 10240, 96, 98
2026/07/30 23:24:05.113, 0, NVIDIA GeForce RTX 3080, 6250, 3802, 10240, 96, 98
2026/07/30 23:24:05.222, 0, NVIDIA GeForce RTX 3080, 6250, 3802, 10240, 96, 98
2026/07/30 23:24:05.331, 0, NVIDIA GeForce RTX 3080, 6250, 3802, 10240, 96, 98
2026/07/30 23:24:05.442, 0, NVIDIA GeForce RTX 3080, 6250, 3802, 10240, 96, 98
2026/07/30 23:24:05.552, 0, NVIDIA GeForce RTX 3080, 6250, 3802, 10240, 96, 98
2026/07/30 23:24:05.663, 0, NVIDIA GeForce RTX 3080, 6250, 3802, 10240, 96, 98
2026/07/30 23:24:05.775, 0, NVIDIA GeForce RTX 3080, 6250, 3802, 10240, 94, 96
2026/07/30 23:24:05.888, 0, NVIDIA GeForce RTX 3080, 6250, 3802, 10240, 94, 96
2026/07/30 23:24:06.000, 0, NVIDIA GeForce RTX 3080, 6250, 3802, 10240, 94, 96
2026/07/30 23:24:06.111, 0, NVIDIA GeForce RTX 3080, 6250, 3802, 10240, 94, 96
2026/07/30 23:24:06.223, 0, NVIDIA GeForce RTX 3080, 6250, 3802, 10240, 94, 96
2026/07/30 23:24:06.335, 0, NVIDIA GeForce RTX 3080, 6250, 3802, 10240, 97, 98
2026/07/30 23:24:06.447, 0, NVIDIA GeForce RTX 3080, 6250, 3802, 10240, 97, 98
2026/07/30 23:24:06.559, 0, NVIDIA GeForce RTX 3080, 6250, 3802, 10240, 97, 98
2026/07/30 23:24:06.671, 0, NVIDIA GeForce RTX 3080, 6250, 3802, 10240, 97, 98
2026/07/30 23:24:06.781, 0, NVIDIA GeForce RTX 3080, 6250, 3802, 10240, 96, 96
2026/07/30 23:24:06.890, 0, NVIDIA GeForce RTX 3080, 6250, 3802, 10240, 96, 96
2026/07/30 23:24:07.000, 0, NVIDIA GeForce RTX 3080, 6250, 3802, 10240, 96, 96
2026/07/30 23:24:07.108, 0, NVIDIA GeForce RTX 3080, 6250, 3802, 10240, 96, 96
2026/07/30 23:24:07.218, 0, NVIDIA GeForce RTX 3080, 6250, 3802, 10240, 96, 96
2026/07/30 23:24:07.330, 0, NVIDIA GeForce RTX 3080, 6250, 3802, 10240, 97, 98
2026/07/30 23:24:07.442, 0, NVIDIA GeForce RTX 3080, 6250, 3802, 10240, 97, 98
2026/07/30 23:24:07.554, 0, NVIDIA GeForce RTX 3080, 6250, 3802, 10240, 97, 98
2026/07/30 23:24:07.666, 0, NVIDIA GeForce RTX 3080, 6250, 3802, 10240, 97, 98
2026/07/30 23:24:07.778, 0, NVIDIA GeForce RTX 3080, 6250, 3802, 10240, 96, 97
2026/07/30 23:24:07.889, 0, NVIDIA GeForce RTX 3080, 6250, 3802, 10240, 96, 97
2026/07/30 23:24:08.001, 0, NVIDIA GeForce RTX 3080, 6250, 3802, 10240, 96, 97
2026/07/30 23:24:08.113, 0, NVIDIA GeForce RTX 3080, 6250, 3802, 10240, 96, 97
2026/07/30 23:24:08.225, 0, NVIDIA GeForce RTX 3080, 6250, 3802, 10240, 96, 97
2026/07/30 23:24:08.336, 0, NVIDIA GeForce RTX 3080, 6250, 3802, 10240, 95, 98
2026/07/30 23:24:08.447, 0, NVIDIA GeForce RTX 3080, 6250, 3802, 10240, 95, 98
2026/07/30 23:24:08.559, 0, NVIDIA GeForce RTX 3080, 6250, 3802, 10240, 95, 98
2026/07/30 23:24:08.671, 0, NVIDIA GeForce RTX 3080, 6250, 3802, 10240, 95, 98
2026/07/30 23:24:08.783, 0, NVIDIA GeForce RTX 3080, 6250, 3802, 10240, 96, 98
2026/07/30 23:24:08.894, 0, NVIDIA GeForce RTX 3080, 6250, 3802, 10240, 96, 98
2026/07/30 23:24:09.006, 0, NVIDIA GeForce RTX 3080, 6250, 3802, 10240, 96, 98
2026/07/30 23:24:09.118, 0, NVIDIA GeForce RTX 3080, 6250, 3802, 10240, 96, 98
2026/07/30 23:24:09.229, 0, NVIDIA GeForce RTX 3080, 6250, 3802, 10240, 96, 98
2026/07/30 23:24:09.341, 0, NVIDIA GeForce RTX 3080, 6250, 3802, 10240, 95, 98
2026/07/30 23:24:09.453, 0, NVIDIA GeForce RTX 3080, 6250, 3802, 10240, 95, 98
2026/07/30 23:24:09.565, 0, NVIDIA GeForce RTX 3080, 6250, 3802, 10240, 95, 98
2026/07/30 23:24:09.675, 0, NVIDIA GeForce RTX 3080, 6250, 3802, 10240, 95, 98
2026/07/30 23:24:09.787, 0, NVIDIA GeForce RTX 3080, 6250, 3802, 10240, 96, 98
2026/07/30 23:24:09.899, 0, NVIDIA GeForce RTX 3080, 6250, 3802, 10240, 96, 98
2026/07/30 23:24:10.011, 0, NVIDIA GeForce RTX 3080, 6250, 3802, 10240, 96, 98
2026/07/30 23:24:10.123, 0, NVIDIA GeForce RTX 3080, 6250, 3802, 10240, 96, 98
2026/07/30 23:24:10.235, 0, NVIDIA GeForce RTX 3080, 6250, 3802, 10240, 96, 98
2026/07/30 23:24:10.346, 0, NVIDIA GeForce RTX 3080, 6250, 3802, 10240, 97, 98
2026/07/30 23:24:10.459, 0, NVIDIA GeForce RTX 3080, 6250, 3802, 10240, 97, 98
2026/07/30 23:24:10.571, 0, NVIDIA GeForce RTX 3080, 6250, 3802, 10240, 97, 98
2026/07/30 23:24:10.683, 0, NVIDIA GeForce RTX 3080, 6250, 3802, 10240, 97, 98
2026/07/30 23:24:10.795, 0, NVIDIA GeForce RTX 3080, 6250, 3802, 10240, 96, 97
2026/07/30 23:24:10.907, 0, NVIDIA GeForce RTX 3080, 6250, 3802, 10240, 96, 97
2026/07/30 23:24:11.019, 0, NVIDIA GeForce RTX 3080, 6250, 3802, 10240, 96, 97
2026/07/30 23:24:11.131, 0, NVIDIA GeForce RTX 3080, 6250, 3802, 10240, 96, 97
2026/07/30 23:24:11.243, 0, NVIDIA GeForce RTX 3080, 6250, 3802, 10240, 96, 97
2026/07/30 23:24:11.355, 0, NVIDIA GeForce RTX 3080, 6250, 3802, 10240, 97, 98
2026/07/30 23:24:11.466, 0, NVIDIA GeForce RTX 3080, 6250, 3802, 10240, 97, 98
2026/07/30 23:24:11.578, 0, NVIDIA GeForce RTX 3080, 6250, 3802, 10240, 97, 98
2026/07/30 23:24:11.689, 0, NVIDIA GeForce RTX 3080, 6250, 3802, 10240, 97, 98
2026/07/30 23:24:11.799, 0, NVIDIA GeForce RTX 3080, 6250, 3802, 10240, 96, 97
2026/07/30 23:24:11.908, 0, NVIDIA GeForce RTX 3080, 6250, 3802, 10240, 96, 97
2026/07/30 23:24:12.018, 0, NVIDIA GeForce RTX 3080, 6250, 3802, 10240, 96, 97
2026/07/30 23:24:12.127, 0, NVIDIA GeForce RTX 3080, 6250, 3802, 10240, 96, 97
2026/07/30 23:24:12.239, 0, NVIDIA GeForce RTX 3080, 6250, 3802, 10240, 96, 97
2026/07/30 23:24:12.351, 0, NVIDIA GeForce RTX 3080, 6250, 3802, 10240, 98, 98
2026/07/30 23:24:12.463, 0, NVIDIA GeForce RTX 3080, 6250, 3802, 10240, 98, 98
2026/07/30 23:24:12.574, 0, NVIDIA GeForce RTX 3080, 6250, 3802, 10240, 98, 98
2026/07/30 23:24:12.686, 0, NVIDIA GeForce RTX 3080, 6250, 3802, 10240, 98, 98
2026/07/30 23:24:12.798, 0, NVIDIA GeForce RTX 3080, 6250, 3802, 10240, 98, 98
2026/07/30 23:24:12.909, 0, NVIDIA GeForce RTX 3080, 6250, 3802, 10240, 98, 98
2026/07/30 23:24:13.020, 0, NVIDIA GeForce RTX 3080, 6250, 3802, 10240, 98, 98
2026/07/30 23:24:13.132, 0, NVIDIA GeForce RTX 3080, 6250, 3802, 10240, 98, 98
2026/07/30 23:24:13.244, 0, NVIDIA GeForce RTX 3080, 6250, 3802, 10240, 98, 98
2026/07/30 23:24:13.355, 0, NVIDIA GeForce RTX 3080, 6250, 3802, 10240, 98, 98
2026/07/30 23:24:13.467, 0, NVIDIA GeForce RTX 3080, 6250, 3802, 10240, 98, 98
2026/07/30 23:24:13.579, 0, NVIDIA GeForce RTX 3080, 6250, 3802, 10240, 98, 98
2026/07/30 23:24:13.691, 0, NVIDIA GeForce RTX 3080, 6250, 3802, 10240, 98, 98
2026/07/30 23:24:13.800, 0, NVIDIA GeForce RTX 3080, 6250, 3802, 10240, 95, 98
2026/07/30 23:24:13.911, 0, NVIDIA GeForce RTX 3080, 6250, 3802, 10240, 95, 98
2026/07/30 23:24:14.023, 0, NVIDIA GeForce RTX 3080, 6250, 3802, 10240, 95, 98
2026/07/30 23:24:14.134, 0, NVIDIA GeForce RTX 3080, 6250, 3802, 10240, 95, 98
2026/07/30 23:24:14.246, 0, NVIDIA GeForce RTX 3080, 6250, 3802, 10240, 95, 98
2026/07/30 23:24:14.357, 0, NVIDIA GeForce RTX 3080, 6250, 3802, 10240, 95, 97
2026/07/30 23:24:14.469, 0, NVIDIA GeForce RTX 3080, 6250, 3802, 10240, 95, 97
2026/07/30 23:24:14.581, 0, NVIDIA GeForce RTX 3080, 6250, 3802, 10240, 95, 97
2026/07/30 23:24:14.693, 0, NVIDIA GeForce RTX 3080, 6250, 3802, 10240, 95, 97
2026/07/30 23:24:14.805, 0, NVIDIA GeForce RTX 3080, 6250, 3802, 10240, 96, 98
2026/07/30 23:24:14.917, 0, NVIDIA GeForce RTX 3080, 6250, 3802, 10240, 96, 98
2026/07/30 23:24:15.029, 0, NVIDIA GeForce RTX 3080, 6250, 3802, 10240, 96, 98
2026/07/30 23:24:15.141, 0, NVIDIA GeForce RTX 3080, 6250, 3802, 10240, 96, 98
2026/07/30 23:24:15.252, 0, NVIDIA GeForce RTX 3080, 6250, 3802, 10240, 96, 98
2026/07/30 23:24:15.363, 0, NVIDIA GeForce RTX 3080, 6250, 3802, 10240, 95, 97
2026/07/30 23:24:15.475, 0, NVIDIA GeForce RTX 3080, 6250, 3802, 10240, 95, 97
2026/07/30 23:24:15.587, 0, NVIDIA GeForce RTX 3080, 6250, 3802, 10240, 95, 97
2026/07/30 23:24:15.699, 0, NVIDIA GeForce RTX 3080, 6250, 3802, 10240, 95, 97
2026/07/30 23:24:15.811, 0, NVIDIA GeForce RTX 3080, 6250, 3802, 10240, 97, 98
2026/07/30 23:24:15.923, 0, NVIDIA GeForce RTX 3080, 6250, 3802, 10240, 97, 98
2026/07/30 23:24:16.035, 0, NVIDIA GeForce RTX 3080, 6250, 3802, 10240, 97, 98
2026/07/30 23:24:16.147, 0, NVIDIA GeForce RTX 3080, 6250, 3802, 10240, 97, 98
2026/07/30 23:24:16.260, 0, NVIDIA GeForce RTX 3080, 6250, 3802, 10240, 97, 97
2026/07/30 23:24:16.372, 0, NVIDIA GeForce RTX 3080, 6250, 3802, 10240, 97, 97
2026/07/30 23:24:16.484, 0, NVIDIA GeForce RTX 3080, 6250, 3802, 10240, 97, 97
2026/07/30 23:24:16.596, 0, NVIDIA GeForce RTX 3080, 6250, 3802, 10240, 97, 97
2026/07/30 23:24:16.708, 0, NVIDIA GeForce RTX 3080, 6250, 3802, 10240, 97, 97
2026/07/30 23:24:16.820, 0, NVIDIA GeForce RTX 3080, 6250, 3802, 10240, 97, 98
2026/07/30 23:24:16.931, 0, NVIDIA GeForce RTX 3080, 6250, 3802, 10240, 97, 98
2026/07/30 23:24:17.043, 0, NVIDIA GeForce RTX 3080, 6250, 3802, 10240, 97, 98
2026/07/30 23:24:17.155, 0, NVIDIA GeForce RTX 3080, 6250, 3802, 10240, 97, 98
2026/07/30 23:24:17.267, 0, NVIDIA GeForce RTX 3080, 6250, 3802, 10240, 97, 98
2026/07/30 23:24:17.379, 0, NVIDIA GeForce RTX 3080, 6250, 3802, 10240, 97, 98
2026/07/30 23:24:17.491, 0, NVIDIA GeForce RTX 3080, 6250, 3802, 10240, 97, 98
2026/07/30 23:24:17.603, 0, NVIDIA GeForce RTX 3080, 6250, 3802, 10240, 97, 98
2026/07/30 23:24:17.715, 0, NVIDIA GeForce RTX 3080, 6250, 3802, 10240, 97, 98
2026/07/30 23:24:17.826, 0, NVIDIA GeForce RTX 3080, 6250, 3802, 10240, 96, 98
2026/07/30 23:24:17.938, 0, NVIDIA GeForce RTX 3080, 6250, 3802, 10240, 96, 98
2026/07/30 23:24:18.050, 0, NVIDIA GeForce RTX 3080, 6250, 3802, 10240, 96, 98
2026/07/30 23:24:18.162, 0, NVIDIA GeForce RTX 3080, 6250, 3802, 10240, 96, 98
2026/07/30 23:24:18.274, 0, NVIDIA GeForce RTX 3080, 6250, 3802, 10240, 96, 98
2026/07/30 23:24:18.386, 0, NVIDIA GeForce RTX 3080, 6250, 3802, 10240, 96, 98
2026/07/30 23:24:18.498, 0, NVIDIA GeForce RTX 3080, 6250, 3802, 10240, 96, 98
2026/07/30 23:24:18.610, 0, NVIDIA GeForce RTX 3080, 6250, 3802, 10240, 96, 98
2026/07/30 23:24:18.722, 0, NVIDIA GeForce RTX 3080, 6250, 3802, 10240, 96, 98
2026/07/30 23:24:18.833, 0, NVIDIA GeForce RTX 3080, 6250, 3802, 10240, 95, 98
2026/07/30 23:24:18.945, 0, NVIDIA GeForce RTX 3080, 6250, 3802, 10240, 95, 98
2026/07/30 23:24:19.057, 0, NVIDIA GeForce RTX 3080, 6250, 3802, 10240, 95, 98
2026/07/30 23:24:19.168, 0, NVIDIA GeForce RTX 3080, 6250, 3802, 10240, 95, 98
2026/07/30 23:24:19.280, 0, NVIDIA GeForce RTX 3080, 6250, 3802, 10240, 95, 98
2026/07/30 23:24:19.392, 0, NVIDIA GeForce RTX 3080, 6250, 3802, 10240, 95, 98
2026/07/30 23:24:19.503, 0, NVIDIA GeForce RTX 3080, 6250, 3802, 10240, 95, 98
2026/07/30 23:24:19.614, 0, NVIDIA GeForce RTX 3080, 6250, 3802, 10240, 95, 98
2026/07/30 23:24:19.725, 0, NVIDIA GeForce RTX 3080, 6250, 3802, 10240, 95, 98
2026/07/30 23:24:19.836, 0, NVIDIA GeForce RTX 3080, 6250, 3802, 10240, 96, 97
2026/07/30 23:24:19.948, 0, NVIDIA GeForce RTX 3080, 6250, 3802, 10240, 96, 97
2026/07/30 23:24:20.060, 0, NVIDIA GeForce RTX 3080, 6250, 3802, 10240, 96, 97
2026/07/30 23:24:20.172, 0, NVIDIA GeForce RTX 3080, 6250, 3802, 10240, 96, 97
2026/07/30 23:24:20.284, 0, NVIDIA GeForce RTX 3080, 6250, 3802, 10240, 97, 98
2026/07/30 23:24:20.396, 0, NVIDIA GeForce RTX 3080, 6250, 3802, 10240, 97, 98
2026/07/30 23:24:20.508, 0, NVIDIA GeForce RTX 3080, 6250, 3802, 10240, 97, 98
2026/07/30 23:24:20.620, 0, NVIDIA GeForce RTX 3080, 6250, 3802, 10240, 97, 98
2026/07/30 23:24:20.731, 0, NVIDIA GeForce RTX 3080, 6250, 3802, 10240, 97, 98
2026/07/30 23:24:20.843, 0, NVIDIA GeForce RTX 3080, 6250, 3802, 10240, 97, 98
2026/07/30 23:24:20.955, 0, NVIDIA GeForce RTX 3080, 6250, 3802, 10240, 97, 98
2026/07/30 23:24:21.067, 0, NVIDIA GeForce RTX 3080, 6250, 3802, 10240, 97, 98
2026/07/30 23:24:21.178, 0, NVIDIA GeForce RTX 3080, 6250, 3802, 10240, 97, 98
2026/07/30 23:24:21.289, 0, NVIDIA GeForce RTX 3080, 6250, 3802, 10240, 97, 98
2026/07/30 23:24:21.401, 0, NVIDIA GeForce RTX 3080, 6250, 3802, 10240, 97, 98
2026/07/30 23:24:21.512, 0, NVIDIA GeForce RTX 3080, 6250, 3802, 10240, 97, 98
2026/07/30 23:24:21.624, 0, NVIDIA GeForce RTX 3080, 6250, 3802, 10240, 97, 98
2026/07/30 23:24:21.735, 0, NVIDIA GeForce RTX 3080, 6250, 3802, 10240, 97, 98
2026/07/30 23:24:21.847, 0, NVIDIA GeForce RTX 3080, 6250, 3802, 10240, 93, 95
2026/07/30 23:24:21.957, 0, NVIDIA GeForce RTX 3080, 6250, 3802, 10240, 93, 95
2026/07/30 23:24:22.069, 0, NVIDIA GeForce RTX 3080, 6250, 3802, 10240, 93, 95
2026/07/30 23:24:22.180, 0, NVIDIA GeForce RTX 3080, 6250, 3802, 10240, 93, 95
2026/07/30 23:24:22.292, 0, NVIDIA GeForce RTX 3080, 6250, 3802, 10240, 95, 97
2026/07/30 23:24:22.404, 0, NVIDIA GeForce RTX 3080, 6250, 3802, 10240, 95, 97
2026/07/30 23:24:22.516, 0, NVIDIA GeForce RTX 3080, 6250, 3802, 10240, 95, 97
2026/07/30 23:24:22.626, 0, NVIDIA GeForce RTX 3080, 6250, 3802, 10240, 95, 97
2026/07/30 23:24:22.738, 0, NVIDIA GeForce RTX 3080, 6250, 3802, 10240, 95, 97
2026/07/30 23:24:22.849, 0, NVIDIA GeForce RTX 3080, 6250, 3802, 10240, 96, 98
2026/07/30 23:24:22.961, 0, NVIDIA GeForce RTX 3080, 6250, 3802, 10240, 96, 98
2026/07/30 23:24:23.073, 0, NVIDIA GeForce RTX 3080, 6250, 3802, 10240, 96, 98
2026/07/30 23:24:23.185, 0, NVIDIA GeForce RTX 3080, 6250, 3802, 10240, 96, 98
2026/07/30 23:24:23.297, 0, NVIDIA GeForce RTX 3080, 6250, 3802, 10240, 96, 98
2026/07/30 23:24:23.409, 0, NVIDIA GeForce RTX 3080, 6250, 3802, 10240, 96, 98
2026/07/30 23:24:23.520, 0, NVIDIA GeForce RTX 3080, 6250, 3802, 10240, 96, 98
2026/07/30 23:24:23.630, 0, NVIDIA GeForce RTX 3080, 6250, 3802, 10240, 96, 98
2026/07/30 23:24:23.741, 0, NVIDIA GeForce RTX 3080, 6250, 3802, 10240, 96, 98
2026/07/30 23:24:23.853, 0, NVIDIA GeForce RTX 3080, 6250, 3802, 10240, 96, 98
2026/07/30 23:24:23.965, 0, NVIDIA GeForce RTX 3080, 6250, 3802, 10240, 96, 98
2026/07/30 23:24:24.076, 0, NVIDIA GeForce RTX 3080, 6250, 3802, 10240, 96, 98
2026/07/30 23:24:24.186, 0, NVIDIA GeForce RTX 3080, 6250, 3802, 10240, 96, 98
2026/07/30 23:24:24.297, 0, NVIDIA GeForce RTX 3080, 6250, 3802, 10240, 97, 98
2026/07/30 23:24:24.409, 0, NVIDIA GeForce RTX 3080, 6250, 3802, 10240, 97, 98
2026/07/30 23:24:24.521, 0, NVIDIA GeForce RTX 3080, 6250, 3802, 10240, 97, 98
2026/07/30 23:24:24.634, 0, NVIDIA GeForce RTX 3080, 6250, 3802, 10240, 97, 98
2026/07/30 23:24:24.746, 0, NVIDIA GeForce RTX 3080, 6250, 3802, 10240, 97, 98
2026/07/30 23:24:24.855, 0, NVIDIA GeForce RTX 3080, 6250, 3802, 10240, 97, 98
2026/07/30 23:24:24.964, 0, NVIDIA GeForce RTX 3080, 6250, 3802, 10240, 97, 98
2026/07/30 23:24:25.072, 0, NVIDIA GeForce RTX 3080, 6250, 3802, 10240, 97, 98
2026/07/30 23:24:25.182, 0, NVIDIA GeForce RTX 3080, 6250, 3802, 10240, 97, 98
2026/07/30 23:24:25.291, 0, NVIDIA GeForce RTX 3080, 6250, 3802, 10240, 97, 98
2026/07/30 23:24:25.400, 0, NVIDIA GeForce RTX 3080, 6250, 3802, 10240, 97, 98
2026/07/30 23:24:25.512, 0, NVIDIA GeForce RTX 3080, 6250, 3802, 10240, 97, 98
2026/07/30 23:24:25.624, 0, NVIDIA GeForce RTX 3080, 6250, 3802, 10240, 97, 98
2026/07/30 23:24:25.736, 0, NVIDIA GeForce RTX 3080, 6250, 3802, 10240, 97, 98
2026/07/30 23:24:25.848, 0, NVIDIA GeForce RTX 3080, 6250, 3802, 10240, 94, 96
2026/07/30 23:24:25.959, 0, NVIDIA GeForce RTX 3080, 6250, 3802, 10240, 94, 96
2026/07/30 23:24:26.072, 0, NVIDIA GeForce RTX 3080, 6250, 3802, 10240, 94, 96
2026/07/30 23:24:26.184, 0, NVIDIA GeForce RTX 3080, 6250, 3802, 10240, 94, 96
2026/07/30 23:24:26.293, 0, NVIDIA GeForce RTX 3080, 6250, 3802, 10240, 98, 98
2026/07/30 23:24:26.404, 0, NVIDIA GeForce RTX 3080, 6250, 3802, 10240, 98, 98
2026/07/30 23:24:26.516, 0, NVIDIA GeForce RTX 3080, 6250, 3802, 10240, 98, 98
2026/07/30 23:24:26.627, 0, NVIDIA GeForce RTX 3080, 6250, 3802, 10240, 98, 98
2026/07/30 23:24:26.739, 0, NVIDIA GeForce RTX 3080, 6250, 3802, 10240, 98, 98
2026/07/30 23:24:26.848, 0, NVIDIA GeForce RTX 3080, 6250, 3802, 10240, 98, 98
2026/07/30 23:24:26.957, 0, NVIDIA GeForce RTX 3080, 6250, 3802, 10240, 98, 98
2026/07/30 23:24:27.067, 0, NVIDIA GeForce RTX 3080, 6250, 3802, 10240, 98, 98
2026/07/30 23:24:27.178, 0, NVIDIA GeForce RTX 3080, 6250, 3802, 10240, 98, 98
2026/07/30 23:24:27.290, 0, NVIDIA GeForce RTX 3080, 6250, 3802, 10240, 98, 98
2026/07/30 23:24:27.402, 0, NVIDIA GeForce RTX 3080, 6250, 3802, 10240, 98, 98
2026/07/30 23:24:27.514, 0, NVIDIA GeForce RTX 3080, 6250, 3802, 10240, 98, 98
2026/07/30 23:24:27.626, 0, NVIDIA GeForce RTX 3080, 6250, 3802, 10240, 98, 98
2026/07/30 23:24:27.738, 0, NVIDIA GeForce RTX 3080, 6250, 3802, 10240, 98, 98
2026/07/30 23:24:27.850, 0, NVIDIA GeForce RTX 3080, 6250, 3802, 10240, 95, 98
2026/07/30 23:24:27.960, 0, NVIDIA GeForce RTX 3080, 6250, 3802, 10240, 95, 98
2026/07/30 23:24:28.072, 0, NVIDIA GeForce RTX 3080, 6250, 3802, 10240, 95, 98
2026/07/30 23:24:28.184, 0, NVIDIA GeForce RTX 3080, 6250, 3802, 10240, 95, 98
2026/07/30 23:24:28.296, 0, NVIDIA GeForce RTX 3080, 6250, 3802, 10240, 96, 98
2026/07/30 23:24:28.408, 0, NVIDIA GeForce RTX 3080, 6250, 3802, 10240, 96, 98
2026/07/30 23:24:28.520, 0, NVIDIA GeForce RTX 3080, 6250, 3802, 10240, 96, 98
2026/07/30 23:24:28.632, 0, NVIDIA GeForce RTX 3080, 6250, 3802, 10240, 96, 98
2026/07/30 23:24:28.743, 0, NVIDIA GeForce RTX 3080, 6250, 3802, 10240, 96, 98
2026/07/30 23:24:28.855, 0, NVIDIA GeForce RTX 3080, 6250, 3802, 10240, 96, 98
2026/07/30 23:24:28.967, 0, NVIDIA GeForce RTX 3080, 6250, 3802, 10240, 96, 98
2026/07/30 23:24:29.079, 0, NVIDIA GeForce RTX 3080, 6250, 3802, 10240, 96, 98
2026/07/30 23:24:29.191, 0, NVIDIA GeForce RTX 3080, 6250, 3802, 10240, 96, 98
2026/07/30 23:24:29.303, 0, NVIDIA GeForce RTX 3080, 6250, 3802, 10240, 95, 98
2026/07/30 23:24:29.415, 0, NVIDIA GeForce RTX 3080, 6250, 3802, 10240, 95, 98
2026/07/30 23:24:29.526, 0, NVIDIA GeForce RTX 3080, 6250, 3802, 10240, 95, 98
2026/07/30 23:24:29.638, 0, NVIDIA GeForce RTX 3080, 6250, 3802, 10240, 95, 98
2026/07/30 23:24:29.750, 0, NVIDIA GeForce RTX 3080, 6250, 3802, 10240, 95, 98
2026/07/30 23:24:29.862, 0, NVIDIA GeForce RTX 3080, 6250, 3802, 10240, 97, 98
2026/07/30 23:24:29.974, 0, NVIDIA GeForce RTX 3080, 6250, 3802, 10240, 97, 98
2026/07/30 23:24:30.085, 0, NVIDIA GeForce RTX 3080, 6250, 3802, 10240, 97, 98
2026/07/30 23:24:30.197, 0, NVIDIA GeForce RTX 3080, 6250, 3802, 10240, 97, 98
2026/07/30 23:24:30.309, 0, NVIDIA GeForce RTX 3080, 6250, 3802, 10240, 96, 96
2026/07/30 23:24:30.420, 0, NVIDIA GeForce RTX 3080, 6250, 3802, 10240, 96, 96
2026/07/30 23:24:30.532, 0, NVIDIA GeForce RTX 3080, 6250, 3802, 10240, 96, 96
2026/07/30 23:24:30.644, 0, NVIDIA GeForce RTX 3080, 6250, 3802, 10240, 96, 96
2026/07/30 23:24:30.756, 0, NVIDIA GeForce RTX 3080, 6250, 3802, 10240, 96, 96
2026/07/30 23:24:30.868, 0, NVIDIA GeForce RTX 3080, 6250, 3802, 10240, 97, 98
2026/07/30 23:24:30.979, 0, NVIDIA GeForce RTX 3080, 6250, 3802, 10240, 97, 98
2026/07/30 23:24:31.091, 0, NVIDIA GeForce RTX 3080, 6250, 3802, 10240, 97, 98
2026/07/30 23:24:31.203, 0, NVIDIA GeForce RTX 3080, 6250, 3802, 10240, 97, 98
2026/07/30 23:24:31.314, 0, NVIDIA GeForce RTX 3080, 6250, 3802, 10240, 96, 97
2026/07/30 23:24:31.425, 0, NVIDIA GeForce RTX 3080, 6250, 3802, 10240, 96, 97
2026/07/30 23:24:31.536, 0, NVIDIA GeForce RTX 3080, 6250, 3802, 10240, 96, 97
2026/07/30 23:24:31.648, 0, NVIDIA GeForce RTX 3080, 6250, 3802, 10240, 96, 97
2026/07/30 23:24:31.760, 0, NVIDIA GeForce RTX 3080, 6250, 3802, 10240, 95, 97
2026/07/30 23:24:31.870, 0, NVIDIA GeForce RTX 3080, 6250, 3802, 10240, 95, 97
2026/07/30 23:24:31.979, 0, NVIDIA GeForce RTX 3080, 6250, 3802, 10240, 95, 97
2026/07/30 23:24:32.089, 0, NVIDIA GeForce RTX 3080, 6250, 3802, 10240, 95, 97
2026/07/30 23:24:32.201, 0, NVIDIA GeForce RTX 3080, 6250, 3802, 10240, 95, 97
2026/07/30 23:24:32.313, 0, NVIDIA GeForce RTX 3080, 6250, 3802, 10240, 96, 98
2026/07/30 23:24:32.425, 0, NVIDIA GeForce RTX 3080, 6250, 3802, 10240, 96, 98
2026/07/30 23:24:32.536, 0, NVIDIA GeForce RTX 3080, 6250, 3802, 10240, 96, 98
2026/07/30 23:24:32.647, 0, NVIDIA GeForce RTX 3080, 6250, 3802, 10240, 96, 98
2026/07/30 23:24:32.759, 0, NVIDIA GeForce RTX 3080, 6250, 3802, 10240, 96, 98
2026/07/30 23:24:32.872, 0, NVIDIA GeForce RTX 3080, 6250, 3802, 10240, 96, 98
2026/07/30 23:24:32.984, 0, NVIDIA GeForce RTX 3080, 6250, 3802, 10240, 96, 98
2026/07/30 23:24:33.096, 0, NVIDIA GeForce RTX 3080, 6250, 3802, 10240, 96, 98
2026/07/30 23:24:33.208, 0, NVIDIA GeForce RTX 3080, 6250, 3802, 10240, 96, 98
2026/07/30 23:24:33.320, 0, NVIDIA GeForce RTX 3080, 6250, 3802, 10240, 95, 97
2026/07/30 23:24:33.432, 0, NVIDIA GeForce RTX 3080, 6250, 3802, 10240, 95, 97
2026/07/30 23:24:33.544, 0, NVIDIA GeForce RTX 3080, 6250, 3802, 10240, 95, 97
2026/07/30 23:24:33.655, 0, NVIDIA GeForce RTX 3080, 6250, 3802, 10240, 95, 97
2026/07/30 23:24:33.767, 0, NVIDIA GeForce RTX 3080, 6250, 3802, 10240, 97, 98
2026/07/30 23:24:33.879, 0, NVIDIA GeForce RTX 3080, 6250, 3802, 10240, 97, 98
2026/07/30 23:24:33.991, 0, NVIDIA GeForce RTX 3080, 6250, 3802, 10240, 97, 98
2026/07/30 23:24:34.103, 0, NVIDIA GeForce RTX 3080, 6250, 3802, 10240, 97, 98
2026/07/30 23:24:34.215, 0, NVIDIA GeForce RTX 3080, 6250, 3802, 10240, 97, 98
2026/07/30 23:24:34.327, 0, NVIDIA GeForce RTX 3080, 6250, 3802, 10240, 97, 98
2026/07/30 23:24:34.440, 0, NVIDIA GeForce RTX 3080, 6250, 3802, 10240, 97, 98
2026/07/30 23:24:34.552, 0, NVIDIA GeForce RTX 3080, 6250, 3802, 10240, 97, 98
2026/07/30 23:24:34.664, 0, NVIDIA GeForce RTX 3080, 6250, 3802, 10240, 97, 98
2026/07/30 23:24:34.776, 0, NVIDIA GeForce RTX 3080, 6250, 3802, 10240, 95, 96
2026/07/30 23:24:34.888, 0, NVIDIA GeForce RTX 3080, 6250, 3802, 10240, 95, 96
2026/07/30 23:24:35.000, 0, NVIDIA GeForce RTX 3080, 6250, 3802, 10240, 95, 96
2026/07/30 23:24:35.112, 0, NVIDIA GeForce RTX 3080, 6250, 3802, 10240, 95, 96
2026/07/30 23:24:35.224, 0, NVIDIA GeForce RTX 3080, 6250, 3802, 10240, 95, 96
2026/07/30 23:24:35.336, 0, NVIDIA GeForce RTX 3080, 6250, 3802, 10240, 97, 98
2026/07/30 23:24:35.447, 0, NVIDIA GeForce RTX 3080, 6250, 3802, 10240, 97, 98
2026/07/30 23:24:35.557, 0, NVIDIA GeForce RTX 3080, 6250, 3802, 10240, 97, 98
2026/07/30 23:24:35.669, 0, NVIDIA GeForce RTX 3080, 6250, 3802, 10240, 97, 98
2026/07/30 23:24:35.781, 0, NVIDIA GeForce RTX 3080, 6250, 3802, 10240, 93, 96
2026/07/30 23:24:35.892, 0, NVIDIA GeForce RTX 3080, 6250, 3802, 10240, 93, 96
2026/07/30 23:24:36.004, 0, NVIDIA GeForce RTX 3080, 6250, 3802, 10240, 93, 96
2026/07/30 23:24:36.114, 0, NVIDIA GeForce RTX 3080, 6250, 3802, 10240, 93, 96
2026/07/30 23:24:36.226, 0, NVIDIA GeForce RTX 3080, 6250, 3802, 10240, 93, 96
2026/07/30 23:24:36.337, 0, NVIDIA GeForce RTX 3080, 6250, 3802, 10240, 96, 98
2026/07/30 23:24:36.449, 0, NVIDIA GeForce RTX 3080, 6250, 3802, 10240, 96, 98
2026/07/30 23:24:36.561, 0, NVIDIA GeForce RTX 3080, 6250, 3802, 10240, 96, 98
2026/07/30 23:24:36.673, 0, NVIDIA GeForce RTX 3080, 6250, 3802, 10240, 96, 98
2026/07/30 23:24:36.785, 0, NVIDIA GeForce RTX 3080, 6250, 3802, 10240, 94, 97
2026/07/30 23:24:36.897, 0, NVIDIA GeForce RTX 3080, 6250, 3802, 10240, 94, 97
2026/07/30 23:24:37.009, 0, NVIDIA GeForce RTX 3080, 6250, 3802, 10240, 94, 97
2026/07/30 23:24:37.120, 0, NVIDIA GeForce RTX 3080, 6250, 3802, 10240, 94, 97
2026/07/30 23:24:37.232, 0, NVIDIA GeForce RTX 3080, 6250, 3802, 10240, 94, 97
2026/07/30 23:24:37.343, 0, NVIDIA GeForce RTX 3080, 6250, 3802, 10240, 95, 98
2026/07/30 23:24:37.455, 0, NVIDIA GeForce RTX 3080, 6250, 3802, 10240, 95, 98
2026/07/30 23:24:37.567, 0, NVIDIA GeForce RTX 3080, 6250, 3802, 10240, 95, 98
2026/07/30 23:24:37.679, 0, NVIDIA GeForce RTX 3080, 6250, 3802, 10240, 95, 98
2026/07/30 23:24:37.790, 0, NVIDIA GeForce RTX 3080, 6250, 3802, 10240, 95, 98
2026/07/30 23:24:37.902, 0, NVIDIA GeForce RTX 3080, 6250, 3802, 10240, 95, 98
2026/07/30 23:24:38.015, 0, NVIDIA GeForce RTX 3080, 6250, 3802, 10240, 95, 98
2026/07/30 23:24:38.127, 0, NVIDIA GeForce RTX 3080, 6250, 3802, 10240, 95, 98
2026/07/30 23:24:38.239, 0, NVIDIA GeForce RTX 3080, 6250, 3802, 10240, 95, 98
2026/07/30 23:24:38.351, 0, NVIDIA GeForce RTX 3080, 6250, 3802, 10240, 96, 97
2026/07/30 23:24:38.463, 0, NVIDIA GeForce RTX 3080, 6250, 3802, 10240, 96, 97
2026/07/30 23:24:38.575, 0, NVIDIA GeForce RTX 3080, 6250, 3802, 10240, 96, 97
2026/07/30 23:24:38.687, 0, NVIDIA GeForce RTX 3080, 6250, 3802, 10240, 96, 97
2026/07/30 23:24:38.798, 0, NVIDIA GeForce RTX 3080, 6250, 3802, 10240, 96, 97
2026/07/30 23:24:38.909, 0, NVIDIA GeForce RTX 3080, 6250, 3802, 10240, 96, 97
2026/07/30 23:24:39.019, 0, NVIDIA GeForce RTX 3080, 6250, 3802, 10240, 96, 97
2026/07/30 23:24:39.130, 0, NVIDIA GeForce RTX 3080, 6250, 3802, 10240, 96, 97
2026/07/30 23:24:39.241, 0, NVIDIA GeForce RTX 3080, 6250, 3802, 10240, 96, 97
2026/07/30 23:24:39.353, 0, NVIDIA GeForce RTX 3080, 6250, 3802, 10240, 97, 98
2026/07/30 23:24:39.465, 0, NVIDIA GeForce RTX 3080, 6250, 3802, 10240, 97, 98
2026/07/30 23:24:39.577, 0, NVIDIA GeForce RTX 3080, 6250, 3802, 10240, 97, 98
2026/07/30 23:24:39.689, 0, NVIDIA GeForce RTX 3080, 6250, 3802, 10240, 97, 98
2026/07/30 23:24:39.800, 0, NVIDIA GeForce RTX 3080, 6250, 3802, 10240, 95, 96
2026/07/30 23:24:39.910, 0, NVIDIA GeForce RTX 3080, 6250, 3802, 10240, 95, 96
2026/07/30 23:24:40.019, 0, NVIDIA GeForce RTX 3080, 6250, 3802, 10240, 95, 96
2026/07/30 23:24:40.127, 0, NVIDIA GeForce RTX 3080, 6250, 3802, 10240, 95, 96
2026/07/30 23:24:40.237, 0, NVIDIA GeForce RTX 3080, 6250, 3802, 10240, 95, 96
2026/07/30 23:24:40.347, 0, NVIDIA GeForce RTX 3080, 6250, 3802, 10240, 98, 98
2026/07/30 23:24:40.458, 0, NVIDIA GeForce RTX 3080, 6250, 3802, 10240, 98, 98
2026/07/30 23:24:40.570, 0, NVIDIA GeForce RTX 3080, 6250, 3802, 10240, 98, 98
2026/07/30 23:24:40.681, 0, NVIDIA GeForce RTX 3080, 6250, 3802, 10240, 98, 98
2026/07/30 23:24:40.792, 0, NVIDIA GeForce RTX 3080, 6250, 3802, 10240, 97, 97
2026/07/30 23:24:40.904, 0, NVIDIA GeForce RTX 3080, 6250, 3802, 10240, 97, 97
2026/07/30 23:24:41.016, 0, NVIDIA GeForce RTX 3080, 6250, 3802, 10240, 97, 97
2026/07/30 23:24:41.127, 0, NVIDIA GeForce RTX 3080, 6250, 3802, 10240, 97, 97
2026/07/30 23:24:41.237, 0, NVIDIA GeForce RTX 3080, 6250, 3802, 10240, 97, 97
2026/07/30 23:24:41.349, 0, NVIDIA GeForce RTX 3080, 6250, 3802, 10240, 98, 98
2026/07/30 23:24:41.460, 0, NVIDIA GeForce RTX 3080, 6250, 3802, 10240, 98, 98
2026/07/30 23:24:41.572, 0, NVIDIA GeForce RTX 3080, 6250, 3802, 10240, 98, 98
2026/07/30 23:24:41.686, 0, NVIDIA GeForce RTX 3080, 6250, 3802, 10240, 98, 98
2026/07/30 23:24:41.796, 0, NVIDIA GeForce RTX 3080, 6250, 3802, 10240, 93, 95
2026/07/30 23:24:41.908, 0, NVIDIA GeForce RTX 3080, 6250, 3802, 10240, 93, 95
2026/07/30 23:24:42.019, 0, NVIDIA GeForce RTX 3080, 6250, 3802, 10240, 93, 95
2026/07/30 23:24:42.129, 0, NVIDIA GeForce RTX 3080, 6250, 3802, 10240, 93, 95
2026/07/30 23:24:42.241, 0, NVIDIA GeForce RTX 3080, 6250, 3802, 10240, 93, 95
2026/07/30 23:24:42.353, 0, NVIDIA GeForce RTX 3080, 6250, 3802, 10240, 95, 97
2026/07/30 23:24:42.465, 0, NVIDIA GeForce RTX 3080, 6250, 3802, 10240, 95, 97
2026/07/30 23:24:42.577, 0, NVIDIA GeForce RTX 3080, 6250, 3802, 10240, 95, 97
2026/07/30 23:24:42.688, 0, NVIDIA GeForce RTX 3080, 6250, 3802, 10240, 95, 97
2026/07/30 23:24:42.800, 0, NVIDIA GeForce RTX 3080, 6250, 3802, 10240, 96, 98
2026/07/30 23:24:42.912, 0, NVIDIA GeForce RTX 3080, 6250, 3802, 10240, 96, 98
2026/07/30 23:24:43.024, 0, NVIDIA GeForce RTX 3080, 6250, 3802, 10240, 96, 98
2026/07/30 23:24:43.135, 0, NVIDIA GeForce RTX 3080, 6250, 3802, 10240, 96, 98
2026/07/30 23:24:43.248, 0, NVIDIA GeForce RTX 3080, 6250, 3802, 10240, 96, 98
2026/07/30 23:24:43.360, 0, NVIDIA GeForce RTX 3080, 6250, 3802, 10240, 96, 98
2026/07/30 23:24:43.472, 0, NVIDIA GeForce RTX 3080, 6250, 3802, 10240, 96, 98
2026/07/30 23:24:43.584, 0, NVIDIA GeForce RTX 3080, 6250, 3802, 10240, 96, 98
2026/07/30 23:24:43.696, 0, NVIDIA GeForce RTX 3080, 6250, 3802, 10240, 96, 98
2026/07/30 23:24:43.808, 0, NVIDIA GeForce RTX 3080, 6250, 3802, 10240, 97, 97
2026/07/30 23:24:43.920, 0, NVIDIA GeForce RTX 3080, 6250, 3802, 10240, 97, 97
2026/07/30 23:24:44.031, 0, NVIDIA GeForce RTX 3080, 6250, 3802, 10240, 97, 97
2026/07/30 23:24:44.143, 0, NVIDIA GeForce RTX 3080, 6250, 3802, 10240, 97, 97
2026/07/30 23:24:44.254, 0, NVIDIA GeForce RTX 3080, 6250, 3802, 10240, 97, 97
2026/07/30 23:24:44.365, 0, NVIDIA GeForce RTX 3080, 6250, 3802, 10240, 97, 98
2026/07/30 23:24:44.476, 0, NVIDIA GeForce RTX 3080, 6250, 3802, 10240, 97, 98
2026/07/30 23:24:44.588, 0, NVIDIA GeForce RTX 3080, 6250, 3802, 10240, 97, 98
2026/07/30 23:24:44.700, 0, NVIDIA GeForce RTX 3080, 6250, 3802, 10240, 97, 98
2026/07/30 23:24:44.810, 0, NVIDIA GeForce RTX 3080, 6250, 3802, 10240, 97, 98
2026/07/30 23:24:44.920, 0, NVIDIA GeForce RTX 3080, 6250, 3802, 10240, 97, 98
2026/07/30 23:24:45.029, 0, NVIDIA GeForce RTX 3080, 6250, 3802, 10240, 97, 98
2026/07/30 23:24:45.138, 0, NVIDIA GeForce RTX 3080, 6250, 3802, 10240, 97, 98
2026/07/30 23:24:45.247, 0, NVIDIA GeForce RTX 3080, 6250, 3802, 10240, 97, 98
2026/07/30 23:24:45.356, 0, NVIDIA GeForce RTX 3080, 6250, 3802, 10240, 97, 98
2026/07/30 23:24:45.467, 0, NVIDIA GeForce RTX 3080, 6250, 3802, 10240, 97, 98
2026/07/30 23:24:45.579, 0, NVIDIA GeForce RTX 3080, 6250, 3802, 10240, 97, 98
2026/07/30 23:24:45.691, 0, NVIDIA GeForce RTX 3080, 6250, 3802, 10240, 97, 98
2026/07/30 23:24:45.802, 0, NVIDIA GeForce RTX 3080, 6250, 3802, 10240, 96, 98
2026/07/30 23:24:45.913, 0, NVIDIA GeForce RTX 3080, 6250, 3802, 10240, 96, 98
2026/07/30 23:24:46.025, 0, NVIDIA GeForce RTX 3080, 6250, 3802, 10240, 96, 98
2026/07/30 23:24:46.136, 0, NVIDIA GeForce RTX 3080, 6250, 3802, 10240, 96, 98
2026/07/30 23:24:46.247, 0, NVIDIA GeForce RTX 3080, 6250, 3802, 10240, 96, 98
2026/07/30 23:24:46.359, 0, NVIDIA GeForce RTX 3080, 6250, 3802, 10240, 96, 98
2026/07/30 23:24:46.471, 0, NVIDIA GeForce RTX 3080, 6250, 3802, 10240, 96, 98
2026/07/30 23:24:46.583, 0, NVIDIA GeForce RTX 3080, 6250, 3802, 10240, 96, 98
2026/07/30 23:24:46.695, 0, NVIDIA GeForce RTX 3080, 6250, 3802, 10240, 96, 98
2026/07/30 23:24:46.807, 0, NVIDIA GeForce RTX 3080, 6250, 3802, 10240, 96, 98
2026/07/30 23:24:46.916, 0, NVIDIA GeForce RTX 3080, 6250, 3802, 10240, 96, 98
2026/07/30 23:24:47.024, 0, NVIDIA GeForce RTX 3080, 6250, 3802, 10240, 96, 98
2026/07/30 23:24:47.136, 0, NVIDIA GeForce RTX 3080, 6250, 3802, 10240, 96, 98
2026/07/30 23:24:47.247, 0, NVIDIA GeForce RTX 3080, 6250, 3802, 10240, 96, 98
2026/07/30 23:24:47.359, 0, NVIDIA GeForce RTX 3080, 6250, 3802, 10240, 96, 98
2026/07/30 23:24:47.470, 0, NVIDIA GeForce RTX 3080, 6250, 3802, 10240, 96, 98
2026/07/30 23:24:47.581, 0, NVIDIA GeForce RTX 3080, 6250, 3802, 10240, 96, 98
2026/07/30 23:24:47.693, 0, NVIDIA GeForce RTX 3080, 6250, 3802, 10240, 96, 98
2026/07/30 23:24:47.804, 0, NVIDIA GeForce RTX 3080, 6250, 3802, 10240, 95, 96
2026/07/30 23:24:47.916, 0, NVIDIA GeForce RTX 3080, 6250, 3802, 10240, 95, 96
2026/07/30 23:24:48.027, 0, NVIDIA GeForce RTX 3080, 6250, 3802, 10240, 95, 96
2026/07/30 23:24:48.139, 0, NVIDIA GeForce RTX 3080, 6250, 3802, 10240, 95, 96
2026/07/30 23:24:48.250, 0, NVIDIA GeForce RTX 3080, 6250, 3802, 10240, 95, 96
2026/07/30 23:24:48.361, 0, NVIDIA GeForce RTX 3080, 6250, 3802, 10240, 97, 98
2026/07/30 23:24:48.473, 0, NVIDIA GeForce RTX 3080, 6250, 3802, 10240, 97, 98
2026/07/30 23:24:48.584, 0, NVIDIA GeForce RTX 3080, 6250, 3802, 10240, 97, 98
2026/07/30 23:24:48.695, 0, NVIDIA GeForce RTX 3080, 6250, 3802, 10240, 97, 98
2026/07/30 23:24:48.806, 0, NVIDIA GeForce RTX 3080, 6250, 3802, 10240, 97, 98
2026/07/30 23:24:48.918, 0, NVIDIA GeForce RTX 3080, 6250, 3802, 10240, 97, 98
2026/07/30 23:24:49.029, 0, NVIDIA GeForce RTX 3080, 6250, 3802, 10240, 97, 98
2026/07/30 23:24:49.141, 0, NVIDIA GeForce RTX 3080, 6250, 3802, 10240, 97, 98
2026/07/30 23:24:49.253, 0, NVIDIA GeForce RTX 3080, 6250, 3802, 10240, 97, 98
2026/07/30 23:24:49.364, 0, NVIDIA GeForce RTX 3080, 6250, 3802, 10240, 97, 98
2026/07/30 23:24:49.475, 0, NVIDIA GeForce RTX 3080, 6250, 3802, 10240, 97, 98
2026/07/30 23:24:49.587, 0, NVIDIA GeForce RTX 3080, 6250, 3802, 10240, 97, 98
2026/07/30 23:24:49.700, 0, NVIDIA GeForce RTX 3080, 6250, 3802, 10240, 97, 98
2026/07/30 23:24:49.811, 0, NVIDIA GeForce RTX 3080, 6250, 3802, 10240, 93, 95
2026/07/30 23:24:49.923, 0, NVIDIA GeForce RTX 3080, 6250, 3802, 10240, 93, 95
2026/07/30 23:24:50.035, 0, NVIDIA GeForce RTX 3080, 6250, 3802, 10240, 93, 95
2026/07/30 23:24:50.145, 0, NVIDIA GeForce RTX 3080, 6250, 3802, 10240, 93, 95
2026/07/30 23:24:50.257, 0, NVIDIA GeForce RTX 3080, 6250, 3802, 10240, 93, 95
2026/07/30 23:24:50.369, 0, NVIDIA GeForce RTX 3080, 6250, 3802, 10240, 96, 98
2026/07/30 23:24:50.481, 0, NVIDIA GeForce RTX 3080, 6250, 3802, 10240, 96, 98
2026/07/30 23:24:50.593, 0, NVIDIA GeForce RTX 3080, 6250, 3802, 10240, 96, 98
2026/07/30 23:24:50.704, 0, NVIDIA GeForce RTX 3080, 6250, 3802, 10240, 96, 98
2026/07/30 23:24:50.816, 0, NVIDIA GeForce RTX 3080, 6250, 3802, 10240, 95, 98
2026/07/30 23:24:50.928, 0, NVIDIA GeForce RTX 3080, 6250, 3802, 10240, 95, 98
2026/07/30 23:24:51.040, 0, NVIDIA GeForce RTX 3080, 6250, 3802, 10240, 95, 98
2026/07/30 23:24:51.152, 0, NVIDIA GeForce RTX 3080, 6250, 3802, 10240, 95, 98
2026/07/30 23:24:51.264, 0, NVIDIA GeForce RTX 3080, 6250, 3802, 10240, 95, 98
2026/07/30 23:24:51.376, 0, NVIDIA GeForce RTX 3080, 6250, 3802, 10240, 95, 98
2026/07/30 23:24:51.487, 0, NVIDIA GeForce RTX 3080, 6250, 3802, 10240, 95, 98
2026/07/30 23:24:51.599, 0, NVIDIA GeForce RTX 3080, 6250, 3802, 10240, 95, 98
2026/07/30 23:24:51.711, 0, NVIDIA GeForce RTX 3080, 6250, 3802, 10240, 95, 98
2026/07/30 23:24:51.822, 0, NVIDIA GeForce RTX 3080, 6250, 3802, 10240, 95, 98
2026/07/30 23:24:51.931, 0, NVIDIA GeForce RTX 3080, 6250, 3802, 10240, 95, 98
2026/07/30 23:24:52.042, 0, NVIDIA GeForce RTX 3080, 6250, 3802, 10240, 95, 98
2026/07/30 23:24:52.153, 0, NVIDIA GeForce RTX 3080, 6250, 3802, 10240, 95, 98
2026/07/30 23:24:52.265, 0, NVIDIA GeForce RTX 3080, 6250, 3802, 10240, 96, 97
2026/07/30 23:24:52.377, 0, NVIDIA GeForce RTX 3080, 6250, 3802, 10240, 96, 97
2026/07/30 23:24:52.487, 0, NVIDIA GeForce RTX 3080, 6250, 3802, 10240, 96, 97
2026/07/30 23:24:52.598, 0, NVIDIA GeForce RTX 3080, 6250, 3802, 10240, 96, 97
2026/07/30 23:24:52.710, 0, NVIDIA GeForce RTX 3080, 6250, 3802, 10240, 96, 97
2026/07/30 23:24:52.820, 0, NVIDIA GeForce RTX 3080, 6250, 3802, 10240, 96, 97
2026/07/30 23:24:52.931, 0, NVIDIA GeForce RTX 3080, 6250, 3802, 10240, 96, 97
2026/07/30 23:24:53.043, 0, NVIDIA GeForce RTX 3080, 6250, 3802, 10240, 96, 97
2026/07/30 23:24:53.155, 0, NVIDIA GeForce RTX 3080, 6250, 3802, 10240, 96, 97
2026/07/30 23:24:53.267, 0, NVIDIA GeForce RTX 3080, 6250, 3802, 10240, 97, 98
2026/07/30 23:24:53.379, 0, NVIDIA GeForce RTX 3080, 6250, 3802, 10240, 97, 98
2026/07/30 23:24:53.491, 0, NVIDIA GeForce RTX 3080, 6250, 3802, 10240, 97, 98
2026/07/30 23:24:53.603, 0, NVIDIA GeForce RTX 3080, 6250, 3802, 10240, 97, 98
2026/07/30 23:24:53.714, 0, NVIDIA GeForce RTX 3080, 6250, 3802, 10240, 97, 98
2026/07/30 23:24:53.825, 0, NVIDIA GeForce RTX 3080, 6250, 3802, 10240, 95, 96
2026/07/30 23:24:53.936, 0, NVIDIA GeForce RTX 3080, 6250, 3802, 10240, 95, 96
2026/07/30 23:24:54.047, 0, NVIDIA GeForce RTX 3080, 6250, 3802, 10240, 95, 96
2026/07/30 23:24:54.159, 0, NVIDIA GeForce RTX 3080, 6250, 3802, 10240, 95, 96
2026/07/30 23:24:54.271, 0, NVIDIA GeForce RTX 3080, 6250, 3802, 10240, 98, 98
2026/07/30 23:24:54.383, 0, NVIDIA GeForce RTX 3080, 6250, 3802, 10240, 98, 98
2026/07/30 23:24:54.495, 0, NVIDIA GeForce RTX 3080, 6250, 3802, 10240, 98, 98
2026/07/30 23:24:54.607, 0, NVIDIA GeForce RTX 3080, 6250, 3802, 10240, 98, 98
2026/07/30 23:24:54.719, 0, NVIDIA GeForce RTX 3080, 6250, 3802, 10240, 98, 98
2026/07/30 23:24:54.831, 0, NVIDIA GeForce RTX 3080, 6250, 3802, 10240, 98, 98
2026/07/30 23:24:54.943, 0, NVIDIA GeForce RTX 3080, 6250, 3802, 10240, 98, 98
2026/07/30 23:24:55.055, 0, NVIDIA GeForce RTX 3080, 6250, 3802, 10240, 98, 98
2026/07/30 23:24:55.167, 0, NVIDIA GeForce RTX 3080, 6250, 3802, 10240, 98, 98
2026/07/30 23:24:55.279, 0, NVIDIA GeForce RTX 3080, 6250, 3802, 10240, 98, 98
2026/07/30 23:24:55.391, 0, NVIDIA GeForce RTX 3080, 6250, 3802, 10240, 98, 98
2026/07/30 23:24:55.503, 0, NVIDIA GeForce RTX 3080, 6250, 3802, 10240, 98, 98
2026/07/30 23:24:55.614, 0, NVIDIA GeForce RTX 3080, 6250, 3802, 10240, 98, 98
2026/07/30 23:24:55.726, 0, NVIDIA GeForce RTX 3080, 6250, 3802, 10240, 98, 98
2026/07/30 23:24:55.838, 0, NVIDIA GeForce RTX 3080, 6250, 3802, 10240, 95, 97
2026/07/30 23:24:55.950, 0, NVIDIA GeForce RTX 3080, 6250, 3802, 10240, 95, 97
2026/07/30 23:24:56.062, 0, NVIDIA GeForce RTX 3080, 6250, 3802, 10240, 95, 97
2026/07/30 23:24:56.174, 0, NVIDIA GeForce RTX 3080, 6250, 3802, 10240, 95, 97
2026/07/30 23:24:56.285, 0, NVIDIA GeForce RTX 3080, 6250, 3802, 10240, 95, 98
2026/07/30 23:24:56.396, 0, NVIDIA GeForce RTX 3080, 6250, 3802, 10240, 95, 98
2026/07/30 23:24:56.507, 0, NVIDIA GeForce RTX 3080, 6250, 3802, 10240, 95, 98
2026/07/30 23:24:56.620, 0, NVIDIA GeForce RTX 3080, 6250, 3802, 10240, 95, 98
2026/07/30 23:24:56.731, 0, NVIDIA GeForce RTX 3080, 6250, 3802, 10240, 95, 98
2026/07/30 23:24:56.843, 0, NVIDIA GeForce RTX 3080, 6250, 3802, 10240, 95, 98
2026/07/30 23:24:56.955, 0, NVIDIA GeForce RTX 3080, 6250, 3802, 10240, 95, 98
2026/07/30 23:24:57.066, 0, NVIDIA GeForce RTX 3080, 6250, 3802, 10240, 95, 98
2026/07/30 23:24:57.178, 0, NVIDIA GeForce RTX 3080, 6250, 3802, 10240, 95, 98
2026/07/30 23:24:57.288, 0, NVIDIA GeForce RTX 3080, 6250, 3802, 10240, 95, 97
2026/07/30 23:24:57.400, 0, NVIDIA GeForce RTX 3080, 6250, 3802, 10240, 95, 97
2026/07/30 23:24:57.511, 0, NVIDIA GeForce RTX 3080, 6250, 3802, 10240, 95, 97
2026/07/30 23:24:57.623, 0, NVIDIA GeForce RTX 3080, 6250, 3802, 10240, 95, 97
2026/07/30 23:24:57.735, 0, NVIDIA GeForce RTX 3080, 6250, 3802, 10240, 95, 97
2026/07/30 23:24:57.846, 0, NVIDIA GeForce RTX 3080, 6250, 3802, 10240, 97, 98
2026/07/30 23:24:57.955, 0, NVIDIA GeForce RTX 3080, 6250, 3802, 10240, 97, 98
2026/07/30 23:24:58.064, 0, NVIDIA GeForce RTX 3080, 6250, 3802, 10240, 97, 98
2026/07/30 23:24:58.173, 0, NVIDIA GeForce RTX 3080, 6250, 3802, 10240, 97, 98
2026/07/30 23:24:58.282, 0, NVIDIA GeForce RTX 3080, 6250, 3802, 10240, 97, 98
2026/07/30 23:24:58.391, 0, NVIDIA GeForce RTX 3080, 6250, 3802, 10240, 97, 98
2026/07/30 23:24:58.500, 0, NVIDIA GeForce RTX 3080, 6250, 3802, 10240, 97, 98
2026/07/30 23:24:58.610, 0, NVIDIA GeForce RTX 3080, 6250, 3802, 10240, 97, 98
2026/07/30 23:24:58.720, 0, NVIDIA GeForce RTX 3080, 6250, 3802, 10240, 97, 98
2026/07/30 23:24:58.831, 0, NVIDIA GeForce RTX 3080, 6250, 3802, 10240, 97, 97
2026/07/30 23:24:58.943, 0, NVIDIA GeForce RTX 3080, 6250, 3802, 10240, 97, 97
2026/07/30 23:24:59.054, 0, NVIDIA GeForce RTX 3080, 6250, 3802, 10240, 97, 97
2026/07/30 23:24:59.166, 0, NVIDIA GeForce RTX 3080, 6250, 3802, 10240, 97, 97
2026/07/30 23:24:59.278, 0, NVIDIA GeForce RTX 3080, 6250, 3802, 10240, 97, 97
2026/07/30 23:24:59.389, 0, NVIDIA GeForce RTX 3080, 6250, 3802, 10240, 97, 97
2026/07/30 23:24:59.501, 0, NVIDIA GeForce RTX 3080, 6250, 3802, 10240, 97, 97
2026/07/30 23:24:59.613, 0, NVIDIA GeForce RTX 3080, 6250, 3802, 10240, 97, 97
2026/07/30 23:24:59.725, 0, NVIDIA GeForce RTX 3080, 6250, 3802, 10240, 97, 97
2026/07/30 23:24:59.837, 0, NVIDIA GeForce RTX 3080, 6250, 3802, 10240, 95, 98
2026/07/30 23:24:59.947, 0, NVIDIA GeForce RTX 3080, 6250, 3802, 10240, 95, 98
2026/07/30 23:25:00.056, 0, NVIDIA GeForce RTX 3080, 6250, 3802, 10240, 95, 98
2026/07/30 23:25:00.164, 0, NVIDIA GeForce RTX 3080, 6250, 3802, 10240, 95, 98
2026/07/30 23:25:00.273, 0, NVIDIA GeForce RTX 3080, 6250, 3802, 10240, 96, 98
2026/07/30 23:25:00.384, 0, NVIDIA GeForce RTX 3080, 6250, 3802, 10240, 96, 98
2026/07/30 23:25:00.495, 0, NVIDIA GeForce RTX 3080, 6250, 3802, 10240, 96, 98
2026/07/30 23:25:00.607, 0, NVIDIA GeForce RTX 3080, 6250, 3802, 10240, 96, 98
2026/07/30 23:25:00.720, 0, NVIDIA GeForce RTX 3080, 6250, 3802, 10240, 96, 98
2026/07/30 23:25:00.832, 0, NVIDIA GeForce RTX 3080, 6250, 3802, 10240, 96, 98
2026/07/30 23:25:00.942, 0, NVIDIA GeForce RTX 3080, 6250, 3802, 10240, 96, 98
2026/07/30 23:25:01.053, 0, NVIDIA GeForce RTX 3080, 6250, 3802, 10240, 96, 98
2026/07/30 23:25:01.164, 0, NVIDIA GeForce RTX 3080, 6250, 3802, 10240, 96, 98
2026/07/30 23:25:01.275, 0, NVIDIA GeForce RTX 3080, 6250, 3802, 10240, 95, 98
2026/07/30 23:25:01.387, 0, NVIDIA GeForce RTX 3080, 6250, 3802, 10240, 95, 98
2026/07/30 23:25:01.498, 0, NVIDIA GeForce RTX 3080, 6250, 3802, 10240, 95, 98
2026/07/30 23:25:01.609, 0, NVIDIA GeForce RTX 3080, 6250, 3802, 10240, 95, 98
2026/07/30 23:25:01.721, 0, NVIDIA GeForce RTX 3080, 6250, 3802, 10240, 95, 98
2026/07/30 23:25:01.832, 0, NVIDIA GeForce RTX 3080, 6250, 3802, 10240, 97, 98
2026/07/30 23:25:01.944, 0, NVIDIA GeForce RTX 3080, 6250, 3802, 10240, 97, 98
2026/07/30 23:25:02.056, 0, NVIDIA GeForce RTX 3080, 6250, 3802, 10240, 97, 98
2026/07/30 23:25:02.168, 0, NVIDIA GeForce RTX 3080, 6250, 3802, 10240, 97, 98
2026/07/30 23:25:02.279, 0, NVIDIA GeForce RTX 3080, 6250, 3802, 10240, 96, 97
2026/07/30 23:25:02.391, 0, NVIDIA GeForce RTX 3080, 6250, 3802, 10240, 96, 97
2026/07/30 23:25:02.503, 0, NVIDIA GeForce RTX 3080, 6250, 3802, 10240, 96, 97
2026/07/30 23:25:02.615, 0, NVIDIA GeForce RTX 3080, 6250, 3802, 10240, 96, 97
2026/07/30 23:25:02.727, 0, NVIDIA GeForce RTX 3080, 6250, 3802, 10240, 96, 97
2026/07/30 23:25:02.839, 0, NVIDIA GeForce RTX 3080, 6250, 3802, 10240, 96, 96
2026/07/30 23:25:02.950, 0, NVIDIA GeForce RTX 3080, 6250, 3802, 10240, 96, 96
2026/07/30 23:25:03.062, 0, NVIDIA GeForce RTX 3080, 6250, 3802, 10240, 96, 96
2026/07/30 23:25:03.174, 0, NVIDIA GeForce RTX 3080, 6250, 3802, 10240, 96, 96
2026/07/30 23:25:03.286, 0, NVIDIA GeForce RTX 3080, 6250, 3802, 10240, 97, 98
2026/07/30 23:25:03.398, 0, NVIDIA GeForce RTX 3080, 6250, 3802, 10240, 97, 98
2026/07/30 23:25:03.510, 0, NVIDIA GeForce RTX 3080, 6250, 3802, 10240, 97, 98
2026/07/30 23:25:03.622, 0, NVIDIA GeForce RTX 3080, 6250, 3802, 10240, 97, 98
2026/07/30 23:25:03.733, 0, NVIDIA GeForce RTX 3080, 6250, 3802, 10240, 97, 98
2026/07/30 23:25:03.844, 0, NVIDIA GeForce RTX 3080, 6250, 3802, 10240, 93, 96
2026/07/30 23:25:03.956, 0, NVIDIA GeForce RTX 3080, 6250, 3802, 10240, 93, 96
2026/07/30 23:25:04.067, 0, NVIDIA GeForce RTX 3080, 6250, 3802, 10240, 93, 96
2026/07/30 23:25:04.177, 0, NVIDIA GeForce RTX 3080, 6250, 3802, 10240, 93, 96
2026/07/30 23:25:04.289, 0, NVIDIA GeForce RTX 3080, 6250, 3802, 10240, 95, 98
2026/07/30 23:25:04.401, 0, NVIDIA GeForce RTX 3080, 6250, 3802, 10240, 95, 98
2026/07/30 23:25:04.513, 0, NVIDIA GeForce RTX 3080, 6250, 3802, 10240, 95, 98
2026/07/30 23:25:04.625, 0, NVIDIA GeForce RTX 3080, 6250, 3802, 10240, 95, 98
2026/07/30 23:25:04.737, 0, NVIDIA GeForce RTX 3080, 6250, 3802, 10240, 95, 98
2026/07/30 23:25:04.849, 0, NVIDIA GeForce RTX 3080, 6250, 3802, 10240, 95, 98
2026/07/30 23:25:04.959, 0, NVIDIA GeForce RTX 3080, 6250, 3802, 10240, 95, 98
2026/07/30 23:25:05.068, 0, NVIDIA GeForce RTX 3080, 6250, 3802, 10240, 95, 98
2026/07/30 23:25:05.177, 0, NVIDIA GeForce RTX 3080, 6250, 3802, 10240, 95, 98
2026/07/30 23:25:05.286, 0, NVIDIA GeForce RTX 3080, 6250, 3802, 10240, 95, 98
2026/07/30 23:25:05.396, 0, NVIDIA GeForce RTX 3080, 6250, 3802, 10240, 95, 98
2026/07/30 23:25:05.508, 0, NVIDIA GeForce RTX 3080, 6250, 3802, 10240, 95, 98
2026/07/30 23:25:05.620, 0, NVIDIA GeForce RTX 3080, 6250, 3802, 10240, 95, 98
2026/07/30 23:25:05.732, 0, NVIDIA GeForce RTX 3080, 6250, 3802, 10240, 95, 98
2026/07/30 23:25:05.844, 0, NVIDIA GeForce RTX 3080, 6250, 3802, 10240, 95, 98
2026/07/30 23:25:05.956, 0, NVIDIA GeForce RTX 3080, 6250, 3802, 10240, 95, 98
2026/07/30 23:25:06.067, 0, NVIDIA GeForce RTX 3080, 6250, 3802, 10240, 95, 98
2026/07/30 23:25:06.178, 0, NVIDIA GeForce RTX 3080, 6250, 3802, 10240, 95, 98
2026/07/30 23:25:06.290, 0, NVIDIA GeForce RTX 3080, 6250, 3802, 10240, 97, 98
2026/07/30 23:25:06.402, 0, NVIDIA GeForce RTX 3080, 6250, 3802, 10240, 97, 98
2026/07/30 23:25:06.514, 0, NVIDIA GeForce RTX 3080, 6250, 3802, 10240, 97, 98
2026/07/30 23:25:06.626, 0, NVIDIA GeForce RTX 3080, 6250, 3802, 10240, 97, 98
2026/07/30 23:25:06.739, 0, NVIDIA GeForce RTX 3080, 6250, 3802, 10240, 97, 98
2026/07/30 23:25:06.850, 0, NVIDIA GeForce RTX 3080, 6250, 3802, 10240, 97, 98
2026/07/30 23:25:06.958, 0, NVIDIA GeForce RTX 3080, 6250, 3802, 10240, 97, 98
2026/07/30 23:25:07.070, 0, NVIDIA GeForce RTX 3080, 6250, 3802, 10240, 97, 98
2026/07/30 23:25:07.182, 0, NVIDIA GeForce RTX 3080, 6250, 3802, 10240, 97, 98
2026/07/30 23:25:07.294, 0, NVIDIA GeForce RTX 3080, 6250, 3802, 10240, 97, 98
2026/07/30 23:25:07.406, 0, NVIDIA GeForce RTX 3080, 6250, 3802, 10240, 97, 98
2026/07/30 23:25:07.518, 0, NVIDIA GeForce RTX 3080, 6250, 3802, 10240, 97, 98
2026/07/30 23:25:07.629, 0, NVIDIA GeForce RTX 3080, 6250, 3802, 10240, 97, 98
2026/07/30 23:25:07.741, 0, NVIDIA GeForce RTX 3080, 6250, 3802, 10240, 97, 98
2026/07/30 23:25:07.853, 0, NVIDIA GeForce RTX 3080, 6250, 3802, 10240, 97, 97
2026/07/30 23:25:07.966, 0, NVIDIA GeForce RTX 3080, 6250, 3802, 10240, 97, 97
2026/07/30 23:25:08.078, 0, NVIDIA GeForce RTX 3080, 6250, 3802, 10240, 97, 97
2026/07/30 23:25:08.188, 0, NVIDIA GeForce RTX 3080, 6250, 3802, 10240, 97, 97
2026/07/30 23:25:08.300, 0, NVIDIA GeForce RTX 3080, 6250, 3802, 10240, 98, 98
2026/07/30 23:25:08.412, 0, NVIDIA GeForce RTX 3080, 6250, 3802, 10240, 98, 98
2026/07/30 23:25:08.524, 0, NVIDIA GeForce RTX 3080, 6250, 3802, 10240, 98, 98
2026/07/30 23:25:08.635, 0, NVIDIA GeForce RTX 3080, 6250, 3802, 10240, 98, 98
2026/07/30 23:25:08.747, 0, NVIDIA GeForce RTX 3080, 6250, 3802, 10240, 98, 98
2026/07/30 23:25:08.859, 0, NVIDIA GeForce RTX 3080, 6250, 3802, 10240, 98, 98
2026/07/30 23:25:08.971, 0, NVIDIA GeForce RTX 3080, 6250, 3802, 10240, 98, 98
2026/07/30 23:25:09.083, 0, NVIDIA GeForce RTX 3080, 6250, 3802, 10240, 98, 98
2026/07/30 23:25:09.195, 0, NVIDIA GeForce RTX 3080, 6250, 3802, 10240, 98, 98
2026/07/30 23:25:09.307, 0, NVIDIA GeForce RTX 3080, 6250, 3802, 10240, 98, 98
2026/07/30 23:25:09.419, 0, NVIDIA GeForce RTX 3080, 6250, 3802, 10240, 98, 98
2026/07/30 23:25:09.531, 0, NVIDIA GeForce RTX 3080, 6250, 3802, 10240, 98, 98
2026/07/30 23:25:09.643, 0, NVIDIA GeForce RTX 3080, 6250, 3802, 10240, 98, 98
2026/07/30 23:25:09.754, 0, NVIDIA GeForce RTX 3080, 6250, 3802, 10240, 98, 98
2026/07/30 23:25:09.866, 0, NVIDIA GeForce RTX 3080, 6250, 3802, 10240, 94, 96
2026/07/30 23:25:09.978, 0, NVIDIA GeForce RTX 3080, 6250, 3802, 10240, 94, 96
2026/07/30 23:25:10.090, 0, NVIDIA GeForce RTX 3080, 6250, 3802, 10240, 94, 96
2026/07/30 23:25:10.202, 0, NVIDIA GeForce RTX 3080, 6250, 3802, 10240, 94, 96
2026/07/30 23:25:10.313, 0, NVIDIA GeForce RTX 3080, 6250, 3802, 10240, 95, 98
2026/07/30 23:25:10.425, 0, NVIDIA GeForce RTX 3080, 6250, 3802, 10240, 95, 98
2026/07/30 23:25:10.537, 0, NVIDIA GeForce RTX 3080, 6250, 3802, 10240, 95, 98
2026/07/30 23:25:10.649, 0, NVIDIA GeForce RTX 3080, 6250, 3802, 10240, 95, 98
2026/07/30 23:25:10.761, 0, NVIDIA GeForce RTX 3080, 6250, 3802, 10240, 95, 98
2026/07/30 23:25:10.873, 0, NVIDIA GeForce RTX 3080, 6250, 3802, 10240, 95, 98
2026/07/30 23:25:10.985, 0, NVIDIA GeForce RTX 3080, 6250, 3802, 10240, 95, 98
2026/07/30 23:25:11.097, 0, NVIDIA GeForce RTX 3080, 6250, 3802, 10240, 95, 98
2026/07/30 23:25:11.209, 0, NVIDIA GeForce RTX 3080, 6250, 3802, 10240, 95, 98
2026/07/30 23:25:11.320, 0, NVIDIA GeForce RTX 3080, 6250, 3802, 10240, 96, 98
2026/07/30 23:25:11.433, 0, NVIDIA GeForce RTX 3080, 6250, 3802, 10240, 96, 98
2026/07/30 23:25:11.545, 0, NVIDIA GeForce RTX 3080, 6250, 3802, 10240, 96, 98
2026/07/30 23:25:11.657, 0, NVIDIA GeForce RTX 3080, 6250, 3802, 10240, 96, 98
2026/07/30 23:25:11.769, 0, NVIDIA GeForce RTX 3080, 6250, 3802, 10240, 98, 98
2026/07/30 23:25:11.879, 0, NVIDIA GeForce RTX 3080, 6250, 3802, 10240, 98, 98
2026/07/30 23:25:11.989, 0, NVIDIA GeForce RTX 3080, 6250, 3802, 10240, 98, 98
2026/07/30 23:25:12.101, 0, NVIDIA GeForce RTX 3080, 6250, 3802, 10240, 98, 98
2026/07/30 23:25:12.213, 0, NVIDIA GeForce RTX 3080, 6250, 3802, 10240, 98, 98
2026/07/30 23:25:12.325, 0, NVIDIA GeForce RTX 3080, 6250, 3802, 10240, 97, 98
2026/07/30 23:25:12.437, 0, NVIDIA GeForce RTX 3080, 6250, 3802, 10240, 97, 98
2026/07/30 23:25:12.549, 0, NVIDIA GeForce RTX 3080, 6250, 3802, 10240, 97, 98
2026/07/30 23:25:12.661, 0, NVIDIA GeForce RTX 3080, 6250, 3802, 10240, 97, 98
2026/07/30 23:25:12.773, 0, NVIDIA GeForce RTX 3080, 6250, 3802, 10240, 97, 98
2026/07/30 23:25:12.884, 0, NVIDIA GeForce RTX 3080, 6250, 3802, 10240, 97, 98
2026/07/30 23:25:12.995, 0, NVIDIA GeForce RTX 3080, 6250, 3802, 10240, 97, 98
2026/07/30 23:25:13.107, 0, NVIDIA GeForce RTX 3080, 6250, 3802, 10240, 97, 98
2026/07/30 23:25:13.219, 0, NVIDIA GeForce RTX 3080, 6250, 3802, 10240, 97, 98
2026/07/30 23:25:13.330, 0, NVIDIA GeForce RTX 3080, 6250, 3802, 10240, 97, 98
2026/07/30 23:25:13.442, 0, NVIDIA GeForce RTX 3080, 6250, 3802, 10240, 97, 98
2026/07/30 23:25:13.554, 0, NVIDIA GeForce RTX 3080, 6250, 3802, 10240, 97, 98
2026/07/30 23:25:13.666, 0, NVIDIA GeForce RTX 3080, 6250, 3802, 10240, 97, 98
2026/07/30 23:25:13.778, 0, NVIDIA GeForce RTX 3080, 6250, 3802, 10240, 96, 98
2026/07/30 23:25:13.888, 0, NVIDIA GeForce RTX 3080, 6250, 3802, 10240, 96, 98
2026/07/30 23:25:14.000, 0, NVIDIA GeForce RTX 3080, 6250, 3802, 10240, 96, 98
2026/07/30 23:25:14.112, 0, NVIDIA GeForce RTX 3080, 6250, 3802, 10240, 96, 98
2026/07/30 23:25:14.224, 0, NVIDIA GeForce RTX 3080, 6250, 3802, 10240, 96, 98
2026/07/30 23:25:14.336, 0, NVIDIA GeForce RTX 3080, 6250, 3802, 10240, 96, 98
2026/07/30 23:25:14.448, 0, NVIDIA GeForce RTX 3080, 6250, 3802, 10240, 96, 98
2026/07/30 23:25:14.560, 0, NVIDIA GeForce RTX 3080, 6250, 3802, 10240, 96, 98
2026/07/30 23:25:14.672, 0, NVIDIA GeForce RTX 3080, 6250, 3802, 10240, 96, 98
2026/07/30 23:25:14.784, 0, NVIDIA GeForce RTX 3080, 6250, 3802, 10240, 95, 97
2026/07/30 23:25:14.895, 0, NVIDIA GeForce RTX 3080, 6250, 3802, 10240, 95, 97
2026/07/30 23:25:15.007, 0, NVIDIA GeForce RTX 3080, 6250, 3802, 10240, 95, 97
2026/07/30 23:25:15.119, 0, NVIDIA GeForce RTX 3080, 6250, 3802, 10240, 95, 97
2026/07/30 23:25:15.229, 0, NVIDIA GeForce RTX 3080, 6250, 3802, 10240, 95, 97
2026/07/30 23:25:15.341, 0, NVIDIA GeForce RTX 3080, 6250, 3802, 10240, 96, 98
2026/07/30 23:25:15.453, 0, NVIDIA GeForce RTX 3080, 6250, 3802, 10240, 96, 98
2026/07/30 23:25:15.565, 0, NVIDIA GeForce RTX 3080, 6250, 3802, 10240, 96, 98
2026/07/30 23:25:15.677, 0, NVIDIA GeForce RTX 3080, 6250, 3802, 10240, 96, 98
2026/07/30 23:25:15.789, 0, NVIDIA GeForce RTX 3080, 6250, 3802, 10240, 97, 98
2026/07/30 23:25:15.901, 0, NVIDIA GeForce RTX 3080, 6250, 3802, 10240, 97, 98
2026/07/30 23:25:16.013, 0, NVIDIA GeForce RTX 3080, 6250, 3802, 10240, 97, 98
2026/07/30 23:25:16.125, 0, NVIDIA GeForce RTX 3080, 6250, 3802, 10240, 97, 98
2026/07/30 23:25:16.237, 0, NVIDIA GeForce RTX 3080, 6250, 3802, 10240, 97, 98
2026/07/30 23:25:16.349, 0, NVIDIA GeForce RTX 3080, 6250, 3802, 10240, 97, 98
2026/07/30 23:25:16.460, 0, NVIDIA GeForce RTX 3080, 6250, 3802, 10240, 97, 98
2026/07/30 23:25:16.572, 0, NVIDIA GeForce RTX 3080, 6250, 3802, 10240, 97, 98
2026/07/30 23:25:16.684, 0, NVIDIA GeForce RTX 3080, 6250, 3802, 10240, 97, 98
2026/07/30 23:25:16.795, 0, NVIDIA GeForce RTX 3080, 6250, 3802, 10240, 96, 97
2026/07/30 23:25:16.906, 0, NVIDIA GeForce RTX 3080, 6250, 3802, 10240, 96, 97
2026/07/30 23:25:17.018, 0, NVIDIA GeForce RTX 3080, 6250, 3802, 10240, 96, 97
2026/07/30 23:25:17.130, 0, NVIDIA GeForce RTX 3080, 6250, 3802, 10240, 96, 97
2026/07/30 23:25:17.242, 0, NVIDIA GeForce RTX 3080, 6250, 3802, 10240, 96, 97
2026/07/30 23:25:17.354, 0, NVIDIA GeForce RTX 3080, 6250, 3802, 10240, 97, 98
2026/07/30 23:25:17.466, 0, NVIDIA GeForce RTX 3080, 6250, 3802, 10240, 97, 98
2026/07/30 23:25:17.577, 0, NVIDIA GeForce RTX 3080, 6250, 3802, 10240, 97, 98
2026/07/30 23:25:17.689, 0, NVIDIA GeForce RTX 3080, 6250, 3802, 10240, 97, 98
2026/07/30 23:25:17.802, 0, NVIDIA GeForce RTX 3080, 6250, 3802, 10240, 96, 98
2026/07/30 23:25:17.911, 0, NVIDIA GeForce RTX 3080, 6250, 3802, 10240, 96, 98
2026/07/30 23:25:18.020, 0, NVIDIA GeForce RTX 3080, 6250, 3802, 10240, 96, 98
2026/07/30 23:25:18.129, 0, NVIDIA GeForce RTX 3080, 6250, 3802, 10240, 96, 98
2026/07/30 23:25:18.238, 0, NVIDIA GeForce RTX 3080, 6250, 3802, 10240, 96, 98
2026/07/30 23:25:18.347, 0, NVIDIA GeForce RTX 3080, 6250, 3802, 10240, 95, 98
2026/07/30 23:25:18.456, 0, NVIDIA GeForce RTX 3080, 6250, 3802, 10240, 95, 98
2026/07/30 23:25:18.565, 0, NVIDIA GeForce RTX 3080, 6250, 3802, 10240, 95, 98
2026/07/30 23:25:18.675, 0, NVIDIA GeForce RTX 3080, 6250, 3802, 10240, 95, 98
2026/07/30 23:25:18.786, 0, NVIDIA GeForce RTX 3080, 6250, 3802, 10240, 95, 98
2026/07/30 23:25:18.898, 0, NVIDIA GeForce RTX 3080, 6250, 3802, 10240, 95, 98
2026/07/30 23:25:19.010, 0, NVIDIA GeForce RTX 3080, 6250, 3802, 10240, 95, 98
2026/07/30 23:25:19.122, 0, NVIDIA GeForce RTX 3080, 6250, 3802, 10240, 95, 98
2026/07/30 23:25:19.233, 0, NVIDIA GeForce RTX 3080, 6250, 3802, 10240, 95, 98
2026/07/30 23:25:19.345, 0, NVIDIA GeForce RTX 3080, 6250, 3802, 10240, 95, 98
2026/07/30 23:25:19.457, 0, NVIDIA GeForce RTX 3080, 6250, 3802, 10240, 95, 98
2026/07/30 23:25:19.570, 0, NVIDIA GeForce RTX 3080, 6250, 3802, 10240, 95, 98
2026/07/30 23:25:19.682, 0, NVIDIA GeForce RTX 3080, 6250, 3802, 10240, 95, 98
2026/07/30 23:25:19.793, 0, NVIDIA GeForce RTX 3080, 6250, 3802, 10240, 92, 95
2026/07/30 23:25:19.904, 0, NVIDIA GeForce RTX 3080, 6250, 3802, 10240, 92, 95
2026/07/30 23:25:20.013, 0, NVIDIA GeForce RTX 3080, 6250, 3802, 10240, 92, 95
2026/07/30 23:25:20.121, 0, NVIDIA GeForce RTX 3080, 6250, 3802, 10240, 92, 95
2026/07/30 23:25:20.231, 0, NVIDIA GeForce RTX 3080, 6250, 3802, 10240, 92, 95
2026/07/30 23:25:20.341, 0, NVIDIA GeForce RTX 3080, 6250, 3802, 10240, 97, 98
2026/07/30 23:25:20.453, 0, NVIDIA GeForce RTX 3080, 6250, 3802, 10240, 97, 98
2026/07/30 23:25:20.565, 0, NVIDIA GeForce RTX 3080, 6250, 3802, 10240, 97, 98
2026/07/30 23:25:20.677, 0, NVIDIA GeForce RTX 3080, 6250, 3802, 10240, 97, 98
2026/07/30 23:25:20.789, 0, NVIDIA GeForce RTX 3080, 6250, 3802, 10240, 97, 98
2026/07/30 23:25:20.900, 0, NVIDIA GeForce RTX 3080, 6250, 3802, 10240, 97, 98
2026/07/30 23:25:21.013, 0, NVIDIA GeForce RTX 3080, 6250, 3802, 10240, 97, 98
2026/07/30 23:25:21.122, 0, NVIDIA GeForce RTX 3080, 6250, 3802, 10240, 97, 98
2026/07/30 23:25:21.235, 0, NVIDIA GeForce RTX 3080, 6250, 3802, 10240, 97, 98
2026/07/30 23:25:21.346, 0, NVIDIA GeForce RTX 3080, 6250, 3802, 10240, 97, 98
2026/07/30 23:25:21.457, 0, NVIDIA GeForce RTX 3080, 6250, 3802, 10240, 97, 98
2026/07/30 23:25:21.569, 0, NVIDIA GeForce RTX 3080, 6250, 3802, 10240, 97, 98
2026/07/30 23:25:21.680, 0, NVIDIA GeForce RTX 3080, 6250, 3802, 10240, 97, 98
2026/07/30 23:25:21.792, 0, NVIDIA GeForce RTX 3080, 6250, 3802, 10240, 98, 98
2026/07/30 23:25:21.904, 0, NVIDIA GeForce RTX 3080, 6250, 3802, 10240, 98, 98
2026/07/30 23:25:22.016, 0, NVIDIA GeForce RTX 3080, 6250, 3802, 10240, 98, 98
2026/07/30 23:25:22.127, 0, NVIDIA GeForce RTX 3080, 6250, 3802, 10240, 98, 98
2026/07/30 23:25:22.239, 0, NVIDIA GeForce RTX 3080, 6250, 3802, 10240, 98, 98
2026/07/30 23:25:22.351, 0, NVIDIA GeForce RTX 3080, 6250, 3802, 10240, 98, 98
2026/07/30 23:25:22.462, 0, NVIDIA GeForce RTX 3080, 6250, 3802, 10240, 98, 98
2026/07/30 23:25:22.574, 0, NVIDIA GeForce RTX 3080, 6250, 3802, 10240, 98, 98
2026/07/30 23:25:22.686, 0, NVIDIA GeForce RTX 3080, 6250, 3802, 10240, 98, 98
2026/07/30 23:25:22.798, 0, NVIDIA GeForce RTX 3080, 6250, 3802, 10240, 97, 97
2026/07/30 23:25:22.910, 0, NVIDIA GeForce RTX 3080, 6250, 3802, 10240, 97, 97
2026/07/30 23:25:23.022, 0, NVIDIA GeForce RTX 3080, 6250, 3802, 10240, 97, 97
2026/07/30 23:25:23.134, 0, NVIDIA GeForce RTX 3080, 6250, 3802, 10240, 97, 97
2026/07/30 23:25:23.246, 0, NVIDIA GeForce RTX 3080, 6250, 3802, 10240, 97, 97
2026/07/30 23:25:23.358, 0, NVIDIA GeForce RTX 3080, 6250, 3802, 10240, 98, 98
2026/07/30 23:25:23.470, 0, NVIDIA GeForce RTX 3080, 6250, 3802, 10240, 98, 98
2026/07/30 23:25:23.582, 0, NVIDIA GeForce RTX 3080, 6250, 3802, 10240, 98, 98
2026/07/30 23:25:23.693, 0, NVIDIA GeForce RTX 3080, 6250, 3802, 10240, 98, 98
2026/07/30 23:25:23.804, 0, NVIDIA GeForce RTX 3080, 6250, 3802, 10240, 96, 98
2026/07/30 23:25:23.916, 0, NVIDIA GeForce RTX 3080, 6250, 3802, 10240, 96, 98
2026/07/30 23:25:24.028, 0, NVIDIA GeForce RTX 3080, 6250, 3802, 10240, 96, 98
2026/07/30 23:25:24.140, 0, NVIDIA GeForce RTX 3080, 6250, 3802, 10240, 96, 98
2026/07/30 23:25:24.251, 0, NVIDIA GeForce RTX 3080, 6250, 3802, 10240, 96, 98
2026/07/30 23:25:24.363, 0, NVIDIA GeForce RTX 3080, 6250, 3802, 10240, 94, 97
2026/07/30 23:25:24.475, 0, NVIDIA GeForce RTX 3080, 6250, 3802, 10240, 94, 97
2026/07/30 23:25:24.587, 0, NVIDIA GeForce RTX 3080, 6250, 3802, 10240, 94, 97
2026/07/30 23:25:24.698, 0, NVIDIA GeForce RTX 3080, 6250, 3802, 10240, 94, 97
2026/07/30 23:25:24.810, 0, NVIDIA GeForce RTX 3080, 6250, 3802, 10240, 95, 97
2026/07/30 23:25:24.922, 0, NVIDIA GeForce RTX 3080, 6250, 3802, 10240, 95, 97
2026/07/30 23:25:25.032, 0, NVIDIA GeForce RTX 3080, 6250, 3802, 10240, 95, 97
2026/07/30 23:25:25.141, 0, NVIDIA GeForce RTX 3080, 6250, 3802, 10240, 95, 97
2026/07/30 23:25:25.251, 0, NVIDIA GeForce RTX 3080, 6250, 3802, 10240, 95, 97
2026/07/30 23:25:25.362, 0, NVIDIA GeForce RTX 3080, 6250, 3802, 10240, 95, 98
2026/07/30 23:25:25.473, 0, NVIDIA GeForce RTX 3080, 6250, 3802, 10240, 95, 98
2026/07/30 23:25:25.585, 0, NVIDIA GeForce RTX 3080, 6250, 3802, 10240, 95, 98
2026/07/30 23:25:25.697, 0, NVIDIA GeForce RTX 3080, 6250, 3802, 10240, 95, 98
2026/07/30 23:25:25.808, 0, NVIDIA GeForce RTX 3080, 6250, 3802, 10240, 97, 98
2026/07/30 23:25:25.920, 0, NVIDIA GeForce RTX 3080, 6250, 3802, 10240, 97, 98
2026/07/30 23:25:26.032, 0, NVIDIA GeForce RTX 3080, 6250, 3802, 10240, 97, 98
2026/07/30 23:25:26.144, 0, NVIDIA GeForce RTX 3080, 6250, 3802, 10240, 97, 98
2026/07/30 23:25:26.256, 0, NVIDIA GeForce RTX 3080, 6250, 3802, 10240, 97, 98
2026/07/30 23:25:26.365, 0, NVIDIA GeForce RTX 3080, 6250, 3802, 10240, 97, 97
2026/07/30 23:25:26.475, 0, NVIDIA GeForce RTX 3080, 6250, 3802, 10240, 97, 97
2026/07/30 23:25:26.587, 0, NVIDIA GeForce RTX 3080, 6250, 3802, 10240, 97, 97
2026/07/30 23:25:26.699, 0, NVIDIA GeForce RTX 3080, 6250, 3802, 10240, 97, 97
2026/07/30 23:25:26.811, 0, NVIDIA GeForce RTX 3080, 6250, 3802, 10240, 97, 97
2026/07/30 23:25:26.922, 0, NVIDIA GeForce RTX 3080, 6250, 3802, 10240, 97, 97
2026/07/30 23:25:27.034, 0, NVIDIA GeForce RTX 3080, 6250, 3802, 10240, 97, 97
2026/07/30 23:25:27.146, 0, NVIDIA GeForce RTX 3080, 6250, 3802, 10240, 97, 97
2026/07/30 23:25:27.258, 0, NVIDIA GeForce RTX 3080, 6250, 3802, 10240, 97, 97
2026/07/30 23:25:27.370, 0, NVIDIA GeForce RTX 3080, 6250, 3802, 10240, 97, 97
2026/07/30 23:25:27.482, 0, NVIDIA GeForce RTX 3080, 6250, 3802, 10240, 97, 97
2026/07/30 23:25:27.594, 0, NVIDIA GeForce RTX 3080, 6250, 3802, 10240, 97, 97
2026/07/30 23:25:27.706, 0, NVIDIA GeForce RTX 3080, 6250, 3802, 10240, 97, 97
2026/07/30 23:25:27.818, 0, NVIDIA GeForce RTX 3080, 6250, 3802, 10240, 95, 98
2026/07/30 23:25:27.929, 0, NVIDIA GeForce RTX 3080, 6250, 3802, 10240, 95, 98
2026/07/30 23:25:28.040, 0, NVIDIA GeForce RTX 3080, 6250, 3802, 10240, 95, 98
2026/07/30 23:25:28.152, 0, NVIDIA GeForce RTX 3080, 6250, 3802, 10240, 95, 98
2026/07/30 23:25:28.264, 0, NVIDIA GeForce RTX 3080, 6250, 3802, 10240, 95, 98
2026/07/30 23:25:28.376, 0, NVIDIA GeForce RTX 3080, 6250, 3802, 10240, 96, 98
2026/07/30 23:25:28.487, 0, NVIDIA GeForce RTX 3080, 6250, 3802, 10240, 96, 98
2026/07/30 23:25:28.599, 0, NVIDIA GeForce RTX 3080, 6250, 3802, 10240, 96, 98
2026/07/30 23:25:28.711, 0, NVIDIA GeForce RTX 3080, 6250, 3802, 10240, 96, 98
2026/07/30 23:25:28.823, 0, NVIDIA GeForce RTX 3080, 6250, 3802, 10240, 96, 98
2026/07/30 23:25:28.934, 0, NVIDIA GeForce RTX 3080, 6250, 3802, 10240, 96, 98
2026/07/30 23:25:29.046, 0, NVIDIA GeForce RTX 3080, 6250, 3802, 10240, 96, 98
2026/07/30 23:25:29.157, 0, NVIDIA GeForce RTX 3080, 6250, 3802, 10240, 96, 98
2026/07/30 23:25:29.269, 0, NVIDIA GeForce RTX 3080, 6250, 3802, 10240, 96, 98
2026/07/30 23:25:29.381, 0, NVIDIA GeForce RTX 3080, 6250, 3802, 10240, 96, 98
2026/07/30 23:25:29.492, 0, NVIDIA GeForce RTX 3080, 6250, 3802, 10240, 96, 98
2026/07/30 23:25:29.604, 0, NVIDIA GeForce RTX 3080, 6250, 3802, 10240, 96, 98
2026/07/30 23:25:29.716, 0, NVIDIA GeForce RTX 3080, 6250, 3802, 10240, 96, 98
2026/07/30 23:25:29.828, 0, NVIDIA GeForce RTX 3080, 6250, 3802, 10240, 97, 98
2026/07/30 23:25:29.938, 0, NVIDIA GeForce RTX 3080, 6250, 3802, 10240, 97, 98
2026/07/30 23:25:30.050, 0, NVIDIA GeForce RTX 3080, 6250, 3802, 10240, 97, 98
2026/07/30 23:25:30.162, 0, NVIDIA GeForce RTX 3080, 6250, 3802, 10240, 97, 98
2026/07/30 23:25:30.274, 0, NVIDIA GeForce RTX 3080, 6250, 3802, 10240, 97, 98
2026/07/30 23:25:30.386, 0, NVIDIA GeForce RTX 3080, 6250, 3802, 10240, 97, 98
2026/07/30 23:25:30.498, 0, NVIDIA GeForce RTX 3080, 6250, 3802, 10240, 97, 98
2026/07/30 23:25:30.610, 0, NVIDIA GeForce RTX 3080, 6250, 3802, 10240, 97, 98
2026/07/30 23:25:30.722, 0, NVIDIA GeForce RTX 3080, 6250, 3802, 10240, 97, 98
2026/07/30 23:25:30.833, 0, NVIDIA GeForce RTX 3080, 6250, 3802, 10240, 97, 98
2026/07/30 23:25:30.944, 0, NVIDIA GeForce RTX 3080, 6250, 3802, 10240, 97, 98
2026/07/30 23:25:31.055, 0, NVIDIA GeForce RTX 3080, 6250, 3802, 10240, 97, 98
2026/07/30 23:25:31.166, 0, NVIDIA GeForce RTX 3080, 6250, 3802, 10240, 97, 98
2026/07/30 23:25:31.278, 0, NVIDIA GeForce RTX 3080, 6250, 3802, 10240, 96, 98
2026/07/30 23:25:31.391, 0, NVIDIA GeForce RTX 3080, 6250, 3802, 10240, 96, 98
2026/07/30 23:25:31.503, 0, NVIDIA GeForce RTX 3080, 6250, 3802, 10240, 96, 98
2026/07/30 23:25:31.613, 0, NVIDIA GeForce RTX 3080, 6250, 3802, 10240, 96, 98
2026/07/30 23:25:31.725, 0, NVIDIA GeForce RTX 3080, 6250, 3802, 10240, 96, 98
2026/07/30 23:25:31.836, 0, NVIDIA GeForce RTX 3080, 6250, 3802, 10240, 96, 98
2026/07/30 23:25:31.948, 0, NVIDIA GeForce RTX 3080, 6250, 3802, 10240, 96, 98
2026/07/30 23:25:32.060, 0, NVIDIA GeForce RTX 3080, 6250, 3802, 10240, 96, 98
2026/07/30 23:25:32.172, 0, NVIDIA GeForce RTX 3080, 6250, 3802, 10240, 96, 98
2026/07/30 23:25:32.283, 0, NVIDIA GeForce RTX 3080, 6250, 3802, 10240, 95, 98
2026/07/30 23:25:32.395, 0, NVIDIA GeForce RTX 3080, 6250, 3802, 10240, 95, 98
2026/07/30 23:25:32.507, 0, NVIDIA GeForce RTX 3080, 6250, 3802, 10240, 95, 98
2026/07/30 23:25:32.619, 0, NVIDIA GeForce RTX 3080, 6250, 3802, 10240, 95, 98
2026/07/30 23:25:32.731, 0, NVIDIA GeForce RTX 3080, 6250, 3802, 10240, 95, 98
2026/07/30 23:25:32.843, 0, NVIDIA GeForce RTX 3080, 6250, 3802, 10240, 95, 98
2026/07/30 23:25:32.953, 0, NVIDIA GeForce RTX 3080, 6250, 3802, 10240, 95, 98
2026/07/30 23:25:33.062, 0, NVIDIA GeForce RTX 3080, 6250, 3802, 10240, 95, 98
2026/07/30 23:25:33.173, 0, NVIDIA GeForce RTX 3080, 6250, 3802, 10240, 95, 98
2026/07/30 23:25:33.283, 0, NVIDIA GeForce RTX 3080, 6250, 3802, 10240, 95, 97
2026/07/30 23:25:33.392, 0, NVIDIA GeForce RTX 3080, 6250, 3802, 10240, 95, 97
2026/07/30 23:25:33.501, 0, NVIDIA GeForce RTX 3080, 6250, 3802, 10240, 95, 97
2026/07/30 23:25:33.611, 0, NVIDIA GeForce RTX 3080, 6250, 3802, 10240, 95, 97
2026/07/30 23:25:33.721, 0, NVIDIA GeForce RTX 3080, 6250, 3802, 10240, 95, 97
2026/07/30 23:25:33.833, 0, NVIDIA GeForce RTX 3080, 6250, 3802, 10240, 91, 95
2026/07/30 23:25:33.945, 0, NVIDIA GeForce RTX 3080, 6250, 3802, 10240, 91, 95
2026/07/30 23:25:34.057, 0, NVIDIA GeForce RTX 3080, 6250, 3802, 10240, 91, 95
2026/07/30 23:25:34.169, 0, NVIDIA GeForce RTX 3080, 6250, 3802, 10240, 91, 95
2026/07/30 23:25:34.281, 0, NVIDIA GeForce RTX 3080, 6250, 3802, 10240, 97, 98
2026/07/30 23:25:34.393, 0, NVIDIA GeForce RTX 3080, 6250, 3802, 10240, 97, 98
2026/07/30 23:25:34.505, 0, NVIDIA GeForce RTX 3080, 6250, 3802, 10240, 97, 98
2026/07/30 23:25:34.617, 0, NVIDIA GeForce RTX 3080, 6250, 3802, 10240, 97, 98
2026/07/30 23:25:34.729, 0, NVIDIA GeForce RTX 3080, 6250, 3802, 10240, 97, 98
2026/07/30 23:25:34.841, 0, NVIDIA GeForce RTX 3080, 6250, 3802, 10240, 96, 97
2026/07/30 23:25:34.953, 0, NVIDIA GeForce RTX 3080, 6250, 3802, 10240, 96, 97
2026/07/30 23:25:35.065, 0, NVIDIA GeForce RTX 3080, 6250, 3802, 10240, 96, 97
2026/07/30 23:25:35.176, 0, NVIDIA GeForce RTX 3080, 6250, 3802, 10240, 96, 97
2026/07/30 23:25:35.288, 0, NVIDIA GeForce RTX 3080, 6250, 3802, 10240, 96, 98
2026/07/30 23:25:35.400, 0, NVIDIA GeForce RTX 3080, 6250, 3802, 10240, 96, 98
2026/07/30 23:25:35.512, 0, NVIDIA GeForce RTX 3080, 6250, 3802, 10240, 96, 98
2026/07/30 23:25:35.624, 0, NVIDIA GeForce RTX 3080, 6250, 3802, 10240, 96, 98
2026/07/30 23:25:35.736, 0, NVIDIA GeForce RTX 3080, 6250, 3802, 10240, 96, 98
2026/07/30 23:25:35.848, 0, NVIDIA GeForce RTX 3080, 6250, 3802, 10240, 98, 98
2026/07/30 23:25:35.960, 0, NVIDIA GeForce RTX 3080, 6250, 3802, 10240, 98, 98
2026/07/30 23:25:36.073, 0, NVIDIA GeForce RTX 3080, 6250, 3802, 10240, 98, 98
2026/07/30 23:25:36.184, 0, NVIDIA GeForce RTX 3080, 6250, 3802, 10240, 98, 98
2026/07/30 23:25:36.296, 0, NVIDIA GeForce RTX 3080, 6250, 3802, 10240, 98, 98
2026/07/30 23:25:36.408, 0, NVIDIA GeForce RTX 3080, 6250, 3802, 10240, 98, 98
2026/07/30 23:25:36.520, 0, NVIDIA GeForce RTX 3080, 6250, 3802, 10240, 98, 98
2026/07/30 23:25:36.632, 0, NVIDIA GeForce RTX 3080, 6250, 3802, 10240, 98, 98
2026/07/30 23:25:36.744, 0, NVIDIA GeForce RTX 3080, 6250, 3802, 10240, 98, 98
2026/07/30 23:25:36.856, 0, NVIDIA GeForce RTX 3080, 6250, 3802, 10240, 96, 96
2026/07/30 23:25:36.968, 0, NVIDIA GeForce RTX 3080, 6250, 3802, 10240, 96, 96
2026/07/30 23:25:37.080, 0, NVIDIA GeForce RTX 3080, 6250, 3802, 10240, 96, 96
2026/07/30 23:25:37.192, 0, NVIDIA GeForce RTX 3080, 6250, 3802, 10240, 96, 96
2026/07/30 23:25:37.304, 0, NVIDIA GeForce RTX 3080, 6250, 3802, 10240, 98, 98
2026/07/30 23:25:37.415, 0, NVIDIA GeForce RTX 3080, 6250, 3802, 10240, 98, 98
2026/07/30 23:25:37.527, 0, NVIDIA GeForce RTX 3080, 6250, 3802, 10240, 98, 98
2026/07/30 23:25:37.639, 0, NVIDIA GeForce RTX 3080, 6250, 3802, 10240, 98, 98
2026/07/30 23:25:37.751, 0, NVIDIA GeForce RTX 3080, 6250, 3802, 10240, 98, 98
2026/07/30 23:25:37.862, 0, NVIDIA GeForce RTX 3080, 6250, 3802, 10240, 96, 98
2026/07/30 23:25:37.972, 0, NVIDIA GeForce RTX 3080, 6250, 3802, 10240, 96, 98
2026/07/30 23:25:38.082, 0, NVIDIA GeForce RTX 3080, 6250, 3802, 10240, 96, 98
2026/07/30 23:25:38.191, 0, NVIDIA GeForce RTX 3080, 6250, 3802, 10240, 96, 98
2026/07/30 23:25:38.301, 0, NVIDIA GeForce RTX 3080, 6250, 3802, 10240, 96, 98
2026/07/30 23:25:38.411, 0, NVIDIA GeForce RTX 3080, 6250, 3802, 10240, 96, 98
2026/07/30 23:25:38.520, 0, NVIDIA GeForce RTX 3080, 6250, 3802, 10240, 96, 98
2026/07/30 23:25:38.631, 0, NVIDIA GeForce RTX 3080, 6250, 3802, 10240, 96, 98
2026/07/30 23:25:38.743, 0, NVIDIA GeForce RTX 3080, 6250, 3802, 10240, 96, 98
2026/07/30 23:25:38.855, 0, NVIDIA GeForce RTX 3080, 6250, 3802, 10240, 95, 98
2026/07/30 23:25:38.965, 0, NVIDIA GeForce RTX 3080, 6250, 3802, 10240, 95, 98
2026/07/30 23:25:39.077, 0, NVIDIA GeForce RTX 3080, 6250, 3802, 10240, 95, 98
2026/07/30 23:25:39.188, 0, NVIDIA GeForce RTX 3080, 6250, 3802, 10240, 95, 98
2026/07/30 23:25:39.300, 0, NVIDIA GeForce RTX 3080, 6250, 3802, 10240, 95, 97
2026/07/30 23:25:39.411, 0, NVIDIA GeForce RTX 3080, 6250, 3802, 10240, 95, 97
2026/07/30 23:25:39.523, 0, NVIDIA GeForce RTX 3080, 6250, 3802, 10240, 95, 97
2026/07/30 23:25:39.634, 0, NVIDIA GeForce RTX 3080, 6250, 3802, 10240, 95, 97
2026/07/30 23:25:39.746, 0, NVIDIA GeForce RTX 3080, 6250, 3802, 10240, 95, 97
2026/07/30 23:25:39.858, 0, NVIDIA GeForce RTX 3080, 6250, 3802, 10240, 97, 98
2026/07/30 23:25:39.969, 0, NVIDIA GeForce RTX 3080, 6250, 3802, 10240, 97, 98
2026/07/30 23:25:40.077, 0, NVIDIA GeForce RTX 3080, 6250, 3802, 10240, 97, 98
2026/07/30 23:25:40.185, 0, NVIDIA GeForce RTX 3080, 6250, 3802, 10240, 97, 98
2026/07/30 23:25:40.296, 0, NVIDIA GeForce RTX 3080, 6250, 3802, 10240, 98, 98
2026/07/30 23:25:40.407, 0, NVIDIA GeForce RTX 3080, 6250, 3802, 10240, 98, 98
2026/07/30 23:25:40.519, 0, NVIDIA GeForce RTX 3080, 6250, 3802, 10240, 98, 98
2026/07/30 23:25:40.630, 0, NVIDIA GeForce RTX 3080, 6250, 3802, 10240, 98, 98
2026/07/30 23:25:40.742, 0, NVIDIA GeForce RTX 3080, 6250, 3802, 10240, 98, 98
2026/07/30 23:25:40.854, 0, NVIDIA GeForce RTX 3080, 6250, 3802, 10240, 97, 98
2026/07/30 23:25:40.965, 0, NVIDIA GeForce RTX 3080, 6250, 3802, 10240, 97, 98
2026/07/30 23:25:41.077, 0, NVIDIA GeForce RTX 3080, 6250, 3802, 10240, 97, 98
2026/07/30 23:25:41.188, 0, NVIDIA GeForce RTX 3080, 6250, 3802, 10240, 97, 98
2026/07/30 23:25:41.300, 0, NVIDIA GeForce RTX 3080, 6250, 3802, 10240, 97, 98
2026/07/30 23:25:41.413, 0, NVIDIA GeForce RTX 3080, 6250, 3802, 10240, 97, 98
2026/07/30 23:25:41.524, 0, NVIDIA GeForce RTX 3080, 6250, 3802, 10240, 97, 98
2026/07/30 23:25:41.636, 0, NVIDIA GeForce RTX 3080, 6250, 3802, 10240, 97, 98
2026/07/30 23:25:41.748, 0, NVIDIA GeForce RTX 3080, 6250, 3802, 10240, 97, 98
2026/07/30 23:25:41.859, 0, NVIDIA GeForce RTX 3080, 6250, 3802, 10240, 95, 98
2026/07/30 23:25:41.971, 0, NVIDIA GeForce RTX 3080, 6250, 3802, 10240, 95, 98
2026/07/30 23:25:42.083, 0, NVIDIA GeForce RTX 3080, 6250, 3802, 10240, 95, 98
2026/07/30 23:25:42.195, 0, NVIDIA GeForce RTX 3080, 6250, 3802, 10240, 95, 98
2026/07/30 23:25:42.307, 0, NVIDIA GeForce RTX 3080, 6250, 3802, 10240, 95, 98
2026/07/30 23:25:42.419, 0, NVIDIA GeForce RTX 3080, 6250, 3802, 10240, 95, 98
2026/07/30 23:25:42.531, 0, NVIDIA GeForce RTX 3080, 6250, 3802, 10240, 95, 98
2026/07/30 23:25:42.643, 0, NVIDIA GeForce RTX 3080, 6250, 3802, 10240, 95, 98
2026/07/30 23:25:42.755, 0, NVIDIA GeForce RTX 3080, 6250, 3802, 10240, 95, 98
2026/07/30 23:25:42.867, 0, NVIDIA GeForce RTX 3080, 6250, 3802, 10240, 96, 98
2026/07/30 23:25:42.979, 0, NVIDIA GeForce RTX 3080, 6250, 3802, 10240, 96, 98
2026/07/30 23:25:43.091, 0, NVIDIA GeForce RTX 3080, 6250, 3802, 10240, 96, 98
2026/07/30 23:25:43.203, 0, NVIDIA GeForce RTX 3080, 6250, 3802, 10240, 96, 98
2026/07/30 23:25:43.316, 0, NVIDIA GeForce RTX 3080, 6250, 3802, 10240, 96, 98
2026/07/30 23:25:43.427, 0, NVIDIA GeForce RTX 3080, 6250, 3802, 10240, 96, 98
2026/07/30 23:25:43.539, 0, NVIDIA GeForce RTX 3080, 6250, 3802, 10240, 96, 98
2026/07/30 23:25:43.650, 0, NVIDIA GeForce RTX 3080, 6250, 3802, 10240, 96, 98
2026/07/30 23:25:43.762, 0, NVIDIA GeForce RTX 3080, 6250, 3802, 10240, 96, 98
2026/07/30 23:25:43.874, 0, NVIDIA GeForce RTX 3080, 6250, 3802, 10240, 97, 98
2026/07/30 23:25:43.986, 0, NVIDIA GeForce RTX 3080, 6250, 3802, 10240, 97, 98
2026/07/30 23:25:44.097, 0, NVIDIA GeForce RTX 3080, 6250, 3802, 10240, 97, 98
2026/07/30 23:25:44.207, 0, NVIDIA GeForce RTX 3080, 6250, 3802, 10240, 97, 98
2026/07/30 23:25:44.319, 0, NVIDIA GeForce RTX 3080, 6250, 3802, 10240, 97, 98
2026/07/30 23:25:44.431, 0, NVIDIA GeForce RTX 3080, 6250, 3802, 10240, 97, 98
2026/07/30 23:25:44.543, 0, NVIDIA GeForce RTX 3080, 6250, 3802, 10240, 97, 98
2026/07/30 23:25:44.655, 0, NVIDIA GeForce RTX 3080, 6250, 3802, 10240, 97, 98
2026/07/30 23:25:44.768, 0, NVIDIA GeForce RTX 3080, 6250, 3802, 10240, 97, 98
2026/07/30 23:25:44.880, 0, NVIDIA GeForce RTX 3080, 6250, 3802, 10240, 97, 98
2026/07/30 23:25:44.989, 0, NVIDIA GeForce RTX 3080, 6250, 3802, 10240, 97, 98
2026/07/30 23:25:45.099, 0, NVIDIA GeForce RTX 3080, 6250, 3802, 10240, 97, 98
2026/07/30 23:25:45.209, 0, NVIDIA GeForce RTX 3080, 6250, 3802, 10240, 97, 98
2026/07/30 23:25:45.319, 0, NVIDIA GeForce RTX 3080, 6250, 3802, 10240, 96, 97
2026/07/30 23:25:45.430, 0, NVIDIA GeForce RTX 3080, 6250, 3802, 10240, 96, 97
2026/07/30 23:25:45.541, 0, NVIDIA GeForce RTX 3080, 6250, 3802, 10240, 96, 97
2026/07/30 23:25:45.652, 0, NVIDIA GeForce RTX 3080, 6250, 3802, 10240, 96, 97
2026/07/30 23:25:45.764, 0, NVIDIA GeForce RTX 3080, 6250, 3802, 10240, 96, 97
2026/07/30 23:25:45.875, 0, NVIDIA GeForce RTX 3080, 6250, 3802, 10240, 95, 98
2026/07/30 23:25:45.987, 0, NVIDIA GeForce RTX 3080, 6250, 3802, 10240, 95, 98
2026/07/30 23:25:46.098, 0, NVIDIA GeForce RTX 3080, 6250, 3802, 10240, 95, 98
2026/07/30 23:25:46.210, 0, NVIDIA GeForce RTX 3080, 6250, 3802, 10240, 95, 98
2026/07/30 23:25:46.322, 0, NVIDIA GeForce RTX 3080, 6250, 3802, 10240, 95, 98
2026/07/30 23:25:46.434, 0, NVIDIA GeForce RTX 3080, 6250, 3802, 10240, 95, 98
2026/07/30 23:25:46.546, 0, NVIDIA GeForce RTX 3080, 6250, 3802, 10240, 95, 98
2026/07/30 23:25:46.658, 0, NVIDIA GeForce RTX 3080, 6250, 3802, 10240, 95, 98
2026/07/30 23:25:46.770, 0, NVIDIA GeForce RTX 3080, 6250, 3802, 10240, 95, 98
2026/07/30 23:25:46.882, 0, NVIDIA GeForce RTX 3080, 6250, 3802, 10240, 95, 98
2026/07/30 23:25:46.994, 0, NVIDIA GeForce RTX 3080, 6250, 3802, 10240, 95, 98
2026/07/30 23:25:47.106, 0, NVIDIA GeForce RTX 3080, 6250, 3802, 10240, 95, 98
2026/07/30 23:25:47.218, 0, NVIDIA GeForce RTX 3080, 6250, 3802, 10240, 95, 98
2026/07/30 23:25:47.329, 0, NVIDIA GeForce RTX 3080, 6250, 3802, 10240, 95, 98
2026/07/30 23:25:47.441, 0, NVIDIA GeForce RTX 3080, 6250, 3802, 10240, 95, 98
2026/07/30 23:25:47.553, 0, NVIDIA GeForce RTX 3080, 6250, 3802, 10240, 95, 98
2026/07/30 23:25:47.665, 0, NVIDIA GeForce RTX 3080, 6250, 3802, 10240, 95, 98
2026/07/30 23:25:47.777, 0, NVIDIA GeForce RTX 3080, 6250, 3802, 10240, 91, 95
2026/07/30 23:25:47.888, 0, NVIDIA GeForce RTX 3080, 6250, 3802, 10240, 91, 95
2026/07/30 23:25:48.000, 0, NVIDIA GeForce RTX 3080, 6250, 3802, 10240, 91, 95
2026/07/30 23:25:48.112, 0, NVIDIA GeForce RTX 3080, 6250, 3802, 10240, 91, 95
2026/07/30 23:25:48.222, 0, NVIDIA GeForce RTX 3080, 6250, 3802, 10240, 91, 95
2026/07/30 23:25:48.334, 0, NVIDIA GeForce RTX 3080, 6250, 3802, 10240, 97, 98
2026/07/30 23:25:48.446, 0, NVIDIA GeForce RTX 3080, 6250, 3802, 10240, 97, 98
2026/07/30 23:25:48.558, 0, NVIDIA GeForce RTX 3080, 6250, 3802, 10240, 97, 98
2026/07/30 23:25:48.670, 0, NVIDIA GeForce RTX 3080, 6250, 3802, 10240, 97, 98
2026/07/30 23:25:48.782, 0, NVIDIA GeForce RTX 3080, 6250, 3802, 10240, 97, 98
2026/07/30 23:25:48.894, 0, NVIDIA GeForce RTX 3080, 6250, 3802, 10240, 97, 98
2026/07/30 23:25:49.006, 0, NVIDIA GeForce RTX 3080, 6250, 3802, 10240, 97, 98
2026/07/30 23:25:49.118, 0, NVIDIA GeForce RTX 3080, 6250, 3802, 10240, 97, 98
2026/07/30 23:25:49.230, 0, NVIDIA GeForce RTX 3080, 6250, 3802, 10240, 97, 98
2026/07/30 23:25:49.342, 0, NVIDIA GeForce RTX 3080, 6250, 3802, 10240, 97, 98
2026/07/30 23:25:49.454, 0, NVIDIA GeForce RTX 3080, 6250, 3802, 10240, 97, 98
2026/07/30 23:25:49.565, 0, NVIDIA GeForce RTX 3080, 6250, 3802, 10240, 97, 98
2026/07/30 23:25:49.677, 0, NVIDIA GeForce RTX 3080, 6250, 3802, 10240, 97, 98
2026/07/30 23:25:49.789, 0, NVIDIA GeForce RTX 3080, 6250, 3802, 10240, 98, 98
2026/07/30 23:25:49.901, 0, NVIDIA GeForce RTX 3080, 6250, 3802, 10240, 98, 98
2026/07/30 23:25:50.013, 0, NVIDIA GeForce RTX 3080, 6250, 3802, 10240, 98, 98
2026/07/30 23:25:50.125, 0, NVIDIA GeForce RTX 3080, 6250, 3802, 10240, 98, 98
2026/07/30 23:25:50.236, 0, NVIDIA GeForce RTX 3080, 6250, 3802, 10240, 98, 98
2026/07/30 23:25:50.348, 0, NVIDIA GeForce RTX 3080, 6250, 3802, 10240, 98, 98
2026/07/30 23:25:50.461, 0, NVIDIA GeForce RTX 3080, 6250, 3802, 10240, 98, 98
2026/07/30 23:25:50.573, 0, NVIDIA GeForce RTX 3080, 6250, 3802, 10240, 98, 98
2026/07/30 23:25:50.683, 0, NVIDIA GeForce RTX 3080, 6250, 3802, 10240, 98, 98
2026/07/30 23:25:50.795, 0, NVIDIA GeForce RTX 3080, 6250, 3802, 10240, 97, 97
2026/07/30 23:25:50.907, 0, NVIDIA GeForce RTX 3080, 6250, 3802, 10240, 97, 97
2026/07/30 23:25:51.016, 0, NVIDIA GeForce RTX 3080, 6250, 3802, 10240, 97, 97
2026/07/30 23:25:51.126, 0, NVIDIA GeForce RTX 3080, 6250, 3802, 10240, 97, 97
2026/07/30 23:25:51.233, 0, NVIDIA GeForce RTX 3080, 6250, 3802, 10240, 97, 97
2026/07/30 23:25:51.343, 0, NVIDIA GeForce RTX 3080, 6250, 3802, 10240, 98, 98
2026/07/30 23:25:51.452, 0, NVIDIA GeForce RTX 3080, 6250, 3802, 10240, 98, 98
2026/07/30 23:25:51.562, 0, NVIDIA GeForce RTX 3080, 6250, 3802, 10240, 98, 98
2026/07/30 23:25:51.670, 0, NVIDIA GeForce RTX 3080, 6250, 3802, 10240, 98, 98
2026/07/30 23:25:51.778, 0, NVIDIA GeForce RTX 3080, 6250, 3802, 10240, 95, 98
2026/07/30 23:25:51.889, 0, NVIDIA GeForce RTX 3080, 6250, 3802, 10240, 95, 98
2026/07/30 23:25:52.001, 0, NVIDIA GeForce RTX 3080, 6250, 3802, 10240, 95, 98
2026/07/30 23:25:52.113, 0, NVIDIA GeForce RTX 3080, 6250, 3802, 10240, 95, 98
2026/07/30 23:25:52.224, 0, NVIDIA GeForce RTX 3080, 6250, 3802, 10240, 95, 98
2026/07/30 23:25:52.336, 0, NVIDIA GeForce RTX 3080, 6250, 3802, 10240, 95, 98
2026/07/30 23:25:52.447, 0, NVIDIA GeForce RTX 3080, 6250, 3802, 10240, 95, 98
2026/07/30 23:25:52.559, 0, NVIDIA GeForce RTX 3080, 6250, 3802, 10240, 95, 98
2026/07/30 23:25:52.671, 0, NVIDIA GeForce RTX 3080, 6250, 3802, 10240, 95, 98
2026/07/30 23:25:52.783, 0, NVIDIA GeForce RTX 3080, 6250, 3802, 10240, 94, 96
2026/07/30 23:25:52.895, 0, NVIDIA GeForce RTX 3080, 6250, 3802, 10240, 94, 96
2026/07/30 23:25:53.005, 0, NVIDIA GeForce RTX 3080, 6250, 3802, 10240, 94, 96
2026/07/30 23:25:53.115, 0, NVIDIA GeForce RTX 3080, 6250, 3802, 10240, 94, 96
2026/07/30 23:25:53.224, 0, NVIDIA GeForce RTX 3080, 6250, 3802, 10240, 94, 96
2026/07/30 23:25:53.334, 0, NVIDIA GeForce RTX 3080, 6250, 3802, 10240, 96, 98
2026/07/30 23:25:53.443, 0, NVIDIA GeForce RTX 3080, 6250, 3802, 10240, 96, 98
2026/07/30 23:25:53.554, 0, NVIDIA GeForce RTX 3080, 6250, 3802, 10240, 96, 98
2026/07/30 23:25:53.665, 0, NVIDIA GeForce RTX 3080, 6250, 3802, 10240, 96, 98
2026/07/30 23:25:53.777, 0, NVIDIA GeForce RTX 3080, 6250, 3802, 10240, 98, 98
2026/07/30 23:25:53.887, 0, NVIDIA GeForce RTX 3080, 6250, 3802, 10240, 98, 98
2026/07/30 23:25:54.000, 0, NVIDIA GeForce RTX 3080, 6250, 3802, 10240, 98, 98
2026/07/30 23:25:54.111, 0, NVIDIA GeForce RTX 3080, 6250, 3802, 10240, 98, 98
2026/07/30 23:25:54.222, 0, NVIDIA GeForce RTX 3080, 6250, 3802, 10240, 98, 98
2026/07/30 23:25:54.334, 0, NVIDIA GeForce RTX 3080, 6250, 3802, 10240, 97, 98
2026/07/30 23:25:54.445, 0, NVIDIA GeForce RTX 3080, 6250, 3802, 10240, 97, 98
2026/07/30 23:25:54.555, 0, NVIDIA GeForce RTX 3080, 6250, 3802, 10240, 97, 98
2026/07/30 23:25:54.667, 0, NVIDIA GeForce RTX 3080, 6250, 3802, 10240, 97, 98
2026/07/30 23:25:54.778, 0, NVIDIA GeForce RTX 3080, 6250, 3802, 10240, 97, 98
2026/07/30 23:25:54.890, 0, NVIDIA GeForce RTX 3080, 6250, 3802, 10240, 97, 98
2026/07/30 23:25:55.002, 0, NVIDIA GeForce RTX 3080, 6250, 3802, 10240, 97, 98
2026/07/30 23:25:55.114, 0, NVIDIA GeForce RTX 3080, 6250, 3802, 10240, 97, 98
2026/07/30 23:25:55.226, 0, NVIDIA GeForce RTX 3080, 6250, 3802, 10240, 97, 98
2026/07/30 23:25:55.338, 0, NVIDIA GeForce RTX 3080, 6250, 3802, 10240, 97, 98
2026/07/30 23:25:55.450, 0, NVIDIA GeForce RTX 3080, 6250, 3802, 10240, 97, 98
2026/07/30 23:25:55.562, 0, NVIDIA GeForce RTX 3080, 6250, 3802, 10240, 97, 98
2026/07/30 23:25:55.674, 0, NVIDIA GeForce RTX 3080, 6250, 3802, 10240, 97, 98
2026/07/30 23:25:55.786, 0, NVIDIA GeForce RTX 3080, 6250, 3802, 10240, 96, 98
2026/07/30 23:25:55.898, 0, NVIDIA GeForce RTX 3080, 6250, 3802, 10240, 96, 98
2026/07/30 23:25:56.010, 0, NVIDIA GeForce RTX 3080, 6250, 3802, 10240, 96, 98
2026/07/30 23:25:56.122, 0, NVIDIA GeForce RTX 3080, 6250, 3802, 10240, 96, 98
2026/07/30 23:25:56.234, 0, NVIDIA GeForce RTX 3080, 6250, 3802, 10240, 96, 98
2026/07/30 23:25:56.346, 0, NVIDIA GeForce RTX 3080, 6250, 3802, 10240, 96, 98
2026/07/30 23:25:56.458, 0, NVIDIA GeForce RTX 3080, 6250, 3802, 10240, 96, 98
2026/07/30 23:25:56.570, 0, NVIDIA GeForce RTX 3080, 6250, 3802, 10240, 96, 98
2026/07/30 23:25:56.682, 0, NVIDIA GeForce RTX 3080, 6250, 3802, 10240, 96, 98
2026/07/30 23:25:56.794, 0, NVIDIA GeForce RTX 3080, 6250, 3802, 10240, 95, 98
2026/07/30 23:25:56.906, 0, NVIDIA GeForce RTX 3080, 6250, 3802, 10240, 95, 98
2026/07/30 23:25:57.018, 0, NVIDIA GeForce RTX 3080, 6250, 3802, 10240, 95, 98
2026/07/30 23:25:57.130, 0, NVIDIA GeForce RTX 3080, 6250, 3802, 10240, 95, 98
2026/07/30 23:25:57.243, 0, NVIDIA GeForce RTX 3080, 6250, 3802, 10240, 95, 98
2026/07/30 23:25:57.354, 0, NVIDIA GeForce RTX 3080, 6250, 3802, 10240, 95, 98
2026/07/30 23:25:57.466, 0, NVIDIA GeForce RTX 3080, 6250, 3802, 10240, 95, 98
2026/07/30 23:25:57.578, 0, NVIDIA GeForce RTX 3080, 6250, 3802, 10240, 95, 98
2026/07/30 23:25:57.688, 0, NVIDIA GeForce RTX 3080, 6250, 3802, 10240, 95, 98
2026/07/30 23:25:57.799, 0, NVIDIA GeForce RTX 3080, 6250, 3802, 10240, 97, 98
2026/07/30 23:25:57.911, 0, NVIDIA GeForce RTX 3080, 6250, 3802, 10240, 97, 98
2026/07/30 23:25:58.019, 0, NVIDIA GeForce RTX 3080, 6250, 3802, 10240, 97, 98
2026/07/30 23:25:58.128, 0, NVIDIA GeForce RTX 3080, 6250, 3802, 10240, 97, 98
2026/07/30 23:25:58.238, 0, NVIDIA GeForce RTX 3080, 6250, 3802, 10240, 97, 98
2026/07/30 23:25:58.346, 0, NVIDIA GeForce RTX 3080, 6250, 3802, 10240, 97, 98
2026/07/30 23:25:58.456, 0, NVIDIA GeForce RTX 3080, 6250, 3802, 10240, 97, 98
2026/07/30 23:25:58.567, 0, NVIDIA GeForce RTX 3080, 6250, 3802, 10240, 97, 98
2026/07/30 23:25:58.679, 0, NVIDIA GeForce RTX 3080, 6250, 3802, 10240, 97, 98
2026/07/30 23:25:58.790, 0, NVIDIA GeForce RTX 3080, 6250, 3802, 10240, 97, 98
2026/07/30 23:25:58.902, 0, NVIDIA GeForce RTX 3080, 6250, 3802, 10240, 97, 98
2026/07/30 23:25:59.013, 0, NVIDIA GeForce RTX 3080, 6250, 3802, 10240, 97, 98
2026/07/30 23:25:59.125, 0, NVIDIA GeForce RTX 3080, 6250, 3802, 10240, 97, 98
2026/07/30 23:25:59.237, 0, NVIDIA GeForce RTX 3080, 6250, 3802, 10240, 97, 98
2026/07/30 23:25:59.347, 0, NVIDIA GeForce RTX 3080, 6250, 3802, 10240, 95, 96
2026/07/30 23:25:59.458, 0, NVIDIA GeForce RTX 3080, 6250, 3802, 10240, 95, 96
2026/07/30 23:25:59.570, 0, NVIDIA GeForce RTX 3080, 6250, 3802, 10240, 95, 96
2026/07/30 23:25:59.682, 0, NVIDIA GeForce RTX 3080, 6250, 3802, 10240, 95, 96
2026/07/30 23:25:59.794, 0, NVIDIA GeForce RTX 3080, 6250, 3802, 10240, 94, 97
2026/07/30 23:25:59.905, 0, NVIDIA GeForce RTX 3080, 6250, 3802, 10240, 94, 97
2026/07/30 23:26:00.014, 0, NVIDIA GeForce RTX 3080, 6250, 3802, 10240, 94, 97
2026/07/30 23:26:00.124, 0, NVIDIA GeForce RTX 3080, 6250, 3802, 10240, 94, 97
2026/07/30 23:26:00.235, 0, NVIDIA GeForce RTX 3080, 6250, 3802, 10240, 94, 97
2026/07/30 23:26:00.346, 0, NVIDIA GeForce RTX 3080, 6250, 3802, 10240, 95, 98
2026/07/30 23:26:00.457, 0, NVIDIA GeForce RTX 3080, 6250, 3802, 10240, 95, 98
2026/07/30 23:26:00.569, 0, NVIDIA GeForce RTX 3080, 6250, 3802, 10240, 95, 98
2026/07/30 23:26:00.681, 0, NVIDIA GeForce RTX 3080, 6250, 3802, 10240, 95, 98
2026/07/30 23:26:00.792, 0, NVIDIA GeForce RTX 3080, 6250, 3802, 10240, 95, 98
2026/07/30 23:26:00.905, 0, NVIDIA GeForce RTX 3080, 6250, 3802, 10240, 95, 98
2026/07/30 23:26:01.016, 0, NVIDIA GeForce RTX 3080, 6250, 3802, 10240, 95, 98
2026/07/30 23:26:01.127, 0, NVIDIA GeForce RTX 3080, 6250, 3802, 10240, 95, 98
2026/07/30 23:26:01.237, 0, NVIDIA GeForce RTX 3080, 6250, 3802, 10240, 95, 98
2026/07/30 23:26:01.349, 0, NVIDIA GeForce RTX 3080, 6250, 3802, 10240, 95, 98
2026/07/30 23:26:01.460, 0, NVIDIA GeForce RTX 3080, 6250, 3802, 10240, 95, 98
2026/07/30 23:26:01.571, 0, NVIDIA GeForce RTX 3080, 6250, 3802, 10240, 95, 98
2026/07/30 23:26:01.682, 0, NVIDIA GeForce RTX 3080, 6250, 3802, 10240, 95, 98
2026/07/30 23:26:01.794, 0, NVIDIA GeForce RTX 3080, 6250, 3802, 10240, 90, 95
2026/07/30 23:26:01.906, 0, NVIDIA GeForce RTX 3080, 6250, 3802, 10240, 90, 95
2026/07/30 23:26:02.018, 0, NVIDIA GeForce RTX 3080, 6250, 3802, 10240, 90, 95
2026/07/30 23:26:02.130, 0, NVIDIA GeForce RTX 3080, 6250, 3802, 10240, 90, 95
2026/07/30 23:26:02.242, 0, NVIDIA GeForce RTX 3080, 6250, 3802, 10240, 90, 95
2026/07/30 23:26:02.354, 0, NVIDIA GeForce RTX 3080, 6250, 3802, 10240, 96, 98
2026/07/30 23:26:02.466, 0, NVIDIA GeForce RTX 3080, 6250, 3802, 10240, 96, 98
2026/07/30 23:26:02.578, 0, NVIDIA GeForce RTX 3080, 6250, 3802, 10240, 96, 98
2026/07/30 23:26:02.690, 0, NVIDIA GeForce RTX 3080, 6250, 3802, 10240, 96, 98
2026/07/30 23:26:02.802, 0, NVIDIA GeForce RTX 3080, 6250, 3802, 10240, 97, 98
2026/07/30 23:26:02.914, 0, NVIDIA GeForce RTX 3080, 6250, 3802, 10240, 97, 98
2026/07/30 23:26:03.026, 0, NVIDIA GeForce RTX 3080, 6250, 3802, 10240, 97, 98
2026/07/30 23:26:03.138, 0, NVIDIA GeForce RTX 3080, 6250, 3802, 10240, 97, 98
2026/07/30 23:26:03.249, 0, NVIDIA GeForce RTX 3080, 6250, 3802, 10240, 97, 98
2026/07/30 23:26:03.361, 0, NVIDIA GeForce RTX 3080, 6250, 3802, 10240, 96, 98
2026/07/30 23:26:03.473, 0, NVIDIA GeForce RTX 3080, 6250, 3802, 10240, 96, 98
2026/07/30 23:26:03.585, 0, NVIDIA GeForce RTX 3080, 6250, 3802, 10240, 96, 98
2026/07/30 23:26:03.698, 0, NVIDIA GeForce RTX 3080, 6250, 3802, 10240, 96, 98
2026/07/30 23:26:03.809, 0, NVIDIA GeForce RTX 3080, 6250, 3802, 10240, 98, 98
2026/07/30 23:26:03.921, 0, NVIDIA GeForce RTX 3080, 6250, 3802, 10240, 98, 98
2026/07/30 23:26:04.033, 0, NVIDIA GeForce RTX 3080, 6250, 3802, 10240, 98, 98
2026/07/30 23:26:04.145, 0, NVIDIA GeForce RTX 3080, 6250, 3802, 10240, 98, 98
2026/07/30 23:26:04.257, 0, NVIDIA GeForce RTX 3080, 6250, 3802, 10240, 98, 98
2026/07/30 23:26:04.368, 0, NVIDIA GeForce RTX 3080, 6250, 3802, 10240, 98, 98
2026/07/30 23:26:04.480, 0, NVIDIA GeForce RTX 3080, 6250, 3802, 10240, 98, 98
2026/07/30 23:26:04.592, 0, NVIDIA GeForce RTX 3080, 6250, 3802, 10240, 98, 98
2026/07/30 23:26:04.704, 0, NVIDIA GeForce RTX 3080, 6250, 3802, 10240, 98, 98
2026/07/30 23:26:04.816, 0, NVIDIA GeForce RTX 3080, 6250, 3802, 10240, 98, 98
2026/07/30 23:26:04.927, 0, NVIDIA GeForce RTX 3080, 6250, 3802, 10240, 98, 98
2026/07/30 23:26:05.036, 0, NVIDIA GeForce RTX 3080, 6250, 3802, 10240, 98, 98
2026/07/30 23:26:05.146, 0, NVIDIA GeForce RTX 3080, 6250, 3802, 10240, 98, 98
2026/07/30 23:26:05.258, 0, NVIDIA GeForce RTX 3080, 6250, 3802, 10240, 98, 98
2026/07/30 23:26:05.370, 0, NVIDIA GeForce RTX 3080, 6250, 3802, 10240, 97, 98
2026/07/30 23:26:05.482, 0, NVIDIA GeForce RTX 3080, 6250, 3802, 10240, 97, 98
2026/07/30 23:26:05.593, 0, NVIDIA GeForce RTX 3080, 6250, 3802, 10240, 97, 98
2026/07/30 23:26:05.705, 0, NVIDIA GeForce RTX 3080, 6250, 3802, 10240, 97, 98
2026/07/30 23:26:05.817, 0, NVIDIA GeForce RTX 3080, 6250, 3802, 10240, 96, 98
2026/07/30 23:26:05.928, 0, NVIDIA GeForce RTX 3080, 6250, 3802, 10240, 96, 98
2026/07/30 23:26:06.040, 0, NVIDIA GeForce RTX 3080, 6250, 3802, 10240, 96, 98
2026/07/30 23:26:06.151, 0, NVIDIA GeForce RTX 3080, 6250, 3802, 10240, 96, 98
2026/07/30 23:26:06.263, 0, NVIDIA GeForce RTX 3080, 6250, 3802, 10240, 96, 98
2026/07/30 23:26:06.375, 0, NVIDIA GeForce RTX 3080, 6250, 3802, 10240, 95, 98
2026/07/30 23:26:06.487, 0, NVIDIA GeForce RTX 3080, 6250, 3802, 10240, 95, 98
2026/07/30 23:26:06.599, 0, NVIDIA GeForce RTX 3080, 6250, 3802, 10240, 95, 98
2026/07/30 23:26:06.711, 0, NVIDIA GeForce RTX 3080, 6250, 3802, 10240, 95, 98
2026/07/30 23:26:06.821, 0, NVIDIA GeForce RTX 3080, 6250, 3802, 10240, 94, 96
2026/07/30 23:26:06.933, 0, NVIDIA GeForce RTX 3080, 6250, 3802, 10240, 94, 96
2026/07/30 23:26:07.044, 0, NVIDIA GeForce RTX 3080, 6250, 3802, 10240, 94, 96
2026/07/30 23:26:07.156, 0, NVIDIA GeForce RTX 3080, 6250, 3802, 10240, 94, 96
2026/07/30 23:26:07.268, 0, NVIDIA GeForce RTX 3080, 6250, 3802, 10240, 95, 98
2026/07/30 23:26:07.380, 0, NVIDIA GeForce RTX 3080, 6250, 3802, 10240, 95, 98
2026/07/30 23:26:07.492, 0, NVIDIA GeForce RTX 3080, 6250, 3802, 10240, 95, 98
2026/07/30 23:26:07.604, 0, NVIDIA GeForce RTX 3080, 6250, 3802, 10240, 95, 98
2026/07/30 23:26:07.715, 0, NVIDIA GeForce RTX 3080, 6250, 3802, 10240, 95, 98
2026/07/30 23:26:07.827, 0, NVIDIA GeForce RTX 3080, 6250, 3802, 10240, 97, 98
2026/07/30 23:26:07.939, 0, NVIDIA GeForce RTX 3080, 6250, 3802, 10240, 97, 98
2026/07/30 23:26:08.051, 0, NVIDIA GeForce RTX 3080, 6250, 3802, 10240, 97, 98
2026/07/30 23:26:08.163, 0, NVIDIA GeForce RTX 3080, 6250, 3802, 10240, 97, 98
2026/07/30 23:26:08.274, 0, NVIDIA GeForce RTX 3080, 6250, 3802, 10240, 95, 96
2026/07/30 23:26:08.386, 0, NVIDIA GeForce RTX 3080, 6250, 3802, 10240, 95, 96
2026/07/30 23:26:08.498, 0, NVIDIA GeForce RTX 3080, 6250, 3802, 10240, 95, 96
2026/07/30 23:26:08.610, 0, NVIDIA GeForce RTX 3080, 6250, 3802, 10240, 95, 96
2026/07/30 23:26:08.722, 0, NVIDIA GeForce RTX 3080, 6250, 3802, 10240, 95, 96
2026/07/30 23:26:08.834, 0, NVIDIA GeForce RTX 3080, 6250, 3802, 10240, 97, 98
2026/07/30 23:26:08.946, 0, NVIDIA GeForce RTX 3080, 6250, 3802, 10240, 97, 98
2026/07/30 23:26:09.058, 0, NVIDIA GeForce RTX 3080, 6250, 3802, 10240, 97, 98
2026/07/30 23:26:09.170, 0, NVIDIA GeForce RTX 3080, 6250, 3802, 10240, 97, 98
2026/07/30 23:26:09.282, 0, NVIDIA GeForce RTX 3080, 6250, 3802, 10240, 97, 98
2026/07/30 23:26:09.394, 0, NVIDIA GeForce RTX 3080, 6250, 3802, 10240, 97, 98
2026/07/30 23:26:09.506, 0, NVIDIA GeForce RTX 3080, 6250, 3802, 10240, 97, 98
2026/07/30 23:26:09.618, 0, NVIDIA GeForce RTX 3080, 6250, 3802, 10240, 97, 98
2026/07/30 23:26:09.729, 0, NVIDIA GeForce RTX 3080, 6250, 3802, 10240, 97, 98
2026/07/30 23:26:09.841, 0, NVIDIA GeForce RTX 3080, 6250, 3802, 10240, 96, 98
2026/07/30 23:26:09.953, 0, NVIDIA GeForce RTX 3080, 6250, 3802, 10240, 96, 98
2026/07/30 23:26:10.065, 0, NVIDIA GeForce RTX 3080, 6250, 3802, 10240, 96, 98
2026/07/30 23:26:10.177, 0, NVIDIA GeForce RTX 3080, 6250, 3802, 10240, 96, 98
2026/07/30 23:26:10.289, 0, NVIDIA GeForce RTX 3080, 6250, 3802, 10240, 96, 98
2026/07/30 23:26:10.401, 0, NVIDIA GeForce RTX 3080, 6250, 3802, 10240, 96, 98
2026/07/30 23:26:10.513, 0, NVIDIA GeForce RTX 3080, 6250, 3802, 10240, 96, 98
2026/07/30 23:26:10.624, 0, NVIDIA GeForce RTX 3080, 6250, 3802, 10240, 96, 98
2026/07/30 23:26:10.737, 0, NVIDIA GeForce RTX 3080, 6250, 3802, 10240, 96, 98
2026/07/30 23:26:10.849, 0, NVIDIA GeForce RTX 3080, 6250, 3802, 10240, 96, 98
2026/07/30 23:26:10.961, 0, NVIDIA GeForce RTX 3080, 6250, 3802, 10240, 96, 98
2026/07/30 23:26:11.069, 0, NVIDIA GeForce RTX 3080, 6250, 3802, 10240, 96, 98
2026/07/30 23:26:11.179, 0, NVIDIA GeForce RTX 3080, 6250, 3802, 10240, 96, 98
2026/07/30 23:26:11.289, 0, NVIDIA GeForce RTX 3080, 6250, 3802, 10240, 96, 98
2026/07/30 23:26:11.397, 0, NVIDIA GeForce RTX 3080, 6250, 3802, 10240, 96, 98
2026/07/30 23:26:11.507, 0, NVIDIA GeForce RTX 3080, 6250, 3802, 10240, 96, 98
2026/07/30 23:26:11.615, 0, NVIDIA GeForce RTX 3080, 6250, 3802, 10240, 96, 98
2026/07/30 23:26:11.724, 0, NVIDIA GeForce RTX 3080, 6250, 3802, 10240, 96, 98
2026/07/30 23:26:11.836, 0, NVIDIA GeForce RTX 3080, 6250, 3802, 10240, 97, 98
2026/07/30 23:26:11.947, 0, NVIDIA GeForce RTX 3080, 6250, 3802, 10240, 97, 98
2026/07/30 23:26:12.059, 0, NVIDIA GeForce RTX 3080, 6250, 3802, 10240, 97, 98
2026/07/30 23:26:12.171, 0, NVIDIA GeForce RTX 3080, 6250, 3802, 10240, 97, 98
2026/07/30 23:26:12.282, 0, NVIDIA GeForce RTX 3080, 6250, 3802, 10240, 97, 98
2026/07/30 23:26:12.393, 0, NVIDIA GeForce RTX 3080, 6250, 3802, 10240, 97, 98
2026/07/30 23:26:12.505, 0, NVIDIA GeForce RTX 3080, 6250, 3802, 10240, 97, 98
2026/07/30 23:26:12.616, 0, NVIDIA GeForce RTX 3080, 6250, 3802, 10240, 97, 98
2026/07/30 23:26:12.727, 0, NVIDIA GeForce RTX 3080, 6250, 3802, 10240, 97, 98
2026/07/30 23:26:12.838, 0, NVIDIA GeForce RTX 3080, 6250, 3802, 10240, 97, 98
2026/07/30 23:26:12.949, 0, NVIDIA GeForce RTX 3080, 6250, 3802, 10240, 97, 98
2026/07/30 23:26:13.059, 0, NVIDIA GeForce RTX 3080, 6250, 3802, 10240, 97, 98
2026/07/30 23:26:13.167, 0, NVIDIA GeForce RTX 3080, 6250, 3802, 10240, 97, 98
2026/07/30 23:26:13.277, 0, NVIDIA GeForce RTX 3080, 6250, 3802, 10240, 97, 98
2026/07/30 23:26:13.386, 0, NVIDIA GeForce RTX 3080, 6250, 3802, 10240, 97, 98
2026/07/30 23:26:13.495, 0, NVIDIA GeForce RTX 3080, 6250, 3802, 10240, 97, 98
2026/07/30 23:26:13.607, 0, NVIDIA GeForce RTX 3080, 6250, 3802, 10240, 97, 98
2026/07/30 23:26:13.719, 0, NVIDIA GeForce RTX 3080, 6250, 3802, 10240, 97, 98
2026/07/30 23:26:13.830, 0, NVIDIA GeForce RTX 3080, 6250, 3802, 10240, 95, 98
2026/07/30 23:26:13.941, 0, NVIDIA GeForce RTX 3080, 6250, 3802, 10240, 95, 98
2026/07/30 23:26:14.051, 0, NVIDIA GeForce RTX 3080, 6250, 3802, 10240, 95, 98
2026/07/30 23:26:14.163, 0, NVIDIA GeForce RTX 3080, 6250, 3802, 10240, 95, 98
2026/07/30 23:26:14.275, 0, NVIDIA GeForce RTX 3080, 6250, 3802, 10240, 96, 98
2026/07/30 23:26:14.386, 0, NVIDIA GeForce RTX 3080, 6250, 3802, 10240, 96, 98
2026/07/30 23:26:14.498, 0, NVIDIA GeForce RTX 3080, 6250, 3802, 10240, 96, 98
2026/07/30 23:26:14.610, 0, NVIDIA GeForce RTX 3080, 6250, 3802, 10240, 96, 98
2026/07/30 23:26:14.721, 0, NVIDIA GeForce RTX 3080, 6250, 3802, 10240, 96, 98
2026/07/30 23:26:14.833, 0, NVIDIA GeForce RTX 3080, 6250, 3802, 10240, 95, 98
2026/07/30 23:26:14.944, 0, NVIDIA GeForce RTX 3080, 6250, 3802, 10240, 95, 98
2026/07/30 23:26:15.056, 0, NVIDIA GeForce RTX 3080, 6250, 3802, 10240, 95, 98
2026/07/30 23:26:15.167, 0, NVIDIA GeForce RTX 3080, 6250, 3802, 10240, 95, 98
2026/07/30 23:26:15.278, 0, NVIDIA GeForce RTX 3080, 6250, 3802, 10240, 95, 98
2026/07/30 23:26:15.390, 0, NVIDIA GeForce RTX 3080, 6250, 3802, 10240, 95, 98
2026/07/30 23:26:15.502, 0, NVIDIA GeForce RTX 3080, 6250, 3802, 10240, 95, 98
2026/07/30 23:26:15.615, 0, NVIDIA GeForce RTX 3080, 6250, 3802, 10240, 95, 98
2026/07/30 23:26:15.725, 0, NVIDIA GeForce RTX 3080, 6250, 3802, 10240, 95, 98
2026/07/30 23:26:15.836, 0, NVIDIA GeForce RTX 3080, 6250, 3802, 10240, 92, 95
2026/07/30 23:26:15.948, 0, NVIDIA GeForce RTX 3080, 6250, 3802, 10240, 92, 95
2026/07/30 23:26:16.060, 0, NVIDIA GeForce RTX 3080, 6250, 3802, 10240, 92, 95
2026/07/30 23:26:16.172, 0, NVIDIA GeForce RTX 3080, 6250, 3802, 10240, 92, 95
2026/07/30 23:26:16.284, 0, NVIDIA GeForce RTX 3080, 6250, 3802, 10240, 95, 96
2026/07/30 23:26:16.395, 0, NVIDIA GeForce RTX 3080, 6250, 3802, 10240, 95, 96
2026/07/30 23:26:16.506, 0, NVIDIA GeForce RTX 3080, 6250, 3802, 10240, 95, 96
2026/07/30 23:26:16.618, 0, NVIDIA GeForce RTX 3080, 6250, 3802, 10240, 95, 96
2026/07/30 23:26:16.730, 0, NVIDIA GeForce RTX 3080, 6250, 3802, 10240, 95, 96
2026/07/30 23:26:16.840, 0, NVIDIA GeForce RTX 3080, 6250, 3802, 10240, 97, 98
2026/07/30 23:26:16.951, 0, NVIDIA GeForce RTX 3080, 6250, 3802, 10240, 97, 98
2026/07/30 23:26:17.063, 0, NVIDIA GeForce RTX 3080, 6250, 3802, 10240, 97, 98
2026/07/30 23:26:17.174, 0, NVIDIA GeForce RTX 3080, 6250, 3802, 10240, 97, 98
2026/07/30 23:26:17.286, 0, NVIDIA GeForce RTX 3080, 6250, 3802, 10240, 96, 97
2026/07/30 23:26:17.396, 0, NVIDIA GeForce RTX 3080, 6250, 3802, 10240, 96, 97
2026/07/30 23:26:17.507, 0, NVIDIA GeForce RTX 3080, 6250, 3802, 10240, 96, 97
2026/07/30 23:26:17.619, 0, NVIDIA GeForce RTX 3080, 6250, 3802, 10240, 96, 97
2026/07/30 23:26:17.731, 0, NVIDIA GeForce RTX 3080, 6250, 3802, 10240, 96, 97
2026/07/30 23:26:17.843, 0, NVIDIA GeForce RTX 3080, 6250, 3802, 10240, 98, 98
2026/07/30 23:26:17.956, 0, NVIDIA GeForce RTX 3080, 6250, 3802, 10240, 98, 98
2026/07/30 23:26:18.064, 0, NVIDIA GeForce RTX 3080, 6250, 3802, 10240, 98, 98
2026/07/30 23:26:18.173, 0, NVIDIA GeForce RTX 3080, 6250, 3802, 10240, 98, 98
2026/07/30 23:26:18.283, 0, NVIDIA GeForce RTX 3080, 6250, 3802, 10240, 97, 97
2026/07/30 23:26:18.391, 0, NVIDIA GeForce RTX 3080, 6250, 3802, 10240, 97, 97
2026/07/30 23:26:18.502, 0, NVIDIA GeForce RTX 3080, 6250, 3802, 10240, 97, 97
2026/07/30 23:26:18.614, 0, NVIDIA GeForce RTX 3080, 6250, 3802, 10240, 97, 97
2026/07/30 23:26:18.726, 0, NVIDIA GeForce RTX 3080, 6250, 3802, 10240, 97, 97
2026/07/30 23:26:18.838, 0, NVIDIA GeForce RTX 3080, 6250, 3802, 10240, 98, 98
2026/07/30 23:26:18.951, 0, NVIDIA GeForce RTX 3080, 6250, 3802, 10240, 98, 98
2026/07/30 23:26:19.063, 0, NVIDIA GeForce RTX 3080, 6250, 3802, 10240, 98, 98
2026/07/30 23:26:19.175, 0, NVIDIA GeForce RTX 3080, 6250, 3802, 10240, 98, 98
2026/07/30 23:26:19.287, 0, NVIDIA GeForce RTX 3080, 6250, 3802, 10240, 98, 98
2026/07/30 23:26:19.399, 0, NVIDIA GeForce RTX 3080, 6250, 3802, 10240, 98, 98
2026/07/30 23:26:19.511, 0, NVIDIA GeForce RTX 3080, 6250, 3802, 10240, 98, 98
2026/07/30 23:26:19.623, 0, NVIDIA GeForce RTX 3080, 6250, 3802, 10240, 98, 98
2026/07/30 23:26:19.735, 0, NVIDIA GeForce RTX 3080, 6250, 3802, 10240, 98, 98
2026/07/30 23:26:19.847, 0, NVIDIA GeForce RTX 3080, 6250, 3802, 10240, 95, 98
2026/07/30 23:26:19.958, 0, NVIDIA GeForce RTX 3080, 6250, 3802, 10240, 95, 98
2026/07/30 23:26:20.067, 0, NVIDIA GeForce RTX 3080, 6250, 3802, 10240, 95, 98
2026/07/30 23:26:20.179, 0, NVIDIA GeForce RTX 3080, 6250, 3802, 10240, 95, 98
2026/07/30 23:26:20.291, 0, NVIDIA GeForce RTX 3080, 6250, 3802, 10240, 96, 98
2026/07/30 23:26:20.402, 0, NVIDIA GeForce RTX 3080, 6250, 3802, 10240, 96, 98
2026/07/30 23:26:20.514, 0, NVIDIA GeForce RTX 3080, 6250, 3802, 10240, 96, 98
2026/07/30 23:26:20.626, 0, NVIDIA GeForce RTX 3080, 6250, 3802, 10240, 96, 98
2026/07/30 23:26:20.738, 0, NVIDIA GeForce RTX 3080, 6250, 3802, 10240, 96, 98
2026/07/30 23:26:20.850, 0, NVIDIA GeForce RTX 3080, 6250, 3802, 10240, 96, 98
2026/07/30 23:26:20.962, 0, NVIDIA GeForce RTX 3080, 6250, 3802, 10240, 96, 98
2026/07/30 23:26:21.074, 0, NVIDIA GeForce RTX 3080, 6250, 3802, 10240, 96, 98
2026/07/30 23:26:21.186, 0, NVIDIA GeForce RTX 3080, 6250, 3802, 10240, 96, 98
2026/07/30 23:26:21.298, 0, NVIDIA GeForce RTX 3080, 6250, 3802, 10240, 95, 98
2026/07/30 23:26:21.410, 0, NVIDIA GeForce RTX 3080, 6250, 3802, 10240, 95, 98
2026/07/30 23:26:21.522, 0, NVIDIA GeForce RTX 3080, 6250, 3802, 10240, 95, 98
2026/07/30 23:26:21.635, 0, NVIDIA GeForce RTX 3080, 6250, 3802, 10240, 95, 98
2026/07/30 23:26:21.747, 0, NVIDIA GeForce RTX 3080, 6250, 3802, 10240, 95, 98
2026/07/30 23:26:21.859, 0, NVIDIA GeForce RTX 3080, 6250, 3802, 10240, 97, 98
2026/07/30 23:26:21.971, 0, NVIDIA GeForce RTX 3080, 6250, 3802, 10240, 97, 98
2026/07/30 23:26:22.083, 0, NVIDIA GeForce RTX 3080, 6250, 3802, 10240, 97, 98
2026/07/30 23:26:22.195, 0, NVIDIA GeForce RTX 3080, 6250, 3802, 10240, 97, 98
2026/07/30 23:26:22.307, 0, NVIDIA GeForce RTX 3080, 6250, 3802, 10240, 97, 98
2026/07/30 23:26:22.418, 0, NVIDIA GeForce RTX 3080, 6250, 3802, 10240, 97, 98
2026/07/30 23:26:22.530, 0, NVIDIA GeForce RTX 3080, 6250, 3802, 10240, 97, 98
2026/07/30 23:26:22.642, 0, NVIDIA GeForce RTX 3080, 6250, 3802, 10240, 97, 98
2026/07/30 23:26:22.752, 0, NVIDIA GeForce RTX 3080, 6250, 3802, 10240, 97, 98
2026/07/30 23:26:22.864, 0, NVIDIA GeForce RTX 3080, 6250, 3802, 10240, 97, 97
2026/07/30 23:26:22.975, 0, NVIDIA GeForce RTX 3080, 6250, 3802, 10240, 97, 97
2026/07/30 23:26:23.087, 0, NVIDIA GeForce RTX 3080, 6250, 3802, 10240, 97, 97
2026/07/30 23:26:23.199, 0, NVIDIA GeForce RTX 3080, 6250, 3802, 10240, 97, 97
2026/07/30 23:26:23.311, 0, NVIDIA GeForce RTX 3080, 6250, 3802, 10240, 96, 96
2026/07/30 23:26:23.423, 0, NVIDIA GeForce RTX 3080, 6250, 3802, 10240, 96, 96
2026/07/30 23:26:23.535, 0, NVIDIA GeForce RTX 3080, 6250, 3802, 10240, 96, 96
2026/07/30 23:26:23.647, 0, NVIDIA GeForce RTX 3080, 6250, 3802, 10240, 96, 96
2026/07/30 23:26:23.759, 0, NVIDIA GeForce RTX 3080, 6250, 3802, 10240, 96, 96
2026/07/30 23:26:23.871, 0, NVIDIA GeForce RTX 3080, 6250, 3802, 10240, 95, 98
2026/07/30 23:26:23.982, 0, NVIDIA GeForce RTX 3080, 6250, 3802, 10240, 95, 98
2026/07/30 23:26:24.094, 0, NVIDIA GeForce RTX 3080, 6250, 3802, 10240, 95, 98
2026/07/30 23:26:24.206, 0, NVIDIA GeForce RTX 3080, 6250, 3802, 10240, 95, 98
2026/07/30 23:26:24.318, 0, NVIDIA GeForce RTX 3080, 6250, 3802, 10240, 93, 96
2026/07/30 23:26:24.430, 0, NVIDIA GeForce RTX 3080, 6250, 3802, 10240, 93, 96
2026/07/30 23:26:24.542, 0, NVIDIA GeForce RTX 3080, 6250, 3802, 10240, 93, 96
2026/07/30 23:26:24.654, 0, NVIDIA GeForce RTX 3080, 6250, 3802, 10240, 93, 96
2026/07/30 23:26:24.766, 0, NVIDIA GeForce RTX 3080, 6250, 3802, 10240, 93, 96
2026/07/30 23:26:24.878, 0, NVIDIA GeForce RTX 3080, 6250, 3802, 10240, 96, 98
2026/07/30 23:26:24.988, 0, NVIDIA GeForce RTX 3080, 6250, 3802, 10240, 96, 98
2026/07/30 23:26:25.098, 0, NVIDIA GeForce RTX 3080, 6250, 3802, 10240, 96, 98
2026/07/30 23:26:25.208, 0, NVIDIA GeForce RTX 3080, 6250, 3802, 10240, 96, 98
2026/07/30 23:26:25.321, 0, NVIDIA GeForce RTX 3080, 6250, 3802, 10240, 96, 98
2026/07/30 23:26:25.433, 0, NVIDIA GeForce RTX 3080, 6250, 3802, 10240, 96, 98
2026/07/30 23:26:25.545, 0, NVIDIA GeForce RTX 3080, 6250, 3802, 10240, 96, 98
2026/07/30 23:26:25.657, 0, NVIDIA GeForce RTX 3080, 6250, 3802, 10240, 96, 98
2026/07/30 23:26:25.768, 0, NVIDIA GeForce RTX 3080, 6250, 3802, 10240, 96, 98
2026/07/30 23:26:25.880, 0, NVIDIA GeForce RTX 3080, 6250, 3802, 10240, 97, 98
2026/07/30 23:26:25.992, 0, NVIDIA GeForce RTX 3080, 6250, 3802, 10240, 97, 98
2026/07/30 23:26:26.104, 0, NVIDIA GeForce RTX 3080, 6250, 3802, 10240, 97, 98
2026/07/30 23:26:26.215, 0, NVIDIA GeForce RTX 3080, 6250, 3802, 10240, 97, 98
2026/07/30 23:26:26.327, 0, NVIDIA GeForce RTX 3080, 6250, 3802, 10240, 97, 98
2026/07/30 23:26:26.439, 0, NVIDIA GeForce RTX 3080, 6250, 3802, 10240, 97, 98
2026/07/30 23:26:26.551, 0, NVIDIA GeForce RTX 3080, 6250, 3802, 10240, 97, 98
2026/07/30 23:26:26.663, 0, NVIDIA GeForce RTX 3080, 6250, 3802, 10240, 97, 98
2026/07/30 23:26:26.775, 0, NVIDIA GeForce RTX 3080, 6250, 3802, 10240, 97, 98
2026/07/30 23:26:26.887, 0, NVIDIA GeForce RTX 3080, 6250, 3802, 10240, 97, 98
2026/07/30 23:26:26.998, 0, NVIDIA GeForce RTX 3080, 6250, 3802, 10240, 97, 98
2026/07/30 23:26:27.110, 0, NVIDIA GeForce RTX 3080, 6250, 3802, 10240, 97, 98
2026/07/30 23:26:27.221, 0, NVIDIA GeForce RTX 3080, 6250, 3802, 10240, 97, 98
2026/07/30 23:26:27.333, 0, NVIDIA GeForce RTX 3080, 6250, 3802, 10240, 97, 98
2026/07/30 23:26:27.444, 0, NVIDIA GeForce RTX 3080, 6250, 3802, 10240, 97, 98
2026/07/30 23:26:27.556, 0, NVIDIA GeForce RTX 3080, 6250, 3802, 10240, 97, 98
2026/07/30 23:26:27.668, 0, NVIDIA GeForce RTX 3080, 6250, 3802, 10240, 97, 98
2026/07/30 23:26:27.780, 0, NVIDIA GeForce RTX 3080, 6250, 3802, 10240, 96, 98
2026/07/30 23:26:27.892, 0, NVIDIA GeForce RTX 3080, 6250, 3802, 10240, 96, 98
2026/07/30 23:26:28.002, 0, NVIDIA GeForce RTX 3080, 6250, 3802, 10240, 96, 98
2026/07/30 23:26:28.112, 0, NVIDIA GeForce RTX 3080, 6250, 3802, 10240, 96, 98
2026/07/30 23:26:28.224, 0, NVIDIA GeForce RTX 3080, 6250, 3802, 10240, 96, 98
2026/07/30 23:26:28.336, 0, NVIDIA GeForce RTX 3080, 6250, 3802, 10240, 96, 98
2026/07/30 23:26:28.448, 0, NVIDIA GeForce RTX 3080, 6250, 3802, 10240, 96, 98
2026/07/30 23:26:28.560, 0, NVIDIA GeForce RTX 3080, 6250, 3802, 10240, 96, 98
2026/07/30 23:26:28.672, 0, NVIDIA GeForce RTX 3080, 6250, 3802, 10240, 96, 98
2026/07/30 23:26:28.783, 0, NVIDIA GeForce RTX 3080, 6250, 3802, 10240, 95, 98
2026/07/30 23:26:28.894, 0, NVIDIA GeForce RTX 3080, 6250, 3802, 10240, 95, 98
2026/07/30 23:26:29.005, 0, NVIDIA GeForce RTX 3080, 6250, 3802, 10240, 95, 98
2026/07/30 23:26:29.118, 0, NVIDIA GeForce RTX 3080, 6250, 3802, 10240, 95, 98
2026/07/30 23:26:29.230, 0, NVIDIA GeForce RTX 3080, 6250, 3802, 10240, 95, 98
2026/07/30 23:26:29.341, 0, NVIDIA GeForce RTX 3080, 6250, 3802, 10240, 95, 98
2026/07/30 23:26:29.453, 0, NVIDIA GeForce RTX 3080, 6250, 3802, 10240, 95, 98
2026/07/30 23:26:29.565, 0, NVIDIA GeForce RTX 3080, 6250, 3802, 10240, 95, 98
2026/07/30 23:26:29.676, 0, NVIDIA GeForce RTX 3080, 6250, 3802, 10240, 95, 98
2026/07/30 23:26:29.788, 0, NVIDIA GeForce RTX 3080, 6250, 3802, 10240, 93, 96
2026/07/30 23:26:29.900, 0, NVIDIA GeForce RTX 3080, 6250, 3802, 10240, 93, 96
2026/07/30 23:26:30.012, 0, NVIDIA GeForce RTX 3080, 6250, 3802, 10240, 93, 96
2026/07/30 23:26:30.124, 0, NVIDIA GeForce RTX 3080, 6250, 3802, 10240, 93, 96
2026/07/30 23:26:30.236, 0, NVIDIA GeForce RTX 3080, 6250, 3802, 10240, 93, 96
2026/07/30 23:26:30.347, 0, NVIDIA GeForce RTX 3080, 6250, 3802, 10240, 95, 96
2026/07/30 23:26:30.459, 0, NVIDIA GeForce RTX 3080, 6250, 3802, 10240, 95, 96
2026/07/30 23:26:30.571, 0, NVIDIA GeForce RTX 3080, 6250, 3802, 10240, 95, 96
2026/07/30 23:26:30.682, 0, NVIDIA GeForce RTX 3080, 6250, 3802, 10240, 95, 96
2026/07/30 23:26:30.794, 0, NVIDIA GeForce RTX 3080, 6250, 3802, 10240, 97, 98
2026/07/30 23:26:30.905, 0, NVIDIA GeForce RTX 3080, 6250, 3802, 10240, 97, 98
2026/07/30 23:26:31.015, 0, NVIDIA GeForce RTX 3080, 6250, 3802, 10240, 97, 98
2026/07/30 23:26:31.124, 0, NVIDIA GeForce RTX 3080, 6250, 3802, 10240, 97, 98
2026/07/30 23:26:31.232, 0, NVIDIA GeForce RTX 3080, 6250, 3802, 10240, 97, 98
2026/07/30 23:26:31.343, 0, NVIDIA GeForce RTX 3080, 6250, 3802, 10240, 97, 98
2026/07/30 23:26:31.451, 0, NVIDIA GeForce RTX 3080, 6250, 3802, 10240, 97, 98
2026/07/30 23:26:31.560, 0, NVIDIA GeForce RTX 3080, 6250, 3802, 10240, 97, 98
2026/07/30 23:26:31.670, 0, NVIDIA GeForce RTX 3080, 6250, 3802, 10240, 97, 98
2026/07/30 23:26:31.781, 0, NVIDIA GeForce RTX 3080, 6250, 3802, 10240, 96, 96
2026/07/30 23:26:31.892, 0, NVIDIA GeForce RTX 3080, 6250, 3802, 10240, 96, 96
2026/07/30 23:26:32.003, 0, NVIDIA GeForce RTX 3080, 6250, 3802, 10240, 96, 96
2026/07/30 23:26:32.115, 0, NVIDIA GeForce RTX 3080, 6250, 3802, 10240, 96, 96
2026/07/30 23:26:32.226, 0, NVIDIA GeForce RTX 3080, 6250, 3802, 10240, 96, 96
2026/07/30 23:26:32.337, 0, NVIDIA GeForce RTX 3080, 6250, 3802, 10240, 98, 98
2026/07/30 23:26:32.449, 0, NVIDIA GeForce RTX 3080, 6250, 3802, 10240, 98, 98
2026/07/30 23:26:32.560, 0, NVIDIA GeForce RTX 3080, 6250, 3802, 10240, 98, 98
2026/07/30 23:26:32.672, 0, NVIDIA GeForce RTX 3080, 6250, 3802, 10240, 98, 98
2026/07/30 23:26:32.785, 0, NVIDIA GeForce RTX 3080, 6250, 3802, 10240, 98, 98
2026/07/30 23:26:32.897, 0, NVIDIA GeForce RTX 3080, 6250, 3802, 10240, 98, 98
2026/07/30 23:26:33.008, 0, NVIDIA GeForce RTX 3080, 6250, 3802, 10240, 98, 98
2026/07/30 23:26:33.116, 0, NVIDIA GeForce RTX 3080, 6250, 3802, 10240, 98, 98
2026/07/30 23:26:33.226, 0, NVIDIA GeForce RTX 3080, 6250, 3802, 10240, 98, 98
2026/07/30 23:26:33.336, 0, NVIDIA GeForce RTX 3080, 6250, 3802, 10240, 98, 98
2026/07/30 23:26:33.447, 0, NVIDIA GeForce RTX 3080, 6250, 3802, 10240, 98, 98
2026/07/30 23:26:33.559, 0, NVIDIA GeForce RTX 3080, 6250, 3802, 10240, 98, 98
2026/07/30 23:26:33.671, 0, NVIDIA GeForce RTX 3080, 6250, 3802, 10240, 98, 98
2026/07/30 23:26:33.782, 0, NVIDIA GeForce RTX 3080, 6250, 3802, 10240, 95, 98
2026/07/30 23:26:33.894, 0, NVIDIA GeForce RTX 3080, 6250, 3802, 10240, 95, 98
2026/07/30 23:26:34.006, 0, NVIDIA GeForce RTX 3080, 6250, 3802, 10240, 95, 98
2026/07/30 23:26:34.118, 0, NVIDIA GeForce RTX 3080, 6250, 3802, 10240, 95, 98
2026/07/30 23:26:34.230, 0, NVIDIA GeForce RTX 3080, 6250, 3802, 10240, 95, 98
2026/07/30 23:26:34.342, 0, NVIDIA GeForce RTX 3080, 6250, 3802, 10240, 96, 98
2026/07/30 23:26:34.454, 0, NVIDIA GeForce RTX 3080, 6250, 3802, 10240, 96, 98
2026/07/30 23:26:34.566, 0, NVIDIA GeForce RTX 3080, 6250, 3802, 10240, 96, 98
2026/07/30 23:26:34.678, 0, NVIDIA GeForce RTX 3080, 6250, 3802, 10240, 96, 98
2026/07/30 23:26:34.790, 0, NVIDIA GeForce RTX 3080, 6250, 3802, 10240, 95, 98
2026/07/30 23:26:34.902, 0, NVIDIA GeForce RTX 3080, 6250, 3802, 10240, 95, 98
2026/07/30 23:26:35.014, 0, NVIDIA GeForce RTX 3080, 6250, 3802, 10240, 95, 98
2026/07/30 23:26:35.126, 0, NVIDIA GeForce RTX 3080, 6250, 3802, 10240, 95, 98
2026/07/30 23:26:35.238, 0, NVIDIA GeForce RTX 3080, 6250, 3802, 10240, 95, 98
2026/07/30 23:26:35.350, 0, NVIDIA GeForce RTX 3080, 6250, 3802, 10240, 96, 98
2026/07/30 23:26:35.462, 0, NVIDIA GeForce RTX 3080, 6250, 3802, 10240, 96, 98
2026/07/30 23:26:35.574, 0, NVIDIA GeForce RTX 3080, 6250, 3802, 10240, 96, 98
2026/07/30 23:26:35.685, 0, NVIDIA GeForce RTX 3080, 6250, 3802, 10240, 96, 98
2026/07/30 23:26:35.797, 0, NVIDIA GeForce RTX 3080, 6250, 3802, 10240, 97, 98
2026/07/30 23:26:35.908, 0, NVIDIA GeForce RTX 3080, 6250, 3802, 10240, 97, 98
2026/07/30 23:26:36.020, 0, NVIDIA GeForce RTX 3080, 6250, 3802, 10240, 97, 98
2026/07/30 23:26:36.132, 0, NVIDIA GeForce RTX 3080, 6250, 3802, 10240, 97, 98
2026/07/30 23:26:36.244, 0, NVIDIA GeForce RTX 3080, 6250, 3802, 10240, 97, 98
2026/07/30 23:26:36.356, 0, NVIDIA GeForce RTX 3080, 6250, 3802, 10240, 97, 98
2026/07/30 23:26:36.468, 0, NVIDIA GeForce RTX 3080, 6250, 3802, 10240, 97, 98
2026/07/30 23:26:36.580, 0, NVIDIA GeForce RTX 3080, 6250, 3802, 10240, 97, 98
2026/07/30 23:26:36.692, 0, NVIDIA GeForce RTX 3080, 6250, 3802, 10240, 97, 98
2026/07/30 23:26:36.803, 0, NVIDIA GeForce RTX 3080, 6250, 3802, 10240, 97, 98
2026/07/30 23:26:36.915, 0, NVIDIA GeForce RTX 3080, 6250, 3802, 10240, 97, 98
2026/07/30 23:26:37.027, 0, NVIDIA GeForce RTX 3080, 6250, 3802, 10240, 97, 98
2026/07/30 23:26:37.139, 0, NVIDIA GeForce RTX 3080, 6250, 3802, 10240, 97, 98
2026/07/30 23:26:37.251, 0, NVIDIA GeForce RTX 3080, 6250, 3802, 10240, 97, 98
2026/07/30 23:26:37.363, 0, NVIDIA GeForce RTX 3080, 6250, 3802, 10240, 97, 98
2026/07/30 23:26:37.475, 0, NVIDIA GeForce RTX 3080, 6250, 3802, 10240, 97, 98
2026/07/30 23:26:37.586, 0, NVIDIA GeForce RTX 3080, 6250, 3802, 10240, 97, 98
2026/07/30 23:26:37.697, 0, NVIDIA GeForce RTX 3080, 6250, 3802, 10240, 97, 98
2026/07/30 23:26:37.808, 0, NVIDIA GeForce RTX 3080, 6250, 3802, 10240, 96, 98
2026/07/30 23:26:37.921, 0, NVIDIA GeForce RTX 3080, 6250, 3802, 10240, 96, 98
2026/07/30 23:26:38.030, 0, NVIDIA GeForce RTX 3080, 6250, 3802, 10240, 96, 98
2026/07/30 23:26:38.140, 0, NVIDIA GeForce RTX 3080, 6250, 3802, 10240, 96, 98
2026/07/30 23:26:38.249, 0, NVIDIA GeForce RTX 3080, 6250, 3802, 10240, 96, 98
2026/07/30 23:26:38.359, 0, NVIDIA GeForce RTX 3080, 6250, 3802, 10240, 96, 98
2026/07/30 23:26:38.471, 0, NVIDIA GeForce RTX 3080, 6250, 3802, 10240, 96, 98
2026/07/30 23:26:38.583, 0, NVIDIA GeForce RTX 3080, 6250, 3802, 10240, 96, 98
2026/07/30 23:26:38.695, 0, NVIDIA GeForce RTX 3080, 6250, 3802, 10240, 96, 98
2026/07/30 23:26:38.807, 0, NVIDIA GeForce RTX 3080, 6250, 3802, 10240, 96, 98
2026/07/30 23:26:38.919, 0, NVIDIA GeForce RTX 3080, 6250, 3802, 10240, 96, 98
2026/07/30 23:26:39.030, 0, NVIDIA GeForce RTX 3080, 6250, 3802, 10240, 96, 98
2026/07/30 23:26:39.142, 0, NVIDIA GeForce RTX 3080, 6250, 3802, 10240, 96, 98
2026/07/30 23:26:39.254, 0, NVIDIA GeForce RTX 3080, 6250, 3802, 10240, 96, 98
2026/07/30 23:26:39.364, 0, NVIDIA GeForce RTX 3080, 6250, 3802, 10240, 95, 98
2026/07/30 23:26:39.476, 0, NVIDIA GeForce RTX 3080, 6250, 3802, 10240, 95, 98
2026/07/30 23:26:39.588, 0, NVIDIA GeForce RTX 3080, 6250, 3802, 10240, 95, 98
2026/07/30 23:26:39.700, 0, NVIDIA GeForce RTX 3080, 6250, 3802, 10240, 95, 98
2026/07/30 23:26:39.811, 0, NVIDIA GeForce RTX 3080, 6250, 3802, 10240, 97, 98
2026/07/30 23:26:39.923, 0, NVIDIA GeForce RTX 3080, 6250, 3802, 10240, 97, 98
2026/07/30 23:26:40.035, 0, NVIDIA GeForce RTX 3080, 6250, 3802, 10240, 97, 98
2026/07/30 23:26:40.147, 0, NVIDIA GeForce RTX 3080, 6250, 3802, 10240, 97, 98
2026/07/30 23:26:40.258, 0, NVIDIA GeForce RTX 3080, 6250, 3802, 10240, 97, 98
2026/07/30 23:26:40.370, 0, NVIDIA GeForce RTX 3080, 6250, 3802, 10240, 96, 97
2026/07/30 23:26:40.482, 0, NVIDIA GeForce RTX 3080, 6250, 3802, 10240, 96, 97
2026/07/30 23:26:40.594, 0, NVIDIA GeForce RTX 3080, 6250, 3802, 10240, 96, 97
2026/07/30 23:26:40.706, 0, NVIDIA GeForce RTX 3080, 6250, 3802, 10240, 96, 97
2026/07/30 23:26:40.817, 0, NVIDIA GeForce RTX 3080, 6250, 3802, 10240, 96, 97
2026/07/30 23:26:40.929, 0, NVIDIA GeForce RTX 3080, 6250, 3802, 10240, 96, 97
2026/07/30 23:26:41.041, 0, NVIDIA GeForce RTX 3080, 6250, 3802, 10240, 96, 97
2026/07/30 23:26:41.153, 0, NVIDIA GeForce RTX 3080, 6250, 3802, 10240, 96, 97
2026/07/30 23:26:41.265, 0, NVIDIA GeForce RTX 3080, 6250, 3802, 10240, 96, 97
2026/07/30 23:26:41.377, 0, NVIDIA GeForce RTX 3080, 6250, 3802, 10240, 97, 98
2026/07/30 23:26:41.489, 0, NVIDIA GeForce RTX 3080, 6250, 3802, 10240, 97, 98
2026/07/30 23:26:41.601, 0, NVIDIA GeForce RTX 3080, 6250, 3802, 10240, 97, 98
2026/07/30 23:26:41.713, 0, NVIDIA GeForce RTX 3080, 6250, 3802, 10240, 97, 98
2026/07/30 23:26:41.823, 0, NVIDIA GeForce RTX 3080, 6250, 3802, 10240, 95, 98
2026/07/30 23:26:41.935, 0, NVIDIA GeForce RTX 3080, 6250, 3802, 10240, 95, 98
2026/07/30 23:26:42.046, 0, NVIDIA GeForce RTX 3080, 6250, 3802, 10240, 95, 98
2026/07/30 23:26:42.159, 0, NVIDIA GeForce RTX 3080, 6250, 3802, 10240, 95, 98
2026/07/30 23:26:42.271, 0, NVIDIA GeForce RTX 3080, 6250, 3802, 10240, 95, 97
2026/07/30 23:26:42.382, 0, NVIDIA GeForce RTX 3080, 6250, 3802, 10240, 95, 97
2026/07/30 23:26:42.494, 0, NVIDIA GeForce RTX 3080, 6250, 3802, 10240, 95, 97
2026/07/30 23:26:42.606, 0, NVIDIA GeForce RTX 3080, 6250, 3802, 10240, 95, 97
2026/07/30 23:26:42.718, 0, NVIDIA GeForce RTX 3080, 6250, 3802, 10240, 95, 97
2026/07/30 23:26:42.830, 0, NVIDIA GeForce RTX 3080, 6250, 3802, 10240, 95, 97
2026/07/30 23:26:42.941, 0, NVIDIA GeForce RTX 3080, 6250, 3802, 10240, 95, 97
2026/07/30 23:26:43.052, 0, NVIDIA GeForce RTX 3080, 6250, 3802, 10240, 95, 97
2026/07/30 23:26:43.163, 0, NVIDIA GeForce RTX 3080, 6250, 3802, 10240, 95, 97
2026/07/30 23:26:43.275, 0, NVIDIA GeForce RTX 3080, 6250, 3802, 10240, 96, 98
2026/07/30 23:26:43.387, 0, NVIDIA GeForce RTX 3080, 6250, 3802, 10240, 96, 98
2026/07/30 23:26:43.499, 0, NVIDIA GeForce RTX 3080, 6250, 3802, 10240, 96, 98
2026/07/30 23:26:43.611, 0, NVIDIA GeForce RTX 3080, 6250, 3802, 10240, 96, 98
2026/07/30 23:26:43.721, 0, NVIDIA GeForce RTX 3080, 6250, 3802, 10240, 96, 98
2026/07/30 23:26:43.833, 0, NVIDIA GeForce RTX 3080, 6250, 3802, 10240, 96, 98
2026/07/30 23:26:43.944, 0, NVIDIA GeForce RTX 3080, 6250, 3802, 10240, 96, 98
2026/07/30 23:26:44.055, 0, NVIDIA GeForce RTX 3080, 6250, 3802, 10240, 96, 98
2026/07/30 23:26:44.167, 0, NVIDIA GeForce RTX 3080, 6250, 3802, 10240, 96, 98
2026/07/30 23:26:44.278, 0, NVIDIA GeForce RTX 3080, 6250, 3802, 10240, 97, 98
2026/07/30 23:26:44.390, 0, NVIDIA GeForce RTX 3080, 6250, 3802, 10240, 97, 98
2026/07/30 23:26:44.502, 0, NVIDIA GeForce RTX 3080, 6250, 3802, 10240, 97, 98
2026/07/30 23:26:44.613, 0, NVIDIA GeForce RTX 3080, 6250, 3802, 10240, 97, 98
2026/07/30 23:26:44.723, 0, NVIDIA GeForce RTX 3080, 6250, 3802, 10240, 97, 98
2026/07/30 23:26:44.835, 0, NVIDIA GeForce RTX 3080, 6250, 3802, 10240, 97, 98
2026/07/30 23:26:44.946, 0, NVIDIA GeForce RTX 3080, 6250, 3802, 10240, 97, 98
2026/07/30 23:26:45.058, 0, NVIDIA GeForce RTX 3080, 6250, 3802, 10240, 97, 98
2026/07/30 23:26:45.168, 0, NVIDIA GeForce RTX 3080, 6250, 3802, 10240, 97, 98
2026/07/30 23:26:45.280, 0, NVIDIA GeForce RTX 3080, 6250, 3802, 10240, 97, 98
2026/07/30 23:26:45.392, 0, NVIDIA GeForce RTX 3080, 6250, 3802, 10240, 97, 98
2026/07/30 23:26:45.503, 0, NVIDIA GeForce RTX 3080, 6250, 3802, 10240, 97, 98
2026/07/30 23:26:45.615, 0, NVIDIA GeForce RTX 3080, 6250, 3802, 10240, 97, 98
2026/07/30 23:26:45.726, 0, NVIDIA GeForce RTX 3080, 6250, 3802, 10240, 97, 98
2026/07/30 23:26:45.839, 0, NVIDIA GeForce RTX 3080, 6250, 3802, 10240, 98, 98
2026/07/30 23:26:45.951, 0, NVIDIA GeForce RTX 3080, 6250, 3802, 10240, 98, 98
2026/07/30 23:26:46.061, 0, NVIDIA GeForce RTX 3080, 6250, 3802, 10240, 98, 98
2026/07/30 23:26:46.170, 0, NVIDIA GeForce RTX 3080, 6250, 3802, 10240, 98, 98
2026/07/30 23:26:46.280, 0, NVIDIA GeForce RTX 3080, 6250, 3802, 10240, 98, 98
2026/07/30 23:26:46.389, 0, NVIDIA GeForce RTX 3080, 6250, 3802, 10240, 98, 98
2026/07/30 23:26:46.498, 0, NVIDIA GeForce RTX 3080, 6250, 3802, 10240, 98, 98
2026/07/30 23:26:46.608, 0, NVIDIA GeForce RTX 3080, 6250, 3802, 10240, 98, 98
2026/07/30 23:26:46.719, 0, NVIDIA GeForce RTX 3080, 6250, 3802, 10240, 98, 98
2026/07/30 23:26:46.831, 0, NVIDIA GeForce RTX 3080, 6250, 3802, 10240, 98, 98
2026/07/30 23:26:46.943, 0, NVIDIA GeForce RTX 3080, 6250, 3802, 10240, 98, 98
2026/07/30 23:26:47.055, 0, NVIDIA GeForce RTX 3080, 6250, 3802, 10240, 98, 98
2026/07/30 23:26:47.167, 0, NVIDIA GeForce RTX 3080, 6250, 3802, 10240, 98, 98
2026/07/30 23:26:47.279, 0, NVIDIA GeForce RTX 3080, 6250, 3802, 10240, 98, 98
2026/07/30 23:26:47.391, 0, NVIDIA GeForce RTX 3080, 6250, 3802, 10240, 98, 98
2026/07/30 23:26:47.501, 0, NVIDIA GeForce RTX 3080, 6250, 3802, 10240, 98, 98
2026/07/30 23:26:47.613, 0, NVIDIA GeForce RTX 3080, 6250, 3802, 10240, 98, 98
2026/07/30 23:26:47.725, 0, NVIDIA GeForce RTX 3080, 6250, 3802, 10240, 98, 98
2026/07/30 23:26:47.837, 0, NVIDIA GeForce RTX 3080, 6250, 3802, 10240, 95, 97
2026/07/30 23:26:47.949, 0, NVIDIA GeForce RTX 3080, 6250, 3802, 10240, 95, 97
2026/07/30 23:26:48.061, 0, NVIDIA GeForce RTX 3080, 6250, 3802, 10240, 95, 97
2026/07/30 23:26:48.172, 0, NVIDIA GeForce RTX 3080, 6250, 3802, 10240, 95, 97
2026/07/30 23:26:48.284, 0, NVIDIA GeForce RTX 3080, 6250, 3802, 10240, 96, 98
2026/07/30 23:26:48.396, 0, NVIDIA GeForce RTX 3080, 6250, 3802, 10240, 96, 98
2026/07/30 23:26:48.507, 0, NVIDIA GeForce RTX 3080, 6250, 3802, 10240, 96, 98
2026/07/30 23:26:48.619, 0, NVIDIA GeForce RTX 3080, 6250, 3802, 10240, 96, 98
2026/07/30 23:26:48.730, 0, NVIDIA GeForce RTX 3080, 6250, 3802, 10240, 96, 98
2026/07/30 23:26:48.841, 0, NVIDIA GeForce RTX 3080, 6250, 3802, 10240, 95, 97
2026/07/30 23:26:48.953, 0, NVIDIA GeForce RTX 3080, 6250, 3802, 10240, 95, 97
2026/07/30 23:26:49.065, 0, NVIDIA GeForce RTX 3080, 6250, 3802, 10240, 95, 97
2026/07/30 23:26:49.177, 0, NVIDIA GeForce RTX 3080, 6250, 3802, 10240, 95, 97
2026/07/30 23:26:49.288, 0, NVIDIA GeForce RTX 3080, 6250, 3802, 10240, 95, 97
2026/07/30 23:26:49.400, 0, NVIDIA GeForce RTX 3080, 6250, 3802, 10240, 95, 97
2026/07/30 23:26:49.511, 0, NVIDIA GeForce RTX 3080, 6250, 3802, 10240, 95, 97
2026/07/30 23:26:49.622, 0, NVIDIA GeForce RTX 3080, 6250, 3802, 10240, 95, 97
2026/07/30 23:26:49.733, 0, NVIDIA GeForce RTX 3080, 6250, 3802, 10240, 95, 97
2026/07/30 23:26:49.845, 0, NVIDIA GeForce RTX 3080, 6250, 3802, 10240, 97, 98
2026/07/30 23:26:49.957, 0, NVIDIA GeForce RTX 3080, 6250, 3802, 10240, 97, 98
2026/07/30 23:26:50.069, 0, NVIDIA GeForce RTX 3080, 6250, 3802, 10240, 97, 98
2026/07/30 23:26:50.181, 0, NVIDIA GeForce RTX 3080, 6250, 3802, 10240, 97, 98
2026/07/30 23:26:50.293, 0, NVIDIA GeForce RTX 3080, 6250, 3802, 10240, 97, 98
2026/07/30 23:26:50.405, 0, NVIDIA GeForce RTX 3080, 6250, 3802, 10240, 97, 98
2026/07/30 23:26:50.517, 0, NVIDIA GeForce RTX 3080, 6250, 3802, 10240, 97, 98
2026/07/30 23:26:50.629, 0, NVIDIA GeForce RTX 3080, 6250, 3802, 10240, 97, 98
2026/07/30 23:26:50.740, 0, NVIDIA GeForce RTX 3080, 6250, 3802, 10240, 97, 98
2026/07/30 23:26:50.852, 0, NVIDIA GeForce RTX 3080, 6250, 3802, 10240, 97, 98
2026/07/30 23:26:50.964, 0, NVIDIA GeForce RTX 3080, 6250, 3802, 10240, 97, 98
2026/07/30 23:26:51.075, 0, NVIDIA GeForce RTX 3080, 6250, 3802, 10240, 97, 98
2026/07/30 23:26:51.183, 0, NVIDIA GeForce RTX 3080, 6250, 3802, 10240, 97, 98
2026/07/30 23:26:51.293, 0, NVIDIA GeForce RTX 3080, 6250, 3802, 10240, 97, 98
2026/07/30 23:26:51.402, 0, NVIDIA GeForce RTX 3080, 6250, 3802, 10240, 97, 98
2026/07/30 23:26:51.510, 0, NVIDIA GeForce RTX 3080, 6250, 3802, 10240, 97, 98
2026/07/30 23:26:51.620, 0, NVIDIA GeForce RTX 3080, 6250, 3802, 10240, 97, 98
2026/07/30 23:26:51.732, 0, NVIDIA GeForce RTX 3080, 6250, 3802, 10240, 97, 98
2026/07/30 23:26:51.843, 0, NVIDIA GeForce RTX 3080, 6250, 3802, 10240, 96, 98
2026/07/30 23:26:51.955, 0, NVIDIA GeForce RTX 3080, 6250, 3802, 10240, 96, 98
2026/07/30 23:26:52.067, 0, NVIDIA GeForce RTX 3080, 6250, 3802, 10240, 96, 98
2026/07/30 23:26:52.178, 0, NVIDIA GeForce RTX 3080, 6250, 3802, 10240, 96, 98
2026/07/30 23:26:52.290, 0, NVIDIA GeForce RTX 3080, 6250, 3802, 10240, 96, 98
2026/07/30 23:26:52.402, 0, NVIDIA GeForce RTX 3080, 6250, 3802, 10240, 96, 98
2026/07/30 23:26:52.514, 0, NVIDIA GeForce RTX 3080, 6250, 3802, 10240, 96, 98
2026/07/30 23:26:52.626, 0, NVIDIA GeForce RTX 3080, 6250, 3802, 10240, 96, 98
2026/07/30 23:26:52.738, 0, NVIDIA GeForce RTX 3080, 6250, 3802, 10240, 96, 98
2026/07/30 23:26:52.850, 0, NVIDIA GeForce RTX 3080, 6250, 3802, 10240, 96, 98
2026/07/30 23:26:52.963, 0, NVIDIA GeForce RTX 3080, 6250, 3802, 10240, 96, 98
2026/07/30 23:26:53.073, 0, NVIDIA GeForce RTX 3080, 6250, 3802, 10240, 96, 98
2026/07/30 23:26:53.182, 0, NVIDIA GeForce RTX 3080, 6250, 3802, 10240, 96, 98
2026/07/30 23:26:53.292, 0, NVIDIA GeForce RTX 3080, 6250, 3802, 10240, 96, 98
2026/07/30 23:26:53.404, 0, NVIDIA GeForce RTX 3080, 6250, 3802, 10240, 96, 98
2026/07/30 23:26:53.516, 0, NVIDIA GeForce RTX 3080, 6250, 3802, 10240, 96, 98
2026/07/30 23:26:53.628, 0, NVIDIA GeForce RTX 3080, 6250, 3802, 10240, 96, 98
2026/07/30 23:26:53.740, 0, NVIDIA GeForce RTX 3080, 6250, 3802, 10240, 96, 98
2026/07/30 23:26:53.852, 0, NVIDIA GeForce RTX 3080, 6250, 3802, 10240, 97, 98
2026/07/30 23:26:53.964, 0, NVIDIA GeForce RTX 3080, 6250, 3802, 10240, 97, 98
2026/07/30 23:26:54.076, 0, NVIDIA GeForce RTX 3080, 6250, 3802, 10240, 97, 98
2026/07/30 23:26:54.188, 0, NVIDIA GeForce RTX 3080, 6250, 3802, 10240, 97, 98
2026/07/30 23:26:54.300, 0, NVIDIA GeForce RTX 3080, 6250, 3802, 10240, 96, 97
2026/07/30 23:26:54.412, 0, NVIDIA GeForce RTX 3080, 6250, 3802, 10240, 96, 97
2026/07/30 23:26:54.523, 0, NVIDIA GeForce RTX 3080, 6250, 3802, 10240, 96, 97
2026/07/30 23:26:54.635, 0, NVIDIA GeForce RTX 3080, 6250, 3802, 10240, 96, 97
2026/07/30 23:26:54.747, 0, NVIDIA GeForce RTX 3080, 6250, 3802, 10240, 96, 97
2026/07/30 23:26:54.859, 0, NVIDIA GeForce RTX 3080, 6250, 3802, 10240, 97, 98
2026/07/30 23:26:54.971, 0, NVIDIA GeForce RTX 3080, 6250, 3802, 10240, 97, 98
2026/07/30 23:26:55.083, 0, NVIDIA GeForce RTX 3080, 6250, 3802, 10240, 97, 98
2026/07/30 23:26:55.195, 0, NVIDIA GeForce RTX 3080, 6250, 3802, 10240, 97, 98
2026/07/30 23:26:55.307, 0, NVIDIA GeForce RTX 3080, 6250, 3802, 10240, 96, 97
2026/07/30 23:26:55.419, 0, NVIDIA GeForce RTX 3080, 6250, 3802, 10240, 96, 97
2026/07/30 23:26:55.531, 0, NVIDIA GeForce RTX 3080, 6250, 3802, 10240, 96, 97
2026/07/30 23:26:55.643, 0, NVIDIA GeForce RTX 3080, 6250, 3802, 10240, 96, 97
2026/07/30 23:26:55.755, 0, NVIDIA GeForce RTX 3080, 6250, 3802, 10240, 96, 97
2026/07/30 23:26:55.867, 0, NVIDIA GeForce RTX 3080, 6250, 3802, 10240, 95, 98
2026/07/30 23:26:55.979, 0, NVIDIA GeForce RTX 3080, 6250, 3802, 10240, 95, 98
2026/07/30 23:26:56.091, 0, NVIDIA GeForce RTX 3080, 6250, 3802, 10240, 95, 98
2026/07/30 23:26:56.202, 0, NVIDIA GeForce RTX 3080, 6250, 3802, 10240, 95, 98
2026/07/30 23:26:56.312, 0, NVIDIA GeForce RTX 3080, 6250, 3802, 10240, 95, 98
2026/07/30 23:26:56.423, 0, NVIDIA GeForce RTX 3080, 6250, 3802, 10240, 95, 98
2026/07/30 23:26:56.535, 0, NVIDIA GeForce RTX 3080, 6250, 3802, 10240, 95, 98
2026/07/30 23:26:56.647, 0, NVIDIA GeForce RTX 3080, 6250, 3802, 10240, 95, 98
2026/07/30 23:26:56.758, 0, NVIDIA GeForce RTX 3080, 6250, 3802, 10240, 95, 98
2026/07/30 23:26:56.869, 0, NVIDIA GeForce RTX 3080, 6250, 3802, 10240, 96, 98
2026/07/30 23:26:56.981, 0, NVIDIA GeForce RTX 3080, 6250, 3802, 10240, 96, 98
2026/07/30 23:26:57.093, 0, NVIDIA GeForce RTX 3080, 6250, 3802, 10240, 96, 98
2026/07/30 23:26:57.205, 0, NVIDIA GeForce RTX 3080, 6250, 3802, 10240, 96, 98
2026/07/30 23:26:57.317, 0, NVIDIA GeForce RTX 3080, 6250, 3802, 10240, 96, 98
2026/07/30 23:26:57.427, 0, NVIDIA GeForce RTX 3080, 6250, 3802, 10240, 96, 98
2026/07/30 23:26:57.539, 0, NVIDIA GeForce RTX 3080, 6250, 3802, 10240, 96, 98
2026/07/30 23:26:57.651, 0, NVIDIA GeForce RTX 3080, 6250, 3802, 10240, 96, 98
2026/07/30 23:26:57.761, 0, NVIDIA GeForce RTX 3080, 6250, 3802, 10240, 96, 98
2026/07/30 23:26:57.872, 0, NVIDIA GeForce RTX 3080, 6250, 3802, 10240, 97, 98
2026/07/30 23:26:57.984, 0, NVIDIA GeForce RTX 3080, 6250, 3802, 10240, 97, 98
2026/07/30 23:26:58.095, 0, NVIDIA GeForce RTX 3080, 6250, 3802, 10240, 97, 98
2026/07/30 23:26:58.204, 0, NVIDIA GeForce RTX 3080, 6250, 3802, 10240, 97, 98
2026/07/30 23:26:58.316, 0, NVIDIA GeForce RTX 3080, 6250, 3802, 10240, 97, 98
2026/07/30 23:26:58.427, 0, NVIDIA GeForce RTX 3080, 6250, 3802, 10240, 97, 98
2026/07/30 23:26:58.538, 0, NVIDIA GeForce RTX 3080, 6250, 3802, 10240, 97, 98
2026/07/30 23:26:58.649, 0, NVIDIA GeForce RTX 3080, 6250, 3802, 10240, 97, 98
2026/07/30 23:26:58.761, 0, NVIDIA GeForce RTX 3080, 6250, 3802, 10240, 97, 98
2026/07/30 23:26:58.873, 0, NVIDIA GeForce RTX 3080, 6250, 3802, 10240, 96, 97
2026/07/30 23:26:58.984, 0, NVIDIA GeForce RTX 3080, 6250, 3802, 10240, 96, 97
2026/07/30 23:26:59.096, 0, NVIDIA GeForce RTX 3080, 6250, 3802, 10240, 96, 97
2026/07/30 23:26:59.208, 0, NVIDIA GeForce RTX 3080, 6250, 3802, 10240, 96, 97
2026/07/30 23:26:59.320, 0, NVIDIA GeForce RTX 3080, 6250, 3802, 10240, 97, 98
2026/07/30 23:26:59.432, 0, NVIDIA GeForce RTX 3080, 6250, 3802, 10240, 97, 98
2026/07/30 23:26:59.543, 0, NVIDIA GeForce RTX 3080, 6250, 3802, 10240, 97, 98
2026/07/30 23:26:59.655, 0, NVIDIA GeForce RTX 3080, 6250, 3802, 10240, 97, 98
2026/07/30 23:26:59.767, 0, NVIDIA GeForce RTX 3080, 6250, 3802, 10240, 97, 98
2026/07/30 23:26:59.879, 0, NVIDIA GeForce RTX 3080, 6250, 3802, 10240, 98, 98
2026/07/30 23:26:59.991, 0, NVIDIA GeForce RTX 3080, 6250, 3802, 10240, 98, 98
2026/07/30 23:27:00.104, 0, NVIDIA GeForce RTX 3080, 6250, 3802, 10240, 98, 98
2026/07/30 23:27:00.216, 0, NVIDIA GeForce RTX 3080, 6250, 3802, 10240, 98, 98
2026/07/30 23:27:00.327, 0, NVIDIA GeForce RTX 3080, 6250, 3802, 10240, 98, 98
2026/07/30 23:27:00.439, 0, NVIDIA GeForce RTX 3080, 6250, 3802, 10240, 98, 98
2026/07/30 23:27:00.551, 0, NVIDIA GeForce RTX 3080, 6250, 3802, 10240, 98, 98
2026/07/30 23:27:00.662, 0, NVIDIA GeForce RTX 3080, 6250, 3802, 10240, 98, 98
2026/07/30 23:27:00.773, 0, NVIDIA GeForce RTX 3080, 6250, 3802, 10240, 97, 97
2026/07/30 23:27:00.884, 0, NVIDIA GeForce RTX 3080, 6250, 3802, 10240, 97, 97
2026/07/30 23:27:00.996, 0, NVIDIA GeForce RTX 3080, 6250, 3802, 10240, 97, 97
2026/07/30 23:27:01.108, 0, NVIDIA GeForce RTX 3080, 6250, 3802, 10240, 97, 97
2026/07/30 23:27:01.219, 0, NVIDIA GeForce RTX 3080, 6250, 3802, 10240, 97, 97
2026/07/30 23:27:01.330, 0, NVIDIA GeForce RTX 3080, 6250, 3802, 10240, 97, 97
2026/07/30 23:27:01.442, 0, NVIDIA GeForce RTX 3080, 6250, 3802, 10240, 97, 97
2026/07/30 23:27:01.554, 0, NVIDIA GeForce RTX 3080, 6250, 3802, 10240, 97, 97
2026/07/30 23:27:01.666, 0, NVIDIA GeForce RTX 3080, 6250, 3802, 10240, 97, 97
2026/07/30 23:27:01.777, 0, NVIDIA GeForce RTX 3080, 6250, 3802, 10240, 95, 98
2026/07/30 23:27:01.888, 0, NVIDIA GeForce RTX 3080, 6250, 3802, 10240, 95, 98
2026/07/30 23:27:02.000, 0, NVIDIA GeForce RTX 3080, 6250, 3802, 10240, 95, 98
2026/07/30 23:27:02.111, 0, NVIDIA GeForce RTX 3080, 6250, 3802, 10240, 95, 98
2026/07/30 23:27:02.223, 0, NVIDIA GeForce RTX 3080, 6250, 3802, 10240, 95, 98
2026/07/30 23:27:02.334, 0, NVIDIA GeForce RTX 3080, 6250, 3802, 10240, 94, 97
2026/07/30 23:27:02.446, 0, NVIDIA GeForce RTX 3080, 6250, 3802, 10240, 94, 97
2026/07/30 23:27:02.558, 0, NVIDIA GeForce RTX 3080, 6250, 3802, 10240, 94, 97
2026/07/30 23:27:02.670, 0, NVIDIA GeForce RTX 3080, 6250, 3802, 10240, 94, 97
2026/07/30 23:27:02.781, 0, NVIDIA GeForce RTX 3080, 6250, 3802, 10240, 95, 97
2026/07/30 23:27:02.893, 0, NVIDIA GeForce RTX 3080, 6250, 3802, 10240, 95, 97
2026/07/30 23:27:03.005, 0, NVIDIA GeForce RTX 3080, 6250, 3802, 10240, 95, 97
2026/07/30 23:27:03.117, 0, NVIDIA GeForce RTX 3080, 6250, 3802, 10240, 95, 97
2026/07/30 23:27:03.229, 0, NVIDIA GeForce RTX 3080, 6250, 3802, 10240, 95, 97
2026/07/30 23:27:03.341, 0, NVIDIA GeForce RTX 3080, 6250, 3802, 10240, 96, 98
2026/07/30 23:27:03.452, 0, NVIDIA GeForce RTX 3080, 6250, 3802, 10240, 96, 98
2026/07/30 23:27:03.564, 0, NVIDIA GeForce RTX 3080, 6250, 3802, 10240, 96, 98
2026/07/30 23:27:03.676, 0, NVIDIA GeForce RTX 3080, 6250, 3802, 10240, 96, 98
2026/07/30 23:27:03.787, 0, NVIDIA GeForce RTX 3080, 6250, 3802, 10240, 97, 98
2026/07/30 23:27:03.896, 0, NVIDIA GeForce RTX 3080, 6250, 3802, 10240, 97, 98
2026/07/30 23:27:04.008, 0, NVIDIA GeForce RTX 3080, 6250, 3802, 10240, 97, 98
2026/07/30 23:27:04.119, 0, NVIDIA GeForce RTX 3080, 6250, 3802, 10240, 97, 98
2026/07/30 23:27:04.228, 0, NVIDIA GeForce RTX 3080, 6250, 3802, 10240, 97, 98
2026/07/30 23:27:04.337, 0, NVIDIA GeForce RTX 3080, 6250, 3802, 10240, 97, 98
2026/07/30 23:27:04.446, 0, NVIDIA GeForce RTX 3080, 6250, 3802, 10240, 97, 98
2026/07/30 23:27:04.555, 0, NVIDIA GeForce RTX 3080, 6250, 3802, 10240, 97, 98
2026/07/30 23:27:04.664, 0, NVIDIA GeForce RTX 3080, 6250, 3802, 10240, 97, 98
2026/07/30 23:27:04.773, 0, NVIDIA GeForce RTX 3080, 6250, 3802, 10240, 98, 98
2026/07/30 23:27:04.882, 0, NVIDIA GeForce RTX 3080, 6250, 3802, 10240, 98, 98
2026/07/30 23:27:04.994, 0, NVIDIA GeForce RTX 3080, 6250, 3802, 10240, 98, 98
2026/07/30 23:27:05.106, 0, NVIDIA GeForce RTX 3080, 6250, 3802, 10240, 98, 98
2026/07/30 23:27:05.218, 0, NVIDIA GeForce RTX 3080, 6250, 3802, 10240, 98, 98
2026/07/30 23:27:05.328, 0, NVIDIA GeForce RTX 3080, 6250, 3802, 10240, 97, 98
2026/07/30 23:27:05.440, 0, NVIDIA GeForce RTX 3080, 6250, 3802, 10240, 97, 98
2026/07/30 23:27:05.550, 0, NVIDIA GeForce RTX 3080, 6250, 3802, 10240, 97, 98
2026/07/30 23:27:05.662, 0, NVIDIA GeForce RTX 3080, 6250, 3802, 10240, 97, 98
2026/07/30 23:27:05.774, 0, NVIDIA GeForce RTX 3080, 6250, 3802, 10240, 96, 98
2026/07/30 23:27:05.886, 0, NVIDIA GeForce RTX 3080, 6250, 3802, 10240, 96, 98
2026/07/30 23:27:05.998, 0, NVIDIA GeForce RTX 3080, 6250, 3802, 10240, 96, 98
2026/07/30 23:27:06.108, 0, NVIDIA GeForce RTX 3080, 6250, 3802, 10240, 96, 98
2026/07/30 23:27:06.218, 0, NVIDIA GeForce RTX 3080, 6250, 3802, 10240, 96, 98
2026/07/30 23:27:06.327, 0, NVIDIA GeForce RTX 3080, 6250, 3802, 10240, 94, 97
2026/07/30 23:27:06.437, 0, NVIDIA GeForce RTX 3080, 6250, 3802, 10240, 94, 97
2026/07/30 23:27:06.547, 0, NVIDIA GeForce RTX 3080, 6250, 3802, 10240, 94, 97
2026/07/30 23:27:06.657, 0, NVIDIA GeForce RTX 3080, 6250, 3802, 10240, 94, 97
2026/07/30 23:27:06.769, 0, NVIDIA GeForce RTX 3080, 6250, 3802, 10240, 94, 97
2026/07/30 23:27:06.881, 0, NVIDIA GeForce RTX 3080, 6250, 3802, 10240, 96, 98
2026/07/30 23:27:06.992, 0, NVIDIA GeForce RTX 3080, 6250, 3802, 10240, 96, 98
2026/07/30 23:27:07.104, 0, NVIDIA GeForce RTX 3080, 6250, 3802, 10240, 96, 98
2026/07/30 23:27:07.216, 0, NVIDIA GeForce RTX 3080, 6250, 3802, 10240, 96, 98
2026/07/30 23:27:07.327, 0, NVIDIA GeForce RTX 3080, 6250, 3802, 10240, 95, 98
2026/07/30 23:27:07.438, 0, NVIDIA GeForce RTX 3080, 6250, 3802, 10240, 95, 98
2026/07/30 23:27:07.549, 0, NVIDIA GeForce RTX 3080, 6250, 3802, 10240, 95, 98
2026/07/30 23:27:07.661, 0, NVIDIA GeForce RTX 3080, 6250, 3802, 10240, 95, 98
2026/07/30 23:27:07.772, 0, NVIDIA GeForce RTX 3080, 6250, 3802, 10240, 97, 98
2026/07/30 23:27:07.884, 0, NVIDIA GeForce RTX 3080, 6250, 3802, 10240, 97, 98
2026/07/30 23:27:07.996, 0, NVIDIA GeForce RTX 3080, 6250, 3802, 10240, 97, 98
2026/07/30 23:27:08.108, 0, NVIDIA GeForce RTX 3080, 6250, 3802, 10240, 97, 98
2026/07/30 23:27:08.220, 0, NVIDIA GeForce RTX 3080, 6250, 3802, 10240, 97, 98
2026/07/30 23:27:08.332, 0, NVIDIA GeForce RTX 3080, 6250, 3802, 10240, 96, 97
2026/07/30 23:27:08.443, 0, NVIDIA GeForce RTX 3080, 6250, 3802, 10240, 96, 97
2026/07/30 23:27:08.555, 0, NVIDIA GeForce RTX 3080, 6250, 3802, 10240, 96, 97
2026/07/30 23:27:08.667, 0, NVIDIA GeForce RTX 3080, 6250, 3802, 10240, 96, 97
2026/07/30 23:27:08.780, 0, NVIDIA GeForce RTX 3080, 6250, 3802, 10240, 97, 97
2026/07/30 23:27:08.892, 0, NVIDIA GeForce RTX 3080, 6250, 3802, 10240, 97, 97
2026/07/30 23:27:09.004, 0, NVIDIA GeForce RTX 3080, 6250, 3802, 10240, 97, 97
2026/07/30 23:27:09.116, 0, NVIDIA GeForce RTX 3080, 6250, 3802, 10240, 97, 97
2026/07/30 23:27:09.228, 0, NVIDIA GeForce RTX 3080, 6250, 3802, 10240, 97, 97
2026/07/30 23:27:09.340, 0, NVIDIA GeForce RTX 3080, 6250, 3802, 10240, 97, 98
2026/07/30 23:27:09.452, 0, NVIDIA GeForce RTX 3080, 6250, 3802, 10240, 97, 98
2026/07/30 23:27:09.563, 0, NVIDIA GeForce RTX 3080, 6250, 3802, 10240, 97, 98
2026/07/30 23:27:09.675, 0, NVIDIA GeForce RTX 3080, 6250, 3802, 10240, 97, 98
2026/07/30 23:27:09.787, 0, NVIDIA GeForce RTX 3080, 6250, 3802, 10240, 95, 98
2026/07/30 23:27:09.899, 0, NVIDIA GeForce RTX 3080, 6250, 3802, 10240, 95, 98
2026/07/30 23:27:10.010, 0, NVIDIA GeForce RTX 3080, 6250, 3802, 10240, 95, 98
2026/07/30 23:27:10.122, 0, NVIDIA GeForce RTX 3080, 6250, 3802, 10240, 95, 98
2026/07/30 23:27:10.233, 0, NVIDIA GeForce RTX 3080, 6250, 3802, 10240, 95, 98
2026/07/30 23:27:10.345, 0, NVIDIA GeForce RTX 3080, 6250, 3802, 10240, 95, 98
2026/07/30 23:27:10.457, 0, NVIDIA GeForce RTX 3080, 6250, 3802, 10240, 95, 98
2026/07/30 23:27:10.569, 0, NVIDIA GeForce RTX 3080, 6250, 3802, 10240, 95, 98
2026/07/30 23:27:10.681, 0, NVIDIA GeForce RTX 3080, 6250, 3802, 10240, 95, 98
2026/07/30 23:27:10.793, 0, NVIDIA GeForce RTX 3080, 6250, 3802, 10240, 95, 98
2026/07/30 23:27:10.905, 0, NVIDIA GeForce RTX 3080, 6250, 3802, 10240, 95, 98
2026/07/30 23:27:11.017, 0, NVIDIA GeForce RTX 3080, 6250, 3802, 10240, 95, 98
2026/07/30 23:27:11.126, 0, NVIDIA GeForce RTX 3080, 6250, 3802, 10240, 95, 98
2026/07/30 23:27:11.236, 0, NVIDIA GeForce RTX 3080, 6250, 3802, 10240, 95, 98
2026/07/30 23:27:11.346, 0, NVIDIA GeForce RTX 3080, 6250, 3802, 10240, 96, 98
2026/07/30 23:27:11.453, 0, NVIDIA GeForce RTX 3080, 6250, 3802, 10240, 96, 98
2026/07/30 23:27:11.564, 0, NVIDIA GeForce RTX 3080, 6250, 3802, 10240, 96, 98
2026/07/30 23:27:11.676, 0, NVIDIA GeForce RTX 3080, 6250, 3802, 10240, 96, 98
2026/07/30 23:27:11.788, 0, NVIDIA GeForce RTX 3080, 6250, 3802, 10240, 97, 98
2026/07/30 23:27:11.900, 0, NVIDIA GeForce RTX 3080, 6250, 3802, 10240, 97, 98
2026/07/30 23:27:12.011, 0, NVIDIA GeForce RTX 3080, 6250, 3802, 10240, 97, 98
2026/07/30 23:27:12.123, 0, NVIDIA GeForce RTX 3080, 6250, 3802, 10240, 97, 98
2026/07/30 23:27:12.235, 0, NVIDIA GeForce RTX 3080, 6250, 3802, 10240, 97, 98
2026/07/30 23:27:12.347, 0, NVIDIA GeForce RTX 3080, 6250, 3802, 10240, 96, 98
2026/07/30 23:27:12.459, 0, NVIDIA GeForce RTX 3080, 6250, 3802, 10240, 96, 98
2026/07/30 23:27:12.571, 0, NVIDIA GeForce RTX 3080, 6250, 3802, 10240, 96, 98
2026/07/30 23:27:12.683, 0, NVIDIA GeForce RTX 3080, 6250, 3802, 10240, 96, 98
2026/07/30 23:27:12.793, 0, NVIDIA GeForce RTX 3080, 6250, 3802, 10240, 96, 98
2026/07/30 23:27:12.904, 0, NVIDIA GeForce RTX 3080, 6250, 3802, 10240, 96, 98
2026/07/30 23:27:13.016, 0, NVIDIA GeForce RTX 3080, 6250, 3802, 10240, 96, 98
2026/07/30 23:27:13.126, 0, NVIDIA GeForce RTX 3080, 6250, 3802, 10240, 96, 98
2026/07/30 23:27:13.236, 0, NVIDIA GeForce RTX 3080, 6250, 3802, 10240, 96, 98
2026/07/30 23:27:13.346, 0, NVIDIA GeForce RTX 3080, 6250, 3802, 10240, 96, 97
2026/07/30 23:27:13.458, 0, NVIDIA GeForce RTX 3080, 6250, 3802, 10240, 96, 97
2026/07/30 23:27:13.570, 0, NVIDIA GeForce RTX 3080, 6250, 3802, 10240, 96, 97
2026/07/30 23:27:13.680, 0, NVIDIA GeForce RTX 3080, 6250, 3802, 10240, 96, 97
2026/07/30 23:27:13.792, 0, NVIDIA GeForce RTX 3080, 6250, 3802, 10240, 97, 97
2026/07/30 23:27:13.904, 0, NVIDIA GeForce RTX 3080, 6250, 3802, 10240, 97, 97
2026/07/30 23:27:14.016, 0, NVIDIA GeForce RTX 3080, 6250, 3802, 10240, 97, 97
2026/07/30 23:27:14.128, 0, NVIDIA GeForce RTX 3080, 6250, 3802, 10240, 97, 97
2026/07/30 23:27:14.240, 0, NVIDIA GeForce RTX 3080, 6250, 3802, 10240, 97, 97
2026/07/30 23:27:14.352, 0, NVIDIA GeForce RTX 3080, 6250, 3802, 10240, 96, 96
2026/07/30 23:27:14.464, 0, NVIDIA GeForce RTX 3080, 6250, 3802, 10240, 96, 96
2026/07/30 23:27:14.577, 0, NVIDIA GeForce RTX 3080, 6250, 3802, 10240, 96, 96
2026/07/30 23:27:14.689, 0, NVIDIA GeForce RTX 3080, 6250, 3802, 10240, 96, 96
2026/07/30 23:27:14.801, 0, NVIDIA GeForce RTX 3080, 6250, 3802, 10240, 97, 97
2026/07/30 23:27:14.913, 0, NVIDIA GeForce RTX 3080, 6250, 3802, 10240, 97, 97
2026/07/30 23:27:15.025, 0, NVIDIA GeForce RTX 3080, 6250, 3802, 10240, 97, 97
2026/07/30 23:27:15.137, 0, NVIDIA GeForce RTX 3080, 6250, 3802, 10240, 97, 97
2026/07/30 23:27:15.249, 0, NVIDIA GeForce RTX 3080, 6250, 3802, 10240, 97, 97
2026/07/30 23:27:15.361, 0, NVIDIA GeForce RTX 3080, 6250, 3802, 10240, 97, 97
2026/07/30 23:27:15.473, 0, NVIDIA GeForce RTX 3080, 6250, 3802, 10240, 97, 97
2026/07/30 23:27:15.584, 0, NVIDIA GeForce RTX 3080, 6250, 3802, 10240, 97, 97
2026/07/30 23:27:15.695, 0, NVIDIA GeForce RTX 3080, 6250, 3802, 10240, 97, 97
2026/07/30 23:27:15.805, 0, NVIDIA GeForce RTX 3080, 6250, 3802, 10240, 95, 98
2026/07/30 23:27:15.917, 0, NVIDIA GeForce RTX 3080, 6250, 3802, 10240, 95, 98
2026/07/30 23:27:16.029, 0, NVIDIA GeForce RTX 3080, 6250, 3802, 10240, 95, 98
2026/07/30 23:27:16.141, 0, NVIDIA GeForce RTX 3080, 6250, 3802, 10240, 95, 98
2026/07/30 23:27:16.253, 0, NVIDIA GeForce RTX 3080, 6250, 3802, 10240, 95, 98
2026/07/30 23:27:16.365, 0, NVIDIA GeForce RTX 3080, 6250, 3802, 10240, 96, 98
2026/07/30 23:27:16.477, 0, NVIDIA GeForce RTX 3080, 6250, 3802, 10240, 96, 98
2026/07/30 23:27:16.589, 0, NVIDIA GeForce RTX 3080, 6250, 3802, 10240, 96, 98
2026/07/30 23:27:16.699, 0, NVIDIA GeForce RTX 3080, 6250, 3802, 10240, 96, 98
2026/07/30 23:27:16.810, 0, NVIDIA GeForce RTX 3080, 6250, 3802, 10240, 96, 98
2026/07/30 23:27:16.922, 0, NVIDIA GeForce RTX 3080, 6250, 3802, 10240, 96, 98
2026/07/30 23:27:17.034, 0, NVIDIA GeForce RTX 3080, 6250, 3802, 10240, 96, 98
2026/07/30 23:27:17.146, 0, NVIDIA GeForce RTX 3080, 6250, 3802, 10240, 96, 98
2026/07/30 23:27:17.258, 0, NVIDIA GeForce RTX 3080, 6250, 3802, 10240, 96, 98
2026/07/30 23:27:17.370, 0, NVIDIA GeForce RTX 3080, 6250, 3802, 10240, 95, 98
2026/07/30 23:27:17.482, 0, NVIDIA GeForce RTX 3080, 6250, 3802, 10240, 95, 98
2026/07/30 23:27:17.594, 0, NVIDIA GeForce RTX 3080, 6250, 3802, 10240, 95, 98
2026/07/30 23:27:17.706, 0, NVIDIA GeForce RTX 3080, 6250, 3802, 10240, 95, 98
2026/07/30 23:27:17.818, 0, NVIDIA GeForce RTX 3080, 6250, 3802, 10240, 97, 98
2026/07/30 23:27:17.930, 0, NVIDIA GeForce RTX 3080, 6250, 3802, 10240, 97, 98
2026/07/30 23:27:18.043, 0, NVIDIA GeForce RTX 3080, 6250, 3802, 10240, 97, 98
2026/07/30 23:27:18.152, 0, NVIDIA GeForce RTX 3080, 6250, 3802, 10240, 97, 98
2026/07/30 23:27:18.263, 0, NVIDIA GeForce RTX 3080, 6250, 3802, 10240, 97, 98
2026/07/30 23:27:18.375, 0, NVIDIA GeForce RTX 3080, 6250, 3802, 10240, 97, 98
2026/07/30 23:27:18.486, 0, NVIDIA GeForce RTX 3080, 6250, 3802, 10240, 97, 98
2026/07/30 23:27:18.598, 0, NVIDIA GeForce RTX 3080, 6250, 3802, 10240, 97, 98
2026/07/30 23:27:18.711, 0, NVIDIA GeForce RTX 3080, 6250, 3802, 10240, 97, 98
2026/07/30 23:27:18.823, 0, NVIDIA GeForce RTX 3080, 6250, 3802, 10240, 97, 98
2026/07/30 23:27:18.934, 0, NVIDIA GeForce RTX 3080, 6250, 3802, 10240, 97, 98
2026/07/30 23:27:19.046, 0, NVIDIA GeForce RTX 3080, 6250, 3802, 10240, 97, 98
2026/07/30 23:27:19.158, 0, NVIDIA GeForce RTX 3080, 6250, 3802, 10240, 97, 98
2026/07/30 23:27:19.270, 0, NVIDIA GeForce RTX 3080, 6250, 3802, 10240, 97, 98
2026/07/30 23:27:19.382, 0, NVIDIA GeForce RTX 3080, 6250, 3802, 10240, 97, 98
2026/07/30 23:27:19.494, 0, NVIDIA GeForce RTX 3080, 6250, 3802, 10240, 97, 98
2026/07/30 23:27:19.606, 0, NVIDIA GeForce RTX 3080, 6250, 3802, 10240, 97, 98
2026/07/30 23:27:19.718, 0, NVIDIA GeForce RTX 3080, 6250, 3802, 10240, 97, 98
2026/07/30 23:27:19.830, 0, NVIDIA GeForce RTX 3080, 6250, 3802, 10240, 95, 98
2026/07/30 23:27:19.942, 0, NVIDIA GeForce RTX 3080, 6250, 3802, 10240, 95, 98
2026/07/30 23:27:20.054, 0, NVIDIA GeForce RTX 3080, 6250, 3802, 10240, 95, 98
2026/07/30 23:27:20.166, 0, NVIDIA GeForce RTX 3080, 6250, 3802, 10240, 95, 98
2026/07/30 23:27:20.278, 0, NVIDIA GeForce RTX 3080, 6250, 3802, 10240, 96, 98
2026/07/30 23:27:20.390, 0, NVIDIA GeForce RTX 3080, 6250, 3802, 10240, 96, 98
2026/07/30 23:27:20.502, 0, NVIDIA GeForce RTX 3080, 6250, 3802, 10240, 96, 98
2026/07/30 23:27:20.613, 0, NVIDIA GeForce RTX 3080, 6250, 3802, 10240, 96, 98
2026/07/30 23:27:20.725, 0, NVIDIA GeForce RTX 3080, 6250, 3802, 10240, 96, 98
2026/07/30 23:27:20.837, 0, NVIDIA GeForce RTX 3080, 6250, 3802, 10240, 96, 98
2026/07/30 23:27:20.949, 0, NVIDIA GeForce RTX 3080, 6250, 3802, 10240, 96, 98
2026/07/30 23:27:21.061, 0, NVIDIA GeForce RTX 3080, 6250, 3802, 10240, 96, 98
2026/07/30 23:27:21.172, 0, NVIDIA GeForce RTX 3080, 6250, 3802, 10240, 96, 98
2026/07/30 23:27:21.284, 0, NVIDIA GeForce RTX 3080, 6250, 3802, 10240, 96, 98
2026/07/30 23:27:21.395, 0, NVIDIA GeForce RTX 3080, 6250, 3802, 10240, 96, 98
2026/07/30 23:27:21.506, 0, NVIDIA GeForce RTX 3080, 6250, 3802, 10240, 96, 98
2026/07/30 23:27:21.618, 0, NVIDIA GeForce RTX 3080, 6250, 3802, 10240, 96, 98
2026/07/30 23:27:21.729, 0, NVIDIA GeForce RTX 3080, 6250, 3802, 10240, 96, 98
2026/07/30 23:27:21.839, 0, NVIDIA GeForce RTX 3080, 6250, 3802, 10240, 96, 96
2026/07/30 23:27:21.951, 0, NVIDIA GeForce RTX 3080, 6250, 3802, 10240, 96, 96
2026/07/30 23:27:22.062, 0, NVIDIA GeForce RTX 3080, 6250, 3802, 10240, 96, 96
2026/07/30 23:27:22.174, 0, NVIDIA GeForce RTX 3080, 6250, 3802, 10240, 96, 96
2026/07/30 23:27:22.286, 0, NVIDIA GeForce RTX 3080, 6250, 3802, 10240, 97, 98
2026/07/30 23:27:22.398, 0, NVIDIA GeForce RTX 3080, 6250, 3802, 10240, 97, 98
2026/07/30 23:27:22.510, 0, NVIDIA GeForce RTX 3080, 6250, 3802, 10240, 97, 98
2026/07/30 23:27:22.623, 0, NVIDIA GeForce RTX 3080, 6250, 3802, 10240, 97, 98
2026/07/30 23:27:22.734, 0, NVIDIA GeForce RTX 3080, 6250, 3802, 10240, 97, 98
2026/07/30 23:27:22.846, 0, NVIDIA GeForce RTX 3080, 6250, 3802, 10240, 95, 96
2026/07/30 23:27:22.958, 0, NVIDIA GeForce RTX 3080, 6250, 3802, 10240, 95, 96
2026/07/30 23:27:23.070, 0, NVIDIA GeForce RTX 3080, 6250, 3802, 10240, 95, 96
2026/07/30 23:27:23.182, 0, NVIDIA GeForce RTX 3080, 6250, 3802, 10240, 95, 96
2026/07/30 23:27:23.294, 0, NVIDIA GeForce RTX 3080, 6250, 3802, 10240, 97, 98
2026/07/30 23:27:23.406, 0, NVIDIA GeForce RTX 3080, 6250, 3802, 10240, 97, 98
2026/07/30 23:27:23.517, 0, NVIDIA GeForce RTX 3080, 6250, 3802, 10240, 97, 98
2026/07/30 23:27:23.628, 0, NVIDIA GeForce RTX 3080, 6250, 3802, 10240, 97, 98
2026/07/30 23:27:23.740, 0, NVIDIA GeForce RTX 3080, 6250, 3802, 10240, 97, 98
2026/07/30 23:27:23.852, 0, NVIDIA GeForce RTX 3080, 6250, 3802, 10240, 95, 98
2026/07/30 23:27:23.964, 0, NVIDIA GeForce RTX 3080, 6250, 3802, 10240, 95, 98
2026/07/30 23:27:24.076, 0, NVIDIA GeForce RTX 3080, 6250, 3802, 10240, 95, 98
2026/07/30 23:27:24.187, 0, NVIDIA GeForce RTX 3080, 6250, 3802, 10240, 95, 98
2026/07/30 23:27:24.295, 0, NVIDIA GeForce RTX 3080, 6250, 3802, 10240, 95, 98
2026/07/30 23:27:24.405, 0, NVIDIA GeForce RTX 3080, 6250, 3802, 10240, 95, 98
2026/07/30 23:27:24.514, 0, NVIDIA GeForce RTX 3080, 6250, 3802, 10240, 95, 98
2026/07/30 23:27:24.624, 0, NVIDIA GeForce RTX 3080, 6250, 3802, 10240, 95, 98
2026/07/30 23:27:24.733, 0, NVIDIA GeForce RTX 3080, 6250, 3802, 10240, 95, 98
2026/07/30 23:27:24.842, 0, NVIDIA GeForce RTX 3080, 6250, 3802, 10240, 95, 98
2026/07/30 23:27:24.954, 0, NVIDIA GeForce RTX 3080, 6250, 3802, 10240, 95, 98
2026/07/30 23:27:25.065, 0, NVIDIA GeForce RTX 3080, 6250, 3802, 10240, 95, 98
2026/07/30 23:27:25.177, 0, NVIDIA GeForce RTX 3080, 6250, 3802, 10240, 95, 98
2026/07/30 23:27:25.287, 0, NVIDIA GeForce RTX 3080, 6250, 3802, 10240, 95, 98
2026/07/30 23:27:25.399, 0, NVIDIA GeForce RTX 3080, 6250, 3802, 10240, 95, 98
2026/07/30 23:27:25.510, 0, NVIDIA GeForce RTX 3080, 6250, 3802, 10240, 95, 98
2026/07/30 23:27:25.622, 0, NVIDIA GeForce RTX 3080, 6250, 3802, 10240, 95, 98
2026/07/30 23:27:25.733, 0, NVIDIA GeForce RTX 3080, 6250, 3802, 10240, 95, 98
2026/07/30 23:27:25.845, 0, NVIDIA GeForce RTX 3080, 6250, 3802, 10240, 97, 98
2026/07/30 23:27:25.956, 0, NVIDIA GeForce RTX 3080, 6250, 3802, 10240, 97, 98
2026/07/30 23:27:26.068, 0, NVIDIA GeForce RTX 3080, 6250, 3802, 10240, 97, 98
2026/07/30 23:27:26.178, 0, NVIDIA GeForce RTX 3080, 6250, 3802, 10240, 97, 98
2026/07/30 23:27:26.288, 0, NVIDIA GeForce RTX 3080, 6250, 3802, 10240, 97, 98
2026/07/30 23:27:26.400, 0, NVIDIA GeForce RTX 3080, 6250, 3802, 10240, 97, 98
2026/07/30 23:27:26.510, 0, NVIDIA GeForce RTX 3080, 6250, 3802, 10240, 97, 98
2026/07/30 23:27:26.622, 0, NVIDIA GeForce RTX 3080, 6250, 3802, 10240, 97, 98
2026/07/30 23:27:26.733, 0, NVIDIA GeForce RTX 3080, 6250, 3802, 10240, 97, 98
2026/07/30 23:27:26.844, 0, NVIDIA GeForce RTX 3080, 6250, 3802, 10240, 97, 98
2026/07/30 23:27:26.956, 0, NVIDIA GeForce RTX 3080, 6250, 3802, 10240, 97, 98
2026/07/30 23:27:27.067, 0, NVIDIA GeForce RTX 3080, 6250, 3802, 10240, 97, 98
2026/07/30 23:27:27.178, 0, NVIDIA GeForce RTX 3080, 6250, 3802, 10240, 97, 98
2026/07/30 23:27:27.289, 0, NVIDIA GeForce RTX 3080, 6250, 3802, 10240, 97, 98
2026/07/30 23:27:27.401, 0, NVIDIA GeForce RTX 3080, 6250, 3802, 10240, 97, 98
2026/07/30 23:27:27.513, 0, NVIDIA GeForce RTX 3080, 6250, 3802, 10240, 97, 98
2026/07/30 23:27:27.626, 0, NVIDIA GeForce RTX 3080, 6250, 3802, 10240, 97, 98
2026/07/30 23:27:27.738, 0, NVIDIA GeForce RTX 3080, 6250, 3802, 10240, 97, 98
2026/07/30 23:27:27.850, 0, NVIDIA GeForce RTX 3080, 6250, 3802, 10240, 98, 98
2026/07/30 23:27:27.962, 0, NVIDIA GeForce RTX 3080, 6250, 3802, 10240, 98, 98
2026/07/30 23:27:28.074, 0, NVIDIA GeForce RTX 3080, 6250, 3802, 10240, 98, 98
2026/07/30 23:27:28.186, 0, NVIDIA GeForce RTX 3080, 6250, 3802, 10240, 98, 98
2026/07/30 23:27:28.298, 0, NVIDIA GeForce RTX 3080, 6250, 3802, 10240, 98, 98
2026/07/30 23:27:28.410, 0, NVIDIA GeForce RTX 3080, 6250, 3802, 10240, 98, 98
2026/07/30 23:27:28.522, 0, NVIDIA GeForce RTX 3080, 6250, 3802, 10240, 98, 98
2026/07/30 23:27:28.633, 0, NVIDIA GeForce RTX 3080, 6250, 3802, 10240, 98, 98
2026/07/30 23:27:28.744, 0, NVIDIA GeForce RTX 3080, 6250, 3802, 10240, 98, 98
2026/07/30 23:27:28.855, 0, NVIDIA GeForce RTX 3080, 6250, 3802, 10240, 98, 98
2026/07/30 23:27:28.967, 0, NVIDIA GeForce RTX 3080, 6250, 3802, 10240, 98, 98
2026/07/30 23:27:29.078, 0, NVIDIA GeForce RTX 3080, 6250, 3802, 10240, 98, 98
2026/07/30 23:27:29.189, 0, NVIDIA GeForce RTX 3080, 6250, 3802, 10240, 98, 98
2026/07/30 23:27:29.301, 0, NVIDIA GeForce RTX 3080, 6250, 3802, 10240, 98, 98
2026/07/30 23:27:29.412, 0, NVIDIA GeForce RTX 3080, 6250, 3802, 10240, 98, 98
2026/07/30 23:27:29.524, 0, NVIDIA GeForce RTX 3080, 6250, 3802, 10240, 98, 98
2026/07/30 23:27:29.636, 0, NVIDIA GeForce RTX 3080, 6250, 3802, 10240, 98, 98
2026/07/30 23:27:29.748, 0, NVIDIA GeForce RTX 3080, 6250, 3802, 10240, 98, 98
2026/07/30 23:27:29.859, 0, NVIDIA GeForce RTX 3080, 6250, 3802, 10240, 95, 98
2026/07/30 23:27:29.971, 0, NVIDIA GeForce RTX 3080, 6250, 3802, 10240, 95, 98
2026/07/30 23:27:30.083, 0, NVIDIA GeForce RTX 3080, 6250, 3802, 10240, 95, 98
2026/07/30 23:27:30.194, 0, NVIDIA GeForce RTX 3080, 6250, 3802, 10240, 95, 98
2026/07/30 23:27:30.306, 0, NVIDIA GeForce RTX 3080, 6250, 3802, 10240, 95, 97
2026/07/30 23:27:30.418, 0, NVIDIA GeForce RTX 3080, 6250, 3802, 10240, 95, 97
2026/07/30 23:27:30.530, 0, NVIDIA GeForce RTX 3080, 6250, 3802, 10240, 95, 97
2026/07/30 23:27:30.642, 0, NVIDIA GeForce RTX 3080, 6250, 3802, 10240, 95, 97
2026/07/30 23:27:30.754, 0, NVIDIA GeForce RTX 3080, 6250, 3802, 10240, 95, 97
2026/07/30 23:27:30.866, 0, NVIDIA GeForce RTX 3080, 6250, 3802, 10240, 96, 98
2026/07/30 23:27:30.978, 0, NVIDIA GeForce RTX 3080, 6250, 3802, 10240, 96, 98
2026/07/30 23:27:31.090, 0, NVIDIA GeForce RTX 3080, 6250, 3802, 10240, 96, 98
2026/07/30 23:27:31.199, 0, NVIDIA GeForce RTX 3080, 6250, 3802, 10240, 96, 98
2026/07/30 23:27:31.309, 0, NVIDIA GeForce RTX 3080, 6250, 3802, 10240, 95, 98
2026/07/30 23:27:31.420, 0, NVIDIA GeForce RTX 3080, 6250, 3802, 10240, 95, 98
2026/07/30 23:27:31.530, 0, NVIDIA GeForce RTX 3080, 6250, 3802, 10240, 95, 98
2026/07/30 23:27:31.641, 0, NVIDIA GeForce RTX 3080, 6250, 3802, 10240, 95, 98
2026/07/30 23:27:31.753, 0, NVIDIA GeForce RTX 3080, 6250, 3802, 10240, 95, 98
2026/07/30 23:27:31.863, 0, NVIDIA GeForce RTX 3080, 6250, 3802, 10240, 97, 98
2026/07/30 23:27:31.973, 0, NVIDIA GeForce RTX 3080, 6250, 3802, 10240, 97, 98
2026/07/30 23:27:32.085, 0, NVIDIA GeForce RTX 3080, 6250, 3802, 10240, 97, 98
2026/07/30 23:27:32.197, 0, NVIDIA GeForce RTX 3080, 6250, 3802, 10240, 97, 98
2026/07/30 23:27:32.308, 0, NVIDIA GeForce RTX 3080, 6250, 3802, 10240, 97, 98
2026/07/30 23:27:32.421, 0, NVIDIA GeForce RTX 3080, 6250, 3802, 10240, 97, 98
2026/07/30 23:27:32.533, 0, NVIDIA GeForce RTX 3080, 6250, 3802, 10240, 97, 98
2026/07/30 23:27:32.644, 0, NVIDIA GeForce RTX 3080, 6250, 3802, 10240, 97, 98
2026/07/30 23:27:32.756, 0, NVIDIA GeForce RTX 3080, 6250, 3802, 10240, 97, 98
2026/07/30 23:27:32.868, 0, NVIDIA GeForce RTX 3080, 6250, 3802, 10240, 96, 97
2026/07/30 23:27:32.980, 0, NVIDIA GeForce RTX 3080, 6250, 3802, 10240, 96, 97
2026/07/30 23:27:33.092, 0, NVIDIA GeForce RTX 3080, 6250, 3802, 10240, 96, 97
2026/07/30 23:27:33.202, 0, NVIDIA GeForce RTX 3080, 6250, 3802, 10240, 96, 97
2026/07/30 23:27:33.314, 0, NVIDIA GeForce RTX 3080, 6250, 3802, 10240, 97, 98
2026/07/30 23:27:33.426, 0, NVIDIA GeForce RTX 3080, 6250, 3802, 10240, 97, 98
2026/07/30 23:27:33.537, 0, NVIDIA GeForce RTX 3080, 6250, 3802, 10240, 97, 98
2026/07/30 23:27:33.649, 0, NVIDIA GeForce RTX 3080, 6250, 3802, 10240, 97, 98
2026/07/30 23:27:33.761, 0, NVIDIA GeForce RTX 3080, 6250, 3802, 10240, 97, 98
2026/07/30 23:27:33.873, 0, NVIDIA GeForce RTX 3080, 6250, 3802, 10240, 96, 98
2026/07/30 23:27:33.985, 0, NVIDIA GeForce RTX 3080, 6250, 3802, 10240, 96, 98
2026/07/30 23:27:34.097, 0, NVIDIA GeForce RTX 3080, 6250, 3802, 10240, 96, 98
2026/07/30 23:27:34.208, 0, NVIDIA GeForce RTX 3080, 6250, 3802, 10240, 96, 98
2026/07/30 23:27:34.319, 0, NVIDIA GeForce RTX 3080, 6250, 3802, 10240, 95, 97
2026/07/30 23:27:34.429, 0, NVIDIA GeForce RTX 3080, 6250, 3802, 10240, 95, 97
2026/07/30 23:27:34.540, 0, NVIDIA GeForce RTX 3080, 6250, 3802, 10240, 95, 97
2026/07/30 23:27:34.651, 0, NVIDIA GeForce RTX 3080, 6250, 3802, 10240, 95, 97
2026/07/30 23:27:34.762, 0, NVIDIA GeForce RTX 3080, 6250, 3802, 10240, 95, 97
2026/07/30 23:27:34.873, 0, NVIDIA GeForce RTX 3080, 6250, 3802, 10240, 96, 98
2026/07/30 23:27:34.984, 0, NVIDIA GeForce RTX 3080, 6250, 3802, 10240, 96, 98
2026/07/30 23:27:35.096, 0, NVIDIA GeForce RTX 3080, 6250, 3802, 10240, 96, 98
2026/07/30 23:27:35.207, 0, NVIDIA GeForce RTX 3080, 6250, 3802, 10240, 96, 98
2026/07/30 23:27:35.319, 0, NVIDIA GeForce RTX 3080, 6250, 3802, 10240, 96, 98
2026/07/30 23:27:35.431, 0, NVIDIA GeForce RTX 3080, 6250, 3802, 10240, 96, 98
2026/07/30 23:27:35.543, 0, NVIDIA GeForce RTX 3080, 6250, 3802, 10240, 96, 98
2026/07/30 23:27:35.655, 0, NVIDIA GeForce RTX 3080, 6250, 3802, 10240, 96, 98
2026/07/30 23:27:35.767, 0, NVIDIA GeForce RTX 3080, 6250, 3802, 10240, 96, 98
2026/07/30 23:27:35.880, 0, NVIDIA GeForce RTX 3080, 6250, 3802, 10240, 97, 98
2026/07/30 23:27:35.992, 0, NVIDIA GeForce RTX 3080, 6250, 3802, 10240, 97, 98
2026/07/30 23:27:36.104, 0, NVIDIA GeForce RTX 3080, 6250, 3802, 10240, 97, 98
2026/07/30 23:27:36.216, 0, NVIDIA GeForce RTX 3080, 6250, 3802, 10240, 97, 98
2026/07/30 23:27:36.327, 0, NVIDIA GeForce RTX 3080, 6250, 3802, 10240, 96, 97
2026/07/30 23:27:36.439, 0, NVIDIA GeForce RTX 3080, 6250, 3802, 10240, 96, 97
2026/07/30 23:27:36.550, 0, NVIDIA GeForce RTX 3080, 6250, 3802, 10240, 96, 97
2026/07/30 23:27:36.662, 0, NVIDIA GeForce RTX 3080, 6250, 3802, 10240, 96, 97
2026/07/30 23:27:36.774, 0, NVIDIA GeForce RTX 3080, 6250, 3802, 10240, 97, 98
2026/07/30 23:27:36.886, 0, NVIDIA GeForce RTX 3080, 6250, 3802, 10240, 97, 98
2026/07/30 23:27:36.996, 0, NVIDIA GeForce RTX 3080, 6250, 3802, 10240, 97, 98
2026/07/30 23:27:37.108, 0, NVIDIA GeForce RTX 3080, 6250, 3802, 10240, 97, 98
2026/07/30 23:27:37.218, 0, NVIDIA GeForce RTX 3080, 6250, 3802, 10240, 97, 98
2026/07/30 23:27:37.330, 0, NVIDIA GeForce RTX 3080, 6250, 3802, 10240, 97, 98
2026/07/30 23:27:37.441, 0, NVIDIA GeForce RTX 3080, 6250, 3802, 10240, 97, 98
2026/07/30 23:27:37.553, 0, NVIDIA GeForce RTX 3080, 6250, 3802, 10240, 97, 98
2026/07/30 23:27:37.665, 0, NVIDIA GeForce RTX 3080, 6250, 3802, 10240, 97, 98
2026/07/30 23:27:37.777, 0, NVIDIA GeForce RTX 3080, 6250, 3802, 10240, 95, 98
2026/07/30 23:27:37.888, 0, NVIDIA GeForce RTX 3080, 6250, 3802, 10240, 95, 98
2026/07/30 23:27:38.000, 0, NVIDIA GeForce RTX 3080, 6250, 3802, 10240, 95, 98
2026/07/30 23:27:38.112, 0, NVIDIA GeForce RTX 3080, 6250, 3802, 10240, 95, 98
2026/07/30 23:27:38.224, 0, NVIDIA GeForce RTX 3080, 6250, 3802, 10240, 95, 98
2026/07/30 23:27:38.336, 0, NVIDIA GeForce RTX 3080, 6250, 3802, 10240, 94, 97
2026/07/30 23:27:38.448, 0, NVIDIA GeForce RTX 3080, 6250, 3802, 10240, 94, 97
2026/07/30 23:27:38.560, 0, NVIDIA GeForce RTX 3080, 6250, 3802, 10240, 94, 97
2026/07/30 23:27:38.672, 0, NVIDIA GeForce RTX 3080, 6250, 3802, 10240, 94, 97
2026/07/30 23:27:38.783, 0, NVIDIA GeForce RTX 3080, 6250, 3802, 10240, 95, 98
2026/07/30 23:27:38.893, 0, NVIDIA GeForce RTX 3080, 6250, 3802, 10240, 95, 98
2026/07/30 23:27:39.005, 0, NVIDIA GeForce RTX 3080, 6250, 3802, 10240, 95, 98
2026/07/30 23:27:39.117, 0, NVIDIA GeForce RTX 3080, 6250, 3802, 10240, 95, 98
2026/07/30 23:27:39.229, 0, NVIDIA GeForce RTX 3080, 6250, 3802, 10240, 95, 98
2026/07/30 23:27:39.340, 0, NVIDIA GeForce RTX 3080, 6250, 3802, 10240, 95, 98
2026/07/30 23:27:39.451, 0, NVIDIA GeForce RTX 3080, 6250, 3802, 10240, 95, 98
2026/07/30 23:27:39.563, 0, NVIDIA GeForce RTX 3080, 6250, 3802, 10240, 95, 98
2026/07/30 23:27:39.674, 0, NVIDIA GeForce RTX 3080, 6250, 3802, 10240, 95, 98
2026/07/30 23:27:39.786, 0, NVIDIA GeForce RTX 3080, 6250, 3802, 10240, 97, 98
2026/07/30 23:27:39.897, 0, NVIDIA GeForce RTX 3080, 6250, 3802, 10240, 97, 98
2026/07/30 23:27:40.009, 0, NVIDIA GeForce RTX 3080, 6250, 3802, 10240, 97, 98
2026/07/30 23:27:40.121, 0, NVIDIA GeForce RTX 3080, 6250, 3802, 10240, 97, 98
2026/07/30 23:27:40.233, 0, NVIDIA GeForce RTX 3080, 6250, 3802, 10240, 97, 98
2026/07/30 23:27:40.345, 0, NVIDIA GeForce RTX 3080, 6250, 3802, 10240, 97, 98
2026/07/30 23:27:40.457, 0, NVIDIA GeForce RTX 3080, 6250, 3802, 10240, 97, 98
2026/07/30 23:27:40.568, 0, NVIDIA GeForce RTX 3080, 6250, 3802, 10240, 97, 98
2026/07/30 23:27:40.680, 0, NVIDIA GeForce RTX 3080, 6250, 3802, 10240, 97, 98
2026/07/30 23:27:40.791, 0, NVIDIA GeForce RTX 3080, 6250, 3802, 10240, 97, 98
2026/07/30 23:27:40.902, 0, NVIDIA GeForce RTX 3080, 6250, 3802, 10240, 97, 98
2026/07/30 23:27:41.013, 0, NVIDIA GeForce RTX 3080, 6250, 3802, 10240, 97, 98
2026/07/30 23:27:41.123, 0, NVIDIA GeForce RTX 3080, 6250, 3802, 10240, 97, 98
2026/07/30 23:27:41.235, 0, NVIDIA GeForce RTX 3080, 6250, 3802, 10240, 97, 98
2026/07/30 23:27:41.347, 0, NVIDIA GeForce RTX 3080, 6250, 3802, 10240, 97, 98
2026/07/30 23:27:41.459, 0, NVIDIA GeForce RTX 3080, 6250, 3802, 10240, 97, 98
2026/07/30 23:27:41.571, 0, NVIDIA GeForce RTX 3080, 6250, 3802, 10240, 97, 98
2026/07/30 23:27:41.683, 0, NVIDIA GeForce RTX 3080, 6250, 3802, 10240, 97, 98
2026/07/30 23:27:41.792, 0, NVIDIA GeForce RTX 3080, 6250, 3802, 10240, 98, 98
2026/07/30 23:27:41.903, 0, NVIDIA GeForce RTX 3080, 6250, 3802, 10240, 98, 98
2026/07/30 23:27:42.015, 0, NVIDIA GeForce RTX 3080, 6250, 3802, 10240, 98, 98
2026/07/30 23:27:42.127, 0, NVIDIA GeForce RTX 3080, 6250, 3802, 10240, 98, 98
2026/07/30 23:27:42.239, 0, NVIDIA GeForce RTX 3080, 6250, 3802, 10240, 98, 98
2026/07/30 23:27:42.351, 0, NVIDIA GeForce RTX 3080, 6250, 3802, 10240, 98, 98
2026/07/30 23:27:42.463, 0, NVIDIA GeForce RTX 3080, 6250, 3802, 10240, 98, 98
2026/07/30 23:27:42.575, 0, NVIDIA GeForce RTX 3080, 6250, 3802, 10240, 98, 98
2026/07/30 23:27:42.687, 0, NVIDIA GeForce RTX 3080, 6250, 3802, 10240, 98, 98
2026/07/30 23:27:42.799, 0, NVIDIA GeForce RTX 3080, 6250, 3802, 10240, 98, 98
2026/07/30 23:27:42.911, 0, NVIDIA GeForce RTX 3080, 6250, 3802, 10240, 98, 98
2026/07/30 23:27:43.023, 0, NVIDIA GeForce RTX 3080, 6250, 3802, 10240, 98, 98
2026/07/30 23:27:43.135, 0, NVIDIA GeForce RTX 3080, 6250, 3802, 10240, 98, 98
2026/07/30 23:27:43.247, 0, NVIDIA GeForce RTX 3080, 6250, 3802, 10240, 98, 98
2026/07/30 23:27:43.359, 0, NVIDIA GeForce RTX 3080, 6250, 3802, 10240, 98, 98
2026/07/30 23:27:43.471, 0, NVIDIA GeForce RTX 3080, 6250, 3802, 10240, 98, 98
2026/07/30 23:27:43.583, 0, NVIDIA GeForce RTX 3080, 6250, 3802, 10240, 98, 98
2026/07/30 23:27:43.694, 0, NVIDIA GeForce RTX 3080, 6250, 3802, 10240, 98, 98
2026/07/30 23:27:43.806, 0, NVIDIA GeForce RTX 3080, 6250, 3802, 10240, 95, 97
2026/07/30 23:27:43.917, 0, NVIDIA GeForce RTX 3080, 6250, 3802, 10240, 95, 97
2026/07/30 23:27:44.027, 0, NVIDIA GeForce RTX 3080, 6250, 3802, 10240, 95, 97
2026/07/30 23:27:44.139, 0, NVIDIA GeForce RTX 3080, 6250, 3802, 10240, 95, 97
2026/07/30 23:27:44.248, 0, NVIDIA GeForce RTX 3080, 6250, 3802, 10240, 95, 97
2026/07/30 23:27:44.358, 0, NVIDIA GeForce RTX 3080, 6250, 3802, 10240, 95, 98
2026/07/30 23:27:44.467, 0, NVIDIA GeForce RTX 3080, 6250, 3802, 10240, 95, 98
2026/07/30 23:27:44.576, 0, NVIDIA GeForce RTX 3080, 6250, 3802, 10240, 95, 98
2026/07/30 23:27:44.686, 0, NVIDIA GeForce RTX 3080, 6250, 3802, 10240, 95, 98
2026/07/30 23:27:44.796, 0, NVIDIA GeForce RTX 3080, 6250, 3802, 10240, 96, 98
2026/07/30 23:27:44.907, 0, NVIDIA GeForce RTX 3080, 6250, 3802, 10240, 96, 98
2026/07/30 23:27:45.018, 0, NVIDIA GeForce RTX 3080, 6250, 3802, 10240, 96, 98
2026/07/30 23:27:45.130, 0, NVIDIA GeForce RTX 3080, 6250, 3802, 10240, 96, 98
2026/07/30 23:27:45.242, 0, NVIDIA GeForce RTX 3080, 6250, 3802, 10240, 96, 98
2026/07/30 23:27:45.354, 0, NVIDIA GeForce RTX 3080, 6250, 3802, 10240, 96, 98
2026/07/30 23:27:45.466, 0, NVIDIA GeForce RTX 3080, 6250, 3802, 10240, 96, 98
2026/07/30 23:27:45.578, 0, NVIDIA GeForce RTX 3080, 6250, 3802, 10240, 96, 98
2026/07/30 23:27:45.690, 0, NVIDIA GeForce RTX 3080, 6250, 3802, 10240, 96, 98
2026/07/30 23:27:45.802, 0, NVIDIA GeForce RTX 3080, 6250, 3802, 10240, 97, 98
2026/07/30 23:27:45.914, 0, NVIDIA GeForce RTX 3080, 6250, 3802, 10240, 97, 98
2026/07/30 23:27:46.026, 0, NVIDIA GeForce RTX 3080, 6250, 3802, 10240, 97, 98
2026/07/30 23:27:46.138, 0, NVIDIA GeForce RTX 3080, 6250, 3802, 10240, 97, 98
2026/07/30 23:27:46.247, 0, NVIDIA GeForce RTX 3080, 6250, 3802, 10240, 97, 98
2026/07/30 23:27:46.357, 0, NVIDIA GeForce RTX 3080, 6250, 3802, 10240, 97, 98
2026/07/30 23:27:46.465, 0, NVIDIA GeForce RTX 3080, 6250, 3802, 10240, 97, 98
2026/07/30 23:27:46.575, 0, NVIDIA GeForce RTX 3080, 6250, 3802, 10240, 97, 98
2026/07/30 23:27:46.687, 0, NVIDIA GeForce RTX 3080, 6250, 3802, 10240, 97, 98
2026/07/30 23:27:46.799, 0, NVIDIA GeForce RTX 3080, 6250, 3802, 10240, 97, 98
2026/07/30 23:27:46.910, 0, NVIDIA GeForce RTX 3080, 6250, 3802, 10240, 97, 98
2026/07/30 23:27:47.022, 0, NVIDIA GeForce RTX 3080, 6250, 3802, 10240, 97, 98
2026/07/30 23:27:47.134, 0, NVIDIA GeForce RTX 3080, 6250, 3802, 10240, 97, 98
2026/07/30 23:27:47.246, 0, NVIDIA GeForce RTX 3080, 6250, 3802, 10240, 97, 98
2026/07/30 23:27:47.358, 0, NVIDIA GeForce RTX 3080, 6250, 3802, 10240, 97, 98
2026/07/30 23:27:47.471, 0, NVIDIA GeForce RTX 3080, 6250, 3802, 10240, 97, 98
2026/07/30 23:27:47.583, 0, NVIDIA GeForce RTX 3080, 6250, 3802, 10240, 97, 98
2026/07/30 23:27:47.695, 0, NVIDIA GeForce RTX 3080, 6250, 3802, 10240, 97, 98
2026/07/30 23:27:47.807, 0, NVIDIA GeForce RTX 3080, 6250, 3802, 10240, 96, 98
2026/07/30 23:27:47.919, 0, NVIDIA GeForce RTX 3080, 6250, 3802, 10240, 96, 98
2026/07/30 23:27:48.030, 0, NVIDIA GeForce RTX 3080, 6250, 3802, 10240, 96, 98
2026/07/30 23:27:48.141, 0, NVIDIA GeForce RTX 3080, 6250, 3802, 10240, 96, 98
2026/07/30 23:27:48.252, 0, NVIDIA GeForce RTX 3080, 6250, 3802, 10240, 96, 98
2026/07/30 23:27:48.364, 0, NVIDIA GeForce RTX 3080, 6250, 3802, 10240, 95, 98
2026/07/30 23:27:48.476, 0, NVIDIA GeForce RTX 3080, 6250, 3802, 10240, 95, 98
2026/07/30 23:27:48.587, 0, NVIDIA GeForce RTX 3080, 6250, 3802, 10240, 95, 98
2026/07/30 23:27:48.699, 0, NVIDIA GeForce RTX 3080, 6250, 3802, 10240, 95, 98
2026/07/30 23:27:48.811, 0, NVIDIA GeForce RTX 3080, 6250, 3802, 10240, 96, 98
2026/07/30 23:27:48.923, 0, NVIDIA GeForce RTX 3080, 6250, 3802, 10240, 96, 98
2026/07/30 23:27:49.035, 0, NVIDIA GeForce RTX 3080, 6250, 3802, 10240, 96, 98
2026/07/30 23:27:49.146, 0, NVIDIA GeForce RTX 3080, 6250, 3802, 10240, 96, 98
2026/07/30 23:27:49.258, 0, NVIDIA GeForce RTX 3080, 6250, 3802, 10240, 96, 98
2026/07/30 23:27:49.370, 0, NVIDIA GeForce RTX 3080, 6250, 3802, 10240, 95, 98
2026/07/30 23:27:49.482, 0, NVIDIA GeForce RTX 3080, 6250, 3802, 10240, 95, 98
2026/07/30 23:27:49.593, 0, NVIDIA GeForce RTX 3080, 6250, 3802, 10240, 95, 98
2026/07/30 23:27:49.705, 0, NVIDIA GeForce RTX 3080, 6250, 3802, 10240, 95, 98
2026/07/30 23:27:49.818, 0, NVIDIA GeForce RTX 3080, 6250, 3802, 10240, 97, 98
2026/07/30 23:27:49.930, 0, NVIDIA GeForce RTX 3080, 6250, 3802, 10240, 97, 98
2026/07/30 23:27:50.042, 0, NVIDIA GeForce RTX 3080, 6250, 3802, 10240, 97, 98
2026/07/30 23:27:50.154, 0, NVIDIA GeForce RTX 3080, 6250, 3802, 10240, 97, 98
2026/07/30 23:27:50.266, 0, NVIDIA GeForce RTX 3080, 6250, 3802, 10240, 97, 98
2026/07/30 23:27:50.378, 0, NVIDIA GeForce RTX 3080, 6250, 3802, 10240, 96, 97
2026/07/30 23:27:50.490, 0, NVIDIA GeForce RTX 3080, 6250, 3802, 10240, 96, 97
2026/07/30 23:27:50.602, 0, NVIDIA GeForce RTX 3080, 6250, 3802, 10240, 96, 97
2026/07/30 23:27:50.714, 0, NVIDIA GeForce RTX 3080, 6250, 3802, 10240, 96, 97
2026/07/30 23:27:50.825, 0, NVIDIA GeForce RTX 3080, 6250, 3802, 10240, 96, 97
2026/07/30 23:27:50.937, 0, NVIDIA GeForce RTX 3080, 6250, 3802, 10240, 96, 97
2026/07/30 23:27:51.049, 0, NVIDIA GeForce RTX 3080, 6250, 3802, 10240, 96, 97
2026/07/30 23:27:51.161, 0, NVIDIA GeForce RTX 3080, 6250, 3802, 10240, 96, 97
2026/07/30 23:27:51.270, 0, NVIDIA GeForce RTX 3080, 6250, 3802, 10240, 96, 97
2026/07/30 23:27:51.380, 0, NVIDIA GeForce RTX 3080, 6250, 3802, 10240, 97, 98
2026/07/30 23:27:51.491, 0, NVIDIA GeForce RTX 3080, 6250, 3802, 10240, 97, 98
2026/07/30 23:27:51.603, 0, NVIDIA GeForce RTX 3080, 6250, 3802, 10240, 97, 98
2026/07/30 23:27:51.715, 0, NVIDIA GeForce RTX 3080, 6250, 3802, 10240, 97, 98
2026/07/30 23:27:51.827, 0, NVIDIA GeForce RTX 3080, 6250, 3802, 10240, 95, 98
2026/07/30 23:27:51.939, 0, NVIDIA GeForce RTX 3080, 6250, 3802, 10240, 95, 98
2026/07/30 23:27:52.051, 0, NVIDIA GeForce RTX 3080, 6250, 3802, 10240, 95, 98
2026/07/30 23:27:52.163, 0, NVIDIA GeForce RTX 3080, 6250, 3802, 10240, 95, 98
2026/07/30 23:27:52.275, 0, NVIDIA GeForce RTX 3080, 6250, 3802, 10240, 94, 97
2026/07/30 23:27:52.387, 0, NVIDIA GeForce RTX 3080, 6250, 3802, 10240, 94, 97
2026/07/30 23:27:52.499, 0, NVIDIA GeForce RTX 3080, 6250, 3802, 10240, 94, 97
2026/07/30 23:27:52.610, 0, NVIDIA GeForce RTX 3080, 6250, 3802, 10240, 94, 97
2026/07/30 23:27:52.722, 0, NVIDIA GeForce RTX 3080, 6250, 3802, 10240, 94, 97
2026/07/30 23:27:52.834, 0, NVIDIA GeForce RTX 3080, 6250, 3802, 10240, 95, 98
2026/07/30 23:27:52.946, 0, NVIDIA GeForce RTX 3080, 6250, 3802, 10240, 95, 98
2026/07/30 23:27:53.058, 0, NVIDIA GeForce RTX 3080, 6250, 3802, 10240, 95, 98
2026/07/30 23:27:53.170, 0, NVIDIA GeForce RTX 3080, 6250, 3802, 10240, 95, 98
2026/07/30 23:27:53.282, 0, NVIDIA GeForce RTX 3080, 6250, 3802, 10240, 95, 98
2026/07/30 23:27:53.395, 0, NVIDIA GeForce RTX 3080, 6250, 3802, 10240, 95, 98
2026/07/30 23:27:53.507, 0, NVIDIA GeForce RTX 3080, 6250, 3802, 10240, 95, 98
2026/07/30 23:27:53.619, 0, NVIDIA GeForce RTX 3080, 6250, 3802, 10240, 95, 98
2026/07/30 23:27:53.729, 0, NVIDIA GeForce RTX 3080, 6250, 3802, 10240, 95, 98
2026/07/30 23:27:53.840, 0, NVIDIA GeForce RTX 3080, 6250, 3802, 10240, 96, 98
2026/07/30 23:27:53.951, 0, NVIDIA GeForce RTX 3080, 6250, 3802, 10240, 96, 98
2026/07/30 23:27:54.062, 0, NVIDIA GeForce RTX 3080, 6250, 3802, 10240, 96, 98
2026/07/30 23:27:54.174, 0, NVIDIA GeForce RTX 3080, 6250, 3802, 10240, 96, 98
2026/07/30 23:27:54.286, 0, NVIDIA GeForce RTX 3080, 6250, 3802, 10240, 96, 98
2026/07/30 23:27:54.397, 0, NVIDIA GeForce RTX 3080, 6250, 3802, 10240, 96, 98
2026/07/30 23:27:54.508, 0, NVIDIA GeForce RTX 3080, 6250, 3802, 10240, 96, 98
2026/07/30 23:27:54.619, 0, NVIDIA GeForce RTX 3080, 6250, 3802, 10240, 96, 98
2026/07/30 23:27:54.731, 0, NVIDIA GeForce RTX 3080, 6250, 3802, 10240, 96, 98
2026/07/30 23:27:54.843, 0, NVIDIA GeForce RTX 3080, 6250, 3802, 10240, 97, 98
2026/07/30 23:27:54.956, 0, NVIDIA GeForce RTX 3080, 6250, 3802, 10240, 97, 98
2026/07/30 23:27:55.068, 0, NVIDIA GeForce RTX 3080, 6250, 3802, 10240, 97, 98
2026/07/30 23:27:55.180, 0, NVIDIA GeForce RTX 3080, 6250, 3802, 10240, 97, 98
2026/07/30 23:27:55.292, 0, NVIDIA GeForce RTX 3080, 6250, 3802, 10240, 97, 98
2026/07/30 23:27:55.404, 0, NVIDIA GeForce RTX 3080, 6250, 3802, 10240, 97, 98
2026/07/30 23:27:55.516, 0, NVIDIA GeForce RTX 3080, 6250, 3802, 10240, 97, 98
2026/07/30 23:27:55.628, 0, NVIDIA GeForce RTX 3080, 6250, 3802, 10240, 97, 98
2026/07/30 23:27:55.740, 0, NVIDIA GeForce RTX 3080, 6250, 3802, 10240, 97, 98
2026/07/30 23:27:55.852, 0, NVIDIA GeForce RTX 3080, 6250, 3802, 10240, 97, 97
2026/07/30 23:27:55.963, 0, NVIDIA GeForce RTX 3080, 6250, 3802, 10240, 97, 97
2026/07/30 23:27:56.075, 0, NVIDIA GeForce RTX 3080, 6250, 3802, 10240, 97, 97
2026/07/30 23:27:56.187, 0, NVIDIA GeForce RTX 3080, 6250, 3802, 10240, 97, 97
2026/07/30 23:27:56.299, 0, NVIDIA GeForce RTX 3080, 6250, 3802, 10240, 98, 97
2026/07/30 23:27:56.410, 0, NVIDIA GeForce RTX 3080, 6250, 3802, 10240, 98, 97
2026/07/30 23:27:56.522, 0, NVIDIA GeForce RTX 3080, 6250, 3802, 10240, 98, 97
2026/07/30 23:27:56.634, 0, NVIDIA GeForce RTX 3080, 6250, 3802, 10240, 98, 97
2026/07/30 23:27:56.745, 0, NVIDIA GeForce RTX 3080, 6250, 3802, 10240, 98, 97
2026/07/30 23:27:56.856, 0, NVIDIA GeForce RTX 3080, 6250, 3802, 10240, 98, 98
2026/07/30 23:27:56.968, 0, NVIDIA GeForce RTX 3080, 6250, 3802, 10240, 98, 98
2026/07/30 23:27:57.080, 0, NVIDIA GeForce RTX 3080, 6250, 3802, 10240, 98, 98
2026/07/30 23:27:57.192, 0, NVIDIA GeForce RTX 3080, 6250, 3802, 10240, 98, 98
2026/07/30 23:27:57.301, 0, NVIDIA GeForce RTX 3080, 6250, 3802, 10240, 97, 97
2026/07/30 23:27:57.410, 0, NVIDIA GeForce RTX 3080, 6250, 3802, 10240, 97, 97
2026/07/30 23:27:57.521, 0, NVIDIA GeForce RTX 3080, 6250, 3802, 10240, 97, 97
2026/07/30 23:27:57.630, 0, NVIDIA GeForce RTX 3080, 6250, 3802, 10240, 97, 97
2026/07/30 23:27:57.740, 0, NVIDIA GeForce RTX 3080, 6250, 3802, 10240, 97, 97
2026/07/30 23:27:57.850, 0, NVIDIA GeForce RTX 3080, 6250, 3802, 10240, 96, 98
2026/07/30 23:27:57.958, 0, NVIDIA GeForce RTX 3080, 6250, 3802, 10240, 96, 98
2026/07/30 23:27:58.068, 0, NVIDIA GeForce RTX 3080, 6250, 3802, 10240, 96, 98
2026/07/30 23:27:58.179, 0, NVIDIA GeForce RTX 3080, 6250, 3802, 10240, 96, 98
2026/07/30 23:27:58.291, 0, NVIDIA GeForce RTX 3080, 6250, 3802, 10240, 95, 98
2026/07/30 23:27:58.403, 0, NVIDIA GeForce RTX 3080, 6250, 3802, 10240, 95, 98
2026/07/30 23:27:58.515, 0, NVIDIA GeForce RTX 3080, 6250, 3802, 10240, 95, 98
2026/07/30 23:27:58.626, 0, NVIDIA GeForce RTX 3080, 6250, 3802, 10240, 95, 98
2026/07/30 23:27:58.738, 0, NVIDIA GeForce RTX 3080, 6250, 3802, 10240, 95, 98
2026/07/30 23:27:58.849, 0, NVIDIA GeForce RTX 3080, 6250, 3802, 10240, 96, 98
2026/07/30 23:27:58.961, 0, NVIDIA GeForce RTX 3080, 6250, 3802, 10240, 96, 98
2026/07/30 23:27:59.073, 0, NVIDIA GeForce RTX 3080, 6250, 3802, 10240, 96, 98
2026/07/30 23:27:59.184, 0, NVIDIA GeForce RTX 3080, 6250, 3802, 10240, 96, 98
2026/07/30 23:27:59.292, 0, NVIDIA GeForce RTX 3080, 6250, 3802, 10240, 95, 98
2026/07/30 23:27:59.401, 0, NVIDIA GeForce RTX 3080, 6250, 3802, 10240, 95, 98
2026/07/30 23:27:59.511, 0, NVIDIA GeForce RTX 3080, 6250, 3802, 10240, 95, 98
2026/07/30 23:27:59.620, 0, NVIDIA GeForce RTX 3080, 6250, 3802, 10240, 95, 98
2026/07/30 23:27:59.729, 0, NVIDIA GeForce RTX 3080, 6250, 3802, 10240, 95, 98
2026/07/30 23:27:59.839, 0, NVIDIA GeForce RTX 3080, 6250, 3802, 10240, 96, 97
2026/07/30 23:27:59.951, 0, NVIDIA GeForce RTX 3080, 6250, 3802, 10240, 96, 97
2026/07/30 23:28:00.062, 0, NVIDIA GeForce RTX 3080, 6250, 3802, 10240, 96, 97
2026/07/30 23:28:00.172, 0, NVIDIA GeForce RTX 3080, 6250, 3802, 10240, 96, 97
2026/07/30 23:28:00.283, 0, NVIDIA GeForce RTX 3080, 6250, 3802, 10240, 97, 98
2026/07/30 23:28:00.394, 0, NVIDIA GeForce RTX 3080, 6250, 3802, 10240, 97, 98
2026/07/30 23:28:00.506, 0, NVIDIA GeForce RTX 3080, 6250, 3802, 10240, 97, 98
2026/07/30 23:28:00.618, 0, NVIDIA GeForce RTX 3080, 6250, 3802, 10240, 97, 98
2026/07/30 23:28:00.728, 0, NVIDIA GeForce RTX 3080, 6250, 3802, 10240, 97, 98
2026/07/30 23:28:00.839, 0, NVIDIA GeForce RTX 3080, 6250, 3802, 10240, 97, 98
2026/07/30 23:28:00.952, 0, NVIDIA GeForce RTX 3080, 6250, 3802, 10240, 97, 98
2026/07/30 23:28:01.064, 0, NVIDIA GeForce RTX 3080, 6250, 3802, 10240, 97, 98
2026/07/30 23:28:01.176, 0, NVIDIA GeForce RTX 3080, 6250, 3802, 10240, 97, 98
2026/07/30 23:28:01.288, 0, NVIDIA GeForce RTX 3080, 6250, 3802, 10240, 95, 96
2026/07/30 23:28:01.398, 0, NVIDIA GeForce RTX 3080, 6250, 3802, 10240, 95, 96
2026/07/30 23:28:01.509, 0, NVIDIA GeForce RTX 3080, 6250, 3802, 10240, 95, 96
2026/07/30 23:28:01.621, 0, NVIDIA GeForce RTX 3080, 6250, 3802, 10240, 95, 96
2026/07/30 23:28:01.733, 0, NVIDIA GeForce RTX 3080, 6250, 3802, 10240, 95, 96
2026/07/30 23:28:01.845, 0, NVIDIA GeForce RTX 3080, 6250, 3802, 10240, 96, 98
2026/07/30 23:28:01.957, 0, NVIDIA GeForce RTX 3080, 6250, 3802, 10240, 96, 98
2026/07/30 23:28:02.068, 0, NVIDIA GeForce RTX 3080, 6250, 3802, 10240, 96, 98
2026/07/30 23:28:02.180, 0, NVIDIA GeForce RTX 3080, 6250, 3802, 10240, 96, 98
2026/07/30 23:28:02.292, 0, NVIDIA GeForce RTX 3080, 6250, 3802, 10240, 95, 97
2026/07/30 23:28:02.402, 0, NVIDIA GeForce RTX 3080, 6250, 3802, 10240, 95, 97
2026/07/30 23:28:02.514, 0, NVIDIA GeForce RTX 3080, 6250, 3802, 10240, 95, 97
2026/07/30 23:28:02.626, 0, NVIDIA GeForce RTX 3080, 6250, 3802, 10240, 95, 97
2026/07/30 23:28:02.737, 0, NVIDIA GeForce RTX 3080, 6250, 3802, 10240, 95, 97
2026/07/30 23:28:02.849, 0, NVIDIA GeForce RTX 3080, 6250, 3802, 10240, 96, 98
2026/07/30 23:28:02.960, 0, NVIDIA GeForce RTX 3080, 6250, 3802, 10240, 96, 98
2026/07/30 23:28:03.072, 0, NVIDIA GeForce RTX 3080, 6250, 3802, 10240, 96, 98
2026/07/30 23:28:03.184, 0, NVIDIA GeForce RTX 3080, 6250, 3802, 10240, 96, 98
2026/07/30 23:28:03.296, 0, NVIDIA GeForce RTX 3080, 6250, 3802, 10240, 95, 97
2026/07/30 23:28:03.408, 0, NVIDIA GeForce RTX 3080, 6250, 3802, 10240, 95, 97
2026/07/30 23:28:03.520, 0, NVIDIA GeForce RTX 3080, 6250, 3802, 10240, 95, 97
2026/07/30 23:28:03.632, 0, NVIDIA GeForce RTX 3080, 6250, 3802, 10240, 95, 97
2026/07/30 23:28:03.742, 0, NVIDIA GeForce RTX 3080, 6250, 3802, 10240, 95, 97
2026/07/30 23:28:03.854, 0, NVIDIA GeForce RTX 3080, 6250, 3802, 10240, 97, 98
2026/07/30 23:28:03.965, 0, NVIDIA GeForce RTX 3080, 6250, 3802, 10240, 97, 98
2026/07/30 23:28:04.077, 0, NVIDIA GeForce RTX 3080, 6250, 3802, 10240, 97, 98
2026/07/30 23:28:04.188, 0, NVIDIA GeForce RTX 3080, 6250, 3802, 10240, 97, 98
2026/07/30 23:28:04.298, 0, NVIDIA GeForce RTX 3080, 6250, 3802, 10240, 97, 98
2026/07/30 23:28:04.407, 0, NVIDIA GeForce RTX 3080, 6250, 3802, 10240, 97, 98
2026/07/30 23:28:04.516, 0, NVIDIA GeForce RTX 3080, 6250, 3802, 10240, 97, 98
2026/07/30 23:28:04.625, 0, NVIDIA GeForce RTX 3080, 6250, 3802, 10240, 97, 98
2026/07/30 23:28:04.735, 0, NVIDIA GeForce RTX 3080, 6250, 3802, 10240, 97, 98
2026/07/30 23:28:04.847, 0, NVIDIA GeForce RTX 3080, 6250, 3802, 10240, 97, 98
2026/07/30 23:28:04.958, 0, NVIDIA GeForce RTX 3080, 6250, 3802, 10240, 97, 98
2026/07/30 23:28:05.069, 0, NVIDIA GeForce RTX 3080, 6250, 3802, 10240, 97, 98
2026/07/30 23:28:05.180, 0, NVIDIA GeForce RTX 3080, 6250, 3802, 10240, 97, 98
2026/07/30 23:28:05.292, 0, NVIDIA GeForce RTX 3080, 6250, 3802, 10240, 96, 97
2026/07/30 23:28:05.404, 0, NVIDIA GeForce RTX 3080, 6250, 3802, 10240, 96, 97
2026/07/30 23:28:05.516, 0, NVIDIA GeForce RTX 3080, 6250, 3802, 10240, 96, 97
2026/07/30 23:28:05.628, 0, NVIDIA GeForce RTX 3080, 6250, 3802, 10240, 96, 97
2026/07/30 23:28:05.740, 0, NVIDIA GeForce RTX 3080, 6250, 3802, 10240, 96, 97
2026/07/30 23:28:05.852, 0, NVIDIA GeForce RTX 3080, 6250, 3802, 10240, 95, 98
2026/07/30 23:28:05.964, 0, NVIDIA GeForce RTX 3080, 6250, 3802, 10240, 95, 98
2026/07/30 23:28:06.076, 0, NVIDIA GeForce RTX 3080, 6250, 3802, 10240, 95, 98
2026/07/30 23:28:06.187, 0, NVIDIA GeForce RTX 3080, 6250, 3802, 10240, 95, 98
2026/07/30 23:28:06.296, 0, NVIDIA GeForce RTX 3080, 6250, 3802, 10240, 95, 98
2026/07/30 23:28:06.406, 0, NVIDIA GeForce RTX 3080, 6250, 3802, 10240, 95, 98
2026/07/30 23:28:06.517, 0, NVIDIA GeForce RTX 3080, 6250, 3802, 10240, 95, 98
2026/07/30 23:28:06.629, 0, NVIDIA GeForce RTX 3080, 6250, 3802, 10240, 95, 98
2026/07/30 23:28:06.740, 0, NVIDIA GeForce RTX 3080, 6250, 3802, 10240, 95, 98
2026/07/30 23:28:06.852, 0, NVIDIA GeForce RTX 3080, 6250, 3802, 10240, 95, 98
2026/07/30 23:28:06.964, 0, NVIDIA GeForce RTX 3080, 6250, 3802, 10240, 95, 98
2026/07/30 23:28:07.076, 0, NVIDIA GeForce RTX 3080, 6250, 3802, 10240, 95, 98
2026/07/30 23:28:07.188, 0, NVIDIA GeForce RTX 3080, 6250, 3802, 10240, 95, 98
2026/07/30 23:28:07.300, 0, NVIDIA GeForce RTX 3080, 6250, 3802, 10240, 96, 98
2026/07/30 23:28:07.412, 0, NVIDIA GeForce RTX 3080, 6250, 3802, 10240, 96, 98
2026/07/30 23:28:07.523, 0, NVIDIA GeForce RTX 3080, 6250, 3802, 10240, 96, 98
2026/07/30 23:28:07.635, 0, NVIDIA GeForce RTX 3080, 6250, 3802, 10240, 96, 98
2026/07/30 23:28:07.748, 0, NVIDIA GeForce RTX 3080, 6250, 3802, 10240, 96, 98
2026/07/30 23:28:07.860, 0, NVIDIA GeForce RTX 3080, 6250, 3802, 10240, 97, 98
2026/07/30 23:28:07.972, 0, NVIDIA GeForce RTX 3080, 6250, 3802, 10240, 97, 98
2026/07/30 23:28:08.084, 0, NVIDIA GeForce RTX 3080, 6250, 3802, 10240, 97, 98
2026/07/30 23:28:08.196, 0, NVIDIA GeForce RTX 3080, 6250, 3802, 10240, 97, 98
2026/07/30 23:28:08.308, 0, NVIDIA GeForce RTX 3080, 6250, 3802, 10240, 97, 98
2026/07/30 23:28:08.420, 0, NVIDIA GeForce RTX 3080, 6250, 3802, 10240, 97, 98
2026/07/30 23:28:08.532, 0, NVIDIA GeForce RTX 3080, 6250, 3802, 10240, 97, 98
2026/07/30 23:28:08.644, 0, NVIDIA GeForce RTX 3080, 6250, 3802, 10240, 97, 98
2026/07/30 23:28:08.755, 0, NVIDIA GeForce RTX 3080, 6250, 3802, 10240, 97, 98
2026/07/30 23:28:08.867, 0, NVIDIA GeForce RTX 3080, 6250, 3802, 10240, 96, 97
2026/07/30 23:28:08.979, 0, NVIDIA GeForce RTX 3080, 6250, 3802, 10240, 96, 97
2026/07/30 23:28:09.091, 0, NVIDIA GeForce RTX 3080, 6250, 3802, 10240, 96, 97
2026/07/30 23:28:09.203, 0, NVIDIA GeForce RTX 3080, 6250, 3802, 10240, 96, 97
2026/07/30 23:28:09.315, 0, NVIDIA GeForce RTX 3080, 6250, 3802, 10240, 97, 98
2026/07/30 23:28:09.427, 0, NVIDIA GeForce RTX 3080, 6250, 3802, 10240, 97, 98
2026/07/30 23:28:09.539, 0, NVIDIA GeForce RTX 3080, 6250, 3802, 10240, 97, 98
2026/07/30 23:28:09.650, 0, NVIDIA GeForce RTX 3080, 6250, 3802, 10240, 97, 98
2026/07/30 23:28:09.762, 0, NVIDIA GeForce RTX 3080, 6250, 3802, 10240, 97, 98
2026/07/30 23:28:09.874, 0, NVIDIA GeForce RTX 3080, 6250, 3802, 10240, 98, 97
2026/07/30 23:28:09.986, 0, NVIDIA GeForce RTX 3080, 6250, 3802, 10240, 98, 97
2026/07/30 23:28:10.097, 0, NVIDIA GeForce RTX 3080, 6250, 3802, 10240, 98, 97
2026/07/30 23:28:10.209, 0, NVIDIA GeForce RTX 3080, 6250, 3802, 10240, 98, 97
2026/07/30 23:28:10.322, 0, NVIDIA GeForce RTX 3080, 6250, 3802, 10240, 97, 97
2026/07/30 23:28:10.434, 0, NVIDIA GeForce RTX 3080, 6250, 3802, 10240, 97, 97
2026/07/30 23:28:10.546, 0, NVIDIA GeForce RTX 3080, 6250, 3802, 10240, 97, 97
2026/07/30 23:28:10.657, 0, NVIDIA GeForce RTX 3080, 6250, 3802, 10240, 97, 97
2026/07/30 23:28:10.769, 0, NVIDIA GeForce RTX 3080, 6250, 3802, 10240, 97, 97
2026/07/30 23:28:10.880, 0, NVIDIA GeForce RTX 3080, 6250, 3802, 10240, 97, 97
2026/07/30 23:28:10.992, 0, NVIDIA GeForce RTX 3080, 6250, 3802, 10240, 97, 97
2026/07/30 23:28:11.104, 0, NVIDIA GeForce RTX 3080, 6250, 3802, 10240, 97, 97
2026/07/30 23:28:11.213, 0, NVIDIA GeForce RTX 3080, 6250, 3802, 10240, 97, 97
2026/07/30 23:28:11.323, 0, NVIDIA GeForce RTX 3080, 6250, 3802, 10240, 97, 97
2026/07/30 23:28:11.434, 0, NVIDIA GeForce RTX 3080, 6250, 3802, 10240, 97, 97
2026/07/30 23:28:11.546, 0, NVIDIA GeForce RTX 3080, 6250, 3802, 10240, 97, 97
2026/07/30 23:28:11.657, 0, NVIDIA GeForce RTX 3080, 6250, 3802, 10240, 97, 97
2026/07/30 23:28:11.770, 0, NVIDIA GeForce RTX 3080, 6250, 3802, 10240, 97, 97
2026/07/30 23:28:11.882, 0, NVIDIA GeForce RTX 3080, 6250, 3802, 10240, 95, 98
2026/07/30 23:28:11.994, 0, NVIDIA GeForce RTX 3080, 6250, 3802, 10240, 95, 98
2026/07/30 23:28:12.106, 0, NVIDIA GeForce RTX 3080, 6250, 3802, 10240, 95, 98
2026/07/30 23:28:12.218, 0, NVIDIA GeForce RTX 3080, 6250, 3802, 10240, 95, 98
2026/07/30 23:28:12.330, 0, NVIDIA GeForce RTX 3080, 6250, 3802, 10240, 95, 98
2026/07/30 23:28:12.442, 0, NVIDIA GeForce RTX 3080, 6250, 3802, 10240, 95, 98
2026/07/30 23:28:12.554, 0, NVIDIA GeForce RTX 3080, 6250, 3802, 10240, 95, 98
2026/07/30 23:28:12.665, 0, NVIDIA GeForce RTX 3080, 6250, 3802, 10240, 95, 98
2026/07/30 23:28:12.777, 0, NVIDIA GeForce RTX 3080, 6250, 3802, 10240, 95, 98
2026/07/30 23:28:12.889, 0, NVIDIA GeForce RTX 3080, 6250, 3802, 10240, 95, 98
2026/07/30 23:28:13.001, 0, NVIDIA GeForce RTX 3080, 6250, 3802, 10240, 95, 98
2026/07/30 23:28:13.113, 0, NVIDIA GeForce RTX 3080, 6250, 3802, 10240, 95, 98
2026/07/30 23:28:13.224, 0, NVIDIA GeForce RTX 3080, 6250, 3802, 10240, 95, 98
2026/07/30 23:28:13.335, 0, NVIDIA GeForce RTX 3080, 6250, 3802, 10240, 94, 97
2026/07/30 23:28:13.447, 0, NVIDIA GeForce RTX 3080, 6250, 3802, 10240, 94, 97
2026/07/30 23:28:13.559, 0, NVIDIA GeForce RTX 3080, 6250, 3802, 10240, 94, 97
2026/07/30 23:28:13.671, 0, NVIDIA GeForce RTX 3080, 6250, 3802, 10240, 94, 97
2026/07/30 23:28:13.783, 0, NVIDIA GeForce RTX 3080, 6250, 3802, 10240, 97, 98
2026/07/30 23:28:13.894, 0, NVIDIA GeForce RTX 3080, 6250, 3802, 10240, 97, 98
2026/07/30 23:28:14.006, 0, NVIDIA GeForce RTX 3080, 6250, 3802, 10240, 97, 98
2026/07/30 23:28:14.118, 0, NVIDIA GeForce RTX 3080, 6250, 3802, 10240, 97, 98
2026/07/30 23:28:14.230, 0, NVIDIA GeForce RTX 3080, 6250, 3802, 10240, 97, 98
2026/07/30 23:28:14.342, 0, NVIDIA GeForce RTX 3080, 6250, 3802, 10240, 97, 98
2026/07/30 23:28:14.454, 0, NVIDIA GeForce RTX 3080, 6250, 3802, 10240, 97, 98
2026/07/30 23:28:14.565, 0, NVIDIA GeForce RTX 3080, 6250, 3802, 10240, 97, 98
2026/07/30 23:28:14.677, 0, NVIDIA GeForce RTX 3080, 6250, 3802, 10240, 97, 98
2026/07/30 23:28:14.787, 0, NVIDIA GeForce RTX 3080, 6250, 3802, 10240, 97, 98
2026/07/30 23:28:14.898, 0, NVIDIA GeForce RTX 3080, 6250, 3802, 10240, 97, 98
2026/07/30 23:28:15.010, 0, NVIDIA GeForce RTX 3080, 6250, 3802, 10240, 97, 98
2026/07/30 23:28:15.122, 0, NVIDIA GeForce RTX 3080, 6250, 3802, 10240, 97, 98
2026/07/30 23:28:15.233, 0, NVIDIA GeForce RTX 3080, 6250, 3802, 10240, 97, 98
2026/07/30 23:28:15.345, 0, NVIDIA GeForce RTX 3080, 6250, 3802, 10240, 94, 96
2026/07/30 23:28:15.456, 0, NVIDIA GeForce RTX 3080, 6250, 3802, 10240, 94, 96
2026/07/30 23:28:15.567, 0, NVIDIA GeForce RTX 3080, 6250, 3802, 10240, 94, 96
2026/07/30 23:28:15.679, 0, NVIDIA GeForce RTX 3080, 6250, 3802, 10240, 94, 96
2026/07/30 23:28:15.791, 0, NVIDIA GeForce RTX 3080, 6250, 3802, 10240, 95, 97
2026/07/30 23:28:15.903, 0, NVIDIA GeForce RTX 3080, 6250, 3802, 10240, 95, 97
2026/07/30 23:28:16.014, 0, NVIDIA GeForce RTX 3080, 6250, 3802, 10240, 95, 97
2026/07/30 23:28:16.126, 0, NVIDIA GeForce RTX 3080, 6250, 3802, 10240, 95, 97
2026/07/30 23:28:16.238, 0, NVIDIA GeForce RTX 3080, 6250, 3802, 10240, 95, 97
2026/07/30 23:28:16.349, 0, NVIDIA GeForce RTX 3080, 6250, 3802, 10240, 95, 97
2026/07/30 23:28:16.461, 0, NVIDIA GeForce RTX 3080, 6250, 3802, 10240, 95, 97
2026/07/30 23:28:16.572, 0, NVIDIA GeForce RTX 3080, 6250, 3802, 10240, 95, 97
2026/07/30 23:28:16.683, 0, NVIDIA GeForce RTX 3080, 6250, 3802, 10240, 95, 97
2026/07/30 23:28:16.796, 0, NVIDIA GeForce RTX 3080, 6250, 3802, 10240, 95, 97
2026/07/30 23:28:16.908, 0, NVIDIA GeForce RTX 3080, 6250, 3802, 10240, 95, 97
2026/07/30 23:28:17.019, 0, NVIDIA GeForce RTX 3080, 6250, 3802, 10240, 95, 97
2026/07/30 23:28:17.129, 0, NVIDIA GeForce RTX 3080, 6250, 3802, 10240, 95, 97
2026/07/30 23:28:17.240, 0, NVIDIA GeForce RTX 3080, 6250, 3802, 10240, 95, 97
2026/07/30 23:28:17.350, 0, NVIDIA GeForce RTX 3080, 6250, 3802, 10240, 96, 98
2026/07/30 23:28:17.458, 0, NVIDIA GeForce RTX 3080, 6250, 3802, 10240, 96, 98
2026/07/30 23:28:17.567, 0, NVIDIA GeForce RTX 3080, 6250, 3802, 10240, 96, 98
2026/07/30 23:28:17.676, 0, NVIDIA GeForce RTX 3080, 6250, 3802, 10240, 96, 98
2026/07/30 23:28:17.784, 0, NVIDIA GeForce RTX 3080, 6250, 3802, 10240, 97, 98
2026/07/30 23:28:17.894, 0, NVIDIA GeForce RTX 3080, 6250, 3802, 10240, 97, 98
2026/07/30 23:28:18.002, 0, NVIDIA GeForce RTX 3080, 6250, 3802, 10240, 97, 98
2026/07/30 23:28:18.112, 0, NVIDIA GeForce RTX 3080, 6250, 3802, 10240, 97, 98
2026/07/30 23:28:18.224, 0, NVIDIA GeForce RTX 3080, 6250, 3802, 10240, 97, 98
2026/07/30 23:28:18.336, 0, NVIDIA GeForce RTX 3080, 6250, 3802, 10240, 97, 98
2026/07/30 23:28:18.447, 0, NVIDIA GeForce RTX 3080, 6250, 3802, 10240, 97, 98
2026/07/30 23:28:18.559, 0, NVIDIA GeForce RTX 3080, 6250, 3802, 10240, 97, 98
2026/07/30 23:28:18.670, 0, NVIDIA GeForce RTX 3080, 6250, 3802, 10240, 97, 98
2026/07/30 23:28:18.782, 0, NVIDIA GeForce RTX 3080, 6250, 3802, 10240, 97, 98
2026/07/30 23:28:18.894, 0, NVIDIA GeForce RTX 3080, 6250, 3802, 10240, 97, 98
2026/07/30 23:28:19.006, 0, NVIDIA GeForce RTX 3080, 6250, 3802, 10240, 97, 98
2026/07/30 23:28:19.118, 0, NVIDIA GeForce RTX 3080, 6250, 3802, 10240, 97, 98
2026/07/30 23:28:19.228, 0, NVIDIA GeForce RTX 3080, 6250, 3802, 10240, 97, 98
2026/07/30 23:28:19.337, 0, NVIDIA GeForce RTX 3080, 6250, 3802, 10240, 97, 98
2026/07/30 23:28:19.447, 0, NVIDIA GeForce RTX 3080, 6250, 3802, 10240, 97, 98
2026/07/30 23:28:19.556, 0, NVIDIA GeForce RTX 3080, 6250, 3802, 10240, 97, 98
2026/07/30 23:28:19.664, 0, NVIDIA GeForce RTX 3080, 6250, 3802, 10240, 97, 98
2026/07/30 23:28:19.776, 0, NVIDIA GeForce RTX 3080, 6250, 3802, 10240, 97, 98
2026/07/30 23:28:19.888, 0, NVIDIA GeForce RTX 3080, 6250, 3802, 10240, 96, 98
2026/07/30 23:28:20.000, 0, NVIDIA GeForce RTX 3080, 6250, 3802, 10240, 96, 98
2026/07/30 23:28:20.112, 0, NVIDIA GeForce RTX 3080, 6250, 3802, 10240, 96, 98
2026/07/30 23:28:20.224, 0, NVIDIA GeForce RTX 3080, 6250, 3802, 10240, 96, 98
2026/07/30 23:28:20.336, 0, NVIDIA GeForce RTX 3080, 6250, 3802, 10240, 95, 98
2026/07/30 23:28:20.447, 0, NVIDIA GeForce RTX 3080, 6250, 3802, 10240, 95, 98
2026/07/30 23:28:20.559, 0, NVIDIA GeForce RTX 3080, 6250, 3802, 10240, 95, 98
2026/07/30 23:28:20.671, 0, NVIDIA GeForce RTX 3080, 6250, 3802, 10240, 95, 98
2026/07/30 23:28:20.783, 0, NVIDIA GeForce RTX 3080, 6250, 3802, 10240, 95, 98
2026/07/30 23:28:20.895, 0, NVIDIA GeForce RTX 3080, 6250, 3802, 10240, 95, 98
2026/07/30 23:28:21.007, 0, NVIDIA GeForce RTX 3080, 6250, 3802, 10240, 95, 98
2026/07/30 23:28:21.119, 0, NVIDIA GeForce RTX 3080, 6250, 3802, 10240, 95, 98
2026/07/30 23:28:21.231, 0, NVIDIA GeForce RTX 3080, 6250, 3802, 10240, 95, 98
2026/07/30 23:28:21.343, 0, NVIDIA GeForce RTX 3080, 6250, 3802, 10240, 95, 98
2026/07/30 23:28:21.455, 0, NVIDIA GeForce RTX 3080, 6250, 3802, 10240, 95, 98
2026/07/30 23:28:21.567, 0, NVIDIA GeForce RTX 3080, 6250, 3802, 10240, 95, 98
2026/07/30 23:28:21.678, 0, NVIDIA GeForce RTX 3080, 6250, 3802, 10240, 95, 98
2026/07/30 23:28:21.790, 0, NVIDIA GeForce RTX 3080, 6250, 3802, 10240, 97, 98
2026/07/30 23:28:21.902, 0, NVIDIA GeForce RTX 3080, 6250, 3802, 10240, 97, 98
2026/07/30 23:28:22.014, 0, NVIDIA GeForce RTX 3080, 6250, 3802, 10240, 97, 98
2026/07/30 23:28:22.126, 0, NVIDIA GeForce RTX 3080, 6250, 3802, 10240, 97, 98
2026/07/30 23:28:22.238, 0, NVIDIA GeForce RTX 3080, 6250, 3802, 10240, 97, 98
2026/07/30 23:28:22.349, 0, NVIDIA GeForce RTX 3080, 6250, 3802, 10240, 96, 97
2026/07/30 23:28:22.461, 0, NVIDIA GeForce RTX 3080, 6250, 3802, 10240, 96, 97
2026/07/30 23:28:22.572, 0, NVIDIA GeForce RTX 3080, 6250, 3802, 10240, 96, 97
2026/07/30 23:28:22.683, 0, NVIDIA GeForce RTX 3080, 6250, 3802, 10240, 96, 97
2026/07/30 23:28:22.794, 0, NVIDIA GeForce RTX 3080, 6250, 3802, 10240, 97, 98
2026/07/30 23:28:22.905, 0, NVIDIA GeForce RTX 3080, 6250, 3802, 10240, 97, 98
2026/07/30 23:28:23.017, 0, NVIDIA GeForce RTX 3080, 6250, 3802, 10240, 97, 98
2026/07/30 23:28:23.129, 0, NVIDIA GeForce RTX 3080, 6250, 3802, 10240, 97, 98
2026/07/30 23:28:23.241, 0, NVIDIA GeForce RTX 3080, 6250, 3802, 10240, 97, 98
2026/07/30 23:28:23.353, 0, NVIDIA GeForce RTX 3080, 6250, 3802, 10240, 95, 96
2026/07/30 23:28:23.465, 0, NVIDIA GeForce RTX 3080, 6250, 3802, 10240, 95, 96
2026/07/30 23:28:23.577, 0, NVIDIA GeForce RTX 3080, 6250, 3802, 10240, 95, 96
2026/07/30 23:28:23.689, 0, NVIDIA GeForce RTX 3080, 6250, 3802, 10240, 95, 96
2026/07/30 23:28:23.801, 0, NVIDIA GeForce RTX 3080, 6250, 3802, 10240, 96, 96
2026/07/30 23:28:23.913, 0, NVIDIA GeForce RTX 3080, 6250, 3802, 10240, 96, 96
2026/07/30 23:28:24.024, 0, NVIDIA GeForce RTX 3080, 6250, 3802, 10240, 96, 96
2026/07/30 23:28:24.135, 0, NVIDIA GeForce RTX 3080, 6250, 3802, 10240, 96, 96
2026/07/30 23:28:24.246, 0, NVIDIA GeForce RTX 3080, 6250, 3802, 10240, 96, 96
2026/07/30 23:28:24.355, 0, NVIDIA GeForce RTX 3080, 6250, 3802, 10240, 97, 97
2026/07/30 23:28:24.465, 0, NVIDIA GeForce RTX 3080, 6250, 3802, 10240, 97, 97
2026/07/30 23:28:24.574, 0, NVIDIA GeForce RTX 3080, 6250, 3802, 10240, 97, 97
2026/07/30 23:28:24.684, 0, NVIDIA GeForce RTX 3080, 6250, 3802, 10240, 97, 97
2026/07/30 23:28:24.796, 0, NVIDIA GeForce RTX 3080, 6250, 3802, 10240, 98, 98
2026/07/30 23:28:24.907, 0, NVIDIA GeForce RTX 3080, 6250, 3802, 10240, 98, 98
2026/07/30 23:28:25.019, 0, NVIDIA GeForce RTX 3080, 6250, 3802, 10240, 98, 98
2026/07/30 23:28:25.131, 0, NVIDIA GeForce RTX 3080, 6250, 3802, 10240, 98, 98
2026/07/30 23:28:25.243, 0, NVIDIA GeForce RTX 3080, 6250, 3802, 10240, 98, 98
2026/07/30 23:28:25.355, 0, NVIDIA GeForce RTX 3080, 6250, 3802, 10240, 98, 98
2026/07/30 23:28:25.467, 0, NVIDIA GeForce RTX 3080, 6250, 3802, 10240, 98, 98
2026/07/30 23:28:25.578, 0, NVIDIA GeForce RTX 3080, 6250, 3802, 10240, 98, 98
2026/07/30 23:28:25.690, 0, NVIDIA GeForce RTX 3080, 6250, 3802, 10240, 98, 98
2026/07/30 23:28:25.802, 0, NVIDIA GeForce RTX 3080, 6250, 3802, 10240, 95, 97
2026/07/30 23:28:25.912, 0, NVIDIA GeForce RTX 3080, 6250, 3802, 10240, 95, 97
2026/07/30 23:28:26.023, 0, NVIDIA GeForce RTX 3080, 6250, 3802, 10240, 95, 97
2026/07/30 23:28:26.135, 0, NVIDIA GeForce RTX 3080, 6250, 3802, 10240, 95, 97
2026/07/30 23:28:26.246, 0, NVIDIA GeForce RTX 3080, 6250, 3802, 10240, 95, 97
2026/07/30 23:28:26.356, 0, NVIDIA GeForce RTX 3080, 6250, 3802, 10240, 95, 98
2026/07/30 23:28:26.468, 0, NVIDIA GeForce RTX 3080, 6250, 3802, 10240, 95, 98
2026/07/30 23:28:26.579, 0, NVIDIA GeForce RTX 3080, 6250, 3802, 10240, 95, 98
2026/07/30 23:28:26.690, 0, NVIDIA GeForce RTX 3080, 6250, 3802, 10240, 95, 98
2026/07/30 23:28:26.801, 0, NVIDIA GeForce RTX 3080, 6250, 3802, 10240, 95, 97
2026/07/30 23:28:26.913, 0, NVIDIA GeForce RTX 3080, 6250, 3802, 10240, 95, 97
2026/07/30 23:28:27.025, 0, NVIDIA GeForce RTX 3080, 6250, 3802, 10240, 95, 97
2026/07/30 23:28:27.137, 0, NVIDIA GeForce RTX 3080, 6250, 3802, 10240, 95, 97
2026/07/30 23:28:27.249, 0, NVIDIA GeForce RTX 3080, 6250, 3802, 10240, 95, 97
2026/07/30 23:28:27.361, 0, NVIDIA GeForce RTX 3080, 6250, 3802, 10240, 93, 96
2026/07/30 23:28:27.472, 0, NVIDIA GeForce RTX 3080, 6250, 3802, 10240, 93, 96
2026/07/30 23:28:27.584, 0, NVIDIA GeForce RTX 3080, 6250, 3802, 10240, 93, 96
2026/07/30 23:28:27.694, 0, NVIDIA GeForce RTX 3080, 6250, 3802, 10240, 93, 96
2026/07/30 23:28:27.806, 0, NVIDIA GeForce RTX 3080, 6250, 3802, 10240, 97, 98
2026/07/30 23:28:27.917, 0, NVIDIA GeForce RTX 3080, 6250, 3802, 10240, 97, 98
2026/07/30 23:28:28.029, 0, NVIDIA GeForce RTX 3080, 6250, 3802, 10240, 97, 98
2026/07/30 23:28:28.140, 0, NVIDIA GeForce RTX 3080, 6250, 3802, 10240, 97, 98
2026/07/30 23:28:28.251, 0, NVIDIA GeForce RTX 3080, 6250, 3802, 10240, 97, 98
2026/07/30 23:28:28.362, 0, NVIDIA GeForce RTX 3080, 6250, 3802, 10240, 97, 98
2026/07/30 23:28:28.474, 0, NVIDIA GeForce RTX 3080, 6250, 3802, 10240, 97, 98
2026/07/30 23:28:28.586, 0, NVIDIA GeForce RTX 3080, 6250, 3802, 10240, 97, 98
2026/07/30 23:28:28.698, 0, NVIDIA GeForce RTX 3080, 6250, 3802, 10240, 97, 98
2026/07/30 23:28:28.810, 0, NVIDIA GeForce RTX 3080, 6250, 3802, 10240, 97, 98
2026/07/30 23:28:28.922, 0, NVIDIA GeForce RTX 3080, 6250, 3802, 10240, 97, 98
2026/07/30 23:28:29.034, 0, NVIDIA GeForce RTX 3080, 6250, 3802, 10240, 97, 98
2026/07/30 23:28:29.146, 0, NVIDIA GeForce RTX 3080, 6250, 3802, 10240, 97, 98
2026/07/30 23:28:29.258, 0, NVIDIA GeForce RTX 3080, 6250, 3802, 10240, 97, 98
2026/07/30 23:28:29.370, 0, NVIDIA GeForce RTX 3080, 6250, 3802, 10240, 94, 96
2026/07/30 23:28:29.482, 0, NVIDIA GeForce RTX 3080, 6250, 3802, 10240, 94, 96
2026/07/30 23:28:29.594, 0, NVIDIA GeForce RTX 3080, 6250, 3802, 10240, 94, 96
2026/07/30 23:28:29.705, 0, NVIDIA GeForce RTX 3080, 6250, 3802, 10240, 94, 96
2026/07/30 23:28:29.815, 0, NVIDIA GeForce RTX 3080, 6250, 3802, 10240, 94, 96
2026/07/30 23:28:29.927, 0, NVIDIA GeForce RTX 3080, 6250, 3802, 10240, 94, 96
2026/07/30 23:28:30.038, 0, NVIDIA GeForce RTX 3080, 6250, 3802, 10240, 94, 96
2026/07/30 23:28:30.149, 0, NVIDIA GeForce RTX 3080, 6250, 3802, 10240, 94, 96
2026/07/30 23:28:30.260, 0, NVIDIA GeForce RTX 3080, 6250, 3802, 10240, 94, 96
2026/07/30 23:28:30.372, 0, NVIDIA GeForce RTX 3080, 6250, 3802, 10240, 95, 98
2026/07/30 23:28:30.484, 0, NVIDIA GeForce RTX 3080, 6250, 3802, 10240, 95, 98
2026/07/30 23:28:30.594, 0, NVIDIA GeForce RTX 3080, 6250, 3802, 10240, 95, 98
2026/07/30 23:28:30.704, 0, NVIDIA GeForce RTX 3080, 6250, 3802, 10240, 95, 98
2026/07/30 23:28:30.816, 0, NVIDIA GeForce RTX 3080, 6250, 3802, 10240, 96, 98
2026/07/30 23:28:30.926, 0, NVIDIA GeForce RTX 3080, 6250, 3802, 10240, 96, 98
2026/07/30 23:28:31.037, 0, NVIDIA GeForce RTX 3080, 6250, 3802, 10240, 96, 98
2026/07/30 23:28:31.149, 0, NVIDIA GeForce RTX 3080, 6250, 3802, 10240, 96, 98
2026/07/30 23:28:31.260, 0, NVIDIA GeForce RTX 3080, 6250, 3802, 10240, 96, 98
2026/07/30 23:28:31.372, 0, NVIDIA GeForce RTX 3080, 6250, 3802, 10240, 95, 97
2026/07/30 23:28:31.484, 0, NVIDIA GeForce RTX 3080, 6250, 3802, 10240, 95, 97
2026/07/30 23:28:31.595, 0, NVIDIA GeForce RTX 3080, 6250, 3802, 10240, 95, 97
2026/07/30 23:28:31.705, 0, NVIDIA GeForce RTX 3080, 6250, 3802, 10240, 95, 97
2026/07/30 23:28:31.817, 0, NVIDIA GeForce RTX 3080, 6250, 3802, 10240, 97, 97
2026/07/30 23:28:31.929, 0, NVIDIA GeForce RTX 3080, 6250, 3802, 10240, 97, 97
2026/07/30 23:28:32.040, 0, NVIDIA GeForce RTX 3080, 6250, 3802, 10240, 97, 97
2026/07/30 23:28:32.152, 0, NVIDIA GeForce RTX 3080, 6250, 3802, 10240, 97, 97
2026/07/30 23:28:32.264, 0, NVIDIA GeForce RTX 3080, 6250, 3802, 10240, 97, 97
2026/07/30 23:28:32.376, 0, NVIDIA GeForce RTX 3080, 6250, 3802, 10240, 96, 98
2026/07/30 23:28:32.488, 0, NVIDIA GeForce RTX 3080, 6250, 3802, 10240, 96, 98
2026/07/30 23:28:32.600, 0, NVIDIA GeForce RTX 3080, 6250, 3802, 10240, 96, 98
2026/07/30 23:28:32.712, 0, NVIDIA GeForce RTX 3080, 6250, 3802, 10240, 96, 98
2026/07/30 23:28:32.824, 0, NVIDIA GeForce RTX 3080, 6250, 3802, 10240, 97, 98
2026/07/30 23:28:32.937, 0, NVIDIA GeForce RTX 3080, 6250, 3802, 10240, 97, 98
2026/07/30 23:28:33.049, 0, NVIDIA GeForce RTX 3080, 6250, 3802, 10240, 97, 98
2026/07/30 23:28:33.161, 0, NVIDIA GeForce RTX 3080, 6250, 3802, 10240, 97, 98
2026/07/30 23:28:33.273, 0, NVIDIA GeForce RTX 3080, 6250, 3802, 10240, 97, 98
2026/07/30 23:28:33.385, 0, NVIDIA GeForce RTX 3080, 6250, 3802, 10240, 96, 97
2026/07/30 23:28:33.497, 0, NVIDIA GeForce RTX 3080, 6250, 3802, 10240, 96, 97
2026/07/30 23:28:33.609, 0, NVIDIA GeForce RTX 3080, 6250, 3802, 10240, 96, 97
2026/07/30 23:28:33.720, 0, NVIDIA GeForce RTX 3080, 6250, 3802, 10240, 96, 97
2026/07/30 23:28:33.831, 0, NVIDIA GeForce RTX 3080, 6250, 3802, 10240, 95, 98
2026/07/30 23:28:33.942, 0, NVIDIA GeForce RTX 3080, 6250, 3802, 10240, 95, 98
2026/07/30 23:28:34.053, 0, NVIDIA GeForce RTX 3080, 6250, 3802, 10240, 95, 98
2026/07/30 23:28:34.165, 0, NVIDIA GeForce RTX 3080, 6250, 3802, 10240, 95, 98
2026/07/30 23:28:34.277, 0, NVIDIA GeForce RTX 3080, 6250, 3802, 10240, 95, 98
2026/07/30 23:28:34.389, 0, NVIDIA GeForce RTX 3080, 6250, 3802, 10240, 95, 98
2026/07/30 23:28:34.501, 0, NVIDIA GeForce RTX 3080, 6250, 3802, 10240, 95, 98
2026/07/30 23:28:34.613, 0, NVIDIA GeForce RTX 3080, 6250, 3802, 10240, 95, 98
2026/07/30 23:28:34.725, 0, NVIDIA GeForce RTX 3080, 6250, 3802, 10240, 95, 98
2026/07/30 23:28:34.837, 0, NVIDIA GeForce RTX 3080, 6250, 3802, 10240, 95, 98
2026/07/30 23:28:34.950, 0, NVIDIA GeForce RTX 3080, 6250, 3802, 10240, 95, 98
2026/07/30 23:28:35.062, 0, NVIDIA GeForce RTX 3080, 6250, 3802, 10240, 95, 98
2026/07/30 23:28:35.174, 0, NVIDIA GeForce RTX 3080, 6250, 3802, 10240, 95, 98
2026/07/30 23:28:35.286, 0, NVIDIA GeForce RTX 3080, 6250, 3802, 10240, 95, 98
2026/07/30 23:28:35.398, 0, NVIDIA GeForce RTX 3080, 6250, 3802, 10240, 95, 98
2026/07/30 23:28:35.510, 0, NVIDIA GeForce RTX 3080, 6250, 3802, 10240, 95, 98
2026/07/30 23:28:35.622, 0, NVIDIA GeForce RTX 3080, 6250, 3802, 10240, 95, 98
2026/07/30 23:28:35.733, 0, NVIDIA GeForce RTX 3080, 6250, 3802, 10240, 95, 98
2026/07/30 23:28:35.845, 0, NVIDIA GeForce RTX 3080, 6250, 3802, 10240, 96, 97
2026/07/30 23:28:35.957, 0, NVIDIA GeForce RTX 3080, 6250, 3802, 10240, 96, 97
2026/07/30 23:28:36.068, 0, NVIDIA GeForce RTX 3080, 6250, 3802, 10240, 96, 97
2026/07/30 23:28:36.180, 0, NVIDIA GeForce RTX 3080, 6250, 3802, 10240, 96, 97
2026/07/30 23:28:36.292, 0, NVIDIA GeForce RTX 3080, 6250, 3802, 10240, 97, 98
2026/07/30 23:28:36.404, 0, NVIDIA GeForce RTX 3080, 6250, 3802, 10240, 97, 98
2026/07/30 23:28:36.515, 0, NVIDIA GeForce RTX 3080, 6250, 3802, 10240, 97, 98
2026/07/30 23:28:36.626, 0, NVIDIA GeForce RTX 3080, 6250, 3802, 10240, 97, 98
2026/07/30 23:28:36.738, 0, NVIDIA GeForce RTX 3080, 6250, 3802, 10240, 97, 98
2026/07/30 23:28:36.849, 0, NVIDIA GeForce RTX 3080, 6250, 3802, 10240, 97, 98
2026/07/30 23:28:36.960, 0, NVIDIA GeForce RTX 3080, 6250, 3802, 10240, 97, 98
2026/07/30 23:28:37.071, 0, NVIDIA GeForce RTX 3080, 6250, 3802, 10240, 97, 98
2026/07/30 23:28:37.183, 0, NVIDIA GeForce RTX 3080, 6250, 3802, 10240, 97, 98
2026/07/30 23:28:37.293, 0, NVIDIA GeForce RTX 3080, 6250, 3802, 10240, 97, 98
2026/07/30 23:28:37.402, 0, NVIDIA GeForce RTX 3080, 6250, 3802, 10240, 97, 98
2026/07/30 23:28:37.512, 0, NVIDIA GeForce RTX 3080, 6250, 3802, 10240, 97, 98
2026/07/30 23:28:37.621, 0, NVIDIA GeForce RTX 3080, 6250, 3802, 10240, 97, 98
2026/07/30 23:28:37.731, 0, NVIDIA GeForce RTX 3080, 6250, 3802, 10240, 97, 98
2026/07/30 23:28:37.839, 0, NVIDIA GeForce RTX 3080, 6250, 3802, 10240, 98, 98
2026/07/30 23:28:37.949, 0, NVIDIA GeForce RTX 3080, 6250, 3802, 10240, 98, 98
2026/07/30 23:28:38.061, 0, NVIDIA GeForce RTX 3080, 6250, 3802, 10240, 98, 98
2026/07/30 23:28:38.172, 0, NVIDIA GeForce RTX 3080, 6250, 3802, 10240, 98, 98
2026/07/30 23:28:38.282, 0, NVIDIA GeForce RTX 3080, 6250, 3802, 10240, 98, 98
2026/07/30 23:28:38.393, 0, NVIDIA GeForce RTX 3080, 6250, 3802, 10240, 98, 98
2026/07/30 23:28:38.505, 0, NVIDIA GeForce RTX 3080, 6250, 3802, 10240, 98, 98
2026/07/30 23:28:38.617, 0, NVIDIA GeForce RTX 3080, 6250, 3802, 10240, 98, 98
2026/07/30 23:28:38.728, 0, NVIDIA GeForce RTX 3080, 6250, 3802, 10240, 98, 98
2026/07/30 23:28:38.840, 0, NVIDIA GeForce RTX 3080, 6250, 3802, 10240, 98, 98
2026/07/30 23:28:38.951, 0, NVIDIA GeForce RTX 3080, 6250, 3802, 10240, 98, 98
2026/07/30 23:28:39.063, 0, NVIDIA GeForce RTX 3080, 6250, 3802, 10240, 98, 98
2026/07/30 23:28:39.175, 0, NVIDIA GeForce RTX 3080, 6250, 3802, 10240, 98, 98
2026/07/30 23:28:39.286, 0, NVIDIA GeForce RTX 3080, 6250, 3802, 10240, 93, 94
2026/07/30 23:28:39.396, 0, NVIDIA GeForce RTX 3080, 6250, 3802, 10240, 93, 94
2026/07/30 23:28:39.505, 0, NVIDIA GeForce RTX 3080, 6250, 3802, 10240, 93, 94
2026/07/30 23:28:39.614, 0, NVIDIA GeForce RTX 3080, 6250, 3802, 10240, 93, 94
2026/07/30 23:28:39.726, 0, NVIDIA GeForce RTX 3080, 6250, 3802, 10240, 93, 94
2026/07/30 23:28:39.838, 0, NVIDIA GeForce RTX 3080, 6250, 3802, 10240, 95, 98
2026/07/30 23:28:39.949, 0, NVIDIA GeForce RTX 3080, 6250, 3802, 10240, 95, 98
2026/07/30 23:28:40.060, 0, NVIDIA GeForce RTX 3080, 6250, 3802, 10240, 95, 98
2026/07/30 23:28:40.172, 0, NVIDIA GeForce RTX 3080, 6250, 3802, 10240, 95, 98
2026/07/30 23:28:40.284, 0, NVIDIA GeForce RTX 3080, 6250, 3802, 10240, 95, 98
2026/07/30 23:28:40.396, 0, NVIDIA GeForce RTX 3080, 6250, 3802, 10240, 95, 98
2026/07/30 23:28:40.508, 0, NVIDIA GeForce RTX 3080, 6250, 3802, 10240, 95, 98
2026/07/30 23:28:40.620, 0, NVIDIA GeForce RTX 3080, 6250, 3802, 10240, 95, 98
2026/07/30 23:28:40.732, 0, NVIDIA GeForce RTX 3080, 6250, 3802, 10240, 95, 98
2026/07/30 23:28:40.844, 0, NVIDIA GeForce RTX 3080, 6250, 3802, 10240, 95, 97
2026/07/30 23:28:40.956, 0, NVIDIA GeForce RTX 3080, 6250, 3802, 10240, 95, 97
2026/07/30 23:28:41.067, 0, NVIDIA GeForce RTX 3080, 6250, 3802, 10240, 95, 97
2026/07/30 23:28:41.178, 0, NVIDIA GeForce RTX 3080, 6250, 3802, 10240, 95, 97
2026/07/30 23:28:41.290, 0, NVIDIA GeForce RTX 3080, 6250, 3802, 10240, 93, 95
2026/07/30 23:28:41.402, 0, NVIDIA GeForce RTX 3080, 6250, 3802, 10240, 93, 95
2026/07/30 23:28:41.514, 0, NVIDIA GeForce RTX 3080, 6250, 3802, 10240, 93, 95
2026/07/30 23:28:41.625, 0, NVIDIA GeForce RTX 3080, 6250, 3802, 10240, 93, 95
2026/07/30 23:28:41.737, 0, NVIDIA GeForce RTX 3080, 6250, 3802, 10240, 93, 95
2026/07/30 23:28:41.849, 0, NVIDIA GeForce RTX 3080, 6250, 3802, 10240, 97, 98
2026/07/30 23:28:41.962, 0, NVIDIA GeForce RTX 3080, 6250, 3802, 10240, 97, 98
2026/07/30 23:28:42.074, 0, NVIDIA GeForce RTX 3080, 6250, 3802, 10240, 97, 98
2026/07/30 23:28:42.186, 0, NVIDIA GeForce RTX 3080, 6250, 3802, 10240, 97, 98
2026/07/30 23:28:42.298, 0, NVIDIA GeForce RTX 3080, 6250, 3802, 10240, 97, 98
2026/07/30 23:28:42.410, 0, NVIDIA GeForce RTX 3080, 6250, 3802, 10240, 97, 98
2026/07/30 23:28:42.522, 0, NVIDIA GeForce RTX 3080, 6250, 3802, 10240, 97, 98
2026/07/30 23:28:42.633, 0, NVIDIA GeForce RTX 3080, 6250, 3802, 10240, 97, 98
2026/07/30 23:28:42.745, 0, NVIDIA GeForce RTX 3080, 6250, 3802, 10240, 97, 98
2026/07/30 23:28:42.857, 0, NVIDIA GeForce RTX 3080, 6250, 3802, 10240, 97, 98
2026/07/30 23:28:42.969, 0, NVIDIA GeForce RTX 3080, 6250, 3802, 10240, 97, 98
2026/07/30 23:28:43.081, 0, NVIDIA GeForce RTX 3080, 6250, 3802, 10240, 97, 98
2026/07/30 23:28:43.191, 0, NVIDIA GeForce RTX 3080, 6250, 3802, 10240, 97, 98
2026/07/30 23:28:43.303, 0, NVIDIA GeForce RTX 3080, 6250, 3802, 10240, 94, 96
2026/07/30 23:28:43.415, 0, NVIDIA GeForce RTX 3080, 6250, 3802, 10240, 94, 96
2026/07/30 23:28:43.527, 0, NVIDIA GeForce RTX 3080, 6250, 3802, 10240, 94, 96
2026/07/30 23:28:43.639, 0, NVIDIA GeForce RTX 3080, 6250, 3802, 10240, 94, 96
2026/07/30 23:28:43.750, 0, NVIDIA GeForce RTX 3080, 6250, 3802, 10240, 94, 96
2026/07/30 23:28:43.862, 0, NVIDIA GeForce RTX 3080, 6250, 3802, 10240, 95, 98
2026/07/30 23:28:43.974, 0, NVIDIA GeForce RTX 3080, 6250, 3802, 10240, 95, 98
2026/07/30 23:28:44.086, 0, NVIDIA GeForce RTX 3080, 6250, 3802, 10240, 95, 98
2026/07/30 23:28:44.198, 0, NVIDIA GeForce RTX 3080, 6250, 3802, 10240, 95, 98
2026/07/30 23:28:44.309, 0, NVIDIA GeForce RTX 3080, 6250, 3802, 10240, 96, 98
2026/07/30 23:28:44.419, 0, NVIDIA GeForce RTX 3080, 6250, 3802, 10240, 96, 98
2026/07/30 23:28:44.529, 0, NVIDIA GeForce RTX 3080, 6250, 3802, 10240, 96, 98
2026/07/30 23:28:44.639, 0, NVIDIA GeForce RTX 3080, 6250, 3802, 10240, 96, 98
2026/07/30 23:28:44.751, 0, NVIDIA GeForce RTX 3080, 6250, 3802, 10240, 96, 98
2026/07/30 23:28:44.862, 0, NVIDIA GeForce RTX 3080, 6250, 3802, 10240, 96, 98
2026/07/30 23:28:44.974, 0, NVIDIA GeForce RTX 3080, 6250, 3802, 10240, 96, 98
2026/07/30 23:28:45.086, 0, NVIDIA GeForce RTX 3080, 6250, 3802, 10240, 96, 98
2026/07/30 23:28:45.198, 0, NVIDIA GeForce RTX 3080, 6250, 3802, 10240, 96, 98
2026/07/30 23:28:45.310, 0, NVIDIA GeForce RTX 3080, 6250, 3802, 10240, 96, 98
2026/07/30 23:28:45.422, 0, NVIDIA GeForce RTX 3080, 6250, 3802, 10240, 96, 98
2026/07/30 23:28:45.534, 0, NVIDIA GeForce RTX 3080, 6250, 3802, 10240, 96, 98
2026/07/30 23:28:45.646, 0, NVIDIA GeForce RTX 3080, 6250, 3802, 10240, 96, 98
2026/07/30 23:28:45.758, 0, NVIDIA GeForce RTX 3080, 6250, 3802, 10240, 96, 98
2026/07/30 23:28:45.870, 0, NVIDIA GeForce RTX 3080, 6250, 3802, 10240, 97, 98
2026/07/30 23:28:45.982, 0, NVIDIA GeForce RTX 3080, 6250, 3802, 10240, 97, 98
2026/07/30 23:28:46.094, 0, NVIDIA GeForce RTX 3080, 6250, 3802, 10240, 97, 98
2026/07/30 23:28:46.206, 0, NVIDIA GeForce RTX 3080, 6250, 3802, 10240, 97, 98
2026/07/30 23:28:46.318, 0, NVIDIA GeForce RTX 3080, 6250, 3802, 10240, 96, 96
2026/07/30 23:28:46.429, 0, NVIDIA GeForce RTX 3080, 6250, 3802, 10240, 96, 96
2026/07/30 23:28:46.539, 0, NVIDIA GeForce RTX 3080, 6250, 3802, 10240, 96, 96
2026/07/30 23:28:46.651, 0, NVIDIA GeForce RTX 3080, 6250, 3802, 10240, 96, 96
2026/07/30 23:28:46.763, 0, NVIDIA GeForce RTX 3080, 6250, 3802, 10240, 96, 96
2026/07/30 23:28:46.875, 0, NVIDIA GeForce RTX 3080, 6250, 3802, 10240, 97, 97
2026/07/30 23:28:46.987, 0, NVIDIA GeForce RTX 3080, 6250, 3802, 10240, 97, 97
2026/07/30 23:28:47.099, 0, NVIDIA GeForce RTX 3080, 6250, 3802, 10240, 97, 97
2026/07/30 23:28:47.210, 0, NVIDIA GeForce RTX 3080, 6250, 3802, 10240, 97, 97
2026/07/30 23:28:47.322, 0, NVIDIA GeForce RTX 3080, 6250, 3802, 10240, 97, 98
2026/07/30 23:28:47.434, 0, NVIDIA GeForce RTX 3080, 6250, 3802, 10240, 97, 98
2026/07/30 23:28:47.546, 0, NVIDIA GeForce RTX 3080, 6250, 3802, 10240, 97, 98
2026/07/30 23:28:47.658, 0, NVIDIA GeForce RTX 3080, 6250, 3802, 10240, 97, 98
2026/07/30 23:28:47.770, 0, NVIDIA GeForce RTX 3080, 6250, 3802, 10240, 97, 98
2026/07/30 23:28:47.882, 0, NVIDIA GeForce RTX 3080, 6250, 3802, 10240, 96, 98
2026/07/30 23:28:47.994, 0, NVIDIA GeForce RTX 3080, 6250, 3802, 10240, 96, 98
2026/07/30 23:28:48.106, 0, NVIDIA GeForce RTX 3080, 6250, 3802, 10240, 96, 98
2026/07/30 23:28:48.217, 0, NVIDIA GeForce RTX 3080, 6250, 3802, 10240, 96, 98
2026/07/30 23:28:48.328, 0, NVIDIA GeForce RTX 3080, 6250, 3802, 10240, 95, 98
2026/07/30 23:28:48.439, 0, NVIDIA GeForce RTX 3080, 6250, 3802, 10240, 95, 98
2026/07/30 23:28:48.550, 0, NVIDIA GeForce RTX 3080, 6250, 3802, 10240, 95, 98
2026/07/30 23:28:48.661, 0, NVIDIA GeForce RTX 3080, 6250, 3802, 10240, 95, 98
2026/07/30 23:28:48.773, 0, NVIDIA GeForce RTX 3080, 6250, 3802, 10240, 95, 98
2026/07/30 23:28:48.885, 0, NVIDIA GeForce RTX 3080, 6250, 3802, 10240, 96, 98
2026/07/30 23:28:48.997, 0, NVIDIA GeForce RTX 3080, 6250, 3802, 10240, 96, 98
2026/07/30 23:28:49.110, 0, NVIDIA GeForce RTX 3080, 6250, 3802, 10240, 96, 98
2026/07/30 23:28:49.222, 0, NVIDIA GeForce RTX 3080, 6250, 3802, 10240, 96, 98
2026/07/30 23:28:49.334, 0, NVIDIA GeForce RTX 3080, 6250, 3802, 10240, 95, 98
2026/07/30 23:28:49.446, 0, NVIDIA GeForce RTX 3080, 6250, 3802, 10240, 95, 98
2026/07/30 23:28:49.558, 0, NVIDIA GeForce RTX 3080, 6250, 3802, 10240, 95, 98
2026/07/30 23:28:49.670, 0, NVIDIA GeForce RTX 3080, 6250, 3802, 10240, 95, 98
2026/07/30 23:28:49.782, 0, NVIDIA GeForce RTX 3080, 6250, 3802, 10240, 97, 98
2026/07/30 23:28:49.894, 0, NVIDIA GeForce RTX 3080, 6250, 3802, 10240, 97, 98
2026/07/30 23:28:50.006, 0, NVIDIA GeForce RTX 3080, 6250, 3802, 10240, 97, 98
2026/07/30 23:28:50.118, 0, NVIDIA GeForce RTX 3080, 6250, 3802, 10240, 97, 98
2026/07/30 23:28:50.229, 0, NVIDIA GeForce RTX 3080, 6250, 3802, 10240, 97, 98
2026/07/30 23:28:50.340, 0, NVIDIA GeForce RTX 3080, 6250, 3802, 10240, 95, 96
2026/07/30 23:28:50.451, 0, NVIDIA GeForce RTX 3080, 6250, 3802, 10240, 95, 96
2026/07/30 23:28:50.562, 0, NVIDIA GeForce RTX 3080, 6250, 3802, 10240, 95, 96
2026/07/30 23:28:50.674, 0, NVIDIA GeForce RTX 3080, 6250, 3802, 10240, 95, 96
2026/07/30 23:28:50.785, 0, NVIDIA GeForce RTX 3080, 6250, 3802, 10240, 96, 97
2026/07/30 23:28:50.895, 0, NVIDIA GeForce RTX 3080, 6250, 3802, 10240, 96, 97
2026/07/30 23:28:51.007, 0, NVIDIA GeForce RTX 3080, 6250, 3802, 10240, 96, 97
2026/07/30 23:28:51.118, 0, NVIDIA GeForce RTX 3080, 6250, 3802, 10240, 96, 97
2026/07/30 23:28:51.230, 0, NVIDIA GeForce RTX 3080, 6250, 3802, 10240, 96, 97
2026/07/30 23:28:51.341, 0, NVIDIA GeForce RTX 3080, 6250, 3802, 10240, 97, 98
2026/07/30 23:28:51.451, 0, NVIDIA GeForce RTX 3080, 6250, 3802, 10240, 97, 98
2026/07/30 23:28:51.562, 0, NVIDIA GeForce RTX 3080, 6250, 3802, 10240, 97, 98
2026/07/30 23:28:51.674, 0, NVIDIA GeForce RTX 3080, 6250, 3802, 10240, 97, 98
2026/07/30 23:28:51.786, 0, NVIDIA GeForce RTX 3080, 6250, 3802, 10240, 98, 98
2026/07/30 23:28:51.898, 0, NVIDIA GeForce RTX 3080, 6250, 3802, 10240, 98, 98
2026/07/30 23:28:52.010, 0, NVIDIA GeForce RTX 3080, 6250, 3802, 10240, 98, 98
2026/07/30 23:28:52.121, 0, NVIDIA GeForce RTX 3080, 6250, 3802, 10240, 98, 98
2026/07/30 23:28:52.233, 0, NVIDIA GeForce RTX 3080, 6250, 3802, 10240, 98, 98
2026/07/30 23:28:52.345, 0, NVIDIA GeForce RTX 3080, 6250, 3802, 10240, 98, 98
2026/07/30 23:28:52.454, 0, NVIDIA GeForce RTX 3080, 6250, 3802, 10240, 98, 98
2026/07/30 23:28:52.563, 0, NVIDIA GeForce RTX 3080, 6250, 3802, 10240, 98, 98
2026/07/30 23:28:52.672, 0, NVIDIA GeForce RTX 3080, 6250, 3802, 10240, 98, 98
2026/07/30 23:28:52.781, 0, NVIDIA GeForce RTX 3080, 6250, 3802, 10240, 97, 97
2026/07/30 23:28:52.889, 0, NVIDIA GeForce RTX 3080, 6250, 3802, 10240, 97, 97
2026/07/30 23:28:53.002, 0, NVIDIA GeForce RTX 3080, 6250, 3802, 10240, 97, 97
2026/07/30 23:28:53.114, 0, NVIDIA GeForce RTX 3080, 6250, 3802, 10240, 97, 97
2026/07/30 23:28:53.226, 0, NVIDIA GeForce RTX 3080, 6250, 3802, 10240, 97, 97
2026/07/30 23:28:53.338, 0, NVIDIA GeForce RTX 3080, 6250, 3802, 10240, 94, 95
2026/07/30 23:28:53.450, 0, NVIDIA GeForce RTX 3080, 6250, 3802, 10240, 94, 95
2026/07/30 23:28:53.562, 0, NVIDIA GeForce RTX 3080, 6250, 3802, 10240, 94, 95
2026/07/30 23:28:53.674, 0, NVIDIA GeForce RTX 3080, 6250, 3802, 10240, 94, 95
2026/07/30 23:28:53.786, 0, NVIDIA GeForce RTX 3080, 6250, 3802, 10240, 95, 97
2026/07/30 23:28:53.898, 0, NVIDIA GeForce RTX 3080, 6250, 3802, 10240, 95, 97
2026/07/30 23:28:54.010, 0, NVIDIA GeForce RTX 3080, 6250, 3802, 10240, 95, 97
2026/07/30 23:28:54.122, 0, NVIDIA GeForce RTX 3080, 6250, 3802, 10240, 95, 97
2026/07/30 23:28:54.234, 0, NVIDIA GeForce RTX 3080, 6250, 3802, 10240, 95, 97
2026/07/30 23:28:54.346, 0, NVIDIA GeForce RTX 3080, 6250, 3802, 10240, 95, 97
2026/07/30 23:28:54.458, 0, NVIDIA GeForce RTX 3080, 6250, 3802, 10240, 95, 97
2026/07/30 23:28:54.570, 0, NVIDIA GeForce RTX 3080, 6250, 3802, 10240, 95, 97
2026/07/30 23:28:54.681, 0, NVIDIA GeForce RTX 3080, 6250, 3802, 10240, 95, 97
2026/07/30 23:28:54.792, 0, NVIDIA GeForce RTX 3080, 6250, 3802, 10240, 95, 98
2026/07/30 23:28:54.904, 0, NVIDIA GeForce RTX 3080, 6250, 3802, 10240, 95, 98
2026/07/30 23:28:55.015, 0, NVIDIA GeForce RTX 3080, 6250, 3802, 10240, 95, 98
2026/07/30 23:28:55.126, 0, NVIDIA GeForce RTX 3080, 6250, 3802, 10240, 95, 98
2026/07/30 23:28:55.238, 0, NVIDIA GeForce RTX 3080, 6250, 3802, 10240, 95, 98
2026/07/30 23:28:55.349, 0, NVIDIA GeForce RTX 3080, 6250, 3802, 10240, 93, 96
2026/07/30 23:28:55.461, 0, NVIDIA GeForce RTX 3080, 6250, 3802, 10240, 93, 96
2026/07/30 23:28:55.572, 0, NVIDIA GeForce RTX 3080, 6250, 3802, 10240, 93, 96
2026/07/30 23:28:55.683, 0, NVIDIA GeForce RTX 3080, 6250, 3802, 10240, 93, 96
2026/07/30 23:28:55.795, 0, NVIDIA GeForce RTX 3080, 6250, 3802, 10240, 97, 98
2026/07/30 23:28:55.907, 0, NVIDIA GeForce RTX 3080, 6250, 3802, 10240, 97, 98
2026/07/30 23:28:56.018, 0, NVIDIA GeForce RTX 3080, 6250, 3802, 10240, 97, 98
2026/07/30 23:28:56.130, 0, NVIDIA GeForce RTX 3080, 6250, 3802, 10240, 97, 98
2026/07/30 23:28:56.242, 0, NVIDIA GeForce RTX 3080, 6250, 3802, 10240, 97, 98
2026/07/30 23:28:56.354, 0, NVIDIA GeForce RTX 3080, 6250, 3802, 10240, 97, 98
2026/07/30 23:28:56.466, 0, NVIDIA GeForce RTX 3080, 6250, 3802, 10240, 97, 98
2026/07/30 23:28:56.578, 0, NVIDIA GeForce RTX 3080, 6250, 3802, 10240, 97, 98
2026/07/30 23:28:56.690, 0, NVIDIA GeForce RTX 3080, 6250, 3802, 10240, 97, 98
2026/07/30 23:28:56.802, 0, NVIDIA GeForce RTX 3080, 6250, 3802, 10240, 97, 98
2026/07/30 23:28:56.914, 0, NVIDIA GeForce RTX 3080, 6250, 3802, 10240, 97, 98
2026/07/30 23:28:57.025, 0, NVIDIA GeForce RTX 3080, 6250, 3802, 10240, 97, 98
2026/07/30 23:28:57.137, 0, NVIDIA GeForce RTX 3080, 6250, 3802, 10240, 97, 98
2026/07/30 23:28:57.249, 0, NVIDIA GeForce RTX 3080, 6250, 3802, 10240, 97, 98
2026/07/30 23:28:57.359, 0, NVIDIA GeForce RTX 3080, 6250, 3802, 10240, 94, 96
2026/07/30 23:28:57.469, 0, NVIDIA GeForce RTX 3080, 6250, 3802, 10240, 94, 96
2026/07/30 23:28:57.579, 0, NVIDIA GeForce RTX 3080, 6250, 3802, 10240, 94, 96
2026/07/30 23:28:57.688, 0, NVIDIA GeForce RTX 3080, 6250, 3802, 10240, 94, 96
2026/07/30 23:28:57.799, 0, NVIDIA GeForce RTX 3080, 6250, 3802, 10240, 95, 97
2026/07/30 23:28:57.908, 0, NVIDIA GeForce RTX 3080, 6250, 3802, 10240, 95, 97
2026/07/30 23:28:58.019, 0, NVIDIA GeForce RTX 3080, 6250, 3802, 10240, 95, 97
2026/07/30 23:28:58.129, 0, NVIDIA GeForce RTX 3080, 6250, 3802, 10240, 95, 97
2026/07/30 23:28:58.239, 0, NVIDIA GeForce RTX 3080, 6250, 3802, 10240, 95, 97
2026/07/30 23:28:58.350, 0, NVIDIA GeForce RTX 3080, 6250, 3802, 10240, 95, 97
2026/07/30 23:28:58.462, 0, NVIDIA GeForce RTX 3080, 6250, 3802, 10240, 95, 97
2026/07/30 23:28:58.574, 0, NVIDIA GeForce RTX 3080, 6250, 3802, 10240, 95, 97
2026/07/30 23:28:58.686, 0, NVIDIA GeForce RTX 3080, 6250, 3802, 10240, 95, 97
2026/07/30 23:28:58.798, 0, NVIDIA GeForce RTX 3080, 6250, 3802, 10240, 96, 98
2026/07/30 23:28:58.910, 0, NVIDIA GeForce RTX 3080, 6250, 3802, 10240, 96, 98
2026/07/30 23:28:59.022, 0, NVIDIA GeForce RTX 3080, 6250, 3802, 10240, 96, 98
2026/07/30 23:28:59.134, 0, NVIDIA GeForce RTX 3080, 6250, 3802, 10240, 96, 98
2026/07/30 23:28:59.246, 0, NVIDIA GeForce RTX 3080, 6250, 3802, 10240, 96, 98
2026/07/30 23:28:59.358, 0, NVIDIA GeForce RTX 3080, 6250, 3802, 10240, 95, 97
2026/07/30 23:28:59.467, 0, NVIDIA GeForce RTX 3080, 6250, 3802, 10240, 95, 97
2026/07/30 23:28:59.577, 0, NVIDIA GeForce RTX 3080, 6250, 3802, 10240, 95, 97
2026/07/30 23:28:59.688, 0, NVIDIA GeForce RTX 3080, 6250, 3802, 10240, 95, 97
2026/07/30 23:28:59.800, 0, NVIDIA GeForce RTX 3080, 6250, 3802, 10240, 96, 97
2026/07/30 23:28:59.909, 0, NVIDIA GeForce RTX 3080, 6250, 3802, 10240, 96, 97
2026/07/30 23:29:00.021, 0, NVIDIA GeForce RTX 3080, 6250, 3802, 10240, 96, 97
2026/07/30 23:29:00.133, 0, NVIDIA GeForce RTX 3080, 6250, 3802, 10240, 96, 97
2026/07/30 23:29:00.245, 0, NVIDIA GeForce RTX 3080, 6250, 3802, 10240, 96, 97
2026/07/30 23:29:00.357, 0, NVIDIA GeForce RTX 3080, 6250, 3802, 10240, 97, 98
2026/07/30 23:29:00.469, 0, NVIDIA GeForce RTX 3080, 6250, 3802, 10240, 97, 98
2026/07/30 23:29:00.581, 0, NVIDIA GeForce RTX 3080, 6250, 3802, 10240, 97, 98
2026/07/30 23:29:00.693, 0, NVIDIA GeForce RTX 3080, 6250, 3802, 10240, 97, 98
2026/07/30 23:29:00.805, 0, NVIDIA GeForce RTX 3080, 6250, 3802, 10240, 97, 98
2026/07/30 23:29:00.918, 0, NVIDIA GeForce RTX 3080, 6250, 3802, 10240, 97, 98
2026/07/30 23:29:01.030, 0, NVIDIA GeForce RTX 3080, 6250, 3802, 10240, 97, 98
2026/07/30 23:29:01.142, 0, NVIDIA GeForce RTX 3080, 6250, 3802, 10240, 97, 98
2026/07/30 23:29:01.254, 0, NVIDIA GeForce RTX 3080, 6250, 3802, 10240, 97, 98
2026/07/30 23:29:01.365, 0, NVIDIA GeForce RTX 3080, 6250, 3802, 10240, 97, 98
2026/07/30 23:29:01.477, 0, NVIDIA GeForce RTX 3080, 6250, 3802, 10240, 97, 98
2026/07/30 23:29:01.589, 0, NVIDIA GeForce RTX 3080, 6250, 3802, 10240, 97, 98
2026/07/30 23:29:01.701, 0, NVIDIA GeForce RTX 3080, 6250, 3802, 10240, 97, 98
2026/07/30 23:29:01.813, 0, NVIDIA GeForce RTX 3080, 6250, 3802, 10240, 95, 98
2026/07/30 23:29:01.923, 0, NVIDIA GeForce RTX 3080, 6250, 3802, 10240, 95, 98
2026/07/30 23:29:02.035, 0, NVIDIA GeForce RTX 3080, 6250, 3802, 10240, 95, 98
2026/07/30 23:29:02.146, 0, NVIDIA GeForce RTX 3080, 6250, 3802, 10240, 95, 98
2026/07/30 23:29:02.257, 0, NVIDIA GeForce RTX 3080, 6250, 3802, 10240, 95, 98
2026/07/30 23:29:02.369, 0, NVIDIA GeForce RTX 3080, 6250, 3802, 10240, 96, 98
2026/07/30 23:29:02.480, 0, NVIDIA GeForce RTX 3080, 6250, 3802, 10240, 96, 98
2026/07/30 23:29:02.591, 0, NVIDIA GeForce RTX 3080, 6250, 3802, 10240, 96, 98
2026/07/30 23:29:02.703, 0, NVIDIA GeForce RTX 3080, 6250, 3802, 10240, 96, 98
2026/07/30 23:29:02.814, 0, NVIDIA GeForce RTX 3080, 6250, 3802, 10240, 96, 98
2026/07/30 23:29:02.927, 0, NVIDIA GeForce RTX 3080, 6250, 3802, 10240, 96, 98
2026/07/30 23:29:03.039, 0, NVIDIA GeForce RTX 3080, 6250, 3802, 10240, 96, 98
2026/07/30 23:29:03.151, 0, NVIDIA GeForce RTX 3080, 6250, 3802, 10240, 96, 98
2026/07/30 23:29:03.261, 0, NVIDIA GeForce RTX 3080, 6250, 3802, 10240, 96, 98
2026/07/30 23:29:03.372, 0, NVIDIA GeForce RTX 3080, 6250, 3802, 10240, 96, 98
2026/07/30 23:29:03.484, 0, NVIDIA GeForce RTX 3080, 6250, 3802, 10240, 96, 98
2026/07/30 23:29:03.596, 0, NVIDIA GeForce RTX 3080, 6250, 3802, 10240, 96, 98
2026/07/30 23:29:03.707, 0, NVIDIA GeForce RTX 3080, 6250, 3802, 10240, 96, 98
2026/07/30 23:29:03.819, 0, NVIDIA GeForce RTX 3080, 6250, 3802, 10240, 97, 98
2026/07/30 23:29:03.930, 0, NVIDIA GeForce RTX 3080, 6250, 3802, 10240, 97, 98
2026/07/30 23:29:04.043, 0, NVIDIA GeForce RTX 3080, 6250, 3802, 10240, 97, 98
2026/07/30 23:29:04.155, 0, NVIDIA GeForce RTX 3080, 6250, 3802, 10240, 97, 98
2026/07/30 23:29:04.267, 0, NVIDIA GeForce RTX 3080, 6250, 3802, 10240, 97, 98
2026/07/30 23:29:04.376, 0, NVIDIA GeForce RTX 3080, 6250, 3802, 10240, 97, 98
2026/07/30 23:29:04.485, 0, NVIDIA GeForce RTX 3080, 6250, 3802, 10240, 97, 98
2026/07/30 23:29:04.597, 0, NVIDIA GeForce RTX 3080, 6250, 3802, 10240, 97, 98
2026/07/30 23:29:04.708, 0, NVIDIA GeForce RTX 3080, 6250, 3802, 10240, 97, 98
2026/07/30 23:29:04.818, 0, NVIDIA GeForce RTX 3080, 6250, 3802, 10240, 97, 98
2026/07/30 23:29:04.928, 0, NVIDIA GeForce RTX 3080, 6250, 3802, 10240, 97, 98
2026/07/30 23:29:05.040, 0, NVIDIA GeForce RTX 3080, 6250, 3802, 10240, 97, 98
2026/07/30 23:29:05.152, 0, NVIDIA GeForce RTX 3080, 6250, 3802, 10240, 97, 98
2026/07/30 23:29:05.264, 0, NVIDIA GeForce RTX 3080, 6250, 3802, 10240, 97, 98
2026/07/30 23:29:05.375, 0, NVIDIA GeForce RTX 3080, 6250, 3802, 10240, 96, 97
2026/07/30 23:29:05.486, 0, NVIDIA GeForce RTX 3080, 6250, 3802, 10240, 96, 97
2026/07/30 23:29:05.597, 0, NVIDIA GeForce RTX 3080, 6250, 3802, 10240, 96, 97
2026/07/30 23:29:05.709, 0, NVIDIA GeForce RTX 3080, 6250, 3802, 10240, 96, 97
2026/07/30 23:29:05.821, 0, NVIDIA GeForce RTX 3080, 6250, 3802, 10240, 97, 97
2026/07/30 23:29:05.933, 0, NVIDIA GeForce RTX 3080, 6250, 3802, 10240, 97, 97
2026/07/30 23:29:06.044, 0, NVIDIA GeForce RTX 3080, 6250, 3802, 10240, 97, 97
2026/07/30 23:29:06.156, 0, NVIDIA GeForce RTX 3080, 6250, 3802, 10240, 97, 97
2026/07/30 23:29:06.268, 0, NVIDIA GeForce RTX 3080, 6250, 3802, 10240, 97, 97
2026/07/30 23:29:06.380, 0, NVIDIA GeForce RTX 3080, 6250, 3802, 10240, 98, 98
2026/07/30 23:29:06.491, 0, NVIDIA GeForce RTX 3080, 6250, 3802, 10240, 98, 98
2026/07/30 23:29:06.603, 0, NVIDIA GeForce RTX 3080, 6250, 3802, 10240, 98, 98
2026/07/30 23:29:06.715, 0, NVIDIA GeForce RTX 3080, 6250, 3802, 10240, 98, 98
2026/07/30 23:29:06.827, 0, NVIDIA GeForce RTX 3080, 6250, 3802, 10240, 98, 98
2026/07/30 23:29:06.938, 0, NVIDIA GeForce RTX 3080, 6250, 3802, 10240, 98, 98
2026/07/30 23:29:07.050, 0, NVIDIA GeForce RTX 3080, 6250, 3802, 10240, 98, 98
2026/07/30 23:29:07.164, 0, NVIDIA GeForce RTX 3080, 6250, 3802, 10240, 98, 98
2026/07/30 23:29:07.272, 0, NVIDIA GeForce RTX 3080, 6250, 3802, 10240, 98, 98
2026/07/30 23:29:07.384, 0, NVIDIA GeForce RTX 3080, 6250, 3802, 10240, 91, 93
2026/07/30 23:29:07.496, 0, NVIDIA GeForce RTX 3080, 6250, 3802, 10240, 91, 93
2026/07/30 23:29:07.608, 0, NVIDIA GeForce RTX 3080, 6250, 3802, 10240, 91, 93
2026/07/30 23:29:07.720, 0, NVIDIA GeForce RTX 3080, 6250, 3802, 10240, 91, 93
2026/07/30 23:29:07.830, 0, NVIDIA GeForce RTX 3080, 6250, 3802, 10240, 95, 98
2026/07/30 23:29:07.942, 0, NVIDIA GeForce RTX 3080, 6250, 3802, 10240, 95, 98
2026/07/30 23:29:08.054, 0, NVIDIA GeForce RTX 3080, 6250, 3802, 10240, 95, 98
2026/07/30 23:29:08.166, 0, NVIDIA GeForce RTX 3080, 6250, 3802, 10240, 95, 98
2026/07/30 23:29:08.278, 0, NVIDIA GeForce RTX 3080, 6250, 3802, 10240, 95, 98
2026/07/30 23:29:08.390, 0, NVIDIA GeForce RTX 3080, 6250, 3802, 10240, 96, 98
2026/07/30 23:29:08.502, 0, NVIDIA GeForce RTX 3080, 6250, 3802, 10240, 96, 98
2026/07/30 23:29:08.614, 0, NVIDIA GeForce RTX 3080, 6250, 3802, 10240, 96, 98
2026/07/30 23:29:08.726, 0, NVIDIA GeForce RTX 3080, 6250, 3802, 10240, 96, 98
2026/07/30 23:29:08.838, 0, NVIDIA GeForce RTX 3080, 6250, 3802, 10240, 94, 97
2026/07/30 23:29:08.950, 0, NVIDIA GeForce RTX 3080, 6250, 3802, 10240, 94, 97
2026/07/30 23:29:09.062, 0, NVIDIA GeForce RTX 3080, 6250, 3802, 10240, 94, 97
2026/07/30 23:29:09.173, 0, NVIDIA GeForce RTX 3080, 6250, 3802, 10240, 94, 97
2026/07/30 23:29:09.285, 0, NVIDIA GeForce RTX 3080, 6250, 3802, 10240, 94, 96
2026/07/30 23:29:09.397, 0, NVIDIA GeForce RTX 3080, 6250, 3802, 10240, 94, 96
2026/07/30 23:29:09.509, 0, NVIDIA GeForce RTX 3080, 6250, 3802, 10240, 94, 96
2026/07/30 23:29:09.621, 0, NVIDIA GeForce RTX 3080, 6250, 3802, 10240, 94, 96
2026/07/30 23:29:09.733, 0, NVIDIA GeForce RTX 3080, 6250, 3802, 10240, 94, 96
2026/07/30 23:29:09.844, 0, NVIDIA GeForce RTX 3080, 6250, 3802, 10240, 97, 97
2026/07/30 23:29:09.956, 0, NVIDIA GeForce RTX 3080, 6250, 3802, 10240, 97, 97
2026/07/30 23:29:10.067, 0, NVIDIA GeForce RTX 3080, 6250, 3802, 10240, 97, 97
2026/07/30 23:29:10.179, 0, NVIDIA GeForce RTX 3080, 6250, 3802, 10240, 97, 97
2026/07/30 23:29:10.291, 0, NVIDIA GeForce RTX 3080, 6250, 3802, 10240, 97, 98
2026/07/30 23:29:10.402, 0, NVIDIA GeForce RTX 3080, 6250, 3802, 10240, 97, 98
2026/07/30 23:29:10.512, 0, NVIDIA GeForce RTX 3080, 6250, 3802, 10240, 97, 98
2026/07/30 23:29:10.621, 0, NVIDIA GeForce RTX 3080, 6250, 3802, 10240, 97, 98
2026/07/30 23:29:10.731, 0, NVIDIA GeForce RTX 3080, 6250, 3802, 10240, 97, 98
2026/07/30 23:29:10.840, 0, NVIDIA GeForce RTX 3080, 6250, 3802, 10240, 97, 98
2026/07/30 23:29:10.949, 0, NVIDIA GeForce RTX 3080, 6250, 3802, 10240, 97, 98
2026/07/30 23:29:11.058, 0, NVIDIA GeForce RTX 3080, 6250, 3802, 10240, 97, 98
2026/07/30 23:29:11.168, 0, NVIDIA GeForce RTX 3080, 6250, 3802, 10240, 97, 98
2026/07/30 23:29:11.280, 0, NVIDIA GeForce RTX 3080, 6250, 3802, 10240, 97, 98
2026/07/30 23:29:11.391, 0, NVIDIA GeForce RTX 3080, 6250, 3802, 10240, 93, 96
2026/07/30 23:29:11.502, 0, NVIDIA GeForce RTX 3080, 6250, 3802, 10240, 93, 96
2026/07/30 23:29:11.614, 0, NVIDIA GeForce RTX 3080, 6250, 3802, 10240, 93, 96
2026/07/30 23:29:11.726, 0, NVIDIA GeForce RTX 3080, 6250, 3802, 10240, 93, 96
2026/07/30 23:29:11.838, 0, NVIDIA GeForce RTX 3080, 6250, 3802, 10240, 95, 98
2026/07/30 23:29:11.950, 0, NVIDIA GeForce RTX 3080, 6250, 3802, 10240, 95, 98
2026/07/30 23:29:12.062, 0, NVIDIA GeForce RTX 3080, 6250, 3802, 10240, 95, 98
2026/07/30 23:29:12.172, 0, NVIDIA GeForce RTX 3080, 6250, 3802, 10240, 95, 98
2026/07/30 23:29:12.284, 0, NVIDIA GeForce RTX 3080, 6250, 3802, 10240, 96, 98
2026/07/30 23:29:12.396, 0, NVIDIA GeForce RTX 3080, 6250, 3802, 10240, 96, 98
2026/07/30 23:29:12.504, 0, NVIDIA GeForce RTX 3080, 6250, 3802, 10240, 96, 98
2026/07/30 23:29:12.614, 0, NVIDIA GeForce RTX 3080, 6250, 3802, 10240, 96, 98
2026/07/30 23:29:12.723, 0, NVIDIA GeForce RTX 3080, 6250, 3802, 10240, 96, 98
2026/07/30 23:29:12.833, 0, NVIDIA GeForce RTX 3080, 6250, 3802, 10240, 96, 98
2026/07/30 23:29:12.944, 0, NVIDIA GeForce RTX 3080, 6250, 3802, 10240, 96, 98
2026/07/30 23:29:13.056, 0, NVIDIA GeForce RTX 3080, 6250, 3802, 10240, 96, 98
2026/07/30 23:29:13.167, 0, NVIDIA GeForce RTX 3080, 6250, 3802, 10240, 96, 98
2026/07/30 23:29:13.278, 0, NVIDIA GeForce RTX 3080, 6250, 3802, 10240, 96, 98
2026/07/30 23:29:13.388, 0, NVIDIA GeForce RTX 3080, 6250, 3802, 10240, 94, 96
2026/07/30 23:29:13.500, 0, NVIDIA GeForce RTX 3080, 6250, 3802, 10240, 94, 96
2026/07/30 23:29:13.611, 0, NVIDIA GeForce RTX 3080, 6250, 3802, 10240, 94, 96
2026/07/30 23:29:13.722, 0, NVIDIA GeForce RTX 3080, 6250, 3802, 10240, 94, 96
2026/07/30 23:29:13.834, 0, NVIDIA GeForce RTX 3080, 6250, 3802, 10240, 97, 98
2026/07/30 23:29:13.945, 0, NVIDIA GeForce RTX 3080, 6250, 3802, 10240, 97, 98
2026/07/30 23:29:14.057, 0, NVIDIA GeForce RTX 3080, 6250, 3802, 10240, 97, 98
2026/07/30 23:29:14.169, 0, NVIDIA GeForce RTX 3080, 6250, 3802, 10240, 97, 98
2026/07/30 23:29:14.281, 0, NVIDIA GeForce RTX 3080, 6250, 3802, 10240, 97, 98
2026/07/30 23:29:14.393, 0, NVIDIA GeForce RTX 3080, 6250, 3802, 10240, 97, 98
2026/07/30 23:29:14.505, 0, NVIDIA GeForce RTX 3080, 6250, 3802, 10240, 97, 98
2026/07/30 23:29:14.617, 0, NVIDIA GeForce RTX 3080, 6250, 3802, 10240, 97, 98
2026/07/30 23:29:14.729, 0, NVIDIA GeForce RTX 3080, 6250, 3802, 10240, 97, 98
2026/07/30 23:29:14.841, 0, NVIDIA GeForce RTX 3080, 6250, 3802, 10240, 97, 97
2026/07/30 23:29:14.953, 0, NVIDIA GeForce RTX 3080, 6250, 3802, 10240, 97, 97
2026/07/30 23:29:15.064, 0, NVIDIA GeForce RTX 3080, 6250, 3802, 10240, 97, 97
2026/07/30 23:29:15.177, 0, NVIDIA GeForce RTX 3080, 6250, 3802, 10240, 97, 97
2026/07/30 23:29:15.289, 0, NVIDIA GeForce RTX 3080, 6250, 3802, 10240, 97, 98
2026/07/30 23:29:15.401, 0, NVIDIA GeForce RTX 3080, 6250, 3802, 10240, 97, 98
2026/07/30 23:29:15.513, 0, NVIDIA GeForce RTX 3080, 6250, 3802, 10240, 97, 98
2026/07/30 23:29:15.625, 0, NVIDIA GeForce RTX 3080, 6250, 3802, 10240, 97, 98
2026/07/30 23:29:15.737, 0, NVIDIA GeForce RTX 3080, 6250, 3802, 10240, 97, 98
2026/07/30 23:29:15.849, 0, NVIDIA GeForce RTX 3080, 6250, 3802, 10240, 95, 98
2026/07/30 23:29:15.960, 0, NVIDIA GeForce RTX 3080, 6250, 3802, 10240, 95, 98
2026/07/30 23:29:16.072, 0, NVIDIA GeForce RTX 3080, 6250, 3802, 10240, 95, 98
2026/07/30 23:29:16.183, 0, NVIDIA GeForce RTX 3080, 6250, 3802, 10240, 95, 98
2026/07/30 23:29:16.294, 0, NVIDIA GeForce RTX 3080, 6250, 3802, 10240, 94, 97
2026/07/30 23:29:16.406, 0, NVIDIA GeForce RTX 3080, 6250, 3802, 10240, 94, 97
2026/07/30 23:29:16.516, 0, NVIDIA GeForce RTX 3080, 6250, 3802, 10240, 94, 97
2026/07/30 23:29:16.628, 0, NVIDIA GeForce RTX 3080, 6250, 3802, 10240, 94, 97
2026/07/30 23:29:16.739, 0, NVIDIA GeForce RTX 3080, 6250, 3802, 10240, 94, 97
2026/07/30 23:29:16.851, 0, NVIDIA GeForce RTX 3080, 6250, 3802, 10240, 95, 98
2026/07/30 23:29:16.962, 0, NVIDIA GeForce RTX 3080, 6250, 3802, 10240, 95, 98
2026/07/30 23:29:17.073, 0, NVIDIA GeForce RTX 3080, 6250, 3802, 10240, 95, 98
2026/07/30 23:29:17.185, 0, NVIDIA GeForce RTX 3080, 6250, 3802, 10240, 95, 98
2026/07/30 23:29:17.297, 0, NVIDIA GeForce RTX 3080, 6250, 3802, 10240, 95, 98
2026/07/30 23:29:17.408, 0, NVIDIA GeForce RTX 3080, 6250, 3802, 10240, 95, 98
2026/07/30 23:29:17.517, 0, NVIDIA GeForce RTX 3080, 6250, 3802, 10240, 95, 98
2026/07/30 23:29:17.627, 0, NVIDIA GeForce RTX 3080, 6250, 3802, 10240, 95, 98
2026/07/30 23:29:17.736, 0, NVIDIA GeForce RTX 3080, 6250, 3802, 10240, 95, 98
2026/07/30 23:29:17.847, 0, NVIDIA GeForce RTX 3080, 6250, 3802, 10240, 97, 98
2026/07/30 23:29:17.959, 0, NVIDIA GeForce RTX 3080, 6250, 3802, 10240, 97, 98
2026/07/30 23:29:18.071, 0, NVIDIA GeForce RTX 3080, 6250, 3802, 10240, 97, 98
2026/07/30 23:29:18.183, 0, NVIDIA GeForce RTX 3080, 6250, 3802, 10240, 97, 98
2026/07/30 23:29:18.295, 0, NVIDIA GeForce RTX 3080, 6250, 3802, 10240, 96, 97
2026/07/30 23:29:18.407, 0, NVIDIA GeForce RTX 3080, 6250, 3802, 10240, 96, 97
2026/07/30 23:29:18.517, 0, NVIDIA GeForce RTX 3080, 6250, 3802, 10240, 96, 97
2026/07/30 23:29:18.629, 0, NVIDIA GeForce RTX 3080, 6250, 3802, 10240, 96, 97
2026/07/30 23:29:18.740, 0, NVIDIA GeForce RTX 3080, 6250, 3802, 10240, 96, 97
2026/07/30 23:29:18.852, 0, NVIDIA GeForce RTX 3080, 6250, 3802, 10240, 97, 98
2026/07/30 23:29:18.964, 0, NVIDIA GeForce RTX 3080, 6250, 3802, 10240, 97, 98
2026/07/30 23:29:19.076, 0, NVIDIA GeForce RTX 3080, 6250, 3802, 10240, 97, 98
2026/07/30 23:29:19.188, 0, NVIDIA GeForce RTX 3080, 6250, 3802, 10240, 97, 98
2026/07/30 23:29:19.300, 0, NVIDIA GeForce RTX 3080, 6250, 3802, 10240, 97, 98
2026/07/30 23:29:19.411, 0, NVIDIA GeForce RTX 3080, 6250, 3802, 10240, 97, 98
2026/07/30 23:29:19.521, 0, NVIDIA GeForce RTX 3080, 6250, 3802, 10240, 97, 98
2026/07/30 23:29:19.632, 0, NVIDIA GeForce RTX 3080, 6250, 3802, 10240, 97, 98
2026/07/30 23:29:19.744, 0, NVIDIA GeForce RTX 3080, 6250, 3802, 10240, 97, 98
2026/07/30 23:29:19.856, 0, NVIDIA GeForce RTX 3080, 6250, 3802, 10240, 97, 97
2026/07/30 23:29:19.967, 0, NVIDIA GeForce RTX 3080, 6250, 3802, 10240, 97, 97
2026/07/30 23:29:20.077, 0, NVIDIA GeForce RTX 3080, 6250, 3802, 10240, 97, 97
2026/07/30 23:29:20.187, 0, NVIDIA GeForce RTX 3080, 6250, 3802, 10240, 97, 97
2026/07/30 23:29:20.298, 0, NVIDIA GeForce RTX 3080, 6250, 3802, 10240, 98, 98
2026/07/30 23:29:20.410, 0, NVIDIA GeForce RTX 3080, 6250, 3802, 10240, 98, 98
2026/07/30 23:29:20.522, 0, NVIDIA GeForce RTX 3080, 6250, 3802, 10240, 98, 98
2026/07/30 23:29:20.633, 0, NVIDIA GeForce RTX 3080, 6250, 3802, 10240, 98, 98
2026/07/30 23:29:20.745, 0, NVIDIA GeForce RTX 3080, 6250, 3802, 10240, 98, 98
2026/07/30 23:29:20.857, 0, NVIDIA GeForce RTX 3080, 6250, 3802, 10240, 98, 98
2026/07/30 23:29:20.969, 0, NVIDIA GeForce RTX 3080, 6250, 3802, 10240, 98, 98
2026/07/30 23:29:21.082, 0, NVIDIA GeForce RTX 3080, 6250, 3802, 10240, 98, 98
2026/07/30 23:29:21.194, 0, NVIDIA GeForce RTX 3080, 6250, 3802, 10240, 98, 98
2026/07/30 23:29:21.306, 0, NVIDIA GeForce RTX 3080, 6250, 3802, 10240, 94, 96
2026/07/30 23:29:21.418, 0, NVIDIA GeForce RTX 3080, 6250, 3802, 10240, 94, 96
2026/07/30 23:29:21.530, 0, NVIDIA GeForce RTX 3080, 6250, 3802, 10240, 94, 96
2026/07/30 23:29:21.642, 0, NVIDIA GeForce RTX 3080, 6250, 3802, 10240, 94, 96
2026/07/30 23:29:21.754, 0, NVIDIA GeForce RTX 3080, 6250, 3802, 10240, 94, 96
2026/07/30 23:29:21.866, 0, NVIDIA GeForce RTX 3080, 6250, 3802, 10240, 96, 98
2026/07/30 23:29:21.978, 0, NVIDIA GeForce RTX 3080, 6250, 3802, 10240, 96, 98
2026/07/30 23:29:22.090, 0, NVIDIA GeForce RTX 3080, 6250, 3802, 10240, 96, 98
2026/07/30 23:29:22.202, 0, NVIDIA GeForce RTX 3080, 6250, 3802, 10240, 96, 98
2026/07/30 23:29:22.313, 0, NVIDIA GeForce RTX 3080, 6250, 3802, 10240, 95, 98
2026/07/30 23:29:22.424, 0, NVIDIA GeForce RTX 3080, 6250, 3802, 10240, 95, 98
2026/07/30 23:29:22.535, 0, NVIDIA GeForce RTX 3080, 6250, 3802, 10240, 95, 98
2026/07/30 23:29:22.647, 0, NVIDIA GeForce RTX 3080, 6250, 3802, 10240, 95, 98
2026/07/30 23:29:22.758, 0, NVIDIA GeForce RTX 3080, 6250, 3802, 10240, 95, 98
2026/07/30 23:29:22.870, 0, NVIDIA GeForce RTX 3080, 6250, 3802, 10240, 95, 97
2026/07/30 23:29:22.982, 0, NVIDIA GeForce RTX 3080, 6250, 3802, 10240, 95, 97
2026/07/30 23:29:23.094, 0, NVIDIA GeForce RTX 3080, 6250, 3802, 10240, 95, 97
2026/07/30 23:29:23.206, 0, NVIDIA GeForce RTX 3080, 6250, 3802, 10240, 95, 97
2026/07/30 23:29:23.318, 0, NVIDIA GeForce RTX 3080, 6250, 3802, 10240, 95, 96
2026/07/30 23:29:23.430, 0, NVIDIA GeForce RTX 3080, 6250, 3802, 10240, 95, 96
2026/07/30 23:29:23.542, 0, NVIDIA GeForce RTX 3080, 6250, 3802, 10240, 95, 96
2026/07/30 23:29:23.654, 0, NVIDIA GeForce RTX 3080, 6250, 3802, 10240, 95, 96
2026/07/30 23:29:23.766, 0, NVIDIA GeForce RTX 3080, 6250, 3802, 10240, 95, 96
2026/07/30 23:29:23.878, 0, NVIDIA GeForce RTX 3080, 6250, 3802, 10240, 97, 98
2026/07/30 23:29:23.990, 0, NVIDIA GeForce RTX 3080, 6250, 3802, 10240, 97, 98
2026/07/30 23:29:24.102, 0, NVIDIA GeForce RTX 3080, 6250, 3802, 10240, 97, 98
2026/07/30 23:29:24.214, 0, NVIDIA GeForce RTX 3080, 6250, 3802, 10240, 97, 98
2026/07/30 23:29:24.326, 0, NVIDIA GeForce RTX 3080, 6250, 3802, 10240, 97, 98
2026/07/30 23:29:24.437, 0, NVIDIA GeForce RTX 3080, 6250, 3802, 10240, 97, 98
2026/07/30 23:29:24.548, 0, NVIDIA GeForce RTX 3080, 6250, 3802, 10240, 97, 98
2026/07/30 23:29:24.660, 0, NVIDIA GeForce RTX 3080, 6250, 3802, 10240, 97, 98
2026/07/30 23:29:24.772, 0, NVIDIA GeForce RTX 3080, 6250, 3802, 10240, 97, 98
2026/07/30 23:29:24.883, 0, NVIDIA GeForce RTX 3080, 6250, 3802, 10240, 97, 98
2026/07/30 23:29:24.994, 0, NVIDIA GeForce RTX 3080, 6250, 3802, 10240, 97, 98
2026/07/30 23:29:25.105, 0, NVIDIA GeForce RTX 3080, 6250, 3802, 10240, 97, 98
2026/07/30 23:29:25.217, 0, NVIDIA GeForce RTX 3080, 6250, 3802, 10240, 97, 98
2026/07/30 23:29:25.329, 0, NVIDIA GeForce RTX 3080, 6250, 3802, 10240, 94, 97
2026/07/30 23:29:25.440, 0, NVIDIA GeForce RTX 3080, 6250, 3802, 10240, 94, 97
2026/07/30 23:29:25.552, 0, NVIDIA GeForce RTX 3080, 6250, 3802, 10240, 94, 97
2026/07/30 23:29:25.664, 0, NVIDIA GeForce RTX 3080, 6250, 3802, 10240, 94, 97
2026/07/30 23:29:25.776, 0, NVIDIA GeForce RTX 3080, 6250, 3802, 10240, 94, 97
2026/07/30 23:29:25.887, 0, NVIDIA GeForce RTX 3080, 6250, 3802, 10240, 96, 98
2026/07/30 23:29:25.999, 0, NVIDIA GeForce RTX 3080, 6250, 3802, 10240, 96, 98
2026/07/30 23:29:26.111, 0, NVIDIA GeForce RTX 3080, 6250, 3802, 10240, 96, 98
2026/07/30 23:29:26.223, 0, NVIDIA GeForce RTX 3080, 6250, 3802, 10240, 96, 98
2026/07/30 23:29:26.334, 0, NVIDIA GeForce RTX 3080, 6250, 3802, 10240, 96, 98
2026/07/30 23:29:26.447, 0, NVIDIA GeForce RTX 3080, 6250, 3802, 10240, 96, 98
2026/07/30 23:29:26.559, 0, NVIDIA GeForce RTX 3080, 6250, 3802, 10240, 96, 98
2026/07/30 23:29:26.671, 0, NVIDIA GeForce RTX 3080, 6250, 3802, 10240, 96, 98
2026/07/30 23:29:26.783, 0, NVIDIA GeForce RTX 3080, 6250, 3802, 10240, 95, 97
2026/07/30 23:29:26.895, 0, NVIDIA GeForce RTX 3080, 6250, 3802, 10240, 95, 97
2026/07/30 23:29:27.007, 0, NVIDIA GeForce RTX 3080, 6250, 3802, 10240, 95, 97
2026/07/30 23:29:27.119, 0, NVIDIA GeForce RTX 3080, 6250, 3802, 10240, 95, 97
2026/07/30 23:29:27.231, 0, NVIDIA GeForce RTX 3080, 6250, 3802, 10240, 95, 97
2026/07/30 23:29:27.343, 0, NVIDIA GeForce RTX 3080, 6250, 3802, 10240, 94, 96
2026/07/30 23:29:27.455, 0, NVIDIA GeForce RTX 3080, 6250, 3802, 10240, 94, 96
2026/07/30 23:29:27.567, 0, NVIDIA GeForce RTX 3080, 6250, 3802, 10240, 94, 96
2026/07/30 23:29:27.678, 0, NVIDIA GeForce RTX 3080, 6250, 3802, 10240, 94, 96
2026/07/30 23:29:27.790, 0, NVIDIA GeForce RTX 3080, 6250, 3802, 10240, 97, 98
2026/07/30 23:29:27.902, 0, NVIDIA GeForce RTX 3080, 6250, 3802, 10240, 97, 98
2026/07/30 23:29:28.014, 0, NVIDIA GeForce RTX 3080, 6250, 3802, 10240, 97, 98
2026/07/30 23:29:28.123, 0, NVIDIA GeForce RTX 3080, 6250, 3802, 10240, 97, 98
2026/07/30 23:29:28.235, 0, NVIDIA GeForce RTX 3080, 6250, 3802, 10240, 97, 98
2026/07/30 23:29:28.347, 0, NVIDIA GeForce RTX 3080, 6250, 3802, 10240, 97, 98
2026/07/30 23:29:28.458, 0, NVIDIA GeForce RTX 3080, 6250, 3802, 10240, 97, 98
2026/07/30 23:29:28.570, 0, NVIDIA GeForce RTX 3080, 6250, 3802, 10240, 97, 98
2026/07/30 23:29:28.681, 0, NVIDIA GeForce RTX 3080, 6250, 3802, 10240, 97, 98
2026/07/30 23:29:28.792, 0, NVIDIA GeForce RTX 3080, 6250, 3802, 10240, 96, 97
2026/07/30 23:29:28.903, 0, NVIDIA GeForce RTX 3080, 6250, 3802, 10240, 96, 97
2026/07/30 23:29:29.014, 0, NVIDIA GeForce RTX 3080, 6250, 3802, 10240, 96, 97
2026/07/30 23:29:29.123, 0, NVIDIA GeForce RTX 3080, 6250, 3802, 10240, 96, 97
2026/07/30 23:29:29.235, 0, NVIDIA GeForce RTX 3080, 6250, 3802, 10240, 96, 97
2026/07/30 23:29:29.347, 0, NVIDIA GeForce RTX 3080, 6250, 3802, 10240, 94, 96
2026/07/30 23:29:29.458, 0, NVIDIA GeForce RTX 3080, 6250, 3802, 10240, 94, 96
2026/07/30 23:29:29.570, 0, NVIDIA GeForce RTX 3080, 6250, 3802, 10240, 94, 96
2026/07/30 23:29:29.682, 0, NVIDIA GeForce RTX 3080, 6250, 3802, 10240, 94, 96
2026/07/30 23:29:29.794, 0, NVIDIA GeForce RTX 3080, 6250, 3802, 10240, 95, 98
2026/07/30 23:29:29.906, 0, NVIDIA GeForce RTX 3080, 6250, 3802, 10240, 95, 98
2026/07/30 23:29:30.018, 0, NVIDIA GeForce RTX 3080, 6250, 3802, 10240, 95, 98
2026/07/30 23:29:30.130, 0, NVIDIA GeForce RTX 3080, 6250, 3802, 10240, 95, 98
2026/07/30 23:29:30.242, 0, NVIDIA GeForce RTX 3080, 6250, 3802, 10240, 95, 98
2026/07/30 23:29:30.354, 0, NVIDIA GeForce RTX 3080, 6250, 3802, 10240, 96, 98
2026/07/30 23:29:30.464, 0, NVIDIA GeForce RTX 3080, 6250, 3802, 10240, 96, 98
2026/07/30 23:29:30.573, 0, NVIDIA GeForce RTX 3080, 6250, 3802, 10240, 96, 98
2026/07/30 23:29:30.683, 0, NVIDIA GeForce RTX 3080, 6250, 3802, 10240, 96, 98
2026/07/30 23:29:30.792, 0, NVIDIA GeForce RTX 3080, 6250, 3802, 10240, 95, 98
2026/07/30 23:29:30.900, 0, NVIDIA GeForce RTX 3080, 6250, 3802, 10240, 95, 98
2026/07/30 23:29:31.010, 0, NVIDIA GeForce RTX 3080, 6250, 3802, 10240, 95, 98
2026/07/30 23:29:31.120, 0, NVIDIA GeForce RTX 3080, 6250, 3802, 10240, 95, 98
2026/07/30 23:29:31.231, 0, NVIDIA GeForce RTX 3080, 6250, 3802, 10240, 95, 98
2026/07/30 23:29:31.343, 0, NVIDIA GeForce RTX 3080, 6250, 3802, 10240, 96, 98
2026/07/30 23:29:31.455, 0, NVIDIA GeForce RTX 3080, 6250, 3802, 10240, 96, 98
2026/07/30 23:29:31.566, 0, NVIDIA GeForce RTX 3080, 6250, 3802, 10240, 96, 98
2026/07/30 23:29:31.678, 0, NVIDIA GeForce RTX 3080, 6250, 3802, 10240, 96, 98
2026/07/30 23:29:31.790, 0, NVIDIA GeForce RTX 3080, 6250, 3802, 10240, 97, 98
2026/07/30 23:29:31.902, 0, NVIDIA GeForce RTX 3080, 6250, 3802, 10240, 97, 98
2026/07/30 23:29:32.014, 0, NVIDIA GeForce RTX 3080, 6250, 3802, 10240, 97, 98
2026/07/30 23:29:32.126, 0, NVIDIA GeForce RTX 3080, 6250, 3802, 10240, 97, 98
2026/07/30 23:29:32.238, 0, NVIDIA GeForce RTX 3080, 6250, 3802, 10240, 97, 98
2026/07/30 23:29:32.350, 0, NVIDIA GeForce RTX 3080, 6250, 3802, 10240, 97, 98
2026/07/30 23:29:32.460, 0, NVIDIA GeForce RTX 3080, 6250, 3802, 10240, 97, 98
2026/07/30 23:29:32.570, 0, NVIDIA GeForce RTX 3080, 6250, 3802, 10240, 97, 98
2026/07/30 23:29:32.679, 0, NVIDIA GeForce RTX 3080, 6250, 3802, 10240, 97, 98
2026/07/30 23:29:32.788, 0, NVIDIA GeForce RTX 3080, 6250, 3802, 10240, 97, 98
2026/07/30 23:29:32.899, 0, NVIDIA GeForce RTX 3080, 6250, 3802, 10240, 97, 98
2026/07/30 23:29:33.011, 0, NVIDIA GeForce RTX 3080, 6250, 3802, 10240, 97, 98
2026/07/30 23:29:33.122, 0, NVIDIA GeForce RTX 3080, 6250, 3802, 10240, 97, 98
2026/07/30 23:29:33.234, 0, NVIDIA GeForce RTX 3080, 6250, 3802, 10240, 97, 98
2026/07/30 23:29:33.346, 0, NVIDIA GeForce RTX 3080, 6250, 3802, 10240, 94, 95
2026/07/30 23:29:33.458, 0, NVIDIA GeForce RTX 3080, 6250, 3802, 10240, 94, 95
2026/07/30 23:29:33.569, 0, NVIDIA GeForce RTX 3080, 6250, 3802, 10240, 94, 95
2026/07/30 23:29:33.679, 0, NVIDIA GeForce RTX 3080, 6250, 3802, 10240, 94, 95
2026/07/30 23:29:33.791, 0, NVIDIA GeForce RTX 3080, 6250, 3802, 10240, 98, 98
2026/07/30 23:29:33.900, 0, NVIDIA GeForce RTX 3080, 6250, 3802, 10240, 98, 98
2026/07/30 23:29:34.010, 0, NVIDIA GeForce RTX 3080, 6250, 3802, 10240, 98, 98
2026/07/30 23:29:34.122, 0, NVIDIA GeForce RTX 3080, 6250, 3802, 10240, 98, 98
2026/07/30 23:29:34.233, 0, NVIDIA GeForce RTX 3080, 6250, 3802, 10240, 98, 98
2026/07/30 23:29:34.345, 0, NVIDIA GeForce RTX 3080, 6250, 3802, 10240, 97, 97
2026/07/30 23:29:34.457, 0, NVIDIA GeForce RTX 3080, 6250, 3802, 10240, 97, 97
2026/07/30 23:29:34.569, 0, NVIDIA GeForce RTX 3080, 6250, 3802, 10240, 97, 97
2026/07/30 23:29:34.681, 0, NVIDIA GeForce RTX 3080, 6250, 3802, 10240, 97, 97
2026/07/30 23:29:34.793, 0, NVIDIA GeForce RTX 3080, 6250, 3802, 10240, 98, 98
2026/07/30 23:29:34.905, 0, NVIDIA GeForce RTX 3080, 6250, 3802, 10240, 98, 98
2026/07/30 23:29:35.017, 0, NVIDIA GeForce RTX 3080, 6250, 3802, 10240, 98, 98
2026/07/30 23:29:35.129, 0, NVIDIA GeForce RTX 3080, 6250, 3802, 10240, 98, 98
2026/07/30 23:29:35.241, 0, NVIDIA GeForce RTX 3080, 6250, 3802, 10240, 98, 98
2026/07/30 23:29:35.353, 0, NVIDIA GeForce RTX 3080, 6250, 3802, 10240, 94, 97
2026/07/30 23:29:35.465, 0, NVIDIA GeForce RTX 3080, 6250, 3802, 10240, 94, 97
2026/07/30 23:29:35.577, 0, NVIDIA GeForce RTX 3080, 6250, 3802, 10240, 94, 97
2026/07/30 23:29:35.688, 0, NVIDIA GeForce RTX 3080, 6250, 3802, 10240, 94, 97
2026/07/30 23:29:35.800, 0, NVIDIA GeForce RTX 3080, 6250, 3802, 10240, 95, 98
2026/07/30 23:29:35.912, 0, NVIDIA GeForce RTX 3080, 6250, 3802, 10240, 95, 98
2026/07/30 23:29:36.024, 0, NVIDIA GeForce RTX 3080, 6250, 3802, 10240, 95, 98
2026/07/30 23:29:36.136, 0, NVIDIA GeForce RTX 3080, 6250, 3802, 10240, 95, 98
2026/07/30 23:29:36.248, 0, NVIDIA GeForce RTX 3080, 6250, 3802, 10240, 95, 98
2026/07/30 23:29:36.360, 0, NVIDIA GeForce RTX 3080, 6250, 3802, 10240, 95, 98
2026/07/30 23:29:36.472, 0, NVIDIA GeForce RTX 3080, 6250, 3802, 10240, 95, 98
2026/07/30 23:29:36.583, 0, NVIDIA GeForce RTX 3080, 6250, 3802, 10240, 95, 98
2026/07/30 23:29:36.693, 0, NVIDIA GeForce RTX 3080, 6250, 3802, 10240, 95, 98
2026/07/30 23:29:36.804, 0, NVIDIA GeForce RTX 3080, 6250, 3802, 10240, 95, 98
2026/07/30 23:29:36.916, 0, NVIDIA GeForce RTX 3080, 6250, 3802, 10240, 95, 98
2026/07/30 23:29:37.028, 0, NVIDIA GeForce RTX 3080, 6250, 3802, 10240, 95, 98
2026/07/30 23:29:37.141, 0, NVIDIA GeForce RTX 3080, 6250, 3802, 10240, 95, 98
2026/07/30 23:29:37.253, 0, NVIDIA GeForce RTX 3080, 6250, 3802, 10240, 95, 98
2026/07/30 23:29:37.365, 0, NVIDIA GeForce RTX 3080, 6250, 3802, 10240, 97, 97
2026/07/30 23:29:37.475, 0, NVIDIA GeForce RTX 3080, 6250, 3802, 10240, 97, 97
2026/07/30 23:29:37.584, 0, NVIDIA GeForce RTX 3080, 6250, 3802, 10240, 97, 97
2026/07/30 23:29:37.694, 0, NVIDIA GeForce RTX 3080, 6250, 3802, 10240, 97, 97
2026/07/30 23:29:37.805, 0, NVIDIA GeForce RTX 3080, 6250, 3802, 10240, 97, 97
2026/07/30 23:29:37.917, 0, NVIDIA GeForce RTX 3080, 6250, 3802, 10240, 97, 97
2026/07/30 23:29:38.028, 0, NVIDIA GeForce RTX 3080, 6250, 3802, 10240, 97, 97
2026/07/30 23:29:38.140, 0, NVIDIA GeForce RTX 3080, 6250, 3802, 10240, 97, 97
2026/07/30 23:29:38.251, 0, NVIDIA GeForce RTX 3080, 6250, 3802, 10240, 97, 97
2026/07/30 23:29:38.363, 0, NVIDIA GeForce RTX 3080, 6250, 3802, 10240, 97, 98
2026/07/30 23:29:38.474, 0, NVIDIA GeForce RTX 3080, 6250, 3802, 10240, 97, 98
2026/07/30 23:29:38.585, 0, NVIDIA GeForce RTX 3080, 6250, 3802, 10240, 97, 98
2026/07/30 23:29:38.697, 0, NVIDIA GeForce RTX 3080, 6250, 3802, 10240, 97, 98
2026/07/30 23:29:38.808, 0, NVIDIA GeForce RTX 3080, 6250, 3802, 10240, 97, 98
2026/07/30 23:29:38.920, 0, NVIDIA GeForce RTX 3080, 6250, 3802, 10240, 97, 98
2026/07/30 23:29:39.030, 0, NVIDIA GeForce RTX 3080, 6250, 3802, 10240, 97, 98
2026/07/30 23:29:39.142, 0, NVIDIA GeForce RTX 3080, 6250, 3802, 10240, 97, 98
2026/07/30 23:29:39.252, 0, NVIDIA GeForce RTX 3080, 6250, 3802, 10240, 97, 98
2026/07/30 23:29:39.364, 0, NVIDIA GeForce RTX 3080, 6250, 3802, 10240, 96, 98
2026/07/30 23:29:39.475, 0, NVIDIA GeForce RTX 3080, 6250, 3802, 10240, 96, 98
2026/07/30 23:29:39.587, 0, NVIDIA GeForce RTX 3080, 6250, 3802, 10240, 96, 98
2026/07/30 23:29:39.699, 0, NVIDIA GeForce RTX 3080, 6250, 3802, 10240, 96, 98
2026/07/30 23:29:39.810, 0, NVIDIA GeForce RTX 3080, 6250, 3802, 10240, 95, 98
2026/07/30 23:29:39.922, 0, NVIDIA GeForce RTX 3080, 6250, 3802, 10240, 95, 98
2026/07/30 23:29:40.034, 0, NVIDIA GeForce RTX 3080, 6250, 3802, 10240, 95, 98
2026/07/30 23:29:40.146, 0, NVIDIA GeForce RTX 3080, 6250, 3802, 10240, 95, 98
2026/07/30 23:29:40.258, 0, NVIDIA GeForce RTX 3080, 6250, 3802, 10240, 95, 98
2026/07/30 23:29:40.370, 0, NVIDIA GeForce RTX 3080, 6250, 3802, 10240, 96, 98
2026/07/30 23:29:40.482, 0, NVIDIA GeForce RTX 3080, 6250, 3802, 10240, 96, 98
2026/07/30 23:29:40.594, 0, NVIDIA GeForce RTX 3080, 6250, 3802, 10240, 96, 98
2026/07/30 23:29:40.706, 0, NVIDIA GeForce RTX 3080, 6250, 3802, 10240, 96, 98
2026/07/30 23:29:40.818, 0, NVIDIA GeForce RTX 3080, 6250, 3802, 10240, 95, 98
2026/07/30 23:29:40.929, 0, NVIDIA GeForce RTX 3080, 6250, 3802, 10240, 95, 98
2026/07/30 23:29:41.040, 0, NVIDIA GeForce RTX 3080, 6250, 3802, 10240, 95, 98
2026/07/30 23:29:41.149, 0, NVIDIA GeForce RTX 3080, 6250, 3802, 10240, 95, 98
2026/07/30 23:29:41.258, 0, NVIDIA GeForce RTX 3080, 6250, 3802, 10240, 95, 98
2026/07/30 23:29:41.370, 0, NVIDIA GeForce RTX 3080, 6250, 3802, 10240, 97, 98
2026/07/30 23:29:41.482, 0, NVIDIA GeForce RTX 3080, 6250, 3802, 10240, 97, 98
2026/07/30 23:29:41.594, 0, NVIDIA GeForce RTX 3080, 6250, 3802, 10240, 97, 98
2026/07/30 23:29:41.706, 0, NVIDIA GeForce RTX 3080, 6250, 3802, 10240, 97, 98
2026/07/30 23:29:41.818, 0, NVIDIA GeForce RTX 3080, 6250, 3802, 10240, 97, 98
2026/07/30 23:29:41.930, 0, NVIDIA GeForce RTX 3080, 6250, 3802, 10240, 97, 98
2026/07/30 23:29:42.042, 0, NVIDIA GeForce RTX 3080, 6250, 3802, 10240, 97, 98
2026/07/30 23:29:42.154, 0, NVIDIA GeForce RTX 3080, 6250, 3802, 10240, 97, 98
2026/07/30 23:29:42.266, 0, NVIDIA GeForce RTX 3080, 6250, 3802, 10240, 97, 98
2026/07/30 23:29:42.378, 0, NVIDIA GeForce RTX 3080, 6250, 3802, 10240, 96, 97
2026/07/30 23:29:42.490, 0, NVIDIA GeForce RTX 3080, 6250, 3802, 10240, 96, 97
2026/07/30 23:29:42.602, 0, NVIDIA GeForce RTX 3080, 6250, 3802, 10240, 96, 97
2026/07/30 23:29:42.714, 0, NVIDIA GeForce RTX 3080, 6250, 3802, 10240, 96, 97
2026/07/30 23:29:42.826, 0, NVIDIA GeForce RTX 3080, 6250, 3802, 10240, 96, 97
2026/07/30 23:29:42.938, 0, NVIDIA GeForce RTX 3080, 6250, 3802, 10240, 96, 97
2026/07/30 23:29:43.050, 0, NVIDIA GeForce RTX 3080, 6250, 3802, 10240, 96, 97
2026/07/30 23:29:43.162, 0, NVIDIA GeForce RTX 3080, 6250, 3802, 10240, 96, 97
2026/07/30 23:29:43.274, 0, NVIDIA GeForce RTX 3080, 6250, 3802, 10240, 96, 97
2026/07/30 23:29:43.386, 0, NVIDIA GeForce RTX 3080, 6250, 3802, 10240, 94, 96
2026/07/30 23:29:43.498, 0, NVIDIA GeForce RTX 3080, 6250, 3802, 10240, 94, 96
2026/07/30 23:29:43.610, 0, NVIDIA GeForce RTX 3080, 6250, 3802, 10240, 94, 96
2026/07/30 23:29:43.722, 0, NVIDIA GeForce RTX 3080, 6250, 3802, 10240, 94, 96
2026/07/30 23:29:43.834, 0, NVIDIA GeForce RTX 3080, 6250, 3802, 10240, 95, 98
2026/07/30 23:29:43.946, 0, NVIDIA GeForce RTX 3080, 6250, 3802, 10240, 95, 98
2026/07/30 23:29:44.058, 0, NVIDIA GeForce RTX 3080, 6250, 3802, 10240, 95, 98
2026/07/30 23:29:44.171, 0, NVIDIA GeForce RTX 3080, 6250, 3802, 10240, 95, 98
2026/07/30 23:29:44.282, 0, NVIDIA GeForce RTX 3080, 6250, 3802, 10240, 95, 98
2026/07/30 23:29:44.393, 0, NVIDIA GeForce RTX 3080, 6250, 3802, 10240, 95, 98
2026/07/30 23:29:44.504, 0, NVIDIA GeForce RTX 3080, 6250, 3802, 10240, 95, 98
2026/07/30 23:29:44.616, 0, NVIDIA GeForce RTX 3080, 6250, 3802, 10240, 95, 98
2026/07/30 23:29:44.728, 0, NVIDIA GeForce RTX 3080, 6250, 3802, 10240, 95, 98
2026/07/30 23:29:44.839, 0, NVIDIA GeForce RTX 3080, 6250, 3802, 10240, 95, 97
2026/07/30 23:29:44.951, 0, NVIDIA GeForce RTX 3080, 6250, 3802, 10240, 95, 97
2026/07/30 23:29:45.063, 0, NVIDIA GeForce RTX 3080, 6250, 3802, 10240, 95, 97
2026/07/30 23:29:45.175, 0, NVIDIA GeForce RTX 3080, 6250, 3802, 10240, 95, 97
2026/07/30 23:29:45.287, 0, NVIDIA GeForce RTX 3080, 6250, 3802, 10240, 95, 98
2026/07/30 23:29:45.399, 0, NVIDIA GeForce RTX 3080, 6250, 3802, 10240, 95, 98
2026/07/30 23:29:45.509, 0, NVIDIA GeForce RTX 3080, 6250, 3802, 10240, 95, 98
2026/07/30 23:29:45.617, 0, NVIDIA GeForce RTX 3080, 6250, 3802, 10240, 95, 98
2026/07/30 23:29:45.726, 0, NVIDIA GeForce RTX 3080, 6250, 3802, 10240, 95, 98
2026/07/30 23:29:45.835, 0, NVIDIA GeForce RTX 3080, 6250, 3802, 10240, 96, 98
2026/07/30 23:29:45.945, 0, NVIDIA GeForce RTX 3080, 6250, 3802, 10240, 96, 98
2026/07/30 23:29:46.053, 0, NVIDIA GeForce RTX 3080, 6250, 3802, 10240, 96, 98
2026/07/30 23:29:46.165, 0, NVIDIA GeForce RTX 3080, 6250, 3802, 10240, 96, 98
2026/07/30 23:29:46.276, 0, NVIDIA GeForce RTX 3080, 6250, 3802, 10240, 96, 98
2026/07/30 23:29:46.388, 0, NVIDIA GeForce RTX 3080, 6250, 3802, 10240, 97, 98
2026/07/30 23:29:46.500, 0, NVIDIA GeForce RTX 3080, 6250, 3802, 10240, 97, 98
2026/07/30 23:29:46.612, 0, NVIDIA GeForce RTX 3080, 6250, 3802, 10240, 97, 98
2026/07/30 23:29:46.724, 0, NVIDIA GeForce RTX 3080, 6250, 3802, 10240, 97, 98
2026/07/30 23:29:46.836, 0, NVIDIA GeForce RTX 3080, 6250, 3802, 10240, 96, 98
2026/07/30 23:29:46.947, 0, NVIDIA GeForce RTX 3080, 6250, 3802, 10240, 96, 98
2026/07/30 23:29:47.059, 0, NVIDIA GeForce RTX 3080, 6250, 3802, 10240, 96, 98
2026/07/30 23:29:47.171, 0, NVIDIA GeForce RTX 3080, 6250, 3802, 10240, 96, 98
2026/07/30 23:29:47.281, 0, NVIDIA GeForce RTX 3080, 6250, 3802, 10240, 96, 98
2026/07/30 23:29:47.393, 0, NVIDIA GeForce RTX 3080, 6250, 3802, 10240, 95, 96
2026/07/30 23:29:47.505, 0, NVIDIA GeForce RTX 3080, 6250, 3802, 10240, 95, 96
2026/07/30 23:29:47.617, 0, NVIDIA GeForce RTX 3080, 6250, 3802, 10240, 95, 96
2026/07/30 23:29:47.729, 0, NVIDIA GeForce RTX 3080, 6250, 3802, 10240, 95, 96
2026/07/30 23:29:47.840, 0, NVIDIA GeForce RTX 3080, 6250, 3802, 10240, 98, 98
2026/07/30 23:29:47.952, 0, NVIDIA GeForce RTX 3080, 6250, 3802, 10240, 98, 98
2026/07/30 23:29:48.064, 0, NVIDIA GeForce RTX 3080, 6250, 3802, 10240, 98, 98
2026/07/30 23:29:48.176, 0, NVIDIA GeForce RTX 3080, 6250, 3802, 10240, 98, 98
2026/07/30 23:29:48.288, 0, NVIDIA GeForce RTX 3080, 6250, 3802, 10240, 98, 98
2026/07/30 23:29:48.399, 0, NVIDIA GeForce RTX 3080, 6250, 3802, 10240, 98, 98
2026/07/30 23:29:48.510, 0, NVIDIA GeForce RTX 3080, 6250, 3802, 10240, 98, 98
2026/07/30 23:29:48.622, 0, NVIDIA GeForce RTX 3080, 6250, 3802, 10240, 98, 98
2026/07/30 23:29:48.734, 0, NVIDIA GeForce RTX 3080, 6250, 3802, 10240, 98, 98
2026/07/30 23:29:48.845, 0, NVIDIA GeForce RTX 3080, 6250, 3802, 10240, 98, 98
2026/07/30 23:29:48.956, 0, NVIDIA GeForce RTX 3080, 6250, 3802, 10240, 98, 98
2026/07/30 23:29:49.067, 0, NVIDIA GeForce RTX 3080, 6250, 3802, 10240, 98, 98
2026/07/30 23:29:49.178, 0, NVIDIA GeForce RTX 3080, 6250, 3802, 10240, 98, 98
2026/07/30 23:29:49.290, 0, NVIDIA GeForce RTX 3080, 6250, 3802, 10240, 96, 98
2026/07/30 23:29:49.402, 0, NVIDIA GeForce RTX 3080, 6250, 3802, 10240, 96, 98
2026/07/30 23:29:49.514, 0, NVIDIA GeForce RTX 3080, 6250, 3802, 10240, 96, 98
2026/07/30 23:29:49.626, 0, NVIDIA GeForce RTX 3080, 6250, 3802, 10240, 96, 98
2026/07/30 23:29:49.737, 0, NVIDIA GeForce RTX 3080, 6250, 3802, 10240, 96, 98
2026/07/30 23:29:49.849, 0, NVIDIA GeForce RTX 3080, 6250, 3802, 10240, 95, 98
2026/07/30 23:29:49.961, 0, NVIDIA GeForce RTX 3080, 6250, 3802, 10240, 95, 98
2026/07/30 23:29:50.073, 0, NVIDIA GeForce RTX 3080, 6250, 3802, 10240, 95, 98
2026/07/30 23:29:50.185, 0, NVIDIA GeForce RTX 3080, 6250, 3802, 10240, 95, 98
2026/07/30 23:29:50.297, 0, NVIDIA GeForce RTX 3080, 6250, 3802, 10240, 94, 97
2026/07/30 23:29:50.409, 0, NVIDIA GeForce RTX 3080, 6250, 3802, 10240, 94, 97
2026/07/30 23:29:50.519, 0, NVIDIA GeForce RTX 3080, 6250, 3802, 10240, 94, 97
2026/07/30 23:29:50.629, 0, NVIDIA GeForce RTX 3080, 6250, 3802, 10240, 94, 97
2026/07/30 23:29:50.739, 0, NVIDIA GeForce RTX 3080, 6250, 3802, 10240, 94, 97
2026/07/30 23:29:50.846, 0, NVIDIA GeForce RTX 3080, 6250, 3802, 10240, 95, 98
2026/07/30 23:29:50.956, 0, NVIDIA GeForce RTX 3080, 6250, 3802, 10240, 95, 98
2026/07/30 23:29:51.065, 0, NVIDIA GeForce RTX 3080, 6250, 3802, 10240, 95, 98
2026/07/30 23:29:51.177, 0, NVIDIA GeForce RTX 3080, 6250, 3802, 10240, 95, 98
2026/07/30 23:29:51.288, 0, NVIDIA GeForce RTX 3080, 6250, 3802, 10240, 97, 98
2026/07/30 23:29:51.400, 0, NVIDIA GeForce RTX 3080, 6250, 3802, 10240, 97, 98
2026/07/30 23:29:51.511, 0, NVIDIA GeForce RTX 3080, 6250, 3802, 10240, 97, 98
2026/07/30 23:29:51.623, 0, NVIDIA GeForce RTX 3080, 6250, 3802, 10240, 97, 98
2026/07/30 23:29:51.735, 0, NVIDIA GeForce RTX 3080, 6250, 3802, 10240, 97, 98
2026/07/30 23:29:51.847, 0, NVIDIA GeForce RTX 3080, 6250, 3802, 10240, 97, 98
2026/07/30 23:29:51.959, 0, NVIDIA GeForce RTX 3080, 6250, 3802, 10240, 97, 98
2026/07/30 23:29:52.071, 0, NVIDIA GeForce RTX 3080, 6250, 3802, 10240, 97, 98
2026/07/30 23:29:52.183, 0, NVIDIA GeForce RTX 3080, 6250, 3802, 10240, 97, 98
2026/07/30 23:29:52.294, 0, NVIDIA GeForce RTX 3080, 6250, 3802, 10240, 96, 97
2026/07/30 23:29:52.406, 0, NVIDIA GeForce RTX 3080, 6250, 3802, 10240, 96, 97
2026/07/30 23:29:52.515, 0, NVIDIA GeForce RTX 3080, 6250, 3802, 10240, 96, 97
2026/07/30 23:29:52.625, 0, NVIDIA GeForce RTX 3080, 6250, 3802, 10240, 96, 97
2026/07/30 23:29:52.733, 0, NVIDIA GeForce RTX 3080, 6250, 3802, 10240, 96, 97
2026/07/30 23:29:52.844, 0, NVIDIA GeForce RTX 3080, 6250, 3802, 10240, 97, 97
2026/07/30 23:29:52.956, 0, NVIDIA GeForce RTX 3080, 6250, 3802, 10240, 97, 97
2026/07/30 23:29:53.067, 0, NVIDIA GeForce RTX 3080, 6250, 3802, 10240, 97, 97
2026/07/30 23:29:53.178, 0, NVIDIA GeForce RTX 3080, 6250, 3802, 10240, 97, 97
2026/07/30 23:29:53.289, 0, NVIDIA GeForce RTX 3080, 6250, 3802, 10240, 96, 98
2026/07/30 23:29:53.401, 0, NVIDIA GeForce RTX 3080, 6250, 3802, 10240, 96, 98
2026/07/30 23:29:53.513, 0, NVIDIA GeForce RTX 3080, 6250, 3802, 10240, 96, 98
2026/07/30 23:29:53.624, 0, NVIDIA GeForce RTX 3080, 6250, 3802, 10240, 96, 98
2026/07/30 23:29:53.734, 0, NVIDIA GeForce RTX 3080, 6250, 3802, 10240, 96, 98
2026/07/30 23:29:53.844, 0, NVIDIA GeForce RTX 3080, 6250, 3802, 10240, 95, 98
2026/07/30 23:29:53.957, 0, NVIDIA GeForce RTX 3080, 6250, 3802, 10240, 95, 98
2026/07/30 23:29:54.069, 0, NVIDIA GeForce RTX 3080, 6250, 3802, 10240, 95, 98
2026/07/30 23:29:54.180, 0, NVIDIA GeForce RTX 3080, 6250, 3802, 10240, 95, 98
2026/07/30 23:29:54.292, 0, NVIDIA GeForce RTX 3080, 6250, 3802, 10240, 96, 98
2026/07/30 23:29:54.404, 0, NVIDIA GeForce RTX 3080, 6250, 3802, 10240, 96, 98
2026/07/30 23:29:54.516, 0, NVIDIA GeForce RTX 3080, 6250, 3802, 10240, 96, 98
2026/07/30 23:29:54.628, 0, NVIDIA GeForce RTX 3080, 6250, 3802, 10240, 96, 98
2026/07/30 23:29:54.740, 0, NVIDIA GeForce RTX 3080, 6250, 3802, 10240, 96, 98
2026/07/30 23:29:54.851, 0, NVIDIA GeForce RTX 3080, 6250, 3802, 10240, 95, 98
2026/07/30 23:29:54.963, 0, NVIDIA GeForce RTX 3080, 6250, 3802, 10240, 95, 98
2026/07/30 23:29:55.075, 0, NVIDIA GeForce RTX 3080, 6250, 3802, 10240, 95, 98
2026/07/30 23:29:55.186, 0, NVIDIA GeForce RTX 3080, 6250, 3802, 10240, 95, 98
2026/07/30 23:29:55.298, 0, NVIDIA GeForce RTX 3080, 6250, 3802, 10240, 97, 98
2026/07/30 23:29:55.410, 0, NVIDIA GeForce RTX 3080, 6250, 3802, 10240, 97, 98
2026/07/30 23:29:55.522, 0, NVIDIA GeForce RTX 3080, 6250, 3802, 10240, 97, 98
2026/07/30 23:29:55.634, 0, NVIDIA GeForce RTX 3080, 6250, 3802, 10240, 97, 98
2026/07/30 23:29:55.745, 0, NVIDIA GeForce RTX 3080, 6250, 3802, 10240, 97, 98
2026/07/30 23:29:55.857, 0, NVIDIA GeForce RTX 3080, 6250, 3802, 10240, 97, 98
2026/07/30 23:29:55.969, 0, NVIDIA GeForce RTX 3080, 6250, 3802, 10240, 97, 98
2026/07/30 23:29:56.081, 0, NVIDIA GeForce RTX 3080, 6250, 3802, 10240, 97, 98
2026/07/30 23:29:56.193, 0, NVIDIA GeForce RTX 3080, 6250, 3802, 10240, 97, 98
2026/07/30 23:29:56.304, 0, NVIDIA GeForce RTX 3080, 6250, 3802, 10240, 97, 98
2026/07/30 23:29:56.416, 0, NVIDIA GeForce RTX 3080, 6250, 3802, 10240, 97, 98
2026/07/30 23:29:56.528, 0, NVIDIA GeForce RTX 3080, 6250, 3802, 10240, 97, 98
2026/07/30 23:29:56.640, 0, NVIDIA GeForce RTX 3080, 6250, 3802, 10240, 97, 98
2026/07/30 23:29:56.753, 0, NVIDIA GeForce RTX 3080, 6250, 3802, 10240, 97, 98
2026/07/30 23:29:56.864, 0, NVIDIA GeForce RTX 3080, 6250, 3802, 10240, 97, 98
2026/07/30 23:29:56.976, 0, NVIDIA GeForce RTX 3080, 6250, 3802, 10240, 97, 98
2026/07/30 23:29:57.088, 0, NVIDIA GeForce RTX 3080, 6250, 3802, 10240, 97, 98
2026/07/30 23:29:57.200, 0, NVIDIA GeForce RTX 3080, 6250, 3802, 10240, 97, 98
2026/07/30 23:29:57.312, 0, NVIDIA GeForce RTX 3080, 6250, 3802, 10240, 93, 96
2026/07/30 23:29:57.424, 0, NVIDIA GeForce RTX 3080, 6250, 3802, 10240, 93, 96
2026/07/30 23:29:57.533, 0, NVIDIA GeForce RTX 3080, 6250, 3802, 10240, 93, 96
2026/07/30 23:29:57.643, 0, NVIDIA GeForce RTX 3080, 6250, 3802, 10240, 93, 96
2026/07/30 23:29:57.753, 0, NVIDIA GeForce RTX 3080, 6250, 3802, 10240, 93, 96
2026/07/30 23:29:57.863, 0, NVIDIA GeForce RTX 3080, 6250, 3802, 10240, 95, 98
2026/07/30 23:29:57.975, 0, NVIDIA GeForce RTX 3080, 6250, 3802, 10240, 95, 98
2026/07/30 23:29:58.086, 0, NVIDIA GeForce RTX 3080, 6250, 3802, 10240, 95, 98
2026/07/30 23:29:58.198, 0, NVIDIA GeForce RTX 3080, 6250, 3802, 10240, 95, 98
2026/07/30 23:29:58.309, 0, NVIDIA GeForce RTX 3080, 6250, 3802, 10240, 94, 97
2026/07/30 23:29:58.421, 0, NVIDIA GeForce RTX 3080, 6250, 3802, 10240, 94, 97
2026/07/30 23:29:58.532, 0, NVIDIA GeForce RTX 3080, 6250, 3802, 10240, 94, 97
2026/07/30 23:29:58.643, 0, NVIDIA GeForce RTX 3080, 6250, 3802, 10240, 94, 97
2026/07/30 23:29:58.756, 0, NVIDIA GeForce RTX 3080, 6250, 3802, 10240, 94, 97
2026/07/30 23:29:58.868, 0, NVIDIA GeForce RTX 3080, 6250, 3802, 10240, 95, 98
2026/07/30 23:29:58.980, 0, NVIDIA GeForce RTX 3080, 6250, 3802, 10240, 95, 98
2026/07/30 23:29:59.092, 0, NVIDIA GeForce RTX 3080, 6250, 3802, 10240, 95, 98
2026/07/30 23:29:59.203, 0, NVIDIA GeForce RTX 3080, 6250, 3802, 10240, 95, 98
2026/07/30 23:29:59.315, 0, NVIDIA GeForce RTX 3080, 6250, 3802, 10240, 95, 98
2026/07/30 23:29:59.427, 0, NVIDIA GeForce RTX 3080, 1512, 8540, 10240, 95, 98
2026/07/30 23:29:59.539, 0, NVIDIA GeForce RTX 3080, 1512, 8540, 10240, 95, 98
2026/07/30 23:29:59.651, 0, NVIDIA GeForce RTX 3080, 1512, 8540, 10240, 95, 98
2026/07/30 23:29:59.763, 0, NVIDIA GeForce RTX 3080, 1512, 8540, 10240, 95, 98
2026/07/30 23:29:59.875, 0, NVIDIA GeForce RTX 3080, 1335, 8717, 10240, 0, 0
2026/07/30 23:29:59.987, 0, NVIDIA GeForce RTX 3080, 1291, 8761, 10240, 0, 0
