timestamp,index,name,memory_used_mib,memory_free_mib,memory_total_mib,memory_utilization_percent,gpu_utilization_percent 
2026/07/30 19:20:41.345, 0, NVIDIA GeForce RTX 3080, 1290, 8762, 10240, 0, 0
2026/07/30 19:20:41.457, 0, NVIDIA GeForce RTX 3080, 1299, 8753, 10240, 0, 0
2026/07/30 19:20:41.569, 0, NVIDIA GeForce RTX 3080, 1479, 8573, 10240, 0, 0
2026/07/30 19:20:41.681, 0, NVIDIA GeForce RTX 3080, 1479, 8573, 10240, 0, 0
2026/07/30 19:20:41.792, 0, NVIDIA GeForce RTX 3080, 2887, 7165, 10240, 0, 1
2026/07/30 19:20:41.903, 0, NVIDIA GeForce RTX 3080, 5253, 4799, 10240, 0, 1
2026/07/30 19:20:42.015, 0, NVIDIA GeForce RTX 3080, 5253, 4799, 10240, 0, 1
2026/07/30 19:20:42.126, 0, NVIDIA GeForce RTX 3080, 5253, 4799, 10240, 0, 1
2026/07/30 19:20:42.236, 0, NVIDIA GeForce RTX 3080, 5253, 4799, 10240, 0, 10
2026/07/30 19:20:42.348, 0, NVIDIA GeForce RTX 3080, 5253, 4799, 10240, 0, 10
2026/07/30 19:20:42.458, 0, NVIDIA GeForce RTX 3080, 5253, 4799, 10240, 0, 10
2026/07/30 19:20:42.570, 0, NVIDIA GeForce RTX 3080, 5253, 4799, 10240, 0, 10
2026/07/30 19:20:42.682, 0, NVIDIA GeForce RTX 3080, 5253, 4799, 10240, 0, 10
2026/07/30 19:20:42.794, 0, NVIDIA GeForce RTX 3080, 5253, 4799, 10240, 0, 11
2026/07/30 19:20:42.906, 0, NVIDIA GeForce RTX 3080, 5253, 4799, 10240, 0, 11
2026/07/30 19:20:43.018, 0, NVIDIA GeForce RTX 3080, 5253, 4799, 10240, 0, 11
2026/07/30 19:20:43.130, 0, NVIDIA GeForce RTX 3080, 5253, 4799, 10240, 0, 11
2026/07/30 19:20:43.242, 0, NVIDIA GeForce RTX 3080, 5253, 4799, 10240, 0, 11
2026/07/30 19:20:43.354, 0, NVIDIA GeForce RTX 3080, 5563, 4489, 10240, 0, 11
2026/07/30 19:20:43.465, 0, NVIDIA GeForce RTX 3080, 5569, 4483, 10240, 0, 11
2026/07/30 19:20:43.577, 0, NVIDIA GeForce RTX 3080, 5569, 4483, 10240, 0, 11
2026/07/30 19:20:43.689, 0, NVIDIA GeForce RTX 3080, 5569, 4483, 10240, 66, 96
2026/07/30 19:20:43.801, 0, NVIDIA GeForce RTX 3080, 5569, 4483, 10240, 66, 96
2026/07/30 19:20:43.913, 0, NVIDIA GeForce RTX 3080, 5569, 4483, 10240, 66, 96
2026/07/30 19:20:44.025, 0, NVIDIA GeForce RTX 3080, 5569, 4483, 10240, 66, 96
2026/07/30 19:20:44.137, 0, NVIDIA GeForce RTX 3080, 5569, 4483, 10240, 66, 96
2026/07/30 19:20:44.249, 0, NVIDIA GeForce RTX 3080, 5569, 4483, 10240, 64, 93
2026/07/30 19:20:44.361, 0, NVIDIA GeForce RTX 3080, 5569, 4483, 10240, 64, 93
2026/07/30 19:20:44.472, 0, NVIDIA GeForce RTX 3080, 5569, 4483, 10240, 64, 93
2026/07/30 19:20:44.584, 0, NVIDIA GeForce RTX 3080, 5569, 4483, 10240, 64, 93
2026/07/30 19:20:44.696, 0, NVIDIA GeForce RTX 3080, 5569, 4483, 10240, 64, 94
2026/07/30 19:20:44.808, 0, NVIDIA GeForce RTX 3080, 5569, 4483, 10240, 64, 94
2026/07/30 19:20:44.920, 0, NVIDIA GeForce RTX 3080, 5569, 4483, 10240, 64, 94
2026/07/30 19:20:45.032, 0, NVIDIA GeForce RTX 3080, 5569, 4483, 10240, 64, 94
2026/07/30 19:20:45.144, 0, NVIDIA GeForce RTX 3080, 5569, 4483, 10240, 64, 94
2026/07/30 19:20:45.256, 0, NVIDIA GeForce RTX 3080, 5569, 4483, 10240, 65, 97
2026/07/30 19:20:45.368, 0, NVIDIA GeForce RTX 3080, 5569, 4483, 10240, 65, 97
2026/07/30 19:20:45.480, 0, NVIDIA GeForce RTX 3080, 5569, 4483, 10240, 65, 97
2026/07/30 19:20:45.591, 0, NVIDIA GeForce RTX 3080, 5569, 4483, 10240, 65, 97
2026/07/30 19:20:45.703, 0, NVIDIA GeForce RTX 3080, 5569, 4483, 10240, 64, 94
2026/07/30 19:20:45.815, 0, NVIDIA GeForce RTX 3080, 5569, 4483, 10240, 64, 94
2026/07/30 19:20:45.927, 0, NVIDIA GeForce RTX 3080, 5569, 4483, 10240, 64, 94
2026/07/30 19:20:46.039, 0, NVIDIA GeForce RTX 3080, 5569, 4483, 10240, 64, 94
2026/07/30 19:20:46.151, 0, NVIDIA GeForce RTX 3080, 5569, 4483, 10240, 64, 94
2026/07/30 19:20:46.263, 0, NVIDIA GeForce RTX 3080, 5569, 4483, 10240, 66, 97
2026/07/30 19:20:46.375, 0, NVIDIA GeForce RTX 3080, 5569, 4483, 10240, 66, 97
2026/07/30 19:20:46.486, 0, NVIDIA GeForce RTX 3080, 5569, 4483, 10240, 66, 97
2026/07/30 19:20:46.597, 0, NVIDIA GeForce RTX 3080, 5569, 4483, 10240, 66, 97
2026/07/30 19:20:46.708, 0, NVIDIA GeForce RTX 3080, 5569, 4483, 10240, 63, 94
2026/07/30 19:20:46.819, 0, NVIDIA GeForce RTX 3080, 5569, 4483, 10240, 63, 94
2026/07/30 19:20:46.930, 0, NVIDIA GeForce RTX 3080, 5569, 4483, 10240, 63, 94
2026/07/30 19:20:47.040, 0, NVIDIA GeForce RTX 3080, 5569, 4483, 10240, 63, 94
2026/07/30 19:20:47.151, 0, NVIDIA GeForce RTX 3080, 5569, 4483, 10240, 63, 94
2026/07/30 19:20:47.263, 0, NVIDIA GeForce RTX 3080, 5569, 4483, 10240, 66, 97
2026/07/30 19:20:47.375, 0, NVIDIA GeForce RTX 3080, 5569, 4483, 10240, 66, 97
2026/07/30 19:20:47.487, 0, NVIDIA GeForce RTX 3080, 5569, 4483, 10240, 66, 97
2026/07/30 19:20:47.599, 0, NVIDIA GeForce RTX 3080, 5569, 4483, 10240, 66, 97
2026/07/30 19:20:47.711, 0, NVIDIA GeForce RTX 3080, 5569, 4483, 10240, 62, 91
2026/07/30 19:20:47.823, 0, NVIDIA GeForce RTX 3080, 5569, 4483, 10240, 62, 91
2026/07/30 19:20:47.935, 0, NVIDIA GeForce RTX 3080, 5569, 4483, 10240, 62, 91
2026/07/30 19:20:48.047, 0, NVIDIA GeForce RTX 3080, 5569, 4483, 10240, 62, 91
2026/07/30 19:20:48.158, 0, NVIDIA GeForce RTX 3080, 5569, 4483, 10240, 62, 91
2026/07/30 19:20:48.269, 0, NVIDIA GeForce RTX 3080, 5569, 4483, 10240, 66, 97
2026/07/30 19:20:48.381, 0, NVIDIA GeForce RTX 3080, 5569, 4483, 10240, 66, 97
2026/07/30 19:20:48.493, 0, NVIDIA GeForce RTX 3080, 5569, 4483, 10240, 66, 97
2026/07/30 19:20:48.605, 0, NVIDIA GeForce RTX 3080, 5569, 4483, 10240, 66, 97
2026/07/30 19:20:48.716, 0, NVIDIA GeForce RTX 3080, 5569, 4483, 10240, 63, 93
2026/07/30 19:20:48.828, 0, NVIDIA GeForce RTX 3080, 5569, 4483, 10240, 63, 93
2026/07/30 19:20:48.940, 0, NVIDIA GeForce RTX 3080, 5569, 4483, 10240, 63, 93
2026/07/30 19:20:49.052, 0, NVIDIA GeForce RTX 3080, 5569, 4483, 10240, 63, 93
2026/07/30 19:20:49.164, 0, NVIDIA GeForce RTX 3080, 5569, 4483, 10240, 63, 93
2026/07/30 19:20:49.276, 0, NVIDIA GeForce RTX 3080, 5569, 4483, 10240, 64, 94
2026/07/30 19:20:49.388, 0, NVIDIA GeForce RTX 3080, 5569, 4483, 10240, 64, 94
2026/07/30 19:20:49.500, 0, NVIDIA GeForce RTX 3080, 5569, 4483, 10240, 64, 94
2026/07/30 19:20:49.612, 0, NVIDIA GeForce RTX 3080, 5569, 4483, 10240, 64, 94
2026/07/30 19:20:49.724, 0, NVIDIA GeForce RTX 3080, 5569, 4483, 10240, 66, 97
2026/07/30 19:20:49.836, 0, NVIDIA GeForce RTX 3080, 5569, 4483, 10240, 66, 97
2026/07/30 19:20:49.948, 0, NVIDIA GeForce RTX 3080, 5569, 4483, 10240, 66, 97
2026/07/30 19:20:50.060, 0, NVIDIA GeForce RTX 3080, 5973, 4079, 10240, 66, 97
2026/07/30 19:20:50.172, 0, NVIDIA GeForce RTX 3080, 5973, 4079, 10240, 66, 97
2026/07/30 19:20:50.284, 0, NVIDIA GeForce RTX 3080, 5973, 4079, 10240, 94, 98
2026/07/30 19:20:50.396, 0, NVIDIA GeForce RTX 3080, 5973, 4079, 10240, 94, 98
2026/07/30 19:20:50.507, 0, NVIDIA GeForce RTX 3080, 5973, 4079, 10240, 94, 98
2026/07/30 19:20:50.616, 0, NVIDIA GeForce RTX 3080, 5973, 4079, 10240, 94, 98
2026/07/30 19:20:50.726, 0, NVIDIA GeForce RTX 3080, 5973, 4079, 10240, 97, 98
2026/07/30 19:20:50.835, 0, NVIDIA GeForce RTX 3080, 5973, 4079, 10240, 97, 98
2026/07/30 19:20:50.945, 0, NVIDIA GeForce RTX 3080, 5973, 4079, 10240, 97, 98
2026/07/30 19:20:51.055, 0, NVIDIA GeForce RTX 3080, 5973, 4079, 10240, 97, 98
2026/07/30 19:20:51.165, 0, NVIDIA GeForce RTX 3080, 5973, 4079, 10240, 97, 98
2026/07/30 19:20:51.277, 0, NVIDIA GeForce RTX 3080, 5973, 4079, 10240, 96, 98
2026/07/30 19:20:51.388, 0, NVIDIA GeForce RTX 3080, 5973, 4079, 10240, 96, 98
2026/07/30 19:20:51.500, 0, NVIDIA GeForce RTX 3080, 5973, 4079, 10240, 96, 98
2026/07/30 19:20:51.612, 0, NVIDIA GeForce RTX 3080, 5973, 4079, 10240, 96, 98
2026/07/30 19:20:51.724, 0, NVIDIA GeForce RTX 3080, 5973, 4079, 10240, 97, 98
2026/07/30 19:20:51.836, 0, NVIDIA GeForce RTX 3080, 5973, 4079, 10240, 97, 98
2026/07/30 19:20:51.948, 0, NVIDIA GeForce RTX 3080, 5973, 4079, 10240, 97, 98
2026/07/30 19:20:52.061, 0, NVIDIA GeForce RTX 3080, 5973, 4079, 10240, 97, 98
2026/07/30 19:20:52.173, 0, NVIDIA GeForce RTX 3080, 5973, 4079, 10240, 97, 98
2026/07/30 19:20:52.284, 0, NVIDIA GeForce RTX 3080, 5973, 4079, 10240, 98, 98
2026/07/30 19:20:52.395, 0, NVIDIA GeForce RTX 3080, 5973, 4079, 10240, 98, 98
2026/07/30 19:20:52.505, 0, NVIDIA GeForce RTX 3080, 5973, 4079, 10240, 98, 98
2026/07/30 19:20:52.615, 0, NVIDIA GeForce RTX 3080, 5973, 4079, 10240, 98, 98
2026/07/30 19:20:52.724, 0, NVIDIA GeForce RTX 3080, 5973, 4079, 10240, 98, 98
2026/07/30 19:20:52.835, 0, NVIDIA GeForce RTX 3080, 5973, 4079, 10240, 98, 98
2026/07/30 19:20:52.946, 0, NVIDIA GeForce RTX 3080, 5973, 4079, 10240, 98, 98
2026/07/30 19:20:53.058, 0, NVIDIA GeForce RTX 3080, 5973, 4079, 10240, 98, 98
2026/07/30 19:20:53.170, 0, NVIDIA GeForce RTX 3080, 5973, 4079, 10240, 98, 98
2026/07/30 19:20:53.282, 0, NVIDIA GeForce RTX 3080, 5973, 4079, 10240, 98, 98
2026/07/30 19:20:53.394, 0, NVIDIA GeForce RTX 3080, 5973, 4079, 10240, 98, 98
2026/07/30 19:20:53.506, 0, NVIDIA GeForce RTX 3080, 5973, 4079, 10240, 98, 98
2026/07/30 19:20:53.618, 0, NVIDIA GeForce RTX 3080, 5973, 4079, 10240, 98, 98
2026/07/30 19:20:53.730, 0, NVIDIA GeForce RTX 3080, 5973, 4079, 10240, 98, 98
2026/07/30 19:20:53.841, 0, NVIDIA GeForce RTX 3080, 5973, 4079, 10240, 98, 98
2026/07/30 19:20:53.953, 0, NVIDIA GeForce RTX 3080, 5973, 4079, 10240, 98, 98
2026/07/30 19:20:54.065, 0, NVIDIA GeForce RTX 3080, 5973, 4079, 10240, 98, 98
2026/07/30 19:20:54.177, 0, NVIDIA GeForce RTX 3080, 5973, 4079, 10240, 98, 98
2026/07/30 19:20:54.288, 0, NVIDIA GeForce RTX 3080, 5973, 4079, 10240, 96, 98
2026/07/30 19:20:54.400, 0, NVIDIA GeForce RTX 3080, 5973, 4079, 10240, 96, 98
2026/07/30 19:20:54.512, 0, NVIDIA GeForce RTX 3080, 5973, 4079, 10240, 96, 98
2026/07/30 19:20:54.624, 0, NVIDIA GeForce RTX 3080, 5973, 4079, 10240, 96, 98
2026/07/30 19:20:54.736, 0, NVIDIA GeForce RTX 3080, 5973, 4079, 10240, 96, 98
2026/07/30 19:20:54.848, 0, NVIDIA GeForce RTX 3080, 5973, 4079, 10240, 96, 98
2026/07/30 19:20:54.958, 0, NVIDIA GeForce RTX 3080, 5973, 4079, 10240, 96, 98
2026/07/30 19:20:55.070, 0, NVIDIA GeForce RTX 3080, 5973, 4079, 10240, 96, 98
2026/07/30 19:20:55.182, 0, NVIDIA GeForce RTX 3080, 5973, 4079, 10240, 96, 98
2026/07/30 19:20:55.294, 0, NVIDIA GeForce RTX 3080, 5973, 4079, 10240, 96, 98
2026/07/30 19:20:55.406, 0, NVIDIA GeForce RTX 3080, 5973, 4079, 10240, 96, 98
2026/07/30 19:20:55.518, 0, NVIDIA GeForce RTX 3080, 5973, 4079, 10240, 96, 98
2026/07/30 19:20:55.630, 0, NVIDIA GeForce RTX 3080, 5973, 4079, 10240, 96, 98
2026/07/30 19:20:55.742, 0, NVIDIA GeForce RTX 3080, 5973, 4079, 10240, 96, 98
2026/07/30 19:20:55.854, 0, NVIDIA GeForce RTX 3080, 5973, 4079, 10240, 96, 98
2026/07/30 19:20:55.966, 0, NVIDIA GeForce RTX 3080, 5973, 4079, 10240, 96, 98
2026/07/30 19:20:56.078, 0, NVIDIA GeForce RTX 3080, 5973, 4079, 10240, 96, 98
2026/07/30 19:20:56.190, 0, NVIDIA GeForce RTX 3080, 5973, 4079, 10240, 97, 98
2026/07/30 19:20:56.302, 0, NVIDIA GeForce RTX 3080, 5973, 4079, 10240, 97, 98
2026/07/30 19:20:56.414, 0, NVIDIA GeForce RTX 3080, 5973, 4079, 10240, 97, 98
2026/07/30 19:20:56.525, 0, NVIDIA GeForce RTX 3080, 5973, 4079, 10240, 97, 98
2026/07/30 19:20:56.635, 0, NVIDIA GeForce RTX 3080, 5973, 4079, 10240, 97, 98
2026/07/30 19:20:56.747, 0, NVIDIA GeForce RTX 3080, 5973, 4079, 10240, 95, 96
2026/07/30 19:20:56.858, 0, NVIDIA GeForce RTX 3080, 5973, 4079, 10240, 95, 96
2026/07/30 19:20:56.970, 0, NVIDIA GeForce RTX 3080, 5973, 4079, 10240, 95, 96
2026/07/30 19:20:57.081, 0, NVIDIA GeForce RTX 3080, 5973, 4079, 10240, 95, 96
2026/07/30 19:20:57.193, 0, NVIDIA GeForce RTX 3080, 5973, 4079, 10240, 97, 98
2026/07/30 19:20:57.304, 0, NVIDIA GeForce RTX 3080, 5973, 4079, 10240, 97, 98
2026/07/30 19:20:57.415, 0, NVIDIA GeForce RTX 3080, 5973, 4079, 10240, 97, 98
2026/07/30 19:20:57.525, 0, NVIDIA GeForce RTX 3080, 5973, 4079, 10240, 97, 98
2026/07/30 19:20:57.635, 0, NVIDIA GeForce RTX 3080, 5973, 4079, 10240, 97, 98
2026/07/30 19:20:57.744, 0, NVIDIA GeForce RTX 3080, 5973, 4079, 10240, 98, 98
2026/07/30 19:20:57.856, 0, NVIDIA GeForce RTX 3080, 5973, 4079, 10240, 98, 98
2026/07/30 19:20:57.968, 0, NVIDIA GeForce RTX 3080, 5973, 4079, 10240, 98, 98
2026/07/30 19:20:58.078, 0, NVIDIA GeForce RTX 3080, 5973, 4079, 10240, 98, 98
2026/07/30 19:20:58.190, 0, NVIDIA GeForce RTX 3080, 5973, 4079, 10240, 95, 98
2026/07/30 19:20:58.302, 0, NVIDIA GeForce RTX 3080, 5973, 4079, 10240, 95, 98
2026/07/30 19:20:58.414, 0, NVIDIA GeForce RTX 3080, 5973, 4079, 10240, 95, 98
2026/07/30 19:20:58.524, 0, NVIDIA GeForce RTX 3080, 5973, 4079, 10240, 95, 98
2026/07/30 19:20:58.636, 0, NVIDIA GeForce RTX 3080, 5973, 4079, 10240, 95, 98
2026/07/30 19:20:58.747, 0, NVIDIA GeForce RTX 3080, 5973, 4079, 10240, 96, 98
2026/07/30 19:20:58.859, 0, NVIDIA GeForce RTX 3080, 5973, 4079, 10240, 96, 98
2026/07/30 19:20:58.971, 0, NVIDIA GeForce RTX 3080, 5973, 4079, 10240, 96, 98
2026/07/30 19:20:59.083, 0, NVIDIA GeForce RTX 3080, 5973, 4079, 10240, 96, 98
2026/07/30 19:20:59.195, 0, NVIDIA GeForce RTX 3080, 5973, 4079, 10240, 95, 98
2026/07/30 19:20:59.306, 0, NVIDIA GeForce RTX 3080, 5973, 4079, 10240, 95, 98
2026/07/30 19:20:59.418, 0, NVIDIA GeForce RTX 3080, 5973, 4079, 10240, 95, 98
2026/07/30 19:20:59.530, 0, NVIDIA GeForce RTX 3080, 5973, 4079, 10240, 95, 98
2026/07/30 19:20:59.642, 0, NVIDIA GeForce RTX 3080, 5973, 4079, 10240, 95, 98
2026/07/30 19:20:59.754, 0, NVIDIA GeForce RTX 3080, 5973, 4079, 10240, 96, 98
2026/07/30 19:20:59.866, 0, NVIDIA GeForce RTX 3080, 5973, 4079, 10240, 96, 98
2026/07/30 19:20:59.976, 0, NVIDIA GeForce RTX 3080, 5973, 4079, 10240, 96, 98
2026/07/30 19:21:00.088, 0, NVIDIA GeForce RTX 3080, 5973, 4079, 10240, 96, 98
2026/07/30 19:21:00.199, 0, NVIDIA GeForce RTX 3080, 5973, 4079, 10240, 97, 98
2026/07/30 19:21:00.311, 0, NVIDIA GeForce RTX 3080, 5973, 4079, 10240, 97, 98
2026/07/30 19:21:00.423, 0, NVIDIA GeForce RTX 3080, 5973, 4079, 10240, 97, 98
2026/07/30 19:21:00.535, 0, NVIDIA GeForce RTX 3080, 5973, 4079, 10240, 97, 98
2026/07/30 19:21:00.647, 0, NVIDIA GeForce RTX 3080, 5973, 4079, 10240, 97, 98
2026/07/30 19:21:00.758, 0, NVIDIA GeForce RTX 3080, 5973, 4079, 10240, 97, 98
2026/07/30 19:21:00.870, 0, NVIDIA GeForce RTX 3080, 5973, 4079, 10240, 97, 98
2026/07/30 19:21:00.982, 0, NVIDIA GeForce RTX 3080, 5973, 4079, 10240, 97, 98
2026/07/30 19:21:01.093, 0, NVIDIA GeForce RTX 3080, 5973, 4079, 10240, 97, 98
2026/07/30 19:21:01.203, 0, NVIDIA GeForce RTX 3080, 5973, 4079, 10240, 95, 96
2026/07/30 19:21:01.315, 0, NVIDIA GeForce RTX 3080, 5973, 4079, 10240, 95, 96
2026/07/30 19:21:01.427, 0, NVIDIA GeForce RTX 3080, 5973, 4079, 10240, 95, 96
2026/07/30 19:21:01.539, 0, NVIDIA GeForce RTX 3080, 5973, 4079, 10240, 95, 96
2026/07/30 19:21:01.651, 0, NVIDIA GeForce RTX 3080, 5973, 4079, 10240, 95, 96
2026/07/30 19:21:01.763, 0, NVIDIA GeForce RTX 3080, 5973, 4079, 10240, 94, 96
2026/07/30 19:21:01.875, 0, NVIDIA GeForce RTX 3080, 5973, 4079, 10240, 94, 96
2026/07/30 19:21:01.987, 0, NVIDIA GeForce RTX 3080, 5973, 4079, 10240, 94, 96
2026/07/30 19:21:02.099, 0, NVIDIA GeForce RTX 3080, 5973, 4079, 10240, 94, 96
2026/07/30 19:21:02.211, 0, NVIDIA GeForce RTX 3080, 5973, 4079, 10240, 98, 98
2026/07/30 19:21:02.323, 0, NVIDIA GeForce RTX 3080, 5973, 4079, 10240, 98, 98
2026/07/30 19:21:02.435, 0, NVIDIA GeForce RTX 3080, 5973, 4079, 10240, 98, 98
2026/07/30 19:21:02.547, 0, NVIDIA GeForce RTX 3080, 5973, 4079, 10240, 98, 98
2026/07/30 19:21:02.658, 0, NVIDIA GeForce RTX 3080, 5973, 4079, 10240, 98, 98
2026/07/30 19:21:02.770, 0, NVIDIA GeForce RTX 3080, 5973, 4079, 10240, 98, 98
2026/07/30 19:21:02.881, 0, NVIDIA GeForce RTX 3080, 5973, 4079, 10240, 98, 98
2026/07/30 19:21:02.992, 0, NVIDIA GeForce RTX 3080, 5973, 4079, 10240, 98, 98
2026/07/30 19:21:03.103, 0, NVIDIA GeForce RTX 3080, 5973, 4079, 10240, 98, 98
2026/07/30 19:21:03.215, 0, NVIDIA GeForce RTX 3080, 5973, 4079, 10240, 97, 97
2026/07/30 19:21:03.327, 0, NVIDIA GeForce RTX 3080, 5973, 4079, 10240, 97, 97
2026/07/30 19:21:03.439, 0, NVIDIA GeForce RTX 3080, 5973, 4079, 10240, 97, 97
2026/07/30 19:21:03.550, 0, NVIDIA GeForce RTX 3080, 5973, 4079, 10240, 97, 97
2026/07/30 19:21:03.660, 0, NVIDIA GeForce RTX 3080, 5973, 4079, 10240, 97, 97
2026/07/30 19:21:03.769, 0, NVIDIA GeForce RTX 3080, 5973, 4079, 10240, 95, 98
2026/07/30 19:21:03.878, 0, NVIDIA GeForce RTX 3080, 5973, 4079, 10240, 95, 98
2026/07/30 19:21:03.986, 0, NVIDIA GeForce RTX 3080, 5973, 4079, 10240, 95, 98
2026/07/30 19:21:04.095, 0, NVIDIA GeForce RTX 3080, 5973, 4079, 10240, 95, 98
2026/07/30 19:21:04.205, 0, NVIDIA GeForce RTX 3080, 5973, 4079, 10240, 96, 98
2026/07/30 19:21:04.315, 0, NVIDIA GeForce RTX 3080, 5973, 4079, 10240, 96, 98
2026/07/30 19:21:04.425, 0, NVIDIA GeForce RTX 3080, 5973, 4079, 10240, 96, 98
2026/07/30 19:21:04.535, 0, NVIDIA GeForce RTX 3080, 5973, 4079, 10240, 96, 98
2026/07/30 19:21:04.647, 0, NVIDIA GeForce RTX 3080, 5973, 4079, 10240, 96, 98
2026/07/30 19:21:04.758, 0, NVIDIA GeForce RTX 3080, 5973, 4079, 10240, 96, 98
2026/07/30 19:21:04.870, 0, NVIDIA GeForce RTX 3080, 5973, 4079, 10240, 96, 98
2026/07/30 19:21:04.980, 0, NVIDIA GeForce RTX 3080, 5973, 4079, 10240, 96, 98
2026/07/30 19:21:05.092, 0, NVIDIA GeForce RTX 3080, 5973, 4079, 10240, 96, 98
2026/07/30 19:21:05.204, 0, NVIDIA GeForce RTX 3080, 5973, 4079, 10240, 96, 98
2026/07/30 19:21:05.313, 0, NVIDIA GeForce RTX 3080, 5973, 4079, 10240, 96, 98
2026/07/30 19:21:05.425, 0, NVIDIA GeForce RTX 3080, 5973, 4079, 10240, 96, 98
2026/07/30 19:21:05.535, 0, NVIDIA GeForce RTX 3080, 5973, 4079, 10240, 96, 98
2026/07/30 19:21:05.645, 0, NVIDIA GeForce RTX 3080, 5973, 4079, 10240, 96, 98
2026/07/30 19:21:05.755, 0, NVIDIA GeForce RTX 3080, 5973, 4079, 10240, 98, 98
2026/07/30 19:21:05.864, 0, NVIDIA GeForce RTX 3080, 5973, 4079, 10240, 98, 98
2026/07/30 19:21:05.973, 0, NVIDIA GeForce RTX 3080, 5973, 4079, 10240, 98, 98
2026/07/30 19:21:06.082, 0, NVIDIA GeForce RTX 3080, 5973, 4079, 10240, 98, 98
2026/07/30 19:21:06.194, 0, NVIDIA GeForce RTX 3080, 5973, 4079, 10240, 97, 98
2026/07/30 19:21:06.306, 0, NVIDIA GeForce RTX 3080, 5973, 4079, 10240, 97, 98
2026/07/30 19:21:06.417, 0, NVIDIA GeForce RTX 3080, 5973, 4079, 10240, 97, 98
2026/07/30 19:21:06.529, 0, NVIDIA GeForce RTX 3080, 5973, 4079, 10240, 97, 98
2026/07/30 19:21:06.641, 0, NVIDIA GeForce RTX 3080, 5973, 4079, 10240, 97, 98
2026/07/30 19:21:06.753, 0, NVIDIA GeForce RTX 3080, 5973, 4079, 10240, 97, 98
2026/07/30 19:21:06.865, 0, NVIDIA GeForce RTX 3080, 5973, 4079, 10240, 97, 98
2026/07/30 19:21:06.976, 0, NVIDIA GeForce RTX 3080, 5973, 4079, 10240, 97, 98
2026/07/30 19:21:07.087, 0, NVIDIA GeForce RTX 3080, 5973, 4079, 10240, 97, 98
2026/07/30 19:21:07.199, 0, NVIDIA GeForce RTX 3080, 5973, 4079, 10240, 97, 98
2026/07/30 19:21:07.310, 0, NVIDIA GeForce RTX 3080, 5973, 4079, 10240, 97, 98
2026/07/30 19:21:07.422, 0, NVIDIA GeForce RTX 3080, 5973, 4079, 10240, 97, 98
2026/07/30 19:21:07.534, 0, NVIDIA GeForce RTX 3080, 5973, 4079, 10240, 97, 98
2026/07/30 19:21:07.646, 0, NVIDIA GeForce RTX 3080, 5973, 4079, 10240, 97, 98
2026/07/30 19:21:07.757, 0, NVIDIA GeForce RTX 3080, 5973, 4079, 10240, 96, 98
2026/07/30 19:21:07.868, 0, NVIDIA GeForce RTX 3080, 5973, 4079, 10240, 96, 98
2026/07/30 19:21:07.979, 0, NVIDIA GeForce RTX 3080, 5973, 4079, 10240, 96, 98
2026/07/30 19:21:08.091, 0, NVIDIA GeForce RTX 3080, 5973, 4079, 10240, 96, 98
2026/07/30 19:21:08.202, 0, NVIDIA GeForce RTX 3080, 5973, 4079, 10240, 96, 98
2026/07/30 19:21:08.315, 0, NVIDIA GeForce RTX 3080, 5973, 4079, 10240, 96, 98
2026/07/30 19:21:08.427, 0, NVIDIA GeForce RTX 3080, 5973, 4079, 10240, 96, 98
2026/07/30 19:21:08.539, 0, NVIDIA GeForce RTX 3080, 5973, 4079, 10240, 96, 98
2026/07/30 19:21:08.651, 0, NVIDIA GeForce RTX 3080, 5973, 4079, 10240, 96, 98
2026/07/30 19:21:08.763, 0, NVIDIA GeForce RTX 3080, 5973, 4079, 10240, 96, 98
2026/07/30 19:21:08.875, 0, NVIDIA GeForce RTX 3080, 5973, 4079, 10240, 96, 98
2026/07/30 19:21:08.987, 0, NVIDIA GeForce RTX 3080, 5973, 4079, 10240, 96, 98
2026/07/30 19:21:09.099, 0, NVIDIA GeForce RTX 3080, 5973, 4079, 10240, 96, 98
2026/07/30 19:21:09.211, 0, NVIDIA GeForce RTX 3080, 5973, 4079, 10240, 95, 97
2026/07/30 19:21:09.323, 0, NVIDIA GeForce RTX 3080, 5973, 4079, 10240, 95, 97
2026/07/30 19:21:09.435, 0, NVIDIA GeForce RTX 3080, 5973, 4079, 10240, 95, 97
2026/07/30 19:21:09.547, 0, NVIDIA GeForce RTX 3080, 5973, 4079, 10240, 95, 97
2026/07/30 19:21:09.659, 0, NVIDIA GeForce RTX 3080, 5973, 4079, 10240, 95, 97
2026/07/30 19:21:09.771, 0, NVIDIA GeForce RTX 3080, 5973, 4079, 10240, 97, 98
2026/07/30 19:21:09.883, 0, NVIDIA GeForce RTX 3080, 5973, 4079, 10240, 97, 98
2026/07/30 19:21:09.995, 0, NVIDIA GeForce RTX 3080, 5973, 4079, 10240, 97, 98
2026/07/30 19:21:10.107, 0, NVIDIA GeForce RTX 3080, 5973, 4079, 10240, 97, 98
2026/07/30 19:21:10.219, 0, NVIDIA GeForce RTX 3080, 5973, 4079, 10240, 97, 98
2026/07/30 19:21:10.331, 0, NVIDIA GeForce RTX 3080, 5973, 4079, 10240, 97, 98
2026/07/30 19:21:10.443, 0, NVIDIA GeForce RTX 3080, 5973, 4079, 10240, 97, 98
2026/07/30 19:21:10.553, 0, NVIDIA GeForce RTX 3080, 5973, 4079, 10240, 97, 98
2026/07/30 19:21:10.663, 0, NVIDIA GeForce RTX 3080, 5973, 4079, 10240, 97, 98
2026/07/30 19:21:10.771, 0, NVIDIA GeForce RTX 3080, 5973, 4079, 10240, 95, 96
2026/07/30 19:21:10.880, 0, NVIDIA GeForce RTX 3080, 5973, 4079, 10240, 95, 96
2026/07/30 19:21:10.990, 0, NVIDIA GeForce RTX 3080, 5973, 4079, 10240, 95, 96
2026/07/30 19:21:11.102, 0, NVIDIA GeForce RTX 3080, 5973, 4079, 10240, 95, 96
2026/07/30 19:21:11.213, 0, NVIDIA GeForce RTX 3080, 5973, 4079, 10240, 97, 98
2026/07/30 19:21:11.325, 0, NVIDIA GeForce RTX 3080, 5973, 4079, 10240, 97, 98
2026/07/30 19:21:11.436, 0, NVIDIA GeForce RTX 3080, 5973, 4079, 10240, 97, 98
2026/07/30 19:21:11.548, 0, NVIDIA GeForce RTX 3080, 5973, 4079, 10240, 97, 98
2026/07/30 19:21:11.660, 0, NVIDIA GeForce RTX 3080, 5973, 4079, 10240, 97, 98
2026/07/30 19:21:11.772, 0, NVIDIA GeForce RTX 3080, 5973, 4079, 10240, 98, 98
2026/07/30 19:21:11.883, 0, NVIDIA GeForce RTX 3080, 5973, 4079, 10240, 98, 98
2026/07/30 19:21:11.995, 0, NVIDIA GeForce RTX 3080, 5973, 4079, 10240, 98, 98
2026/07/30 19:21:12.107, 0, NVIDIA GeForce RTX 3080, 5973, 4079, 10240, 98, 98
2026/07/30 19:21:12.219, 0, NVIDIA GeForce RTX 3080, 5973, 4079, 10240, 98, 98
2026/07/30 19:21:12.331, 0, NVIDIA GeForce RTX 3080, 5973, 4079, 10240, 98, 98
2026/07/30 19:21:12.442, 0, NVIDIA GeForce RTX 3080, 5973, 4079, 10240, 98, 98
2026/07/30 19:21:12.552, 0, NVIDIA GeForce RTX 3080, 5973, 4079, 10240, 98, 98
2026/07/30 19:21:12.661, 0, NVIDIA GeForce RTX 3080, 5973, 4079, 10240, 98, 98
2026/07/30 19:21:12.773, 0, NVIDIA GeForce RTX 3080, 5973, 4079, 10240, 98, 98
2026/07/30 19:21:12.884, 0, NVIDIA GeForce RTX 3080, 5973, 4079, 10240, 98, 98
2026/07/30 19:21:12.995, 0, NVIDIA GeForce RTX 3080, 5973, 4079, 10240, 98, 98
2026/07/30 19:21:13.107, 0, NVIDIA GeForce RTX 3080, 5973, 4079, 10240, 98, 98
2026/07/30 19:21:13.218, 0, NVIDIA GeForce RTX 3080, 5973, 4079, 10240, 98, 98
2026/07/30 19:21:13.329, 0, NVIDIA GeForce RTX 3080, 5973, 4079, 10240, 98, 98
2026/07/30 19:21:13.441, 0, NVIDIA GeForce RTX 3080, 5973, 4079, 10240, 98, 98
2026/07/30 19:21:13.552, 0, NVIDIA GeForce RTX 3080, 5973, 4079, 10240, 98, 98
2026/07/30 19:21:13.663, 0, NVIDIA GeForce RTX 3080, 5973, 4079, 10240, 98, 98
2026/07/30 19:21:13.774, 0, NVIDIA GeForce RTX 3080, 5973, 4079, 10240, 96, 98
2026/07/30 19:21:13.885, 0, NVIDIA GeForce RTX 3080, 5973, 4079, 10240, 96, 98
2026/07/30 19:21:13.997, 0, NVIDIA GeForce RTX 3080, 5973, 4079, 10240, 96, 98
2026/07/30 19:21:14.108, 0, NVIDIA GeForce RTX 3080, 5973, 4079, 10240, 96, 98
2026/07/30 19:21:14.220, 0, NVIDIA GeForce RTX 3080, 5973, 4079, 10240, 96, 98
2026/07/30 19:21:14.332, 0, NVIDIA GeForce RTX 3080, 5973, 4079, 10240, 96, 98
2026/07/30 19:21:14.444, 0, NVIDIA GeForce RTX 3080, 5973, 4079, 10240, 96, 98
2026/07/30 19:21:14.555, 0, NVIDIA GeForce RTX 3080, 5973, 4079, 10240, 96, 98
2026/07/30 19:21:14.667, 0, NVIDIA GeForce RTX 3080, 5973, 4079, 10240, 96, 98
2026/07/30 19:21:14.778, 0, NVIDIA GeForce RTX 3080, 5973, 4079, 10240, 96, 98
2026/07/30 19:21:14.891, 0, NVIDIA GeForce RTX 3080, 5973, 4079, 10240, 96, 98
2026/07/30 19:21:15.003, 0, NVIDIA GeForce RTX 3080, 5973, 4079, 10240, 96, 98
2026/07/30 19:21:15.115, 0, NVIDIA GeForce RTX 3080, 5973, 4079, 10240, 96, 98
2026/07/30 19:21:15.227, 0, NVIDIA GeForce RTX 3080, 5973, 4079, 10240, 96, 98
2026/07/30 19:21:15.339, 0, NVIDIA GeForce RTX 3080, 5973, 4079, 10240, 96, 98
2026/07/30 19:21:15.451, 0, NVIDIA GeForce RTX 3080, 5973, 4079, 10240, 96, 98
2026/07/30 19:21:15.563, 0, NVIDIA GeForce RTX 3080, 5973, 4079, 10240, 96, 98
2026/07/30 19:21:15.675, 0, NVIDIA GeForce RTX 3080, 5973, 4079, 10240, 96, 98
2026/07/30 19:21:15.787, 0, NVIDIA GeForce RTX 3080, 5973, 4079, 10240, 97, 98
2026/07/30 19:21:15.899, 0, NVIDIA GeForce RTX 3080, 5973, 4079, 10240, 97, 98
2026/07/30 19:21:16.010, 0, NVIDIA GeForce RTX 3080, 5973, 4079, 10240, 97, 98
2026/07/30 19:21:16.122, 0, NVIDIA GeForce RTX 3080, 5973, 4079, 10240, 97, 98
2026/07/30 19:21:16.234, 0, NVIDIA GeForce RTX 3080, 5973, 4079, 10240, 97, 98
2026/07/30 19:21:16.346, 0, NVIDIA GeForce RTX 3080, 5973, 4079, 10240, 97, 98
2026/07/30 19:21:16.458, 0, NVIDIA GeForce RTX 3080, 5973, 4079, 10240, 97, 98
2026/07/30 19:21:16.570, 0, NVIDIA GeForce RTX 3080, 5973, 4079, 10240, 97, 98
2026/07/30 19:21:16.682, 0, NVIDIA GeForce RTX 3080, 5973, 4079, 10240, 97, 98
2026/07/30 19:21:16.794, 0, NVIDIA GeForce RTX 3080, 5973, 4079, 10240, 97, 98
2026/07/30 19:21:16.906, 0, NVIDIA GeForce RTX 3080, 5973, 4079, 10240, 97, 98
2026/07/30 19:21:17.018, 0, NVIDIA GeForce RTX 3080, 5973, 4079, 10240, 97, 98
2026/07/30 19:21:17.130, 0, NVIDIA GeForce RTX 3080, 5973, 4079, 10240, 97, 98
2026/07/30 19:21:17.242, 0, NVIDIA GeForce RTX 3080, 5973, 4079, 10240, 96, 96
2026/07/30 19:21:17.354, 0, NVIDIA GeForce RTX 3080, 5973, 4079, 10240, 96, 96
2026/07/30 19:21:17.466, 0, NVIDIA GeForce RTX 3080, 5973, 4079, 10240, 96, 96
2026/07/30 19:21:17.575, 0, NVIDIA GeForce RTX 3080, 5973, 4079, 10240, 96, 96
2026/07/30 19:21:17.683, 0, NVIDIA GeForce RTX 3080, 5973, 4079, 10240, 96, 96
2026/07/30 19:21:17.798, 0, NVIDIA GeForce RTX 3080, 5973, 4079, 10240, 95, 98
2026/07/30 19:21:17.905, 0, NVIDIA GeForce RTX 3080, 5973, 4079, 10240, 95, 98
2026/07/30 19:21:18.017, 0, NVIDIA GeForce RTX 3080, 5973, 4079, 10240, 95, 98
2026/07/30 19:21:18.128, 0, NVIDIA GeForce RTX 3080, 5973, 4079, 10240, 95, 98
2026/07/30 19:21:18.241, 0, NVIDIA GeForce RTX 3080, 5973, 4079, 10240, 95, 97
2026/07/30 19:21:18.352, 0, NVIDIA GeForce RTX 3080, 5973, 4079, 10240, 95, 97
2026/07/30 19:21:18.464, 0, NVIDIA GeForce RTX 3080, 5973, 4079, 10240, 95, 97
2026/07/30 19:21:18.575, 0, NVIDIA GeForce RTX 3080, 5973, 4079, 10240, 95, 97
2026/07/30 19:21:18.687, 0, NVIDIA GeForce RTX 3080, 5973, 4079, 10240, 95, 97
2026/07/30 19:21:18.799, 0, NVIDIA GeForce RTX 3080, 5973, 4079, 10240, 96, 98
2026/07/30 19:21:18.910, 0, NVIDIA GeForce RTX 3080, 5973, 4079, 10240, 96, 98
2026/07/30 19:21:19.022, 0, NVIDIA GeForce RTX 3080, 5973, 4079, 10240, 96, 98
2026/07/30 19:21:19.134, 0, NVIDIA GeForce RTX 3080, 5973, 4079, 10240, 96, 98
2026/07/30 19:21:19.245, 0, NVIDIA GeForce RTX 3080, 5973, 4079, 10240, 95, 98
2026/07/30 19:21:19.356, 0, NVIDIA GeForce RTX 3080, 5973, 4079, 10240, 95, 98
2026/07/30 19:21:19.468, 0, NVIDIA GeForce RTX 3080, 5973, 4079, 10240, 95, 98
2026/07/30 19:21:19.580, 0, NVIDIA GeForce RTX 3080, 5973, 4079, 10240, 95, 98
2026/07/30 19:21:19.692, 0, NVIDIA GeForce RTX 3080, 5973, 4079, 10240, 96, 97
2026/07/30 19:21:19.803, 0, NVIDIA GeForce RTX 3080, 5973, 4079, 10240, 96, 97
2026/07/30 19:21:19.915, 0, NVIDIA GeForce RTX 3080, 5973, 4079, 10240, 96, 97
2026/07/30 19:21:20.025, 0, NVIDIA GeForce RTX 3080, 5973, 4079, 10240, 96, 97
2026/07/30 19:21:20.137, 0, NVIDIA GeForce RTX 3080, 5973, 4079, 10240, 96, 97
2026/07/30 19:21:20.249, 0, NVIDIA GeForce RTX 3080, 5973, 4079, 10240, 97, 98
2026/07/30 19:21:20.361, 0, NVIDIA GeForce RTX 3080, 5973, 4079, 10240, 97, 98
2026/07/30 19:21:20.473, 0, NVIDIA GeForce RTX 3080, 5973, 4079, 10240, 97, 98
2026/07/30 19:21:20.585, 0, NVIDIA GeForce RTX 3080, 5973, 4079, 10240, 97, 98
2026/07/30 19:21:20.698, 0, NVIDIA GeForce RTX 3080, 5973, 4079, 10240, 97, 98
2026/07/30 19:21:20.810, 0, NVIDIA GeForce RTX 3080, 5973, 4079, 10240, 97, 98
2026/07/30 19:21:20.922, 0, NVIDIA GeForce RTX 3080, 5973, 4079, 10240, 97, 98
2026/07/30 19:21:21.034, 0, NVIDIA GeForce RTX 3080, 5973, 4079, 10240, 97, 98
2026/07/30 19:21:21.146, 0, NVIDIA GeForce RTX 3080, 5973, 4079, 10240, 97, 98
2026/07/30 19:21:21.258, 0, NVIDIA GeForce RTX 3080, 5973, 4079, 10240, 95, 96
2026/07/30 19:21:21.370, 0, NVIDIA GeForce RTX 3080, 5973, 4079, 10240, 95, 96
2026/07/30 19:21:21.482, 0, NVIDIA GeForce RTX 3080, 5973, 4079, 10240, 95, 96
2026/07/30 19:21:21.594, 0, NVIDIA GeForce RTX 3080, 5973, 4079, 10240, 95, 96
2026/07/30 19:21:21.706, 0, NVIDIA GeForce RTX 3080, 5973, 4079, 10240, 98, 98
2026/07/30 19:21:21.818, 0, NVIDIA GeForce RTX 3080, 5973, 4079, 10240, 98, 98
2026/07/30 19:21:21.930, 0, NVIDIA GeForce RTX 3080, 5973, 4079, 10240, 98, 98
2026/07/30 19:21:22.042, 0, NVIDIA GeForce RTX 3080, 5973, 4079, 10240, 98, 98
2026/07/30 19:21:22.154, 0, NVIDIA GeForce RTX 3080, 5973, 4079, 10240, 98, 98
2026/07/30 19:21:22.266, 0, NVIDIA GeForce RTX 3080, 5973, 4079, 10240, 98, 98
2026/07/30 19:21:22.378, 0, NVIDIA GeForce RTX 3080, 5973, 4079, 10240, 98, 98
2026/07/30 19:21:22.490, 0, NVIDIA GeForce RTX 3080, 5973, 4079, 10240, 98, 98
2026/07/30 19:21:22.602, 0, NVIDIA GeForce RTX 3080, 5973, 4079, 10240, 98, 98
2026/07/30 19:21:22.713, 0, NVIDIA GeForce RTX 3080, 5973, 4079, 10240, 98, 98
2026/07/30 19:21:22.825, 0, NVIDIA GeForce RTX 3080, 5973, 4079, 10240, 98, 98
2026/07/30 19:21:22.936, 0, NVIDIA GeForce RTX 3080, 5973, 4079, 10240, 98, 98
2026/07/30 19:21:23.048, 0, NVIDIA GeForce RTX 3080, 5973, 4079, 10240, 98, 98
2026/07/30 19:21:23.159, 0, NVIDIA GeForce RTX 3080, 5973, 4079, 10240, 98, 98
2026/07/30 19:21:23.271, 0, NVIDIA GeForce RTX 3080, 5973, 4079, 10240, 96, 98
2026/07/30 19:21:23.381, 0, NVIDIA GeForce RTX 3080, 5973, 4079, 10240, 96, 98
2026/07/30 19:21:23.491, 0, NVIDIA GeForce RTX 3080, 5973, 4079, 10240, 96, 98
2026/07/30 19:21:23.600, 0, NVIDIA GeForce RTX 3080, 5973, 4079, 10240, 96, 98
2026/07/30 19:21:23.710, 0, NVIDIA GeForce RTX 3080, 5973, 4079, 10240, 96, 98
2026/07/30 19:21:23.820, 0, NVIDIA GeForce RTX 3080, 5973, 4079, 10240, 96, 98
2026/07/30 19:21:23.929, 0, NVIDIA GeForce RTX 3080, 5973, 4079, 10240, 96, 98
2026/07/30 19:21:24.039, 0, NVIDIA GeForce RTX 3080, 5973, 4079, 10240, 96, 98
2026/07/30 19:21:24.149, 0, NVIDIA GeForce RTX 3080, 5973, 4079, 10240, 96, 98
2026/07/30 19:21:24.255, 0, NVIDIA GeForce RTX 3080, 5973, 4079, 10240, 95, 98
2026/07/30 19:21:24.367, 0, NVIDIA GeForce RTX 3080, 5973, 4079, 10240, 95, 98
2026/07/30 19:21:24.479, 0, NVIDIA GeForce RTX 3080, 5973, 4079, 10240, 95, 98
2026/07/30 19:21:24.591, 0, NVIDIA GeForce RTX 3080, 5973, 4079, 10240, 95, 98
2026/07/30 19:21:24.703, 0, NVIDIA GeForce RTX 3080, 5973, 4079, 10240, 94, 97
2026/07/30 19:21:24.815, 0, NVIDIA GeForce RTX 3080, 5973, 4079, 10240, 94, 97
2026/07/30 19:21:24.927, 0, NVIDIA GeForce RTX 3080, 5973, 4079, 10240, 94, 97
2026/07/30 19:21:25.039, 0, NVIDIA GeForce RTX 3080, 5973, 4079, 10240, 94, 97
2026/07/30 19:21:25.149, 0, NVIDIA GeForce RTX 3080, 5973, 4079, 10240, 94, 97
2026/07/30 19:21:25.260, 0, NVIDIA GeForce RTX 3080, 5973, 4079, 10240, 98, 98
2026/07/30 19:21:25.372, 0, NVIDIA GeForce RTX 3080, 5973, 4079, 10240, 98, 98
2026/07/30 19:21:25.483, 0, NVIDIA GeForce RTX 3080, 5973, 4079, 10240, 98, 98
2026/07/30 19:21:25.593, 0, NVIDIA GeForce RTX 3080, 5973, 4079, 10240, 98, 98
2026/07/30 19:21:25.702, 0, NVIDIA GeForce RTX 3080, 5973, 4079, 10240, 97, 98
2026/07/30 19:21:25.811, 0, NVIDIA GeForce RTX 3080, 5973, 4079, 10240, 97, 98
2026/07/30 19:21:25.920, 0, NVIDIA GeForce RTX 3080, 5973, 4079, 10240, 97, 98
2026/07/30 19:21:26.029, 0, NVIDIA GeForce RTX 3080, 5973, 4079, 10240, 97, 98
2026/07/30 19:21:26.140, 0, NVIDIA GeForce RTX 3080, 5973, 4079, 10240, 97, 98
2026/07/30 19:21:26.252, 0, NVIDIA GeForce RTX 3080, 5973, 4079, 10240, 97, 98
2026/07/30 19:21:26.364, 0, NVIDIA GeForce RTX 3080, 5973, 4079, 10240, 97, 98
2026/07/30 19:21:26.476, 0, NVIDIA GeForce RTX 3080, 5973, 4079, 10240, 97, 98
2026/07/30 19:21:26.586, 0, NVIDIA GeForce RTX 3080, 5973, 4079, 10240, 97, 98
2026/07/30 19:21:26.697, 0, NVIDIA GeForce RTX 3080, 5973, 4079, 10240, 97, 97
2026/07/30 19:21:26.809, 0, NVIDIA GeForce RTX 3080, 5973, 4079, 10240, 97, 97
2026/07/30 19:21:26.920, 0, NVIDIA GeForce RTX 3080, 5973, 4079, 10240, 97, 97
2026/07/30 19:21:27.032, 0, NVIDIA GeForce RTX 3080, 5973, 4079, 10240, 97, 97
2026/07/30 19:21:27.144, 0, NVIDIA GeForce RTX 3080, 5973, 4079, 10240, 97, 97
2026/07/30 19:21:27.255, 0, NVIDIA GeForce RTX 3080, 5973, 4079, 10240, 95, 97
2026/07/30 19:21:27.366, 0, NVIDIA GeForce RTX 3080, 5973, 4079, 10240, 95, 97
2026/07/30 19:21:27.477, 0, NVIDIA GeForce RTX 3080, 5973, 4079, 10240, 95, 97
2026/07/30 19:21:27.589, 0, NVIDIA GeForce RTX 3080, 5973, 4079, 10240, 95, 97
2026/07/30 19:21:27.701, 0, NVIDIA GeForce RTX 3080, 5973, 4079, 10240, 96, 98
2026/07/30 19:21:27.813, 0, NVIDIA GeForce RTX 3080, 5973, 4079, 10240, 96, 98
2026/07/30 19:21:27.925, 0, NVIDIA GeForce RTX 3080, 5973, 4079, 10240, 96, 98
2026/07/30 19:21:28.037, 0, NVIDIA GeForce RTX 3080, 5973, 4079, 10240, 96, 98
2026/07/30 19:21:28.149, 0, NVIDIA GeForce RTX 3080, 5973, 4079, 10240, 96, 98
2026/07/30 19:21:28.261, 0, NVIDIA GeForce RTX 3080, 5973, 4079, 10240, 95, 98
2026/07/30 19:21:28.373, 0, NVIDIA GeForce RTX 3080, 5973, 4079, 10240, 95, 98
2026/07/30 19:21:28.484, 0, NVIDIA GeForce RTX 3080, 5973, 4079, 10240, 95, 98
2026/07/30 19:21:28.596, 0, NVIDIA GeForce RTX 3080, 5973, 4079, 10240, 95, 98
2026/07/30 19:21:28.708, 0, NVIDIA GeForce RTX 3080, 5973, 4079, 10240, 95, 98
2026/07/30 19:21:28.820, 0, NVIDIA GeForce RTX 3080, 5973, 4079, 10240, 95, 98
2026/07/30 19:21:28.931, 0, NVIDIA GeForce RTX 3080, 5973, 4079, 10240, 95, 98
2026/07/30 19:21:29.043, 0, NVIDIA GeForce RTX 3080, 5973, 4079, 10240, 95, 98
2026/07/30 19:21:29.155, 0, NVIDIA GeForce RTX 3080, 5973, 4079, 10240, 95, 98
2026/07/30 19:21:29.267, 0, NVIDIA GeForce RTX 3080, 5973, 4079, 10240, 96, 97
2026/07/30 19:21:29.378, 0, NVIDIA GeForce RTX 3080, 5973, 4079, 10240, 96, 97
2026/07/30 19:21:29.490, 0, NVIDIA GeForce RTX 3080, 5973, 4079, 10240, 96, 97
2026/07/30 19:21:29.602, 0, NVIDIA GeForce RTX 3080, 5973, 4079, 10240, 96, 97
2026/07/30 19:21:29.713, 0, NVIDIA GeForce RTX 3080, 5973, 4079, 10240, 97, 98
2026/07/30 19:21:29.825, 0, NVIDIA GeForce RTX 3080, 5973, 4079, 10240, 97, 98
2026/07/30 19:21:29.935, 0, NVIDIA GeForce RTX 3080, 5973, 4079, 10240, 97, 98
2026/07/30 19:21:30.047, 0, NVIDIA GeForce RTX 3080, 5973, 4079, 10240, 97, 98
2026/07/30 19:21:30.159, 0, NVIDIA GeForce RTX 3080, 5973, 4079, 10240, 97, 98
2026/07/30 19:21:30.271, 0, NVIDIA GeForce RTX 3080, 5973, 4079, 10240, 97, 98
2026/07/30 19:21:30.383, 0, NVIDIA GeForce RTX 3080, 5973, 4079, 10240, 97, 98
2026/07/30 19:21:30.494, 0, NVIDIA GeForce RTX 3080, 5973, 4079, 10240, 97, 98
2026/07/30 19:21:30.605, 0, NVIDIA GeForce RTX 3080, 5973, 4079, 10240, 97, 98
2026/07/30 19:21:30.713, 0, NVIDIA GeForce RTX 3080, 5973, 4079, 10240, 94, 95
2026/07/30 19:21:30.822, 0, NVIDIA GeForce RTX 3080, 5973, 4079, 10240, 94, 95
2026/07/30 19:21:30.938, 0, NVIDIA GeForce RTX 3080, 5973, 4079, 10240, 94, 95
2026/07/30 19:21:31.049, 0, NVIDIA GeForce RTX 3080, 5973, 4079, 10240, 94, 95
2026/07/30 19:21:31.161, 0, NVIDIA GeForce RTX 3080, 5973, 4079, 10240, 94, 95
2026/07/30 19:21:31.272, 0, NVIDIA GeForce RTX 3080, 5973, 4079, 10240, 98, 98
2026/07/30 19:21:31.384, 0, NVIDIA GeForce RTX 3080, 5973, 4079, 10240, 98, 98
2026/07/30 19:21:31.496, 0, NVIDIA GeForce RTX 3080, 5973, 4079, 10240, 98, 98
2026/07/30 19:21:31.608, 0, NVIDIA GeForce RTX 3080, 5973, 4079, 10240, 98, 98
2026/07/30 19:21:31.720, 0, NVIDIA GeForce RTX 3080, 5973, 4079, 10240, 98, 98
2026/07/30 19:21:31.831, 0, NVIDIA GeForce RTX 3080, 5973, 4079, 10240, 98, 98
2026/07/30 19:21:31.943, 0, NVIDIA GeForce RTX 3080, 5973, 4079, 10240, 98, 98
2026/07/30 19:21:32.055, 0, NVIDIA GeForce RTX 3080, 5973, 4079, 10240, 98, 98
2026/07/30 19:21:32.167, 0, NVIDIA GeForce RTX 3080, 5973, 4079, 10240, 98, 98
2026/07/30 19:21:32.279, 0, NVIDIA GeForce RTX 3080, 5973, 4079, 10240, 98, 98
2026/07/30 19:21:32.391, 0, NVIDIA GeForce RTX 3080, 5973, 4079, 10240, 98, 98
2026/07/30 19:21:32.504, 0, NVIDIA GeForce RTX 3080, 5973, 4079, 10240, 98, 98
2026/07/30 19:21:32.613, 0, NVIDIA GeForce RTX 3080, 5973, 4079, 10240, 98, 98
2026/07/30 19:21:32.724, 0, NVIDIA GeForce RTX 3080, 5973, 4079, 10240, 97, 96
2026/07/30 19:21:32.833, 0, NVIDIA GeForce RTX 3080, 5973, 4079, 10240, 97, 96
2026/07/30 19:21:32.944, 0, NVIDIA GeForce RTX 3080, 5973, 4079, 10240, 97, 96
2026/07/30 19:21:33.056, 0, NVIDIA GeForce RTX 3080, 5973, 4079, 10240, 97, 96
2026/07/30 19:21:33.168, 0, NVIDIA GeForce RTX 3080, 5973, 4079, 10240, 97, 96
2026/07/30 19:21:33.280, 0, NVIDIA GeForce RTX 3080, 5973, 4079, 10240, 95, 97
2026/07/30 19:21:33.391, 0, NVIDIA GeForce RTX 3080, 5973, 4079, 10240, 95, 97
2026/07/30 19:21:33.503, 0, NVIDIA GeForce RTX 3080, 5973, 4079, 10240, 95, 97
2026/07/30 19:21:33.615, 0, NVIDIA GeForce RTX 3080, 5973, 4079, 10240, 95, 97
2026/07/30 19:21:33.726, 0, NVIDIA GeForce RTX 3080, 5973, 4079, 10240, 95, 98
2026/07/30 19:21:33.838, 0, NVIDIA GeForce RTX 3080, 5973, 4079, 10240, 95, 98
2026/07/30 19:21:33.950, 0, NVIDIA GeForce RTX 3080, 5973, 4079, 10240, 95, 98
2026/07/30 19:21:34.062, 0, NVIDIA GeForce RTX 3080, 5973, 4079, 10240, 95, 98
2026/07/30 19:21:34.174, 0, NVIDIA GeForce RTX 3080, 5973, 4079, 10240, 95, 98
2026/07/30 19:21:34.285, 0, NVIDIA GeForce RTX 3080, 5973, 4079, 10240, 95, 98
2026/07/30 19:21:34.397, 0, NVIDIA GeForce RTX 3080, 5973, 4079, 10240, 95, 98
2026/07/30 19:21:34.508, 0, NVIDIA GeForce RTX 3080, 5973, 4079, 10240, 95, 98
2026/07/30 19:21:34.620, 0, NVIDIA GeForce RTX 3080, 5973, 4079, 10240, 95, 98
2026/07/30 19:21:34.732, 0, NVIDIA GeForce RTX 3080, 5973, 4079, 10240, 95, 98
2026/07/30 19:21:34.844, 0, NVIDIA GeForce RTX 3080, 5973, 4079, 10240, 95, 98
2026/07/30 19:21:34.956, 0, NVIDIA GeForce RTX 3080, 5973, 4079, 10240, 95, 98
2026/07/30 19:21:35.068, 0, NVIDIA GeForce RTX 3080, 5973, 4079, 10240, 95, 98
2026/07/30 19:21:35.180, 0, NVIDIA GeForce RTX 3080, 5973, 4079, 10240, 95, 98
2026/07/30 19:21:35.292, 0, NVIDIA GeForce RTX 3080, 5973, 4079, 10240, 97, 98
2026/07/30 19:21:35.404, 0, NVIDIA GeForce RTX 3080, 5973, 4079, 10240, 97, 98
2026/07/30 19:21:35.514, 0, NVIDIA GeForce RTX 3080, 5973, 4079, 10240, 97, 98
2026/07/30 19:21:35.626, 0, NVIDIA GeForce RTX 3080, 5973, 4079, 10240, 97, 98
2026/07/30 19:21:35.738, 0, NVIDIA GeForce RTX 3080, 5973, 4079, 10240, 97, 98
2026/07/30 19:21:35.850, 0, NVIDIA GeForce RTX 3080, 5973, 4079, 10240, 97, 98
2026/07/30 19:21:35.962, 0, NVIDIA GeForce RTX 3080, 5973, 4079, 10240, 97, 98
2026/07/30 19:21:36.074, 0, NVIDIA GeForce RTX 3080, 5973, 4079, 10240, 97, 98
2026/07/30 19:21:36.186, 0, NVIDIA GeForce RTX 3080, 5973, 4079, 10240, 97, 98
2026/07/30 19:21:36.297, 0, NVIDIA GeForce RTX 3080, 5973, 4079, 10240, 96, 96
2026/07/30 19:21:36.409, 0, NVIDIA GeForce RTX 3080, 5973, 4079, 10240, 96, 96
2026/07/30 19:21:36.521, 0, NVIDIA GeForce RTX 3080, 5973, 4079, 10240, 96, 96
2026/07/30 19:21:36.633, 0, NVIDIA GeForce RTX 3080, 5973, 4079, 10240, 96, 96
2026/07/30 19:21:36.744, 0, NVIDIA GeForce RTX 3080, 5973, 4079, 10240, 95, 96
2026/07/30 19:21:36.856, 0, NVIDIA GeForce RTX 3080, 5973, 4079, 10240, 95, 96
2026/07/30 19:21:36.968, 0, NVIDIA GeForce RTX 3080, 5973, 4079, 10240, 95, 96
2026/07/30 19:21:37.080, 0, NVIDIA GeForce RTX 3080, 5973, 4079, 10240, 95, 96
2026/07/30 19:21:37.192, 0, NVIDIA GeForce RTX 3080, 5973, 4079, 10240, 96, 98
2026/07/30 19:21:37.303, 0, NVIDIA GeForce RTX 3080, 5973, 4079, 10240, 96, 98
2026/07/30 19:21:37.413, 0, NVIDIA GeForce RTX 3080, 5973, 4079, 10240, 96, 98
2026/07/30 19:21:37.525, 0, NVIDIA GeForce RTX 3080, 5973, 4079, 10240, 96, 98
2026/07/30 19:21:37.635, 0, NVIDIA GeForce RTX 3080, 5973, 4079, 10240, 96, 98
2026/07/30 19:21:37.747, 0, NVIDIA GeForce RTX 3080, 5973, 4079, 10240, 94, 97
2026/07/30 19:21:37.860, 0, NVIDIA GeForce RTX 3080, 5973, 4079, 10240, 94, 97
2026/07/30 19:21:37.970, 0, NVIDIA GeForce RTX 3080, 5973, 4079, 10240, 94, 97
2026/07/30 19:21:38.082, 0, NVIDIA GeForce RTX 3080, 5973, 4079, 10240, 94, 97
2026/07/30 19:21:38.193, 0, NVIDIA GeForce RTX 3080, 5973, 4079, 10240, 96, 98
2026/07/30 19:21:38.304, 0, NVIDIA GeForce RTX 3080, 5973, 4079, 10240, 96, 98
2026/07/30 19:21:38.415, 0, NVIDIA GeForce RTX 3080, 5973, 4079, 10240, 96, 98
2026/07/30 19:21:38.526, 0, NVIDIA GeForce RTX 3080, 5973, 4079, 10240, 96, 98
2026/07/30 19:21:38.637, 0, NVIDIA GeForce RTX 3080, 5973, 4079, 10240, 96, 98
2026/07/30 19:21:38.749, 0, NVIDIA GeForce RTX 3080, 5973, 4079, 10240, 96, 98
2026/07/30 19:21:38.860, 0, NVIDIA GeForce RTX 3080, 5973, 4079, 10240, 96, 98
2026/07/30 19:21:38.972, 0, NVIDIA GeForce RTX 3080, 5973, 4079, 10240, 96, 98
2026/07/30 19:21:39.084, 0, NVIDIA GeForce RTX 3080, 5973, 4079, 10240, 96, 98
2026/07/30 19:21:39.196, 0, NVIDIA GeForce RTX 3080, 5973, 4079, 10240, 97, 98
2026/07/30 19:21:39.307, 0, NVIDIA GeForce RTX 3080, 5973, 4079, 10240, 97, 98
2026/07/30 19:21:39.419, 0, NVIDIA GeForce RTX 3080, 5973, 4079, 10240, 97, 98
2026/07/30 19:21:39.531, 0, NVIDIA GeForce RTX 3080, 5973, 4079, 10240, 97, 98
2026/07/30 19:21:39.643, 0, NVIDIA GeForce RTX 3080, 5973, 4079, 10240, 97, 98
2026/07/30 19:21:39.755, 0, NVIDIA GeForce RTX 3080, 5973, 4079, 10240, 97, 98
2026/07/30 19:21:39.867, 0, NVIDIA GeForce RTX 3080, 5973, 4079, 10240, 97, 98
2026/07/30 19:21:39.979, 0, NVIDIA GeForce RTX 3080, 5973, 4079, 10240, 97, 98
2026/07/30 19:21:40.091, 0, NVIDIA GeForce RTX 3080, 5973, 4079, 10240, 97, 98
2026/07/30 19:21:40.204, 0, NVIDIA GeForce RTX 3080, 5973, 4079, 10240, 97, 98
2026/07/30 19:21:40.316, 0, NVIDIA GeForce RTX 3080, 5973, 4079, 10240, 97, 98
2026/07/30 19:21:40.428, 0, NVIDIA GeForce RTX 3080, 5973, 4079, 10240, 97, 98
2026/07/30 19:21:40.540, 0, NVIDIA GeForce RTX 3080, 5973, 4079, 10240, 97, 98
2026/07/30 19:21:40.651, 0, NVIDIA GeForce RTX 3080, 5973, 4079, 10240, 97, 98
2026/07/30 19:21:40.763, 0, NVIDIA GeForce RTX 3080, 5973, 4079, 10240, 96, 96
2026/07/30 19:21:40.875, 0, NVIDIA GeForce RTX 3080, 5973, 4079, 10240, 96, 96
2026/07/30 19:21:40.987, 0, NVIDIA GeForce RTX 3080, 5973, 4079, 10240, 96, 96
2026/07/30 19:21:41.099, 0, NVIDIA GeForce RTX 3080, 5973, 4079, 10240, 96, 96
2026/07/30 19:21:41.211, 0, NVIDIA GeForce RTX 3080, 5973, 4079, 10240, 98, 98
2026/07/30 19:21:41.323, 0, NVIDIA GeForce RTX 3080, 5973, 4079, 10240, 98, 98
2026/07/30 19:21:41.435, 0, NVIDIA GeForce RTX 3080, 5973, 4079, 10240, 98, 98
2026/07/30 19:21:41.547, 0, NVIDIA GeForce RTX 3080, 5973, 4079, 10240, 98, 98
2026/07/30 19:21:41.659, 0, NVIDIA GeForce RTX 3080, 5973, 4079, 10240, 98, 98
2026/07/30 19:21:41.771, 0, NVIDIA GeForce RTX 3080, 5973, 4079, 10240, 98, 98
2026/07/30 19:21:41.883, 0, NVIDIA GeForce RTX 3080, 5973, 4079, 10240, 98, 98
2026/07/30 19:21:41.994, 0, NVIDIA GeForce RTX 3080, 5973, 4079, 10240, 98, 98
2026/07/30 19:21:42.106, 0, NVIDIA GeForce RTX 3080, 5973, 4079, 10240, 98, 98
2026/07/30 19:21:42.218, 0, NVIDIA GeForce RTX 3080, 5973, 4079, 10240, 97, 96
2026/07/30 19:21:42.330, 0, NVIDIA GeForce RTX 3080, 5973, 4079, 10240, 97, 96
2026/07/30 19:21:42.442, 0, NVIDIA GeForce RTX 3080, 5973, 4079, 10240, 97, 96
2026/07/30 19:21:42.554, 0, NVIDIA GeForce RTX 3080, 5973, 4079, 10240, 97, 96
2026/07/30 19:21:42.666, 0, NVIDIA GeForce RTX 3080, 5973, 4079, 10240, 97, 96
2026/07/30 19:21:42.777, 0, NVIDIA GeForce RTX 3080, 5973, 4079, 10240, 95, 98
2026/07/30 19:21:42.889, 0, NVIDIA GeForce RTX 3080, 5973, 4079, 10240, 95, 98
2026/07/30 19:21:43.001, 0, NVIDIA GeForce RTX 3080, 5973, 4079, 10240, 95, 98
2026/07/30 19:21:43.113, 0, NVIDIA GeForce RTX 3080, 5973, 4079, 10240, 95, 98
2026/07/30 19:21:43.224, 0, NVIDIA GeForce RTX 3080, 5973, 4079, 10240, 96, 98
2026/07/30 19:21:43.335, 0, NVIDIA GeForce RTX 3080, 5973, 4079, 10240, 96, 98
2026/07/30 19:21:43.445, 0, NVIDIA GeForce RTX 3080, 5973, 4079, 10240, 96, 98
2026/07/30 19:21:43.556, 0, NVIDIA GeForce RTX 3080, 5973, 4079, 10240, 96, 98
2026/07/30 19:21:43.666, 0, NVIDIA GeForce RTX 3080, 5973, 4079, 10240, 96, 98
2026/07/30 19:21:43.775, 0, NVIDIA GeForce RTX 3080, 5973, 4079, 10240, 94, 97
2026/07/30 19:21:43.885, 0, NVIDIA GeForce RTX 3080, 5973, 4079, 10240, 94, 97
2026/07/30 19:21:43.995, 0, NVIDIA GeForce RTX 3080, 5973, 4079, 10240, 94, 97
2026/07/30 19:21:44.104, 0, NVIDIA GeForce RTX 3080, 5973, 4079, 10240, 94, 97
2026/07/30 19:21:44.213, 0, NVIDIA GeForce RTX 3080, 5973, 4079, 10240, 95, 98
2026/07/30 19:21:44.325, 0, NVIDIA GeForce RTX 3080, 5973, 4079, 10240, 95, 98
2026/07/30 19:21:44.436, 0, NVIDIA GeForce RTX 3080, 5973, 4079, 10240, 95, 98
2026/07/30 19:21:44.548, 0, NVIDIA GeForce RTX 3080, 5973, 4079, 10240, 95, 98
2026/07/30 19:21:44.660, 0, NVIDIA GeForce RTX 3080, 5973, 4079, 10240, 95, 98
2026/07/30 19:21:44.772, 0, NVIDIA GeForce RTX 3080, 5973, 4079, 10240, 97, 98
2026/07/30 19:21:44.884, 0, NVIDIA GeForce RTX 3080, 5973, 4079, 10240, 97, 98
2026/07/30 19:21:44.994, 0, NVIDIA GeForce RTX 3080, 5973, 4079, 10240, 97, 98
2026/07/30 19:21:45.106, 0, NVIDIA GeForce RTX 3080, 5973, 4079, 10240, 97, 98
2026/07/30 19:21:45.217, 0, NVIDIA GeForce RTX 3080, 5973, 4079, 10240, 97, 98
2026/07/30 19:21:45.328, 0, NVIDIA GeForce RTX 3080, 5973, 4079, 10240, 97, 98
2026/07/30 19:21:45.440, 0, NVIDIA GeForce RTX 3080, 5973, 4079, 10240, 97, 98
2026/07/30 19:21:45.551, 0, NVIDIA GeForce RTX 3080, 5973, 4079, 10240, 97, 98
2026/07/30 19:21:45.661, 0, NVIDIA GeForce RTX 3080, 5973, 4079, 10240, 97, 98
2026/07/30 19:21:45.769, 0, NVIDIA GeForce RTX 3080, 5973, 4079, 10240, 97, 98
2026/07/30 19:21:45.878, 0, NVIDIA GeForce RTX 3080, 5973, 4079, 10240, 97, 98
2026/07/30 19:21:45.988, 0, NVIDIA GeForce RTX 3080, 5973, 4079, 10240, 97, 98
2026/07/30 19:21:46.100, 0, NVIDIA GeForce RTX 3080, 5973, 4079, 10240, 97, 98
2026/07/30 19:21:46.212, 0, NVIDIA GeForce RTX 3080, 5973, 4079, 10240, 97, 98
2026/07/30 19:21:46.324, 0, NVIDIA GeForce RTX 3080, 5973, 4079, 10240, 97, 98
2026/07/30 19:21:46.435, 0, NVIDIA GeForce RTX 3080, 5973, 4079, 10240, 97, 98
2026/07/30 19:21:46.547, 0, NVIDIA GeForce RTX 3080, 5973, 4079, 10240, 97, 98
2026/07/30 19:21:46.659, 0, NVIDIA GeForce RTX 3080, 5973, 4079, 10240, 97, 98
2026/07/30 19:21:46.771, 0, NVIDIA GeForce RTX 3080, 5973, 4079, 10240, 95, 98
2026/07/30 19:21:46.884, 0, NVIDIA GeForce RTX 3080, 5973, 4079, 10240, 95, 98
2026/07/30 19:21:46.996, 0, NVIDIA GeForce RTX 3080, 5973, 4079, 10240, 95, 98
2026/07/30 19:21:47.108, 0, NVIDIA GeForce RTX 3080, 5973, 4079, 10240, 95, 98
2026/07/30 19:21:47.220, 0, NVIDIA GeForce RTX 3080, 5973, 4079, 10240, 96, 98
2026/07/30 19:21:47.331, 0, NVIDIA GeForce RTX 3080, 5973, 4079, 10240, 96, 98
2026/07/30 19:21:47.442, 0, NVIDIA GeForce RTX 3080, 5973, 4079, 10240, 96, 98
2026/07/30 19:21:47.554, 0, NVIDIA GeForce RTX 3080, 5973, 4079, 10240, 96, 98
2026/07/30 19:21:47.666, 0, NVIDIA GeForce RTX 3080, 5973, 4079, 10240, 96, 98
2026/07/30 19:21:47.777, 0, NVIDIA GeForce RTX 3080, 5973, 4079, 10240, 95, 98
2026/07/30 19:21:47.888, 0, NVIDIA GeForce RTX 3080, 5973, 4079, 10240, 95, 98
2026/07/30 19:21:47.999, 0, NVIDIA GeForce RTX 3080, 5973, 4079, 10240, 95, 98
2026/07/30 19:21:48.111, 0, NVIDIA GeForce RTX 3080, 5973, 4079, 10240, 95, 98
2026/07/30 19:21:48.222, 0, NVIDIA GeForce RTX 3080, 5973, 4079, 10240, 96, 98
2026/07/30 19:21:48.333, 0, NVIDIA GeForce RTX 3080, 5973, 4079, 10240, 96, 98
2026/07/30 19:21:48.444, 0, NVIDIA GeForce RTX 3080, 5973, 4079, 10240, 96, 98
2026/07/30 19:21:48.556, 0, NVIDIA GeForce RTX 3080, 5973, 4079, 10240, 96, 98
2026/07/30 19:21:48.668, 0, NVIDIA GeForce RTX 3080, 5973, 4079, 10240, 96, 98
2026/07/30 19:21:48.780, 0, NVIDIA GeForce RTX 3080, 5973, 4079, 10240, 97, 98
2026/07/30 19:21:48.892, 0, NVIDIA GeForce RTX 3080, 5973, 4079, 10240, 97, 98
2026/07/30 19:21:49.004, 0, NVIDIA GeForce RTX 3080, 5973, 4079, 10240, 97, 98
2026/07/30 19:21:49.116, 0, NVIDIA GeForce RTX 3080, 5973, 4079, 10240, 97, 98
2026/07/30 19:21:49.228, 0, NVIDIA GeForce RTX 3080, 5973, 4079, 10240, 97, 98
2026/07/30 19:21:49.340, 0, NVIDIA GeForce RTX 3080, 5973, 4079, 10240, 97, 98
2026/07/30 19:21:49.452, 0, NVIDIA GeForce RTX 3080, 5973, 4079, 10240, 97, 98
2026/07/30 19:21:49.563, 0, NVIDIA GeForce RTX 3080, 5973, 4079, 10240, 97, 98
2026/07/30 19:21:49.674, 0, NVIDIA GeForce RTX 3080, 5973, 4079, 10240, 97, 98
2026/07/30 19:21:49.786, 0, NVIDIA GeForce RTX 3080, 5973, 4079, 10240, 95, 97
2026/07/30 19:21:49.898, 0, NVIDIA GeForce RTX 3080, 5973, 4079, 10240, 95, 97
2026/07/30 19:21:50.010, 0, NVIDIA GeForce RTX 3080, 5973, 4079, 10240, 95, 97
2026/07/30 19:21:50.121, 0, NVIDIA GeForce RTX 3080, 5973, 4079, 10240, 95, 97
2026/07/30 19:21:50.233, 0, NVIDIA GeForce RTX 3080, 5973, 4079, 10240, 96, 97
2026/07/30 19:21:50.345, 0, NVIDIA GeForce RTX 3080, 5973, 4079, 10240, 96, 97
2026/07/30 19:21:50.457, 0, NVIDIA GeForce RTX 3080, 5973, 4079, 10240, 96, 97
2026/07/30 19:21:50.568, 0, NVIDIA GeForce RTX 3080, 5973, 4079, 10240, 96, 97
2026/07/30 19:21:50.677, 0, NVIDIA GeForce RTX 3080, 5973, 4079, 10240, 96, 97
2026/07/30 19:21:50.787, 0, NVIDIA GeForce RTX 3080, 5973, 4079, 10240, 98, 98
2026/07/30 19:21:50.897, 0, NVIDIA GeForce RTX 3080, 5973, 4079, 10240, 98, 98
2026/07/30 19:21:51.008, 0, NVIDIA GeForce RTX 3080, 5973, 4079, 10240, 98, 98
2026/07/30 19:21:51.120, 0, NVIDIA GeForce RTX 3080, 5973, 4079, 10240, 98, 98
2026/07/30 19:21:51.232, 0, NVIDIA GeForce RTX 3080, 5973, 4079, 10240, 97, 97
2026/07/30 19:21:51.343, 0, NVIDIA GeForce RTX 3080, 5973, 4079, 10240, 97, 97
2026/07/30 19:21:51.455, 0, NVIDIA GeForce RTX 3080, 5973, 4079, 10240, 97, 97
2026/07/30 19:21:51.567, 0, NVIDIA GeForce RTX 3080, 5973, 4079, 10240, 97, 97
2026/07/30 19:21:51.679, 0, NVIDIA GeForce RTX 3080, 5973, 4079, 10240, 97, 97
2026/07/30 19:21:51.791, 0, NVIDIA GeForce RTX 3080, 5973, 4079, 10240, 98, 98
2026/07/30 19:21:51.903, 0, NVIDIA GeForce RTX 3080, 5973, 4079, 10240, 98, 98
2026/07/30 19:21:52.015, 0, NVIDIA GeForce RTX 3080, 5973, 4079, 10240, 98, 98
2026/07/30 19:21:52.127, 0, NVIDIA GeForce RTX 3080, 5973, 4079, 10240, 98, 98
2026/07/30 19:21:52.239, 0, NVIDIA GeForce RTX 3080, 5973, 4079, 10240, 97, 97
2026/07/30 19:21:52.351, 0, NVIDIA GeForce RTX 3080, 5973, 4079, 10240, 97, 97
2026/07/30 19:21:52.463, 0, NVIDIA GeForce RTX 3080, 5973, 4079, 10240, 97, 97
2026/07/30 19:21:52.574, 0, NVIDIA GeForce RTX 3080, 5973, 4079, 10240, 97, 97
2026/07/30 19:21:52.686, 0, NVIDIA GeForce RTX 3080, 5973, 4079, 10240, 97, 97
2026/07/30 19:21:52.798, 0, NVIDIA GeForce RTX 3080, 5973, 4079, 10240, 95, 98
2026/07/30 19:21:52.910, 0, NVIDIA GeForce RTX 3080, 5973, 4079, 10240, 95, 98
2026/07/30 19:21:53.022, 0, NVIDIA GeForce RTX 3080, 5973, 4079, 10240, 95, 98
2026/07/30 19:21:53.134, 0, NVIDIA GeForce RTX 3080, 5973, 4079, 10240, 95, 98
2026/07/30 19:21:53.246, 0, NVIDIA GeForce RTX 3080, 5973, 4079, 10240, 95, 97
2026/07/30 19:21:53.359, 0, NVIDIA GeForce RTX 3080, 5973, 4079, 10240, 95, 97
2026/07/30 19:21:53.471, 0, NVIDIA GeForce RTX 3080, 5973, 4079, 10240, 95, 97
2026/07/30 19:21:53.582, 0, NVIDIA GeForce RTX 3080, 5973, 4079, 10240, 95, 97
2026/07/30 19:21:53.694, 0, NVIDIA GeForce RTX 3080, 5973, 4079, 10240, 95, 98
2026/07/30 19:21:53.806, 0, NVIDIA GeForce RTX 3080, 5973, 4079, 10240, 95, 98
2026/07/30 19:21:53.918, 0, NVIDIA GeForce RTX 3080, 5973, 4079, 10240, 95, 98
2026/07/30 19:21:54.030, 0, NVIDIA GeForce RTX 3080, 5973, 4079, 10240, 95, 98
2026/07/30 19:21:54.142, 0, NVIDIA GeForce RTX 3080, 5973, 4079, 10240, 95, 98
2026/07/30 19:21:54.254, 0, NVIDIA GeForce RTX 3080, 5973, 4079, 10240, 93, 96
2026/07/30 19:21:54.366, 0, NVIDIA GeForce RTX 3080, 5973, 4079, 10240, 93, 96
2026/07/30 19:21:54.478, 0, NVIDIA GeForce RTX 3080, 5973, 4079, 10240, 93, 96
2026/07/30 19:21:54.589, 0, NVIDIA GeForce RTX 3080, 5973, 4079, 10240, 93, 96
2026/07/30 19:21:54.701, 0, NVIDIA GeForce RTX 3080, 5973, 4079, 10240, 97, 98
2026/07/30 19:21:54.813, 0, NVIDIA GeForce RTX 3080, 5973, 4079, 10240, 97, 98
2026/07/30 19:21:54.925, 0, NVIDIA GeForce RTX 3080, 5973, 4079, 10240, 97, 98
2026/07/30 19:21:55.037, 0, NVIDIA GeForce RTX 3080, 5973, 4079, 10240, 97, 98
2026/07/30 19:21:55.149, 0, NVIDIA GeForce RTX 3080, 5973, 4079, 10240, 97, 98
2026/07/30 19:21:55.261, 0, NVIDIA GeForce RTX 3080, 5973, 4079, 10240, 97, 98
2026/07/30 19:21:55.373, 0, NVIDIA GeForce RTX 3080, 5973, 4079, 10240, 97, 98
2026/07/30 19:21:55.485, 0, NVIDIA GeForce RTX 3080, 5973, 4079, 10240, 97, 98
2026/07/30 19:21:55.597, 0, NVIDIA GeForce RTX 3080, 5973, 4079, 10240, 97, 98
2026/07/30 19:21:55.709, 0, NVIDIA GeForce RTX 3080, 5973, 4079, 10240, 97, 98
2026/07/30 19:21:55.821, 0, NVIDIA GeForce RTX 3080, 5973, 4079, 10240, 97, 98
2026/07/30 19:21:55.933, 0, NVIDIA GeForce RTX 3080, 5973, 4079, 10240, 97, 98
2026/07/30 19:21:56.045, 0, NVIDIA GeForce RTX 3080, 5973, 4079, 10240, 97, 98
2026/07/30 19:21:56.157, 0, NVIDIA GeForce RTX 3080, 5973, 4079, 10240, 97, 98
2026/07/30 19:21:56.269, 0, NVIDIA GeForce RTX 3080, 5973, 4079, 10240, 95, 97
2026/07/30 19:21:56.381, 0, NVIDIA GeForce RTX 3080, 5973, 4079, 10240, 95, 97
2026/07/30 19:21:56.493, 0, NVIDIA GeForce RTX 3080, 5973, 4079, 10240, 95, 97
2026/07/30 19:21:56.605, 0, NVIDIA GeForce RTX 3080, 5973, 4079, 10240, 95, 97
2026/07/30 19:21:56.717, 0, NVIDIA GeForce RTX 3080, 5973, 4079, 10240, 94, 96
2026/07/30 19:21:56.829, 0, NVIDIA GeForce RTX 3080, 5973, 4079, 10240, 94, 96
2026/07/30 19:21:56.941, 0, NVIDIA GeForce RTX 3080, 5973, 4079, 10240, 94, 96
2026/07/30 19:21:57.053, 0, NVIDIA GeForce RTX 3080, 5973, 4079, 10240, 94, 96
2026/07/30 19:21:57.165, 0, NVIDIA GeForce RTX 3080, 5973, 4079, 10240, 94, 96
2026/07/30 19:21:57.277, 0, NVIDIA GeForce RTX 3080, 5973, 4079, 10240, 95, 97
2026/07/30 19:21:57.387, 0, NVIDIA GeForce RTX 3080, 5973, 4079, 10240, 95, 97
2026/07/30 19:21:57.498, 0, NVIDIA GeForce RTX 3080, 5973, 4079, 10240, 95, 97
2026/07/30 19:21:57.610, 0, NVIDIA GeForce RTX 3080, 5973, 4079, 10240, 95, 97
2026/07/30 19:21:57.722, 0, NVIDIA GeForce RTX 3080, 5973, 4079, 10240, 96, 98
2026/07/30 19:21:57.834, 0, NVIDIA GeForce RTX 3080, 5973, 4079, 10240, 96, 98
2026/07/30 19:21:57.946, 0, NVIDIA GeForce RTX 3080, 5973, 4079, 10240, 96, 98
2026/07/30 19:21:58.058, 0, NVIDIA GeForce RTX 3080, 5973, 4079, 10240, 96, 98
2026/07/30 19:21:58.170, 0, NVIDIA GeForce RTX 3080, 5973, 4079, 10240, 96, 98
2026/07/30 19:21:58.282, 0, NVIDIA GeForce RTX 3080, 5973, 4079, 10240, 96, 98
2026/07/30 19:21:58.394, 0, NVIDIA GeForce RTX 3080, 5973, 4079, 10240, 96, 98
2026/07/30 19:21:58.506, 0, NVIDIA GeForce RTX 3080, 5973, 4079, 10240, 96, 98
2026/07/30 19:21:58.617, 0, NVIDIA GeForce RTX 3080, 5973, 4079, 10240, 96, 98
2026/07/30 19:21:58.726, 0, NVIDIA GeForce RTX 3080, 5973, 4079, 10240, 97, 98
2026/07/30 19:21:58.836, 0, NVIDIA GeForce RTX 3080, 5973, 4079, 10240, 97, 98
2026/07/30 19:21:58.945, 0, NVIDIA GeForce RTX 3080, 5973, 4079, 10240, 97, 98
2026/07/30 19:21:59.054, 0, NVIDIA GeForce RTX 3080, 5973, 4079, 10240, 97, 98
2026/07/30 19:21:59.163, 0, NVIDIA GeForce RTX 3080, 5973, 4079, 10240, 97, 98
2026/07/30 19:21:59.272, 0, NVIDIA GeForce RTX 3080, 5973, 4079, 10240, 97, 98
2026/07/30 19:21:59.381, 0, NVIDIA GeForce RTX 3080, 5973, 4079, 10240, 97, 98
2026/07/30 19:21:59.492, 0, NVIDIA GeForce RTX 3080, 5973, 4079, 10240, 97, 98
2026/07/30 19:21:59.603, 0, NVIDIA GeForce RTX 3080, 5973, 4079, 10240, 97, 98
2026/07/30 19:21:59.715, 0, NVIDIA GeForce RTX 3080, 5973, 4079, 10240, 97, 98
2026/07/30 19:21:59.827, 0, NVIDIA GeForce RTX 3080, 5973, 4079, 10240, 97, 98
2026/07/30 19:21:59.939, 0, NVIDIA GeForce RTX 3080, 5973, 4079, 10240, 97, 98
2026/07/30 19:22:00.050, 0, NVIDIA GeForce RTX 3080, 5973, 4079, 10240, 97, 98
2026/07/30 19:22:00.162, 0, NVIDIA GeForce RTX 3080, 5973, 4079, 10240, 97, 98
2026/07/30 19:22:00.274, 0, NVIDIA GeForce RTX 3080, 5973, 4079, 10240, 98, 97
2026/07/30 19:22:00.386, 0, NVIDIA GeForce RTX 3080, 5973, 4079, 10240, 98, 97
2026/07/30 19:22:00.498, 0, NVIDIA GeForce RTX 3080, 5973, 4079, 10240, 98, 97
2026/07/30 19:22:00.609, 0, NVIDIA GeForce RTX 3080, 5973, 4079, 10240, 98, 97
2026/07/30 19:22:00.722, 0, NVIDIA GeForce RTX 3080, 5973, 4079, 10240, 98, 98
2026/07/30 19:22:00.834, 0, NVIDIA GeForce RTX 3080, 5973, 4079, 10240, 98, 98
2026/07/30 19:22:00.945, 0, NVIDIA GeForce RTX 3080, 5973, 4079, 10240, 98, 98
2026/07/30 19:22:01.057, 0, NVIDIA GeForce RTX 3080, 5973, 4079, 10240, 98, 98
2026/07/30 19:22:01.169, 0, NVIDIA GeForce RTX 3080, 5973, 4079, 10240, 98, 98
2026/07/30 19:22:01.281, 0, NVIDIA GeForce RTX 3080, 5973, 4079, 10240, 97, 98
2026/07/30 19:22:01.393, 0, NVIDIA GeForce RTX 3080, 5973, 4079, 10240, 97, 98
2026/07/30 19:22:01.505, 0, NVIDIA GeForce RTX 3080, 5973, 4079, 10240, 97, 98
2026/07/30 19:22:01.617, 0, NVIDIA GeForce RTX 3080, 5973, 4079, 10240, 97, 98
2026/07/30 19:22:01.729, 0, NVIDIA GeForce RTX 3080, 5973, 4079, 10240, 98, 98
2026/07/30 19:22:01.840, 0, NVIDIA GeForce RTX 3080, 5973, 4079, 10240, 98, 98
2026/07/30 19:22:01.952, 0, NVIDIA GeForce RTX 3080, 5973, 4079, 10240, 98, 98
2026/07/30 19:22:02.064, 0, NVIDIA GeForce RTX 3080, 5973, 4079, 10240, 98, 98
2026/07/30 19:22:02.176, 0, NVIDIA GeForce RTX 3080, 5973, 4079, 10240, 98, 98
2026/07/30 19:22:02.288, 0, NVIDIA GeForce RTX 3080, 5973, 4079, 10240, 96, 98
2026/07/30 19:22:02.398, 0, NVIDIA GeForce RTX 3080, 5973, 4079, 10240, 96, 98
2026/07/30 19:22:02.510, 0, NVIDIA GeForce RTX 3080, 5973, 4079, 10240, 96, 98
2026/07/30 19:22:02.622, 0, NVIDIA GeForce RTX 3080, 5973, 4079, 10240, 96, 98
2026/07/30 19:22:02.733, 0, NVIDIA GeForce RTX 3080, 5973, 4079, 10240, 95, 98
2026/07/30 19:22:02.843, 0, NVIDIA GeForce RTX 3080, 5973, 4079, 10240, 95, 98
2026/07/30 19:22:02.954, 0, NVIDIA GeForce RTX 3080, 5973, 4079, 10240, 95, 98
2026/07/30 19:22:03.066, 0, NVIDIA GeForce RTX 3080, 5973, 4079, 10240, 95, 98
2026/07/30 19:22:03.178, 0, NVIDIA GeForce RTX 3080, 5973, 4079, 10240, 95, 98
2026/07/30 19:22:03.290, 0, NVIDIA GeForce RTX 3080, 5973, 4079, 10240, 96, 98
2026/07/30 19:22:03.401, 0, NVIDIA GeForce RTX 3080, 5973, 4079, 10240, 96, 98
2026/07/30 19:22:03.512, 0, NVIDIA GeForce RTX 3080, 5973, 4079, 10240, 96, 98
2026/07/30 19:22:03.620, 0, NVIDIA GeForce RTX 3080, 5973, 4079, 10240, 96, 98
2026/07/30 19:22:03.730, 0, NVIDIA GeForce RTX 3080, 5973, 4079, 10240, 95, 98
2026/07/30 19:22:03.839, 0, NVIDIA GeForce RTX 3080, 5973, 4079, 10240, 95, 98
2026/07/30 19:22:03.948, 0, NVIDIA GeForce RTX 3080, 5973, 4079, 10240, 95, 98
2026/07/30 19:22:04.058, 0, NVIDIA GeForce RTX 3080, 5973, 4079, 10240, 95, 98
2026/07/30 19:22:04.167, 0, NVIDIA GeForce RTX 3080, 5973, 4079, 10240, 95, 98
2026/07/30 19:22:04.277, 0, NVIDIA GeForce RTX 3080, 5973, 4079, 10240, 97, 97
2026/07/30 19:22:04.389, 0, NVIDIA GeForce RTX 3080, 5973, 4079, 10240, 97, 97
2026/07/30 19:22:04.501, 0, NVIDIA GeForce RTX 3080, 5973, 4079, 10240, 97, 97
2026/07/30 19:22:04.613, 0, NVIDIA GeForce RTX 3080, 5973, 4079, 10240, 97, 97
2026/07/30 19:22:04.725, 0, NVIDIA GeForce RTX 3080, 5973, 4079, 10240, 97, 97
2026/07/30 19:22:04.837, 0, NVIDIA GeForce RTX 3080, 5973, 4079, 10240, 97, 97
2026/07/30 19:22:04.948, 0, NVIDIA GeForce RTX 3080, 5973, 4079, 10240, 97, 97
2026/07/30 19:22:05.060, 0, NVIDIA GeForce RTX 3080, 5973, 4079, 10240, 97, 97
2026/07/30 19:22:05.172, 0, NVIDIA GeForce RTX 3080, 5973, 4079, 10240, 97, 97
2026/07/30 19:22:05.284, 0, NVIDIA GeForce RTX 3080, 5973, 4079, 10240, 98, 98
2026/07/30 19:22:05.395, 0, NVIDIA GeForce RTX 3080, 5973, 4079, 10240, 98, 98
2026/07/30 19:22:05.507, 0, NVIDIA GeForce RTX 3080, 5973, 4079, 10240, 98, 98
2026/07/30 19:22:05.618, 0, NVIDIA GeForce RTX 3080, 5973, 4079, 10240, 98, 98
2026/07/30 19:22:05.728, 0, NVIDIA GeForce RTX 3080, 5973, 4079, 10240, 97, 98
2026/07/30 19:22:05.836, 0, NVIDIA GeForce RTX 3080, 5973, 4079, 10240, 97, 98
2026/07/30 19:22:05.948, 0, NVIDIA GeForce RTX 3080, 5973, 4079, 10240, 97, 98
2026/07/30 19:22:06.060, 0, NVIDIA GeForce RTX 3080, 5973, 4079, 10240, 97, 98
2026/07/30 19:22:06.172, 0, NVIDIA GeForce RTX 3080, 5973, 4079, 10240, 97, 98
2026/07/30 19:22:06.283, 0, NVIDIA GeForce RTX 3080, 5973, 4079, 10240, 96, 98
2026/07/30 19:22:06.395, 0, NVIDIA GeForce RTX 3080, 5973, 4079, 10240, 96, 98
2026/07/30 19:22:06.507, 0, NVIDIA GeForce RTX 3080, 5973, 4079, 10240, 96, 98
2026/07/30 19:22:06.618, 0, NVIDIA GeForce RTX 3080, 5973, 4079, 10240, 96, 98
2026/07/30 19:22:06.730, 0, NVIDIA GeForce RTX 3080, 5973, 4079, 10240, 96, 98
2026/07/30 19:22:06.840, 0, NVIDIA GeForce RTX 3080, 5973, 4079, 10240, 96, 98
2026/07/30 19:22:06.952, 0, NVIDIA GeForce RTX 3080, 5973, 4079, 10240, 96, 98
2026/07/30 19:22:07.063, 0, NVIDIA GeForce RTX 3080, 5973, 4079, 10240, 96, 98
2026/07/30 19:22:07.175, 0, NVIDIA GeForce RTX 3080, 5973, 4079, 10240, 96, 98
2026/07/30 19:22:07.287, 0, NVIDIA GeForce RTX 3080, 5973, 4079, 10240, 96, 98
2026/07/30 19:22:07.399, 0, NVIDIA GeForce RTX 3080, 5973, 4079, 10240, 96, 98
2026/07/30 19:22:07.511, 0, NVIDIA GeForce RTX 3080, 5973, 4079, 10240, 96, 98
2026/07/30 19:22:07.623, 0, NVIDIA GeForce RTX 3080, 5973, 4079, 10240, 96, 98
2026/07/30 19:22:07.735, 0, NVIDIA GeForce RTX 3080, 5973, 4079, 10240, 96, 98
2026/07/30 19:22:07.847, 0, NVIDIA GeForce RTX 3080, 5973, 4079, 10240, 96, 98
2026/07/30 19:22:07.958, 0, NVIDIA GeForce RTX 3080, 5973, 4079, 10240, 96, 98
2026/07/30 19:22:08.070, 0, NVIDIA GeForce RTX 3080, 5973, 4079, 10240, 96, 98
2026/07/30 19:22:08.181, 0, NVIDIA GeForce RTX 3080, 5973, 4079, 10240, 96, 98
2026/07/30 19:22:08.293, 0, NVIDIA GeForce RTX 3080, 5973, 4079, 10240, 97, 98
2026/07/30 19:22:08.404, 0, NVIDIA GeForce RTX 3080, 5973, 4079, 10240, 97, 98
2026/07/30 19:22:08.515, 0, NVIDIA GeForce RTX 3080, 5973, 4079, 10240, 97, 98
2026/07/30 19:22:08.626, 0, NVIDIA GeForce RTX 3080, 5973, 4079, 10240, 97, 98
2026/07/30 19:22:08.738, 0, NVIDIA GeForce RTX 3080, 5973, 4079, 10240, 97, 98
2026/07/30 19:22:08.850, 0, NVIDIA GeForce RTX 3080, 5973, 4079, 10240, 97, 98
2026/07/30 19:22:08.962, 0, NVIDIA GeForce RTX 3080, 5973, 4079, 10240, 97, 98
2026/07/30 19:22:09.074, 0, NVIDIA GeForce RTX 3080, 5973, 4079, 10240, 97, 98
2026/07/30 19:22:09.186, 0, NVIDIA GeForce RTX 3080, 5973, 4079, 10240, 97, 98
2026/07/30 19:22:09.298, 0, NVIDIA GeForce RTX 3080, 5973, 4079, 10240, 96, 97
2026/07/30 19:22:09.410, 0, NVIDIA GeForce RTX 3080, 5973, 4079, 10240, 96, 97
2026/07/30 19:22:09.522, 0, NVIDIA GeForce RTX 3080, 5973, 4079, 10240, 96, 97
2026/07/30 19:22:09.632, 0, NVIDIA GeForce RTX 3080, 5973, 4079, 10240, 96, 97
2026/07/30 19:22:09.744, 0, NVIDIA GeForce RTX 3080, 5973, 4079, 10240, 97, 98
2026/07/30 19:22:09.857, 0, NVIDIA GeForce RTX 3080, 5973, 4079, 10240, 97, 98
2026/07/30 19:22:09.969, 0, NVIDIA GeForce RTX 3080, 5973, 4079, 10240, 97, 98
2026/07/30 19:22:10.081, 0, NVIDIA GeForce RTX 3080, 5973, 4079, 10240, 97, 98
2026/07/30 19:22:10.193, 0, NVIDIA GeForce RTX 3080, 5973, 4079, 10240, 97, 98
2026/07/30 19:22:10.305, 0, NVIDIA GeForce RTX 3080, 5973, 4079, 10240, 98, 98
2026/07/30 19:22:10.417, 0, NVIDIA GeForce RTX 3080, 5973, 4079, 10240, 98, 98
2026/07/30 19:22:10.529, 0, NVIDIA GeForce RTX 3080, 5973, 4079, 10240, 98, 98
2026/07/30 19:22:10.639, 0, NVIDIA GeForce RTX 3080, 5973, 4079, 10240, 98, 98
2026/07/30 19:22:10.749, 0, NVIDIA GeForce RTX 3080, 5973, 4079, 10240, 98, 98
2026/07/30 19:22:10.859, 0, NVIDIA GeForce RTX 3080, 5973, 4079, 10240, 98, 98
2026/07/30 19:22:10.969, 0, NVIDIA GeForce RTX 3080, 5973, 4079, 10240, 98, 98
2026/07/30 19:22:11.081, 0, NVIDIA GeForce RTX 3080, 5973, 4079, 10240, 98, 98
2026/07/30 19:22:11.193, 0, NVIDIA GeForce RTX 3080, 5973, 4079, 10240, 98, 98
2026/07/30 19:22:11.305, 0, NVIDIA GeForce RTX 3080, 5973, 4079, 10240, 98, 98
2026/07/30 19:22:11.416, 0, NVIDIA GeForce RTX 3080, 5973, 4079, 10240, 98, 98
2026/07/30 19:22:11.528, 0, NVIDIA GeForce RTX 3080, 5973, 4079, 10240, 98, 98
2026/07/30 19:22:11.640, 0, NVIDIA GeForce RTX 3080, 5973, 4079, 10240, 98, 98
2026/07/30 19:22:11.751, 0, NVIDIA GeForce RTX 3080, 5973, 4079, 10240, 95, 96
2026/07/30 19:22:11.862, 0, NVIDIA GeForce RTX 3080, 5973, 4079, 10240, 95, 96
2026/07/30 19:22:11.973, 0, NVIDIA GeForce RTX 3080, 5973, 4079, 10240, 95, 96
2026/07/30 19:22:12.085, 0, NVIDIA GeForce RTX 3080, 5973, 4079, 10240, 95, 96
2026/07/30 19:22:12.197, 0, NVIDIA GeForce RTX 3080, 5973, 4079, 10240, 95, 98
2026/07/30 19:22:12.307, 0, NVIDIA GeForce RTX 3080, 5973, 4079, 10240, 95, 98
2026/07/30 19:22:12.419, 0, NVIDIA GeForce RTX 3080, 5973, 4079, 10240, 95, 98
2026/07/30 19:22:12.531, 0, NVIDIA GeForce RTX 3080, 5973, 4079, 10240, 95, 98
2026/07/30 19:22:12.643, 0, NVIDIA GeForce RTX 3080, 5973, 4079, 10240, 95, 98
2026/07/30 19:22:12.755, 0, NVIDIA GeForce RTX 3080, 5973, 4079, 10240, 95, 98
2026/07/30 19:22:12.867, 0, NVIDIA GeForce RTX 3080, 5973, 4079, 10240, 95, 98
2026/07/30 19:22:12.978, 0, NVIDIA GeForce RTX 3080, 5973, 4079, 10240, 95, 98
2026/07/30 19:22:13.090, 0, NVIDIA GeForce RTX 3080, 5973, 4079, 10240, 95, 98
2026/07/30 19:22:13.202, 0, NVIDIA GeForce RTX 3080, 5973, 4079, 10240, 95, 97
2026/07/30 19:22:13.312, 0, NVIDIA GeForce RTX 3080, 5973, 4079, 10240, 95, 97
2026/07/30 19:22:13.424, 0, NVIDIA GeForce RTX 3080, 5973, 4079, 10240, 95, 97
2026/07/30 19:22:13.536, 0, NVIDIA GeForce RTX 3080, 5973, 4079, 10240, 95, 97
2026/07/30 19:22:13.648, 0, NVIDIA GeForce RTX 3080, 5973, 4079, 10240, 95, 97
2026/07/30 19:22:13.760, 0, NVIDIA GeForce RTX 3080, 5973, 4079, 10240, 93, 96
2026/07/30 19:22:13.871, 0, NVIDIA GeForce RTX 3080, 5973, 4079, 10240, 93, 96
2026/07/30 19:22:13.982, 0, NVIDIA GeForce RTX 3080, 5973, 4079, 10240, 93, 96
2026/07/30 19:22:14.093, 0, NVIDIA GeForce RTX 3080, 5973, 4079, 10240, 93, 96
2026/07/30 19:22:14.205, 0, NVIDIA GeForce RTX 3080, 5973, 4079, 10240, 97, 98
2026/07/30 19:22:14.317, 0, NVIDIA GeForce RTX 3080, 5973, 4079, 10240, 97, 98
2026/07/30 19:22:14.428, 0, NVIDIA GeForce RTX 3080, 5973, 4079, 10240, 97, 98
2026/07/30 19:22:14.539, 0, NVIDIA GeForce RTX 3080, 5973, 4079, 10240, 97, 98
2026/07/30 19:22:14.650, 0, NVIDIA GeForce RTX 3080, 5973, 4079, 10240, 97, 98
2026/07/30 19:22:14.762, 0, NVIDIA GeForce RTX 3080, 5973, 4079, 10240, 97, 98
2026/07/30 19:22:14.874, 0, NVIDIA GeForce RTX 3080, 5973, 4079, 10240, 97, 98
2026/07/30 19:22:14.986, 0, NVIDIA GeForce RTX 3080, 5973, 4079, 10240, 97, 98
2026/07/30 19:22:15.098, 0, NVIDIA GeForce RTX 3080, 5973, 4079, 10240, 97, 98
2026/07/30 19:22:15.210, 0, NVIDIA GeForce RTX 3080, 5973, 4079, 10240, 97, 98
2026/07/30 19:22:15.321, 0, NVIDIA GeForce RTX 3080, 5973, 4079, 10240, 97, 98
2026/07/30 19:22:15.433, 0, NVIDIA GeForce RTX 3080, 5973, 4079, 10240, 97, 98
2026/07/30 19:22:15.545, 0, NVIDIA GeForce RTX 3080, 5973, 4079, 10240, 97, 98
2026/07/30 19:22:15.656, 0, NVIDIA GeForce RTX 3080, 5973, 4079, 10240, 97, 98
2026/07/30 19:22:15.767, 0, NVIDIA GeForce RTX 3080, 5973, 4079, 10240, 94, 96
2026/07/30 19:22:15.879, 0, NVIDIA GeForce RTX 3080, 5973, 4079, 10240, 94, 96
2026/07/30 19:22:15.991, 0, NVIDIA GeForce RTX 3080, 5973, 4079, 10240, 94, 96
2026/07/30 19:22:16.103, 0, NVIDIA GeForce RTX 3080, 5973, 4079, 10240, 94, 96
2026/07/30 19:22:16.215, 0, NVIDIA GeForce RTX 3080, 5973, 4079, 10240, 96, 98
2026/07/30 19:22:16.327, 0, NVIDIA GeForce RTX 3080, 5973, 4079, 10240, 96, 98
2026/07/30 19:22:16.439, 0, NVIDIA GeForce RTX 3080, 5973, 4079, 10240, 96, 98
2026/07/30 19:22:16.550, 0, NVIDIA GeForce RTX 3080, 5973, 4079, 10240, 96, 98
2026/07/30 19:22:16.661, 0, NVIDIA GeForce RTX 3080, 5973, 4079, 10240, 96, 98
2026/07/30 19:22:16.770, 0, NVIDIA GeForce RTX 3080, 5973, 4079, 10240, 95, 98
2026/07/30 19:22:16.879, 0, NVIDIA GeForce RTX 3080, 5973, 4079, 10240, 95, 98
2026/07/30 19:22:16.988, 0, NVIDIA GeForce RTX 3080, 5973, 4079, 10240, 95, 98
2026/07/30 19:22:17.097, 0, NVIDIA GeForce RTX 3080, 5973, 4079, 10240, 95, 98
2026/07/30 19:22:17.206, 0, NVIDIA GeForce RTX 3080, 5973, 4079, 10240, 95, 98
2026/07/30 19:22:17.316, 0, NVIDIA GeForce RTX 3080, 5973, 4079, 10240, 95, 98
2026/07/30 19:22:17.426, 0, NVIDIA GeForce RTX 3080, 5973, 4079, 10240, 95, 98
2026/07/30 19:22:17.536, 0, NVIDIA GeForce RTX 3080, 5973, 4079, 10240, 95, 98
2026/07/30 19:22:17.648, 0, NVIDIA GeForce RTX 3080, 5973, 4079, 10240, 95, 98
2026/07/30 19:22:17.760, 0, NVIDIA GeForce RTX 3080, 5973, 4079, 10240, 93, 96
2026/07/30 19:22:17.872, 0, NVIDIA GeForce RTX 3080, 5973, 4079, 10240, 93, 96
2026/07/30 19:22:17.984, 0, NVIDIA GeForce RTX 3080, 5973, 4079, 10240, 93, 96
2026/07/30 19:22:18.096, 0, NVIDIA GeForce RTX 3080, 5973, 4079, 10240, 93, 96
2026/07/30 19:22:18.207, 0, NVIDIA GeForce RTX 3080, 5973, 4079, 10240, 97, 98
2026/07/30 19:22:18.319, 0, NVIDIA GeForce RTX 3080, 5973, 4079, 10240, 97, 98
2026/07/30 19:22:18.431, 0, NVIDIA GeForce RTX 3080, 5973, 4079, 10240, 97, 98
2026/07/30 19:22:18.542, 0, NVIDIA GeForce RTX 3080, 5973, 4079, 10240, 97, 98
2026/07/30 19:22:18.654, 0, NVIDIA GeForce RTX 3080, 5973, 4079, 10240, 97, 98
2026/07/30 19:22:18.763, 0, NVIDIA GeForce RTX 3080, 5973, 4079, 10240, 95, 96
2026/07/30 19:22:18.873, 0, NVIDIA GeForce RTX 3080, 5973, 4079, 10240, 95, 96
2026/07/30 19:22:18.982, 0, NVIDIA GeForce RTX 3080, 5973, 4079, 10240, 95, 96
2026/07/30 19:22:19.091, 0, NVIDIA GeForce RTX 3080, 5973, 4079, 10240, 95, 96
2026/07/30 19:22:19.201, 0, NVIDIA GeForce RTX 3080, 5973, 4079, 10240, 97, 98
2026/07/30 19:22:19.313, 0, NVIDIA GeForce RTX 3080, 5973, 4079, 10240, 97, 98
2026/07/30 19:22:19.425, 0, NVIDIA GeForce RTX 3080, 5973, 4079, 10240, 97, 98
2026/07/30 19:22:19.536, 0, NVIDIA GeForce RTX 3080, 5973, 4079, 10240, 97, 98
2026/07/30 19:22:19.647, 0, NVIDIA GeForce RTX 3080, 5973, 4079, 10240, 97, 98
2026/07/30 19:22:19.758, 0, NVIDIA GeForce RTX 3080, 5973, 4079, 10240, 98, 98
2026/07/30 19:22:19.870, 0, NVIDIA GeForce RTX 3080, 5973, 4079, 10240, 98, 98
2026/07/30 19:22:19.982, 0, NVIDIA GeForce RTX 3080, 5973, 4079, 10240, 98, 98
2026/07/30 19:22:20.094, 0, NVIDIA GeForce RTX 3080, 5973, 4079, 10240, 98, 98
2026/07/30 19:22:20.205, 0, NVIDIA GeForce RTX 3080, 5973, 4079, 10240, 98, 98
2026/07/30 19:22:20.317, 0, NVIDIA GeForce RTX 3080, 5973, 4079, 10240, 98, 98
2026/07/30 19:22:20.428, 0, NVIDIA GeForce RTX 3080, 5973, 4079, 10240, 98, 98
2026/07/30 19:22:20.540, 0, NVIDIA GeForce RTX 3080, 5973, 4079, 10240, 98, 98
2026/07/30 19:22:20.650, 0, NVIDIA GeForce RTX 3080, 5973, 4079, 10240, 98, 98
2026/07/30 19:22:20.762, 0, NVIDIA GeForce RTX 3080, 5973, 4079, 10240, 98, 98
2026/07/30 19:22:20.874, 0, NVIDIA GeForce RTX 3080, 5973, 4079, 10240, 98, 98
2026/07/30 19:22:20.986, 0, NVIDIA GeForce RTX 3080, 5973, 4079, 10240, 98, 98
2026/07/30 19:22:21.098, 0, NVIDIA GeForce RTX 3080, 5973, 4079, 10240, 98, 98
2026/07/30 19:22:21.210, 0, NVIDIA GeForce RTX 3080, 5973, 4079, 10240, 98, 97
2026/07/30 19:22:21.322, 0, NVIDIA GeForce RTX 3080, 5973, 4079, 10240, 98, 97
2026/07/30 19:22:21.434, 0, NVIDIA GeForce RTX 3080, 5973, 4079, 10240, 98, 97
2026/07/30 19:22:21.546, 0, NVIDIA GeForce RTX 3080, 5973, 4079, 10240, 98, 97
2026/07/30 19:22:21.658, 0, NVIDIA GeForce RTX 3080, 5973, 4079, 10240, 98, 97
2026/07/30 19:22:21.770, 0, NVIDIA GeForce RTX 3080, 5973, 4079, 10240, 95, 97
2026/07/30 19:22:21.882, 0, NVIDIA GeForce RTX 3080, 5973, 4079, 10240, 95, 97
2026/07/30 19:22:21.994, 0, NVIDIA GeForce RTX 3080, 5973, 4079, 10240, 95, 97
2026/07/30 19:22:22.106, 0, NVIDIA GeForce RTX 3080, 5973, 4079, 10240, 95, 97
2026/07/30 19:22:22.218, 0, NVIDIA GeForce RTX 3080, 5973, 4079, 10240, 96, 98
2026/07/30 19:22:22.330, 0, NVIDIA GeForce RTX 3080, 5973, 4079, 10240, 96, 98
2026/07/30 19:22:22.443, 0, NVIDIA GeForce RTX 3080, 5973, 4079, 10240, 96, 98
2026/07/30 19:22:22.555, 0, NVIDIA GeForce RTX 3080, 5973, 4079, 10240, 96, 98
2026/07/30 19:22:22.665, 0, NVIDIA GeForce RTX 3080, 5973, 4079, 10240, 96, 98
2026/07/30 19:22:22.776, 0, NVIDIA GeForce RTX 3080, 5973, 4079, 10240, 96, 98
2026/07/30 19:22:22.888, 0, NVIDIA GeForce RTX 3080, 5973, 4079, 10240, 96, 98
2026/07/30 19:22:22.998, 0, NVIDIA GeForce RTX 3080, 5973, 4079, 10240, 96, 98
2026/07/30 19:22:23.110, 0, NVIDIA GeForce RTX 3080, 5973, 4079, 10240, 96, 98
2026/07/30 19:22:23.222, 0, NVIDIA GeForce RTX 3080, 5973, 4079, 10240, 96, 98
2026/07/30 19:22:23.333, 0, NVIDIA GeForce RTX 3080, 5973, 4079, 10240, 96, 98
2026/07/30 19:22:23.445, 0, NVIDIA GeForce RTX 3080, 5973, 4079, 10240, 96, 98
2026/07/30 19:22:23.556, 0, NVIDIA GeForce RTX 3080, 5973, 4079, 10240, 96, 98
2026/07/30 19:22:23.667, 0, NVIDIA GeForce RTX 3080, 5973, 4079, 10240, 96, 98
2026/07/30 19:22:23.776, 0, NVIDIA GeForce RTX 3080, 5973, 4079, 10240, 97, 98
2026/07/30 19:22:23.885, 0, NVIDIA GeForce RTX 3080, 5973, 4079, 10240, 97, 98
2026/07/30 19:22:23.995, 0, NVIDIA GeForce RTX 3080, 5973, 4079, 10240, 97, 98
2026/07/30 19:22:24.103, 0, NVIDIA GeForce RTX 3080, 5973, 4079, 10240, 97, 98
2026/07/30 19:22:24.215, 0, NVIDIA GeForce RTX 3080, 5973, 4079, 10240, 97, 98
2026/07/30 19:22:24.327, 0, NVIDIA GeForce RTX 3080, 5973, 4079, 10240, 97, 98
2026/07/30 19:22:24.439, 0, NVIDIA GeForce RTX 3080, 5973, 4079, 10240, 97, 98
2026/07/30 19:22:24.551, 0, NVIDIA GeForce RTX 3080, 5973, 4079, 10240, 97, 98
2026/07/30 19:22:24.663, 0, NVIDIA GeForce RTX 3080, 5973, 4079, 10240, 97, 98
2026/07/30 19:22:24.775, 0, NVIDIA GeForce RTX 3080, 5973, 4079, 10240, 96, 97
2026/07/30 19:22:24.887, 0, NVIDIA GeForce RTX 3080, 5973, 4079, 10240, 96, 97
2026/07/30 19:22:24.999, 0, NVIDIA GeForce RTX 3080, 5973, 4079, 10240, 96, 97
2026/07/30 19:22:25.111, 0, NVIDIA GeForce RTX 3080, 5973, 4079, 10240, 96, 97
2026/07/30 19:22:25.223, 0, NVIDIA GeForce RTX 3080, 5973, 4079, 10240, 97, 98
2026/07/30 19:22:25.335, 0, NVIDIA GeForce RTX 3080, 5973, 4079, 10240, 97, 98
2026/07/30 19:22:25.447, 0, NVIDIA GeForce RTX 3080, 5973, 4079, 10240, 97, 98
2026/07/30 19:22:25.559, 0, NVIDIA GeForce RTX 3080, 5973, 4079, 10240, 97, 98
2026/07/30 19:22:25.670, 0, NVIDIA GeForce RTX 3080, 5973, 4079, 10240, 97, 98
2026/07/30 19:22:25.780, 0, NVIDIA GeForce RTX 3080, 5973, 4079, 10240, 95, 98
2026/07/30 19:22:25.890, 0, NVIDIA GeForce RTX 3080, 5973, 4079, 10240, 95, 98
2026/07/30 19:22:26.001, 0, NVIDIA GeForce RTX 3080, 5973, 4079, 10240, 95, 98
2026/07/30 19:22:26.113, 0, NVIDIA GeForce RTX 3080, 5973, 4079, 10240, 95, 98
2026/07/30 19:22:26.224, 0, NVIDIA GeForce RTX 3080, 5973, 4079, 10240, 95, 97
2026/07/30 19:22:26.336, 0, NVIDIA GeForce RTX 3080, 5973, 4079, 10240, 95, 97
2026/07/30 19:22:26.448, 0, NVIDIA GeForce RTX 3080, 5973, 4079, 10240, 95, 97
2026/07/30 19:22:26.560, 0, NVIDIA GeForce RTX 3080, 5973, 4079, 10240, 95, 97
2026/07/30 19:22:26.671, 0, NVIDIA GeForce RTX 3080, 5973, 4079, 10240, 95, 97
2026/07/30 19:22:26.783, 0, NVIDIA GeForce RTX 3080, 5973, 4079, 10240, 95, 97
2026/07/30 19:22:26.895, 0, NVIDIA GeForce RTX 3080, 5973, 4079, 10240, 95, 97
2026/07/30 19:22:27.007, 0, NVIDIA GeForce RTX 3080, 5973, 4079, 10240, 95, 97
2026/07/30 19:22:27.119, 0, NVIDIA GeForce RTX 3080, 5973, 4079, 10240, 95, 97
2026/07/30 19:22:27.231, 0, NVIDIA GeForce RTX 3080, 5973, 4079, 10240, 96, 98
2026/07/30 19:22:27.343, 0, NVIDIA GeForce RTX 3080, 5973, 4079, 10240, 96, 98
2026/07/30 19:22:27.456, 0, NVIDIA GeForce RTX 3080, 5973, 4079, 10240, 96, 98
2026/07/30 19:22:27.567, 0, NVIDIA GeForce RTX 3080, 5973, 4079, 10240, 96, 98
2026/07/30 19:22:27.679, 0, NVIDIA GeForce RTX 3080, 5973, 4079, 10240, 96, 98
2026/07/30 19:22:27.791, 0, NVIDIA GeForce RTX 3080, 5973, 4079, 10240, 97, 98
2026/07/30 19:22:27.903, 0, NVIDIA GeForce RTX 3080, 5973, 4079, 10240, 97, 98
2026/07/30 19:22:28.014, 0, NVIDIA GeForce RTX 3080, 5973, 4079, 10240, 97, 98
2026/07/30 19:22:28.126, 0, NVIDIA GeForce RTX 3080, 5973, 4079, 10240, 97, 98
2026/07/30 19:22:28.237, 0, NVIDIA GeForce RTX 3080, 5973, 4079, 10240, 97, 98
2026/07/30 19:22:28.349, 0, NVIDIA GeForce RTX 3080, 5973, 4079, 10240, 97, 98
2026/07/30 19:22:28.460, 0, NVIDIA GeForce RTX 3080, 5973, 4079, 10240, 97, 98
2026/07/30 19:22:28.571, 0, NVIDIA GeForce RTX 3080, 5973, 4079, 10240, 97, 98
2026/07/30 19:22:28.683, 0, NVIDIA GeForce RTX 3080, 5973, 4079, 10240, 97, 98
2026/07/30 19:22:28.794, 0, NVIDIA GeForce RTX 3080, 5973, 4079, 10240, 97, 98
2026/07/30 19:22:28.904, 0, NVIDIA GeForce RTX 3080, 5973, 4079, 10240, 97, 98
2026/07/30 19:22:29.016, 0, NVIDIA GeForce RTX 3080, 5973, 4079, 10240, 97, 98
2026/07/30 19:22:29.128, 0, NVIDIA GeForce RTX 3080, 5973, 4079, 10240, 97, 98
2026/07/30 19:22:29.240, 0, NVIDIA GeForce RTX 3080, 5973, 4079, 10240, 94, 96
2026/07/30 19:22:29.352, 0, NVIDIA GeForce RTX 3080, 5973, 4079, 10240, 94, 96
2026/07/30 19:22:29.464, 0, NVIDIA GeForce RTX 3080, 5973, 4079, 10240, 94, 96
2026/07/30 19:22:29.576, 0, NVIDIA GeForce RTX 3080, 5973, 4079, 10240, 94, 96
2026/07/30 19:22:29.688, 0, NVIDIA GeForce RTX 3080, 5973, 4079, 10240, 94, 96
2026/07/30 19:22:29.799, 0, NVIDIA GeForce RTX 3080, 5973, 4079, 10240, 98, 98
2026/07/30 19:22:29.910, 0, NVIDIA GeForce RTX 3080, 5973, 4079, 10240, 98, 98
2026/07/30 19:22:30.021, 0, NVIDIA GeForce RTX 3080, 5973, 4079, 10240, 98, 98
2026/07/30 19:22:30.133, 0, NVIDIA GeForce RTX 3080, 5973, 4079, 10240, 98, 98
2026/07/30 19:22:30.245, 0, NVIDIA GeForce RTX 3080, 5973, 4079, 10240, 98, 98
2026/07/30 19:22:30.357, 0, NVIDIA GeForce RTX 3080, 5973, 4079, 10240, 98, 98
2026/07/30 19:22:30.469, 0, NVIDIA GeForce RTX 3080, 5973, 4079, 10240, 98, 98
2026/07/30 19:22:30.581, 0, NVIDIA GeForce RTX 3080, 5973, 4079, 10240, 98, 98
2026/07/30 19:22:30.692, 0, NVIDIA GeForce RTX 3080, 5973, 4079, 10240, 98, 98
2026/07/30 19:22:30.801, 0, NVIDIA GeForce RTX 3080, 5973, 4079, 10240, 98, 98
2026/07/30 19:22:30.913, 0, NVIDIA GeForce RTX 3080, 5973, 4079, 10240, 98, 98
2026/07/30 19:22:31.025, 0, NVIDIA GeForce RTX 3080, 5973, 4079, 10240, 98, 98
2026/07/30 19:22:31.136, 0, NVIDIA GeForce RTX 3080, 5973, 4079, 10240, 98, 98
2026/07/30 19:22:31.248, 0, NVIDIA GeForce RTX 3080, 5973, 4079, 10240, 96, 98
2026/07/30 19:22:31.359, 0, NVIDIA GeForce RTX 3080, 5973, 4079, 10240, 96, 98
2026/07/30 19:22:31.470, 0, NVIDIA GeForce RTX 3080, 5973, 4079, 10240, 96, 98
2026/07/30 19:22:31.582, 0, NVIDIA GeForce RTX 3080, 5973, 4079, 10240, 96, 98
2026/07/30 19:22:31.694, 0, NVIDIA GeForce RTX 3080, 5973, 4079, 10240, 96, 98
2026/07/30 19:22:31.806, 0, NVIDIA GeForce RTX 3080, 5973, 4079, 10240, 95, 98
2026/07/30 19:22:31.917, 0, NVIDIA GeForce RTX 3080, 5973, 4079, 10240, 95, 98
2026/07/30 19:22:32.028, 0, NVIDIA GeForce RTX 3080, 5973, 4079, 10240, 95, 98
2026/07/30 19:22:32.140, 0, NVIDIA GeForce RTX 3080, 5973, 4079, 10240, 95, 98
2026/07/30 19:22:32.252, 0, NVIDIA GeForce RTX 3080, 5973, 4079, 10240, 96, 98
2026/07/30 19:22:32.364, 0, NVIDIA GeForce RTX 3080, 5973, 4079, 10240, 96, 98
2026/07/30 19:22:32.476, 0, NVIDIA GeForce RTX 3080, 5973, 4079, 10240, 96, 98
2026/07/30 19:22:32.588, 0, NVIDIA GeForce RTX 3080, 5973, 4079, 10240, 96, 98
2026/07/30 19:22:32.700, 0, NVIDIA GeForce RTX 3080, 5973, 4079, 10240, 94, 96
2026/07/30 19:22:32.812, 0, NVIDIA GeForce RTX 3080, 5973, 4079, 10240, 94, 96
2026/07/30 19:22:32.924, 0, NVIDIA GeForce RTX 3080, 5973, 4079, 10240, 94, 96
2026/07/30 19:22:33.037, 0, NVIDIA GeForce RTX 3080, 5973, 4079, 10240, 94, 96
2026/07/30 19:22:33.149, 0, NVIDIA GeForce RTX 3080, 5973, 4079, 10240, 94, 96
2026/07/30 19:22:33.261, 0, NVIDIA GeForce RTX 3080, 5973, 4079, 10240, 97, 98
2026/07/30 19:22:33.372, 0, NVIDIA GeForce RTX 3080, 5973, 4079, 10240, 97, 98
2026/07/30 19:22:33.483, 0, NVIDIA GeForce RTX 3080, 5973, 4079, 10240, 97, 98
2026/07/30 19:22:33.594, 0, NVIDIA GeForce RTX 3080, 5973, 4079, 10240, 97, 98
2026/07/30 19:22:33.706, 0, NVIDIA GeForce RTX 3080, 5973, 4079, 10240, 96, 97
2026/07/30 19:22:33.818, 0, NVIDIA GeForce RTX 3080, 5973, 4079, 10240, 96, 97
2026/07/30 19:22:33.929, 0, NVIDIA GeForce RTX 3080, 5973, 4079, 10240, 96, 97
2026/07/30 19:22:34.040, 0, NVIDIA GeForce RTX 3080, 5973, 4079, 10240, 96, 97
2026/07/30 19:22:34.152, 0, NVIDIA GeForce RTX 3080, 5973, 4079, 10240, 96, 97
2026/07/30 19:22:34.264, 0, NVIDIA GeForce RTX 3080, 5973, 4079, 10240, 97, 98
2026/07/30 19:22:34.375, 0, NVIDIA GeForce RTX 3080, 5973, 4079, 10240, 97, 98
2026/07/30 19:22:34.487, 0, NVIDIA GeForce RTX 3080, 5973, 4079, 10240, 97, 98
2026/07/30 19:22:34.599, 0, NVIDIA GeForce RTX 3080, 5973, 4079, 10240, 97, 98
2026/07/30 19:22:34.711, 0, NVIDIA GeForce RTX 3080, 5973, 4079, 10240, 97, 98
2026/07/30 19:22:34.823, 0, NVIDIA GeForce RTX 3080, 5973, 4079, 10240, 97, 98
2026/07/30 19:22:34.935, 0, NVIDIA GeForce RTX 3080, 5973, 4079, 10240, 97, 98
2026/07/30 19:22:35.047, 0, NVIDIA GeForce RTX 3080, 5973, 4079, 10240, 97, 98
2026/07/30 19:22:35.159, 0, NVIDIA GeForce RTX 3080, 5973, 4079, 10240, 97, 98
2026/07/30 19:22:35.272, 0, NVIDIA GeForce RTX 3080, 5973, 4079, 10240, 95, 98
2026/07/30 19:22:35.384, 0, NVIDIA GeForce RTX 3080, 5973, 4079, 10240, 95, 98
2026/07/30 19:22:35.496, 0, NVIDIA GeForce RTX 3080, 5973, 4079, 10240, 95, 98
2026/07/30 19:22:35.608, 0, NVIDIA GeForce RTX 3080, 5973, 4079, 10240, 95, 98
2026/07/30 19:22:35.720, 0, NVIDIA GeForce RTX 3080, 5973, 4079, 10240, 95, 98
2026/07/30 19:22:35.832, 0, NVIDIA GeForce RTX 3080, 5973, 4079, 10240, 95, 98
2026/07/30 19:22:35.944, 0, NVIDIA GeForce RTX 3080, 5973, 4079, 10240, 95, 98
2026/07/30 19:22:36.056, 0, NVIDIA GeForce RTX 3080, 5973, 4079, 10240, 95, 98
2026/07/30 19:22:36.167, 0, NVIDIA GeForce RTX 3080, 5973, 4079, 10240, 95, 98
2026/07/30 19:22:36.279, 0, NVIDIA GeForce RTX 3080, 5973, 4079, 10240, 96, 98
2026/07/30 19:22:36.391, 0, NVIDIA GeForce RTX 3080, 5973, 4079, 10240, 96, 98
2026/07/30 19:22:36.503, 0, NVIDIA GeForce RTX 3080, 5973, 4079, 10240, 96, 98
2026/07/30 19:22:36.615, 0, NVIDIA GeForce RTX 3080, 5973, 4079, 10240, 96, 98
2026/07/30 19:22:36.725, 0, NVIDIA GeForce RTX 3080, 5973, 4079, 10240, 95, 98
2026/07/30 19:22:36.834, 0, NVIDIA GeForce RTX 3080, 5973, 4079, 10240, 95, 98
2026/07/30 19:22:36.943, 0, NVIDIA GeForce RTX 3080, 5973, 4079, 10240, 95, 98
2026/07/30 19:22:37.052, 0, NVIDIA GeForce RTX 3080, 5973, 4079, 10240, 95, 98
2026/07/30 19:22:37.161, 0, NVIDIA GeForce RTX 3080, 5973, 4079, 10240, 95, 98
2026/07/30 19:22:37.269, 0, NVIDIA GeForce RTX 3080, 5973, 4079, 10240, 97, 98
2026/07/30 19:22:37.379, 0, NVIDIA GeForce RTX 3080, 5973, 4079, 10240, 97, 98
2026/07/30 19:22:37.489, 0, NVIDIA GeForce RTX 3080, 5973, 4079, 10240, 97, 98
2026/07/30 19:22:37.600, 0, NVIDIA GeForce RTX 3080, 5973, 4079, 10240, 97, 98
2026/07/30 19:22:37.712, 0, NVIDIA GeForce RTX 3080, 5973, 4079, 10240, 97, 98
2026/07/30 19:22:37.823, 0, NVIDIA GeForce RTX 3080, 5973, 4079, 10240, 97, 98
2026/07/30 19:22:37.934, 0, NVIDIA GeForce RTX 3080, 5973, 4079, 10240, 97, 98
2026/07/30 19:22:38.045, 0, NVIDIA GeForce RTX 3080, 5973, 4079, 10240, 97, 98
2026/07/30 19:22:38.157, 0, NVIDIA GeForce RTX 3080, 5973, 4079, 10240, 97, 98
2026/07/30 19:22:38.269, 0, NVIDIA GeForce RTX 3080, 5973, 4079, 10240, 97, 98
2026/07/30 19:22:38.381, 0, NVIDIA GeForce RTX 3080, 5973, 4079, 10240, 97, 98
2026/07/30 19:22:38.493, 0, NVIDIA GeForce RTX 3080, 5973, 4079, 10240, 97, 98
2026/07/30 19:22:38.605, 0, NVIDIA GeForce RTX 3080, 5973, 4079, 10240, 97, 98
2026/07/30 19:22:38.716, 0, NVIDIA GeForce RTX 3080, 5973, 4079, 10240, 95, 97
2026/07/30 19:22:38.826, 0, NVIDIA GeForce RTX 3080, 5973, 4079, 10240, 95, 97
2026/07/30 19:22:38.935, 0, NVIDIA GeForce RTX 3080, 5973, 4079, 10240, 95, 97
2026/07/30 19:22:39.043, 0, NVIDIA GeForce RTX 3080, 5973, 4079, 10240, 95, 97
2026/07/30 19:22:39.154, 0, NVIDIA GeForce RTX 3080, 5973, 4079, 10240, 95, 97
2026/07/30 19:22:39.265, 0, NVIDIA GeForce RTX 3080, 5973, 4079, 10240, 98, 98
2026/07/30 19:22:39.377, 0, NVIDIA GeForce RTX 3080, 5973, 4079, 10240, 98, 98
2026/07/30 19:22:39.489, 0, NVIDIA GeForce RTX 3080, 5973, 4079, 10240, 98, 98
2026/07/30 19:22:39.601, 0, NVIDIA GeForce RTX 3080, 5973, 4079, 10240, 98, 98
2026/07/30 19:22:39.713, 0, NVIDIA GeForce RTX 3080, 5973, 4079, 10240, 98, 98
2026/07/30 19:22:39.825, 0, NVIDIA GeForce RTX 3080, 5973, 4079, 10240, 98, 98
2026/07/30 19:22:39.937, 0, NVIDIA GeForce RTX 3080, 5973, 4079, 10240, 98, 98
2026/07/30 19:22:40.049, 0, NVIDIA GeForce RTX 3080, 5973, 4079, 10240, 98, 98
2026/07/30 19:22:40.160, 0, NVIDIA GeForce RTX 3080, 5973, 4079, 10240, 98, 98
2026/07/30 19:22:40.272, 0, NVIDIA GeForce RTX 3080, 5973, 4079, 10240, 96, 96
2026/07/30 19:22:40.384, 0, NVIDIA GeForce RTX 3080, 5973, 4079, 10240, 96, 96
2026/07/30 19:22:40.496, 0, NVIDIA GeForce RTX 3080, 5973, 4079, 10240, 96, 96
2026/07/30 19:22:40.608, 0, NVIDIA GeForce RTX 3080, 5973, 4079, 10240, 96, 96
2026/07/30 19:22:40.720, 0, NVIDIA GeForce RTX 3080, 5973, 4079, 10240, 98, 98
2026/07/30 19:22:40.832, 0, NVIDIA GeForce RTX 3080, 5973, 4079, 10240, 98, 98
2026/07/30 19:22:40.944, 0, NVIDIA GeForce RTX 3080, 5973, 4079, 10240, 98, 98
2026/07/30 19:22:41.056, 0, NVIDIA GeForce RTX 3080, 5973, 4079, 10240, 98, 98
2026/07/30 19:22:41.167, 0, NVIDIA GeForce RTX 3080, 5973, 4079, 10240, 98, 98
2026/07/30 19:22:41.278, 0, NVIDIA GeForce RTX 3080, 5973, 4079, 10240, 96, 98
2026/07/30 19:22:41.390, 0, NVIDIA GeForce RTX 3080, 5973, 4079, 10240, 96, 98
2026/07/30 19:22:41.501, 0, NVIDIA GeForce RTX 3080, 5973, 4079, 10240, 96, 98
2026/07/30 19:22:41.612, 0, NVIDIA GeForce RTX 3080, 5973, 4079, 10240, 96, 98
2026/07/30 19:22:41.724, 0, NVIDIA GeForce RTX 3080, 5973, 4079, 10240, 95, 98
2026/07/30 19:22:41.836, 0, NVIDIA GeForce RTX 3080, 5973, 4079, 10240, 95, 98
2026/07/30 19:22:41.948, 0, NVIDIA GeForce RTX 3080, 5973, 4079, 10240, 95, 98
2026/07/30 19:22:42.060, 0, NVIDIA GeForce RTX 3080, 5973, 4079, 10240, 95, 98
2026/07/30 19:22:42.172, 0, NVIDIA GeForce RTX 3080, 5973, 4079, 10240, 95, 98
2026/07/30 19:22:42.283, 0, NVIDIA GeForce RTX 3080, 5973, 4079, 10240, 95, 98
2026/07/30 19:22:42.395, 0, NVIDIA GeForce RTX 3080, 5973, 4079, 10240, 95, 98
2026/07/30 19:22:42.506, 0, NVIDIA GeForce RTX 3080, 5973, 4079, 10240, 95, 98
2026/07/30 19:22:42.619, 0, NVIDIA GeForce RTX 3080, 5973, 4079, 10240, 95, 98
2026/07/30 19:22:42.731, 0, NVIDIA GeForce RTX 3080, 5973, 4079, 10240, 95, 98
2026/07/30 19:22:42.842, 0, NVIDIA GeForce RTX 3080, 5973, 4079, 10240, 95, 98
2026/07/30 19:22:42.954, 0, NVIDIA GeForce RTX 3080, 5973, 4079, 10240, 95, 98
2026/07/30 19:22:43.065, 0, NVIDIA GeForce RTX 3080, 5973, 4079, 10240, 95, 98
2026/07/30 19:22:43.177, 0, NVIDIA GeForce RTX 3080, 5973, 4079, 10240, 95, 98
2026/07/30 19:22:43.289, 0, NVIDIA GeForce RTX 3080, 5973, 4079, 10240, 98, 98
2026/07/30 19:22:43.401, 0, NVIDIA GeForce RTX 3080, 5973, 4079, 10240, 98, 98
2026/07/30 19:22:43.513, 0, NVIDIA GeForce RTX 3080, 5973, 4079, 10240, 98, 98
2026/07/30 19:22:43.625, 0, NVIDIA GeForce RTX 3080, 5973, 4079, 10240, 98, 98
2026/07/30 19:22:43.736, 0, NVIDIA GeForce RTX 3080, 5973, 4079, 10240, 97, 98
2026/07/30 19:22:43.845, 0, NVIDIA GeForce RTX 3080, 5973, 4079, 10240, 97, 98
2026/07/30 19:22:43.954, 0, NVIDIA GeForce RTX 3080, 5973, 4079, 10240, 97, 98
2026/07/30 19:22:44.064, 0, NVIDIA GeForce RTX 3080, 5973, 4079, 10240, 97, 98
2026/07/30 19:22:44.176, 0, NVIDIA GeForce RTX 3080, 5973, 4079, 10240, 97, 98
2026/07/30 19:22:44.288, 0, NVIDIA GeForce RTX 3080, 5973, 4079, 10240, 98, 98
2026/07/30 19:22:44.399, 0, NVIDIA GeForce RTX 3080, 5973, 4079, 10240, 98, 98
2026/07/30 19:22:44.510, 0, NVIDIA GeForce RTX 3080, 5973, 4079, 10240, 98, 98
2026/07/30 19:22:44.621, 0, NVIDIA GeForce RTX 3080, 5973, 4079, 10240, 98, 98
2026/07/30 19:22:44.733, 0, NVIDIA GeForce RTX 3080, 5973, 4079, 10240, 97, 98
2026/07/30 19:22:44.845, 0, NVIDIA GeForce RTX 3080, 5973, 4079, 10240, 97, 98
2026/07/30 19:22:44.957, 0, NVIDIA GeForce RTX 3080, 5973, 4079, 10240, 97, 98
2026/07/30 19:22:45.069, 0, NVIDIA GeForce RTX 3080, 5973, 4079, 10240, 97, 98
2026/07/30 19:22:45.181, 0, NVIDIA GeForce RTX 3080, 5973, 4079, 10240, 97, 98
2026/07/30 19:22:45.293, 0, NVIDIA GeForce RTX 3080, 5973, 4079, 10240, 95, 98
2026/07/30 19:22:45.405, 0, NVIDIA GeForce RTX 3080, 5973, 4079, 10240, 95, 98
2026/07/30 19:22:45.518, 0, NVIDIA GeForce RTX 3080, 5973, 4079, 10240, 95, 98
2026/07/30 19:22:45.630, 0, NVIDIA GeForce RTX 3080, 5973, 4079, 10240, 95, 98
2026/07/30 19:22:45.739, 0, NVIDIA GeForce RTX 3080, 5973, 4079, 10240, 95, 98
2026/07/30 19:22:45.851, 0, NVIDIA GeForce RTX 3080, 5973, 4079, 10240, 95, 98
2026/07/30 19:22:45.963, 0, NVIDIA GeForce RTX 3080, 5973, 4079, 10240, 95, 98
2026/07/30 19:22:46.075, 0, NVIDIA GeForce RTX 3080, 5973, 4079, 10240, 95, 98
2026/07/30 19:22:46.186, 0, NVIDIA GeForce RTX 3080, 5973, 4079, 10240, 95, 98
2026/07/30 19:22:46.297, 0, NVIDIA GeForce RTX 3080, 5973, 4079, 10240, 96, 98
2026/07/30 19:22:46.408, 0, NVIDIA GeForce RTX 3080, 5973, 4079, 10240, 96, 98
2026/07/30 19:22:46.520, 0, NVIDIA GeForce RTX 3080, 5973, 4079, 10240, 96, 98
2026/07/30 19:22:46.632, 0, NVIDIA GeForce RTX 3080, 5973, 4079, 10240, 96, 98
2026/07/30 19:22:46.744, 0, NVIDIA GeForce RTX 3080, 5973, 4079, 10240, 96, 98
2026/07/30 19:22:46.855, 0, NVIDIA GeForce RTX 3080, 5973, 4079, 10240, 96, 98
2026/07/30 19:22:46.967, 0, NVIDIA GeForce RTX 3080, 5973, 4079, 10240, 96, 98
2026/07/30 19:22:47.079, 0, NVIDIA GeForce RTX 3080, 5973, 4079, 10240, 96, 98
2026/07/30 19:22:47.191, 0, NVIDIA GeForce RTX 3080, 5973, 4079, 10240, 96, 98
2026/07/30 19:22:47.303, 0, NVIDIA GeForce RTX 3080, 5973, 4079, 10240, 96, 97
2026/07/30 19:22:47.414, 0, NVIDIA GeForce RTX 3080, 5973, 4079, 10240, 96, 97
2026/07/30 19:22:47.525, 0, NVIDIA GeForce RTX 3080, 5973, 4079, 10240, 96, 97
2026/07/30 19:22:47.637, 0, NVIDIA GeForce RTX 3080, 5973, 4079, 10240, 96, 97
2026/07/30 19:22:47.749, 0, NVIDIA GeForce RTX 3080, 5973, 4079, 10240, 97, 97
2026/07/30 19:22:47.860, 0, NVIDIA GeForce RTX 3080, 5973, 4079, 10240, 97, 97
2026/07/30 19:22:47.972, 0, NVIDIA GeForce RTX 3080, 5973, 4079, 10240, 97, 97
2026/07/30 19:22:48.084, 0, NVIDIA GeForce RTX 3080, 5973, 4079, 10240, 97, 97
2026/07/30 19:22:48.196, 0, NVIDIA GeForce RTX 3080, 5973, 4079, 10240, 97, 97
2026/07/30 19:22:48.308, 0, NVIDIA GeForce RTX 3080, 5973, 4079, 10240, 97, 98
2026/07/30 19:22:48.420, 0, NVIDIA GeForce RTX 3080, 5973, 4079, 10240, 97, 98
2026/07/30 19:22:48.532, 0, NVIDIA GeForce RTX 3080, 5973, 4079, 10240, 97, 98
2026/07/30 19:22:48.644, 0, NVIDIA GeForce RTX 3080, 5973, 4079, 10240, 97, 98
2026/07/30 19:22:48.756, 0, NVIDIA GeForce RTX 3080, 5973, 4079, 10240, 93, 94
2026/07/30 19:22:48.868, 0, NVIDIA GeForce RTX 3080, 5973, 4079, 10240, 93, 94
2026/07/30 19:22:48.981, 0, NVIDIA GeForce RTX 3080, 5973, 4079, 10240, 93, 94
2026/07/30 19:22:49.093, 0, NVIDIA GeForce RTX 3080, 5973, 4079, 10240, 93, 94
2026/07/30 19:22:49.204, 0, NVIDIA GeForce RTX 3080, 5973, 4079, 10240, 98, 98
2026/07/30 19:22:49.315, 0, NVIDIA GeForce RTX 3080, 5973, 4079, 10240, 98, 98
2026/07/30 19:22:49.426, 0, NVIDIA GeForce RTX 3080, 5973, 4079, 10240, 98, 98
2026/07/30 19:22:49.537, 0, NVIDIA GeForce RTX 3080, 5973, 4079, 10240, 98, 98
2026/07/30 19:22:49.649, 0, NVIDIA GeForce RTX 3080, 5973, 4079, 10240, 98, 98
2026/07/30 19:22:49.760, 0, NVIDIA GeForce RTX 3080, 5973, 4079, 10240, 98, 98
2026/07/30 19:22:49.872, 0, NVIDIA GeForce RTX 3080, 5973, 4079, 10240, 98, 98
2026/07/30 19:22:49.984, 0, NVIDIA GeForce RTX 3080, 5973, 4079, 10240, 98, 98
2026/07/30 19:22:50.096, 0, NVIDIA GeForce RTX 3080, 5973, 4079, 10240, 98, 98
2026/07/30 19:22:50.207, 0, NVIDIA GeForce RTX 3080, 5973, 4079, 10240, 98, 98
2026/07/30 19:22:50.319, 0, NVIDIA GeForce RTX 3080, 5973, 4079, 10240, 98, 98
2026/07/30 19:22:50.431, 0, NVIDIA GeForce RTX 3080, 5973, 4079, 10240, 98, 98
2026/07/30 19:22:50.542, 0, NVIDIA GeForce RTX 3080, 5973, 4079, 10240, 98, 98
2026/07/30 19:22:50.654, 0, NVIDIA GeForce RTX 3080, 5973, 4079, 10240, 98, 98
2026/07/30 19:22:50.766, 0, NVIDIA GeForce RTX 3080, 5973, 4079, 10240, 95, 97
2026/07/30 19:22:50.877, 0, NVIDIA GeForce RTX 3080, 5973, 4079, 10240, 95, 97
2026/07/30 19:22:50.989, 0, NVIDIA GeForce RTX 3080, 5973, 4079, 10240, 95, 97
2026/07/30 19:22:51.101, 0, NVIDIA GeForce RTX 3080, 5973, 4079, 10240, 95, 97
2026/07/30 19:22:51.213, 0, NVIDIA GeForce RTX 3080, 5973, 4079, 10240, 95, 98
2026/07/30 19:22:51.325, 0, NVIDIA GeForce RTX 3080, 5973, 4079, 10240, 95, 98
2026/07/30 19:22:51.437, 0, NVIDIA GeForce RTX 3080, 5973, 4079, 10240, 95, 98
2026/07/30 19:22:51.549, 0, NVIDIA GeForce RTX 3080, 5973, 4079, 10240, 95, 98
2026/07/30 19:22:51.660, 0, NVIDIA GeForce RTX 3080, 5973, 4079, 10240, 95, 98
2026/07/30 19:22:51.772, 0, NVIDIA GeForce RTX 3080, 5973, 4079, 10240, 96, 98
2026/07/30 19:22:51.884, 0, NVIDIA GeForce RTX 3080, 5973, 4079, 10240, 96, 98
2026/07/30 19:22:51.996, 0, NVIDIA GeForce RTX 3080, 5973, 4079, 10240, 96, 98
2026/07/30 19:22:52.108, 0, NVIDIA GeForce RTX 3080, 5973, 4079, 10240, 96, 98
2026/07/30 19:22:52.220, 0, NVIDIA GeForce RTX 3080, 5973, 4079, 10240, 96, 98
2026/07/30 19:22:52.331, 0, NVIDIA GeForce RTX 3080, 5973, 4079, 10240, 96, 98
2026/07/30 19:22:52.444, 0, NVIDIA GeForce RTX 3080, 5973, 4079, 10240, 96, 98
2026/07/30 19:22:52.556, 0, NVIDIA GeForce RTX 3080, 5973, 4079, 10240, 96, 98
2026/07/30 19:22:52.668, 0, NVIDIA GeForce RTX 3080, 5973, 4079, 10240, 96, 98
2026/07/30 19:22:52.780, 0, NVIDIA GeForce RTX 3080, 5973, 4079, 10240, 97, 98
2026/07/30 19:22:52.892, 0, NVIDIA GeForce RTX 3080, 5973, 4079, 10240, 97, 98
2026/07/30 19:22:53.003, 0, NVIDIA GeForce RTX 3080, 5973, 4079, 10240, 97, 98
2026/07/30 19:22:53.115, 0, NVIDIA GeForce RTX 3080, 5973, 4079, 10240, 97, 98
2026/07/30 19:22:53.226, 0, NVIDIA GeForce RTX 3080, 5973, 4079, 10240, 97, 97
2026/07/30 19:22:53.337, 0, NVIDIA GeForce RTX 3080, 5973, 4079, 10240, 97, 97
2026/07/30 19:22:53.449, 0, NVIDIA GeForce RTX 3080, 5973, 4079, 10240, 97, 97
2026/07/30 19:22:53.561, 0, NVIDIA GeForce RTX 3080, 5973, 4079, 10240, 97, 97
2026/07/30 19:22:53.672, 0, NVIDIA GeForce RTX 3080, 5973, 4079, 10240, 97, 97
2026/07/30 19:22:53.783, 0, NVIDIA GeForce RTX 3080, 5973, 4079, 10240, 97, 98
2026/07/30 19:22:53.895, 0, NVIDIA GeForce RTX 3080, 5973, 4079, 10240, 97, 98
2026/07/30 19:22:54.006, 0, NVIDIA GeForce RTX 3080, 5973, 4079, 10240, 97, 98
2026/07/30 19:22:54.118, 0, NVIDIA GeForce RTX 3080, 5973, 4079, 10240, 97, 98
2026/07/30 19:22:54.230, 0, NVIDIA GeForce RTX 3080, 5973, 4079, 10240, 96, 97
2026/07/30 19:22:54.342, 0, NVIDIA GeForce RTX 3080, 5973, 4079, 10240, 96, 97
2026/07/30 19:22:54.454, 0, NVIDIA GeForce RTX 3080, 5973, 4079, 10240, 96, 97
2026/07/30 19:22:54.566, 0, NVIDIA GeForce RTX 3080, 5973, 4079, 10240, 96, 97
2026/07/30 19:22:54.678, 0, NVIDIA GeForce RTX 3080, 5973, 4079, 10240, 96, 97
2026/07/30 19:22:54.790, 0, NVIDIA GeForce RTX 3080, 5973, 4079, 10240, 94, 97
2026/07/30 19:22:54.902, 0, NVIDIA GeForce RTX 3080, 5973, 4079, 10240, 94, 97
2026/07/30 19:22:55.012, 0, NVIDIA GeForce RTX 3080, 5973, 4079, 10240, 94, 97
2026/07/30 19:22:55.123, 0, NVIDIA GeForce RTX 3080, 5973, 4079, 10240, 94, 97
2026/07/30 19:22:55.235, 0, NVIDIA GeForce RTX 3080, 5973, 4079, 10240, 95, 98
2026/07/30 19:22:55.346, 0, NVIDIA GeForce RTX 3080, 5973, 4079, 10240, 95, 98
2026/07/30 19:22:55.458, 0, NVIDIA GeForce RTX 3080, 5973, 4079, 10240, 95, 98
2026/07/30 19:22:55.570, 0, NVIDIA GeForce RTX 3080, 5973, 4079, 10240, 95, 98
2026/07/30 19:22:55.681, 0, NVIDIA GeForce RTX 3080, 5973, 4079, 10240, 95, 98
2026/07/30 19:22:55.793, 0, NVIDIA GeForce RTX 3080, 5973, 4079, 10240, 95, 98
2026/07/30 19:22:55.905, 0, NVIDIA GeForce RTX 3080, 5973, 4079, 10240, 95, 98
2026/07/30 19:22:56.017, 0, NVIDIA GeForce RTX 3080, 5973, 4079, 10240, 95, 98
2026/07/30 19:22:56.128, 0, NVIDIA GeForce RTX 3080, 5973, 4079, 10240, 95, 98
2026/07/30 19:22:56.240, 0, NVIDIA GeForce RTX 3080, 5973, 4079, 10240, 96, 98
2026/07/30 19:22:56.352, 0, NVIDIA GeForce RTX 3080, 5973, 4079, 10240, 96, 98
2026/07/30 19:22:56.464, 0, NVIDIA GeForce RTX 3080, 5973, 4079, 10240, 96, 98
2026/07/30 19:22:56.577, 0, NVIDIA GeForce RTX 3080, 5973, 4079, 10240, 96, 98
2026/07/30 19:22:56.688, 0, NVIDIA GeForce RTX 3080, 5973, 4079, 10240, 96, 98
2026/07/30 19:22:56.796, 0, NVIDIA GeForce RTX 3080, 5973, 4079, 10240, 97, 98
2026/07/30 19:22:56.905, 0, NVIDIA GeForce RTX 3080, 5973, 4079, 10240, 97, 98
2026/07/30 19:22:57.014, 0, NVIDIA GeForce RTX 3080, 5973, 4079, 10240, 97, 98
2026/07/30 19:22:57.123, 0, NVIDIA GeForce RTX 3080, 5973, 4079, 10240, 97, 98
2026/07/30 19:22:57.232, 0, NVIDIA GeForce RTX 3080, 5973, 4079, 10240, 96, 97
2026/07/30 19:22:57.342, 0, NVIDIA GeForce RTX 3080, 5973, 4079, 10240, 96, 97
2026/07/30 19:22:57.454, 0, NVIDIA GeForce RTX 3080, 5973, 4079, 10240, 96, 97
2026/07/30 19:22:57.565, 0, NVIDIA GeForce RTX 3080, 5973, 4079, 10240, 96, 97
2026/07/30 19:22:57.676, 0, NVIDIA GeForce RTX 3080, 5973, 4079, 10240, 96, 97
2026/07/30 19:22:57.787, 0, NVIDIA GeForce RTX 3080, 5973, 4079, 10240, 96, 97
2026/07/30 19:22:57.899, 0, NVIDIA GeForce RTX 3080, 5973, 4079, 10240, 96, 97
2026/07/30 19:22:58.011, 0, NVIDIA GeForce RTX 3080, 5973, 4079, 10240, 96, 97
2026/07/30 19:22:58.121, 0, NVIDIA GeForce RTX 3080, 5973, 4079, 10240, 96, 97
2026/07/30 19:22:58.232, 0, NVIDIA GeForce RTX 3080, 5973, 4079, 10240, 97, 98
2026/07/30 19:22:58.345, 0, NVIDIA GeForce RTX 3080, 5973, 4079, 10240, 97, 98
2026/07/30 19:22:58.456, 0, NVIDIA GeForce RTX 3080, 5973, 4079, 10240, 97, 98
2026/07/30 19:22:58.568, 0, NVIDIA GeForce RTX 3080, 5973, 4079, 10240, 97, 98
2026/07/30 19:22:58.680, 0, NVIDIA GeForce RTX 3080, 5973, 4079, 10240, 97, 98
2026/07/30 19:22:58.789, 0, NVIDIA GeForce RTX 3080, 5973, 4079, 10240, 98, 98
2026/07/30 19:22:58.899, 0, NVIDIA GeForce RTX 3080, 5973, 4079, 10240, 98, 98
2026/07/30 19:22:59.008, 0, NVIDIA GeForce RTX 3080, 5973, 4079, 10240, 98, 98
2026/07/30 19:22:59.120, 0, NVIDIA GeForce RTX 3080, 5973, 4079, 10240, 98, 98
2026/07/30 19:22:59.231, 0, NVIDIA GeForce RTX 3080, 5973, 4079, 10240, 98, 98
2026/07/30 19:22:59.343, 0, NVIDIA GeForce RTX 3080, 5973, 4079, 10240, 98, 98
2026/07/30 19:22:59.455, 0, NVIDIA GeForce RTX 3080, 5973, 4079, 10240, 98, 98
2026/07/30 19:22:59.567, 0, NVIDIA GeForce RTX 3080, 5973, 4079, 10240, 98, 98
2026/07/30 19:22:59.678, 0, NVIDIA GeForce RTX 3080, 5973, 4079, 10240, 98, 98
2026/07/30 19:22:59.789, 0, NVIDIA GeForce RTX 3080, 5973, 4079, 10240, 98, 98
2026/07/30 19:22:59.901, 0, NVIDIA GeForce RTX 3080, 5973, 4079, 10240, 98, 98
2026/07/30 19:23:00.013, 0, NVIDIA GeForce RTX 3080, 5973, 4079, 10240, 98, 98
2026/07/30 19:23:00.125, 0, NVIDIA GeForce RTX 3080, 5973, 4079, 10240, 98, 98
2026/07/30 19:23:00.237, 0, NVIDIA GeForce RTX 3080, 5973, 4079, 10240, 98, 98
2026/07/30 19:23:00.349, 0, NVIDIA GeForce RTX 3080, 5973, 4079, 10240, 98, 98
2026/07/30 19:23:00.461, 0, NVIDIA GeForce RTX 3080, 5973, 4079, 10240, 98, 98
2026/07/30 19:23:00.573, 0, NVIDIA GeForce RTX 3080, 5973, 4079, 10240, 98, 98
2026/07/30 19:23:00.684, 0, NVIDIA GeForce RTX 3080, 5973, 4079, 10240, 98, 98
2026/07/30 19:23:00.796, 0, NVIDIA GeForce RTX 3080, 5973, 4079, 10240, 96, 98
2026/07/30 19:23:00.908, 0, NVIDIA GeForce RTX 3080, 5973, 4079, 10240, 96, 98
2026/07/30 19:23:01.020, 0, NVIDIA GeForce RTX 3080, 5973, 4079, 10240, 96, 98
2026/07/30 19:23:01.132, 0, NVIDIA GeForce RTX 3080, 5973, 4079, 10240, 96, 98
2026/07/30 19:23:01.244, 0, NVIDIA GeForce RTX 3080, 5973, 4079, 10240, 95, 98
2026/07/30 19:23:01.355, 0, NVIDIA GeForce RTX 3080, 5973, 4079, 10240, 95, 98
2026/07/30 19:23:01.467, 0, NVIDIA GeForce RTX 3080, 5973, 4079, 10240, 95, 98
2026/07/30 19:23:01.578, 0, NVIDIA GeForce RTX 3080, 5973, 4079, 10240, 95, 98
2026/07/30 19:23:01.690, 0, NVIDIA GeForce RTX 3080, 5973, 4079, 10240, 95, 98
2026/07/30 19:23:01.800, 0, NVIDIA GeForce RTX 3080, 5973, 4079, 10240, 96, 98
2026/07/30 19:23:01.912, 0, NVIDIA GeForce RTX 3080, 5973, 4079, 10240, 96, 98
2026/07/30 19:23:02.024, 0, NVIDIA GeForce RTX 3080, 5973, 4079, 10240, 96, 98
2026/07/30 19:23:02.136, 0, NVIDIA GeForce RTX 3080, 5973, 4079, 10240, 96, 98
2026/07/30 19:23:02.248, 0, NVIDIA GeForce RTX 3080, 5973, 4079, 10240, 96, 98
2026/07/30 19:23:02.359, 0, NVIDIA GeForce RTX 3080, 5973, 4079, 10240, 96, 98
2026/07/30 19:23:02.471, 0, NVIDIA GeForce RTX 3080, 5973, 4079, 10240, 96, 98
2026/07/30 19:23:02.582, 0, NVIDIA GeForce RTX 3080, 5973, 4079, 10240, 96, 98
2026/07/30 19:23:02.693, 0, NVIDIA GeForce RTX 3080, 5973, 4079, 10240, 96, 98
2026/07/30 19:23:02.804, 0, NVIDIA GeForce RTX 3080, 5973, 4079, 10240, 96, 96
2026/07/30 19:23:02.916, 0, NVIDIA GeForce RTX 3080, 5973, 4079, 10240, 96, 96
2026/07/30 19:23:03.029, 0, NVIDIA GeForce RTX 3080, 5973, 4079, 10240, 96, 96
2026/07/30 19:23:03.140, 0, NVIDIA GeForce RTX 3080, 5973, 4079, 10240, 96, 96
2026/07/30 19:23:03.251, 0, NVIDIA GeForce RTX 3080, 5973, 4079, 10240, 98, 98
2026/07/30 19:23:03.362, 0, NVIDIA GeForce RTX 3080, 5973, 4079, 10240, 98, 98
2026/07/30 19:23:03.473, 0, NVIDIA GeForce RTX 3080, 5973, 4079, 10240, 98, 98
2026/07/30 19:23:03.585, 0, NVIDIA GeForce RTX 3080, 5973, 4079, 10240, 98, 98
2026/07/30 19:23:03.697, 0, NVIDIA GeForce RTX 3080, 5973, 4079, 10240, 98, 98
2026/07/30 19:23:03.805, 0, NVIDIA GeForce RTX 3080, 5973, 4079, 10240, 97, 98
2026/07/30 19:23:03.914, 0, NVIDIA GeForce RTX 3080, 5973, 4079, 10240, 97, 98
2026/07/30 19:23:04.025, 0, NVIDIA GeForce RTX 3080, 5973, 4079, 10240, 97, 98
2026/07/30 19:23:04.136, 0, NVIDIA GeForce RTX 3080, 5973, 4079, 10240, 97, 98
2026/07/30 19:23:04.247, 0, NVIDIA GeForce RTX 3080, 5973, 4079, 10240, 97, 98
2026/07/30 19:23:04.359, 0, NVIDIA GeForce RTX 3080, 5973, 4079, 10240, 97, 98
2026/07/30 19:23:04.471, 0, NVIDIA GeForce RTX 3080, 5973, 4079, 10240, 97, 98
2026/07/30 19:23:04.582, 0, NVIDIA GeForce RTX 3080, 5973, 4079, 10240, 97, 98
2026/07/30 19:23:04.693, 0, NVIDIA GeForce RTX 3080, 5973, 4079, 10240, 97, 98
2026/07/30 19:23:04.804, 0, NVIDIA GeForce RTX 3080, 5973, 4079, 10240, 96, 98
2026/07/30 19:23:04.915, 0, NVIDIA GeForce RTX 3080, 5973, 4079, 10240, 96, 98
2026/07/30 19:23:05.026, 0, NVIDIA GeForce RTX 3080, 5973, 4079, 10240, 96, 98
2026/07/30 19:23:05.138, 0, NVIDIA GeForce RTX 3080, 5973, 4079, 10240, 96, 98
2026/07/30 19:23:05.250, 0, NVIDIA GeForce RTX 3080, 5973, 4079, 10240, 95, 98
2026/07/30 19:23:05.362, 0, NVIDIA GeForce RTX 3080, 5973, 4079, 10240, 95, 98
2026/07/30 19:23:05.474, 0, NVIDIA GeForce RTX 3080, 5973, 4079, 10240, 95, 98
2026/07/30 19:23:05.586, 0, NVIDIA GeForce RTX 3080, 5973, 4079, 10240, 95, 98
2026/07/30 19:23:05.698, 0, NVIDIA GeForce RTX 3080, 5973, 4079, 10240, 96, 98
2026/07/30 19:23:05.809, 0, NVIDIA GeForce RTX 3080, 5973, 4079, 10240, 96, 98
2026/07/30 19:23:05.920, 0, NVIDIA GeForce RTX 3080, 5973, 4079, 10240, 96, 98
2026/07/30 19:23:06.032, 0, NVIDIA GeForce RTX 3080, 5973, 4079, 10240, 96, 98
2026/07/30 19:23:06.145, 0, NVIDIA GeForce RTX 3080, 5973, 4079, 10240, 96, 98
2026/07/30 19:23:06.256, 0, NVIDIA GeForce RTX 3080, 5973, 4079, 10240, 95, 98
2026/07/30 19:23:06.367, 0, NVIDIA GeForce RTX 3080, 5973, 4079, 10240, 95, 98
2026/07/30 19:23:06.479, 0, NVIDIA GeForce RTX 3080, 5973, 4079, 10240, 95, 98
2026/07/30 19:23:06.591, 0, NVIDIA GeForce RTX 3080, 5973, 4079, 10240, 95, 98
2026/07/30 19:23:06.703, 0, NVIDIA GeForce RTX 3080, 5973, 4079, 10240, 97, 98
2026/07/30 19:23:06.815, 0, NVIDIA GeForce RTX 3080, 5973, 4079, 10240, 97, 98
2026/07/30 19:23:06.926, 0, NVIDIA GeForce RTX 3080, 5973, 4079, 10240, 97, 98
2026/07/30 19:23:07.038, 0, NVIDIA GeForce RTX 3080, 5973, 4079, 10240, 97, 98
2026/07/30 19:23:07.150, 0, NVIDIA GeForce RTX 3080, 5973, 4079, 10240, 97, 98
2026/07/30 19:23:07.262, 0, NVIDIA GeForce RTX 3080, 5973, 4079, 10240, 97, 98
2026/07/30 19:23:07.373, 0, NVIDIA GeForce RTX 3080, 5973, 4079, 10240, 97, 98
2026/07/30 19:23:07.485, 0, NVIDIA GeForce RTX 3080, 5973, 4079, 10240, 97, 98
2026/07/30 19:23:07.597, 0, NVIDIA GeForce RTX 3080, 5973, 4079, 10240, 97, 98
2026/07/30 19:23:07.708, 0, NVIDIA GeForce RTX 3080, 5973, 4079, 10240, 97, 98
2026/07/30 19:23:07.818, 0, NVIDIA GeForce RTX 3080, 5973, 4079, 10240, 97, 98
2026/07/30 19:23:07.929, 0, NVIDIA GeForce RTX 3080, 5973, 4079, 10240, 97, 98
2026/07/30 19:23:08.041, 0, NVIDIA GeForce RTX 3080, 5973, 4079, 10240, 97, 98
2026/07/30 19:23:08.153, 0, NVIDIA GeForce RTX 3080, 5973, 4079, 10240, 97, 98
2026/07/30 19:23:08.265, 0, NVIDIA GeForce RTX 3080, 5973, 4079, 10240, 96, 96
2026/07/30 19:23:08.378, 0, NVIDIA GeForce RTX 3080, 5973, 4079, 10240, 96, 96
2026/07/30 19:23:08.490, 0, NVIDIA GeForce RTX 3080, 5973, 4079, 10240, 96, 96
2026/07/30 19:23:08.602, 0, NVIDIA GeForce RTX 3080, 5973, 4079, 10240, 96, 96
2026/07/30 19:23:08.714, 0, NVIDIA GeForce RTX 3080, 5973, 4079, 10240, 98, 98
2026/07/30 19:23:08.826, 0, NVIDIA GeForce RTX 3080, 5973, 4079, 10240, 98, 98
2026/07/30 19:23:08.938, 0, NVIDIA GeForce RTX 3080, 5973, 4079, 10240, 98, 98
2026/07/30 19:23:09.050, 0, NVIDIA GeForce RTX 3080, 5973, 4079, 10240, 98, 98
2026/07/30 19:23:09.162, 0, NVIDIA GeForce RTX 3080, 5973, 4079, 10240, 98, 98
2026/07/30 19:23:09.274, 0, NVIDIA GeForce RTX 3080, 5973, 4079, 10240, 97, 97
2026/07/30 19:23:09.386, 0, NVIDIA GeForce RTX 3080, 5973, 4079, 10240, 97, 97
2026/07/30 19:23:09.498, 0, NVIDIA GeForce RTX 3080, 5973, 4079, 10240, 97, 97
2026/07/30 19:23:09.610, 0, NVIDIA GeForce RTX 3080, 5973, 4079, 10240, 97, 97
2026/07/30 19:23:09.722, 0, NVIDIA GeForce RTX 3080, 5973, 4079, 10240, 98, 98
2026/07/30 19:23:09.831, 0, NVIDIA GeForce RTX 3080, 5973, 4079, 10240, 98, 98
2026/07/30 19:23:09.940, 0, NVIDIA GeForce RTX 3080, 5973, 4079, 10240, 98, 98
2026/07/30 19:23:10.050, 0, NVIDIA GeForce RTX 3080, 5973, 4079, 10240, 98, 98
2026/07/30 19:23:10.158, 0, NVIDIA GeForce RTX 3080, 5973, 4079, 10240, 98, 98
2026/07/30 19:23:10.267, 0, NVIDIA GeForce RTX 3080, 5973, 4079, 10240, 96, 98
2026/07/30 19:23:10.380, 0, NVIDIA GeForce RTX 3080, 5973, 4079, 10240, 96, 98
2026/07/30 19:23:10.485, 0, NVIDIA GeForce RTX 3080, 5973, 4079, 10240, 96, 98
2026/07/30 19:23:10.595, 0, NVIDIA GeForce RTX 3080, 5973, 4079, 10240, 96, 98
2026/07/30 19:23:10.706, 0, NVIDIA GeForce RTX 3080, 5973, 4079, 10240, 95, 97
2026/07/30 19:23:10.818, 0, NVIDIA GeForce RTX 3080, 5973, 4079, 10240, 95, 97
2026/07/30 19:23:10.930, 0, NVIDIA GeForce RTX 3080, 5973, 4079, 10240, 95, 97
2026/07/30 19:23:11.042, 0, NVIDIA GeForce RTX 3080, 5973, 4079, 10240, 95, 97
2026/07/30 19:23:11.153, 0, NVIDIA GeForce RTX 3080, 5973, 4079, 10240, 95, 97
2026/07/30 19:23:11.265, 0, NVIDIA GeForce RTX 3080, 5973, 4079, 10240, 96, 98
2026/07/30 19:23:11.377, 0, NVIDIA GeForce RTX 3080, 5973, 4079, 10240, 96, 98
2026/07/30 19:23:11.490, 0, NVIDIA GeForce RTX 3080, 5973, 4079, 10240, 96, 98
2026/07/30 19:23:11.602, 0, NVIDIA GeForce RTX 3080, 5973, 4079, 10240, 96, 98
2026/07/30 19:23:11.713, 0, NVIDIA GeForce RTX 3080, 5973, 4079, 10240, 95, 98
2026/07/30 19:23:11.822, 0, NVIDIA GeForce RTX 3080, 5973, 4079, 10240, 95, 98
2026/07/30 19:23:11.931, 0, NVIDIA GeForce RTX 3080, 5973, 4079, 10240, 95, 98
2026/07/30 19:23:12.040, 0, NVIDIA GeForce RTX 3080, 5973, 4079, 10240, 95, 98
2026/07/30 19:23:12.149, 0, NVIDIA GeForce RTX 3080, 5973, 4079, 10240, 95, 98
2026/07/30 19:23:12.257, 0, NVIDIA GeForce RTX 3080, 5973, 4079, 10240, 97, 97
2026/07/30 19:23:12.368, 0, NVIDIA GeForce RTX 3080, 5973, 4079, 10240, 97, 97
2026/07/30 19:23:12.480, 0, NVIDIA GeForce RTX 3080, 5973, 4079, 10240, 97, 97
2026/07/30 19:23:12.592, 0, NVIDIA GeForce RTX 3080, 5973, 4079, 10240, 97, 97
2026/07/30 19:23:12.703, 0, NVIDIA GeForce RTX 3080, 5973, 4079, 10240, 97, 97
2026/07/30 19:23:12.815, 0, NVIDIA GeForce RTX 3080, 5973, 4079, 10240, 97, 97
2026/07/30 19:23:12.927, 0, NVIDIA GeForce RTX 3080, 5973, 4079, 10240, 97, 97
2026/07/30 19:23:13.039, 0, NVIDIA GeForce RTX 3080, 5973, 4079, 10240, 97, 97
2026/07/30 19:23:13.151, 0, NVIDIA GeForce RTX 3080, 5973, 4079, 10240, 97, 97
2026/07/30 19:23:13.263, 0, NVIDIA GeForce RTX 3080, 5973, 4079, 10240, 97, 98
2026/07/30 19:23:13.375, 0, NVIDIA GeForce RTX 3080, 5973, 4079, 10240, 97, 98
2026/07/30 19:23:13.486, 0, NVIDIA GeForce RTX 3080, 5973, 4079, 10240, 97, 98
2026/07/30 19:23:13.598, 0, NVIDIA GeForce RTX 3080, 5973, 4079, 10240, 97, 98
2026/07/30 19:23:13.710, 0, NVIDIA GeForce RTX 3080, 5973, 4079, 10240, 98, 98
2026/07/30 19:23:13.821, 0, NVIDIA GeForce RTX 3080, 5973, 4079, 10240, 98, 98
2026/07/30 19:23:13.933, 0, NVIDIA GeForce RTX 3080, 5973, 4079, 10240, 98, 98
2026/07/30 19:23:14.045, 0, NVIDIA GeForce RTX 3080, 5973, 4079, 10240, 98, 98
2026/07/30 19:23:14.157, 0, NVIDIA GeForce RTX 3080, 5973, 4079, 10240, 98, 98
2026/07/30 19:23:14.269, 0, NVIDIA GeForce RTX 3080, 5973, 4079, 10240, 96, 98
2026/07/30 19:23:14.381, 0, NVIDIA GeForce RTX 3080, 5973, 4079, 10240, 96, 98
2026/07/30 19:23:14.493, 0, NVIDIA GeForce RTX 3080, 5973, 4079, 10240, 96, 98
2026/07/30 19:23:14.605, 0, NVIDIA GeForce RTX 3080, 5973, 4079, 10240, 96, 98
2026/07/30 19:23:14.717, 0, NVIDIA GeForce RTX 3080, 5973, 4079, 10240, 96, 98
2026/07/30 19:23:14.829, 0, NVIDIA GeForce RTX 3080, 5973, 4079, 10240, 96, 98
2026/07/30 19:23:14.941, 0, NVIDIA GeForce RTX 3080, 5973, 4079, 10240, 96, 98
2026/07/30 19:23:15.053, 0, NVIDIA GeForce RTX 3080, 5973, 4079, 10240, 96, 98
2026/07/30 19:23:15.165, 0, NVIDIA GeForce RTX 3080, 5973, 4079, 10240, 96, 98
2026/07/30 19:23:15.276, 0, NVIDIA GeForce RTX 3080, 5973, 4079, 10240, 96, 98
2026/07/30 19:23:15.387, 0, NVIDIA GeForce RTX 3080, 5973, 4079, 10240, 96, 98
2026/07/30 19:23:15.500, 0, NVIDIA GeForce RTX 3080, 5973, 4079, 10240, 96, 98
2026/07/30 19:23:15.612, 0, NVIDIA GeForce RTX 3080, 5973, 4079, 10240, 96, 98
2026/07/30 19:23:15.724, 0, NVIDIA GeForce RTX 3080, 5973, 4079, 10240, 96, 98
2026/07/30 19:23:15.835, 0, NVIDIA GeForce RTX 3080, 5973, 4079, 10240, 96, 98
2026/07/30 19:23:15.947, 0, NVIDIA GeForce RTX 3080, 5973, 4079, 10240, 96, 98
2026/07/30 19:23:16.059, 0, NVIDIA GeForce RTX 3080, 5973, 4079, 10240, 96, 98
2026/07/30 19:23:16.171, 0, NVIDIA GeForce RTX 3080, 5973, 4079, 10240, 96, 98
2026/07/30 19:23:16.283, 0, NVIDIA GeForce RTX 3080, 5973, 4079, 10240, 97, 98
2026/07/30 19:23:16.394, 0, NVIDIA GeForce RTX 3080, 5973, 4079, 10240, 97, 98
2026/07/30 19:23:16.506, 0, NVIDIA GeForce RTX 3080, 5973, 4079, 10240, 97, 98
2026/07/30 19:23:16.618, 0, NVIDIA GeForce RTX 3080, 5973, 4079, 10240, 97, 98
2026/07/30 19:23:16.729, 0, NVIDIA GeForce RTX 3080, 5973, 4079, 10240, 97, 98
2026/07/30 19:23:16.840, 0, NVIDIA GeForce RTX 3080, 5973, 4079, 10240, 97, 98
2026/07/30 19:23:16.949, 0, NVIDIA GeForce RTX 3080, 5973, 4079, 10240, 97, 98
2026/07/30 19:23:17.058, 0, NVIDIA GeForce RTX 3080, 5973, 4079, 10240, 97, 98
2026/07/30 19:23:17.166, 0, NVIDIA GeForce RTX 3080, 5973, 4079, 10240, 97, 98
2026/07/30 19:23:17.276, 0, NVIDIA GeForce RTX 3080, 5973, 4079, 10240, 96, 97
2026/07/30 19:23:17.387, 0, NVIDIA GeForce RTX 3080, 5973, 4079, 10240, 96, 97
2026/07/30 19:23:17.499, 0, NVIDIA GeForce RTX 3080, 5973, 4079, 10240, 96, 97
2026/07/30 19:23:17.611, 0, NVIDIA GeForce RTX 3080, 5973, 4079, 10240, 96, 97
2026/07/30 19:23:17.722, 0, NVIDIA GeForce RTX 3080, 5973, 4079, 10240, 96, 97
2026/07/30 19:23:17.834, 0, NVIDIA GeForce RTX 3080, 5973, 4079, 10240, 96, 97
2026/07/30 19:23:17.946, 0, NVIDIA GeForce RTX 3080, 5973, 4079, 10240, 96, 97
2026/07/30 19:23:18.058, 0, NVIDIA GeForce RTX 3080, 5973, 4079, 10240, 96, 97
2026/07/30 19:23:18.170, 0, NVIDIA GeForce RTX 3080, 5973, 4079, 10240, 96, 97
2026/07/30 19:23:18.282, 0, NVIDIA GeForce RTX 3080, 5973, 4079, 10240, 98, 97
2026/07/30 19:23:18.394, 0, NVIDIA GeForce RTX 3080, 5973, 4079, 10240, 98, 97
2026/07/30 19:23:18.506, 0, NVIDIA GeForce RTX 3080, 5973, 4079, 10240, 98, 97
2026/07/30 19:23:18.618, 0, NVIDIA GeForce RTX 3080, 5973, 4079, 10240, 98, 97
2026/07/30 19:23:18.730, 0, NVIDIA GeForce RTX 3080, 5973, 4079, 10240, 98, 98
2026/07/30 19:23:18.840, 0, NVIDIA GeForce RTX 3080, 5973, 4079, 10240, 98, 98
2026/07/30 19:23:18.949, 0, NVIDIA GeForce RTX 3080, 5973, 4079, 10240, 98, 98
2026/07/30 19:23:19.061, 0, NVIDIA GeForce RTX 3080, 5973, 4079, 10240, 98, 98
2026/07/30 19:23:19.173, 0, NVIDIA GeForce RTX 3080, 5973, 4079, 10240, 98, 98
2026/07/30 19:23:19.285, 0, NVIDIA GeForce RTX 3080, 5973, 4079, 10240, 98, 98
2026/07/30 19:23:19.396, 0, NVIDIA GeForce RTX 3080, 5973, 4079, 10240, 98, 98
2026/07/30 19:23:19.508, 0, NVIDIA GeForce RTX 3080, 5973, 4079, 10240, 98, 98
2026/07/30 19:23:19.620, 0, NVIDIA GeForce RTX 3080, 5973, 4079, 10240, 98, 98
2026/07/30 19:23:19.731, 0, NVIDIA GeForce RTX 3080, 5973, 4079, 10240, 98, 98
2026/07/30 19:23:19.842, 0, NVIDIA GeForce RTX 3080, 5973, 4079, 10240, 98, 98
2026/07/30 19:23:19.954, 0, NVIDIA GeForce RTX 3080, 5973, 4079, 10240, 98, 98
2026/07/30 19:23:20.067, 0, NVIDIA GeForce RTX 3080, 5973, 4079, 10240, 98, 98
2026/07/30 19:23:20.179, 0, NVIDIA GeForce RTX 3080, 5973, 4079, 10240, 98, 98
2026/07/30 19:23:20.291, 0, NVIDIA GeForce RTX 3080, 5973, 4079, 10240, 95, 98
2026/07/30 19:23:20.403, 0, NVIDIA GeForce RTX 3080, 5973, 4079, 10240, 95, 98
2026/07/30 19:23:20.515, 0, NVIDIA GeForce RTX 3080, 5973, 4079, 10240, 95, 98
2026/07/30 19:23:20.627, 0, NVIDIA GeForce RTX 3080, 5973, 4079, 10240, 95, 98
2026/07/30 19:23:20.739, 0, NVIDIA GeForce RTX 3080, 5973, 4079, 10240, 96, 98
2026/07/30 19:23:20.851, 0, NVIDIA GeForce RTX 3080, 5973, 4079, 10240, 96, 98
2026/07/30 19:23:20.963, 0, NVIDIA GeForce RTX 3080, 5973, 4079, 10240, 96, 98
2026/07/30 19:23:21.075, 0, NVIDIA GeForce RTX 3080, 5973, 4079, 10240, 96, 98
2026/07/30 19:23:21.187, 0, NVIDIA GeForce RTX 3080, 5973, 4079, 10240, 96, 98
2026/07/30 19:23:21.299, 0, NVIDIA GeForce RTX 3080, 5973, 4079, 10240, 96, 98
2026/07/30 19:23:21.410, 0, NVIDIA GeForce RTX 3080, 5973, 4079, 10240, 96, 98
2026/07/30 19:23:21.522, 0, NVIDIA GeForce RTX 3080, 5973, 4079, 10240, 96, 98
2026/07/30 19:23:21.634, 0, NVIDIA GeForce RTX 3080, 5973, 4079, 10240, 96, 98
2026/07/30 19:23:21.746, 0, NVIDIA GeForce RTX 3080, 5973, 4079, 10240, 93, 96
2026/07/30 19:23:21.858, 0, NVIDIA GeForce RTX 3080, 5973, 4079, 10240, 93, 96
2026/07/30 19:23:21.969, 0, NVIDIA GeForce RTX 3080, 5973, 4079, 10240, 93, 96
2026/07/30 19:23:22.081, 0, NVIDIA GeForce RTX 3080, 5973, 4079, 10240, 93, 96
2026/07/30 19:23:22.193, 0, NVIDIA GeForce RTX 3080, 5973, 4079, 10240, 93, 96
2026/07/30 19:23:22.305, 0, NVIDIA GeForce RTX 3080, 5973, 4079, 10240, 97, 98
2026/07/30 19:23:22.417, 0, NVIDIA GeForce RTX 3080, 5973, 4079, 10240, 97, 98
2026/07/30 19:23:22.529, 0, NVIDIA GeForce RTX 3080, 5973, 4079, 10240, 97, 98
2026/07/30 19:23:22.640, 0, NVIDIA GeForce RTX 3080, 5973, 4079, 10240, 97, 98
2026/07/30 19:23:22.752, 0, NVIDIA GeForce RTX 3080, 5973, 4079, 10240, 97, 98
2026/07/30 19:23:22.864, 0, NVIDIA GeForce RTX 3080, 5973, 4079, 10240, 97, 98
2026/07/30 19:23:22.976, 0, NVIDIA GeForce RTX 3080, 5973, 4079, 10240, 97, 98
2026/07/30 19:23:23.088, 0, NVIDIA GeForce RTX 3080, 5973, 4079, 10240, 97, 98
2026/07/30 19:23:23.200, 0, NVIDIA GeForce RTX 3080, 5973, 4079, 10240, 97, 98
2026/07/30 19:23:23.312, 0, NVIDIA GeForce RTX 3080, 5973, 4079, 10240, 97, 98
2026/07/30 19:23:23.424, 0, NVIDIA GeForce RTX 3080, 5973, 4079, 10240, 97, 98
2026/07/30 19:23:23.536, 0, NVIDIA GeForce RTX 3080, 5973, 4079, 10240, 97, 98
2026/07/30 19:23:23.648, 0, NVIDIA GeForce RTX 3080, 5973, 4079, 10240, 97, 98
2026/07/30 19:23:23.760, 0, NVIDIA GeForce RTX 3080, 5973, 4079, 10240, 93, 95
2026/07/30 19:23:23.870, 0, NVIDIA GeForce RTX 3080, 5973, 4079, 10240, 93, 95
2026/07/30 19:23:23.982, 0, NVIDIA GeForce RTX 3080, 5973, 4079, 10240, 93, 95
2026/07/30 19:23:24.094, 0, NVIDIA GeForce RTX 3080, 5973, 4079, 10240, 93, 95
2026/07/30 19:23:24.206, 0, NVIDIA GeForce RTX 3080, 5973, 4079, 10240, 96, 98
2026/07/30 19:23:24.318, 0, NVIDIA GeForce RTX 3080, 5973, 4079, 10240, 96, 98
2026/07/30 19:23:24.428, 0, NVIDIA GeForce RTX 3080, 5973, 4079, 10240, 96, 98
2026/07/30 19:23:24.539, 0, NVIDIA GeForce RTX 3080, 5973, 4079, 10240, 96, 98
2026/07/30 19:23:24.651, 0, NVIDIA GeForce RTX 3080, 5973, 4079, 10240, 96, 98
2026/07/30 19:23:24.762, 0, NVIDIA GeForce RTX 3080, 5973, 4079, 10240, 96, 98
2026/07/30 19:23:24.872, 0, NVIDIA GeForce RTX 3080, 5973, 4079, 10240, 96, 98
2026/07/30 19:23:24.984, 0, NVIDIA GeForce RTX 3080, 5973, 4079, 10240, 96, 98
2026/07/30 19:23:25.096, 0, NVIDIA GeForce RTX 3080, 5973, 4079, 10240, 96, 98
2026/07/30 19:23:25.209, 0, NVIDIA GeForce RTX 3080, 5973, 4079, 10240, 94, 97
2026/07/30 19:23:25.320, 0, NVIDIA GeForce RTX 3080, 5973, 4079, 10240, 94, 97
2026/07/30 19:23:25.431, 0, NVIDIA GeForce RTX 3080, 5973, 4079, 10240, 94, 97
2026/07/30 19:23:25.543, 0, NVIDIA GeForce RTX 3080, 5973, 4079, 10240, 94, 97
2026/07/30 19:23:25.655, 0, NVIDIA GeForce RTX 3080, 5973, 4079, 10240, 94, 97
2026/07/30 19:23:25.767, 0, NVIDIA GeForce RTX 3080, 5973, 4079, 10240, 96, 98
2026/07/30 19:23:25.879, 0, NVIDIA GeForce RTX 3080, 5973, 4079, 10240, 96, 98
2026/07/30 19:23:25.991, 0, NVIDIA GeForce RTX 3080, 5973, 4079, 10240, 96, 98
2026/07/30 19:23:26.103, 0, NVIDIA GeForce RTX 3080, 5973, 4079, 10240, 96, 98
2026/07/30 19:23:26.215, 0, NVIDIA GeForce RTX 3080, 5973, 4079, 10240, 97, 98
2026/07/30 19:23:26.325, 0, NVIDIA GeForce RTX 3080, 5973, 4079, 10240, 97, 98
2026/07/30 19:23:26.437, 0, NVIDIA GeForce RTX 3080, 5973, 4079, 10240, 97, 98
2026/07/30 19:23:26.549, 0, NVIDIA GeForce RTX 3080, 5973, 4079, 10240, 97, 98
2026/07/30 19:23:26.661, 0, NVIDIA GeForce RTX 3080, 5973, 4079, 10240, 97, 98
2026/07/30 19:23:26.772, 0, NVIDIA GeForce RTX 3080, 5973, 4079, 10240, 96, 97
2026/07/30 19:23:26.884, 0, NVIDIA GeForce RTX 3080, 5973, 4079, 10240, 96, 97
2026/07/30 19:23:26.996, 0, NVIDIA GeForce RTX 3080, 5973, 4079, 10240, 96, 97
2026/07/30 19:23:27.108, 0, NVIDIA GeForce RTX 3080, 5973, 4079, 10240, 96, 97
2026/07/30 19:23:27.220, 0, NVIDIA GeForce RTX 3080, 5973, 4079, 10240, 97, 98
2026/07/30 19:23:27.332, 0, NVIDIA GeForce RTX 3080, 5973, 4079, 10240, 97, 98
2026/07/30 19:23:27.443, 0, NVIDIA GeForce RTX 3080, 5973, 4079, 10240, 97, 98
2026/07/30 19:23:27.555, 0, NVIDIA GeForce RTX 3080, 5973, 4079, 10240, 97, 98
2026/07/30 19:23:27.667, 0, NVIDIA GeForce RTX 3080, 5973, 4079, 10240, 97, 98
2026/07/30 19:23:27.778, 0, NVIDIA GeForce RTX 3080, 5973, 4079, 10240, 98, 98
2026/07/30 19:23:27.890, 0, NVIDIA GeForce RTX 3080, 5973, 4079, 10240, 98, 98
2026/07/30 19:23:28.002, 0, NVIDIA GeForce RTX 3080, 5973, 4079, 10240, 98, 98
2026/07/30 19:23:28.113, 0, NVIDIA GeForce RTX 3080, 5973, 4079, 10240, 98, 98
2026/07/30 19:23:28.225, 0, NVIDIA GeForce RTX 3080, 5973, 4079, 10240, 98, 98
2026/07/30 19:23:28.335, 0, NVIDIA GeForce RTX 3080, 5973, 4079, 10240, 98, 98
2026/07/30 19:23:28.447, 0, NVIDIA GeForce RTX 3080, 5973, 4079, 10240, 98, 98
2026/07/30 19:23:28.558, 0, NVIDIA GeForce RTX 3080, 5973, 4079, 10240, 98, 98
2026/07/30 19:23:28.670, 0, NVIDIA GeForce RTX 3080, 5973, 4079, 10240, 98, 98
2026/07/30 19:23:28.782, 0, NVIDIA GeForce RTX 3080, 5973, 4079, 10240, 98, 98
2026/07/30 19:23:28.894, 0, NVIDIA GeForce RTX 3080, 5973, 4079, 10240, 98, 98
2026/07/30 19:23:29.006, 0, NVIDIA GeForce RTX 3080, 5973, 4079, 10240, 98, 98
2026/07/30 19:23:29.118, 0, NVIDIA GeForce RTX 3080, 5973, 4079, 10240, 98, 98
2026/07/30 19:23:29.230, 0, NVIDIA GeForce RTX 3080, 5973, 4079, 10240, 98, 98
2026/07/30 19:23:29.342, 0, NVIDIA GeForce RTX 3080, 5973, 4079, 10240, 98, 98
2026/07/30 19:23:29.454, 0, NVIDIA GeForce RTX 3080, 5973, 4079, 10240, 98, 98
2026/07/30 19:23:29.566, 0, NVIDIA GeForce RTX 3080, 5973, 4079, 10240, 98, 98
2026/07/30 19:23:29.677, 0, NVIDIA GeForce RTX 3080, 5973, 4079, 10240, 98, 98
2026/07/30 19:23:29.788, 0, NVIDIA GeForce RTX 3080, 5973, 4079, 10240, 95, 98
2026/07/30 19:23:29.897, 0, NVIDIA GeForce RTX 3080, 5973, 4079, 10240, 95, 98
2026/07/30 19:23:30.007, 0, NVIDIA GeForce RTX 3080, 5973, 4079, 10240, 95, 98
2026/07/30 19:23:30.116, 0, NVIDIA GeForce RTX 3080, 5973, 4079, 10240, 95, 98
2026/07/30 19:23:30.226, 0, NVIDIA GeForce RTX 3080, 5973, 4079, 10240, 94, 96
2026/07/30 19:23:30.337, 0, NVIDIA GeForce RTX 3080, 5973, 4079, 10240, 94, 96
2026/07/30 19:23:30.446, 0, NVIDIA GeForce RTX 3080, 5973, 4079, 10240, 94, 96
2026/07/30 19:23:30.556, 0, NVIDIA GeForce RTX 3080, 5973, 4079, 10240, 94, 96
2026/07/30 19:23:30.667, 0, NVIDIA GeForce RTX 3080, 5973, 4079, 10240, 94, 96
2026/07/30 19:23:30.778, 0, NVIDIA GeForce RTX 3080, 5973, 4079, 10240, 96, 98
2026/07/30 19:23:30.888, 0, NVIDIA GeForce RTX 3080, 5973, 4079, 10240, 96, 98
2026/07/30 19:23:30.999, 0, NVIDIA GeForce RTX 3080, 5973, 4079, 10240, 96, 98
2026/07/30 19:23:31.110, 0, NVIDIA GeForce RTX 3080, 5973, 4079, 10240, 96, 98
2026/07/30 19:23:31.222, 0, NVIDIA GeForce RTX 3080, 5973, 4079, 10240, 95, 97
2026/07/30 19:23:31.333, 0, NVIDIA GeForce RTX 3080, 5973, 4079, 10240, 95, 97
2026/07/30 19:23:31.445, 0, NVIDIA GeForce RTX 3080, 5973, 4079, 10240, 95, 97
2026/07/30 19:23:31.557, 0, NVIDIA GeForce RTX 3080, 5973, 4079, 10240, 95, 97
2026/07/30 19:23:31.669, 0, NVIDIA GeForce RTX 3080, 5973, 4079, 10240, 95, 97
2026/07/30 19:23:31.779, 0, NVIDIA GeForce RTX 3080, 5973, 4079, 10240, 96, 97
2026/07/30 19:23:31.888, 0, NVIDIA GeForce RTX 3080, 5973, 4079, 10240, 96, 97
2026/07/30 19:23:31.996, 0, NVIDIA GeForce RTX 3080, 5973, 4079, 10240, 96, 97
2026/07/30 19:23:32.106, 0, NVIDIA GeForce RTX 3080, 5973, 4079, 10240, 96, 97
2026/07/30 19:23:32.215, 0, NVIDIA GeForce RTX 3080, 5973, 4079, 10240, 97, 98
2026/07/30 19:23:32.327, 0, NVIDIA GeForce RTX 3080, 5973, 4079, 10240, 97, 98
2026/07/30 19:23:32.439, 0, NVIDIA GeForce RTX 3080, 5973, 4079, 10240, 97, 98
2026/07/30 19:23:32.548, 0, NVIDIA GeForce RTX 3080, 5973, 4079, 10240, 97, 98
2026/07/30 19:23:32.660, 0, NVIDIA GeForce RTX 3080, 5973, 4079, 10240, 97, 98
2026/07/30 19:23:32.771, 0, NVIDIA GeForce RTX 3080, 5973, 4079, 10240, 97, 98
2026/07/30 19:23:32.882, 0, NVIDIA GeForce RTX 3080, 5973, 4079, 10240, 97, 98
2026/07/30 19:23:32.994, 0, NVIDIA GeForce RTX 3080, 5973, 4079, 10240, 97, 98
2026/07/30 19:23:33.106, 0, NVIDIA GeForce RTX 3080, 5973, 4079, 10240, 97, 98
2026/07/30 19:23:33.217, 0, NVIDIA GeForce RTX 3080, 5973, 4079, 10240, 97, 98
2026/07/30 19:23:33.328, 0, NVIDIA GeForce RTX 3080, 5973, 4079, 10240, 97, 98
2026/07/30 19:23:33.440, 0, NVIDIA GeForce RTX 3080, 5973, 4079, 10240, 97, 98
2026/07/30 19:23:33.551, 0, NVIDIA GeForce RTX 3080, 5973, 4079, 10240, 97, 98
2026/07/30 19:23:33.663, 0, NVIDIA GeForce RTX 3080, 5973, 4079, 10240, 97, 98
2026/07/30 19:23:33.775, 0, NVIDIA GeForce RTX 3080, 5973, 4079, 10240, 96, 98
2026/07/30 19:23:33.887, 0, NVIDIA GeForce RTX 3080, 5973, 4079, 10240, 96, 98
2026/07/30 19:23:33.998, 0, NVIDIA GeForce RTX 3080, 5973, 4079, 10240, 96, 98
2026/07/30 19:23:34.110, 0, NVIDIA GeForce RTX 3080, 5973, 4079, 10240, 96, 98
2026/07/30 19:23:34.220, 0, NVIDIA GeForce RTX 3080, 5973, 4079, 10240, 96, 98
2026/07/30 19:23:34.332, 0, NVIDIA GeForce RTX 3080, 5973, 4079, 10240, 96, 98
2026/07/30 19:23:34.444, 0, NVIDIA GeForce RTX 3080, 5973, 4079, 10240, 96, 98
2026/07/30 19:23:34.556, 0, NVIDIA GeForce RTX 3080, 5973, 4079, 10240, 96, 98
2026/07/30 19:23:34.668, 0, NVIDIA GeForce RTX 3080, 5973, 4079, 10240, 96, 98
2026/07/30 19:23:34.780, 0, NVIDIA GeForce RTX 3080, 5973, 4079, 10240, 96, 98
2026/07/30 19:23:34.892, 0, NVIDIA GeForce RTX 3080, 5973, 4079, 10240, 96, 98
2026/07/30 19:23:35.004, 0, NVIDIA GeForce RTX 3080, 5973, 4079, 10240, 96, 98
2026/07/30 19:23:35.116, 0, NVIDIA GeForce RTX 3080, 5973, 4079, 10240, 96, 98
2026/07/30 19:23:35.228, 0, NVIDIA GeForce RTX 3080, 5973, 4079, 10240, 94, 96
2026/07/30 19:23:35.340, 0, NVIDIA GeForce RTX 3080, 5973, 4079, 10240, 94, 96
2026/07/30 19:23:35.452, 0, NVIDIA GeForce RTX 3080, 5973, 4079, 10240, 94, 96
2026/07/30 19:23:35.564, 0, NVIDIA GeForce RTX 3080, 5973, 4079, 10240, 94, 96
2026/07/30 19:23:35.676, 0, NVIDIA GeForce RTX 3080, 5973, 4079, 10240, 94, 96
2026/07/30 19:23:35.788, 0, NVIDIA GeForce RTX 3080, 5973, 4079, 10240, 97, 98
2026/07/30 19:23:35.900, 0, NVIDIA GeForce RTX 3080, 5973, 4079, 10240, 97, 98
2026/07/30 19:23:36.012, 0, NVIDIA GeForce RTX 3080, 5973, 4079, 10240, 97, 98
2026/07/30 19:23:36.124, 0, NVIDIA GeForce RTX 3080, 5973, 4079, 10240, 97, 98
2026/07/30 19:23:36.236, 0, NVIDIA GeForce RTX 3080, 5973, 4079, 10240, 97, 98
2026/07/30 19:23:36.348, 0, NVIDIA GeForce RTX 3080, 5973, 4079, 10240, 97, 98
2026/07/30 19:23:36.459, 0, NVIDIA GeForce RTX 3080, 5973, 4079, 10240, 97, 98
2026/07/30 19:23:36.571, 0, NVIDIA GeForce RTX 3080, 5973, 4079, 10240, 97, 98
2026/07/30 19:23:36.682, 0, NVIDIA GeForce RTX 3080, 5973, 4079, 10240, 97, 98
2026/07/30 19:23:36.794, 0, NVIDIA GeForce RTX 3080, 5973, 4079, 10240, 96, 97
2026/07/30 19:23:36.904, 0, NVIDIA GeForce RTX 3080, 5973, 4079, 10240, 96, 97
2026/07/30 19:23:37.011, 0, NVIDIA GeForce RTX 3080, 5973, 4079, 10240, 96, 97
2026/07/30 19:23:37.120, 0, NVIDIA GeForce RTX 3080, 5973, 4079, 10240, 96, 97
2026/07/30 19:23:37.231, 0, NVIDIA GeForce RTX 3080, 5973, 4079, 10240, 97, 98
2026/07/30 19:23:37.343, 0, NVIDIA GeForce RTX 3080, 5973, 4079, 10240, 97, 98
2026/07/30 19:23:37.455, 0, NVIDIA GeForce RTX 3080, 5973, 4079, 10240, 97, 98
2026/07/30 19:23:37.567, 0, NVIDIA GeForce RTX 3080, 5973, 4079, 10240, 97, 98
2026/07/30 19:23:37.679, 0, NVIDIA GeForce RTX 3080, 5973, 4079, 10240, 97, 98
2026/07/30 19:23:37.791, 0, NVIDIA GeForce RTX 3080, 5973, 4079, 10240, 98, 97
2026/07/30 19:23:37.903, 0, NVIDIA GeForce RTX 3080, 5973, 4079, 10240, 98, 97
2026/07/30 19:23:38.015, 0, NVIDIA GeForce RTX 3080, 5973, 4079, 10240, 98, 97
2026/07/30 19:23:38.126, 0, NVIDIA GeForce RTX 3080, 5973, 4079, 10240, 98, 97
2026/07/30 19:23:38.239, 0, NVIDIA GeForce RTX 3080, 5973, 4079, 10240, 97, 97
2026/07/30 19:23:38.351, 0, NVIDIA GeForce RTX 3080, 5973, 4079, 10240, 97, 97
2026/07/30 19:23:38.463, 0, NVIDIA GeForce RTX 3080, 5973, 4079, 10240, 97, 97
2026/07/30 19:23:38.574, 0, NVIDIA GeForce RTX 3080, 5973, 4079, 10240, 97, 97
2026/07/30 19:23:38.686, 0, NVIDIA GeForce RTX 3080, 5973, 4079, 10240, 97, 97
2026/07/30 19:23:38.797, 0, NVIDIA GeForce RTX 3080, 5973, 4079, 10240, 98, 97
2026/07/30 19:23:38.907, 0, NVIDIA GeForce RTX 3080, 5973, 4079, 10240, 98, 97
2026/07/30 19:23:39.019, 0, NVIDIA GeForce RTX 3080, 5973, 4079, 10240, 98, 97
2026/07/30 19:23:39.130, 0, NVIDIA GeForce RTX 3080, 5973, 4079, 10240, 98, 97
2026/07/30 19:23:39.241, 0, NVIDIA GeForce RTX 3080, 5973, 4079, 10240, 98, 98
2026/07/30 19:23:39.353, 0, NVIDIA GeForce RTX 3080, 5973, 4079, 10240, 98, 98
2026/07/30 19:23:39.465, 0, NVIDIA GeForce RTX 3080, 5973, 4079, 10240, 98, 98
2026/07/30 19:23:39.577, 0, NVIDIA GeForce RTX 3080, 5973, 4079, 10240, 98, 98
2026/07/30 19:23:39.689, 0, NVIDIA GeForce RTX 3080, 5973, 4079, 10240, 98, 98
2026/07/30 19:23:39.799, 0, NVIDIA GeForce RTX 3080, 5973, 4079, 10240, 95, 97
2026/07/30 19:23:39.910, 0, NVIDIA GeForce RTX 3080, 5973, 4079, 10240, 95, 97
2026/07/30 19:23:40.022, 0, NVIDIA GeForce RTX 3080, 5973, 4079, 10240, 95, 97
2026/07/30 19:23:40.134, 0, NVIDIA GeForce RTX 3080, 5973, 4079, 10240, 95, 97
2026/07/30 19:23:40.247, 0, NVIDIA GeForce RTX 3080, 5973, 4079, 10240, 95, 98
2026/07/30 19:23:40.357, 0, NVIDIA GeForce RTX 3080, 5973, 4079, 10240, 95, 98
2026/07/30 19:23:40.469, 0, NVIDIA GeForce RTX 3080, 5973, 4079, 10240, 95, 98
2026/07/30 19:23:40.581, 0, NVIDIA GeForce RTX 3080, 5973, 4079, 10240, 95, 98
2026/07/30 19:23:40.693, 0, NVIDIA GeForce RTX 3080, 5973, 4079, 10240, 95, 98
2026/07/30 19:23:40.805, 0, NVIDIA GeForce RTX 3080, 5973, 4079, 10240, 96, 98
2026/07/30 19:23:40.917, 0, NVIDIA GeForce RTX 3080, 5973, 4079, 10240, 96, 98
2026/07/30 19:23:41.029, 0, NVIDIA GeForce RTX 3080, 5973, 4079, 10240, 96, 98
2026/07/30 19:23:41.141, 0, NVIDIA GeForce RTX 3080, 5973, 4079, 10240, 96, 98
2026/07/30 19:23:41.253, 0, NVIDIA GeForce RTX 3080, 5973, 4079, 10240, 94, 97
2026/07/30 19:23:41.365, 0, NVIDIA GeForce RTX 3080, 5973, 4079, 10240, 94, 97
2026/07/30 19:23:41.477, 0, NVIDIA GeForce RTX 3080, 5973, 4079, 10240, 94, 97
2026/07/30 19:23:41.589, 0, NVIDIA GeForce RTX 3080, 5973, 4079, 10240, 94, 97
2026/07/30 19:23:41.701, 0, NVIDIA GeForce RTX 3080, 5973, 4079, 10240, 98, 98
2026/07/30 19:23:41.813, 0, NVIDIA GeForce RTX 3080, 5973, 4079, 10240, 98, 98
2026/07/30 19:23:41.925, 0, NVIDIA GeForce RTX 3080, 5973, 4079, 10240, 98, 98
2026/07/30 19:23:42.037, 0, NVIDIA GeForce RTX 3080, 5973, 4079, 10240, 98, 98
2026/07/30 19:23:42.149, 0, NVIDIA GeForce RTX 3080, 5973, 4079, 10240, 98, 98
2026/07/30 19:23:42.260, 0, NVIDIA GeForce RTX 3080, 5973, 4079, 10240, 97, 98
2026/07/30 19:23:42.372, 0, NVIDIA GeForce RTX 3080, 5973, 4079, 10240, 97, 98
2026/07/30 19:23:42.484, 0, NVIDIA GeForce RTX 3080, 5973, 4079, 10240, 97, 98
2026/07/30 19:23:42.596, 0, NVIDIA GeForce RTX 3080, 5973, 4079, 10240, 97, 98
2026/07/30 19:23:42.708, 0, NVIDIA GeForce RTX 3080, 5973, 4079, 10240, 98, 98
2026/07/30 19:23:42.819, 0, NVIDIA GeForce RTX 3080, 5973, 4079, 10240, 98, 98
2026/07/30 19:23:42.931, 0, NVIDIA GeForce RTX 3080, 5973, 4079, 10240, 98, 98
2026/07/30 19:23:43.043, 0, NVIDIA GeForce RTX 3080, 5973, 4079, 10240, 98, 98
2026/07/30 19:23:43.156, 0, NVIDIA GeForce RTX 3080, 5973, 4079, 10240, 98, 98
2026/07/30 19:23:43.267, 0, NVIDIA GeForce RTX 3080, 5973, 4079, 10240, 94, 96
2026/07/30 19:23:43.379, 0, NVIDIA GeForce RTX 3080, 5973, 4079, 10240, 94, 96
2026/07/30 19:23:43.491, 0, NVIDIA GeForce RTX 3080, 5973, 4079, 10240, 94, 96
2026/07/30 19:23:43.603, 0, NVIDIA GeForce RTX 3080, 5973, 4079, 10240, 94, 96
2026/07/30 19:23:43.715, 0, NVIDIA GeForce RTX 3080, 5973, 4079, 10240, 94, 97
2026/07/30 19:23:43.826, 0, NVIDIA GeForce RTX 3080, 5973, 4079, 10240, 94, 97
2026/07/30 19:23:43.938, 0, NVIDIA GeForce RTX 3080, 5973, 4079, 10240, 94, 97
2026/07/30 19:23:44.049, 0, NVIDIA GeForce RTX 3080, 5973, 4079, 10240, 94, 97
2026/07/30 19:23:44.161, 0, NVIDIA GeForce RTX 3080, 5973, 4079, 10240, 94, 97
2026/07/30 19:23:44.273, 0, NVIDIA GeForce RTX 3080, 5973, 4079, 10240, 95, 98
2026/07/30 19:23:44.385, 0, NVIDIA GeForce RTX 3080, 5973, 4079, 10240, 95, 98
2026/07/30 19:23:44.498, 0, NVIDIA GeForce RTX 3080, 5973, 4079, 10240, 95, 98
2026/07/30 19:23:44.610, 0, NVIDIA GeForce RTX 3080, 5973, 4079, 10240, 95, 98
2026/07/30 19:23:44.722, 0, NVIDIA GeForce RTX 3080, 5973, 4079, 10240, 96, 98
2026/07/30 19:23:44.834, 0, NVIDIA GeForce RTX 3080, 5973, 4079, 10240, 96, 98
2026/07/30 19:23:44.946, 0, NVIDIA GeForce RTX 3080, 5973, 4079, 10240, 96, 98
2026/07/30 19:23:45.058, 0, NVIDIA GeForce RTX 3080, 5973, 4079, 10240, 96, 98
2026/07/30 19:23:45.170, 0, NVIDIA GeForce RTX 3080, 5973, 4079, 10240, 96, 98
2026/07/30 19:23:45.282, 0, NVIDIA GeForce RTX 3080, 5973, 4079, 10240, 94, 96
2026/07/30 19:23:45.394, 0, NVIDIA GeForce RTX 3080, 5973, 4079, 10240, 94, 96
2026/07/30 19:23:45.506, 0, NVIDIA GeForce RTX 3080, 5973, 4079, 10240, 94, 96
2026/07/30 19:23:45.617, 0, NVIDIA GeForce RTX 3080, 5973, 4079, 10240, 94, 96
2026/07/30 19:23:45.729, 0, NVIDIA GeForce RTX 3080, 5973, 4079, 10240, 97, 98
2026/07/30 19:23:45.841, 0, NVIDIA GeForce RTX 3080, 5973, 4079, 10240, 97, 98
2026/07/30 19:23:45.953, 0, NVIDIA GeForce RTX 3080, 5973, 4079, 10240, 97, 98
2026/07/30 19:23:46.065, 0, NVIDIA GeForce RTX 3080, 5973, 4079, 10240, 97, 98
2026/07/30 19:23:46.177, 0, NVIDIA GeForce RTX 3080, 5973, 4079, 10240, 97, 98
2026/07/30 19:23:46.289, 0, NVIDIA GeForce RTX 3080, 5973, 4079, 10240, 96, 97
2026/07/30 19:23:46.401, 0, NVIDIA GeForce RTX 3080, 5973, 4079, 10240, 96, 97
2026/07/30 19:23:46.513, 0, NVIDIA GeForce RTX 3080, 5973, 4079, 10240, 96, 97
2026/07/30 19:23:46.625, 0, NVIDIA GeForce RTX 3080, 5973, 4079, 10240, 96, 97
2026/07/30 19:23:46.737, 0, NVIDIA GeForce RTX 3080, 5973, 4079, 10240, 97, 98
2026/07/30 19:23:46.849, 0, NVIDIA GeForce RTX 3080, 5973, 4079, 10240, 97, 98
2026/07/30 19:23:46.961, 0, NVIDIA GeForce RTX 3080, 5973, 4079, 10240, 97, 98
2026/07/30 19:23:47.073, 0, NVIDIA GeForce RTX 3080, 5973, 4079, 10240, 97, 98
2026/07/30 19:23:47.185, 0, NVIDIA GeForce RTX 3080, 5973, 4079, 10240, 97, 98
2026/07/30 19:23:47.297, 0, NVIDIA GeForce RTX 3080, 5973, 4079, 10240, 98, 98
2026/07/30 19:23:47.409, 0, NVIDIA GeForce RTX 3080, 5973, 4079, 10240, 98, 98
2026/07/30 19:23:47.521, 0, NVIDIA GeForce RTX 3080, 5973, 4079, 10240, 98, 98
2026/07/30 19:23:47.633, 0, NVIDIA GeForce RTX 3080, 5973, 4079, 10240, 98, 98
2026/07/30 19:23:47.744, 0, NVIDIA GeForce RTX 3080, 5973, 4079, 10240, 98, 98
2026/07/30 19:23:47.855, 0, NVIDIA GeForce RTX 3080, 5973, 4079, 10240, 98, 98
2026/07/30 19:23:47.966, 0, NVIDIA GeForce RTX 3080, 5973, 4079, 10240, 98, 98
2026/07/30 19:23:48.078, 0, NVIDIA GeForce RTX 3080, 5973, 4079, 10240, 98, 98
2026/07/30 19:23:48.190, 0, NVIDIA GeForce RTX 3080, 5973, 4079, 10240, 98, 98
2026/07/30 19:23:48.302, 0, NVIDIA GeForce RTX 3080, 5973, 4079, 10240, 98, 98
2026/07/30 19:23:48.411, 0, NVIDIA GeForce RTX 3080, 5973, 4079, 10240, 98, 98
2026/07/30 19:23:48.523, 0, NVIDIA GeForce RTX 3080, 5973, 4079, 10240, 98, 98
2026/07/30 19:23:48.634, 0, NVIDIA GeForce RTX 3080, 5973, 4079, 10240, 98, 98
2026/07/30 19:23:48.747, 0, NVIDIA GeForce RTX 3080, 5973, 4079, 10240, 98, 98
2026/07/30 19:23:48.858, 0, NVIDIA GeForce RTX 3080, 5973, 4079, 10240, 98, 98
2026/07/30 19:23:48.970, 0, NVIDIA GeForce RTX 3080, 5973, 4079, 10240, 98, 98
2026/07/30 19:23:49.082, 0, NVIDIA GeForce RTX 3080, 5973, 4079, 10240, 98, 98
2026/07/30 19:23:49.194, 0, NVIDIA GeForce RTX 3080, 5973, 4079, 10240, 98, 98
2026/07/30 19:23:49.306, 0, NVIDIA GeForce RTX 3080, 5973, 4079, 10240, 95, 98
2026/07/30 19:23:49.418, 0, NVIDIA GeForce RTX 3080, 5973, 4079, 10240, 95, 98
2026/07/30 19:23:49.530, 0, NVIDIA GeForce RTX 3080, 5973, 4079, 10240, 95, 98
2026/07/30 19:23:49.642, 0, NVIDIA GeForce RTX 3080, 5973, 4079, 10240, 95, 98
2026/07/30 19:23:49.753, 0, NVIDIA GeForce RTX 3080, 5973, 4079, 10240, 94, 97
2026/07/30 19:23:49.863, 0, NVIDIA GeForce RTX 3080, 5973, 4079, 10240, 94, 97
2026/07/30 19:23:49.973, 0, NVIDIA GeForce RTX 3080, 5973, 4079, 10240, 94, 97
2026/07/30 19:23:50.082, 0, NVIDIA GeForce RTX 3080, 5973, 4079, 10240, 94, 97
2026/07/30 19:23:50.191, 0, NVIDIA GeForce RTX 3080, 5973, 4079, 10240, 94, 97
2026/07/30 19:23:50.300, 0, NVIDIA GeForce RTX 3080, 5973, 4079, 10240, 95, 98
2026/07/30 19:23:50.409, 0, NVIDIA GeForce RTX 3080, 5973, 4079, 10240, 95, 98
2026/07/30 19:23:50.519, 0, NVIDIA GeForce RTX 3080, 5973, 4079, 10240, 95, 98
2026/07/30 19:23:50.631, 0, NVIDIA GeForce RTX 3080, 5973, 4079, 10240, 95, 98
2026/07/30 19:23:50.743, 0, NVIDIA GeForce RTX 3080, 5973, 4079, 10240, 95, 97
2026/07/30 19:23:50.855, 0, NVIDIA GeForce RTX 3080, 5973, 4079, 10240, 95, 97
2026/07/30 19:23:50.966, 0, NVIDIA GeForce RTX 3080, 5973, 4079, 10240, 95, 97
2026/07/30 19:23:51.078, 0, NVIDIA GeForce RTX 3080, 5973, 4079, 10240, 95, 97
2026/07/30 19:23:51.189, 0, NVIDIA GeForce RTX 3080, 5973, 4079, 10240, 95, 97
2026/07/30 19:23:51.301, 0, NVIDIA GeForce RTX 3080, 5973, 4079, 10240, 96, 97
2026/07/30 19:23:51.413, 0, NVIDIA GeForce RTX 3080, 5973, 4079, 10240, 96, 97
2026/07/30 19:23:51.525, 0, NVIDIA GeForce RTX 3080, 5973, 4079, 10240, 96, 97
2026/07/30 19:23:51.637, 0, NVIDIA GeForce RTX 3080, 5973, 4079, 10240, 96, 97
2026/07/30 19:23:51.748, 0, NVIDIA GeForce RTX 3080, 5973, 4079, 10240, 98, 98
2026/07/30 19:23:51.860, 0, NVIDIA GeForce RTX 3080, 5973, 4079, 10240, 98, 98
2026/07/30 19:23:51.969, 0, NVIDIA GeForce RTX 3080, 5973, 4079, 10240, 98, 98
2026/07/30 19:23:52.079, 0, NVIDIA GeForce RTX 3080, 5973, 4079, 10240, 98, 98
2026/07/30 19:23:52.189, 0, NVIDIA GeForce RTX 3080, 5973, 4079, 10240, 98, 98
2026/07/30 19:23:52.300, 0, NVIDIA GeForce RTX 3080, 5973, 4079, 10240, 97, 97
2026/07/30 19:23:52.411, 0, NVIDIA GeForce RTX 3080, 5973, 4079, 10240, 97, 97
2026/07/30 19:23:52.523, 0, NVIDIA GeForce RTX 3080, 5973, 4079, 10240, 97, 97
2026/07/30 19:23:52.634, 0, NVIDIA GeForce RTX 3080, 5973, 4079, 10240, 97, 97
2026/07/30 19:23:52.744, 0, NVIDIA GeForce RTX 3080, 5973, 4079, 10240, 97, 98
2026/07/30 19:23:52.856, 0, NVIDIA GeForce RTX 3080, 5973, 4079, 10240, 97, 98
2026/07/30 19:23:52.967, 0, NVIDIA GeForce RTX 3080, 5973, 4079, 10240, 97, 98
2026/07/30 19:23:53.078, 0, NVIDIA GeForce RTX 3080, 5973, 4079, 10240, 97, 98
2026/07/30 19:23:53.189, 0, NVIDIA GeForce RTX 3080, 5973, 4079, 10240, 97, 98
2026/07/30 19:23:53.301, 0, NVIDIA GeForce RTX 3080, 5973, 4079, 10240, 96, 98
2026/07/30 19:23:53.412, 0, NVIDIA GeForce RTX 3080, 5973, 4079, 10240, 96, 98
2026/07/30 19:23:53.523, 0, NVIDIA GeForce RTX 3080, 5973, 4079, 10240, 96, 98
2026/07/30 19:23:53.634, 0, NVIDIA GeForce RTX 3080, 5973, 4079, 10240, 96, 98
2026/07/30 19:23:53.746, 0, NVIDIA GeForce RTX 3080, 5973, 4079, 10240, 95, 97
2026/07/30 19:23:53.857, 0, NVIDIA GeForce RTX 3080, 5973, 4079, 10240, 95, 97
2026/07/30 19:23:53.969, 0, NVIDIA GeForce RTX 3080, 5973, 4079, 10240, 95, 97
2026/07/30 19:23:54.081, 0, NVIDIA GeForce RTX 3080, 5973, 4079, 10240, 95, 97
2026/07/30 19:23:54.193, 0, NVIDIA GeForce RTX 3080, 5973, 4079, 10240, 95, 97
2026/07/30 19:23:54.305, 0, NVIDIA GeForce RTX 3080, 5973, 4079, 10240, 96, 98
2026/07/30 19:23:54.417, 0, NVIDIA GeForce RTX 3080, 5973, 4079, 10240, 96, 98
2026/07/30 19:23:54.529, 0, NVIDIA GeForce RTX 3080, 5973, 4079, 10240, 96, 98
2026/07/30 19:23:54.641, 0, NVIDIA GeForce RTX 3080, 5973, 4079, 10240, 96, 98
2026/07/30 19:23:54.753, 0, NVIDIA GeForce RTX 3080, 5973, 4079, 10240, 95, 98
2026/07/30 19:23:54.865, 0, NVIDIA GeForce RTX 3080, 5973, 4079, 10240, 95, 98
2026/07/30 19:23:54.977, 0, NVIDIA GeForce RTX 3080, 5973, 4079, 10240, 95, 98
2026/07/30 19:23:55.089, 0, NVIDIA GeForce RTX 3080, 5973, 4079, 10240, 95, 98
2026/07/30 19:23:55.201, 0, NVIDIA GeForce RTX 3080, 5973, 4079, 10240, 95, 98
2026/07/30 19:23:55.313, 0, NVIDIA GeForce RTX 3080, 5973, 4079, 10240, 97, 98
2026/07/30 19:23:55.425, 0, NVIDIA GeForce RTX 3080, 5973, 4079, 10240, 97, 98
2026/07/30 19:23:55.537, 0, NVIDIA GeForce RTX 3080, 5973, 4079, 10240, 97, 98
2026/07/30 19:23:55.649, 0, NVIDIA GeForce RTX 3080, 5973, 4079, 10240, 97, 98
2026/07/30 19:23:55.761, 0, NVIDIA GeForce RTX 3080, 5973, 4079, 10240, 97, 97
2026/07/30 19:23:55.873, 0, NVIDIA GeForce RTX 3080, 5973, 4079, 10240, 97, 97
2026/07/30 19:23:55.985, 0, NVIDIA GeForce RTX 3080, 5973, 4079, 10240, 97, 97
2026/07/30 19:23:56.096, 0, NVIDIA GeForce RTX 3080, 5973, 4079, 10240, 97, 97
2026/07/30 19:23:56.207, 0, NVIDIA GeForce RTX 3080, 5973, 4079, 10240, 97, 98
2026/07/30 19:23:56.319, 0, NVIDIA GeForce RTX 3080, 5973, 4079, 10240, 97, 98
2026/07/30 19:23:56.429, 0, NVIDIA GeForce RTX 3080, 5973, 4079, 10240, 97, 98
2026/07/30 19:23:56.541, 0, NVIDIA GeForce RTX 3080, 5973, 4079, 10240, 97, 98
2026/07/30 19:23:56.652, 0, NVIDIA GeForce RTX 3080, 5973, 4079, 10240, 97, 98
2026/07/30 19:23:56.763, 0, NVIDIA GeForce RTX 3080, 5973, 4079, 10240, 97, 98
2026/07/30 19:23:56.873, 0, NVIDIA GeForce RTX 3080, 5973, 4079, 10240, 97, 98
2026/07/30 19:23:56.982, 0, NVIDIA GeForce RTX 3080, 5973, 4079, 10240, 97, 98
2026/07/30 19:23:57.092, 0, NVIDIA GeForce RTX 3080, 5973, 4079, 10240, 97, 98
2026/07/30 19:23:57.203, 0, NVIDIA GeForce RTX 3080, 5973, 4079, 10240, 98, 98
2026/07/30 19:23:57.314, 0, NVIDIA GeForce RTX 3080, 5973, 4079, 10240, 98, 98
2026/07/30 19:23:57.424, 0, NVIDIA GeForce RTX 3080, 5973, 4079, 10240, 98, 98
2026/07/30 19:23:57.536, 0, NVIDIA GeForce RTX 3080, 5973, 4079, 10240, 98, 98
2026/07/30 19:23:57.648, 0, NVIDIA GeForce RTX 3080, 5973, 4079, 10240, 98, 98
2026/07/30 19:23:57.759, 0, NVIDIA GeForce RTX 3080, 5973, 4079, 10240, 98, 98
2026/07/30 19:23:57.870, 0, NVIDIA GeForce RTX 3080, 5973, 4079, 10240, 98, 98
2026/07/30 19:23:57.982, 0, NVIDIA GeForce RTX 3080, 5973, 4079, 10240, 98, 98
2026/07/30 19:23:58.093, 0, NVIDIA GeForce RTX 3080, 5973, 4079, 10240, 98, 98
2026/07/30 19:23:58.205, 0, NVIDIA GeForce RTX 3080, 5973, 4079, 10240, 98, 98
2026/07/30 19:23:58.317, 0, NVIDIA GeForce RTX 3080, 5973, 4079, 10240, 98, 98
2026/07/30 19:23:58.429, 0, NVIDIA GeForce RTX 3080, 5973, 4079, 10240, 98, 98
2026/07/30 19:23:58.541, 0, NVIDIA GeForce RTX 3080, 5973, 4079, 10240, 98, 98
2026/07/30 19:23:58.652, 0, NVIDIA GeForce RTX 3080, 5973, 4079, 10240, 98, 98
2026/07/30 19:23:58.764, 0, NVIDIA GeForce RTX 3080, 5973, 4079, 10240, 93, 94
2026/07/30 19:23:58.876, 0, NVIDIA GeForce RTX 3080, 5973, 4079, 10240, 93, 94
2026/07/30 19:23:58.988, 0, NVIDIA GeForce RTX 3080, 5973, 4079, 10240, 93, 94
2026/07/30 19:23:59.100, 0, NVIDIA GeForce RTX 3080, 5973, 4079, 10240, 93, 94
2026/07/30 19:23:59.212, 0, NVIDIA GeForce RTX 3080, 5973, 4079, 10240, 95, 98
2026/07/30 19:23:59.324, 0, NVIDIA GeForce RTX 3080, 5973, 4079, 10240, 95, 98
2026/07/30 19:23:59.436, 0, NVIDIA GeForce RTX 3080, 5973, 4079, 10240, 95, 98
2026/07/30 19:23:59.548, 0, NVIDIA GeForce RTX 3080, 5973, 4079, 10240, 95, 98
2026/07/30 19:23:59.660, 0, NVIDIA GeForce RTX 3080, 5973, 4079, 10240, 95, 98
2026/07/30 19:23:59.772, 0, NVIDIA GeForce RTX 3080, 5973, 4079, 10240, 95, 97
2026/07/30 19:23:59.884, 0, NVIDIA GeForce RTX 3080, 5973, 4079, 10240, 95, 97
2026/07/30 19:23:59.996, 0, NVIDIA GeForce RTX 3080, 5973, 4079, 10240, 95, 97
2026/07/30 19:24:00.108, 0, NVIDIA GeForce RTX 3080, 5973, 4079, 10240, 95, 97
2026/07/30 19:24:00.219, 0, NVIDIA GeForce RTX 3080, 5973, 4079, 10240, 95, 97
2026/07/30 19:24:00.330, 0, NVIDIA GeForce RTX 3080, 5973, 4079, 10240, 95, 97
2026/07/30 19:24:00.441, 0, NVIDIA GeForce RTX 3080, 5973, 4079, 10240, 95, 97
2026/07/30 19:24:00.553, 0, NVIDIA GeForce RTX 3080, 5973, 4079, 10240, 95, 97
2026/07/30 19:24:00.666, 0, NVIDIA GeForce RTX 3080, 5973, 4079, 10240, 95, 97
2026/07/30 19:24:00.777, 0, NVIDIA GeForce RTX 3080, 5973, 4079, 10240, 94, 96
2026/07/30 19:24:00.888, 0, NVIDIA GeForce RTX 3080, 5973, 4079, 10240, 94, 96
2026/07/30 19:24:00.999, 0, NVIDIA GeForce RTX 3080, 5973, 4079, 10240, 94, 96
2026/07/30 19:24:01.110, 0, NVIDIA GeForce RTX 3080, 5973, 4079, 10240, 94, 96
2026/07/30 19:24:01.221, 0, NVIDIA GeForce RTX 3080, 5973, 4079, 10240, 97, 98
2026/07/30 19:24:01.333, 0, NVIDIA GeForce RTX 3080, 5973, 4079, 10240, 97, 98
2026/07/30 19:24:01.444, 0, NVIDIA GeForce RTX 3080, 5973, 4079, 10240, 97, 98
2026/07/30 19:24:01.555, 0, NVIDIA GeForce RTX 3080, 5973, 4079, 10240, 97, 98
2026/07/30 19:24:01.666, 0, NVIDIA GeForce RTX 3080, 5973, 4079, 10240, 97, 98
2026/07/30 19:24:01.777, 0, NVIDIA GeForce RTX 3080, 5973, 4079, 10240, 97, 97
2026/07/30 19:24:01.889, 0, NVIDIA GeForce RTX 3080, 5973, 4079, 10240, 97, 97
2026/07/30 19:24:02.000, 0, NVIDIA GeForce RTX 3080, 5973, 4079, 10240, 97, 97
2026/07/30 19:24:02.112, 0, NVIDIA GeForce RTX 3080, 5973, 4079, 10240, 97, 97
2026/07/30 19:24:02.224, 0, NVIDIA GeForce RTX 3080, 5973, 4079, 10240, 97, 98
2026/07/30 19:24:02.336, 0, NVIDIA GeForce RTX 3080, 5973, 4079, 10240, 97, 98
2026/07/30 19:24:02.448, 0, NVIDIA GeForce RTX 3080, 5973, 4079, 10240, 97, 98
2026/07/30 19:24:02.560, 0, NVIDIA GeForce RTX 3080, 5973, 4079, 10240, 97, 98
2026/07/30 19:24:02.672, 0, NVIDIA GeForce RTX 3080, 5973, 4079, 10240, 97, 98
2026/07/30 19:24:02.784, 0, NVIDIA GeForce RTX 3080, 5973, 4079, 10240, 93, 95
2026/07/30 19:24:02.896, 0, NVIDIA GeForce RTX 3080, 5973, 4079, 10240, 93, 95
2026/07/30 19:24:03.007, 0, NVIDIA GeForce RTX 3080, 5973, 4079, 10240, 93, 95
2026/07/30 19:24:03.119, 0, NVIDIA GeForce RTX 3080, 5973, 4079, 10240, 93, 95
2026/07/30 19:24:03.229, 0, NVIDIA GeForce RTX 3080, 5973, 4079, 10240, 95, 97
2026/07/30 19:24:03.340, 0, NVIDIA GeForce RTX 3080, 5973, 4079, 10240, 95, 97
2026/07/30 19:24:03.449, 0, NVIDIA GeForce RTX 3080, 5973, 4079, 10240, 95, 97
2026/07/30 19:24:03.561, 0, NVIDIA GeForce RTX 3080, 5973, 4079, 10240, 95, 97
2026/07/30 19:24:03.672, 0, NVIDIA GeForce RTX 3080, 5973, 4079, 10240, 95, 97
2026/07/30 19:24:03.784, 0, NVIDIA GeForce RTX 3080, 5973, 4079, 10240, 96, 98
2026/07/30 19:24:03.895, 0, NVIDIA GeForce RTX 3080, 5973, 4079, 10240, 96, 98
2026/07/30 19:24:04.006, 0, NVIDIA GeForce RTX 3080, 5973, 4079, 10240, 96, 98
2026/07/30 19:24:04.117, 0, NVIDIA GeForce RTX 3080, 5973, 4079, 10240, 96, 98
2026/07/30 19:24:04.229, 0, NVIDIA GeForce RTX 3080, 5973, 4079, 10240, 96, 98
2026/07/30 19:24:04.341, 0, NVIDIA GeForce RTX 3080, 5973, 4079, 10240, 96, 98
2026/07/30 19:24:04.453, 0, NVIDIA GeForce RTX 3080, 5973, 4079, 10240, 96, 98
2026/07/30 19:24:04.565, 0, NVIDIA GeForce RTX 3080, 5973, 4079, 10240, 96, 98
2026/07/30 19:24:04.677, 0, NVIDIA GeForce RTX 3080, 5973, 4079, 10240, 96, 98
2026/07/30 19:24:04.788, 0, NVIDIA GeForce RTX 3080, 5973, 4079, 10240, 92, 95
2026/07/30 19:24:04.899, 0, NVIDIA GeForce RTX 3080, 5973, 4079, 10240, 92, 95
2026/07/30 19:24:05.009, 0, NVIDIA GeForce RTX 3080, 5973, 4079, 10240, 92, 95
2026/07/30 19:24:05.117, 0, NVIDIA GeForce RTX 3080, 5973, 4079, 10240, 92, 95
2026/07/30 19:24:05.227, 0, NVIDIA GeForce RTX 3080, 5973, 4079, 10240, 96, 97
2026/07/30 19:24:05.337, 0, NVIDIA GeForce RTX 3080, 5973, 4079, 10240, 96, 97
2026/07/30 19:24:05.446, 0, NVIDIA GeForce RTX 3080, 5973, 4079, 10240, 96, 97
2026/07/30 19:24:05.558, 0, NVIDIA GeForce RTX 3080, 5973, 4079, 10240, 96, 97
2026/07/30 19:24:05.670, 0, NVIDIA GeForce RTX 3080, 5973, 4079, 10240, 96, 97
2026/07/30 19:24:05.782, 0, NVIDIA GeForce RTX 3080, 5973, 4079, 10240, 96, 98
2026/07/30 19:24:05.894, 0, NVIDIA GeForce RTX 3080, 5973, 4079, 10240, 96, 98
2026/07/30 19:24:06.006, 0, NVIDIA GeForce RTX 3080, 5973, 4079, 10240, 96, 98
2026/07/30 19:24:06.117, 0, NVIDIA GeForce RTX 3080, 5973, 4079, 10240, 96, 98
2026/07/30 19:24:06.229, 0, NVIDIA GeForce RTX 3080, 5973, 4079, 10240, 97, 98
2026/07/30 19:24:06.341, 0, NVIDIA GeForce RTX 3080, 5973, 4079, 10240, 97, 98
2026/07/30 19:24:06.453, 0, NVIDIA GeForce RTX 3080, 5973, 4079, 10240, 97, 98
2026/07/30 19:24:06.564, 0, NVIDIA GeForce RTX 3080, 5973, 4079, 10240, 97, 98
2026/07/30 19:24:06.676, 0, NVIDIA GeForce RTX 3080, 5973, 4079, 10240, 97, 98
2026/07/30 19:24:06.788, 0, NVIDIA GeForce RTX 3080, 5973, 4079, 10240, 97, 97
2026/07/30 19:24:06.900, 0, NVIDIA GeForce RTX 3080, 5973, 4079, 10240, 97, 97
2026/07/30 19:24:07.011, 0, NVIDIA GeForce RTX 3080, 5973, 4079, 10240, 97, 97
2026/07/30 19:24:07.123, 0, NVIDIA GeForce RTX 3080, 5973, 4079, 10240, 97, 97
2026/07/30 19:24:07.234, 0, NVIDIA GeForce RTX 3080, 5973, 4079, 10240, 98, 97
2026/07/30 19:24:07.345, 0, NVIDIA GeForce RTX 3080, 5973, 4079, 10240, 98, 97
2026/07/30 19:24:07.456, 0, NVIDIA GeForce RTX 3080, 5973, 4079, 10240, 98, 97
2026/07/30 19:24:07.568, 0, NVIDIA GeForce RTX 3080, 5973, 4079, 10240, 98, 97
2026/07/30 19:24:07.678, 0, NVIDIA GeForce RTX 3080, 5973, 4079, 10240, 98, 97
2026/07/30 19:24:07.790, 0, NVIDIA GeForce RTX 3080, 5973, 4079, 10240, 98, 98
2026/07/30 19:24:07.903, 0, NVIDIA GeForce RTX 3080, 5973, 4079, 10240, 98, 98
2026/07/30 19:24:08.015, 0, NVIDIA GeForce RTX 3080, 5973, 4079, 10240, 98, 98
2026/07/30 19:24:08.125, 0, NVIDIA GeForce RTX 3080, 5973, 4079, 10240, 98, 98
2026/07/30 19:24:08.237, 0, NVIDIA GeForce RTX 3080, 5973, 4079, 10240, 98, 98
2026/07/30 19:24:08.348, 0, NVIDIA GeForce RTX 3080, 5973, 4079, 10240, 98, 98
2026/07/30 19:24:08.460, 0, NVIDIA GeForce RTX 3080, 5973, 4079, 10240, 98, 98
2026/07/30 19:24:08.571, 0, NVIDIA GeForce RTX 3080, 5973, 4079, 10240, 98, 98
2026/07/30 19:24:08.683, 0, NVIDIA GeForce RTX 3080, 5973, 4079, 10240, 98, 98
2026/07/30 19:24:08.795, 0, NVIDIA GeForce RTX 3080, 5973, 4079, 10240, 96, 98
2026/07/30 19:24:08.907, 0, NVIDIA GeForce RTX 3080, 5973, 4079, 10240, 96, 98
2026/07/30 19:24:09.019, 0, NVIDIA GeForce RTX 3080, 5973, 4079, 10240, 96, 98
2026/07/30 19:24:09.131, 0, NVIDIA GeForce RTX 3080, 5973, 4079, 10240, 96, 98
2026/07/30 19:24:09.243, 0, NVIDIA GeForce RTX 3080, 5973, 4079, 10240, 96, 98
2026/07/30 19:24:09.355, 0, NVIDIA GeForce RTX 3080, 5973, 4079, 10240, 96, 98
2026/07/30 19:24:09.467, 0, NVIDIA GeForce RTX 3080, 5973, 4079, 10240, 96, 98
2026/07/30 19:24:09.579, 0, NVIDIA GeForce RTX 3080, 5973, 4079, 10240, 96, 98
2026/07/30 19:24:09.691, 0, NVIDIA GeForce RTX 3080, 5973, 4079, 10240, 96, 98
2026/07/30 19:24:09.803, 0, NVIDIA GeForce RTX 3080, 5973, 4079, 10240, 94, 97
2026/07/30 19:24:09.912, 0, NVIDIA GeForce RTX 3080, 5973, 4079, 10240, 94, 97
2026/07/30 19:24:10.021, 0, NVIDIA GeForce RTX 3080, 5973, 4079, 10240, 94, 97
2026/07/30 19:24:10.130, 0, NVIDIA GeForce RTX 3080, 5973, 4079, 10240, 94, 97
2026/07/30 19:24:10.239, 0, NVIDIA GeForce RTX 3080, 5973, 4079, 10240, 95, 98
2026/07/30 19:24:10.349, 0, NVIDIA GeForce RTX 3080, 5973, 4079, 10240, 95, 98
2026/07/30 19:24:10.459, 0, NVIDIA GeForce RTX 3080, 5973, 4079, 10240, 95, 98
2026/07/30 19:24:10.571, 0, NVIDIA GeForce RTX 3080, 5973, 4079, 10240, 95, 98
2026/07/30 19:24:10.683, 0, NVIDIA GeForce RTX 3080, 5973, 4079, 10240, 95, 98
2026/07/30 19:24:10.795, 0, NVIDIA GeForce RTX 3080, 5973, 4079, 10240, 97, 98
2026/07/30 19:24:10.907, 0, NVIDIA GeForce RTX 3080, 5973, 4079, 10240, 97, 98
2026/07/30 19:24:11.020, 0, NVIDIA GeForce RTX 3080, 5973, 4079, 10240, 97, 98
2026/07/30 19:24:11.131, 0, NVIDIA GeForce RTX 3080, 5973, 4079, 10240, 97, 98
2026/07/30 19:24:11.243, 0, NVIDIA GeForce RTX 3080, 5973, 4079, 10240, 97, 97
2026/07/30 19:24:11.355, 0, NVIDIA GeForce RTX 3080, 5973, 4079, 10240, 97, 97
2026/07/30 19:24:11.466, 0, NVIDIA GeForce RTX 3080, 5973, 4079, 10240, 97, 97
2026/07/30 19:24:11.578, 0, NVIDIA GeForce RTX 3080, 5973, 4079, 10240, 97, 97
2026/07/30 19:24:11.690, 0, NVIDIA GeForce RTX 3080, 5973, 4079, 10240, 97, 97
2026/07/30 19:24:11.802, 0, NVIDIA GeForce RTX 3080, 5973, 4079, 10240, 97, 97
2026/07/30 19:24:11.913, 0, NVIDIA GeForce RTX 3080, 5973, 4079, 10240, 97, 97
2026/07/30 19:24:12.022, 0, NVIDIA GeForce RTX 3080, 5973, 4079, 10240, 97, 97
2026/07/30 19:24:12.133, 0, NVIDIA GeForce RTX 3080, 5973, 4079, 10240, 97, 97
2026/07/30 19:24:12.245, 0, NVIDIA GeForce RTX 3080, 5973, 4079, 10240, 97, 98
2026/07/30 19:24:12.357, 0, NVIDIA GeForce RTX 3080, 5973, 4079, 10240, 97, 98
2026/07/30 19:24:12.469, 0, NVIDIA GeForce RTX 3080, 5973, 4079, 10240, 97, 98
2026/07/30 19:24:12.581, 0, NVIDIA GeForce RTX 3080, 5973, 4079, 10240, 97, 98
2026/07/30 19:24:12.693, 0, NVIDIA GeForce RTX 3080, 5973, 4079, 10240, 97, 98
2026/07/30 19:24:12.805, 0, NVIDIA GeForce RTX 3080, 5973, 4079, 10240, 96, 98
2026/07/30 19:24:12.917, 0, NVIDIA GeForce RTX 3080, 5973, 4079, 10240, 96, 98
2026/07/30 19:24:13.029, 0, NVIDIA GeForce RTX 3080, 5973, 4079, 10240, 96, 98
2026/07/30 19:24:13.141, 0, NVIDIA GeForce RTX 3080, 5973, 4079, 10240, 96, 98
2026/07/30 19:24:13.250, 0, NVIDIA GeForce RTX 3080, 5973, 4079, 10240, 96, 98
2026/07/30 19:24:13.361, 0, NVIDIA GeForce RTX 3080, 5973, 4079, 10240, 96, 98
2026/07/30 19:24:13.473, 0, NVIDIA GeForce RTX 3080, 5973, 4079, 10240, 96, 98
2026/07/30 19:24:13.585, 0, NVIDIA GeForce RTX 3080, 5973, 4079, 10240, 96, 98
2026/07/30 19:24:13.697, 0, NVIDIA GeForce RTX 3080, 5973, 4079, 10240, 96, 98
2026/07/30 19:24:13.809, 0, NVIDIA GeForce RTX 3080, 5973, 4079, 10240, 96, 98
2026/07/30 19:24:13.920, 0, NVIDIA GeForce RTX 3080, 5973, 4079, 10240, 96, 98
2026/07/30 19:24:14.033, 0, NVIDIA GeForce RTX 3080, 5973, 4079, 10240, 96, 98
2026/07/30 19:24:14.145, 0, NVIDIA GeForce RTX 3080, 5973, 4079, 10240, 96, 98
2026/07/30 19:24:14.256, 0, NVIDIA GeForce RTX 3080, 5973, 4079, 10240, 96, 98
2026/07/30 19:24:14.367, 0, NVIDIA GeForce RTX 3080, 5973, 4079, 10240, 96, 98
2026/07/30 19:24:14.477, 0, NVIDIA GeForce RTX 3080, 5973, 4079, 10240, 96, 98
2026/07/30 19:24:14.589, 0, NVIDIA GeForce RTX 3080, 5973, 4079, 10240, 96, 98
2026/07/30 19:24:14.701, 0, NVIDIA GeForce RTX 3080, 5973, 4079, 10240, 96, 98
2026/07/30 19:24:14.813, 0, NVIDIA GeForce RTX 3080, 5973, 4079, 10240, 97, 98
2026/07/30 19:24:14.925, 0, NVIDIA GeForce RTX 3080, 5973, 4079, 10240, 97, 98
2026/07/30 19:24:15.037, 0, NVIDIA GeForce RTX 3080, 5973, 4079, 10240, 97, 98
2026/07/30 19:24:15.149, 0, NVIDIA GeForce RTX 3080, 5973, 4079, 10240, 97, 98
2026/07/30 19:24:15.261, 0, NVIDIA GeForce RTX 3080, 5973, 4079, 10240, 97, 98
2026/07/30 19:24:15.373, 0, NVIDIA GeForce RTX 3080, 5973, 4079, 10240, 97, 98
2026/07/30 19:24:15.485, 0, NVIDIA GeForce RTX 3080, 5973, 4079, 10240, 97, 98
2026/07/30 19:24:15.597, 0, NVIDIA GeForce RTX 3080, 5973, 4079, 10240, 97, 98
2026/07/30 19:24:15.709, 0, NVIDIA GeForce RTX 3080, 5973, 4079, 10240, 97, 98
2026/07/30 19:24:15.821, 0, NVIDIA GeForce RTX 3080, 5973, 4079, 10240, 97, 98
2026/07/30 19:24:15.932, 0, NVIDIA GeForce RTX 3080, 5973, 4079, 10240, 97, 98
2026/07/30 19:24:16.042, 0, NVIDIA GeForce RTX 3080, 5973, 4079, 10240, 97, 98
2026/07/30 19:24:16.154, 0, NVIDIA GeForce RTX 3080, 5973, 4079, 10240, 97, 98
2026/07/30 19:24:16.265, 0, NVIDIA GeForce RTX 3080, 5973, 4079, 10240, 97, 98
2026/07/30 19:24:16.377, 0, NVIDIA GeForce RTX 3080, 5973, 4079, 10240, 97, 98
2026/07/30 19:24:16.488, 0, NVIDIA GeForce RTX 3080, 5973, 4079, 10240, 97, 98
2026/07/30 19:24:16.600, 0, NVIDIA GeForce RTX 3080, 5973, 4079, 10240, 97, 98
2026/07/30 19:24:16.712, 0, NVIDIA GeForce RTX 3080, 5973, 4079, 10240, 97, 97
2026/07/30 19:24:16.824, 0, NVIDIA GeForce RTX 3080, 5973, 4079, 10240, 97, 97
2026/07/30 19:24:16.933, 0, NVIDIA GeForce RTX 3080, 5973, 4079, 10240, 97, 97
2026/07/30 19:24:17.043, 0, NVIDIA GeForce RTX 3080, 5973, 4079, 10240, 97, 97
2026/07/30 19:24:17.153, 0, NVIDIA GeForce RTX 3080, 5973, 4079, 10240, 97, 97
2026/07/30 19:24:17.265, 0, NVIDIA GeForce RTX 3080, 5973, 4079, 10240, 97, 96
2026/07/30 19:24:17.375, 0, NVIDIA GeForce RTX 3080, 5973, 4079, 10240, 97, 96
2026/07/30 19:24:17.486, 0, NVIDIA GeForce RTX 3080, 5973, 4079, 10240, 97, 96
2026/07/30 19:24:17.598, 0, NVIDIA GeForce RTX 3080, 5973, 4079, 10240, 97, 96
2026/07/30 19:24:17.710, 0, NVIDIA GeForce RTX 3080, 5973, 4079, 10240, 97, 97
2026/07/30 19:24:17.822, 0, NVIDIA GeForce RTX 3080, 5973, 4079, 10240, 97, 97
2026/07/30 19:24:17.933, 0, NVIDIA GeForce RTX 3080, 5973, 4079, 10240, 97, 97
2026/07/30 19:24:18.044, 0, NVIDIA GeForce RTX 3080, 5973, 4079, 10240, 97, 97
2026/07/30 19:24:18.156, 0, NVIDIA GeForce RTX 3080, 5973, 4079, 10240, 97, 97
2026/07/30 19:24:18.266, 0, NVIDIA GeForce RTX 3080, 5973, 4079, 10240, 94, 96
2026/07/30 19:24:18.377, 0, NVIDIA GeForce RTX 3080, 5973, 4079, 10240, 94, 96
2026/07/30 19:24:18.488, 0, NVIDIA GeForce RTX 3080, 5973, 4079, 10240, 94, 96
2026/07/30 19:24:18.600, 0, NVIDIA GeForce RTX 3080, 5973, 4079, 10240, 94, 96
2026/07/30 19:24:18.711, 0, NVIDIA GeForce RTX 3080, 5973, 4079, 10240, 95, 97
2026/07/30 19:24:18.821, 0, NVIDIA GeForce RTX 3080, 5973, 4079, 10240, 95, 97
2026/07/30 19:24:18.933, 0, NVIDIA GeForce RTX 3080, 5973, 4079, 10240, 95, 97
2026/07/30 19:24:19.044, 0, NVIDIA GeForce RTX 3080, 5973, 4079, 10240, 95, 97
2026/07/30 19:24:19.156, 0, NVIDIA GeForce RTX 3080, 5973, 4079, 10240, 95, 97
2026/07/30 19:24:19.268, 0, NVIDIA GeForce RTX 3080, 5973, 4079, 10240, 95, 97
2026/07/30 19:24:19.380, 0, NVIDIA GeForce RTX 3080, 5973, 4079, 10240, 95, 97
2026/07/30 19:24:19.491, 0, NVIDIA GeForce RTX 3080, 5973, 4079, 10240, 95, 97
2026/07/30 19:24:19.603, 0, NVIDIA GeForce RTX 3080, 5973, 4079, 10240, 95, 97
2026/07/30 19:24:19.715, 0, NVIDIA GeForce RTX 3080, 5973, 4079, 10240, 95, 97
2026/07/30 19:24:19.827, 0, NVIDIA GeForce RTX 3080, 5973, 4079, 10240, 95, 97
2026/07/30 19:24:19.939, 0, NVIDIA GeForce RTX 3080, 5973, 4079, 10240, 95, 97
2026/07/30 19:24:20.051, 0, NVIDIA GeForce RTX 3080, 5973, 4079, 10240, 95, 97
2026/07/30 19:24:20.163, 0, NVIDIA GeForce RTX 3080, 5973, 4079, 10240, 95, 97
2026/07/30 19:24:20.276, 0, NVIDIA GeForce RTX 3080, 5973, 4079, 10240, 95, 96
2026/07/30 19:24:20.388, 0, NVIDIA GeForce RTX 3080, 5973, 4079, 10240, 95, 96
2026/07/30 19:24:20.500, 0, NVIDIA GeForce RTX 3080, 5973, 4079, 10240, 95, 96
2026/07/30 19:24:20.612, 0, NVIDIA GeForce RTX 3080, 5973, 4079, 10240, 95, 96
2026/07/30 19:24:20.724, 0, NVIDIA GeForce RTX 3080, 5973, 4079, 10240, 97, 98
2026/07/30 19:24:20.835, 0, NVIDIA GeForce RTX 3080, 5973, 4079, 10240, 97, 98
2026/07/30 19:24:20.947, 0, NVIDIA GeForce RTX 3080, 5973, 4079, 10240, 97, 98
2026/07/30 19:24:21.058, 0, NVIDIA GeForce RTX 3080, 5973, 4079, 10240, 97, 98
2026/07/30 19:24:21.169, 0, NVIDIA GeForce RTX 3080, 5973, 4079, 10240, 97, 98
2026/07/30 19:24:21.280, 0, NVIDIA GeForce RTX 3080, 5973, 4079, 10240, 97, 98
2026/07/30 19:24:21.392, 0, NVIDIA GeForce RTX 3080, 5973, 4079, 10240, 97, 98
2026/07/30 19:24:21.504, 0, NVIDIA GeForce RTX 3080, 5973, 4079, 10240, 97, 98
2026/07/30 19:24:21.616, 0, NVIDIA GeForce RTX 3080, 5973, 4079, 10240, 97, 98
2026/07/30 19:24:21.728, 0, NVIDIA GeForce RTX 3080, 5973, 4079, 10240, 97, 98
2026/07/30 19:24:21.839, 0, NVIDIA GeForce RTX 3080, 5973, 4079, 10240, 97, 98
2026/07/30 19:24:21.951, 0, NVIDIA GeForce RTX 3080, 5973, 4079, 10240, 97, 98
2026/07/30 19:24:22.063, 0, NVIDIA GeForce RTX 3080, 5973, 4079, 10240, 97, 98
2026/07/30 19:24:22.174, 0, NVIDIA GeForce RTX 3080, 5973, 4079, 10240, 97, 98
2026/07/30 19:24:22.286, 0, NVIDIA GeForce RTX 3080, 5973, 4079, 10240, 94, 97
2026/07/30 19:24:22.398, 0, NVIDIA GeForce RTX 3080, 5973, 4079, 10240, 94, 97
2026/07/30 19:24:22.510, 0, NVIDIA GeForce RTX 3080, 5973, 4079, 10240, 94, 97
2026/07/30 19:24:22.622, 0, NVIDIA GeForce RTX 3080, 5973, 4079, 10240, 94, 97
2026/07/30 19:24:22.734, 0, NVIDIA GeForce RTX 3080, 5973, 4079, 10240, 96, 98
2026/07/30 19:24:22.846, 0, NVIDIA GeForce RTX 3080, 5973, 4079, 10240, 96, 98
2026/07/30 19:24:22.956, 0, NVIDIA GeForce RTX 3080, 5973, 4079, 10240, 96, 98
2026/07/30 19:24:23.066, 0, NVIDIA GeForce RTX 3080, 5973, 4079, 10240, 96, 98
2026/07/30 19:24:23.176, 0, NVIDIA GeForce RTX 3080, 5973, 4079, 10240, 96, 98
2026/07/30 19:24:23.287, 0, NVIDIA GeForce RTX 3080, 5973, 4079, 10240, 94, 96
2026/07/30 19:24:23.397, 0, NVIDIA GeForce RTX 3080, 5973, 4079, 10240, 94, 96
2026/07/30 19:24:23.506, 0, NVIDIA GeForce RTX 3080, 5973, 4079, 10240, 94, 96
2026/07/30 19:24:23.615, 0, NVIDIA GeForce RTX 3080, 5973, 4079, 10240, 94, 96
2026/07/30 19:24:23.726, 0, NVIDIA GeForce RTX 3080, 5973, 4079, 10240, 96, 98
2026/07/30 19:24:23.838, 0, NVIDIA GeForce RTX 3080, 5973, 4079, 10240, 96, 98
2026/07/30 19:24:23.950, 0, NVIDIA GeForce RTX 3080, 5973, 4079, 10240, 96, 98
2026/07/30 19:24:24.061, 0, NVIDIA GeForce RTX 3080, 5973, 4079, 10240, 96, 98
2026/07/30 19:24:24.173, 0, NVIDIA GeForce RTX 3080, 5973, 4079, 10240, 96, 98
2026/07/30 19:24:24.284, 0, NVIDIA GeForce RTX 3080, 5973, 4079, 10240, 92, 96
2026/07/30 19:24:24.396, 0, NVIDIA GeForce RTX 3080, 5973, 4079, 10240, 92, 96
2026/07/30 19:24:24.507, 0, NVIDIA GeForce RTX 3080, 5973, 4079, 10240, 92, 96
2026/07/30 19:24:24.619, 0, NVIDIA GeForce RTX 3080, 5973, 4079, 10240, 92, 96
2026/07/30 19:24:24.730, 0, NVIDIA GeForce RTX 3080, 5973, 4079, 10240, 95, 96
2026/07/30 19:24:24.841, 0, NVIDIA GeForce RTX 3080, 5973, 4079, 10240, 95, 96
2026/07/30 19:24:24.951, 0, NVIDIA GeForce RTX 3080, 5973, 4079, 10240, 95, 96
2026/07/30 19:24:25.061, 0, NVIDIA GeForce RTX 3080, 5973, 4079, 10240, 95, 96
2026/07/30 19:24:25.170, 0, NVIDIA GeForce RTX 3080, 5973, 4079, 10240, 95, 96
2026/07/30 19:24:25.279, 0, NVIDIA GeForce RTX 3080, 5973, 4079, 10240, 97, 98
2026/07/30 19:24:25.390, 0, NVIDIA GeForce RTX 3080, 5973, 4079, 10240, 97, 98
2026/07/30 19:24:25.502, 0, NVIDIA GeForce RTX 3080, 5973, 4079, 10240, 97, 98
2026/07/30 19:24:25.614, 0, NVIDIA GeForce RTX 3080, 5973, 4079, 10240, 97, 98
2026/07/30 19:24:25.726, 0, NVIDIA GeForce RTX 3080, 5973, 4079, 10240, 97, 98
2026/07/30 19:24:25.838, 0, NVIDIA GeForce RTX 3080, 5973, 4079, 10240, 97, 98
2026/07/30 19:24:25.949, 0, NVIDIA GeForce RTX 3080, 5973, 4079, 10240, 97, 98
2026/07/30 19:24:26.060, 0, NVIDIA GeForce RTX 3080, 5973, 4079, 10240, 97, 98
2026/07/30 19:24:26.171, 0, NVIDIA GeForce RTX 3080, 5973, 4079, 10240, 97, 98
2026/07/30 19:24:26.283, 0, NVIDIA GeForce RTX 3080, 5973, 4079, 10240, 98, 98
2026/07/30 19:24:26.395, 0, NVIDIA GeForce RTX 3080, 5973, 4079, 10240, 98, 98
2026/07/30 19:24:26.507, 0, NVIDIA GeForce RTX 3080, 5973, 4079, 10240, 98, 98
2026/07/30 19:24:26.618, 0, NVIDIA GeForce RTX 3080, 5973, 4079, 10240, 98, 98
2026/07/30 19:24:26.730, 0, NVIDIA GeForce RTX 3080, 5973, 4079, 10240, 97, 97
2026/07/30 19:24:26.842, 0, NVIDIA GeForce RTX 3080, 5973, 4079, 10240, 97, 97
2026/07/30 19:24:26.954, 0, NVIDIA GeForce RTX 3080, 5973, 4079, 10240, 97, 97
2026/07/30 19:24:27.066, 0, NVIDIA GeForce RTX 3080, 5973, 4079, 10240, 97, 97
2026/07/30 19:24:27.177, 0, NVIDIA GeForce RTX 3080, 5973, 4079, 10240, 97, 97
2026/07/30 19:24:27.289, 0, NVIDIA GeForce RTX 3080, 5973, 4079, 10240, 97, 97
2026/07/30 19:24:27.400, 0, NVIDIA GeForce RTX 3080, 5973, 4079, 10240, 97, 97
2026/07/30 19:24:27.511, 0, NVIDIA GeForce RTX 3080, 5973, 4079, 10240, 97, 97
2026/07/30 19:24:27.623, 0, NVIDIA GeForce RTX 3080, 5973, 4079, 10240, 97, 97
2026/07/30 19:24:27.735, 0, NVIDIA GeForce RTX 3080, 5973, 4079, 10240, 98, 98
2026/07/30 19:24:27.847, 0, NVIDIA GeForce RTX 3080, 5973, 4079, 10240, 98, 98
2026/07/30 19:24:27.959, 0, NVIDIA GeForce RTX 3080, 5973, 4079, 10240, 98, 98
2026/07/30 19:24:28.071, 0, NVIDIA GeForce RTX 3080, 5973, 4079, 10240, 98, 98
2026/07/30 19:24:28.182, 0, NVIDIA GeForce RTX 3080, 5973, 4079, 10240, 98, 98
2026/07/30 19:24:28.294, 0, NVIDIA GeForce RTX 3080, 5973, 4079, 10240, 96, 98
2026/07/30 19:24:28.406, 0, NVIDIA GeForce RTX 3080, 5973, 4079, 10240, 96, 98
2026/07/30 19:24:28.518, 0, NVIDIA GeForce RTX 3080, 5973, 4079, 10240, 96, 98
2026/07/30 19:24:28.630, 0, NVIDIA GeForce RTX 3080, 5973, 4079, 10240, 96, 98
2026/07/30 19:24:28.742, 0, NVIDIA GeForce RTX 3080, 5973, 4079, 10240, 95, 98
2026/07/30 19:24:28.854, 0, NVIDIA GeForce RTX 3080, 5973, 4079, 10240, 95, 98
2026/07/30 19:24:28.966, 0, NVIDIA GeForce RTX 3080, 5973, 4079, 10240, 95, 98
2026/07/30 19:24:29.078, 0, NVIDIA GeForce RTX 3080, 5973, 4079, 10240, 95, 98
2026/07/30 19:24:29.190, 0, NVIDIA GeForce RTX 3080, 5973, 4079, 10240, 95, 98
2026/07/30 19:24:29.302, 0, NVIDIA GeForce RTX 3080, 5973, 4079, 10240, 96, 98
2026/07/30 19:24:29.414, 0, NVIDIA GeForce RTX 3080, 5973, 4079, 10240, 96, 98
2026/07/30 19:24:29.526, 0, NVIDIA GeForce RTX 3080, 5973, 4079, 10240, 96, 98
2026/07/30 19:24:29.638, 0, NVIDIA GeForce RTX 3080, 5973, 4079, 10240, 96, 98
2026/07/30 19:24:29.750, 0, NVIDIA GeForce RTX 3080, 5973, 4079, 10240, 96, 98
2026/07/30 19:24:29.861, 0, NVIDIA GeForce RTX 3080, 5973, 4079, 10240, 96, 98
2026/07/30 19:24:29.970, 0, NVIDIA GeForce RTX 3080, 5973, 4079, 10240, 96, 98
2026/07/30 19:24:30.079, 0, NVIDIA GeForce RTX 3080, 5973, 4079, 10240, 96, 98
2026/07/30 19:24:30.187, 0, NVIDIA GeForce RTX 3080, 5973, 4079, 10240, 96, 98
2026/07/30 19:24:30.296, 0, NVIDIA GeForce RTX 3080, 5973, 4079, 10240, 97, 98
2026/07/30 19:24:30.407, 0, NVIDIA GeForce RTX 3080, 5973, 4079, 10240, 97, 98
2026/07/30 19:24:30.519, 0, NVIDIA GeForce RTX 3080, 5973, 4079, 10240, 97, 98
2026/07/30 19:24:30.630, 0, NVIDIA GeForce RTX 3080, 5973, 4079, 10240, 97, 98
2026/07/30 19:24:30.742, 0, NVIDIA GeForce RTX 3080, 5973, 4079, 10240, 97, 98
2026/07/30 19:24:30.854, 0, NVIDIA GeForce RTX 3080, 5973, 4079, 10240, 97, 98
2026/07/30 19:24:30.966, 0, NVIDIA GeForce RTX 3080, 5973, 4079, 10240, 97, 98
2026/07/30 19:24:31.078, 0, NVIDIA GeForce RTX 3080, 5973, 4079, 10240, 97, 98
2026/07/30 19:24:31.188, 0, NVIDIA GeForce RTX 3080, 5973, 4079, 10240, 97, 98
2026/07/30 19:24:31.300, 0, NVIDIA GeForce RTX 3080, 5973, 4079, 10240, 97, 98
2026/07/30 19:24:31.412, 0, NVIDIA GeForce RTX 3080, 5973, 4079, 10240, 97, 98
2026/07/30 19:24:31.524, 0, NVIDIA GeForce RTX 3080, 5973, 4079, 10240, 97, 98
2026/07/30 19:24:31.636, 0, NVIDIA GeForce RTX 3080, 5973, 4079, 10240, 97, 98
2026/07/30 19:24:31.748, 0, NVIDIA GeForce RTX 3080, 5973, 4079, 10240, 97, 98
2026/07/30 19:24:31.859, 0, NVIDIA GeForce RTX 3080, 5973, 4079, 10240, 97, 98
2026/07/30 19:24:31.969, 0, NVIDIA GeForce RTX 3080, 5973, 4079, 10240, 97, 98
2026/07/30 19:24:32.080, 0, NVIDIA GeForce RTX 3080, 5973, 4079, 10240, 97, 98
2026/07/30 19:24:32.192, 0, NVIDIA GeForce RTX 3080, 5973, 4079, 10240, 97, 98
2026/07/30 19:24:32.303, 0, NVIDIA GeForce RTX 3080, 5973, 4079, 10240, 96, 98
2026/07/30 19:24:32.414, 0, NVIDIA GeForce RTX 3080, 5973, 4079, 10240, 96, 98
2026/07/30 19:24:32.525, 0, NVIDIA GeForce RTX 3080, 5973, 4079, 10240, 96, 98
2026/07/30 19:24:32.638, 0, NVIDIA GeForce RTX 3080, 5973, 4079, 10240, 96, 98
2026/07/30 19:24:32.749, 0, NVIDIA GeForce RTX 3080, 5973, 4079, 10240, 94, 97
2026/07/30 19:24:32.860, 0, NVIDIA GeForce RTX 3080, 5973, 4079, 10240, 94, 97
2026/07/30 19:24:32.971, 0, NVIDIA GeForce RTX 3080, 5973, 4079, 10240, 94, 97
2026/07/30 19:24:33.082, 0, NVIDIA GeForce RTX 3080, 5973, 4079, 10240, 94, 97
2026/07/30 19:24:33.194, 0, NVIDIA GeForce RTX 3080, 5973, 4079, 10240, 94, 97
2026/07/30 19:24:33.306, 0, NVIDIA GeForce RTX 3080, 5973, 4079, 10240, 96, 98
2026/07/30 19:24:33.418, 0, NVIDIA GeForce RTX 3080, 5973, 4079, 10240, 96, 98
2026/07/30 19:24:33.529, 0, NVIDIA GeForce RTX 3080, 5973, 4079, 10240, 96, 98
2026/07/30 19:24:33.641, 0, NVIDIA GeForce RTX 3080, 5973, 4079, 10240, 96, 98
2026/07/30 19:24:33.751, 0, NVIDIA GeForce RTX 3080, 5973, 4079, 10240, 96, 98
2026/07/30 19:24:33.862, 0, NVIDIA GeForce RTX 3080, 5973, 4079, 10240, 96, 98
2026/07/30 19:24:33.974, 0, NVIDIA GeForce RTX 3080, 5973, 4079, 10240, 96, 98
2026/07/30 19:24:34.086, 0, NVIDIA GeForce RTX 3080, 5973, 4079, 10240, 96, 98
2026/07/30 19:24:34.198, 0, NVIDIA GeForce RTX 3080, 5973, 4079, 10240, 96, 98
2026/07/30 19:24:34.310, 0, NVIDIA GeForce RTX 3080, 5973, 4079, 10240, 97, 98
2026/07/30 19:24:34.422, 0, NVIDIA GeForce RTX 3080, 5973, 4079, 10240, 97, 98
2026/07/30 19:24:34.534, 0, NVIDIA GeForce RTX 3080, 5973, 4079, 10240, 97, 98
2026/07/30 19:24:34.646, 0, NVIDIA GeForce RTX 3080, 5973, 4079, 10240, 97, 98
2026/07/30 19:24:34.758, 0, NVIDIA GeForce RTX 3080, 5973, 4079, 10240, 97, 98
2026/07/30 19:24:34.870, 0, NVIDIA GeForce RTX 3080, 5973, 4079, 10240, 97, 98
2026/07/30 19:24:34.982, 0, NVIDIA GeForce RTX 3080, 5973, 4079, 10240, 97, 98
2026/07/30 19:24:35.094, 0, NVIDIA GeForce RTX 3080, 5973, 4079, 10240, 97, 98
2026/07/30 19:24:35.207, 0, NVIDIA GeForce RTX 3080, 5973, 4079, 10240, 97, 98
2026/07/30 19:24:35.319, 0, NVIDIA GeForce RTX 3080, 5973, 4079, 10240, 97, 98
2026/07/30 19:24:35.431, 0, NVIDIA GeForce RTX 3080, 5973, 4079, 10240, 97, 98
2026/07/30 19:24:35.543, 0, NVIDIA GeForce RTX 3080, 5973, 4079, 10240, 97, 98
2026/07/30 19:24:35.655, 0, NVIDIA GeForce RTX 3080, 5973, 4079, 10240, 97, 98
2026/07/30 19:24:35.767, 0, NVIDIA GeForce RTX 3080, 5973, 4079, 10240, 97, 98
2026/07/30 19:24:35.879, 0, NVIDIA GeForce RTX 3080, 5973, 4079, 10240, 97, 98
2026/07/30 19:24:35.991, 0, NVIDIA GeForce RTX 3080, 5973, 4079, 10240, 97, 98
2026/07/30 19:24:36.103, 0, NVIDIA GeForce RTX 3080, 5973, 4079, 10240, 97, 98
2026/07/30 19:24:36.215, 0, NVIDIA GeForce RTX 3080, 5973, 4079, 10240, 98, 98
2026/07/30 19:24:36.327, 0, NVIDIA GeForce RTX 3080, 5973, 4079, 10240, 98, 98
2026/07/30 19:24:36.439, 0, NVIDIA GeForce RTX 3080, 5973, 4079, 10240, 98, 98
2026/07/30 19:24:36.551, 0, NVIDIA GeForce RTX 3080, 5973, 4079, 10240, 98, 98
2026/07/30 19:24:36.663, 0, NVIDIA GeForce RTX 3080, 5973, 4079, 10240, 98, 98
2026/07/30 19:24:36.774, 0, NVIDIA GeForce RTX 3080, 5973, 4079, 10240, 98, 98
2026/07/30 19:24:36.885, 0, NVIDIA GeForce RTX 3080, 5973, 4079, 10240, 98, 98
2026/07/30 19:24:36.994, 0, NVIDIA GeForce RTX 3080, 5973, 4079, 10240, 98, 98
2026/07/30 19:24:37.106, 0, NVIDIA GeForce RTX 3080, 5973, 4079, 10240, 98, 98
2026/07/30 19:24:37.218, 0, NVIDIA GeForce RTX 3080, 5973, 4079, 10240, 98, 98
2026/07/30 19:24:37.330, 0, NVIDIA GeForce RTX 3080, 5973, 4079, 10240, 98, 98
2026/07/30 19:24:37.442, 0, NVIDIA GeForce RTX 3080, 5973, 4079, 10240, 98, 98
2026/07/30 19:24:37.554, 0, NVIDIA GeForce RTX 3080, 5973, 4079, 10240, 98, 98
2026/07/30 19:24:37.666, 0, NVIDIA GeForce RTX 3080, 5973, 4079, 10240, 98, 98
2026/07/30 19:24:37.779, 0, NVIDIA GeForce RTX 3080, 5973, 4079, 10240, 93, 96
2026/07/30 19:24:37.891, 0, NVIDIA GeForce RTX 3080, 5973, 4079, 10240, 93, 96
2026/07/30 19:24:38.003, 0, NVIDIA GeForce RTX 3080, 5973, 4079, 10240, 93, 96
2026/07/30 19:24:38.115, 0, NVIDIA GeForce RTX 3080, 5973, 4079, 10240, 93, 96
2026/07/30 19:24:38.227, 0, NVIDIA GeForce RTX 3080, 5973, 4079, 10240, 95, 98
2026/07/30 19:24:38.339, 0, NVIDIA GeForce RTX 3080, 5973, 4079, 10240, 95, 98
2026/07/30 19:24:38.450, 0, NVIDIA GeForce RTX 3080, 5973, 4079, 10240, 95, 98
2026/07/30 19:24:38.562, 0, NVIDIA GeForce RTX 3080, 5973, 4079, 10240, 95, 98
2026/07/30 19:24:38.672, 0, NVIDIA GeForce RTX 3080, 5973, 4079, 10240, 95, 98
2026/07/30 19:24:38.783, 0, NVIDIA GeForce RTX 3080, 5973, 4079, 10240, 96, 98
2026/07/30 19:24:38.895, 0, NVIDIA GeForce RTX 3080, 5973, 4079, 10240, 96, 98
2026/07/30 19:24:39.006, 0, NVIDIA GeForce RTX 3080, 5973, 4079, 10240, 96, 98
2026/07/30 19:24:39.118, 0, NVIDIA GeForce RTX 3080, 5973, 4079, 10240, 96, 98
2026/07/30 19:24:39.230, 0, NVIDIA GeForce RTX 3080, 5973, 4079, 10240, 95, 98
2026/07/30 19:24:39.342, 0, NVIDIA GeForce RTX 3080, 5973, 4079, 10240, 95, 98
2026/07/30 19:24:39.454, 0, NVIDIA GeForce RTX 3080, 5973, 4079, 10240, 95, 98
2026/07/30 19:24:39.566, 0, NVIDIA GeForce RTX 3080, 5973, 4079, 10240, 95, 98
2026/07/30 19:24:39.677, 0, NVIDIA GeForce RTX 3080, 5973, 4079, 10240, 95, 98
2026/07/30 19:24:39.787, 0, NVIDIA GeForce RTX 3080, 5973, 4079, 10240, 97, 98
2026/07/30 19:24:39.898, 0, NVIDIA GeForce RTX 3080, 5973, 4079, 10240, 97, 98
2026/07/30 19:24:40.010, 0, NVIDIA GeForce RTX 3080, 5973, 4079, 10240, 97, 98
2026/07/30 19:24:40.120, 0, NVIDIA GeForce RTX 3080, 5973, 4079, 10240, 97, 98
2026/07/30 19:24:40.232, 0, NVIDIA GeForce RTX 3080, 5973, 4079, 10240, 97, 98
2026/07/30 19:24:40.343, 0, NVIDIA GeForce RTX 3080, 5973, 4079, 10240, 97, 98
2026/07/30 19:24:40.454, 0, NVIDIA GeForce RTX 3080, 5973, 4079, 10240, 97, 98
2026/07/30 19:24:40.565, 0, NVIDIA GeForce RTX 3080, 5973, 4079, 10240, 97, 98
2026/07/30 19:24:40.677, 0, NVIDIA GeForce RTX 3080, 5973, 4079, 10240, 97, 98
2026/07/30 19:24:40.789, 0, NVIDIA GeForce RTX 3080, 5973, 4079, 10240, 97, 98
2026/07/30 19:24:40.901, 0, NVIDIA GeForce RTX 3080, 5973, 4079, 10240, 97, 98
2026/07/30 19:24:41.013, 0, NVIDIA GeForce RTX 3080, 5973, 4079, 10240, 97, 98
2026/07/30 19:24:41.125, 0, NVIDIA GeForce RTX 3080, 5973, 4079, 10240, 97, 98
2026/07/30 19:24:41.237, 0, NVIDIA GeForce RTX 3080, 5973, 4079, 10240, 97, 98
2026/07/30 19:24:41.349, 0, NVIDIA GeForce RTX 3080, 5973, 4079, 10240, 97, 98
2026/07/30 19:24:41.461, 0, NVIDIA GeForce RTX 3080, 5973, 4079, 10240, 97, 98
2026/07/30 19:24:41.573, 0, NVIDIA GeForce RTX 3080, 5973, 4079, 10240, 97, 98
2026/07/30 19:24:41.685, 0, NVIDIA GeForce RTX 3080, 5973, 4079, 10240, 97, 98
2026/07/30 19:24:41.797, 0, NVIDIA GeForce RTX 3080, 5973, 4079, 10240, 96, 98
2026/07/30 19:24:41.909, 0, NVIDIA GeForce RTX 3080, 5973, 4079, 10240, 96, 98
2026/07/30 19:24:42.021, 0, NVIDIA GeForce RTX 3080, 5973, 4079, 10240, 96, 98
2026/07/30 19:24:42.133, 0, NVIDIA GeForce RTX 3080, 5973, 4079, 10240, 96, 98
2026/07/30 19:24:42.245, 0, NVIDIA GeForce RTX 3080, 5973, 4079, 10240, 96, 98
2026/07/30 19:24:42.357, 0, NVIDIA GeForce RTX 3080, 5973, 4079, 10240, 96, 98
2026/07/30 19:24:42.469, 0, NVIDIA GeForce RTX 3080, 5973, 4079, 10240, 96, 98
2026/07/30 19:24:42.581, 0, NVIDIA GeForce RTX 3080, 5973, 4079, 10240, 96, 98
2026/07/30 19:24:42.693, 0, NVIDIA GeForce RTX 3080, 5973, 4079, 10240, 96, 98
2026/07/30 19:24:42.805, 0, NVIDIA GeForce RTX 3080, 5973, 4079, 10240, 96, 98
2026/07/30 19:24:42.917, 0, NVIDIA GeForce RTX 3080, 5973, 4079, 10240, 96, 98
2026/07/30 19:24:43.026, 0, NVIDIA GeForce RTX 3080, 5973, 4079, 10240, 96, 98
2026/07/30 19:24:43.136, 0, NVIDIA GeForce RTX 3080, 5973, 4079, 10240, 96, 98
2026/07/30 19:24:43.243, 0, NVIDIA GeForce RTX 3080, 5973, 4079, 10240, 95, 98
2026/07/30 19:24:43.353, 0, NVIDIA GeForce RTX 3080, 5973, 4079, 10240, 95, 98
2026/07/30 19:24:43.462, 0, NVIDIA GeForce RTX 3080, 5973, 4079, 10240, 95, 98
2026/07/30 19:24:43.571, 0, NVIDIA GeForce RTX 3080, 5973, 4079, 10240, 95, 98
2026/07/30 19:24:43.682, 0, NVIDIA GeForce RTX 3080, 5973, 4079, 10240, 95, 98
2026/07/30 19:24:43.793, 0, NVIDIA GeForce RTX 3080, 5973, 4079, 10240, 90, 93
2026/07/30 19:24:43.905, 0, NVIDIA GeForce RTX 3080, 5973, 4079, 10240, 90, 93
2026/07/30 19:24:44.016, 0, NVIDIA GeForce RTX 3080, 5973, 4079, 10240, 90, 93
2026/07/30 19:24:44.128, 0, NVIDIA GeForce RTX 3080, 5973, 4079, 10240, 90, 93
2026/07/30 19:24:44.240, 0, NVIDIA GeForce RTX 3080, 5973, 4079, 10240, 97, 98
2026/07/30 19:24:44.351, 0, NVIDIA GeForce RTX 3080, 5973, 4079, 10240, 97, 98
2026/07/30 19:24:44.463, 0, NVIDIA GeForce RTX 3080, 5973, 4079, 10240, 97, 98
2026/07/30 19:24:44.574, 0, NVIDIA GeForce RTX 3080, 5973, 4079, 10240, 97, 98
2026/07/30 19:24:44.686, 0, NVIDIA GeForce RTX 3080, 5973, 4079, 10240, 97, 98
2026/07/30 19:24:44.798, 0, NVIDIA GeForce RTX 3080, 5973, 4079, 10240, 97, 98
2026/07/30 19:24:44.910, 0, NVIDIA GeForce RTX 3080, 5973, 4079, 10240, 97, 98
2026/07/30 19:24:45.018, 0, NVIDIA GeForce RTX 3080, 5973, 4079, 10240, 97, 98
2026/07/30 19:24:45.128, 0, NVIDIA GeForce RTX 3080, 5973, 4079, 10240, 97, 98
2026/07/30 19:24:45.238, 0, NVIDIA GeForce RTX 3080, 5973, 4079, 10240, 97, 98
2026/07/30 19:24:45.348, 0, NVIDIA GeForce RTX 3080, 5973, 4079, 10240, 97, 98
2026/07/30 19:24:45.460, 0, NVIDIA GeForce RTX 3080, 5973, 4079, 10240, 97, 98
2026/07/30 19:24:45.572, 0, NVIDIA GeForce RTX 3080, 5973, 4079, 10240, 97, 98
2026/07/30 19:24:45.683, 0, NVIDIA GeForce RTX 3080, 5973, 4079, 10240, 97, 98
2026/07/30 19:24:45.795, 0, NVIDIA GeForce RTX 3080, 5973, 4079, 10240, 98, 98
2026/07/30 19:24:45.906, 0, NVIDIA GeForce RTX 3080, 5973, 4079, 10240, 98, 98
2026/07/30 19:24:46.018, 0, NVIDIA GeForce RTX 3080, 5973, 4079, 10240, 98, 98
2026/07/30 19:24:46.130, 0, NVIDIA GeForce RTX 3080, 5973, 4079, 10240, 98, 98
2026/07/30 19:24:46.242, 0, NVIDIA GeForce RTX 3080, 5973, 4079, 10240, 98, 98
2026/07/30 19:24:46.354, 0, NVIDIA GeForce RTX 3080, 5973, 4079, 10240, 98, 98
2026/07/30 19:24:46.466, 0, NVIDIA GeForce RTX 3080, 5973, 4079, 10240, 98, 98
2026/07/30 19:24:46.578, 0, NVIDIA GeForce RTX 3080, 5973, 4079, 10240, 98, 98
2026/07/30 19:24:46.690, 0, NVIDIA GeForce RTX 3080, 5973, 4079, 10240, 98, 98
2026/07/30 19:24:46.802, 0, NVIDIA GeForce RTX 3080, 5973, 4079, 10240, 98, 98
2026/07/30 19:24:46.915, 0, NVIDIA GeForce RTX 3080, 5973, 4079, 10240, 98, 98
2026/07/30 19:24:47.026, 0, NVIDIA GeForce RTX 3080, 5973, 4079, 10240, 98, 98
2026/07/30 19:24:47.138, 0, NVIDIA GeForce RTX 3080, 5973, 4079, 10240, 98, 98
2026/07/30 19:24:47.250, 0, NVIDIA GeForce RTX 3080, 5973, 4079, 10240, 98, 98
2026/07/30 19:24:47.361, 0, NVIDIA GeForce RTX 3080, 5973, 4079, 10240, 98, 98
2026/07/30 19:24:47.473, 0, NVIDIA GeForce RTX 3080, 5973, 4079, 10240, 98, 98
2026/07/30 19:24:47.584, 0, NVIDIA GeForce RTX 3080, 5973, 4079, 10240, 98, 98
2026/07/30 19:24:47.695, 0, NVIDIA GeForce RTX 3080, 5973, 4079, 10240, 98, 98
2026/07/30 19:24:47.807, 0, NVIDIA GeForce RTX 3080, 5973, 4079, 10240, 94, 96
2026/07/30 19:24:47.917, 0, NVIDIA GeForce RTX 3080, 5973, 4079, 10240, 94, 96
2026/07/30 19:24:48.029, 0, NVIDIA GeForce RTX 3080, 5973, 4079, 10240, 94, 96
2026/07/30 19:24:48.141, 0, NVIDIA GeForce RTX 3080, 5973, 4079, 10240, 94, 96
2026/07/30 19:24:48.253, 0, NVIDIA GeForce RTX 3080, 5973, 4079, 10240, 95, 98
2026/07/30 19:24:48.365, 0, NVIDIA GeForce RTX 3080, 5973, 4079, 10240, 95, 98
2026/07/30 19:24:48.475, 0, NVIDIA GeForce RTX 3080, 5973, 4079, 10240, 95, 98
2026/07/30 19:24:48.587, 0, NVIDIA GeForce RTX 3080, 5973, 4079, 10240, 95, 98
2026/07/30 19:24:48.698, 0, NVIDIA GeForce RTX 3080, 5973, 4079, 10240, 95, 98
2026/07/30 19:24:48.809, 0, NVIDIA GeForce RTX 3080, 5973, 4079, 10240, 95, 98
2026/07/30 19:24:48.920, 0, NVIDIA GeForce RTX 3080, 5973, 4079, 10240, 95, 98
2026/07/30 19:24:49.032, 0, NVIDIA GeForce RTX 3080, 5973, 4079, 10240, 95, 98
2026/07/30 19:24:49.142, 0, NVIDIA GeForce RTX 3080, 5973, 4079, 10240, 95, 98
2026/07/30 19:24:49.254, 0, NVIDIA GeForce RTX 3080, 5973, 4079, 10240, 95, 97
2026/07/30 19:24:49.367, 0, NVIDIA GeForce RTX 3080, 5973, 4079, 10240, 95, 97
2026/07/30 19:24:49.479, 0, NVIDIA GeForce RTX 3080, 5973, 4079, 10240, 95, 97
2026/07/30 19:24:49.591, 0, NVIDIA GeForce RTX 3080, 5973, 4079, 10240, 95, 97
2026/07/30 19:24:49.703, 0, NVIDIA GeForce RTX 3080, 5973, 4079, 10240, 95, 97
2026/07/30 19:24:49.815, 0, NVIDIA GeForce RTX 3080, 5973, 4079, 10240, 97, 97
2026/07/30 19:24:49.926, 0, NVIDIA GeForce RTX 3080, 5973, 4079, 10240, 97, 97
2026/07/30 19:24:50.035, 0, NVIDIA GeForce RTX 3080, 5973, 4079, 10240, 97, 97
2026/07/30 19:24:50.144, 0, NVIDIA GeForce RTX 3080, 5973, 4079, 10240, 97, 97
2026/07/30 19:24:50.253, 0, NVIDIA GeForce RTX 3080, 5973, 4079, 10240, 97, 98
2026/07/30 19:24:50.363, 0, NVIDIA GeForce RTX 3080, 5973, 4079, 10240, 97, 98
2026/07/30 19:24:50.475, 0, NVIDIA GeForce RTX 3080, 5973, 4079, 10240, 97, 98
2026/07/30 19:24:50.587, 0, NVIDIA GeForce RTX 3080, 5973, 4079, 10240, 97, 98
2026/07/30 19:24:50.697, 0, NVIDIA GeForce RTX 3080, 5973, 4079, 10240, 97, 98
2026/07/30 19:24:50.809, 0, NVIDIA GeForce RTX 3080, 5973, 4079, 10240, 97, 97
2026/07/30 19:24:50.921, 0, NVIDIA GeForce RTX 3080, 5973, 4079, 10240, 97, 97
2026/07/30 19:24:51.033, 0, NVIDIA GeForce RTX 3080, 5973, 4079, 10240, 97, 97
2026/07/30 19:24:51.144, 0, NVIDIA GeForce RTX 3080, 5973, 4079, 10240, 97, 97
2026/07/30 19:24:51.256, 0, NVIDIA GeForce RTX 3080, 5973, 4079, 10240, 97, 97
2026/07/30 19:24:51.368, 0, NVIDIA GeForce RTX 3080, 5973, 4079, 10240, 97, 97
2026/07/30 19:24:51.480, 0, NVIDIA GeForce RTX 3080, 5973, 4079, 10240, 97, 97
2026/07/30 19:24:51.592, 0, NVIDIA GeForce RTX 3080, 5973, 4079, 10240, 97, 97
2026/07/30 19:24:51.702, 0, NVIDIA GeForce RTX 3080, 5973, 4079, 10240, 97, 97
2026/07/30 19:24:51.814, 0, NVIDIA GeForce RTX 3080, 5973, 4079, 10240, 96, 98
2026/07/30 19:24:51.925, 0, NVIDIA GeForce RTX 3080, 5973, 4079, 10240, 96, 98
2026/07/30 19:24:52.037, 0, NVIDIA GeForce RTX 3080, 5973, 4079, 10240, 96, 98
2026/07/30 19:24:52.149, 0, NVIDIA GeForce RTX 3080, 5973, 4079, 10240, 96, 98
2026/07/30 19:24:52.261, 0, NVIDIA GeForce RTX 3080, 5973, 4079, 10240, 96, 98
2026/07/30 19:24:52.372, 0, NVIDIA GeForce RTX 3080, 5973, 4079, 10240, 96, 98
2026/07/30 19:24:52.484, 0, NVIDIA GeForce RTX 3080, 5973, 4079, 10240, 96, 98
2026/07/30 19:24:52.596, 0, NVIDIA GeForce RTX 3080, 5973, 4079, 10240, 96, 98
2026/07/30 19:24:52.708, 0, NVIDIA GeForce RTX 3080, 5973, 4079, 10240, 95, 98
2026/07/30 19:24:52.819, 0, NVIDIA GeForce RTX 3080, 5973, 4079, 10240, 95, 98
2026/07/30 19:24:52.931, 0, NVIDIA GeForce RTX 3080, 5973, 4079, 10240, 95, 98
2026/07/30 19:24:53.043, 0, NVIDIA GeForce RTX 3080, 5973, 4079, 10240, 95, 98
2026/07/30 19:24:53.155, 0, NVIDIA GeForce RTX 3080, 5973, 4079, 10240, 95, 98
2026/07/30 19:24:53.267, 0, NVIDIA GeForce RTX 3080, 5973, 4079, 10240, 96, 98
2026/07/30 19:24:53.379, 0, NVIDIA GeForce RTX 3080, 5973, 4079, 10240, 96, 98
2026/07/30 19:24:53.490, 0, NVIDIA GeForce RTX 3080, 5973, 4079, 10240, 96, 98
2026/07/30 19:24:53.601, 0, NVIDIA GeForce RTX 3080, 5973, 4079, 10240, 96, 98
2026/07/30 19:24:53.712, 0, NVIDIA GeForce RTX 3080, 5973, 4079, 10240, 96, 97
2026/07/30 19:24:53.824, 0, NVIDIA GeForce RTX 3080, 5973, 4079, 10240, 96, 97
2026/07/30 19:24:53.934, 0, NVIDIA GeForce RTX 3080, 5973, 4079, 10240, 96, 97
2026/07/30 19:24:54.045, 0, NVIDIA GeForce RTX 3080, 5973, 4079, 10240, 96, 97
2026/07/30 19:24:54.157, 0, NVIDIA GeForce RTX 3080, 5973, 4079, 10240, 96, 97
2026/07/30 19:24:54.270, 0, NVIDIA GeForce RTX 3080, 5973, 4079, 10240, 97, 98
2026/07/30 19:24:54.381, 0, NVIDIA GeForce RTX 3080, 5973, 4079, 10240, 97, 98
2026/07/30 19:24:54.493, 0, NVIDIA GeForce RTX 3080, 5973, 4079, 10240, 97, 98
2026/07/30 19:24:54.605, 0, NVIDIA GeForce RTX 3080, 5973, 4079, 10240, 97, 98
2026/07/30 19:24:54.717, 0, NVIDIA GeForce RTX 3080, 5973, 4079, 10240, 97, 98
2026/07/30 19:24:54.829, 0, NVIDIA GeForce RTX 3080, 5973, 4079, 10240, 97, 98
2026/07/30 19:24:54.941, 0, NVIDIA GeForce RTX 3080, 5973, 4079, 10240, 97, 98
2026/07/30 19:24:55.053, 0, NVIDIA GeForce RTX 3080, 5973, 4079, 10240, 97, 98
2026/07/30 19:24:55.164, 0, NVIDIA GeForce RTX 3080, 5973, 4079, 10240, 97, 98
2026/07/30 19:24:55.276, 0, NVIDIA GeForce RTX 3080, 5973, 4079, 10240, 94, 95
2026/07/30 19:24:55.387, 0, NVIDIA GeForce RTX 3080, 5973, 4079, 10240, 94, 95
2026/07/30 19:24:55.499, 0, NVIDIA GeForce RTX 3080, 5973, 4079, 10240, 94, 95
2026/07/30 19:24:55.609, 0, NVIDIA GeForce RTX 3080, 5973, 4079, 10240, 94, 95
2026/07/30 19:24:55.721, 0, NVIDIA GeForce RTX 3080, 5973, 4079, 10240, 98, 98
2026/07/30 19:24:55.832, 0, NVIDIA GeForce RTX 3080, 5973, 4079, 10240, 98, 98
2026/07/30 19:24:55.944, 0, NVIDIA GeForce RTX 3080, 5973, 4079, 10240, 98, 98
2026/07/30 19:24:56.055, 0, NVIDIA GeForce RTX 3080, 5973, 4079, 10240, 98, 98
2026/07/30 19:24:56.166, 0, NVIDIA GeForce RTX 3080, 5973, 4079, 10240, 98, 98
2026/07/30 19:24:56.278, 0, NVIDIA GeForce RTX 3080, 5973, 4079, 10240, 97, 97
2026/07/30 19:24:56.389, 0, NVIDIA GeForce RTX 3080, 5973, 4079, 10240, 97, 97
2026/07/30 19:24:56.501, 0, NVIDIA GeForce RTX 3080, 5973, 4079, 10240, 97, 97
2026/07/30 19:24:56.612, 0, NVIDIA GeForce RTX 3080, 5973, 4079, 10240, 97, 97
2026/07/30 19:24:56.725, 0, NVIDIA GeForce RTX 3080, 5973, 4079, 10240, 98, 98
2026/07/30 19:24:56.836, 0, NVIDIA GeForce RTX 3080, 5973, 4079, 10240, 98, 98
2026/07/30 19:24:56.948, 0, NVIDIA GeForce RTX 3080, 5973, 4079, 10240, 98, 98
2026/07/30 19:24:57.060, 0, NVIDIA GeForce RTX 3080, 5973, 4079, 10240, 98, 98
2026/07/30 19:24:57.171, 0, NVIDIA GeForce RTX 3080, 5973, 4079, 10240, 98, 98
2026/07/30 19:24:57.283, 0, NVIDIA GeForce RTX 3080, 5973, 4079, 10240, 96, 98
2026/07/30 19:24:57.394, 0, NVIDIA GeForce RTX 3080, 5973, 4079, 10240, 96, 98
2026/07/30 19:24:57.506, 0, NVIDIA GeForce RTX 3080, 5973, 4079, 10240, 96, 98
2026/07/30 19:24:57.618, 0, NVIDIA GeForce RTX 3080, 5973, 4079, 10240, 96, 98
2026/07/30 19:24:57.729, 0, NVIDIA GeForce RTX 3080, 5973, 4079, 10240, 96, 98
2026/07/30 19:24:57.841, 0, NVIDIA GeForce RTX 3080, 5973, 4079, 10240, 96, 98
2026/07/30 19:24:57.950, 0, NVIDIA GeForce RTX 3080, 5973, 4079, 10240, 96, 98
2026/07/30 19:24:58.060, 0, NVIDIA GeForce RTX 3080, 5973, 4079, 10240, 96, 98
2026/07/30 19:24:58.169, 0, NVIDIA GeForce RTX 3080, 5973, 4079, 10240, 96, 98
2026/07/30 19:24:58.278, 0, NVIDIA GeForce RTX 3080, 5973, 4079, 10240, 96, 98
2026/07/30 19:24:58.387, 0, NVIDIA GeForce RTX 3080, 5973, 4079, 10240, 96, 98
2026/07/30 19:24:58.496, 0, NVIDIA GeForce RTX 3080, 5973, 4079, 10240, 96, 98
2026/07/30 19:24:58.606, 0, NVIDIA GeForce RTX 3080, 5973, 4079, 10240, 96, 98
2026/07/30 19:24:58.718, 0, NVIDIA GeForce RTX 3080, 5973, 4079, 10240, 95, 98
2026/07/30 19:24:58.830, 0, NVIDIA GeForce RTX 3080, 5973, 4079, 10240, 95, 98
2026/07/30 19:24:58.941, 0, NVIDIA GeForce RTX 3080, 5973, 4079, 10240, 95, 98
2026/07/30 19:24:59.053, 0, NVIDIA GeForce RTX 3080, 5973, 4079, 10240, 95, 98
2026/07/30 19:24:59.165, 0, NVIDIA GeForce RTX 3080, 5973, 4079, 10240, 95, 98
2026/07/30 19:24:59.277, 0, NVIDIA GeForce RTX 3080, 5973, 4079, 10240, 97, 98
2026/07/30 19:24:59.387, 0, NVIDIA GeForce RTX 3080, 5973, 4079, 10240, 97, 98
2026/07/30 19:24:59.499, 0, NVIDIA GeForce RTX 3080, 5973, 4079, 10240, 97, 98
2026/07/30 19:24:59.610, 0, NVIDIA GeForce RTX 3080, 5973, 4079, 10240, 97, 98
2026/07/30 19:24:59.722, 0, NVIDIA GeForce RTX 3080, 5973, 4079, 10240, 97, 98
2026/07/30 19:24:59.832, 0, NVIDIA GeForce RTX 3080, 5973, 4079, 10240, 97, 98
2026/07/30 19:24:59.943, 0, NVIDIA GeForce RTX 3080, 5973, 4079, 10240, 97, 98
2026/07/30 19:25:00.055, 0, NVIDIA GeForce RTX 3080, 5973, 4079, 10240, 97, 98
2026/07/30 19:25:00.165, 0, NVIDIA GeForce RTX 3080, 5973, 4079, 10240, 97, 98
2026/07/30 19:25:00.276, 0, NVIDIA GeForce RTX 3080, 5973, 4079, 10240, 97, 98
2026/07/30 19:25:00.387, 0, NVIDIA GeForce RTX 3080, 5973, 4079, 10240, 97, 98
2026/07/30 19:25:00.499, 0, NVIDIA GeForce RTX 3080, 5973, 4079, 10240, 97, 98
2026/07/30 19:25:00.611, 0, NVIDIA GeForce RTX 3080, 5973, 4079, 10240, 97, 98
2026/07/30 19:25:00.723, 0, NVIDIA GeForce RTX 3080, 5973, 4079, 10240, 97, 98
2026/07/30 19:25:00.834, 0, NVIDIA GeForce RTX 3080, 5973, 4079, 10240, 97, 98
2026/07/30 19:25:00.946, 0, NVIDIA GeForce RTX 3080, 5973, 4079, 10240, 97, 98
2026/07/30 19:25:01.057, 0, NVIDIA GeForce RTX 3080, 5973, 4079, 10240, 97, 98
2026/07/30 19:25:01.169, 0, NVIDIA GeForce RTX 3080, 5973, 4079, 10240, 97, 98
2026/07/30 19:25:01.281, 0, NVIDIA GeForce RTX 3080, 5973, 4079, 10240, 96, 98
2026/07/30 19:25:01.393, 0, NVIDIA GeForce RTX 3080, 5973, 4079, 10240, 96, 98
2026/07/30 19:25:01.505, 0, NVIDIA GeForce RTX 3080, 5973, 4079, 10240, 96, 98
2026/07/30 19:25:01.617, 0, NVIDIA GeForce RTX 3080, 5973, 4079, 10240, 96, 98
2026/07/30 19:25:01.729, 0, NVIDIA GeForce RTX 3080, 5973, 4079, 10240, 96, 98
2026/07/30 19:25:01.839, 0, NVIDIA GeForce RTX 3080, 5973, 4079, 10240, 96, 98
2026/07/30 19:25:01.950, 0, NVIDIA GeForce RTX 3080, 5973, 4079, 10240, 96, 98
2026/07/30 19:25:02.062, 0, NVIDIA GeForce RTX 3080, 5973, 4079, 10240, 96, 98
2026/07/30 19:25:02.172, 0, NVIDIA GeForce RTX 3080, 5973, 4079, 10240, 96, 98
2026/07/30 19:25:02.283, 0, NVIDIA GeForce RTX 3080, 5973, 4079, 10240, 96, 98
2026/07/30 19:25:02.395, 0, NVIDIA GeForce RTX 3080, 5973, 4079, 10240, 96, 98
2026/07/30 19:25:02.507, 0, NVIDIA GeForce RTX 3080, 5973, 4079, 10240, 96, 98
2026/07/30 19:25:02.619, 0, NVIDIA GeForce RTX 3080, 5973, 4079, 10240, 96, 98
2026/07/30 19:25:02.731, 0, NVIDIA GeForce RTX 3080, 5973, 4079, 10240, 95, 97
2026/07/30 19:25:02.842, 0, NVIDIA GeForce RTX 3080, 5973, 4079, 10240, 95, 97
2026/07/30 19:25:02.953, 0, NVIDIA GeForce RTX 3080, 5973, 4079, 10240, 95, 97
2026/07/30 19:25:03.063, 0, NVIDIA GeForce RTX 3080, 5973, 4079, 10240, 95, 97
2026/07/30 19:25:03.173, 0, NVIDIA GeForce RTX 3080, 5973, 4079, 10240, 95, 97
2026/07/30 19:25:03.283, 0, NVIDIA GeForce RTX 3080, 5973, 4079, 10240, 96, 98
2026/07/30 19:25:03.392, 0, NVIDIA GeForce RTX 3080, 5973, 4079, 10240, 96, 98
2026/07/30 19:25:03.500, 0, NVIDIA GeForce RTX 3080, 5973, 4079, 10240, 96, 98
2026/07/30 19:25:03.611, 0, NVIDIA GeForce RTX 3080, 5973, 4079, 10240, 96, 98
2026/07/30 19:25:03.722, 0, NVIDIA GeForce RTX 3080, 5973, 4079, 10240, 96, 97
2026/07/30 19:25:03.834, 0, NVIDIA GeForce RTX 3080, 5973, 4079, 10240, 96, 97
2026/07/30 19:25:03.946, 0, NVIDIA GeForce RTX 3080, 5973, 4079, 10240, 96, 97
2026/07/30 19:25:04.057, 0, NVIDIA GeForce RTX 3080, 5973, 4079, 10240, 96, 97
2026/07/30 19:25:04.168, 0, NVIDIA GeForce RTX 3080, 5973, 4079, 10240, 96, 97
2026/07/30 19:25:04.280, 0, NVIDIA GeForce RTX 3080, 5973, 4079, 10240, 96, 98
2026/07/30 19:25:04.392, 0, NVIDIA GeForce RTX 3080, 5973, 4079, 10240, 96, 98
2026/07/30 19:25:04.503, 0, NVIDIA GeForce RTX 3080, 5973, 4079, 10240, 96, 98
2026/07/30 19:25:04.613, 0, NVIDIA GeForce RTX 3080, 5973, 4079, 10240, 96, 98
2026/07/30 19:25:04.725, 0, NVIDIA GeForce RTX 3080, 5973, 4079, 10240, 96, 98
2026/07/30 19:25:04.837, 0, NVIDIA GeForce RTX 3080, 5973, 4079, 10240, 96, 98
2026/07/30 19:25:04.948, 0, NVIDIA GeForce RTX 3080, 5973, 4079, 10240, 96, 98
2026/07/30 19:25:05.057, 0, NVIDIA GeForce RTX 3080, 5973, 4079, 10240, 96, 98
2026/07/30 19:25:05.166, 0, NVIDIA GeForce RTX 3080, 5973, 4079, 10240, 96, 98
2026/07/30 19:25:05.277, 0, NVIDIA GeForce RTX 3080, 5973, 4079, 10240, 98, 98
2026/07/30 19:25:05.388, 0, NVIDIA GeForce RTX 3080, 5973, 4079, 10240, 98, 98
2026/07/30 19:25:05.498, 0, NVIDIA GeForce RTX 3080, 5973, 4079, 10240, 98, 98
2026/07/30 19:25:05.610, 0, NVIDIA GeForce RTX 3080, 5973, 4079, 10240, 98, 98
2026/07/30 19:25:05.721, 0, NVIDIA GeForce RTX 3080, 5973, 4079, 10240, 97, 97
2026/07/30 19:25:05.833, 0, NVIDIA GeForce RTX 3080, 5973, 4079, 10240, 97, 97
2026/07/30 19:25:05.943, 0, NVIDIA GeForce RTX 3080, 5973, 4079, 10240, 97, 97
2026/07/30 19:25:06.055, 0, NVIDIA GeForce RTX 3080, 5973, 4079, 10240, 97, 97
2026/07/30 19:25:06.166, 0, NVIDIA GeForce RTX 3080, 5973, 4079, 10240, 97, 97
2026/07/30 19:25:06.277, 0, NVIDIA GeForce RTX 3080, 5973, 4079, 10240, 98, 97
2026/07/30 19:25:06.389, 0, NVIDIA GeForce RTX 3080, 5973, 4079, 10240, 98, 97
2026/07/30 19:25:06.501, 0, NVIDIA GeForce RTX 3080, 5973, 4079, 10240, 98, 97
2026/07/30 19:25:06.612, 0, NVIDIA GeForce RTX 3080, 5973, 4079, 10240, 98, 97
2026/07/30 19:25:06.723, 0, NVIDIA GeForce RTX 3080, 5973, 4079, 10240, 98, 98
2026/07/30 19:25:06.835, 0, NVIDIA GeForce RTX 3080, 5973, 4079, 10240, 98, 98
2026/07/30 19:25:06.947, 0, NVIDIA GeForce RTX 3080, 5973, 4079, 10240, 98, 98
2026/07/30 19:25:07.058, 0, NVIDIA GeForce RTX 3080, 5973, 4079, 10240, 98, 98
2026/07/30 19:25:07.170, 0, NVIDIA GeForce RTX 3080, 5973, 4079, 10240, 98, 98
2026/07/30 19:25:07.281, 0, NVIDIA GeForce RTX 3080, 5973, 4079, 10240, 95, 98
2026/07/30 19:25:07.392, 0, NVIDIA GeForce RTX 3080, 5973, 4079, 10240, 95, 98
2026/07/30 19:25:07.504, 0, NVIDIA GeForce RTX 3080, 5973, 4079, 10240, 95, 98
2026/07/30 19:25:07.616, 0, NVIDIA GeForce RTX 3080, 5973, 4079, 10240, 95, 98
2026/07/30 19:25:07.728, 0, NVIDIA GeForce RTX 3080, 5973, 4079, 10240, 95, 98
2026/07/30 19:25:07.840, 0, NVIDIA GeForce RTX 3080, 5973, 4079, 10240, 95, 98
2026/07/30 19:25:07.952, 0, NVIDIA GeForce RTX 3080, 5973, 4079, 10240, 95, 98
2026/07/30 19:25:08.064, 0, NVIDIA GeForce RTX 3080, 5973, 4079, 10240, 95, 98
2026/07/30 19:25:08.176, 0, NVIDIA GeForce RTX 3080, 5973, 4079, 10240, 95, 98
2026/07/30 19:25:08.288, 0, NVIDIA GeForce RTX 3080, 5973, 4079, 10240, 96, 98
2026/07/30 19:25:08.400, 0, NVIDIA GeForce RTX 3080, 5973, 4079, 10240, 96, 98
2026/07/30 19:25:08.512, 0, NVIDIA GeForce RTX 3080, 5973, 4079, 10240, 96, 98
2026/07/30 19:25:08.624, 0, NVIDIA GeForce RTX 3080, 5973, 4079, 10240, 96, 98
2026/07/30 19:25:08.734, 0, NVIDIA GeForce RTX 3080, 5973, 4079, 10240, 95, 98
2026/07/30 19:25:08.846, 0, NVIDIA GeForce RTX 3080, 5973, 4079, 10240, 95, 98
2026/07/30 19:25:08.955, 0, NVIDIA GeForce RTX 3080, 5973, 4079, 10240, 95, 98
2026/07/30 19:25:09.068, 0, NVIDIA GeForce RTX 3080, 5973, 4079, 10240, 95, 98
2026/07/30 19:25:09.180, 0, NVIDIA GeForce RTX 3080, 5973, 4079, 10240, 95, 98
2026/07/30 19:25:09.292, 0, NVIDIA GeForce RTX 3080, 5973, 4079, 10240, 96, 97
2026/07/30 19:25:09.404, 0, NVIDIA GeForce RTX 3080, 5973, 4079, 10240, 96, 97
2026/07/30 19:25:09.516, 0, NVIDIA GeForce RTX 3080, 5973, 4079, 10240, 96, 97
2026/07/30 19:25:09.628, 0, NVIDIA GeForce RTX 3080, 5973, 4079, 10240, 96, 97
2026/07/30 19:25:09.740, 0, NVIDIA GeForce RTX 3080, 5973, 4079, 10240, 97, 98
2026/07/30 19:25:09.852, 0, NVIDIA GeForce RTX 3080, 5973, 4079, 10240, 97, 98
2026/07/30 19:25:09.963, 0, NVIDIA GeForce RTX 3080, 5973, 4079, 10240, 97, 98
2026/07/30 19:25:10.073, 0, NVIDIA GeForce RTX 3080, 5973, 4079, 10240, 97, 98
2026/07/30 19:25:10.181, 0, NVIDIA GeForce RTX 3080, 5973, 4079, 10240, 97, 98
2026/07/30 19:25:10.293, 0, NVIDIA GeForce RTX 3080, 5973, 4079, 10240, 97, 98
2026/07/30 19:25:10.405, 0, NVIDIA GeForce RTX 3080, 5973, 4079, 10240, 97, 98
2026/07/30 19:25:10.517, 0, NVIDIA GeForce RTX 3080, 5973, 4079, 10240, 97, 98
2026/07/30 19:25:10.629, 0, NVIDIA GeForce RTX 3080, 5973, 4079, 10240, 97, 98
2026/07/30 19:25:10.742, 0, NVIDIA GeForce RTX 3080, 5973, 4079, 10240, 97, 97
2026/07/30 19:25:10.854, 0, NVIDIA GeForce RTX 3080, 5973, 4079, 10240, 97, 97
2026/07/30 19:25:10.966, 0, NVIDIA GeForce RTX 3080, 5973, 4079, 10240, 97, 97
2026/07/30 19:25:11.078, 0, NVIDIA GeForce RTX 3080, 5973, 4079, 10240, 97, 97
2026/07/30 19:25:11.189, 0, NVIDIA GeForce RTX 3080, 5973, 4079, 10240, 97, 97
2026/07/30 19:25:11.301, 0, NVIDIA GeForce RTX 3080, 5973, 4079, 10240, 96, 98
2026/07/30 19:25:11.413, 0, NVIDIA GeForce RTX 3080, 5973, 4079, 10240, 96, 98
2026/07/30 19:25:11.525, 0, NVIDIA GeForce RTX 3080, 5973, 4079, 10240, 96, 98
2026/07/30 19:25:11.637, 0, NVIDIA GeForce RTX 3080, 5973, 4079, 10240, 96, 98
2026/07/30 19:25:11.748, 0, NVIDIA GeForce RTX 3080, 5973, 4079, 10240, 95, 98
2026/07/30 19:25:11.860, 0, NVIDIA GeForce RTX 3080, 5973, 4079, 10240, 95, 98
2026/07/30 19:25:11.970, 0, NVIDIA GeForce RTX 3080, 5973, 4079, 10240, 95, 98
2026/07/30 19:25:12.082, 0, NVIDIA GeForce RTX 3080, 5973, 4079, 10240, 95, 98
2026/07/30 19:25:12.194, 0, NVIDIA GeForce RTX 3080, 5973, 4079, 10240, 95, 98
2026/07/30 19:25:12.305, 0, NVIDIA GeForce RTX 3080, 5973, 4079, 10240, 95, 97
2026/07/30 19:25:12.417, 0, NVIDIA GeForce RTX 3080, 5973, 4079, 10240, 95, 97
2026/07/30 19:25:12.529, 0, NVIDIA GeForce RTX 3080, 5973, 4079, 10240, 95, 97
2026/07/30 19:25:12.641, 0, NVIDIA GeForce RTX 3080, 5973, 4079, 10240, 95, 97
2026/07/30 19:25:12.753, 0, NVIDIA GeForce RTX 3080, 5973, 4079, 10240, 95, 97
2026/07/30 19:25:12.865, 0, NVIDIA GeForce RTX 3080, 5973, 4079, 10240, 95, 97
2026/07/30 19:25:12.977, 0, NVIDIA GeForce RTX 3080, 5973, 4079, 10240, 95, 97
2026/07/30 19:25:13.089, 0, NVIDIA GeForce RTX 3080, 5973, 4079, 10240, 95, 97
2026/07/30 19:25:13.201, 0, NVIDIA GeForce RTX 3080, 5973, 4079, 10240, 95, 97
2026/07/30 19:25:13.313, 0, NVIDIA GeForce RTX 3080, 5973, 4079, 10240, 97, 98
2026/07/30 19:25:13.425, 0, NVIDIA GeForce RTX 3080, 5973, 4079, 10240, 97, 98
2026/07/30 19:25:13.537, 0, NVIDIA GeForce RTX 3080, 5973, 4079, 10240, 97, 98
2026/07/30 19:25:13.649, 0, NVIDIA GeForce RTX 3080, 5973, 4079, 10240, 97, 98
2026/07/30 19:25:13.761, 0, NVIDIA GeForce RTX 3080, 5973, 4079, 10240, 97, 98
2026/07/30 19:25:13.871, 0, NVIDIA GeForce RTX 3080, 5973, 4079, 10240, 97, 98
2026/07/30 19:25:13.983, 0, NVIDIA GeForce RTX 3080, 5973, 4079, 10240, 97, 98
2026/07/30 19:25:14.095, 0, NVIDIA GeForce RTX 3080, 5973, 4079, 10240, 97, 98
2026/07/30 19:25:14.207, 0, NVIDIA GeForce RTX 3080, 5973, 4079, 10240, 97, 98
2026/07/30 19:25:14.319, 0, NVIDIA GeForce RTX 3080, 5973, 4079, 10240, 97, 98
2026/07/30 19:25:14.431, 0, NVIDIA GeForce RTX 3080, 5973, 4079, 10240, 97, 98
2026/07/30 19:25:14.541, 0, NVIDIA GeForce RTX 3080, 5973, 4079, 10240, 97, 98
2026/07/30 19:25:14.652, 0, NVIDIA GeForce RTX 3080, 5973, 4079, 10240, 97, 98
2026/07/30 19:25:14.764, 0, NVIDIA GeForce RTX 3080, 5973, 4079, 10240, 95, 96
2026/07/30 19:25:14.876, 0, NVIDIA GeForce RTX 3080, 5973, 4079, 10240, 95, 96
2026/07/30 19:25:14.987, 0, NVIDIA GeForce RTX 3080, 5973, 4079, 10240, 95, 96
2026/07/30 19:25:15.100, 0, NVIDIA GeForce RTX 3080, 5973, 4079, 10240, 95, 96
2026/07/30 19:25:15.212, 0, NVIDIA GeForce RTX 3080, 5973, 4079, 10240, 98, 98
2026/07/30 19:25:15.324, 0, NVIDIA GeForce RTX 3080, 5973, 4079, 10240, 98, 98
2026/07/30 19:25:15.436, 0, NVIDIA GeForce RTX 3080, 5973, 4079, 10240, 98, 98
2026/07/30 19:25:15.548, 0, NVIDIA GeForce RTX 3080, 5973, 4079, 10240, 98, 98
2026/07/30 19:25:15.660, 0, NVIDIA GeForce RTX 3080, 5973, 4079, 10240, 98, 98
2026/07/30 19:25:15.772, 0, NVIDIA GeForce RTX 3080, 5973, 4079, 10240, 98, 98
2026/07/30 19:25:15.884, 0, NVIDIA GeForce RTX 3080, 5973, 4079, 10240, 98, 98
2026/07/30 19:25:15.995, 0, NVIDIA GeForce RTX 3080, 5973, 4079, 10240, 98, 98
2026/07/30 19:25:16.104, 0, NVIDIA GeForce RTX 3080, 5973, 4079, 10240, 98, 98
2026/07/30 19:25:16.213, 0, NVIDIA GeForce RTX 3080, 5973, 4079, 10240, 98, 98
2026/07/30 19:25:16.322, 0, NVIDIA GeForce RTX 3080, 5973, 4079, 10240, 98, 98
2026/07/30 19:25:16.431, 0, NVIDIA GeForce RTX 3080, 5973, 4079, 10240, 98, 98
2026/07/30 19:25:16.540, 0, NVIDIA GeForce RTX 3080, 5973, 4079, 10240, 98, 98
2026/07/30 19:25:16.650, 0, NVIDIA GeForce RTX 3080, 5973, 4079, 10240, 98, 98
2026/07/30 19:25:16.758, 0, NVIDIA GeForce RTX 3080, 5973, 4079, 10240, 96, 98
2026/07/30 19:25:16.869, 0, NVIDIA GeForce RTX 3080, 5973, 4079, 10240, 96, 98
2026/07/30 19:25:16.980, 0, NVIDIA GeForce RTX 3080, 5973, 4079, 10240, 96, 98
2026/07/30 19:25:17.092, 0, NVIDIA GeForce RTX 3080, 5973, 4079, 10240, 96, 98
2026/07/30 19:25:17.202, 0, NVIDIA GeForce RTX 3080, 5973, 4079, 10240, 96, 98
2026/07/30 19:25:17.313, 0, NVIDIA GeForce RTX 3080, 5973, 4079, 10240, 96, 98
2026/07/30 19:25:17.424, 0, NVIDIA GeForce RTX 3080, 5973, 4079, 10240, 96, 98
2026/07/30 19:25:17.535, 0, NVIDIA GeForce RTX 3080, 5973, 4079, 10240, 96, 98
2026/07/30 19:25:17.646, 0, NVIDIA GeForce RTX 3080, 5973, 4079, 10240, 96, 98
2026/07/30 19:25:17.758, 0, NVIDIA GeForce RTX 3080, 5973, 4079, 10240, 95, 98
2026/07/30 19:25:17.868, 0, NVIDIA GeForce RTX 3080, 5973, 4079, 10240, 95, 98
2026/07/30 19:25:17.980, 0, NVIDIA GeForce RTX 3080, 5973, 4079, 10240, 95, 98
2026/07/30 19:25:18.089, 0, NVIDIA GeForce RTX 3080, 5973, 4079, 10240, 95, 98
2026/07/30 19:25:18.198, 0, NVIDIA GeForce RTX 3080, 5973, 4079, 10240, 95, 98
2026/07/30 19:25:18.307, 0, NVIDIA GeForce RTX 3080, 5973, 4079, 10240, 96, 98
2026/07/30 19:25:18.416, 0, NVIDIA GeForce RTX 3080, 5973, 4079, 10240, 96, 98
2026/07/30 19:25:18.524, 0, NVIDIA GeForce RTX 3080, 5973, 4079, 10240, 96, 98
2026/07/30 19:25:18.635, 0, NVIDIA GeForce RTX 3080, 5973, 4079, 10240, 96, 98
2026/07/30 19:25:18.747, 0, NVIDIA GeForce RTX 3080, 5973, 4079, 10240, 96, 97
2026/07/30 19:25:18.859, 0, NVIDIA GeForce RTX 3080, 5973, 4079, 10240, 96, 97
2026/07/30 19:25:18.970, 0, NVIDIA GeForce RTX 3080, 5973, 4079, 10240, 96, 97
2026/07/30 19:25:19.082, 0, NVIDIA GeForce RTX 3080, 5973, 4079, 10240, 96, 97
2026/07/30 19:25:19.194, 0, NVIDIA GeForce RTX 3080, 5973, 4079, 10240, 96, 97
2026/07/30 19:25:19.306, 0, NVIDIA GeForce RTX 3080, 5973, 4079, 10240, 97, 98
2026/07/30 19:25:19.417, 0, NVIDIA GeForce RTX 3080, 5973, 4079, 10240, 97, 98
2026/07/30 19:25:19.528, 0, NVIDIA GeForce RTX 3080, 5973, 4079, 10240, 97, 98
2026/07/30 19:25:19.639, 0, NVIDIA GeForce RTX 3080, 5973, 4079, 10240, 97, 98
2026/07/30 19:25:19.750, 0, NVIDIA GeForce RTX 3080, 5973, 4079, 10240, 97, 97
2026/07/30 19:25:19.861, 0, NVIDIA GeForce RTX 3080, 5973, 4079, 10240, 97, 97
2026/07/30 19:25:19.973, 0, NVIDIA GeForce RTX 3080, 5973, 4079, 10240, 97, 97
2026/07/30 19:25:20.085, 0, NVIDIA GeForce RTX 3080, 5973, 4079, 10240, 97, 97
2026/07/30 19:25:20.196, 0, NVIDIA GeForce RTX 3080, 5973, 4079, 10240, 97, 97
2026/07/30 19:25:20.308, 0, NVIDIA GeForce RTX 3080, 5973, 4079, 10240, 96, 97
2026/07/30 19:25:20.420, 0, NVIDIA GeForce RTX 3080, 5973, 4079, 10240, 96, 97
2026/07/30 19:25:20.532, 0, NVIDIA GeForce RTX 3080, 5973, 4079, 10240, 96, 97
2026/07/30 19:25:20.644, 0, NVIDIA GeForce RTX 3080, 5973, 4079, 10240, 96, 97
2026/07/30 19:25:20.756, 0, NVIDIA GeForce RTX 3080, 5973, 4079, 10240, 95, 98
2026/07/30 19:25:20.868, 0, NVIDIA GeForce RTX 3080, 5973, 4079, 10240, 95, 98
2026/07/30 19:25:20.980, 0, NVIDIA GeForce RTX 3080, 5973, 4079, 10240, 95, 98
2026/07/30 19:25:21.093, 0, NVIDIA GeForce RTX 3080, 5973, 4079, 10240, 95, 98
2026/07/30 19:25:21.204, 0, NVIDIA GeForce RTX 3080, 5973, 4079, 10240, 95, 98
2026/07/30 19:25:21.316, 0, NVIDIA GeForce RTX 3080, 5973, 4079, 10240, 96, 98
2026/07/30 19:25:21.428, 0, NVIDIA GeForce RTX 3080, 5973, 4079, 10240, 96, 98
2026/07/30 19:25:21.540, 0, NVIDIA GeForce RTX 3080, 5973, 4079, 10240, 96, 98
2026/07/30 19:25:21.652, 0, NVIDIA GeForce RTX 3080, 5973, 4079, 10240, 96, 98
2026/07/30 19:25:21.764, 0, NVIDIA GeForce RTX 3080, 5973, 4079, 10240, 96, 98
2026/07/30 19:25:21.876, 0, NVIDIA GeForce RTX 3080, 5973, 4079, 10240, 96, 98
2026/07/30 19:25:21.988, 0, NVIDIA GeForce RTX 3080, 5973, 4079, 10240, 96, 98
2026/07/30 19:25:22.100, 0, NVIDIA GeForce RTX 3080, 5973, 4079, 10240, 96, 98
2026/07/30 19:25:22.212, 0, NVIDIA GeForce RTX 3080, 5973, 4079, 10240, 96, 98
2026/07/30 19:25:22.324, 0, NVIDIA GeForce RTX 3080, 5973, 4079, 10240, 96, 98
2026/07/30 19:25:22.436, 0, NVIDIA GeForce RTX 3080, 5973, 4079, 10240, 96, 98
2026/07/30 19:25:22.548, 0, NVIDIA GeForce RTX 3080, 5973, 4079, 10240, 96, 98
2026/07/30 19:25:22.660, 0, NVIDIA GeForce RTX 3080, 5973, 4079, 10240, 96, 98
2026/07/30 19:25:22.772, 0, NVIDIA GeForce RTX 3080, 5973, 4079, 10240, 97, 98
2026/07/30 19:25:22.884, 0, NVIDIA GeForce RTX 3080, 5973, 4079, 10240, 97, 98
2026/07/30 19:25:22.995, 0, NVIDIA GeForce RTX 3080, 5973, 4079, 10240, 97, 98
2026/07/30 19:25:23.105, 0, NVIDIA GeForce RTX 3080, 5973, 4079, 10240, 97, 98
2026/07/30 19:25:23.214, 0, NVIDIA GeForce RTX 3080, 5973, 4079, 10240, 97, 98
2026/07/30 19:25:23.321, 0, NVIDIA GeForce RTX 3080, 5973, 4079, 10240, 97, 98
2026/07/30 19:25:23.431, 0, NVIDIA GeForce RTX 3080, 5973, 4079, 10240, 97, 98
2026/07/30 19:25:23.541, 0, NVIDIA GeForce RTX 3080, 5973, 4079, 10240, 97, 98
2026/07/30 19:25:23.652, 0, NVIDIA GeForce RTX 3080, 5973, 4079, 10240, 97, 98
2026/07/30 19:25:23.764, 0, NVIDIA GeForce RTX 3080, 5973, 4079, 10240, 97, 98
2026/07/30 19:25:23.876, 0, NVIDIA GeForce RTX 3080, 5973, 4079, 10240, 97, 98
2026/07/30 19:25:23.988, 0, NVIDIA GeForce RTX 3080, 5973, 4079, 10240, 97, 98
2026/07/30 19:25:24.101, 0, NVIDIA GeForce RTX 3080, 5973, 4079, 10240, 97, 98
2026/07/30 19:25:24.213, 0, NVIDIA GeForce RTX 3080, 5973, 4079, 10240, 97, 98
2026/07/30 19:25:24.323, 0, NVIDIA GeForce RTX 3080, 5973, 4079, 10240, 97, 98
2026/07/30 19:25:24.435, 0, NVIDIA GeForce RTX 3080, 5973, 4079, 10240, 97, 98
2026/07/30 19:25:24.546, 0, NVIDIA GeForce RTX 3080, 5973, 4079, 10240, 97, 98
2026/07/30 19:25:24.657, 0, NVIDIA GeForce RTX 3080, 5973, 4079, 10240, 97, 98
2026/07/30 19:25:24.769, 0, NVIDIA GeForce RTX 3080, 5973, 4079, 10240, 98, 98
2026/07/30 19:25:24.880, 0, NVIDIA GeForce RTX 3080, 5973, 4079, 10240, 98, 98
2026/07/30 19:25:24.991, 0, NVIDIA GeForce RTX 3080, 5973, 4079, 10240, 98, 98
2026/07/30 19:25:25.101, 0, NVIDIA GeForce RTX 3080, 5973, 4079, 10240, 98, 98
2026/07/30 19:25:25.212, 0, NVIDIA GeForce RTX 3080, 5973, 4079, 10240, 97, 97
2026/07/30 19:25:25.323, 0, NVIDIA GeForce RTX 3080, 5973, 4079, 10240, 97, 97
2026/07/30 19:25:25.434, 0, NVIDIA GeForce RTX 3080, 5973, 4079, 10240, 97, 97
2026/07/30 19:25:25.544, 0, NVIDIA GeForce RTX 3080, 5973, 4079, 10240, 97, 97
2026/07/30 19:25:25.655, 0, NVIDIA GeForce RTX 3080, 5973, 4079, 10240, 97, 97
2026/07/30 19:25:25.766, 0, NVIDIA GeForce RTX 3080, 5973, 4079, 10240, 98, 98
2026/07/30 19:25:25.878, 0, NVIDIA GeForce RTX 3080, 5973, 4079, 10240, 98, 98
2026/07/30 19:25:25.990, 0, NVIDIA GeForce RTX 3080, 5973, 4079, 10240, 98, 98
2026/07/30 19:25:26.102, 0, NVIDIA GeForce RTX 3080, 5973, 4079, 10240, 98, 98
2026/07/30 19:25:26.213, 0, NVIDIA GeForce RTX 3080, 5973, 4079, 10240, 98, 98
2026/07/30 19:25:26.325, 0, NVIDIA GeForce RTX 3080, 5973, 4079, 10240, 98, 98
2026/07/30 19:25:26.437, 0, NVIDIA GeForce RTX 3080, 5973, 4079, 10240, 98, 98
2026/07/30 19:25:26.549, 0, NVIDIA GeForce RTX 3080, 5973, 4079, 10240, 98, 98
2026/07/30 19:25:26.661, 0, NVIDIA GeForce RTX 3080, 5973, 4079, 10240, 98, 98
2026/07/30 19:25:26.773, 0, NVIDIA GeForce RTX 3080, 5973, 4079, 10240, 96, 98
2026/07/30 19:25:26.885, 0, NVIDIA GeForce RTX 3080, 5973, 4079, 10240, 96, 98
2026/07/30 19:25:26.997, 0, NVIDIA GeForce RTX 3080, 5973, 4079, 10240, 96, 98
2026/07/30 19:25:27.109, 0, NVIDIA GeForce RTX 3080, 5973, 4079, 10240, 96, 98
2026/07/30 19:25:27.220, 0, NVIDIA GeForce RTX 3080, 5973, 4079, 10240, 95, 97
2026/07/30 19:25:27.332, 0, NVIDIA GeForce RTX 3080, 5973, 4079, 10240, 95, 97
2026/07/30 19:25:27.444, 0, NVIDIA GeForce RTX 3080, 5973, 4079, 10240, 95, 97
2026/07/30 19:25:27.557, 0, NVIDIA GeForce RTX 3080, 5973, 4079, 10240, 95, 97
2026/07/30 19:25:27.668, 0, NVIDIA GeForce RTX 3080, 5973, 4079, 10240, 95, 97
2026/07/30 19:25:27.780, 0, NVIDIA GeForce RTX 3080, 5973, 4079, 10240, 95, 97
2026/07/30 19:25:27.892, 0, NVIDIA GeForce RTX 3080, 5973, 4079, 10240, 95, 97
2026/07/30 19:25:28.004, 0, NVIDIA GeForce RTX 3080, 5973, 4079, 10240, 95, 97
2026/07/30 19:25:28.116, 0, NVIDIA GeForce RTX 3080, 5973, 4079, 10240, 95, 97
2026/07/30 19:25:28.228, 0, NVIDIA GeForce RTX 3080, 5973, 4079, 10240, 95, 98
2026/07/30 19:25:28.340, 0, NVIDIA GeForce RTX 3080, 5973, 4079, 10240, 95, 98
2026/07/30 19:25:28.451, 0, NVIDIA GeForce RTX 3080, 5973, 4079, 10240, 95, 98
2026/07/30 19:25:28.563, 0, NVIDIA GeForce RTX 3080, 5973, 4079, 10240, 95, 98
2026/07/30 19:25:28.675, 0, NVIDIA GeForce RTX 3080, 5973, 4079, 10240, 95, 98
2026/07/30 19:25:28.787, 0, NVIDIA GeForce RTX 3080, 5973, 4079, 10240, 97, 98
2026/07/30 19:25:28.898, 0, NVIDIA GeForce RTX 3080, 5973, 4079, 10240, 97, 98
2026/07/30 19:25:29.010, 0, NVIDIA GeForce RTX 3080, 5973, 4079, 10240, 97, 98
2026/07/30 19:25:29.122, 0, NVIDIA GeForce RTX 3080, 5973, 4079, 10240, 97, 98
2026/07/30 19:25:29.234, 0, NVIDIA GeForce RTX 3080, 5973, 4079, 10240, 97, 98
2026/07/30 19:25:29.346, 0, NVIDIA GeForce RTX 3080, 5973, 4079, 10240, 97, 98
2026/07/30 19:25:29.457, 0, NVIDIA GeForce RTX 3080, 5973, 4079, 10240, 97, 98
2026/07/30 19:25:29.569, 0, NVIDIA GeForce RTX 3080, 5973, 4079, 10240, 97, 98
2026/07/30 19:25:29.681, 0, NVIDIA GeForce RTX 3080, 5973, 4079, 10240, 97, 98
2026/07/30 19:25:29.793, 0, NVIDIA GeForce RTX 3080, 5973, 4079, 10240, 98, 98
2026/07/30 19:25:29.905, 0, NVIDIA GeForce RTX 3080, 5973, 4079, 10240, 98, 98
2026/07/30 19:25:30.015, 0, NVIDIA GeForce RTX 3080, 5973, 4079, 10240, 98, 98
2026/07/30 19:25:30.125, 0, NVIDIA GeForce RTX 3080, 5973, 4079, 10240, 98, 98
2026/07/30 19:25:30.236, 0, NVIDIA GeForce RTX 3080, 5973, 4079, 10240, 97, 98
2026/07/30 19:25:30.348, 0, NVIDIA GeForce RTX 3080, 5973, 4079, 10240, 97, 98
2026/07/30 19:25:30.460, 0, NVIDIA GeForce RTX 3080, 5973, 4079, 10240, 97, 98
2026/07/30 19:25:30.572, 0, NVIDIA GeForce RTX 3080, 5973, 4079, 10240, 97, 98
2026/07/30 19:25:30.684, 0, NVIDIA GeForce RTX 3080, 5973, 4079, 10240, 97, 98
2026/07/30 19:25:30.796, 0, NVIDIA GeForce RTX 3080, 5973, 4079, 10240, 96, 98
2026/07/30 19:25:30.908, 0, NVIDIA GeForce RTX 3080, 5973, 4079, 10240, 96, 98
2026/07/30 19:25:31.020, 0, NVIDIA GeForce RTX 3080, 5973, 4079, 10240, 96, 98
2026/07/30 19:25:31.132, 0, NVIDIA GeForce RTX 3080, 5973, 4079, 10240, 96, 98
2026/07/30 19:25:31.243, 0, NVIDIA GeForce RTX 3080, 5973, 4079, 10240, 95, 98
2026/07/30 19:25:31.355, 0, NVIDIA GeForce RTX 3080, 5973, 4079, 10240, 95, 98
2026/07/30 19:25:31.466, 0, NVIDIA GeForce RTX 3080, 5973, 4079, 10240, 95, 98
2026/07/30 19:25:31.577, 0, NVIDIA GeForce RTX 3080, 5973, 4079, 10240, 95, 98
2026/07/30 19:25:31.689, 0, NVIDIA GeForce RTX 3080, 5973, 4079, 10240, 95, 98
2026/07/30 19:25:31.801, 0, NVIDIA GeForce RTX 3080, 5973, 4079, 10240, 96, 98
2026/07/30 19:25:31.913, 0, NVIDIA GeForce RTX 3080, 5973, 4079, 10240, 96, 98
2026/07/30 19:25:32.025, 0, NVIDIA GeForce RTX 3080, 5973, 4079, 10240, 96, 98
2026/07/30 19:25:32.137, 0, NVIDIA GeForce RTX 3080, 5973, 4079, 10240, 96, 98
2026/07/30 19:25:32.249, 0, NVIDIA GeForce RTX 3080, 5973, 4079, 10240, 96, 98
2026/07/30 19:25:32.361, 0, NVIDIA GeForce RTX 3080, 5973, 4079, 10240, 96, 98
2026/07/30 19:25:32.473, 0, NVIDIA GeForce RTX 3080, 5973, 4079, 10240, 96, 98
2026/07/30 19:25:32.585, 0, NVIDIA GeForce RTX 3080, 5973, 4079, 10240, 96, 98
2026/07/30 19:25:32.697, 0, NVIDIA GeForce RTX 3080, 5973, 4079, 10240, 96, 98
2026/07/30 19:25:32.809, 0, NVIDIA GeForce RTX 3080, 5973, 4079, 10240, 97, 98
2026/07/30 19:25:32.921, 0, NVIDIA GeForce RTX 3080, 5973, 4079, 10240, 97, 98
2026/07/30 19:25:33.033, 0, NVIDIA GeForce RTX 3080, 5973, 4079, 10240, 97, 98
2026/07/30 19:25:33.145, 0, NVIDIA GeForce RTX 3080, 5973, 4079, 10240, 97, 98
2026/07/30 19:25:33.257, 0, NVIDIA GeForce RTX 3080, 5973, 4079, 10240, 97, 98
2026/07/30 19:25:33.368, 0, NVIDIA GeForce RTX 3080, 5973, 4079, 10240, 97, 98
2026/07/30 19:25:33.479, 0, NVIDIA GeForce RTX 3080, 5973, 4079, 10240, 97, 98
2026/07/30 19:25:33.589, 0, NVIDIA GeForce RTX 3080, 5973, 4079, 10240, 97, 98
2026/07/30 19:25:33.701, 0, NVIDIA GeForce RTX 3080, 5973, 4079, 10240, 97, 98
2026/07/30 19:25:33.812, 0, NVIDIA GeForce RTX 3080, 5973, 4079, 10240, 97, 98
2026/07/30 19:25:33.924, 0, NVIDIA GeForce RTX 3080, 5973, 4079, 10240, 97, 98
2026/07/30 19:25:34.034, 0, NVIDIA GeForce RTX 3080, 5973, 4079, 10240, 97, 98
2026/07/30 19:25:34.146, 0, NVIDIA GeForce RTX 3080, 5973, 4079, 10240, 97, 98
2026/07/30 19:25:34.255, 0, NVIDIA GeForce RTX 3080, 5973, 4079, 10240, 96, 96
2026/07/30 19:25:34.367, 0, NVIDIA GeForce RTX 3080, 5973, 4079, 10240, 96, 96
2026/07/30 19:25:34.479, 0, NVIDIA GeForce RTX 3080, 5973, 4079, 10240, 96, 96
2026/07/30 19:25:34.590, 0, NVIDIA GeForce RTX 3080, 5973, 4079, 10240, 96, 96
2026/07/30 19:25:34.702, 0, NVIDIA GeForce RTX 3080, 5973, 4079, 10240, 96, 96
2026/07/30 19:25:34.814, 0, NVIDIA GeForce RTX 3080, 5973, 4079, 10240, 98, 98
2026/07/30 19:25:34.925, 0, NVIDIA GeForce RTX 3080, 5973, 4079, 10240, 98, 98
2026/07/30 19:25:35.037, 0, NVIDIA GeForce RTX 3080, 5973, 4079, 10240, 98, 98
2026/07/30 19:25:35.149, 0, NVIDIA GeForce RTX 3080, 5973, 4079, 10240, 98, 98
2026/07/30 19:25:35.260, 0, NVIDIA GeForce RTX 3080, 5973, 4079, 10240, 97, 97
2026/07/30 19:25:35.372, 0, NVIDIA GeForce RTX 3080, 5973, 4079, 10240, 97, 97
2026/07/30 19:25:35.484, 0, NVIDIA GeForce RTX 3080, 5973, 4079, 10240, 97, 97
2026/07/30 19:25:35.593, 0, NVIDIA GeForce RTX 3080, 5973, 4079, 10240, 97, 97
2026/07/30 19:25:35.705, 0, NVIDIA GeForce RTX 3080, 5973, 4079, 10240, 97, 97
2026/07/30 19:25:35.817, 0, NVIDIA GeForce RTX 3080, 5973, 4079, 10240, 98, 98
2026/07/30 19:25:35.928, 0, NVIDIA GeForce RTX 3080, 5973, 4079, 10240, 98, 98
2026/07/30 19:25:36.039, 0, NVIDIA GeForce RTX 3080, 5973, 4079, 10240, 98, 98
2026/07/30 19:25:36.149, 0, NVIDIA GeForce RTX 3080, 5973, 4079, 10240, 98, 98
2026/07/30 19:25:36.257, 0, NVIDIA GeForce RTX 3080, 5973, 4079, 10240, 95, 98
2026/07/30 19:25:36.366, 0, NVIDIA GeForce RTX 3080, 5973, 4079, 10240, 95, 98
2026/07/30 19:25:36.476, 0, NVIDIA GeForce RTX 3080, 5973, 4079, 10240, 95, 98
2026/07/30 19:25:36.584, 0, NVIDIA GeForce RTX 3080, 5973, 4079, 10240, 95, 98
2026/07/30 19:25:36.693, 0, NVIDIA GeForce RTX 3080, 5973, 4079, 10240, 95, 98
2026/07/30 19:25:36.803, 0, NVIDIA GeForce RTX 3080, 5973, 4079, 10240, 96, 98
2026/07/30 19:25:36.912, 0, NVIDIA GeForce RTX 3080, 5973, 4079, 10240, 96, 98
2026/07/30 19:25:37.024, 0, NVIDIA GeForce RTX 3080, 5973, 4079, 10240, 96, 98
2026/07/30 19:25:37.136, 0, NVIDIA GeForce RTX 3080, 5973, 4079, 10240, 96, 98
2026/07/30 19:25:37.247, 0, NVIDIA GeForce RTX 3080, 5973, 4079, 10240, 95, 98
2026/07/30 19:25:37.359, 0, NVIDIA GeForce RTX 3080, 5973, 4079, 10240, 95, 98
2026/07/30 19:25:37.471, 0, NVIDIA GeForce RTX 3080, 5973, 4079, 10240, 95, 98
2026/07/30 19:25:37.583, 0, NVIDIA GeForce RTX 3080, 5973, 4079, 10240, 95, 98
2026/07/30 19:25:37.694, 0, NVIDIA GeForce RTX 3080, 5973, 4079, 10240, 95, 98
2026/07/30 19:25:37.806, 0, NVIDIA GeForce RTX 3080, 5973, 4079, 10240, 95, 98
2026/07/30 19:25:37.918, 0, NVIDIA GeForce RTX 3080, 5973, 4079, 10240, 95, 98
2026/07/30 19:25:38.027, 0, NVIDIA GeForce RTX 3080, 5973, 4079, 10240, 95, 98
2026/07/30 19:25:38.137, 0, NVIDIA GeForce RTX 3080, 5973, 4079, 10240, 95, 98
2026/07/30 19:25:38.245, 0, NVIDIA GeForce RTX 3080, 5973, 4079, 10240, 97, 98
2026/07/30 19:25:38.354, 0, NVIDIA GeForce RTX 3080, 5973, 4079, 10240, 97, 98
2026/07/30 19:25:38.463, 0, NVIDIA GeForce RTX 3080, 5973, 4079, 10240, 97, 98
2026/07/30 19:25:38.573, 0, NVIDIA GeForce RTX 3080, 5973, 4079, 10240, 97, 98
2026/07/30 19:25:38.684, 0, NVIDIA GeForce RTX 3080, 5973, 4079, 10240, 97, 98
2026/07/30 19:25:38.796, 0, NVIDIA GeForce RTX 3080, 5973, 4079, 10240, 97, 98
2026/07/30 19:25:38.907, 0, NVIDIA GeForce RTX 3080, 5973, 4079, 10240, 97, 98
2026/07/30 19:25:39.017, 0, NVIDIA GeForce RTX 3080, 5973, 4079, 10240, 97, 98
2026/07/30 19:25:39.128, 0, NVIDIA GeForce RTX 3080, 5973, 4079, 10240, 97, 98
2026/07/30 19:25:39.239, 0, NVIDIA GeForce RTX 3080, 5973, 4079, 10240, 97, 98
2026/07/30 19:25:39.351, 0, NVIDIA GeForce RTX 3080, 5973, 4079, 10240, 97, 98
2026/07/30 19:25:39.462, 0, NVIDIA GeForce RTX 3080, 5973, 4079, 10240, 97, 98
2026/07/30 19:25:39.573, 0, NVIDIA GeForce RTX 3080, 5973, 4079, 10240, 97, 98
2026/07/30 19:25:39.685, 0, NVIDIA GeForce RTX 3080, 5973, 4079, 10240, 97, 98
2026/07/30 19:25:39.796, 0, NVIDIA GeForce RTX 3080, 5973, 4079, 10240, 97, 98
2026/07/30 19:25:39.908, 0, NVIDIA GeForce RTX 3080, 5973, 4079, 10240, 97, 98
2026/07/30 19:25:40.019, 0, NVIDIA GeForce RTX 3080, 5973, 4079, 10240, 97, 98
2026/07/30 19:25:40.130, 0, NVIDIA GeForce RTX 3080, 5973, 4079, 10240, 97, 98
2026/07/30 19:25:40.241, 0, NVIDIA GeForce RTX 3080, 5973, 4079, 10240, 95, 97
2026/07/30 19:25:40.352, 0, NVIDIA GeForce RTX 3080, 5973, 4079, 10240, 95, 97
2026/07/30 19:25:40.464, 0, NVIDIA GeForce RTX 3080, 5973, 4079, 10240, 95, 97
2026/07/30 19:25:40.576, 0, NVIDIA GeForce RTX 3080, 5973, 4079, 10240, 95, 97
2026/07/30 19:25:40.689, 0, NVIDIA GeForce RTX 3080, 5973, 4079, 10240, 95, 97
2026/07/30 19:25:40.801, 0, NVIDIA GeForce RTX 3080, 5973, 4079, 10240, 96, 98
2026/07/30 19:25:40.913, 0, NVIDIA GeForce RTX 3080, 5973, 4079, 10240, 96, 98
2026/07/30 19:25:41.025, 0, NVIDIA GeForce RTX 3080, 5973, 4079, 10240, 96, 98
2026/07/30 19:25:41.136, 0, NVIDIA GeForce RTX 3080, 5973, 4079, 10240, 96, 98
2026/07/30 19:25:41.248, 0, NVIDIA GeForce RTX 3080, 5973, 4079, 10240, 95, 98
2026/07/30 19:25:41.360, 0, NVIDIA GeForce RTX 3080, 5973, 4079, 10240, 95, 98
2026/07/30 19:25:41.471, 0, NVIDIA GeForce RTX 3080, 5973, 4079, 10240, 95, 98
2026/07/30 19:25:41.582, 0, NVIDIA GeForce RTX 3080, 5973, 4079, 10240, 95, 98
2026/07/30 19:25:41.694, 0, NVIDIA GeForce RTX 3080, 5973, 4079, 10240, 95, 98
2026/07/30 19:25:41.806, 0, NVIDIA GeForce RTX 3080, 5973, 4079, 10240, 95, 98
2026/07/30 19:25:41.918, 0, NVIDIA GeForce RTX 3080, 5973, 4079, 10240, 95, 98
2026/07/30 19:25:42.030, 0, NVIDIA GeForce RTX 3080, 5973, 4079, 10240, 95, 98
2026/07/30 19:25:42.141, 0, NVIDIA GeForce RTX 3080, 5973, 4079, 10240, 95, 98
2026/07/30 19:25:42.253, 0, NVIDIA GeForce RTX 3080, 5973, 4079, 10240, 96, 97
2026/07/30 19:25:42.365, 0, NVIDIA GeForce RTX 3080, 5973, 4079, 10240, 96, 97
2026/07/30 19:25:42.475, 0, NVIDIA GeForce RTX 3080, 5973, 4079, 10240, 96, 97
2026/07/30 19:25:42.586, 0, NVIDIA GeForce RTX 3080, 5973, 4079, 10240, 96, 97
2026/07/30 19:25:42.696, 0, NVIDIA GeForce RTX 3080, 5973, 4079, 10240, 96, 97
2026/07/30 19:25:42.808, 0, NVIDIA GeForce RTX 3080, 5973, 4079, 10240, 97, 98
2026/07/30 19:25:42.919, 0, NVIDIA GeForce RTX 3080, 5973, 4079, 10240, 97, 98
2026/07/30 19:25:43.030, 0, NVIDIA GeForce RTX 3080, 5973, 4079, 10240, 97, 98
2026/07/30 19:25:43.139, 0, NVIDIA GeForce RTX 3080, 5973, 4079, 10240, 97, 98
2026/07/30 19:25:43.248, 0, NVIDIA GeForce RTX 3080, 5973, 4079, 10240, 97, 98
2026/07/30 19:25:43.357, 0, NVIDIA GeForce RTX 3080, 5973, 4079, 10240, 97, 98
2026/07/30 19:25:43.467, 0, NVIDIA GeForce RTX 3080, 5973, 4079, 10240, 97, 98
2026/07/30 19:25:43.579, 0, NVIDIA GeForce RTX 3080, 5973, 4079, 10240, 97, 98
2026/07/30 19:25:43.691, 0, NVIDIA GeForce RTX 3080, 5973, 4079, 10240, 97, 98
2026/07/30 19:25:43.803, 0, NVIDIA GeForce RTX 3080, 5973, 4079, 10240, 97, 98
2026/07/30 19:25:43.914, 0, NVIDIA GeForce RTX 3080, 5973, 4079, 10240, 97, 98
2026/07/30 19:25:44.026, 0, NVIDIA GeForce RTX 3080, 5973, 4079, 10240, 97, 98
2026/07/30 19:25:44.138, 0, NVIDIA GeForce RTX 3080, 5973, 4079, 10240, 97, 98
2026/07/30 19:25:44.250, 0, NVIDIA GeForce RTX 3080, 5973, 4079, 10240, 98, 98
2026/07/30 19:25:44.362, 0, NVIDIA GeForce RTX 3080, 5973, 4079, 10240, 98, 98
2026/07/30 19:25:44.474, 0, NVIDIA GeForce RTX 3080, 5973, 4079, 10240, 98, 98
2026/07/30 19:25:44.586, 0, NVIDIA GeForce RTX 3080, 5973, 4079, 10240, 98, 98
2026/07/30 19:25:44.697, 0, NVIDIA GeForce RTX 3080, 5973, 4079, 10240, 98, 98
2026/07/30 19:25:44.809, 0, NVIDIA GeForce RTX 3080, 5973, 4079, 10240, 98, 98
2026/07/30 19:25:44.921, 0, NVIDIA GeForce RTX 3080, 5973, 4079, 10240, 98, 98
2026/07/30 19:25:45.032, 0, NVIDIA GeForce RTX 3080, 5973, 4079, 10240, 98, 98
2026/07/30 19:25:45.141, 0, NVIDIA GeForce RTX 3080, 5973, 4079, 10240, 98, 98
2026/07/30 19:25:45.253, 0, NVIDIA GeForce RTX 3080, 5973, 4079, 10240, 98, 97
2026/07/30 19:25:45.365, 0, NVIDIA GeForce RTX 3080, 5973, 4079, 10240, 98, 97
2026/07/30 19:25:45.476, 0, NVIDIA GeForce RTX 3080, 5973, 4079, 10240, 98, 97
2026/07/30 19:25:45.587, 0, NVIDIA GeForce RTX 3080, 5973, 4079, 10240, 98, 97
2026/07/30 19:25:45.699, 0, NVIDIA GeForce RTX 3080, 5973, 4079, 10240, 98, 97
2026/07/30 19:25:45.811, 0, NVIDIA GeForce RTX 3080, 5973, 4079, 10240, 98, 98
2026/07/30 19:25:45.923, 0, NVIDIA GeForce RTX 3080, 5973, 4079, 10240, 98, 98
2026/07/30 19:25:46.035, 0, NVIDIA GeForce RTX 3080, 5973, 4079, 10240, 98, 98
2026/07/30 19:25:46.147, 0, NVIDIA GeForce RTX 3080, 5973, 4079, 10240, 98, 98
2026/07/30 19:25:46.259, 0, NVIDIA GeForce RTX 3080, 5973, 4079, 10240, 96, 98
2026/07/30 19:25:46.371, 0, NVIDIA GeForce RTX 3080, 5973, 4079, 10240, 96, 98
2026/07/30 19:25:46.482, 0, NVIDIA GeForce RTX 3080, 5973, 4079, 10240, 96, 98
2026/07/30 19:25:46.593, 0, NVIDIA GeForce RTX 3080, 5973, 4079, 10240, 96, 98
2026/07/30 19:25:46.704, 0, NVIDIA GeForce RTX 3080, 5973, 4079, 10240, 96, 98
2026/07/30 19:25:46.816, 0, NVIDIA GeForce RTX 3080, 5973, 4079, 10240, 96, 98
2026/07/30 19:25:46.928, 0, NVIDIA GeForce RTX 3080, 5973, 4079, 10240, 96, 98
2026/07/30 19:25:47.039, 0, NVIDIA GeForce RTX 3080, 5973, 4079, 10240, 96, 98
2026/07/30 19:25:47.152, 0, NVIDIA GeForce RTX 3080, 5973, 4079, 10240, 96, 98
2026/07/30 19:25:47.263, 0, NVIDIA GeForce RTX 3080, 5973, 4079, 10240, 96, 98
2026/07/30 19:25:47.374, 0, NVIDIA GeForce RTX 3080, 5973, 4079, 10240, 96, 98
2026/07/30 19:25:47.486, 0, NVIDIA GeForce RTX 3080, 5973, 4079, 10240, 96, 98
2026/07/30 19:25:47.598, 0, NVIDIA GeForce RTX 3080, 5973, 4079, 10240, 96, 98
2026/07/30 19:25:47.710, 0, NVIDIA GeForce RTX 3080, 5973, 4079, 10240, 93, 95
2026/07/30 19:25:47.822, 0, NVIDIA GeForce RTX 3080, 5973, 4079, 10240, 93, 95
2026/07/30 19:25:47.933, 0, NVIDIA GeForce RTX 3080, 5973, 4079, 10240, 93, 95
2026/07/30 19:25:48.045, 0, NVIDIA GeForce RTX 3080, 5973, 4079, 10240, 93, 95
2026/07/30 19:25:48.157, 0, NVIDIA GeForce RTX 3080, 5973, 4079, 10240, 93, 95
2026/07/30 19:25:48.269, 0, NVIDIA GeForce RTX 3080, 5973, 4079, 10240, 97, 98
2026/07/30 19:25:48.380, 0, NVIDIA GeForce RTX 3080, 5973, 4079, 10240, 97, 98
2026/07/30 19:25:48.491, 0, NVIDIA GeForce RTX 3080, 5973, 4079, 10240, 97, 98
2026/07/30 19:25:48.602, 0, NVIDIA GeForce RTX 3080, 5973, 4079, 10240, 97, 98
2026/07/30 19:25:48.714, 0, NVIDIA GeForce RTX 3080, 5973, 4079, 10240, 97, 98
2026/07/30 19:25:48.826, 0, NVIDIA GeForce RTX 3080, 5973, 4079, 10240, 97, 98
2026/07/30 19:25:48.938, 0, NVIDIA GeForce RTX 3080, 5973, 4079, 10240, 97, 98
2026/07/30 19:25:49.050, 0, NVIDIA GeForce RTX 3080, 5973, 4079, 10240, 97, 98
2026/07/30 19:25:49.162, 0, NVIDIA GeForce RTX 3080, 5973, 4079, 10240, 97, 98
2026/07/30 19:25:49.274, 0, NVIDIA GeForce RTX 3080, 5973, 4079, 10240, 96, 96
2026/07/30 19:25:49.386, 0, NVIDIA GeForce RTX 3080, 5973, 4079, 10240, 96, 96
2026/07/30 19:25:49.498, 0, NVIDIA GeForce RTX 3080, 5973, 4079, 10240, 96, 96
2026/07/30 19:25:49.610, 0, NVIDIA GeForce RTX 3080, 5973, 4079, 10240, 96, 96
2026/07/30 19:25:49.722, 0, NVIDIA GeForce RTX 3080, 5973, 4079, 10240, 95, 96
2026/07/30 19:25:49.834, 0, NVIDIA GeForce RTX 3080, 5973, 4079, 10240, 95, 96
2026/07/30 19:25:49.946, 0, NVIDIA GeForce RTX 3080, 5973, 4079, 10240, 95, 96
2026/07/30 19:25:50.055, 0, NVIDIA GeForce RTX 3080, 5973, 4079, 10240, 95, 96
2026/07/30 19:25:50.167, 0, NVIDIA GeForce RTX 3080, 5973, 4079, 10240, 95, 96
2026/07/30 19:25:50.279, 0, NVIDIA GeForce RTX 3080, 5973, 4079, 10240, 96, 98
2026/07/30 19:25:50.391, 0, NVIDIA GeForce RTX 3080, 5973, 4079, 10240, 96, 98
2026/07/30 19:25:50.503, 0, NVIDIA GeForce RTX 3080, 5973, 4079, 10240, 96, 98
2026/07/30 19:25:50.615, 0, NVIDIA GeForce RTX 3080, 5973, 4079, 10240, 96, 98
2026/07/30 19:25:50.727, 0, NVIDIA GeForce RTX 3080, 5973, 4079, 10240, 96, 98
2026/07/30 19:25:50.839, 0, NVIDIA GeForce RTX 3080, 5973, 4079, 10240, 96, 98
2026/07/30 19:25:50.951, 0, NVIDIA GeForce RTX 3080, 5973, 4079, 10240, 96, 98
2026/07/30 19:25:51.062, 0, NVIDIA GeForce RTX 3080, 5973, 4079, 10240, 96, 98
2026/07/30 19:25:51.173, 0, NVIDIA GeForce RTX 3080, 5973, 4079, 10240, 96, 98
2026/07/30 19:25:51.285, 0, NVIDIA GeForce RTX 3080, 5973, 4079, 10240, 95, 98
2026/07/30 19:25:51.396, 0, NVIDIA GeForce RTX 3080, 5973, 4079, 10240, 95, 98
2026/07/30 19:25:51.508, 0, NVIDIA GeForce RTX 3080, 5973, 4079, 10240, 95, 98
2026/07/30 19:25:51.619, 0, NVIDIA GeForce RTX 3080, 5973, 4079, 10240, 95, 98
2026/07/30 19:25:51.730, 0, NVIDIA GeForce RTX 3080, 5973, 4079, 10240, 96, 98
2026/07/30 19:25:51.841, 0, NVIDIA GeForce RTX 3080, 5973, 4079, 10240, 96, 98
2026/07/30 19:25:51.951, 0, NVIDIA GeForce RTX 3080, 5973, 4079, 10240, 96, 98
2026/07/30 19:25:52.063, 0, NVIDIA GeForce RTX 3080, 5973, 4079, 10240, 96, 98
2026/07/30 19:25:52.175, 0, NVIDIA GeForce RTX 3080, 5973, 4079, 10240, 96, 98
2026/07/30 19:25:52.286, 0, NVIDIA GeForce RTX 3080, 5973, 4079, 10240, 97, 98
2026/07/30 19:25:52.398, 0, NVIDIA GeForce RTX 3080, 5973, 4079, 10240, 97, 98
2026/07/30 19:25:52.510, 0, NVIDIA GeForce RTX 3080, 5973, 4079, 10240, 97, 98
2026/07/30 19:25:52.622, 0, NVIDIA GeForce RTX 3080, 5973, 4079, 10240, 97, 98
2026/07/30 19:25:52.734, 0, NVIDIA GeForce RTX 3080, 5973, 4079, 10240, 97, 97
2026/07/30 19:25:52.846, 0, NVIDIA GeForce RTX 3080, 5973, 4079, 10240, 97, 97
2026/07/30 19:25:52.957, 0, NVIDIA GeForce RTX 3080, 5973, 4079, 10240, 97, 97
2026/07/30 19:25:53.069, 0, NVIDIA GeForce RTX 3080, 5973, 4079, 10240, 97, 97
2026/07/30 19:25:53.181, 0, NVIDIA GeForce RTX 3080, 5973, 4079, 10240, 97, 97
2026/07/30 19:25:53.292, 0, NVIDIA GeForce RTX 3080, 5973, 4079, 10240, 97, 98
2026/07/30 19:25:53.403, 0, NVIDIA GeForce RTX 3080, 5973, 4079, 10240, 97, 98
2026/07/30 19:25:53.515, 0, NVIDIA GeForce RTX 3080, 5973, 4079, 10240, 97, 98
2026/07/30 19:25:53.626, 0, NVIDIA GeForce RTX 3080, 5973, 4079, 10240, 97, 98
2026/07/30 19:25:53.738, 0, NVIDIA GeForce RTX 3080, 5973, 4079, 10240, 98, 98
2026/07/30 19:25:53.849, 0, NVIDIA GeForce RTX 3080, 5973, 4079, 10240, 98, 98
2026/07/30 19:25:53.961, 0, NVIDIA GeForce RTX 3080, 5973, 4079, 10240, 98, 98
2026/07/30 19:25:54.073, 0, NVIDIA GeForce RTX 3080, 5973, 4079, 10240, 98, 98
2026/07/30 19:25:54.185, 0, NVIDIA GeForce RTX 3080, 5973, 4079, 10240, 98, 98
2026/07/30 19:25:54.296, 0, NVIDIA GeForce RTX 3080, 5973, 4079, 10240, 97, 97
2026/07/30 19:25:54.407, 0, NVIDIA GeForce RTX 3080, 5973, 4079, 10240, 97, 97
2026/07/30 19:25:54.519, 0, NVIDIA GeForce RTX 3080, 5973, 4079, 10240, 97, 97
2026/07/30 19:25:54.632, 0, NVIDIA GeForce RTX 3080, 5973, 4079, 10240, 97, 97
2026/07/30 19:25:54.744, 0, NVIDIA GeForce RTX 3080, 5973, 4079, 10240, 97, 97
2026/07/30 19:25:54.856, 0, NVIDIA GeForce RTX 3080, 5973, 4079, 10240, 97, 97
2026/07/30 19:25:54.968, 0, NVIDIA GeForce RTX 3080, 5973, 4079, 10240, 97, 97
2026/07/30 19:25:55.079, 0, NVIDIA GeForce RTX 3080, 5973, 4079, 10240, 97, 97
2026/07/30 19:25:55.191, 0, NVIDIA GeForce RTX 3080, 5973, 4079, 10240, 97, 97
2026/07/30 19:25:55.302, 0, NVIDIA GeForce RTX 3080, 5973, 4079, 10240, 98, 98
2026/07/30 19:25:55.414, 0, NVIDIA GeForce RTX 3080, 5973, 4079, 10240, 98, 98
2026/07/30 19:25:55.526, 0, NVIDIA GeForce RTX 3080, 5973, 4079, 10240, 98, 98
2026/07/30 19:25:55.638, 0, NVIDIA GeForce RTX 3080, 5973, 4079, 10240, 98, 98
2026/07/30 19:25:55.750, 0, NVIDIA GeForce RTX 3080, 5973, 4079, 10240, 96, 98
2026/07/30 19:25:55.862, 0, NVIDIA GeForce RTX 3080, 5973, 4079, 10240, 96, 98
2026/07/30 19:25:55.974, 0, NVIDIA GeForce RTX 3080, 5973, 4079, 10240, 96, 98
2026/07/30 19:25:56.084, 0, NVIDIA GeForce RTX 3080, 5973, 4079, 10240, 96, 98
2026/07/30 19:25:56.194, 0, NVIDIA GeForce RTX 3080, 5973, 4079, 10240, 96, 98
2026/07/30 19:25:56.304, 0, NVIDIA GeForce RTX 3080, 5973, 4079, 10240, 96, 98
2026/07/30 19:25:56.411, 0, NVIDIA GeForce RTX 3080, 5973, 4079, 10240, 96, 98
2026/07/30 19:25:56.521, 0, NVIDIA GeForce RTX 3080, 5973, 4079, 10240, 96, 98
2026/07/30 19:25:56.630, 0, NVIDIA GeForce RTX 3080, 5973, 4079, 10240, 96, 98
2026/07/30 19:25:56.740, 0, NVIDIA GeForce RTX 3080, 5973, 4079, 10240, 95, 97
2026/07/30 19:25:56.852, 0, NVIDIA GeForce RTX 3080, 5973, 4079, 10240, 95, 97
2026/07/30 19:25:56.964, 0, NVIDIA GeForce RTX 3080, 5973, 4079, 10240, 95, 97
2026/07/30 19:25:57.075, 0, NVIDIA GeForce RTX 3080, 5973, 4079, 10240, 95, 97
2026/07/30 19:25:57.186, 0, NVIDIA GeForce RTX 3080, 5973, 4079, 10240, 95, 97
2026/07/30 19:25:57.297, 0, NVIDIA GeForce RTX 3080, 5973, 4079, 10240, 95, 97
2026/07/30 19:25:57.409, 0, NVIDIA GeForce RTX 3080, 5973, 4079, 10240, 95, 97
2026/07/30 19:25:57.521, 0, NVIDIA GeForce RTX 3080, 5973, 4079, 10240, 95, 97
2026/07/30 19:25:57.633, 0, NVIDIA GeForce RTX 3080, 5973, 4079, 10240, 95, 97
2026/07/30 19:25:57.745, 0, NVIDIA GeForce RTX 3080, 5973, 4079, 10240, 97, 98
2026/07/30 19:25:57.857, 0, NVIDIA GeForce RTX 3080, 5973, 4079, 10240, 97, 98
2026/07/30 19:25:57.969, 0, NVIDIA GeForce RTX 3080, 5973, 4079, 10240, 97, 98
2026/07/30 19:25:58.080, 0, NVIDIA GeForce RTX 3080, 5973, 4079, 10240, 97, 98
2026/07/30 19:25:58.188, 0, NVIDIA GeForce RTX 3080, 5973, 4079, 10240, 97, 98
2026/07/30 19:25:58.298, 0, NVIDIA GeForce RTX 3080, 5973, 4079, 10240, 98, 98
2026/07/30 19:25:58.408, 0, NVIDIA GeForce RTX 3080, 5973, 4079, 10240, 98, 98
2026/07/30 19:25:58.519, 0, NVIDIA GeForce RTX 3080, 5973, 4079, 10240, 98, 98
2026/07/30 19:25:58.630, 0, NVIDIA GeForce RTX 3080, 5973, 4079, 10240, 98, 98
2026/07/30 19:25:58.742, 0, NVIDIA GeForce RTX 3080, 5973, 4079, 10240, 97, 98
2026/07/30 19:25:58.854, 0, NVIDIA GeForce RTX 3080, 5973, 4079, 10240, 97, 98
2026/07/30 19:25:58.966, 0, NVIDIA GeForce RTX 3080, 5973, 4079, 10240, 97, 98
2026/07/30 19:25:59.078, 0, NVIDIA GeForce RTX 3080, 5973, 4079, 10240, 97, 98
2026/07/30 19:25:59.190, 0, NVIDIA GeForce RTX 3080, 5973, 4079, 10240, 97, 98
2026/07/30 19:25:59.302, 0, NVIDIA GeForce RTX 3080, 5973, 4079, 10240, 97, 98
2026/07/30 19:25:59.414, 0, NVIDIA GeForce RTX 3080, 5973, 4079, 10240, 97, 98
2026/07/30 19:25:59.526, 0, NVIDIA GeForce RTX 3080, 5973, 4079, 10240, 97, 98
2026/07/30 19:25:59.638, 0, NVIDIA GeForce RTX 3080, 5973, 4079, 10240, 97, 98
2026/07/30 19:25:59.750, 0, NVIDIA GeForce RTX 3080, 5973, 4079, 10240, 96, 98
2026/07/30 19:25:59.862, 0, NVIDIA GeForce RTX 3080, 5973, 4079, 10240, 96, 98
2026/07/30 19:25:59.974, 0, NVIDIA GeForce RTX 3080, 5973, 4079, 10240, 96, 98
2026/07/30 19:26:00.086, 0, NVIDIA GeForce RTX 3080, 5973, 4079, 10240, 96, 98
2026/07/30 19:26:00.198, 0, NVIDIA GeForce RTX 3080, 5973, 4079, 10240, 96, 98
2026/07/30 19:26:00.310, 0, NVIDIA GeForce RTX 3080, 5973, 4079, 10240, 94, 96
2026/07/30 19:26:00.422, 0, NVIDIA GeForce RTX 3080, 5973, 4079, 10240, 94, 96
2026/07/30 19:26:00.534, 0, NVIDIA GeForce RTX 3080, 5973, 4079, 10240, 94, 96
2026/07/30 19:26:00.647, 0, NVIDIA GeForce RTX 3080, 5973, 4079, 10240, 94, 96
2026/07/30 19:26:00.759, 0, NVIDIA GeForce RTX 3080, 5973, 4079, 10240, 96, 98
2026/07/30 19:26:00.871, 0, NVIDIA GeForce RTX 3080, 5973, 4079, 10240, 96, 98
2026/07/30 19:26:00.983, 0, NVIDIA GeForce RTX 3080, 5973, 4079, 10240, 96, 98
2026/07/30 19:26:01.095, 0, NVIDIA GeForce RTX 3080, 5973, 4079, 10240, 96, 98
2026/07/30 19:26:01.207, 0, NVIDIA GeForce RTX 3080, 5973, 4079, 10240, 96, 98
2026/07/30 19:26:01.319, 0, NVIDIA GeForce RTX 3080, 5973, 4079, 10240, 96, 98
2026/07/30 19:26:01.430, 0, NVIDIA GeForce RTX 3080, 5973, 4079, 10240, 96, 98
2026/07/30 19:26:01.542, 0, NVIDIA GeForce RTX 3080, 5973, 4079, 10240, 96, 98
2026/07/30 19:26:01.654, 0, NVIDIA GeForce RTX 3080, 5973, 4079, 10240, 96, 98
2026/07/30 19:26:01.765, 0, NVIDIA GeForce RTX 3080, 5973, 4079, 10240, 96, 96
2026/07/30 19:26:01.876, 0, NVIDIA GeForce RTX 3080, 5973, 4079, 10240, 96, 96
2026/07/30 19:26:01.987, 0, NVIDIA GeForce RTX 3080, 5973, 4079, 10240, 96, 96
2026/07/30 19:26:02.098, 0, NVIDIA GeForce RTX 3080, 5973, 4079, 10240, 96, 96
2026/07/30 19:26:02.209, 0, NVIDIA GeForce RTX 3080, 5973, 4079, 10240, 96, 96
2026/07/30 19:26:02.321, 0, NVIDIA GeForce RTX 3080, 5973, 4079, 10240, 97, 98
2026/07/30 19:26:02.432, 0, NVIDIA GeForce RTX 3080, 5973, 4079, 10240, 97, 98
2026/07/30 19:26:02.543, 0, NVIDIA GeForce RTX 3080, 5973, 4079, 10240, 97, 98
2026/07/30 19:26:02.655, 0, NVIDIA GeForce RTX 3080, 5973, 4079, 10240, 97, 98
2026/07/30 19:26:02.767, 0, NVIDIA GeForce RTX 3080, 5973, 4079, 10240, 97, 98
2026/07/30 19:26:02.879, 0, NVIDIA GeForce RTX 3080, 5973, 4079, 10240, 97, 98
2026/07/30 19:26:02.991, 0, NVIDIA GeForce RTX 3080, 5973, 4079, 10240, 97, 98
2026/07/30 19:26:03.101, 0, NVIDIA GeForce RTX 3080, 5973, 4079, 10240, 97, 98
2026/07/30 19:26:03.211, 0, NVIDIA GeForce RTX 3080, 5973, 4079, 10240, 97, 98
2026/07/30 19:26:03.319, 0, NVIDIA GeForce RTX 3080, 5973, 4079, 10240, 97, 98
2026/07/30 19:26:03.428, 0, NVIDIA GeForce RTX 3080, 5973, 4079, 10240, 97, 98
2026/07/30 19:26:03.540, 0, NVIDIA GeForce RTX 3080, 5973, 4079, 10240, 97, 98
2026/07/30 19:26:03.652, 0, NVIDIA GeForce RTX 3080, 5973, 4079, 10240, 97, 98
2026/07/30 19:26:03.762, 0, NVIDIA GeForce RTX 3080, 5973, 4079, 10240, 98, 98
2026/07/30 19:26:03.873, 0, NVIDIA GeForce RTX 3080, 5973, 4079, 10240, 98, 98
2026/07/30 19:26:03.985, 0, NVIDIA GeForce RTX 3080, 5973, 4079, 10240, 98, 98
2026/07/30 19:26:04.097, 0, NVIDIA GeForce RTX 3080, 5973, 4079, 10240, 98, 98
2026/07/30 19:26:04.209, 0, NVIDIA GeForce RTX 3080, 5973, 4079, 10240, 98, 98
2026/07/30 19:26:04.321, 0, NVIDIA GeForce RTX 3080, 5973, 4079, 10240, 98, 98
2026/07/30 19:26:04.433, 0, NVIDIA GeForce RTX 3080, 5973, 4079, 10240, 98, 98
2026/07/30 19:26:04.545, 0, NVIDIA GeForce RTX 3080, 5973, 4079, 10240, 98, 98
2026/07/30 19:26:04.657, 0, NVIDIA GeForce RTX 3080, 5973, 4079, 10240, 98, 98
2026/07/30 19:26:04.769, 0, NVIDIA GeForce RTX 3080, 5973, 4079, 10240, 97, 98
2026/07/30 19:26:04.881, 0, NVIDIA GeForce RTX 3080, 5973, 4079, 10240, 97, 98
2026/07/30 19:26:04.993, 0, NVIDIA GeForce RTX 3080, 5973, 4079, 10240, 97, 98
2026/07/30 19:26:05.104, 0, NVIDIA GeForce RTX 3080, 5973, 4079, 10240, 97, 98
2026/07/30 19:26:05.216, 0, NVIDIA GeForce RTX 3080, 5973, 4079, 10240, 97, 97
2026/07/30 19:26:05.327, 0, NVIDIA GeForce RTX 3080, 5973, 4079, 10240, 97, 97
2026/07/30 19:26:05.440, 0, NVIDIA GeForce RTX 3080, 5973, 4079, 10240, 97, 97
2026/07/30 19:26:05.552, 0, NVIDIA GeForce RTX 3080, 5973, 4079, 10240, 97, 97
2026/07/30 19:26:05.664, 0, NVIDIA GeForce RTX 3080, 5973, 4079, 10240, 97, 97
2026/07/30 19:26:05.776, 0, NVIDIA GeForce RTX 3080, 5973, 4079, 10240, 96, 98
2026/07/30 19:26:05.888, 0, NVIDIA GeForce RTX 3080, 5973, 4079, 10240, 96, 98
2026/07/30 19:26:06.000, 0, NVIDIA GeForce RTX 3080, 5973, 4079, 10240, 96, 98
2026/07/30 19:26:06.112, 0, NVIDIA GeForce RTX 3080, 5973, 4079, 10240, 96, 98
2026/07/30 19:26:06.224, 0, NVIDIA GeForce RTX 3080, 5973, 4079, 10240, 96, 98
2026/07/30 19:26:06.336, 0, NVIDIA GeForce RTX 3080, 5973, 4079, 10240, 96, 98
2026/07/30 19:26:06.448, 0, NVIDIA GeForce RTX 3080, 5973, 4079, 10240, 96, 98
2026/07/30 19:26:06.560, 0, NVIDIA GeForce RTX 3080, 5973, 4079, 10240, 96, 98
2026/07/30 19:26:06.672, 0, NVIDIA GeForce RTX 3080, 5973, 4079, 10240, 96, 98
2026/07/30 19:26:06.784, 0, NVIDIA GeForce RTX 3080, 5973, 4079, 10240, 96, 98
2026/07/30 19:26:06.896, 0, NVIDIA GeForce RTX 3080, 5973, 4079, 10240, 96, 98
2026/07/30 19:26:07.007, 0, NVIDIA GeForce RTX 3080, 5973, 4079, 10240, 96, 98
2026/07/30 19:26:07.119, 0, NVIDIA GeForce RTX 3080, 5973, 4079, 10240, 96, 98
2026/07/30 19:26:07.229, 0, NVIDIA GeForce RTX 3080, 5973, 4079, 10240, 94, 96
2026/07/30 19:26:07.341, 0, NVIDIA GeForce RTX 3080, 5973, 4079, 10240, 94, 96
2026/07/30 19:26:07.453, 0, NVIDIA GeForce RTX 3080, 5973, 4079, 10240, 94, 96
2026/07/30 19:26:07.565, 0, NVIDIA GeForce RTX 3080, 5973, 4079, 10240, 94, 96
2026/07/30 19:26:07.677, 0, NVIDIA GeForce RTX 3080, 5973, 4079, 10240, 94, 96
2026/07/30 19:26:07.789, 0, NVIDIA GeForce RTX 3080, 5973, 4079, 10240, 97, 98
2026/07/30 19:26:07.901, 0, NVIDIA GeForce RTX 3080, 5973, 4079, 10240, 97, 98
2026/07/30 19:26:08.012, 0, NVIDIA GeForce RTX 3080, 5973, 4079, 10240, 97, 98
2026/07/30 19:26:08.124, 0, NVIDIA GeForce RTX 3080, 5973, 4079, 10240, 97, 98
2026/07/30 19:26:08.234, 0, NVIDIA GeForce RTX 3080, 5973, 4079, 10240, 97, 98
2026/07/30 19:26:08.346, 0, NVIDIA GeForce RTX 3080, 5973, 4079, 10240, 97, 98
2026/07/30 19:26:08.457, 0, NVIDIA GeForce RTX 3080, 5973, 4079, 10240, 97, 98
2026/07/30 19:26:08.568, 0, NVIDIA GeForce RTX 3080, 5973, 4079, 10240, 97, 98
2026/07/30 19:26:08.680, 0, NVIDIA GeForce RTX 3080, 5973, 4079, 10240, 97, 98
2026/07/30 19:26:08.792, 0, NVIDIA GeForce RTX 3080, 5973, 4079, 10240, 97, 98
2026/07/30 19:26:08.904, 0, NVIDIA GeForce RTX 3080, 5973, 4079, 10240, 97, 98
2026/07/30 19:26:09.016, 0, NVIDIA GeForce RTX 3080, 5973, 4079, 10240, 97, 98
2026/07/30 19:26:09.128, 0, NVIDIA GeForce RTX 3080, 5973, 4079, 10240, 97, 98
2026/07/30 19:26:09.240, 0, NVIDIA GeForce RTX 3080, 5973, 4079, 10240, 93, 95
2026/07/30 19:26:09.352, 0, NVIDIA GeForce RTX 3080, 5973, 4079, 10240, 93, 95
2026/07/30 19:26:09.463, 0, NVIDIA GeForce RTX 3080, 5973, 4079, 10240, 93, 95
2026/07/30 19:26:09.575, 0, NVIDIA GeForce RTX 3080, 5973, 4079, 10240, 93, 95
2026/07/30 19:26:09.687, 0, NVIDIA GeForce RTX 3080, 5973, 4079, 10240, 93, 95
2026/07/30 19:26:09.799, 0, NVIDIA GeForce RTX 3080, 5973, 4079, 10240, 95, 97
2026/07/30 19:26:09.911, 0, NVIDIA GeForce RTX 3080, 5973, 4079, 10240, 95, 97
2026/07/30 19:26:10.023, 0, NVIDIA GeForce RTX 3080, 5973, 4079, 10240, 95, 97
2026/07/30 19:26:10.134, 0, NVIDIA GeForce RTX 3080, 5973, 4079, 10240, 95, 97
2026/07/30 19:26:10.245, 0, NVIDIA GeForce RTX 3080, 5973, 4079, 10240, 95, 97
2026/07/30 19:26:10.357, 0, NVIDIA GeForce RTX 3080, 5973, 4079, 10240, 95, 97
2026/07/30 19:26:10.469, 0, NVIDIA GeForce RTX 3080, 5973, 4079, 10240, 95, 97
2026/07/30 19:26:10.580, 0, NVIDIA GeForce RTX 3080, 5973, 4079, 10240, 95, 97
2026/07/30 19:26:10.692, 0, NVIDIA GeForce RTX 3080, 5973, 4079, 10240, 95, 97
2026/07/30 19:26:10.803, 0, NVIDIA GeForce RTX 3080, 5973, 4079, 10240, 96, 98
2026/07/30 19:26:10.915, 0, NVIDIA GeForce RTX 3080, 5973, 4079, 10240, 96, 98
2026/07/30 19:26:11.026, 0, NVIDIA GeForce RTX 3080, 5973, 4079, 10240, 96, 98
2026/07/30 19:26:11.136, 0, NVIDIA GeForce RTX 3080, 5973, 4079, 10240, 96, 98
2026/07/30 19:26:11.246, 0, NVIDIA GeForce RTX 3080, 5973, 4079, 10240, 95, 98
2026/07/30 19:26:11.355, 0, NVIDIA GeForce RTX 3080, 5973, 4079, 10240, 95, 98
2026/07/30 19:26:11.464, 0, NVIDIA GeForce RTX 3080, 5973, 4079, 10240, 95, 98
2026/07/30 19:26:11.572, 0, NVIDIA GeForce RTX 3080, 5973, 4079, 10240, 95, 98
2026/07/30 19:26:11.681, 0, NVIDIA GeForce RTX 3080, 5973, 4079, 10240, 95, 98
2026/07/30 19:26:11.792, 0, NVIDIA GeForce RTX 3080, 5973, 4079, 10240, 97, 98
2026/07/30 19:26:11.902, 0, NVIDIA GeForce RTX 3080, 5973, 4079, 10240, 97, 98
2026/07/30 19:26:12.014, 0, NVIDIA GeForce RTX 3080, 5973, 4079, 10240, 97, 98
2026/07/30 19:26:12.125, 0, NVIDIA GeForce RTX 3080, 5973, 4079, 10240, 97, 98
2026/07/30 19:26:12.236, 0, NVIDIA GeForce RTX 3080, 5973, 4079, 10240, 97, 98
2026/07/30 19:26:12.348, 0, NVIDIA GeForce RTX 3080, 5973, 4079, 10240, 97, 98
2026/07/30 19:26:12.459, 0, NVIDIA GeForce RTX 3080, 5973, 4079, 10240, 97, 98
2026/07/30 19:26:12.571, 0, NVIDIA GeForce RTX 3080, 5973, 4079, 10240, 97, 98
2026/07/30 19:26:12.682, 0, NVIDIA GeForce RTX 3080, 5973, 4079, 10240, 97, 98
2026/07/30 19:26:12.794, 0, NVIDIA GeForce RTX 3080, 5973, 4079, 10240, 97, 97
2026/07/30 19:26:12.906, 0, NVIDIA GeForce RTX 3080, 5973, 4079, 10240, 97, 97
2026/07/30 19:26:13.018, 0, NVIDIA GeForce RTX 3080, 5973, 4079, 10240, 97, 97
2026/07/30 19:26:13.130, 0, NVIDIA GeForce RTX 3080, 5973, 4079, 10240, 97, 97
2026/07/30 19:26:13.242, 0, NVIDIA GeForce RTX 3080, 5973, 4079, 10240, 98, 98
2026/07/30 19:26:13.353, 0, NVIDIA GeForce RTX 3080, 5973, 4079, 10240, 98, 98
2026/07/30 19:26:13.465, 0, NVIDIA GeForce RTX 3080, 5973, 4079, 10240, 98, 98
2026/07/30 19:26:13.577, 0, NVIDIA GeForce RTX 3080, 5973, 4079, 10240, 98, 98
2026/07/30 19:26:13.689, 0, NVIDIA GeForce RTX 3080, 5973, 4079, 10240, 98, 98
2026/07/30 19:26:13.802, 0, NVIDIA GeForce RTX 3080, 5973, 4079, 10240, 98, 98
2026/07/30 19:26:13.914, 0, NVIDIA GeForce RTX 3080, 5973, 4079, 10240, 98, 98
2026/07/30 19:26:14.026, 0, NVIDIA GeForce RTX 3080, 5973, 4079, 10240, 98, 98
2026/07/30 19:26:14.137, 0, NVIDIA GeForce RTX 3080, 5973, 4079, 10240, 98, 98
2026/07/30 19:26:14.249, 0, NVIDIA GeForce RTX 3080, 5973, 4079, 10240, 98, 98
2026/07/30 19:26:14.361, 0, NVIDIA GeForce RTX 3080, 5973, 4079, 10240, 98, 98
2026/07/30 19:26:14.473, 0, NVIDIA GeForce RTX 3080, 5973, 4079, 10240, 98, 98
2026/07/30 19:26:14.585, 0, NVIDIA GeForce RTX 3080, 5973, 4079, 10240, 98, 98
2026/07/30 19:26:14.697, 0, NVIDIA GeForce RTX 3080, 5973, 4079, 10240, 98, 98
2026/07/30 19:26:14.809, 0, NVIDIA GeForce RTX 3080, 5973, 4079, 10240, 98, 98
2026/07/30 19:26:14.921, 0, NVIDIA GeForce RTX 3080, 5973, 4079, 10240, 98, 98
2026/07/30 19:26:15.033, 0, NVIDIA GeForce RTX 3080, 5973, 4079, 10240, 98, 98
2026/07/30 19:26:15.145, 0, NVIDIA GeForce RTX 3080, 5973, 4079, 10240, 98, 98
2026/07/30 19:26:15.256, 0, NVIDIA GeForce RTX 3080, 5973, 4079, 10240, 94, 97
2026/07/30 19:26:15.368, 0, NVIDIA GeForce RTX 3080, 5973, 4079, 10240, 94, 97
2026/07/30 19:26:15.480, 0, NVIDIA GeForce RTX 3080, 5973, 4079, 10240, 94, 97
2026/07/30 19:26:15.592, 0, NVIDIA GeForce RTX 3080, 5973, 4079, 10240, 94, 97
2026/07/30 19:26:15.704, 0, NVIDIA GeForce RTX 3080, 5973, 4079, 10240, 94, 97
2026/07/30 19:26:15.816, 0, NVIDIA GeForce RTX 3080, 5973, 4079, 10240, 94, 97
2026/07/30 19:26:15.928, 0, NVIDIA GeForce RTX 3080, 5973, 4079, 10240, 94, 97
2026/07/30 19:26:16.039, 0, NVIDIA GeForce RTX 3080, 5973, 4079, 10240, 94, 97
2026/07/30 19:26:16.148, 0, NVIDIA GeForce RTX 3080, 5973, 4079, 10240, 94, 97
2026/07/30 19:26:16.258, 0, NVIDIA GeForce RTX 3080, 5973, 4079, 10240, 95, 98
2026/07/30 19:26:16.367, 0, NVIDIA GeForce RTX 3080, 5973, 4079, 10240, 95, 98
2026/07/30 19:26:16.476, 0, NVIDIA GeForce RTX 3080, 5973, 4079, 10240, 95, 98
2026/07/30 19:26:16.585, 0, NVIDIA GeForce RTX 3080, 5973, 4079, 10240, 95, 98
2026/07/30 19:26:16.694, 0, NVIDIA GeForce RTX 3080, 5973, 4079, 10240, 95, 98
2026/07/30 19:26:16.806, 0, NVIDIA GeForce RTX 3080, 5973, 4079, 10240, 96, 98
2026/07/30 19:26:16.917, 0, NVIDIA GeForce RTX 3080, 5973, 4079, 10240, 96, 98
2026/07/30 19:26:17.028, 0, NVIDIA GeForce RTX 3080, 5973, 4079, 10240, 96, 98
2026/07/30 19:26:17.140, 0, NVIDIA GeForce RTX 3080, 5973, 4079, 10240, 96, 98
2026/07/30 19:26:17.250, 0, NVIDIA GeForce RTX 3080, 5973, 4079, 10240, 97, 98
2026/07/30 19:26:17.362, 0, NVIDIA GeForce RTX 3080, 5973, 4079, 10240, 97, 98
2026/07/30 19:26:17.473, 0, NVIDIA GeForce RTX 3080, 5973, 4079, 10240, 97, 98
2026/07/30 19:26:17.585, 0, NVIDIA GeForce RTX 3080, 5973, 4079, 10240, 97, 98
2026/07/30 19:26:17.697, 0, NVIDIA GeForce RTX 3080, 5973, 4079, 10240, 97, 98
2026/07/30 19:26:17.809, 0, NVIDIA GeForce RTX 3080, 5973, 4079, 10240, 97, 98
2026/07/30 19:26:17.921, 0, NVIDIA GeForce RTX 3080, 5973, 4079, 10240, 97, 98
2026/07/30 19:26:18.033, 0, NVIDIA GeForce RTX 3080, 5973, 4079, 10240, 97, 98
2026/07/30 19:26:18.143, 0, NVIDIA GeForce RTX 3080, 5973, 4079, 10240, 97, 98
2026/07/30 19:26:18.252, 0, NVIDIA GeForce RTX 3080, 5973, 4079, 10240, 97, 98
2026/07/30 19:26:18.361, 0, NVIDIA GeForce RTX 3080, 5973, 4079, 10240, 97, 98
2026/07/30 19:26:18.473, 0, NVIDIA GeForce RTX 3080, 5973, 4079, 10240, 97, 98
2026/07/30 19:26:18.584, 0, NVIDIA GeForce RTX 3080, 5973, 4079, 10240, 97, 98
2026/07/30 19:26:18.696, 0, NVIDIA GeForce RTX 3080, 5973, 4079, 10240, 97, 98
2026/07/30 19:26:18.807, 0, NVIDIA GeForce RTX 3080, 5973, 4079, 10240, 97, 98
2026/07/30 19:26:18.919, 0, NVIDIA GeForce RTX 3080, 5973, 4079, 10240, 97, 98
2026/07/30 19:26:19.031, 0, NVIDIA GeForce RTX 3080, 5973, 4079, 10240, 97, 98
2026/07/30 19:26:19.143, 0, NVIDIA GeForce RTX 3080, 5973, 4079, 10240, 97, 98
2026/07/30 19:26:19.255, 0, NVIDIA GeForce RTX 3080, 5973, 4079, 10240, 96, 98
2026/07/30 19:26:19.367, 0, NVIDIA GeForce RTX 3080, 5973, 4079, 10240, 96, 98
2026/07/30 19:26:19.479, 0, NVIDIA GeForce RTX 3080, 5973, 4079, 10240, 96, 98
2026/07/30 19:26:19.591, 0, NVIDIA GeForce RTX 3080, 5973, 4079, 10240, 96, 98
2026/07/30 19:26:19.702, 0, NVIDIA GeForce RTX 3080, 5973, 4079, 10240, 96, 98
2026/07/30 19:26:19.814, 0, NVIDIA GeForce RTX 3080, 5973, 4079, 10240, 96, 98
2026/07/30 19:26:19.925, 0, NVIDIA GeForce RTX 3080, 5973, 4079, 10240, 96, 98
2026/07/30 19:26:20.036, 0, NVIDIA GeForce RTX 3080, 5973, 4079, 10240, 96, 98
2026/07/30 19:26:20.148, 0, NVIDIA GeForce RTX 3080, 5973, 4079, 10240, 96, 98
2026/07/30 19:26:20.260, 0, NVIDIA GeForce RTX 3080, 5973, 4079, 10240, 95, 98
2026/07/30 19:26:20.373, 0, NVIDIA GeForce RTX 3080, 5973, 4079, 10240, 95, 98
2026/07/30 19:26:20.485, 0, NVIDIA GeForce RTX 3080, 5973, 4079, 10240, 95, 98
2026/07/30 19:26:20.596, 0, NVIDIA GeForce RTX 3080, 5973, 4079, 10240, 95, 98
2026/07/30 19:26:20.708, 0, NVIDIA GeForce RTX 3080, 5973, 4079, 10240, 95, 98
2026/07/30 19:26:20.819, 0, NVIDIA GeForce RTX 3080, 5973, 4079, 10240, 95, 98
2026/07/30 19:26:20.930, 0, NVIDIA GeForce RTX 3080, 5973, 4079, 10240, 95, 98
2026/07/30 19:26:21.041, 0, NVIDIA GeForce RTX 3080, 5973, 4079, 10240, 95, 98
2026/07/30 19:26:21.153, 0, NVIDIA GeForce RTX 3080, 5973, 4079, 10240, 95, 98
2026/07/30 19:26:21.265, 0, NVIDIA GeForce RTX 3080, 5973, 4079, 10240, 96, 98
2026/07/30 19:26:21.376, 0, NVIDIA GeForce RTX 3080, 5973, 4079, 10240, 96, 98
2026/07/30 19:26:21.487, 0, NVIDIA GeForce RTX 3080, 5973, 4079, 10240, 96, 98
2026/07/30 19:26:21.598, 0, NVIDIA GeForce RTX 3080, 5973, 4079, 10240, 96, 98
2026/07/30 19:26:21.710, 0, NVIDIA GeForce RTX 3080, 5973, 4079, 10240, 96, 98
2026/07/30 19:26:21.822, 0, NVIDIA GeForce RTX 3080, 5973, 4079, 10240, 97, 98
2026/07/30 19:26:21.933, 0, NVIDIA GeForce RTX 3080, 5973, 4079, 10240, 97, 98
2026/07/30 19:26:22.045, 0, NVIDIA GeForce RTX 3080, 5973, 4079, 10240, 97, 98
2026/07/30 19:26:22.156, 0, NVIDIA GeForce RTX 3080, 5973, 4079, 10240, 97, 98
2026/07/30 19:26:22.268, 0, NVIDIA GeForce RTX 3080, 5973, 4079, 10240, 97, 98
2026/07/30 19:26:22.380, 0, NVIDIA GeForce RTX 3080, 5973, 4079, 10240, 97, 98
2026/07/30 19:26:22.492, 0, NVIDIA GeForce RTX 3080, 5973, 4079, 10240, 97, 98
2026/07/30 19:26:22.605, 0, NVIDIA GeForce RTX 3080, 5973, 4079, 10240, 97, 98
2026/07/30 19:26:22.716, 0, NVIDIA GeForce RTX 3080, 5973, 4079, 10240, 96, 97
2026/07/30 19:26:22.828, 0, NVIDIA GeForce RTX 3080, 5973, 4079, 10240, 96, 97
2026/07/30 19:26:22.940, 0, NVIDIA GeForce RTX 3080, 5973, 4079, 10240, 96, 97
2026/07/30 19:26:23.052, 0, NVIDIA GeForce RTX 3080, 5973, 4079, 10240, 96, 97
2026/07/30 19:26:23.161, 0, NVIDIA GeForce RTX 3080, 5973, 4079, 10240, 96, 97
2026/07/30 19:26:23.270, 0, NVIDIA GeForce RTX 3080, 5973, 4079, 10240, 97, 98
2026/07/30 19:26:23.383, 0, NVIDIA GeForce RTX 3080, 5973, 4079, 10240, 97, 98
2026/07/30 19:26:23.495, 0, NVIDIA GeForce RTX 3080, 5973, 4079, 10240, 97, 98
2026/07/30 19:26:23.607, 0, NVIDIA GeForce RTX 3080, 5973, 4079, 10240, 97, 98
2026/07/30 19:26:23.719, 0, NVIDIA GeForce RTX 3080, 5973, 4079, 10240, 98, 98
2026/07/30 19:26:23.831, 0, NVIDIA GeForce RTX 3080, 5973, 4079, 10240, 98, 98
2026/07/30 19:26:23.943, 0, NVIDIA GeForce RTX 3080, 5973, 4079, 10240, 98, 98
2026/07/30 19:26:24.055, 0, NVIDIA GeForce RTX 3080, 5973, 4079, 10240, 98, 98
2026/07/30 19:26:24.167, 0, NVIDIA GeForce RTX 3080, 5973, 4079, 10240, 98, 98
2026/07/30 19:26:24.279, 0, NVIDIA GeForce RTX 3080, 5973, 4079, 10240, 98, 98
2026/07/30 19:26:24.391, 0, NVIDIA GeForce RTX 3080, 5973, 4079, 10240, 98, 98
2026/07/30 19:26:24.503, 0, NVIDIA GeForce RTX 3080, 5973, 4079, 10240, 98, 98
2026/07/30 19:26:24.615, 0, NVIDIA GeForce RTX 3080, 5973, 4079, 10240, 98, 98
2026/07/30 19:26:24.727, 0, NVIDIA GeForce RTX 3080, 5973, 4079, 10240, 95, 96
2026/07/30 19:26:24.839, 0, NVIDIA GeForce RTX 3080, 5973, 4079, 10240, 95, 96
2026/07/30 19:26:24.951, 0, NVIDIA GeForce RTX 3080, 5973, 4079, 10240, 95, 96
2026/07/30 19:26:25.063, 0, NVIDIA GeForce RTX 3080, 5973, 4079, 10240, 95, 96
2026/07/30 19:26:25.175, 0, NVIDIA GeForce RTX 3080, 5973, 4079, 10240, 95, 96
2026/07/30 19:26:25.287, 0, NVIDIA GeForce RTX 3080, 5973, 4079, 10240, 95, 98
2026/07/30 19:26:25.398, 0, NVIDIA GeForce RTX 3080, 5973, 4079, 10240, 95, 98
2026/07/30 19:26:25.509, 0, NVIDIA GeForce RTX 3080, 5973, 4079, 10240, 95, 98
2026/07/30 19:26:25.621, 0, NVIDIA GeForce RTX 3080, 5973, 4079, 10240, 95, 98
2026/07/30 19:26:25.732, 0, NVIDIA GeForce RTX 3080, 5973, 4079, 10240, 95, 97
2026/07/30 19:26:25.843, 0, NVIDIA GeForce RTX 3080, 5973, 4079, 10240, 95, 97
2026/07/30 19:26:25.955, 0, NVIDIA GeForce RTX 3080, 5973, 4079, 10240, 95, 97
2026/07/30 19:26:26.067, 0, NVIDIA GeForce RTX 3080, 5973, 4079, 10240, 95, 97
2026/07/30 19:26:26.179, 0, NVIDIA GeForce RTX 3080, 5973, 4079, 10240, 95, 97
2026/07/30 19:26:26.291, 0, NVIDIA GeForce RTX 3080, 5973, 4079, 10240, 95, 98
2026/07/30 19:26:26.402, 0, NVIDIA GeForce RTX 3080, 5973, 4079, 10240, 95, 98
2026/07/30 19:26:26.515, 0, NVIDIA GeForce RTX 3080, 5973, 4079, 10240, 95, 98
2026/07/30 19:26:26.627, 0, NVIDIA GeForce RTX 3080, 5973, 4079, 10240, 95, 98
2026/07/30 19:26:26.739, 0, NVIDIA GeForce RTX 3080, 5973, 4079, 10240, 95, 96
2026/07/30 19:26:26.850, 0, NVIDIA GeForce RTX 3080, 5973, 4079, 10240, 95, 96
2026/07/30 19:26:26.962, 0, NVIDIA GeForce RTX 3080, 5973, 4079, 10240, 95, 96
2026/07/30 19:26:27.074, 0, NVIDIA GeForce RTX 3080, 5973, 4079, 10240, 95, 96
2026/07/30 19:26:27.185, 0, NVIDIA GeForce RTX 3080, 5973, 4079, 10240, 95, 96
2026/07/30 19:26:27.296, 0, NVIDIA GeForce RTX 3080, 5973, 4079, 10240, 97, 98
2026/07/30 19:26:27.407, 0, NVIDIA GeForce RTX 3080, 5973, 4079, 10240, 97, 98
2026/07/30 19:26:27.518, 0, NVIDIA GeForce RTX 3080, 5973, 4079, 10240, 97, 98
2026/07/30 19:26:27.627, 0, NVIDIA GeForce RTX 3080, 5973, 4079, 10240, 97, 98
2026/07/30 19:26:27.739, 0, NVIDIA GeForce RTX 3080, 5973, 4079, 10240, 97, 98
2026/07/30 19:26:27.850, 0, NVIDIA GeForce RTX 3080, 5973, 4079, 10240, 97, 98
2026/07/30 19:26:27.962, 0, NVIDIA GeForce RTX 3080, 5973, 4079, 10240, 97, 98
2026/07/30 19:26:28.071, 0, NVIDIA GeForce RTX 3080, 5973, 4079, 10240, 97, 98
2026/07/30 19:26:28.183, 0, NVIDIA GeForce RTX 3080, 5973, 4079, 10240, 97, 98
2026/07/30 19:26:28.295, 0, NVIDIA GeForce RTX 3080, 5973, 4079, 10240, 97, 98
2026/07/30 19:26:28.407, 0, NVIDIA GeForce RTX 3080, 5973, 4079, 10240, 97, 98
2026/07/30 19:26:28.519, 0, NVIDIA GeForce RTX 3080, 5973, 4079, 10240, 97, 98
2026/07/30 19:26:28.631, 0, NVIDIA GeForce RTX 3080, 5973, 4079, 10240, 97, 98
2026/07/30 19:26:28.743, 0, NVIDIA GeForce RTX 3080, 5973, 4079, 10240, 94, 96
2026/07/30 19:26:28.855, 0, NVIDIA GeForce RTX 3080, 5973, 4079, 10240, 94, 96
2026/07/30 19:26:28.966, 0, NVIDIA GeForce RTX 3080, 5973, 4079, 10240, 94, 96
2026/07/30 19:26:29.077, 0, NVIDIA GeForce RTX 3080, 5973, 4079, 10240, 94, 96
2026/07/30 19:26:29.187, 0, NVIDIA GeForce RTX 3080, 5973, 4079, 10240, 94, 96
2026/07/30 19:26:29.295, 0, NVIDIA GeForce RTX 3080, 5973, 4079, 10240, 95, 98
2026/07/30 19:26:29.405, 0, NVIDIA GeForce RTX 3080, 5973, 4079, 10240, 95, 98
2026/07/30 19:26:29.514, 0, NVIDIA GeForce RTX 3080, 5973, 4079, 10240, 95, 98
2026/07/30 19:26:29.623, 0, NVIDIA GeForce RTX 3080, 5973, 4079, 10240, 95, 98
2026/07/30 19:26:29.732, 0, NVIDIA GeForce RTX 3080, 5973, 4079, 10240, 96, 98
2026/07/30 19:26:29.842, 0, NVIDIA GeForce RTX 3080, 5973, 4079, 10240, 96, 98
2026/07/30 19:26:29.951, 0, NVIDIA GeForce RTX 3080, 5973, 4079, 10240, 96, 98
2026/07/30 19:26:30.062, 0, NVIDIA GeForce RTX 3080, 5973, 4079, 10240, 96, 98
2026/07/30 19:26:30.173, 0, NVIDIA GeForce RTX 3080, 5973, 4079, 10240, 96, 98
2026/07/30 19:26:30.285, 0, NVIDIA GeForce RTX 3080, 5973, 4079, 10240, 94, 97
2026/07/30 19:26:30.397, 0, NVIDIA GeForce RTX 3080, 5973, 4079, 10240, 94, 97
2026/07/30 19:26:30.509, 0, NVIDIA GeForce RTX 3080, 5973, 4079, 10240, 94, 97
2026/07/30 19:26:30.621, 0, NVIDIA GeForce RTX 3080, 5973, 4079, 10240, 94, 97
2026/07/30 19:26:30.732, 0, NVIDIA GeForce RTX 3080, 5973, 4079, 10240, 92, 95
2026/07/30 19:26:30.843, 0, NVIDIA GeForce RTX 3080, 5973, 4079, 10240, 92, 95
2026/07/30 19:26:30.955, 0, NVIDIA GeForce RTX 3080, 5973, 4079, 10240, 92, 95
2026/07/30 19:26:31.067, 0, NVIDIA GeForce RTX 3080, 5973, 4079, 10240, 92, 95
2026/07/30 19:26:31.176, 0, NVIDIA GeForce RTX 3080, 5973, 4079, 10240, 92, 95
2026/07/30 19:26:31.286, 0, NVIDIA GeForce RTX 3080, 5973, 4079, 10240, 96, 98
2026/07/30 19:26:31.396, 0, NVIDIA GeForce RTX 3080, 5973, 4079, 10240, 96, 98
2026/07/30 19:26:31.506, 0, NVIDIA GeForce RTX 3080, 5973, 4079, 10240, 96, 98
2026/07/30 19:26:31.616, 0, NVIDIA GeForce RTX 3080, 5973, 4079, 10240, 96, 98
2026/07/30 19:26:31.727, 0, NVIDIA GeForce RTX 3080, 5973, 4079, 10240, 96, 97
2026/07/30 19:26:31.838, 0, NVIDIA GeForce RTX 3080, 5973, 4079, 10240, 96, 97
2026/07/30 19:26:31.949, 0, NVIDIA GeForce RTX 3080, 5973, 4079, 10240, 96, 97
2026/07/30 19:26:32.060, 0, NVIDIA GeForce RTX 3080, 5973, 4079, 10240, 96, 97
2026/07/30 19:26:32.171, 0, NVIDIA GeForce RTX 3080, 5973, 4079, 10240, 96, 97
2026/07/30 19:26:32.283, 0, NVIDIA GeForce RTX 3080, 5973, 4079, 10240, 97, 98
2026/07/30 19:26:32.396, 0, NVIDIA GeForce RTX 3080, 5973, 4079, 10240, 97, 98
2026/07/30 19:26:32.508, 0, NVIDIA GeForce RTX 3080, 5973, 4079, 10240, 97, 98
2026/07/30 19:26:32.620, 0, NVIDIA GeForce RTX 3080, 5973, 4079, 10240, 97, 98
2026/07/30 19:26:32.732, 0, NVIDIA GeForce RTX 3080, 5973, 4079, 10240, 98, 98
2026/07/30 19:26:32.844, 0, NVIDIA GeForce RTX 3080, 5973, 4079, 10240, 98, 98
2026/07/30 19:26:32.955, 0, NVIDIA GeForce RTX 3080, 5973, 4079, 10240, 98, 98
2026/07/30 19:26:33.067, 0, NVIDIA GeForce RTX 3080, 5973, 4079, 10240, 98, 98
2026/07/30 19:26:33.179, 0, NVIDIA GeForce RTX 3080, 5973, 4079, 10240, 98, 98
2026/07/30 19:26:33.290, 0, NVIDIA GeForce RTX 3080, 5973, 4079, 10240, 98, 97
2026/07/30 19:26:33.402, 0, NVIDIA GeForce RTX 3080, 5973, 4079, 10240, 98, 97
2026/07/30 19:26:33.514, 0, NVIDIA GeForce RTX 3080, 5973, 4079, 10240, 98, 97
2026/07/30 19:26:33.626, 0, NVIDIA GeForce RTX 3080, 5973, 4079, 10240, 98, 97
2026/07/30 19:26:33.738, 0, NVIDIA GeForce RTX 3080, 5973, 4079, 10240, 98, 98
2026/07/30 19:26:33.850, 0, NVIDIA GeForce RTX 3080, 5973, 4079, 10240, 98, 98
2026/07/30 19:26:33.962, 0, NVIDIA GeForce RTX 3080, 5973, 4079, 10240, 98, 98
2026/07/30 19:26:34.075, 0, NVIDIA GeForce RTX 3080, 5973, 4079, 10240, 98, 98
2026/07/30 19:26:34.187, 0, NVIDIA GeForce RTX 3080, 5973, 4079, 10240, 98, 98
2026/07/30 19:26:34.299, 0, NVIDIA GeForce RTX 3080, 5973, 4079, 10240, 98, 98
2026/07/30 19:26:34.411, 0, NVIDIA GeForce RTX 3080, 5973, 4079, 10240, 98, 98
2026/07/30 19:26:34.523, 0, NVIDIA GeForce RTX 3080, 5973, 4079, 10240, 98, 98
2026/07/30 19:26:34.635, 0, NVIDIA GeForce RTX 3080, 5973, 4079, 10240, 98, 98
2026/07/30 19:26:34.747, 0, NVIDIA GeForce RTX 3080, 5973, 4079, 10240, 96, 98
2026/07/30 19:26:34.859, 0, NVIDIA GeForce RTX 3080, 5973, 4079, 10240, 96, 98
2026/07/30 19:26:34.970, 0, NVIDIA GeForce RTX 3080, 5973, 4079, 10240, 96, 98
2026/07/30 19:26:35.082, 0, NVIDIA GeForce RTX 3080, 5973, 4079, 10240, 96, 98
2026/07/30 19:26:35.193, 0, NVIDIA GeForce RTX 3080, 5973, 4079, 10240, 96, 98
2026/07/30 19:26:35.305, 0, NVIDIA GeForce RTX 3080, 5973, 4079, 10240, 95, 98
2026/07/30 19:26:35.417, 0, NVIDIA GeForce RTX 3080, 5973, 4079, 10240, 95, 98
2026/07/30 19:26:35.529, 0, NVIDIA GeForce RTX 3080, 5973, 4079, 10240, 95, 98
2026/07/30 19:26:35.640, 0, NVIDIA GeForce RTX 3080, 5973, 4079, 10240, 95, 98
2026/07/30 19:26:35.752, 0, NVIDIA GeForce RTX 3080, 5973, 4079, 10240, 96, 98
2026/07/30 19:26:35.864, 0, NVIDIA GeForce RTX 3080, 5973, 4079, 10240, 96, 98
2026/07/30 19:26:35.976, 0, NVIDIA GeForce RTX 3080, 5973, 4079, 10240, 96, 98
2026/07/30 19:26:36.087, 0, NVIDIA GeForce RTX 3080, 5973, 4079, 10240, 96, 98
2026/07/30 19:26:36.196, 0, NVIDIA GeForce RTX 3080, 5973, 4079, 10240, 96, 98
2026/07/30 19:26:36.306, 0, NVIDIA GeForce RTX 3080, 5973, 4079, 10240, 95, 98
2026/07/30 19:26:36.416, 0, NVIDIA GeForce RTX 3080, 5973, 4079, 10240, 95, 98
2026/07/30 19:26:36.525, 0, NVIDIA GeForce RTX 3080, 5973, 4079, 10240, 95, 98
2026/07/30 19:26:36.634, 0, NVIDIA GeForce RTX 3080, 5973, 4079, 10240, 95, 98
2026/07/30 19:26:36.746, 0, NVIDIA GeForce RTX 3080, 5973, 4079, 10240, 97, 98
2026/07/30 19:26:36.858, 0, NVIDIA GeForce RTX 3080, 5973, 4079, 10240, 97, 98
2026/07/30 19:26:36.970, 0, NVIDIA GeForce RTX 3080, 5973, 4079, 10240, 97, 98
2026/07/30 19:26:37.082, 0, NVIDIA GeForce RTX 3080, 5973, 4079, 10240, 97, 98
2026/07/30 19:26:37.194, 0, NVIDIA GeForce RTX 3080, 5973, 4079, 10240, 97, 98
2026/07/30 19:26:37.306, 0, NVIDIA GeForce RTX 3080, 5973, 4079, 10240, 97, 98
2026/07/30 19:26:37.418, 0, NVIDIA GeForce RTX 3080, 5973, 4079, 10240, 97, 98
2026/07/30 19:26:37.530, 0, NVIDIA GeForce RTX 3080, 5973, 4079, 10240, 97, 98
2026/07/30 19:26:37.641, 0, NVIDIA GeForce RTX 3080, 5973, 4079, 10240, 97, 98
2026/07/30 19:26:37.753, 0, NVIDIA GeForce RTX 3080, 5973, 4079, 10240, 95, 96
2026/07/30 19:26:37.865, 0, NVIDIA GeForce RTX 3080, 5973, 4079, 10240, 95, 96
2026/07/30 19:26:37.977, 0, NVIDIA GeForce RTX 3080, 5973, 4079, 10240, 95, 96
2026/07/30 19:26:38.089, 0, NVIDIA GeForce RTX 3080, 5973, 4079, 10240, 95, 96
2026/07/30 19:26:38.199, 0, NVIDIA GeForce RTX 3080, 5973, 4079, 10240, 95, 96
2026/07/30 19:26:38.308, 0, NVIDIA GeForce RTX 3080, 5973, 4079, 10240, 97, 97
2026/07/30 19:26:38.418, 0, NVIDIA GeForce RTX 3080, 5973, 4079, 10240, 97, 97
2026/07/30 19:26:38.529, 0, NVIDIA GeForce RTX 3080, 5973, 4079, 10240, 97, 97
2026/07/30 19:26:38.641, 0, NVIDIA GeForce RTX 3080, 5973, 4079, 10240, 97, 97
2026/07/30 19:26:38.753, 0, NVIDIA GeForce RTX 3080, 5973, 4079, 10240, 95, 98
2026/07/30 19:26:38.864, 0, NVIDIA GeForce RTX 3080, 5973, 4079, 10240, 95, 98
2026/07/30 19:26:38.976, 0, NVIDIA GeForce RTX 3080, 5973, 4079, 10240, 95, 98
2026/07/30 19:26:39.088, 0, NVIDIA GeForce RTX 3080, 5973, 4079, 10240, 95, 98
2026/07/30 19:26:39.200, 0, NVIDIA GeForce RTX 3080, 5973, 4079, 10240, 95, 98
2026/07/30 19:26:39.312, 0, NVIDIA GeForce RTX 3080, 5973, 4079, 10240, 96, 98
2026/07/30 19:26:39.424, 0, NVIDIA GeForce RTX 3080, 5973, 4079, 10240, 96, 98
2026/07/30 19:26:39.536, 0, NVIDIA GeForce RTX 3080, 5973, 4079, 10240, 96, 98
2026/07/30 19:26:39.648, 0, NVIDIA GeForce RTX 3080, 5973, 4079, 10240, 96, 98
2026/07/30 19:26:39.760, 0, NVIDIA GeForce RTX 3080, 5973, 4079, 10240, 95, 97
2026/07/30 19:26:39.872, 0, NVIDIA GeForce RTX 3080, 5973, 4079, 10240, 95, 97
2026/07/30 19:26:39.984, 0, NVIDIA GeForce RTX 3080, 5973, 4079, 10240, 95, 97
2026/07/30 19:26:40.096, 0, NVIDIA GeForce RTX 3080, 5973, 4079, 10240, 95, 97
2026/07/30 19:26:40.208, 0, NVIDIA GeForce RTX 3080, 5973, 4079, 10240, 95, 97
2026/07/30 19:26:40.320, 0, NVIDIA GeForce RTX 3080, 5973, 4079, 10240, 95, 98
2026/07/30 19:26:40.433, 0, NVIDIA GeForce RTX 3080, 5973, 4079, 10240, 95, 98
2026/07/30 19:26:40.545, 0, NVIDIA GeForce RTX 3080, 5973, 4079, 10240, 95, 98
2026/07/30 19:26:40.657, 0, NVIDIA GeForce RTX 3080, 5973, 4079, 10240, 95, 98
2026/07/30 19:26:40.769, 0, NVIDIA GeForce RTX 3080, 5973, 4079, 10240, 97, 97
2026/07/30 19:26:40.880, 0, NVIDIA GeForce RTX 3080, 5973, 4079, 10240, 97, 97
2026/07/30 19:26:40.991, 0, NVIDIA GeForce RTX 3080, 5973, 4079, 10240, 97, 97
2026/07/30 19:26:41.103, 0, NVIDIA GeForce RTX 3080, 5973, 4079, 10240, 97, 97
2026/07/30 19:26:41.214, 0, NVIDIA GeForce RTX 3080, 5973, 4079, 10240, 97, 98
2026/07/30 19:26:41.326, 0, NVIDIA GeForce RTX 3080, 5973, 4079, 10240, 97, 98
2026/07/30 19:26:41.438, 0, NVIDIA GeForce RTX 3080, 5973, 4079, 10240, 97, 98
2026/07/30 19:26:41.550, 0, NVIDIA GeForce RTX 3080, 5973, 4079, 10240, 97, 98
2026/07/30 19:26:41.662, 0, NVIDIA GeForce RTX 3080, 5973, 4079, 10240, 97, 98
2026/07/30 19:26:41.774, 0, NVIDIA GeForce RTX 3080, 5973, 4079, 10240, 97, 97
2026/07/30 19:26:41.885, 0, NVIDIA GeForce RTX 3080, 5973, 4079, 10240, 97, 97
2026/07/30 19:26:41.997, 0, NVIDIA GeForce RTX 3080, 5973, 4079, 10240, 97, 97
2026/07/30 19:26:42.109, 0, NVIDIA GeForce RTX 3080, 5973, 4079, 10240, 97, 97
2026/07/30 19:26:42.221, 0, NVIDIA GeForce RTX 3080, 5973, 4079, 10240, 95, 96
2026/07/30 19:26:42.333, 0, NVIDIA GeForce RTX 3080, 5973, 4079, 10240, 95, 96
2026/07/30 19:26:42.445, 0, NVIDIA GeForce RTX 3080, 5973, 4079, 10240, 95, 96
2026/07/30 19:26:42.557, 0, NVIDIA GeForce RTX 3080, 5973, 4079, 10240, 95, 96
2026/07/30 19:26:42.669, 0, NVIDIA GeForce RTX 3080, 5973, 4079, 10240, 95, 96
2026/07/30 19:26:42.780, 0, NVIDIA GeForce RTX 3080, 5973, 4079, 10240, 98, 98
2026/07/30 19:26:42.892, 0, NVIDIA GeForce RTX 3080, 5973, 4079, 10240, 98, 98
2026/07/30 19:26:43.003, 0, NVIDIA GeForce RTX 3080, 5973, 4079, 10240, 98, 98
2026/07/30 19:26:43.115, 0, NVIDIA GeForce RTX 3080, 5973, 4079, 10240, 98, 98
2026/07/30 19:26:43.225, 0, NVIDIA GeForce RTX 3080, 5973, 4079, 10240, 98, 98
2026/07/30 19:26:43.336, 0, NVIDIA GeForce RTX 3080, 5973, 4079, 10240, 98, 98
2026/07/30 19:26:43.447, 0, NVIDIA GeForce RTX 3080, 5973, 4079, 10240, 98, 98
2026/07/30 19:26:43.559, 0, NVIDIA GeForce RTX 3080, 5973, 4079, 10240, 98, 98
2026/07/30 19:26:43.671, 0, NVIDIA GeForce RTX 3080, 5973, 4079, 10240, 98, 98
2026/07/30 19:26:43.782, 0, NVIDIA GeForce RTX 3080, 5973, 4079, 10240, 98, 98
2026/07/30 19:26:43.893, 0, NVIDIA GeForce RTX 3080, 5973, 4079, 10240, 98, 98
2026/07/30 19:26:44.003, 0, NVIDIA GeForce RTX 3080, 5973, 4079, 10240, 98, 98
2026/07/30 19:26:44.115, 0, NVIDIA GeForce RTX 3080, 5973, 4079, 10240, 98, 98
2026/07/30 19:26:44.227, 0, NVIDIA GeForce RTX 3080, 5973, 4079, 10240, 96, 98
2026/07/30 19:26:44.339, 0, NVIDIA GeForce RTX 3080, 5973, 4079, 10240, 96, 98
2026/07/30 19:26:44.451, 0, NVIDIA GeForce RTX 3080, 5973, 4079, 10240, 96, 98
2026/07/30 19:26:44.563, 0, NVIDIA GeForce RTX 3080, 5973, 4079, 10240, 96, 98
2026/07/30 19:26:44.675, 0, NVIDIA GeForce RTX 3080, 5973, 4079, 10240, 96, 98
2026/07/30 19:26:44.787, 0, NVIDIA GeForce RTX 3080, 5973, 4079, 10240, 96, 98
2026/07/30 19:26:44.899, 0, NVIDIA GeForce RTX 3080, 5973, 4079, 10240, 96, 98
2026/07/30 19:26:45.011, 0, NVIDIA GeForce RTX 3080, 5973, 4079, 10240, 96, 98
2026/07/30 19:26:45.123, 0, NVIDIA GeForce RTX 3080, 5973, 4079, 10240, 96, 98
2026/07/30 19:26:45.235, 0, NVIDIA GeForce RTX 3080, 5973, 4079, 10240, 94, 97
2026/07/30 19:26:45.347, 0, NVIDIA GeForce RTX 3080, 5973, 4079, 10240, 94, 97
2026/07/30 19:26:45.459, 0, NVIDIA GeForce RTX 3080, 5973, 4079, 10240, 94, 97
2026/07/30 19:26:45.571, 0, NVIDIA GeForce RTX 3080, 5973, 4079, 10240, 94, 97
2026/07/30 19:26:45.682, 0, NVIDIA GeForce RTX 3080, 5973, 4079, 10240, 94, 97
2026/07/30 19:26:45.794, 0, NVIDIA GeForce RTX 3080, 5973, 4079, 10240, 95, 98
2026/07/30 19:26:45.906, 0, NVIDIA GeForce RTX 3080, 5973, 4079, 10240, 95, 98
2026/07/30 19:26:46.018, 0, NVIDIA GeForce RTX 3080, 5973, 4079, 10240, 95, 98
2026/07/30 19:26:46.130, 0, NVIDIA GeForce RTX 3080, 5973, 4079, 10240, 95, 98
2026/07/30 19:26:46.242, 0, NVIDIA GeForce RTX 3080, 5973, 4079, 10240, 97, 98
2026/07/30 19:26:46.354, 0, NVIDIA GeForce RTX 3080, 5973, 4079, 10240, 97, 98
2026/07/30 19:26:46.466, 0, NVIDIA GeForce RTX 3080, 5973, 4079, 10240, 97, 98
2026/07/30 19:26:46.577, 0, NVIDIA GeForce RTX 3080, 5973, 4079, 10240, 97, 98
2026/07/30 19:26:46.689, 0, NVIDIA GeForce RTX 3080, 5973, 4079, 10240, 97, 98
2026/07/30 19:26:46.801, 0, NVIDIA GeForce RTX 3080, 5973, 4079, 10240, 97, 98
2026/07/30 19:26:46.912, 0, NVIDIA GeForce RTX 3080, 5973, 4079, 10240, 97, 98
2026/07/30 19:26:47.024, 0, NVIDIA GeForce RTX 3080, 5973, 4079, 10240, 97, 98
2026/07/30 19:26:47.136, 0, NVIDIA GeForce RTX 3080, 5973, 4079, 10240, 97, 98
2026/07/30 19:26:47.248, 0, NVIDIA GeForce RTX 3080, 5973, 4079, 10240, 97, 98
2026/07/30 19:26:47.360, 0, NVIDIA GeForce RTX 3080, 5973, 4079, 10240, 97, 98
2026/07/30 19:26:47.472, 0, NVIDIA GeForce RTX 3080, 5973, 4079, 10240, 97, 98
2026/07/30 19:26:47.584, 0, NVIDIA GeForce RTX 3080, 5973, 4079, 10240, 97, 98
2026/07/30 19:26:47.696, 0, NVIDIA GeForce RTX 3080, 5973, 4079, 10240, 97, 98
2026/07/30 19:26:47.808, 0, NVIDIA GeForce RTX 3080, 5973, 4079, 10240, 97, 98
2026/07/30 19:26:47.919, 0, NVIDIA GeForce RTX 3080, 5973, 4079, 10240, 97, 98
2026/07/30 19:26:48.031, 0, NVIDIA GeForce RTX 3080, 5973, 4079, 10240, 97, 98
2026/07/30 19:26:48.143, 0, NVIDIA GeForce RTX 3080, 5973, 4079, 10240, 97, 98
2026/07/30 19:26:48.255, 0, NVIDIA GeForce RTX 3080, 5973, 4079, 10240, 96, 98
2026/07/30 19:26:48.367, 0, NVIDIA GeForce RTX 3080, 5973, 4079, 10240, 96, 98
2026/07/30 19:26:48.480, 0, NVIDIA GeForce RTX 3080, 5973, 4079, 10240, 96, 98
2026/07/30 19:26:48.591, 0, NVIDIA GeForce RTX 3080, 5973, 4079, 10240, 96, 98
2026/07/30 19:26:48.703, 0, NVIDIA GeForce RTX 3080, 5973, 4079, 10240, 96, 98
2026/07/30 19:26:48.814, 0, NVIDIA GeForce RTX 3080, 5973, 4079, 10240, 96, 98
2026/07/30 19:26:48.925, 0, NVIDIA GeForce RTX 3080, 5973, 4079, 10240, 96, 98
2026/07/30 19:26:49.037, 0, NVIDIA GeForce RTX 3080, 5973, 4079, 10240, 96, 98
2026/07/30 19:26:49.147, 0, NVIDIA GeForce RTX 3080, 5973, 4079, 10240, 96, 98
2026/07/30 19:26:49.257, 0, NVIDIA GeForce RTX 3080, 5973, 4079, 10240, 96, 98
2026/07/30 19:26:49.366, 0, NVIDIA GeForce RTX 3080, 5973, 4079, 10240, 96, 98
2026/07/30 19:26:49.476, 0, NVIDIA GeForce RTX 3080, 5973, 4079, 10240, 96, 98
2026/07/30 19:26:49.586, 0, NVIDIA GeForce RTX 3080, 5973, 4079, 10240, 96, 98
2026/07/30 19:26:49.694, 0, NVIDIA GeForce RTX 3080, 5973, 4079, 10240, 96, 98
2026/07/30 19:26:49.803, 0, NVIDIA GeForce RTX 3080, 5973, 4079, 10240, 96, 98
2026/07/30 19:26:49.913, 0, NVIDIA GeForce RTX 3080, 5973, 4079, 10240, 96, 98
2026/07/30 19:26:50.024, 0, NVIDIA GeForce RTX 3080, 5973, 4079, 10240, 96, 98
2026/07/30 19:26:50.136, 0, NVIDIA GeForce RTX 3080, 5973, 4079, 10240, 96, 98
2026/07/30 19:26:50.248, 0, NVIDIA GeForce RTX 3080, 5973, 4079, 10240, 97, 98
2026/07/30 19:26:50.360, 0, NVIDIA GeForce RTX 3080, 5973, 4079, 10240, 97, 98
2026/07/30 19:26:50.472, 0, NVIDIA GeForce RTX 3080, 5973, 4079, 10240, 97, 98
2026/07/30 19:26:50.584, 0, NVIDIA GeForce RTX 3080, 5973, 4079, 10240, 97, 98
2026/07/30 19:26:50.696, 0, NVIDIA GeForce RTX 3080, 5973, 4079, 10240, 97, 98
2026/07/30 19:26:50.808, 0, NVIDIA GeForce RTX 3080, 5973, 4079, 10240, 97, 98
2026/07/30 19:26:50.920, 0, NVIDIA GeForce RTX 3080, 5973, 4079, 10240, 97, 98
2026/07/30 19:26:51.032, 0, NVIDIA GeForce RTX 3080, 5973, 4079, 10240, 97, 98
2026/07/30 19:26:51.144, 0, NVIDIA GeForce RTX 3080, 5973, 4079, 10240, 97, 98
2026/07/30 19:26:51.251, 0, NVIDIA GeForce RTX 3080, 5973, 4079, 10240, 97, 98
2026/07/30 19:26:51.361, 0, NVIDIA GeForce RTX 3080, 5973, 4079, 10240, 97, 98
2026/07/30 19:26:51.470, 0, NVIDIA GeForce RTX 3080, 5973, 4079, 10240, 97, 98
2026/07/30 19:26:51.578, 0, NVIDIA GeForce RTX 3080, 5973, 4079, 10240, 97, 98
2026/07/30 19:26:51.690, 0, NVIDIA GeForce RTX 3080, 5973, 4079, 10240, 97, 98
2026/07/30 19:26:51.803, 0, NVIDIA GeForce RTX 3080, 5973, 4079, 10240, 97, 98
2026/07/30 19:26:51.915, 0, NVIDIA GeForce RTX 3080, 5973, 4079, 10240, 97, 98
2026/07/30 19:26:52.027, 0, NVIDIA GeForce RTX 3080, 5973, 4079, 10240, 97, 98
2026/07/30 19:26:52.138, 0, NVIDIA GeForce RTX 3080, 5973, 4079, 10240, 97, 98
2026/07/30 19:26:52.250, 0, NVIDIA GeForce RTX 3080, 5973, 4079, 10240, 97, 96
2026/07/30 19:26:52.362, 0, NVIDIA GeForce RTX 3080, 5973, 4079, 10240, 97, 96
2026/07/30 19:26:52.474, 0, NVIDIA GeForce RTX 3080, 5973, 4079, 10240, 97, 96
2026/07/30 19:26:52.586, 0, NVIDIA GeForce RTX 3080, 5973, 4079, 10240, 97, 96
2026/07/30 19:26:52.698, 0, NVIDIA GeForce RTX 3080, 5973, 4079, 10240, 97, 96
2026/07/30 19:26:52.810, 0, NVIDIA GeForce RTX 3080, 5973, 4079, 10240, 98, 98
2026/07/30 19:26:52.922, 0, NVIDIA GeForce RTX 3080, 5973, 4079, 10240, 98, 98
2026/07/30 19:26:53.033, 0, NVIDIA GeForce RTX 3080, 5973, 4079, 10240, 98, 98
2026/07/30 19:26:53.144, 0, NVIDIA GeForce RTX 3080, 5973, 4079, 10240, 98, 98
2026/07/30 19:26:53.255, 0, NVIDIA GeForce RTX 3080, 5973, 4079, 10240, 98, 98
2026/07/30 19:26:53.366, 0, NVIDIA GeForce RTX 3080, 5973, 4079, 10240, 98, 98
2026/07/30 19:26:53.476, 0, NVIDIA GeForce RTX 3080, 5973, 4079, 10240, 98, 98
2026/07/30 19:26:53.588, 0, NVIDIA GeForce RTX 3080, 5973, 4079, 10240, 98, 98
2026/07/30 19:26:53.700, 0, NVIDIA GeForce RTX 3080, 5973, 4079, 10240, 98, 98
2026/07/30 19:26:53.812, 0, NVIDIA GeForce RTX 3080, 5973, 4079, 10240, 98, 98
2026/07/30 19:26:53.924, 0, NVIDIA GeForce RTX 3080, 5973, 4079, 10240, 98, 98
2026/07/30 19:26:54.036, 0, NVIDIA GeForce RTX 3080, 5973, 4079, 10240, 98, 98
2026/07/30 19:26:54.148, 0, NVIDIA GeForce RTX 3080, 5973, 4079, 10240, 98, 98
2026/07/30 19:26:54.259, 0, NVIDIA GeForce RTX 3080, 5973, 4079, 10240, 94, 96
2026/07/30 19:26:54.371, 0, NVIDIA GeForce RTX 3080, 5973, 4079, 10240, 94, 96
2026/07/30 19:26:54.483, 0, NVIDIA GeForce RTX 3080, 5973, 4079, 10240, 94, 96
2026/07/30 19:26:54.595, 0, NVIDIA GeForce RTX 3080, 5973, 4079, 10240, 94, 96
2026/07/30 19:26:54.706, 0, NVIDIA GeForce RTX 3080, 5973, 4079, 10240, 94, 96
2026/07/30 19:26:54.818, 0, NVIDIA GeForce RTX 3080, 5973, 4079, 10240, 95, 98
2026/07/30 19:26:54.930, 0, NVIDIA GeForce RTX 3080, 5973, 4079, 10240, 95, 98
2026/07/30 19:26:55.042, 0, NVIDIA GeForce RTX 3080, 5973, 4079, 10240, 95, 98
2026/07/30 19:26:55.154, 0, NVIDIA GeForce RTX 3080, 5973, 4079, 10240, 95, 98
2026/07/30 19:26:55.266, 0, NVIDIA GeForce RTX 3080, 5973, 4079, 10240, 96, 98
2026/07/30 19:26:55.377, 0, NVIDIA GeForce RTX 3080, 5973, 4079, 10240, 96, 98
2026/07/30 19:26:55.489, 0, NVIDIA GeForce RTX 3080, 5973, 4079, 10240, 96, 98
2026/07/30 19:26:55.601, 0, NVIDIA GeForce RTX 3080, 5973, 4079, 10240, 96, 98
2026/07/30 19:26:55.712, 0, NVIDIA GeForce RTX 3080, 5973, 4079, 10240, 96, 98
2026/07/30 19:26:55.824, 0, NVIDIA GeForce RTX 3080, 5973, 4079, 10240, 96, 98
2026/07/30 19:26:55.935, 0, NVIDIA GeForce RTX 3080, 5973, 4079, 10240, 96, 98
2026/07/30 19:26:56.046, 0, NVIDIA GeForce RTX 3080, 5973, 4079, 10240, 96, 98
2026/07/30 19:26:56.157, 0, NVIDIA GeForce RTX 3080, 5973, 4079, 10240, 96, 98
2026/07/30 19:26:56.266, 0, NVIDIA GeForce RTX 3080, 5973, 4079, 10240, 97, 97
2026/07/30 19:26:56.376, 0, NVIDIA GeForce RTX 3080, 5973, 4079, 10240, 97, 97
2026/07/30 19:26:56.485, 0, NVIDIA GeForce RTX 3080, 5973, 4079, 10240, 97, 97
2026/07/30 19:26:56.596, 0, NVIDIA GeForce RTX 3080, 5973, 4079, 10240, 97, 97
2026/07/30 19:26:56.708, 0, NVIDIA GeForce RTX 3080, 5973, 4079, 10240, 97, 97
2026/07/30 19:26:56.819, 0, NVIDIA GeForce RTX 3080, 5973, 4079, 10240, 97, 98
2026/07/30 19:26:56.931, 0, NVIDIA GeForce RTX 3080, 5973, 4079, 10240, 97, 98
2026/07/30 19:26:57.043, 0, NVIDIA GeForce RTX 3080, 5973, 4079, 10240, 97, 98
2026/07/30 19:26:57.155, 0, NVIDIA GeForce RTX 3080, 5973, 4079, 10240, 97, 98
2026/07/30 19:26:57.267, 0, NVIDIA GeForce RTX 3080, 5973, 4079, 10240, 97, 98
2026/07/30 19:26:57.379, 0, NVIDIA GeForce RTX 3080, 5973, 4079, 10240, 97, 98
2026/07/30 19:26:57.491, 0, NVIDIA GeForce RTX 3080, 5973, 4079, 10240, 97, 98
2026/07/30 19:26:57.602, 0, NVIDIA GeForce RTX 3080, 5973, 4079, 10240, 97, 98
2026/07/30 19:26:57.714, 0, NVIDIA GeForce RTX 3080, 5973, 4079, 10240, 97, 98
2026/07/30 19:26:57.825, 0, NVIDIA GeForce RTX 3080, 5973, 4079, 10240, 97, 97
2026/07/30 19:26:57.937, 0, NVIDIA GeForce RTX 3080, 5973, 4079, 10240, 97, 97
2026/07/30 19:26:58.049, 0, NVIDIA GeForce RTX 3080, 5973, 4079, 10240, 97, 97
2026/07/30 19:26:58.160, 0, NVIDIA GeForce RTX 3080, 5973, 4079, 10240, 97, 97
2026/07/30 19:26:58.271, 0, NVIDIA GeForce RTX 3080, 5973, 4079, 10240, 95, 98
2026/07/30 19:26:58.382, 0, NVIDIA GeForce RTX 3080, 5973, 4079, 10240, 95, 98
2026/07/30 19:26:58.492, 0, NVIDIA GeForce RTX 3080, 5973, 4079, 10240, 95, 98
2026/07/30 19:26:58.604, 0, NVIDIA GeForce RTX 3080, 5973, 4079, 10240, 95, 98
2026/07/30 19:26:58.715, 0, NVIDIA GeForce RTX 3080, 5973, 4079, 10240, 95, 98
2026/07/30 19:26:58.827, 0, NVIDIA GeForce RTX 3080, 5973, 4079, 10240, 96, 98
2026/07/30 19:26:58.939, 0, NVIDIA GeForce RTX 3080, 5973, 4079, 10240, 96, 98
2026/07/30 19:26:59.051, 0, NVIDIA GeForce RTX 3080, 5973, 4079, 10240, 96, 98
2026/07/30 19:26:59.163, 0, NVIDIA GeForce RTX 3080, 5973, 4079, 10240, 96, 98
2026/07/30 19:26:59.275, 0, NVIDIA GeForce RTX 3080, 5973, 4079, 10240, 96, 98
2026/07/30 19:26:59.387, 0, NVIDIA GeForce RTX 3080, 5973, 4079, 10240, 96, 98
2026/07/30 19:26:59.499, 0, NVIDIA GeForce RTX 3080, 5973, 4079, 10240, 96, 98
2026/07/30 19:26:59.611, 0, NVIDIA GeForce RTX 3080, 5973, 4079, 10240, 96, 98
2026/07/30 19:26:59.723, 0, NVIDIA GeForce RTX 3080, 5973, 4079, 10240, 95, 98
2026/07/30 19:26:59.835, 0, NVIDIA GeForce RTX 3080, 5973, 4079, 10240, 95, 98
2026/07/30 19:26:59.947, 0, NVIDIA GeForce RTX 3080, 5973, 4079, 10240, 95, 98
2026/07/30 19:27:00.059, 0, NVIDIA GeForce RTX 3080, 5973, 4079, 10240, 95, 98
2026/07/30 19:27:00.171, 0, NVIDIA GeForce RTX 3080, 5973, 4079, 10240, 95, 98
2026/07/30 19:27:00.283, 0, NVIDIA GeForce RTX 3080, 5973, 4079, 10240, 97, 98
2026/07/30 19:27:00.395, 0, NVIDIA GeForce RTX 3080, 5973, 4079, 10240, 97, 98
2026/07/30 19:27:00.506, 0, NVIDIA GeForce RTX 3080, 5973, 4079, 10240, 97, 98
2026/07/30 19:27:00.618, 0, NVIDIA GeForce RTX 3080, 5973, 4079, 10240, 97, 98
2026/07/30 19:27:00.730, 0, NVIDIA GeForce RTX 3080, 5973, 4079, 10240, 95, 96
2026/07/30 19:27:00.840, 0, NVIDIA GeForce RTX 3080, 5973, 4079, 10240, 95, 96
2026/07/30 19:27:00.952, 0, NVIDIA GeForce RTX 3080, 5973, 4079, 10240, 95, 96
2026/07/30 19:27:01.064, 0, NVIDIA GeForce RTX 3080, 5973, 4079, 10240, 95, 96
2026/07/30 19:27:01.176, 0, NVIDIA GeForce RTX 3080, 5973, 4079, 10240, 95, 96
2026/07/30 19:27:01.288, 0, NVIDIA GeForce RTX 3080, 5973, 4079, 10240, 97, 98
2026/07/30 19:27:01.401, 0, NVIDIA GeForce RTX 3080, 5973, 4079, 10240, 97, 98
2026/07/30 19:27:01.513, 0, NVIDIA GeForce RTX 3080, 5973, 4079, 10240, 97, 98
2026/07/30 19:27:01.625, 0, NVIDIA GeForce RTX 3080, 5973, 4079, 10240, 97, 98
2026/07/30 19:27:01.737, 0, NVIDIA GeForce RTX 3080, 5973, 4079, 10240, 92, 93
2026/07/30 19:27:01.849, 0, NVIDIA GeForce RTX 3080, 5973, 4079, 10240, 92, 93
2026/07/30 19:27:01.959, 0, NVIDIA GeForce RTX 3080, 5973, 4079, 10240, 92, 93
2026/07/30 19:27:02.071, 0, NVIDIA GeForce RTX 3080, 5973, 4079, 10240, 92, 93
2026/07/30 19:27:02.182, 0, NVIDIA GeForce RTX 3080, 5973, 4079, 10240, 92, 93
2026/07/30 19:27:02.293, 0, NVIDIA GeForce RTX 3080, 5973, 4079, 10240, 98, 98
2026/07/30 19:27:02.405, 0, NVIDIA GeForce RTX 3080, 5973, 4079, 10240, 98, 98
2026/07/30 19:27:02.517, 0, NVIDIA GeForce RTX 3080, 5973, 4079, 10240, 98, 98
2026/07/30 19:27:02.628, 0, NVIDIA GeForce RTX 3080, 5973, 4079, 10240, 98, 98
2026/07/30 19:27:02.739, 0, NVIDIA GeForce RTX 3080, 5973, 4079, 10240, 98, 97
2026/07/30 19:27:02.851, 0, NVIDIA GeForce RTX 3080, 5973, 4079, 10240, 98, 97
2026/07/30 19:27:02.963, 0, NVIDIA GeForce RTX 3080, 5973, 4079, 10240, 98, 97
2026/07/30 19:27:03.075, 0, NVIDIA GeForce RTX 3080, 5973, 4079, 10240, 98, 97
2026/07/30 19:27:03.186, 0, NVIDIA GeForce RTX 3080, 5973, 4079, 10240, 98, 97
2026/07/30 19:27:03.297, 0, NVIDIA GeForce RTX 3080, 5973, 4079, 10240, 97, 98
2026/07/30 19:27:03.409, 0, NVIDIA GeForce RTX 3080, 5973, 4079, 10240, 97, 98
2026/07/30 19:27:03.521, 0, NVIDIA GeForce RTX 3080, 5973, 4079, 10240, 97, 98
2026/07/30 19:27:03.633, 0, NVIDIA GeForce RTX 3080, 5973, 4079, 10240, 97, 98
2026/07/30 19:27:03.744, 0, NVIDIA GeForce RTX 3080, 5973, 4079, 10240, 95, 97
2026/07/30 19:27:03.856, 0, NVIDIA GeForce RTX 3080, 5973, 4079, 10240, 95, 97
2026/07/30 19:27:03.968, 0, NVIDIA GeForce RTX 3080, 5973, 4079, 10240, 95, 97
2026/07/30 19:27:04.080, 0, NVIDIA GeForce RTX 3080, 5973, 4079, 10240, 95, 97
2026/07/30 19:27:04.191, 0, NVIDIA GeForce RTX 3080, 5973, 4079, 10240, 95, 97
2026/07/30 19:27:04.303, 0, NVIDIA GeForce RTX 3080, 5973, 4079, 10240, 95, 98
2026/07/30 19:27:04.415, 0, NVIDIA GeForce RTX 3080, 5973, 4079, 10240, 95, 98
2026/07/30 19:27:04.527, 0, NVIDIA GeForce RTX 3080, 5973, 4079, 10240, 95, 98
2026/07/30 19:27:04.639, 0, NVIDIA GeForce RTX 3080, 5973, 4079, 10240, 95, 98
2026/07/30 19:27:04.751, 0, NVIDIA GeForce RTX 3080, 5973, 4079, 10240, 96, 98
2026/07/30 19:27:04.863, 0, NVIDIA GeForce RTX 3080, 5973, 4079, 10240, 96, 98
2026/07/30 19:27:04.974, 0, NVIDIA GeForce RTX 3080, 5973, 4079, 10240, 96, 98
2026/07/30 19:27:05.086, 0, NVIDIA GeForce RTX 3080, 5973, 4079, 10240, 96, 98
2026/07/30 19:27:05.199, 0, NVIDIA GeForce RTX 3080, 5973, 4079, 10240, 96, 98
2026/07/30 19:27:05.311, 0, NVIDIA GeForce RTX 3080, 5973, 4079, 10240, 95, 98
2026/07/30 19:27:05.423, 0, NVIDIA GeForce RTX 3080, 5973, 4079, 10240, 95, 98
2026/07/30 19:27:05.535, 0, NVIDIA GeForce RTX 3080, 5973, 4079, 10240, 95, 98
2026/07/30 19:27:05.647, 0, NVIDIA GeForce RTX 3080, 5973, 4079, 10240, 95, 98
2026/07/30 19:27:05.759, 0, NVIDIA GeForce RTX 3080, 5973, 4079, 10240, 98, 98
2026/07/30 19:27:05.871, 0, NVIDIA GeForce RTX 3080, 5973, 4079, 10240, 98, 98
2026/07/30 19:27:05.982, 0, NVIDIA GeForce RTX 3080, 5973, 4079, 10240, 98, 98
2026/07/30 19:27:06.093, 0, NVIDIA GeForce RTX 3080, 5973, 4079, 10240, 98, 98
2026/07/30 19:27:06.204, 0, NVIDIA GeForce RTX 3080, 5973, 4079, 10240, 98, 98
2026/07/30 19:27:06.316, 0, NVIDIA GeForce RTX 3080, 5973, 4079, 10240, 97, 98
2026/07/30 19:27:06.427, 0, NVIDIA GeForce RTX 3080, 5973, 4079, 10240, 97, 98
2026/07/30 19:27:06.539, 0, NVIDIA GeForce RTX 3080, 5973, 4079, 10240, 97, 98
2026/07/30 19:27:06.650, 0, NVIDIA GeForce RTX 3080, 5973, 4079, 10240, 97, 98
2026/07/30 19:27:06.762, 0, NVIDIA GeForce RTX 3080, 5973, 4079, 10240, 98, 98
2026/07/30 19:27:06.873, 0, NVIDIA GeForce RTX 3080, 5973, 4079, 10240, 98, 98
2026/07/30 19:27:06.985, 0, NVIDIA GeForce RTX 3080, 5973, 4079, 10240, 98, 98
2026/07/30 19:27:07.097, 0, NVIDIA GeForce RTX 3080, 5973, 4079, 10240, 98, 98
2026/07/30 19:27:07.209, 0, NVIDIA GeForce RTX 3080, 5973, 4079, 10240, 98, 98
2026/07/30 19:27:07.321, 0, NVIDIA GeForce RTX 3080, 5973, 4079, 10240, 96, 97
2026/07/30 19:27:07.433, 0, NVIDIA GeForce RTX 3080, 5973, 4079, 10240, 96, 97
2026/07/30 19:27:07.545, 0, NVIDIA GeForce RTX 3080, 5973, 4079, 10240, 96, 97
2026/07/30 19:27:07.657, 0, NVIDIA GeForce RTX 3080, 5973, 4079, 10240, 96, 97
2026/07/30 19:27:07.769, 0, NVIDIA GeForce RTX 3080, 5973, 4079, 10240, 96, 98
2026/07/30 19:27:07.880, 0, NVIDIA GeForce RTX 3080, 5973, 4079, 10240, 96, 98
2026/07/30 19:27:07.992, 0, NVIDIA GeForce RTX 3080, 5973, 4079, 10240, 96, 98
2026/07/30 19:27:08.104, 0, NVIDIA GeForce RTX 3080, 5973, 4079, 10240, 96, 98
2026/07/30 19:27:08.216, 0, NVIDIA GeForce RTX 3080, 5973, 4079, 10240, 96, 98
2026/07/30 19:27:08.328, 0, NVIDIA GeForce RTX 3080, 5973, 4079, 10240, 96, 98
2026/07/30 19:27:08.440, 0, NVIDIA GeForce RTX 3080, 5973, 4079, 10240, 96, 98
2026/07/30 19:27:08.553, 0, NVIDIA GeForce RTX 3080, 5973, 4079, 10240, 96, 98
2026/07/30 19:27:08.665, 0, NVIDIA GeForce RTX 3080, 5973, 4079, 10240, 96, 98
2026/07/30 19:27:08.776, 0, NVIDIA GeForce RTX 3080, 5973, 4079, 10240, 96, 98
2026/07/30 19:27:08.887, 0, NVIDIA GeForce RTX 3080, 5973, 4079, 10240, 96, 98
2026/07/30 19:27:08.998, 0, NVIDIA GeForce RTX 3080, 5973, 4079, 10240, 96, 98
2026/07/30 19:27:09.110, 0, NVIDIA GeForce RTX 3080, 5973, 4079, 10240, 96, 98
2026/07/30 19:27:09.220, 0, NVIDIA GeForce RTX 3080, 5973, 4079, 10240, 94, 97
2026/07/30 19:27:09.330, 0, NVIDIA GeForce RTX 3080, 5973, 4079, 10240, 94, 97
2026/07/30 19:27:09.439, 0, NVIDIA GeForce RTX 3080, 5973, 4079, 10240, 94, 97
2026/07/30 19:27:09.548, 0, NVIDIA GeForce RTX 3080, 5973, 4079, 10240, 94, 97
2026/07/30 19:27:09.658, 0, NVIDIA GeForce RTX 3080, 5973, 4079, 10240, 94, 97
2026/07/30 19:27:09.766, 0, NVIDIA GeForce RTX 3080, 5973, 4079, 10240, 97, 97
2026/07/30 19:27:09.876, 0, NVIDIA GeForce RTX 3080, 5973, 4079, 10240, 97, 97
2026/07/30 19:27:09.987, 0, NVIDIA GeForce RTX 3080, 5973, 4079, 10240, 97, 97
2026/07/30 19:27:10.099, 0, NVIDIA GeForce RTX 3080, 5973, 4079, 10240, 97, 97
2026/07/30 19:27:10.211, 0, NVIDIA GeForce RTX 3080, 5973, 4079, 10240, 97, 97
2026/07/30 19:27:10.323, 0, NVIDIA GeForce RTX 3080, 5973, 4079, 10240, 97, 98
2026/07/30 19:27:10.435, 0, NVIDIA GeForce RTX 3080, 5973, 4079, 10240, 97, 98
2026/07/30 19:27:10.547, 0, NVIDIA GeForce RTX 3080, 5973, 4079, 10240, 97, 98
2026/07/30 19:27:10.659, 0, NVIDIA GeForce RTX 3080, 5973, 4079, 10240, 97, 98
2026/07/30 19:27:10.771, 0, NVIDIA GeForce RTX 3080, 5973, 4079, 10240, 97, 98
2026/07/30 19:27:10.883, 0, NVIDIA GeForce RTX 3080, 5973, 4079, 10240, 97, 98
2026/07/30 19:27:10.995, 0, NVIDIA GeForce RTX 3080, 5973, 4079, 10240, 97, 98
2026/07/30 19:27:11.107, 0, NVIDIA GeForce RTX 3080, 5973, 4079, 10240, 97, 98
2026/07/30 19:27:11.217, 0, NVIDIA GeForce RTX 3080, 5973, 4079, 10240, 96, 98
2026/07/30 19:27:11.325, 0, NVIDIA GeForce RTX 3080, 5973, 4079, 10240, 96, 98
2026/07/30 19:27:11.435, 0, NVIDIA GeForce RTX 3080, 5973, 4079, 10240, 96, 98
2026/07/30 19:27:11.544, 0, NVIDIA GeForce RTX 3080, 5973, 4079, 10240, 96, 98
2026/07/30 19:27:11.654, 0, NVIDIA GeForce RTX 3080, 5973, 4079, 10240, 96, 98
2026/07/30 19:27:11.765, 0, NVIDIA GeForce RTX 3080, 5973, 4079, 10240, 98, 98
2026/07/30 19:27:11.877, 0, NVIDIA GeForce RTX 3080, 5973, 4079, 10240, 98, 98
2026/07/30 19:27:11.988, 0, NVIDIA GeForce RTX 3080, 5973, 4079, 10240, 98, 98
2026/07/30 19:27:12.100, 0, NVIDIA GeForce RTX 3080, 5973, 4079, 10240, 98, 98
2026/07/30 19:27:12.212, 0, NVIDIA GeForce RTX 3080, 5973, 4079, 10240, 98, 98
2026/07/30 19:27:12.324, 0, NVIDIA GeForce RTX 3080, 5973, 4079, 10240, 98, 98
2026/07/30 19:27:12.435, 0, NVIDIA GeForce RTX 3080, 5973, 4079, 10240, 98, 98
2026/07/30 19:27:12.547, 0, NVIDIA GeForce RTX 3080, 5973, 4079, 10240, 98, 98
2026/07/30 19:27:12.659, 0, NVIDIA GeForce RTX 3080, 5973, 4079, 10240, 98, 98
2026/07/30 19:27:12.771, 0, NVIDIA GeForce RTX 3080, 5973, 4079, 10240, 98, 98
2026/07/30 19:27:12.883, 0, NVIDIA GeForce RTX 3080, 5973, 4079, 10240, 98, 98
2026/07/30 19:27:12.995, 0, NVIDIA GeForce RTX 3080, 5973, 4079, 10240, 98, 98
2026/07/30 19:27:13.107, 0, NVIDIA GeForce RTX 3080, 5973, 4079, 10240, 98, 98
2026/07/30 19:27:13.219, 0, NVIDIA GeForce RTX 3080, 5973, 4079, 10240, 98, 98
2026/07/30 19:27:13.331, 0, NVIDIA GeForce RTX 3080, 5973, 4079, 10240, 98, 98
2026/07/30 19:27:13.443, 0, NVIDIA GeForce RTX 3080, 5973, 4079, 10240, 98, 98
2026/07/30 19:27:13.554, 0, NVIDIA GeForce RTX 3080, 5973, 4079, 10240, 98, 98
2026/07/30 19:27:13.666, 0, NVIDIA GeForce RTX 3080, 5973, 4079, 10240, 98, 98
2026/07/30 19:27:13.777, 0, NVIDIA GeForce RTX 3080, 5973, 4079, 10240, 95, 97
2026/07/30 19:27:13.889, 0, NVIDIA GeForce RTX 3080, 5973, 4079, 10240, 95, 97
2026/07/30 19:27:14.001, 0, NVIDIA GeForce RTX 3080, 5973, 4079, 10240, 95, 97
2026/07/30 19:27:14.113, 0, NVIDIA GeForce RTX 3080, 5973, 4079, 10240, 95, 97
2026/07/30 19:27:14.225, 0, NVIDIA GeForce RTX 3080, 5973, 4079, 10240, 95, 98
2026/07/30 19:27:14.337, 0, NVIDIA GeForce RTX 3080, 5973, 4079, 10240, 95, 98
2026/07/30 19:27:14.449, 0, NVIDIA GeForce RTX 3080, 5973, 4079, 10240, 95, 98
2026/07/30 19:27:14.561, 0, NVIDIA GeForce RTX 3080, 5973, 4079, 10240, 95, 98
2026/07/30 19:27:14.673, 0, NVIDIA GeForce RTX 3080, 5973, 4079, 10240, 95, 98
2026/07/30 19:27:14.786, 0, NVIDIA GeForce RTX 3080, 5973, 4079, 10240, 96, 98
2026/07/30 19:27:14.897, 0, NVIDIA GeForce RTX 3080, 5973, 4079, 10240, 96, 98
2026/07/30 19:27:15.009, 0, NVIDIA GeForce RTX 3080, 5973, 4079, 10240, 96, 98
2026/07/30 19:27:15.121, 0, NVIDIA GeForce RTX 3080, 5973, 4079, 10240, 96, 98
2026/07/30 19:27:15.233, 0, NVIDIA GeForce RTX 3080, 5973, 4079, 10240, 93, 96
2026/07/30 19:27:15.345, 0, NVIDIA GeForce RTX 3080, 5973, 4079, 10240, 93, 96
2026/07/30 19:27:15.457, 0, NVIDIA GeForce RTX 3080, 5973, 4079, 10240, 93, 96
2026/07/30 19:27:15.569, 0, NVIDIA GeForce RTX 3080, 5973, 4079, 10240, 93, 96
2026/07/30 19:27:15.681, 0, NVIDIA GeForce RTX 3080, 5973, 4079, 10240, 93, 96
2026/07/30 19:27:15.793, 0, NVIDIA GeForce RTX 3080, 5973, 4079, 10240, 97, 97
2026/07/30 19:27:15.905, 0, NVIDIA GeForce RTX 3080, 5973, 4079, 10240, 97, 97
2026/07/30 19:27:16.017, 0, NVIDIA GeForce RTX 3080, 5973, 4079, 10240, 97, 97
2026/07/30 19:27:16.129, 0, NVIDIA GeForce RTX 3080, 5973, 4079, 10240, 97, 97
2026/07/30 19:27:16.240, 0, NVIDIA GeForce RTX 3080, 5973, 4079, 10240, 97, 98
2026/07/30 19:27:16.349, 0, NVIDIA GeForce RTX 3080, 5973, 4079, 10240, 97, 98
2026/07/30 19:27:16.457, 0, NVIDIA GeForce RTX 3080, 5973, 4079, 10240, 97, 98
2026/07/30 19:27:16.568, 0, NVIDIA GeForce RTX 3080, 5973, 4079, 10240, 97, 98
2026/07/30 19:27:16.680, 0, NVIDIA GeForce RTX 3080, 5973, 4079, 10240, 97, 98
2026/07/30 19:27:16.792, 0, NVIDIA GeForce RTX 3080, 5973, 4079, 10240, 97, 98
2026/07/30 19:27:16.904, 0, NVIDIA GeForce RTX 3080, 5973, 4079, 10240, 97, 98
2026/07/30 19:27:17.015, 0, NVIDIA GeForce RTX 3080, 5973, 4079, 10240, 97, 98
2026/07/30 19:27:17.126, 0, NVIDIA GeForce RTX 3080, 5973, 4079, 10240, 97, 98
2026/07/30 19:27:17.238, 0, NVIDIA GeForce RTX 3080, 5973, 4079, 10240, 94, 96
2026/07/30 19:27:17.349, 0, NVIDIA GeForce RTX 3080, 5973, 4079, 10240, 94, 96
2026/07/30 19:27:17.460, 0, NVIDIA GeForce RTX 3080, 5973, 4079, 10240, 94, 96
2026/07/30 19:27:17.573, 0, NVIDIA GeForce RTX 3080, 5973, 4079, 10240, 94, 96
2026/07/30 19:27:17.685, 0, NVIDIA GeForce RTX 3080, 5973, 4079, 10240, 94, 96
2026/07/30 19:27:17.796, 0, NVIDIA GeForce RTX 3080, 5973, 4079, 10240, 95, 98
2026/07/30 19:27:17.908, 0, NVIDIA GeForce RTX 3080, 5973, 4079, 10240, 95, 98
2026/07/30 19:27:18.019, 0, NVIDIA GeForce RTX 3080, 5973, 4079, 10240, 95, 98
2026/07/30 19:27:18.130, 0, NVIDIA GeForce RTX 3080, 5973, 4079, 10240, 95, 98
2026/07/30 19:27:18.241, 0, NVIDIA GeForce RTX 3080, 5973, 4079, 10240, 95, 98
2026/07/30 19:27:18.352, 0, NVIDIA GeForce RTX 3080, 5973, 4079, 10240, 95, 98
2026/07/30 19:27:18.463, 0, NVIDIA GeForce RTX 3080, 5973, 4079, 10240, 95, 98
2026/07/30 19:27:18.575, 0, NVIDIA GeForce RTX 3080, 5973, 4079, 10240, 95, 98
2026/07/30 19:27:18.687, 0, NVIDIA GeForce RTX 3080, 5973, 4079, 10240, 95, 98
2026/07/30 19:27:18.799, 0, NVIDIA GeForce RTX 3080, 5973, 4079, 10240, 96, 98
2026/07/30 19:27:18.911, 0, NVIDIA GeForce RTX 3080, 5973, 4079, 10240, 96, 98
2026/07/30 19:27:19.023, 0, NVIDIA GeForce RTX 3080, 5973, 4079, 10240, 96, 98
2026/07/30 19:27:19.135, 0, NVIDIA GeForce RTX 3080, 5973, 4079, 10240, 96, 98
2026/07/30 19:27:19.247, 0, NVIDIA GeForce RTX 3080, 5973, 4079, 10240, 95, 98
2026/07/30 19:27:19.359, 0, NVIDIA GeForce RTX 3080, 5973, 4079, 10240, 95, 98
2026/07/30 19:27:19.471, 0, NVIDIA GeForce RTX 3080, 5973, 4079, 10240, 95, 98
2026/07/30 19:27:19.583, 0, NVIDIA GeForce RTX 3080, 5973, 4079, 10240, 95, 98
2026/07/30 19:27:19.696, 0, NVIDIA GeForce RTX 3080, 5973, 4079, 10240, 95, 98
2026/07/30 19:27:19.808, 0, NVIDIA GeForce RTX 3080, 5973, 4079, 10240, 97, 98
2026/07/30 19:27:19.920, 0, NVIDIA GeForce RTX 3080, 5973, 4079, 10240, 97, 98
2026/07/30 19:27:20.032, 0, NVIDIA GeForce RTX 3080, 5973, 4079, 10240, 97, 98
2026/07/30 19:27:20.144, 0, NVIDIA GeForce RTX 3080, 5973, 4079, 10240, 97, 98
2026/07/30 19:27:20.255, 0, NVIDIA GeForce RTX 3080, 5973, 4079, 10240, 95, 96
2026/07/30 19:27:20.366, 0, NVIDIA GeForce RTX 3080, 5973, 4079, 10240, 95, 96
2026/07/30 19:27:20.478, 0, NVIDIA GeForce RTX 3080, 5973, 4079, 10240, 95, 96
2026/07/30 19:27:20.590, 0, NVIDIA GeForce RTX 3080, 5973, 4079, 10240, 95, 96
2026/07/30 19:27:20.702, 0, NVIDIA GeForce RTX 3080, 5973, 4079, 10240, 95, 96
2026/07/30 19:27:20.814, 0, NVIDIA GeForce RTX 3080, 5973, 4079, 10240, 97, 97
2026/07/30 19:27:20.926, 0, NVIDIA GeForce RTX 3080, 5973, 4079, 10240, 97, 97
2026/07/30 19:27:21.038, 0, NVIDIA GeForce RTX 3080, 5973, 4079, 10240, 97, 97
2026/07/30 19:27:21.149, 0, NVIDIA GeForce RTX 3080, 5973, 4079, 10240, 97, 97
2026/07/30 19:27:21.261, 0, NVIDIA GeForce RTX 3080, 5973, 4079, 10240, 98, 98
2026/07/30 19:27:21.373, 0, NVIDIA GeForce RTX 3080, 5973, 4079, 10240, 98, 98
2026/07/30 19:27:21.485, 0, NVIDIA GeForce RTX 3080, 5973, 4079, 10240, 98, 98
2026/07/30 19:27:21.597, 0, NVIDIA GeForce RTX 3080, 5973, 4079, 10240, 98, 98
2026/07/30 19:27:21.709, 0, NVIDIA GeForce RTX 3080, 5973, 4079, 10240, 98, 98
2026/07/30 19:27:21.821, 0, NVIDIA GeForce RTX 3080, 5973, 4079, 10240, 98, 98
2026/07/30 19:27:21.933, 0, NVIDIA GeForce RTX 3080, 5973, 4079, 10240, 98, 98
2026/07/30 19:27:22.045, 0, NVIDIA GeForce RTX 3080, 5973, 4079, 10240, 98, 98
2026/07/30 19:27:22.156, 0, NVIDIA GeForce RTX 3080, 5973, 4079, 10240, 98, 98
2026/07/30 19:27:22.268, 0, NVIDIA GeForce RTX 3080, 5973, 4079, 10240, 98, 98
2026/07/30 19:27:22.379, 0, NVIDIA GeForce RTX 3080, 5973, 4079, 10240, 98, 98
2026/07/30 19:27:22.491, 0, NVIDIA GeForce RTX 3080, 5973, 4079, 10240, 98, 98
2026/07/30 19:27:22.603, 0, NVIDIA GeForce RTX 3080, 5973, 4079, 10240, 98, 98
2026/07/30 19:27:22.715, 0, NVIDIA GeForce RTX 3080, 5973, 4079, 10240, 98, 98
2026/07/30 19:27:22.827, 0, NVIDIA GeForce RTX 3080, 5973, 4079, 10240, 98, 98
2026/07/30 19:27:22.939, 0, NVIDIA GeForce RTX 3080, 5973, 4079, 10240, 98, 98
2026/07/30 19:27:23.050, 0, NVIDIA GeForce RTX 3080, 5973, 4079, 10240, 98, 98
2026/07/30 19:27:23.162, 0, NVIDIA GeForce RTX 3080, 5973, 4079, 10240, 98, 98
2026/07/30 19:27:23.273, 0, NVIDIA GeForce RTX 3080, 5973, 4079, 10240, 95, 98
2026/07/30 19:27:23.385, 0, NVIDIA GeForce RTX 3080, 5973, 4079, 10240, 95, 98
2026/07/30 19:27:23.497, 0, NVIDIA GeForce RTX 3080, 5973, 4079, 10240, 95, 98
2026/07/30 19:27:23.608, 0, NVIDIA GeForce RTX 3080, 5973, 4079, 10240, 95, 98
2026/07/30 19:27:23.719, 0, NVIDIA GeForce RTX 3080, 5973, 4079, 10240, 96, 98
2026/07/30 19:27:23.830, 0, NVIDIA GeForce RTX 3080, 5973, 4079, 10240, 96, 98
2026/07/30 19:27:23.942, 0, NVIDIA GeForce RTX 3080, 5973, 4079, 10240, 96, 98
2026/07/30 19:27:24.054, 0, NVIDIA GeForce RTX 3080, 5973, 4079, 10240, 96, 98
2026/07/30 19:27:24.165, 0, NVIDIA GeForce RTX 3080, 5973, 4079, 10240, 96, 98
2026/07/30 19:27:24.275, 0, NVIDIA GeForce RTX 3080, 5973, 4079, 10240, 95, 98
2026/07/30 19:27:24.384, 0, NVIDIA GeForce RTX 3080, 5973, 4079, 10240, 95, 98
2026/07/30 19:27:24.493, 0, NVIDIA GeForce RTX 3080, 5973, 4079, 10240, 95, 98
2026/07/30 19:27:24.603, 0, NVIDIA GeForce RTX 3080, 5973, 4079, 10240, 95, 98
2026/07/30 19:27:24.712, 0, NVIDIA GeForce RTX 3080, 5973, 4079, 10240, 95, 98
2026/07/30 19:27:24.820, 0, NVIDIA GeForce RTX 3080, 5973, 4079, 10240, 96, 98
2026/07/30 19:27:24.931, 0, NVIDIA GeForce RTX 3080, 5973, 4079, 10240, 96, 98
2026/07/30 19:27:25.041, 0, NVIDIA GeForce RTX 3080, 5973, 4079, 10240, 96, 98
2026/07/30 19:27:25.153, 0, NVIDIA GeForce RTX 3080, 5973, 4079, 10240, 96, 98
2026/07/30 19:27:25.265, 0, NVIDIA GeForce RTX 3080, 5973, 4079, 10240, 97, 98
2026/07/30 19:27:25.376, 0, NVIDIA GeForce RTX 3080, 5973, 4079, 10240, 97, 98
2026/07/30 19:27:25.487, 0, NVIDIA GeForce RTX 3080, 5973, 4079, 10240, 97, 98
2026/07/30 19:27:25.598, 0, NVIDIA GeForce RTX 3080, 5973, 4079, 10240, 97, 98
2026/07/30 19:27:25.710, 0, NVIDIA GeForce RTX 3080, 5973, 4079, 10240, 97, 98
2026/07/30 19:27:25.822, 0, NVIDIA GeForce RTX 3080, 5973, 4079, 10240, 97, 98
2026/07/30 19:27:25.934, 0, NVIDIA GeForce RTX 3080, 5973, 4079, 10240, 97, 98
2026/07/30 19:27:26.046, 0, NVIDIA GeForce RTX 3080, 5973, 4079, 10240, 97, 98
2026/07/30 19:27:26.156, 0, NVIDIA GeForce RTX 3080, 5973, 4079, 10240, 97, 98
2026/07/30 19:27:26.267, 0, NVIDIA GeForce RTX 3080, 5973, 4079, 10240, 96, 96
2026/07/30 19:27:26.379, 0, NVIDIA GeForce RTX 3080, 5973, 4079, 10240, 96, 96
2026/07/30 19:27:26.489, 0, NVIDIA GeForce RTX 3080, 5973, 4079, 10240, 96, 96
2026/07/30 19:27:26.598, 0, NVIDIA GeForce RTX 3080, 5973, 4079, 10240, 96, 96
2026/07/30 19:27:26.709, 0, NVIDIA GeForce RTX 3080, 5973, 4079, 10240, 96, 96
2026/07/30 19:27:26.821, 0, NVIDIA GeForce RTX 3080, 5973, 4079, 10240, 97, 98
2026/07/30 19:27:26.933, 0, NVIDIA GeForce RTX 3080, 5973, 4079, 10240, 97, 98
2026/07/30 19:27:27.044, 0, NVIDIA GeForce RTX 3080, 5973, 4079, 10240, 97, 98
2026/07/30 19:27:27.156, 0, NVIDIA GeForce RTX 3080, 5973, 4079, 10240, 97, 98
2026/07/30 19:27:27.267, 0, NVIDIA GeForce RTX 3080, 5973, 4079, 10240, 96, 98
2026/07/30 19:27:27.377, 0, NVIDIA GeForce RTX 3080, 5973, 4079, 10240, 96, 98
2026/07/30 19:27:27.488, 0, NVIDIA GeForce RTX 3080, 5973, 4079, 10240, 96, 98
2026/07/30 19:27:27.600, 0, NVIDIA GeForce RTX 3080, 5973, 4079, 10240, 96, 98
2026/07/30 19:27:27.712, 0, NVIDIA GeForce RTX 3080, 5973, 4079, 10240, 96, 98
2026/07/30 19:27:27.824, 0, NVIDIA GeForce RTX 3080, 5973, 4079, 10240, 95, 97
2026/07/30 19:27:27.935, 0, NVIDIA GeForce RTX 3080, 5973, 4079, 10240, 95, 97
2026/07/30 19:27:28.047, 0, NVIDIA GeForce RTX 3080, 5973, 4079, 10240, 95, 97
2026/07/30 19:27:28.157, 0, NVIDIA GeForce RTX 3080, 5973, 4079, 10240, 95, 97
2026/07/30 19:27:28.268, 0, NVIDIA GeForce RTX 3080, 5973, 4079, 10240, 96, 98
2026/07/30 19:27:28.380, 0, NVIDIA GeForce RTX 3080, 5973, 4079, 10240, 96, 98
2026/07/30 19:27:28.490, 0, NVIDIA GeForce RTX 3080, 5973, 4079, 10240, 96, 98
2026/07/30 19:27:28.601, 0, NVIDIA GeForce RTX 3080, 5973, 4079, 10240, 96, 98
2026/07/30 19:27:28.713, 0, NVIDIA GeForce RTX 3080, 5973, 4079, 10240, 96, 98
2026/07/30 19:27:28.826, 0, NVIDIA GeForce RTX 3080, 5973, 4079, 10240, 95, 97
2026/07/30 19:27:28.938, 0, NVIDIA GeForce RTX 3080, 5973, 4079, 10240, 95, 97
2026/07/30 19:27:29.050, 0, NVIDIA GeForce RTX 3080, 5973, 4079, 10240, 95, 97
2026/07/30 19:27:29.162, 0, NVIDIA GeForce RTX 3080, 5973, 4079, 10240, 95, 97
2026/07/30 19:27:29.271, 0, NVIDIA GeForce RTX 3080, 5973, 4079, 10240, 96, 97
2026/07/30 19:27:29.381, 0, NVIDIA GeForce RTX 3080, 5973, 4079, 10240, 96, 97
2026/07/30 19:27:29.490, 0, NVIDIA GeForce RTX 3080, 5973, 4079, 10240, 96, 97
2026/07/30 19:27:29.599, 0, NVIDIA GeForce RTX 3080, 5973, 4079, 10240, 96, 97
2026/07/30 19:27:29.709, 0, NVIDIA GeForce RTX 3080, 5973, 4079, 10240, 96, 97
2026/07/30 19:27:29.817, 0, NVIDIA GeForce RTX 3080, 5973, 4079, 10240, 97, 98
2026/07/30 19:27:29.929, 0, NVIDIA GeForce RTX 3080, 5973, 4079, 10240, 97, 98
2026/07/30 19:27:30.039, 0, NVIDIA GeForce RTX 3080, 5973, 4079, 10240, 97, 98
2026/07/30 19:27:30.150, 0, NVIDIA GeForce RTX 3080, 5973, 4079, 10240, 97, 98
2026/07/30 19:27:30.262, 0, NVIDIA GeForce RTX 3080, 5973, 4079, 10240, 97, 98
2026/07/30 19:27:30.374, 0, NVIDIA GeForce RTX 3080, 5973, 4079, 10240, 97, 98
2026/07/30 19:27:30.486, 0, NVIDIA GeForce RTX 3080, 5973, 4079, 10240, 97, 98
2026/07/30 19:27:30.596, 0, NVIDIA GeForce RTX 3080, 5973, 4079, 10240, 97, 98
2026/07/30 19:27:30.707, 0, NVIDIA GeForce RTX 3080, 5973, 4079, 10240, 97, 98
2026/07/30 19:27:30.819, 0, NVIDIA GeForce RTX 3080, 5973, 4079, 10240, 97, 98
2026/07/30 19:27:30.930, 0, NVIDIA GeForce RTX 3080, 5973, 4079, 10240, 97, 98
2026/07/30 19:27:31.042, 0, NVIDIA GeForce RTX 3080, 5973, 4079, 10240, 97, 98
2026/07/30 19:27:31.154, 0, NVIDIA GeForce RTX 3080, 5973, 4079, 10240, 97, 98
2026/07/30 19:27:31.264, 0, NVIDIA GeForce RTX 3080, 5973, 4079, 10240, 98, 98
2026/07/30 19:27:31.374, 0, NVIDIA GeForce RTX 3080, 5973, 4079, 10240, 98, 98
2026/07/30 19:27:31.483, 0, NVIDIA GeForce RTX 3080, 5973, 4079, 10240, 98, 98
2026/07/30 19:27:31.595, 0, NVIDIA GeForce RTX 3080, 5973, 4079, 10240, 98, 98
2026/07/30 19:27:31.705, 0, NVIDIA GeForce RTX 3080, 5973, 4079, 10240, 98, 98
2026/07/30 19:27:31.817, 0, NVIDIA GeForce RTX 3080, 5973, 4079, 10240, 98, 98
2026/07/30 19:27:31.928, 0, NVIDIA GeForce RTX 3080, 5973, 4079, 10240, 98, 98
2026/07/30 19:27:32.040, 0, NVIDIA GeForce RTX 3080, 5973, 4079, 10240, 98, 98
2026/07/30 19:27:32.152, 0, NVIDIA GeForce RTX 3080, 5973, 4079, 10240, 98, 98
2026/07/30 19:27:32.263, 0, NVIDIA GeForce RTX 3080, 5973, 4079, 10240, 98, 98
2026/07/30 19:27:32.375, 0, NVIDIA GeForce RTX 3080, 5973, 4079, 10240, 98, 98
2026/07/30 19:27:32.487, 0, NVIDIA GeForce RTX 3080, 5973, 4079, 10240, 98, 98
2026/07/30 19:27:32.599, 0, NVIDIA GeForce RTX 3080, 5973, 4079, 10240, 98, 98
2026/07/30 19:27:32.711, 0, NVIDIA GeForce RTX 3080, 5973, 4079, 10240, 98, 98
2026/07/30 19:27:32.824, 0, NVIDIA GeForce RTX 3080, 5973, 4079, 10240, 96, 97
2026/07/30 19:27:32.935, 0, NVIDIA GeForce RTX 3080, 5973, 4079, 10240, 96, 97
2026/07/30 19:27:33.047, 0, NVIDIA GeForce RTX 3080, 5973, 4079, 10240, 96, 97
2026/07/30 19:27:33.159, 0, NVIDIA GeForce RTX 3080, 5973, 4079, 10240, 96, 97
2026/07/30 19:27:33.271, 0, NVIDIA GeForce RTX 3080, 5973, 4079, 10240, 94, 96
2026/07/30 19:27:33.383, 0, NVIDIA GeForce RTX 3080, 5973, 4079, 10240, 94, 96
2026/07/30 19:27:33.495, 0, NVIDIA GeForce RTX 3080, 5973, 4079, 10240, 94, 96
2026/07/30 19:27:33.607, 0, NVIDIA GeForce RTX 3080, 5973, 4079, 10240, 94, 96
2026/07/30 19:27:33.719, 0, NVIDIA GeForce RTX 3080, 5973, 4079, 10240, 96, 98
2026/07/30 19:27:33.831, 0, NVIDIA GeForce RTX 3080, 5973, 4079, 10240, 96, 98
2026/07/30 19:27:33.943, 0, NVIDIA GeForce RTX 3080, 5973, 4079, 10240, 96, 98
2026/07/30 19:27:34.055, 0, NVIDIA GeForce RTX 3080, 5973, 4079, 10240, 96, 98
2026/07/30 19:27:34.167, 0, NVIDIA GeForce RTX 3080, 5973, 4079, 10240, 96, 98
2026/07/30 19:27:34.279, 0, NVIDIA GeForce RTX 3080, 5973, 4079, 10240, 95, 97
2026/07/30 19:27:34.391, 0, NVIDIA GeForce RTX 3080, 5973, 4079, 10240, 95, 97
2026/07/30 19:27:34.503, 0, NVIDIA GeForce RTX 3080, 5973, 4079, 10240, 95, 97
2026/07/30 19:27:34.614, 0, NVIDIA GeForce RTX 3080, 5973, 4079, 10240, 95, 97
2026/07/30 19:27:34.725, 0, NVIDIA GeForce RTX 3080, 5973, 4079, 10240, 94, 96
2026/07/30 19:27:34.837, 0, NVIDIA GeForce RTX 3080, 5973, 4079, 10240, 94, 96
2026/07/30 19:27:34.949, 0, NVIDIA GeForce RTX 3080, 5973, 4079, 10240, 94, 96
2026/07/30 19:27:35.061, 0, NVIDIA GeForce RTX 3080, 5973, 4079, 10240, 94, 96
2026/07/30 19:27:35.172, 0, NVIDIA GeForce RTX 3080, 5973, 4079, 10240, 94, 96
2026/07/30 19:27:35.284, 0, NVIDIA GeForce RTX 3080, 5973, 4079, 10240, 97, 97
2026/07/30 19:27:35.396, 0, NVIDIA GeForce RTX 3080, 5973, 4079, 10240, 97, 97
2026/07/30 19:27:35.508, 0, NVIDIA GeForce RTX 3080, 5973, 4079, 10240, 97, 97
2026/07/30 19:27:35.619, 0, NVIDIA GeForce RTX 3080, 5973, 4079, 10240, 97, 97
2026/07/30 19:27:35.731, 0, NVIDIA GeForce RTX 3080, 5973, 4079, 10240, 97, 97
2026/07/30 19:27:35.844, 0, NVIDIA GeForce RTX 3080, 5973, 4079, 10240, 97, 97
2026/07/30 19:27:35.955, 0, NVIDIA GeForce RTX 3080, 5973, 4079, 10240, 97, 97
2026/07/30 19:27:36.067, 0, NVIDIA GeForce RTX 3080, 5973, 4079, 10240, 97, 97
2026/07/30 19:27:36.179, 0, NVIDIA GeForce RTX 3080, 5973, 4079, 10240, 97, 97
2026/07/30 19:27:36.288, 0, NVIDIA GeForce RTX 3080, 5973, 4079, 10240, 97, 97
2026/07/30 19:27:36.395, 0, NVIDIA GeForce RTX 3080, 5973, 4079, 10240, 97, 97
2026/07/30 19:27:36.507, 0, NVIDIA GeForce RTX 3080, 5973, 4079, 10240, 97, 97
2026/07/30 19:27:36.617, 0, NVIDIA GeForce RTX 3080, 5973, 4079, 10240, 97, 97
2026/07/30 19:27:36.730, 0, NVIDIA GeForce RTX 3080, 5973, 4079, 10240, 94, 96
2026/07/30 19:27:36.841, 0, NVIDIA GeForce RTX 3080, 5973, 4079, 10240, 94, 96
2026/07/30 19:27:36.952, 0, NVIDIA GeForce RTX 3080, 5973, 4079, 10240, 94, 96
2026/07/30 19:27:37.063, 0, NVIDIA GeForce RTX 3080, 5973, 4079, 10240, 94, 96
2026/07/30 19:27:37.175, 0, NVIDIA GeForce RTX 3080, 5973, 4079, 10240, 94, 96
2026/07/30 19:27:37.287, 0, NVIDIA GeForce RTX 3080, 5973, 4079, 10240, 96, 98
2026/07/30 19:27:37.399, 0, NVIDIA GeForce RTX 3080, 5973, 4079, 10240, 96, 98
2026/07/30 19:27:37.511, 0, NVIDIA GeForce RTX 3080, 5973, 4079, 10240, 96, 98
2026/07/30 19:27:37.623, 0, NVIDIA GeForce RTX 3080, 5973, 4079, 10240, 96, 98
2026/07/30 19:27:37.735, 0, NVIDIA GeForce RTX 3080, 5973, 4079, 10240, 96, 98
2026/07/30 19:27:37.847, 0, NVIDIA GeForce RTX 3080, 5973, 4079, 10240, 96, 98
2026/07/30 19:27:37.958, 0, NVIDIA GeForce RTX 3080, 5973, 4079, 10240, 96, 98
2026/07/30 19:27:38.070, 0, NVIDIA GeForce RTX 3080, 5973, 4079, 10240, 96, 98
2026/07/30 19:27:38.182, 0, NVIDIA GeForce RTX 3080, 5973, 4079, 10240, 96, 98
2026/07/30 19:27:38.294, 0, NVIDIA GeForce RTX 3080, 5973, 4079, 10240, 96, 98
2026/07/30 19:27:38.406, 0, NVIDIA GeForce RTX 3080, 5973, 4079, 10240, 96, 98
2026/07/30 19:27:38.518, 0, NVIDIA GeForce RTX 3080, 5973, 4079, 10240, 96, 98
2026/07/30 19:27:38.629, 0, NVIDIA GeForce RTX 3080, 5973, 4079, 10240, 96, 98
2026/07/30 19:27:38.741, 0, NVIDIA GeForce RTX 3080, 5973, 4079, 10240, 96, 98
2026/07/30 19:27:38.853, 0, NVIDIA GeForce RTX 3080, 5973, 4079, 10240, 96, 98
2026/07/30 19:27:38.965, 0, NVIDIA GeForce RTX 3080, 5973, 4079, 10240, 96, 98
2026/07/30 19:27:39.077, 0, NVIDIA GeForce RTX 3080, 5973, 4079, 10240, 96, 98
2026/07/30 19:27:39.187, 0, NVIDIA GeForce RTX 3080, 5973, 4079, 10240, 96, 98
2026/07/30 19:27:39.299, 0, NVIDIA GeForce RTX 3080, 5973, 4079, 10240, 97, 98
2026/07/30 19:27:39.410, 0, NVIDIA GeForce RTX 3080, 5973, 4079, 10240, 97, 98
2026/07/30 19:27:39.521, 0, NVIDIA GeForce RTX 3080, 5973, 4079, 10240, 97, 98
2026/07/30 19:27:39.633, 0, NVIDIA GeForce RTX 3080, 5973, 4079, 10240, 97, 98
2026/07/30 19:27:39.745, 0, NVIDIA GeForce RTX 3080, 5973, 4079, 10240, 95, 96
2026/07/30 19:27:39.856, 0, NVIDIA GeForce RTX 3080, 5973, 4079, 10240, 95, 96
2026/07/30 19:27:39.967, 0, NVIDIA GeForce RTX 3080, 5973, 4079, 10240, 95, 96
2026/07/30 19:27:40.079, 0, NVIDIA GeForce RTX 3080, 5973, 4079, 10240, 95, 96
2026/07/30 19:27:40.191, 0, NVIDIA GeForce RTX 3080, 5973, 4079, 10240, 95, 96
2026/07/30 19:27:40.302, 0, NVIDIA GeForce RTX 3080, 5973, 4079, 10240, 97, 98
2026/07/30 19:27:40.414, 0, NVIDIA GeForce RTX 3080, 5973, 4079, 10240, 97, 98
2026/07/30 19:27:40.525, 0, NVIDIA GeForce RTX 3080, 5973, 4079, 10240, 97, 98
2026/07/30 19:27:40.637, 0, NVIDIA GeForce RTX 3080, 5973, 4079, 10240, 97, 98
2026/07/30 19:27:40.747, 0, NVIDIA GeForce RTX 3080, 5973, 4079, 10240, 98, 98
2026/07/30 19:27:40.859, 0, NVIDIA GeForce RTX 3080, 5973, 4079, 10240, 98, 98
2026/07/30 19:27:40.971, 0, NVIDIA GeForce RTX 3080, 5973, 4079, 10240, 98, 98
2026/07/30 19:27:41.083, 0, NVIDIA GeForce RTX 3080, 5973, 4079, 10240, 98, 98
2026/07/30 19:27:41.195, 0, NVIDIA GeForce RTX 3080, 5973, 4079, 10240, 98, 98
2026/07/30 19:27:41.307, 0, NVIDIA GeForce RTX 3080, 5973, 4079, 10240, 98, 98
2026/07/30 19:27:41.418, 0, NVIDIA GeForce RTX 3080, 5973, 4079, 10240, 98, 98
2026/07/30 19:27:41.527, 0, NVIDIA GeForce RTX 3080, 5973, 4079, 10240, 98, 98
2026/07/30 19:27:41.639, 0, NVIDIA GeForce RTX 3080, 5973, 4079, 10240, 98, 98
2026/07/30 19:27:41.749, 0, NVIDIA GeForce RTX 3080, 5973, 4079, 10240, 96, 96
2026/07/30 19:27:41.861, 0, NVIDIA GeForce RTX 3080, 5973, 4079, 10240, 96, 96
2026/07/30 19:27:41.973, 0, NVIDIA GeForce RTX 3080, 5973, 4079, 10240, 96, 96
2026/07/30 19:27:42.085, 0, NVIDIA GeForce RTX 3080, 5973, 4079, 10240, 96, 96
2026/07/30 19:27:42.197, 0, NVIDIA GeForce RTX 3080, 5973, 4079, 10240, 96, 96
2026/07/30 19:27:42.308, 0, NVIDIA GeForce RTX 3080, 5973, 4079, 10240, 98, 97
2026/07/30 19:27:42.417, 0, NVIDIA GeForce RTX 3080, 5973, 4079, 10240, 98, 97
2026/07/30 19:27:42.526, 0, NVIDIA GeForce RTX 3080, 5973, 4079, 10240, 98, 97
2026/07/30 19:27:42.636, 0, NVIDIA GeForce RTX 3080, 5973, 4079, 10240, 98, 97
2026/07/30 19:27:42.745, 0, NVIDIA GeForce RTX 3080, 5973, 4079, 10240, 96, 98
2026/07/30 19:27:42.854, 0, NVIDIA GeForce RTX 3080, 5973, 4079, 10240, 96, 98
2026/07/30 19:27:42.962, 0, NVIDIA GeForce RTX 3080, 5973, 4079, 10240, 96, 98
2026/07/30 19:27:43.072, 0, NVIDIA GeForce RTX 3080, 5973, 4079, 10240, 96, 98
2026/07/30 19:27:43.183, 0, NVIDIA GeForce RTX 3080, 5973, 4079, 10240, 96, 98
2026/07/30 19:27:43.295, 0, NVIDIA GeForce RTX 3080, 5973, 4079, 10240, 95, 98
2026/07/30 19:27:43.407, 0, NVIDIA GeForce RTX 3080, 5973, 4079, 10240, 95, 98
2026/07/30 19:27:43.519, 0, NVIDIA GeForce RTX 3080, 5973, 4079, 10240, 95, 98
2026/07/30 19:27:43.630, 0, NVIDIA GeForce RTX 3080, 5973, 4079, 10240, 95, 98
2026/07/30 19:27:43.742, 0, NVIDIA GeForce RTX 3080, 5973, 4079, 10240, 95, 97
2026/07/30 19:27:43.854, 0, NVIDIA GeForce RTX 3080, 5973, 4079, 10240, 95, 97
2026/07/30 19:27:43.966, 0, NVIDIA GeForce RTX 3080, 5973, 4079, 10240, 95, 97
2026/07/30 19:27:44.078, 0, NVIDIA GeForce RTX 3080, 5973, 4079, 10240, 95, 97
2026/07/30 19:27:44.190, 0, NVIDIA GeForce RTX 3080, 5973, 4079, 10240, 95, 97
2026/07/30 19:27:44.300, 0, NVIDIA GeForce RTX 3080, 5973, 4079, 10240, 96, 98
2026/07/30 19:27:44.410, 0, NVIDIA GeForce RTX 3080, 5973, 4079, 10240, 96, 98
2026/07/30 19:27:44.519, 0, NVIDIA GeForce RTX 3080, 5973, 4079, 10240, 96, 98
2026/07/30 19:27:44.628, 0, NVIDIA GeForce RTX 3080, 5973, 4079, 10240, 96, 98
2026/07/30 19:27:44.737, 0, NVIDIA GeForce RTX 3080, 5973, 4079, 10240, 97, 98
2026/07/30 19:27:44.847, 0, NVIDIA GeForce RTX 3080, 5973, 4079, 10240, 97, 98
2026/07/30 19:27:44.959, 0, NVIDIA GeForce RTX 3080, 5973, 4079, 10240, 97, 98
2026/07/30 19:27:45.071, 0, NVIDIA GeForce RTX 3080, 5973, 4079, 10240, 97, 98
2026/07/30 19:27:45.182, 0, NVIDIA GeForce RTX 3080, 5973, 4079, 10240, 97, 98
2026/07/30 19:27:45.294, 0, NVIDIA GeForce RTX 3080, 5973, 4079, 10240, 98, 98
2026/07/30 19:27:45.406, 0, NVIDIA GeForce RTX 3080, 5973, 4079, 10240, 98, 98
2026/07/30 19:27:45.518, 0, NVIDIA GeForce RTX 3080, 5973, 4079, 10240, 98, 98
2026/07/30 19:27:45.630, 0, NVIDIA GeForce RTX 3080, 5973, 4079, 10240, 98, 98
2026/07/30 19:27:45.743, 0, NVIDIA GeForce RTX 3080, 5973, 4079, 10240, 97, 98
2026/07/30 19:27:45.855, 0, NVIDIA GeForce RTX 3080, 5973, 4079, 10240, 97, 98
2026/07/30 19:27:45.966, 0, NVIDIA GeForce RTX 3080, 5973, 4079, 10240, 97, 98
2026/07/30 19:27:46.077, 0, NVIDIA GeForce RTX 3080, 5973, 4079, 10240, 97, 98
2026/07/30 19:27:46.188, 0, NVIDIA GeForce RTX 3080, 5973, 4079, 10240, 97, 98
2026/07/30 19:27:46.300, 0, NVIDIA GeForce RTX 3080, 5973, 4079, 10240, 97, 98
2026/07/30 19:27:46.412, 0, NVIDIA GeForce RTX 3080, 5973, 4079, 10240, 97, 98
2026/07/30 19:27:46.524, 0, NVIDIA GeForce RTX 3080, 5973, 4079, 10240, 97, 98
2026/07/30 19:27:46.636, 0, NVIDIA GeForce RTX 3080, 5973, 4079, 10240, 97, 98
2026/07/30 19:27:46.748, 0, NVIDIA GeForce RTX 3080, 5973, 4079, 10240, 94, 97
2026/07/30 19:27:46.860, 0, NVIDIA GeForce RTX 3080, 5973, 4079, 10240, 94, 97
2026/07/30 19:27:46.971, 0, NVIDIA GeForce RTX 3080, 5973, 4079, 10240, 94, 97
2026/07/30 19:27:47.082, 0, NVIDIA GeForce RTX 3080, 5973, 4079, 10240, 94, 97
2026/07/30 19:27:47.193, 0, NVIDIA GeForce RTX 3080, 5973, 4079, 10240, 94, 97
2026/07/30 19:27:47.305, 0, NVIDIA GeForce RTX 3080, 5973, 4079, 10240, 95, 98
2026/07/30 19:27:47.416, 0, NVIDIA GeForce RTX 3080, 5973, 4079, 10240, 95, 98
2026/07/30 19:27:47.528, 0, NVIDIA GeForce RTX 3080, 5973, 4079, 10240, 95, 98
2026/07/30 19:27:47.640, 0, NVIDIA GeForce RTX 3080, 5973, 4079, 10240, 95, 98
2026/07/30 19:27:47.752, 0, NVIDIA GeForce RTX 3080, 5973, 4079, 10240, 95, 97
2026/07/30 19:27:47.864, 0, NVIDIA GeForce RTX 3080, 5973, 4079, 10240, 95, 97
2026/07/30 19:27:47.976, 0, NVIDIA GeForce RTX 3080, 5973, 4079, 10240, 95, 97
2026/07/30 19:27:48.088, 0, NVIDIA GeForce RTX 3080, 5973, 4079, 10240, 95, 97
2026/07/30 19:27:48.200, 0, NVIDIA GeForce RTX 3080, 5973, 4079, 10240, 95, 97
2026/07/30 19:27:48.313, 0, NVIDIA GeForce RTX 3080, 5973, 4079, 10240, 96, 98
2026/07/30 19:27:48.425, 0, NVIDIA GeForce RTX 3080, 5973, 4079, 10240, 96, 98
2026/07/30 19:27:48.536, 0, NVIDIA GeForce RTX 3080, 5973, 4079, 10240, 96, 98
2026/07/30 19:27:48.646, 0, NVIDIA GeForce RTX 3080, 5973, 4079, 10240, 96, 98
2026/07/30 19:27:48.757, 0, NVIDIA GeForce RTX 3080, 5973, 4079, 10240, 97, 98
2026/07/30 19:27:48.869, 0, NVIDIA GeForce RTX 3080, 5973, 4079, 10240, 97, 98
2026/07/30 19:27:48.981, 0, NVIDIA GeForce RTX 3080, 5973, 4079, 10240, 97, 98
2026/07/30 19:27:49.093, 0, NVIDIA GeForce RTX 3080, 5973, 4079, 10240, 97, 98
2026/07/30 19:27:49.204, 0, NVIDIA GeForce RTX 3080, 5973, 4079, 10240, 97, 98
2026/07/30 19:27:49.314, 0, NVIDIA GeForce RTX 3080, 5973, 4079, 10240, 97, 98
2026/07/30 19:27:49.423, 0, NVIDIA GeForce RTX 3080, 5973, 4079, 10240, 97, 98
2026/07/30 19:27:49.533, 0, NVIDIA GeForce RTX 3080, 5973, 4079, 10240, 97, 98
2026/07/30 19:27:49.642, 0, NVIDIA GeForce RTX 3080, 5973, 4079, 10240, 97, 98
2026/07/30 19:27:49.752, 0, NVIDIA GeForce RTX 3080, 5973, 4079, 10240, 97, 98
2026/07/30 19:27:49.864, 0, NVIDIA GeForce RTX 3080, 5973, 4079, 10240, 97, 98
2026/07/30 19:27:49.976, 0, NVIDIA GeForce RTX 3080, 5973, 4079, 10240, 97, 98
2026/07/30 19:27:50.088, 0, NVIDIA GeForce RTX 3080, 5973, 4079, 10240, 97, 98
2026/07/30 19:27:50.200, 0, NVIDIA GeForce RTX 3080, 5973, 4079, 10240, 97, 98
2026/07/30 19:27:50.312, 0, NVIDIA GeForce RTX 3080, 5973, 4079, 10240, 97, 98
2026/07/30 19:27:50.423, 0, NVIDIA GeForce RTX 3080, 5973, 4079, 10240, 97, 98
2026/07/30 19:27:50.533, 0, NVIDIA GeForce RTX 3080, 5973, 4079, 10240, 97, 98
2026/07/30 19:27:50.644, 0, NVIDIA GeForce RTX 3080, 5973, 4079, 10240, 97, 98
2026/07/30 19:27:50.756, 0, NVIDIA GeForce RTX 3080, 5973, 4079, 10240, 98, 98
2026/07/30 19:27:50.868, 0, NVIDIA GeForce RTX 3080, 5973, 4079, 10240, 98, 98
2026/07/30 19:27:50.979, 0, NVIDIA GeForce RTX 3080, 5973, 4079, 10240, 98, 98
2026/07/30 19:27:51.091, 0, NVIDIA GeForce RTX 3080, 5973, 4079, 10240, 98, 98
2026/07/30 19:27:51.203, 0, NVIDIA GeForce RTX 3080, 5973, 4079, 10240, 98, 98
2026/07/30 19:27:51.312, 0, NVIDIA GeForce RTX 3080, 5973, 4079, 10240, 98, 98
2026/07/30 19:27:51.421, 0, NVIDIA GeForce RTX 3080, 5973, 4079, 10240, 98, 98
2026/07/30 19:27:51.532, 0, NVIDIA GeForce RTX 3080, 5973, 4079, 10240, 98, 98
2026/07/30 19:27:51.645, 0, NVIDIA GeForce RTX 3080, 5973, 4079, 10240, 98, 98
2026/07/30 19:27:51.757, 0, NVIDIA GeForce RTX 3080, 5973, 4079, 10240, 98, 98
2026/07/30 19:27:51.869, 0, NVIDIA GeForce RTX 3080, 5973, 4079, 10240, 98, 98
2026/07/30 19:27:51.981, 0, NVIDIA GeForce RTX 3080, 5973, 4079, 10240, 98, 98
2026/07/30 19:27:52.093, 0, NVIDIA GeForce RTX 3080, 5973, 4079, 10240, 98, 98
2026/07/30 19:27:52.204, 0, NVIDIA GeForce RTX 3080, 5973, 4079, 10240, 98, 98
2026/07/30 19:27:52.316, 0, NVIDIA GeForce RTX 3080, 5973, 4079, 10240, 94, 96
2026/07/30 19:27:52.428, 0, NVIDIA GeForce RTX 3080, 5973, 4079, 10240, 94, 96
2026/07/30 19:27:52.540, 0, NVIDIA GeForce RTX 3080, 5973, 4079, 10240, 94, 96
2026/07/30 19:27:52.652, 0, NVIDIA GeForce RTX 3080, 5973, 4079, 10240, 94, 96
2026/07/30 19:27:52.764, 0, NVIDIA GeForce RTX 3080, 5973, 4079, 10240, 95, 98
2026/07/30 19:27:52.876, 0, NVIDIA GeForce RTX 3080, 5973, 4079, 10240, 95, 98
2026/07/30 19:27:52.988, 0, NVIDIA GeForce RTX 3080, 5973, 4079, 10240, 95, 98
2026/07/30 19:27:53.100, 0, NVIDIA GeForce RTX 3080, 5973, 4079, 10240, 95, 98
2026/07/30 19:27:53.211, 0, NVIDIA GeForce RTX 3080, 5973, 4079, 10240, 95, 98
2026/07/30 19:27:53.323, 0, NVIDIA GeForce RTX 3080, 5973, 4079, 10240, 96, 98
2026/07/30 19:27:53.435, 0, NVIDIA GeForce RTX 3080, 5973, 4079, 10240, 96, 98
2026/07/30 19:27:53.547, 0, NVIDIA GeForce RTX 3080, 5973, 4079, 10240, 96, 98
2026/07/30 19:27:53.659, 0, NVIDIA GeForce RTX 3080, 5973, 4079, 10240, 96, 98
2026/07/30 19:27:53.771, 0, NVIDIA GeForce RTX 3080, 5973, 4079, 10240, 94, 96
2026/07/30 19:27:53.882, 0, NVIDIA GeForce RTX 3080, 5973, 4079, 10240, 94, 96
2026/07/30 19:27:53.994, 0, NVIDIA GeForce RTX 3080, 5973, 4079, 10240, 94, 96
2026/07/30 19:27:54.106, 0, NVIDIA GeForce RTX 3080, 5973, 4079, 10240, 94, 96
2026/07/30 19:27:54.217, 0, NVIDIA GeForce RTX 3080, 5973, 4079, 10240, 94, 96
2026/07/30 19:27:54.329, 0, NVIDIA GeForce RTX 3080, 5973, 4079, 10240, 94, 96
2026/07/30 19:27:54.439, 0, NVIDIA GeForce RTX 3080, 5973, 4079, 10240, 94, 96
2026/07/30 19:27:54.551, 0, NVIDIA GeForce RTX 3080, 5973, 4079, 10240, 94, 96
2026/07/30 19:27:54.662, 0, NVIDIA GeForce RTX 3080, 5973, 4079, 10240, 94, 96
2026/07/30 19:27:54.774, 0, NVIDIA GeForce RTX 3080, 5973, 4079, 10240, 97, 98
2026/07/30 19:27:54.886, 0, NVIDIA GeForce RTX 3080, 5973, 4079, 10240, 97, 98
2026/07/30 19:27:54.997, 0, NVIDIA GeForce RTX 3080, 5973, 4079, 10240, 97, 98
2026/07/30 19:27:55.109, 0, NVIDIA GeForce RTX 3080, 5973, 4079, 10240, 97, 98
2026/07/30 19:27:55.221, 0, NVIDIA GeForce RTX 3080, 5973, 4079, 10240, 97, 98
2026/07/30 19:27:55.333, 0, NVIDIA GeForce RTX 3080, 5973, 4079, 10240, 97, 98
2026/07/30 19:27:55.445, 0, NVIDIA GeForce RTX 3080, 5973, 4079, 10240, 97, 98
2026/07/30 19:27:55.557, 0, NVIDIA GeForce RTX 3080, 5973, 4079, 10240, 97, 98
2026/07/30 19:27:55.669, 0, NVIDIA GeForce RTX 3080, 5973, 4079, 10240, 97, 98
2026/07/30 19:27:55.780, 0, NVIDIA GeForce RTX 3080, 5973, 4079, 10240, 97, 98
2026/07/30 19:27:55.891, 0, NVIDIA GeForce RTX 3080, 5973, 4079, 10240, 97, 98
2026/07/30 19:27:56.003, 0, NVIDIA GeForce RTX 3080, 5973, 4079, 10240, 97, 98
2026/07/30 19:27:56.115, 0, NVIDIA GeForce RTX 3080, 5973, 4079, 10240, 97, 98
2026/07/30 19:27:56.227, 0, NVIDIA GeForce RTX 3080, 5973, 4079, 10240, 94, 96
2026/07/30 19:27:56.337, 0, NVIDIA GeForce RTX 3080, 5973, 4079, 10240, 94, 96
2026/07/30 19:27:56.448, 0, NVIDIA GeForce RTX 3080, 5973, 4079, 10240, 94, 96
2026/07/30 19:27:56.560, 0, NVIDIA GeForce RTX 3080, 5973, 4079, 10240, 94, 96
2026/07/30 19:27:56.672, 0, NVIDIA GeForce RTX 3080, 5973, 4079, 10240, 94, 96
2026/07/30 19:27:56.784, 0, NVIDIA GeForce RTX 3080, 5973, 4079, 10240, 96, 98
2026/07/30 19:27:56.895, 0, NVIDIA GeForce RTX 3080, 5973, 4079, 10240, 96, 98
2026/07/30 19:27:57.006, 0, NVIDIA GeForce RTX 3080, 5973, 4079, 10240, 96, 98
2026/07/30 19:27:57.117, 0, NVIDIA GeForce RTX 3080, 5973, 4079, 10240, 96, 98
2026/07/30 19:27:57.229, 0, NVIDIA GeForce RTX 3080, 5973, 4079, 10240, 96, 98
2026/07/30 19:27:57.341, 0, NVIDIA GeForce RTX 3080, 5973, 4079, 10240, 96, 98
2026/07/30 19:27:57.453, 0, NVIDIA GeForce RTX 3080, 5973, 4079, 10240, 96, 98
2026/07/30 19:27:57.566, 0, NVIDIA GeForce RTX 3080, 5973, 4079, 10240, 96, 98
2026/07/30 19:27:57.677, 0, NVIDIA GeForce RTX 3080, 5973, 4079, 10240, 96, 98
2026/07/30 19:27:57.789, 0, NVIDIA GeForce RTX 3080, 5973, 4079, 10240, 95, 98
2026/07/30 19:27:57.901, 0, NVIDIA GeForce RTX 3080, 5973, 4079, 10240, 95, 98
2026/07/30 19:27:58.013, 0, NVIDIA GeForce RTX 3080, 5973, 4079, 10240, 95, 98
2026/07/30 19:27:58.125, 0, NVIDIA GeForce RTX 3080, 5973, 4079, 10240, 95, 98
2026/07/30 19:27:58.237, 0, NVIDIA GeForce RTX 3080, 5973, 4079, 10240, 92, 96
2026/07/30 19:27:58.349, 0, NVIDIA GeForce RTX 3080, 5973, 4079, 10240, 92, 96
2026/07/30 19:27:58.460, 0, NVIDIA GeForce RTX 3080, 5973, 4079, 10240, 92, 96
2026/07/30 19:27:58.572, 0, NVIDIA GeForce RTX 3080, 5973, 4079, 10240, 92, 96
2026/07/30 19:27:58.684, 0, NVIDIA GeForce RTX 3080, 5973, 4079, 10240, 92, 96
2026/07/30 19:27:58.796, 0, NVIDIA GeForce RTX 3080, 5973, 4079, 10240, 97, 98
2026/07/30 19:27:58.908, 0, NVIDIA GeForce RTX 3080, 5973, 4079, 10240, 97, 98
2026/07/30 19:27:59.020, 0, NVIDIA GeForce RTX 3080, 5973, 4079, 10240, 97, 98
2026/07/30 19:27:59.132, 0, NVIDIA GeForce RTX 3080, 5973, 4079, 10240, 97, 98
2026/07/30 19:27:59.244, 0, NVIDIA GeForce RTX 3080, 5973, 4079, 10240, 97, 98
2026/07/30 19:27:59.356, 0, NVIDIA GeForce RTX 3080, 5973, 4079, 10240, 97, 98
2026/07/30 19:27:59.468, 0, NVIDIA GeForce RTX 3080, 5973, 4079, 10240, 97, 98
2026/07/30 19:27:59.580, 0, NVIDIA GeForce RTX 3080, 5973, 4079, 10240, 97, 98
2026/07/30 19:27:59.692, 0, NVIDIA GeForce RTX 3080, 5973, 4079, 10240, 97, 98
2026/07/30 19:27:59.804, 0, NVIDIA GeForce RTX 3080, 5973, 4079, 10240, 97, 97
2026/07/30 19:27:59.916, 0, NVIDIA GeForce RTX 3080, 5973, 4079, 10240, 97, 97
2026/07/30 19:28:00.028, 0, NVIDIA GeForce RTX 3080, 5973, 4079, 10240, 97, 97
2026/07/30 19:28:00.138, 0, NVIDIA GeForce RTX 3080, 5973, 4079, 10240, 97, 97
2026/07/30 19:28:00.249, 0, NVIDIA GeForce RTX 3080, 5973, 4079, 10240, 98, 98
2026/07/30 19:28:00.362, 0, NVIDIA GeForce RTX 3080, 5973, 4079, 10240, 98, 98
2026/07/30 19:28:00.474, 0, NVIDIA GeForce RTX 3080, 5973, 4079, 10240, 98, 98
2026/07/30 19:28:00.586, 0, NVIDIA GeForce RTX 3080, 5973, 4079, 10240, 98, 98
2026/07/30 19:28:00.698, 0, NVIDIA GeForce RTX 3080, 5973, 4079, 10240, 98, 98
2026/07/30 19:28:00.810, 0, NVIDIA GeForce RTX 3080, 5973, 4079, 10240, 98, 98
2026/07/30 19:28:00.922, 0, NVIDIA GeForce RTX 3080, 5973, 4079, 10240, 98, 98
2026/07/30 19:28:01.034, 0, NVIDIA GeForce RTX 3080, 5973, 4079, 10240, 98, 98
2026/07/30 19:28:01.146, 0, NVIDIA GeForce RTX 3080, 5973, 4079, 10240, 98, 98
2026/07/30 19:28:01.257, 0, NVIDIA GeForce RTX 3080, 5973, 4079, 10240, 98, 97
2026/07/30 19:28:01.369, 0, NVIDIA GeForce RTX 3080, 5973, 4079, 10240, 98, 97
2026/07/30 19:28:01.481, 0, NVIDIA GeForce RTX 3080, 5973, 4079, 10240, 98, 97
2026/07/30 19:28:01.593, 0, NVIDIA GeForce RTX 3080, 5973, 4079, 10240, 98, 97
2026/07/30 19:28:01.704, 0, NVIDIA GeForce RTX 3080, 5973, 4079, 10240, 98, 97
2026/07/30 19:28:01.816, 0, NVIDIA GeForce RTX 3080, 5973, 4079, 10240, 98, 97
2026/07/30 19:28:01.928, 0, NVIDIA GeForce RTX 3080, 5973, 4079, 10240, 98, 97
2026/07/30 19:28:02.040, 0, NVIDIA GeForce RTX 3080, 5973, 4079, 10240, 98, 97
2026/07/30 19:28:02.151, 0, NVIDIA GeForce RTX 3080, 5973, 4079, 10240, 98, 97
2026/07/30 19:28:02.263, 0, NVIDIA GeForce RTX 3080, 5973, 4079, 10240, 96, 98
2026/07/30 19:28:02.373, 0, NVIDIA GeForce RTX 3080, 5973, 4079, 10240, 96, 98
2026/07/30 19:28:02.483, 0, NVIDIA GeForce RTX 3080, 5973, 4079, 10240, 96, 98
2026/07/30 19:28:02.591, 0, NVIDIA GeForce RTX 3080, 5973, 4079, 10240, 96, 98
2026/07/30 19:28:02.701, 0, NVIDIA GeForce RTX 3080, 5973, 4079, 10240, 96, 98
2026/07/30 19:28:02.809, 0, NVIDIA GeForce RTX 3080, 5973, 4079, 10240, 95, 98
2026/07/30 19:28:02.919, 0, NVIDIA GeForce RTX 3080, 5973, 4079, 10240, 95, 98
2026/07/30 19:28:03.028, 0, NVIDIA GeForce RTX 3080, 5973, 4079, 10240, 95, 98
2026/07/30 19:28:03.140, 0, NVIDIA GeForce RTX 3080, 5973, 4079, 10240, 95, 98
2026/07/30 19:28:03.251, 0, NVIDIA GeForce RTX 3080, 5973, 4079, 10240, 95, 98
2026/07/30 19:28:03.364, 0, NVIDIA GeForce RTX 3080, 5973, 4079, 10240, 95, 98
2026/07/30 19:28:03.474, 0, NVIDIA GeForce RTX 3080, 5973, 4079, 10240, 95, 98
2026/07/30 19:28:03.585, 0, NVIDIA GeForce RTX 3080, 5973, 4079, 10240, 95, 98
2026/07/30 19:28:03.696, 0, NVIDIA GeForce RTX 3080, 5973, 4079, 10240, 95, 98
2026/07/30 19:28:03.808, 0, NVIDIA GeForce RTX 3080, 5973, 4079, 10240, 95, 98
2026/07/30 19:28:03.920, 0, NVIDIA GeForce RTX 3080, 5973, 4079, 10240, 95, 98
2026/07/30 19:28:04.032, 0, NVIDIA GeForce RTX 3080, 5973, 4079, 10240, 95, 98
2026/07/30 19:28:04.144, 0, NVIDIA GeForce RTX 3080, 5973, 4079, 10240, 95, 98
2026/07/30 19:28:04.255, 0, NVIDIA GeForce RTX 3080, 5973, 4079, 10240, 97, 98
2026/07/30 19:28:04.365, 0, NVIDIA GeForce RTX 3080, 5973, 4079, 10240, 97, 98
2026/07/30 19:28:04.474, 0, NVIDIA GeForce RTX 3080, 5973, 4079, 10240, 97, 98
2026/07/30 19:28:04.582, 0, NVIDIA GeForce RTX 3080, 5973, 4079, 10240, 97, 98
2026/07/30 19:28:04.691, 0, NVIDIA GeForce RTX 3080, 5973, 4079, 10240, 97, 98
2026/07/30 19:28:04.803, 0, NVIDIA GeForce RTX 3080, 5973, 4079, 10240, 97, 98
2026/07/30 19:28:04.914, 0, NVIDIA GeForce RTX 3080, 5973, 4079, 10240, 97, 98
2026/07/30 19:28:05.026, 0, NVIDIA GeForce RTX 3080, 5973, 4079, 10240, 97, 98
2026/07/30 19:28:05.138, 0, NVIDIA GeForce RTX 3080, 5973, 4079, 10240, 97, 98
2026/07/30 19:28:05.250, 0, NVIDIA GeForce RTX 3080, 5973, 4079, 10240, 97, 98
2026/07/30 19:28:05.362, 0, NVIDIA GeForce RTX 3080, 5973, 4079, 10240, 97, 98
2026/07/30 19:28:05.473, 0, NVIDIA GeForce RTX 3080, 5973, 4079, 10240, 97, 98
2026/07/30 19:28:05.585, 0, NVIDIA GeForce RTX 3080, 5973, 4079, 10240, 97, 98
2026/07/30 19:28:05.696, 0, NVIDIA GeForce RTX 3080, 5973, 4079, 10240, 97, 98
2026/07/30 19:28:05.808, 0, NVIDIA GeForce RTX 3080, 5973, 4079, 10240, 98, 98
2026/07/30 19:28:05.920, 0, NVIDIA GeForce RTX 3080, 5973, 4079, 10240, 98, 98
2026/07/30 19:28:06.032, 0, NVIDIA GeForce RTX 3080, 5973, 4079, 10240, 98, 98
2026/07/30 19:28:06.144, 0, NVIDIA GeForce RTX 3080, 5973, 4079, 10240, 98, 98
2026/07/30 19:28:06.256, 0, NVIDIA GeForce RTX 3080, 5973, 4079, 10240, 96, 98
2026/07/30 19:28:06.369, 0, NVIDIA GeForce RTX 3080, 5973, 4079, 10240, 96, 98
2026/07/30 19:28:06.480, 0, NVIDIA GeForce RTX 3080, 5973, 4079, 10240, 96, 98
2026/07/30 19:28:06.592, 0, NVIDIA GeForce RTX 3080, 5973, 4079, 10240, 96, 98
2026/07/30 19:28:06.703, 0, NVIDIA GeForce RTX 3080, 5973, 4079, 10240, 96, 98
2026/07/30 19:28:06.813, 0, NVIDIA GeForce RTX 3080, 5973, 4079, 10240, 96, 98
2026/07/30 19:28:06.925, 0, NVIDIA GeForce RTX 3080, 5973, 4079, 10240, 96, 98
2026/07/30 19:28:07.037, 0, NVIDIA GeForce RTX 3080, 5973, 4079, 10240, 96, 98
2026/07/30 19:28:07.149, 0, NVIDIA GeForce RTX 3080, 5973, 4079, 10240, 96, 98
2026/07/30 19:28:07.260, 0, NVIDIA GeForce RTX 3080, 5973, 4079, 10240, 94, 97
2026/07/30 19:28:07.372, 0, NVIDIA GeForce RTX 3080, 5973, 4079, 10240, 94, 97
2026/07/30 19:28:07.484, 0, NVIDIA GeForce RTX 3080, 5973, 4079, 10240, 94, 97
2026/07/30 19:28:07.596, 0, NVIDIA GeForce RTX 3080, 5973, 4079, 10240, 94, 97
2026/07/30 19:28:07.708, 0, NVIDIA GeForce RTX 3080, 5973, 4079, 10240, 94, 97
2026/07/30 19:28:07.820, 0, NVIDIA GeForce RTX 3080, 5973, 4079, 10240, 96, 98
2026/07/30 19:28:07.932, 0, NVIDIA GeForce RTX 3080, 5973, 4079, 10240, 96, 98
2026/07/30 19:28:08.044, 0, NVIDIA GeForce RTX 3080, 5973, 4079, 10240, 96, 98
2026/07/30 19:28:08.156, 0, NVIDIA GeForce RTX 3080, 5973, 4079, 10240, 96, 98
2026/07/30 19:28:08.268, 0, NVIDIA GeForce RTX 3080, 5973, 4079, 10240, 96, 96
2026/07/30 19:28:08.380, 0, NVIDIA GeForce RTX 3080, 5973, 4079, 10240, 96, 96
2026/07/30 19:28:08.492, 0, NVIDIA GeForce RTX 3080, 5973, 4079, 10240, 96, 96
2026/07/30 19:28:08.604, 0, NVIDIA GeForce RTX 3080, 5973, 4079, 10240, 96, 96
2026/07/30 19:28:08.716, 0, NVIDIA GeForce RTX 3080, 5973, 4079, 10240, 96, 96
2026/07/30 19:28:08.827, 0, NVIDIA GeForce RTX 3080, 5973, 4079, 10240, 97, 98
2026/07/30 19:28:08.939, 0, NVIDIA GeForce RTX 3080, 5973, 4079, 10240, 97, 98
2026/07/30 19:28:09.051, 0, NVIDIA GeForce RTX 3080, 5973, 4079, 10240, 97, 98
2026/07/30 19:28:09.163, 0, NVIDIA GeForce RTX 3080, 5973, 4079, 10240, 97, 98
2026/07/30 19:28:09.275, 0, NVIDIA GeForce RTX 3080, 5973, 4079, 10240, 97, 98
2026/07/30 19:28:09.384, 0, NVIDIA GeForce RTX 3080, 5973, 4079, 10240, 97, 98
2026/07/30 19:28:09.493, 0, NVIDIA GeForce RTX 3080, 5973, 4079, 10240, 97, 98
2026/07/30 19:28:09.603, 0, NVIDIA GeForce RTX 3080, 5973, 4079, 10240, 97, 98
2026/07/30 19:28:09.714, 0, NVIDIA GeForce RTX 3080, 5973, 4079, 10240, 97, 98
2026/07/30 19:28:09.826, 0, NVIDIA GeForce RTX 3080, 5973, 4079, 10240, 97, 98
2026/07/30 19:28:09.937, 0, NVIDIA GeForce RTX 3080, 5973, 4079, 10240, 97, 98
2026/07/30 19:28:10.048, 0, NVIDIA GeForce RTX 3080, 5973, 4079, 10240, 97, 98
2026/07/30 19:28:10.159, 0, NVIDIA GeForce RTX 3080, 5973, 4079, 10240, 97, 98
2026/07/30 19:28:10.271, 0, NVIDIA GeForce RTX 3080, 5973, 4079, 10240, 98, 97
2026/07/30 19:28:10.383, 0, NVIDIA GeForce RTX 3080, 5973, 4079, 10240, 98, 97
2026/07/30 19:28:10.495, 0, NVIDIA GeForce RTX 3080, 5973, 4079, 10240, 98, 97
2026/07/30 19:28:10.607, 0, NVIDIA GeForce RTX 3080, 5973, 4079, 10240, 98, 97
2026/07/30 19:28:10.719, 0, NVIDIA GeForce RTX 3080, 5973, 4079, 10240, 98, 97
2026/07/30 19:28:10.830, 0, NVIDIA GeForce RTX 3080, 5973, 4079, 10240, 98, 98
2026/07/30 19:28:10.941, 0, NVIDIA GeForce RTX 3080, 5973, 4079, 10240, 98, 98
2026/07/30 19:28:11.053, 0, NVIDIA GeForce RTX 3080, 5973, 4079, 10240, 98, 98
2026/07/30 19:28:11.165, 0, NVIDIA GeForce RTX 3080, 5973, 4079, 10240, 98, 98
2026/07/30 19:28:11.276, 0, NVIDIA GeForce RTX 3080, 5973, 4079, 10240, 98, 98
2026/07/30 19:28:11.386, 0, NVIDIA GeForce RTX 3080, 5973, 4079, 10240, 98, 98
2026/07/30 19:28:11.498, 0, NVIDIA GeForce RTX 3080, 5973, 4079, 10240, 98, 98
2026/07/30 19:28:11.610, 0, NVIDIA GeForce RTX 3080, 5973, 4079, 10240, 98, 98
2026/07/30 19:28:11.722, 0, NVIDIA GeForce RTX 3080, 5973, 4079, 10240, 94, 96
2026/07/30 19:28:11.834, 0, NVIDIA GeForce RTX 3080, 5973, 4079, 10240, 94, 96
2026/07/30 19:28:11.946, 0, NVIDIA GeForce RTX 3080, 5973, 4079, 10240, 94, 96
2026/07/30 19:28:12.058, 0, NVIDIA GeForce RTX 3080, 5973, 4079, 10240, 94, 96
2026/07/30 19:28:12.170, 0, NVIDIA GeForce RTX 3080, 5973, 4079, 10240, 94, 96
2026/07/30 19:28:12.282, 0, NVIDIA GeForce RTX 3080, 5973, 4079, 10240, 96, 98
2026/07/30 19:28:12.393, 0, NVIDIA GeForce RTX 3080, 5973, 4079, 10240, 96, 98
2026/07/30 19:28:12.505, 0, NVIDIA GeForce RTX 3080, 5973, 4079, 10240, 96, 98
2026/07/30 19:28:12.617, 0, NVIDIA GeForce RTX 3080, 5973, 4079, 10240, 96, 98
2026/07/30 19:28:12.729, 0, NVIDIA GeForce RTX 3080, 5973, 4079, 10240, 96, 98
2026/07/30 19:28:12.841, 0, NVIDIA GeForce RTX 3080, 5973, 4079, 10240, 96, 98
2026/07/30 19:28:12.953, 0, NVIDIA GeForce RTX 3080, 5973, 4079, 10240, 96, 98
2026/07/30 19:28:13.065, 0, NVIDIA GeForce RTX 3080, 5973, 4079, 10240, 96, 98
2026/07/30 19:28:13.177, 0, NVIDIA GeForce RTX 3080, 5973, 4079, 10240, 96, 98
2026/07/30 19:28:13.289, 0, NVIDIA GeForce RTX 3080, 5973, 4079, 10240, 95, 98
2026/07/30 19:28:13.402, 0, NVIDIA GeForce RTX 3080, 5973, 4079, 10240, 95, 98
2026/07/30 19:28:13.513, 0, NVIDIA GeForce RTX 3080, 5973, 4079, 10240, 95, 98
2026/07/30 19:28:13.624, 0, NVIDIA GeForce RTX 3080, 5973, 4079, 10240, 95, 98
2026/07/30 19:28:13.735, 0, NVIDIA GeForce RTX 3080, 5973, 4079, 10240, 95, 96
2026/07/30 19:28:13.847, 0, NVIDIA GeForce RTX 3080, 5973, 4079, 10240, 95, 96
2026/07/30 19:28:13.958, 0, NVIDIA GeForce RTX 3080, 5973, 4079, 10240, 95, 96
2026/07/30 19:28:14.070, 0, NVIDIA GeForce RTX 3080, 5973, 4079, 10240, 95, 96
2026/07/30 19:28:14.182, 0, NVIDIA GeForce RTX 3080, 5973, 4079, 10240, 95, 96
2026/07/30 19:28:14.294, 0, NVIDIA GeForce RTX 3080, 5973, 4079, 10240, 97, 98
2026/07/30 19:28:14.406, 0, NVIDIA GeForce RTX 3080, 5973, 4079, 10240, 97, 98
2026/07/30 19:28:14.518, 0, NVIDIA GeForce RTX 3080, 5973, 4079, 10240, 97, 98
2026/07/30 19:28:14.629, 0, NVIDIA GeForce RTX 3080, 5973, 4079, 10240, 97, 98
2026/07/30 19:28:14.741, 0, NVIDIA GeForce RTX 3080, 5973, 4079, 10240, 97, 98
2026/07/30 19:28:14.853, 0, NVIDIA GeForce RTX 3080, 5973, 4079, 10240, 97, 98
2026/07/30 19:28:14.965, 0, NVIDIA GeForce RTX 3080, 5973, 4079, 10240, 97, 98
2026/07/30 19:28:15.077, 0, NVIDIA GeForce RTX 3080, 5973, 4079, 10240, 97, 98
2026/07/30 19:28:15.189, 0, NVIDIA GeForce RTX 3080, 5973, 4079, 10240, 97, 98
2026/07/30 19:28:15.301, 0, NVIDIA GeForce RTX 3080, 5973, 4079, 10240, 97, 97
2026/07/30 19:28:15.413, 0, NVIDIA GeForce RTX 3080, 5973, 4079, 10240, 97, 97
2026/07/30 19:28:15.524, 0, NVIDIA GeForce RTX 3080, 5973, 4079, 10240, 97, 97
2026/07/30 19:28:15.634, 0, NVIDIA GeForce RTX 3080, 5973, 4079, 10240, 97, 97
2026/07/30 19:28:15.747, 0, NVIDIA GeForce RTX 3080, 5973, 4079, 10240, 96, 98
2026/07/30 19:28:15.859, 0, NVIDIA GeForce RTX 3080, 5973, 4079, 10240, 96, 98
2026/07/30 19:28:15.971, 0, NVIDIA GeForce RTX 3080, 5973, 4079, 10240, 96, 98
2026/07/30 19:28:16.082, 0, NVIDIA GeForce RTX 3080, 5973, 4079, 10240, 96, 98
2026/07/30 19:28:16.193, 0, NVIDIA GeForce RTX 3080, 5973, 4079, 10240, 96, 98
2026/07/30 19:28:16.305, 0, NVIDIA GeForce RTX 3080, 5973, 4079, 10240, 96, 98
2026/07/30 19:28:16.417, 0, NVIDIA GeForce RTX 3080, 5973, 4079, 10240, 96, 98
2026/07/30 19:28:16.529, 0, NVIDIA GeForce RTX 3080, 5973, 4079, 10240, 96, 98
2026/07/30 19:28:16.640, 0, NVIDIA GeForce RTX 3080, 5973, 4079, 10240, 96, 98
2026/07/30 19:28:16.752, 0, NVIDIA GeForce RTX 3080, 5973, 4079, 10240, 96, 98
2026/07/30 19:28:16.864, 0, NVIDIA GeForce RTX 3080, 5973, 4079, 10240, 96, 98
2026/07/30 19:28:16.976, 0, NVIDIA GeForce RTX 3080, 5973, 4079, 10240, 96, 98
2026/07/30 19:28:17.088, 0, NVIDIA GeForce RTX 3080, 5973, 4079, 10240, 96, 98
2026/07/30 19:28:17.200, 0, NVIDIA GeForce RTX 3080, 5973, 4079, 10240, 96, 98
2026/07/30 19:28:17.311, 0, NVIDIA GeForce RTX 3080, 5973, 4079, 10240, 96, 98
2026/07/30 19:28:17.423, 0, NVIDIA GeForce RTX 3080, 5973, 4079, 10240, 96, 98
2026/07/30 19:28:17.535, 0, NVIDIA GeForce RTX 3080, 5973, 4079, 10240, 96, 98
2026/07/30 19:28:17.647, 0, NVIDIA GeForce RTX 3080, 5973, 4079, 10240, 96, 98
2026/07/30 19:28:17.759, 0, NVIDIA GeForce RTX 3080, 5973, 4079, 10240, 91, 95
2026/07/30 19:28:17.871, 0, NVIDIA GeForce RTX 3080, 5973, 4079, 10240, 91, 95
2026/07/30 19:28:17.983, 0, NVIDIA GeForce RTX 3080, 5973, 4079, 10240, 91, 95
2026/07/30 19:28:18.095, 0, NVIDIA GeForce RTX 3080, 5973, 4079, 10240, 91, 95
2026/07/30 19:28:18.207, 0, NVIDIA GeForce RTX 3080, 5973, 4079, 10240, 91, 95
2026/07/30 19:28:18.318, 0, NVIDIA GeForce RTX 3080, 5973, 4079, 10240, 97, 98
2026/07/30 19:28:18.430, 0, NVIDIA GeForce RTX 3080, 5973, 4079, 10240, 97, 98
2026/07/30 19:28:18.542, 0, NVIDIA GeForce RTX 3080, 5973, 4079, 10240, 97, 98
2026/07/30 19:28:18.654, 0, NVIDIA GeForce RTX 3080, 5973, 4079, 10240, 97, 98
2026/07/30 19:28:18.765, 0, NVIDIA GeForce RTX 3080, 5973, 4079, 10240, 97, 98
2026/07/30 19:28:18.878, 0, NVIDIA GeForce RTX 3080, 5973, 4079, 10240, 97, 98
2026/07/30 19:28:18.990, 0, NVIDIA GeForce RTX 3080, 5973, 4079, 10240, 97, 98
2026/07/30 19:28:19.102, 0, NVIDIA GeForce RTX 3080, 5973, 4079, 10240, 97, 98
2026/07/30 19:28:19.213, 0, NVIDIA GeForce RTX 3080, 5973, 4079, 10240, 97, 98
2026/07/30 19:28:19.325, 0, NVIDIA GeForce RTX 3080, 5973, 4079, 10240, 97, 98
2026/07/30 19:28:19.437, 0, NVIDIA GeForce RTX 3080, 5973, 4079, 10240, 97, 98
2026/07/30 19:28:19.549, 0, NVIDIA GeForce RTX 3080, 5973, 4079, 10240, 97, 98
2026/07/30 19:28:19.659, 0, NVIDIA GeForce RTX 3080, 5973, 4079, 10240, 97, 98
2026/07/30 19:28:19.771, 0, NVIDIA GeForce RTX 3080, 5973, 4079, 10240, 97, 97
2026/07/30 19:28:19.882, 0, NVIDIA GeForce RTX 3080, 5973, 4079, 10240, 97, 97
2026/07/30 19:28:19.993, 0, NVIDIA GeForce RTX 3080, 5973, 4079, 10240, 97, 97
2026/07/30 19:28:20.104, 0, NVIDIA GeForce RTX 3080, 5973, 4079, 10240, 97, 97
2026/07/30 19:28:20.216, 0, NVIDIA GeForce RTX 3080, 5973, 4079, 10240, 97, 97
2026/07/30 19:28:20.328, 0, NVIDIA GeForce RTX 3080, 5973, 4079, 10240, 96, 97
2026/07/30 19:28:20.440, 0, NVIDIA GeForce RTX 3080, 5973, 4079, 10240, 96, 97
2026/07/30 19:28:20.552, 0, NVIDIA GeForce RTX 3080, 5973, 4079, 10240, 96, 97
2026/07/30 19:28:20.660, 0, NVIDIA GeForce RTX 3080, 5973, 4079, 10240, 96, 97
2026/07/30 19:28:20.772, 0, NVIDIA GeForce RTX 3080, 5973, 4079, 10240, 98, 98
2026/07/30 19:28:20.884, 0, NVIDIA GeForce RTX 3080, 5973, 4079, 10240, 98, 98
2026/07/30 19:28:20.996, 0, NVIDIA GeForce RTX 3080, 5973, 4079, 10240, 98, 98
2026/07/30 19:28:21.108, 0, NVIDIA GeForce RTX 3080, 5973, 4079, 10240, 98, 98
2026/07/30 19:28:21.220, 0, NVIDIA GeForce RTX 3080, 5973, 4079, 10240, 98, 98
2026/07/30 19:28:21.332, 0, NVIDIA GeForce RTX 3080, 5973, 4079, 10240, 98, 98
2026/07/30 19:28:21.442, 0, NVIDIA GeForce RTX 3080, 5973, 4079, 10240, 98, 98
2026/07/30 19:28:21.554, 0, NVIDIA GeForce RTX 3080, 5973, 4079, 10240, 98, 98
2026/07/30 19:28:21.666, 0, NVIDIA GeForce RTX 3080, 5973, 4079, 10240, 98, 98
2026/07/30 19:28:21.778, 0, NVIDIA GeForce RTX 3080, 5973, 4079, 10240, 96, 98
2026/07/30 19:28:21.890, 0, NVIDIA GeForce RTX 3080, 5973, 4079, 10240, 96, 98
2026/07/30 19:28:22.002, 0, NVIDIA GeForce RTX 3080, 5973, 4079, 10240, 96, 98
2026/07/30 19:28:22.113, 0, NVIDIA GeForce RTX 3080, 5973, 4079, 10240, 96, 98
2026/07/30 19:28:22.224, 0, NVIDIA GeForce RTX 3080, 5973, 4079, 10240, 95, 98
2026/07/30 19:28:22.336, 0, NVIDIA GeForce RTX 3080, 5973, 4079, 10240, 95, 98
2026/07/30 19:28:22.445, 0, NVIDIA GeForce RTX 3080, 5973, 4079, 10240, 95, 98
2026/07/30 19:28:22.553, 0, NVIDIA GeForce RTX 3080, 5973, 4079, 10240, 95, 98
2026/07/30 19:28:22.661, 0, NVIDIA GeForce RTX 3080, 5973, 4079, 10240, 95, 98
2026/07/30 19:28:22.770, 0, NVIDIA GeForce RTX 3080, 5973, 4079, 10240, 96, 98
2026/07/30 19:28:22.879, 0, NVIDIA GeForce RTX 3080, 5973, 4079, 10240, 96, 98
2026/07/30 19:28:22.989, 0, NVIDIA GeForce RTX 3080, 5973, 4079, 10240, 96, 98
2026/07/30 19:28:23.101, 0, NVIDIA GeForce RTX 3080, 5973, 4079, 10240, 96, 98
2026/07/30 19:28:23.213, 0, NVIDIA GeForce RTX 3080, 5973, 4079, 10240, 96, 98
2026/07/30 19:28:23.325, 0, NVIDIA GeForce RTX 3080, 5973, 4079, 10240, 95, 98
2026/07/30 19:28:23.437, 0, NVIDIA GeForce RTX 3080, 5973, 4079, 10240, 95, 98
2026/07/30 19:28:23.549, 0, NVIDIA GeForce RTX 3080, 5973, 4079, 10240, 95, 98
2026/07/30 19:28:23.661, 0, NVIDIA GeForce RTX 3080, 5973, 4079, 10240, 95, 98
2026/07/30 19:28:23.773, 0, NVIDIA GeForce RTX 3080, 5973, 4079, 10240, 97, 98
2026/07/30 19:28:23.885, 0, NVIDIA GeForce RTX 3080, 5973, 4079, 10240, 97, 98
2026/07/30 19:28:23.997, 0, NVIDIA GeForce RTX 3080, 5973, 4079, 10240, 97, 98
2026/07/30 19:28:24.109, 0, NVIDIA GeForce RTX 3080, 5973, 4079, 10240, 97, 98
2026/07/30 19:28:24.221, 0, NVIDIA GeForce RTX 3080, 5973, 4079, 10240, 96, 96
2026/07/30 19:28:24.333, 0, NVIDIA GeForce RTX 3080, 5973, 4079, 10240, 96, 96
2026/07/30 19:28:24.443, 0, NVIDIA GeForce RTX 3080, 5973, 4079, 10240, 96, 96
2026/07/30 19:28:24.550, 0, NVIDIA GeForce RTX 3080, 5973, 4079, 10240, 96, 96
2026/07/30 19:28:24.660, 0, NVIDIA GeForce RTX 3080, 5973, 4079, 10240, 96, 96
2026/07/30 19:28:24.771, 0, NVIDIA GeForce RTX 3080, 5973, 4079, 10240, 97, 98
2026/07/30 19:28:24.883, 0, NVIDIA GeForce RTX 3080, 5973, 4079, 10240, 97, 98
2026/07/30 19:28:24.995, 0, NVIDIA GeForce RTX 3080, 5973, 4079, 10240, 97, 98
2026/07/30 19:28:25.106, 0, NVIDIA GeForce RTX 3080, 5973, 4079, 10240, 97, 98
2026/07/30 19:28:25.217, 0, NVIDIA GeForce RTX 3080, 5973, 4079, 10240, 97, 98
2026/07/30 19:28:25.328, 0, NVIDIA GeForce RTX 3080, 5973, 4079, 10240, 97, 98
2026/07/30 19:28:25.440, 0, NVIDIA GeForce RTX 3080, 5973, 4079, 10240, 97, 98
2026/07/30 19:28:25.552, 0, NVIDIA GeForce RTX 3080, 5973, 4079, 10240, 97, 98
2026/07/30 19:28:25.664, 0, NVIDIA GeForce RTX 3080, 5973, 4079, 10240, 97, 98
2026/07/30 19:28:25.776, 0, NVIDIA GeForce RTX 3080, 5973, 4079, 10240, 94, 97
2026/07/30 19:28:25.888, 0, NVIDIA GeForce RTX 3080, 5973, 4079, 10240, 94, 97
2026/07/30 19:28:26.000, 0, NVIDIA GeForce RTX 3080, 5973, 4079, 10240, 94, 97
2026/07/30 19:28:26.111, 0, NVIDIA GeForce RTX 3080, 5973, 4079, 10240, 94, 97
2026/07/30 19:28:26.222, 0, NVIDIA GeForce RTX 3080, 5973, 4079, 10240, 96, 98
2026/07/30 19:28:26.333, 0, NVIDIA GeForce RTX 3080, 5973, 4079, 10240, 96, 98
2026/07/30 19:28:26.445, 0, NVIDIA GeForce RTX 3080, 5973, 4079, 10240, 96, 98
2026/07/30 19:28:26.557, 0, NVIDIA GeForce RTX 3080, 5973, 4079, 10240, 96, 98
2026/07/30 19:28:26.669, 0, NVIDIA GeForce RTX 3080, 5973, 4079, 10240, 96, 98
2026/07/30 19:28:26.781, 0, NVIDIA GeForce RTX 3080, 5973, 4079, 10240, 96, 98
2026/07/30 19:28:26.894, 0, NVIDIA GeForce RTX 3080, 5973, 4079, 10240, 96, 98
2026/07/30 19:28:27.006, 0, NVIDIA GeForce RTX 3080, 5973, 4079, 10240, 96, 98
2026/07/30 19:28:27.118, 0, NVIDIA GeForce RTX 3080, 5973, 4079, 10240, 96, 98
2026/07/30 19:28:27.230, 0, NVIDIA GeForce RTX 3080, 5973, 4079, 10240, 96, 98
2026/07/30 19:28:27.341, 0, NVIDIA GeForce RTX 3080, 5973, 4079, 10240, 96, 98
2026/07/30 19:28:27.452, 0, NVIDIA GeForce RTX 3080, 5973, 4079, 10240, 96, 98
2026/07/30 19:28:27.564, 0, NVIDIA GeForce RTX 3080, 5973, 4079, 10240, 96, 98
2026/07/30 19:28:27.676, 0, NVIDIA GeForce RTX 3080, 5973, 4079, 10240, 96, 98
2026/07/30 19:28:27.787, 0, NVIDIA GeForce RTX 3080, 5973, 4079, 10240, 96, 97
2026/07/30 19:28:27.899, 0, NVIDIA GeForce RTX 3080, 5973, 4079, 10240, 96, 97
2026/07/30 19:28:28.011, 0, NVIDIA GeForce RTX 3080, 5973, 4079, 10240, 96, 97
2026/07/30 19:28:28.123, 0, NVIDIA GeForce RTX 3080, 5973, 4079, 10240, 96, 97
2026/07/30 19:28:28.235, 0, NVIDIA GeForce RTX 3080, 5973, 4079, 10240, 96, 97
2026/07/30 19:28:28.347, 0, NVIDIA GeForce RTX 3080, 5973, 4079, 10240, 96, 97
2026/07/30 19:28:28.459, 0, NVIDIA GeForce RTX 3080, 5973, 4079, 10240, 96, 97
2026/07/30 19:28:28.570, 0, NVIDIA GeForce RTX 3080, 5973, 4079, 10240, 96, 97
2026/07/30 19:28:28.682, 0, NVIDIA GeForce RTX 3080, 5973, 4079, 10240, 96, 97
2026/07/30 19:28:28.794, 0, NVIDIA GeForce RTX 3080, 5973, 4079, 10240, 97, 98
2026/07/30 19:28:28.906, 0, NVIDIA GeForce RTX 3080, 5973, 4079, 10240, 97, 98
2026/07/30 19:28:29.018, 0, NVIDIA GeForce RTX 3080, 5973, 4079, 10240, 97, 98
2026/07/30 19:28:29.130, 0, NVIDIA GeForce RTX 3080, 5973, 4079, 10240, 97, 98
2026/07/30 19:28:29.242, 0, NVIDIA GeForce RTX 3080, 5973, 4079, 10240, 97, 98
2026/07/30 19:28:29.353, 0, NVIDIA GeForce RTX 3080, 5973, 4079, 10240, 97, 98
2026/07/30 19:28:29.462, 0, NVIDIA GeForce RTX 3080, 5973, 4079, 10240, 97, 98
2026/07/30 19:28:29.572, 0, NVIDIA GeForce RTX 3080, 5973, 4079, 10240, 97, 98
2026/07/30 19:28:29.684, 0, NVIDIA GeForce RTX 3080, 5973, 4079, 10240, 97, 98
2026/07/30 19:28:29.795, 0, NVIDIA GeForce RTX 3080, 5973, 4079, 10240, 98, 98
2026/07/30 19:28:29.907, 0, NVIDIA GeForce RTX 3080, 5973, 4079, 10240, 98, 98
2026/07/30 19:28:30.019, 0, NVIDIA GeForce RTX 3080, 5973, 4079, 10240, 98, 98
2026/07/30 19:28:30.129, 0, NVIDIA GeForce RTX 3080, 5973, 4079, 10240, 98, 98
2026/07/30 19:28:30.241, 0, NVIDIA GeForce RTX 3080, 5973, 4079, 10240, 98, 98
2026/07/30 19:28:30.353, 0, NVIDIA GeForce RTX 3080, 5973, 4079, 10240, 98, 98
2026/07/30 19:28:30.465, 0, NVIDIA GeForce RTX 3080, 5973, 4079, 10240, 98, 98
2026/07/30 19:28:30.577, 0, NVIDIA GeForce RTX 3080, 5973, 4079, 10240, 98, 98
2026/07/30 19:28:30.689, 0, NVIDIA GeForce RTX 3080, 5973, 4079, 10240, 98, 98
2026/07/30 19:28:30.801, 0, NVIDIA GeForce RTX 3080, 5973, 4079, 10240, 98, 98
2026/07/30 19:28:30.913, 0, NVIDIA GeForce RTX 3080, 5973, 4079, 10240, 98, 98
2026/07/30 19:28:31.025, 0, NVIDIA GeForce RTX 3080, 5973, 4079, 10240, 98, 98
2026/07/30 19:28:31.137, 0, NVIDIA GeForce RTX 3080, 5973, 4079, 10240, 98, 98
2026/07/30 19:28:31.249, 0, NVIDIA GeForce RTX 3080, 5973, 4079, 10240, 92, 95
2026/07/30 19:28:31.361, 0, NVIDIA GeForce RTX 3080, 5973, 4079, 10240, 92, 95
2026/07/30 19:28:31.473, 0, NVIDIA GeForce RTX 3080, 5973, 4079, 10240, 92, 95
2026/07/30 19:28:31.585, 0, NVIDIA GeForce RTX 3080, 5973, 4079, 10240, 92, 95
2026/07/30 19:28:31.697, 0, NVIDIA GeForce RTX 3080, 5973, 4079, 10240, 92, 95
2026/07/30 19:28:31.809, 0, NVIDIA GeForce RTX 3080, 5973, 4079, 10240, 95, 98
2026/07/30 19:28:31.921, 0, NVIDIA GeForce RTX 3080, 5973, 4079, 10240, 95, 98
2026/07/30 19:28:32.033, 0, NVIDIA GeForce RTX 3080, 5973, 4079, 10240, 95, 98
2026/07/30 19:28:32.145, 0, NVIDIA GeForce RTX 3080, 5973, 4079, 10240, 95, 98
2026/07/30 19:28:32.257, 0, NVIDIA GeForce RTX 3080, 5973, 4079, 10240, 96, 98
2026/07/30 19:28:32.369, 0, NVIDIA GeForce RTX 3080, 5973, 4079, 10240, 96, 98
2026/07/30 19:28:32.481, 0, NVIDIA GeForce RTX 3080, 5973, 4079, 10240, 96, 98
2026/07/30 19:28:32.593, 0, NVIDIA GeForce RTX 3080, 5973, 4079, 10240, 96, 98
2026/07/30 19:28:32.705, 0, NVIDIA GeForce RTX 3080, 5973, 4079, 10240, 96, 98
2026/07/30 19:28:32.817, 0, NVIDIA GeForce RTX 3080, 5973, 4079, 10240, 95, 97
2026/07/30 19:28:32.928, 0, NVIDIA GeForce RTX 3080, 5973, 4079, 10240, 95, 97
2026/07/30 19:28:33.040, 0, NVIDIA GeForce RTX 3080, 5973, 4079, 10240, 95, 97
2026/07/30 19:28:33.152, 0, NVIDIA GeForce RTX 3080, 5973, 4079, 10240, 95, 97
2026/07/30 19:28:33.264, 0, NVIDIA GeForce RTX 3080, 5973, 4079, 10240, 97, 98
2026/07/30 19:28:33.376, 0, NVIDIA GeForce RTX 3080, 5973, 4079, 10240, 97, 98
2026/07/30 19:28:33.486, 0, NVIDIA GeForce RTX 3080, 5973, 4079, 10240, 97, 98
2026/07/30 19:28:33.598, 0, NVIDIA GeForce RTX 3080, 5973, 4079, 10240, 97, 98
2026/07/30 19:28:33.709, 0, NVIDIA GeForce RTX 3080, 5973, 4079, 10240, 97, 98
2026/07/30 19:28:33.821, 0, NVIDIA GeForce RTX 3080, 5973, 4079, 10240, 97, 97
2026/07/30 19:28:33.933, 0, NVIDIA GeForce RTX 3080, 5973, 4079, 10240, 97, 97
2026/07/30 19:28:34.044, 0, NVIDIA GeForce RTX 3080, 5973, 4079, 10240, 97, 97
2026/07/30 19:28:34.155, 0, NVIDIA GeForce RTX 3080, 5973, 4079, 10240, 97, 97
2026/07/30 19:28:34.267, 0, NVIDIA GeForce RTX 3080, 5973, 4079, 10240, 97, 98
2026/07/30 19:28:34.379, 0, NVIDIA GeForce RTX 3080, 5973, 4079, 10240, 97, 98
2026/07/30 19:28:34.491, 0, NVIDIA GeForce RTX 3080, 5973, 4079, 10240, 97, 98
2026/07/30 19:28:34.603, 0, NVIDIA GeForce RTX 3080, 5973, 4079, 10240, 97, 98
2026/07/30 19:28:34.715, 0, NVIDIA GeForce RTX 3080, 5973, 4079, 10240, 97, 98
2026/07/30 19:28:34.826, 0, NVIDIA GeForce RTX 3080, 5973, 4079, 10240, 97, 98
2026/07/30 19:28:34.938, 0, NVIDIA GeForce RTX 3080, 5973, 4079, 10240, 97, 98
2026/07/30 19:28:35.050, 0, NVIDIA GeForce RTX 3080, 5973, 4079, 10240, 97, 98
2026/07/30 19:28:35.161, 0, NVIDIA GeForce RTX 3080, 5973, 4079, 10240, 97, 98
2026/07/30 19:28:35.271, 0, NVIDIA GeForce RTX 3080, 5973, 4079, 10240, 95, 98
2026/07/30 19:28:35.380, 0, NVIDIA GeForce RTX 3080, 5973, 4079, 10240, 95, 98
2026/07/30 19:28:35.488, 0, NVIDIA GeForce RTX 3080, 5973, 4079, 10240, 95, 98
2026/07/30 19:28:35.596, 0, NVIDIA GeForce RTX 3080, 5973, 4079, 10240, 95, 98
2026/07/30 19:28:35.706, 0, NVIDIA GeForce RTX 3080, 5973, 4079, 10240, 95, 98
2026/07/30 19:28:35.816, 0, NVIDIA GeForce RTX 3080, 5973, 4079, 10240, 96, 98
2026/07/30 19:28:35.924, 0, NVIDIA GeForce RTX 3080, 5973, 4079, 10240, 96, 98
2026/07/30 19:28:36.034, 0, NVIDIA GeForce RTX 3080, 5973, 4079, 10240, 96, 98
2026/07/30 19:28:36.143, 0, NVIDIA GeForce RTX 3080, 5973, 4079, 10240, 96, 98
2026/07/30 19:28:36.252, 0, NVIDIA GeForce RTX 3080, 5973, 4079, 10240, 96, 98
2026/07/30 19:28:36.363, 0, NVIDIA GeForce RTX 3080, 5973, 4079, 10240, 96, 98
2026/07/30 19:28:36.476, 0, NVIDIA GeForce RTX 3080, 5973, 4079, 10240, 96, 98
2026/07/30 19:28:36.587, 0, NVIDIA GeForce RTX 3080, 5973, 4079, 10240, 96, 98
2026/07/30 19:28:36.697, 0, NVIDIA GeForce RTX 3080, 5973, 4079, 10240, 96, 98
2026/07/30 19:28:36.809, 0, NVIDIA GeForce RTX 3080, 5973, 4079, 10240, 95, 97
2026/07/30 19:28:36.920, 0, NVIDIA GeForce RTX 3080, 5973, 4079, 10240, 95, 97
2026/07/30 19:28:37.032, 0, NVIDIA GeForce RTX 3080, 5973, 4079, 10240, 95, 97
2026/07/30 19:28:37.144, 0, NVIDIA GeForce RTX 3080, 5973, 4079, 10240, 95, 97
2026/07/30 19:28:37.255, 0, NVIDIA GeForce RTX 3080, 5973, 4079, 10240, 92, 95
2026/07/30 19:28:37.365, 0, NVIDIA GeForce RTX 3080, 5973, 4079, 10240, 92, 95
2026/07/30 19:28:37.474, 0, NVIDIA GeForce RTX 3080, 5973, 4079, 10240, 92, 95
2026/07/30 19:28:37.583, 0, NVIDIA GeForce RTX 3080, 5973, 4079, 10240, 92, 95
2026/07/30 19:28:37.692, 0, NVIDIA GeForce RTX 3080, 5973, 4079, 10240, 92, 95
2026/07/30 19:28:37.800, 0, NVIDIA GeForce RTX 3080, 5973, 4079, 10240, 97, 98
2026/07/30 19:28:37.909, 0, NVIDIA GeForce RTX 3080, 5973, 4079, 10240, 97, 98
2026/07/30 19:28:38.021, 0, NVIDIA GeForce RTX 3080, 5973, 4079, 10240, 97, 98
2026/07/30 19:28:38.133, 0, NVIDIA GeForce RTX 3080, 5973, 4079, 10240, 97, 98
2026/07/30 19:28:38.245, 0, NVIDIA GeForce RTX 3080, 5973, 4079, 10240, 96, 97
2026/07/30 19:28:38.357, 0, NVIDIA GeForce RTX 3080, 5973, 4079, 10240, 96, 97
2026/07/30 19:28:38.469, 0, NVIDIA GeForce RTX 3080, 5973, 4079, 10240, 96, 97
2026/07/30 19:28:38.581, 0, NVIDIA GeForce RTX 3080, 5973, 4079, 10240, 96, 97
2026/07/30 19:28:38.692, 0, NVIDIA GeForce RTX 3080, 5973, 4079, 10240, 96, 97
2026/07/30 19:28:38.803, 0, NVIDIA GeForce RTX 3080, 5973, 4079, 10240, 96, 97
2026/07/30 19:28:38.915, 0, NVIDIA GeForce RTX 3080, 5973, 4079, 10240, 96, 97
2026/07/30 19:28:39.027, 0, NVIDIA GeForce RTX 3080, 5973, 4079, 10240, 96, 97
2026/07/30 19:28:39.139, 0, NVIDIA GeForce RTX 3080, 5973, 4079, 10240, 96, 97
2026/07/30 19:28:39.251, 0, NVIDIA GeForce RTX 3080, 5973, 4079, 10240, 98, 98
2026/07/30 19:28:39.362, 0, NVIDIA GeForce RTX 3080, 5973, 4079, 10240, 98, 98
2026/07/30 19:28:39.473, 0, NVIDIA GeForce RTX 3080, 5973, 4079, 10240, 98, 98
2026/07/30 19:28:39.585, 0, NVIDIA GeForce RTX 3080, 5973, 4079, 10240, 98, 98
2026/07/30 19:28:39.695, 0, NVIDIA GeForce RTX 3080, 5973, 4079, 10240, 98, 98
2026/07/30 19:28:39.807, 0, NVIDIA GeForce RTX 3080, 5973, 4079, 10240, 98, 98
2026/07/30 19:28:39.919, 0, NVIDIA GeForce RTX 3080, 5973, 4079, 10240, 98, 98
2026/07/30 19:28:40.031, 0, NVIDIA GeForce RTX 3080, 5973, 4079, 10240, 98, 98
2026/07/30 19:28:40.143, 0, NVIDIA GeForce RTX 3080, 5973, 4079, 10240, 98, 98
2026/07/30 19:28:40.254, 0, NVIDIA GeForce RTX 3080, 5973, 4079, 10240, 97, 97
2026/07/30 19:28:40.366, 0, NVIDIA GeForce RTX 3080, 5973, 4079, 10240, 97, 97
2026/07/30 19:28:40.478, 0, NVIDIA GeForce RTX 3080, 5973, 4079, 10240, 97, 97
2026/07/30 19:28:40.590, 0, NVIDIA GeForce RTX 3080, 5973, 4079, 10240, 97, 97
2026/07/30 19:28:40.702, 0, NVIDIA GeForce RTX 3080, 5973, 4079, 10240, 97, 97
2026/07/30 19:28:40.813, 0, NVIDIA GeForce RTX 3080, 5973, 4079, 10240, 98, 97
2026/07/30 19:28:40.925, 0, NVIDIA GeForce RTX 3080, 5973, 4079, 10240, 98, 97
2026/07/30 19:28:41.036, 0, NVIDIA GeForce RTX 3080, 5973, 4079, 10240, 98, 97
2026/07/30 19:28:41.147, 0, NVIDIA GeForce RTX 3080, 5973, 4079, 10240, 98, 97
2026/07/30 19:28:41.258, 0, NVIDIA GeForce RTX 3080, 5973, 4079, 10240, 95, 98
2026/07/30 19:28:41.370, 0, NVIDIA GeForce RTX 3080, 5973, 4079, 10240, 95, 98
2026/07/30 19:28:41.481, 0, NVIDIA GeForce RTX 3080, 5973, 4079, 10240, 95, 98
2026/07/30 19:28:41.592, 0, NVIDIA GeForce RTX 3080, 5973, 4079, 10240, 95, 98
2026/07/30 19:28:41.704, 0, NVIDIA GeForce RTX 3080, 5973, 4079, 10240, 95, 98
2026/07/30 19:28:41.816, 0, NVIDIA GeForce RTX 3080, 5973, 4079, 10240, 95, 98
2026/07/30 19:28:41.928, 0, NVIDIA GeForce RTX 3080, 5973, 4079, 10240, 95, 98
2026/07/30 19:28:42.039, 0, NVIDIA GeForce RTX 3080, 5973, 4079, 10240, 95, 98
2026/07/30 19:28:42.150, 0, NVIDIA GeForce RTX 3080, 5973, 4079, 10240, 95, 98
2026/07/30 19:28:42.261, 0, NVIDIA GeForce RTX 3080, 5973, 4079, 10240, 95, 98
2026/07/30 19:28:42.372, 0, NVIDIA GeForce RTX 3080, 5973, 4079, 10240, 95, 98
2026/07/30 19:28:42.482, 0, NVIDIA GeForce RTX 3080, 5973, 4079, 10240, 95, 98
2026/07/30 19:28:42.590, 0, NVIDIA GeForce RTX 3080, 5973, 4079, 10240, 95, 98
2026/07/30 19:28:42.698, 0, NVIDIA GeForce RTX 3080, 5973, 4079, 10240, 95, 98
2026/07/30 19:28:42.808, 0, NVIDIA GeForce RTX 3080, 5973, 4079, 10240, 96, 98
2026/07/30 19:28:42.918, 0, NVIDIA GeForce RTX 3080, 5973, 4079, 10240, 96, 98
2026/07/30 19:28:43.029, 0, NVIDIA GeForce RTX 3080, 5973, 4079, 10240, 96, 98
2026/07/30 19:28:43.141, 0, NVIDIA GeForce RTX 3080, 5973, 4079, 10240, 96, 98
2026/07/30 19:28:43.253, 0, NVIDIA GeForce RTX 3080, 5973, 4079, 10240, 97, 98
2026/07/30 19:28:43.366, 0, NVIDIA GeForce RTX 3080, 5973, 4079, 10240, 97, 98
2026/07/30 19:28:43.477, 0, NVIDIA GeForce RTX 3080, 5973, 4079, 10240, 97, 98
2026/07/30 19:28:43.589, 0, NVIDIA GeForce RTX 3080, 5973, 4079, 10240, 97, 98
2026/07/30 19:28:43.701, 0, NVIDIA GeForce RTX 3080, 5973, 4079, 10240, 97, 98
2026/07/30 19:28:43.812, 0, NVIDIA GeForce RTX 3080, 5973, 4079, 10240, 97, 98
2026/07/30 19:28:43.924, 0, NVIDIA GeForce RTX 3080, 5973, 4079, 10240, 97, 98
2026/07/30 19:28:44.036, 0, NVIDIA GeForce RTX 3080, 5973, 4079, 10240, 97, 98
2026/07/30 19:28:44.148, 0, NVIDIA GeForce RTX 3080, 5973, 4079, 10240, 97, 98
2026/07/30 19:28:44.260, 0, NVIDIA GeForce RTX 3080, 5973, 4079, 10240, 98, 98
2026/07/30 19:28:44.371, 0, NVIDIA GeForce RTX 3080, 5973, 4079, 10240, 98, 98
2026/07/30 19:28:44.480, 0, NVIDIA GeForce RTX 3080, 5973, 4079, 10240, 98, 98
2026/07/30 19:28:44.591, 0, NVIDIA GeForce RTX 3080, 5973, 4079, 10240, 98, 98
2026/07/30 19:28:44.702, 0, NVIDIA GeForce RTX 3080, 5973, 4079, 10240, 98, 98
2026/07/30 19:28:44.813, 0, NVIDIA GeForce RTX 3080, 5973, 4079, 10240, 96, 96
2026/07/30 19:28:44.925, 0, NVIDIA GeForce RTX 3080, 5973, 4079, 10240, 96, 96
2026/07/30 19:28:45.036, 0, NVIDIA GeForce RTX 3080, 5973, 4079, 10240, 96, 96
2026/07/30 19:28:45.148, 0, NVIDIA GeForce RTX 3080, 5973, 4079, 10240, 96, 96
2026/07/30 19:28:45.260, 0, NVIDIA GeForce RTX 3080, 5973, 4079, 10240, 96, 98
2026/07/30 19:28:45.372, 0, NVIDIA GeForce RTX 3080, 5973, 4079, 10240, 96, 98
2026/07/30 19:28:45.483, 0, NVIDIA GeForce RTX 3080, 5973, 4079, 10240, 96, 98
2026/07/30 19:28:45.595, 0, NVIDIA GeForce RTX 3080, 5973, 4079, 10240, 96, 98
2026/07/30 19:28:45.707, 0, NVIDIA GeForce RTX 3080, 5973, 4079, 10240, 96, 98
2026/07/30 19:28:45.817, 0, NVIDIA GeForce RTX 3080, 5973, 4079, 10240, 96, 98
2026/07/30 19:28:45.929, 0, NVIDIA GeForce RTX 3080, 5973, 4079, 10240, 96, 98
2026/07/30 19:28:46.040, 0, NVIDIA GeForce RTX 3080, 5973, 4079, 10240, 96, 98
2026/07/30 19:28:46.152, 0, NVIDIA GeForce RTX 3080, 5973, 4079, 10240, 96, 98
2026/07/30 19:28:46.265, 0, NVIDIA GeForce RTX 3080, 5973, 4079, 10240, 95, 98
2026/07/30 19:28:46.377, 0, NVIDIA GeForce RTX 3080, 5973, 4079, 10240, 95, 98
2026/07/30 19:28:46.489, 0, NVIDIA GeForce RTX 3080, 5973, 4079, 10240, 95, 98
2026/07/30 19:28:46.600, 0, NVIDIA GeForce RTX 3080, 5973, 4079, 10240, 95, 98
2026/07/30 19:28:46.712, 0, NVIDIA GeForce RTX 3080, 5973, 4079, 10240, 95, 98
2026/07/30 19:28:46.824, 0, NVIDIA GeForce RTX 3080, 5973, 4079, 10240, 96, 98
2026/07/30 19:28:46.936, 0, NVIDIA GeForce RTX 3080, 5973, 4079, 10240, 96, 98
2026/07/30 19:28:47.048, 0, NVIDIA GeForce RTX 3080, 5973, 4079, 10240, 96, 98
2026/07/30 19:28:47.160, 0, NVIDIA GeForce RTX 3080, 5973, 4079, 10240, 96, 98
2026/07/30 19:28:47.272, 0, NVIDIA GeForce RTX 3080, 5973, 4079, 10240, 97, 98
2026/07/30 19:28:47.382, 0, NVIDIA GeForce RTX 3080, 5973, 4079, 10240, 97, 98
2026/07/30 19:28:47.494, 0, NVIDIA GeForce RTX 3080, 5973, 4079, 10240, 97, 98
2026/07/30 19:28:47.606, 0, NVIDIA GeForce RTX 3080, 5973, 4079, 10240, 97, 98
2026/07/30 19:28:47.718, 0, NVIDIA GeForce RTX 3080, 5973, 4079, 10240, 97, 98
2026/07/30 19:28:47.827, 0, NVIDIA GeForce RTX 3080, 5973, 4079, 10240, 95, 96
2026/07/30 19:28:47.939, 0, NVIDIA GeForce RTX 3080, 5973, 4079, 10240, 95, 96
2026/07/30 19:28:48.050, 0, NVIDIA GeForce RTX 3080, 5973, 4079, 10240, 95, 96
2026/07/30 19:28:48.162, 0, NVIDIA GeForce RTX 3080, 5973, 4079, 10240, 95, 96
2026/07/30 19:28:48.274, 0, NVIDIA GeForce RTX 3080, 5973, 4079, 10240, 96, 97
2026/07/30 19:28:48.386, 0, NVIDIA GeForce RTX 3080, 5973, 4079, 10240, 96, 97
2026/07/30 19:28:48.498, 0, NVIDIA GeForce RTX 3080, 5973, 4079, 10240, 96, 97
2026/07/30 19:28:48.610, 0, NVIDIA GeForce RTX 3080, 5973, 4079, 10240, 96, 97
2026/07/30 19:28:48.722, 0, NVIDIA GeForce RTX 3080, 5973, 4079, 10240, 96, 97
2026/07/30 19:28:48.834, 0, NVIDIA GeForce RTX 3080, 5973, 4079, 10240, 97, 97
2026/07/30 19:28:48.946, 0, NVIDIA GeForce RTX 3080, 5973, 4079, 10240, 97, 97
2026/07/30 19:28:49.058, 0, NVIDIA GeForce RTX 3080, 5973, 4079, 10240, 97, 97
2026/07/30 19:28:49.170, 0, NVIDIA GeForce RTX 3080, 5973, 4079, 10240, 97, 97
2026/07/30 19:28:49.282, 0, NVIDIA GeForce RTX 3080, 5973, 4079, 10240, 98, 98
2026/07/30 19:28:49.392, 0, NVIDIA GeForce RTX 3080, 5973, 4079, 10240, 98, 98
2026/07/30 19:28:49.501, 0, NVIDIA GeForce RTX 3080, 5973, 4079, 10240, 98, 98
2026/07/30 19:28:49.612, 0, NVIDIA GeForce RTX 3080, 5973, 4079, 10240, 98, 98
2026/07/30 19:28:49.724, 0, NVIDIA GeForce RTX 3080, 5973, 4079, 10240, 98, 98
2026/07/30 19:28:49.836, 0, NVIDIA GeForce RTX 3080, 5973, 4079, 10240, 98, 98
2026/07/30 19:28:49.947, 0, NVIDIA GeForce RTX 3080, 5973, 4079, 10240, 98, 98
2026/07/30 19:28:50.057, 0, NVIDIA GeForce RTX 3080, 5973, 4079, 10240, 98, 98
2026/07/30 19:28:50.169, 0, NVIDIA GeForce RTX 3080, 5973, 4079, 10240, 98, 98
2026/07/30 19:28:50.281, 0, NVIDIA GeForce RTX 3080, 5973, 4079, 10240, 98, 98
2026/07/30 19:28:50.392, 0, NVIDIA GeForce RTX 3080, 5973, 4079, 10240, 98, 98
2026/07/30 19:28:50.503, 0, NVIDIA GeForce RTX 3080, 5973, 4079, 10240, 98, 98
2026/07/30 19:28:50.615, 0, NVIDIA GeForce RTX 3080, 5973, 4079, 10240, 98, 98
2026/07/30 19:28:50.727, 0, NVIDIA GeForce RTX 3080, 5973, 4079, 10240, 96, 98
2026/07/30 19:28:50.838, 0, NVIDIA GeForce RTX 3080, 5973, 4079, 10240, 96, 98
2026/07/30 19:28:50.950, 0, NVIDIA GeForce RTX 3080, 5973, 4079, 10240, 96, 98
2026/07/30 19:28:51.060, 0, NVIDIA GeForce RTX 3080, 5973, 4079, 10240, 96, 98
2026/07/30 19:28:51.172, 0, NVIDIA GeForce RTX 3080, 5973, 4079, 10240, 96, 98
2026/07/30 19:28:51.284, 0, NVIDIA GeForce RTX 3080, 5973, 4079, 10240, 96, 98
2026/07/30 19:28:51.396, 0, NVIDIA GeForce RTX 3080, 5973, 4079, 10240, 96, 98
2026/07/30 19:28:51.508, 0, NVIDIA GeForce RTX 3080, 5973, 4079, 10240, 96, 98
2026/07/30 19:28:51.620, 0, NVIDIA GeForce RTX 3080, 5973, 4079, 10240, 96, 98
2026/07/30 19:28:51.733, 0, NVIDIA GeForce RTX 3080, 5973, 4079, 10240, 95, 98
2026/07/30 19:28:51.845, 0, NVIDIA GeForce RTX 3080, 5973, 4079, 10240, 95, 98
2026/07/30 19:28:51.957, 0, NVIDIA GeForce RTX 3080, 5973, 4079, 10240, 95, 98
2026/07/30 19:28:52.069, 0, NVIDIA GeForce RTX 3080, 5973, 4079, 10240, 95, 98
2026/07/30 19:28:52.180, 0, NVIDIA GeForce RTX 3080, 5973, 4079, 10240, 95, 98
2026/07/30 19:28:52.292, 0, NVIDIA GeForce RTX 3080, 5973, 4079, 10240, 96, 98
2026/07/30 19:28:52.404, 0, NVIDIA GeForce RTX 3080, 5973, 4079, 10240, 96, 98
2026/07/30 19:28:52.515, 0, NVIDIA GeForce RTX 3080, 5973, 4079, 10240, 96, 98
2026/07/30 19:28:52.627, 0, NVIDIA GeForce RTX 3080, 5973, 4079, 10240, 96, 98
2026/07/30 19:28:52.739, 0, NVIDIA GeForce RTX 3080, 5973, 4079, 10240, 97, 98
2026/07/30 19:28:52.850, 0, NVIDIA GeForce RTX 3080, 5973, 4079, 10240, 97, 98
2026/07/30 19:28:52.962, 0, NVIDIA GeForce RTX 3080, 5973, 4079, 10240, 97, 98
2026/07/30 19:28:53.074, 0, NVIDIA GeForce RTX 3080, 5973, 4079, 10240, 97, 98
2026/07/30 19:28:53.185, 0, NVIDIA GeForce RTX 3080, 5973, 4079, 10240, 97, 98
2026/07/30 19:28:53.296, 0, NVIDIA GeForce RTX 3080, 5973, 4079, 10240, 97, 97
2026/07/30 19:28:53.408, 0, NVIDIA GeForce RTX 3080, 5973, 4079, 10240, 97, 97
2026/07/30 19:28:53.520, 0, NVIDIA GeForce RTX 3080, 5973, 4079, 10240, 97, 97
2026/07/30 19:28:53.631, 0, NVIDIA GeForce RTX 3080, 5973, 4079, 10240, 97, 97
2026/07/30 19:28:53.741, 0, NVIDIA GeForce RTX 3080, 5973, 4079, 10240, 97, 98
2026/07/30 19:28:53.853, 0, NVIDIA GeForce RTX 3080, 5973, 4079, 10240, 97, 98
2026/07/30 19:28:53.965, 0, NVIDIA GeForce RTX 3080, 5973, 4079, 10240, 97, 98
2026/07/30 19:28:54.077, 0, NVIDIA GeForce RTX 3080, 5973, 4079, 10240, 97, 98
2026/07/30 19:28:54.188, 0, NVIDIA GeForce RTX 3080, 5973, 4079, 10240, 97, 98
2026/07/30 19:28:54.300, 0, NVIDIA GeForce RTX 3080, 5973, 4079, 10240, 97, 97
2026/07/30 19:28:54.412, 0, NVIDIA GeForce RTX 3080, 5973, 4079, 10240, 97, 97
2026/07/30 19:28:54.524, 0, NVIDIA GeForce RTX 3080, 5973, 4079, 10240, 97, 97
2026/07/30 19:28:54.636, 0, NVIDIA GeForce RTX 3080, 5973, 4079, 10240, 97, 97
2026/07/30 19:28:54.747, 0, NVIDIA GeForce RTX 3080, 5973, 4079, 10240, 96, 98
2026/07/30 19:28:54.859, 0, NVIDIA GeForce RTX 3080, 5973, 4079, 10240, 96, 98
2026/07/30 19:28:54.971, 0, NVIDIA GeForce RTX 3080, 5973, 4079, 10240, 96, 98
2026/07/30 19:28:55.083, 0, NVIDIA GeForce RTX 3080, 5973, 4079, 10240, 96, 98
2026/07/30 19:28:55.195, 0, NVIDIA GeForce RTX 3080, 5973, 4079, 10240, 96, 98
2026/07/30 19:28:55.307, 0, NVIDIA GeForce RTX 3080, 5973, 4079, 10240, 95, 98
2026/07/30 19:28:55.417, 0, NVIDIA GeForce RTX 3080, 5973, 4079, 10240, 95, 98
2026/07/30 19:28:55.526, 0, NVIDIA GeForce RTX 3080, 5973, 4079, 10240, 95, 98
2026/07/30 19:28:55.634, 0, NVIDIA GeForce RTX 3080, 5973, 4079, 10240, 95, 98
2026/07/30 19:28:55.744, 0, NVIDIA GeForce RTX 3080, 5973, 4079, 10240, 96, 98
2026/07/30 19:28:55.854, 0, NVIDIA GeForce RTX 3080, 5973, 4079, 10240, 96, 98
2026/07/30 19:28:55.963, 0, NVIDIA GeForce RTX 3080, 5973, 4079, 10240, 96, 98
2026/07/30 19:28:56.072, 0, NVIDIA GeForce RTX 3080, 5973, 4079, 10240, 96, 98
2026/07/30 19:28:56.182, 0, NVIDIA GeForce RTX 3080, 5973, 4079, 10240, 96, 98
2026/07/30 19:28:56.294, 0, NVIDIA GeForce RTX 3080, 5973, 4079, 10240, 96, 98
2026/07/30 19:28:56.406, 0, NVIDIA GeForce RTX 3080, 5973, 4079, 10240, 96, 98
2026/07/30 19:28:56.518, 0, NVIDIA GeForce RTX 3080, 5973, 4079, 10240, 96, 98
2026/07/30 19:28:56.629, 0, NVIDIA GeForce RTX 3080, 5973, 4079, 10240, 96, 98
2026/07/30 19:28:56.740, 0, NVIDIA GeForce RTX 3080, 5973, 4079, 10240, 92, 95
2026/07/30 19:28:56.850, 0, NVIDIA GeForce RTX 3080, 5973, 4079, 10240, 92, 95
2026/07/30 19:28:56.962, 0, NVIDIA GeForce RTX 3080, 5973, 4079, 10240, 92, 95
2026/07/30 19:28:57.072, 0, NVIDIA GeForce RTX 3080, 5973, 4079, 10240, 92, 95
2026/07/30 19:28:57.184, 0, NVIDIA GeForce RTX 3080, 5973, 4079, 10240, 92, 95
2026/07/30 19:28:57.296, 0, NVIDIA GeForce RTX 3080, 5973, 4079, 10240, 97, 98
2026/07/30 19:28:57.407, 0, NVIDIA GeForce RTX 3080, 5973, 4079, 10240, 97, 98
2026/07/30 19:28:57.516, 0, NVIDIA GeForce RTX 3080, 5973, 4079, 10240, 97, 98
2026/07/30 19:28:57.627, 0, NVIDIA GeForce RTX 3080, 5973, 4079, 10240, 97, 98
2026/07/30 19:28:57.736, 0, NVIDIA GeForce RTX 3080, 5973, 4079, 10240, 96, 97
2026/07/30 19:28:57.845, 0, NVIDIA GeForce RTX 3080, 5973, 4079, 10240, 96, 97
2026/07/30 19:28:57.955, 0, NVIDIA GeForce RTX 3080, 5973, 4079, 10240, 96, 97
2026/07/30 19:28:58.065, 0, NVIDIA GeForce RTX 3080, 5973, 4079, 10240, 96, 97
2026/07/30 19:28:58.177, 0, NVIDIA GeForce RTX 3080, 5973, 4079, 10240, 96, 97
2026/07/30 19:28:58.289, 0, NVIDIA GeForce RTX 3080, 5973, 4079, 10240, 96, 98
2026/07/30 19:28:58.401, 0, NVIDIA GeForce RTX 3080, 5973, 4079, 10240, 96, 98
2026/07/30 19:28:58.513, 0, NVIDIA GeForce RTX 3080, 5973, 4079, 10240, 96, 98
2026/07/30 19:28:58.625, 0, NVIDIA GeForce RTX 3080, 5973, 4079, 10240, 96, 98
2026/07/30 19:28:58.737, 0, NVIDIA GeForce RTX 3080, 5973, 4079, 10240, 98, 98
2026/07/30 19:28:58.849, 0, NVIDIA GeForce RTX 3080, 5973, 4079, 10240, 98, 98
2026/07/30 19:28:58.961, 0, NVIDIA GeForce RTX 3080, 5973, 4079, 10240, 98, 98
2026/07/30 19:28:59.074, 0, NVIDIA GeForce RTX 3080, 5973, 4079, 10240, 98, 98
2026/07/30 19:28:59.185, 0, NVIDIA GeForce RTX 3080, 5973, 4079, 10240, 98, 98
2026/07/30 19:28:59.296, 0, NVIDIA GeForce RTX 3080, 5973, 4079, 10240, 97, 97
2026/07/30 19:28:59.408, 0, NVIDIA GeForce RTX 3080, 5973, 4079, 10240, 97, 97
2026/07/30 19:28:59.519, 0, NVIDIA GeForce RTX 3080, 5973, 4079, 10240, 97, 97
2026/07/30 19:28:59.630, 0, NVIDIA GeForce RTX 3080, 5973, 4079, 10240, 97, 97
2026/07/30 19:28:59.742, 0, NVIDIA GeForce RTX 3080, 5973, 4079, 10240, 97, 97
2026/07/30 19:28:59.854, 0, NVIDIA GeForce RTX 3080, 5973, 4079, 10240, 97, 97
2026/07/30 19:28:59.966, 0, NVIDIA GeForce RTX 3080, 5973, 4079, 10240, 97, 97
2026/07/30 19:29:00.077, 0, NVIDIA GeForce RTX 3080, 5973, 4079, 10240, 97, 97
2026/07/30 19:29:00.188, 0, NVIDIA GeForce RTX 3080, 5973, 4079, 10240, 97, 97
2026/07/30 19:29:00.300, 0, NVIDIA GeForce RTX 3080, 5973, 4079, 10240, 97, 97
2026/07/30 19:29:00.412, 0, NVIDIA GeForce RTX 3080, 5973, 4079, 10240, 97, 97
2026/07/30 19:29:00.524, 0, NVIDIA GeForce RTX 3080, 5973, 4079, 10240, 97, 97
2026/07/30 19:29:00.636, 0, NVIDIA GeForce RTX 3080, 5973, 4079, 10240, 97, 97
2026/07/30 19:29:00.748, 0, NVIDIA GeForce RTX 3080, 5973, 4079, 10240, 96, 98
2026/07/30 19:29:00.860, 0, NVIDIA GeForce RTX 3080, 5973, 4079, 10240, 96, 98
2026/07/30 19:29:00.972, 0, NVIDIA GeForce RTX 3080, 5973, 4079, 10240, 96, 98
2026/07/30 19:29:01.083, 0, NVIDIA GeForce RTX 3080, 5973, 4079, 10240, 96, 98
2026/07/30 19:29:01.195, 0, NVIDIA GeForce RTX 3080, 5973, 4079, 10240, 96, 98
2026/07/30 19:29:01.307, 0, NVIDIA GeForce RTX 3080, 5973, 4079, 10240, 95, 98
2026/07/30 19:29:01.418, 0, NVIDIA GeForce RTX 3080, 5973, 4079, 10240, 95, 98
2026/07/30 19:29:01.530, 0, NVIDIA GeForce RTX 3080, 5973, 4079, 10240, 95, 98
2026/07/30 19:29:01.642, 0, NVIDIA GeForce RTX 3080, 5973, 4079, 10240, 95, 98
2026/07/30 19:29:01.754, 0, NVIDIA GeForce RTX 3080, 5973, 4079, 10240, 95, 98
2026/07/30 19:29:01.866, 0, NVIDIA GeForce RTX 3080, 5973, 4079, 10240, 95, 98
2026/07/30 19:29:01.978, 0, NVIDIA GeForce RTX 3080, 5973, 4079, 10240, 95, 98
2026/07/30 19:29:02.090, 0, NVIDIA GeForce RTX 3080, 5973, 4079, 10240, 95, 98
2026/07/30 19:29:02.202, 0, NVIDIA GeForce RTX 3080, 5973, 4079, 10240, 95, 98
2026/07/30 19:29:02.314, 0, NVIDIA GeForce RTX 3080, 5973, 4079, 10240, 95, 98
2026/07/30 19:29:02.425, 0, NVIDIA GeForce RTX 3080, 5973, 4079, 10240, 95, 98
2026/07/30 19:29:02.534, 0, NVIDIA GeForce RTX 3080, 5973, 4079, 10240, 95, 98
2026/07/30 19:29:02.644, 0, NVIDIA GeForce RTX 3080, 5973, 4079, 10240, 95, 98
2026/07/30 19:29:02.753, 0, NVIDIA GeForce RTX 3080, 5973, 4079, 10240, 97, 98
2026/07/30 19:29:02.864, 0, NVIDIA GeForce RTX 3080, 5973, 4079, 10240, 97, 98
2026/07/30 19:29:02.976, 0, NVIDIA GeForce RTX 3080, 5973, 4079, 10240, 97, 98
2026/07/30 19:29:03.088, 0, NVIDIA GeForce RTX 3080, 5973, 4079, 10240, 97, 98
2026/07/30 19:29:03.199, 0, NVIDIA GeForce RTX 3080, 5973, 4079, 10240, 97, 98
2026/07/30 19:29:03.311, 0, NVIDIA GeForce RTX 3080, 5973, 4079, 10240, 97, 98
2026/07/30 19:29:03.423, 0, NVIDIA GeForce RTX 3080, 5973, 4079, 10240, 97, 98
2026/07/30 19:29:03.534, 0, NVIDIA GeForce RTX 3080, 5973, 4079, 10240, 97, 98
2026/07/30 19:29:03.646, 0, NVIDIA GeForce RTX 3080, 5973, 4079, 10240, 97, 98
2026/07/30 19:29:03.758, 0, NVIDIA GeForce RTX 3080, 5973, 4079, 10240, 97, 98
2026/07/30 19:29:03.870, 0, NVIDIA GeForce RTX 3080, 5973, 4079, 10240, 97, 98
2026/07/30 19:29:03.982, 0, NVIDIA GeForce RTX 3080, 5973, 4079, 10240, 97, 98
2026/07/30 19:29:04.094, 0, NVIDIA GeForce RTX 3080, 5973, 4079, 10240, 97, 98
2026/07/30 19:29:04.206, 0, NVIDIA GeForce RTX 3080, 5973, 4079, 10240, 97, 98
2026/07/30 19:29:04.318, 0, NVIDIA GeForce RTX 3080, 5973, 4079, 10240, 97, 98
2026/07/30 19:29:04.428, 0, NVIDIA GeForce RTX 3080, 5973, 4079, 10240, 97, 98
2026/07/30 19:29:04.539, 0, NVIDIA GeForce RTX 3080, 5973, 4079, 10240, 97, 98
2026/07/30 19:29:04.650, 0, NVIDIA GeForce RTX 3080, 5973, 4079, 10240, 97, 98
2026/07/30 19:29:04.762, 0, NVIDIA GeForce RTX 3080, 5973, 4079, 10240, 96, 98
2026/07/30 19:29:04.874, 0, NVIDIA GeForce RTX 3080, 5973, 4079, 10240, 96, 98
2026/07/30 19:29:04.986, 0, NVIDIA GeForce RTX 3080, 5973, 4079, 10240, 96, 98
2026/07/30 19:29:05.098, 0, NVIDIA GeForce RTX 3080, 5973, 4079, 10240, 96, 98
2026/07/30 19:29:05.210, 0, NVIDIA GeForce RTX 3080, 5973, 4079, 10240, 96, 98
2026/07/30 19:29:05.321, 0, NVIDIA GeForce RTX 3080, 5973, 4079, 10240, 95, 98
2026/07/30 19:29:05.433, 0, NVIDIA GeForce RTX 3080, 5973, 4079, 10240, 95, 98
2026/07/30 19:29:05.545, 0, NVIDIA GeForce RTX 3080, 5973, 4079, 10240, 95, 98
2026/07/30 19:29:05.657, 0, NVIDIA GeForce RTX 3080, 5973, 4079, 10240, 95, 98
2026/07/30 19:29:05.769, 0, NVIDIA GeForce RTX 3080, 5973, 4079, 10240, 95, 97
2026/07/30 19:29:05.880, 0, NVIDIA GeForce RTX 3080, 5973, 4079, 10240, 95, 97
2026/07/30 19:29:05.992, 0, NVIDIA GeForce RTX 3080, 5973, 4079, 10240, 95, 97
2026/07/30 19:29:06.104, 0, NVIDIA GeForce RTX 3080, 5973, 4079, 10240, 95, 97
2026/07/30 19:29:06.216, 0, NVIDIA GeForce RTX 3080, 5973, 4079, 10240, 95, 97
2026/07/30 19:29:06.328, 0, NVIDIA GeForce RTX 3080, 5973, 4079, 10240, 95, 98
2026/07/30 19:29:06.440, 0, NVIDIA GeForce RTX 3080, 5973, 4079, 10240, 95, 98
2026/07/30 19:29:06.552, 0, NVIDIA GeForce RTX 3080, 5973, 4079, 10240, 95, 98
2026/07/30 19:29:06.664, 0, NVIDIA GeForce RTX 3080, 5973, 4079, 10240, 95, 98
2026/07/30 19:29:06.776, 0, NVIDIA GeForce RTX 3080, 5973, 4079, 10240, 96, 97
2026/07/30 19:29:06.888, 0, NVIDIA GeForce RTX 3080, 5973, 4079, 10240, 96, 97
2026/07/30 19:29:07.000, 0, NVIDIA GeForce RTX 3080, 5973, 4079, 10240, 96, 97
2026/07/30 19:29:07.112, 0, NVIDIA GeForce RTX 3080, 5973, 4079, 10240, 96, 97
2026/07/30 19:29:07.224, 0, NVIDIA GeForce RTX 3080, 5973, 4079, 10240, 96, 97
2026/07/30 19:29:07.336, 0, NVIDIA GeForce RTX 3080, 5973, 4079, 10240, 96, 97
2026/07/30 19:29:07.448, 0, NVIDIA GeForce RTX 3080, 5973, 4079, 10240, 96, 97
2026/07/30 19:29:07.560, 0, NVIDIA GeForce RTX 3080, 5973, 4079, 10240, 96, 97
2026/07/30 19:29:07.672, 0, NVIDIA GeForce RTX 3080, 5973, 4079, 10240, 96, 97
2026/07/30 19:29:07.784, 0, NVIDIA GeForce RTX 3080, 5973, 4079, 10240, 97, 98
2026/07/30 19:29:07.895, 0, NVIDIA GeForce RTX 3080, 5973, 4079, 10240, 97, 98
2026/07/30 19:29:08.007, 0, NVIDIA GeForce RTX 3080, 5973, 4079, 10240, 97, 98
2026/07/30 19:29:08.119, 0, NVIDIA GeForce RTX 3080, 5973, 4079, 10240, 97, 98
2026/07/30 19:29:08.231, 0, NVIDIA GeForce RTX 3080, 5973, 4079, 10240, 94, 96
2026/07/30 19:29:08.343, 0, NVIDIA GeForce RTX 3080, 5973, 4079, 10240, 94, 96
2026/07/30 19:29:08.455, 0, NVIDIA GeForce RTX 3080, 5973, 4079, 10240, 94, 96
2026/07/30 19:29:08.567, 0, NVIDIA GeForce RTX 3080, 5973, 4079, 10240, 94, 96
2026/07/30 19:29:08.679, 0, NVIDIA GeForce RTX 3080, 5973, 4079, 10240, 94, 96
2026/07/30 19:29:08.791, 0, NVIDIA GeForce RTX 3080, 5973, 4079, 10240, 98, 98
2026/07/30 19:29:08.903, 0, NVIDIA GeForce RTX 3080, 5973, 4079, 10240, 98, 98
2026/07/30 19:29:09.015, 0, NVIDIA GeForce RTX 3080, 5973, 4079, 10240, 98, 98
2026/07/30 19:29:09.127, 0, NVIDIA GeForce RTX 3080, 5973, 4079, 10240, 98, 98
2026/07/30 19:29:09.238, 0, NVIDIA GeForce RTX 3080, 5973, 4079, 10240, 98, 98
2026/07/30 19:29:09.350, 0, NVIDIA GeForce RTX 3080, 5973, 4079, 10240, 98, 98
2026/07/30 19:29:09.461, 0, NVIDIA GeForce RTX 3080, 5973, 4079, 10240, 98, 98
2026/07/30 19:29:09.573, 0, NVIDIA GeForce RTX 3080, 5973, 4079, 10240, 98, 98
2026/07/30 19:29:09.684, 0, NVIDIA GeForce RTX 3080, 5973, 4079, 10240, 98, 98
2026/07/30 19:29:09.796, 0, NVIDIA GeForce RTX 3080, 5973, 4079, 10240, 98, 98
2026/07/30 19:29:09.908, 0, NVIDIA GeForce RTX 3080, 5973, 4079, 10240, 98, 98
2026/07/30 19:29:10.020, 0, NVIDIA GeForce RTX 3080, 5973, 4079, 10240, 98, 98
2026/07/30 19:29:10.132, 0, NVIDIA GeForce RTX 3080, 5973, 4079, 10240, 98, 98
2026/07/30 19:29:10.244, 0, NVIDIA GeForce RTX 3080, 5973, 4079, 10240, 95, 98
2026/07/30 19:29:10.356, 0, NVIDIA GeForce RTX 3080, 5973, 4079, 10240, 95, 98
2026/07/30 19:29:10.468, 0, NVIDIA GeForce RTX 3080, 5973, 4079, 10240, 95, 98
2026/07/30 19:29:10.580, 0, NVIDIA GeForce RTX 3080, 5973, 4079, 10240, 95, 98
2026/07/30 19:29:10.692, 0, NVIDIA GeForce RTX 3080, 5973, 4079, 10240, 95, 98
2026/07/30 19:29:10.804, 0, NVIDIA GeForce RTX 3080, 5973, 4079, 10240, 95, 98
2026/07/30 19:29:10.916, 0, NVIDIA GeForce RTX 3080, 5973, 4079, 10240, 95, 98
2026/07/30 19:29:11.028, 0, NVIDIA GeForce RTX 3080, 5973, 4079, 10240, 95, 98
2026/07/30 19:29:11.138, 0, NVIDIA GeForce RTX 3080, 5973, 4079, 10240, 95, 98
2026/07/30 19:29:11.249, 0, NVIDIA GeForce RTX 3080, 5973, 4079, 10240, 94, 96
2026/07/30 19:29:11.359, 0, NVIDIA GeForce RTX 3080, 5973, 4079, 10240, 94, 96
2026/07/30 19:29:11.470, 0, NVIDIA GeForce RTX 3080, 5973, 4079, 10240, 94, 96
2026/07/30 19:29:11.581, 0, NVIDIA GeForce RTX 3080, 5973, 4079, 10240, 94, 96
2026/07/30 19:29:11.693, 0, NVIDIA GeForce RTX 3080, 5973, 4079, 10240, 94, 96
2026/07/30 19:29:11.804, 0, NVIDIA GeForce RTX 3080, 5973, 4079, 10240, 96, 98
2026/07/30 19:29:11.916, 0, NVIDIA GeForce RTX 3080, 5973, 4079, 10240, 96, 98
2026/07/30 19:29:12.027, 0, NVIDIA GeForce RTX 3080, 5973, 4079, 10240, 96, 98
2026/07/30 19:29:12.140, 0, NVIDIA GeForce RTX 3080, 5973, 4079, 10240, 96, 98
2026/07/30 19:29:12.252, 0, NVIDIA GeForce RTX 3080, 5973, 4079, 10240, 97, 98
2026/07/30 19:29:12.363, 0, NVIDIA GeForce RTX 3080, 5973, 4079, 10240, 97, 98
2026/07/30 19:29:12.474, 0, NVIDIA GeForce RTX 3080, 5973, 4079, 10240, 97, 98
2026/07/30 19:29:12.586, 0, NVIDIA GeForce RTX 3080, 5973, 4079, 10240, 97, 98
2026/07/30 19:29:12.697, 0, NVIDIA GeForce RTX 3080, 5973, 4079, 10240, 97, 98
2026/07/30 19:29:12.808, 0, NVIDIA GeForce RTX 3080, 5973, 4079, 10240, 96, 96
2026/07/30 19:29:12.920, 0, NVIDIA GeForce RTX 3080, 5973, 4079, 10240, 96, 96
2026/07/30 19:29:13.032, 0, NVIDIA GeForce RTX 3080, 5973, 4079, 10240, 96, 96
2026/07/30 19:29:13.143, 0, NVIDIA GeForce RTX 3080, 5973, 4079, 10240, 96, 96
2026/07/30 19:29:13.255, 0, NVIDIA GeForce RTX 3080, 5973, 4079, 10240, 97, 98
2026/07/30 19:29:13.367, 0, NVIDIA GeForce RTX 3080, 5973, 4079, 10240, 97, 98
2026/07/30 19:29:13.479, 0, NVIDIA GeForce RTX 3080, 5973, 4079, 10240, 97, 98
2026/07/30 19:29:13.590, 0, NVIDIA GeForce RTX 3080, 5973, 4079, 10240, 97, 98
2026/07/30 19:29:13.702, 0, NVIDIA GeForce RTX 3080, 5973, 4079, 10240, 97, 98
2026/07/30 19:29:13.814, 0, NVIDIA GeForce RTX 3080, 5973, 4079, 10240, 97, 98
2026/07/30 19:29:13.926, 0, NVIDIA GeForce RTX 3080, 5973, 4079, 10240, 97, 98
2026/07/30 19:29:14.038, 0, NVIDIA GeForce RTX 3080, 5973, 4079, 10240, 97, 98
2026/07/30 19:29:14.150, 0, NVIDIA GeForce RTX 3080, 5973, 4079, 10240, 97, 98
2026/07/30 19:29:14.263, 0, NVIDIA GeForce RTX 3080, 5973, 4079, 10240, 95, 98
2026/07/30 19:29:14.375, 0, NVIDIA GeForce RTX 3080, 5973, 4079, 10240, 95, 98
2026/07/30 19:29:14.487, 0, NVIDIA GeForce RTX 3080, 5973, 4079, 10240, 95, 98
2026/07/30 19:29:14.599, 0, NVIDIA GeForce RTX 3080, 5973, 4079, 10240, 95, 98
2026/07/30 19:29:14.711, 0, NVIDIA GeForce RTX 3080, 5973, 4079, 10240, 95, 98
2026/07/30 19:29:14.823, 0, NVIDIA GeForce RTX 3080, 5973, 4079, 10240, 96, 98
2026/07/30 19:29:14.934, 0, NVIDIA GeForce RTX 3080, 5973, 4079, 10240, 96, 98
2026/07/30 19:29:15.046, 0, NVIDIA GeForce RTX 3080, 5973, 4079, 10240, 96, 98
2026/07/30 19:29:15.158, 0, NVIDIA GeForce RTX 3080, 5973, 4079, 10240, 96, 98
2026/07/30 19:29:15.270, 0, NVIDIA GeForce RTX 3080, 5973, 4079, 10240, 96, 98
2026/07/30 19:29:15.382, 0, NVIDIA GeForce RTX 3080, 5973, 4079, 10240, 96, 98
2026/07/30 19:29:15.491, 0, NVIDIA GeForce RTX 3080, 5973, 4079, 10240, 96, 98
2026/07/30 19:29:15.599, 0, NVIDIA GeForce RTX 3080, 5973, 4079, 10240, 96, 98
2026/07/30 19:29:15.708, 0, NVIDIA GeForce RTX 3080, 5973, 4079, 10240, 96, 98
2026/07/30 19:29:15.817, 0, NVIDIA GeForce RTX 3080, 5973, 4079, 10240, 96, 98
2026/07/30 19:29:15.926, 0, NVIDIA GeForce RTX 3080, 5973, 4079, 10240, 96, 98
2026/07/30 19:29:16.035, 0, NVIDIA GeForce RTX 3080, 5973, 4079, 10240, 96, 98
2026/07/30 19:29:16.145, 0, NVIDIA GeForce RTX 3080, 5973, 4079, 10240, 96, 98
2026/07/30 19:29:16.256, 0, NVIDIA GeForce RTX 3080, 5973, 4079, 10240, 97, 98
2026/07/30 19:29:16.367, 0, NVIDIA GeForce RTX 3080, 5973, 4079, 10240, 97, 98
2026/07/30 19:29:16.479, 0, NVIDIA GeForce RTX 3080, 5973, 4079, 10240, 97, 98
2026/07/30 19:29:16.590, 0, NVIDIA GeForce RTX 3080, 5973, 4079, 10240, 97, 98
2026/07/30 19:29:16.702, 0, NVIDIA GeForce RTX 3080, 5973, 4079, 10240, 97, 98
2026/07/30 19:29:16.814, 0, NVIDIA GeForce RTX 3080, 5973, 4079, 10240, 97, 98
2026/07/30 19:29:16.926, 0, NVIDIA GeForce RTX 3080, 5973, 4079, 10240, 97, 98
2026/07/30 19:29:17.038, 0, NVIDIA GeForce RTX 3080, 5973, 4079, 10240, 97, 98
2026/07/30 19:29:17.150, 0, NVIDIA GeForce RTX 3080, 5973, 4079, 10240, 97, 98
2026/07/30 19:29:17.263, 0, NVIDIA GeForce RTX 3080, 5973, 4079, 10240, 97, 98
2026/07/30 19:29:17.375, 0, NVIDIA GeForce RTX 3080, 5973, 4079, 10240, 97, 98
2026/07/30 19:29:17.484, 0, NVIDIA GeForce RTX 3080, 5973, 4079, 10240, 97, 98
2026/07/30 19:29:17.593, 0, NVIDIA GeForce RTX 3080, 5973, 4079, 10240, 97, 98
2026/07/30 19:29:17.702, 0, NVIDIA GeForce RTX 3080, 5973, 4079, 10240, 97, 98
2026/07/30 19:29:17.812, 0, NVIDIA GeForce RTX 3080, 5973, 4079, 10240, 97, 98
2026/07/30 19:29:17.925, 0, NVIDIA GeForce RTX 3080, 5973, 4079, 10240, 97, 98
2026/07/30 19:29:18.037, 0, NVIDIA GeForce RTX 3080, 5973, 4079, 10240, 97, 98
2026/07/30 19:29:18.149, 0, NVIDIA GeForce RTX 3080, 5973, 4079, 10240, 97, 98
2026/07/30 19:29:18.261, 0, NVIDIA GeForce RTX 3080, 5973, 4079, 10240, 98, 98
2026/07/30 19:29:18.373, 0, NVIDIA GeForce RTX 3080, 5973, 4079, 10240, 98, 98
2026/07/30 19:29:18.485, 0, NVIDIA GeForce RTX 3080, 5973, 4079, 10240, 98, 98
2026/07/30 19:29:18.597, 0, NVIDIA GeForce RTX 3080, 5973, 4079, 10240, 98, 98
2026/07/30 19:29:18.708, 0, NVIDIA GeForce RTX 3080, 5973, 4079, 10240, 98, 98
2026/07/30 19:29:18.820, 0, NVIDIA GeForce RTX 3080, 5973, 4079, 10240, 98, 98
2026/07/30 19:29:18.932, 0, NVIDIA GeForce RTX 3080, 5973, 4079, 10240, 98, 98
2026/07/30 19:29:19.044, 0, NVIDIA GeForce RTX 3080, 5973, 4079, 10240, 98, 98
2026/07/30 19:29:19.154, 0, NVIDIA GeForce RTX 3080, 5973, 4079, 10240, 98, 98
2026/07/30 19:29:19.266, 0, NVIDIA GeForce RTX 3080, 5973, 4079, 10240, 96, 96
2026/07/30 19:29:19.378, 0, NVIDIA GeForce RTX 3080, 5973, 4079, 10240, 96, 96
2026/07/30 19:29:19.490, 0, NVIDIA GeForce RTX 3080, 5973, 4079, 10240, 96, 96
2026/07/30 19:29:19.601, 0, NVIDIA GeForce RTX 3080, 5973, 4079, 10240, 96, 96
2026/07/30 19:29:19.713, 0, NVIDIA GeForce RTX 3080, 5973, 4079, 10240, 96, 96
2026/07/30 19:29:19.826, 0, NVIDIA GeForce RTX 3080, 5973, 4079, 10240, 98, 98
2026/07/30 19:29:19.937, 0, NVIDIA GeForce RTX 3080, 5973, 4079, 10240, 98, 98
2026/07/30 19:29:20.049, 0, NVIDIA GeForce RTX 3080, 5973, 4079, 10240, 98, 98
2026/07/30 19:29:20.160, 0, NVIDIA GeForce RTX 3080, 5973, 4079, 10240, 98, 98
2026/07/30 19:29:20.272, 0, NVIDIA GeForce RTX 3080, 5973, 4079, 10240, 96, 98
2026/07/30 19:29:20.384, 0, NVIDIA GeForce RTX 3080, 5973, 4079, 10240, 96, 98
2026/07/30 19:29:20.496, 0, NVIDIA GeForce RTX 3080, 5973, 4079, 10240, 96, 98
2026/07/30 19:29:20.608, 0, NVIDIA GeForce RTX 3080, 5973, 4079, 10240, 96, 98
2026/07/30 19:29:20.720, 0, NVIDIA GeForce RTX 3080, 5973, 4079, 10240, 96, 98
2026/07/30 19:29:20.832, 0, NVIDIA GeForce RTX 3080, 5973, 4079, 10240, 96, 98
2026/07/30 19:29:20.942, 0, NVIDIA GeForce RTX 3080, 5973, 4079, 10240, 96, 98
2026/07/30 19:29:21.054, 0, NVIDIA GeForce RTX 3080, 5973, 4079, 10240, 96, 98
2026/07/30 19:29:21.165, 0, NVIDIA GeForce RTX 3080, 5973, 4079, 10240, 96, 98
2026/07/30 19:29:21.276, 0, NVIDIA GeForce RTX 3080, 5973, 4079, 10240, 96, 98
2026/07/30 19:29:21.388, 0, NVIDIA GeForce RTX 3080, 5973, 4079, 10240, 96, 98
2026/07/30 19:29:21.500, 0, NVIDIA GeForce RTX 3080, 5973, 4079, 10240, 96, 98
2026/07/30 19:29:21.612, 0, NVIDIA GeForce RTX 3080, 5973, 4079, 10240, 96, 98
2026/07/30 19:29:21.724, 0, NVIDIA GeForce RTX 3080, 5973, 4079, 10240, 96, 98
2026/07/30 19:29:21.836, 0, NVIDIA GeForce RTX 3080, 5973, 4079, 10240, 96, 98
2026/07/30 19:29:21.948, 0, NVIDIA GeForce RTX 3080, 5973, 4079, 10240, 96, 98
2026/07/30 19:29:22.060, 0, NVIDIA GeForce RTX 3080, 5973, 4079, 10240, 96, 98
2026/07/30 19:29:22.172, 0, NVIDIA GeForce RTX 3080, 5973, 4079, 10240, 96, 98
2026/07/30 19:29:22.284, 0, NVIDIA GeForce RTX 3080, 5973, 4079, 10240, 97, 98
2026/07/30 19:29:22.396, 0, NVIDIA GeForce RTX 3080, 5973, 4079, 10240, 97, 98
2026/07/30 19:29:22.506, 0, NVIDIA GeForce RTX 3080, 5973, 4079, 10240, 97, 98
2026/07/30 19:29:22.613, 0, NVIDIA GeForce RTX 3080, 5973, 4079, 10240, 97, 98
2026/07/30 19:29:22.722, 0, NVIDIA GeForce RTX 3080, 5973, 4079, 10240, 97, 98
2026/07/30 19:29:22.834, 0, NVIDIA GeForce RTX 3080, 5973, 4079, 10240, 97, 98
2026/07/30 19:29:22.946, 0, NVIDIA GeForce RTX 3080, 5973, 4079, 10240, 97, 98
2026/07/30 19:29:23.058, 0, NVIDIA GeForce RTX 3080, 5973, 4079, 10240, 97, 98
2026/07/30 19:29:23.170, 0, NVIDIA GeForce RTX 3080, 5973, 4079, 10240, 97, 98
2026/07/30 19:29:23.281, 0, NVIDIA GeForce RTX 3080, 5973, 4079, 10240, 97, 98
2026/07/30 19:29:23.393, 0, NVIDIA GeForce RTX 3080, 5973, 4079, 10240, 97, 98
2026/07/30 19:29:23.504, 0, NVIDIA GeForce RTX 3080, 5973, 4079, 10240, 97, 98
2026/07/30 19:29:23.616, 0, NVIDIA GeForce RTX 3080, 5973, 4079, 10240, 97, 98
2026/07/30 19:29:23.727, 0, NVIDIA GeForce RTX 3080, 5973, 4079, 10240, 98, 98
2026/07/30 19:29:23.839, 0, NVIDIA GeForce RTX 3080, 5973, 4079, 10240, 98, 98
2026/07/30 19:29:23.951, 0, NVIDIA GeForce RTX 3080, 5973, 4079, 10240, 98, 98
2026/07/30 19:29:24.063, 0, NVIDIA GeForce RTX 3080, 5973, 4079, 10240, 98, 98
2026/07/30 19:29:24.175, 0, NVIDIA GeForce RTX 3080, 5973, 4079, 10240, 98, 98
2026/07/30 19:29:24.287, 0, NVIDIA GeForce RTX 3080, 5973, 4079, 10240, 96, 98
2026/07/30 19:29:24.399, 0, NVIDIA GeForce RTX 3080, 5973, 4079, 10240, 96, 98
2026/07/30 19:29:24.511, 0, NVIDIA GeForce RTX 3080, 5973, 4079, 10240, 96, 98
2026/07/30 19:29:24.622, 0, NVIDIA GeForce RTX 3080, 5973, 4079, 10240, 96, 98
2026/07/30 19:29:24.733, 0, NVIDIA GeForce RTX 3080, 5973, 4079, 10240, 95, 98
2026/07/30 19:29:24.845, 0, NVIDIA GeForce RTX 3080, 5973, 4079, 10240, 95, 98
2026/07/30 19:29:24.956, 0, NVIDIA GeForce RTX 3080, 5973, 4079, 10240, 95, 98
2026/07/30 19:29:25.068, 0, NVIDIA GeForce RTX 3080, 5973, 4079, 10240, 95, 98
2026/07/30 19:29:25.180, 0, NVIDIA GeForce RTX 3080, 5973, 4079, 10240, 95, 98
2026/07/30 19:29:25.292, 0, NVIDIA GeForce RTX 3080, 5973, 4079, 10240, 96, 98
2026/07/30 19:29:25.404, 0, NVIDIA GeForce RTX 3080, 5973, 4079, 10240, 96, 98
2026/07/30 19:29:25.516, 0, NVIDIA GeForce RTX 3080, 5973, 4079, 10240, 96, 98
2026/07/30 19:29:25.627, 0, NVIDIA GeForce RTX 3080, 5973, 4079, 10240, 96, 98
2026/07/30 19:29:25.738, 0, NVIDIA GeForce RTX 3080, 5973, 4079, 10240, 96, 98
2026/07/30 19:29:25.850, 0, NVIDIA GeForce RTX 3080, 5973, 4079, 10240, 96, 98
2026/07/30 19:29:25.962, 0, NVIDIA GeForce RTX 3080, 5973, 4079, 10240, 96, 98
2026/07/30 19:29:26.074, 0, NVIDIA GeForce RTX 3080, 5973, 4079, 10240, 96, 98
2026/07/30 19:29:26.186, 0, NVIDIA GeForce RTX 3080, 5973, 4079, 10240, 96, 98
2026/07/30 19:29:26.298, 0, NVIDIA GeForce RTX 3080, 5973, 4079, 10240, 96, 97
2026/07/30 19:29:26.409, 0, NVIDIA GeForce RTX 3080, 5973, 4079, 10240, 96, 97
2026/07/30 19:29:26.519, 0, NVIDIA GeForce RTX 3080, 5973, 4079, 10240, 96, 97
2026/07/30 19:29:26.631, 0, NVIDIA GeForce RTX 3080, 5973, 4079, 10240, 96, 97
2026/07/30 19:29:26.742, 0, NVIDIA GeForce RTX 3080, 5973, 4079, 10240, 97, 98
2026/07/30 19:29:26.854, 0, NVIDIA GeForce RTX 3080, 5973, 4079, 10240, 97, 98
2026/07/30 19:29:26.966, 0, NVIDIA GeForce RTX 3080, 5973, 4079, 10240, 97, 98
2026/07/30 19:29:27.078, 0, NVIDIA GeForce RTX 3080, 5973, 4079, 10240, 97, 98
2026/07/30 19:29:27.189, 0, NVIDIA GeForce RTX 3080, 5973, 4079, 10240, 97, 98
2026/07/30 19:29:27.301, 0, NVIDIA GeForce RTX 3080, 5973, 4079, 10240, 96, 97
2026/07/30 19:29:27.413, 0, NVIDIA GeForce RTX 3080, 5973, 4079, 10240, 96, 97
2026/07/30 19:29:27.524, 0, NVIDIA GeForce RTX 3080, 5973, 4079, 10240, 96, 97
2026/07/30 19:29:27.636, 0, NVIDIA GeForce RTX 3080, 5973, 4079, 10240, 96, 97
2026/07/30 19:29:27.748, 0, NVIDIA GeForce RTX 3080, 5973, 4079, 10240, 95, 96
2026/07/30 19:29:27.859, 0, NVIDIA GeForce RTX 3080, 5973, 4079, 10240, 95, 96
2026/07/30 19:29:27.970, 0, NVIDIA GeForce RTX 3080, 5973, 4079, 10240, 95, 96
2026/07/30 19:29:28.082, 0, NVIDIA GeForce RTX 3080, 5973, 4079, 10240, 95, 96
2026/07/30 19:29:28.194, 0, NVIDIA GeForce RTX 3080, 5973, 4079, 10240, 95, 96
2026/07/30 19:29:28.306, 0, NVIDIA GeForce RTX 3080, 5973, 4079, 10240, 98, 98
2026/07/30 19:29:28.418, 0, NVIDIA GeForce RTX 3080, 5973, 4079, 10240, 98, 98
2026/07/30 19:29:28.529, 0, NVIDIA GeForce RTX 3080, 5973, 4079, 10240, 98, 98
2026/07/30 19:29:28.640, 0, NVIDIA GeForce RTX 3080, 5973, 4079, 10240, 98, 98
2026/07/30 19:29:28.752, 0, NVIDIA GeForce RTX 3080, 5973, 4079, 10240, 97, 97
2026/07/30 19:29:28.863, 0, NVIDIA GeForce RTX 3080, 5973, 4079, 10240, 97, 97
2026/07/30 19:29:28.975, 0, NVIDIA GeForce RTX 3080, 5973, 4079, 10240, 97, 97
2026/07/30 19:29:29.087, 0, NVIDIA GeForce RTX 3080, 5973, 4079, 10240, 97, 97
2026/07/30 19:29:29.200, 0, NVIDIA GeForce RTX 3080, 5973, 4079, 10240, 97, 97
2026/07/30 19:29:29.312, 0, NVIDIA GeForce RTX 3080, 5973, 4079, 10240, 98, 97
2026/07/30 19:29:29.424, 0, NVIDIA GeForce RTX 3080, 5973, 4079, 10240, 98, 97
2026/07/30 19:29:29.535, 0, NVIDIA GeForce RTX 3080, 5973, 4079, 10240, 98, 97
2026/07/30 19:29:29.647, 0, NVIDIA GeForce RTX 3080, 5973, 4079, 10240, 98, 97
2026/07/30 19:29:29.759, 0, NVIDIA GeForce RTX 3080, 5973, 4079, 10240, 95, 98
2026/07/30 19:29:29.871, 0, NVIDIA GeForce RTX 3080, 5973, 4079, 10240, 95, 98
2026/07/30 19:29:29.983, 0, NVIDIA GeForce RTX 3080, 5973, 4079, 10240, 95, 98
2026/07/30 19:29:30.095, 0, NVIDIA GeForce RTX 3080, 5973, 4079, 10240, 95, 98
2026/07/30 19:29:30.207, 0, NVIDIA GeForce RTX 3080, 5973, 4079, 10240, 95, 98
2026/07/30 19:29:30.319, 0, NVIDIA GeForce RTX 3080, 5973, 4079, 10240, 95, 98
2026/07/30 19:29:30.430, 0, NVIDIA GeForce RTX 3080, 5973, 4079, 10240, 95, 98
2026/07/30 19:29:30.539, 0, NVIDIA GeForce RTX 3080, 5973, 4079, 10240, 95, 98
2026/07/30 19:29:30.647, 0, NVIDIA GeForce RTX 3080, 5973, 4079, 10240, 95, 98
2026/07/30 19:29:30.757, 0, NVIDIA GeForce RTX 3080, 5973, 4079, 10240, 96, 98
2026/07/30 19:29:30.867, 0, NVIDIA GeForce RTX 3080, 5973, 4079, 10240, 96, 98
2026/07/30 19:29:30.976, 0, NVIDIA GeForce RTX 3080, 5973, 4079, 10240, 96, 98
2026/07/30 19:29:31.085, 0, NVIDIA GeForce RTX 3080, 5973, 4079, 10240, 96, 98
2026/07/30 19:29:31.197, 0, NVIDIA GeForce RTX 3080, 5973, 4079, 10240, 96, 98
2026/07/30 19:29:31.308, 0, NVIDIA GeForce RTX 3080, 5973, 4079, 10240, 96, 98
2026/07/30 19:29:31.419, 0, NVIDIA GeForce RTX 3080, 5973, 4079, 10240, 96, 98
2026/07/30 19:29:31.531, 0, NVIDIA GeForce RTX 3080, 5973, 4079, 10240, 96, 98
2026/07/30 19:29:31.643, 0, NVIDIA GeForce RTX 3080, 5973, 4079, 10240, 96, 98
2026/07/30 19:29:31.754, 0, NVIDIA GeForce RTX 3080, 5973, 4079, 10240, 97, 98
2026/07/30 19:29:31.866, 0, NVIDIA GeForce RTX 3080, 5973, 4079, 10240, 97, 98
2026/07/30 19:29:31.976, 0, NVIDIA GeForce RTX 3080, 5973, 4079, 10240, 97, 98
2026/07/30 19:29:32.088, 0, NVIDIA GeForce RTX 3080, 5973, 4079, 10240, 97, 98
2026/07/30 19:29:32.200, 0, NVIDIA GeForce RTX 3080, 5973, 4079, 10240, 97, 98
2026/07/30 19:29:32.311, 0, NVIDIA GeForce RTX 3080, 5973, 4079, 10240, 98, 98
2026/07/30 19:29:32.422, 0, NVIDIA GeForce RTX 3080, 5973, 4079, 10240, 98, 98
2026/07/30 19:29:32.534, 0, NVIDIA GeForce RTX 3080, 5973, 4079, 10240, 98, 98
2026/07/30 19:29:32.645, 0, NVIDIA GeForce RTX 3080, 5973, 4079, 10240, 98, 98
2026/07/30 19:29:32.757, 0, NVIDIA GeForce RTX 3080, 5973, 4079, 10240, 97, 98
2026/07/30 19:29:32.869, 0, NVIDIA GeForce RTX 3080, 5973, 4079, 10240, 97, 98
2026/07/30 19:29:32.980, 0, NVIDIA GeForce RTX 3080, 5973, 4079, 10240, 97, 98
2026/07/30 19:29:33.092, 0, NVIDIA GeForce RTX 3080, 5973, 4079, 10240, 97, 98
2026/07/30 19:29:33.204, 0, NVIDIA GeForce RTX 3080, 5973, 4079, 10240, 97, 98
2026/07/30 19:29:33.314, 0, NVIDIA GeForce RTX 3080, 5973, 4079, 10240, 97, 98
2026/07/30 19:29:33.424, 0, NVIDIA GeForce RTX 3080, 5973, 4079, 10240, 97, 98
2026/07/30 19:29:33.536, 0, NVIDIA GeForce RTX 3080, 5973, 4079, 10240, 97, 98
2026/07/30 19:29:33.648, 0, NVIDIA GeForce RTX 3080, 5973, 4079, 10240, 97, 98
2026/07/30 19:29:33.759, 0, NVIDIA GeForce RTX 3080, 5973, 4079, 10240, 96, 98
2026/07/30 19:29:33.870, 0, NVIDIA GeForce RTX 3080, 5973, 4079, 10240, 96, 98
2026/07/30 19:29:33.981, 0, NVIDIA GeForce RTX 3080, 5973, 4079, 10240, 96, 98
2026/07/30 19:29:34.092, 0, NVIDIA GeForce RTX 3080, 5973, 4079, 10240, 96, 98
2026/07/30 19:29:34.204, 0, NVIDIA GeForce RTX 3080, 5973, 4079, 10240, 96, 98
2026/07/30 19:29:34.316, 0, NVIDIA GeForce RTX 3080, 5973, 4079, 10240, 94, 96
2026/07/30 19:29:34.427, 0, NVIDIA GeForce RTX 3080, 5973, 4079, 10240, 94, 96
2026/07/30 19:29:34.540, 0, NVIDIA GeForce RTX 3080, 5973, 4079, 10240, 94, 96
2026/07/30 19:29:34.652, 0, NVIDIA GeForce RTX 3080, 5973, 4079, 10240, 94, 96
2026/07/30 19:29:34.764, 0, NVIDIA GeForce RTX 3080, 5973, 4079, 10240, 96, 98
2026/07/30 19:29:34.876, 0, NVIDIA GeForce RTX 3080, 5973, 4079, 10240, 96, 98
2026/07/30 19:29:34.988, 0, NVIDIA GeForce RTX 3080, 5973, 4079, 10240, 96, 98
2026/07/30 19:29:35.100, 0, NVIDIA GeForce RTX 3080, 5973, 4079, 10240, 96, 98
2026/07/30 19:29:35.212, 0, NVIDIA GeForce RTX 3080, 5973, 4079, 10240, 96, 98
2026/07/30 19:29:35.324, 0, NVIDIA GeForce RTX 3080, 5973, 4079, 10240, 96, 98
2026/07/30 19:29:35.436, 0, NVIDIA GeForce RTX 3080, 5973, 4079, 10240, 96, 98
2026/07/30 19:29:35.544, 0, NVIDIA GeForce RTX 3080, 5973, 4079, 10240, 96, 98
2026/07/30 19:29:35.652, 0, NVIDIA GeForce RTX 3080, 5973, 4079, 10240, 96, 98
2026/07/30 19:29:35.762, 0, NVIDIA GeForce RTX 3080, 5973, 4079, 10240, 97, 98
2026/07/30 19:29:35.872, 0, NVIDIA GeForce RTX 3080, 5973, 4079, 10240, 97, 98
2026/07/30 19:29:35.980, 0, NVIDIA GeForce RTX 3080, 5973, 4079, 10240, 97, 98
2026/07/30 19:29:36.091, 0, NVIDIA GeForce RTX 3080, 5973, 4079, 10240, 97, 98
2026/07/30 19:29:36.202, 0, NVIDIA GeForce RTX 3080, 5973, 4079, 10240, 97, 98
2026/07/30 19:29:36.313, 0, NVIDIA GeForce RTX 3080, 5973, 4079, 10240, 96, 97
2026/07/30 19:29:36.425, 0, NVIDIA GeForce RTX 3080, 5973, 4079, 10240, 96, 97
2026/07/30 19:29:36.537, 0, NVIDIA GeForce RTX 3080, 5973, 4079, 10240, 96, 97
2026/07/30 19:29:36.648, 0, NVIDIA GeForce RTX 3080, 5973, 4079, 10240, 96, 97
2026/07/30 19:29:36.760, 0, NVIDIA GeForce RTX 3080, 5973, 4079, 10240, 96, 97
2026/07/30 19:29:36.872, 0, NVIDIA GeForce RTX 3080, 5973, 4079, 10240, 96, 97
2026/07/30 19:29:36.984, 0, NVIDIA GeForce RTX 3080, 5973, 4079, 10240, 96, 97
2026/07/30 19:29:37.095, 0, NVIDIA GeForce RTX 3080, 5973, 4079, 10240, 96, 97
2026/07/30 19:29:37.207, 0, NVIDIA GeForce RTX 3080, 5973, 4079, 10240, 96, 97
2026/07/30 19:29:37.319, 0, NVIDIA GeForce RTX 3080, 5973, 4079, 10240, 97, 98
2026/07/30 19:29:37.431, 0, NVIDIA GeForce RTX 3080, 5973, 4079, 10240, 97, 98
2026/07/30 19:29:37.541, 0, NVIDIA GeForce RTX 3080, 5973, 4079, 10240, 97, 98
2026/07/30 19:29:37.650, 0, NVIDIA GeForce RTX 3080, 5973, 4079, 10240, 97, 98
2026/07/30 19:29:37.760, 0, NVIDIA GeForce RTX 3080, 5973, 4079, 10240, 98, 98
2026/07/30 19:29:37.870, 0, NVIDIA GeForce RTX 3080, 5973, 4079, 10240, 98, 98
2026/07/30 19:29:37.982, 0, NVIDIA GeForce RTX 3080, 5973, 4079, 10240, 98, 98
2026/07/30 19:29:38.093, 0, NVIDIA GeForce RTX 3080, 5973, 4079, 10240, 98, 98
2026/07/30 19:29:38.206, 0, NVIDIA GeForce RTX 3080, 5973, 4079, 10240, 98, 98
2026/07/30 19:29:38.318, 0, NVIDIA GeForce RTX 3080, 5973, 4079, 10240, 98, 98
2026/07/30 19:29:38.430, 0, NVIDIA GeForce RTX 3080, 5973, 4079, 10240, 98, 98
2026/07/30 19:29:38.542, 0, NVIDIA GeForce RTX 3080, 5973, 4079, 10240, 98, 98
2026/07/30 19:29:38.653, 0, NVIDIA GeForce RTX 3080, 5973, 4079, 10240, 98, 98
2026/07/30 19:29:38.765, 0, NVIDIA GeForce RTX 3080, 5973, 4079, 10240, 98, 98
2026/07/30 19:29:38.876, 0, NVIDIA GeForce RTX 3080, 5973, 4079, 10240, 98, 98
2026/07/30 19:29:38.988, 0, NVIDIA GeForce RTX 3080, 5973, 4079, 10240, 98, 98
2026/07/30 19:29:39.100, 0, NVIDIA GeForce RTX 3080, 5973, 4079, 10240, 98, 98
2026/07/30 19:29:39.212, 0, NVIDIA GeForce RTX 3080, 5973, 4079, 10240, 98, 98
2026/07/30 19:29:39.324, 0, NVIDIA GeForce RTX 3080, 5973, 4079, 10240, 98, 98
2026/07/30 19:29:39.436, 0, NVIDIA GeForce RTX 3080, 5973, 4079, 10240, 98, 98
2026/07/30 19:29:39.548, 0, NVIDIA GeForce RTX 3080, 5973, 4079, 10240, 98, 98
2026/07/30 19:29:39.660, 0, NVIDIA GeForce RTX 3080, 5973, 4079, 10240, 98, 98
2026/07/30 19:29:39.772, 0, NVIDIA GeForce RTX 3080, 5973, 4079, 10240, 96, 98
2026/07/30 19:29:39.884, 0, NVIDIA GeForce RTX 3080, 5973, 4079, 10240, 96, 98
2026/07/30 19:29:39.996, 0, NVIDIA GeForce RTX 3080, 5973, 4079, 10240, 96, 98
2026/07/30 19:29:40.108, 0, NVIDIA GeForce RTX 3080, 5973, 4079, 10240, 96, 98
2026/07/30 19:29:40.220, 0, NVIDIA GeForce RTX 3080, 5973, 4079, 10240, 96, 98
2026/07/30 19:29:40.332, 0, NVIDIA GeForce RTX 3080, 5973, 4079, 10240, 96, 98
2026/07/30 19:29:40.443, 0, NVIDIA GeForce RTX 3080, 5973, 4079, 10240, 96, 98
2026/07/30 19:29:40.554, 0, NVIDIA GeForce RTX 3080, 5973, 4079, 10240, 96, 98
2026/07/30 19:29:40.666, 0, NVIDIA GeForce RTX 3080, 5973, 4079, 10240, 96, 98
2026/07/30 19:29:40.778, 0, NVIDIA GeForce RTX 3080, 5973, 4079, 10240, 96, 98
2026/07/30 19:29:40.890, 0, NVIDIA GeForce RTX 3080, 5973, 4079, 10240, 96, 98
2026/07/30 19:29:41.002, 0, NVIDIA GeForce RTX 3080, 5973, 4079, 10240, 96, 98
2026/07/30 19:29:41.113, 0, NVIDIA GeForce RTX 3080, 5973, 4079, 10240, 96, 98
2026/07/30 19:29:41.225, 0, NVIDIA GeForce RTX 3080, 5973, 4079, 10240, 96, 98
2026/07/30 19:29:41.337, 0, NVIDIA GeForce RTX 3080, 5973, 4079, 10240, 95, 97
2026/07/30 19:29:41.448, 0, NVIDIA GeForce RTX 3080, 5973, 4079, 10240, 95, 97
2026/07/30 19:29:41.560, 0, NVIDIA GeForce RTX 3080, 5973, 4079, 10240, 95, 97
2026/07/30 19:29:41.671, 0, NVIDIA GeForce RTX 3080, 5973, 4079, 10240, 95, 97
2026/07/30 19:29:41.783, 0, NVIDIA GeForce RTX 3080, 5973, 4079, 10240, 97, 98
2026/07/30 19:29:41.894, 0, NVIDIA GeForce RTX 3080, 5973, 4079, 10240, 97, 98
2026/07/30 19:29:42.006, 0, NVIDIA GeForce RTX 3080, 5973, 4079, 10240, 97, 98
2026/07/30 19:29:42.118, 0, NVIDIA GeForce RTX 3080, 5973, 4079, 10240, 97, 98
2026/07/30 19:29:42.230, 0, NVIDIA GeForce RTX 3080, 5973, 4079, 10240, 97, 98
2026/07/30 19:29:42.342, 0, NVIDIA GeForce RTX 3080, 5973, 4079, 10240, 97, 98
2026/07/30 19:29:42.454, 0, NVIDIA GeForce RTX 3080, 5973, 4079, 10240, 97, 98
2026/07/30 19:29:42.564, 0, NVIDIA GeForce RTX 3080, 5973, 4079, 10240, 97, 98
2026/07/30 19:29:42.673, 0, NVIDIA GeForce RTX 3080, 5973, 4079, 10240, 97, 98
2026/07/30 19:29:42.785, 0, NVIDIA GeForce RTX 3080, 5973, 4079, 10240, 97, 98
2026/07/30 19:29:42.896, 0, NVIDIA GeForce RTX 3080, 5973, 4079, 10240, 97, 98
2026/07/30 19:29:43.008, 0, NVIDIA GeForce RTX 3080, 5973, 4079, 10240, 97, 98
2026/07/30 19:29:43.120, 0, NVIDIA GeForce RTX 3080, 5973, 4079, 10240, 97, 98
2026/07/30 19:29:43.232, 0, NVIDIA GeForce RTX 3080, 5973, 4079, 10240, 96, 96
2026/07/30 19:29:43.343, 0, NVIDIA GeForce RTX 3080, 5973, 4079, 10240, 96, 96
2026/07/30 19:29:43.454, 0, NVIDIA GeForce RTX 3080, 5973, 4079, 10240, 96, 96
2026/07/30 19:29:43.565, 0, NVIDIA GeForce RTX 3080, 5973, 4079, 10240, 96, 96
2026/07/30 19:29:43.677, 0, NVIDIA GeForce RTX 3080, 5973, 4079, 10240, 96, 96
2026/07/30 19:29:43.788, 0, NVIDIA GeForce RTX 3080, 5973, 4079, 10240, 96, 98
2026/07/30 19:29:43.899, 0, NVIDIA GeForce RTX 3080, 5973, 4079, 10240, 96, 98
2026/07/30 19:29:44.011, 0, NVIDIA GeForce RTX 3080, 5973, 4079, 10240, 96, 98
2026/07/30 19:29:44.123, 0, NVIDIA GeForce RTX 3080, 5973, 4079, 10240, 96, 98
2026/07/30 19:29:44.235, 0, NVIDIA GeForce RTX 3080, 5973, 4079, 10240, 96, 98
2026/07/30 19:29:44.347, 0, NVIDIA GeForce RTX 3080, 5973, 4079, 10240, 96, 98
2026/07/30 19:29:44.459, 0, NVIDIA GeForce RTX 3080, 5973, 4079, 10240, 96, 98
2026/07/30 19:29:44.571, 0, NVIDIA GeForce RTX 3080, 5973, 4079, 10240, 96, 98
2026/07/30 19:29:44.681, 0, NVIDIA GeForce RTX 3080, 5973, 4079, 10240, 96, 98
2026/07/30 19:29:44.793, 0, NVIDIA GeForce RTX 3080, 5973, 4079, 10240, 96, 98
2026/07/30 19:29:44.904, 0, NVIDIA GeForce RTX 3080, 5973, 4079, 10240, 96, 98
2026/07/30 19:29:45.016, 0, NVIDIA GeForce RTX 3080, 5973, 4079, 10240, 96, 98
2026/07/30 19:29:45.128, 0, NVIDIA GeForce RTX 3080, 5973, 4079, 10240, 96, 98
2026/07/30 19:29:45.240, 0, NVIDIA GeForce RTX 3080, 5973, 4079, 10240, 96, 98
2026/07/30 19:29:45.352, 0, NVIDIA GeForce RTX 3080, 5973, 4079, 10240, 96, 98
2026/07/30 19:29:45.464, 0, NVIDIA GeForce RTX 3080, 5973, 4079, 10240, 96, 98
2026/07/30 19:29:45.576, 0, NVIDIA GeForce RTX 3080, 5973, 4079, 10240, 96, 98
2026/07/30 19:29:45.688, 0, NVIDIA GeForce RTX 3080, 5973, 4079, 10240, 96, 98
2026/07/30 19:29:45.800, 0, NVIDIA GeForce RTX 3080, 5973, 4079, 10240, 96, 97
2026/07/30 19:29:45.912, 0, NVIDIA GeForce RTX 3080, 5973, 4079, 10240, 96, 97
2026/07/30 19:29:46.024, 0, NVIDIA GeForce RTX 3080, 5973, 4079, 10240, 96, 97
2026/07/30 19:29:46.136, 0, NVIDIA GeForce RTX 3080, 5973, 4079, 10240, 96, 97
2026/07/30 19:29:46.248, 0, NVIDIA GeForce RTX 3080, 5973, 4079, 10240, 97, 98
2026/07/30 19:29:46.360, 0, NVIDIA GeForce RTX 3080, 5973, 4079, 10240, 97, 98
2026/07/30 19:29:46.472, 0, NVIDIA GeForce RTX 3080, 5973, 4079, 10240, 97, 98
2026/07/30 19:29:46.584, 0, NVIDIA GeForce RTX 3080, 5973, 4079, 10240, 97, 98
2026/07/30 19:29:46.695, 0, NVIDIA GeForce RTX 3080, 5973, 4079, 10240, 97, 98
2026/07/30 19:29:46.807, 0, NVIDIA GeForce RTX 3080, 5973, 4079, 10240, 97, 98
2026/07/30 19:29:46.917, 0, NVIDIA GeForce RTX 3080, 5973, 4079, 10240, 97, 98
2026/07/30 19:29:47.029, 0, NVIDIA GeForce RTX 3080, 5973, 4079, 10240, 97, 98
2026/07/30 19:29:47.141, 0, NVIDIA GeForce RTX 3080, 5973, 4079, 10240, 97, 98
2026/07/30 19:29:47.253, 0, NVIDIA GeForce RTX 3080, 5973, 4079, 10240, 96, 96
2026/07/30 19:29:47.365, 0, NVIDIA GeForce RTX 3080, 5973, 4079, 10240, 96, 96
2026/07/30 19:29:47.477, 0, NVIDIA GeForce RTX 3080, 5973, 4079, 10240, 96, 96
2026/07/30 19:29:47.589, 0, NVIDIA GeForce RTX 3080, 5973, 4079, 10240, 96, 96
2026/07/30 19:29:47.701, 0, NVIDIA GeForce RTX 3080, 5973, 4079, 10240, 96, 96
2026/07/30 19:29:47.811, 0, NVIDIA GeForce RTX 3080, 5973, 4079, 10240, 97, 97
2026/07/30 19:29:47.922, 0, NVIDIA GeForce RTX 3080, 5973, 4079, 10240, 97, 97
2026/07/30 19:29:48.033, 0, NVIDIA GeForce RTX 3080, 5973, 4079, 10240, 97, 97
2026/07/30 19:29:48.145, 0, NVIDIA GeForce RTX 3080, 5973, 4079, 10240, 97, 97
2026/07/30 19:29:48.256, 0, NVIDIA GeForce RTX 3080, 5973, 4079, 10240, 98, 97
2026/07/30 19:29:48.367, 0, NVIDIA GeForce RTX 3080, 5973, 4079, 10240, 98, 97
2026/07/30 19:29:48.478, 0, NVIDIA GeForce RTX 3080, 5973, 4079, 10240, 98, 97
2026/07/30 19:29:48.587, 0, NVIDIA GeForce RTX 3080, 5973, 4079, 10240, 98, 97
2026/07/30 19:29:48.696, 0, NVIDIA GeForce RTX 3080, 5973, 4079, 10240, 98, 97
2026/07/30 19:29:48.806, 0, NVIDIA GeForce RTX 3080, 5973, 4079, 10240, 98, 98
2026/07/30 19:29:48.916, 0, NVIDIA GeForce RTX 3080, 5973, 4079, 10240, 98, 98
2026/07/30 19:29:49.025, 0, NVIDIA GeForce RTX 3080, 5973, 4079, 10240, 98, 98
2026/07/30 19:29:49.135, 0, NVIDIA GeForce RTX 3080, 5973, 4079, 10240, 98, 98
2026/07/30 19:29:49.245, 0, NVIDIA GeForce RTX 3080, 5973, 4079, 10240, 95, 97
2026/07/30 19:29:49.354, 0, NVIDIA GeForce RTX 3080, 5973, 4079, 10240, 95, 97
2026/07/30 19:29:49.465, 0, NVIDIA GeForce RTX 3080, 5973, 4079, 10240, 95, 97
2026/07/30 19:29:49.576, 0, NVIDIA GeForce RTX 3080, 5973, 4079, 10240, 95, 97
2026/07/30 19:29:49.686, 0, NVIDIA GeForce RTX 3080, 5973, 4079, 10240, 95, 97
2026/07/30 19:29:49.798, 0, NVIDIA GeForce RTX 3080, 5973, 4079, 10240, 95, 97
2026/07/30 19:29:49.910, 0, NVIDIA GeForce RTX 3080, 5973, 4079, 10240, 95, 97
2026/07/30 19:29:50.022, 0, NVIDIA GeForce RTX 3080, 5973, 4079, 10240, 95, 97
2026/07/30 19:29:50.134, 0, NVIDIA GeForce RTX 3080, 5973, 4079, 10240, 95, 97
2026/07/30 19:29:50.242, 0, NVIDIA GeForce RTX 3080, 5973, 4079, 10240, 96, 98
2026/07/30 19:29:50.354, 0, NVIDIA GeForce RTX 3080, 5973, 4079, 10240, 96, 98
2026/07/30 19:29:50.466, 0, NVIDIA GeForce RTX 3080, 5973, 4079, 10240, 96, 98
2026/07/30 19:29:50.575, 0, NVIDIA GeForce RTX 3080, 5973, 4079, 10240, 96, 98
2026/07/30 19:29:50.684, 0, NVIDIA GeForce RTX 3080, 5973, 4079, 10240, 96, 98
2026/07/30 19:29:50.793, 0, NVIDIA GeForce RTX 3080, 5973, 4079, 10240, 95, 97
2026/07/30 19:29:50.903, 0, NVIDIA GeForce RTX 3080, 5973, 4079, 10240, 95, 97
2026/07/30 19:29:51.012, 0, NVIDIA GeForce RTX 3080, 5973, 4079, 10240, 95, 97
2026/07/30 19:29:51.124, 0, NVIDIA GeForce RTX 3080, 5973, 4079, 10240, 95, 97
2026/07/30 19:29:51.236, 0, NVIDIA GeForce RTX 3080, 5973, 4079, 10240, 97, 97
2026/07/30 19:29:51.348, 0, NVIDIA GeForce RTX 3080, 5973, 4079, 10240, 97, 97
2026/07/30 19:29:51.459, 0, NVIDIA GeForce RTX 3080, 5973, 4079, 10240, 97, 97
2026/07/30 19:29:51.571, 0, NVIDIA GeForce RTX 3080, 5973, 4079, 10240, 97, 97
2026/07/30 19:29:51.683, 0, NVIDIA GeForce RTX 3080, 5973, 4079, 10240, 97, 97
2026/07/30 19:29:51.795, 0, NVIDIA GeForce RTX 3080, 5973, 4079, 10240, 97, 97
2026/07/30 19:29:51.907, 0, NVIDIA GeForce RTX 3080, 5973, 4079, 10240, 97, 97
2026/07/30 19:29:52.019, 0, NVIDIA GeForce RTX 3080, 5973, 4079, 10240, 97, 97
2026/07/30 19:29:52.131, 0, NVIDIA GeForce RTX 3080, 5973, 4079, 10240, 97, 97
2026/07/30 19:29:52.243, 0, NVIDIA GeForce RTX 3080, 5973, 4079, 10240, 97, 98
2026/07/30 19:29:52.355, 0, NVIDIA GeForce RTX 3080, 5973, 4079, 10240, 97, 98
2026/07/30 19:29:52.467, 0, NVIDIA GeForce RTX 3080, 5973, 4079, 10240, 97, 98
2026/07/30 19:29:52.579, 0, NVIDIA GeForce RTX 3080, 5973, 4079, 10240, 97, 98
2026/07/30 19:29:52.691, 0, NVIDIA GeForce RTX 3080, 5973, 4079, 10240, 97, 98
2026/07/30 19:29:52.803, 0, NVIDIA GeForce RTX 3080, 5973, 4079, 10240, 97, 98
2026/07/30 19:29:52.915, 0, NVIDIA GeForce RTX 3080, 5973, 4079, 10240, 97, 98
2026/07/30 19:29:53.027, 0, NVIDIA GeForce RTX 3080, 5973, 4079, 10240, 97, 98
2026/07/30 19:29:53.138, 0, NVIDIA GeForce RTX 3080, 5973, 4079, 10240, 97, 98
2026/07/30 19:29:53.250, 0, NVIDIA GeForce RTX 3080, 5973, 4079, 10240, 96, 98
2026/07/30 19:29:53.361, 0, NVIDIA GeForce RTX 3080, 5973, 4079, 10240, 96, 98
2026/07/30 19:29:53.473, 0, NVIDIA GeForce RTX 3080, 5973, 4079, 10240, 96, 98
2026/07/30 19:29:53.585, 0, NVIDIA GeForce RTX 3080, 5973, 4079, 10240, 96, 98
2026/07/30 19:29:53.693, 0, NVIDIA GeForce RTX 3080, 5973, 4079, 10240, 96, 98
2026/07/30 19:29:53.805, 0, NVIDIA GeForce RTX 3080, 5973, 4079, 10240, 96, 98
2026/07/30 19:29:53.917, 0, NVIDIA GeForce RTX 3080, 5973, 4079, 10240, 96, 98
2026/07/30 19:29:54.029, 0, NVIDIA GeForce RTX 3080, 5973, 4079, 10240, 96, 98
2026/07/30 19:29:54.140, 0, NVIDIA GeForce RTX 3080, 5973, 4079, 10240, 96, 98
2026/07/30 19:29:54.252, 0, NVIDIA GeForce RTX 3080, 5973, 4079, 10240, 94, 96
2026/07/30 19:29:54.364, 0, NVIDIA GeForce RTX 3080, 5973, 4079, 10240, 94, 96
2026/07/30 19:29:54.475, 0, NVIDIA GeForce RTX 3080, 5973, 4079, 10240, 94, 96
2026/07/30 19:29:54.587, 0, NVIDIA GeForce RTX 3080, 5973, 4079, 10240, 94, 96
2026/07/30 19:29:54.699, 0, NVIDIA GeForce RTX 3080, 5973, 4079, 10240, 94, 96
2026/07/30 19:29:54.811, 0, NVIDIA GeForce RTX 3080, 5973, 4079, 10240, 96, 98
2026/07/30 19:29:54.923, 0, NVIDIA GeForce RTX 3080, 5973, 4079, 10240, 96, 98
2026/07/30 19:29:55.035, 0, NVIDIA GeForce RTX 3080, 5973, 4079, 10240, 96, 98
2026/07/30 19:29:55.147, 0, NVIDIA GeForce RTX 3080, 5973, 4079, 10240, 96, 98
2026/07/30 19:29:55.259, 0, NVIDIA GeForce RTX 3080, 5973, 4079, 10240, 96, 97
2026/07/30 19:29:55.371, 0, NVIDIA GeForce RTX 3080, 5973, 4079, 10240, 96, 97
2026/07/30 19:29:55.482, 0, NVIDIA GeForce RTX 3080, 5973, 4079, 10240, 96, 97
2026/07/30 19:29:55.592, 0, NVIDIA GeForce RTX 3080, 5973, 4079, 10240, 96, 97
2026/07/30 19:29:55.701, 0, NVIDIA GeForce RTX 3080, 5973, 4079, 10240, 96, 97
2026/07/30 19:29:55.810, 0, NVIDIA GeForce RTX 3080, 5973, 4079, 10240, 97, 98
2026/07/30 19:29:55.920, 0, NVIDIA GeForce RTX 3080, 5973, 4079, 10240, 97, 98
2026/07/30 19:29:56.030, 0, NVIDIA GeForce RTX 3080, 5973, 4079, 10240, 97, 98
2026/07/30 19:29:56.142, 0, NVIDIA GeForce RTX 3080, 5973, 4079, 10240, 97, 98
2026/07/30 19:29:56.254, 0, NVIDIA GeForce RTX 3080, 5973, 4079, 10240, 97, 98
2026/07/30 19:29:56.366, 0, NVIDIA GeForce RTX 3080, 5973, 4079, 10240, 97, 98
2026/07/30 19:29:56.477, 0, NVIDIA GeForce RTX 3080, 5973, 4079, 10240, 97, 98
2026/07/30 19:29:56.589, 0, NVIDIA GeForce RTX 3080, 5973, 4079, 10240, 97, 98
2026/07/30 19:29:56.701, 0, NVIDIA GeForce RTX 3080, 5973, 4079, 10240, 97, 98
2026/07/30 19:29:56.812, 0, NVIDIA GeForce RTX 3080, 5973, 4079, 10240, 97, 98
2026/07/30 19:29:56.924, 0, NVIDIA GeForce RTX 3080, 5973, 4079, 10240, 97, 98
2026/07/30 19:29:57.036, 0, NVIDIA GeForce RTX 3080, 5973, 4079, 10240, 97, 98
2026/07/30 19:29:57.148, 0, NVIDIA GeForce RTX 3080, 5973, 4079, 10240, 97, 98
2026/07/30 19:29:57.259, 0, NVIDIA GeForce RTX 3080, 5973, 4079, 10240, 98, 98
2026/07/30 19:29:57.371, 0, NVIDIA GeForce RTX 3080, 5973, 4079, 10240, 98, 98
2026/07/30 19:29:57.482, 0, NVIDIA GeForce RTX 3080, 5973, 4079, 10240, 98, 98
2026/07/30 19:29:57.592, 0, NVIDIA GeForce RTX 3080, 5973, 4079, 10240, 98, 98
2026/07/30 19:29:57.702, 0, NVIDIA GeForce RTX 3080, 5973, 4079, 10240, 98, 98
2026/07/30 19:29:57.814, 0, NVIDIA GeForce RTX 3080, 5973, 4079, 10240, 98, 98
2026/07/30 19:29:57.926, 0, NVIDIA GeForce RTX 3080, 5973, 4079, 10240, 98, 98
2026/07/30 19:29:58.038, 0, NVIDIA GeForce RTX 3080, 5973, 4079, 10240, 98, 98
2026/07/30 19:29:58.150, 0, NVIDIA GeForce RTX 3080, 5973, 4079, 10240, 98, 98
2026/07/30 19:29:58.262, 0, NVIDIA GeForce RTX 3080, 5973, 4079, 10240, 98, 98
2026/07/30 19:29:58.374, 0, NVIDIA GeForce RTX 3080, 5973, 4079, 10240, 98, 98
2026/07/30 19:29:58.486, 0, NVIDIA GeForce RTX 3080, 5973, 4079, 10240, 98, 98
2026/07/30 19:29:58.597, 0, NVIDIA GeForce RTX 3080, 5973, 4079, 10240, 98, 98
2026/07/30 19:29:58.709, 0, NVIDIA GeForce RTX 3080, 5973, 4079, 10240, 98, 98
2026/07/30 19:29:58.822, 0, NVIDIA GeForce RTX 3080, 5973, 4079, 10240, 98, 98
2026/07/30 19:29:58.932, 0, NVIDIA GeForce RTX 3080, 5973, 4079, 10240, 98, 98
2026/07/30 19:29:59.043, 0, NVIDIA GeForce RTX 3080, 5973, 4079, 10240, 98, 98
2026/07/30 19:29:59.155, 0, NVIDIA GeForce RTX 3080, 5973, 4079, 10240, 98, 98
2026/07/30 19:29:59.267, 0, NVIDIA GeForce RTX 3080, 5973, 4079, 10240, 96, 98
2026/07/30 19:29:59.379, 0, NVIDIA GeForce RTX 3080, 5973, 4079, 10240, 96, 98
2026/07/30 19:29:59.489, 0, NVIDIA GeForce RTX 3080, 5973, 4079, 10240, 96, 98
2026/07/30 19:29:59.600, 0, NVIDIA GeForce RTX 3080, 5973, 4079, 10240, 96, 98
2026/07/30 19:29:59.712, 0, NVIDIA GeForce RTX 3080, 5973, 4079, 10240, 96, 98
2026/07/30 19:29:59.824, 0, NVIDIA GeForce RTX 3080, 5973, 4079, 10240, 96, 98
2026/07/30 19:29:59.936, 0, NVIDIA GeForce RTX 3080, 5973, 4079, 10240, 96, 98
2026/07/30 19:30:00.048, 0, NVIDIA GeForce RTX 3080, 5973, 4079, 10240, 96, 98
2026/07/30 19:30:00.160, 0, NVIDIA GeForce RTX 3080, 5973, 4079, 10240, 96, 98
2026/07/30 19:30:00.272, 0, NVIDIA GeForce RTX 3080, 5973, 4079, 10240, 96, 98
2026/07/30 19:30:00.384, 0, NVIDIA GeForce RTX 3080, 5973, 4079, 10240, 96, 98
2026/07/30 19:30:00.496, 0, NVIDIA GeForce RTX 3080, 5973, 4079, 10240, 96, 98
2026/07/30 19:30:00.607, 0, NVIDIA GeForce RTX 3080, 5973, 4079, 10240, 96, 98
2026/07/30 19:30:00.718, 0, NVIDIA GeForce RTX 3080, 5973, 4079, 10240, 96, 98
2026/07/30 19:30:00.830, 0, NVIDIA GeForce RTX 3080, 5973, 4079, 10240, 95, 98
2026/07/30 19:30:00.942, 0, NVIDIA GeForce RTX 3080, 5973, 4079, 10240, 95, 98
2026/07/30 19:30:01.054, 0, NVIDIA GeForce RTX 3080, 5973, 4079, 10240, 95, 98
2026/07/30 19:30:01.166, 0, NVIDIA GeForce RTX 3080, 5973, 4079, 10240, 95, 98
2026/07/30 19:30:01.278, 0, NVIDIA GeForce RTX 3080, 5973, 4079, 10240, 96, 96
2026/07/30 19:30:01.390, 0, NVIDIA GeForce RTX 3080, 5973, 4079, 10240, 96, 96
2026/07/30 19:30:01.502, 0, NVIDIA GeForce RTX 3080, 5973, 4079, 10240, 96, 96
2026/07/30 19:30:01.615, 0, NVIDIA GeForce RTX 3080, 5973, 4079, 10240, 96, 96
2026/07/30 19:30:01.727, 0, NVIDIA GeForce RTX 3080, 5973, 4079, 10240, 96, 96
2026/07/30 19:30:01.839, 0, NVIDIA GeForce RTX 3080, 5973, 4079, 10240, 97, 98
2026/07/30 19:30:01.951, 0, NVIDIA GeForce RTX 3080, 5973, 4079, 10240, 97, 98
2026/07/30 19:30:02.063, 0, NVIDIA GeForce RTX 3080, 5973, 4079, 10240, 97, 98
2026/07/30 19:30:02.175, 0, NVIDIA GeForce RTX 3080, 5973, 4079, 10240, 97, 98
2026/07/30 19:30:02.287, 0, NVIDIA GeForce RTX 3080, 5973, 4079, 10240, 96, 97
2026/07/30 19:30:02.399, 0, NVIDIA GeForce RTX 3080, 5973, 4079, 10240, 96, 97
2026/07/30 19:30:02.510, 0, NVIDIA GeForce RTX 3080, 5973, 4079, 10240, 96, 97
2026/07/30 19:30:02.619, 0, NVIDIA GeForce RTX 3080, 5973, 4079, 10240, 96, 97
2026/07/30 19:30:02.731, 0, NVIDIA GeForce RTX 3080, 5973, 4079, 10240, 95, 96
2026/07/30 19:30:02.843, 0, NVIDIA GeForce RTX 3080, 5973, 4079, 10240, 95, 96
2026/07/30 19:30:02.955, 0, NVIDIA GeForce RTX 3080, 5973, 4079, 10240, 95, 96
2026/07/30 19:30:03.067, 0, NVIDIA GeForce RTX 3080, 5973, 4079, 10240, 95, 96
2026/07/30 19:30:03.178, 0, NVIDIA GeForce RTX 3080, 5973, 4079, 10240, 95, 96
2026/07/30 19:30:03.290, 0, NVIDIA GeForce RTX 3080, 5973, 4079, 10240, 95, 98
2026/07/30 19:30:03.402, 0, NVIDIA GeForce RTX 3080, 5973, 4079, 10240, 95, 98
2026/07/30 19:30:03.514, 0, NVIDIA GeForce RTX 3080, 5973, 4079, 10240, 95, 98
2026/07/30 19:30:03.626, 0, NVIDIA GeForce RTX 3080, 5973, 4079, 10240, 95, 98
2026/07/30 19:30:03.738, 0, NVIDIA GeForce RTX 3080, 5973, 4079, 10240, 96, 98
2026/07/30 19:30:03.849, 0, NVIDIA GeForce RTX 3080, 5973, 4079, 10240, 96, 98
2026/07/30 19:30:03.961, 0, NVIDIA GeForce RTX 3080, 5973, 4079, 10240, 96, 98
2026/07/30 19:30:04.073, 0, NVIDIA GeForce RTX 3080, 5973, 4079, 10240, 96, 98
2026/07/30 19:30:04.185, 0, NVIDIA GeForce RTX 3080, 5973, 4079, 10240, 96, 98
2026/07/30 19:30:04.296, 0, NVIDIA GeForce RTX 3080, 5973, 4079, 10240, 96, 98
2026/07/30 19:30:04.408, 0, NVIDIA GeForce RTX 3080, 5973, 4079, 10240, 96, 98
2026/07/30 19:30:04.520, 0, NVIDIA GeForce RTX 3080, 5973, 4079, 10240, 96, 98
2026/07/30 19:30:04.632, 0, NVIDIA GeForce RTX 3080, 5973, 4079, 10240, 96, 98
2026/07/30 19:30:04.744, 0, NVIDIA GeForce RTX 3080, 5973, 4079, 10240, 96, 98
2026/07/30 19:30:04.856, 0, NVIDIA GeForce RTX 3080, 5973, 4079, 10240, 96, 98
2026/07/30 19:30:04.968, 0, NVIDIA GeForce RTX 3080, 5973, 4079, 10240, 96, 98
2026/07/30 19:30:05.080, 0, NVIDIA GeForce RTX 3080, 5973, 4079, 10240, 96, 98
2026/07/30 19:30:05.193, 0, NVIDIA GeForce RTX 3080, 5973, 4079, 10240, 96, 98
2026/07/30 19:30:05.305, 0, NVIDIA GeForce RTX 3080, 5973, 4079, 10240, 97, 98
2026/07/30 19:30:05.417, 0, NVIDIA GeForce RTX 3080, 5973, 4079, 10240, 97, 98
2026/07/30 19:30:05.529, 0, NVIDIA GeForce RTX 3080, 5973, 4079, 10240, 97, 98
2026/07/30 19:30:05.641, 0, NVIDIA GeForce RTX 3080, 5973, 4079, 10240, 97, 98
2026/07/30 19:30:05.753, 0, NVIDIA GeForce RTX 3080, 5973, 4079, 10240, 95, 96
2026/07/30 19:30:05.865, 0, NVIDIA GeForce RTX 3080, 5973, 4079, 10240, 95, 96
2026/07/30 19:30:05.976, 0, NVIDIA GeForce RTX 3080, 5973, 4079, 10240, 95, 96
2026/07/30 19:30:06.088, 0, NVIDIA GeForce RTX 3080, 5973, 4079, 10240, 95, 96
2026/07/30 19:30:06.200, 0, NVIDIA GeForce RTX 3080, 5973, 4079, 10240, 95, 96
2026/07/30 19:30:06.311, 0, NVIDIA GeForce RTX 3080, 5973, 4079, 10240, 97, 98
2026/07/30 19:30:06.422, 0, NVIDIA GeForce RTX 3080, 5973, 4079, 10240, 97, 98
2026/07/30 19:30:06.533, 0, NVIDIA GeForce RTX 3080, 5973, 4079, 10240, 97, 98
2026/07/30 19:30:06.645, 0, NVIDIA GeForce RTX 3080, 5973, 4079, 10240, 97, 98
2026/07/30 19:30:06.755, 0, NVIDIA GeForce RTX 3080, 5973, 4079, 10240, 96, 96
2026/07/30 19:30:06.864, 0, NVIDIA GeForce RTX 3080, 5973, 4079, 10240, 96, 96
2026/07/30 19:30:06.976, 0, NVIDIA GeForce RTX 3080, 5973, 4079, 10240, 96, 96
2026/07/30 19:30:07.088, 0, NVIDIA GeForce RTX 3080, 5973, 4079, 10240, 96, 96
2026/07/30 19:30:07.199, 0, NVIDIA GeForce RTX 3080, 5973, 4079, 10240, 96, 96
2026/07/30 19:30:07.310, 0, NVIDIA GeForce RTX 3080, 5973, 4079, 10240, 98, 98
2026/07/30 19:30:07.419, 0, NVIDIA GeForce RTX 3080, 5973, 4079, 10240, 98, 98
2026/07/30 19:30:07.530, 0, NVIDIA GeForce RTX 3080, 5973, 4079, 10240, 98, 98
2026/07/30 19:30:07.642, 0, NVIDIA GeForce RTX 3080, 5973, 4079, 10240, 98, 98
2026/07/30 19:30:07.754, 0, NVIDIA GeForce RTX 3080, 5973, 4079, 10240, 97, 97
2026/07/30 19:30:07.865, 0, NVIDIA GeForce RTX 3080, 5973, 4079, 10240, 97, 97
2026/07/30 19:30:07.976, 0, NVIDIA GeForce RTX 3080, 5973, 4079, 10240, 97, 97
2026/07/30 19:30:08.088, 0, NVIDIA GeForce RTX 3080, 5973, 4079, 10240, 97, 97
2026/07/30 19:30:08.200, 0, NVIDIA GeForce RTX 3080, 5973, 4079, 10240, 97, 97
2026/07/30 19:30:08.311, 0, NVIDIA GeForce RTX 3080, 5973, 4079, 10240, 97, 97
2026/07/30 19:30:08.423, 0, NVIDIA GeForce RTX 3080, 5973, 4079, 10240, 97, 97
2026/07/30 19:30:08.534, 0, NVIDIA GeForce RTX 3080, 5973, 4079, 10240, 97, 97
2026/07/30 19:30:08.644, 0, NVIDIA GeForce RTX 3080, 5973, 4079, 10240, 97, 97
2026/07/30 19:30:08.751, 0, NVIDIA GeForce RTX 3080, 5973, 4079, 10240, 95, 97
2026/07/30 19:30:08.859, 0, NVIDIA GeForce RTX 3080, 5973, 4079, 10240, 95, 97
2026/07/30 19:30:08.969, 0, NVIDIA GeForce RTX 3080, 5973, 4079, 10240, 95, 97
2026/07/30 19:30:09.078, 0, NVIDIA GeForce RTX 3080, 5973, 4079, 10240, 95, 97
2026/07/30 19:30:09.188, 0, NVIDIA GeForce RTX 3080, 5973, 4079, 10240, 95, 97
2026/07/30 19:30:09.297, 0, NVIDIA GeForce RTX 3080, 5973, 4079, 10240, 95, 98
2026/07/30 19:30:09.408, 0, NVIDIA GeForce RTX 3080, 5973, 4079, 10240, 95, 98
2026/07/30 19:30:09.520, 0, NVIDIA GeForce RTX 3080, 5973, 4079, 10240, 95, 98
2026/07/30 19:30:09.632, 0, NVIDIA GeForce RTX 3080, 5973, 4079, 10240, 95, 98
2026/07/30 19:30:09.744, 0, NVIDIA GeForce RTX 3080, 5973, 4079, 10240, 96, 98
2026/07/30 19:30:09.856, 0, NVIDIA GeForce RTX 3080, 5973, 4079, 10240, 96, 98
2026/07/30 19:30:09.968, 0, NVIDIA GeForce RTX 3080, 5973, 4079, 10240, 96, 98
2026/07/30 19:30:10.080, 0, NVIDIA GeForce RTX 3080, 5973, 4079, 10240, 96, 98
2026/07/30 19:30:10.193, 0, NVIDIA GeForce RTX 3080, 5973, 4079, 10240, 96, 98
2026/07/30 19:30:10.305, 0, NVIDIA GeForce RTX 3080, 5973, 4079, 10240, 96, 98
2026/07/30 19:30:10.417, 0, NVIDIA GeForce RTX 3080, 5973, 4079, 10240, 96, 98
2026/07/30 19:30:10.528, 0, NVIDIA GeForce RTX 3080, 5973, 4079, 10240, 96, 98
2026/07/30 19:30:10.637, 0, NVIDIA GeForce RTX 3080, 5973, 4079, 10240, 96, 98
2026/07/30 19:30:10.746, 0, NVIDIA GeForce RTX 3080, 5973, 4079, 10240, 97, 98
2026/07/30 19:30:10.856, 0, NVIDIA GeForce RTX 3080, 5973, 4079, 10240, 97, 98
2026/07/30 19:30:10.966, 0, NVIDIA GeForce RTX 3080, 5973, 4079, 10240, 97, 98
2026/07/30 19:30:11.078, 0, NVIDIA GeForce RTX 3080, 5973, 4079, 10240, 97, 98
2026/07/30 19:30:11.190, 0, NVIDIA GeForce RTX 3080, 5973, 4079, 10240, 97, 98
2026/07/30 19:30:11.302, 0, NVIDIA GeForce RTX 3080, 5973, 4079, 10240, 98, 98
2026/07/30 19:30:11.413, 0, NVIDIA GeForce RTX 3080, 5973, 4079, 10240, 98, 98
2026/07/30 19:30:11.524, 0, NVIDIA GeForce RTX 3080, 5973, 4079, 10240, 98, 98
2026/07/30 19:30:11.635, 0, NVIDIA GeForce RTX 3080, 5973, 4079, 10240, 98, 98
2026/07/30 19:30:11.746, 0, NVIDIA GeForce RTX 3080, 5973, 4079, 10240, 97, 98
2026/07/30 19:30:11.858, 0, NVIDIA GeForce RTX 3080, 5973, 4079, 10240, 97, 98
2026/07/30 19:30:11.970, 0, NVIDIA GeForce RTX 3080, 5973, 4079, 10240, 97, 98
2026/07/30 19:30:12.081, 0, NVIDIA GeForce RTX 3080, 5973, 4079, 10240, 97, 98
2026/07/30 19:30:12.191, 0, NVIDIA GeForce RTX 3080, 5973, 4079, 10240, 97, 98
2026/07/30 19:30:12.303, 0, NVIDIA GeForce RTX 3080, 5973, 4079, 10240, 96, 97
2026/07/30 19:30:12.416, 0, NVIDIA GeForce RTX 3080, 5973, 4079, 10240, 96, 97
2026/07/30 19:30:12.528, 0, NVIDIA GeForce RTX 3080, 5973, 4079, 10240, 96, 97
2026/07/30 19:30:12.640, 0, NVIDIA GeForce RTX 3080, 5973, 4079, 10240, 96, 97
2026/07/30 19:30:12.752, 0, NVIDIA GeForce RTX 3080, 5973, 4079, 10240, 96, 98
2026/07/30 19:30:12.864, 0, NVIDIA GeForce RTX 3080, 5973, 4079, 10240, 96, 98
2026/07/30 19:30:12.975, 0, NVIDIA GeForce RTX 3080, 5973, 4079, 10240, 96, 98
2026/07/30 19:30:13.087, 0, NVIDIA GeForce RTX 3080, 5973, 4079, 10240, 96, 98
2026/07/30 19:30:13.199, 0, NVIDIA GeForce RTX 3080, 5973, 4079, 10240, 96, 98
2026/07/30 19:30:13.310, 0, NVIDIA GeForce RTX 3080, 5973, 4079, 10240, 96, 98
2026/07/30 19:30:13.421, 0, NVIDIA GeForce RTX 3080, 5973, 4079, 10240, 96, 98
2026/07/30 19:30:13.533, 0, NVIDIA GeForce RTX 3080, 5973, 4079, 10240, 96, 98
2026/07/30 19:30:13.644, 0, NVIDIA GeForce RTX 3080, 5973, 4079, 10240, 96, 98
2026/07/30 19:30:13.756, 0, NVIDIA GeForce RTX 3080, 5973, 4079, 10240, 93, 96
2026/07/30 19:30:13.867, 0, NVIDIA GeForce RTX 3080, 5973, 4079, 10240, 93, 96
2026/07/30 19:30:13.978, 0, NVIDIA GeForce RTX 3080, 5973, 4079, 10240, 93, 96
2026/07/30 19:30:14.088, 0, NVIDIA GeForce RTX 3080, 5973, 4079, 10240, 93, 96
2026/07/30 19:30:14.200, 0, NVIDIA GeForce RTX 3080, 5973, 4079, 10240, 93, 96
2026/07/30 19:30:14.311, 0, NVIDIA GeForce RTX 3080, 5973, 4079, 10240, 96, 98
2026/07/30 19:30:14.422, 0, NVIDIA GeForce RTX 3080, 5973, 4079, 10240, 96, 98
2026/07/30 19:30:14.533, 0, NVIDIA GeForce RTX 3080, 5973, 4079, 10240, 96, 98
2026/07/30 19:30:14.644, 0, NVIDIA GeForce RTX 3080, 5973, 4079, 10240, 96, 98
2026/07/30 19:30:14.754, 0, NVIDIA GeForce RTX 3080, 5973, 4079, 10240, 97, 98
2026/07/30 19:30:14.865, 0, NVIDIA GeForce RTX 3080, 5973, 4079, 10240, 97, 98
2026/07/30 19:30:14.976, 0, NVIDIA GeForce RTX 3080, 5973, 4079, 10240, 97, 98
2026/07/30 19:30:15.088, 0, NVIDIA GeForce RTX 3080, 5973, 4079, 10240, 97, 98
2026/07/30 19:30:15.199, 0, NVIDIA GeForce RTX 3080, 5973, 4079, 10240, 97, 98
2026/07/30 19:30:15.311, 0, NVIDIA GeForce RTX 3080, 5973, 4079, 10240, 97, 98
2026/07/30 19:30:15.423, 0, NVIDIA GeForce RTX 3080, 5973, 4079, 10240, 97, 98
2026/07/30 19:30:15.533, 0, NVIDIA GeForce RTX 3080, 5973, 4079, 10240, 97, 98
2026/07/30 19:30:15.643, 0, NVIDIA GeForce RTX 3080, 5973, 4079, 10240, 97, 98
2026/07/30 19:30:15.752, 0, NVIDIA GeForce RTX 3080, 5973, 4079, 10240, 96, 97
2026/07/30 19:30:15.861, 0, NVIDIA GeForce RTX 3080, 5973, 4079, 10240, 96, 97
2026/07/30 19:30:15.972, 0, NVIDIA GeForce RTX 3080, 5973, 4079, 10240, 96, 97
2026/07/30 19:30:16.084, 0, NVIDIA GeForce RTX 3080, 5973, 4079, 10240, 96, 97
2026/07/30 19:30:16.196, 0, NVIDIA GeForce RTX 3080, 5973, 4079, 10240, 96, 97
2026/07/30 19:30:16.308, 0, NVIDIA GeForce RTX 3080, 5973, 4079, 10240, 97, 97
2026/07/30 19:30:16.420, 0, NVIDIA GeForce RTX 3080, 5973, 4079, 10240, 97, 97
2026/07/30 19:30:16.532, 0, NVIDIA GeForce RTX 3080, 5973, 4079, 10240, 97, 97
2026/07/30 19:30:16.644, 0, NVIDIA GeForce RTX 3080, 5973, 4079, 10240, 97, 97
2026/07/30 19:30:16.755, 0, NVIDIA GeForce RTX 3080, 5973, 4079, 10240, 98, 98
2026/07/30 19:30:16.867, 0, NVIDIA GeForce RTX 3080, 5973, 4079, 10240, 98, 98
2026/07/30 19:30:16.979, 0, NVIDIA GeForce RTX 3080, 5973, 4079, 10240, 98, 98
2026/07/30 19:30:17.091, 0, NVIDIA GeForce RTX 3080, 5973, 4079, 10240, 98, 98
2026/07/30 19:30:17.203, 0, NVIDIA GeForce RTX 3080, 5973, 4079, 10240, 98, 98
2026/07/30 19:30:17.315, 0, NVIDIA GeForce RTX 3080, 5973, 4079, 10240, 98, 98
2026/07/30 19:30:17.427, 0, NVIDIA GeForce RTX 3080, 5973, 4079, 10240, 98, 98
2026/07/30 19:30:17.538, 0, NVIDIA GeForce RTX 3080, 5973, 4079, 10240, 98, 98
2026/07/30 19:30:17.648, 0, NVIDIA GeForce RTX 3080, 5973, 4079, 10240, 98, 98
2026/07/30 19:30:17.760, 0, NVIDIA GeForce RTX 3080, 5973, 4079, 10240, 98, 98
2026/07/30 19:30:17.872, 0, NVIDIA GeForce RTX 3080, 5973, 4079, 10240, 98, 98
2026/07/30 19:30:17.984, 0, NVIDIA GeForce RTX 3080, 5973, 4079, 10240, 98, 98
2026/07/30 19:30:18.097, 0, NVIDIA GeForce RTX 3080, 5973, 4079, 10240, 98, 98
2026/07/30 19:30:18.209, 0, NVIDIA GeForce RTX 3080, 5973, 4079, 10240, 98, 98
2026/07/30 19:30:18.321, 0, NVIDIA GeForce RTX 3080, 5973, 4079, 10240, 98, 98
2026/07/30 19:30:18.433, 0, NVIDIA GeForce RTX 3080, 5973, 4079, 10240, 98, 98
2026/07/30 19:30:18.545, 0, NVIDIA GeForce RTX 3080, 5973, 4079, 10240, 98, 98
2026/07/30 19:30:18.657, 0, NVIDIA GeForce RTX 3080, 5973, 4079, 10240, 98, 98
2026/07/30 19:30:18.769, 0, NVIDIA GeForce RTX 3080, 5973, 4079, 10240, 95, 98
2026/07/30 19:30:18.881, 0, NVIDIA GeForce RTX 3080, 5973, 4079, 10240, 95, 98
2026/07/30 19:30:18.992, 0, NVIDIA GeForce RTX 3080, 5973, 4079, 10240, 95, 98
2026/07/30 19:30:19.104, 0, NVIDIA GeForce RTX 3080, 5973, 4079, 10240, 95, 98
2026/07/30 19:30:19.215, 0, NVIDIA GeForce RTX 3080, 5973, 4079, 10240, 95, 98
2026/07/30 19:30:19.327, 0, NVIDIA GeForce RTX 3080, 5973, 4079, 10240, 95, 98
2026/07/30 19:30:19.438, 0, NVIDIA GeForce RTX 3080, 5973, 4079, 10240, 95, 98
2026/07/30 19:30:19.550, 0, NVIDIA GeForce RTX 3080, 5973, 4079, 10240, 95, 98
2026/07/30 19:30:19.662, 0, NVIDIA GeForce RTX 3080, 5973, 4079, 10240, 95, 98
2026/07/30 19:30:19.774, 0, NVIDIA GeForce RTX 3080, 5973, 4079, 10240, 94, 96
2026/07/30 19:30:19.886, 0, NVIDIA GeForce RTX 3080, 5973, 4079, 10240, 94, 96
2026/07/30 19:30:19.997, 0, NVIDIA GeForce RTX 3080, 5973, 4079, 10240, 94, 96
2026/07/30 19:30:20.109, 0, NVIDIA GeForce RTX 3080, 5973, 4079, 10240, 94, 96
2026/07/30 19:30:20.221, 0, NVIDIA GeForce RTX 3080, 5973, 4079, 10240, 94, 96
2026/07/30 19:30:20.333, 0, NVIDIA GeForce RTX 3080, 5973, 4079, 10240, 93, 96
2026/07/30 19:30:20.445, 0, NVIDIA GeForce RTX 3080, 5973, 4079, 10240, 93, 96
2026/07/30 19:30:20.554, 0, NVIDIA GeForce RTX 3080, 5973, 4079, 10240, 93, 96
2026/07/30 19:30:20.666, 0, NVIDIA GeForce RTX 3080, 5973, 4079, 10240, 93, 96
2026/07/30 19:30:20.778, 0, NVIDIA GeForce RTX 3080, 5973, 4079, 10240, 97, 98
2026/07/30 19:30:20.890, 0, NVIDIA GeForce RTX 3080, 5973, 4079, 10240, 97, 98
2026/07/30 19:30:21.003, 0, NVIDIA GeForce RTX 3080, 5973, 4079, 10240, 97, 98
2026/07/30 19:30:21.114, 0, NVIDIA GeForce RTX 3080, 5973, 4079, 10240, 97, 98
2026/07/30 19:30:21.225, 0, NVIDIA GeForce RTX 3080, 5973, 4079, 10240, 97, 98
2026/07/30 19:30:21.337, 0, NVIDIA GeForce RTX 3080, 5973, 4079, 10240, 97, 98
2026/07/30 19:30:21.449, 0, NVIDIA GeForce RTX 3080, 5973, 4079, 10240, 97, 98
2026/07/30 19:30:21.559, 0, NVIDIA GeForce RTX 3080, 5973, 4079, 10240, 97, 98
2026/07/30 19:30:21.671, 0, NVIDIA GeForce RTX 3080, 5973, 4079, 10240, 97, 98
2026/07/30 19:30:21.782, 0, NVIDIA GeForce RTX 3080, 5973, 4079, 10240, 97, 98
2026/07/30 19:30:21.894, 0, NVIDIA GeForce RTX 3080, 5973, 4079, 10240, 97, 98
2026/07/30 19:30:22.006, 0, NVIDIA GeForce RTX 3080, 5973, 4079, 10240, 97, 98
2026/07/30 19:30:22.118, 0, NVIDIA GeForce RTX 3080, 5973, 4079, 10240, 97, 98
2026/07/30 19:30:22.228, 0, NVIDIA GeForce RTX 3080, 5973, 4079, 10240, 97, 98
2026/07/30 19:30:22.340, 0, NVIDIA GeForce RTX 3080, 5973, 4079, 10240, 95, 96
2026/07/30 19:30:22.451, 0, NVIDIA GeForce RTX 3080, 5973, 4079, 10240, 95, 96
2026/07/30 19:30:22.562, 0, NVIDIA GeForce RTX 3080, 5973, 4079, 10240, 95, 96
2026/07/30 19:30:22.674, 0, NVIDIA GeForce RTX 3080, 5973, 4079, 10240, 95, 96
2026/07/30 19:30:22.786, 0, NVIDIA GeForce RTX 3080, 5973, 4079, 10240, 95, 97
2026/07/30 19:30:22.897, 0, NVIDIA GeForce RTX 3080, 5973, 4079, 10240, 95, 97
2026/07/30 19:30:23.009, 0, NVIDIA GeForce RTX 3080, 5973, 4079, 10240, 95, 97
2026/07/30 19:30:23.121, 0, NVIDIA GeForce RTX 3080, 5973, 4079, 10240, 95, 97
2026/07/30 19:30:23.233, 0, NVIDIA GeForce RTX 3080, 5973, 4079, 10240, 95, 98
2026/07/30 19:30:23.345, 0, NVIDIA GeForce RTX 3080, 5973, 4079, 10240, 95, 98
2026/07/30 19:30:23.457, 0, NVIDIA GeForce RTX 3080, 5973, 4079, 10240, 95, 98
2026/07/30 19:30:23.569, 0, NVIDIA GeForce RTX 3080, 5973, 4079, 10240, 95, 98
2026/07/30 19:30:23.681, 0, NVIDIA GeForce RTX 3080, 5973, 4079, 10240, 95, 98
2026/07/30 19:30:23.791, 0, NVIDIA GeForce RTX 3080, 5973, 4079, 10240, 95, 98
2026/07/30 19:30:23.902, 0, NVIDIA GeForce RTX 3080, 5973, 4079, 10240, 95, 98
2026/07/30 19:30:24.013, 0, NVIDIA GeForce RTX 3080, 5973, 4079, 10240, 95, 98
2026/07/30 19:30:24.125, 0, NVIDIA GeForce RTX 3080, 5973, 4079, 10240, 95, 98
2026/07/30 19:30:24.235, 0, NVIDIA GeForce RTX 3080, 5973, 4079, 10240, 96, 98
2026/07/30 19:30:24.347, 0, NVIDIA GeForce RTX 3080, 5973, 4079, 10240, 96, 98
2026/07/30 19:30:24.458, 0, NVIDIA GeForce RTX 3080, 5973, 4079, 10240, 96, 98
2026/07/30 19:30:24.570, 0, NVIDIA GeForce RTX 3080, 5973, 4079, 10240, 96, 98
2026/07/30 19:30:24.681, 0, NVIDIA GeForce RTX 3080, 5973, 4079, 10240, 96, 98
2026/07/30 19:30:24.793, 0, NVIDIA GeForce RTX 3080, 5973, 4079, 10240, 97, 98
2026/07/30 19:30:24.905, 0, NVIDIA GeForce RTX 3080, 5973, 4079, 10240, 97, 98
2026/07/30 19:30:25.017, 0, NVIDIA GeForce RTX 3080, 5973, 4079, 10240, 97, 98
2026/07/30 19:30:25.129, 0, NVIDIA GeForce RTX 3080, 5973, 4079, 10240, 97, 98
2026/07/30 19:30:25.241, 0, NVIDIA GeForce RTX 3080, 5973, 4079, 10240, 97, 98
2026/07/30 19:30:25.353, 0, NVIDIA GeForce RTX 3080, 5973, 4079, 10240, 97, 98
2026/07/30 19:30:25.465, 0, NVIDIA GeForce RTX 3080, 5973, 4079, 10240, 97, 98
2026/07/30 19:30:25.577, 0, NVIDIA GeForce RTX 3080, 5973, 4079, 10240, 97, 98
2026/07/30 19:30:25.689, 0, NVIDIA GeForce RTX 3080, 5973, 4079, 10240, 97, 98
2026/07/30 19:30:25.801, 0, NVIDIA GeForce RTX 3080, 5973, 4079, 10240, 97, 98
2026/07/30 19:30:25.913, 0, NVIDIA GeForce RTX 3080, 5973, 4079, 10240, 97, 98
2026/07/30 19:30:26.024, 0, NVIDIA GeForce RTX 3080, 5973, 4079, 10240, 97, 98
2026/07/30 19:30:26.136, 0, NVIDIA GeForce RTX 3080, 5973, 4079, 10240, 97, 98
2026/07/30 19:30:26.248, 0, NVIDIA GeForce RTX 3080, 5973, 4079, 10240, 98, 98
2026/07/30 19:30:26.360, 0, NVIDIA GeForce RTX 3080, 5973, 4079, 10240, 98, 98
2026/07/30 19:30:26.472, 0, NVIDIA GeForce RTX 3080, 5973, 4079, 10240, 98, 98
2026/07/30 19:30:26.584, 0, NVIDIA GeForce RTX 3080, 5973, 4079, 10240, 98, 98
2026/07/30 19:30:26.696, 0, NVIDIA GeForce RTX 3080, 5973, 4079, 10240, 98, 98
2026/07/30 19:30:26.808, 0, NVIDIA GeForce RTX 3080, 5973, 4079, 10240, 98, 98
2026/07/30 19:30:26.920, 0, NVIDIA GeForce RTX 3080, 5973, 4079, 10240, 98, 98
2026/07/30 19:30:27.032, 0, NVIDIA GeForce RTX 3080, 5973, 4079, 10240, 98, 98
2026/07/30 19:30:27.144, 0, NVIDIA GeForce RTX 3080, 5973, 4079, 10240, 98, 98
2026/07/30 19:30:27.256, 0, NVIDIA GeForce RTX 3080, 5973, 4079, 10240, 97, 97
2026/07/30 19:30:27.368, 0, NVIDIA GeForce RTX 3080, 5973, 4079, 10240, 97, 97
2026/07/30 19:30:27.480, 0, NVIDIA GeForce RTX 3080, 5973, 4079, 10240, 97, 97
2026/07/30 19:30:27.592, 0, NVIDIA GeForce RTX 3080, 5973, 4079, 10240, 97, 97
2026/07/30 19:30:27.704, 0, NVIDIA GeForce RTX 3080, 5973, 4079, 10240, 97, 97
2026/07/30 19:30:27.816, 0, NVIDIA GeForce RTX 3080, 5973, 4079, 10240, 98, 98
2026/07/30 19:30:27.927, 0, NVIDIA GeForce RTX 3080, 5973, 4079, 10240, 98, 98
2026/07/30 19:30:28.039, 0, NVIDIA GeForce RTX 3080, 5973, 4079, 10240, 98, 98
2026/07/30 19:30:28.152, 0, NVIDIA GeForce RTX 3080, 5973, 4079, 10240, 98, 98
2026/07/30 19:30:28.264, 0, NVIDIA GeForce RTX 3080, 5973, 4079, 10240, 96, 98
2026/07/30 19:30:28.376, 0, NVIDIA GeForce RTX 3080, 5973, 4079, 10240, 96, 98
2026/07/30 19:30:28.486, 0, NVIDIA GeForce RTX 3080, 5973, 4079, 10240, 96, 98
2026/07/30 19:30:28.594, 0, NVIDIA GeForce RTX 3080, 5973, 4079, 10240, 96, 98
2026/07/30 19:30:28.704, 0, NVIDIA GeForce RTX 3080, 5973, 4079, 10240, 96, 98
2026/07/30 19:30:28.813, 0, NVIDIA GeForce RTX 3080, 5973, 4079, 10240, 94, 97
2026/07/30 19:30:28.922, 0, NVIDIA GeForce RTX 3080, 5973, 4079, 10240, 94, 97
2026/07/30 19:30:29.032, 0, NVIDIA GeForce RTX 3080, 5973, 4079, 10240, 94, 97
2026/07/30 19:30:29.140, 0, NVIDIA GeForce RTX 3080, 5973, 4079, 10240, 94, 97
2026/07/30 19:30:29.251, 0, NVIDIA GeForce RTX 3080, 5973, 4079, 10240, 96, 98
2026/07/30 19:30:29.363, 0, NVIDIA GeForce RTX 3080, 5973, 4079, 10240, 96, 98
2026/07/30 19:30:29.475, 0, NVIDIA GeForce RTX 3080, 5973, 4079, 10240, 96, 98
2026/07/30 19:30:29.587, 0, NVIDIA GeForce RTX 3080, 5973, 4079, 10240, 96, 98
2026/07/30 19:30:29.699, 0, NVIDIA GeForce RTX 3080, 5973, 4079, 10240, 96, 98
2026/07/30 19:30:29.810, 0, NVIDIA GeForce RTX 3080, 5973, 4079, 10240, 96, 98
2026/07/30 19:30:29.922, 0, NVIDIA GeForce RTX 3080, 5973, 4079, 10240, 96, 98
2026/07/30 19:30:30.034, 0, NVIDIA GeForce RTX 3080, 5973, 4079, 10240, 96, 98
2026/07/30 19:30:30.146, 0, NVIDIA GeForce RTX 3080, 5973, 4079, 10240, 96, 98
2026/07/30 19:30:30.258, 0, NVIDIA GeForce RTX 3080, 5973, 4079, 10240, 97, 98
2026/07/30 19:30:30.370, 0, NVIDIA GeForce RTX 3080, 5973, 4079, 10240, 97, 98
2026/07/30 19:30:30.482, 0, NVIDIA GeForce RTX 3080, 5973, 4079, 10240, 97, 98
2026/07/30 19:30:30.594, 0, NVIDIA GeForce RTX 3080, 5973, 4079, 10240, 97, 98
2026/07/30 19:30:30.703, 0, NVIDIA GeForce RTX 3080, 5973, 4079, 10240, 97, 98
2026/07/30 19:30:30.812, 0, NVIDIA GeForce RTX 3080, 5973, 4079, 10240, 97, 97
2026/07/30 19:30:30.921, 0, NVIDIA GeForce RTX 3080, 5973, 4079, 10240, 97, 97
2026/07/30 19:30:31.033, 0, NVIDIA GeForce RTX 3080, 5973, 4079, 10240, 97, 97
2026/07/30 19:30:31.145, 0, NVIDIA GeForce RTX 3080, 5973, 4079, 10240, 97, 97
2026/07/30 19:30:31.257, 0, NVIDIA GeForce RTX 3080, 5973, 4079, 10240, 97, 98
2026/07/30 19:30:31.369, 0, NVIDIA GeForce RTX 3080, 5973, 4079, 10240, 97, 98
2026/07/30 19:30:31.480, 0, NVIDIA GeForce RTX 3080, 5973, 4079, 10240, 97, 98
2026/07/30 19:30:31.592, 0, NVIDIA GeForce RTX 3080, 5973, 4079, 10240, 97, 98
2026/07/30 19:30:31.704, 0, NVIDIA GeForce RTX 3080, 5973, 4079, 10240, 97, 98
2026/07/30 19:30:31.817, 0, NVIDIA GeForce RTX 3080, 5973, 4079, 10240, 98, 98
2026/07/30 19:30:31.928, 0, NVIDIA GeForce RTX 3080, 5973, 4079, 10240, 98, 98
2026/07/30 19:30:32.040, 0, NVIDIA GeForce RTX 3080, 5973, 4079, 10240, 98, 98
2026/07/30 19:30:32.152, 0, NVIDIA GeForce RTX 3080, 5973, 4079, 10240, 98, 98
2026/07/30 19:30:32.264, 0, NVIDIA GeForce RTX 3080, 5973, 4079, 10240, 96, 98
2026/07/30 19:30:32.375, 0, NVIDIA GeForce RTX 3080, 5973, 4079, 10240, 96, 98
2026/07/30 19:30:32.487, 0, NVIDIA GeForce RTX 3080, 5973, 4079, 10240, 96, 98
2026/07/30 19:30:32.599, 0, NVIDIA GeForce RTX 3080, 5973, 4079, 10240, 96, 98
2026/07/30 19:30:32.711, 0, NVIDIA GeForce RTX 3080, 5973, 4079, 10240, 96, 98
2026/07/30 19:30:32.823, 0, NVIDIA GeForce RTX 3080, 5973, 4079, 10240, 95, 98
2026/07/30 19:30:32.935, 0, NVIDIA GeForce RTX 3080, 5973, 4079, 10240, 95, 98
2026/07/30 19:30:33.047, 0, NVIDIA GeForce RTX 3080, 5973, 4079, 10240, 95, 98
2026/07/30 19:30:33.159, 0, NVIDIA GeForce RTX 3080, 5973, 4079, 10240, 95, 98
2026/07/30 19:30:33.271, 0, NVIDIA GeForce RTX 3080, 5973, 4079, 10240, 95, 97
2026/07/30 19:30:33.382, 0, NVIDIA GeForce RTX 3080, 5973, 4079, 10240, 95, 97
2026/07/30 19:30:33.494, 0, NVIDIA GeForce RTX 3080, 5973, 4079, 10240, 95, 97
2026/07/30 19:30:33.606, 0, NVIDIA GeForce RTX 3080, 5973, 4079, 10240, 95, 97
2026/07/30 19:30:33.717, 0, NVIDIA GeForce RTX 3080, 5973, 4079, 10240, 95, 97
2026/07/30 19:30:33.830, 0, NVIDIA GeForce RTX 3080, 5973, 4079, 10240, 94, 96
2026/07/30 19:30:33.942, 0, NVIDIA GeForce RTX 3080, 5973, 4079, 10240, 94, 96
2026/07/30 19:30:34.054, 0, NVIDIA GeForce RTX 3080, 5973, 4079, 10240, 94, 96
2026/07/30 19:30:34.165, 0, NVIDIA GeForce RTX 3080, 5973, 4079, 10240, 94, 96
2026/07/30 19:30:34.276, 0, NVIDIA GeForce RTX 3080, 5973, 4079, 10240, 97, 98
2026/07/30 19:30:34.388, 0, NVIDIA GeForce RTX 3080, 5973, 4079, 10240, 97, 98
2026/07/30 19:30:34.499, 0, NVIDIA GeForce RTX 3080, 5973, 4079, 10240, 97, 98
2026/07/30 19:30:34.611, 0, NVIDIA GeForce RTX 3080, 5973, 4079, 10240, 97, 98
2026/07/30 19:30:34.722, 0, NVIDIA GeForce RTX 3080, 5973, 4079, 10240, 97, 98
2026/07/30 19:30:34.833, 0, NVIDIA GeForce RTX 3080, 5973, 4079, 10240, 96, 97
2026/07/30 19:30:34.944, 0, NVIDIA GeForce RTX 3080, 5973, 4079, 10240, 96, 97
2026/07/30 19:30:35.054, 0, NVIDIA GeForce RTX 3080, 5973, 4079, 10240, 96, 97
2026/07/30 19:30:35.165, 0, NVIDIA GeForce RTX 3080, 5973, 4079, 10240, 96, 97
2026/07/30 19:30:35.276, 0, NVIDIA GeForce RTX 3080, 5973, 4079, 10240, 97, 97
2026/07/30 19:30:35.388, 0, NVIDIA GeForce RTX 3080, 5973, 4079, 10240, 97, 97
2026/07/30 19:30:35.500, 0, NVIDIA GeForce RTX 3080, 5973, 4079, 10240, 97, 97
2026/07/30 19:30:35.611, 0, NVIDIA GeForce RTX 3080, 5973, 4079, 10240, 97, 97
2026/07/30 19:30:35.719, 0, NVIDIA GeForce RTX 3080, 5973, 4079, 10240, 97, 97
2026/07/30 19:30:35.830, 0, NVIDIA GeForce RTX 3080, 5973, 4079, 10240, 96, 97
2026/07/30 19:30:35.941, 0, NVIDIA GeForce RTX 3080, 5973, 4079, 10240, 96, 97
2026/07/30 19:30:36.053, 0, NVIDIA GeForce RTX 3080, 5973, 4079, 10240, 96, 97
2026/07/30 19:30:36.165, 0, NVIDIA GeForce RTX 3080, 5973, 4079, 10240, 96, 97
2026/07/30 19:30:36.277, 0, NVIDIA GeForce RTX 3080, 5973, 4079, 10240, 97, 97
2026/07/30 19:30:36.389, 0, NVIDIA GeForce RTX 3080, 5973, 4079, 10240, 97, 97
2026/07/30 19:30:36.501, 0, NVIDIA GeForce RTX 3080, 5973, 4079, 10240, 97, 97
2026/07/30 19:30:36.613, 0, NVIDIA GeForce RTX 3080, 5973, 4079, 10240, 97, 97
2026/07/30 19:30:36.724, 0, NVIDIA GeForce RTX 3080, 5973, 4079, 10240, 97, 97
2026/07/30 19:30:36.836, 0, NVIDIA GeForce RTX 3080, 5973, 4079, 10240, 98, 97
2026/07/30 19:30:36.948, 0, NVIDIA GeForce RTX 3080, 5973, 4079, 10240, 98, 97
2026/07/30 19:30:37.060, 0, NVIDIA GeForce RTX 3080, 5973, 4079, 10240, 98, 97
2026/07/30 19:30:37.170, 0, NVIDIA GeForce RTX 3080, 5973, 4079, 10240, 98, 97
2026/07/30 19:30:37.282, 0, NVIDIA GeForce RTX 3080, 5973, 4079, 10240, 98, 98
2026/07/30 19:30:37.392, 0, NVIDIA GeForce RTX 3080, 5973, 4079, 10240, 98, 98
2026/07/30 19:30:37.503, 0, NVIDIA GeForce RTX 3080, 5973, 4079, 10240, 98, 98
2026/07/30 19:30:37.615, 0, NVIDIA GeForce RTX 3080, 5973, 4079, 10240, 98, 98
2026/07/30 19:30:37.727, 0, NVIDIA GeForce RTX 3080, 5973, 4079, 10240, 98, 98
2026/07/30 19:30:37.838, 0, NVIDIA GeForce RTX 3080, 5973, 4079, 10240, 95, 96
2026/07/30 19:30:37.950, 0, NVIDIA GeForce RTX 3080, 5973, 4079, 10240, 95, 96
2026/07/30 19:30:38.061, 0, NVIDIA GeForce RTX 3080, 5973, 4079, 10240, 95, 96
2026/07/30 19:30:38.172, 0, NVIDIA GeForce RTX 3080, 5973, 4079, 10240, 95, 96
2026/07/30 19:30:38.284, 0, NVIDIA GeForce RTX 3080, 5973, 4079, 10240, 96, 98
2026/07/30 19:30:38.395, 0, NVIDIA GeForce RTX 3080, 5973, 4079, 10240, 96, 98
2026/07/30 19:30:38.505, 0, NVIDIA GeForce RTX 3080, 5973, 4079, 10240, 96, 98
2026/07/30 19:30:38.617, 0, NVIDIA GeForce RTX 3080, 5973, 4079, 10240, 96, 98
2026/07/30 19:30:38.729, 0, NVIDIA GeForce RTX 3080, 5973, 4079, 10240, 96, 98
2026/07/30 19:30:38.841, 0, NVIDIA GeForce RTX 3080, 5973, 4079, 10240, 96, 98
2026/07/30 19:30:38.953, 0, NVIDIA GeForce RTX 3080, 5973, 4079, 10240, 96, 98
2026/07/30 19:30:39.065, 0, NVIDIA GeForce RTX 3080, 5973, 4079, 10240, 96, 98
2026/07/30 19:30:39.176, 0, NVIDIA GeForce RTX 3080, 5973, 4079, 10240, 96, 98
2026/07/30 19:30:39.288, 0, NVIDIA GeForce RTX 3080, 5973, 4079, 10240, 96, 98
2026/07/30 19:30:39.400, 0, NVIDIA GeForce RTX 3080, 5973, 4079, 10240, 96, 98
2026/07/30 19:30:39.512, 0, NVIDIA GeForce RTX 3080, 5973, 4079, 10240, 96, 98
2026/07/30 19:30:39.625, 0, NVIDIA GeForce RTX 3080, 5973, 4079, 10240, 96, 98
2026/07/30 19:30:39.737, 0, NVIDIA GeForce RTX 3080, 5973, 4079, 10240, 94, 96
2026/07/30 19:30:39.849, 0, NVIDIA GeForce RTX 3080, 5973, 4079, 10240, 94, 96
2026/07/30 19:30:39.961, 0, NVIDIA GeForce RTX 3080, 5973, 4079, 10240, 94, 96
2026/07/30 19:30:40.073, 0, NVIDIA GeForce RTX 3080, 5973, 4079, 10240, 94, 96
2026/07/30 19:30:40.185, 0, NVIDIA GeForce RTX 3080, 5973, 4079, 10240, 94, 96
2026/07/30 19:30:40.297, 0, NVIDIA GeForce RTX 3080, 5973, 4079, 10240, 96, 97
2026/07/30 19:30:40.409, 0, NVIDIA GeForce RTX 3080, 5973, 4079, 10240, 96, 97
2026/07/30 19:30:40.521, 0, NVIDIA GeForce RTX 3080, 5973, 4079, 10240, 96, 97
2026/07/30 19:30:40.633, 0, NVIDIA GeForce RTX 3080, 5973, 4079, 10240, 96, 97
2026/07/30 19:30:40.745, 0, NVIDIA GeForce RTX 3080, 5973, 4079, 10240, 97, 98
2026/07/30 19:30:40.854, 0, NVIDIA GeForce RTX 3080, 5973, 4079, 10240, 97, 98
2026/07/30 19:30:40.965, 0, NVIDIA GeForce RTX 3080, 5973, 4079, 10240, 97, 98
2026/07/30 19:30:41.076, 0, NVIDIA GeForce RTX 3080, 5973, 4079, 10240, 97, 98
2026/07/30 19:30:41.188, 0, NVIDIA GeForce RTX 3080, 5973, 4079, 10240, 97, 98
2026/07/30 19:30:41.300, 0, NVIDIA GeForce RTX 3080, 5973, 4079, 10240, 97, 98
2026/07/30 19:30:41.412, 0, NVIDIA GeForce RTX 3080, 5973, 4079, 10240, 97, 98
2026/07/30 19:30:41.524, 0, NVIDIA GeForce RTX 3080, 5973, 4079, 10240, 97, 98
2026/07/30 19:30:41.635, 0, NVIDIA GeForce RTX 3080, 5973, 4079, 10240, 97, 98
2026/07/30 19:30:41.747, 0, NVIDIA GeForce RTX 3080, 5973, 4079, 10240, 94, 96
2026/07/30 19:30:41.859, 0, NVIDIA GeForce RTX 3080, 5973, 4079, 10240, 94, 96
2026/07/30 19:30:41.971, 0, NVIDIA GeForce RTX 3080, 5973, 4079, 10240, 94, 96
2026/07/30 19:30:42.083, 0, NVIDIA GeForce RTX 3080, 5973, 4079, 10240, 94, 96
2026/07/30 19:30:42.196, 0, NVIDIA GeForce RTX 3080, 5973, 4079, 10240, 94, 96
2026/07/30 19:30:42.307, 0, NVIDIA GeForce RTX 3080, 5973, 4079, 10240, 95, 97
2026/07/30 19:30:42.419, 0, NVIDIA GeForce RTX 3080, 5973, 4079, 10240, 95, 97
2026/07/30 19:30:42.531, 0, NVIDIA GeForce RTX 3080, 5973, 4079, 10240, 95, 97
2026/07/30 19:30:42.643, 0, NVIDIA GeForce RTX 3080, 5973, 4079, 10240, 95, 97
2026/07/30 19:30:42.755, 0, NVIDIA GeForce RTX 3080, 5973, 4079, 10240, 95, 98
2026/07/30 19:30:42.867, 0, NVIDIA GeForce RTX 3080, 5973, 4079, 10240, 95, 98
2026/07/30 19:30:42.979, 0, NVIDIA GeForce RTX 3080, 5973, 4079, 10240, 95, 98
2026/07/30 19:30:43.091, 0, NVIDIA GeForce RTX 3080, 5973, 4079, 10240, 95, 98
2026/07/30 19:30:43.202, 0, NVIDIA GeForce RTX 3080, 5973, 4079, 10240, 95, 98
2026/07/30 19:30:43.313, 0, NVIDIA GeForce RTX 3080, 5973, 4079, 10240, 96, 98
2026/07/30 19:30:43.424, 0, NVIDIA GeForce RTX 3080, 5973, 4079, 10240, 96, 98
2026/07/30 19:30:43.536, 0, NVIDIA GeForce RTX 3080, 5973, 4079, 10240, 96, 98
2026/07/30 19:30:43.647, 0, NVIDIA GeForce RTX 3080, 5973, 4079, 10240, 96, 98
2026/07/30 19:30:43.756, 0, NVIDIA GeForce RTX 3080, 5973, 4079, 10240, 96, 98
2026/07/30 19:30:43.866, 0, NVIDIA GeForce RTX 3080, 5973, 4079, 10240, 96, 98
2026/07/30 19:30:43.975, 0, NVIDIA GeForce RTX 3080, 5973, 4079, 10240, 96, 98
2026/07/30 19:30:44.084, 0, NVIDIA GeForce RTX 3080, 5973, 4079, 10240, 96, 98
2026/07/30 19:30:44.193, 0, NVIDIA GeForce RTX 3080, 5973, 4079, 10240, 96, 98
2026/07/30 19:30:44.303, 0, NVIDIA GeForce RTX 3080, 5973, 4079, 10240, 97, 98
2026/07/30 19:30:44.415, 0, NVIDIA GeForce RTX 3080, 5973, 4079, 10240, 97, 98
2026/07/30 19:30:44.527, 0, NVIDIA GeForce RTX 3080, 5973, 4079, 10240, 97, 98
2026/07/30 19:30:44.639, 0, NVIDIA GeForce RTX 3080, 5973, 4079, 10240, 97, 98
2026/07/30 19:30:44.751, 0, NVIDIA GeForce RTX 3080, 5973, 4079, 10240, 96, 97
2026/07/30 19:30:44.863, 0, NVIDIA GeForce RTX 3080, 5973, 4079, 10240, 96, 97
2026/07/30 19:30:44.974, 0, NVIDIA GeForce RTX 3080, 5973, 4079, 10240, 96, 97
2026/07/30 19:30:45.086, 0, NVIDIA GeForce RTX 3080, 5973, 4079, 10240, 96, 97
2026/07/30 19:30:45.197, 0, NVIDIA GeForce RTX 3080, 5973, 4079, 10240, 96, 97
2026/07/30 19:30:45.308, 0, NVIDIA GeForce RTX 3080, 5973, 4079, 10240, 97, 98
2026/07/30 19:30:45.420, 0, NVIDIA GeForce RTX 3080, 5973, 4079, 10240, 97, 98
2026/07/30 19:30:45.532, 0, NVIDIA GeForce RTX 3080, 5973, 4079, 10240, 97, 98
2026/07/30 19:30:45.643, 0, NVIDIA GeForce RTX 3080, 5973, 4079, 10240, 97, 98
2026/07/30 19:30:45.754, 0, NVIDIA GeForce RTX 3080, 5973, 4079, 10240, 97, 96
2026/07/30 19:30:45.864, 0, NVIDIA GeForce RTX 3080, 5973, 4079, 10240, 97, 96
2026/07/30 19:30:45.973, 0, NVIDIA GeForce RTX 3080, 5973, 4079, 10240, 97, 96
2026/07/30 19:30:46.085, 0, NVIDIA GeForce RTX 3080, 5973, 4079, 10240, 97, 96
2026/07/30 19:30:46.197, 0, NVIDIA GeForce RTX 3080, 5973, 4079, 10240, 97, 96
2026/07/30 19:30:46.309, 0, NVIDIA GeForce RTX 3080, 5973, 4079, 10240, 98, 98
2026/07/30 19:30:46.421, 0, NVIDIA GeForce RTX 3080, 5973, 4079, 10240, 98, 98
2026/07/30 19:30:46.531, 0, NVIDIA GeForce RTX 3080, 5973, 4079, 10240, 98, 98
2026/07/30 19:30:46.642, 0, NVIDIA GeForce RTX 3080, 5973, 4079, 10240, 98, 98
2026/07/30 19:30:46.754, 0, NVIDIA GeForce RTX 3080, 5973, 4079, 10240, 98, 98
2026/07/30 19:30:46.865, 0, NVIDIA GeForce RTX 3080, 5973, 4079, 10240, 98, 98
2026/07/30 19:30:46.977, 0, NVIDIA GeForce RTX 3080, 5973, 4079, 10240, 98, 98
2026/07/30 19:30:47.089, 0, NVIDIA GeForce RTX 3080, 5973, 4079, 10240, 98, 98
2026/07/30 19:30:47.201, 0, NVIDIA GeForce RTX 3080, 5973, 4079, 10240, 98, 98
2026/07/30 19:30:47.313, 0, NVIDIA GeForce RTX 3080, 5973, 4079, 10240, 98, 98
2026/07/30 19:30:47.425, 0, NVIDIA GeForce RTX 3080, 5973, 4079, 10240, 98, 98
2026/07/30 19:30:47.537, 0, NVIDIA GeForce RTX 3080, 5973, 4079, 10240, 98, 98
2026/07/30 19:30:47.649, 0, NVIDIA GeForce RTX 3080, 5973, 4079, 10240, 98, 98
2026/07/30 19:30:47.761, 0, NVIDIA GeForce RTX 3080, 5973, 4079, 10240, 94, 97
2026/07/30 19:30:47.872, 0, NVIDIA GeForce RTX 3080, 5973, 4079, 10240, 94, 97
2026/07/30 19:30:47.984, 0, NVIDIA GeForce RTX 3080, 5973, 4079, 10240, 94, 97
2026/07/30 19:30:48.096, 0, NVIDIA GeForce RTX 3080, 5973, 4079, 10240, 94, 97
2026/07/30 19:30:48.208, 0, NVIDIA GeForce RTX 3080, 5973, 4079, 10240, 94, 97
2026/07/30 19:30:48.320, 0, NVIDIA GeForce RTX 3080, 5973, 4079, 10240, 96, 98
2026/07/30 19:30:48.432, 0, NVIDIA GeForce RTX 3080, 5973, 4079, 10240, 96, 98
2026/07/30 19:30:48.544, 0, NVIDIA GeForce RTX 3080, 5973, 4079, 10240, 96, 98
2026/07/30 19:30:48.654, 0, NVIDIA GeForce RTX 3080, 5973, 4079, 10240, 96, 98
2026/07/30 19:30:48.763, 0, NVIDIA GeForce RTX 3080, 5973, 4079, 10240, 95, 98
2026/07/30 19:30:48.873, 0, NVIDIA GeForce RTX 3080, 5973, 4079, 10240, 95, 98
2026/07/30 19:30:48.983, 0, NVIDIA GeForce RTX 3080, 5973, 4079, 10240, 95, 98
2026/07/30 19:30:49.087, 0, NVIDIA GeForce RTX 3080, 5973, 4079, 10240, 95, 98
2026/07/30 19:30:49.196, 0, NVIDIA GeForce RTX 3080, 5973, 4079, 10240, 95, 98
2026/07/30 19:30:49.308, 0, NVIDIA GeForce RTX 3080, 5973, 4079, 10240, 95, 98
2026/07/30 19:30:49.420, 0, NVIDIA GeForce RTX 3080, 5973, 4079, 10240, 95, 98
2026/07/30 19:30:49.532, 0, NVIDIA GeForce RTX 3080, 5973, 4079, 10240, 95, 98
2026/07/30 19:30:49.644, 0, NVIDIA GeForce RTX 3080, 5973, 4079, 10240, 95, 98
2026/07/30 19:30:49.756, 0, NVIDIA GeForce RTX 3080, 5973, 4079, 10240, 97, 98
2026/07/30 19:30:49.868, 0, NVIDIA GeForce RTX 3080, 5973, 4079, 10240, 97, 98
2026/07/30 19:30:49.980, 0, NVIDIA GeForce RTX 3080, 5973, 4079, 10240, 97, 98
2026/07/30 19:30:50.092, 0, NVIDIA GeForce RTX 3080, 5973, 4079, 10240, 97, 98
2026/07/30 19:30:50.204, 0, NVIDIA GeForce RTX 3080, 5973, 4079, 10240, 97, 98
2026/07/30 19:30:50.316, 0, NVIDIA GeForce RTX 3080, 5973, 4079, 10240, 97, 98
2026/07/30 19:30:50.428, 0, NVIDIA GeForce RTX 3080, 5973, 4079, 10240, 97, 98
2026/07/30 19:30:50.540, 0, NVIDIA GeForce RTX 3080, 5973, 4079, 10240, 97, 98
2026/07/30 19:30:50.650, 0, NVIDIA GeForce RTX 3080, 5973, 4079, 10240, 97, 98
2026/07/30 19:30:50.758, 0, NVIDIA GeForce RTX 3080, 5973, 4079, 10240, 97, 98
2026/07/30 19:30:50.867, 0, NVIDIA GeForce RTX 3080, 5973, 4079, 10240, 97, 98
2026/07/30 19:30:50.979, 0, NVIDIA GeForce RTX 3080, 5973, 4079, 10240, 97, 98
2026/07/30 19:30:51.091, 0, NVIDIA GeForce RTX 3080, 5973, 4079, 10240, 97, 98
2026/07/30 19:30:51.202, 0, NVIDIA GeForce RTX 3080, 5973, 4079, 10240, 97, 98
2026/07/30 19:30:51.313, 0, NVIDIA GeForce RTX 3080, 5973, 4079, 10240, 97, 98
2026/07/30 19:30:51.425, 0, NVIDIA GeForce RTX 3080, 5973, 4079, 10240, 97, 98
2026/07/30 19:30:51.537, 0, NVIDIA GeForce RTX 3080, 5973, 4079, 10240, 97, 98
2026/07/30 19:30:51.649, 0, NVIDIA GeForce RTX 3080, 5973, 4079, 10240, 97, 98
2026/07/30 19:30:51.761, 0, NVIDIA GeForce RTX 3080, 5973, 4079, 10240, 96, 98
2026/07/30 19:30:51.873, 0, NVIDIA GeForce RTX 3080, 5973, 4079, 10240, 96, 98
2026/07/30 19:30:51.985, 0, NVIDIA GeForce RTX 3080, 5973, 4079, 10240, 96, 98
2026/07/30 19:30:52.097, 0, NVIDIA GeForce RTX 3080, 5973, 4079, 10240, 96, 98
2026/07/30 19:30:52.208, 0, NVIDIA GeForce RTX 3080, 5973, 4079, 10240, 96, 98
2026/07/30 19:30:52.320, 0, NVIDIA GeForce RTX 3080, 5973, 4079, 10240, 94, 97
2026/07/30 19:30:52.432, 0, NVIDIA GeForce RTX 3080, 5973, 4079, 10240, 94, 97
2026/07/30 19:30:52.544, 0, NVIDIA GeForce RTX 3080, 5973, 4079, 10240, 94, 97
2026/07/30 19:30:52.656, 0, NVIDIA GeForce RTX 3080, 5973, 4079, 10240, 94, 97
2026/07/30 19:30:52.768, 0, NVIDIA GeForce RTX 3080, 5973, 4079, 10240, 96, 98
2026/07/30 19:30:52.880, 0, NVIDIA GeForce RTX 3080, 5973, 4079, 10240, 96, 98
2026/07/30 19:30:52.992, 0, NVIDIA GeForce RTX 3080, 5973, 4079, 10240, 96, 98
2026/07/30 19:30:53.104, 0, NVIDIA GeForce RTX 3080, 5973, 4079, 10240, 96, 98
2026/07/30 19:30:53.217, 0, NVIDIA GeForce RTX 3080, 5973, 4079, 10240, 96, 98
2026/07/30 19:30:53.329, 0, NVIDIA GeForce RTX 3080, 5973, 4079, 10240, 96, 98
2026/07/30 19:30:53.441, 0, NVIDIA GeForce RTX 3080, 5973, 4079, 10240, 96, 98
2026/07/30 19:30:53.553, 0, NVIDIA GeForce RTX 3080, 5973, 4079, 10240, 96, 98
2026/07/30 19:30:53.664, 0, NVIDIA GeForce RTX 3080, 5973, 4079, 10240, 96, 98
2026/07/30 19:30:53.776, 0, NVIDIA GeForce RTX 3080, 5973, 4079, 10240, 96, 98
2026/07/30 19:30:53.888, 0, NVIDIA GeForce RTX 3080, 5973, 4079, 10240, 96, 98
2026/07/30 19:30:54.000, 0, NVIDIA GeForce RTX 3080, 5973, 4079, 10240, 96, 98
2026/07/30 19:30:54.112, 0, NVIDIA GeForce RTX 3080, 5973, 4079, 10240, 96, 98
2026/07/30 19:30:54.224, 0, NVIDIA GeForce RTX 3080, 5973, 4079, 10240, 96, 98
2026/07/30 19:30:54.336, 0, NVIDIA GeForce RTX 3080, 5973, 4079, 10240, 96, 97
2026/07/30 19:30:54.447, 0, NVIDIA GeForce RTX 3080, 5973, 4079, 10240, 96, 97
2026/07/30 19:30:54.559, 0, NVIDIA GeForce RTX 3080, 5973, 4079, 10240, 96, 97
2026/07/30 19:30:54.669, 0, NVIDIA GeForce RTX 3080, 5973, 4079, 10240, 96, 97
2026/07/30 19:30:54.781, 0, NVIDIA GeForce RTX 3080, 5973, 4079, 10240, 97, 98
2026/07/30 19:30:54.892, 0, NVIDIA GeForce RTX 3080, 5973, 4079, 10240, 97, 98
2026/07/30 19:30:55.004, 0, NVIDIA GeForce RTX 3080, 5973, 4079, 10240, 97, 98
2026/07/30 19:30:55.116, 0, NVIDIA GeForce RTX 3080, 5973, 4079, 10240, 97, 98
2026/07/30 19:30:55.228, 0, NVIDIA GeForce RTX 3080, 5973, 4079, 10240, 97, 98
2026/07/30 19:30:55.340, 0, NVIDIA GeForce RTX 3080, 5973, 4079, 10240, 97, 98
2026/07/30 19:30:55.452, 0, NVIDIA GeForce RTX 3080, 5973, 4079, 10240, 97, 98
2026/07/30 19:30:55.564, 0, NVIDIA GeForce RTX 3080, 5973, 4079, 10240, 97, 98
2026/07/30 19:30:55.675, 0, NVIDIA GeForce RTX 3080, 5973, 4079, 10240, 97, 98
2026/07/30 19:30:55.784, 0, NVIDIA GeForce RTX 3080, 5973, 4079, 10240, 98, 98
2026/07/30 19:30:55.895, 0, NVIDIA GeForce RTX 3080, 5973, 4079, 10240, 98, 98
2026/07/30 19:30:56.007, 0, NVIDIA GeForce RTX 3080, 5973, 4079, 10240, 98, 98
2026/07/30 19:30:56.119, 0, NVIDIA GeForce RTX 3080, 5973, 4079, 10240, 98, 98
2026/07/30 19:30:56.231, 0, NVIDIA GeForce RTX 3080, 5973, 4079, 10240, 98, 98
2026/07/30 19:30:56.343, 0, NVIDIA GeForce RTX 3080, 5973, 4079, 10240, 98, 98
2026/07/30 19:30:56.455, 0, NVIDIA GeForce RTX 3080, 5973, 4079, 10240, 98, 98
2026/07/30 19:30:56.568, 0, NVIDIA GeForce RTX 3080, 5973, 4079, 10240, 98, 98
2026/07/30 19:30:56.680, 0, NVIDIA GeForce RTX 3080, 5973, 4079, 10240, 98, 98
2026/07/30 19:30:56.792, 0, NVIDIA GeForce RTX 3080, 5973, 4079, 10240, 97, 98
2026/07/30 19:30:56.904, 0, NVIDIA GeForce RTX 3080, 5973, 4079, 10240, 97, 98
2026/07/30 19:30:57.016, 0, NVIDIA GeForce RTX 3080, 5973, 4079, 10240, 97, 98
2026/07/30 19:30:57.127, 0, NVIDIA GeForce RTX 3080, 5973, 4079, 10240, 97, 98
2026/07/30 19:30:57.238, 0, NVIDIA GeForce RTX 3080, 5973, 4079, 10240, 95, 96
2026/07/30 19:30:57.350, 0, NVIDIA GeForce RTX 3080, 5973, 4079, 10240, 95, 96
2026/07/30 19:30:57.460, 0, NVIDIA GeForce RTX 3080, 5973, 4079, 10240, 95, 96
2026/07/30 19:30:57.572, 0, NVIDIA GeForce RTX 3080, 5973, 4079, 10240, 95, 96
2026/07/30 19:30:57.684, 0, NVIDIA GeForce RTX 3080, 5973, 4079, 10240, 95, 96
2026/07/30 19:30:57.795, 0, NVIDIA GeForce RTX 3080, 5973, 4079, 10240, 96, 98
2026/07/30 19:30:57.907, 0, NVIDIA GeForce RTX 3080, 5973, 4079, 10240, 96, 98
2026/07/30 19:30:58.019, 0, NVIDIA GeForce RTX 3080, 5973, 4079, 10240, 96, 98
2026/07/30 19:30:58.131, 0, NVIDIA GeForce RTX 3080, 5973, 4079, 10240, 96, 98
2026/07/30 19:30:58.242, 0, NVIDIA GeForce RTX 3080, 5973, 4079, 10240, 95, 98
2026/07/30 19:30:58.354, 0, NVIDIA GeForce RTX 3080, 5973, 4079, 10240, 95, 98
2026/07/30 19:30:58.465, 0, NVIDIA GeForce RTX 3080, 5973, 4079, 10240, 95, 98
2026/07/30 19:30:58.577, 0, NVIDIA GeForce RTX 3080, 5973, 4079, 10240, 95, 98
2026/07/30 19:30:58.689, 0, NVIDIA GeForce RTX 3080, 5973, 4079, 10240, 95, 98
2026/07/30 19:30:58.801, 0, NVIDIA GeForce RTX 3080, 5973, 4079, 10240, 96, 98
2026/07/30 19:30:58.913, 0, NVIDIA GeForce RTX 3080, 5973, 4079, 10240, 96, 98
2026/07/30 19:30:59.025, 0, NVIDIA GeForce RTX 3080, 5973, 4079, 10240, 96, 98
2026/07/30 19:30:59.137, 0, NVIDIA GeForce RTX 3080, 5973, 4079, 10240, 96, 98
2026/07/30 19:30:59.249, 0, NVIDIA GeForce RTX 3080, 5973, 4079, 10240, 92, 94
2026/07/30 19:30:59.361, 0, NVIDIA GeForce RTX 3080, 5973, 4079, 10240, 92, 94
2026/07/30 19:30:59.473, 0, NVIDIA GeForce RTX 3080, 5973, 4079, 10240, 92, 94
2026/07/30 19:30:59.585, 0, NVIDIA GeForce RTX 3080, 5973, 4079, 10240, 92, 94
2026/07/30 19:30:59.697, 0, NVIDIA GeForce RTX 3080, 5973, 4079, 10240, 92, 94
2026/07/30 19:30:59.809, 0, NVIDIA GeForce RTX 3080, 5973, 4079, 10240, 97, 98
2026/07/30 19:30:59.920, 0, NVIDIA GeForce RTX 3080, 5973, 4079, 10240, 97, 98
2026/07/30 19:31:00.031, 0, NVIDIA GeForce RTX 3080, 5973, 4079, 10240, 97, 98
2026/07/30 19:31:00.142, 0, NVIDIA GeForce RTX 3080, 5973, 4079, 10240, 97, 98
2026/07/30 19:31:00.254, 0, NVIDIA GeForce RTX 3080, 5973, 4079, 10240, 97, 98
2026/07/30 19:31:00.366, 0, NVIDIA GeForce RTX 3080, 5973, 4079, 10240, 97, 98
2026/07/30 19:31:00.478, 0, NVIDIA GeForce RTX 3080, 5973, 4079, 10240, 97, 98
2026/07/30 19:31:00.590, 0, NVIDIA GeForce RTX 3080, 5973, 4079, 10240, 97, 98
2026/07/30 19:31:00.702, 0, NVIDIA GeForce RTX 3080, 5973, 4079, 10240, 97, 98
2026/07/30 19:31:00.814, 0, NVIDIA GeForce RTX 3080, 5973, 4079, 10240, 97, 98
2026/07/30 19:31:00.926, 0, NVIDIA GeForce RTX 3080, 5973, 4079, 10240, 97, 98
2026/07/30 19:31:01.038, 0, NVIDIA GeForce RTX 3080, 5973, 4079, 10240, 97, 98
2026/07/30 19:31:01.149, 0, NVIDIA GeForce RTX 3080, 5973, 4079, 10240, 97, 98
2026/07/30 19:31:01.260, 0, NVIDIA GeForce RTX 3080, 5973, 4079, 10240, 96, 98
2026/07/30 19:31:01.372, 0, NVIDIA GeForce RTX 3080, 5973, 4079, 10240, 96, 98
2026/07/30 19:31:01.484, 0, NVIDIA GeForce RTX 3080, 5973, 4079, 10240, 96, 98
2026/07/30 19:31:01.595, 0, NVIDIA GeForce RTX 3080, 5973, 4079, 10240, 96, 98
2026/07/30 19:31:01.705, 0, NVIDIA GeForce RTX 3080, 5973, 4079, 10240, 96, 98
2026/07/30 19:31:01.814, 0, NVIDIA GeForce RTX 3080, 5973, 4079, 10240, 96, 98
2026/07/30 19:31:01.924, 0, NVIDIA GeForce RTX 3080, 5973, 4079, 10240, 96, 98
2026/07/30 19:31:02.034, 0, NVIDIA GeForce RTX 3080, 5973, 4079, 10240, 96, 98
2026/07/30 19:31:02.142, 0, NVIDIA GeForce RTX 3080, 5973, 4079, 10240, 96, 98
2026/07/30 19:31:02.251, 0, NVIDIA GeForce RTX 3080, 5973, 4079, 10240, 96, 98
2026/07/30 19:31:02.361, 0, NVIDIA GeForce RTX 3080, 5973, 4079, 10240, 96, 98
2026/07/30 19:31:02.470, 0, NVIDIA GeForce RTX 3080, 5973, 4079, 10240, 96, 98
2026/07/30 19:31:02.581, 0, NVIDIA GeForce RTX 3080, 5973, 4079, 10240, 96, 98
2026/07/30 19:31:02.693, 0, NVIDIA GeForce RTX 3080, 5973, 4079, 10240, 96, 98
2026/07/30 19:31:02.804, 0, NVIDIA GeForce RTX 3080, 5973, 4079, 10240, 95, 98
2026/07/30 19:31:02.916, 0, NVIDIA GeForce RTX 3080, 5973, 4079, 10240, 95, 98
2026/07/30 19:31:03.028, 0, NVIDIA GeForce RTX 3080, 5973, 4079, 10240, 95, 98
2026/07/30 19:31:03.140, 0, NVIDIA GeForce RTX 3080, 5973, 4079, 10240, 95, 98
2026/07/30 19:31:03.252, 0, NVIDIA GeForce RTX 3080, 5973, 4079, 10240, 93, 97
2026/07/30 19:31:03.364, 0, NVIDIA GeForce RTX 3080, 5973, 4079, 10240, 93, 97
2026/07/30 19:31:03.476, 0, NVIDIA GeForce RTX 3080, 5973, 4079, 10240, 93, 97
2026/07/30 19:31:03.588, 0, NVIDIA GeForce RTX 3080, 5973, 4079, 10240, 93, 97
2026/07/30 19:31:03.697, 0, NVIDIA GeForce RTX 3080, 5973, 4079, 10240, 93, 97
2026/07/30 19:31:03.807, 0, NVIDIA GeForce RTX 3080, 5973, 4079, 10240, 96, 97
2026/07/30 19:31:03.915, 0, NVIDIA GeForce RTX 3080, 5973, 4079, 10240, 96, 97
2026/07/30 19:31:04.024, 0, NVIDIA GeForce RTX 3080, 5973, 4079, 10240, 96, 97
2026/07/30 19:31:04.133, 0, NVIDIA GeForce RTX 3080, 5973, 4079, 10240, 96, 97
2026/07/30 19:31:04.243, 0, NVIDIA GeForce RTX 3080, 5973, 4079, 10240, 97, 98
2026/07/30 19:31:04.355, 0, NVIDIA GeForce RTX 3080, 5973, 4079, 10240, 97, 98
2026/07/30 19:31:04.468, 0, NVIDIA GeForce RTX 3080, 5973, 4079, 10240, 97, 98
2026/07/30 19:31:04.580, 0, NVIDIA GeForce RTX 3080, 5973, 4079, 10240, 97, 98
2026/07/30 19:31:04.692, 0, NVIDIA GeForce RTX 3080, 5973, 4079, 10240, 97, 98
2026/07/30 19:31:04.804, 0, NVIDIA GeForce RTX 3080, 5973, 4079, 10240, 97, 98
2026/07/30 19:31:04.915, 0, NVIDIA GeForce RTX 3080, 5973, 4079, 10240, 97, 98
2026/07/30 19:31:05.025, 0, NVIDIA GeForce RTX 3080, 5973, 4079, 10240, 97, 98
2026/07/30 19:31:05.137, 0, NVIDIA GeForce RTX 3080, 5973, 4079, 10240, 97, 98
2026/07/30 19:31:05.249, 0, NVIDIA GeForce RTX 3080, 5973, 4079, 10240, 98, 98
2026/07/30 19:31:05.361, 0, NVIDIA GeForce RTX 3080, 5973, 4079, 10240, 98, 98
2026/07/30 19:31:05.473, 0, NVIDIA GeForce RTX 3080, 5973, 4079, 10240, 98, 98
2026/07/30 19:31:05.584, 0, NVIDIA GeForce RTX 3080, 5973, 4079, 10240, 98, 98
2026/07/30 19:31:05.696, 0, NVIDIA GeForce RTX 3080, 5973, 4079, 10240, 98, 98
2026/07/30 19:31:05.808, 0, NVIDIA GeForce RTX 3080, 5973, 4079, 10240, 98, 98
2026/07/30 19:31:05.920, 0, NVIDIA GeForce RTX 3080, 5973, 4079, 10240, 98, 98
2026/07/30 19:31:06.032, 0, NVIDIA GeForce RTX 3080, 5973, 4079, 10240, 98, 98
2026/07/30 19:31:06.142, 0, NVIDIA GeForce RTX 3080, 5973, 4079, 10240, 98, 98
2026/07/30 19:31:06.254, 0, NVIDIA GeForce RTX 3080, 5973, 4079, 10240, 98, 98
2026/07/30 19:31:06.364, 0, NVIDIA GeForce RTX 3080, 5973, 4079, 10240, 98, 98
2026/07/30 19:31:06.476, 0, NVIDIA GeForce RTX 3080, 5973, 4079, 10240, 98, 98
2026/07/30 19:31:06.587, 0, NVIDIA GeForce RTX 3080, 5973, 4079, 10240, 98, 98
2026/07/30 19:31:06.699, 0, NVIDIA GeForce RTX 3080, 5973, 4079, 10240, 98, 98
2026/07/30 19:31:06.811, 0, NVIDIA GeForce RTX 3080, 5973, 4079, 10240, 97, 97
2026/07/30 19:31:06.923, 0, NVIDIA GeForce RTX 3080, 5973, 4079, 10240, 97, 97
2026/07/30 19:31:07.035, 0, NVIDIA GeForce RTX 3080, 5973, 4079, 10240, 97, 97
2026/07/30 19:31:07.147, 0, NVIDIA GeForce RTX 3080, 5973, 4079, 10240, 97, 97
2026/07/30 19:31:07.259, 0, NVIDIA GeForce RTX 3080, 5973, 4079, 10240, 95, 98
2026/07/30 19:31:07.372, 0, NVIDIA GeForce RTX 3080, 5973, 4079, 10240, 95, 98
2026/07/30 19:31:07.484, 0, NVIDIA GeForce RTX 3080, 5973, 4079, 10240, 95, 98
2026/07/30 19:31:07.595, 0, NVIDIA GeForce RTX 3080, 5973, 4079, 10240, 95, 98
2026/07/30 19:31:07.707, 0, NVIDIA GeForce RTX 3080, 5973, 4079, 10240, 95, 98
2026/07/30 19:31:07.819, 0, NVIDIA GeForce RTX 3080, 5973, 4079, 10240, 95, 97
2026/07/30 19:31:07.931, 0, NVIDIA GeForce RTX 3080, 5973, 4079, 10240, 95, 97
2026/07/30 19:31:08.043, 0, NVIDIA GeForce RTX 3080, 5973, 4079, 10240, 95, 97
2026/07/30 19:31:08.154, 0, NVIDIA GeForce RTX 3080, 5973, 4079, 10240, 95, 97
2026/07/30 19:31:08.266, 0, NVIDIA GeForce RTX 3080, 5973, 4079, 10240, 96, 98
2026/07/30 19:31:08.378, 0, NVIDIA GeForce RTX 3080, 5973, 4079, 10240, 96, 98
2026/07/30 19:31:08.490, 0, NVIDIA GeForce RTX 3080, 5973, 4079, 10240, 96, 98
2026/07/30 19:31:08.601, 0, NVIDIA GeForce RTX 3080, 5973, 4079, 10240, 96, 98
2026/07/30 19:31:08.710, 0, NVIDIA GeForce RTX 3080, 5973, 4079, 10240, 96, 98
2026/07/30 19:31:08.819, 0, NVIDIA GeForce RTX 3080, 5973, 4079, 10240, 95, 98
2026/07/30 19:31:08.929, 0, NVIDIA GeForce RTX 3080, 5973, 4079, 10240, 95, 98
2026/07/30 19:31:09.038, 0, NVIDIA GeForce RTX 3080, 5973, 4079, 10240, 95, 98
2026/07/30 19:31:09.148, 0, NVIDIA GeForce RTX 3080, 5973, 4079, 10240, 95, 98
2026/07/30 19:31:09.260, 0, NVIDIA GeForce RTX 3080, 5973, 4079, 10240, 97, 98
2026/07/30 19:31:09.371, 0, NVIDIA GeForce RTX 3080, 5973, 4079, 10240, 97, 98
2026/07/30 19:31:09.482, 0, NVIDIA GeForce RTX 3080, 5973, 4079, 10240, 97, 98
2026/07/30 19:31:09.593, 0, NVIDIA GeForce RTX 3080, 5973, 4079, 10240, 97, 98
2026/07/30 19:31:09.705, 0, NVIDIA GeForce RTX 3080, 5973, 4079, 10240, 97, 98
2026/07/30 19:31:09.816, 0, NVIDIA GeForce RTX 3080, 5973, 4079, 10240, 97, 98
2026/07/30 19:31:09.928, 0, NVIDIA GeForce RTX 3080, 5973, 4079, 10240, 97, 98
2026/07/30 19:31:10.039, 0, NVIDIA GeForce RTX 3080, 5973, 4079, 10240, 97, 98
2026/07/30 19:31:10.152, 0, NVIDIA GeForce RTX 3080, 5973, 4079, 10240, 97, 98
2026/07/30 19:31:10.264, 0, NVIDIA GeForce RTX 3080, 5973, 4079, 10240, 97, 98
2026/07/30 19:31:10.376, 0, NVIDIA GeForce RTX 3080, 5973, 4079, 10240, 97, 98
2026/07/30 19:31:10.488, 0, NVIDIA GeForce RTX 3080, 5973, 4079, 10240, 97, 98
2026/07/30 19:31:10.600, 0, NVIDIA GeForce RTX 3080, 5973, 4079, 10240, 97, 98
2026/07/30 19:31:10.710, 0, NVIDIA GeForce RTX 3080, 5973, 4079, 10240, 97, 98
2026/07/30 19:31:10.819, 0, NVIDIA GeForce RTX 3080, 5973, 4079, 10240, 97, 98
2026/07/30 19:31:10.930, 0, NVIDIA GeForce RTX 3080, 5973, 4079, 10240, 97, 98
2026/07/30 19:31:11.042, 0, NVIDIA GeForce RTX 3080, 5973, 4079, 10240, 97, 98
2026/07/30 19:31:11.154, 0, NVIDIA GeForce RTX 3080, 5973, 4079, 10240, 97, 98
2026/07/30 19:31:11.266, 0, NVIDIA GeForce RTX 3080, 5973, 4079, 10240, 96, 98
2026/07/30 19:31:11.378, 0, NVIDIA GeForce RTX 3080, 5973, 4079, 10240, 96, 98
2026/07/30 19:31:11.489, 0, NVIDIA GeForce RTX 3080, 5973, 4079, 10240, 96, 98
2026/07/30 19:31:11.601, 0, NVIDIA GeForce RTX 3080, 5973, 4079, 10240, 96, 98
2026/07/30 19:31:11.713, 0, NVIDIA GeForce RTX 3080, 5973, 4079, 10240, 96, 98
2026/07/30 19:31:11.824, 0, NVIDIA GeForce RTX 3080, 5973, 4079, 10240, 96, 98
2026/07/30 19:31:11.936, 0, NVIDIA GeForce RTX 3080, 5973, 4079, 10240, 96, 98
2026/07/30 19:31:12.049, 0, NVIDIA GeForce RTX 3080, 5973, 4079, 10240, 96, 98
2026/07/30 19:31:12.161, 0, NVIDIA GeForce RTX 3080, 5973, 4079, 10240, 96, 98
2026/07/30 19:31:12.271, 0, NVIDIA GeForce RTX 3080, 5973, 4079, 10240, 96, 98
2026/07/30 19:31:12.383, 0, NVIDIA GeForce RTX 3080, 5973, 4079, 10240, 96, 98
2026/07/30 19:31:12.495, 0, NVIDIA GeForce RTX 3080, 5973, 4079, 10240, 96, 98
2026/07/30 19:31:12.606, 0, NVIDIA GeForce RTX 3080, 5973, 4079, 10240, 96, 98
2026/07/30 19:31:12.718, 0, NVIDIA GeForce RTX 3080, 5973, 4079, 10240, 96, 98
2026/07/30 19:31:12.830, 0, NVIDIA GeForce RTX 3080, 5973, 4079, 10240, 96, 98
2026/07/30 19:31:12.942, 0, NVIDIA GeForce RTX 3080, 5973, 4079, 10240, 96, 98
2026/07/30 19:31:13.053, 0, NVIDIA GeForce RTX 3080, 5973, 4079, 10240, 96, 98
2026/07/30 19:31:13.164, 0, NVIDIA GeForce RTX 3080, 5973, 4079, 10240, 96, 98
2026/07/30 19:31:13.276, 0, NVIDIA GeForce RTX 3080, 5973, 4079, 10240, 97, 98
2026/07/30 19:31:13.388, 0, NVIDIA GeForce RTX 3080, 5973, 4079, 10240, 97, 98
2026/07/30 19:31:13.500, 0, NVIDIA GeForce RTX 3080, 5973, 4079, 10240, 97, 98
2026/07/30 19:31:13.612, 0, NVIDIA GeForce RTX 3080, 5973, 4079, 10240, 97, 98
2026/07/30 19:31:13.724, 0, NVIDIA GeForce RTX 3080, 5973, 4079, 10240, 97, 98
2026/07/30 19:31:13.836, 0, NVIDIA GeForce RTX 3080, 5973, 4079, 10240, 97, 98
2026/07/30 19:31:13.948, 0, NVIDIA GeForce RTX 3080, 5973, 4079, 10240, 97, 98
2026/07/30 19:31:14.060, 0, NVIDIA GeForce RTX 3080, 5973, 4079, 10240, 97, 98
2026/07/30 19:31:14.172, 0, NVIDIA GeForce RTX 3080, 5973, 4079, 10240, 97, 98
2026/07/30 19:31:14.284, 0, NVIDIA GeForce RTX 3080, 5973, 4079, 10240, 97, 98
2026/07/30 19:31:14.396, 0, NVIDIA GeForce RTX 3080, 5973, 4079, 10240, 97, 98
2026/07/30 19:31:14.508, 0, NVIDIA GeForce RTX 3080, 5973, 4079, 10240, 97, 98
2026/07/30 19:31:14.620, 0, NVIDIA GeForce RTX 3080, 5973, 4079, 10240, 97, 98
2026/07/30 19:31:14.732, 0, NVIDIA GeForce RTX 3080, 5973, 4079, 10240, 97, 98
2026/07/30 19:31:14.844, 0, NVIDIA GeForce RTX 3080, 5973, 4079, 10240, 94, 96
2026/07/30 19:31:14.956, 0, NVIDIA GeForce RTX 3080, 5973, 4079, 10240, 94, 96
2026/07/30 19:31:15.068, 0, NVIDIA GeForce RTX 3080, 5973, 4079, 10240, 94, 96
2026/07/30 19:31:15.178, 0, NVIDIA GeForce RTX 3080, 5973, 4079, 10240, 94, 96
2026/07/30 19:31:15.290, 0, NVIDIA GeForce RTX 3080, 5973, 4079, 10240, 96, 95
2026/07/30 19:31:15.402, 0, NVIDIA GeForce RTX 3080, 5973, 4079, 10240, 96, 95
2026/07/30 19:31:15.514, 0, NVIDIA GeForce RTX 3080, 5973, 4079, 10240, 96, 95
2026/07/30 19:31:15.626, 0, NVIDIA GeForce RTX 3080, 5973, 4079, 10240, 96, 95
2026/07/30 19:31:15.736, 0, NVIDIA GeForce RTX 3080, 5973, 4079, 10240, 98, 98
2026/07/30 19:31:15.847, 0, NVIDIA GeForce RTX 3080, 5973, 4079, 10240, 98, 98
2026/07/30 19:31:15.958, 0, NVIDIA GeForce RTX 3080, 5973, 4079, 10240, 98, 98
2026/07/30 19:31:16.070, 0, NVIDIA GeForce RTX 3080, 5973, 4079, 10240, 98, 98
2026/07/30 19:31:16.182, 0, NVIDIA GeForce RTX 3080, 5973, 4079, 10240, 98, 98
2026/07/30 19:31:16.294, 0, NVIDIA GeForce RTX 3080, 5973, 4079, 10240, 98, 98
2026/07/30 19:31:16.407, 0, NVIDIA GeForce RTX 3080, 5973, 4079, 10240, 98, 98
2026/07/30 19:31:16.519, 0, NVIDIA GeForce RTX 3080, 5973, 4079, 10240, 98, 98
2026/07/30 19:31:16.631, 0, NVIDIA GeForce RTX 3080, 5973, 4079, 10240, 98, 98
2026/07/30 19:31:16.743, 0, NVIDIA GeForce RTX 3080, 5973, 4079, 10240, 96, 98
2026/07/30 19:31:16.855, 0, NVIDIA GeForce RTX 3080, 5973, 4079, 10240, 96, 98
2026/07/30 19:31:16.967, 0, NVIDIA GeForce RTX 3080, 5973, 4079, 10240, 96, 98
2026/07/30 19:31:17.079, 0, NVIDIA GeForce RTX 3080, 5973, 4079, 10240, 96, 98
2026/07/30 19:31:17.191, 0, NVIDIA GeForce RTX 3080, 5973, 4079, 10240, 96, 98
2026/07/30 19:31:17.302, 0, NVIDIA GeForce RTX 3080, 5973, 4079, 10240, 95, 97
2026/07/30 19:31:17.414, 0, NVIDIA GeForce RTX 3080, 5973, 4079, 10240, 95, 97
2026/07/30 19:31:17.526, 0, NVIDIA GeForce RTX 3080, 5973, 4079, 10240, 95, 97
2026/07/30 19:31:17.638, 0, NVIDIA GeForce RTX 3080, 5973, 4079, 10240, 95, 97
2026/07/30 19:31:17.750, 0, NVIDIA GeForce RTX 3080, 5973, 4079, 10240, 94, 96
2026/07/30 19:31:17.862, 0, NVIDIA GeForce RTX 3080, 5973, 4079, 10240, 94, 96
2026/07/30 19:31:17.974, 0, NVIDIA GeForce RTX 3080, 5973, 4079, 10240, 94, 96
2026/07/30 19:31:18.086, 0, NVIDIA GeForce RTX 3080, 5973, 4079, 10240, 94, 96
2026/07/30 19:31:18.198, 0, NVIDIA GeForce RTX 3080, 5973, 4079, 10240, 94, 96
2026/07/30 19:31:18.310, 0, NVIDIA GeForce RTX 3080, 5973, 4079, 10240, 95, 98
2026/07/30 19:31:18.422, 0, NVIDIA GeForce RTX 3080, 5973, 4079, 10240, 95, 98
2026/07/30 19:31:18.534, 0, NVIDIA GeForce RTX 3080, 5973, 4079, 10240, 95, 98
2026/07/30 19:31:18.646, 0, NVIDIA GeForce RTX 3080, 5973, 4079, 10240, 95, 98
2026/07/30 19:31:18.758, 0, NVIDIA GeForce RTX 3080, 5973, 4079, 10240, 97, 98
2026/07/30 19:31:18.870, 0, NVIDIA GeForce RTX 3080, 5973, 4079, 10240, 97, 98
2026/07/30 19:31:18.982, 0, NVIDIA GeForce RTX 3080, 5973, 4079, 10240, 97, 98
2026/07/30 19:31:19.094, 0, NVIDIA GeForce RTX 3080, 5973, 4079, 10240, 97, 98
2026/07/30 19:31:19.206, 0, NVIDIA GeForce RTX 3080, 5973, 4079, 10240, 97, 98
2026/07/30 19:31:19.318, 0, NVIDIA GeForce RTX 3080, 5973, 4079, 10240, 97, 98
2026/07/30 19:31:19.430, 0, NVIDIA GeForce RTX 3080, 5973, 4079, 10240, 97, 98
2026/07/30 19:31:19.542, 0, NVIDIA GeForce RTX 3080, 5973, 4079, 10240, 97, 98
2026/07/30 19:31:19.654, 0, NVIDIA GeForce RTX 3080, 5973, 4079, 10240, 97, 98
2026/07/30 19:31:19.766, 0, NVIDIA GeForce RTX 3080, 5973, 4079, 10240, 97, 98
2026/07/30 19:31:19.878, 0, NVIDIA GeForce RTX 3080, 5973, 4079, 10240, 97, 98
2026/07/30 19:31:19.990, 0, NVIDIA GeForce RTX 3080, 5973, 4079, 10240, 97, 98
2026/07/30 19:31:20.103, 0, NVIDIA GeForce RTX 3080, 5973, 4079, 10240, 97, 98
2026/07/30 19:31:20.215, 0, NVIDIA GeForce RTX 3080, 5973, 4079, 10240, 97, 98
2026/07/30 19:31:20.327, 0, NVIDIA GeForce RTX 3080, 5973, 4079, 10240, 97, 98
2026/07/30 19:31:20.438, 0, NVIDIA GeForce RTX 3080, 5973, 4079, 10240, 97, 98
2026/07/30 19:31:20.548, 0, NVIDIA GeForce RTX 3080, 5973, 4079, 10240, 97, 98
2026/07/30 19:31:20.660, 0, NVIDIA GeForce RTX 3080, 5973, 4079, 10240, 97, 98
2026/07/30 19:31:20.772, 0, NVIDIA GeForce RTX 3080, 5973, 4079, 10240, 96, 98
2026/07/30 19:31:20.884, 0, NVIDIA GeForce RTX 3080, 5973, 4079, 10240, 96, 98
2026/07/30 19:31:20.996, 0, NVIDIA GeForce RTX 3080, 5973, 4079, 10240, 96, 98
2026/07/30 19:31:21.108, 0, NVIDIA GeForce RTX 3080, 5973, 4079, 10240, 96, 98
2026/07/30 19:31:21.220, 0, NVIDIA GeForce RTX 3080, 5973, 4079, 10240, 96, 98
2026/07/30 19:31:21.332, 0, NVIDIA GeForce RTX 3080, 5973, 4079, 10240, 95, 98
2026/07/30 19:31:21.442, 0, NVIDIA GeForce RTX 3080, 5973, 4079, 10240, 95, 98
2026/07/30 19:31:21.553, 0, NVIDIA GeForce RTX 3080, 5973, 4079, 10240, 95, 98
2026/07/30 19:31:21.665, 0, NVIDIA GeForce RTX 3080, 5973, 4079, 10240, 95, 98
2026/07/30 19:31:21.774, 0, NVIDIA GeForce RTX 3080, 5973, 4079, 10240, 95, 98
2026/07/30 19:31:21.881, 0, NVIDIA GeForce RTX 3080, 5973, 4079, 10240, 95, 98
2026/07/30 19:31:21.995, 0, NVIDIA GeForce RTX 3080, 5973, 4079, 10240, 95, 98
2026/07/30 19:31:22.105, 0, NVIDIA GeForce RTX 3080, 5973, 4079, 10240, 95, 98
2026/07/30 19:31:22.213, 0, NVIDIA GeForce RTX 3080, 5973, 4079, 10240, 95, 98
2026/07/30 19:31:22.323, 0, NVIDIA GeForce RTX 3080, 5973, 4079, 10240, 96, 98
2026/07/30 19:31:22.433, 0, NVIDIA GeForce RTX 3080, 5973, 4079, 10240, 96, 98
2026/07/30 19:31:22.544, 0, NVIDIA GeForce RTX 3080, 5973, 4079, 10240, 96, 98
2026/07/30 19:31:22.656, 0, NVIDIA GeForce RTX 3080, 5973, 4079, 10240, 96, 98
2026/07/30 19:31:22.768, 0, NVIDIA GeForce RTX 3080, 5973, 4079, 10240, 93, 96
2026/07/30 19:31:22.879, 0, NVIDIA GeForce RTX 3080, 5973, 4079, 10240, 93, 96
2026/07/30 19:31:22.990, 0, NVIDIA GeForce RTX 3080, 5973, 4079, 10240, 93, 96
2026/07/30 19:31:23.102, 0, NVIDIA GeForce RTX 3080, 5973, 4079, 10240, 93, 96
2026/07/30 19:31:23.213, 0, NVIDIA GeForce RTX 3080, 5973, 4079, 10240, 93, 96
2026/07/30 19:31:23.324, 0, NVIDIA GeForce RTX 3080, 5973, 4079, 10240, 97, 98
2026/07/30 19:31:23.436, 0, NVIDIA GeForce RTX 3080, 5973, 4079, 10240, 97, 98
2026/07/30 19:31:23.548, 0, NVIDIA GeForce RTX 3080, 5973, 4079, 10240, 97, 98
2026/07/30 19:31:23.659, 0, NVIDIA GeForce RTX 3080, 5973, 4079, 10240, 97, 98
2026/07/30 19:31:23.767, 0, NVIDIA GeForce RTX 3080, 5973, 4079, 10240, 96, 98
2026/07/30 19:31:23.876, 0, NVIDIA GeForce RTX 3080, 5973, 4079, 10240, 96, 98
2026/07/30 19:31:23.985, 0, NVIDIA GeForce RTX 3080, 5973, 4079, 10240, 96, 98
2026/07/30 19:31:24.096, 0, NVIDIA GeForce RTX 3080, 5973, 4079, 10240, 96, 98
2026/07/30 19:31:24.205, 0, NVIDIA GeForce RTX 3080, 5973, 4079, 10240, 96, 98
2026/07/30 19:31:24.316, 0, NVIDIA GeForce RTX 3080, 5973, 4079, 10240, 97, 98
2026/07/30 19:31:24.427, 0, NVIDIA GeForce RTX 3080, 5973, 4079, 10240, 97, 98
2026/07/30 19:31:24.539, 0, NVIDIA GeForce RTX 3080, 5973, 4079, 10240, 97, 98
2026/07/30 19:31:24.651, 0, NVIDIA GeForce RTX 3080, 5973, 4079, 10240, 97, 98
2026/07/30 19:31:24.762, 0, NVIDIA GeForce RTX 3080, 5973, 4079, 10240, 98, 98
2026/07/30 19:31:24.873, 0, NVIDIA GeForce RTX 3080, 5973, 4079, 10240, 98, 98
2026/07/30 19:31:24.983, 0, NVIDIA GeForce RTX 3080, 5973, 4079, 10240, 98, 98
2026/07/30 19:31:25.095, 0, NVIDIA GeForce RTX 3080, 5973, 4079, 10240, 98, 98
2026/07/30 19:31:25.206, 0, NVIDIA GeForce RTX 3080, 5973, 4079, 10240, 98, 98
2026/07/30 19:31:25.318, 0, NVIDIA GeForce RTX 3080, 5973, 4079, 10240, 97, 97
2026/07/30 19:31:25.430, 0, NVIDIA GeForce RTX 3080, 5973, 4079, 10240, 97, 97
2026/07/30 19:31:25.542, 0, NVIDIA GeForce RTX 3080, 5973, 4079, 10240, 97, 97
2026/07/30 19:31:25.654, 0, NVIDIA GeForce RTX 3080, 5973, 4079, 10240, 97, 97
2026/07/30 19:31:25.767, 0, NVIDIA GeForce RTX 3080, 5973, 4079, 10240, 98, 98
2026/07/30 19:31:25.879, 0, NVIDIA GeForce RTX 3080, 5973, 4079, 10240, 98, 98
2026/07/30 19:31:25.991, 0, NVIDIA GeForce RTX 3080, 5973, 4079, 10240, 98, 98
2026/07/30 19:31:26.103, 0, NVIDIA GeForce RTX 3080, 5973, 4079, 10240, 98, 98
2026/07/30 19:31:26.215, 0, NVIDIA GeForce RTX 3080, 5973, 4079, 10240, 98, 98
2026/07/30 19:31:26.326, 0, NVIDIA GeForce RTX 3080, 5973, 4079, 10240, 98, 98
2026/07/30 19:31:26.438, 0, NVIDIA GeForce RTX 3080, 5973, 4079, 10240, 98, 98
2026/07/30 19:31:26.549, 0, NVIDIA GeForce RTX 3080, 5973, 4079, 10240, 98, 98
2026/07/30 19:31:26.661, 0, NVIDIA GeForce RTX 3080, 5973, 4079, 10240, 98, 98
2026/07/30 19:31:26.773, 0, NVIDIA GeForce RTX 3080, 5973, 4079, 10240, 96, 98
2026/07/30 19:31:26.884, 0, NVIDIA GeForce RTX 3080, 5973, 4079, 10240, 96, 98
2026/07/30 19:31:26.995, 0, NVIDIA GeForce RTX 3080, 5973, 4079, 10240, 96, 98
2026/07/30 19:31:27.107, 0, NVIDIA GeForce RTX 3080, 5973, 4079, 10240, 96, 98
2026/07/30 19:31:27.217, 0, NVIDIA GeForce RTX 3080, 5973, 4079, 10240, 96, 98
2026/07/30 19:31:27.328, 0, NVIDIA GeForce RTX 3080, 5973, 4079, 10240, 96, 98
2026/07/30 19:31:27.440, 0, NVIDIA GeForce RTX 3080, 5973, 4079, 10240, 96, 98
2026/07/30 19:31:27.552, 0, NVIDIA GeForce RTX 3080, 5973, 4079, 10240, 96, 98
2026/07/30 19:31:27.664, 0, NVIDIA GeForce RTX 3080, 5973, 4079, 10240, 96, 98
2026/07/30 19:31:27.776, 0, NVIDIA GeForce RTX 3080, 5973, 4079, 10240, 96, 98
2026/07/30 19:31:27.888, 0, NVIDIA GeForce RTX 3080, 5973, 4079, 10240, 96, 98
2026/07/30 19:31:28.000, 0, NVIDIA GeForce RTX 3080, 5973, 4079, 10240, 96, 98
2026/07/30 19:31:28.112, 0, NVIDIA GeForce RTX 3080, 5973, 4079, 10240, 96, 98
2026/07/30 19:31:28.224, 0, NVIDIA GeForce RTX 3080, 5973, 4079, 10240, 96, 98
2026/07/30 19:31:28.336, 0, NVIDIA GeForce RTX 3080, 5973, 4079, 10240, 96, 98
2026/07/30 19:31:28.448, 0, NVIDIA GeForce RTX 3080, 5973, 4079, 10240, 96, 98
2026/07/30 19:31:28.560, 0, NVIDIA GeForce RTX 3080, 5973, 4079, 10240, 96, 98
2026/07/30 19:31:28.671, 0, NVIDIA GeForce RTX 3080, 5973, 4079, 10240, 96, 98
2026/07/30 19:31:28.779, 0, NVIDIA GeForce RTX 3080, 5973, 4079, 10240, 97, 97
2026/07/30 19:31:28.889, 0, NVIDIA GeForce RTX 3080, 5973, 4079, 10240, 97, 97
2026/07/30 19:31:28.997, 0, NVIDIA GeForce RTX 3080, 5973, 4079, 10240, 97, 97
2026/07/30 19:31:29.107, 0, NVIDIA GeForce RTX 3080, 5973, 4079, 10240, 97, 97
2026/07/30 19:31:29.218, 0, NVIDIA GeForce RTX 3080, 5973, 4079, 10240, 97, 97
2026/07/30 19:31:29.330, 0, NVIDIA GeForce RTX 3080, 5973, 4079, 10240, 97, 98
2026/07/30 19:31:29.442, 0, NVIDIA GeForce RTX 3080, 5973, 4079, 10240, 97, 98
2026/07/30 19:31:29.554, 0, NVIDIA GeForce RTX 3080, 5973, 4079, 10240, 97, 98
2026/07/30 19:31:29.666, 0, NVIDIA GeForce RTX 3080, 5973, 4079, 10240, 97, 98
2026/07/30 19:31:29.778, 0, NVIDIA GeForce RTX 3080, 5973, 4079, 10240, 97, 98
2026/07/30 19:31:29.889, 0, NVIDIA GeForce RTX 3080, 5973, 4079, 10240, 97, 98
2026/07/30 19:31:30.001, 0, NVIDIA GeForce RTX 3080, 5973, 4079, 10240, 97, 98
2026/07/30 19:31:30.112, 0, NVIDIA GeForce RTX 3080, 5973, 4079, 10240, 97, 98
2026/07/30 19:31:30.223, 0, NVIDIA GeForce RTX 3080, 5973, 4079, 10240, 97, 98
2026/07/30 19:31:30.335, 0, NVIDIA GeForce RTX 3080, 5973, 4079, 10240, 96, 96
2026/07/30 19:31:30.447, 0, NVIDIA GeForce RTX 3080, 5973, 4079, 10240, 96, 96
2026/07/30 19:31:30.559, 0, NVIDIA GeForce RTX 3080, 5973, 4079, 10240, 96, 96
2026/07/30 19:31:30.670, 0, NVIDIA GeForce RTX 3080, 5973, 4079, 10240, 96, 96
2026/07/30 19:31:30.779, 0, NVIDIA GeForce RTX 3080, 5973, 4079, 10240, 95, 98
2026/07/30 19:31:30.891, 0, NVIDIA GeForce RTX 3080, 5973, 4079, 10240, 95, 98
2026/07/30 19:31:31.003, 0, NVIDIA GeForce RTX 3080, 5973, 4079, 10240, 95, 98
2026/07/30 19:31:31.113, 0, NVIDIA GeForce RTX 3080, 5973, 4079, 10240, 95, 98
2026/07/30 19:31:31.225, 0, NVIDIA GeForce RTX 3080, 5973, 4079, 10240, 95, 98
2026/07/30 19:31:31.338, 0, NVIDIA GeForce RTX 3080, 5973, 4079, 10240, 96, 98
2026/07/30 19:31:31.449, 0, NVIDIA GeForce RTX 3080, 5973, 4079, 10240, 96, 98
2026/07/30 19:31:31.561, 0, NVIDIA GeForce RTX 3080, 5973, 4079, 10240, 96, 98
2026/07/30 19:31:31.673, 0, NVIDIA GeForce RTX 3080, 5973, 4079, 10240, 96, 98
2026/07/30 19:31:31.785, 0, NVIDIA GeForce RTX 3080, 5973, 4079, 10240, 95, 98
2026/07/30 19:31:31.897, 0, NVIDIA GeForce RTX 3080, 5973, 4079, 10240, 95, 98
2026/07/30 19:31:32.009, 0, NVIDIA GeForce RTX 3080, 5973, 4079, 10240, 95, 98
2026/07/30 19:31:32.121, 0, NVIDIA GeForce RTX 3080, 5973, 4079, 10240, 95, 98
2026/07/30 19:31:32.233, 0, NVIDIA GeForce RTX 3080, 5973, 4079, 10240, 95, 98
2026/07/30 19:31:32.345, 0, NVIDIA GeForce RTX 3080, 5973, 4079, 10240, 96, 98
2026/07/30 19:31:32.455, 0, NVIDIA GeForce RTX 3080, 5973, 4079, 10240, 96, 98
2026/07/30 19:31:32.567, 0, NVIDIA GeForce RTX 3080, 5973, 4079, 10240, 96, 98
2026/07/30 19:31:32.679, 0, NVIDIA GeForce RTX 3080, 5973, 4079, 10240, 96, 98
2026/07/30 19:31:32.791, 0, NVIDIA GeForce RTX 3080, 5973, 4079, 10240, 97, 98
2026/07/30 19:31:32.902, 0, NVIDIA GeForce RTX 3080, 5973, 4079, 10240, 97, 98
2026/07/30 19:31:33.013, 0, NVIDIA GeForce RTX 3080, 5973, 4079, 10240, 97, 98
2026/07/30 19:31:33.124, 0, NVIDIA GeForce RTX 3080, 5973, 4079, 10240, 97, 98
2026/07/30 19:31:33.235, 0, NVIDIA GeForce RTX 3080, 5973, 4079, 10240, 97, 98
2026/07/30 19:31:33.347, 0, NVIDIA GeForce RTX 3080, 5973, 4079, 10240, 97, 98
2026/07/30 19:31:33.457, 0, NVIDIA GeForce RTX 3080, 5973, 4079, 10240, 97, 98
2026/07/30 19:31:33.569, 0, NVIDIA GeForce RTX 3080, 5973, 4079, 10240, 97, 98
2026/07/30 19:31:33.680, 0, NVIDIA GeForce RTX 3080, 5973, 4079, 10240, 97, 98
2026/07/30 19:31:33.790, 0, NVIDIA GeForce RTX 3080, 5973, 4079, 10240, 97, 98
2026/07/30 19:31:33.901, 0, NVIDIA GeForce RTX 3080, 5973, 4079, 10240, 97, 98
2026/07/30 19:31:34.013, 0, NVIDIA GeForce RTX 3080, 5973, 4079, 10240, 97, 98
2026/07/30 19:31:34.123, 0, NVIDIA GeForce RTX 3080, 5973, 4079, 10240, 97, 98
2026/07/30 19:31:34.234, 0, NVIDIA GeForce RTX 3080, 5973, 4079, 10240, 97, 98
2026/07/30 19:31:34.346, 0, NVIDIA GeForce RTX 3080, 5973, 4079, 10240, 94, 96
2026/07/30 19:31:34.457, 0, NVIDIA GeForce RTX 3080, 5973, 4079, 10240, 94, 96
2026/07/30 19:31:34.569, 0, NVIDIA GeForce RTX 3080, 5973, 4079, 10240, 94, 96
2026/07/30 19:31:34.681, 0, NVIDIA GeForce RTX 3080, 5973, 4079, 10240, 94, 96
2026/07/30 19:31:34.792, 0, NVIDIA GeForce RTX 3080, 5973, 4079, 10240, 98, 98
2026/07/30 19:31:34.904, 0, NVIDIA GeForce RTX 3080, 5973, 4079, 10240, 98, 98
2026/07/30 19:31:35.016, 0, NVIDIA GeForce RTX 3080, 5973, 4079, 10240, 98, 98
2026/07/30 19:31:35.127, 0, NVIDIA GeForce RTX 3080, 5973, 4079, 10240, 98, 98
2026/07/30 19:31:35.238, 0, NVIDIA GeForce RTX 3080, 5973, 4079, 10240, 98, 98
2026/07/30 19:31:35.349, 0, NVIDIA GeForce RTX 3080, 5973, 4079, 10240, 98, 98
2026/07/30 19:31:35.461, 0, NVIDIA GeForce RTX 3080, 5973, 4079, 10240, 98, 98
2026/07/30 19:31:35.573, 0, NVIDIA GeForce RTX 3080, 5973, 4079, 10240, 98, 98
2026/07/30 19:31:35.685, 0, NVIDIA GeForce RTX 3080, 5973, 4079, 10240, 98, 98
2026/07/30 19:31:35.796, 0, NVIDIA GeForce RTX 3080, 5973, 4079, 10240, 98, 98
2026/07/30 19:31:35.908, 0, NVIDIA GeForce RTX 3080, 5973, 4079, 10240, 98, 98
2026/07/30 19:31:36.020, 0, NVIDIA GeForce RTX 3080, 5973, 4079, 10240, 98, 98
2026/07/30 19:31:36.132, 0, NVIDIA GeForce RTX 3080, 5973, 4079, 10240, 98, 98
2026/07/30 19:31:36.244, 0, NVIDIA GeForce RTX 3080, 5973, 4079, 10240, 95, 98
2026/07/30 19:31:36.356, 0, NVIDIA GeForce RTX 3080, 5973, 4079, 10240, 95, 98
2026/07/30 19:31:36.468, 0, NVIDIA GeForce RTX 3080, 5973, 4079, 10240, 95, 98
2026/07/30 19:31:36.580, 0, NVIDIA GeForce RTX 3080, 5973, 4079, 10240, 95, 98
2026/07/30 19:31:36.692, 0, NVIDIA GeForce RTX 3080, 5973, 4079, 10240, 95, 98
2026/07/30 19:31:36.804, 0, NVIDIA GeForce RTX 3080, 5973, 4079, 10240, 95, 98
2026/07/30 19:31:36.916, 0, NVIDIA GeForce RTX 3080, 5973, 4079, 10240, 95, 98
2026/07/30 19:31:37.026, 0, NVIDIA GeForce RTX 3080, 5973, 4079, 10240, 95, 98
2026/07/30 19:31:37.138, 0, NVIDIA GeForce RTX 3080, 5973, 4079, 10240, 95, 98
2026/07/30 19:31:37.250, 0, NVIDIA GeForce RTX 3080, 5973, 4079, 10240, 95, 98
2026/07/30 19:31:37.362, 0, NVIDIA GeForce RTX 3080, 5973, 4079, 10240, 95, 98
2026/07/30 19:31:37.475, 0, NVIDIA GeForce RTX 3080, 5973, 4079, 10240, 95, 98
2026/07/30 19:31:37.587, 0, NVIDIA GeForce RTX 3080, 5973, 4079, 10240, 95, 98
2026/07/30 19:31:37.699, 0, NVIDIA GeForce RTX 3080, 5973, 4079, 10240, 95, 98
2026/07/30 19:31:37.810, 0, NVIDIA GeForce RTX 3080, 5973, 4079, 10240, 94, 97
2026/07/30 19:31:37.922, 0, NVIDIA GeForce RTX 3080, 5973, 4079, 10240, 94, 97
2026/07/30 19:31:38.034, 0, NVIDIA GeForce RTX 3080, 5973, 4079, 10240, 94, 97
2026/07/30 19:31:38.146, 0, NVIDIA GeForce RTX 3080, 5973, 4079, 10240, 94, 97
2026/07/30 19:31:38.258, 0, NVIDIA GeForce RTX 3080, 5973, 4079, 10240, 97, 98
2026/07/30 19:31:38.370, 0, NVIDIA GeForce RTX 3080, 5973, 4079, 10240, 97, 98
2026/07/30 19:31:38.482, 0, NVIDIA GeForce RTX 3080, 5973, 4079, 10240, 97, 98
2026/07/30 19:31:38.594, 0, NVIDIA GeForce RTX 3080, 5973, 4079, 10240, 97, 98
2026/07/30 19:31:38.706, 0, NVIDIA GeForce RTX 3080, 5973, 4079, 10240, 97, 98
2026/07/30 19:31:38.818, 0, NVIDIA GeForce RTX 3080, 5973, 4079, 10240, 97, 98
2026/07/30 19:31:38.930, 0, NVIDIA GeForce RTX 3080, 5973, 4079, 10240, 97, 98
2026/07/30 19:31:39.042, 0, NVIDIA GeForce RTX 3080, 5973, 4079, 10240, 97, 98
2026/07/30 19:31:39.154, 0, NVIDIA GeForce RTX 3080, 5973, 4079, 10240, 97, 98
2026/07/30 19:31:39.265, 0, NVIDIA GeForce RTX 3080, 5973, 4079, 10240, 96, 96
2026/07/30 19:31:39.376, 0, NVIDIA GeForce RTX 3080, 5973, 4079, 10240, 96, 96
2026/07/30 19:31:39.488, 0, NVIDIA GeForce RTX 3080, 5973, 4079, 10240, 96, 96
2026/07/30 19:31:39.599, 0, NVIDIA GeForce RTX 3080, 5973, 4079, 10240, 96, 96
2026/07/30 19:31:39.710, 0, NVIDIA GeForce RTX 3080, 5973, 4079, 10240, 96, 96
2026/07/30 19:31:39.822, 0, NVIDIA GeForce RTX 3080, 5973, 4079, 10240, 97, 98
2026/07/30 19:31:39.934, 0, NVIDIA GeForce RTX 3080, 5973, 4079, 10240, 97, 98
2026/07/30 19:31:40.045, 0, NVIDIA GeForce RTX 3080, 5973, 4079, 10240, 97, 98
2026/07/30 19:31:40.157, 0, NVIDIA GeForce RTX 3080, 5973, 4079, 10240, 97, 98
2026/07/30 19:31:40.269, 0, NVIDIA GeForce RTX 3080, 5973, 4079, 10240, 95, 98
2026/07/30 19:31:40.379, 0, NVIDIA GeForce RTX 3080, 5973, 4079, 10240, 95, 98
2026/07/30 19:31:40.491, 0, NVIDIA GeForce RTX 3080, 5973, 4079, 10240, 95, 98
2026/07/30 19:31:40.603, 0, NVIDIA GeForce RTX 3080, 5973, 4079, 10240, 95, 98
2026/07/30 19:31:40.716, 0, NVIDIA GeForce RTX 3080, 5973, 4079, 10240, 95, 98
2026/07/30 19:31:40.828, 0, NVIDIA GeForce RTX 3080, 5973, 4079, 10240, 96, 98
2026/07/30 19:31:40.939, 0, NVIDIA GeForce RTX 3080, 5973, 4079, 10240, 96, 98
2026/07/30 19:31:41.051, 0, NVIDIA GeForce RTX 3080, 5973, 4079, 10240, 96, 98
2026/07/30 19:31:41.163, 0, NVIDIA GeForce RTX 3080, 5973, 4079, 10240, 96, 98
2026/07/30 19:31:41.275, 0, NVIDIA GeForce RTX 3080, 5973, 4079, 10240, 95, 98
2026/07/30 19:31:41.387, 0, NVIDIA GeForce RTX 3080, 5973, 4079, 10240, 95, 98
2026/07/30 19:31:41.499, 0, NVIDIA GeForce RTX 3080, 5973, 4079, 10240, 95, 98
2026/07/30 19:31:41.611, 0, NVIDIA GeForce RTX 3080, 5973, 4079, 10240, 95, 98
2026/07/30 19:31:41.722, 0, NVIDIA GeForce RTX 3080, 5973, 4079, 10240, 95, 98
2026/07/30 19:31:41.831, 0, NVIDIA GeForce RTX 3080, 5973, 4079, 10240, 95, 97
2026/07/30 19:31:41.940, 0, NVIDIA GeForce RTX 3080, 5973, 4079, 10240, 95, 97
2026/07/30 19:31:42.048, 0, NVIDIA GeForce RTX 3080, 5973, 4079, 10240, 95, 97
2026/07/30 19:31:42.158, 0, NVIDIA GeForce RTX 3080, 5973, 4079, 10240, 95, 97
2026/07/30 19:31:42.268, 0, NVIDIA GeForce RTX 3080, 5973, 4079, 10240, 96, 98
2026/07/30 19:31:42.377, 0, NVIDIA GeForce RTX 3080, 5973, 4079, 10240, 96, 98
2026/07/30 19:31:42.489, 0, NVIDIA GeForce RTX 3080, 5973, 4079, 10240, 96, 98
2026/07/30 19:31:42.600, 0, NVIDIA GeForce RTX 3080, 5973, 4079, 10240, 96, 98
2026/07/30 19:31:42.712, 0, NVIDIA GeForce RTX 3080, 5973, 4079, 10240, 96, 98
2026/07/30 19:31:42.824, 0, NVIDIA GeForce RTX 3080, 5973, 4079, 10240, 97, 98
2026/07/30 19:31:42.936, 0, NVIDIA GeForce RTX 3080, 5973, 4079, 10240, 97, 98
2026/07/30 19:31:43.048, 0, NVIDIA GeForce RTX 3080, 5973, 4079, 10240, 97, 98
2026/07/30 19:31:43.159, 0, NVIDIA GeForce RTX 3080, 5973, 4079, 10240, 97, 98
2026/07/30 19:31:43.271, 0, NVIDIA GeForce RTX 3080, 5973, 4079, 10240, 97, 98
2026/07/30 19:31:43.382, 0, NVIDIA GeForce RTX 3080, 5973, 4079, 10240, 97, 98
2026/07/30 19:31:43.493, 0, NVIDIA GeForce RTX 3080, 5973, 4079, 10240, 97, 98
2026/07/30 19:31:43.604, 0, NVIDIA GeForce RTX 3080, 5973, 4079, 10240, 97, 98
2026/07/30 19:31:43.715, 0, NVIDIA GeForce RTX 3080, 5973, 4079, 10240, 97, 98
2026/07/30 19:31:43.825, 0, NVIDIA GeForce RTX 3080, 5973, 4079, 10240, 97, 98
2026/07/30 19:31:43.932, 0, NVIDIA GeForce RTX 3080, 5973, 4079, 10240, 97, 98
2026/07/30 19:31:44.042, 0, NVIDIA GeForce RTX 3080, 5973, 4079, 10240, 97, 98
2026/07/30 19:31:44.152, 0, NVIDIA GeForce RTX 3080, 5973, 4079, 10240, 97, 98
2026/07/30 19:31:44.265, 0, NVIDIA GeForce RTX 3080, 5973, 4079, 10240, 97, 97
2026/07/30 19:31:44.376, 0, NVIDIA GeForce RTX 3080, 5973, 4079, 10240, 97, 97
2026/07/30 19:31:44.488, 0, NVIDIA GeForce RTX 3080, 5973, 4079, 10240, 97, 97
2026/07/30 19:31:44.600, 0, NVIDIA GeForce RTX 3080, 5973, 4079, 10240, 97, 97
2026/07/30 19:31:44.711, 0, NVIDIA GeForce RTX 3080, 5973, 4079, 10240, 97, 97
2026/07/30 19:31:44.823, 0, NVIDIA GeForce RTX 3080, 5973, 4079, 10240, 98, 98
2026/07/30 19:31:44.933, 0, NVIDIA GeForce RTX 3080, 5973, 4079, 10240, 98, 98
2026/07/30 19:31:45.045, 0, NVIDIA GeForce RTX 3080, 5973, 4079, 10240, 98, 98
2026/07/30 19:31:45.157, 0, NVIDIA GeForce RTX 3080, 5973, 4079, 10240, 98, 98
2026/07/30 19:31:45.269, 0, NVIDIA GeForce RTX 3080, 5973, 4079, 10240, 98, 98
2026/07/30 19:31:45.381, 0, NVIDIA GeForce RTX 3080, 5973, 4079, 10240, 98, 98
2026/07/30 19:31:45.492, 0, NVIDIA GeForce RTX 3080, 5973, 4079, 10240, 98, 98
2026/07/30 19:31:45.604, 0, NVIDIA GeForce RTX 3080, 5973, 4079, 10240, 98, 98
2026/07/30 19:31:45.716, 0, NVIDIA GeForce RTX 3080, 5973, 4079, 10240, 98, 98
2026/07/30 19:31:45.827, 0, NVIDIA GeForce RTX 3080, 5973, 4079, 10240, 97, 97
2026/07/30 19:31:45.939, 0, NVIDIA GeForce RTX 3080, 5973, 4079, 10240, 97, 97
2026/07/30 19:31:46.051, 0, NVIDIA GeForce RTX 3080, 5973, 4079, 10240, 97, 97
2026/07/30 19:31:46.163, 0, NVIDIA GeForce RTX 3080, 5973, 4079, 10240, 97, 97
2026/07/30 19:31:46.275, 0, NVIDIA GeForce RTX 3080, 5973, 4079, 10240, 95, 97
2026/07/30 19:31:46.384, 0, NVIDIA GeForce RTX 3080, 5973, 4079, 10240, 95, 97
2026/07/30 19:31:46.496, 0, NVIDIA GeForce RTX 3080, 5973, 4079, 10240, 95, 97
2026/07/30 19:31:46.608, 0, NVIDIA GeForce RTX 3080, 5973, 4079, 10240, 95, 97
2026/07/30 19:31:46.720, 0, NVIDIA GeForce RTX 3080, 5973, 4079, 10240, 95, 97
2026/07/30 19:31:46.832, 0, NVIDIA GeForce RTX 3080, 5973, 4079, 10240, 96, 98
2026/07/30 19:31:46.945, 0, NVIDIA GeForce RTX 3080, 5973, 4079, 10240, 96, 98
2026/07/30 19:31:47.057, 0, NVIDIA GeForce RTX 3080, 5973, 4079, 10240, 96, 98
2026/07/30 19:31:47.169, 0, NVIDIA GeForce RTX 3080, 5973, 4079, 10240, 96, 98
2026/07/30 19:31:47.281, 0, NVIDIA GeForce RTX 3080, 5973, 4079, 10240, 95, 98
2026/07/30 19:31:47.392, 0, NVIDIA GeForce RTX 3080, 5973, 4079, 10240, 95, 98
2026/07/30 19:31:47.503, 0, NVIDIA GeForce RTX 3080, 5973, 4079, 10240, 95, 98
2026/07/30 19:31:47.614, 0, NVIDIA GeForce RTX 3080, 5973, 4079, 10240, 95, 98
2026/07/30 19:31:47.726, 0, NVIDIA GeForce RTX 3080, 5973, 4079, 10240, 95, 98
2026/07/30 19:31:47.837, 0, NVIDIA GeForce RTX 3080, 5973, 4079, 10240, 95, 98
2026/07/30 19:31:47.949, 0, NVIDIA GeForce RTX 3080, 5973, 4079, 10240, 95, 98
2026/07/30 19:31:48.061, 0, NVIDIA GeForce RTX 3080, 5973, 4079, 10240, 95, 98
2026/07/30 19:31:48.173, 0, NVIDIA GeForce RTX 3080, 5973, 4079, 10240, 95, 98
2026/07/30 19:31:48.284, 0, NVIDIA GeForce RTX 3080, 5973, 4079, 10240, 97, 98
2026/07/30 19:31:48.395, 0, NVIDIA GeForce RTX 3080, 5973, 4079, 10240, 97, 98
2026/07/30 19:31:48.507, 0, NVIDIA GeForce RTX 3080, 5973, 4079, 10240, 97, 98
2026/07/30 19:31:48.619, 0, NVIDIA GeForce RTX 3080, 5973, 4079, 10240, 97, 98
2026/07/30 19:31:48.729, 0, NVIDIA GeForce RTX 3080, 5973, 4079, 10240, 97, 98
2026/07/30 19:31:48.838, 0, NVIDIA GeForce RTX 3080, 5973, 4079, 10240, 97, 98
2026/07/30 19:31:48.947, 0, NVIDIA GeForce RTX 3080, 5973, 4079, 10240, 97, 98
2026/07/30 19:31:49.057, 0, NVIDIA GeForce RTX 3080, 5973, 4079, 10240, 97, 98
2026/07/30 19:31:49.169, 0, NVIDIA GeForce RTX 3080, 5973, 4079, 10240, 97, 98
2026/07/30 19:31:49.281, 0, NVIDIA GeForce RTX 3080, 5973, 4079, 10240, 97, 98
2026/07/30 19:31:49.392, 0, NVIDIA GeForce RTX 3080, 5973, 4079, 10240, 97, 98
2026/07/30 19:31:49.504, 0, NVIDIA GeForce RTX 3080, 5973, 4079, 10240, 97, 98
2026/07/30 19:31:49.616, 0, NVIDIA GeForce RTX 3080, 5973, 4079, 10240, 97, 98
2026/07/30 19:31:49.727, 0, NVIDIA GeForce RTX 3080, 5973, 4079, 10240, 97, 98
2026/07/30 19:31:49.838, 0, NVIDIA GeForce RTX 3080, 5973, 4079, 10240, 96, 96
2026/07/30 19:31:49.950, 0, NVIDIA GeForce RTX 3080, 5973, 4079, 10240, 96, 96
2026/07/30 19:31:50.062, 0, NVIDIA GeForce RTX 3080, 5973, 4079, 10240, 96, 96
2026/07/30 19:31:50.174, 0, NVIDIA GeForce RTX 3080, 5973, 4079, 10240, 96, 96
2026/07/30 19:31:50.286, 0, NVIDIA GeForce RTX 3080, 5973, 4079, 10240, 95, 98
2026/07/30 19:31:50.397, 0, NVIDIA GeForce RTX 3080, 5973, 4079, 10240, 95, 98
2026/07/30 19:31:50.509, 0, NVIDIA GeForce RTX 3080, 5973, 4079, 10240, 95, 98
2026/07/30 19:31:50.620, 0, NVIDIA GeForce RTX 3080, 5973, 4079, 10240, 95, 98
2026/07/30 19:31:50.732, 0, NVIDIA GeForce RTX 3080, 5973, 4079, 10240, 95, 98
2026/07/30 19:31:50.843, 0, NVIDIA GeForce RTX 3080, 5973, 4079, 10240, 95, 98
2026/07/30 19:31:50.954, 0, NVIDIA GeForce RTX 3080, 5973, 4079, 10240, 95, 98
2026/07/30 19:31:51.066, 0, NVIDIA GeForce RTX 3080, 5973, 4079, 10240, 95, 98
2026/07/30 19:31:51.178, 0, NVIDIA GeForce RTX 3080, 5973, 4079, 10240, 95, 98
2026/07/30 19:31:51.290, 0, NVIDIA GeForce RTX 3080, 5973, 4079, 10240, 95, 98
2026/07/30 19:31:51.402, 0, NVIDIA GeForce RTX 3080, 5973, 4079, 10240, 95, 98
2026/07/30 19:31:51.514, 0, NVIDIA GeForce RTX 3080, 5973, 4079, 10240, 95, 98
2026/07/30 19:31:51.625, 0, NVIDIA GeForce RTX 3080, 5973, 4079, 10240, 95, 98
2026/07/30 19:31:51.737, 0, NVIDIA GeForce RTX 3080, 5973, 4079, 10240, 95, 97
2026/07/30 19:31:51.849, 0, NVIDIA GeForce RTX 3080, 5973, 4079, 10240, 95, 97
2026/07/30 19:31:51.960, 0, NVIDIA GeForce RTX 3080, 5973, 4079, 10240, 95, 97
2026/07/30 19:31:52.072, 0, NVIDIA GeForce RTX 3080, 5973, 4079, 10240, 95, 97
2026/07/30 19:31:52.184, 0, NVIDIA GeForce RTX 3080, 5973, 4079, 10240, 95, 97
2026/07/30 19:31:52.297, 0, NVIDIA GeForce RTX 3080, 5973, 4079, 10240, 97, 98
2026/07/30 19:31:52.407, 0, NVIDIA GeForce RTX 3080, 5973, 4079, 10240, 97, 98
2026/07/30 19:31:52.518, 0, NVIDIA GeForce RTX 3080, 5973, 4079, 10240, 97, 98
2026/07/30 19:31:52.630, 0, NVIDIA GeForce RTX 3080, 5973, 4079, 10240, 97, 98
2026/07/30 19:31:52.741, 0, NVIDIA GeForce RTX 3080, 5973, 4079, 10240, 97, 98
2026/07/30 19:31:52.853, 0, NVIDIA GeForce RTX 3080, 5973, 4079, 10240, 97, 98
2026/07/30 19:31:52.965, 0, NVIDIA GeForce RTX 3080, 5973, 4079, 10240, 97, 98
2026/07/30 19:31:53.075, 0, NVIDIA GeForce RTX 3080, 5973, 4079, 10240, 97, 98
2026/07/30 19:31:53.185, 0, NVIDIA GeForce RTX 3080, 5973, 4079, 10240, 97, 98
2026/07/30 19:31:53.296, 0, NVIDIA GeForce RTX 3080, 5973, 4079, 10240, 96, 97
2026/07/30 19:31:53.408, 0, NVIDIA GeForce RTX 3080, 5973, 4079, 10240, 96, 97
2026/07/30 19:31:53.520, 0, NVIDIA GeForce RTX 3080, 5973, 4079, 10240, 96, 97
2026/07/30 19:31:53.632, 0, NVIDIA GeForce RTX 3080, 5973, 4079, 10240, 96, 97
2026/07/30 19:31:53.744, 0, NVIDIA GeForce RTX 3080, 5973, 4079, 10240, 95, 96
2026/07/30 19:31:53.854, 0, NVIDIA GeForce RTX 3080, 5973, 4079, 10240, 95, 96
2026/07/30 19:31:53.966, 0, NVIDIA GeForce RTX 3080, 5973, 4079, 10240, 95, 96
2026/07/30 19:31:54.077, 0, NVIDIA GeForce RTX 3080, 5973, 4079, 10240, 95, 96
2026/07/30 19:31:54.190, 0, NVIDIA GeForce RTX 3080, 5973, 4079, 10240, 95, 96
2026/07/30 19:31:54.302, 0, NVIDIA GeForce RTX 3080, 5973, 4079, 10240, 98, 98
2026/07/30 19:31:54.413, 0, NVIDIA GeForce RTX 3080, 5973, 4079, 10240, 98, 98
2026/07/30 19:31:54.523, 0, NVIDIA GeForce RTX 3080, 5973, 4079, 10240, 98, 98
2026/07/30 19:31:54.635, 0, NVIDIA GeForce RTX 3080, 5973, 4079, 10240, 98, 98
2026/07/30 19:31:54.747, 0, NVIDIA GeForce RTX 3080, 5973, 4079, 10240, 98, 98
2026/07/30 19:31:54.858, 0, NVIDIA GeForce RTX 3080, 5973, 4079, 10240, 98, 98
2026/07/30 19:31:54.970, 0, NVIDIA GeForce RTX 3080, 5973, 4079, 10240, 98, 98
2026/07/30 19:31:55.082, 0, NVIDIA GeForce RTX 3080, 5973, 4079, 10240, 98, 98
2026/07/30 19:31:55.194, 0, NVIDIA GeForce RTX 3080, 5973, 4079, 10240, 98, 98
2026/07/30 19:31:55.306, 0, NVIDIA GeForce RTX 3080, 5973, 4079, 10240, 98, 98
2026/07/30 19:31:55.418, 0, NVIDIA GeForce RTX 3080, 5973, 4079, 10240, 98, 98
2026/07/30 19:31:55.530, 0, NVIDIA GeForce RTX 3080, 5973, 4079, 10240, 98, 98
2026/07/30 19:31:55.642, 0, NVIDIA GeForce RTX 3080, 5973, 4079, 10240, 98, 98
2026/07/30 19:31:55.754, 0, NVIDIA GeForce RTX 3080, 5973, 4079, 10240, 96, 98
2026/07/30 19:31:55.866, 0, NVIDIA GeForce RTX 3080, 5973, 4079, 10240, 96, 98
2026/07/30 19:31:55.978, 0, NVIDIA GeForce RTX 3080, 5973, 4079, 10240, 96, 98
2026/07/30 19:31:56.090, 0, NVIDIA GeForce RTX 3080, 5973, 4079, 10240, 96, 98
2026/07/30 19:31:56.202, 0, NVIDIA GeForce RTX 3080, 5973, 4079, 10240, 96, 98
2026/07/30 19:31:56.314, 0, NVIDIA GeForce RTX 3080, 5973, 4079, 10240, 95, 98
2026/07/30 19:31:56.426, 0, NVIDIA GeForce RTX 3080, 5973, 4079, 10240, 95, 98
2026/07/30 19:31:56.537, 0, NVIDIA GeForce RTX 3080, 5973, 4079, 10240, 95, 98
2026/07/30 19:31:56.649, 0, NVIDIA GeForce RTX 3080, 5973, 4079, 10240, 95, 98
2026/07/30 19:31:56.760, 0, NVIDIA GeForce RTX 3080, 5973, 4079, 10240, 96, 98
2026/07/30 19:31:56.869, 0, NVIDIA GeForce RTX 3080, 5973, 4079, 10240, 96, 98
2026/07/30 19:31:56.979, 0, NVIDIA GeForce RTX 3080, 5973, 4079, 10240, 96, 98
2026/07/30 19:31:57.090, 0, NVIDIA GeForce RTX 3080, 5973, 4079, 10240, 96, 98
2026/07/30 19:31:57.199, 0, NVIDIA GeForce RTX 3080, 5973, 4079, 10240, 96, 98
2026/07/30 19:31:57.307, 0, NVIDIA GeForce RTX 3080, 5973, 4079, 10240, 95, 97
2026/07/30 19:31:57.417, 0, NVIDIA GeForce RTX 3080, 5973, 4079, 10240, 95, 97
2026/07/30 19:31:57.528, 0, NVIDIA GeForce RTX 3080, 5973, 4079, 10240, 95, 97
2026/07/30 19:31:57.640, 0, NVIDIA GeForce RTX 3080, 5973, 4079, 10240, 95, 97
2026/07/30 19:31:57.752, 0, NVIDIA GeForce RTX 3080, 5973, 4079, 10240, 97, 98
2026/07/30 19:31:57.864, 0, NVIDIA GeForce RTX 3080, 5973, 4079, 10240, 97, 98
2026/07/30 19:31:57.976, 0, NVIDIA GeForce RTX 3080, 5973, 4079, 10240, 97, 98
2026/07/30 19:31:58.088, 0, NVIDIA GeForce RTX 3080, 5973, 4079, 10240, 97, 98
2026/07/30 19:31:58.200, 0, NVIDIA GeForce RTX 3080, 5973, 4079, 10240, 97, 98
2026/07/30 19:31:58.312, 0, NVIDIA GeForce RTX 3080, 5973, 4079, 10240, 97, 98
2026/07/30 19:31:58.424, 0, NVIDIA GeForce RTX 3080, 5973, 4079, 10240, 97, 98
2026/07/30 19:31:58.536, 0, NVIDIA GeForce RTX 3080, 5973, 4079, 10240, 97, 98
2026/07/30 19:31:58.648, 0, NVIDIA GeForce RTX 3080, 5973, 4079, 10240, 97, 98
2026/07/30 19:31:58.760, 0, NVIDIA GeForce RTX 3080, 5973, 4079, 10240, 95, 96
2026/07/30 19:31:58.870, 0, NVIDIA GeForce RTX 3080, 5973, 4079, 10240, 95, 96
2026/07/30 19:31:58.981, 0, NVIDIA GeForce RTX 3080, 5973, 4079, 10240, 95, 96
2026/07/30 19:31:59.093, 0, NVIDIA GeForce RTX 3080, 5973, 4079, 10240, 95, 96
2026/07/30 19:31:59.205, 0, NVIDIA GeForce RTX 3080, 5973, 4079, 10240, 95, 96
2026/07/30 19:31:59.317, 0, NVIDIA GeForce RTX 3080, 5973, 4079, 10240, 97, 98
2026/07/30 19:31:59.428, 0, NVIDIA GeForce RTX 3080, 5973, 4079, 10240, 97, 98
2026/07/30 19:31:59.539, 0, NVIDIA GeForce RTX 3080, 5973, 4079, 10240, 97, 98
2026/07/30 19:31:59.650, 0, NVIDIA GeForce RTX 3080, 5973, 4079, 10240, 97, 98
2026/07/30 19:31:59.762, 0, NVIDIA GeForce RTX 3080, 5973, 4079, 10240, 96, 98
2026/07/30 19:31:59.873, 0, NVIDIA GeForce RTX 3080, 5973, 4079, 10240, 96, 98
2026/07/30 19:31:59.985, 0, NVIDIA GeForce RTX 3080, 5973, 4079, 10240, 96, 98
2026/07/30 19:32:00.096, 0, NVIDIA GeForce RTX 3080, 5973, 4079, 10240, 96, 98
2026/07/30 19:32:00.208, 0, NVIDIA GeForce RTX 3080, 5973, 4079, 10240, 96, 98
2026/07/30 19:32:00.321, 0, NVIDIA GeForce RTX 3080, 5973, 4079, 10240, 96, 98
2026/07/30 19:32:00.433, 0, NVIDIA GeForce RTX 3080, 5973, 4079, 10240, 96, 98
2026/07/30 19:32:00.545, 0, NVIDIA GeForce RTX 3080, 5973, 4079, 10240, 96, 98
2026/07/30 19:32:00.656, 0, NVIDIA GeForce RTX 3080, 5973, 4079, 10240, 96, 98
2026/07/30 19:32:00.768, 0, NVIDIA GeForce RTX 3080, 5973, 4079, 10240, 95, 97
2026/07/30 19:32:00.880, 0, NVIDIA GeForce RTX 3080, 5973, 4079, 10240, 95, 97
2026/07/30 19:32:00.992, 0, NVIDIA GeForce RTX 3080, 5973, 4079, 10240, 95, 97
2026/07/30 19:32:01.104, 0, NVIDIA GeForce RTX 3080, 5973, 4079, 10240, 95, 97
2026/07/30 19:32:01.216, 0, NVIDIA GeForce RTX 3080, 5973, 4079, 10240, 95, 97
2026/07/30 19:32:01.328, 0, NVIDIA GeForce RTX 3080, 5973, 4079, 10240, 96, 98
2026/07/30 19:32:01.440, 0, NVIDIA GeForce RTX 3080, 5973, 4079, 10240, 96, 98
2026/07/30 19:32:01.552, 0, NVIDIA GeForce RTX 3080, 5973, 4079, 10240, 96, 98
2026/07/30 19:32:01.664, 0, NVIDIA GeForce RTX 3080, 5973, 4079, 10240, 96, 98
2026/07/30 19:32:01.776, 0, NVIDIA GeForce RTX 3080, 5973, 4079, 10240, 97, 98
2026/07/30 19:32:01.885, 0, NVIDIA GeForce RTX 3080, 5973, 4079, 10240, 97, 98
2026/07/30 19:32:01.994, 0, NVIDIA GeForce RTX 3080, 5973, 4079, 10240, 97, 98
2026/07/30 19:32:02.104, 0, NVIDIA GeForce RTX 3080, 5973, 4079, 10240, 97, 98
2026/07/30 19:32:02.214, 0, NVIDIA GeForce RTX 3080, 5973, 4079, 10240, 97, 98
2026/07/30 19:32:02.322, 0, NVIDIA GeForce RTX 3080, 5973, 4079, 10240, 97, 98
2026/07/30 19:32:02.432, 0, NVIDIA GeForce RTX 3080, 5973, 4079, 10240, 97, 98
2026/07/30 19:32:02.543, 0, NVIDIA GeForce RTX 3080, 5973, 4079, 10240, 97, 98
2026/07/30 19:32:02.654, 0, NVIDIA GeForce RTX 3080, 5973, 4079, 10240, 97, 98
2026/07/30 19:32:02.766, 0, NVIDIA GeForce RTX 3080, 5973, 4079, 10240, 97, 98
2026/07/30 19:32:02.878, 0, NVIDIA GeForce RTX 3080, 5973, 4079, 10240, 97, 98
2026/07/30 19:32:02.990, 0, NVIDIA GeForce RTX 3080, 5973, 4079, 10240, 97, 98
2026/07/30 19:32:03.102, 0, NVIDIA GeForce RTX 3080, 5973, 4079, 10240, 97, 98
2026/07/30 19:32:03.214, 0, NVIDIA GeForce RTX 3080, 5973, 4079, 10240, 97, 98
2026/07/30 19:32:03.325, 0, NVIDIA GeForce RTX 3080, 5973, 4079, 10240, 97, 98
2026/07/30 19:32:03.438, 0, NVIDIA GeForce RTX 3080, 5973, 4079, 10240, 97, 98
2026/07/30 19:32:03.550, 0, NVIDIA GeForce RTX 3080, 5973, 4079, 10240, 97, 98
2026/07/30 19:32:03.662, 0, NVIDIA GeForce RTX 3080, 5973, 4079, 10240, 97, 98
2026/07/30 19:32:03.773, 0, NVIDIA GeForce RTX 3080, 5973, 4079, 10240, 98, 98
2026/07/30 19:32:03.882, 0, NVIDIA GeForce RTX 3080, 5973, 4079, 10240, 98, 98
2026/07/30 19:32:03.991, 0, NVIDIA GeForce RTX 3080, 5973, 4079, 10240, 98, 98
2026/07/30 19:32:04.102, 0, NVIDIA GeForce RTX 3080, 5973, 4079, 10240, 98, 98
2026/07/30 19:32:04.213, 0, NVIDIA GeForce RTX 3080, 5973, 4079, 10240, 98, 98
2026/07/30 19:32:04.324, 0, NVIDIA GeForce RTX 3080, 5973, 4079, 10240, 98, 98
2026/07/30 19:32:04.436, 0, NVIDIA GeForce RTX 3080, 5973, 4079, 10240, 98, 98
2026/07/30 19:32:04.548, 0, NVIDIA GeForce RTX 3080, 5973, 4079, 10240, 98, 98
2026/07/30 19:32:04.660, 0, NVIDIA GeForce RTX 3080, 5973, 4079, 10240, 98, 98
2026/07/30 19:32:04.773, 0, NVIDIA GeForce RTX 3080, 5973, 4079, 10240, 96, 96
2026/07/30 19:32:04.884, 0, NVIDIA GeForce RTX 3080, 5973, 4079, 10240, 96, 96
2026/07/30 19:32:04.995, 0, NVIDIA GeForce RTX 3080, 5973, 4079, 10240, 96, 96
2026/07/30 19:32:05.107, 0, NVIDIA GeForce RTX 3080, 5973, 4079, 10240, 96, 96
2026/07/30 19:32:05.219, 0, NVIDIA GeForce RTX 3080, 5973, 4079, 10240, 96, 96
2026/07/30 19:32:05.331, 0, NVIDIA GeForce RTX 3080, 5973, 4079, 10240, 98, 97
2026/07/30 19:32:05.443, 0, NVIDIA GeForce RTX 3080, 5973, 4079, 10240, 98, 97
2026/07/30 19:32:05.555, 0, NVIDIA GeForce RTX 3080, 5973, 4079, 10240, 98, 97
2026/07/30 19:32:05.667, 0, NVIDIA GeForce RTX 3080, 5973, 4079, 10240, 98, 97
2026/07/30 19:32:05.778, 0, NVIDIA GeForce RTX 3080, 5973, 4079, 10240, 96, 98
2026/07/30 19:32:05.890, 0, NVIDIA GeForce RTX 3080, 5973, 4079, 10240, 96, 98
2026/07/30 19:32:06.002, 0, NVIDIA GeForce RTX 3080, 5973, 4079, 10240, 96, 98
2026/07/30 19:32:06.114, 0, NVIDIA GeForce RTX 3080, 5973, 4079, 10240, 96, 98
2026/07/30 19:32:06.227, 0, NVIDIA GeForce RTX 3080, 5973, 4079, 10240, 96, 98
2026/07/30 19:32:06.338, 0, NVIDIA GeForce RTX 3080, 5973, 4079, 10240, 96, 98
2026/07/30 19:32:06.449, 0, NVIDIA GeForce RTX 3080, 5973, 4079, 10240, 96, 98
2026/07/30 19:32:06.560, 0, NVIDIA GeForce RTX 3080, 5973, 4079, 10240, 96, 98
2026/07/30 19:32:06.672, 0, NVIDIA GeForce RTX 3080, 5973, 4079, 10240, 96, 98
2026/07/30 19:32:06.784, 0, NVIDIA GeForce RTX 3080, 5973, 4079, 10240, 95, 97
2026/07/30 19:32:06.896, 0, NVIDIA GeForce RTX 3080, 5973, 4079, 10240, 95, 97
2026/07/30 19:32:07.008, 0, NVIDIA GeForce RTX 3080, 5973, 4079, 10240, 95, 97
2026/07/30 19:32:07.120, 0, NVIDIA GeForce RTX 3080, 5973, 4079, 10240, 95, 97
2026/07/30 19:32:07.232, 0, NVIDIA GeForce RTX 3080, 5973, 4079, 10240, 95, 97
2026/07/30 19:32:07.344, 0, NVIDIA GeForce RTX 3080, 5973, 4079, 10240, 95, 98
2026/07/30 19:32:07.456, 0, NVIDIA GeForce RTX 3080, 5973, 4079, 10240, 95, 98
2026/07/30 19:32:07.567, 0, NVIDIA GeForce RTX 3080, 5973, 4079, 10240, 95, 98
2026/07/30 19:32:07.679, 0, NVIDIA GeForce RTX 3080, 5973, 4079, 10240, 95, 98
2026/07/30 19:32:07.791, 0, NVIDIA GeForce RTX 3080, 5973, 4079, 10240, 97, 98
2026/07/30 19:32:07.902, 0, NVIDIA GeForce RTX 3080, 5973, 4079, 10240, 97, 98
2026/07/30 19:32:08.014, 0, NVIDIA GeForce RTX 3080, 5973, 4079, 10240, 97, 98
2026/07/30 19:32:08.126, 0, NVIDIA GeForce RTX 3080, 5973, 4079, 10240, 97, 98
2026/07/30 19:32:08.238, 0, NVIDIA GeForce RTX 3080, 5973, 4079, 10240, 97, 97
2026/07/30 19:32:08.349, 0, NVIDIA GeForce RTX 3080, 5973, 4079, 10240, 97, 97
2026/07/30 19:32:08.461, 0, NVIDIA GeForce RTX 3080, 5973, 4079, 10240, 97, 97
2026/07/30 19:32:08.571, 0, NVIDIA GeForce RTX 3080, 5973, 4079, 10240, 97, 97
2026/07/30 19:32:08.683, 0, NVIDIA GeForce RTX 3080, 5973, 4079, 10240, 97, 97
2026/07/30 19:32:08.794, 0, NVIDIA GeForce RTX 3080, 5973, 4079, 10240, 97, 98
2026/07/30 19:32:08.904, 0, NVIDIA GeForce RTX 3080, 5973, 4079, 10240, 97, 98
2026/07/30 19:32:09.013, 0, NVIDIA GeForce RTX 3080, 5973, 4079, 10240, 97, 98
2026/07/30 19:32:09.125, 0, NVIDIA GeForce RTX 3080, 5973, 4079, 10240, 97, 98
2026/07/30 19:32:09.237, 0, NVIDIA GeForce RTX 3080, 5973, 4079, 10240, 97, 98
2026/07/30 19:32:09.348, 0, NVIDIA GeForce RTX 3080, 5973, 4079, 10240, 94, 96
2026/07/30 19:32:09.460, 0, NVIDIA GeForce RTX 3080, 5973, 4079, 10240, 94, 96
2026/07/30 19:32:09.571, 0, NVIDIA GeForce RTX 3080, 5973, 4079, 10240, 94, 96
2026/07/30 19:32:09.682, 0, NVIDIA GeForce RTX 3080, 5973, 4079, 10240, 94, 96
2026/07/30 19:32:09.792, 0, NVIDIA GeForce RTX 3080, 5973, 4079, 10240, 95, 98
2026/07/30 19:32:09.904, 0, NVIDIA GeForce RTX 3080, 5973, 4079, 10240, 95, 98
2026/07/30 19:32:10.014, 0, NVIDIA GeForce RTX 3080, 5973, 4079, 10240, 95, 98
2026/07/30 19:32:10.126, 0, NVIDIA GeForce RTX 3080, 5973, 4079, 10240, 95, 98
2026/07/30 19:32:10.238, 0, NVIDIA GeForce RTX 3080, 5973, 4079, 10240, 95, 98
2026/07/30 19:32:10.350, 0, NVIDIA GeForce RTX 3080, 5973, 4079, 10240, 95, 98
2026/07/30 19:32:10.462, 0, NVIDIA GeForce RTX 3080, 5973, 4079, 10240, 95, 98
2026/07/30 19:32:10.574, 0, NVIDIA GeForce RTX 3080, 5973, 4079, 10240, 95, 98
2026/07/30 19:32:10.686, 0, NVIDIA GeForce RTX 3080, 5973, 4079, 10240, 95, 98
2026/07/30 19:32:10.798, 0, NVIDIA GeForce RTX 3080, 5973, 4079, 10240, 93, 95
2026/07/30 19:32:10.910, 0, NVIDIA GeForce RTX 3080, 5973, 4079, 10240, 93, 95
2026/07/30 19:32:11.022, 0, NVIDIA GeForce RTX 3080, 5973, 4079, 10240, 93, 95
2026/07/30 19:32:11.134, 0, NVIDIA GeForce RTX 3080, 5973, 4079, 10240, 93, 95
2026/07/30 19:32:11.246, 0, NVIDIA GeForce RTX 3080, 5973, 4079, 10240, 96, 98
2026/07/30 19:32:11.358, 0, NVIDIA GeForce RTX 3080, 5973, 4079, 10240, 96, 98
2026/07/30 19:32:11.470, 0, NVIDIA GeForce RTX 3080, 5973, 4079, 10240, 96, 98
2026/07/30 19:32:11.582, 0, NVIDIA GeForce RTX 3080, 5973, 4079, 10240, 96, 98
2026/07/30 19:32:11.694, 0, NVIDIA GeForce RTX 3080, 5973, 4079, 10240, 96, 98
2026/07/30 19:32:11.807, 0, NVIDIA GeForce RTX 3080, 5973, 4079, 10240, 96, 97
2026/07/30 19:32:11.918, 0, NVIDIA GeForce RTX 3080, 5973, 4079, 10240, 96, 97
2026/07/30 19:32:12.030, 0, NVIDIA GeForce RTX 3080, 5973, 4079, 10240, 96, 97
2026/07/30 19:32:12.143, 0, NVIDIA GeForce RTX 3080, 5973, 4079, 10240, 96, 97
2026/07/30 19:32:12.254, 0, NVIDIA GeForce RTX 3080, 5973, 4079, 10240, 97, 98
2026/07/30 19:32:12.366, 0, NVIDIA GeForce RTX 3080, 5973, 4079, 10240, 97, 98
2026/07/30 19:32:12.478, 0, NVIDIA GeForce RTX 3080, 5973, 4079, 10240, 97, 98
2026/07/30 19:32:12.590, 0, NVIDIA GeForce RTX 3080, 5973, 4079, 10240, 97, 98
2026/07/30 19:32:12.702, 0, NVIDIA GeForce RTX 3080, 5973, 4079, 10240, 97, 98
2026/07/30 19:32:12.814, 0, NVIDIA GeForce RTX 3080, 5973, 4079, 10240, 97, 98
2026/07/30 19:32:12.926, 0, NVIDIA GeForce RTX 3080, 5973, 4079, 10240, 97, 98
2026/07/30 19:32:13.038, 0, NVIDIA GeForce RTX 3080, 5973, 4079, 10240, 97, 98
2026/07/30 19:32:13.149, 0, NVIDIA GeForce RTX 3080, 5973, 4079, 10240, 97, 98
2026/07/30 19:32:13.261, 0, NVIDIA GeForce RTX 3080, 5973, 4079, 10240, 96, 96
2026/07/30 19:32:13.371, 0, NVIDIA GeForce RTX 3080, 5973, 4079, 10240, 96, 96
2026/07/30 19:32:13.480, 0, NVIDIA GeForce RTX 3080, 5973, 4079, 10240, 96, 96
2026/07/30 19:32:13.593, 0, NVIDIA GeForce RTX 3080, 5973, 4079, 10240, 96, 96
2026/07/30 19:32:13.705, 0, NVIDIA GeForce RTX 3080, 5973, 4079, 10240, 96, 96
2026/07/30 19:32:13.817, 0, NVIDIA GeForce RTX 3080, 5973, 4079, 10240, 98, 97
2026/07/30 19:32:13.929, 0, NVIDIA GeForce RTX 3080, 5973, 4079, 10240, 98, 97
2026/07/30 19:32:14.040, 0, NVIDIA GeForce RTX 3080, 5973, 4079, 10240, 98, 97
2026/07/30 19:32:14.152, 0, NVIDIA GeForce RTX 3080, 5973, 4079, 10240, 98, 97
2026/07/30 19:32:14.264, 0, NVIDIA GeForce RTX 3080, 5973, 4079, 10240, 97, 97
2026/07/30 19:32:14.375, 0, NVIDIA GeForce RTX 3080, 5973, 4079, 10240, 97, 97
2026/07/30 19:32:14.486, 0, NVIDIA GeForce RTX 3080, 5973, 4079, 10240, 97, 97
2026/07/30 19:32:14.598, 0, NVIDIA GeForce RTX 3080, 5973, 4079, 10240, 97, 97
2026/07/30 19:32:14.708, 0, NVIDIA GeForce RTX 3080, 5973, 4079, 10240, 97, 97
2026/07/30 19:32:14.818, 0, NVIDIA GeForce RTX 3080, 5973, 4079, 10240, 97, 97
2026/07/30 19:32:14.925, 0, NVIDIA GeForce RTX 3080, 5973, 4079, 10240, 97, 97
2026/07/30 19:32:15.034, 0, NVIDIA GeForce RTX 3080, 5973, 4079, 10240, 97, 97
2026/07/30 19:32:15.143, 0, NVIDIA GeForce RTX 3080, 5973, 4079, 10240, 97, 97
2026/07/30 19:32:15.252, 0, NVIDIA GeForce RTX 3080, 5973, 4079, 10240, 96, 98
2026/07/30 19:32:15.362, 0, NVIDIA GeForce RTX 3080, 5973, 4079, 10240, 96, 98
2026/07/30 19:32:15.472, 0, NVIDIA GeForce RTX 3080, 5973, 4079, 10240, 96, 98
2026/07/30 19:32:15.581, 0, NVIDIA GeForce RTX 3080, 5973, 4079, 10240, 96, 98
2026/07/30 19:32:15.691, 0, NVIDIA GeForce RTX 3080, 5973, 4079, 10240, 96, 98
2026/07/30 19:32:15.801, 0, NVIDIA GeForce RTX 3080, 5973, 4079, 10240, 95, 98
2026/07/30 19:32:15.912, 0, NVIDIA GeForce RTX 3080, 5973, 4079, 10240, 95, 98
2026/07/30 19:32:16.024, 0, NVIDIA GeForce RTX 3080, 5973, 4079, 10240, 95, 98
2026/07/30 19:32:16.136, 0, NVIDIA GeForce RTX 3080, 5973, 4079, 10240, 95, 98
2026/07/30 19:32:16.248, 0, NVIDIA GeForce RTX 3080, 5973, 4079, 10240, 95, 98
2026/07/30 19:32:16.360, 0, NVIDIA GeForce RTX 3080, 5973, 4079, 10240, 95, 98
2026/07/30 19:32:16.472, 0, NVIDIA GeForce RTX 3080, 5973, 4079, 10240, 95, 98
2026/07/30 19:32:16.584, 0, NVIDIA GeForce RTX 3080, 5973, 4079, 10240, 95, 98
2026/07/30 19:32:16.696, 0, NVIDIA GeForce RTX 3080, 5973, 4079, 10240, 95, 98
2026/07/30 19:32:16.807, 0, NVIDIA GeForce RTX 3080, 5973, 4079, 10240, 96, 98
2026/07/30 19:32:16.916, 0, NVIDIA GeForce RTX 3080, 5973, 4079, 10240, 96, 98
2026/07/30 19:32:17.025, 0, NVIDIA GeForce RTX 3080, 5973, 4079, 10240, 96, 98
2026/07/30 19:32:17.135, 0, NVIDIA GeForce RTX 3080, 5973, 4079, 10240, 96, 98
2026/07/30 19:32:17.245, 0, NVIDIA GeForce RTX 3080, 5973, 4079, 10240, 97, 98
2026/07/30 19:32:17.354, 0, NVIDIA GeForce RTX 3080, 5973, 4079, 10240, 97, 98
2026/07/30 19:32:17.466, 0, NVIDIA GeForce RTX 3080, 5973, 4079, 10240, 97, 98
2026/07/30 19:32:17.578, 0, NVIDIA GeForce RTX 3080, 5973, 4079, 10240, 97, 98
2026/07/30 19:32:17.690, 0, NVIDIA GeForce RTX 3080, 5973, 4079, 10240, 97, 98
2026/07/30 19:32:17.802, 0, NVIDIA GeForce RTX 3080, 5973, 4079, 10240, 97, 98
2026/07/30 19:32:17.913, 0, NVIDIA GeForce RTX 3080, 5973, 4079, 10240, 97, 98
2026/07/30 19:32:18.025, 0, NVIDIA GeForce RTX 3080, 5973, 4079, 10240, 97, 98
2026/07/30 19:32:18.137, 0, NVIDIA GeForce RTX 3080, 5973, 4079, 10240, 97, 98
2026/07/30 19:32:18.249, 0, NVIDIA GeForce RTX 3080, 5973, 4079, 10240, 97, 98
2026/07/30 19:32:18.361, 0, NVIDIA GeForce RTX 3080, 5973, 4079, 10240, 97, 98
2026/07/30 19:32:18.472, 0, NVIDIA GeForce RTX 3080, 5973, 4079, 10240, 97, 98
2026/07/30 19:32:18.584, 0, NVIDIA GeForce RTX 3080, 5973, 4079, 10240, 97, 98
2026/07/30 19:32:18.697, 0, NVIDIA GeForce RTX 3080, 5973, 4079, 10240, 97, 98
2026/07/30 19:32:18.809, 0, NVIDIA GeForce RTX 3080, 5973, 4079, 10240, 97, 98
2026/07/30 19:32:18.921, 0, NVIDIA GeForce RTX 3080, 5973, 4079, 10240, 97, 98
2026/07/30 19:32:19.033, 0, NVIDIA GeForce RTX 3080, 5973, 4079, 10240, 97, 98
2026/07/30 19:32:19.145, 0, NVIDIA GeForce RTX 3080, 5973, 4079, 10240, 97, 98
2026/07/30 19:32:19.256, 0, NVIDIA GeForce RTX 3080, 5973, 4079, 10240, 96, 98
2026/07/30 19:32:19.368, 0, NVIDIA GeForce RTX 3080, 5973, 4079, 10240, 96, 98
2026/07/30 19:32:19.480, 0, NVIDIA GeForce RTX 3080, 5973, 4079, 10240, 96, 98
2026/07/30 19:32:19.592, 0, NVIDIA GeForce RTX 3080, 5973, 4079, 10240, 96, 98
2026/07/30 19:32:19.704, 0, NVIDIA GeForce RTX 3080, 5973, 4079, 10240, 96, 98
2026/07/30 19:32:19.815, 0, NVIDIA GeForce RTX 3080, 5973, 4079, 10240, 95, 97
2026/07/30 19:32:19.927, 0, NVIDIA GeForce RTX 3080, 5973, 4079, 10240, 95, 97
2026/07/30 19:32:20.039, 0, NVIDIA GeForce RTX 3080, 5973, 4079, 10240, 95, 97
2026/07/30 19:32:20.151, 0, NVIDIA GeForce RTX 3080, 5973, 4079, 10240, 95, 97
2026/07/30 19:32:20.263, 0, NVIDIA GeForce RTX 3080, 5973, 4079, 10240, 95, 98
2026/07/30 19:32:20.375, 0, NVIDIA GeForce RTX 3080, 5973, 4079, 10240, 95, 98
2026/07/30 19:32:20.487, 0, NVIDIA GeForce RTX 3080, 5973, 4079, 10240, 95, 98
2026/07/30 19:32:20.599, 0, NVIDIA GeForce RTX 3080, 5973, 4079, 10240, 95, 98
2026/07/30 19:32:20.711, 0, NVIDIA GeForce RTX 3080, 5973, 4079, 10240, 95, 98
2026/07/30 19:32:20.823, 0, NVIDIA GeForce RTX 3080, 5973, 4079, 10240, 95, 97
2026/07/30 19:32:20.935, 0, NVIDIA GeForce RTX 3080, 5973, 4079, 10240, 95, 97
2026/07/30 19:32:21.047, 0, NVIDIA GeForce RTX 3080, 5973, 4079, 10240, 95, 97
2026/07/30 19:32:21.155, 0, NVIDIA GeForce RTX 3080, 5973, 4079, 10240, 95, 97
2026/07/30 19:32:21.267, 0, NVIDIA GeForce RTX 3080, 5973, 4079, 10240, 97, 97
2026/07/30 19:32:21.378, 0, NVIDIA GeForce RTX 3080, 5973, 4079, 10240, 97, 97
2026/07/30 19:32:21.488, 0, NVIDIA GeForce RTX 3080, 5973, 4079, 10240, 97, 97
2026/07/30 19:32:21.600, 0, NVIDIA GeForce RTX 3080, 5973, 4079, 10240, 97, 97
2026/07/30 19:32:21.712, 0, NVIDIA GeForce RTX 3080, 5973, 4079, 10240, 97, 97
2026/07/30 19:32:21.823, 0, NVIDIA GeForce RTX 3080, 5973, 4079, 10240, 97, 98
2026/07/30 19:32:21.931, 0, NVIDIA GeForce RTX 3080, 5973, 4079, 10240, 97, 98
2026/07/30 19:32:22.041, 0, NVIDIA GeForce RTX 3080, 5973, 4079, 10240, 97, 98
2026/07/30 19:32:22.149, 0, NVIDIA GeForce RTX 3080, 5973, 4079, 10240, 97, 98
2026/07/30 19:32:22.259, 0, NVIDIA GeForce RTX 3080, 5973, 4079, 10240, 97, 98
2026/07/30 19:32:22.369, 0, NVIDIA GeForce RTX 3080, 5973, 4079, 10240, 97, 98
2026/07/30 19:32:22.479, 0, NVIDIA GeForce RTX 3080, 5973, 4079, 10240, 97, 98
2026/07/30 19:32:22.591, 0, NVIDIA GeForce RTX 3080, 5973, 4079, 10240, 97, 98
2026/07/30 19:32:22.704, 0, NVIDIA GeForce RTX 3080, 5973, 4079, 10240, 97, 98
2026/07/30 19:32:22.816, 0, NVIDIA GeForce RTX 3080, 5973, 4079, 10240, 97, 98
2026/07/30 19:32:22.928, 0, NVIDIA GeForce RTX 3080, 5973, 4079, 10240, 97, 98
2026/07/30 19:32:23.040, 0, NVIDIA GeForce RTX 3080, 5973, 4079, 10240, 97, 98
2026/07/30 19:32:23.150, 0, NVIDIA GeForce RTX 3080, 5973, 4079, 10240, 97, 98
2026/07/30 19:32:23.262, 0, NVIDIA GeForce RTX 3080, 5973, 4079, 10240, 98, 98
2026/07/30 19:32:23.374, 0, NVIDIA GeForce RTX 3080, 5973, 4079, 10240, 98, 98
2026/07/30 19:32:23.486, 0, NVIDIA GeForce RTX 3080, 5973, 4079, 10240, 98, 98
2026/07/30 19:32:23.597, 0, NVIDIA GeForce RTX 3080, 5973, 4079, 10240, 98, 98
2026/07/30 19:32:23.709, 0, NVIDIA GeForce RTX 3080, 5973, 4079, 10240, 98, 98
2026/07/30 19:32:23.820, 0, NVIDIA GeForce RTX 3080, 5973, 4079, 10240, 98, 97
2026/07/30 19:32:23.929, 0, NVIDIA GeForce RTX 3080, 5973, 4079, 10240, 98, 97
2026/07/30 19:32:24.041, 0, NVIDIA GeForce RTX 3080, 5973, 4079, 10240, 98, 97
2026/07/30 19:32:24.153, 0, NVIDIA GeForce RTX 3080, 5973, 4079, 10240, 98, 97
2026/07/30 19:32:24.265, 0, NVIDIA GeForce RTX 3080, 5973, 4079, 10240, 98, 98
2026/07/30 19:32:24.376, 0, NVIDIA GeForce RTX 3080, 5973, 4079, 10240, 98, 98
2026/07/30 19:32:24.488, 0, NVIDIA GeForce RTX 3080, 5973, 4079, 10240, 98, 98
2026/07/30 19:32:24.600, 0, NVIDIA GeForce RTX 3080, 5973, 4079, 10240, 98, 98
2026/07/30 19:32:24.712, 0, NVIDIA GeForce RTX 3080, 5973, 4079, 10240, 98, 98
2026/07/30 19:32:24.824, 0, NVIDIA GeForce RTX 3080, 5973, 4079, 10240, 97, 97
2026/07/30 19:32:24.936, 0, NVIDIA GeForce RTX 3080, 5973, 4079, 10240, 97, 97
2026/07/30 19:32:25.048, 0, NVIDIA GeForce RTX 3080, 5973, 4079, 10240, 97, 97
2026/07/30 19:32:25.160, 0, NVIDIA GeForce RTX 3080, 5973, 4079, 10240, 97, 97
2026/07/30 19:32:25.272, 0, NVIDIA GeForce RTX 3080, 5973, 4079, 10240, 95, 98
2026/07/30 19:32:25.384, 0, NVIDIA GeForce RTX 3080, 5973, 4079, 10240, 95, 98
2026/07/30 19:32:25.496, 0, NVIDIA GeForce RTX 3080, 5973, 4079, 10240, 95, 98
2026/07/30 19:32:25.608, 0, NVIDIA GeForce RTX 3080, 5973, 4079, 10240, 95, 98
2026/07/30 19:32:25.720, 0, NVIDIA GeForce RTX 3080, 5973, 4079, 10240, 95, 98
2026/07/30 19:32:25.832, 0, NVIDIA GeForce RTX 3080, 5973, 4079, 10240, 95, 97
2026/07/30 19:32:25.944, 0, NVIDIA GeForce RTX 3080, 5973, 4079, 10240, 95, 97
2026/07/30 19:32:26.055, 0, NVIDIA GeForce RTX 3080, 5973, 4079, 10240, 95, 97
2026/07/30 19:32:26.167, 0, NVIDIA GeForce RTX 3080, 5973, 4079, 10240, 95, 97
2026/07/30 19:32:26.279, 0, NVIDIA GeForce RTX 3080, 5973, 4079, 10240, 95, 98
2026/07/30 19:32:26.392, 0, NVIDIA GeForce RTX 3080, 5973, 4079, 10240, 95, 98
2026/07/30 19:32:26.503, 0, NVIDIA GeForce RTX 3080, 5973, 4079, 10240, 95, 98
2026/07/30 19:32:26.615, 0, NVIDIA GeForce RTX 3080, 5973, 4079, 10240, 95, 98
2026/07/30 19:32:26.726, 0, NVIDIA GeForce RTX 3080, 5973, 4079, 10240, 95, 98
2026/07/30 19:32:26.838, 0, NVIDIA GeForce RTX 3080, 5973, 4079, 10240, 92, 95
2026/07/30 19:32:26.950, 0, NVIDIA GeForce RTX 3080, 5973, 4079, 10240, 92, 95
2026/07/30 19:32:27.062, 0, NVIDIA GeForce RTX 3080, 5973, 4079, 10240, 92, 95
2026/07/30 19:32:27.174, 0, NVIDIA GeForce RTX 3080, 5973, 4079, 10240, 92, 95
2026/07/30 19:32:27.286, 0, NVIDIA GeForce RTX 3080, 5973, 4079, 10240, 98, 98
2026/07/30 19:32:27.398, 0, NVIDIA GeForce RTX 3080, 5973, 4079, 10240, 98, 98
2026/07/30 19:32:27.510, 0, NVIDIA GeForce RTX 3080, 5973, 4079, 10240, 98, 98
2026/07/30 19:32:27.622, 0, NVIDIA GeForce RTX 3080, 5973, 4079, 10240, 98, 98
2026/07/30 19:32:27.732, 0, NVIDIA GeForce RTX 3080, 5973, 4079, 10240, 98, 98
2026/07/30 19:32:27.845, 0, NVIDIA GeForce RTX 3080, 5973, 4079, 10240, 97, 98
2026/07/30 19:32:27.954, 0, NVIDIA GeForce RTX 3080, 5973, 4079, 10240, 97, 98
2026/07/30 19:32:28.066, 0, NVIDIA GeForce RTX 3080, 5973, 4079, 10240, 97, 98
2026/07/30 19:32:28.176, 0, NVIDIA GeForce RTX 3080, 5973, 4079, 10240, 97, 98
2026/07/30 19:32:28.288, 0, NVIDIA GeForce RTX 3080, 5973, 4079, 10240, 97, 98
2026/07/30 19:32:28.400, 0, NVIDIA GeForce RTX 3080, 5973, 4079, 10240, 97, 98
2026/07/30 19:32:28.512, 0, NVIDIA GeForce RTX 3080, 5973, 4079, 10240, 97, 98
2026/07/30 19:32:28.624, 0, NVIDIA GeForce RTX 3080, 5973, 4079, 10240, 97, 98
2026/07/30 19:32:28.736, 0, NVIDIA GeForce RTX 3080, 5973, 4079, 10240, 97, 98
2026/07/30 19:32:28.846, 0, NVIDIA GeForce RTX 3080, 5973, 4079, 10240, 94, 96
2026/07/30 19:32:28.956, 0, NVIDIA GeForce RTX 3080, 5973, 4079, 10240, 94, 96
2026/07/30 19:32:29.068, 0, NVIDIA GeForce RTX 3080, 5973, 4079, 10240, 94, 96
2026/07/30 19:32:29.180, 0, NVIDIA GeForce RTX 3080, 5973, 4079, 10240, 94, 96
2026/07/30 19:32:29.291, 0, NVIDIA GeForce RTX 3080, 5973, 4079, 10240, 96, 98
2026/07/30 19:32:29.403, 0, NVIDIA GeForce RTX 3080, 5973, 4079, 10240, 96, 98
2026/07/30 19:32:29.515, 0, NVIDIA GeForce RTX 3080, 5973, 4079, 10240, 96, 98
2026/07/30 19:32:29.627, 0, NVIDIA GeForce RTX 3080, 5973, 4079, 10240, 96, 98
2026/07/30 19:32:29.738, 0, NVIDIA GeForce RTX 3080, 5973, 4079, 10240, 96, 98
2026/07/30 19:32:29.849, 0, NVIDIA GeForce RTX 3080, 5973, 4079, 10240, 96, 98
2026/07/30 19:32:29.961, 0, NVIDIA GeForce RTX 3080, 5973, 4079, 10240, 96, 98
2026/07/30 19:32:30.072, 0, NVIDIA GeForce RTX 3080, 5973, 4079, 10240, 96, 98
2026/07/30 19:32:30.184, 0, NVIDIA GeForce RTX 3080, 5973, 4079, 10240, 96, 98
2026/07/30 19:32:30.296, 0, NVIDIA GeForce RTX 3080, 5973, 4079, 10240, 95, 98
2026/07/30 19:32:30.408, 0, NVIDIA GeForce RTX 3080, 5973, 4079, 10240, 95, 98
2026/07/30 19:32:30.520, 0, NVIDIA GeForce RTX 3080, 5973, 4079, 10240, 95, 98
2026/07/30 19:32:30.632, 0, NVIDIA GeForce RTX 3080, 5973, 4079, 10240, 95, 98
2026/07/30 19:32:30.744, 0, NVIDIA GeForce RTX 3080, 5973, 4079, 10240, 96, 98
2026/07/30 19:32:30.856, 0, NVIDIA GeForce RTX 3080, 5973, 4079, 10240, 96, 98
2026/07/30 19:32:30.968, 0, NVIDIA GeForce RTX 3080, 5973, 4079, 10240, 96, 98
2026/07/30 19:32:31.080, 0, NVIDIA GeForce RTX 3080, 5973, 4079, 10240, 96, 98
2026/07/30 19:32:31.192, 0, NVIDIA GeForce RTX 3080, 5973, 4079, 10240, 96, 98
2026/07/30 19:32:31.303, 0, NVIDIA GeForce RTX 3080, 5973, 4079, 10240, 96, 97
2026/07/30 19:32:31.415, 0, NVIDIA GeForce RTX 3080, 5973, 4079, 10240, 96, 97
2026/07/30 19:32:31.527, 0, NVIDIA GeForce RTX 3080, 5973, 4079, 10240, 96, 97
2026/07/30 19:32:31.639, 0, NVIDIA GeForce RTX 3080, 5973, 4079, 10240, 96, 97
2026/07/30 19:32:31.751, 0, NVIDIA GeForce RTX 3080, 5973, 4079, 10240, 95, 96
2026/07/30 19:32:31.863, 0, NVIDIA GeForce RTX 3080, 5973, 4079, 10240, 95, 96
2026/07/30 19:32:31.974, 0, NVIDIA GeForce RTX 3080, 5973, 4079, 10240, 95, 96
2026/07/30 19:32:32.086, 0, NVIDIA GeForce RTX 3080, 5973, 4079, 10240, 95, 96
2026/07/30 19:32:32.198, 0, NVIDIA GeForce RTX 3080, 5973, 4079, 10240, 95, 96
2026/07/30 19:32:32.310, 0, NVIDIA GeForce RTX 3080, 5973, 4079, 10240, 97, 98
2026/07/30 19:32:32.422, 0, NVIDIA GeForce RTX 3080, 5973, 4079, 10240, 97, 98
2026/07/30 19:32:32.532, 0, NVIDIA GeForce RTX 3080, 5973, 4079, 10240, 97, 98
2026/07/30 19:32:32.644, 0, NVIDIA GeForce RTX 3080, 5973, 4079, 10240, 97, 98
2026/07/30 19:32:32.756, 0, NVIDIA GeForce RTX 3080, 5973, 4079, 10240, 98, 98
2026/07/30 19:32:32.868, 0, NVIDIA GeForce RTX 3080, 5973, 4079, 10240, 98, 98
2026/07/30 19:32:32.980, 0, NVIDIA GeForce RTX 3080, 5973, 4079, 10240, 98, 98
2026/07/30 19:32:33.092, 0, NVIDIA GeForce RTX 3080, 5973, 4079, 10240, 98, 98
2026/07/30 19:32:33.204, 0, NVIDIA GeForce RTX 3080, 5973, 4079, 10240, 98, 98
2026/07/30 19:32:33.315, 0, NVIDIA GeForce RTX 3080, 5973, 4079, 10240, 97, 96
2026/07/30 19:32:33.427, 0, NVIDIA GeForce RTX 3080, 5973, 4079, 10240, 97, 96
2026/07/30 19:32:33.539, 0, NVIDIA GeForce RTX 3080, 5973, 4079, 10240, 97, 96
2026/07/30 19:32:33.651, 0, NVIDIA GeForce RTX 3080, 5973, 4079, 10240, 97, 96
2026/07/30 19:32:33.763, 0, NVIDIA GeForce RTX 3080, 5973, 4079, 10240, 97, 97
2026/07/30 19:32:33.875, 0, NVIDIA GeForce RTX 3080, 5973, 4079, 10240, 97, 97
2026/07/30 19:32:33.987, 0, NVIDIA GeForce RTX 3080, 5973, 4079, 10240, 97, 97
2026/07/30 19:32:34.099, 0, NVIDIA GeForce RTX 3080, 5973, 4079, 10240, 97, 97
2026/07/30 19:32:34.211, 0, NVIDIA GeForce RTX 3080, 5973, 4079, 10240, 97, 97
2026/07/30 19:32:34.323, 0, NVIDIA GeForce RTX 3080, 5973, 4079, 10240, 97, 97
2026/07/30 19:32:34.435, 0, NVIDIA GeForce RTX 3080, 5973, 4079, 10240, 97, 97
2026/07/30 19:32:34.547, 0, NVIDIA GeForce RTX 3080, 5973, 4079, 10240, 97, 97
2026/07/30 19:32:34.659, 0, NVIDIA GeForce RTX 3080, 5973, 4079, 10240, 97, 97
2026/07/30 19:32:34.771, 0, NVIDIA GeForce RTX 3080, 5973, 4079, 10240, 95, 98
2026/07/30 19:32:34.882, 0, NVIDIA GeForce RTX 3080, 5973, 4079, 10240, 95, 98
2026/07/30 19:32:34.990, 0, NVIDIA GeForce RTX 3080, 5973, 4079, 10240, 95, 98
2026/07/30 19:32:35.099, 0, NVIDIA GeForce RTX 3080, 5973, 4079, 10240, 95, 98
2026/07/30 19:32:35.208, 0, NVIDIA GeForce RTX 3080, 5973, 4079, 10240, 95, 98
2026/07/30 19:32:35.317, 0, NVIDIA GeForce RTX 3080, 5973, 4079, 10240, 96, 98
2026/07/30 19:32:35.427, 0, NVIDIA GeForce RTX 3080, 5973, 4079, 10240, 96, 98
2026/07/30 19:32:35.536, 0, NVIDIA GeForce RTX 3080, 5973, 4079, 10240, 96, 98
2026/07/30 19:32:35.645, 0, NVIDIA GeForce RTX 3080, 5973, 4079, 10240, 96, 98
2026/07/30 19:32:35.756, 0, NVIDIA GeForce RTX 3080, 5973, 4079, 10240, 95, 98
2026/07/30 19:32:35.868, 0, NVIDIA GeForce RTX 3080, 5973, 4079, 10240, 95, 98
2026/07/30 19:32:35.980, 0, NVIDIA GeForce RTX 3080, 5973, 4079, 10240, 95, 98
2026/07/30 19:32:36.091, 0, NVIDIA GeForce RTX 3080, 5973, 4079, 10240, 95, 98
2026/07/30 19:32:36.203, 0, NVIDIA GeForce RTX 3080, 5973, 4079, 10240, 95, 98
2026/07/30 19:32:36.315, 0, NVIDIA GeForce RTX 3080, 5973, 4079, 10240, 95, 98
2026/07/30 19:32:36.427, 0, NVIDIA GeForce RTX 3080, 5973, 4079, 10240, 95, 98
2026/07/30 19:32:36.539, 0, NVIDIA GeForce RTX 3080, 5973, 4079, 10240, 95, 98
2026/07/30 19:32:36.651, 0, NVIDIA GeForce RTX 3080, 5973, 4079, 10240, 95, 98
2026/07/30 19:32:36.763, 0, NVIDIA GeForce RTX 3080, 5973, 4079, 10240, 97, 98
2026/07/30 19:32:36.873, 0, NVIDIA GeForce RTX 3080, 5973, 4079, 10240, 97, 98
2026/07/30 19:32:36.983, 0, NVIDIA GeForce RTX 3080, 5973, 4079, 10240, 97, 98
2026/07/30 19:32:37.093, 0, NVIDIA GeForce RTX 3080, 5973, 4079, 10240, 97, 98
2026/07/30 19:32:37.202, 0, NVIDIA GeForce RTX 3080, 5973, 4079, 10240, 97, 98
2026/07/30 19:32:37.311, 0, NVIDIA GeForce RTX 3080, 5973, 4079, 10240, 97, 98
2026/07/30 19:32:37.423, 0, NVIDIA GeForce RTX 3080, 5973, 4079, 10240, 97, 98
2026/07/30 19:32:37.535, 0, NVIDIA GeForce RTX 3080, 5973, 4079, 10240, 97, 98
2026/07/30 19:32:37.647, 0, NVIDIA GeForce RTX 3080, 5973, 4079, 10240, 97, 98
2026/07/30 19:32:37.759, 0, NVIDIA GeForce RTX 3080, 5973, 4079, 10240, 97, 98
2026/07/30 19:32:37.871, 0, NVIDIA GeForce RTX 3080, 5973, 4079, 10240, 97, 98
2026/07/30 19:32:37.983, 0, NVIDIA GeForce RTX 3080, 5973, 4079, 10240, 97, 98
2026/07/30 19:32:38.094, 0, NVIDIA GeForce RTX 3080, 5973, 4079, 10240, 97, 98
2026/07/30 19:32:38.206, 0, NVIDIA GeForce RTX 3080, 5973, 4079, 10240, 97, 98
2026/07/30 19:32:38.317, 0, NVIDIA GeForce RTX 3080, 5973, 4079, 10240, 96, 97
2026/07/30 19:32:38.428, 0, NVIDIA GeForce RTX 3080, 5973, 4079, 10240, 96, 97
2026/07/30 19:32:38.541, 0, NVIDIA GeForce RTX 3080, 5973, 4079, 10240, 96, 97
2026/07/30 19:32:38.653, 0, NVIDIA GeForce RTX 3080, 5973, 4079, 10240, 96, 97
2026/07/30 19:32:38.765, 0, NVIDIA GeForce RTX 3080, 5973, 4079, 10240, 94, 96
2026/07/30 19:32:38.877, 0, NVIDIA GeForce RTX 3080, 5973, 4079, 10240, 94, 96
2026/07/30 19:32:38.989, 0, NVIDIA GeForce RTX 3080, 5973, 4079, 10240, 94, 96
2026/07/30 19:32:39.101, 0, NVIDIA GeForce RTX 3080, 5973, 4079, 10240, 94, 96
2026/07/30 19:32:39.210, 0, NVIDIA GeForce RTX 3080, 5973, 4079, 10240, 94, 96
2026/07/30 19:32:39.321, 0, NVIDIA GeForce RTX 3080, 5973, 4079, 10240, 96, 98
2026/07/30 19:32:39.433, 0, NVIDIA GeForce RTX 3080, 5973, 4079, 10240, 96, 98
2026/07/30 19:32:39.545, 0, NVIDIA GeForce RTX 3080, 5973, 4079, 10240, 96, 98
2026/07/30 19:32:39.657, 0, NVIDIA GeForce RTX 3080, 5973, 4079, 10240, 96, 98
2026/07/30 19:32:39.769, 0, NVIDIA GeForce RTX 3080, 5973, 4079, 10240, 95, 98
2026/07/30 19:32:39.881, 0, NVIDIA GeForce RTX 3080, 5973, 4079, 10240, 95, 98
2026/07/30 19:32:39.993, 0, NVIDIA GeForce RTX 3080, 5973, 4079, 10240, 95, 98
2026/07/30 19:32:40.105, 0, NVIDIA GeForce RTX 3080, 5973, 4079, 10240, 95, 98
2026/07/30 19:32:40.217, 0, NVIDIA GeForce RTX 3080, 5973, 4079, 10240, 95, 98
2026/07/30 19:32:40.329, 0, NVIDIA GeForce RTX 3080, 5973, 4079, 10240, 95, 98
2026/07/30 19:32:40.441, 0, NVIDIA GeForce RTX 3080, 5973, 4079, 10240, 95, 98
2026/07/30 19:32:40.553, 0, NVIDIA GeForce RTX 3080, 5973, 4079, 10240, 95, 98
2026/07/30 19:32:40.665, 0, NVIDIA GeForce RTX 3080, 5973, 4079, 10240, 95, 98
2026/07/30 19:32:40.777, 0, NVIDIA GeForce RTX 3080, 5973, 4079, 10240, 97, 98
2026/07/30 19:32:40.889, 0, NVIDIA GeForce RTX 3080, 5973, 4079, 10240, 97, 98
2026/07/30 19:32:41.001, 0, NVIDIA GeForce RTX 3080, 5973, 4079, 10240, 97, 98
2026/07/30 19:32:41.113, 0, NVIDIA GeForce RTX 3080, 5973, 4079, 10240, 97, 98
2026/07/30 19:32:41.225, 0, NVIDIA GeForce RTX 3080, 5973, 4079, 10240, 97, 98
2026/07/30 19:32:41.337, 0, NVIDIA GeForce RTX 3080, 5973, 4079, 10240, 97, 98
2026/07/30 19:32:41.449, 0, NVIDIA GeForce RTX 3080, 5973, 4079, 10240, 97, 98
2026/07/30 19:32:41.561, 0, NVIDIA GeForce RTX 3080, 5973, 4079, 10240, 97, 98
2026/07/30 19:32:41.673, 0, NVIDIA GeForce RTX 3080, 5973, 4079, 10240, 97, 98
2026/07/30 19:32:41.785, 0, NVIDIA GeForce RTX 3080, 5973, 4079, 10240, 97, 98
2026/07/30 19:32:41.895, 0, NVIDIA GeForce RTX 3080, 5973, 4079, 10240, 97, 98
2026/07/30 19:32:42.005, 0, NVIDIA GeForce RTX 3080, 5973, 4079, 10240, 97, 98
2026/07/30 19:32:42.114, 0, NVIDIA GeForce RTX 3080, 5973, 4079, 10240, 97, 98
2026/07/30 19:32:42.222, 0, NVIDIA GeForce RTX 3080, 5973, 4079, 10240, 97, 98
2026/07/30 19:32:42.332, 0, NVIDIA GeForce RTX 3080, 5973, 4079, 10240, 97, 98
2026/07/30 19:32:42.444, 0, NVIDIA GeForce RTX 3080, 5973, 4079, 10240, 97, 98
2026/07/30 19:32:42.555, 0, NVIDIA GeForce RTX 3080, 5973, 4079, 10240, 97, 98
2026/07/30 19:32:42.667, 0, NVIDIA GeForce RTX 3080, 5973, 4079, 10240, 97, 98
2026/07/30 19:32:42.779, 0, NVIDIA GeForce RTX 3080, 5973, 4079, 10240, 98, 97
2026/07/30 19:32:42.891, 0, NVIDIA GeForce RTX 3080, 5973, 4079, 10240, 98, 97
2026/07/30 19:32:43.003, 0, NVIDIA GeForce RTX 3080, 5973, 4079, 10240, 98, 97
2026/07/30 19:32:43.114, 0, NVIDIA GeForce RTX 3080, 5973, 4079, 10240, 98, 97
2026/07/30 19:32:43.222, 0, NVIDIA GeForce RTX 3080, 5973, 4079, 10240, 98, 97
2026/07/30 19:32:43.333, 0, NVIDIA GeForce RTX 3080, 5973, 4079, 10240, 98, 98
2026/07/30 19:32:43.444, 0, NVIDIA GeForce RTX 3080, 5973, 4079, 10240, 98, 98
2026/07/30 19:32:43.556, 0, NVIDIA GeForce RTX 3080, 5973, 4079, 10240, 98, 98
2026/07/30 19:32:43.665, 0, NVIDIA GeForce RTX 3080, 5973, 4079, 10240, 98, 98
2026/07/30 19:32:43.776, 0, NVIDIA GeForce RTX 3080, 5973, 4079, 10240, 98, 98
2026/07/30 19:32:43.886, 0, NVIDIA GeForce RTX 3080, 5973, 4079, 10240, 98, 98
2026/07/30 19:32:43.997, 0, NVIDIA GeForce RTX 3080, 5973, 4079, 10240, 98, 98
2026/07/30 19:32:44.108, 0, NVIDIA GeForce RTX 3080, 5973, 4079, 10240, 98, 98
2026/07/30 19:32:44.219, 0, NVIDIA GeForce RTX 3080, 5973, 4079, 10240, 98, 98
2026/07/30 19:32:44.331, 0, NVIDIA GeForce RTX 3080, 5973, 4079, 10240, 96, 95
2026/07/30 19:32:44.443, 0, NVIDIA GeForce RTX 3080, 5973, 4079, 10240, 96, 95
2026/07/30 19:32:44.555, 0, NVIDIA GeForce RTX 3080, 5973, 4079, 10240, 96, 95
2026/07/30 19:32:44.667, 0, NVIDIA GeForce RTX 3080, 5973, 4079, 10240, 96, 95
2026/07/30 19:32:44.779, 0, NVIDIA GeForce RTX 3080, 5973, 4079, 10240, 95, 98
2026/07/30 19:32:44.891, 0, NVIDIA GeForce RTX 3080, 5973, 4079, 10240, 95, 98
2026/07/30 19:32:45.002, 0, NVIDIA GeForce RTX 3080, 5973, 4079, 10240, 95, 98
2026/07/30 19:32:45.114, 0, NVIDIA GeForce RTX 3080, 5973, 4079, 10240, 95, 98
2026/07/30 19:32:45.226, 0, NVIDIA GeForce RTX 3080, 5973, 4079, 10240, 95, 98
2026/07/30 19:32:45.337, 0, NVIDIA GeForce RTX 3080, 5973, 4079, 10240, 95, 98
2026/07/30 19:32:45.448, 0, NVIDIA GeForce RTX 3080, 5973, 4079, 10240, 95, 98
2026/07/30 19:32:45.560, 0, NVIDIA GeForce RTX 3080, 5973, 4079, 10240, 95, 98
2026/07/30 19:32:45.670, 0, NVIDIA GeForce RTX 3080, 5973, 4079, 10240, 95, 98
2026/07/30 19:32:45.782, 0, NVIDIA GeForce RTX 3080, 5973, 4079, 10240, 96, 98
2026/07/30 19:32:45.895, 0, NVIDIA GeForce RTX 3080, 5973, 4079, 10240, 96, 98
2026/07/30 19:32:46.006, 0, NVIDIA GeForce RTX 3080, 5973, 4079, 10240, 96, 98
2026/07/30 19:32:46.118, 0, NVIDIA GeForce RTX 3080, 5973, 4079, 10240, 96, 98
2026/07/30 19:32:46.227, 0, NVIDIA GeForce RTX 3080, 5973, 4079, 10240, 96, 98
2026/07/30 19:32:46.339, 0, NVIDIA GeForce RTX 3080, 5973, 4079, 10240, 92, 95
2026/07/30 19:32:46.451, 0, NVIDIA GeForce RTX 3080, 5973, 4079, 10240, 92, 95
2026/07/30 19:32:46.563, 0, NVIDIA GeForce RTX 3080, 5973, 4079, 10240, 92, 95
2026/07/30 19:32:46.674, 0, NVIDIA GeForce RTX 3080, 5973, 4079, 10240, 92, 95
2026/07/30 19:32:46.786, 0, NVIDIA GeForce RTX 3080, 5973, 4079, 10240, 97, 98
2026/07/30 19:32:46.898, 0, NVIDIA GeForce RTX 3080, 5973, 4079, 10240, 97, 98
2026/07/30 19:32:47.010, 0, NVIDIA GeForce RTX 3080, 5973, 4079, 10240, 97, 98
2026/07/30 19:32:47.122, 0, NVIDIA GeForce RTX 3080, 5973, 4079, 10240, 97, 98
2026/07/30 19:32:47.233, 0, NVIDIA GeForce RTX 3080, 5973, 4079, 10240, 97, 98
2026/07/30 19:32:47.345, 0, NVIDIA GeForce RTX 3080, 5973, 4079, 10240, 97, 98
2026/07/30 19:32:47.456, 0, NVIDIA GeForce RTX 3080, 5973, 4079, 10240, 97, 98
2026/07/30 19:32:47.568, 0, NVIDIA GeForce RTX 3080, 5973, 4079, 10240, 97, 98
2026/07/30 19:32:47.680, 0, NVIDIA GeForce RTX 3080, 5973, 4079, 10240, 97, 98
2026/07/30 19:32:47.792, 0, NVIDIA GeForce RTX 3080, 5973, 4079, 10240, 97, 98
2026/07/30 19:32:47.902, 0, NVIDIA GeForce RTX 3080, 5973, 4079, 10240, 97, 98
2026/07/30 19:32:48.012, 0, NVIDIA GeForce RTX 3080, 5973, 4079, 10240, 97, 98
2026/07/30 19:32:48.123, 0, NVIDIA GeForce RTX 3080, 5973, 4079, 10240, 97, 98
2026/07/30 19:32:48.235, 0, NVIDIA GeForce RTX 3080, 5973, 4079, 10240, 97, 98
2026/07/30 19:32:48.347, 0, NVIDIA GeForce RTX 3080, 5973, 4079, 10240, 95, 96
2026/07/30 19:32:48.459, 0, NVIDIA GeForce RTX 3080, 5973, 4079, 10240, 95, 96
2026/07/30 19:32:48.571, 0, NVIDIA GeForce RTX 3080, 5973, 4079, 10240, 95, 96
2026/07/30 19:32:48.683, 0, NVIDIA GeForce RTX 3080, 5973, 4079, 10240, 95, 96
2026/07/30 19:32:48.795, 0, NVIDIA GeForce RTX 3080, 5973, 4079, 10240, 95, 98
2026/07/30 19:32:48.906, 0, NVIDIA GeForce RTX 3080, 5973, 4079, 10240, 95, 98
2026/07/30 19:32:49.017, 0, NVIDIA GeForce RTX 3080, 5973, 4079, 10240, 95, 98
2026/07/30 19:32:49.129, 0, NVIDIA GeForce RTX 3080, 5973, 4079, 10240, 95, 98
2026/07/30 19:32:49.240, 0, NVIDIA GeForce RTX 3080, 5973, 4079, 10240, 95, 98
2026/07/30 19:32:49.351, 0, NVIDIA GeForce RTX 3080, 5973, 4079, 10240, 96, 98
2026/07/30 19:32:49.463, 0, NVIDIA GeForce RTX 3080, 5973, 4079, 10240, 96, 98
2026/07/30 19:32:49.575, 0, NVIDIA GeForce RTX 3080, 5973, 4079, 10240, 96, 98
2026/07/30 19:32:49.687, 0, NVIDIA GeForce RTX 3080, 5973, 4079, 10240, 96, 98
2026/07/30 19:32:49.799, 0, NVIDIA GeForce RTX 3080, 5973, 4079, 10240, 96, 98
2026/07/30 19:32:49.909, 0, NVIDIA GeForce RTX 3080, 5973, 4079, 10240, 96, 98
2026/07/30 19:32:50.021, 0, NVIDIA GeForce RTX 3080, 5973, 4079, 10240, 96, 98
2026/07/30 19:32:50.132, 0, NVIDIA GeForce RTX 3080, 5973, 4079, 10240, 96, 98
2026/07/30 19:32:50.244, 0, NVIDIA GeForce RTX 3080, 5973, 4079, 10240, 95, 97
2026/07/30 19:32:50.355, 0, NVIDIA GeForce RTX 3080, 5973, 4079, 10240, 95, 97
2026/07/30 19:32:50.468, 0, NVIDIA GeForce RTX 3080, 5973, 4079, 10240, 95, 97
2026/07/30 19:32:50.580, 0, NVIDIA GeForce RTX 3080, 5973, 4079, 10240, 95, 97
2026/07/30 19:32:50.692, 0, NVIDIA GeForce RTX 3080, 5973, 4079, 10240, 95, 97
2026/07/30 19:32:50.804, 0, NVIDIA GeForce RTX 3080, 5973, 4079, 10240, 97, 98
2026/07/30 19:32:50.916, 0, NVIDIA GeForce RTX 3080, 5973, 4079, 10240, 97, 98
2026/07/30 19:32:51.028, 0, NVIDIA GeForce RTX 3080, 5973, 4079, 10240, 97, 98
2026/07/30 19:32:51.140, 0, NVIDIA GeForce RTX 3080, 5973, 4079, 10240, 97, 98
2026/07/30 19:32:51.252, 0, NVIDIA GeForce RTX 3080, 5973, 4079, 10240, 97, 98
2026/07/30 19:32:51.364, 0, NVIDIA GeForce RTX 3080, 5973, 4079, 10240, 97, 98
2026/07/30 19:32:51.476, 0, NVIDIA GeForce RTX 3080, 5973, 4079, 10240, 97, 98
2026/07/30 19:32:51.588, 0, NVIDIA GeForce RTX 3080, 5973, 4079, 10240, 97, 98
2026/07/30 19:32:51.700, 0, NVIDIA GeForce RTX 3080, 5973, 4079, 10240, 97, 98
2026/07/30 19:32:51.811, 0, NVIDIA GeForce RTX 3080, 5973, 4079, 10240, 96, 97
2026/07/30 19:32:51.922, 0, NVIDIA GeForce RTX 3080, 5973, 4079, 10240, 96, 97
2026/07/30 19:32:52.034, 0, NVIDIA GeForce RTX 3080, 5973, 4079, 10240, 96, 97
2026/07/30 19:32:52.146, 0, NVIDIA GeForce RTX 3080, 5973, 4079, 10240, 96, 97
2026/07/30 19:32:52.258, 0, NVIDIA GeForce RTX 3080, 5973, 4079, 10240, 98, 98
2026/07/30 19:32:52.370, 0, NVIDIA GeForce RTX 3080, 5973, 4079, 10240, 98, 98
2026/07/30 19:32:52.482, 0, NVIDIA GeForce RTX 3080, 5973, 4079, 10240, 98, 98
2026/07/30 19:32:52.594, 0, NVIDIA GeForce RTX 3080, 5973, 4079, 10240, 98, 98
2026/07/30 19:32:52.706, 0, NVIDIA GeForce RTX 3080, 5973, 4079, 10240, 98, 98
2026/07/30 19:32:52.817, 0, NVIDIA GeForce RTX 3080, 5973, 4079, 10240, 98, 98
2026/07/30 19:32:52.928, 0, NVIDIA GeForce RTX 3080, 5973, 4079, 10240, 98, 98
2026/07/30 19:32:53.040, 0, NVIDIA GeForce RTX 3080, 5973, 4079, 10240, 98, 98
2026/07/30 19:32:53.152, 0, NVIDIA GeForce RTX 3080, 5973, 4079, 10240, 98, 98
2026/07/30 19:32:53.264, 0, NVIDIA GeForce RTX 3080, 5973, 4079, 10240, 98, 98
2026/07/30 19:32:53.376, 0, NVIDIA GeForce RTX 3080, 5973, 4079, 10240, 98, 98
2026/07/30 19:32:53.488, 0, NVIDIA GeForce RTX 3080, 5973, 4079, 10240, 98, 98
2026/07/30 19:32:53.600, 0, NVIDIA GeForce RTX 3080, 5973, 4079, 10240, 98, 98
2026/07/30 19:32:53.712, 0, NVIDIA GeForce RTX 3080, 5973, 4079, 10240, 98, 98
2026/07/30 19:32:53.824, 0, NVIDIA GeForce RTX 3080, 5973, 4079, 10240, 98, 98
2026/07/30 19:32:53.936, 0, NVIDIA GeForce RTX 3080, 5973, 4079, 10240, 98, 98
2026/07/30 19:32:54.048, 0, NVIDIA GeForce RTX 3080, 5973, 4079, 10240, 98, 98
2026/07/30 19:32:54.160, 0, NVIDIA GeForce RTX 3080, 5973, 4079, 10240, 98, 98
2026/07/30 19:32:54.272, 0, NVIDIA GeForce RTX 3080, 5973, 4079, 10240, 96, 98
2026/07/30 19:32:54.384, 0, NVIDIA GeForce RTX 3080, 5973, 4079, 10240, 96, 98
2026/07/30 19:32:54.496, 0, NVIDIA GeForce RTX 3080, 5973, 4079, 10240, 96, 98
2026/07/30 19:32:54.608, 0, NVIDIA GeForce RTX 3080, 5973, 4079, 10240, 96, 98
2026/07/30 19:32:54.720, 0, NVIDIA GeForce RTX 3080, 5973, 4079, 10240, 96, 98
2026/07/30 19:32:54.832, 0, NVIDIA GeForce RTX 3080, 5973, 4079, 10240, 95, 98
2026/07/30 19:32:54.941, 0, NVIDIA GeForce RTX 3080, 5973, 4079, 10240, 95, 98
2026/07/30 19:32:55.051, 0, NVIDIA GeForce RTX 3080, 5973, 4079, 10240, 95, 98
2026/07/30 19:32:55.161, 0, NVIDIA GeForce RTX 3080, 5973, 4079, 10240, 95, 98
2026/07/30 19:32:55.267, 0, NVIDIA GeForce RTX 3080, 5973, 4079, 10240, 96, 98
2026/07/30 19:32:55.377, 0, NVIDIA GeForce RTX 3080, 5973, 4079, 10240, 96, 98
2026/07/30 19:32:55.487, 0, NVIDIA GeForce RTX 3080, 5973, 4079, 10240, 96, 98
2026/07/30 19:32:55.597, 0, NVIDIA GeForce RTX 3080, 5973, 4079, 10240, 96, 98
2026/07/30 19:32:55.709, 0, NVIDIA GeForce RTX 3080, 5973, 4079, 10240, 96, 98
2026/07/30 19:32:55.819, 0, NVIDIA GeForce RTX 3080, 5973, 4079, 10240, 94, 97
2026/07/30 19:32:55.932, 0, NVIDIA GeForce RTX 3080, 5973, 4079, 10240, 94, 97
2026/07/30 19:32:56.043, 0, NVIDIA GeForce RTX 3080, 5973, 4079, 10240, 94, 97
2026/07/30 19:32:56.154, 0, NVIDIA GeForce RTX 3080, 5973, 4079, 10240, 94, 97
2026/07/30 19:32:56.265, 0, NVIDIA GeForce RTX 3080, 5973, 4079, 10240, 96, 97
2026/07/30 19:32:56.376, 0, NVIDIA GeForce RTX 3080, 5973, 4079, 10240, 96, 97
2026/07/30 19:32:56.488, 0, NVIDIA GeForce RTX 3080, 5973, 4079, 10240, 96, 97
2026/07/30 19:32:56.599, 0, NVIDIA GeForce RTX 3080, 5973, 4079, 10240, 96, 97
2026/07/30 19:32:56.708, 0, NVIDIA GeForce RTX 3080, 5973, 4079, 10240, 96, 97
2026/07/30 19:32:56.820, 0, NVIDIA GeForce RTX 3080, 5973, 4079, 10240, 97, 97
2026/07/30 19:32:56.930, 0, NVIDIA GeForce RTX 3080, 5973, 4079, 10240, 97, 97
2026/07/30 19:32:57.040, 0, NVIDIA GeForce RTX 3080, 5973, 4079, 10240, 97, 97
2026/07/30 19:32:57.149, 0, NVIDIA GeForce RTX 3080, 5973, 4079, 10240, 97, 97
2026/07/30 19:32:57.258, 0, NVIDIA GeForce RTX 3080, 5973, 4079, 10240, 97, 98
2026/07/30 19:32:57.369, 0, NVIDIA GeForce RTX 3080, 5973, 4079, 10240, 97, 98
2026/07/30 19:32:57.480, 0, NVIDIA GeForce RTX 3080, 5973, 4079, 10240, 97, 98
2026/07/30 19:32:57.593, 0, NVIDIA GeForce RTX 3080, 5973, 4079, 10240, 97, 98
2026/07/30 19:32:57.705, 0, NVIDIA GeForce RTX 3080, 5973, 4079, 10240, 97, 98
2026/07/30 19:32:57.817, 0, NVIDIA GeForce RTX 3080, 5973, 4079, 10240, 97, 97
2026/07/30 19:32:57.927, 0, NVIDIA GeForce RTX 3080, 5973, 4079, 10240, 97, 97
2026/07/30 19:32:58.038, 0, NVIDIA GeForce RTX 3080, 5973, 4079, 10240, 97, 97
2026/07/30 19:32:58.149, 0, NVIDIA GeForce RTX 3080, 5973, 4079, 10240, 97, 97
2026/07/30 19:32:58.261, 0, NVIDIA GeForce RTX 3080, 5973, 4079, 10240, 95, 97
2026/07/30 19:32:58.373, 0, NVIDIA GeForce RTX 3080, 5973, 4079, 10240, 95, 97
2026/07/30 19:32:58.485, 0, NVIDIA GeForce RTX 3080, 5973, 4079, 10240, 95, 97
2026/07/30 19:32:58.597, 0, NVIDIA GeForce RTX 3080, 5973, 4079, 10240, 95, 97
2026/07/30 19:32:58.709, 0, NVIDIA GeForce RTX 3080, 5973, 4079, 10240, 95, 97
2026/07/30 19:32:58.821, 0, NVIDIA GeForce RTX 3080, 5973, 4079, 10240, 95, 97
2026/07/30 19:32:58.933, 0, NVIDIA GeForce RTX 3080, 5973, 4079, 10240, 95, 97
2026/07/30 19:32:59.044, 0, NVIDIA GeForce RTX 3080, 5973, 4079, 10240, 95, 97
2026/07/30 19:32:59.155, 0, NVIDIA GeForce RTX 3080, 5973, 4079, 10240, 95, 97
2026/07/30 19:32:59.267, 0, NVIDIA GeForce RTX 3080, 5973, 4079, 10240, 95, 97
2026/07/30 19:32:59.378, 0, NVIDIA GeForce RTX 3080, 5973, 4079, 10240, 95, 97
2026/07/30 19:32:59.490, 0, NVIDIA GeForce RTX 3080, 5973, 4079, 10240, 95, 97
2026/07/30 19:32:59.602, 0, NVIDIA GeForce RTX 3080, 5973, 4079, 10240, 95, 97
2026/07/30 19:32:59.714, 0, NVIDIA GeForce RTX 3080, 5973, 4079, 10240, 95, 97
2026/07/30 19:32:59.826, 0, NVIDIA GeForce RTX 3080, 5973, 4079, 10240, 95, 98
2026/07/30 19:32:59.938, 0, NVIDIA GeForce RTX 3080, 5973, 4079, 10240, 95, 98
2026/07/30 19:33:00.049, 0, NVIDIA GeForce RTX 3080, 5973, 4079, 10240, 95, 98
2026/07/30 19:33:00.160, 0, NVIDIA GeForce RTX 3080, 5973, 4079, 10240, 95, 98
2026/07/30 19:33:00.272, 0, NVIDIA GeForce RTX 3080, 5973, 4079, 10240, 97, 98
2026/07/30 19:33:00.384, 0, NVIDIA GeForce RTX 3080, 5973, 4079, 10240, 97, 98
2026/07/30 19:33:00.496, 0, NVIDIA GeForce RTX 3080, 5973, 4079, 10240, 97, 98
2026/07/30 19:33:00.607, 0, NVIDIA GeForce RTX 3080, 5973, 4079, 10240, 97, 98
2026/07/30 19:33:00.720, 0, NVIDIA GeForce RTX 3080, 5973, 4079, 10240, 97, 98
2026/07/30 19:33:00.832, 0, NVIDIA GeForce RTX 3080, 5973, 4079, 10240, 97, 98
2026/07/30 19:33:00.944, 0, NVIDIA GeForce RTX 3080, 5973, 4079, 10240, 97, 98
2026/07/30 19:33:01.056, 0, NVIDIA GeForce RTX 3080, 5973, 4079, 10240, 97, 98
2026/07/30 19:33:01.168, 0, NVIDIA GeForce RTX 3080, 5973, 4079, 10240, 97, 98
2026/07/30 19:33:01.280, 0, NVIDIA GeForce RTX 3080, 5973, 4079, 10240, 97, 98
2026/07/30 19:33:01.392, 0, NVIDIA GeForce RTX 3080, 5973, 4079, 10240, 97, 98
2026/07/30 19:33:01.504, 0, NVIDIA GeForce RTX 3080, 5973, 4079, 10240, 97, 98
2026/07/30 19:33:01.616, 0, NVIDIA GeForce RTX 3080, 5973, 4079, 10240, 97, 98
2026/07/30 19:33:01.728, 0, NVIDIA GeForce RTX 3080, 5973, 4079, 10240, 97, 98
2026/07/30 19:33:01.840, 0, NVIDIA GeForce RTX 3080, 5973, 4079, 10240, 97, 98
2026/07/30 19:33:01.949, 0, NVIDIA GeForce RTX 3080, 5973, 4079, 10240, 97, 98
2026/07/30 19:33:02.057, 0, NVIDIA GeForce RTX 3080, 5973, 4079, 10240, 97, 98
2026/07/30 19:33:02.167, 0, NVIDIA GeForce RTX 3080, 5973, 4079, 10240, 97, 98
2026/07/30 19:33:02.278, 0, NVIDIA GeForce RTX 3080, 5973, 4079, 10240, 98, 97
2026/07/30 19:33:02.390, 0, NVIDIA GeForce RTX 3080, 5973, 4079, 10240, 98, 97
2026/07/30 19:33:02.502, 0, NVIDIA GeForce RTX 3080, 5973, 4079, 10240, 98, 97
2026/07/30 19:33:02.614, 0, NVIDIA GeForce RTX 3080, 5973, 4079, 10240, 98, 97
2026/07/30 19:33:02.725, 0, NVIDIA GeForce RTX 3080, 5973, 4079, 10240, 98, 97
2026/07/30 19:33:02.837, 0, NVIDIA GeForce RTX 3080, 5973, 4079, 10240, 98, 98
2026/07/30 19:33:02.949, 0, NVIDIA GeForce RTX 3080, 5973, 4079, 10240, 98, 98
2026/07/30 19:33:03.061, 0, NVIDIA GeForce RTX 3080, 5973, 4079, 10240, 98, 98
2026/07/30 19:33:03.173, 0, NVIDIA GeForce RTX 3080, 5973, 4079, 10240, 98, 98
2026/07/30 19:33:03.284, 0, NVIDIA GeForce RTX 3080, 5973, 4079, 10240, 98, 98
2026/07/30 19:33:03.396, 0, NVIDIA GeForce RTX 3080, 5973, 4079, 10240, 98, 98
2026/07/30 19:33:03.508, 0, NVIDIA GeForce RTX 3080, 5973, 4079, 10240, 98, 98
2026/07/30 19:33:03.620, 0, NVIDIA GeForce RTX 3080, 5973, 4079, 10240, 98, 98
2026/07/30 19:33:03.732, 0, NVIDIA GeForce RTX 3080, 5973, 4079, 10240, 98, 98
2026/07/30 19:33:03.844, 0, NVIDIA GeForce RTX 3080, 5973, 4079, 10240, 96, 97
2026/07/30 19:33:03.957, 0, NVIDIA GeForce RTX 3080, 5973, 4079, 10240, 96, 97
2026/07/30 19:33:04.068, 0, NVIDIA GeForce RTX 3080, 5973, 4079, 10240, 96, 97
2026/07/30 19:33:04.180, 0, NVIDIA GeForce RTX 3080, 5973, 4079, 10240, 96, 97
2026/07/30 19:33:04.292, 0, NVIDIA GeForce RTX 3080, 5973, 4079, 10240, 96, 98
2026/07/30 19:33:04.404, 0, NVIDIA GeForce RTX 3080, 5973, 4079, 10240, 96, 98
2026/07/30 19:33:04.515, 0, NVIDIA GeForce RTX 3080, 5973, 4079, 10240, 96, 98
2026/07/30 19:33:04.627, 0, NVIDIA GeForce RTX 3080, 5973, 4079, 10240, 96, 98
2026/07/30 19:33:04.738, 0, NVIDIA GeForce RTX 3080, 5973, 4079, 10240, 96, 98
2026/07/30 19:33:04.848, 0, NVIDIA GeForce RTX 3080, 5973, 4079, 10240, 96, 98
2026/07/30 19:33:04.959, 0, NVIDIA GeForce RTX 3080, 5973, 4079, 10240, 96, 98
2026/07/30 19:33:05.070, 0, NVIDIA GeForce RTX 3080, 5973, 4079, 10240, 96, 98
2026/07/30 19:33:05.181, 0, NVIDIA GeForce RTX 3080, 5973, 4079, 10240, 96, 98
2026/07/30 19:33:05.292, 0, NVIDIA GeForce RTX 3080, 5973, 4079, 10240, 95, 97
2026/07/30 19:33:05.403, 0, NVIDIA GeForce RTX 3080, 5973, 4079, 10240, 95, 97
2026/07/30 19:33:05.515, 0, NVIDIA GeForce RTX 3080, 5973, 4079, 10240, 95, 97
2026/07/30 19:33:05.626, 0, NVIDIA GeForce RTX 3080, 5973, 4079, 10240, 95, 97
2026/07/30 19:33:05.738, 0, NVIDIA GeForce RTX 3080, 5973, 4079, 10240, 95, 97
2026/07/30 19:33:05.850, 0, NVIDIA GeForce RTX 3080, 5973, 4079, 10240, 94, 96
2026/07/30 19:33:05.962, 0, NVIDIA GeForce RTX 3080, 5973, 4079, 10240, 94, 96
2026/07/30 19:33:06.074, 0, NVIDIA GeForce RTX 3080, 5973, 4079, 10240, 94, 96
2026/07/30 19:33:06.186, 0, NVIDIA GeForce RTX 3080, 5973, 4079, 10240, 94, 96
2026/07/30 19:33:06.298, 0, NVIDIA GeForce RTX 3080, 5973, 4079, 10240, 97, 98
2026/07/30 19:33:06.409, 0, NVIDIA GeForce RTX 3080, 5973, 4079, 10240, 97, 98
2026/07/30 19:33:06.521, 0, NVIDIA GeForce RTX 3080, 5973, 4079, 10240, 97, 98
2026/07/30 19:33:06.633, 0, NVIDIA GeForce RTX 3080, 5973, 4079, 10240, 97, 98
2026/07/30 19:33:06.745, 0, NVIDIA GeForce RTX 3080, 5973, 4079, 10240, 97, 98
2026/07/30 19:33:06.857, 0, NVIDIA GeForce RTX 3080, 5973, 4079, 10240, 97, 98
2026/07/30 19:33:06.969, 0, NVIDIA GeForce RTX 3080, 5973, 4079, 10240, 97, 98
2026/07/30 19:33:07.082, 0, NVIDIA GeForce RTX 3080, 5973, 4079, 10240, 97, 98
2026/07/30 19:33:07.194, 0, NVIDIA GeForce RTX 3080, 5973, 4079, 10240, 97, 98
2026/07/30 19:33:07.306, 0, NVIDIA GeForce RTX 3080, 5973, 4079, 10240, 97, 98
2026/07/30 19:33:07.418, 0, NVIDIA GeForce RTX 3080, 5973, 4079, 10240, 97, 98
2026/07/30 19:33:07.529, 0, NVIDIA GeForce RTX 3080, 5973, 4079, 10240, 97, 98
2026/07/30 19:33:07.641, 0, NVIDIA GeForce RTX 3080, 5973, 4079, 10240, 97, 98
2026/07/30 19:33:07.753, 0, NVIDIA GeForce RTX 3080, 5973, 4079, 10240, 94, 96
2026/07/30 19:33:07.865, 0, NVIDIA GeForce RTX 3080, 5973, 4079, 10240, 94, 96
2026/07/30 19:33:07.977, 0, NVIDIA GeForce RTX 3080, 5973, 4079, 10240, 94, 96
2026/07/30 19:33:08.089, 0, NVIDIA GeForce RTX 3080, 5973, 4079, 10240, 94, 96
2026/07/30 19:33:08.201, 0, NVIDIA GeForce RTX 3080, 5973, 4079, 10240, 94, 96
2026/07/30 19:33:08.313, 0, NVIDIA GeForce RTX 3080, 5973, 4079, 10240, 94, 97
2026/07/30 19:33:08.425, 0, NVIDIA GeForce RTX 3080, 5973, 4079, 10240, 94, 97
2026/07/30 19:33:08.537, 0, NVIDIA GeForce RTX 3080, 5973, 4079, 10240, 94, 97
2026/07/30 19:33:08.648, 0, NVIDIA GeForce RTX 3080, 5973, 4079, 10240, 94, 97
2026/07/30 19:33:08.760, 0, NVIDIA GeForce RTX 3080, 5973, 4079, 10240, 95, 98
2026/07/30 19:33:08.872, 0, NVIDIA GeForce RTX 3080, 5973, 4079, 10240, 95, 98
2026/07/30 19:33:08.984, 0, NVIDIA GeForce RTX 3080, 5973, 4079, 10240, 95, 98
2026/07/30 19:33:09.096, 0, NVIDIA GeForce RTX 3080, 5973, 4079, 10240, 95, 98
2026/07/30 19:33:09.207, 0, NVIDIA GeForce RTX 3080, 5973, 4079, 10240, 95, 98
2026/07/30 19:33:09.320, 0, NVIDIA GeForce RTX 3080, 5973, 4079, 10240, 96, 98
2026/07/30 19:33:09.432, 0, NVIDIA GeForce RTX 3080, 5973, 4079, 10240, 96, 98
2026/07/30 19:33:09.544, 0, NVIDIA GeForce RTX 3080, 5973, 4079, 10240, 96, 98
2026/07/30 19:33:09.656, 0, NVIDIA GeForce RTX 3080, 5973, 4079, 10240, 96, 98
2026/07/30 19:33:09.767, 0, NVIDIA GeForce RTX 3080, 5973, 4079, 10240, 96, 98
2026/07/30 19:33:09.878, 0, NVIDIA GeForce RTX 3080, 5973, 4079, 10240, 96, 98
2026/07/30 19:33:09.988, 0, NVIDIA GeForce RTX 3080, 5973, 4079, 10240, 96, 98
2026/07/30 19:33:10.096, 0, NVIDIA GeForce RTX 3080, 5973, 4079, 10240, 96, 98
2026/07/30 19:33:10.206, 0, NVIDIA GeForce RTX 3080, 5973, 4079, 10240, 96, 98
2026/07/30 19:33:10.316, 0, NVIDIA GeForce RTX 3080, 5973, 4079, 10240, 96, 97
2026/07/30 19:33:10.425, 0, NVIDIA GeForce RTX 3080, 5973, 4079, 10240, 96, 97
2026/07/30 19:33:10.535, 0, NVIDIA GeForce RTX 3080, 5973, 4079, 10240, 96, 97
2026/07/30 19:33:10.646, 0, NVIDIA GeForce RTX 3080, 5973, 4079, 10240, 96, 97
2026/07/30 19:33:10.758, 0, NVIDIA GeForce RTX 3080, 5973, 4079, 10240, 97, 98
2026/07/30 19:33:10.870, 0, NVIDIA GeForce RTX 3080, 5973, 4079, 10240, 97, 98
2026/07/30 19:33:10.981, 0, NVIDIA GeForce RTX 3080, 5973, 4079, 10240, 97, 98
2026/07/30 19:33:11.092, 0, NVIDIA GeForce RTX 3080, 5973, 4079, 10240, 97, 98
2026/07/30 19:33:11.203, 0, NVIDIA GeForce RTX 3080, 5973, 4079, 10240, 97, 98
2026/07/30 19:33:11.314, 0, NVIDIA GeForce RTX 3080, 5973, 4079, 10240, 97, 98
2026/07/30 19:33:11.424, 0, NVIDIA GeForce RTX 3080, 5973, 4079, 10240, 97, 98
2026/07/30 19:33:11.535, 0, NVIDIA GeForce RTX 3080, 5973, 4079, 10240, 97, 98
2026/07/30 19:33:11.647, 0, NVIDIA GeForce RTX 3080, 5973, 4079, 10240, 97, 98
2026/07/30 19:33:11.759, 0, NVIDIA GeForce RTX 3080, 5973, 4079, 10240, 98, 98
2026/07/30 19:33:11.871, 0, NVIDIA GeForce RTX 3080, 5973, 4079, 10240, 98, 98
2026/07/30 19:33:11.983, 0, NVIDIA GeForce RTX 3080, 5973, 4079, 10240, 98, 98
2026/07/30 19:33:12.094, 0, NVIDIA GeForce RTX 3080, 5973, 4079, 10240, 98, 98
2026/07/30 19:33:12.206, 0, NVIDIA GeForce RTX 3080, 5973, 4079, 10240, 98, 98
2026/07/30 19:33:12.318, 0, NVIDIA GeForce RTX 3080, 5973, 4079, 10240, 98, 98
2026/07/30 19:33:12.430, 0, NVIDIA GeForce RTX 3080, 5973, 4079, 10240, 98, 98
2026/07/30 19:33:12.542, 0, NVIDIA GeForce RTX 3080, 5973, 4079, 10240, 98, 98
2026/07/30 19:33:12.653, 0, NVIDIA GeForce RTX 3080, 5973, 4079, 10240, 98, 98
2026/07/30 19:33:12.764, 0, NVIDIA GeForce RTX 3080, 5973, 4079, 10240, 98, 97
2026/07/30 19:33:12.875, 0, NVIDIA GeForce RTX 3080, 5973, 4079, 10240, 98, 97
2026/07/30 19:33:12.987, 0, NVIDIA GeForce RTX 3080, 5973, 4079, 10240, 98, 97
2026/07/30 19:33:13.099, 0, NVIDIA GeForce RTX 3080, 5973, 4079, 10240, 98, 97
2026/07/30 19:33:13.212, 0, NVIDIA GeForce RTX 3080, 5973, 4079, 10240, 98, 97
2026/07/30 19:33:13.324, 0, NVIDIA GeForce RTX 3080, 5973, 4079, 10240, 98, 98
2026/07/30 19:33:13.436, 0, NVIDIA GeForce RTX 3080, 5973, 4079, 10240, 98, 98
2026/07/30 19:33:13.548, 0, NVIDIA GeForce RTX 3080, 5973, 4079, 10240, 98, 98
2026/07/30 19:33:13.659, 0, NVIDIA GeForce RTX 3080, 5973, 4079, 10240, 98, 98
2026/07/30 19:33:13.771, 0, NVIDIA GeForce RTX 3080, 5973, 4079, 10240, 95, 98
2026/07/30 19:33:13.883, 0, NVIDIA GeForce RTX 3080, 5973, 4079, 10240, 95, 98
2026/07/30 19:33:13.995, 0, NVIDIA GeForce RTX 3080, 5973, 4079, 10240, 95, 98
2026/07/30 19:33:14.107, 0, NVIDIA GeForce RTX 3080, 5973, 4079, 10240, 95, 98
2026/07/30 19:33:14.219, 0, NVIDIA GeForce RTX 3080, 5973, 4079, 10240, 95, 98
2026/07/30 19:33:14.331, 0, NVIDIA GeForce RTX 3080, 5973, 4079, 10240, 95, 98
2026/07/30 19:33:14.442, 0, NVIDIA GeForce RTX 3080, 5973, 4079, 10240, 95, 98
2026/07/30 19:33:14.552, 0, NVIDIA GeForce RTX 3080, 5973, 4079, 10240, 95, 98
2026/07/30 19:33:14.664, 0, NVIDIA GeForce RTX 3080, 5973, 4079, 10240, 95, 98
2026/07/30 19:33:14.776, 0, NVIDIA GeForce RTX 3080, 5973, 4079, 10240, 96, 98
2026/07/30 19:33:14.887, 0, NVIDIA GeForce RTX 3080, 5973, 4079, 10240, 96, 98
2026/07/30 19:33:14.996, 0, NVIDIA GeForce RTX 3080, 5973, 4079, 10240, 96, 98
2026/07/30 19:33:15.105, 0, NVIDIA GeForce RTX 3080, 5973, 4079, 10240, 96, 98
2026/07/30 19:33:15.214, 0, NVIDIA GeForce RTX 3080, 5973, 4079, 10240, 96, 98
2026/07/30 19:33:15.324, 0, NVIDIA GeForce RTX 3080, 5973, 4079, 10240, 96, 98
2026/07/30 19:33:15.434, 0, NVIDIA GeForce RTX 3080, 5973, 4079, 10240, 96, 98
2026/07/30 19:33:15.544, 0, NVIDIA GeForce RTX 3080, 5973, 4079, 10240, 96, 98
2026/07/30 19:33:15.656, 0, NVIDIA GeForce RTX 3080, 5973, 4079, 10240, 96, 98
2026/07/30 19:33:15.769, 0, NVIDIA GeForce RTX 3080, 5973, 4079, 10240, 97, 97
2026/07/30 19:33:15.879, 0, NVIDIA GeForce RTX 3080, 5973, 4079, 10240, 97, 97
2026/07/30 19:33:15.989, 0, NVIDIA GeForce RTX 3080, 5973, 4079, 10240, 97, 97
2026/07/30 19:33:16.102, 0, NVIDIA GeForce RTX 3080, 5973, 4079, 10240, 97, 97
2026/07/30 19:33:16.214, 0, NVIDIA GeForce RTX 3080, 5973, 4079, 10240, 97, 97
2026/07/30 19:33:16.326, 0, NVIDIA GeForce RTX 3080, 5973, 4079, 10240, 97, 97
2026/07/30 19:33:16.438, 0, NVIDIA GeForce RTX 3080, 5973, 4079, 10240, 97, 97
2026/07/30 19:33:16.550, 0, NVIDIA GeForce RTX 3080, 5973, 4079, 10240, 97, 97
2026/07/30 19:33:16.662, 0, NVIDIA GeForce RTX 3080, 5973, 4079, 10240, 97, 97
2026/07/30 19:33:16.774, 0, NVIDIA GeForce RTX 3080, 5973, 4079, 10240, 96, 97
2026/07/30 19:33:16.886, 0, NVIDIA GeForce RTX 3080, 5973, 4079, 10240, 96, 97
2026/07/30 19:33:16.995, 0, NVIDIA GeForce RTX 3080, 5973, 4079, 10240, 96, 97
2026/07/30 19:33:17.105, 0, NVIDIA GeForce RTX 3080, 5973, 4079, 10240, 96, 97
2026/07/30 19:33:17.216, 0, NVIDIA GeForce RTX 3080, 5973, 4079, 10240, 96, 97
2026/07/30 19:33:17.328, 0, NVIDIA GeForce RTX 3080, 5973, 4079, 10240, 97, 97
2026/07/30 19:33:17.439, 0, NVIDIA GeForce RTX 3080, 5973, 4079, 10240, 97, 97
2026/07/30 19:33:17.551, 0, NVIDIA GeForce RTX 3080, 5973, 4079, 10240, 97, 97
2026/07/30 19:33:17.663, 0, NVIDIA GeForce RTX 3080, 5973, 4079, 10240, 97, 97
2026/07/30 19:33:17.775, 0, NVIDIA GeForce RTX 3080, 5973, 4079, 10240, 95, 98
2026/07/30 19:33:17.887, 0, NVIDIA GeForce RTX 3080, 5973, 4079, 10240, 95, 98
2026/07/30 19:33:17.999, 0, NVIDIA GeForce RTX 3080, 5973, 4079, 10240, 95, 98
2026/07/30 19:33:18.112, 0, NVIDIA GeForce RTX 3080, 5973, 4079, 10240, 95, 98
2026/07/30 19:33:18.224, 0, NVIDIA GeForce RTX 3080, 5973, 4079, 10240, 95, 98
2026/07/30 19:33:18.336, 0, NVIDIA GeForce RTX 3080, 5973, 4079, 10240, 96, 98
2026/07/30 19:33:18.448, 0, NVIDIA GeForce RTX 3080, 5973, 4079, 10240, 96, 98
2026/07/30 19:33:18.560, 0, NVIDIA GeForce RTX 3080, 5973, 4079, 10240, 96, 98
2026/07/30 19:33:18.672, 0, NVIDIA GeForce RTX 3080, 5973, 4079, 10240, 96, 98
2026/07/30 19:33:18.784, 0, NVIDIA GeForce RTX 3080, 5973, 4079, 10240, 96, 98
2026/07/30 19:33:18.895, 0, NVIDIA GeForce RTX 3080, 5973, 4079, 10240, 96, 98
2026/07/30 19:33:19.007, 0, NVIDIA GeForce RTX 3080, 5973, 4079, 10240, 96, 98
2026/07/30 19:33:19.119, 0, NVIDIA GeForce RTX 3080, 5973, 4079, 10240, 96, 98
2026/07/30 19:33:19.231, 0, NVIDIA GeForce RTX 3080, 5973, 4079, 10240, 96, 98
2026/07/30 19:33:19.343, 0, NVIDIA GeForce RTX 3080, 5973, 4079, 10240, 95, 98
2026/07/30 19:33:19.455, 0, NVIDIA GeForce RTX 3080, 5973, 4079, 10240, 95, 98
2026/07/30 19:33:19.567, 0, NVIDIA GeForce RTX 3080, 5973, 4079, 10240, 95, 98
2026/07/30 19:33:19.678, 0, NVIDIA GeForce RTX 3080, 5973, 4079, 10240, 95, 98
2026/07/30 19:33:19.790, 0, NVIDIA GeForce RTX 3080, 5973, 4079, 10240, 95, 96
2026/07/30 19:33:19.902, 0, NVIDIA GeForce RTX 3080, 5973, 4079, 10240, 95, 96
2026/07/30 19:33:20.013, 0, NVIDIA GeForce RTX 3080, 5973, 4079, 10240, 95, 96
2026/07/30 19:33:20.125, 0, NVIDIA GeForce RTX 3080, 5973, 4079, 10240, 95, 96
2026/07/30 19:33:20.237, 0, NVIDIA GeForce RTX 3080, 5973, 4079, 10240, 95, 96
2026/07/30 19:33:20.349, 0, NVIDIA GeForce RTX 3080, 5973, 4079, 10240, 95, 96
2026/07/30 19:33:20.461, 0, NVIDIA GeForce RTX 3080, 5973, 4079, 10240, 95, 96
2026/07/30 19:33:20.573, 0, NVIDIA GeForce RTX 3080, 5973, 4079, 10240, 95, 96
2026/07/30 19:33:20.685, 0, NVIDIA GeForce RTX 3080, 5973, 4079, 10240, 95, 96
2026/07/30 19:33:20.796, 0, NVIDIA GeForce RTX 3080, 5973, 4079, 10240, 97, 98
2026/07/30 19:33:20.907, 0, NVIDIA GeForce RTX 3080, 5973, 4079, 10240, 97, 98
2026/07/30 19:33:21.019, 0, NVIDIA GeForce RTX 3080, 5973, 4079, 10240, 97, 98
2026/07/30 19:33:21.131, 0, NVIDIA GeForce RTX 3080, 5973, 4079, 10240, 97, 98
2026/07/30 19:33:21.243, 0, NVIDIA GeForce RTX 3080, 5973, 4079, 10240, 97, 98
2026/07/30 19:33:21.355, 0, NVIDIA GeForce RTX 3080, 5973, 4079, 10240, 97, 98
2026/07/30 19:33:21.467, 0, NVIDIA GeForce RTX 3080, 5973, 4079, 10240, 97, 98
2026/07/30 19:33:21.578, 0, NVIDIA GeForce RTX 3080, 5973, 4079, 10240, 97, 98
2026/07/30 19:33:21.690, 0, NVIDIA GeForce RTX 3080, 5973, 4079, 10240, 97, 98
2026/07/30 19:33:21.801, 0, NVIDIA GeForce RTX 3080, 5973, 4079, 10240, 98, 97
2026/07/30 19:33:21.911, 0, NVIDIA GeForce RTX 3080, 5973, 4079, 10240, 98, 97
2026/07/30 19:33:22.025, 0, NVIDIA GeForce RTX 3080, 5973, 4079, 10240, 98, 97
2026/07/30 19:33:22.135, 0, NVIDIA GeForce RTX 3080, 5973, 4079, 10240, 98, 97
2026/07/30 19:33:22.248, 0, NVIDIA GeForce RTX 3080, 5973, 4079, 10240, 98, 98
2026/07/30 19:33:22.359, 0, NVIDIA GeForce RTX 3080, 5973, 4079, 10240, 98, 98
2026/07/30 19:33:22.470, 0, NVIDIA GeForce RTX 3080, 5973, 4079, 10240, 98, 98
2026/07/30 19:33:22.581, 0, NVIDIA GeForce RTX 3080, 5973, 4079, 10240, 98, 98
2026/07/30 19:33:22.692, 0, NVIDIA GeForce RTX 3080, 5973, 4079, 10240, 98, 98
2026/07/30 19:33:22.804, 0, NVIDIA GeForce RTX 3080, 5973, 4079, 10240, 98, 98
2026/07/30 19:33:22.916, 0, NVIDIA GeForce RTX 3080, 5973, 4079, 10240, 98, 98
2026/07/30 19:33:23.027, 0, NVIDIA GeForce RTX 3080, 5973, 4079, 10240, 98, 98
2026/07/30 19:33:23.139, 0, NVIDIA GeForce RTX 3080, 5973, 4079, 10240, 98, 98
2026/07/30 19:33:23.251, 0, NVIDIA GeForce RTX 3080, 5973, 4079, 10240, 98, 98
2026/07/30 19:33:23.363, 0, NVIDIA GeForce RTX 3080, 5973, 4079, 10240, 98, 98
2026/07/30 19:33:23.473, 0, NVIDIA GeForce RTX 3080, 5973, 4079, 10240, 98, 98
2026/07/30 19:33:23.585, 0, NVIDIA GeForce RTX 3080, 5973, 4079, 10240, 98, 98
2026/07/30 19:33:23.696, 0, NVIDIA GeForce RTX 3080, 5973, 4079, 10240, 98, 98
2026/07/30 19:33:23.808, 0, NVIDIA GeForce RTX 3080, 5973, 4079, 10240, 95, 98
2026/07/30 19:33:23.920, 0, NVIDIA GeForce RTX 3080, 5973, 4079, 10240, 95, 98
2026/07/30 19:33:24.032, 0, NVIDIA GeForce RTX 3080, 5973, 4079, 10240, 95, 98
2026/07/30 19:33:24.143, 0, NVIDIA GeForce RTX 3080, 5973, 4079, 10240, 95, 98
2026/07/30 19:33:24.255, 0, NVIDIA GeForce RTX 3080, 5973, 4079, 10240, 95, 98
2026/07/30 19:33:24.367, 0, NVIDIA GeForce RTX 3080, 5973, 4079, 10240, 95, 98
2026/07/30 19:33:24.479, 0, NVIDIA GeForce RTX 3080, 5973, 4079, 10240, 95, 98
2026/07/30 19:33:24.591, 0, NVIDIA GeForce RTX 3080, 5973, 4079, 10240, 95, 98
2026/07/30 19:33:24.703, 0, NVIDIA GeForce RTX 3080, 5973, 4079, 10240, 95, 98
2026/07/30 19:33:24.815, 0, NVIDIA GeForce RTX 3080, 5973, 4079, 10240, 95, 98
2026/07/30 19:33:24.927, 0, NVIDIA GeForce RTX 3080, 5973, 4079, 10240, 95, 98
2026/07/30 19:33:25.039, 0, NVIDIA GeForce RTX 3080, 5973, 4079, 10240, 95, 98
2026/07/30 19:33:25.151, 0, NVIDIA GeForce RTX 3080, 5973, 4079, 10240, 95, 98
2026/07/30 19:33:25.263, 0, NVIDIA GeForce RTX 3080, 5973, 4079, 10240, 94, 96
2026/07/30 19:33:25.375, 0, NVIDIA GeForce RTX 3080, 5973, 4079, 10240, 94, 96
2026/07/30 19:33:25.487, 0, NVIDIA GeForce RTX 3080, 5973, 4079, 10240, 94, 96
2026/07/30 19:33:25.599, 0, NVIDIA GeForce RTX 3080, 5973, 4079, 10240, 94, 96
2026/07/30 19:33:25.710, 0, NVIDIA GeForce RTX 3080, 5973, 4079, 10240, 94, 96
2026/07/30 19:33:25.821, 0, NVIDIA GeForce RTX 3080, 5973, 4079, 10240, 97, 98
2026/07/30 19:33:25.933, 0, NVIDIA GeForce RTX 3080, 5973, 4079, 10240, 97, 98
2026/07/30 19:33:26.044, 0, NVIDIA GeForce RTX 3080, 5973, 4079, 10240, 97, 98
2026/07/30 19:33:26.156, 0, NVIDIA GeForce RTX 3080, 5973, 4079, 10240, 97, 98
2026/07/30 19:33:26.268, 0, NVIDIA GeForce RTX 3080, 5973, 4079, 10240, 98, 98
2026/07/30 19:33:26.381, 0, NVIDIA GeForce RTX 3080, 5973, 4079, 10240, 98, 98
2026/07/30 19:33:26.493, 0, NVIDIA GeForce RTX 3080, 5973, 4079, 10240, 98, 98
2026/07/30 19:33:26.604, 0, NVIDIA GeForce RTX 3080, 5973, 4079, 10240, 98, 98
2026/07/30 19:33:26.716, 0, NVIDIA GeForce RTX 3080, 5973, 4079, 10240, 98, 98
2026/07/30 19:33:26.828, 0, NVIDIA GeForce RTX 3080, 5973, 4079, 10240, 97, 98
2026/07/30 19:33:26.940, 0, NVIDIA GeForce RTX 3080, 5973, 4079, 10240, 97, 98
2026/07/30 19:33:27.052, 0, NVIDIA GeForce RTX 3080, 5973, 4079, 10240, 97, 98
2026/07/30 19:33:27.164, 0, NVIDIA GeForce RTX 3080, 5973, 4079, 10240, 97, 98
2026/07/30 19:33:27.275, 0, NVIDIA GeForce RTX 3080, 5973, 4079, 10240, 94, 96
2026/07/30 19:33:27.387, 0, NVIDIA GeForce RTX 3080, 5973, 4079, 10240, 94, 96
2026/07/30 19:33:27.499, 0, NVIDIA GeForce RTX 3080, 5973, 4079, 10240, 94, 96
2026/07/30 19:33:27.611, 0, NVIDIA GeForce RTX 3080, 5973, 4079, 10240, 94, 96
2026/07/30 19:33:27.723, 0, NVIDIA GeForce RTX 3080, 5973, 4079, 10240, 94, 96
2026/07/30 19:33:27.835, 0, NVIDIA GeForce RTX 3080, 5973, 4079, 10240, 96, 98
2026/07/30 19:33:27.946, 0, NVIDIA GeForce RTX 3080, 5973, 4079, 10240, 96, 98
2026/07/30 19:33:28.055, 0, NVIDIA GeForce RTX 3080, 5973, 4079, 10240, 96, 98
2026/07/30 19:33:28.165, 0, NVIDIA GeForce RTX 3080, 5973, 4079, 10240, 96, 98
2026/07/30 19:33:28.275, 0, NVIDIA GeForce RTX 3080, 5973, 4079, 10240, 95, 97
2026/07/30 19:33:28.384, 0, NVIDIA GeForce RTX 3080, 5973, 4079, 10240, 95, 97
2026/07/30 19:33:28.494, 0, NVIDIA GeForce RTX 3080, 5973, 4079, 10240, 95, 97
2026/07/30 19:33:28.603, 0, NVIDIA GeForce RTX 3080, 5973, 4079, 10240, 95, 97
2026/07/30 19:33:28.712, 0, NVIDIA GeForce RTX 3080, 5973, 4079, 10240, 95, 97
2026/07/30 19:33:28.822, 0, NVIDIA GeForce RTX 3080, 5973, 4079, 10240, 96, 98
2026/07/30 19:33:28.934, 0, NVIDIA GeForce RTX 3080, 5973, 4079, 10240, 96, 98
2026/07/30 19:33:29.046, 0, NVIDIA GeForce RTX 3080, 5973, 4079, 10240, 96, 98
2026/07/30 19:33:29.157, 0, NVIDIA GeForce RTX 3080, 5973, 4079, 10240, 96, 98
2026/07/30 19:33:29.269, 0, NVIDIA GeForce RTX 3080, 5973, 4079, 10240, 96, 98
2026/07/30 19:33:29.381, 0, NVIDIA GeForce RTX 3080, 5973, 4079, 10240, 96, 98
2026/07/30 19:33:29.493, 0, NVIDIA GeForce RTX 3080, 5973, 4079, 10240, 96, 98
2026/07/30 19:33:29.605, 0, NVIDIA GeForce RTX 3080, 5973, 4079, 10240, 96, 98
2026/07/30 19:33:29.716, 0, NVIDIA GeForce RTX 3080, 5973, 4079, 10240, 96, 98
2026/07/30 19:33:29.828, 0, NVIDIA GeForce RTX 3080, 5973, 4079, 10240, 95, 96
2026/07/30 19:33:29.939, 0, NVIDIA GeForce RTX 3080, 5973, 4079, 10240, 95, 96
2026/07/30 19:33:30.048, 0, NVIDIA GeForce RTX 3080, 5973, 4079, 10240, 95, 96
2026/07/30 19:33:30.156, 0, NVIDIA GeForce RTX 3080, 5973, 4079, 10240, 95, 96
2026/07/30 19:33:30.266, 0, NVIDIA GeForce RTX 3080, 5973, 4079, 10240, 96, 98
2026/07/30 19:33:30.375, 0, NVIDIA GeForce RTX 3080, 5973, 4079, 10240, 96, 98
2026/07/30 19:33:30.485, 0, NVIDIA GeForce RTX 3080, 5973, 4079, 10240, 96, 98
2026/07/30 19:33:30.597, 0, NVIDIA GeForce RTX 3080, 5973, 4079, 10240, 96, 98
2026/07/30 19:33:30.708, 0, NVIDIA GeForce RTX 3080, 5973, 4079, 10240, 96, 98
2026/07/30 19:33:30.818, 0, NVIDIA GeForce RTX 3080, 5973, 4079, 10240, 97, 98
2026/07/30 19:33:30.930, 0, NVIDIA GeForce RTX 3080, 5973, 4079, 10240, 97, 98
2026/07/30 19:33:31.042, 0, NVIDIA GeForce RTX 3080, 5973, 4079, 10240, 97, 98
2026/07/30 19:33:31.153, 0, NVIDIA GeForce RTX 3080, 5973, 4079, 10240, 97, 98
2026/07/30 19:33:31.265, 0, NVIDIA GeForce RTX 3080, 5973, 4079, 10240, 98, 98
2026/07/30 19:33:31.377, 0, NVIDIA GeForce RTX 3080, 5973, 4079, 10240, 98, 98
2026/07/30 19:33:31.488, 0, NVIDIA GeForce RTX 3080, 5973, 4079, 10240, 98, 98
2026/07/30 19:33:31.600, 0, NVIDIA GeForce RTX 3080, 5973, 4079, 10240, 98, 98
2026/07/30 19:33:31.712, 0, NVIDIA GeForce RTX 3080, 5973, 4079, 10240, 98, 98
2026/07/30 19:33:31.823, 0, NVIDIA GeForce RTX 3080, 5973, 4079, 10240, 98, 97
2026/07/30 19:33:31.935, 0, NVIDIA GeForce RTX 3080, 5973, 4079, 10240, 98, 97
2026/07/30 19:33:32.047, 0, NVIDIA GeForce RTX 3080, 5973, 4079, 10240, 98, 97
2026/07/30 19:33:32.159, 0, NVIDIA GeForce RTX 3080, 5973, 4079, 10240, 98, 97
2026/07/30 19:33:32.272, 0, NVIDIA GeForce RTX 3080, 5973, 4079, 10240, 98, 98
2026/07/30 19:33:32.384, 0, NVIDIA GeForce RTX 3080, 5973, 4079, 10240, 98, 98
2026/07/30 19:33:32.496, 0, NVIDIA GeForce RTX 3080, 5973, 4079, 10240, 98, 98
2026/07/30 19:33:32.608, 0, NVIDIA GeForce RTX 3080, 5973, 4079, 10240, 98, 98
2026/07/30 19:33:32.720, 0, NVIDIA GeForce RTX 3080, 5973, 4079, 10240, 98, 98
2026/07/30 19:33:32.832, 0, NVIDIA GeForce RTX 3080, 5973, 4079, 10240, 98, 98
2026/07/30 19:33:32.943, 0, NVIDIA GeForce RTX 3080, 5973, 4079, 10240, 98, 98
2026/07/30 19:33:33.055, 0, NVIDIA GeForce RTX 3080, 5973, 4079, 10240, 98, 98
2026/07/30 19:33:33.167, 0, NVIDIA GeForce RTX 3080, 5973, 4079, 10240, 98, 98
2026/07/30 19:33:33.278, 0, NVIDIA GeForce RTX 3080, 5973, 4079, 10240, 96, 98
2026/07/30 19:33:33.389, 0, NVIDIA GeForce RTX 3080, 5973, 4079, 10240, 96, 98
2026/07/30 19:33:33.501, 0, NVIDIA GeForce RTX 3080, 5973, 4079, 10240, 96, 98
2026/07/30 19:33:33.612, 0, NVIDIA GeForce RTX 3080, 5973, 4079, 10240, 96, 98
2026/07/30 19:33:33.722, 0, NVIDIA GeForce RTX 3080, 5973, 4079, 10240, 96, 98
2026/07/30 19:33:33.834, 0, NVIDIA GeForce RTX 3080, 5973, 4079, 10240, 95, 98
2026/07/30 19:33:33.945, 0, NVIDIA GeForce RTX 3080, 5973, 4079, 10240, 95, 98
2026/07/30 19:33:34.057, 0, NVIDIA GeForce RTX 3080, 5973, 4079, 10240, 95, 98
2026/07/30 19:33:34.169, 0, NVIDIA GeForce RTX 3080, 5973, 4079, 10240, 95, 98
2026/07/30 19:33:34.281, 0, NVIDIA GeForce RTX 3080, 5973, 4079, 10240, 95, 98
2026/07/30 19:33:34.393, 0, NVIDIA GeForce RTX 3080, 5973, 4079, 10240, 95, 98
2026/07/30 19:33:34.504, 0, NVIDIA GeForce RTX 3080, 5973, 4079, 10240, 95, 98
2026/07/30 19:33:34.616, 0, NVIDIA GeForce RTX 3080, 5973, 4079, 10240, 95, 98
2026/07/30 19:33:34.728, 0, NVIDIA GeForce RTX 3080, 5973, 4079, 10240, 95, 98
2026/07/30 19:33:34.839, 0, NVIDIA GeForce RTX 3080, 5973, 4079, 10240, 95, 98
2026/07/30 19:33:34.951, 0, NVIDIA GeForce RTX 3080, 5973, 4079, 10240, 95, 98
2026/07/30 19:33:35.061, 0, NVIDIA GeForce RTX 3080, 5973, 4079, 10240, 95, 98
2026/07/30 19:33:35.169, 0, NVIDIA GeForce RTX 3080, 5973, 4079, 10240, 95, 98
2026/07/30 19:33:35.278, 0, NVIDIA GeForce RTX 3080, 5973, 4079, 10240, 97, 98
2026/07/30 19:33:35.387, 0, NVIDIA GeForce RTX 3080, 5973, 4079, 10240, 97, 98
2026/07/30 19:33:35.499, 0, NVIDIA GeForce RTX 3080, 5973, 4079, 10240, 97, 98
2026/07/30 19:33:35.610, 0, NVIDIA GeForce RTX 3080, 5973, 4079, 10240, 97, 98
2026/07/30 19:33:35.722, 0, NVIDIA GeForce RTX 3080, 5973, 4079, 10240, 97, 98
2026/07/30 19:33:35.834, 0, NVIDIA GeForce RTX 3080, 5973, 4079, 10240, 97, 98
2026/07/30 19:33:35.945, 0, NVIDIA GeForce RTX 3080, 5973, 4079, 10240, 97, 98
2026/07/30 19:33:36.055, 0, NVIDIA GeForce RTX 3080, 5973, 4079, 10240, 97, 98
2026/07/30 19:33:36.167, 0, NVIDIA GeForce RTX 3080, 5973, 4079, 10240, 97, 98
2026/07/30 19:33:36.278, 0, NVIDIA GeForce RTX 3080, 5973, 4079, 10240, 97, 97
2026/07/30 19:33:36.389, 0, NVIDIA GeForce RTX 3080, 5973, 4079, 10240, 97, 97
2026/07/30 19:33:36.501, 0, NVIDIA GeForce RTX 3080, 5973, 4079, 10240, 97, 97
2026/07/30 19:33:36.612, 0, NVIDIA GeForce RTX 3080, 5973, 4079, 10240, 97, 97
2026/07/30 19:33:36.723, 0, NVIDIA GeForce RTX 3080, 5973, 4079, 10240, 97, 97
2026/07/30 19:33:36.835, 0, NVIDIA GeForce RTX 3080, 5973, 4079, 10240, 97, 98
2026/07/30 19:33:36.946, 0, NVIDIA GeForce RTX 3080, 5973, 4079, 10240, 97, 98
2026/07/30 19:33:37.055, 0, NVIDIA GeForce RTX 3080, 5973, 4079, 10240, 97, 98
2026/07/30 19:33:37.165, 0, NVIDIA GeForce RTX 3080, 5973, 4079, 10240, 97, 98
2026/07/30 19:33:37.277, 0, NVIDIA GeForce RTX 3080, 5973, 4079, 10240, 96, 98
2026/07/30 19:33:37.389, 0, NVIDIA GeForce RTX 3080, 5973, 4079, 10240, 96, 98
2026/07/30 19:33:37.502, 0, NVIDIA GeForce RTX 3080, 5973, 4079, 10240, 96, 98
2026/07/30 19:33:37.614, 0, NVIDIA GeForce RTX 3080, 5973, 4079, 10240, 96, 98
2026/07/30 19:33:37.726, 0, NVIDIA GeForce RTX 3080, 5973, 4079, 10240, 96, 98
2026/07/30 19:33:37.838, 0, NVIDIA GeForce RTX 3080, 5973, 4079, 10240, 94, 97
2026/07/30 19:33:37.949, 0, NVIDIA GeForce RTX 3080, 5973, 4079, 10240, 94, 97
2026/07/30 19:33:38.061, 0, NVIDIA GeForce RTX 3080, 5973, 4079, 10240, 94, 97
2026/07/30 19:33:38.171, 0, NVIDIA GeForce RTX 3080, 5973, 4079, 10240, 94, 97
2026/07/30 19:33:38.283, 0, NVIDIA GeForce RTX 3080, 5973, 4079, 10240, 96, 98
2026/07/30 19:33:38.394, 0, NVIDIA GeForce RTX 3080, 5973, 4079, 10240, 96, 98
2026/07/30 19:33:38.506, 0, NVIDIA GeForce RTX 3080, 5973, 4079, 10240, 96, 98
2026/07/30 19:33:38.618, 0, NVIDIA GeForce RTX 3080, 5973, 4079, 10240, 96, 98
2026/07/30 19:33:38.730, 0, NVIDIA GeForce RTX 3080, 5973, 4079, 10240, 96, 98
2026/07/30 19:33:38.842, 0, NVIDIA GeForce RTX 3080, 5973, 4079, 10240, 95, 97
2026/07/30 19:33:38.954, 0, NVIDIA GeForce RTX 3080, 5973, 4079, 10240, 95, 97
2026/07/30 19:33:39.066, 0, NVIDIA GeForce RTX 3080, 5973, 4079, 10240, 95, 97
2026/07/30 19:33:39.178, 0, NVIDIA GeForce RTX 3080, 5973, 4079, 10240, 95, 97
2026/07/30 19:33:39.290, 0, NVIDIA GeForce RTX 3080, 5973, 4079, 10240, 97, 98
2026/07/30 19:33:39.401, 0, NVIDIA GeForce RTX 3080, 5973, 4079, 10240, 97, 98
2026/07/30 19:33:39.512, 0, NVIDIA GeForce RTX 3080, 5973, 4079, 10240, 97, 98
2026/07/30 19:33:39.623, 0, NVIDIA GeForce RTX 3080, 5973, 4079, 10240, 97, 98
2026/07/30 19:33:39.734, 0, NVIDIA GeForce RTX 3080, 5973, 4079, 10240, 97, 98
2026/07/30 19:33:39.846, 0, NVIDIA GeForce RTX 3080, 5973, 4079, 10240, 97, 98
2026/07/30 19:33:39.959, 0, NVIDIA GeForce RTX 3080, 5973, 4079, 10240, 97, 98
2026/07/30 19:33:40.070, 0, NVIDIA GeForce RTX 3080, 5973, 4079, 10240, 97, 98
2026/07/30 19:33:40.182, 0, NVIDIA GeForce RTX 3080, 5973, 4079, 10240, 97, 98
2026/07/30 19:33:40.294, 0, NVIDIA GeForce RTX 3080, 5973, 4079, 10240, 97, 98
2026/07/30 19:33:40.406, 0, NVIDIA GeForce RTX 3080, 5973, 4079, 10240, 97, 98
2026/07/30 19:33:40.518, 0, NVIDIA GeForce RTX 3080, 5973, 4079, 10240, 97, 98
2026/07/30 19:33:40.630, 0, NVIDIA GeForce RTX 3080, 5973, 4079, 10240, 97, 98
2026/07/30 19:33:40.742, 0, NVIDIA GeForce RTX 3080, 5973, 4079, 10240, 97, 98
2026/07/30 19:33:40.854, 0, NVIDIA GeForce RTX 3080, 5973, 4079, 10240, 97, 98
2026/07/30 19:33:40.966, 0, NVIDIA GeForce RTX 3080, 5973, 4079, 10240, 97, 98
2026/07/30 19:33:41.078, 0, NVIDIA GeForce RTX 3080, 5973, 4079, 10240, 97, 98
2026/07/30 19:33:41.190, 0, NVIDIA GeForce RTX 3080, 5973, 4079, 10240, 97, 98
2026/07/30 19:33:41.302, 0, NVIDIA GeForce RTX 3080, 5973, 4079, 10240, 98, 98
2026/07/30 19:33:41.413, 0, NVIDIA GeForce RTX 3080, 5973, 4079, 10240, 98, 98
2026/07/30 19:33:41.525, 0, NVIDIA GeForce RTX 3080, 5973, 4079, 10240, 98, 98
2026/07/30 19:33:41.637, 0, NVIDIA GeForce RTX 3080, 5973, 4079, 10240, 98, 98
2026/07/30 19:33:41.749, 0, NVIDIA GeForce RTX 3080, 5973, 4079, 10240, 98, 98
2026/07/30 19:33:41.860, 0, NVIDIA GeForce RTX 3080, 5973, 4079, 10240, 98, 98
2026/07/30 19:33:41.970, 0, NVIDIA GeForce RTX 3080, 5973, 4079, 10240, 98, 98
2026/07/30 19:33:42.080, 0, NVIDIA GeForce RTX 3080, 5973, 4079, 10240, 98, 98
2026/07/30 19:33:42.190, 0, NVIDIA GeForce RTX 3080, 5973, 4079, 10240, 98, 98
2026/07/30 19:33:42.302, 0, NVIDIA GeForce RTX 3080, 5973, 4079, 10240, 98, 98
2026/07/30 19:33:42.412, 0, NVIDIA GeForce RTX 3080, 5973, 4079, 10240, 98, 98
2026/07/30 19:33:42.524, 0, NVIDIA GeForce RTX 3080, 5973, 4079, 10240, 98, 98
2026/07/30 19:33:42.636, 0, NVIDIA GeForce RTX 3080, 5973, 4079, 10240, 98, 98
2026/07/30 19:33:42.748, 0, NVIDIA GeForce RTX 3080, 5973, 4079, 10240, 93, 94
2026/07/30 19:33:42.860, 0, NVIDIA GeForce RTX 3080, 5973, 4079, 10240, 93, 94
2026/07/30 19:33:42.972, 0, NVIDIA GeForce RTX 3080, 5973, 4079, 10240, 93, 94
2026/07/30 19:33:43.084, 0, NVIDIA GeForce RTX 3080, 5973, 4079, 10240, 93, 94
2026/07/30 19:33:43.196, 0, NVIDIA GeForce RTX 3080, 5973, 4079, 10240, 93, 94
2026/07/30 19:33:43.308, 0, NVIDIA GeForce RTX 3080, 5973, 4079, 10240, 94, 96
2026/07/30 19:33:43.420, 0, NVIDIA GeForce RTX 3080, 5973, 4079, 10240, 94, 96
2026/07/30 19:33:43.532, 0, NVIDIA GeForce RTX 3080, 5973, 4079, 10240, 94, 96
2026/07/30 19:33:43.644, 0, NVIDIA GeForce RTX 3080, 5973, 4079, 10240, 94, 96
2026/07/30 19:33:43.756, 0, NVIDIA GeForce RTX 3080, 5973, 4079, 10240, 95, 98
2026/07/30 19:33:43.868, 0, NVIDIA GeForce RTX 3080, 5973, 4079, 10240, 95, 98
2026/07/30 19:33:43.980, 0, NVIDIA GeForce RTX 3080, 5973, 4079, 10240, 95, 98
2026/07/30 19:33:44.092, 0, NVIDIA GeForce RTX 3080, 5973, 4079, 10240, 95, 98
2026/07/30 19:33:44.204, 0, NVIDIA GeForce RTX 3080, 5973, 4079, 10240, 95, 98
2026/07/30 19:33:44.316, 0, NVIDIA GeForce RTX 3080, 5973, 4079, 10240, 96, 98
2026/07/30 19:33:44.428, 0, NVIDIA GeForce RTX 3080, 5973, 4079, 10240, 96, 98
2026/07/30 19:33:44.540, 0, NVIDIA GeForce RTX 3080, 5973, 4079, 10240, 96, 98
2026/07/30 19:33:44.652, 0, NVIDIA GeForce RTX 3080, 5973, 4079, 10240, 96, 98
2026/07/30 19:33:44.764, 0, NVIDIA GeForce RTX 3080, 5973, 4079, 10240, 94, 96
2026/07/30 19:33:44.876, 0, NVIDIA GeForce RTX 3080, 5973, 4079, 10240, 94, 96
2026/07/30 19:33:44.988, 0, NVIDIA GeForce RTX 3080, 5973, 4079, 10240, 94, 96
2026/07/30 19:33:45.100, 0, NVIDIA GeForce RTX 3080, 5973, 4079, 10240, 94, 96
2026/07/30 19:33:45.212, 0, NVIDIA GeForce RTX 3080, 5973, 4079, 10240, 94, 96
2026/07/30 19:33:45.323, 0, NVIDIA GeForce RTX 3080, 5973, 4079, 10240, 97, 98
2026/07/30 19:33:45.435, 0, NVIDIA GeForce RTX 3080, 5973, 4079, 10240, 97, 98
2026/07/30 19:33:45.547, 0, NVIDIA GeForce RTX 3080, 5973, 4079, 10240, 97, 98
2026/07/30 19:33:45.658, 0, NVIDIA GeForce RTX 3080, 5973, 4079, 10240, 97, 98
2026/07/30 19:33:45.769, 0, NVIDIA GeForce RTX 3080, 5973, 4079, 10240, 97, 98
2026/07/30 19:33:45.880, 0, NVIDIA GeForce RTX 3080, 5973, 4079, 10240, 97, 98
2026/07/30 19:33:45.991, 0, NVIDIA GeForce RTX 3080, 5973, 4079, 10240, 97, 98
2026/07/30 19:33:46.104, 0, NVIDIA GeForce RTX 3080, 5973, 4079, 10240, 97, 98
2026/07/30 19:33:46.216, 0, NVIDIA GeForce RTX 3080, 5973, 4079, 10240, 97, 98
2026/07/30 19:33:46.327, 0, NVIDIA GeForce RTX 3080, 5973, 4079, 10240, 97, 98
2026/07/30 19:33:46.439, 0, NVIDIA GeForce RTX 3080, 5973, 4079, 10240, 97, 98
2026/07/30 19:33:46.551, 0, NVIDIA GeForce RTX 3080, 5973, 4079, 10240, 97, 98
2026/07/30 19:33:46.663, 0, NVIDIA GeForce RTX 3080, 5973, 4079, 10240, 97, 98
2026/07/30 19:33:46.774, 0, NVIDIA GeForce RTX 3080, 5973, 4079, 10240, 94, 96
2026/07/30 19:33:46.886, 0, NVIDIA GeForce RTX 3080, 5973, 4079, 10240, 94, 96
2026/07/30 19:33:46.998, 0, NVIDIA GeForce RTX 3080, 5973, 4079, 10240, 94, 96
2026/07/30 19:33:47.110, 0, NVIDIA GeForce RTX 3080, 5973, 4079, 10240, 94, 96
2026/07/30 19:33:47.222, 0, NVIDIA GeForce RTX 3080, 5973, 4079, 10240, 94, 96
2026/07/30 19:33:47.334, 0, NVIDIA GeForce RTX 3080, 5973, 4079, 10240, 96, 98
2026/07/30 19:33:47.446, 0, NVIDIA GeForce RTX 3080, 5973, 4079, 10240, 96, 98
2026/07/30 19:33:47.558, 0, NVIDIA GeForce RTX 3080, 5973, 4079, 10240, 96, 98
2026/07/30 19:33:47.670, 0, NVIDIA GeForce RTX 3080, 5973, 4079, 10240, 96, 98
2026/07/30 19:33:47.782, 0, NVIDIA GeForce RTX 3080, 5973, 4079, 10240, 96, 98
2026/07/30 19:33:47.894, 0, NVIDIA GeForce RTX 3080, 5973, 4079, 10240, 96, 98
2026/07/30 19:33:48.005, 0, NVIDIA GeForce RTX 3080, 5973, 4079, 10240, 96, 98
2026/07/30 19:33:48.114, 0, NVIDIA GeForce RTX 3080, 5973, 4079, 10240, 96, 98
2026/07/30 19:33:48.223, 0, NVIDIA GeForce RTX 3080, 5973, 4079, 10240, 96, 98
2026/07/30 19:33:48.332, 0, NVIDIA GeForce RTX 3080, 5973, 4079, 10240, 96, 98
2026/07/30 19:33:48.442, 0, NVIDIA GeForce RTX 3080, 5973, 4079, 10240, 96, 98
2026/07/30 19:33:48.551, 0, NVIDIA GeForce RTX 3080, 5973, 4079, 10240, 96, 98
2026/07/30 19:33:48.660, 0, NVIDIA GeForce RTX 3080, 5973, 4079, 10240, 96, 98
2026/07/30 19:33:48.771, 0, NVIDIA GeForce RTX 3080, 5973, 4079, 10240, 93, 97
2026/07/30 19:33:48.882, 0, NVIDIA GeForce RTX 3080, 5973, 4079, 10240, 93, 97
2026/07/30 19:33:48.994, 0, NVIDIA GeForce RTX 3080, 5973, 4079, 10240, 93, 97
2026/07/30 19:33:49.105, 0, NVIDIA GeForce RTX 3080, 5973, 4079, 10240, 93, 97
2026/07/30 19:33:49.217, 0, NVIDIA GeForce RTX 3080, 5973, 4079, 10240, 93, 97
2026/07/30 19:33:49.328, 0, NVIDIA GeForce RTX 3080, 5973, 4079, 10240, 97, 98
2026/07/30 19:33:49.440, 0, NVIDIA GeForce RTX 3080, 5973, 4079, 10240, 97, 98
2026/07/30 19:33:49.552, 0, NVIDIA GeForce RTX 3080, 5973, 4079, 10240, 97, 98
2026/07/30 19:33:49.664, 0, NVIDIA GeForce RTX 3080, 5973, 4079, 10240, 97, 98
2026/07/30 19:33:49.776, 0, NVIDIA GeForce RTX 3080, 5973, 4079, 10240, 97, 98
2026/07/30 19:33:49.888, 0, NVIDIA GeForce RTX 3080, 5973, 4079, 10240, 97, 98
2026/07/30 19:33:50.000, 0, NVIDIA GeForce RTX 3080, 5973, 4079, 10240, 97, 98
2026/07/30 19:33:50.110, 0, NVIDIA GeForce RTX 3080, 5973, 4079, 10240, 97, 98
2026/07/30 19:33:50.219, 0, NVIDIA GeForce RTX 3080, 5973, 4079, 10240, 97, 98
2026/07/30 19:33:50.328, 0, NVIDIA GeForce RTX 3080, 5973, 4079, 10240, 96, 97
2026/07/30 19:33:50.439, 0, NVIDIA GeForce RTX 3080, 5973, 4079, 10240, 96, 97
2026/07/30 19:33:50.549, 0, NVIDIA GeForce RTX 3080, 5973, 4079, 10240, 96, 97
2026/07/30 19:33:50.661, 0, NVIDIA GeForce RTX 3080, 5973, 4079, 10240, 96, 97
2026/07/30 19:33:50.772, 0, NVIDIA GeForce RTX 3080, 5973, 4079, 10240, 98, 98
2026/07/30 19:33:50.884, 0, NVIDIA GeForce RTX 3080, 5973, 4079, 10240, 98, 98
2026/07/30 19:33:50.996, 0, NVIDIA GeForce RTX 3080, 5973, 4079, 10240, 98, 98
2026/07/30 19:33:51.107, 0, NVIDIA GeForce RTX 3080, 5973, 4079, 10240, 98, 98
2026/07/30 19:33:51.219, 0, NVIDIA GeForce RTX 3080, 5973, 4079, 10240, 98, 98
2026/07/30 19:33:51.330, 0, NVIDIA GeForce RTX 3080, 5973, 4079, 10240, 98, 98
2026/07/30 19:33:51.441, 0, NVIDIA GeForce RTX 3080, 5973, 4079, 10240, 98, 98
2026/07/30 19:33:51.552, 0, NVIDIA GeForce RTX 3080, 5973, 4079, 10240, 98, 98
2026/07/30 19:33:51.664, 0, NVIDIA GeForce RTX 3080, 5973, 4079, 10240, 98, 98
2026/07/30 19:33:51.775, 0, NVIDIA GeForce RTX 3080, 5973, 4079, 10240, 98, 97
2026/07/30 19:33:51.887, 0, NVIDIA GeForce RTX 3080, 5973, 4079, 10240, 98, 97
2026/07/30 19:33:51.999, 0, NVIDIA GeForce RTX 3080, 5973, 4079, 10240, 98, 97
2026/07/30 19:33:52.110, 0, NVIDIA GeForce RTX 3080, 5973, 4079, 10240, 98, 97
2026/07/30 19:33:52.222, 0, NVIDIA GeForce RTX 3080, 5973, 4079, 10240, 98, 97
2026/07/30 19:33:52.333, 0, NVIDIA GeForce RTX 3080, 5973, 4079, 10240, 98, 98
2026/07/30 19:33:52.446, 0, NVIDIA GeForce RTX 3080, 5973, 4079, 10240, 98, 98
2026/07/30 19:33:52.558, 0, NVIDIA GeForce RTX 3080, 5973, 4079, 10240, 98, 98
2026/07/30 19:33:52.670, 0, NVIDIA GeForce RTX 3080, 5973, 4079, 10240, 98, 98
2026/07/30 19:33:52.782, 0, NVIDIA GeForce RTX 3080, 5973, 4079, 10240, 96, 98
2026/07/30 19:33:52.894, 0, NVIDIA GeForce RTX 3080, 5973, 4079, 10240, 96, 98
2026/07/30 19:33:53.006, 0, NVIDIA GeForce RTX 3080, 5973, 4079, 10240, 96, 98
2026/07/30 19:33:53.118, 0, NVIDIA GeForce RTX 3080, 5973, 4079, 10240, 96, 98
2026/07/30 19:33:53.230, 0, NVIDIA GeForce RTX 3080, 5973, 4079, 10240, 96, 98
2026/07/30 19:33:53.341, 0, NVIDIA GeForce RTX 3080, 5973, 4079, 10240, 95, 98
2026/07/30 19:33:53.453, 0, NVIDIA GeForce RTX 3080, 5973, 4079, 10240, 95, 98
2026/07/30 19:33:53.566, 0, NVIDIA GeForce RTX 3080, 5973, 4079, 10240, 95, 98
2026/07/30 19:33:53.678, 0, NVIDIA GeForce RTX 3080, 5973, 4079, 10240, 95, 98
2026/07/30 19:33:53.790, 0, NVIDIA GeForce RTX 3080, 5973, 4079, 10240, 96, 98
2026/07/30 19:33:53.902, 0, NVIDIA GeForce RTX 3080, 5973, 4079, 10240, 96, 98
2026/07/30 19:33:54.014, 0, NVIDIA GeForce RTX 3080, 5973, 4079, 10240, 96, 98
2026/07/30 19:33:54.126, 0, NVIDIA GeForce RTX 3080, 5973, 4079, 10240, 96, 98
2026/07/30 19:33:54.238, 0, NVIDIA GeForce RTX 3080, 5973, 4079, 10240, 96, 98
2026/07/30 19:33:54.350, 0, NVIDIA GeForce RTX 3080, 5973, 4079, 10240, 95, 98
2026/07/30 19:33:54.462, 0, NVIDIA GeForce RTX 3080, 5973, 4079, 10240, 95, 98
2026/07/30 19:33:54.574, 0, NVIDIA GeForce RTX 3080, 5973, 4079, 10240, 95, 98
2026/07/30 19:33:54.686, 0, NVIDIA GeForce RTX 3080, 5973, 4079, 10240, 95, 98
2026/07/30 19:33:54.797, 0, NVIDIA GeForce RTX 3080, 5973, 4079, 10240, 97, 98
2026/07/30 19:33:54.909, 0, NVIDIA GeForce RTX 3080, 5973, 4079, 10240, 97, 98
2026/07/30 19:33:55.020, 0, NVIDIA GeForce RTX 3080, 5973, 4079, 10240, 97, 98
2026/07/30 19:33:55.129, 0, NVIDIA GeForce RTX 3080, 5973, 4079, 10240, 97, 98
2026/07/30 19:33:55.239, 0, NVIDIA GeForce RTX 3080, 5973, 4079, 10240, 97, 98
2026/07/30 19:33:55.347, 0, NVIDIA GeForce RTX 3080, 5973, 4079, 10240, 97, 98
2026/07/30 19:33:55.459, 0, NVIDIA GeForce RTX 3080, 5973, 4079, 10240, 97, 98
2026/07/30 19:33:55.571, 0, NVIDIA GeForce RTX 3080, 5973, 4079, 10240, 97, 98
2026/07/30 19:33:55.683, 0, NVIDIA GeForce RTX 3080, 5973, 4079, 10240, 97, 98
2026/07/30 19:33:55.795, 0, NVIDIA GeForce RTX 3080, 5973, 4079, 10240, 97, 98
2026/07/30 19:33:55.907, 0, NVIDIA GeForce RTX 3080, 5973, 4079, 10240, 97, 98
2026/07/30 19:33:56.018, 0, NVIDIA GeForce RTX 3080, 5973, 4079, 10240, 97, 98
2026/07/30 19:33:56.129, 0, NVIDIA GeForce RTX 3080, 5973, 4079, 10240, 97, 98
2026/07/30 19:33:56.240, 0, NVIDIA GeForce RTX 3080, 5973, 4079, 10240, 97, 98
2026/07/30 19:33:56.352, 0, NVIDIA GeForce RTX 3080, 5973, 4079, 10240, 97, 98
2026/07/30 19:33:56.464, 0, NVIDIA GeForce RTX 3080, 5973, 4079, 10240, 97, 98
2026/07/30 19:33:56.576, 0, NVIDIA GeForce RTX 3080, 5973, 4079, 10240, 97, 98
2026/07/30 19:33:56.688, 0, NVIDIA GeForce RTX 3080, 5973, 4079, 10240, 97, 98
2026/07/30 19:33:56.800, 0, NVIDIA GeForce RTX 3080, 5973, 4079, 10240, 96, 98
2026/07/30 19:33:56.912, 0, NVIDIA GeForce RTX 3080, 5973, 4079, 10240, 96, 98
2026/07/30 19:33:57.023, 0, NVIDIA GeForce RTX 3080, 5973, 4079, 10240, 96, 98
2026/07/30 19:33:57.135, 0, NVIDIA GeForce RTX 3080, 5973, 4079, 10240, 96, 98
2026/07/30 19:33:57.247, 0, NVIDIA GeForce RTX 3080, 5973, 4079, 10240, 95, 97
2026/07/30 19:33:57.359, 0, NVIDIA GeForce RTX 3080, 5973, 4079, 10240, 95, 97
2026/07/30 19:33:57.471, 0, NVIDIA GeForce RTX 3080, 5973, 4079, 10240, 95, 97
2026/07/30 19:33:57.583, 0, NVIDIA GeForce RTX 3080, 5973, 4079, 10240, 95, 97
2026/07/30 19:33:57.695, 0, NVIDIA GeForce RTX 3080, 5973, 4079, 10240, 95, 97
2026/07/30 19:33:57.807, 0, NVIDIA GeForce RTX 3080, 5973, 4079, 10240, 95, 97
2026/07/30 19:33:57.919, 0, NVIDIA GeForce RTX 3080, 5973, 4079, 10240, 95, 97
2026/07/30 19:33:58.031, 0, NVIDIA GeForce RTX 3080, 5973, 4079, 10240, 95, 97
2026/07/30 19:33:58.143, 0, NVIDIA GeForce RTX 3080, 5973, 4079, 10240, 95, 97
2026/07/30 19:33:58.255, 0, NVIDIA GeForce RTX 3080, 5973, 4079, 10240, 96, 98
2026/07/30 19:33:58.367, 0, NVIDIA GeForce RTX 3080, 5973, 4079, 10240, 96, 98
2026/07/30 19:33:58.479, 0, NVIDIA GeForce RTX 3080, 5973, 4079, 10240, 96, 98
2026/07/30 19:33:58.591, 0, NVIDIA GeForce RTX 3080, 5973, 4079, 10240, 96, 98
2026/07/30 19:33:58.703, 0, NVIDIA GeForce RTX 3080, 5973, 4079, 10240, 96, 98
2026/07/30 19:33:58.815, 0, NVIDIA GeForce RTX 3080, 5973, 4079, 10240, 97, 98
2026/07/30 19:33:58.927, 0, NVIDIA GeForce RTX 3080, 5973, 4079, 10240, 97, 98
2026/07/30 19:33:59.039, 0, NVIDIA GeForce RTX 3080, 5973, 4079, 10240, 97, 98
2026/07/30 19:33:59.151, 0, NVIDIA GeForce RTX 3080, 5973, 4079, 10240, 97, 98
2026/07/30 19:33:59.263, 0, NVIDIA GeForce RTX 3080, 5973, 4079, 10240, 97, 98
2026/07/30 19:33:59.374, 0, NVIDIA GeForce RTX 3080, 5973, 4079, 10240, 97, 98
2026/07/30 19:33:59.485, 0, NVIDIA GeForce RTX 3080, 5973, 4079, 10240, 97, 98
2026/07/30 19:33:59.596, 0, NVIDIA GeForce RTX 3080, 5973, 4079, 10240, 97, 98
2026/07/30 19:33:59.708, 0, NVIDIA GeForce RTX 3080, 5973, 4079, 10240, 97, 98
2026/07/30 19:33:59.820, 0, NVIDIA GeForce RTX 3080, 5973, 4079, 10240, 97, 98
2026/07/30 19:33:59.932, 0, NVIDIA GeForce RTX 3080, 5973, 4079, 10240, 97, 98
2026/07/30 19:34:00.044, 0, NVIDIA GeForce RTX 3080, 5973, 4079, 10240, 97, 98
2026/07/30 19:34:00.155, 0, NVIDIA GeForce RTX 3080, 5973, 4079, 10240, 97, 98
2026/07/30 19:34:00.267, 0, NVIDIA GeForce RTX 3080, 5973, 4079, 10240, 97, 98
2026/07/30 19:34:00.379, 0, NVIDIA GeForce RTX 3080, 5973, 4079, 10240, 97, 98
2026/07/30 19:34:00.491, 0, NVIDIA GeForce RTX 3080, 5973, 4079, 10240, 97, 98
2026/07/30 19:34:00.603, 0, NVIDIA GeForce RTX 3080, 5973, 4079, 10240, 97, 98
2026/07/30 19:34:00.716, 0, NVIDIA GeForce RTX 3080, 5973, 4079, 10240, 97, 98
2026/07/30 19:34:00.827, 0, NVIDIA GeForce RTX 3080, 5973, 4079, 10240, 98, 98
2026/07/30 19:34:00.939, 0, NVIDIA GeForce RTX 3080, 5973, 4079, 10240, 98, 98
2026/07/30 19:34:01.051, 0, NVIDIA GeForce RTX 3080, 5973, 4079, 10240, 98, 98
2026/07/30 19:34:01.163, 0, NVIDIA GeForce RTX 3080, 5973, 4079, 10240, 98, 98
2026/07/30 19:34:01.275, 0, NVIDIA GeForce RTX 3080, 5973, 4079, 10240, 98, 98
2026/07/30 19:34:01.387, 0, NVIDIA GeForce RTX 3080, 5973, 4079, 10240, 98, 98
2026/07/30 19:34:01.499, 0, NVIDIA GeForce RTX 3080, 5973, 4079, 10240, 98, 98
2026/07/30 19:34:01.611, 0, NVIDIA GeForce RTX 3080, 5973, 4079, 10240, 98, 98
2026/07/30 19:34:01.723, 0, NVIDIA GeForce RTX 3080, 5973, 4079, 10240, 98, 98
2026/07/30 19:34:01.835, 0, NVIDIA GeForce RTX 3080, 5973, 4079, 10240, 98, 98
2026/07/30 19:34:01.947, 0, NVIDIA GeForce RTX 3080, 5973, 4079, 10240, 98, 98
2026/07/30 19:34:02.057, 0, NVIDIA GeForce RTX 3080, 5973, 4079, 10240, 98, 98
2026/07/30 19:34:02.169, 0, NVIDIA GeForce RTX 3080, 5973, 4079, 10240, 98, 98
2026/07/30 19:34:02.280, 0, NVIDIA GeForce RTX 3080, 5973, 4079, 10240, 94, 96
2026/07/30 19:34:02.392, 0, NVIDIA GeForce RTX 3080, 5973, 4079, 10240, 94, 96
2026/07/30 19:34:02.504, 0, NVIDIA GeForce RTX 3080, 5973, 4079, 10240, 94, 96
2026/07/30 19:34:02.616, 0, NVIDIA GeForce RTX 3080, 5973, 4079, 10240, 94, 96
2026/07/30 19:34:02.726, 0, NVIDIA GeForce RTX 3080, 5973, 4079, 10240, 94, 96
2026/07/30 19:34:02.837, 0, NVIDIA GeForce RTX 3080, 5973, 4079, 10240, 96, 98
2026/07/30 19:34:02.949, 0, NVIDIA GeForce RTX 3080, 5973, 4079, 10240, 96, 98
2026/07/30 19:34:03.061, 0, NVIDIA GeForce RTX 3080, 5973, 4079, 10240, 96, 98
2026/07/30 19:34:03.174, 0, NVIDIA GeForce RTX 3080, 5973, 4079, 10240, 96, 98
2026/07/30 19:34:03.286, 0, NVIDIA GeForce RTX 3080, 5973, 4079, 10240, 96, 98
2026/07/30 19:34:03.398, 0, NVIDIA GeForce RTX 3080, 5973, 4079, 10240, 96, 98
2026/07/30 19:34:03.510, 0, NVIDIA GeForce RTX 3080, 5973, 4079, 10240, 96, 98
2026/07/30 19:34:03.622, 0, NVIDIA GeForce RTX 3080, 5973, 4079, 10240, 96, 98
2026/07/30 19:34:03.733, 0, NVIDIA GeForce RTX 3080, 5973, 4079, 10240, 96, 98
2026/07/30 19:34:03.845, 0, NVIDIA GeForce RTX 3080, 5973, 4079, 10240, 96, 98
2026/07/30 19:34:03.957, 0, NVIDIA GeForce RTX 3080, 5973, 4079, 10240, 96, 98
2026/07/30 19:34:04.068, 0, NVIDIA GeForce RTX 3080, 5973, 4079, 10240, 96, 98
2026/07/30 19:34:04.180, 0, NVIDIA GeForce RTX 3080, 5973, 4079, 10240, 96, 98
2026/07/30 19:34:04.292, 0, NVIDIA GeForce RTX 3080, 5973, 4079, 10240, 95, 96
2026/07/30 19:34:04.404, 0, NVIDIA GeForce RTX 3080, 5973, 4079, 10240, 95, 96
2026/07/30 19:34:04.516, 0, NVIDIA GeForce RTX 3080, 5973, 4079, 10240, 95, 96
2026/07/30 19:34:04.628, 0, NVIDIA GeForce RTX 3080, 5973, 4079, 10240, 95, 96
2026/07/30 19:34:04.739, 0, NVIDIA GeForce RTX 3080, 5973, 4079, 10240, 95, 96
2026/07/30 19:34:04.851, 0, NVIDIA GeForce RTX 3080, 5973, 4079, 10240, 97, 98
2026/07/30 19:34:04.963, 0, NVIDIA GeForce RTX 3080, 5973, 4079, 10240, 97, 98
2026/07/30 19:34:05.075, 0, NVIDIA GeForce RTX 3080, 5973, 4079, 10240, 97, 98
2026/07/30 19:34:05.187, 0, NVIDIA GeForce RTX 3080, 5973, 4079, 10240, 97, 98
2026/07/30 19:34:05.299, 0, NVIDIA GeForce RTX 3080, 5973, 4079, 10240, 96, 96
2026/07/30 19:34:05.409, 0, NVIDIA GeForce RTX 3080, 5973, 4079, 10240, 96, 96
2026/07/30 19:34:05.520, 0, NVIDIA GeForce RTX 3080, 5973, 4079, 10240, 96, 96
2026/07/30 19:34:05.632, 0, NVIDIA GeForce RTX 3080, 5973, 4079, 10240, 96, 96
2026/07/30 19:34:05.745, 0, NVIDIA GeForce RTX 3080, 5973, 4079, 10240, 96, 96
2026/07/30 19:34:05.856, 0, NVIDIA GeForce RTX 3080, 5973, 4079, 10240, 97, 97
2026/07/30 19:34:05.968, 0, NVIDIA GeForce RTX 3080, 5973, 4079, 10240, 97, 97
2026/07/30 19:34:06.080, 0, NVIDIA GeForce RTX 3080, 5973, 4079, 10240, 97, 97
2026/07/30 19:34:06.192, 0, NVIDIA GeForce RTX 3080, 5973, 4079, 10240, 97, 97
2026/07/30 19:34:06.304, 0, NVIDIA GeForce RTX 3080, 5973, 4079, 10240, 94, 97
2026/07/30 19:34:06.416, 0, NVIDIA GeForce RTX 3080, 5973, 4079, 10240, 94, 97
2026/07/30 19:34:06.528, 0, NVIDIA GeForce RTX 3080, 5973, 4079, 10240, 94, 97
2026/07/30 19:34:06.640, 0, NVIDIA GeForce RTX 3080, 5973, 4079, 10240, 94, 97
2026/07/30 19:34:06.752, 0, NVIDIA GeForce RTX 3080, 5973, 4079, 10240, 96, 98
2026/07/30 19:34:06.864, 0, NVIDIA GeForce RTX 3080, 5973, 4079, 10240, 96, 98
2026/07/30 19:34:06.976, 0, NVIDIA GeForce RTX 3080, 5973, 4079, 10240, 96, 98
2026/07/30 19:34:07.088, 0, NVIDIA GeForce RTX 3080, 5973, 4079, 10240, 96, 98
2026/07/30 19:34:07.199, 0, NVIDIA GeForce RTX 3080, 5973, 4079, 10240, 96, 98
2026/07/30 19:34:07.310, 0, NVIDIA GeForce RTX 3080, 5973, 4079, 10240, 95, 98
2026/07/30 19:34:07.421, 0, NVIDIA GeForce RTX 3080, 5973, 4079, 10240, 95, 98
2026/07/30 19:34:07.532, 0, NVIDIA GeForce RTX 3080, 5973, 4079, 10240, 95, 98
2026/07/30 19:34:07.643, 0, NVIDIA GeForce RTX 3080, 5973, 4079, 10240, 95, 98
2026/07/30 19:34:07.755, 0, NVIDIA GeForce RTX 3080, 5973, 4079, 10240, 96, 98
2026/07/30 19:34:07.867, 0, NVIDIA GeForce RTX 3080, 5973, 4079, 10240, 96, 98
2026/07/30 19:34:07.979, 0, NVIDIA GeForce RTX 3080, 5973, 4079, 10240, 96, 98
2026/07/30 19:34:08.089, 0, NVIDIA GeForce RTX 3080, 5973, 4079, 10240, 96, 98
2026/07/30 19:34:08.198, 0, NVIDIA GeForce RTX 3080, 5973, 4079, 10240, 96, 98
2026/07/30 19:34:08.307, 0, NVIDIA GeForce RTX 3080, 5973, 4079, 10240, 92, 95
2026/07/30 19:34:08.415, 0, NVIDIA GeForce RTX 3080, 5973, 4079, 10240, 92, 95
2026/07/30 19:34:08.525, 0, NVIDIA GeForce RTX 3080, 5973, 4079, 10240, 92, 95
2026/07/30 19:34:08.634, 0, NVIDIA GeForce RTX 3080, 5973, 4079, 10240, 92, 95
2026/07/30 19:34:08.745, 0, NVIDIA GeForce RTX 3080, 5973, 4079, 10240, 92, 95
2026/07/30 19:34:08.856, 0, NVIDIA GeForce RTX 3080, 5973, 4079, 10240, 96, 97
2026/07/30 19:34:08.968, 0, NVIDIA GeForce RTX 3080, 5973, 4079, 10240, 96, 97
2026/07/30 19:34:09.080, 0, NVIDIA GeForce RTX 3080, 5973, 4079, 10240, 96, 97
2026/07/30 19:34:09.191, 0, NVIDIA GeForce RTX 3080, 5973, 4079, 10240, 96, 97
2026/07/30 19:34:09.303, 0, NVIDIA GeForce RTX 3080, 5973, 4079, 10240, 97, 98
2026/07/30 19:34:09.415, 0, NVIDIA GeForce RTX 3080, 5973, 4079, 10240, 97, 98
2026/07/30 19:34:09.527, 0, NVIDIA GeForce RTX 3080, 5973, 4079, 10240, 97, 98
2026/07/30 19:34:09.639, 0, NVIDIA GeForce RTX 3080, 5973, 4079, 10240, 97, 98
2026/07/30 19:34:09.751, 0, NVIDIA GeForce RTX 3080, 5973, 4079, 10240, 97, 98
2026/07/30 19:34:09.863, 0, NVIDIA GeForce RTX 3080, 5973, 4079, 10240, 97, 98
2026/07/30 19:34:09.974, 0, NVIDIA GeForce RTX 3080, 5973, 4079, 10240, 97, 98
2026/07/30 19:34:10.084, 0, NVIDIA GeForce RTX 3080, 5973, 4079, 10240, 97, 98
2026/07/30 19:34:10.194, 0, NVIDIA GeForce RTX 3080, 5973, 4079, 10240, 97, 98
2026/07/30 19:34:10.303, 0, NVIDIA GeForce RTX 3080, 5973, 4079, 10240, 98, 98
2026/07/30 19:34:10.413, 0, NVIDIA GeForce RTX 3080, 5973, 4079, 10240, 98, 98
2026/07/30 19:34:10.525, 0, NVIDIA GeForce RTX 3080, 5973, 4079, 10240, 98, 98
2026/07/30 19:34:10.637, 0, NVIDIA GeForce RTX 3080, 5973, 4079, 10240, 98, 98
2026/07/30 19:34:10.748, 0, NVIDIA GeForce RTX 3080, 5973, 4079, 10240, 98, 98
2026/07/30 19:34:10.860, 0, NVIDIA GeForce RTX 3080, 5973, 4079, 10240, 98, 98
2026/07/30 19:34:10.972, 0, NVIDIA GeForce RTX 3080, 5973, 4079, 10240, 98, 98
2026/07/30 19:34:11.084, 0, NVIDIA GeForce RTX 3080, 5973, 4079, 10240, 98, 98
2026/07/30 19:34:11.194, 0, NVIDIA GeForce RTX 3080, 5973, 4079, 10240, 98, 98
2026/07/30 19:34:11.306, 0, NVIDIA GeForce RTX 3080, 5973, 4079, 10240, 96, 96
2026/07/30 19:34:11.417, 0, NVIDIA GeForce RTX 3080, 5973, 4079, 10240, 96, 96
2026/07/30 19:34:11.529, 0, NVIDIA GeForce RTX 3080, 5973, 4079, 10240, 96, 96
2026/07/30 19:34:11.641, 0, NVIDIA GeForce RTX 3080, 5973, 4079, 10240, 96, 96
2026/07/30 19:34:11.753, 0, NVIDIA GeForce RTX 3080, 5973, 4079, 10240, 98, 98
2026/07/30 19:34:11.865, 0, NVIDIA GeForce RTX 3080, 5973, 4079, 10240, 98, 98
2026/07/30 19:34:11.977, 0, NVIDIA GeForce RTX 3080, 5973, 4079, 10240, 98, 98
2026/07/30 19:34:12.089, 0, NVIDIA GeForce RTX 3080, 5973, 4079, 10240, 98, 98
2026/07/30 19:34:12.201, 0, NVIDIA GeForce RTX 3080, 5973, 4079, 10240, 98, 98
2026/07/30 19:34:12.312, 0, NVIDIA GeForce RTX 3080, 5973, 4079, 10240, 95, 98
2026/07/30 19:34:12.423, 0, NVIDIA GeForce RTX 3080, 5973, 4079, 10240, 95, 98
2026/07/30 19:34:12.535, 0, NVIDIA GeForce RTX 3080, 5973, 4079, 10240, 95, 98
2026/07/30 19:34:12.648, 0, NVIDIA GeForce RTX 3080, 5973, 4079, 10240, 95, 98
2026/07/30 19:34:12.760, 0, NVIDIA GeForce RTX 3080, 5973, 4079, 10240, 95, 97
2026/07/30 19:34:12.872, 0, NVIDIA GeForce RTX 3080, 5973, 4079, 10240, 95, 97
2026/07/30 19:34:12.984, 0, NVIDIA GeForce RTX 3080, 5973, 4079, 10240, 95, 97
2026/07/30 19:34:13.096, 0, NVIDIA GeForce RTX 3080, 5973, 4079, 10240, 95, 97
2026/07/30 19:34:13.208, 0, NVIDIA GeForce RTX 3080, 5973, 4079, 10240, 95, 97
2026/07/30 19:34:13.320, 0, NVIDIA GeForce RTX 3080, 5973, 4079, 10240, 95, 98
2026/07/30 19:34:13.432, 0, NVIDIA GeForce RTX 3080, 5973, 4079, 10240, 95, 98
2026/07/30 19:34:13.543, 0, NVIDIA GeForce RTX 3080, 5973, 4079, 10240, 95, 98
2026/07/30 19:34:13.655, 0, NVIDIA GeForce RTX 3080, 5973, 4079, 10240, 95, 98
2026/07/30 19:34:13.766, 0, NVIDIA GeForce RTX 3080, 5973, 4079, 10240, 96, 98
2026/07/30 19:34:13.878, 0, NVIDIA GeForce RTX 3080, 5973, 4079, 10240, 96, 98
2026/07/30 19:34:13.990, 0, NVIDIA GeForce RTX 3080, 5973, 4079, 10240, 96, 98
2026/07/30 19:34:14.101, 0, NVIDIA GeForce RTX 3080, 5973, 4079, 10240, 96, 98
2026/07/30 19:34:14.213, 0, NVIDIA GeForce RTX 3080, 5973, 4079, 10240, 96, 98
2026/07/30 19:34:14.325, 0, NVIDIA GeForce RTX 3080, 5973, 4079, 10240, 96, 97
2026/07/30 19:34:14.437, 0, NVIDIA GeForce RTX 3080, 5973, 4079, 10240, 96, 97
2026/07/30 19:34:14.549, 0, NVIDIA GeForce RTX 3080, 5973, 4079, 10240, 96, 97
2026/07/30 19:34:14.661, 0, NVIDIA GeForce RTX 3080, 5973, 4079, 10240, 96, 97
2026/07/30 19:34:14.773, 0, NVIDIA GeForce RTX 3080, 5973, 4079, 10240, 97, 97
2026/07/30 19:34:14.885, 0, NVIDIA GeForce RTX 3080, 5973, 4079, 10240, 97, 97
2026/07/30 19:34:14.997, 0, NVIDIA GeForce RTX 3080, 5973, 4079, 10240, 97, 97
2026/07/30 19:34:15.106, 0, NVIDIA GeForce RTX 3080, 5973, 4079, 10240, 97, 97
2026/07/30 19:34:15.216, 0, NVIDIA GeForce RTX 3080, 5973, 4079, 10240, 97, 97
2026/07/30 19:34:15.327, 0, NVIDIA GeForce RTX 3080, 5973, 4079, 10240, 97, 97
2026/07/30 19:34:15.439, 0, NVIDIA GeForce RTX 3080, 5973, 4079, 10240, 97, 97
2026/07/30 19:34:15.551, 0, NVIDIA GeForce RTX 3080, 5973, 4079, 10240, 97, 97
2026/07/30 19:34:15.662, 0, NVIDIA GeForce RTX 3080, 5973, 4079, 10240, 97, 97
2026/07/30 19:34:15.774, 0, NVIDIA GeForce RTX 3080, 5973, 4079, 10240, 97, 97
2026/07/30 19:34:15.886, 0, NVIDIA GeForce RTX 3080, 5973, 4079, 10240, 97, 97
2026/07/30 19:34:15.998, 0, NVIDIA GeForce RTX 3080, 5973, 4079, 10240, 97, 97
2026/07/30 19:34:16.110, 0, NVIDIA GeForce RTX 3080, 5973, 4079, 10240, 97, 97
2026/07/30 19:34:16.222, 0, NVIDIA GeForce RTX 3080, 5973, 4079, 10240, 97, 97
2026/07/30 19:34:16.334, 0, NVIDIA GeForce RTX 3080, 5973, 4079, 10240, 96, 98
2026/07/30 19:34:16.446, 0, NVIDIA GeForce RTX 3080, 5973, 4079, 10240, 96, 98
2026/07/30 19:34:16.558, 0, NVIDIA GeForce RTX 3080, 5973, 4079, 10240, 96, 98
2026/07/30 19:34:16.670, 0, NVIDIA GeForce RTX 3080, 5973, 4079, 10240, 96, 98
2026/07/30 19:34:16.782, 0, NVIDIA GeForce RTX 3080, 5973, 4079, 10240, 96, 98
2026/07/30 19:34:16.894, 0, NVIDIA GeForce RTX 3080, 5973, 4079, 10240, 96, 98
2026/07/30 19:34:17.005, 0, NVIDIA GeForce RTX 3080, 5973, 4079, 10240, 96, 98
2026/07/30 19:34:17.116, 0, NVIDIA GeForce RTX 3080, 5973, 4079, 10240, 96, 98
2026/07/30 19:34:17.228, 0, NVIDIA GeForce RTX 3080, 5973, 4079, 10240, 96, 98
2026/07/30 19:34:17.339, 0, NVIDIA GeForce RTX 3080, 5973, 4079, 10240, 96, 98
2026/07/30 19:34:17.450, 0, NVIDIA GeForce RTX 3080, 5973, 4079, 10240, 96, 98
2026/07/30 19:34:17.562, 0, NVIDIA GeForce RTX 3080, 5973, 4079, 10240, 96, 98
2026/07/30 19:34:17.674, 0, NVIDIA GeForce RTX 3080, 5973, 4079, 10240, 96, 98
2026/07/30 19:34:17.785, 0, NVIDIA GeForce RTX 3080, 5973, 4079, 10240, 96, 98
2026/07/30 19:34:17.897, 0, NVIDIA GeForce RTX 3080, 5973, 4079, 10240, 96, 98
2026/07/30 19:34:18.009, 0, NVIDIA GeForce RTX 3080, 5973, 4079, 10240, 96, 98
2026/07/30 19:34:18.120, 0, NVIDIA GeForce RTX 3080, 5973, 4079, 10240, 96, 98
2026/07/30 19:34:18.232, 0, NVIDIA GeForce RTX 3080, 5973, 4079, 10240, 96, 98
2026/07/30 19:34:18.344, 0, NVIDIA GeForce RTX 3080, 5973, 4079, 10240, 97, 98
2026/07/30 19:34:18.456, 0, NVIDIA GeForce RTX 3080, 5973, 4079, 10240, 97, 98
2026/07/30 19:34:18.568, 0, NVIDIA GeForce RTX 3080, 5973, 4079, 10240, 97, 98
2026/07/30 19:34:18.680, 0, NVIDIA GeForce RTX 3080, 5973, 4079, 10240, 97, 98
2026/07/30 19:34:18.791, 0, NVIDIA GeForce RTX 3080, 5973, 4079, 10240, 97, 98
2026/07/30 19:34:18.904, 0, NVIDIA GeForce RTX 3080, 5973, 4079, 10240, 97, 98
2026/07/30 19:34:19.015, 0, NVIDIA GeForce RTX 3080, 5973, 4079, 10240, 97, 98
2026/07/30 19:34:19.127, 0, NVIDIA GeForce RTX 3080, 5973, 4079, 10240, 97, 98
2026/07/30 19:34:19.239, 0, NVIDIA GeForce RTX 3080, 5973, 4079, 10240, 97, 98
2026/07/30 19:34:19.351, 0, NVIDIA GeForce RTX 3080, 5973, 4079, 10240, 97, 98
2026/07/30 19:34:19.462, 0, NVIDIA GeForce RTX 3080, 5973, 4079, 10240, 97, 98
2026/07/30 19:34:19.574, 0, NVIDIA GeForce RTX 3080, 5973, 4079, 10240, 97, 98
2026/07/30 19:34:19.686, 0, NVIDIA GeForce RTX 3080, 5973, 4079, 10240, 97, 98
2026/07/30 19:34:19.798, 0, NVIDIA GeForce RTX 3080, 5973, 4079, 10240, 95, 96
2026/07/30 19:34:19.910, 0, NVIDIA GeForce RTX 3080, 5973, 4079, 10240, 95, 96
2026/07/30 19:34:20.022, 0, NVIDIA GeForce RTX 3080, 5973, 4079, 10240, 95, 96
2026/07/30 19:34:20.134, 0, NVIDIA GeForce RTX 3080, 5973, 4079, 10240, 95, 96
2026/07/30 19:34:20.246, 0, NVIDIA GeForce RTX 3080, 5973, 4079, 10240, 95, 96
2026/07/30 19:34:20.358, 0, NVIDIA GeForce RTX 3080, 5973, 4079, 10240, 98, 98
2026/07/30 19:34:20.470, 0, NVIDIA GeForce RTX 3080, 5973, 4079, 10240, 98, 98
2026/07/30 19:34:20.582, 0, NVIDIA GeForce RTX 3080, 5973, 4079, 10240, 98, 98
2026/07/30 19:34:20.694, 0, NVIDIA GeForce RTX 3080, 5973, 4079, 10240, 98, 98
2026/07/30 19:34:20.806, 0, NVIDIA GeForce RTX 3080, 5973, 4079, 10240, 97, 97
2026/07/30 19:34:20.917, 0, NVIDIA GeForce RTX 3080, 5973, 4079, 10240, 97, 97
2026/07/30 19:34:21.028, 0, NVIDIA GeForce RTX 3080, 5973, 4079, 10240, 97, 97
2026/07/30 19:34:21.139, 0, NVIDIA GeForce RTX 3080, 5973, 4079, 10240, 97, 97
2026/07/30 19:34:21.251, 0, NVIDIA GeForce RTX 3080, 5973, 4079, 10240, 98, 98
2026/07/30 19:34:21.363, 0, NVIDIA GeForce RTX 3080, 5973, 4079, 10240, 98, 98
2026/07/30 19:34:21.475, 0, NVIDIA GeForce RTX 3080, 5973, 4079, 10240, 98, 98
2026/07/30 19:34:21.587, 0, NVIDIA GeForce RTX 3080, 5973, 4079, 10240, 98, 98
2026/07/30 19:34:21.699, 0, NVIDIA GeForce RTX 3080, 5973, 4079, 10240, 98, 98
2026/07/30 19:34:21.810, 0, NVIDIA GeForce RTX 3080, 5973, 4079, 10240, 94, 96
2026/07/30 19:34:21.922, 0, NVIDIA GeForce RTX 3080, 5973, 4079, 10240, 94, 96
2026/07/30 19:34:22.033, 0, NVIDIA GeForce RTX 3080, 5973, 4079, 10240, 94, 96
2026/07/30 19:34:22.144, 0, NVIDIA GeForce RTX 3080, 5973, 4079, 10240, 94, 96
2026/07/30 19:34:22.256, 0, NVIDIA GeForce RTX 3080, 5973, 4079, 10240, 96, 98
2026/07/30 19:34:22.368, 0, NVIDIA GeForce RTX 3080, 5973, 4079, 10240, 96, 98
2026/07/30 19:34:22.480, 0, NVIDIA GeForce RTX 3080, 5973, 4079, 10240, 96, 98
2026/07/30 19:34:22.592, 0, NVIDIA GeForce RTX 3080, 5973, 4079, 10240, 96, 98
2026/07/30 19:34:22.704, 0, NVIDIA GeForce RTX 3080, 5973, 4079, 10240, 96, 98
2026/07/30 19:34:22.816, 0, NVIDIA GeForce RTX 3080, 5973, 4079, 10240, 96, 98
2026/07/30 19:34:22.927, 0, NVIDIA GeForce RTX 3080, 5973, 4079, 10240, 96, 98
2026/07/30 19:34:23.037, 0, NVIDIA GeForce RTX 3080, 5973, 4079, 10240, 96, 98
2026/07/30 19:34:23.146, 0, NVIDIA GeForce RTX 3080, 5973, 4079, 10240, 96, 98
2026/07/30 19:34:23.256, 0, NVIDIA GeForce RTX 3080, 5973, 4079, 10240, 95, 98
2026/07/30 19:34:23.366, 0, NVIDIA GeForce RTX 3080, 5973, 4079, 10240, 95, 98
2026/07/30 19:34:23.474, 0, NVIDIA GeForce RTX 3080, 5973, 4079, 10240, 95, 98
2026/07/30 19:34:23.584, 0, NVIDIA GeForce RTX 3080, 5973, 4079, 10240, 95, 98
2026/07/30 19:34:23.694, 0, NVIDIA GeForce RTX 3080, 5973, 4079, 10240, 95, 98
2026/07/30 19:34:23.806, 0, NVIDIA GeForce RTX 3080, 5973, 4079, 10240, 97, 98
2026/07/30 19:34:23.917, 0, NVIDIA GeForce RTX 3080, 5973, 4079, 10240, 97, 98
2026/07/30 19:34:24.028, 0, NVIDIA GeForce RTX 3080, 5973, 4079, 10240, 97, 98
2026/07/30 19:34:24.140, 0, NVIDIA GeForce RTX 3080, 5973, 4079, 10240, 97, 98
2026/07/30 19:34:24.251, 0, NVIDIA GeForce RTX 3080, 5973, 4079, 10240, 97, 98
2026/07/30 19:34:24.363, 0, NVIDIA GeForce RTX 3080, 5973, 4079, 10240, 97, 98
2026/07/30 19:34:24.475, 0, NVIDIA GeForce RTX 3080, 5973, 4079, 10240, 97, 98
2026/07/30 19:34:24.586, 0, NVIDIA GeForce RTX 3080, 5973, 4079, 10240, 97, 98
2026/07/30 19:34:24.697, 0, NVIDIA GeForce RTX 3080, 5973, 4079, 10240, 97, 98
2026/07/30 19:34:24.809, 0, NVIDIA GeForce RTX 3080, 5973, 4079, 10240, 97, 98
2026/07/30 19:34:24.921, 0, NVIDIA GeForce RTX 3080, 5973, 4079, 10240, 97, 98
2026/07/30 19:34:25.033, 0, NVIDIA GeForce RTX 3080, 5973, 4079, 10240, 97, 98
2026/07/30 19:34:25.145, 0, NVIDIA GeForce RTX 3080, 5973, 4079, 10240, 97, 98
2026/07/30 19:34:25.257, 0, NVIDIA GeForce RTX 3080, 5973, 4079, 10240, 97, 98
2026/07/30 19:34:25.369, 0, NVIDIA GeForce RTX 3080, 5973, 4079, 10240, 97, 98
2026/07/30 19:34:25.480, 0, NVIDIA GeForce RTX 3080, 5973, 4079, 10240, 97, 98
2026/07/30 19:34:25.592, 0, NVIDIA GeForce RTX 3080, 5973, 4079, 10240, 97, 98
2026/07/30 19:34:25.704, 0, NVIDIA GeForce RTX 3080, 5973, 4079, 10240, 97, 98
2026/07/30 19:34:25.816, 0, NVIDIA GeForce RTX 3080, 5973, 4079, 10240, 95, 97
2026/07/30 19:34:25.928, 0, NVIDIA GeForce RTX 3080, 5973, 4079, 10240, 95, 97
2026/07/30 19:34:26.040, 0, NVIDIA GeForce RTX 3080, 5973, 4079, 10240, 95, 97
2026/07/30 19:34:26.151, 0, NVIDIA GeForce RTX 3080, 5973, 4079, 10240, 95, 97
2026/07/30 19:34:26.261, 0, NVIDIA GeForce RTX 3080, 5973, 4079, 10240, 96, 98
2026/07/30 19:34:26.373, 0, NVIDIA GeForce RTX 3080, 5973, 4079, 10240, 96, 98
2026/07/30 19:34:26.484, 0, NVIDIA GeForce RTX 3080, 5973, 4079, 10240, 96, 98
2026/07/30 19:34:26.594, 0, NVIDIA GeForce RTX 3080, 5973, 4079, 10240, 96, 98
2026/07/30 19:34:26.706, 0, NVIDIA GeForce RTX 3080, 5973, 4079, 10240, 96, 98
2026/07/30 19:34:26.817, 0, NVIDIA GeForce RTX 3080, 5973, 4079, 10240, 96, 98
2026/07/30 19:34:26.928, 0, NVIDIA GeForce RTX 3080, 5973, 4079, 10240, 96, 98
2026/07/30 19:34:27.040, 0, NVIDIA GeForce RTX 3080, 5973, 4079, 10240, 96, 98
2026/07/30 19:34:27.152, 0, NVIDIA GeForce RTX 3080, 5973, 4079, 10240, 96, 98
2026/07/30 19:34:27.264, 0, NVIDIA GeForce RTX 3080, 5973, 4079, 10240, 96, 98
2026/07/30 19:34:27.376, 0, NVIDIA GeForce RTX 3080, 5973, 4079, 10240, 96, 98
2026/07/30 19:34:27.488, 0, NVIDIA GeForce RTX 3080, 5973, 4079, 10240, 96, 98
2026/07/30 19:34:27.599, 0, NVIDIA GeForce RTX 3080, 5973, 4079, 10240, 96, 98
2026/07/30 19:34:27.709, 0, NVIDIA GeForce RTX 3080, 5973, 4079, 10240, 96, 98
2026/07/30 19:34:27.821, 0, NVIDIA GeForce RTX 3080, 5973, 4079, 10240, 91, 94
2026/07/30 19:34:27.932, 0, NVIDIA GeForce RTX 3080, 5973, 4079, 10240, 91, 94
2026/07/30 19:34:28.044, 0, NVIDIA GeForce RTX 3080, 5973, 4079, 10240, 91, 94
2026/07/30 19:34:28.153, 0, NVIDIA GeForce RTX 3080, 5973, 4079, 10240, 91, 94
2026/07/30 19:34:28.262, 0, NVIDIA GeForce RTX 3080, 5973, 4079, 10240, 97, 98
2026/07/30 19:34:28.372, 0, NVIDIA GeForce RTX 3080, 5973, 4079, 10240, 97, 98
2026/07/30 19:34:28.481, 0, NVIDIA GeForce RTX 3080, 5973, 4079, 10240, 97, 98
2026/07/30 19:34:28.590, 0, NVIDIA GeForce RTX 3080, 5973, 4079, 10240, 97, 98
2026/07/30 19:34:28.703, 0, NVIDIA GeForce RTX 3080, 5973, 4079, 10240, 97, 98
2026/07/30 19:34:28.815, 0, NVIDIA GeForce RTX 3080, 5973, 4079, 10240, 97, 98
2026/07/30 19:34:28.927, 0, NVIDIA GeForce RTX 3080, 5973, 4079, 10240, 97, 98
2026/07/30 19:34:29.038, 0, NVIDIA GeForce RTX 3080, 5973, 4079, 10240, 97, 98
2026/07/30 19:34:29.149, 0, NVIDIA GeForce RTX 3080, 5973, 4079, 10240, 97, 98
2026/07/30 19:34:29.261, 0, NVIDIA GeForce RTX 3080, 5973, 4079, 10240, 96, 97
2026/07/30 19:34:29.373, 0, NVIDIA GeForce RTX 3080, 5973, 4079, 10240, 96, 97
2026/07/30 19:34:29.485, 0, NVIDIA GeForce RTX 3080, 5973, 4079, 10240, 96, 97
2026/07/30 19:34:29.597, 0, NVIDIA GeForce RTX 3080, 5973, 4079, 10240, 96, 97
2026/07/30 19:34:29.709, 0, NVIDIA GeForce RTX 3080, 5973, 4079, 10240, 96, 97
2026/07/30 19:34:29.821, 0, NVIDIA GeForce RTX 3080, 5973, 4079, 10240, 98, 98
2026/07/30 19:34:29.933, 0, NVIDIA GeForce RTX 3080, 5973, 4079, 10240, 98, 98
2026/07/30 19:34:30.043, 0, NVIDIA GeForce RTX 3080, 5973, 4079, 10240, 98, 98
2026/07/30 19:34:30.153, 0, NVIDIA GeForce RTX 3080, 5973, 4079, 10240, 98, 98
2026/07/30 19:34:30.262, 0, NVIDIA GeForce RTX 3080, 5973, 4079, 10240, 98, 98
2026/07/30 19:34:30.374, 0, NVIDIA GeForce RTX 3080, 5973, 4079, 10240, 98, 98
2026/07/30 19:34:30.485, 0, NVIDIA GeForce RTX 3080, 5973, 4079, 10240, 98, 98
2026/07/30 19:34:30.596, 0, NVIDIA GeForce RTX 3080, 5973, 4079, 10240, 98, 98
2026/07/30 19:34:30.708, 0, NVIDIA GeForce RTX 3080, 5973, 4079, 10240, 98, 98
2026/07/30 19:34:30.819, 0, NVIDIA GeForce RTX 3080, 5973, 4079, 10240, 98, 98
2026/07/30 19:34:30.931, 0, NVIDIA GeForce RTX 3080, 5973, 4079, 10240, 98, 98
2026/07/30 19:34:31.042, 0, NVIDIA GeForce RTX 3080, 5973, 4079, 10240, 98, 98
2026/07/30 19:34:31.153, 0, NVIDIA GeForce RTX 3080, 5973, 4079, 10240, 98, 98
2026/07/30 19:34:31.263, 0, NVIDIA GeForce RTX 3080, 5973, 4079, 10240, 98, 98
2026/07/30 19:34:31.374, 0, NVIDIA GeForce RTX 3080, 5973, 4079, 10240, 98, 98
2026/07/30 19:34:31.486, 0, NVIDIA GeForce RTX 3080, 5973, 4079, 10240, 98, 98
2026/07/30 19:34:31.598, 0, NVIDIA GeForce RTX 3080, 5973, 4079, 10240, 98, 98
2026/07/30 19:34:31.710, 0, NVIDIA GeForce RTX 3080, 5973, 4079, 10240, 98, 98
2026/07/30 19:34:31.822, 0, NVIDIA GeForce RTX 3080, 5973, 4079, 10240, 94, 96
2026/07/30 19:34:31.934, 0, NVIDIA GeForce RTX 3080, 5973, 4079, 10240, 94, 96
2026/07/30 19:34:32.046, 0, NVIDIA GeForce RTX 3080, 5973, 4079, 10240, 94, 96
2026/07/30 19:34:32.158, 0, NVIDIA GeForce RTX 3080, 5973, 4079, 10240, 94, 96
2026/07/30 19:34:32.270, 0, NVIDIA GeForce RTX 3080, 5973, 4079, 10240, 93, 95
2026/07/30 19:34:32.382, 0, NVIDIA GeForce RTX 3080, 5973, 4079, 10240, 93, 95
2026/07/30 19:34:32.494, 0, NVIDIA GeForce RTX 3080, 5973, 4079, 10240, 93, 95
2026/07/30 19:34:32.606, 0, NVIDIA GeForce RTX 3080, 5973, 4079, 10240, 93, 95
2026/07/30 19:34:32.718, 0, NVIDIA GeForce RTX 3080, 5973, 4079, 10240, 93, 95
2026/07/30 19:34:32.830, 0, NVIDIA GeForce RTX 3080, 5973, 4079, 10240, 96, 98
2026/07/30 19:34:32.941, 0, NVIDIA GeForce RTX 3080, 5973, 4079, 10240, 96, 98
2026/07/30 19:34:33.052, 0, NVIDIA GeForce RTX 3080, 5973, 4079, 10240, 96, 98
2026/07/30 19:34:33.164, 0, NVIDIA GeForce RTX 3080, 5973, 4079, 10240, 96, 98
2026/07/30 19:34:33.275, 0, NVIDIA GeForce RTX 3080, 5973, 4079, 10240, 96, 98
2026/07/30 19:34:33.387, 0, NVIDIA GeForce RTX 3080, 5973, 4079, 10240, 96, 98
2026/07/30 19:34:33.497, 0, NVIDIA GeForce RTX 3080, 5973, 4079, 10240, 96, 98
2026/07/30 19:34:33.609, 0, NVIDIA GeForce RTX 3080, 5973, 4079, 10240, 96, 98
2026/07/30 19:34:33.720, 0, NVIDIA GeForce RTX 3080, 5973, 4079, 10240, 96, 98
2026/07/30 19:34:33.831, 0, NVIDIA GeForce RTX 3080, 5973, 4079, 10240, 97, 98
2026/07/30 19:34:33.943, 0, NVIDIA GeForce RTX 3080, 5973, 4079, 10240, 97, 98
2026/07/30 19:34:34.055, 0, NVIDIA GeForce RTX 3080, 5973, 4079, 10240, 97, 98
2026/07/30 19:34:34.166, 0, NVIDIA GeForce RTX 3080, 5973, 4079, 10240, 97, 98
2026/07/30 19:34:34.278, 0, NVIDIA GeForce RTX 3080, 5973, 4079, 10240, 96, 97
2026/07/30 19:34:34.390, 0, NVIDIA GeForce RTX 3080, 5973, 4079, 10240, 96, 97
2026/07/30 19:34:34.502, 0, NVIDIA GeForce RTX 3080, 5973, 4079, 10240, 96, 97
2026/07/30 19:34:34.614, 0, NVIDIA GeForce RTX 3080, 5973, 4079, 10240, 96, 97
2026/07/30 19:34:34.726, 0, NVIDIA GeForce RTX 3080, 5973, 4079, 10240, 96, 97
2026/07/30 19:34:34.838, 0, NVIDIA GeForce RTX 3080, 5973, 4079, 10240, 97, 97
2026/07/30 19:34:34.950, 0, NVIDIA GeForce RTX 3080, 5973, 4079, 10240, 97, 97
2026/07/30 19:34:35.062, 0, NVIDIA GeForce RTX 3080, 5973, 4079, 10240, 97, 97
2026/07/30 19:34:35.171, 0, NVIDIA GeForce RTX 3080, 5973, 4079, 10240, 97, 97
2026/07/30 19:34:35.282, 0, NVIDIA GeForce RTX 3080, 5973, 4079, 10240, 97, 98
2026/07/30 19:34:35.394, 0, NVIDIA GeForce RTX 3080, 5973, 4079, 10240, 97, 98
2026/07/30 19:34:35.504, 0, NVIDIA GeForce RTX 3080, 5973, 4079, 10240, 97, 98
2026/07/30 19:34:35.616, 0, NVIDIA GeForce RTX 3080, 5973, 4079, 10240, 97, 98
2026/07/30 19:34:35.728, 0, NVIDIA GeForce RTX 3080, 5973, 4079, 10240, 97, 98
2026/07/30 19:34:35.840, 0, NVIDIA GeForce RTX 3080, 5973, 4079, 10240, 96, 98
2026/07/30 19:34:35.952, 0, NVIDIA GeForce RTX 3080, 5973, 4079, 10240, 96, 98
2026/07/30 19:34:36.064, 0, NVIDIA GeForce RTX 3080, 5973, 4079, 10240, 96, 98
2026/07/30 19:34:36.176, 0, NVIDIA GeForce RTX 3080, 5973, 4079, 10240, 96, 98
2026/07/30 19:34:36.289, 0, NVIDIA GeForce RTX 3080, 5973, 4079, 10240, 96, 98
2026/07/30 19:34:36.399, 0, NVIDIA GeForce RTX 3080, 5973, 4079, 10240, 96, 98
2026/07/30 19:34:36.510, 0, NVIDIA GeForce RTX 3080, 5973, 4079, 10240, 96, 98
2026/07/30 19:34:36.622, 0, NVIDIA GeForce RTX 3080, 5973, 4079, 10240, 96, 98
2026/07/30 19:34:36.733, 0, NVIDIA GeForce RTX 3080, 5973, 4079, 10240, 96, 98
2026/07/30 19:34:36.843, 0, NVIDIA GeForce RTX 3080, 5973, 4079, 10240, 96, 98
2026/07/30 19:34:36.955, 0, NVIDIA GeForce RTX 3080, 5973, 4079, 10240, 96, 98
2026/07/30 19:34:37.066, 0, NVIDIA GeForce RTX 3080, 5973, 4079, 10240, 96, 98
2026/07/30 19:34:37.178, 0, NVIDIA GeForce RTX 3080, 5973, 4079, 10240, 96, 98
2026/07/30 19:34:37.290, 0, NVIDIA GeForce RTX 3080, 5973, 4079, 10240, 96, 98
2026/07/30 19:34:37.402, 0, NVIDIA GeForce RTX 3080, 5973, 4079, 10240, 96, 98
2026/07/30 19:34:37.514, 0, NVIDIA GeForce RTX 3080, 5973, 4079, 10240, 96, 98
2026/07/30 19:34:37.626, 0, NVIDIA GeForce RTX 3080, 5973, 4079, 10240, 96, 98
2026/07/30 19:34:37.738, 0, NVIDIA GeForce RTX 3080, 5973, 4079, 10240, 96, 98
2026/07/30 19:34:37.850, 0, NVIDIA GeForce RTX 3080, 5973, 4079, 10240, 97, 98
2026/07/30 19:34:37.960, 0, NVIDIA GeForce RTX 3080, 5973, 4079, 10240, 97, 98
2026/07/30 19:34:38.071, 0, NVIDIA GeForce RTX 3080, 5973, 4079, 10240, 97, 98
2026/07/30 19:34:38.183, 0, NVIDIA GeForce RTX 3080, 5973, 4079, 10240, 97, 98
2026/07/30 19:34:38.293, 0, NVIDIA GeForce RTX 3080, 5973, 4079, 10240, 97, 98
2026/07/30 19:34:38.404, 0, NVIDIA GeForce RTX 3080, 5973, 4079, 10240, 97, 98
2026/07/30 19:34:38.516, 0, NVIDIA GeForce RTX 3080, 5973, 4079, 10240, 97, 98
2026/07/30 19:34:38.628, 0, NVIDIA GeForce RTX 3080, 5973, 4079, 10240, 97, 98
2026/07/30 19:34:38.740, 0, NVIDIA GeForce RTX 3080, 5973, 4079, 10240, 97, 98
2026/07/30 19:34:38.852, 0, NVIDIA GeForce RTX 3080, 5973, 4079, 10240, 96, 97
2026/07/30 19:34:38.963, 0, NVIDIA GeForce RTX 3080, 5973, 4079, 10240, 96, 97
2026/07/30 19:34:39.076, 0, NVIDIA GeForce RTX 3080, 5973, 4079, 10240, 96, 97
2026/07/30 19:34:39.186, 0, NVIDIA GeForce RTX 3080, 5973, 4079, 10240, 96, 97
2026/07/30 19:34:39.297, 0, NVIDIA GeForce RTX 3080, 5973, 4079, 10240, 96, 97
2026/07/30 19:34:39.409, 0, NVIDIA GeForce RTX 3080, 5973, 4079, 10240, 96, 97
2026/07/30 19:34:39.521, 0, NVIDIA GeForce RTX 3080, 5973, 4079, 10240, 96, 97
2026/07/30 19:34:39.632, 0, NVIDIA GeForce RTX 3080, 5973, 4079, 10240, 96, 97
2026/07/30 19:34:39.743, 0, NVIDIA GeForce RTX 3080, 5973, 4079, 10240, 96, 97
2026/07/30 19:34:39.855, 0, NVIDIA GeForce RTX 3080, 5973, 4079, 10240, 96, 96
2026/07/30 19:34:39.967, 0, NVIDIA GeForce RTX 3080, 5973, 4079, 10240, 96, 96
2026/07/30 19:34:40.079, 0, NVIDIA GeForce RTX 3080, 5973, 4079, 10240, 96, 96
2026/07/30 19:34:40.191, 0, NVIDIA GeForce RTX 3080, 5973, 4079, 10240, 96, 96
2026/07/30 19:34:40.303, 0, NVIDIA GeForce RTX 3080, 5973, 4079, 10240, 97, 97
2026/07/30 19:34:40.415, 0, NVIDIA GeForce RTX 3080, 5973, 4079, 10240, 97, 97
2026/07/30 19:34:40.527, 0, NVIDIA GeForce RTX 3080, 5973, 4079, 10240, 97, 97
2026/07/30 19:34:40.637, 0, NVIDIA GeForce RTX 3080, 5973, 4079, 10240, 97, 97
2026/07/30 19:34:40.748, 0, NVIDIA GeForce RTX 3080, 5973, 4079, 10240, 97, 97
2026/07/30 19:34:40.859, 0, NVIDIA GeForce RTX 3080, 5973, 4079, 10240, 98, 98
2026/07/30 19:34:40.971, 0, NVIDIA GeForce RTX 3080, 5973, 4079, 10240, 98, 98
2026/07/30 19:34:41.083, 0, NVIDIA GeForce RTX 3080, 5973, 4079, 10240, 98, 98
2026/07/30 19:34:41.192, 0, NVIDIA GeForce RTX 3080, 5973, 4079, 10240, 98, 98
2026/07/30 19:34:41.302, 0, NVIDIA GeForce RTX 3080, 5973, 4079, 10240, 94, 97
2026/07/30 19:34:41.410, 0, NVIDIA GeForce RTX 3080, 5973, 4079, 10240, 94, 97
2026/07/30 19:34:41.519, 0, NVIDIA GeForce RTX 3080, 5973, 4079, 10240, 94, 97
2026/07/30 19:34:41.628, 0, NVIDIA GeForce RTX 3080, 5973, 4079, 10240, 94, 97
2026/07/30 19:34:41.738, 0, NVIDIA GeForce RTX 3080, 5973, 4079, 10240, 94, 97
2026/07/30 19:34:41.848, 0, NVIDIA GeForce RTX 3080, 5973, 4079, 10240, 96, 98
2026/07/30 19:34:41.959, 0, NVIDIA GeForce RTX 3080, 5973, 4079, 10240, 96, 98
2026/07/30 19:34:42.071, 0, NVIDIA GeForce RTX 3080, 5973, 4079, 10240, 96, 98
2026/07/30 19:34:42.182, 0, NVIDIA GeForce RTX 3080, 5973, 4079, 10240, 96, 98
2026/07/30 19:34:42.294, 0, NVIDIA GeForce RTX 3080, 5973, 4079, 10240, 96, 98
2026/07/30 19:34:42.406, 0, NVIDIA GeForce RTX 3080, 5973, 4079, 10240, 96, 98
2026/07/30 19:34:42.517, 0, NVIDIA GeForce RTX 3080, 5973, 4079, 10240, 96, 98
2026/07/30 19:34:42.627, 0, NVIDIA GeForce RTX 3080, 5973, 4079, 10240, 96, 98
2026/07/30 19:34:42.739, 0, NVIDIA GeForce RTX 3080, 5973, 4079, 10240, 96, 98
2026/07/30 19:34:42.851, 0, NVIDIA GeForce RTX 3080, 5973, 4079, 10240, 95, 98
2026/07/30 19:34:42.963, 0, NVIDIA GeForce RTX 3080, 5973, 4079, 10240, 95, 98
2026/07/30 19:34:43.074, 0, NVIDIA GeForce RTX 3080, 5973, 4079, 10240, 95, 98
2026/07/30 19:34:43.182, 0, NVIDIA GeForce RTX 3080, 5973, 4079, 10240, 95, 98
2026/07/30 19:34:43.292, 0, NVIDIA GeForce RTX 3080, 5973, 4079, 10240, 97, 98
2026/07/30 19:34:43.402, 0, NVIDIA GeForce RTX 3080, 5973, 4079, 10240, 97, 98
2026/07/30 19:34:43.510, 0, NVIDIA GeForce RTX 3080, 5973, 4079, 10240, 97, 98
2026/07/30 19:34:43.621, 0, NVIDIA GeForce RTX 3080, 5973, 4079, 10240, 97, 98
2026/07/30 19:34:43.732, 0, NVIDIA GeForce RTX 3080, 5973, 4079, 10240, 97, 98
2026/07/30 19:34:43.844, 0, NVIDIA GeForce RTX 3080, 5973, 4079, 10240, 97, 98
2026/07/30 19:34:43.956, 0, NVIDIA GeForce RTX 3080, 5973, 4079, 10240, 97, 98
2026/07/30 19:34:44.067, 0, NVIDIA GeForce RTX 3080, 5973, 4079, 10240, 97, 98
2026/07/30 19:34:44.179, 0, NVIDIA GeForce RTX 3080, 5973, 4079, 10240, 97, 98
2026/07/30 19:34:44.290, 0, NVIDIA GeForce RTX 3080, 5973, 4079, 10240, 97, 98
2026/07/30 19:34:44.401, 0, NVIDIA GeForce RTX 3080, 5973, 4079, 10240, 97, 98
2026/07/30 19:34:44.513, 0, NVIDIA GeForce RTX 3080, 5973, 4079, 10240, 97, 98
2026/07/30 19:34:44.625, 0, NVIDIA GeForce RTX 3080, 5973, 4079, 10240, 97, 98
2026/07/30 19:34:44.736, 0, NVIDIA GeForce RTX 3080, 5973, 4079, 10240, 97, 98
2026/07/30 19:34:44.848, 0, NVIDIA GeForce RTX 3080, 5973, 4079, 10240, 97, 98
2026/07/30 19:34:44.960, 0, NVIDIA GeForce RTX 3080, 5973, 4079, 10240, 97, 98
2026/07/30 19:34:45.072, 0, NVIDIA GeForce RTX 3080, 5973, 4079, 10240, 97, 98
2026/07/30 19:34:45.184, 0, NVIDIA GeForce RTX 3080, 5973, 4079, 10240, 97, 98
2026/07/30 19:34:45.296, 0, NVIDIA GeForce RTX 3080, 5973, 4079, 10240, 96, 98
2026/07/30 19:34:45.408, 0, NVIDIA GeForce RTX 3080, 5973, 4079, 10240, 96, 98
2026/07/30 19:34:45.520, 0, NVIDIA GeForce RTX 3080, 5973, 4079, 10240, 96, 98
2026/07/30 19:34:45.632, 0, NVIDIA GeForce RTX 3080, 5973, 4079, 10240, 96, 98
2026/07/30 19:34:45.744, 0, NVIDIA GeForce RTX 3080, 5973, 4079, 10240, 96, 98
2026/07/30 19:34:45.856, 0, NVIDIA GeForce RTX 3080, 5973, 4079, 10240, 96, 98
2026/07/30 19:34:45.967, 0, NVIDIA GeForce RTX 3080, 5973, 4079, 10240, 96, 98
2026/07/30 19:34:46.078, 0, NVIDIA GeForce RTX 3080, 5973, 4079, 10240, 96, 98
2026/07/30 19:34:46.190, 0, NVIDIA GeForce RTX 3080, 5973, 4079, 10240, 96, 98
2026/07/30 19:34:46.302, 0, NVIDIA GeForce RTX 3080, 5973, 4079, 10240, 95, 98
2026/07/30 19:34:46.413, 0, NVIDIA GeForce RTX 3080, 5973, 4079, 10240, 95, 98
2026/07/30 19:34:46.525, 0, NVIDIA GeForce RTX 3080, 5973, 4079, 10240, 95, 98
2026/07/30 19:34:46.637, 0, NVIDIA GeForce RTX 3080, 5973, 4079, 10240, 95, 98
2026/07/30 19:34:46.749, 0, NVIDIA GeForce RTX 3080, 5973, 4079, 10240, 96, 98
2026/07/30 19:34:46.861, 0, NVIDIA GeForce RTX 3080, 5973, 4079, 10240, 96, 98
2026/07/30 19:34:46.973, 0, NVIDIA GeForce RTX 3080, 5973, 4079, 10240, 96, 98
2026/07/30 19:34:47.085, 0, NVIDIA GeForce RTX 3080, 5973, 4079, 10240, 96, 98
2026/07/30 19:34:47.196, 0, NVIDIA GeForce RTX 3080, 5973, 4079, 10240, 96, 98
2026/07/30 19:34:47.308, 0, NVIDIA GeForce RTX 3080, 5973, 4079, 10240, 93, 96
2026/07/30 19:34:47.420, 0, NVIDIA GeForce RTX 3080, 5973, 4079, 10240, 93, 96
2026/07/30 19:34:47.532, 0, NVIDIA GeForce RTX 3080, 5973, 4079, 10240, 93, 96
2026/07/30 19:34:47.644, 0, NVIDIA GeForce RTX 3080, 5973, 4079, 10240, 93, 96
2026/07/30 19:34:47.754, 0, NVIDIA GeForce RTX 3080, 5973, 4079, 10240, 97, 97
2026/07/30 19:34:47.866, 0, NVIDIA GeForce RTX 3080, 5973, 4079, 10240, 97, 97
2026/07/30 19:34:47.978, 0, NVIDIA GeForce RTX 3080, 5973, 4079, 10240, 97, 97
2026/07/30 19:34:48.090, 0, NVIDIA GeForce RTX 3080, 5973, 4079, 10240, 97, 97
2026/07/30 19:34:48.198, 0, NVIDIA GeForce RTX 3080, 5973, 4079, 10240, 97, 97
2026/07/30 19:34:48.308, 0, NVIDIA GeForce RTX 3080, 5973, 4079, 10240, 97, 98
2026/07/30 19:34:48.417, 0, NVIDIA GeForce RTX 3080, 5973, 4079, 10240, 97, 98
2026/07/30 19:34:48.528, 0, NVIDIA GeForce RTX 3080, 5973, 4079, 10240, 97, 98
2026/07/30 19:34:48.639, 0, NVIDIA GeForce RTX 3080, 5973, 4079, 10240, 97, 98
2026/07/30 19:34:48.751, 0, NVIDIA GeForce RTX 3080, 5973, 4079, 10240, 97, 98
2026/07/30 19:34:48.863, 0, NVIDIA GeForce RTX 3080, 5973, 4079, 10240, 97, 98
2026/07/30 19:34:48.975, 0, NVIDIA GeForce RTX 3080, 5973, 4079, 10240, 97, 98
2026/07/30 19:34:49.087, 0, NVIDIA GeForce RTX 3080, 5973, 4079, 10240, 97, 98
2026/07/30 19:34:49.199, 0, NVIDIA GeForce RTX 3080, 5973, 4079, 10240, 97, 98
2026/07/30 19:34:49.311, 0, NVIDIA GeForce RTX 3080, 5973, 4079, 10240, 97, 97
2026/07/30 19:34:49.423, 0, NVIDIA GeForce RTX 3080, 5973, 4079, 10240, 97, 97
2026/07/30 19:34:49.535, 0, NVIDIA GeForce RTX 3080, 5973, 4079, 10240, 97, 97
2026/07/30 19:34:49.647, 0, NVIDIA GeForce RTX 3080, 5973, 4079, 10240, 97, 97
2026/07/30 19:34:49.759, 0, NVIDIA GeForce RTX 3080, 5973, 4079, 10240, 96, 96
2026/07/30 19:34:49.871, 0, NVIDIA GeForce RTX 3080, 5973, 4079, 10240, 96, 96
2026/07/30 19:34:49.983, 0, NVIDIA GeForce RTX 3080, 5973, 4079, 10240, 96, 96
2026/07/30 19:34:50.094, 0, NVIDIA GeForce RTX 3080, 5973, 4079, 10240, 96, 96
2026/07/30 19:34:50.205, 0, NVIDIA GeForce RTX 3080, 5973, 4079, 10240, 96, 96
2026/07/30 19:34:50.316, 0, NVIDIA GeForce RTX 3080, 5973, 4079, 10240, 98, 98
2026/07/30 19:34:50.428, 0, NVIDIA GeForce RTX 3080, 5973, 4079, 10240, 98, 98
2026/07/30 19:34:50.539, 0, NVIDIA GeForce RTX 3080, 5973, 4079, 10240, 98, 98
2026/07/30 19:34:50.651, 0, NVIDIA GeForce RTX 3080, 5973, 4079, 10240, 98, 98
2026/07/30 19:34:50.763, 0, NVIDIA GeForce RTX 3080, 5973, 4079, 10240, 98, 98
2026/07/30 19:34:50.875, 0, NVIDIA GeForce RTX 3080, 5973, 4079, 10240, 98, 98
2026/07/30 19:34:50.987, 0, NVIDIA GeForce RTX 3080, 5973, 4079, 10240, 98, 98
2026/07/30 19:34:51.099, 0, NVIDIA GeForce RTX 3080, 5973, 4079, 10240, 98, 98
2026/07/30 19:34:51.210, 0, NVIDIA GeForce RTX 3080, 5973, 4079, 10240, 98, 98
2026/07/30 19:34:51.322, 0, NVIDIA GeForce RTX 3080, 5973, 4079, 10240, 96, 98
2026/07/30 19:34:51.432, 0, NVIDIA GeForce RTX 3080, 5973, 4079, 10240, 96, 98
2026/07/30 19:34:51.544, 0, NVIDIA GeForce RTX 3080, 5973, 4079, 10240, 96, 98
2026/07/30 19:34:51.655, 0, NVIDIA GeForce RTX 3080, 5973, 4079, 10240, 96, 98
2026/07/30 19:34:51.767, 0, NVIDIA GeForce RTX 3080, 5973, 4079, 10240, 95, 98
2026/07/30 19:34:51.879, 0, NVIDIA GeForce RTX 3080, 5973, 4079, 10240, 95, 98
2026/07/30 19:34:51.991, 0, NVIDIA GeForce RTX 3080, 5973, 4079, 10240, 95, 98
2026/07/30 19:34:52.104, 0, NVIDIA GeForce RTX 3080, 5973, 4079, 10240, 95, 98
2026/07/30 19:34:52.216, 0, NVIDIA GeForce RTX 3080, 5973, 4079, 10240, 95, 98
2026/07/30 19:34:52.327, 0, NVIDIA GeForce RTX 3080, 5973, 4079, 10240, 96, 98
2026/07/30 19:34:52.439, 0, NVIDIA GeForce RTX 3080, 5973, 4079, 10240, 96, 98
2026/07/30 19:34:52.551, 0, NVIDIA GeForce RTX 3080, 5973, 4079, 10240, 96, 98
2026/07/30 19:34:52.663, 0, NVIDIA GeForce RTX 3080, 5973, 4079, 10240, 96, 98
2026/07/30 19:34:52.774, 0, NVIDIA GeForce RTX 3080, 5973, 4079, 10240, 95, 97
2026/07/30 19:34:52.886, 0, NVIDIA GeForce RTX 3080, 5973, 4079, 10240, 95, 97
2026/07/30 19:34:52.997, 0, NVIDIA GeForce RTX 3080, 5973, 4079, 10240, 95, 97
2026/07/30 19:34:53.109, 0, NVIDIA GeForce RTX 3080, 5973, 4079, 10240, 95, 97
2026/07/30 19:34:53.221, 0, NVIDIA GeForce RTX 3080, 5973, 4079, 10240, 95, 97
2026/07/30 19:34:53.333, 0, NVIDIA GeForce RTX 3080, 5973, 4079, 10240, 97, 98
2026/07/30 19:34:53.445, 0, NVIDIA GeForce RTX 3080, 5973, 4079, 10240, 97, 98
2026/07/30 19:34:53.557, 0, NVIDIA GeForce RTX 3080, 5973, 4079, 10240, 97, 98
2026/07/30 19:34:53.668, 0, NVIDIA GeForce RTX 3080, 5973, 4079, 10240, 97, 98
2026/07/30 19:34:53.780, 0, NVIDIA GeForce RTX 3080, 5973, 4079, 10240, 97, 98
2026/07/30 19:34:53.891, 0, NVIDIA GeForce RTX 3080, 5973, 4079, 10240, 97, 98
2026/07/30 19:34:54.003, 0, NVIDIA GeForce RTX 3080, 5973, 4079, 10240, 97, 98
2026/07/30 19:34:54.115, 0, NVIDIA GeForce RTX 3080, 5973, 4079, 10240, 97, 98
2026/07/30 19:34:54.227, 0, NVIDIA GeForce RTX 3080, 5973, 4079, 10240, 97, 98
2026/07/30 19:34:54.339, 0, NVIDIA GeForce RTX 3080, 5973, 4079, 10240, 97, 97
2026/07/30 19:34:54.452, 0, NVIDIA GeForce RTX 3080, 5973, 4079, 10240, 97, 97
2026/07/30 19:34:54.564, 0, NVIDIA GeForce RTX 3080, 5973, 4079, 10240, 97, 97
2026/07/30 19:34:54.676, 0, NVIDIA GeForce RTX 3080, 5973, 4079, 10240, 97, 97
2026/07/30 19:34:54.788, 0, NVIDIA GeForce RTX 3080, 5973, 4079, 10240, 97, 97
2026/07/30 19:34:54.900, 0, NVIDIA GeForce RTX 3080, 5973, 4079, 10240, 97, 97
2026/07/30 19:34:55.012, 0, NVIDIA GeForce RTX 3080, 5973, 4079, 10240, 97, 97
2026/07/30 19:34:55.122, 0, NVIDIA GeForce RTX 3080, 5973, 4079, 10240, 97, 97
2026/07/30 19:34:55.232, 0, NVIDIA GeForce RTX 3080, 5973, 4079, 10240, 97, 97
2026/07/30 19:34:55.343, 0, NVIDIA GeForce RTX 3080, 5973, 4079, 10240, 95, 98
2026/07/30 19:34:55.455, 0, NVIDIA GeForce RTX 3080, 5973, 4079, 10240, 95, 98
2026/07/30 19:34:55.567, 0, NVIDIA GeForce RTX 3080, 5973, 4079, 10240, 95, 98
2026/07/30 19:34:55.679, 0, NVIDIA GeForce RTX 3080, 5973, 4079, 10240, 95, 98
2026/07/30 19:34:55.791, 0, NVIDIA GeForce RTX 3080, 5973, 4079, 10240, 96, 98
2026/07/30 19:34:55.903, 0, NVIDIA GeForce RTX 3080, 5973, 4079, 10240, 96, 98
2026/07/30 19:34:56.015, 0, NVIDIA GeForce RTX 3080, 5973, 4079, 10240, 96, 98
2026/07/30 19:34:56.126, 0, NVIDIA GeForce RTX 3080, 5973, 4079, 10240, 96, 98
2026/07/30 19:34:56.237, 0, NVIDIA GeForce RTX 3080, 5973, 4079, 10240, 96, 98
2026/07/30 19:34:56.350, 0, NVIDIA GeForce RTX 3080, 5973, 4079, 10240, 96, 98
2026/07/30 19:34:56.462, 0, NVIDIA GeForce RTX 3080, 5973, 4079, 10240, 96, 98
2026/07/30 19:34:56.574, 0, NVIDIA GeForce RTX 3080, 5973, 4079, 10240, 96, 98
2026/07/30 19:34:56.686, 0, NVIDIA GeForce RTX 3080, 5973, 4079, 10240, 96, 98
2026/07/30 19:34:56.797, 0, NVIDIA GeForce RTX 3080, 5973, 4079, 10240, 96, 98
2026/07/30 19:34:56.909, 0, NVIDIA GeForce RTX 3080, 5973, 4079, 10240, 96, 98
2026/07/30 19:34:57.021, 0, NVIDIA GeForce RTX 3080, 5973, 4079, 10240, 96, 98
2026/07/30 19:34:57.133, 0, NVIDIA GeForce RTX 3080, 5973, 4079, 10240, 96, 98
2026/07/30 19:34:57.245, 0, NVIDIA GeForce RTX 3080, 5973, 4079, 10240, 96, 98
2026/07/30 19:34:57.357, 0, NVIDIA GeForce RTX 3080, 5973, 4079, 10240, 97, 98
2026/07/30 19:34:57.469, 0, NVIDIA GeForce RTX 3080, 5973, 4079, 10240, 97, 98
2026/07/30 19:34:57.581, 0, NVIDIA GeForce RTX 3080, 5973, 4079, 10240, 97, 98
2026/07/30 19:34:57.693, 0, NVIDIA GeForce RTX 3080, 5973, 4079, 10240, 97, 98
2026/07/30 19:34:57.805, 0, NVIDIA GeForce RTX 3080, 5973, 4079, 10240, 97, 98
2026/07/30 19:34:57.917, 0, NVIDIA GeForce RTX 3080, 5973, 4079, 10240, 97, 98
2026/07/30 19:34:58.028, 0, NVIDIA GeForce RTX 3080, 5973, 4079, 10240, 97, 98
2026/07/30 19:34:58.139, 0, NVIDIA GeForce RTX 3080, 5973, 4079, 10240, 97, 98
2026/07/30 19:34:58.251, 0, NVIDIA GeForce RTX 3080, 5973, 4079, 10240, 97, 98
2026/07/30 19:34:58.363, 0, NVIDIA GeForce RTX 3080, 5973, 4079, 10240, 97, 98
2026/07/30 19:34:58.475, 0, NVIDIA GeForce RTX 3080, 5973, 4079, 10240, 97, 98
2026/07/30 19:34:58.587, 0, NVIDIA GeForce RTX 3080, 5973, 4079, 10240, 97, 98
2026/07/30 19:34:58.699, 0, NVIDIA GeForce RTX 3080, 5973, 4079, 10240, 97, 98
2026/07/30 19:34:58.811, 0, NVIDIA GeForce RTX 3080, 5973, 4079, 10240, 94, 96
2026/07/30 19:34:58.923, 0, NVIDIA GeForce RTX 3080, 5973, 4079, 10240, 94, 96
2026/07/30 19:34:59.035, 0, NVIDIA GeForce RTX 3080, 5973, 4079, 10240, 94, 96
2026/07/30 19:34:59.147, 0, NVIDIA GeForce RTX 3080, 5973, 4079, 10240, 94, 96
2026/07/30 19:34:59.259, 0, NVIDIA GeForce RTX 3080, 5973, 4079, 10240, 98, 98
2026/07/30 19:34:59.371, 0, NVIDIA GeForce RTX 3080, 5973, 4079, 10240, 98, 98
2026/07/30 19:34:59.482, 0, NVIDIA GeForce RTX 3080, 5973, 4079, 10240, 98, 98
2026/07/30 19:34:59.594, 0, NVIDIA GeForce RTX 3080, 5973, 4079, 10240, 98, 98
2026/07/30 19:34:59.706, 0, NVIDIA GeForce RTX 3080, 5973, 4079, 10240, 98, 98
2026/07/30 19:34:59.818, 0, NVIDIA GeForce RTX 3080, 5973, 4079, 10240, 98, 98
2026/07/30 19:34:59.931, 0, NVIDIA GeForce RTX 3080, 5973, 4079, 10240, 98, 98
2026/07/30 19:35:00.043, 0, NVIDIA GeForce RTX 3080, 5973, 4079, 10240, 98, 98
2026/07/30 19:35:00.155, 0, NVIDIA GeForce RTX 3080, 5973, 4079, 10240, 98, 98
2026/07/30 19:35:00.267, 0, NVIDIA GeForce RTX 3080, 5973, 4079, 10240, 98, 98
2026/07/30 19:35:00.379, 0, NVIDIA GeForce RTX 3080, 5973, 4079, 10240, 98, 98
2026/07/30 19:35:00.491, 0, NVIDIA GeForce RTX 3080, 5973, 4079, 10240, 98, 98
2026/07/30 19:35:00.602, 0, NVIDIA GeForce RTX 3080, 5973, 4079, 10240, 98, 98
2026/07/30 19:35:00.713, 0, NVIDIA GeForce RTX 3080, 5973, 4079, 10240, 98, 98
2026/07/30 19:35:00.824, 0, NVIDIA GeForce RTX 3080, 5973, 4079, 10240, 95, 98
2026/07/30 19:35:00.936, 0, NVIDIA GeForce RTX 3080, 5973, 4079, 10240, 95, 98
2026/07/30 19:35:01.047, 0, NVIDIA GeForce RTX 3080, 5973, 4079, 10240, 95, 98
2026/07/30 19:35:01.157, 0, NVIDIA GeForce RTX 3080, 5973, 4079, 10240, 95, 98
2026/07/30 19:35:01.265, 0, NVIDIA GeForce RTX 3080, 5973, 4079, 10240, 96, 98
2026/07/30 19:35:01.375, 0, NVIDIA GeForce RTX 3080, 5973, 4079, 10240, 96, 98
2026/07/30 19:35:01.484, 0, NVIDIA GeForce RTX 3080, 5973, 4079, 10240, 96, 98
2026/07/30 19:35:01.592, 0, NVIDIA GeForce RTX 3080, 5973, 4079, 10240, 96, 98
2026/07/30 19:35:01.702, 0, NVIDIA GeForce RTX 3080, 5973, 4079, 10240, 96, 98
2026/07/30 19:35:01.812, 0, NVIDIA GeForce RTX 3080, 5973, 4079, 10240, 96, 98
2026/07/30 19:35:01.924, 0, NVIDIA GeForce RTX 3080, 5973, 4079, 10240, 96, 98
2026/07/30 19:35:02.036, 0, NVIDIA GeForce RTX 3080, 5973, 4079, 10240, 96, 98
2026/07/30 19:35:02.147, 0, NVIDIA GeForce RTX 3080, 5973, 4079, 10240, 96, 98
2026/07/30 19:35:02.259, 0, NVIDIA GeForce RTX 3080, 5973, 4079, 10240, 96, 98
2026/07/30 19:35:02.371, 0, NVIDIA GeForce RTX 3080, 5973, 4079, 10240, 96, 98
2026/07/30 19:35:02.483, 0, NVIDIA GeForce RTX 3080, 5973, 4079, 10240, 96, 98
2026/07/30 19:35:02.595, 0, NVIDIA GeForce RTX 3080, 5973, 4079, 10240, 96, 98
2026/07/30 19:35:02.707, 0, NVIDIA GeForce RTX 3080, 5973, 4079, 10240, 96, 98
2026/07/30 19:35:02.819, 0, NVIDIA GeForce RTX 3080, 5973, 4079, 10240, 97, 98
2026/07/30 19:35:02.931, 0, NVIDIA GeForce RTX 3080, 5973, 4079, 10240, 97, 98
2026/07/30 19:35:03.043, 0, NVIDIA GeForce RTX 3080, 5973, 4079, 10240, 97, 98
2026/07/30 19:35:03.153, 0, NVIDIA GeForce RTX 3080, 5973, 4079, 10240, 97, 98
2026/07/30 19:35:03.263, 0, NVIDIA GeForce RTX 3080, 5973, 4079, 10240, 96, 97
2026/07/30 19:35:03.371, 0, NVIDIA GeForce RTX 3080, 5973, 4079, 10240, 96, 97
2026/07/30 19:35:03.481, 0, NVIDIA GeForce RTX 3080, 5973, 4079, 10240, 96, 97
2026/07/30 19:35:03.592, 0, NVIDIA GeForce RTX 3080, 5973, 4079, 10240, 96, 97
2026/07/30 19:35:03.703, 0, NVIDIA GeForce RTX 3080, 5973, 4079, 10240, 96, 97
2026/07/30 19:35:03.814, 0, NVIDIA GeForce RTX 3080, 5973, 4079, 10240, 97, 98
2026/07/30 19:35:03.924, 0, NVIDIA GeForce RTX 3080, 5973, 4079, 10240, 97, 98
2026/07/30 19:35:04.036, 0, NVIDIA GeForce RTX 3080, 5973, 4079, 10240, 97, 98
2026/07/30 19:35:04.148, 0, NVIDIA GeForce RTX 3080, 5973, 4079, 10240, 97, 98
2026/07/30 19:35:04.260, 0, NVIDIA GeForce RTX 3080, 5973, 4079, 10240, 97, 98
2026/07/30 19:35:04.372, 0, NVIDIA GeForce RTX 3080, 5973, 4079, 10240, 97, 98
2026/07/30 19:35:04.483, 0, NVIDIA GeForce RTX 3080, 5973, 4079, 10240, 97, 98
2026/07/30 19:35:04.595, 0, NVIDIA GeForce RTX 3080, 5973, 4079, 10240, 97, 98
2026/07/30 19:35:04.707, 0, NVIDIA GeForce RTX 3080, 5973, 4079, 10240, 97, 98
2026/07/30 19:35:04.819, 0, NVIDIA GeForce RTX 3080, 5973, 4079, 10240, 96, 98
2026/07/30 19:35:04.929, 0, NVIDIA GeForce RTX 3080, 5973, 4079, 10240, 96, 98
2026/07/30 19:35:05.041, 0, NVIDIA GeForce RTX 3080, 5973, 4079, 10240, 96, 98
2026/07/30 19:35:05.152, 0, NVIDIA GeForce RTX 3080, 5973, 4079, 10240, 96, 98
2026/07/30 19:35:05.264, 0, NVIDIA GeForce RTX 3080, 5973, 4079, 10240, 95, 97
2026/07/30 19:35:05.376, 0, NVIDIA GeForce RTX 3080, 5973, 4079, 10240, 95, 97
2026/07/30 19:35:05.488, 0, NVIDIA GeForce RTX 3080, 5973, 4079, 10240, 95, 97
2026/07/30 19:35:05.600, 0, NVIDIA GeForce RTX 3080, 5973, 4079, 10240, 95, 97
2026/07/30 19:35:05.712, 0, NVIDIA GeForce RTX 3080, 5973, 4079, 10240, 95, 97
2026/07/30 19:35:05.824, 0, NVIDIA GeForce RTX 3080, 5973, 4079, 10240, 95, 98
2026/07/30 19:35:05.936, 0, NVIDIA GeForce RTX 3080, 5973, 4079, 10240, 95, 98
2026/07/30 19:35:06.048, 0, NVIDIA GeForce RTX 3080, 5973, 4079, 10240, 95, 98
2026/07/30 19:35:06.160, 0, NVIDIA GeForce RTX 3080, 5973, 4079, 10240, 95, 98
2026/07/30 19:35:06.272, 0, NVIDIA GeForce RTX 3080, 5973, 4079, 10240, 96, 98
2026/07/30 19:35:06.384, 0, NVIDIA GeForce RTX 3080, 5973, 4079, 10240, 96, 98
2026/07/30 19:35:06.496, 0, NVIDIA GeForce RTX 3080, 5973, 4079, 10240, 96, 98
2026/07/30 19:35:06.608, 0, NVIDIA GeForce RTX 3080, 5973, 4079, 10240, 96, 98
2026/07/30 19:35:06.720, 0, NVIDIA GeForce RTX 3080, 5973, 4079, 10240, 96, 98
2026/07/30 19:35:06.832, 0, NVIDIA GeForce RTX 3080, 5973, 4079, 10240, 97, 98
2026/07/30 19:35:06.944, 0, NVIDIA GeForce RTX 3080, 5973, 4079, 10240, 97, 98
2026/07/30 19:35:07.056, 0, NVIDIA GeForce RTX 3080, 5973, 4079, 10240, 97, 98
2026/07/30 19:35:07.167, 0, NVIDIA GeForce RTX 3080, 5973, 4079, 10240, 97, 98
2026/07/30 19:35:07.278, 0, NVIDIA GeForce RTX 3080, 5973, 4079, 10240, 97, 98
2026/07/30 19:35:07.390, 0, NVIDIA GeForce RTX 3080, 5973, 4079, 10240, 97, 98
2026/07/30 19:35:07.501, 0, NVIDIA GeForce RTX 3080, 5973, 4079, 10240, 97, 98
2026/07/30 19:35:07.613, 0, NVIDIA GeForce RTX 3080, 5973, 4079, 10240, 97, 98
2026/07/30 19:35:07.725, 0, NVIDIA GeForce RTX 3080, 5973, 4079, 10240, 97, 98
2026/07/30 19:35:07.837, 0, NVIDIA GeForce RTX 3080, 5973, 4079, 10240, 97, 98
2026/07/30 19:35:07.949, 0, NVIDIA GeForce RTX 3080, 5973, 4079, 10240, 97, 98
2026/07/30 19:35:08.061, 0, NVIDIA GeForce RTX 3080, 5973, 4079, 10240, 97, 98
2026/07/30 19:35:08.171, 0, NVIDIA GeForce RTX 3080, 5973, 4079, 10240, 97, 98
2026/07/30 19:35:08.281, 0, NVIDIA GeForce RTX 3080, 5973, 4079, 10240, 97, 98
2026/07/30 19:35:08.389, 0, NVIDIA GeForce RTX 3080, 5973, 4079, 10240, 97, 98
2026/07/30 19:35:08.501, 0, NVIDIA GeForce RTX 3080, 5973, 4079, 10240, 97, 98
2026/07/30 19:35:08.613, 0, NVIDIA GeForce RTX 3080, 5973, 4079, 10240, 97, 98
2026/07/30 19:35:08.725, 0, NVIDIA GeForce RTX 3080, 5973, 4079, 10240, 97, 98
2026/07/30 19:35:08.837, 0, NVIDIA GeForce RTX 3080, 5973, 4079, 10240, 98, 98
2026/07/30 19:35:08.948, 0, NVIDIA GeForce RTX 3080, 5973, 4079, 10240, 98, 98
2026/07/30 19:35:09.060, 0, NVIDIA GeForce RTX 3080, 5973, 4079, 10240, 98, 98
2026/07/30 19:35:09.171, 0, NVIDIA GeForce RTX 3080, 5973, 4079, 10240, 98, 98
2026/07/30 19:35:09.282, 0, NVIDIA GeForce RTX 3080, 5973, 4079, 10240, 98, 98
2026/07/30 19:35:09.394, 0, NVIDIA GeForce RTX 3080, 5973, 4079, 10240, 98, 98
2026/07/30 19:35:09.506, 0, NVIDIA GeForce RTX 3080, 5973, 4079, 10240, 98, 98
2026/07/30 19:35:09.618, 0, NVIDIA GeForce RTX 3080, 5973, 4079, 10240, 98, 98
2026/07/30 19:35:09.730, 0, NVIDIA GeForce RTX 3080, 5973, 4079, 10240, 98, 98
2026/07/30 19:35:09.842, 0, NVIDIA GeForce RTX 3080, 5973, 4079, 10240, 98, 98
2026/07/30 19:35:09.953, 0, NVIDIA GeForce RTX 3080, 5973, 4079, 10240, 98, 98
2026/07/30 19:35:10.064, 0, NVIDIA GeForce RTX 3080, 5973, 4079, 10240, 98, 98
2026/07/30 19:35:10.175, 0, NVIDIA GeForce RTX 3080, 5973, 4079, 10240, 98, 98
2026/07/30 19:35:10.286, 0, NVIDIA GeForce RTX 3080, 5973, 4079, 10240, 98, 97
2026/07/30 19:35:10.398, 0, NVIDIA GeForce RTX 3080, 5973, 4079, 10240, 98, 97
2026/07/30 19:35:10.510, 0, NVIDIA GeForce RTX 3080, 5973, 4079, 10240, 98, 97
2026/07/30 19:35:10.622, 0, NVIDIA GeForce RTX 3080, 5973, 4079, 10240, 98, 97
2026/07/30 19:35:10.733, 0, NVIDIA GeForce RTX 3080, 5973, 4079, 10240, 98, 97
2026/07/30 19:35:10.845, 0, NVIDIA GeForce RTX 3080, 5973, 4079, 10240, 95, 98
2026/07/30 19:35:10.957, 0, NVIDIA GeForce RTX 3080, 5973, 4079, 10240, 95, 98
2026/07/30 19:35:11.069, 0, NVIDIA GeForce RTX 3080, 5973, 4079, 10240, 95, 98
2026/07/30 19:35:11.181, 0, NVIDIA GeForce RTX 3080, 5973, 4079, 10240, 95, 98
2026/07/30 19:35:11.293, 0, NVIDIA GeForce RTX 3080, 5973, 4079, 10240, 93, 95
2026/07/30 19:35:11.405, 0, NVIDIA GeForce RTX 3080, 5973, 4079, 10240, 93, 95
2026/07/30 19:35:11.517, 0, NVIDIA GeForce RTX 3080, 5973, 4079, 10240, 93, 95
2026/07/30 19:35:11.629, 0, NVIDIA GeForce RTX 3080, 5973, 4079, 10240, 93, 95
2026/07/30 19:35:11.741, 0, NVIDIA GeForce RTX 3080, 5973, 4079, 10240, 93, 95
2026/07/30 19:35:11.853, 0, NVIDIA GeForce RTX 3080, 5973, 4079, 10240, 95, 98
2026/07/30 19:35:11.964, 0, NVIDIA GeForce RTX 3080, 5973, 4079, 10240, 95, 98
2026/07/30 19:35:12.075, 0, NVIDIA GeForce RTX 3080, 5973, 4079, 10240, 95, 98
2026/07/30 19:35:12.187, 0, NVIDIA GeForce RTX 3080, 5973, 4079, 10240, 95, 98
2026/07/30 19:35:12.299, 0, NVIDIA GeForce RTX 3080, 5973, 4079, 10240, 95, 98
2026/07/30 19:35:12.409, 0, NVIDIA GeForce RTX 3080, 5973, 4079, 10240, 95, 98
2026/07/30 19:35:12.521, 0, NVIDIA GeForce RTX 3080, 5973, 4079, 10240, 95, 98
2026/07/30 19:35:12.632, 0, NVIDIA GeForce RTX 3080, 5973, 4079, 10240, 95, 98
2026/07/30 19:35:12.744, 0, NVIDIA GeForce RTX 3080, 5973, 4079, 10240, 95, 98
2026/07/30 19:35:12.855, 0, NVIDIA GeForce RTX 3080, 5973, 4079, 10240, 97, 98
2026/07/30 19:35:12.967, 0, NVIDIA GeForce RTX 3080, 5973, 4079, 10240, 97, 98
2026/07/30 19:35:13.079, 0, NVIDIA GeForce RTX 3080, 5973, 4079, 10240, 97, 98
2026/07/30 19:35:13.191, 0, NVIDIA GeForce RTX 3080, 5973, 4079, 10240, 97, 98
2026/07/30 19:35:13.303, 0, NVIDIA GeForce RTX 3080, 5973, 4079, 10240, 97, 98
2026/07/30 19:35:13.415, 0, NVIDIA GeForce RTX 3080, 5973, 4079, 10240, 97, 98
2026/07/30 19:35:13.527, 0, NVIDIA GeForce RTX 3080, 5973, 4079, 10240, 97, 98
2026/07/30 19:35:13.639, 0, NVIDIA GeForce RTX 3080, 5973, 4079, 10240, 97, 98
2026/07/30 19:35:13.752, 0, NVIDIA GeForce RTX 3080, 5973, 4079, 10240, 97, 98
2026/07/30 19:35:13.864, 0, NVIDIA GeForce RTX 3080, 5973, 4079, 10240, 97, 98
2026/07/30 19:35:13.976, 0, NVIDIA GeForce RTX 3080, 5973, 4079, 10240, 97, 98
2026/07/30 19:35:14.088, 0, NVIDIA GeForce RTX 3080, 5973, 4079, 10240, 97, 98
2026/07/30 19:35:14.200, 0, NVIDIA GeForce RTX 3080, 5973, 4079, 10240, 97, 98
2026/07/30 19:35:14.312, 0, NVIDIA GeForce RTX 3080, 5973, 4079, 10240, 97, 98
2026/07/30 19:35:14.423, 0, NVIDIA GeForce RTX 3080, 5973, 4079, 10240, 97, 98
2026/07/30 19:35:14.535, 0, NVIDIA GeForce RTX 3080, 5973, 4079, 10240, 97, 98
2026/07/30 19:35:14.647, 0, NVIDIA GeForce RTX 3080, 5973, 4079, 10240, 97, 98
2026/07/30 19:35:14.757, 0, NVIDIA GeForce RTX 3080, 5973, 4079, 10240, 96, 98
2026/07/30 19:35:14.869, 0, NVIDIA GeForce RTX 3080, 5973, 4079, 10240, 96, 98
2026/07/30 19:35:14.981, 0, NVIDIA GeForce RTX 3080, 5973, 4079, 10240, 96, 98
2026/07/30 19:35:15.093, 0, NVIDIA GeForce RTX 3080, 5973, 4079, 10240, 96, 98
2026/07/30 19:35:15.205, 0, NVIDIA GeForce RTX 3080, 5973, 4079, 10240, 96, 98
2026/07/30 19:35:15.317, 0, NVIDIA GeForce RTX 3080, 5973, 4079, 10240, 96, 98
2026/07/30 19:35:15.429, 0, NVIDIA GeForce RTX 3080, 5973, 4079, 10240, 96, 98
2026/07/30 19:35:15.541, 0, NVIDIA GeForce RTX 3080, 5973, 4079, 10240, 96, 98
2026/07/30 19:35:15.653, 0, NVIDIA GeForce RTX 3080, 5973, 4079, 10240, 96, 98
2026/07/30 19:35:15.764, 0, NVIDIA GeForce RTX 3080, 5973, 4079, 10240, 95, 98
2026/07/30 19:35:15.875, 0, NVIDIA GeForce RTX 3080, 5973, 4079, 10240, 95, 98
2026/07/30 19:35:15.987, 0, NVIDIA GeForce RTX 3080, 5973, 4079, 10240, 95, 98
2026/07/30 19:35:16.099, 0, NVIDIA GeForce RTX 3080, 5973, 4079, 10240, 95, 98
2026/07/30 19:35:16.209, 0, NVIDIA GeForce RTX 3080, 5973, 4079, 10240, 95, 98
2026/07/30 19:35:16.319, 0, NVIDIA GeForce RTX 3080, 5973, 4079, 10240, 96, 98
2026/07/30 19:35:16.427, 0, NVIDIA GeForce RTX 3080, 5973, 4079, 10240, 96, 98
2026/07/30 19:35:16.536, 0, NVIDIA GeForce RTX 3080, 5973, 4079, 10240, 96, 98
2026/07/30 19:35:16.646, 0, NVIDIA GeForce RTX 3080, 5973, 4079, 10240, 96, 98
2026/07/30 19:35:16.755, 0, NVIDIA GeForce RTX 3080, 5973, 4079, 10240, 96, 98
2026/07/30 19:35:16.867, 0, NVIDIA GeForce RTX 3080, 5973, 4079, 10240, 96, 98
2026/07/30 19:35:16.979, 0, NVIDIA GeForce RTX 3080, 5973, 4079, 10240, 96, 98
2026/07/30 19:35:17.091, 0, NVIDIA GeForce RTX 3080, 5973, 4079, 10240, 96, 98
2026/07/30 19:35:17.203, 0, NVIDIA GeForce RTX 3080, 5973, 4079, 10240, 96, 98
2026/07/30 19:35:17.315, 0, NVIDIA GeForce RTX 3080, 5973, 4079, 10240, 97, 98
2026/07/30 19:35:17.426, 0, NVIDIA GeForce RTX 3080, 5973, 4079, 10240, 97, 98
2026/07/30 19:35:17.538, 0, NVIDIA GeForce RTX 3080, 5973, 4079, 10240, 97, 98
2026/07/30 19:35:17.650, 0, NVIDIA GeForce RTX 3080, 5973, 4079, 10240, 97, 98
2026/07/30 19:35:17.763, 0, NVIDIA GeForce RTX 3080, 5973, 4079, 10240, 95, 96
2026/07/30 19:35:17.875, 0, NVIDIA GeForce RTX 3080, 5973, 4079, 10240, 95, 96
2026/07/30 19:35:17.987, 0, NVIDIA GeForce RTX 3080, 5973, 4079, 10240, 95, 96
2026/07/30 19:35:18.098, 0, NVIDIA GeForce RTX 3080, 5973, 4079, 10240, 95, 96
2026/07/30 19:35:18.210, 0, NVIDIA GeForce RTX 3080, 5973, 4079, 10240, 95, 96
2026/07/30 19:35:18.322, 0, NVIDIA GeForce RTX 3080, 5973, 4079, 10240, 95, 96
2026/07/30 19:35:18.433, 0, NVIDIA GeForce RTX 3080, 5973, 4079, 10240, 95, 96
2026/07/30 19:35:18.545, 0, NVIDIA GeForce RTX 3080, 5973, 4079, 10240, 95, 96
2026/07/30 19:35:18.657, 0, NVIDIA GeForce RTX 3080, 5973, 4079, 10240, 95, 96
2026/07/30 19:35:18.768, 0, NVIDIA GeForce RTX 3080, 5973, 4079, 10240, 98, 98
2026/07/30 19:35:18.880, 0, NVIDIA GeForce RTX 3080, 5973, 4079, 10240, 98, 98
2026/07/30 19:35:18.991, 0, NVIDIA GeForce RTX 3080, 5973, 4079, 10240, 98, 98
2026/07/30 19:35:19.102, 0, NVIDIA GeForce RTX 3080, 5973, 4079, 10240, 98, 98
2026/07/30 19:35:19.214, 0, NVIDIA GeForce RTX 3080, 5973, 4079, 10240, 98, 98
2026/07/30 19:35:19.326, 0, NVIDIA GeForce RTX 3080, 5973, 4079, 10240, 97, 96
2026/07/30 19:35:19.438, 0, NVIDIA GeForce RTX 3080, 5973, 4079, 10240, 97, 96
2026/07/30 19:35:19.551, 0, NVIDIA GeForce RTX 3080, 5973, 4079, 10240, 97, 96
2026/07/30 19:35:19.663, 0, NVIDIA GeForce RTX 3080, 5973, 4079, 10240, 97, 96
2026/07/30 19:35:19.775, 0, NVIDIA GeForce RTX 3080, 5973, 4079, 10240, 98, 98
2026/07/30 19:35:19.887, 0, NVIDIA GeForce RTX 3080, 5973, 4079, 10240, 98, 98
2026/07/30 19:35:19.999, 0, NVIDIA GeForce RTX 3080, 5973, 4079, 10240, 98, 98
2026/07/30 19:35:20.111, 0, NVIDIA GeForce RTX 3080, 5973, 4079, 10240, 98, 98
2026/07/30 19:35:20.223, 0, NVIDIA GeForce RTX 3080, 5973, 4079, 10240, 98, 98
2026/07/30 19:35:20.335, 0, NVIDIA GeForce RTX 3080, 5973, 4079, 10240, 96, 98
2026/07/30 19:35:20.447, 0, NVIDIA GeForce RTX 3080, 5973, 4079, 10240, 96, 98
2026/07/30 19:35:20.559, 0, NVIDIA GeForce RTX 3080, 5973, 4079, 10240, 96, 98
2026/07/30 19:35:20.671, 0, NVIDIA GeForce RTX 3080, 5973, 4079, 10240, 96, 98
2026/07/30 19:35:20.783, 0, NVIDIA GeForce RTX 3080, 5973, 4079, 10240, 96, 98
2026/07/30 19:35:20.895, 0, NVIDIA GeForce RTX 3080, 5973, 4079, 10240, 96, 98
2026/07/30 19:35:21.007, 0, NVIDIA GeForce RTX 3080, 5973, 4079, 10240, 96, 98
2026/07/30 19:35:21.118, 0, NVIDIA GeForce RTX 3080, 5973, 4079, 10240, 96, 98
2026/07/30 19:35:21.226, 0, NVIDIA GeForce RTX 3080, 5973, 4079, 10240, 96, 98
2026/07/30 19:35:21.336, 0, NVIDIA GeForce RTX 3080, 5973, 4079, 10240, 96, 98
2026/07/30 19:35:21.445, 0, NVIDIA GeForce RTX 3080, 5973, 4079, 10240, 96, 98
2026/07/30 19:35:21.546, 0, NVIDIA GeForce RTX 3080, 5973, 4079, 10240, 96, 98
2026/07/30 19:35:21.654, 0, NVIDIA GeForce RTX 3080, 5973, 4079, 10240, 96, 98
2026/07/30 19:35:21.764, 0, NVIDIA GeForce RTX 3080, 5973, 4079, 10240, 95, 97
2026/07/30 19:35:21.875, 0, NVIDIA GeForce RTX 3080, 5973, 4079, 10240, 95, 97
2026/07/30 19:35:21.987, 0, NVIDIA GeForce RTX 3080, 5973, 4079, 10240, 95, 97
2026/07/30 19:35:22.099, 0, NVIDIA GeForce RTX 3080, 5973, 4079, 10240, 95, 97
2026/07/30 19:35:22.211, 0, NVIDIA GeForce RTX 3080, 5973, 4079, 10240, 95, 97
2026/07/30 19:35:22.323, 0, NVIDIA GeForce RTX 3080, 5973, 4079, 10240, 97, 98
2026/07/30 19:35:22.435, 0, NVIDIA GeForce RTX 3080, 5973, 4079, 10240, 97, 98
2026/07/30 19:35:22.547, 0, NVIDIA GeForce RTX 3080, 5973, 4079, 10240, 97, 98
2026/07/30 19:35:22.657, 0, NVIDIA GeForce RTX 3080, 5973, 4079, 10240, 97, 98
2026/07/30 19:35:22.769, 0, NVIDIA GeForce RTX 3080, 5973, 4079, 10240, 98, 98
2026/07/30 19:35:22.880, 0, NVIDIA GeForce RTX 3080, 5973, 4079, 10240, 98, 98
2026/07/30 19:35:22.991, 0, NVIDIA GeForce RTX 3080, 5973, 4079, 10240, 98, 98
2026/07/30 19:35:23.103, 0, NVIDIA GeForce RTX 3080, 5973, 4079, 10240, 98, 98
2026/07/30 19:35:23.213, 0, NVIDIA GeForce RTX 3080, 5973, 4079, 10240, 98, 98
2026/07/30 19:35:23.322, 0, NVIDIA GeForce RTX 3080, 5973, 4079, 10240, 97, 98
2026/07/30 19:35:23.432, 0, NVIDIA GeForce RTX 3080, 5973, 4079, 10240, 97, 98
2026/07/30 19:35:23.544, 0, NVIDIA GeForce RTX 3080, 5973, 4079, 10240, 97, 98
2026/07/30 19:35:23.654, 0, NVIDIA GeForce RTX 3080, 5973, 4079, 10240, 97, 98
2026/07/30 19:35:23.766, 0, NVIDIA GeForce RTX 3080, 5973, 4079, 10240, 96, 97
2026/07/30 19:35:23.878, 0, NVIDIA GeForce RTX 3080, 5973, 4079, 10240, 96, 97
2026/07/30 19:35:23.990, 0, NVIDIA GeForce RTX 3080, 5973, 4079, 10240, 96, 97
2026/07/30 19:35:24.102, 0, NVIDIA GeForce RTX 3080, 5973, 4079, 10240, 96, 97
2026/07/30 19:35:24.213, 0, NVIDIA GeForce RTX 3080, 5973, 4079, 10240, 96, 97
2026/07/30 19:35:24.326, 0, NVIDIA GeForce RTX 3080, 5973, 4079, 10240, 96, 98
2026/07/30 19:35:24.438, 0, NVIDIA GeForce RTX 3080, 5973, 4079, 10240, 96, 98
2026/07/30 19:35:24.550, 0, NVIDIA GeForce RTX 3080, 5973, 4079, 10240, 96, 98
2026/07/30 19:35:24.662, 0, NVIDIA GeForce RTX 3080, 5973, 4079, 10240, 96, 98
2026/07/30 19:35:24.774, 0, NVIDIA GeForce RTX 3080, 5973, 4079, 10240, 96, 98
2026/07/30 19:35:24.886, 0, NVIDIA GeForce RTX 3080, 5973, 4079, 10240, 96, 98
2026/07/30 19:35:24.998, 0, NVIDIA GeForce RTX 3080, 5973, 4079, 10240, 96, 98
2026/07/30 19:35:25.110, 0, NVIDIA GeForce RTX 3080, 5973, 4079, 10240, 96, 98
2026/07/30 19:35:25.222, 0, NVIDIA GeForce RTX 3080, 5973, 4079, 10240, 96, 98
2026/07/30 19:35:25.333, 0, NVIDIA GeForce RTX 3080, 5973, 4079, 10240, 96, 98
2026/07/30 19:35:25.444, 0, NVIDIA GeForce RTX 3080, 5973, 4079, 10240, 96, 98
2026/07/30 19:35:25.555, 0, NVIDIA GeForce RTX 3080, 5973, 4079, 10240, 96, 98
2026/07/30 19:35:25.667, 0, NVIDIA GeForce RTX 3080, 5973, 4079, 10240, 96, 98
2026/07/30 19:35:25.779, 0, NVIDIA GeForce RTX 3080, 5973, 4079, 10240, 94, 96
2026/07/30 19:35:25.891, 0, NVIDIA GeForce RTX 3080, 5973, 4079, 10240, 94, 96
2026/07/30 19:35:26.003, 0, NVIDIA GeForce RTX 3080, 5973, 4079, 10240, 94, 96
2026/07/30 19:35:26.115, 0, NVIDIA GeForce RTX 3080, 5973, 4079, 10240, 94, 96
2026/07/30 19:35:26.227, 0, NVIDIA GeForce RTX 3080, 5973, 4079, 10240, 94, 96
2026/07/30 19:35:26.339, 0, NVIDIA GeForce RTX 3080, 5973, 4079, 10240, 97, 98
2026/07/30 19:35:26.451, 0, NVIDIA GeForce RTX 3080, 5973, 4079, 10240, 97, 98
2026/07/30 19:35:26.563, 0, NVIDIA GeForce RTX 3080, 5973, 4079, 10240, 97, 98
2026/07/30 19:35:26.675, 0, NVIDIA GeForce RTX 3080, 5973, 4079, 10240, 97, 98
2026/07/30 19:35:26.787, 0, NVIDIA GeForce RTX 3080, 5973, 4079, 10240, 97, 98
2026/07/30 19:35:26.900, 0, NVIDIA GeForce RTX 3080, 5973, 4079, 10240, 97, 98
2026/07/30 19:35:27.012, 0, NVIDIA GeForce RTX 3080, 5973, 4079, 10240, 97, 98
2026/07/30 19:35:27.123, 0, NVIDIA GeForce RTX 3080, 5973, 4079, 10240, 97, 98
2026/07/30 19:35:27.235, 0, NVIDIA GeForce RTX 3080, 5973, 4079, 10240, 97, 98
2026/07/30 19:35:27.347, 0, NVIDIA GeForce RTX 3080, 5973, 4079, 10240, 97, 98
2026/07/30 19:35:27.459, 0, NVIDIA GeForce RTX 3080, 5973, 4079, 10240, 97, 98
2026/07/30 19:35:27.571, 0, NVIDIA GeForce RTX 3080, 5973, 4079, 10240, 97, 98
2026/07/30 19:35:27.683, 0, NVIDIA GeForce RTX 3080, 5973, 4079, 10240, 97, 98
2026/07/30 19:35:27.794, 0, NVIDIA GeForce RTX 3080, 5973, 4079, 10240, 97, 98
2026/07/30 19:35:27.905, 0, NVIDIA GeForce RTX 3080, 5973, 4079, 10240, 97, 98
2026/07/30 19:35:28.016, 0, NVIDIA GeForce RTX 3080, 5973, 4079, 10240, 97, 98
2026/07/30 19:35:28.127, 0, NVIDIA GeForce RTX 3080, 5973, 4079, 10240, 97, 98
2026/07/30 19:35:28.236, 0, NVIDIA GeForce RTX 3080, 5973, 4079, 10240, 97, 98
2026/07/30 19:35:28.345, 0, NVIDIA GeForce RTX 3080, 5973, 4079, 10240, 98, 98
2026/07/30 19:35:28.457, 0, NVIDIA GeForce RTX 3080, 5973, 4079, 10240, 98, 98
2026/07/30 19:35:28.569, 0, NVIDIA GeForce RTX 3080, 5973, 4079, 10240, 98, 98
2026/07/30 19:35:28.681, 0, NVIDIA GeForce RTX 3080, 5973, 4079, 10240, 98, 98
2026/07/30 19:35:28.794, 0, NVIDIA GeForce RTX 3080, 5973, 4079, 10240, 98, 98
2026/07/30 19:35:28.905, 0, NVIDIA GeForce RTX 3080, 5973, 4079, 10240, 98, 98
2026/07/30 19:35:29.017, 0, NVIDIA GeForce RTX 3080, 5973, 4079, 10240, 98, 98
2026/07/30 19:35:29.129, 0, NVIDIA GeForce RTX 3080, 5973, 4079, 10240, 98, 98
2026/07/30 19:35:29.240, 0, NVIDIA GeForce RTX 3080, 5973, 4079, 10240, 98, 98
2026/07/30 19:35:29.352, 0, NVIDIA GeForce RTX 3080, 5973, 4079, 10240, 98, 98
2026/07/30 19:35:29.464, 0, NVIDIA GeForce RTX 3080, 5973, 4079, 10240, 98, 98
2026/07/30 19:35:29.576, 0, NVIDIA GeForce RTX 3080, 5973, 4079, 10240, 98, 98
2026/07/30 19:35:29.688, 0, NVIDIA GeForce RTX 3080, 5973, 4079, 10240, 98, 98
2026/07/30 19:35:29.800, 0, NVIDIA GeForce RTX 3080, 5973, 4079, 10240, 94, 96
2026/07/30 19:35:29.912, 0, NVIDIA GeForce RTX 3080, 5973, 4079, 10240, 94, 96
2026/07/30 19:35:30.024, 0, NVIDIA GeForce RTX 3080, 5973, 4079, 10240, 94, 96
2026/07/30 19:35:30.136, 0, NVIDIA GeForce RTX 3080, 5973, 4079, 10240, 94, 96
2026/07/30 19:35:30.248, 0, NVIDIA GeForce RTX 3080, 5973, 4079, 10240, 94, 96
2026/07/30 19:35:30.360, 0, NVIDIA GeForce RTX 3080, 5973, 4079, 10240, 96, 98
2026/07/30 19:35:30.472, 0, NVIDIA GeForce RTX 3080, 5973, 4079, 10240, 96, 98
2026/07/30 19:35:30.584, 0, NVIDIA GeForce RTX 3080, 5973, 4079, 10240, 96, 98
2026/07/30 19:35:30.696, 0, NVIDIA GeForce RTX 3080, 5973, 4079, 10240, 96, 98
2026/07/30 19:35:30.808, 0, NVIDIA GeForce RTX 3080, 5973, 4079, 10240, 95, 98
2026/07/30 19:35:30.920, 0, NVIDIA GeForce RTX 3080, 5973, 4079, 10240, 95, 98
2026/07/30 19:35:31.032, 0, NVIDIA GeForce RTX 3080, 5973, 4079, 10240, 95, 98
2026/07/30 19:35:31.144, 0, NVIDIA GeForce RTX 3080, 5973, 4079, 10240, 95, 98
2026/07/30 19:35:31.256, 0, NVIDIA GeForce RTX 3080, 5973, 4079, 10240, 96, 98
2026/07/30 19:35:31.368, 0, NVIDIA GeForce RTX 3080, 5973, 4079, 10240, 96, 98
2026/07/30 19:35:31.480, 0, NVIDIA GeForce RTX 3080, 5973, 4079, 10240, 96, 98
2026/07/30 19:35:31.592, 0, NVIDIA GeForce RTX 3080, 5973, 4079, 10240, 96, 98
2026/07/30 19:35:31.704, 0, NVIDIA GeForce RTX 3080, 5973, 4079, 10240, 96, 98
2026/07/30 19:35:31.816, 0, NVIDIA GeForce RTX 3080, 5973, 4079, 10240, 94, 96
2026/07/30 19:35:31.928, 0, NVIDIA GeForce RTX 3080, 5973, 4079, 10240, 94, 96
2026/07/30 19:35:32.039, 0, NVIDIA GeForce RTX 3080, 5973, 4079, 10240, 94, 96
2026/07/30 19:35:32.151, 0, NVIDIA GeForce RTX 3080, 5973, 4079, 10240, 94, 96
2026/07/30 19:35:32.263, 0, NVIDIA GeForce RTX 3080, 5973, 4079, 10240, 97, 98
2026/07/30 19:35:32.375, 0, NVIDIA GeForce RTX 3080, 5973, 4079, 10240, 97, 98
2026/07/30 19:35:32.487, 0, NVIDIA GeForce RTX 3080, 5973, 4079, 10240, 97, 98
2026/07/30 19:35:32.599, 0, NVIDIA GeForce RTX 3080, 5973, 4079, 10240, 97, 98
2026/07/30 19:35:32.711, 0, NVIDIA GeForce RTX 3080, 5973, 4079, 10240, 97, 98
2026/07/30 19:35:32.823, 0, NVIDIA GeForce RTX 3080, 5973, 4079, 10240, 97, 98
2026/07/30 19:35:32.934, 0, NVIDIA GeForce RTX 3080, 5973, 4079, 10240, 97, 98
2026/07/30 19:35:33.047, 0, NVIDIA GeForce RTX 3080, 5973, 4079, 10240, 97, 98
2026/07/30 19:35:33.159, 0, NVIDIA GeForce RTX 3080, 5973, 4079, 10240, 97, 98
2026/07/30 19:35:33.271, 0, NVIDIA GeForce RTX 3080, 5973, 4079, 10240, 97, 98
2026/07/30 19:35:33.383, 0, NVIDIA GeForce RTX 3080, 5973, 4079, 10240, 97, 98
2026/07/30 19:35:33.495, 0, NVIDIA GeForce RTX 3080, 5973, 4079, 10240, 97, 98
2026/07/30 19:35:33.607, 0, NVIDIA GeForce RTX 3080, 5973, 4079, 10240, 97, 98
2026/07/30 19:35:33.719, 0, NVIDIA GeForce RTX 3080, 5973, 4079, 10240, 97, 98
2026/07/30 19:35:33.831, 0, NVIDIA GeForce RTX 3080, 5973, 4079, 10240, 91, 95
2026/07/30 19:35:33.943, 0, NVIDIA GeForce RTX 3080, 5973, 4079, 10240, 91, 95
2026/07/30 19:35:34.055, 0, NVIDIA GeForce RTX 3080, 5973, 4079, 10240, 91, 95
2026/07/30 19:35:34.166, 0, NVIDIA GeForce RTX 3080, 5973, 4079, 10240, 91, 95
2026/07/30 19:35:34.274, 0, NVIDIA GeForce RTX 3080, 5973, 4079, 10240, 96, 98
2026/07/30 19:35:34.384, 0, NVIDIA GeForce RTX 3080, 5973, 4079, 10240, 96, 98
2026/07/30 19:35:34.492, 0, NVIDIA GeForce RTX 3080, 5973, 4079, 10240, 96, 98
2026/07/30 19:35:34.600, 0, NVIDIA GeForce RTX 3080, 5973, 4079, 10240, 96, 98
2026/07/30 19:35:34.710, 0, NVIDIA GeForce RTX 3080, 5973, 4079, 10240, 96, 98
2026/07/30 19:35:34.819, 0, NVIDIA GeForce RTX 3080, 5973, 4079, 10240, 95, 98
2026/07/30 19:35:34.928, 0, NVIDIA GeForce RTX 3080, 5973, 4079, 10240, 95, 98
2026/07/30 19:35:35.039, 0, NVIDIA GeForce RTX 3080, 5973, 4079, 10240, 95, 98
2026/07/30 19:35:35.149, 0, NVIDIA GeForce RTX 3080, 5973, 4079, 10240, 95, 98
2026/07/30 19:35:35.261, 0, NVIDIA GeForce RTX 3080, 5973, 4079, 10240, 95, 97
2026/07/30 19:35:35.373, 0, NVIDIA GeForce RTX 3080, 5973, 4079, 10240, 95, 97
2026/07/30 19:35:35.485, 0, NVIDIA GeForce RTX 3080, 5973, 4079, 10240, 95, 97
2026/07/30 19:35:35.596, 0, NVIDIA GeForce RTX 3080, 5973, 4079, 10240, 95, 97
2026/07/30 19:35:35.708, 0, NVIDIA GeForce RTX 3080, 5973, 4079, 10240, 95, 97
2026/07/30 19:35:35.820, 0, NVIDIA GeForce RTX 3080, 5973, 4079, 10240, 90, 94
2026/07/30 19:35:35.932, 0, NVIDIA GeForce RTX 3080, 5973, 4079, 10240, 90, 94
2026/07/30 19:35:36.044, 0, NVIDIA GeForce RTX 3080, 5973, 4079, 10240, 90, 94
2026/07/30 19:35:36.155, 0, NVIDIA GeForce RTX 3080, 5973, 4079, 10240, 90, 94
2026/07/30 19:35:36.265, 0, NVIDIA GeForce RTX 3080, 5973, 4079, 10240, 97, 98
2026/07/30 19:35:36.374, 0, NVIDIA GeForce RTX 3080, 5973, 4079, 10240, 97, 98
2026/07/30 19:35:36.483, 0, NVIDIA GeForce RTX 3080, 5973, 4079, 10240, 97, 98
2026/07/30 19:35:36.592, 0, NVIDIA GeForce RTX 3080, 5973, 4079, 10240, 97, 98
2026/07/30 19:35:36.702, 0, NVIDIA GeForce RTX 3080, 5973, 4079, 10240, 97, 98
2026/07/30 19:35:36.814, 0, NVIDIA GeForce RTX 3080, 5973, 4079, 10240, 97, 98
2026/07/30 19:35:36.926, 0, NVIDIA GeForce RTX 3080, 5973, 4079, 10240, 97, 98
2026/07/30 19:35:37.038, 0, NVIDIA GeForce RTX 3080, 5973, 4079, 10240, 97, 98
2026/07/30 19:35:37.150, 0, NVIDIA GeForce RTX 3080, 5973, 4079, 10240, 97, 98
2026/07/30 19:35:37.263, 0, NVIDIA GeForce RTX 3080, 5973, 4079, 10240, 97, 97
2026/07/30 19:35:37.375, 0, NVIDIA GeForce RTX 3080, 5973, 4079, 10240, 97, 97
2026/07/30 19:35:37.486, 0, NVIDIA GeForce RTX 3080, 5973, 4079, 10240, 97, 97
2026/07/30 19:35:37.598, 0, NVIDIA GeForce RTX 3080, 5973, 4079, 10240, 97, 97
2026/07/30 19:35:37.711, 0, NVIDIA GeForce RTX 3080, 5973, 4079, 10240, 97, 97
2026/07/30 19:35:37.823, 0, NVIDIA GeForce RTX 3080, 5973, 4079, 10240, 98, 98
2026/07/30 19:35:37.935, 0, NVIDIA GeForce RTX 3080, 5973, 4079, 10240, 98, 98
2026/07/30 19:35:38.047, 0, NVIDIA GeForce RTX 3080, 5973, 4079, 10240, 98, 98
2026/07/30 19:35:38.159, 0, NVIDIA GeForce RTX 3080, 5973, 4079, 10240, 98, 98
2026/07/30 19:35:38.271, 0, NVIDIA GeForce RTX 3080, 5973, 4079, 10240, 98, 98
2026/07/30 19:35:38.383, 0, NVIDIA GeForce RTX 3080, 5973, 4079, 10240, 98, 98
2026/07/30 19:35:38.495, 0, NVIDIA GeForce RTX 3080, 5973, 4079, 10240, 98, 98
2026/07/30 19:35:38.607, 0, NVIDIA GeForce RTX 3080, 5973, 4079, 10240, 98, 98
2026/07/30 19:35:38.719, 0, NVIDIA GeForce RTX 3080, 5973, 4079, 10240, 98, 98
2026/07/30 19:35:38.831, 0, NVIDIA GeForce RTX 3080, 5973, 4079, 10240, 98, 98
2026/07/30 19:35:38.943, 0, NVIDIA GeForce RTX 3080, 5973, 4079, 10240, 98, 98
2026/07/30 19:35:39.055, 0, NVIDIA GeForce RTX 3080, 5973, 4079, 10240, 98, 98
2026/07/30 19:35:39.167, 0, NVIDIA GeForce RTX 3080, 5973, 4079, 10240, 98, 98
2026/07/30 19:35:39.278, 0, NVIDIA GeForce RTX 3080, 5973, 4079, 10240, 98, 98
2026/07/30 19:35:39.389, 0, NVIDIA GeForce RTX 3080, 5973, 4079, 10240, 98, 98
2026/07/30 19:35:39.501, 0, NVIDIA GeForce RTX 3080, 5973, 4079, 10240, 98, 98
2026/07/30 19:35:39.613, 0, NVIDIA GeForce RTX 3080, 5973, 4079, 10240, 98, 98
2026/07/30 19:35:39.725, 0, NVIDIA GeForce RTX 3080, 5973, 4079, 10240, 98, 98
2026/07/30 19:35:39.837, 0, NVIDIA GeForce RTX 3080, 5973, 4079, 10240, 95, 97
2026/07/30 19:35:39.949, 0, NVIDIA GeForce RTX 3080, 5973, 4079, 10240, 95, 97
2026/07/30 19:35:40.062, 0, NVIDIA GeForce RTX 3080, 5973, 4079, 10240, 95, 97
2026/07/30 19:35:40.174, 0, NVIDIA GeForce RTX 3080, 5973, 4079, 10240, 95, 97
2026/07/30 19:35:40.286, 0, NVIDIA GeForce RTX 3080, 5973, 4079, 10240, 95, 98
2026/07/30 19:35:40.398, 0, NVIDIA GeForce RTX 3080, 5973, 4079, 10240, 95, 98
2026/07/30 19:35:40.510, 0, NVIDIA GeForce RTX 3080, 5973, 4079, 10240, 95, 98
2026/07/30 19:35:40.622, 0, NVIDIA GeForce RTX 3080, 5973, 4079, 10240, 95, 98
2026/07/30 19:35:40.732, 0, NVIDIA GeForce RTX 3080, 5973, 4079, 10240, 95, 98
2026/07/30 19:35:40.844, 0, NVIDIA GeForce RTX 3080, 5973, 4079, 10240, 95, 98
2026/07/30 19:35:40.955, 0, NVIDIA GeForce RTX 3080, 5973, 4079, 10240, 95, 98
2026/07/30 19:35:41.067, 0, NVIDIA GeForce RTX 3080, 5973, 4079, 10240, 95, 98
2026/07/30 19:35:41.178, 0, NVIDIA GeForce RTX 3080, 5973, 4079, 10240, 95, 98
2026/07/30 19:35:41.288, 0, NVIDIA GeForce RTX 3080, 5973, 4079, 10240, 95, 98
2026/07/30 19:35:41.397, 0, NVIDIA GeForce RTX 3080, 5973, 4079, 10240, 95, 98
2026/07/30 19:35:41.507, 0, NVIDIA GeForce RTX 3080, 5973, 4079, 10240, 95, 98
2026/07/30 19:35:41.616, 0, NVIDIA GeForce RTX 3080, 5973, 4079, 10240, 95, 98
2026/07/30 19:35:41.727, 0, NVIDIA GeForce RTX 3080, 5973, 4079, 10240, 95, 98
2026/07/30 19:35:41.839, 0, NVIDIA GeForce RTX 3080, 5973, 4079, 10240, 97, 98
2026/07/30 19:35:41.950, 0, NVIDIA GeForce RTX 3080, 5973, 4079, 10240, 97, 98
2026/07/30 19:35:42.061, 0, NVIDIA GeForce RTX 3080, 5973, 4079, 10240, 97, 98
2026/07/30 19:35:42.172, 0, NVIDIA GeForce RTX 3080, 5973, 4079, 10240, 97, 98
2026/07/30 19:35:42.285, 0, NVIDIA GeForce RTX 3080, 5973, 4079, 10240, 97, 98
2026/07/30 19:35:42.396, 0, NVIDIA GeForce RTX 3080, 5973, 4079, 10240, 97, 98
2026/07/30 19:35:42.507, 0, NVIDIA GeForce RTX 3080, 5973, 4079, 10240, 97, 98
2026/07/30 19:35:42.619, 0, NVIDIA GeForce RTX 3080, 5973, 4079, 10240, 97, 98
2026/07/30 19:35:42.731, 0, NVIDIA GeForce RTX 3080, 5973, 4079, 10240, 97, 98
2026/07/30 19:35:42.843, 0, NVIDIA GeForce RTX 3080, 5973, 4079, 10240, 97, 98
2026/07/30 19:35:42.955, 0, NVIDIA GeForce RTX 3080, 5973, 4079, 10240, 97, 98
2026/07/30 19:35:43.067, 0, NVIDIA GeForce RTX 3080, 5973, 4079, 10240, 97, 98
2026/07/30 19:35:43.177, 0, NVIDIA GeForce RTX 3080, 5973, 4079, 10240, 97, 98
2026/07/30 19:35:43.287, 0, NVIDIA GeForce RTX 3080, 5973, 4079, 10240, 97, 97
2026/07/30 19:35:43.397, 0, NVIDIA GeForce RTX 3080, 5973, 4079, 10240, 97, 97
2026/07/30 19:35:43.509, 0, NVIDIA GeForce RTX 3080, 5973, 4079, 10240, 97, 97
2026/07/30 19:35:43.621, 0, NVIDIA GeForce RTX 3080, 5973, 4079, 10240, 97, 97
2026/07/30 19:35:43.732, 0, NVIDIA GeForce RTX 3080, 5973, 4079, 10240, 97, 97
2026/07/30 19:35:43.844, 0, NVIDIA GeForce RTX 3080, 5973, 4079, 10240, 95, 98
2026/07/30 19:35:43.956, 0, NVIDIA GeForce RTX 3080, 5973, 4079, 10240, 95, 98
2026/07/30 19:35:44.068, 0, NVIDIA GeForce RTX 3080, 5973, 4079, 10240, 95, 98
2026/07/30 19:35:44.180, 0, NVIDIA GeForce RTX 3080, 5973, 4079, 10240, 95, 98
2026/07/30 19:35:44.292, 0, NVIDIA GeForce RTX 3080, 5973, 4079, 10240, 96, 98
2026/07/30 19:35:44.404, 0, NVIDIA GeForce RTX 3080, 5973, 4079, 10240, 96, 98
2026/07/30 19:35:44.516, 0, NVIDIA GeForce RTX 3080, 5973, 4079, 10240, 96, 98
2026/07/30 19:35:44.628, 0, NVIDIA GeForce RTX 3080, 5973, 4079, 10240, 96, 98
2026/07/30 19:35:44.740, 0, NVIDIA GeForce RTX 3080, 5973, 4079, 10240, 96, 98
2026/07/30 19:35:44.852, 0, NVIDIA GeForce RTX 3080, 5973, 4079, 10240, 96, 98
2026/07/30 19:35:44.963, 0, NVIDIA GeForce RTX 3080, 5973, 4079, 10240, 96, 98
2026/07/30 19:35:45.075, 0, NVIDIA GeForce RTX 3080, 5973, 4079, 10240, 96, 98
2026/07/30 19:35:45.187, 0, NVIDIA GeForce RTX 3080, 5973, 4079, 10240, 96, 98
2026/07/30 19:35:45.299, 0, NVIDIA GeForce RTX 3080, 5973, 4079, 10240, 96, 98
2026/07/30 19:35:45.411, 0, NVIDIA GeForce RTX 3080, 5973, 4079, 10240, 96, 98
2026/07/30 19:35:45.523, 0, NVIDIA GeForce RTX 3080, 5973, 4079, 10240, 96, 98
2026/07/30 19:35:45.635, 0, NVIDIA GeForce RTX 3080, 5973, 4079, 10240, 96, 98
2026/07/30 19:35:45.746, 0, NVIDIA GeForce RTX 3080, 5973, 4079, 10240, 96, 98
2026/07/30 19:35:45.857, 0, NVIDIA GeForce RTX 3080, 5973, 4079, 10240, 97, 98
2026/07/30 19:35:45.969, 0, NVIDIA GeForce RTX 3080, 5973, 4079, 10240, 97, 98
2026/07/30 19:35:46.080, 0, NVIDIA GeForce RTX 3080, 5973, 4079, 10240, 97, 98
2026/07/30 19:35:46.192, 0, NVIDIA GeForce RTX 3080, 5973, 4079, 10240, 97, 98
2026/07/30 19:35:46.304, 0, NVIDIA GeForce RTX 3080, 5973, 4079, 10240, 97, 98
2026/07/30 19:35:46.416, 0, NVIDIA GeForce RTX 3080, 5973, 4079, 10240, 97, 98
2026/07/30 19:35:46.527, 0, NVIDIA GeForce RTX 3080, 5973, 4079, 10240, 97, 98
2026/07/30 19:35:46.639, 0, NVIDIA GeForce RTX 3080, 5973, 4079, 10240, 97, 98
2026/07/30 19:35:46.751, 0, NVIDIA GeForce RTX 3080, 5973, 4079, 10240, 97, 98
2026/07/30 19:35:46.863, 0, NVIDIA GeForce RTX 3080, 5973, 4079, 10240, 96, 97
2026/07/30 19:35:46.975, 0, NVIDIA GeForce RTX 3080, 5973, 4079, 10240, 96, 97
2026/07/30 19:35:47.087, 0, NVIDIA GeForce RTX 3080, 5973, 4079, 10240, 96, 97
2026/07/30 19:35:47.199, 0, NVIDIA GeForce RTX 3080, 5973, 4079, 10240, 96, 97
2026/07/30 19:35:47.310, 0, NVIDIA GeForce RTX 3080, 5973, 4079, 10240, 97, 98
2026/07/30 19:35:47.422, 0, NVIDIA GeForce RTX 3080, 5973, 4079, 10240, 97, 98
2026/07/30 19:35:47.534, 0, NVIDIA GeForce RTX 3080, 5973, 4079, 10240, 97, 98
2026/07/30 19:35:47.646, 0, NVIDIA GeForce RTX 3080, 5973, 4079, 10240, 97, 98
2026/07/30 19:35:47.758, 0, NVIDIA GeForce RTX 3080, 5973, 4079, 10240, 98, 98
2026/07/30 19:35:47.870, 0, NVIDIA GeForce RTX 3080, 5973, 4079, 10240, 98, 98
2026/07/30 19:35:47.982, 0, NVIDIA GeForce RTX 3080, 5973, 4079, 10240, 98, 98
2026/07/30 19:35:48.093, 0, NVIDIA GeForce RTX 3080, 5973, 4079, 10240, 98, 98
2026/07/30 19:35:48.202, 0, NVIDIA GeForce RTX 3080, 5973, 4079, 10240, 98, 98
2026/07/30 19:35:48.312, 0, NVIDIA GeForce RTX 3080, 5973, 4079, 10240, 97, 97
2026/07/30 19:35:48.424, 0, NVIDIA GeForce RTX 3080, 5973, 4079, 10240, 97, 97
2026/07/30 19:35:48.536, 0, NVIDIA GeForce RTX 3080, 5973, 4079, 10240, 97, 97
2026/07/30 19:35:48.648, 0, NVIDIA GeForce RTX 3080, 5973, 4079, 10240, 97, 97
2026/07/30 19:35:48.760, 0, NVIDIA GeForce RTX 3080, 5973, 4079, 10240, 98, 97
2026/07/30 19:35:48.871, 0, NVIDIA GeForce RTX 3080, 5973, 4079, 10240, 98, 97
2026/07/30 19:35:48.983, 0, NVIDIA GeForce RTX 3080, 5973, 4079, 10240, 98, 97
2026/07/30 19:35:49.094, 0, NVIDIA GeForce RTX 3080, 5973, 4079, 10240, 98, 97
2026/07/30 19:35:49.206, 0, NVIDIA GeForce RTX 3080, 5973, 4079, 10240, 98, 97
2026/07/30 19:35:49.318, 0, NVIDIA GeForce RTX 3080, 5973, 4079, 10240, 94, 96
2026/07/30 19:35:49.430, 0, NVIDIA GeForce RTX 3080, 5973, 4079, 10240, 94, 96
2026/07/30 19:35:49.542, 0, NVIDIA GeForce RTX 3080, 5973, 4079, 10240, 94, 96
2026/07/30 19:35:49.654, 0, NVIDIA GeForce RTX 3080, 5973, 4079, 10240, 94, 96
2026/07/30 19:35:49.767, 0, NVIDIA GeForce RTX 3080, 5973, 4079, 10240, 95, 98
2026/07/30 19:35:49.879, 0, NVIDIA GeForce RTX 3080, 5973, 4079, 10240, 95, 98
2026/07/30 19:35:49.991, 0, NVIDIA GeForce RTX 3080, 5973, 4079, 10240, 95, 98
2026/07/30 19:35:50.103, 0, NVIDIA GeForce RTX 3080, 5973, 4079, 10240, 95, 98
2026/07/30 19:35:50.215, 0, NVIDIA GeForce RTX 3080, 5973, 4079, 10240, 95, 98
2026/07/30 19:35:50.327, 0, NVIDIA GeForce RTX 3080, 5973, 4079, 10240, 95, 97
2026/07/30 19:35:50.439, 0, NVIDIA GeForce RTX 3080, 5973, 4079, 10240, 95, 97
2026/07/30 19:35:50.551, 0, NVIDIA GeForce RTX 3080, 5973, 4079, 10240, 95, 97
2026/07/30 19:35:50.663, 0, NVIDIA GeForce RTX 3080, 5973, 4079, 10240, 95, 97
2026/07/30 19:35:50.775, 0, NVIDIA GeForce RTX 3080, 5973, 4079, 10240, 96, 98
2026/07/30 19:35:50.885, 0, NVIDIA GeForce RTX 3080, 5973, 4079, 10240, 96, 98
2026/07/30 19:35:50.996, 0, NVIDIA GeForce RTX 3080, 5973, 4079, 10240, 96, 98
2026/07/30 19:35:51.107, 0, NVIDIA GeForce RTX 3080, 5973, 4079, 10240, 96, 98
2026/07/30 19:35:51.219, 0, NVIDIA GeForce RTX 3080, 5973, 4079, 10240, 96, 98
2026/07/30 19:35:51.331, 0, NVIDIA GeForce RTX 3080, 5973, 4079, 10240, 97, 98
2026/07/30 19:35:51.443, 0, NVIDIA GeForce RTX 3080, 5973, 4079, 10240, 97, 98
2026/07/30 19:35:51.555, 0, NVIDIA GeForce RTX 3080, 5973, 4079, 10240, 97, 98
2026/07/30 19:35:51.667, 0, NVIDIA GeForce RTX 3080, 5973, 4079, 10240, 97, 98
2026/07/30 19:35:51.778, 0, NVIDIA GeForce RTX 3080, 5973, 4079, 10240, 97, 98
2026/07/30 19:35:51.889, 0, NVIDIA GeForce RTX 3080, 5973, 4079, 10240, 97, 98
2026/07/30 19:35:52.001, 0, NVIDIA GeForce RTX 3080, 5973, 4079, 10240, 97, 98
2026/07/30 19:35:52.112, 0, NVIDIA GeForce RTX 3080, 5973, 4079, 10240, 97, 98
2026/07/30 19:35:52.224, 0, NVIDIA GeForce RTX 3080, 5973, 4079, 10240, 97, 98
2026/07/30 19:35:52.336, 0, NVIDIA GeForce RTX 3080, 5973, 4079, 10240, 97, 98
2026/07/30 19:35:52.448, 0, NVIDIA GeForce RTX 3080, 5973, 4079, 10240, 97, 98
2026/07/30 19:35:52.560, 0, NVIDIA GeForce RTX 3080, 5973, 4079, 10240, 97, 98
2026/07/30 19:35:52.672, 0, NVIDIA GeForce RTX 3080, 5973, 4079, 10240, 97, 98
2026/07/30 19:35:52.784, 0, NVIDIA GeForce RTX 3080, 5973, 4079, 10240, 97, 98
2026/07/30 19:35:52.896, 0, NVIDIA GeForce RTX 3080, 5973, 4079, 10240, 97, 98
2026/07/30 19:35:53.008, 0, NVIDIA GeForce RTX 3080, 5973, 4079, 10240, 97, 98
2026/07/30 19:35:53.121, 0, NVIDIA GeForce RTX 3080, 5973, 4079, 10240, 97, 98
2026/07/30 19:35:53.233, 0, NVIDIA GeForce RTX 3080, 5973, 4079, 10240, 97, 98
2026/07/30 19:35:53.344, 0, NVIDIA GeForce RTX 3080, 5973, 4079, 10240, 96, 98
2026/07/30 19:35:53.455, 0, NVIDIA GeForce RTX 3080, 5973, 4079, 10240, 96, 98
2026/07/30 19:35:53.567, 0, NVIDIA GeForce RTX 3080, 5973, 4079, 10240, 96, 98
2026/07/30 19:35:53.679, 0, NVIDIA GeForce RTX 3080, 5973, 4079, 10240, 96, 98
2026/07/30 19:35:53.790, 0, NVIDIA GeForce RTX 3080, 5973, 4079, 10240, 94, 96
2026/07/30 19:35:53.902, 0, NVIDIA GeForce RTX 3080, 5973, 4079, 10240, 94, 96
2026/07/30 19:35:54.014, 0, NVIDIA GeForce RTX 3080, 5973, 4079, 10240, 94, 96
2026/07/30 19:35:54.126, 0, NVIDIA GeForce RTX 3080, 5973, 4079, 10240, 94, 96
2026/07/30 19:35:54.237, 0, NVIDIA GeForce RTX 3080, 5973, 4079, 10240, 94, 96
2026/07/30 19:35:54.346, 0, NVIDIA GeForce RTX 3080, 5973, 4079, 10240, 95, 97
2026/07/30 19:35:54.455, 0, NVIDIA GeForce RTX 3080, 5973, 4079, 10240, 95, 97
2026/07/30 19:35:54.566, 0, NVIDIA GeForce RTX 3080, 5973, 4079, 10240, 95, 97
2026/07/30 19:35:54.674, 0, NVIDIA GeForce RTX 3080, 5973, 4079, 10240, 95, 97
2026/07/30 19:35:54.783, 0, NVIDIA GeForce RTX 3080, 5973, 4079, 10240, 95, 98
2026/07/30 19:35:54.892, 0, NVIDIA GeForce RTX 3080, 5973, 4079, 10240, 95, 98
2026/07/30 19:35:55.003, 0, NVIDIA GeForce RTX 3080, 5973, 4079, 10240, 95, 98
2026/07/30 19:35:55.115, 0, NVIDIA GeForce RTX 3080, 5973, 4079, 10240, 95, 98
2026/07/30 19:35:55.227, 0, NVIDIA GeForce RTX 3080, 5973, 4079, 10240, 95, 98
2026/07/30 19:35:55.339, 0, NVIDIA GeForce RTX 3080, 5973, 4079, 10240, 93, 95
2026/07/30 19:35:55.451, 0, NVIDIA GeForce RTX 3080, 5973, 4079, 10240, 93, 95
2026/07/30 19:35:55.563, 0, NVIDIA GeForce RTX 3080, 5973, 4079, 10240, 93, 95
2026/07/30 19:35:55.675, 0, NVIDIA GeForce RTX 3080, 5973, 4079, 10240, 93, 95
2026/07/30 19:35:55.787, 0, NVIDIA GeForce RTX 3080, 5973, 4079, 10240, 97, 98
2026/07/30 19:35:55.899, 0, NVIDIA GeForce RTX 3080, 5973, 4079, 10240, 97, 98
2026/07/30 19:35:56.011, 0, NVIDIA GeForce RTX 3080, 5973, 4079, 10240, 97, 98
2026/07/30 19:35:56.123, 0, NVIDIA GeForce RTX 3080, 5973, 4079, 10240, 97, 98
2026/07/30 19:35:56.233, 0, NVIDIA GeForce RTX 3080, 5973, 4079, 10240, 97, 98
2026/07/30 19:35:56.342, 0, NVIDIA GeForce RTX 3080, 5973, 4079, 10240, 96, 98
2026/07/30 19:35:56.453, 0, NVIDIA GeForce RTX 3080, 5973, 4079, 10240, 96, 98
2026/07/30 19:35:56.561, 0, NVIDIA GeForce RTX 3080, 5973, 4079, 10240, 96, 98
2026/07/30 19:35:56.673, 0, NVIDIA GeForce RTX 3080, 5973, 4079, 10240, 96, 98
2026/07/30 19:35:56.785, 0, NVIDIA GeForce RTX 3080, 5973, 4079, 10240, 97, 98
2026/07/30 19:35:56.895, 0, NVIDIA GeForce RTX 3080, 5973, 4079, 10240, 97, 98
2026/07/30 19:35:57.007, 0, NVIDIA GeForce RTX 3080, 5973, 4079, 10240, 97, 98
2026/07/30 19:35:57.119, 0, NVIDIA GeForce RTX 3080, 5973, 4079, 10240, 97, 98
2026/07/30 19:35:57.231, 0, NVIDIA GeForce RTX 3080, 5973, 4079, 10240, 97, 98
2026/07/30 19:35:57.343, 0, NVIDIA GeForce RTX 3080, 5973, 4079, 10240, 98, 98
2026/07/30 19:35:57.455, 0, NVIDIA GeForce RTX 3080, 5973, 4079, 10240, 98, 98
2026/07/30 19:35:57.567, 0, NVIDIA GeForce RTX 3080, 5973, 4079, 10240, 98, 98
2026/07/30 19:35:57.679, 0, NVIDIA GeForce RTX 3080, 5973, 4079, 10240, 98, 98
2026/07/30 19:35:57.791, 0, NVIDIA GeForce RTX 3080, 5973, 4079, 10240, 98, 98
2026/07/30 19:35:57.903, 0, NVIDIA GeForce RTX 3080, 5973, 4079, 10240, 98, 98
2026/07/30 19:35:58.015, 0, NVIDIA GeForce RTX 3080, 5973, 4079, 10240, 98, 98
2026/07/30 19:35:58.127, 0, NVIDIA GeForce RTX 3080, 5973, 4079, 10240, 98, 98
2026/07/30 19:35:58.239, 0, NVIDIA GeForce RTX 3080, 5973, 4079, 10240, 98, 98
2026/07/30 19:35:58.351, 0, NVIDIA GeForce RTX 3080, 5973, 4079, 10240, 98, 98
2026/07/30 19:35:58.463, 0, NVIDIA GeForce RTX 3080, 5973, 4079, 10240, 98, 98
2026/07/30 19:35:58.575, 0, NVIDIA GeForce RTX 3080, 5973, 4079, 10240, 98, 98
2026/07/30 19:35:58.687, 0, NVIDIA GeForce RTX 3080, 5973, 4079, 10240, 98, 98
2026/07/30 19:35:58.799, 0, NVIDIA GeForce RTX 3080, 5973, 4079, 10240, 98, 98
2026/07/30 19:35:58.911, 0, NVIDIA GeForce RTX 3080, 5973, 4079, 10240, 98, 98
2026/07/30 19:35:59.023, 0, NVIDIA GeForce RTX 3080, 5973, 4079, 10240, 98, 98
2026/07/30 19:35:59.135, 0, NVIDIA GeForce RTX 3080, 5973, 4079, 10240, 98, 98
2026/07/30 19:35:59.247, 0, NVIDIA GeForce RTX 3080, 5973, 4079, 10240, 98, 98
2026/07/30 19:35:59.359, 0, NVIDIA GeForce RTX 3080, 5973, 4079, 10240, 96, 98
2026/07/30 19:35:59.471, 0, NVIDIA GeForce RTX 3080, 5973, 4079, 10240, 96, 98
2026/07/30 19:35:59.583, 0, NVIDIA GeForce RTX 3080, 5973, 4079, 10240, 96, 98
2026/07/30 19:35:59.695, 0, NVIDIA GeForce RTX 3080, 5973, 4079, 10240, 96, 98
2026/07/30 19:35:59.807, 0, NVIDIA GeForce RTX 3080, 5973, 4079, 10240, 96, 98
2026/07/30 19:35:59.919, 0, NVIDIA GeForce RTX 3080, 5973, 4079, 10240, 96, 98
2026/07/30 19:36:00.031, 0, NVIDIA GeForce RTX 3080, 5973, 4079, 10240, 96, 98
2026/07/30 19:36:00.142, 0, NVIDIA GeForce RTX 3080, 5973, 4079, 10240, 96, 98
2026/07/30 19:36:00.252, 0, NVIDIA GeForce RTX 3080, 5973, 4079, 10240, 96, 98
2026/07/30 19:36:00.364, 0, NVIDIA GeForce RTX 3080, 5973, 4079, 10240, 95, 98
2026/07/30 19:36:00.476, 0, NVIDIA GeForce RTX 3080, 5973, 4079, 10240, 95, 98
2026/07/30 19:36:00.588, 0, NVIDIA GeForce RTX 3080, 5973, 4079, 10240, 95, 98
2026/07/30 19:36:00.700, 0, NVIDIA GeForce RTX 3080, 5973, 4079, 10240, 95, 98
2026/07/30 19:36:00.812, 0, NVIDIA GeForce RTX 3080, 5973, 4079, 10240, 96, 98
2026/07/30 19:36:00.924, 0, NVIDIA GeForce RTX 3080, 5973, 4079, 10240, 96, 98
2026/07/30 19:36:01.036, 0, NVIDIA GeForce RTX 3080, 5973, 4079, 10240, 96, 98
2026/07/30 19:36:01.149, 0, NVIDIA GeForce RTX 3080, 5973, 4079, 10240, 96, 98
2026/07/30 19:36:01.257, 0, NVIDIA GeForce RTX 3080, 5973, 4079, 10240, 97, 98
2026/07/30 19:36:01.366, 0, NVIDIA GeForce RTX 3080, 5973, 4079, 10240, 97, 98
2026/07/30 19:36:01.474, 0, NVIDIA GeForce RTX 3080, 5973, 4079, 10240, 97, 98
2026/07/30 19:36:01.584, 0, NVIDIA GeForce RTX 3080, 5973, 4079, 10240, 97, 98
2026/07/30 19:36:01.695, 0, NVIDIA GeForce RTX 3080, 5973, 4079, 10240, 97, 98
2026/07/30 19:36:01.807, 0, NVIDIA GeForce RTX 3080, 5973, 4079, 10240, 97, 98
2026/07/30 19:36:01.918, 0, NVIDIA GeForce RTX 3080, 5973, 4079, 10240, 97, 98
2026/07/30 19:36:02.030, 0, NVIDIA GeForce RTX 3080, 5973, 4079, 10240, 97, 98
2026/07/30 19:36:02.142, 0, NVIDIA GeForce RTX 3080, 5973, 4079, 10240, 97, 98
2026/07/30 19:36:02.254, 0, NVIDIA GeForce RTX 3080, 5973, 4079, 10240, 97, 98
2026/07/30 19:36:02.365, 0, NVIDIA GeForce RTX 3080, 5973, 4079, 10240, 97, 97
2026/07/30 19:36:02.477, 0, NVIDIA GeForce RTX 3080, 5973, 4079, 10240, 97, 97
2026/07/30 19:36:02.590, 0, NVIDIA GeForce RTX 3080, 5973, 4079, 10240, 97, 97
2026/07/30 19:36:02.702, 0, NVIDIA GeForce RTX 3080, 5973, 4079, 10240, 97, 97
2026/07/30 19:36:02.814, 0, NVIDIA GeForce RTX 3080, 5973, 4079, 10240, 97, 98
2026/07/30 19:36:02.925, 0, NVIDIA GeForce RTX 3080, 5973, 4079, 10240, 97, 98
2026/07/30 19:36:03.035, 0, NVIDIA GeForce RTX 3080, 5973, 4079, 10240, 97, 98
2026/07/30 19:36:03.147, 0, NVIDIA GeForce RTX 3080, 5973, 4079, 10240, 97, 98
2026/07/30 19:36:03.257, 0, NVIDIA GeForce RTX 3080, 5973, 4079, 10240, 95, 98
2026/07/30 19:36:03.369, 0, NVIDIA GeForce RTX 3080, 5973, 4079, 10240, 95, 98
2026/07/30 19:36:03.480, 0, NVIDIA GeForce RTX 3080, 5973, 4079, 10240, 95, 98
2026/07/30 19:36:03.591, 0, NVIDIA GeForce RTX 3080, 5973, 4079, 10240, 95, 98
2026/07/30 19:36:03.702, 0, NVIDIA GeForce RTX 3080, 5973, 4079, 10240, 95, 98
2026/07/30 19:36:03.814, 0, NVIDIA GeForce RTX 3080, 5973, 4079, 10240, 96, 98
2026/07/30 19:36:03.925, 0, NVIDIA GeForce RTX 3080, 5973, 4079, 10240, 96, 98
2026/07/30 19:36:04.037, 0, NVIDIA GeForce RTX 3080, 5973, 4079, 10240, 96, 98
2026/07/30 19:36:04.149, 0, NVIDIA GeForce RTX 3080, 5973, 4079, 10240, 96, 98
2026/07/30 19:36:04.261, 0, NVIDIA GeForce RTX 3080, 5973, 4079, 10240, 96, 98
2026/07/30 19:36:04.373, 0, NVIDIA GeForce RTX 3080, 5973, 4079, 10240, 96, 98
2026/07/30 19:36:04.485, 0, NVIDIA GeForce RTX 3080, 5973, 4079, 10240, 96, 98
2026/07/30 19:36:04.597, 0, NVIDIA GeForce RTX 3080, 5973, 4079, 10240, 96, 98
2026/07/30 19:36:04.709, 0, NVIDIA GeForce RTX 3080, 5973, 4079, 10240, 96, 98
2026/07/30 19:36:04.821, 0, NVIDIA GeForce RTX 3080, 5973, 4079, 10240, 96, 98
2026/07/30 19:36:04.933, 0, NVIDIA GeForce RTX 3080, 5973, 4079, 10240, 96, 98
2026/07/30 19:36:05.045, 0, NVIDIA GeForce RTX 3080, 5973, 4079, 10240, 96, 98
2026/07/30 19:36:05.157, 0, NVIDIA GeForce RTX 3080, 5973, 4079, 10240, 96, 98
2026/07/30 19:36:05.269, 0, NVIDIA GeForce RTX 3080, 5973, 4079, 10240, 97, 98
2026/07/30 19:36:05.381, 0, NVIDIA GeForce RTX 3080, 5973, 4079, 10240, 97, 98
2026/07/30 19:36:05.492, 0, NVIDIA GeForce RTX 3080, 5973, 4079, 10240, 97, 98
2026/07/30 19:36:05.603, 0, NVIDIA GeForce RTX 3080, 5973, 4079, 10240, 97, 98
2026/07/30 19:36:05.714, 0, NVIDIA GeForce RTX 3080, 5973, 4079, 10240, 97, 98
2026/07/30 19:36:05.825, 0, NVIDIA GeForce RTX 3080, 5973, 4079, 10240, 97, 98
2026/07/30 19:36:05.937, 0, NVIDIA GeForce RTX 3080, 5973, 4079, 10240, 97, 98
2026/07/30 19:36:06.048, 0, NVIDIA GeForce RTX 3080, 5973, 4079, 10240, 97, 98
2026/07/30 19:36:06.160, 0, NVIDIA GeForce RTX 3080, 5973, 4079, 10240, 97, 98
2026/07/30 19:36:06.272, 0, NVIDIA GeForce RTX 3080, 5973, 4079, 10240, 97, 98
2026/07/30 19:36:06.384, 0, NVIDIA GeForce RTX 3080, 5973, 4079, 10240, 97, 98
2026/07/30 19:36:06.496, 0, NVIDIA GeForce RTX 3080, 5973, 4079, 10240, 97, 98
2026/07/30 19:36:06.607, 0, NVIDIA GeForce RTX 3080, 5973, 4079, 10240, 97, 98
2026/07/30 19:36:06.719, 0, NVIDIA GeForce RTX 3080, 5973, 4079, 10240, 97, 98
2026/07/30 19:36:06.832, 0, NVIDIA GeForce RTX 3080, 5973, 4079, 10240, 96, 97
2026/07/30 19:36:06.944, 0, NVIDIA GeForce RTX 3080, 5973, 4079, 10240, 96, 97
2026/07/30 19:36:07.055, 0, NVIDIA GeForce RTX 3080, 5973, 4079, 10240, 96, 97
2026/07/30 19:36:07.167, 0, NVIDIA GeForce RTX 3080, 5973, 4079, 10240, 96, 97
2026/07/30 19:36:07.278, 0, NVIDIA GeForce RTX 3080, 5973, 4079, 10240, 97, 97
2026/07/30 19:36:07.389, 0, NVIDIA GeForce RTX 3080, 5973, 4079, 10240, 97, 97
2026/07/30 19:36:07.500, 0, NVIDIA GeForce RTX 3080, 5973, 4079, 10240, 97, 97
2026/07/30 19:36:07.611, 0, NVIDIA GeForce RTX 3080, 5973, 4079, 10240, 97, 97
2026/07/30 19:36:07.723, 0, NVIDIA GeForce RTX 3080, 5973, 4079, 10240, 97, 97
2026/07/30 19:36:07.835, 0, NVIDIA GeForce RTX 3080, 5973, 4079, 10240, 98, 98
2026/07/30 19:36:07.947, 0, NVIDIA GeForce RTX 3080, 5973, 4079, 10240, 98, 98
2026/07/30 19:36:08.059, 0, NVIDIA GeForce RTX 3080, 5973, 4079, 10240, 98, 98
2026/07/30 19:36:08.171, 0, NVIDIA GeForce RTX 3080, 5973, 4079, 10240, 98, 98
2026/07/30 19:36:08.283, 0, NVIDIA GeForce RTX 3080, 5973, 4079, 10240, 97, 96
2026/07/30 19:36:08.395, 0, NVIDIA GeForce RTX 3080, 5973, 4079, 10240, 97, 96
2026/07/30 19:36:08.507, 0, NVIDIA GeForce RTX 3080, 5973, 4079, 10240, 97, 96
2026/07/30 19:36:08.619, 0, NVIDIA GeForce RTX 3080, 5973, 4079, 10240, 97, 96
2026/07/30 19:36:08.731, 0, NVIDIA GeForce RTX 3080, 5973, 4079, 10240, 97, 96
2026/07/30 19:36:08.843, 0, NVIDIA GeForce RTX 3080, 5973, 4079, 10240, 95, 97
2026/07/30 19:36:08.955, 0, NVIDIA GeForce RTX 3080, 5973, 4079, 10240, 95, 97
2026/07/30 19:36:09.067, 0, NVIDIA GeForce RTX 3080, 5973, 4079, 10240, 95, 97
2026/07/30 19:36:09.179, 0, NVIDIA GeForce RTX 3080, 5973, 4079, 10240, 95, 97
2026/07/30 19:36:09.289, 0, NVIDIA GeForce RTX 3080, 5973, 4079, 10240, 95, 98
2026/07/30 19:36:09.398, 0, NVIDIA GeForce RTX 3080, 5973, 4079, 10240, 95, 98
2026/07/30 19:36:09.505, 0, NVIDIA GeForce RTX 3080, 5973, 4079, 10240, 95, 98
2026/07/30 19:36:09.614, 0, NVIDIA GeForce RTX 3080, 5973, 4079, 10240, 95, 98
2026/07/30 19:36:09.724, 0, NVIDIA GeForce RTX 3080, 5973, 4079, 10240, 95, 98
2026/07/30 19:36:09.834, 0, NVIDIA GeForce RTX 3080, 5973, 4079, 10240, 95, 98
2026/07/30 19:36:09.945, 0, NVIDIA GeForce RTX 3080, 5973, 4079, 10240, 95, 98
2026/07/30 19:36:10.056, 0, NVIDIA GeForce RTX 3080, 5973, 4079, 10240, 95, 98
2026/07/30 19:36:10.168, 0, NVIDIA GeForce RTX 3080, 5973, 4079, 10240, 95, 98
2026/07/30 19:36:10.280, 0, NVIDIA GeForce RTX 3080, 5973, 4079, 10240, 96, 98
2026/07/30 19:36:10.391, 0, NVIDIA GeForce RTX 3080, 5973, 4079, 10240, 96, 98
2026/07/30 19:36:10.503, 0, NVIDIA GeForce RTX 3080, 5973, 4079, 10240, 96, 98
2026/07/30 19:36:10.615, 0, NVIDIA GeForce RTX 3080, 5973, 4079, 10240, 96, 98
2026/07/30 19:36:10.727, 0, NVIDIA GeForce RTX 3080, 5973, 4079, 10240, 96, 98
2026/07/30 19:36:10.839, 0, NVIDIA GeForce RTX 3080, 5973, 4079, 10240, 97, 98
2026/07/30 19:36:10.951, 0, NVIDIA GeForce RTX 3080, 5973, 4079, 10240, 97, 98
2026/07/30 19:36:11.064, 0, NVIDIA GeForce RTX 3080, 5973, 4079, 10240, 97, 98
2026/07/30 19:36:11.175, 0, NVIDIA GeForce RTX 3080, 5973, 4079, 10240, 97, 98
2026/07/30 19:36:11.287, 0, NVIDIA GeForce RTX 3080, 5973, 4079, 10240, 97, 98
2026/07/30 19:36:11.399, 0, NVIDIA GeForce RTX 3080, 5973, 4079, 10240, 97, 98
2026/07/30 19:36:11.511, 0, NVIDIA GeForce RTX 3080, 5973, 4079, 10240, 97, 98
2026/07/30 19:36:11.623, 0, NVIDIA GeForce RTX 3080, 5973, 4079, 10240, 97, 98
2026/07/30 19:36:11.735, 0, NVIDIA GeForce RTX 3080, 5973, 4079, 10240, 97, 98
2026/07/30 19:36:11.847, 0, NVIDIA GeForce RTX 3080, 5973, 4079, 10240, 97, 98
2026/07/30 19:36:11.956, 0, NVIDIA GeForce RTX 3080, 5973, 4079, 10240, 97, 98
2026/07/30 19:36:12.068, 0, NVIDIA GeForce RTX 3080, 5973, 4079, 10240, 97, 98
2026/07/30 19:36:12.180, 0, NVIDIA GeForce RTX 3080, 5973, 4079, 10240, 97, 98
2026/07/30 19:36:12.291, 0, NVIDIA GeForce RTX 3080, 5973, 4079, 10240, 97, 98
2026/07/30 19:36:12.403, 0, NVIDIA GeForce RTX 3080, 5973, 4079, 10240, 97, 98
2026/07/30 19:36:12.515, 0, NVIDIA GeForce RTX 3080, 5973, 4079, 10240, 97, 98
2026/07/30 19:36:12.627, 0, NVIDIA GeForce RTX 3080, 5973, 4079, 10240, 97, 98
2026/07/30 19:36:12.739, 0, NVIDIA GeForce RTX 3080, 5973, 4079, 10240, 97, 98
2026/07/30 19:36:12.851, 0, NVIDIA GeForce RTX 3080, 5973, 4079, 10240, 95, 98
2026/07/30 19:36:12.963, 0, NVIDIA GeForce RTX 3080, 5973, 4079, 10240, 95, 98
2026/07/30 19:36:13.075, 0, NVIDIA GeForce RTX 3080, 5973, 4079, 10240, 95, 98
2026/07/30 19:36:13.186, 0, NVIDIA GeForce RTX 3080, 5973, 4079, 10240, 95, 98
2026/07/30 19:36:13.298, 0, NVIDIA GeForce RTX 3080, 5973, 4079, 10240, 96, 98
2026/07/30 19:36:13.409, 0, NVIDIA GeForce RTX 3080, 5973, 4079, 10240, 96, 98
2026/07/30 19:36:13.520, 0, NVIDIA GeForce RTX 3080, 5973, 4079, 10240, 96, 98
2026/07/30 19:36:13.632, 0, NVIDIA GeForce RTX 3080, 5973, 4079, 10240, 96, 98
2026/07/30 19:36:13.744, 0, NVIDIA GeForce RTX 3080, 5973, 4079, 10240, 96, 98
2026/07/30 19:36:13.855, 0, NVIDIA GeForce RTX 3080, 5973, 4079, 10240, 95, 97
2026/07/30 19:36:13.967, 0, NVIDIA GeForce RTX 3080, 5973, 4079, 10240, 95, 97
2026/07/30 19:36:14.078, 0, NVIDIA GeForce RTX 3080, 5973, 4079, 10240, 95, 97
2026/07/30 19:36:14.188, 0, NVIDIA GeForce RTX 3080, 5973, 4079, 10240, 95, 97
2026/07/30 19:36:14.298, 0, NVIDIA GeForce RTX 3080, 5973, 4079, 10240, 95, 98
2026/07/30 19:36:14.407, 0, NVIDIA GeForce RTX 3080, 5973, 4079, 10240, 95, 98
2026/07/30 19:36:14.516, 0, NVIDIA GeForce RTX 3080, 5973, 4079, 10240, 95, 98
2026/07/30 19:36:14.624, 0, NVIDIA GeForce RTX 3080, 5973, 4079, 10240, 95, 98
2026/07/30 19:36:14.735, 0, NVIDIA GeForce RTX 3080, 5973, 4079, 10240, 95, 98
2026/07/30 19:36:14.845, 0, NVIDIA GeForce RTX 3080, 5973, 4079, 10240, 92, 95
2026/07/30 19:36:14.957, 0, NVIDIA GeForce RTX 3080, 5973, 4079, 10240, 92, 95
2026/07/30 19:36:15.068, 0, NVIDIA GeForce RTX 3080, 5973, 4079, 10240, 92, 95
2026/07/30 19:36:15.180, 0, NVIDIA GeForce RTX 3080, 5973, 4079, 10240, 92, 95
2026/07/30 19:36:15.292, 0, NVIDIA GeForce RTX 3080, 5973, 4079, 10240, 97, 97
2026/07/30 19:36:15.404, 0, NVIDIA GeForce RTX 3080, 5973, 4079, 10240, 97, 97
2026/07/30 19:36:15.516, 0, NVIDIA GeForce RTX 3080, 5973, 4079, 10240, 97, 97
2026/07/30 19:36:15.628, 0, NVIDIA GeForce RTX 3080, 5973, 4079, 10240, 97, 97
2026/07/30 19:36:15.740, 0, NVIDIA GeForce RTX 3080, 5973, 4079, 10240, 97, 97
2026/07/30 19:36:15.852, 0, NVIDIA GeForce RTX 3080, 5973, 4079, 10240, 96, 98
2026/07/30 19:36:15.964, 0, NVIDIA GeForce RTX 3080, 5973, 4079, 10240, 96, 98
2026/07/30 19:36:16.075, 0, NVIDIA GeForce RTX 3080, 5973, 4079, 10240, 96, 98
2026/07/30 19:36:16.186, 0, NVIDIA GeForce RTX 3080, 5973, 4079, 10240, 96, 98
2026/07/30 19:36:16.295, 0, NVIDIA GeForce RTX 3080, 5973, 4079, 10240, 96, 98
2026/07/30 19:36:16.405, 0, NVIDIA GeForce RTX 3080, 5973, 4079, 10240, 96, 98
2026/07/30 19:36:16.514, 0, NVIDIA GeForce RTX 3080, 5973, 4079, 10240, 96, 98
2026/07/30 19:36:16.626, 0, NVIDIA GeForce RTX 3080, 5973, 4079, 10240, 96, 98
2026/07/30 19:36:16.738, 0, NVIDIA GeForce RTX 3080, 5973, 4079, 10240, 96, 98
2026/07/30 19:36:16.850, 0, NVIDIA GeForce RTX 3080, 5973, 4079, 10240, 98, 98
2026/07/30 19:36:16.962, 0, NVIDIA GeForce RTX 3080, 5973, 4079, 10240, 98, 98
2026/07/30 19:36:17.073, 0, NVIDIA GeForce RTX 3080, 5973, 4079, 10240, 98, 98
2026/07/30 19:36:17.185, 0, NVIDIA GeForce RTX 3080, 5973, 4079, 10240, 98, 98
2026/07/30 19:36:17.296, 0, NVIDIA GeForce RTX 3080, 5973, 4079, 10240, 98, 98
2026/07/30 19:36:17.408, 0, NVIDIA GeForce RTX 3080, 5973, 4079, 10240, 98, 98
2026/07/30 19:36:17.519, 0, NVIDIA GeForce RTX 3080, 5973, 4079, 10240, 98, 98
2026/07/30 19:36:17.630, 0, NVIDIA GeForce RTX 3080, 5973, 4079, 10240, 98, 98
2026/07/30 19:36:17.742, 0, NVIDIA GeForce RTX 3080, 5973, 4079, 10240, 98, 98
2026/07/30 19:36:17.853, 0, NVIDIA GeForce RTX 3080, 5973, 4079, 10240, 98, 98
2026/07/30 19:36:17.964, 0, NVIDIA GeForce RTX 3080, 5973, 4079, 10240, 98, 98
2026/07/30 19:36:18.075, 0, NVIDIA GeForce RTX 3080, 5973, 4079, 10240, 98, 98
2026/07/30 19:36:18.187, 0, NVIDIA GeForce RTX 3080, 5973, 4079, 10240, 98, 98
2026/07/30 19:36:18.298, 0, NVIDIA GeForce RTX 3080, 5973, 4079, 10240, 98, 98
2026/07/30 19:36:18.409, 0, NVIDIA GeForce RTX 3080, 5973, 4079, 10240, 98, 98
2026/07/30 19:36:18.520, 0, NVIDIA GeForce RTX 3080, 5973, 4079, 10240, 98, 98
2026/07/30 19:36:18.631, 0, NVIDIA GeForce RTX 3080, 5973, 4079, 10240, 98, 98
2026/07/30 19:36:18.743, 0, NVIDIA GeForce RTX 3080, 5973, 4079, 10240, 98, 98
2026/07/30 19:36:18.855, 0, NVIDIA GeForce RTX 3080, 5973, 4079, 10240, 94, 96
2026/07/30 19:36:18.967, 0, NVIDIA GeForce RTX 3080, 5973, 4079, 10240, 94, 96
2026/07/30 19:36:19.079, 0, NVIDIA GeForce RTX 3080, 5973, 4079, 10240, 94, 96
2026/07/30 19:36:19.191, 0, NVIDIA GeForce RTX 3080, 5973, 4079, 10240, 94, 96
2026/07/30 19:36:19.303, 0, NVIDIA GeForce RTX 3080, 5973, 4079, 10240, 95, 98
2026/07/30 19:36:19.414, 0, NVIDIA GeForce RTX 3080, 5973, 4079, 10240, 95, 98
2026/07/30 19:36:19.526, 0, NVIDIA GeForce RTX 3080, 5973, 4079, 10240, 95, 98
2026/07/30 19:36:19.638, 0, NVIDIA GeForce RTX 3080, 5973, 4079, 10240, 95, 98
2026/07/30 19:36:19.750, 0, NVIDIA GeForce RTX 3080, 5973, 4079, 10240, 95, 98
2026/07/30 19:36:19.862, 0, NVIDIA GeForce RTX 3080, 5973, 4079, 10240, 96, 98
2026/07/30 19:36:19.973, 0, NVIDIA GeForce RTX 3080, 5973, 4079, 10240, 96, 98
2026/07/30 19:36:20.085, 0, NVIDIA GeForce RTX 3080, 5973, 4079, 10240, 96, 98
2026/07/30 19:36:20.196, 0, NVIDIA GeForce RTX 3080, 5973, 4079, 10240, 96, 98
2026/07/30 19:36:20.307, 0, NVIDIA GeForce RTX 3080, 5973, 4079, 10240, 95, 98
2026/07/30 19:36:20.419, 0, NVIDIA GeForce RTX 3080, 5973, 4079, 10240, 95, 98
2026/07/30 19:36:20.531, 0, NVIDIA GeForce RTX 3080, 5973, 4079, 10240, 95, 98
2026/07/30 19:36:20.642, 0, NVIDIA GeForce RTX 3080, 5973, 4079, 10240, 95, 98
2026/07/30 19:36:20.753, 0, NVIDIA GeForce RTX 3080, 5973, 4079, 10240, 95, 98
2026/07/30 19:36:20.865, 0, NVIDIA GeForce RTX 3080, 5973, 4079, 10240, 97, 97
2026/07/30 19:36:20.977, 0, NVIDIA GeForce RTX 3080, 5973, 4079, 10240, 97, 97
2026/07/30 19:36:21.088, 0, NVIDIA GeForce RTX 3080, 5973, 4079, 10240, 97, 97
2026/07/30 19:36:21.200, 0, NVIDIA GeForce RTX 3080, 5973, 4079, 10240, 97, 97
2026/07/30 19:36:21.309, 0, NVIDIA GeForce RTX 3080, 5973, 4079, 10240, 97, 98
2026/07/30 19:36:21.418, 0, NVIDIA GeForce RTX 3080, 5973, 4079, 10240, 97, 98
2026/07/30 19:36:21.529, 0, NVIDIA GeForce RTX 3080, 5973, 4079, 10240, 97, 98
2026/07/30 19:36:21.641, 0, NVIDIA GeForce RTX 3080, 5973, 4079, 10240, 97, 98
2026/07/30 19:36:21.752, 0, NVIDIA GeForce RTX 3080, 5973, 4079, 10240, 97, 98
2026/07/30 19:36:21.864, 0, NVIDIA GeForce RTX 3080, 5973, 4079, 10240, 98, 98
2026/07/30 19:36:21.976, 0, NVIDIA GeForce RTX 3080, 5973, 4079, 10240, 98, 98
2026/07/30 19:36:22.088, 0, NVIDIA GeForce RTX 3080, 5973, 4079, 10240, 98, 98
2026/07/30 19:36:22.199, 0, NVIDIA GeForce RTX 3080, 5973, 4079, 10240, 98, 98
2026/07/30 19:36:22.310, 0, NVIDIA GeForce RTX 3080, 5973, 4079, 10240, 97, 98
2026/07/30 19:36:22.422, 0, NVIDIA GeForce RTX 3080, 5973, 4079, 10240, 97, 98
2026/07/30 19:36:22.533, 0, NVIDIA GeForce RTX 3080, 5973, 4079, 10240, 97, 98
2026/07/30 19:36:22.644, 0, NVIDIA GeForce RTX 3080, 5973, 4079, 10240, 97, 98
2026/07/30 19:36:22.753, 0, NVIDIA GeForce RTX 3080, 5973, 4079, 10240, 97, 98
2026/07/30 19:36:22.864, 0, NVIDIA GeForce RTX 3080, 5973, 4079, 10240, 96, 98
2026/07/30 19:36:22.976, 0, NVIDIA GeForce RTX 3080, 5973, 4079, 10240, 96, 98
2026/07/30 19:36:23.088, 0, NVIDIA GeForce RTX 3080, 5973, 4079, 10240, 96, 98
2026/07/30 19:36:23.200, 0, NVIDIA GeForce RTX 3080, 5973, 4079, 10240, 96, 98
2026/07/30 19:36:23.312, 0, NVIDIA GeForce RTX 3080, 5973, 4079, 10240, 96, 98
2026/07/30 19:36:23.422, 0, NVIDIA GeForce RTX 3080, 5973, 4079, 10240, 96, 98
2026/07/30 19:36:23.532, 0, NVIDIA GeForce RTX 3080, 5973, 4079, 10240, 96, 98
2026/07/30 19:36:23.643, 0, NVIDIA GeForce RTX 3080, 5973, 4079, 10240, 96, 98
2026/07/30 19:36:23.755, 0, NVIDIA GeForce RTX 3080, 5973, 4079, 10240, 96, 98
2026/07/30 19:36:23.867, 0, NVIDIA GeForce RTX 3080, 5973, 4079, 10240, 96, 98
2026/07/30 19:36:23.978, 0, NVIDIA GeForce RTX 3080, 5973, 4079, 10240, 96, 98
2026/07/30 19:36:24.090, 0, NVIDIA GeForce RTX 3080, 5973, 4079, 10240, 96, 98
2026/07/30 19:36:24.201, 0, NVIDIA GeForce RTX 3080, 5973, 4079, 10240, 96, 98
2026/07/30 19:36:24.313, 0, NVIDIA GeForce RTX 3080, 5973, 4079, 10240, 95, 98
2026/07/30 19:36:24.425, 0, NVIDIA GeForce RTX 3080, 5973, 4079, 10240, 95, 98
2026/07/30 19:36:24.536, 0, NVIDIA GeForce RTX 3080, 5973, 4079, 10240, 95, 98
2026/07/30 19:36:24.648, 0, NVIDIA GeForce RTX 3080, 5973, 4079, 10240, 95, 98
2026/07/30 19:36:24.760, 0, NVIDIA GeForce RTX 3080, 5973, 4079, 10240, 97, 98
2026/07/30 19:36:24.872, 0, NVIDIA GeForce RTX 3080, 5973, 4079, 10240, 97, 98
2026/07/30 19:36:24.984, 0, NVIDIA GeForce RTX 3080, 5973, 4079, 10240, 97, 98
2026/07/30 19:36:25.096, 0, NVIDIA GeForce RTX 3080, 5973, 4079, 10240, 97, 98
2026/07/30 19:36:25.208, 0, NVIDIA GeForce RTX 3080, 5973, 4079, 10240, 97, 98
2026/07/30 19:36:25.319, 0, NVIDIA GeForce RTX 3080, 5973, 4079, 10240, 97, 98
2026/07/30 19:36:25.431, 0, NVIDIA GeForce RTX 3080, 5973, 4079, 10240, 97, 98
2026/07/30 19:36:25.544, 0, NVIDIA GeForce RTX 3080, 5973, 4079, 10240, 97, 98
2026/07/30 19:36:25.654, 0, NVIDIA GeForce RTX 3080, 5973, 4079, 10240, 97, 98
2026/07/30 19:36:25.766, 0, NVIDIA GeForce RTX 3080, 5973, 4079, 10240, 97, 98
2026/07/30 19:36:25.878, 0, NVIDIA GeForce RTX 3080, 5973, 4079, 10240, 97, 98
2026/07/30 19:36:25.988, 0, NVIDIA GeForce RTX 3080, 5973, 4079, 10240, 97, 98
2026/07/30 19:36:26.100, 0, NVIDIA GeForce RTX 3080, 5973, 4079, 10240, 97, 98
2026/07/30 19:36:26.212, 0, NVIDIA GeForce RTX 3080, 5973, 4079, 10240, 97, 98
2026/07/30 19:36:26.322, 0, NVIDIA GeForce RTX 3080, 5973, 4079, 10240, 93, 95
2026/07/30 19:36:26.433, 0, NVIDIA GeForce RTX 3080, 5973, 4079, 10240, 93, 95
2026/07/30 19:36:26.545, 0, NVIDIA GeForce RTX 3080, 5973, 4079, 10240, 93, 95
2026/07/30 19:36:26.655, 0, NVIDIA GeForce RTX 3080, 5973, 4079, 10240, 93, 95
2026/07/30 19:36:26.766, 0, NVIDIA GeForce RTX 3080, 5973, 4079, 10240, 98, 98
2026/07/30 19:36:26.878, 0, NVIDIA GeForce RTX 3080, 5973, 4079, 10240, 98, 98
2026/07/30 19:36:26.989, 0, NVIDIA GeForce RTX 3080, 5973, 4079, 10240, 98, 98
2026/07/30 19:36:27.101, 0, NVIDIA GeForce RTX 3080, 5973, 4079, 10240, 98, 98
2026/07/30 19:36:27.212, 0, NVIDIA GeForce RTX 3080, 5973, 4079, 10240, 98, 98
2026/07/30 19:36:27.322, 0, NVIDIA GeForce RTX 3080, 5973, 4079, 10240, 98, 98
2026/07/30 19:36:27.431, 0, NVIDIA GeForce RTX 3080, 5973, 4079, 10240, 98, 98
2026/07/30 19:36:27.541, 0, NVIDIA GeForce RTX 3080, 5973, 4079, 10240, 98, 98
2026/07/30 19:36:27.651, 0, NVIDIA GeForce RTX 3080, 5973, 4079, 10240, 98, 98
2026/07/30 19:36:27.761, 0, NVIDIA GeForce RTX 3080, 5973, 4079, 10240, 96, 96
2026/07/30 19:36:27.871, 0, NVIDIA GeForce RTX 3080, 5973, 4079, 10240, 96, 96
2026/07/30 19:36:27.979, 0, NVIDIA GeForce RTX 3080, 5973, 4079, 10240, 96, 96
2026/07/30 19:36:28.087, 0, NVIDIA GeForce RTX 3080, 5973, 4079, 10240, 96, 96
2026/07/30 19:36:28.198, 0, NVIDIA GeForce RTX 3080, 5973, 4079, 10240, 96, 96
2026/07/30 19:36:28.310, 0, NVIDIA GeForce RTX 3080, 5973, 4079, 10240, 96, 98
2026/07/30 19:36:28.421, 0, NVIDIA GeForce RTX 3080, 5973, 4079, 10240, 96, 98
2026/07/30 19:36:28.533, 0, NVIDIA GeForce RTX 3080, 5973, 4079, 10240, 96, 98
2026/07/30 19:36:28.645, 0, NVIDIA GeForce RTX 3080, 5973, 4079, 10240, 96, 98
2026/07/30 19:36:28.757, 0, NVIDIA GeForce RTX 3080, 5973, 4079, 10240, 95, 98
2026/07/30 19:36:28.869, 0, NVIDIA GeForce RTX 3080, 5973, 4079, 10240, 95, 98
2026/07/30 19:36:28.980, 0, NVIDIA GeForce RTX 3080, 5973, 4079, 10240, 95, 98
2026/07/30 19:36:29.091, 0, NVIDIA GeForce RTX 3080, 5973, 4079, 10240, 95, 98
2026/07/30 19:36:29.203, 0, NVIDIA GeForce RTX 3080, 5973, 4079, 10240, 95, 98
2026/07/30 19:36:29.312, 0, NVIDIA GeForce RTX 3080, 5973, 4079, 10240, 95, 98
2026/07/30 19:36:29.422, 0, NVIDIA GeForce RTX 3080, 5973, 4079, 10240, 95, 98
2026/07/30 19:36:29.531, 0, NVIDIA GeForce RTX 3080, 5973, 4079, 10240, 95, 98
2026/07/30 19:36:29.641, 0, NVIDIA GeForce RTX 3080, 5973, 4079, 10240, 95, 98
2026/07/30 19:36:29.748, 0, NVIDIA GeForce RTX 3080, 5973, 4079, 10240, 95, 98
2026/07/30 19:36:29.861, 0, NVIDIA GeForce RTX 3080, 5973, 4079, 10240, 96, 98
2026/07/30 19:36:29.973, 0, NVIDIA GeForce RTX 3080, 5973, 4079, 10240, 96, 98
2026/07/30 19:36:30.084, 0, NVIDIA GeForce RTX 3080, 5973, 4079, 10240, 96, 98
2026/07/30 19:36:30.196, 0, NVIDIA GeForce RTX 3080, 5973, 4079, 10240, 96, 98
2026/07/30 19:36:30.308, 0, NVIDIA GeForce RTX 3080, 5973, 4079, 10240, 97, 98
2026/07/30 19:36:30.419, 0, NVIDIA GeForce RTX 3080, 5973, 4079, 10240, 97, 98
2026/07/30 19:36:30.531, 0, NVIDIA GeForce RTX 3080, 5973, 4079, 10240, 97, 98
2026/07/30 19:36:30.642, 0, NVIDIA GeForce RTX 3080, 5973, 4079, 10240, 97, 98
2026/07/30 19:36:30.754, 0, NVIDIA GeForce RTX 3080, 5973, 4079, 10240, 97, 98
2026/07/30 19:36:30.866, 0, NVIDIA GeForce RTX 3080, 5973, 4079, 10240, 97, 98
2026/07/30 19:36:30.978, 0, NVIDIA GeForce RTX 3080, 5973, 4079, 10240, 97, 98
2026/07/30 19:36:31.090, 0, NVIDIA GeForce RTX 3080, 5973, 4079, 10240, 97, 98
2026/07/30 19:36:31.202, 0, NVIDIA GeForce RTX 3080, 5973, 4079, 10240, 97, 98
2026/07/30 19:36:31.314, 0, NVIDIA GeForce RTX 3080, 5973, 4079, 10240, 97, 98
2026/07/30 19:36:31.425, 0, NVIDIA GeForce RTX 3080, 5973, 4079, 10240, 97, 98
2026/07/30 19:36:31.537, 0, NVIDIA GeForce RTX 3080, 5973, 4079, 10240, 97, 98
2026/07/30 19:36:31.648, 0, NVIDIA GeForce RTX 3080, 5973, 4079, 10240, 97, 98
2026/07/30 19:36:31.760, 0, NVIDIA GeForce RTX 3080, 5973, 4079, 10240, 97, 98
2026/07/30 19:36:31.873, 0, NVIDIA GeForce RTX 3080, 5973, 4079, 10240, 97, 98
2026/07/30 19:36:31.985, 0, NVIDIA GeForce RTX 3080, 5973, 4079, 10240, 97, 98
2026/07/30 19:36:32.097, 0, NVIDIA GeForce RTX 3080, 5973, 4079, 10240, 97, 98
2026/07/30 19:36:32.209, 0, NVIDIA GeForce RTX 3080, 5973, 4079, 10240, 97, 98
2026/07/30 19:36:32.321, 0, NVIDIA GeForce RTX 3080, 5973, 4079, 10240, 95, 98
2026/07/30 19:36:32.433, 0, NVIDIA GeForce RTX 3080, 5973, 4079, 10240, 95, 98
2026/07/30 19:36:32.544, 0, NVIDIA GeForce RTX 3080, 5973, 4079, 10240, 95, 98
2026/07/30 19:36:32.655, 0, NVIDIA GeForce RTX 3080, 5973, 4079, 10240, 95, 98
2026/07/30 19:36:32.767, 0, NVIDIA GeForce RTX 3080, 5973, 4079, 10240, 96, 98
2026/07/30 19:36:32.879, 0, NVIDIA GeForce RTX 3080, 5973, 4079, 10240, 96, 98
2026/07/30 19:36:32.991, 0, NVIDIA GeForce RTX 3080, 5973, 4079, 10240, 96, 98
2026/07/30 19:36:33.103, 0, NVIDIA GeForce RTX 3080, 5973, 4079, 10240, 96, 98
2026/07/30 19:36:33.215, 0, NVIDIA GeForce RTX 3080, 5973, 4079, 10240, 96, 98
2026/07/30 19:36:33.326, 0, NVIDIA GeForce RTX 3080, 5973, 4079, 10240, 95, 98
2026/07/30 19:36:33.438, 0, NVIDIA GeForce RTX 3080, 5973, 4079, 10240, 95, 98
2026/07/30 19:36:33.550, 0, NVIDIA GeForce RTX 3080, 5973, 4079, 10240, 95, 98
2026/07/30 19:36:33.662, 0, NVIDIA GeForce RTX 3080, 5973, 4079, 10240, 95, 98
2026/07/30 19:36:33.772, 0, NVIDIA GeForce RTX 3080, 5973, 4079, 10240, 94, 96
2026/07/30 19:36:33.884, 0, NVIDIA GeForce RTX 3080, 5973, 4079, 10240, 94, 96
2026/07/30 19:36:33.996, 0, NVIDIA GeForce RTX 3080, 5973, 4079, 10240, 94, 96
2026/07/30 19:36:34.106, 0, NVIDIA GeForce RTX 3080, 5973, 4079, 10240, 94, 96
2026/07/30 19:36:34.217, 0, NVIDIA GeForce RTX 3080, 5973, 4079, 10240, 94, 96
2026/07/30 19:36:34.327, 0, NVIDIA GeForce RTX 3080, 5973, 4079, 10240, 96, 98
2026/07/30 19:36:34.437, 0, NVIDIA GeForce RTX 3080, 5973, 4079, 10240, 96, 98
2026/07/30 19:36:34.546, 0, NVIDIA GeForce RTX 3080, 5973, 4079, 10240, 96, 98
2026/07/30 19:36:34.655, 0, NVIDIA GeForce RTX 3080, 5973, 4079, 10240, 96, 98
2026/07/30 19:36:34.764, 0, NVIDIA GeForce RTX 3080, 5973, 4079, 10240, 97, 98
2026/07/30 19:36:34.876, 0, NVIDIA GeForce RTX 3080, 5973, 4079, 10240, 97, 98
2026/07/30 19:36:34.987, 0, NVIDIA GeForce RTX 3080, 5973, 4079, 10240, 97, 98
2026/07/30 19:36:35.099, 0, NVIDIA GeForce RTX 3080, 5973, 4079, 10240, 97, 98
2026/07/30 19:36:35.212, 0, NVIDIA GeForce RTX 3080, 5973, 4079, 10240, 97, 98
2026/07/30 19:36:35.324, 0, NVIDIA GeForce RTX 3080, 5973, 4079, 10240, 96, 97
2026/07/30 19:36:35.436, 0, NVIDIA GeForce RTX 3080, 5973, 4079, 10240, 96, 97
2026/07/30 19:36:35.548, 0, NVIDIA GeForce RTX 3080, 5973, 4079, 10240, 96, 97
2026/07/30 19:36:35.660, 0, NVIDIA GeForce RTX 3080, 5973, 4079, 10240, 96, 97
2026/07/30 19:36:35.771, 0, NVIDIA GeForce RTX 3080, 5973, 4079, 10240, 96, 97
2026/07/30 19:36:35.883, 0, NVIDIA GeForce RTX 3080, 5973, 4079, 10240, 96, 97
2026/07/30 19:36:35.995, 0, NVIDIA GeForce RTX 3080, 5973, 4079, 10240, 96, 97
2026/07/30 19:36:36.107, 0, NVIDIA GeForce RTX 3080, 5973, 4079, 10240, 96, 97
2026/07/30 19:36:36.219, 0, NVIDIA GeForce RTX 3080, 5973, 4079, 10240, 96, 97
2026/07/30 19:36:36.329, 0, NVIDIA GeForce RTX 3080, 5973, 4079, 10240, 98, 98
2026/07/30 19:36:36.437, 0, NVIDIA GeForce RTX 3080, 5973, 4079, 10240, 98, 98
2026/07/30 19:36:36.549, 0, NVIDIA GeForce RTX 3080, 5973, 4079, 10240, 98, 98
2026/07/30 19:36:36.660, 0, NVIDIA GeForce RTX 3080, 5973, 4079, 10240, 98, 98
2026/07/30 19:36:36.771, 0, NVIDIA GeForce RTX 3080, 5973, 4079, 10240, 98, 98
2026/07/30 19:36:36.883, 0, NVIDIA GeForce RTX 3080, 5973, 4079, 10240, 98, 98
2026/07/30 19:36:36.995, 0, NVIDIA GeForce RTX 3080, 5973, 4079, 10240, 98, 98
2026/07/30 19:36:37.107, 0, NVIDIA GeForce RTX 3080, 5973, 4079, 10240, 98, 98
2026/07/30 19:36:37.218, 0, NVIDIA GeForce RTX 3080, 5973, 4079, 10240, 98, 98
2026/07/30 19:36:37.330, 0, NVIDIA GeForce RTX 3080, 5973, 4079, 10240, 98, 98
2026/07/30 19:36:37.441, 0, NVIDIA GeForce RTX 3080, 5973, 4079, 10240, 98, 98
2026/07/30 19:36:37.551, 0, NVIDIA GeForce RTX 3080, 5973, 4079, 10240, 98, 98
2026/07/30 19:36:37.663, 0, NVIDIA GeForce RTX 3080, 5973, 4079, 10240, 98, 98
2026/07/30 19:36:37.775, 0, NVIDIA GeForce RTX 3080, 5973, 4079, 10240, 96, 96
2026/07/30 19:36:37.887, 0, NVIDIA GeForce RTX 3080, 5973, 4079, 10240, 96, 96
2026/07/30 19:36:37.999, 0, NVIDIA GeForce RTX 3080, 5973, 4079, 10240, 96, 96
2026/07/30 19:36:38.110, 0, NVIDIA GeForce RTX 3080, 5973, 4079, 10240, 96, 96
2026/07/30 19:36:38.222, 0, NVIDIA GeForce RTX 3080, 5973, 4079, 10240, 96, 96
2026/07/30 19:36:38.332, 0, NVIDIA GeForce RTX 3080, 5973, 4079, 10240, 95, 97
2026/07/30 19:36:38.444, 0, NVIDIA GeForce RTX 3080, 5973, 4079, 10240, 95, 97
2026/07/30 19:36:38.555, 0, NVIDIA GeForce RTX 3080, 5973, 4079, 10240, 95, 97
2026/07/30 19:36:38.667, 0, NVIDIA GeForce RTX 3080, 5973, 4079, 10240, 95, 97
2026/07/30 19:36:38.779, 0, NVIDIA GeForce RTX 3080, 5973, 4079, 10240, 95, 98
2026/07/30 19:36:38.891, 0, NVIDIA GeForce RTX 3080, 5973, 4079, 10240, 95, 98
2026/07/30 19:36:39.003, 0, NVIDIA GeForce RTX 3080, 5973, 4079, 10240, 95, 98
2026/07/30 19:36:39.114, 0, NVIDIA GeForce RTX 3080, 5973, 4079, 10240, 95, 98
2026/07/30 19:36:39.226, 0, NVIDIA GeForce RTX 3080, 5973, 4079, 10240, 95, 98
2026/07/30 19:36:39.338, 0, NVIDIA GeForce RTX 3080, 5973, 4079, 10240, 95, 98
2026/07/30 19:36:39.450, 0, NVIDIA GeForce RTX 3080, 5973, 4079, 10240, 95, 98
2026/07/30 19:36:39.562, 0, NVIDIA GeForce RTX 3080, 5973, 4079, 10240, 95, 98
2026/07/30 19:36:39.673, 0, NVIDIA GeForce RTX 3080, 5973, 4079, 10240, 95, 98
2026/07/30 19:36:39.785, 0, NVIDIA GeForce RTX 3080, 5973, 4079, 10240, 95, 97
2026/07/30 19:36:39.897, 0, NVIDIA GeForce RTX 3080, 5973, 4079, 10240, 95, 97
2026/07/30 19:36:40.010, 0, NVIDIA GeForce RTX 3080, 5973, 4079, 10240, 95, 97
2026/07/30 19:36:40.122, 0, NVIDIA GeForce RTX 3080, 5973, 4079, 10240, 95, 97
2026/07/30 19:36:40.234, 0, NVIDIA GeForce RTX 3080, 5973, 4079, 10240, 95, 97
2026/07/30 19:36:40.346, 0, NVIDIA GeForce RTX 3080, 5973, 4079, 10240, 97, 98
2026/07/30 19:36:40.457, 0, NVIDIA GeForce RTX 3080, 5973, 4079, 10240, 97, 98
2026/07/30 19:36:40.569, 0, NVIDIA GeForce RTX 3080, 5973, 4079, 10240, 97, 98
2026/07/30 19:36:40.681, 0, NVIDIA GeForce RTX 3080, 5973, 4079, 10240, 97, 98
2026/07/30 19:36:40.791, 0, NVIDIA GeForce RTX 3080, 5973, 4079, 10240, 98, 98
2026/07/30 19:36:40.903, 0, NVIDIA GeForce RTX 3080, 5973, 4079, 10240, 98, 98
2026/07/30 19:36:41.014, 0, NVIDIA GeForce RTX 3080, 5973, 4079, 10240, 98, 98
2026/07/30 19:36:41.126, 0, NVIDIA GeForce RTX 3080, 5973, 4079, 10240, 98, 98
2026/07/30 19:36:41.237, 0, NVIDIA GeForce RTX 3080, 5973, 4079, 10240, 98, 98
2026/07/30 19:36:41.347, 0, NVIDIA GeForce RTX 3080, 5973, 4079, 10240, 96, 97
2026/07/30 19:36:41.458, 0, NVIDIA GeForce RTX 3080, 5973, 4079, 10240, 96, 97
2026/07/30 19:36:41.569, 0, NVIDIA GeForce RTX 3080, 5973, 4079, 10240, 96, 97
2026/07/30 19:36:41.679, 0, NVIDIA GeForce RTX 3080, 5973, 4079, 10240, 96, 97
2026/07/30 19:36:41.791, 0, NVIDIA GeForce RTX 3080, 5973, 4079, 10240, 97, 97
2026/07/30 19:36:41.902, 0, NVIDIA GeForce RTX 3080, 5973, 4079, 10240, 97, 97
2026/07/30 19:36:42.014, 0, NVIDIA GeForce RTX 3080, 5973, 4079, 10240, 97, 97
2026/07/30 19:36:42.126, 0, NVIDIA GeForce RTX 3080, 5973, 4079, 10240, 97, 97
2026/07/30 19:36:42.237, 0, NVIDIA GeForce RTX 3080, 5973, 4079, 10240, 97, 97
2026/07/30 19:36:42.349, 0, NVIDIA GeForce RTX 3080, 5973, 4079, 10240, 95, 98
2026/07/30 19:36:42.461, 0, NVIDIA GeForce RTX 3080, 5973, 4079, 10240, 95, 98
2026/07/30 19:36:42.573, 0, NVIDIA GeForce RTX 3080, 5973, 4079, 10240, 95, 98
2026/07/30 19:36:42.685, 0, NVIDIA GeForce RTX 3080, 5973, 4079, 10240, 95, 98
2026/07/30 19:36:42.796, 0, NVIDIA GeForce RTX 3080, 5973, 4079, 10240, 96, 98
2026/07/30 19:36:42.907, 0, NVIDIA GeForce RTX 3080, 5973, 4079, 10240, 96, 98
2026/07/30 19:36:43.019, 0, NVIDIA GeForce RTX 3080, 5973, 4079, 10240, 96, 98
2026/07/30 19:36:43.131, 0, NVIDIA GeForce RTX 3080, 5973, 4079, 10240, 96, 98
2026/07/30 19:36:43.242, 0, NVIDIA GeForce RTX 3080, 5973, 4079, 10240, 96, 98
2026/07/30 19:36:43.353, 0, NVIDIA GeForce RTX 3080, 5973, 4079, 10240, 95, 98
2026/07/30 19:36:43.465, 0, NVIDIA GeForce RTX 3080, 5973, 4079, 10240, 95, 98
2026/07/30 19:36:43.576, 0, NVIDIA GeForce RTX 3080, 5973, 4079, 10240, 95, 98
2026/07/30 19:36:43.688, 0, NVIDIA GeForce RTX 3080, 5973, 4079, 10240, 95, 98
2026/07/30 19:36:43.800, 0, NVIDIA GeForce RTX 3080, 5973, 4079, 10240, 96, 98
2026/07/30 19:36:43.912, 0, NVIDIA GeForce RTX 3080, 5973, 4079, 10240, 96, 98
2026/07/30 19:36:44.024, 0, NVIDIA GeForce RTX 3080, 5973, 4079, 10240, 96, 98
2026/07/30 19:36:44.136, 0, NVIDIA GeForce RTX 3080, 5973, 4079, 10240, 96, 98
2026/07/30 19:36:44.248, 0, NVIDIA GeForce RTX 3080, 5973, 4079, 10240, 96, 98
2026/07/30 19:36:44.359, 0, NVIDIA GeForce RTX 3080, 5973, 4079, 10240, 97, 98
2026/07/30 19:36:44.471, 0, NVIDIA GeForce RTX 3080, 5973, 4079, 10240, 97, 98
2026/07/30 19:36:44.583, 0, NVIDIA GeForce RTX 3080, 5973, 4079, 10240, 97, 98
2026/07/30 19:36:44.695, 0, NVIDIA GeForce RTX 3080, 5973, 4079, 10240, 97, 98
2026/07/30 19:36:44.807, 0, NVIDIA GeForce RTX 3080, 5973, 4079, 10240, 97, 98
2026/07/30 19:36:44.919, 0, NVIDIA GeForce RTX 3080, 5973, 4079, 10240, 97, 98
2026/07/30 19:36:45.031, 0, NVIDIA GeForce RTX 3080, 5973, 4079, 10240, 97, 98
2026/07/30 19:36:45.143, 0, NVIDIA GeForce RTX 3080, 5973, 4079, 10240, 97, 98
2026/07/30 19:36:45.255, 0, NVIDIA GeForce RTX 3080, 5973, 4079, 10240, 97, 98
2026/07/30 19:36:45.367, 0, NVIDIA GeForce RTX 3080, 5973, 4079, 10240, 97, 98
2026/07/30 19:36:45.479, 0, NVIDIA GeForce RTX 3080, 5973, 4079, 10240, 97, 98
2026/07/30 19:36:45.591, 0, NVIDIA GeForce RTX 3080, 5973, 4079, 10240, 97, 98
2026/07/30 19:36:45.703, 0, NVIDIA GeForce RTX 3080, 5973, 4079, 10240, 97, 98
2026/07/30 19:36:45.815, 0, NVIDIA GeForce RTX 3080, 5973, 4079, 10240, 95, 96
2026/07/30 19:36:45.927, 0, NVIDIA GeForce RTX 3080, 5973, 4079, 10240, 95, 96
2026/07/30 19:36:46.039, 0, NVIDIA GeForce RTX 3080, 5973, 4079, 10240, 95, 96
2026/07/30 19:36:46.151, 0, NVIDIA GeForce RTX 3080, 5973, 4079, 10240, 95, 96
2026/07/30 19:36:46.262, 0, NVIDIA GeForce RTX 3080, 5973, 4079, 10240, 98, 98
2026/07/30 19:36:46.374, 0, NVIDIA GeForce RTX 3080, 5973, 4079, 10240, 98, 98
2026/07/30 19:36:46.486, 0, NVIDIA GeForce RTX 3080, 5973, 4079, 10240, 98, 98
2026/07/30 19:36:46.598, 0, NVIDIA GeForce RTX 3080, 5973, 4079, 10240, 98, 98
2026/07/30 19:36:46.709, 0, NVIDIA GeForce RTX 3080, 5973, 4079, 10240, 98, 98
2026/07/30 19:36:46.821, 0, NVIDIA GeForce RTX 3080, 5973, 4079, 10240, 98, 97
2026/07/30 19:36:46.934, 0, NVIDIA GeForce RTX 3080, 5973, 4079, 10240, 98, 97
2026/07/30 19:36:47.046, 0, NVIDIA GeForce RTX 3080, 5973, 4079, 10240, 98, 97
2026/07/30 19:36:47.157, 0, NVIDIA GeForce RTX 3080, 5973, 4079, 10240, 98, 97
2026/07/30 19:36:47.268, 0, NVIDIA GeForce RTX 3080, 5973, 4079, 10240, 95, 95
2026/07/30 19:36:47.377, 0, NVIDIA GeForce RTX 3080, 5973, 4079, 10240, 95, 95
2026/07/30 19:36:47.487, 0, NVIDIA GeForce RTX 3080, 5973, 4079, 10240, 95, 95
2026/07/30 19:36:47.597, 0, NVIDIA GeForce RTX 3080, 5973, 4079, 10240, 95, 95
2026/07/30 19:36:47.707, 0, NVIDIA GeForce RTX 3080, 5973, 4079, 10240, 95, 95
2026/07/30 19:36:47.817, 0, NVIDIA GeForce RTX 3080, 5973, 4079, 10240, 96, 98
2026/07/30 19:36:47.926, 0, NVIDIA GeForce RTX 3080, 5973, 4079, 10240, 96, 98
2026/07/30 19:36:48.036, 0, NVIDIA GeForce RTX 3080, 5973, 4079, 10240, 96, 98
2026/07/30 19:36:48.148, 0, NVIDIA GeForce RTX 3080, 5973, 4079, 10240, 96, 98
2026/07/30 19:36:48.259, 0, NVIDIA GeForce RTX 3080, 5973, 4079, 10240, 95, 98
2026/07/30 19:36:48.370, 0, NVIDIA GeForce RTX 3080, 5973, 4079, 10240, 95, 98
2026/07/30 19:36:48.482, 0, NVIDIA GeForce RTX 3080, 5973, 4079, 10240, 95, 98
2026/07/30 19:36:48.594, 0, NVIDIA GeForce RTX 3080, 5973, 4079, 10240, 95, 98
2026/07/30 19:36:48.706, 0, NVIDIA GeForce RTX 3080, 5973, 4079, 10240, 95, 98
2026/07/30 19:36:48.818, 0, NVIDIA GeForce RTX 3080, 5973, 4079, 10240, 96, 98
2026/07/30 19:36:48.930, 0, NVIDIA GeForce RTX 3080, 5973, 4079, 10240, 96, 98
2026/07/30 19:36:49.043, 0, NVIDIA GeForce RTX 3080, 5973, 4079, 10240, 96, 98
2026/07/30 19:36:49.155, 0, NVIDIA GeForce RTX 3080, 5973, 4079, 10240, 96, 98
2026/07/30 19:36:49.267, 0, NVIDIA GeForce RTX 3080, 5973, 4079, 10240, 95, 98
2026/07/30 19:36:49.376, 0, NVIDIA GeForce RTX 3080, 5973, 4079, 10240, 95, 98
2026/07/30 19:36:49.485, 0, NVIDIA GeForce RTX 3080, 5973, 4079, 10240, 95, 98
2026/07/30 19:36:49.594, 0, NVIDIA GeForce RTX 3080, 5973, 4079, 10240, 95, 98
2026/07/30 19:36:49.704, 0, NVIDIA GeForce RTX 3080, 5973, 4079, 10240, 95, 98
2026/07/30 19:36:49.814, 0, NVIDIA GeForce RTX 3080, 5973, 4079, 10240, 97, 98
2026/07/30 19:36:49.926, 0, NVIDIA GeForce RTX 3080, 5973, 4079, 10240, 97, 98
2026/07/30 19:36:50.038, 0, NVIDIA GeForce RTX 3080, 5973, 4079, 10240, 97, 98
2026/07/30 19:36:50.150, 0, NVIDIA GeForce RTX 3080, 5973, 4079, 10240, 97, 98
2026/07/30 19:36:50.261, 0, NVIDIA GeForce RTX 3080, 5973, 4079, 10240, 97, 98
2026/07/30 19:36:50.373, 0, NVIDIA GeForce RTX 3080, 5973, 4079, 10240, 97, 98
2026/07/30 19:36:50.485, 0, NVIDIA GeForce RTX 3080, 5973, 4079, 10240, 97, 98
2026/07/30 19:36:50.597, 0, NVIDIA GeForce RTX 3080, 5973, 4079, 10240, 97, 98
2026/07/30 19:36:50.709, 0, NVIDIA GeForce RTX 3080, 5973, 4079, 10240, 97, 98
2026/07/30 19:36:50.820, 0, NVIDIA GeForce RTX 3080, 5973, 4079, 10240, 97, 98
2026/07/30 19:36:50.932, 0, NVIDIA GeForce RTX 3080, 5973, 4079, 10240, 97, 98
2026/07/30 19:36:51.044, 0, NVIDIA GeForce RTX 3080, 5973, 4079, 10240, 97, 98
2026/07/30 19:36:51.156, 0, NVIDIA GeForce RTX 3080, 5973, 4079, 10240, 97, 98
2026/07/30 19:36:51.268, 0, NVIDIA GeForce RTX 3080, 5973, 4079, 10240, 97, 97
2026/07/30 19:36:51.380, 0, NVIDIA GeForce RTX 3080, 5973, 4079, 10240, 97, 97
2026/07/30 19:36:51.492, 0, NVIDIA GeForce RTX 3080, 5973, 4079, 10240, 97, 97
2026/07/30 19:36:51.604, 0, NVIDIA GeForce RTX 3080, 5973, 4079, 10240, 97, 97
2026/07/30 19:36:51.716, 0, NVIDIA GeForce RTX 3080, 5973, 4079, 10240, 97, 97
2026/07/30 19:36:51.828, 0, NVIDIA GeForce RTX 3080, 5973, 4079, 10240, 96, 98
2026/07/30 19:36:51.940, 0, NVIDIA GeForce RTX 3080, 5973, 4079, 10240, 96, 98
2026/07/30 19:36:52.052, 0, NVIDIA GeForce RTX 3080, 5973, 4079, 10240, 96, 98
2026/07/30 19:36:52.164, 0, NVIDIA GeForce RTX 3080, 5973, 4079, 10240, 96, 98
2026/07/30 19:36:52.276, 0, NVIDIA GeForce RTX 3080, 5973, 4079, 10240, 96, 98
2026/07/30 19:36:52.388, 0, NVIDIA GeForce RTX 3080, 5973, 4079, 10240, 96, 98
2026/07/30 19:36:52.500, 0, NVIDIA GeForce RTX 3080, 5973, 4079, 10240, 96, 98
2026/07/30 19:36:52.611, 0, NVIDIA GeForce RTX 3080, 5973, 4079, 10240, 96, 98
2026/07/30 19:36:52.724, 0, NVIDIA GeForce RTX 3080, 5973, 4079, 10240, 96, 98
2026/07/30 19:36:52.836, 0, NVIDIA GeForce RTX 3080, 5973, 4079, 10240, 95, 97
2026/07/30 19:36:52.948, 0, NVIDIA GeForce RTX 3080, 5973, 4079, 10240, 95, 97
2026/07/30 19:36:53.060, 0, NVIDIA GeForce RTX 3080, 5973, 4079, 10240, 95, 97
2026/07/30 19:36:53.171, 0, NVIDIA GeForce RTX 3080, 5973, 4079, 10240, 95, 97
2026/07/30 19:36:53.282, 0, NVIDIA GeForce RTX 3080, 5973, 4079, 10240, 95, 97
2026/07/30 19:36:53.394, 0, NVIDIA GeForce RTX 3080, 5973, 4079, 10240, 95, 97
2026/07/30 19:36:53.504, 0, NVIDIA GeForce RTX 3080, 5973, 4079, 10240, 95, 97
2026/07/30 19:36:53.616, 0, NVIDIA GeForce RTX 3080, 5973, 4079, 10240, 95, 97
2026/07/30 19:36:53.727, 0, NVIDIA GeForce RTX 3080, 5973, 4079, 10240, 95, 97
2026/07/30 19:36:53.839, 0, NVIDIA GeForce RTX 3080, 5973, 4079, 10240, 96, 98
2026/07/30 19:36:53.951, 0, NVIDIA GeForce RTX 3080, 5973, 4079, 10240, 96, 98
2026/07/30 19:36:54.063, 0, NVIDIA GeForce RTX 3080, 5973, 4079, 10240, 96, 98
2026/07/30 19:36:54.175, 0, NVIDIA GeForce RTX 3080, 5973, 4079, 10240, 96, 98
2026/07/30 19:36:54.285, 0, NVIDIA GeForce RTX 3080, 5973, 4079, 10240, 96, 97
2026/07/30 19:36:54.394, 0, NVIDIA GeForce RTX 3080, 5973, 4079, 10240, 96, 97
2026/07/30 19:36:54.503, 0, NVIDIA GeForce RTX 3080, 5973, 4079, 10240, 96, 97
2026/07/30 19:36:54.612, 0, NVIDIA GeForce RTX 3080, 5973, 4079, 10240, 96, 97
2026/07/30 19:36:54.720, 0, NVIDIA GeForce RTX 3080, 5973, 4079, 10240, 96, 97
2026/07/30 19:36:54.832, 0, NVIDIA GeForce RTX 3080, 5973, 4079, 10240, 96, 97
2026/07/30 19:36:54.944, 0, NVIDIA GeForce RTX 3080, 5973, 4079, 10240, 96, 97
2026/07/30 19:36:55.056, 0, NVIDIA GeForce RTX 3080, 5973, 4079, 10240, 96, 97
2026/07/30 19:36:55.168, 0, NVIDIA GeForce RTX 3080, 5973, 4079, 10240, 96, 97
2026/07/30 19:36:55.280, 0, NVIDIA GeForce RTX 3080, 5973, 4079, 10240, 96, 97
2026/07/30 19:36:55.392, 0, NVIDIA GeForce RTX 3080, 5973, 4079, 10240, 96, 97
2026/07/30 19:36:55.504, 0, NVIDIA GeForce RTX 3080, 5973, 4079, 10240, 96, 97
2026/07/30 19:36:55.616, 0, NVIDIA GeForce RTX 3080, 5973, 4079, 10240, 96, 97
2026/07/30 19:36:55.728, 0, NVIDIA GeForce RTX 3080, 5973, 4079, 10240, 96, 97
2026/07/30 19:36:55.839, 0, NVIDIA GeForce RTX 3080, 5973, 4079, 10240, 97, 97
2026/07/30 19:36:55.950, 0, NVIDIA GeForce RTX 3080, 5973, 4079, 10240, 97, 97
2026/07/30 19:36:56.062, 0, NVIDIA GeForce RTX 3080, 5973, 4079, 10240, 97, 97
2026/07/30 19:36:56.174, 0, NVIDIA GeForce RTX 3080, 5973, 4079, 10240, 97, 97
2026/07/30 19:36:56.285, 0, NVIDIA GeForce RTX 3080, 5973, 4079, 10240, 98, 98
2026/07/30 19:36:56.395, 0, NVIDIA GeForce RTX 3080, 5973, 4079, 10240, 98, 98
2026/07/30 19:36:56.507, 0, NVIDIA GeForce RTX 3080, 5973, 4079, 10240, 98, 98
2026/07/30 19:36:56.618, 0, NVIDIA GeForce RTX 3080, 5973, 4079, 10240, 98, 98
2026/07/30 19:36:56.730, 0, NVIDIA GeForce RTX 3080, 5973, 4079, 10240, 98, 98
2026/07/30 19:36:56.841, 0, NVIDIA GeForce RTX 3080, 5973, 4079, 10240, 98, 98
2026/07/30 19:36:56.953, 0, NVIDIA GeForce RTX 3080, 5973, 4079, 10240, 98, 98
2026/07/30 19:36:57.065, 0, NVIDIA GeForce RTX 3080, 5973, 4079, 10240, 98, 98
2026/07/30 19:36:57.177, 0, NVIDIA GeForce RTX 3080, 5973, 4079, 10240, 98, 98
2026/07/30 19:36:57.289, 0, NVIDIA GeForce RTX 3080, 5973, 4079, 10240, 98, 98
2026/07/30 19:36:57.401, 0, NVIDIA GeForce RTX 3080, 5973, 4079, 10240, 98, 98
2026/07/30 19:36:57.512, 0, NVIDIA GeForce RTX 3080, 5973, 4079, 10240, 98, 98
2026/07/30 19:36:57.624, 0, NVIDIA GeForce RTX 3080, 5973, 4079, 10240, 98, 98
2026/07/30 19:36:57.736, 0, NVIDIA GeForce RTX 3080, 5973, 4079, 10240, 98, 98
2026/07/30 19:36:57.847, 0, NVIDIA GeForce RTX 3080, 5973, 4079, 10240, 96, 98
2026/07/30 19:36:57.959, 0, NVIDIA GeForce RTX 3080, 5973, 4079, 10240, 96, 98
2026/07/30 19:36:58.069, 0, NVIDIA GeForce RTX 3080, 5973, 4079, 10240, 96, 98
2026/07/30 19:36:58.181, 0, NVIDIA GeForce RTX 3080, 5973, 4079, 10240, 96, 98
2026/07/30 19:36:58.293, 0, NVIDIA GeForce RTX 3080, 5973, 4079, 10240, 92, 94
2026/07/30 19:36:58.405, 0, NVIDIA GeForce RTX 3080, 5973, 4079, 10240, 92, 94
2026/07/30 19:36:58.518, 0, NVIDIA GeForce RTX 3080, 5973, 4079, 10240, 92, 94
2026/07/30 19:36:58.630, 0, NVIDIA GeForce RTX 3080, 5973, 4079, 10240, 92, 94
2026/07/30 19:36:58.742, 0, NVIDIA GeForce RTX 3080, 5973, 4079, 10240, 92, 94
2026/07/30 19:36:58.853, 0, NVIDIA GeForce RTX 3080, 5973, 4079, 10240, 95, 98
2026/07/30 19:36:58.965, 0, NVIDIA GeForce RTX 3080, 5973, 4079, 10240, 95, 98
2026/07/30 19:36:59.077, 0, NVIDIA GeForce RTX 3080, 5973, 4079, 10240, 95, 98
2026/07/30 19:36:59.188, 0, NVIDIA GeForce RTX 3080, 5973, 4079, 10240, 95, 98
2026/07/30 19:36:59.300, 0, NVIDIA GeForce RTX 3080, 5973, 4079, 10240, 96, 98
2026/07/30 19:36:59.411, 0, NVIDIA GeForce RTX 3080, 5973, 4079, 10240, 96, 98
2026/07/30 19:36:59.523, 0, NVIDIA GeForce RTX 3080, 5973, 4079, 10240, 96, 98
2026/07/30 19:36:59.635, 0, NVIDIA GeForce RTX 3080, 5973, 4079, 10240, 96, 98
2026/07/30 19:36:59.747, 0, NVIDIA GeForce RTX 3080, 5973, 4079, 10240, 96, 98
2026/07/30 19:36:59.859, 0, NVIDIA GeForce RTX 3080, 5973, 4079, 10240, 96, 96
2026/07/30 19:36:59.971, 0, NVIDIA GeForce RTX 3080, 5973, 4079, 10240, 96, 96
2026/07/30 19:37:00.083, 0, NVIDIA GeForce RTX 3080, 5973, 4079, 10240, 96, 96
2026/07/30 19:37:00.195, 0, NVIDIA GeForce RTX 3080, 5973, 4079, 10240, 96, 96
2026/07/30 19:37:00.307, 0, NVIDIA GeForce RTX 3080, 5973, 4079, 10240, 98, 98
2026/07/30 19:37:00.419, 0, NVIDIA GeForce RTX 3080, 5973, 4079, 10240, 98, 98
2026/07/30 19:37:00.531, 0, NVIDIA GeForce RTX 3080, 5973, 4079, 10240, 98, 98
2026/07/30 19:37:00.643, 0, NVIDIA GeForce RTX 3080, 5973, 4079, 10240, 98, 98
2026/07/30 19:37:00.755, 0, NVIDIA GeForce RTX 3080, 5973, 4079, 10240, 98, 98
2026/07/30 19:37:00.867, 0, NVIDIA GeForce RTX 3080, 5973, 4079, 10240, 97, 98
2026/07/30 19:37:00.979, 0, NVIDIA GeForce RTX 3080, 5973, 4079, 10240, 97, 98
2026/07/30 19:37:01.090, 0, NVIDIA GeForce RTX 3080, 5973, 4079, 10240, 97, 98
2026/07/30 19:37:01.202, 0, NVIDIA GeForce RTX 3080, 5973, 4079, 10240, 97, 98
2026/07/30 19:37:01.313, 0, NVIDIA GeForce RTX 3080, 5973, 4079, 10240, 97, 98
2026/07/30 19:37:01.425, 0, NVIDIA GeForce RTX 3080, 5973, 4079, 10240, 97, 98
2026/07/30 19:37:01.537, 0, NVIDIA GeForce RTX 3080, 5973, 4079, 10240, 97, 98
2026/07/30 19:37:01.648, 0, NVIDIA GeForce RTX 3080, 5973, 4079, 10240, 97, 98
2026/07/30 19:37:01.760, 0, NVIDIA GeForce RTX 3080, 5973, 4079, 10240, 96, 98
2026/07/30 19:37:01.870, 0, NVIDIA GeForce RTX 3080, 5973, 4079, 10240, 96, 98
2026/07/30 19:37:01.982, 0, NVIDIA GeForce RTX 3080, 5973, 4079, 10240, 96, 98
2026/07/30 19:37:02.093, 0, NVIDIA GeForce RTX 3080, 5973, 4079, 10240, 96, 98
2026/07/30 19:37:02.205, 0, NVIDIA GeForce RTX 3080, 5973, 4079, 10240, 96, 98
2026/07/30 19:37:02.317, 0, NVIDIA GeForce RTX 3080, 5973, 4079, 10240, 96, 98
2026/07/30 19:37:02.429, 0, NVIDIA GeForce RTX 3080, 5973, 4079, 10240, 96, 98
2026/07/30 19:37:02.541, 0, NVIDIA GeForce RTX 3080, 5973, 4079, 10240, 96, 98
2026/07/30 19:37:02.653, 0, NVIDIA GeForce RTX 3080, 5973, 4079, 10240, 96, 98
2026/07/30 19:37:02.765, 0, NVIDIA GeForce RTX 3080, 5973, 4079, 10240, 96, 98
2026/07/30 19:37:02.877, 0, NVIDIA GeForce RTX 3080, 5973, 4079, 10240, 96, 98
2026/07/30 19:37:02.989, 0, NVIDIA GeForce RTX 3080, 5973, 4079, 10240, 96, 98
2026/07/30 19:37:03.100, 0, NVIDIA GeForce RTX 3080, 5973, 4079, 10240, 96, 98
2026/07/30 19:37:03.211, 0, NVIDIA GeForce RTX 3080, 5973, 4079, 10240, 96, 98
2026/07/30 19:37:03.323, 0, NVIDIA GeForce RTX 3080, 2597, 7455, 10240, 96, 98
2026/07/30 19:37:03.435, 0, NVIDIA GeForce RTX 3080, 1511, 8541, 10240, 96, 98
2026/07/30 19:37:03.547, 0, NVIDIA GeForce RTX 3080, 1511, 8541, 10240, 96, 98
2026/07/30 19:37:03.659, 0, NVIDIA GeForce RTX 3080, 1511, 8541, 10240, 96, 98
2026/07/30 19:37:03.771, 0, NVIDIA GeForce RTX 3080, 1511, 8541, 10240, 0, 0
2026/07/30 19:37:03.883, 0, NVIDIA GeForce RTX 3080, 1290, 8762, 10240, 0, 0
2026/07/30 19:37:03.994, 0, NVIDIA GeForce RTX 3080, 1290, 8762, 10240, 0, 0
2026/07/30 19:37:04.106, 0, NVIDIA GeForce RTX 3080, 1290, 8762, 10240, 0, 0
2026/07/30 19:37:04.218, 0, NVIDIA GeForce RTX 3080, 1290, 8762, 10240, 0, 0
2026/07/30 19:37:04.330, 0, NVIDIA GeForce RTX 3080, 1290, 8762, 10240, 0, 0
2026/07/30 19:37:04.442, 0, NVIDIA GeForce RTX 3080, 1290, 8762, 10240, 0, 0
