timestamp,index,name,memory_used_mib,memory_free_mib,memory_total_mib,memory_utilization_percent,gpu_utilization_percent 
2026/08/04 23:24:49.315, 0, NVIDIA GeForce RTX 3080, 1096, 8956, 10240, 0, 0
2026/08/04 23:24:49.423, 0, NVIDIA GeForce RTX 3080, 1096, 8956, 10240, 0, 0
2026/08/04 23:24:49.532, 0, NVIDIA GeForce RTX 3080, 1117, 8935, 10240, 0, 0
2026/08/04 23:24:49.642, 0, NVIDIA GeForce RTX 3080, 1285, 8767, 10240, 0, 14
2026/08/04 23:24:49.751, 0, NVIDIA GeForce RTX 3080, 1285, 8767, 10240, 0, 14
2026/08/04 23:24:49.860, 0, NVIDIA GeForce RTX 3080, 1605, 8447, 10240, 0, 14
2026/08/04 23:24:49.969, 0, NVIDIA GeForce RTX 3080, 4541, 5511, 10240, 0, 14
2026/08/04 23:24:50.079, 0, NVIDIA GeForce RTX 3080, 4541, 5511, 10240, 0, 14
2026/08/04 23:24:50.188, 0, NVIDIA GeForce RTX 3080, 4541, 5511, 10240, 1, 13
2026/08/04 23:24:50.296, 0, NVIDIA GeForce RTX 3080, 4541, 5511, 10240, 1, 13
2026/08/04 23:24:50.406, 0, NVIDIA GeForce RTX 3080, 4541, 5511, 10240, 1, 13
2026/08/04 23:24:50.516, 0, NVIDIA GeForce RTX 3080, 4541, 5511, 10240, 1, 13
2026/08/04 23:24:50.624, 0, NVIDIA GeForce RTX 3080, 4541, 5511, 10240, 1, 13
2026/08/04 23:24:50.733, 0, NVIDIA GeForce RTX 3080, 4541, 5511, 10240, 1, 13
2026/08/04 23:24:50.842, 0, NVIDIA GeForce RTX 3080, 4541, 5511, 10240, 1, 13
2026/08/04 23:24:50.951, 0, NVIDIA GeForce RTX 3080, 4541, 5511, 10240, 1, 13
2026/08/04 23:24:51.060, 0, NVIDIA GeForce RTX 3080, 4891, 5161, 10240, 1, 13
2026/08/04 23:24:51.169, 0, NVIDIA GeForce RTX 3080, 4897, 5155, 10240, 31, 61
2026/08/04 23:24:51.277, 0, NVIDIA GeForce RTX 3080, 4897, 5155, 10240, 31, 61
2026/08/04 23:24:51.387, 0, NVIDIA GeForce RTX 3080, 4897, 5155, 10240, 31, 61
2026/08/04 23:24:51.495, 0, NVIDIA GeForce RTX 3080, 4897, 5155, 10240, 31, 61
2026/08/04 23:24:51.605, 0, NVIDIA GeForce RTX 3080, 4897, 5155, 10240, 31, 61
2026/08/04 23:24:51.715, 0, NVIDIA GeForce RTX 3080, 5853, 4199, 10240, 59, 95
2026/08/04 23:24:51.824, 0, NVIDIA GeForce RTX 3080, 5853, 4199, 10240, 59, 95
2026/08/04 23:24:51.933, 0, NVIDIA GeForce RTX 3080, 5853, 4199, 10240, 59, 95
2026/08/04 23:24:52.042, 0, NVIDIA GeForce RTX 3080, 5853, 4199, 10240, 59, 95
2026/08/04 23:24:52.151, 0, NVIDIA GeForce RTX 3080, 5853, 4199, 10240, 96, 97
2026/08/04 23:24:52.260, 0, NVIDIA GeForce RTX 3080, 5853, 4199, 10240, 96, 97
2026/08/04 23:24:52.369, 0, NVIDIA GeForce RTX 3080, 5853, 4199, 10240, 96, 97
2026/08/04 23:24:52.478, 0, NVIDIA GeForce RTX 3080, 5853, 4199, 10240, 96, 97
2026/08/04 23:24:52.588, 0, NVIDIA GeForce RTX 3080, 5853, 4199, 10240, 96, 97
2026/08/04 23:24:52.697, 0, NVIDIA GeForce RTX 3080, 5853, 4199, 10240, 96, 97
2026/08/04 23:24:52.806, 0, NVIDIA GeForce RTX 3080, 5853, 4199, 10240, 96, 97
2026/08/04 23:24:52.916, 0, NVIDIA GeForce RTX 3080, 5853, 4199, 10240, 96, 97
2026/08/04 23:24:53.024, 0, NVIDIA GeForce RTX 3080, 5853, 4199, 10240, 96, 97
2026/08/04 23:24:53.134, 0, NVIDIA GeForce RTX 3080, 5853, 4199, 10240, 96, 98
2026/08/04 23:24:53.244, 0, NVIDIA GeForce RTX 3080, 5853, 4199, 10240, 96, 98
2026/08/04 23:24:53.351, 0, NVIDIA GeForce RTX 3080, 5853, 4199, 10240, 96, 98
2026/08/04 23:24:53.461, 0, NVIDIA GeForce RTX 3080, 5853, 4199, 10240, 96, 98
2026/08/04 23:24:53.569, 0, NVIDIA GeForce RTX 3080, 5853, 4199, 10240, 96, 98
2026/08/04 23:24:53.678, 0, NVIDIA GeForce RTX 3080, 5853, 4199, 10240, 96, 98
2026/08/04 23:24:53.788, 0, NVIDIA GeForce RTX 3080, 5853, 4199, 10240, 96, 98
2026/08/04 23:24:53.896, 0, NVIDIA GeForce RTX 3080, 5853, 4199, 10240, 96, 98
2026/08/04 23:24:54.006, 0, NVIDIA GeForce RTX 3080, 5853, 4199, 10240, 96, 98
2026/08/04 23:24:54.116, 0, NVIDIA GeForce RTX 3080, 5853, 4199, 10240, 96, 97
2026/08/04 23:24:54.223, 0, NVIDIA GeForce RTX 3080, 5853, 4199, 10240, 96, 97
2026/08/04 23:24:54.333, 0, NVIDIA GeForce RTX 3080, 5853, 4199, 10240, 96, 97
2026/08/04 23:24:54.442, 0, NVIDIA GeForce RTX 3080, 5853, 4199, 10240, 96, 97
2026/08/04 23:24:54.550, 0, NVIDIA GeForce RTX 3080, 5853, 4199, 10240, 96, 97
2026/08/04 23:24:54.660, 0, NVIDIA GeForce RTX 3080, 5853, 4199, 10240, 96, 98
2026/08/04 23:24:54.768, 0, NVIDIA GeForce RTX 3080, 5853, 4199, 10240, 96, 98
2026/08/04 23:24:54.878, 0, NVIDIA GeForce RTX 3080, 5853, 4199, 10240, 96, 98
2026/08/04 23:24:54.988, 0, NVIDIA GeForce RTX 3080, 5853, 4199, 10240, 96, 98
2026/08/04 23:24:55.096, 0, NVIDIA GeForce RTX 3080, 5853, 4199, 10240, 96, 98
2026/08/04 23:24:55.206, 0, NVIDIA GeForce RTX 3080, 5853, 4199, 10240, 96, 98
2026/08/04 23:24:55.314, 0, NVIDIA GeForce RTX 3080, 5853, 4199, 10240, 96, 98
2026/08/04 23:24:55.423, 0, NVIDIA GeForce RTX 3080, 5853, 4199, 10240, 96, 98
2026/08/04 23:24:55.533, 0, NVIDIA GeForce RTX 3080, 5853, 4199, 10240, 96, 98
2026/08/04 23:24:55.642, 0, NVIDIA GeForce RTX 3080, 5853, 4199, 10240, 96, 98
2026/08/04 23:24:55.751, 0, NVIDIA GeForce RTX 3080, 5853, 4199, 10240, 96, 98
2026/08/04 23:24:55.860, 0, NVIDIA GeForce RTX 3080, 5853, 4199, 10240, 96, 98
2026/08/04 23:24:55.969, 0, NVIDIA GeForce RTX 3080, 5853, 4199, 10240, 96, 98
2026/08/04 23:24:56.078, 0, NVIDIA GeForce RTX 3080, 5853, 4199, 10240, 96, 98
2026/08/04 23:24:56.186, 0, NVIDIA GeForce RTX 3080, 5853, 4199, 10240, 96, 98
2026/08/04 23:24:56.295, 0, NVIDIA GeForce RTX 3080, 5853, 4199, 10240, 96, 98
2026/08/04 23:24:56.405, 0, NVIDIA GeForce RTX 3080, 5853, 4199, 10240, 96, 98
2026/08/04 23:24:56.514, 0, NVIDIA GeForce RTX 3080, 5853, 4199, 10240, 96, 98
2026/08/04 23:24:56.623, 0, NVIDIA GeForce RTX 3080, 5853, 4199, 10240, 96, 98
2026/08/04 23:24:56.732, 0, NVIDIA GeForce RTX 3080, 5853, 4199, 10240, 96, 98
2026/08/04 23:24:56.842, 0, NVIDIA GeForce RTX 3080, 5853, 4199, 10240, 96, 98
2026/08/04 23:24:56.951, 0, NVIDIA GeForce RTX 3080, 5853, 4199, 10240, 96, 98
2026/08/04 23:24:57.060, 0, NVIDIA GeForce RTX 3080, 5853, 4199, 10240, 96, 98
2026/08/04 23:24:57.169, 0, NVIDIA GeForce RTX 3080, 5853, 4199, 10240, 97, 98
2026/08/04 23:24:57.278, 0, NVIDIA GeForce RTX 3080, 5853, 4199, 10240, 97, 98
2026/08/04 23:24:57.387, 0, NVIDIA GeForce RTX 3080, 5853, 4199, 10240, 97, 98
2026/08/04 23:24:57.496, 0, NVIDIA GeForce RTX 3080, 5853, 4199, 10240, 97, 98
2026/08/04 23:24:57.604, 0, NVIDIA GeForce RTX 3080, 5853, 4199, 10240, 97, 98
2026/08/04 23:24:57.714, 0, NVIDIA GeForce RTX 3080, 5853, 4199, 10240, 96, 98
2026/08/04 23:24:57.823, 0, NVIDIA GeForce RTX 3080, 5853, 4199, 10240, 96, 98
2026/08/04 23:24:57.932, 0, NVIDIA GeForce RTX 3080, 5853, 4199, 10240, 96, 98
2026/08/04 23:24:58.041, 0, NVIDIA GeForce RTX 3080, 5853, 4199, 10240, 96, 98
2026/08/04 23:24:58.150, 0, NVIDIA GeForce RTX 3080, 5853, 4199, 10240, 93, 95
2026/08/04 23:24:58.260, 0, NVIDIA GeForce RTX 3080, 5853, 4199, 10240, 93, 95
2026/08/04 23:24:58.368, 0, NVIDIA GeForce RTX 3080, 5853, 4199, 10240, 93, 95
2026/08/04 23:24:58.478, 0, NVIDIA GeForce RTX 3080, 5853, 4199, 10240, 93, 95
2026/08/04 23:24:58.588, 0, NVIDIA GeForce RTX 3080, 5853, 4199, 10240, 93, 95
2026/08/04 23:24:58.697, 0, NVIDIA GeForce RTX 3080, 5853, 4199, 10240, 96, 98
2026/08/04 23:24:58.805, 0, NVIDIA GeForce RTX 3080, 5853, 4199, 10240, 96, 98
2026/08/04 23:24:58.915, 0, NVIDIA GeForce RTX 3080, 5853, 4199, 10240, 96, 98
2026/08/04 23:24:59.023, 0, NVIDIA GeForce RTX 3080, 5853, 4199, 10240, 96, 98
2026/08/04 23:24:59.133, 0, NVIDIA GeForce RTX 3080, 5853, 4199, 10240, 96, 98
2026/08/04 23:24:59.243, 0, NVIDIA GeForce RTX 3080, 5853, 4199, 10240, 96, 98
2026/08/04 23:24:59.351, 0, NVIDIA GeForce RTX 3080, 5853, 4199, 10240, 96, 98
2026/08/04 23:24:59.461, 0, NVIDIA GeForce RTX 3080, 5853, 4199, 10240, 96, 98
2026/08/04 23:24:59.569, 0, NVIDIA GeForce RTX 3080, 5853, 4199, 10240, 96, 98
2026/08/04 23:24:59.679, 0, NVIDIA GeForce RTX 3080, 5853, 4199, 10240, 96, 98
2026/08/04 23:24:59.788, 0, NVIDIA GeForce RTX 3080, 5853, 4199, 10240, 96, 98
2026/08/04 23:24:59.897, 0, NVIDIA GeForce RTX 3080, 5853, 4199, 10240, 96, 98
2026/08/04 23:25:00.006, 0, NVIDIA GeForce RTX 3080, 5853, 4199, 10240, 96, 98
2026/08/04 23:25:00.116, 0, NVIDIA GeForce RTX 3080, 5853, 4199, 10240, 96, 97
2026/08/04 23:25:00.225, 0, NVIDIA GeForce RTX 3080, 5853, 4199, 10240, 96, 97
2026/08/04 23:25:00.334, 0, NVIDIA GeForce RTX 3080, 5853, 4199, 10240, 96, 97
2026/08/04 23:25:00.444, 0, NVIDIA GeForce RTX 3080, 5853, 4199, 10240, 96, 97
2026/08/04 23:25:00.553, 0, NVIDIA GeForce RTX 3080, 5853, 4199, 10240, 96, 97
2026/08/04 23:25:00.661, 0, NVIDIA GeForce RTX 3080, 5853, 4199, 10240, 96, 98
2026/08/04 23:25:00.771, 0, NVIDIA GeForce RTX 3080, 5853, 4199, 10240, 96, 98
2026/08/04 23:25:00.880, 0, NVIDIA GeForce RTX 3080, 5853, 4199, 10240, 96, 98
2026/08/04 23:25:00.989, 0, NVIDIA GeForce RTX 3080, 5853, 4199, 10240, 96, 98
2026/08/04 23:25:01.098, 0, NVIDIA GeForce RTX 3080, 5853, 4199, 10240, 96, 98
2026/08/04 23:25:01.207, 0, NVIDIA GeForce RTX 3080, 5853, 4199, 10240, 96, 98
2026/08/04 23:25:01.316, 0, NVIDIA GeForce RTX 3080, 5853, 4199, 10240, 96, 98
2026/08/04 23:25:01.425, 0, NVIDIA GeForce RTX 3080, 5853, 4199, 10240, 96, 98
2026/08/04 23:25:01.534, 0, NVIDIA GeForce RTX 3080, 5853, 4199, 10240, 96, 98
2026/08/04 23:25:01.643, 0, NVIDIA GeForce RTX 3080, 5853, 4199, 10240, 97, 98
2026/08/04 23:25:01.752, 0, NVIDIA GeForce RTX 3080, 5853, 4199, 10240, 97, 98
2026/08/04 23:25:01.861, 0, NVIDIA GeForce RTX 3080, 5853, 4199, 10240, 97, 98
2026/08/04 23:25:01.971, 0, NVIDIA GeForce RTX 3080, 5853, 4199, 10240, 97, 98
2026/08/04 23:25:02.080, 0, NVIDIA GeForce RTX 3080, 5853, 4199, 10240, 97, 98
2026/08/04 23:25:02.189, 0, NVIDIA GeForce RTX 3080, 5853, 4199, 10240, 97, 98
2026/08/04 23:25:02.298, 0, NVIDIA GeForce RTX 3080, 5853, 4199, 10240, 97, 98
2026/08/04 23:25:02.408, 0, NVIDIA GeForce RTX 3080, 5853, 4199, 10240, 97, 98
2026/08/04 23:25:02.517, 0, NVIDIA GeForce RTX 3080, 5853, 4199, 10240, 97, 98
2026/08/04 23:25:02.626, 0, NVIDIA GeForce RTX 3080, 5853, 4199, 10240, 97, 98
2026/08/04 23:25:02.736, 0, NVIDIA GeForce RTX 3080, 5853, 4199, 10240, 97, 98
2026/08/04 23:25:02.845, 0, NVIDIA GeForce RTX 3080, 5853, 4199, 10240, 97, 98
2026/08/04 23:25:02.953, 0, NVIDIA GeForce RTX 3080, 5853, 4199, 10240, 97, 98
2026/08/04 23:25:03.063, 0, NVIDIA GeForce RTX 3080, 5853, 4199, 10240, 97, 98
2026/08/04 23:25:03.172, 0, NVIDIA GeForce RTX 3080, 5853, 4199, 10240, 97, 98
2026/08/04 23:25:03.281, 0, NVIDIA GeForce RTX 3080, 5853, 4199, 10240, 97, 98
2026/08/04 23:25:03.391, 0, NVIDIA GeForce RTX 3080, 5853, 4199, 10240, 97, 98
2026/08/04 23:25:03.499, 0, NVIDIA GeForce RTX 3080, 5853, 4199, 10240, 97, 98
2026/08/04 23:25:03.608, 0, NVIDIA GeForce RTX 3080, 5853, 4199, 10240, 97, 98
2026/08/04 23:25:03.718, 0, NVIDIA GeForce RTX 3080, 5853, 4199, 10240, 97, 98
2026/08/04 23:25:03.826, 0, NVIDIA GeForce RTX 3080, 5853, 4199, 10240, 97, 98
2026/08/04 23:25:03.936, 0, NVIDIA GeForce RTX 3080, 5853, 4199, 10240, 97, 98
2026/08/04 23:25:04.046, 0, NVIDIA GeForce RTX 3080, 5853, 4199, 10240, 97, 98
2026/08/04 23:25:04.154, 0, NVIDIA GeForce RTX 3080, 5853, 4199, 10240, 97, 98
2026/08/04 23:25:04.264, 0, NVIDIA GeForce RTX 3080, 5853, 4199, 10240, 97, 98
2026/08/04 23:25:04.374, 0, NVIDIA GeForce RTX 3080, 5853, 4199, 10240, 97, 98
2026/08/04 23:25:04.482, 0, NVIDIA GeForce RTX 3080, 5853, 4199, 10240, 97, 98
2026/08/04 23:25:04.592, 0, NVIDIA GeForce RTX 3080, 5853, 4199, 10240, 97, 98
2026/08/04 23:25:04.700, 0, NVIDIA GeForce RTX 3080, 5853, 4199, 10240, 94, 96
2026/08/04 23:25:04.809, 0, NVIDIA GeForce RTX 3080, 5853, 4199, 10240, 94, 96
2026/08/04 23:25:04.919, 0, NVIDIA GeForce RTX 3080, 5853, 4199, 10240, 94, 96
2026/08/04 23:25:05.027, 0, NVIDIA GeForce RTX 3080, 5853, 4199, 10240, 94, 96
2026/08/04 23:25:05.137, 0, NVIDIA GeForce RTX 3080, 5853, 4199, 10240, 96, 98
2026/08/04 23:25:05.247, 0, NVIDIA GeForce RTX 3080, 5853, 4199, 10240, 96, 98
2026/08/04 23:25:05.355, 0, NVIDIA GeForce RTX 3080, 5853, 4199, 10240, 96, 98
2026/08/04 23:25:05.465, 0, NVIDIA GeForce RTX 3080, 5853, 4199, 10240, 96, 98
2026/08/04 23:25:05.574, 0, NVIDIA GeForce RTX 3080, 5853, 4199, 10240, 96, 98
2026/08/04 23:25:05.682, 0, NVIDIA GeForce RTX 3080, 5853, 4199, 10240, 96, 98
2026/08/04 23:25:05.791, 0, NVIDIA GeForce RTX 3080, 5853, 4199, 10240, 96, 98
2026/08/04 23:25:05.900, 0, NVIDIA GeForce RTX 3080, 5853, 4199, 10240, 96, 98
2026/08/04 23:25:06.008, 0, NVIDIA GeForce RTX 3080, 5853, 4199, 10240, 96, 98
2026/08/04 23:25:06.118, 0, NVIDIA GeForce RTX 3080, 5853, 4199, 10240, 97, 98
2026/08/04 23:25:06.226, 0, NVIDIA GeForce RTX 3080, 5853, 4199, 10240, 97, 98
2026/08/04 23:25:06.336, 0, NVIDIA GeForce RTX 3080, 5853, 4199, 10240, 97, 98
2026/08/04 23:25:06.445, 0, NVIDIA GeForce RTX 3080, 5853, 4199, 10240, 97, 98
2026/08/04 23:25:06.554, 0, NVIDIA GeForce RTX 3080, 5853, 4199, 10240, 97, 98
2026/08/04 23:25:06.664, 0, NVIDIA GeForce RTX 3080, 5853, 4199, 10240, 96, 98
2026/08/04 23:25:06.773, 0, NVIDIA GeForce RTX 3080, 5853, 4199, 10240, 96, 98
2026/08/04 23:25:06.882, 0, NVIDIA GeForce RTX 3080, 5853, 4199, 10240, 96, 98
2026/08/04 23:25:06.991, 0, NVIDIA GeForce RTX 3080, 5853, 4199, 10240, 96, 98
2026/08/04 23:25:07.101, 0, NVIDIA GeForce RTX 3080, 5853, 4199, 10240, 96, 98
2026/08/04 23:25:07.209, 0, NVIDIA GeForce RTX 3080, 5853, 4199, 10240, 96, 98
2026/08/04 23:25:07.319, 0, NVIDIA GeForce RTX 3080, 5853, 4199, 10240, 96, 98
2026/08/04 23:25:07.427, 0, NVIDIA GeForce RTX 3080, 5853, 4199, 10240, 96, 98
2026/08/04 23:25:07.537, 0, NVIDIA GeForce RTX 3080, 5853, 4199, 10240, 96, 98
2026/08/04 23:25:07.646, 0, NVIDIA GeForce RTX 3080, 5853, 4199, 10240, 96, 97
2026/08/04 23:25:07.755, 0, NVIDIA GeForce RTX 3080, 5853, 4199, 10240, 96, 97
2026/08/04 23:25:07.865, 0, NVIDIA GeForce RTX 3080, 5853, 4199, 10240, 96, 97
2026/08/04 23:25:07.973, 0, NVIDIA GeForce RTX 3080, 5853, 4199, 10240, 96, 97
2026/08/04 23:25:08.082, 0, NVIDIA GeForce RTX 3080, 5853, 4199, 10240, 96, 97
2026/08/04 23:25:08.191, 0, NVIDIA GeForce RTX 3080, 5853, 4199, 10240, 96, 98
2026/08/04 23:25:08.300, 0, NVIDIA GeForce RTX 3080, 5853, 4199, 10240, 96, 98
2026/08/04 23:25:08.409, 0, NVIDIA GeForce RTX 3080, 5853, 4199, 10240, 96, 98
2026/08/04 23:25:08.519, 0, NVIDIA GeForce RTX 3080, 5853, 4199, 10240, 96, 98
2026/08/04 23:25:08.628, 0, NVIDIA GeForce RTX 3080, 5853, 4199, 10240, 96, 98
2026/08/04 23:25:08.736, 0, NVIDIA GeForce RTX 3080, 5853, 4199, 10240, 96, 98
2026/08/04 23:25:08.846, 0, NVIDIA GeForce RTX 3080, 5853, 4199, 10240, 96, 98
2026/08/04 23:25:08.955, 0, NVIDIA GeForce RTX 3080, 5853, 4199, 10240, 96, 98
2026/08/04 23:25:09.064, 0, NVIDIA GeForce RTX 3080, 5853, 4199, 10240, 96, 98
2026/08/04 23:25:09.173, 0, NVIDIA GeForce RTX 3080, 5853, 4199, 10240, 96, 98
2026/08/04 23:25:09.282, 0, NVIDIA GeForce RTX 3080, 5853, 4199, 10240, 96, 98
2026/08/04 23:25:09.392, 0, NVIDIA GeForce RTX 3080, 5853, 4199, 10240, 96, 98
2026/08/04 23:25:09.501, 0, NVIDIA GeForce RTX 3080, 5853, 4199, 10240, 96, 98
2026/08/04 23:25:09.610, 0, NVIDIA GeForce RTX 3080, 5853, 4199, 10240, 96, 98
2026/08/04 23:25:09.719, 0, NVIDIA GeForce RTX 3080, 5853, 4199, 10240, 96, 98
2026/08/04 23:25:09.828, 0, NVIDIA GeForce RTX 3080, 5853, 4199, 10240, 96, 98
2026/08/04 23:25:09.937, 0, NVIDIA GeForce RTX 3080, 5853, 4199, 10240, 96, 98
2026/08/04 23:25:10.046, 0, NVIDIA GeForce RTX 3080, 5853, 4199, 10240, 96, 98
2026/08/04 23:25:10.160, 0, NVIDIA GeForce RTX 3080, 5853, 4199, 10240, 96, 97
2026/08/04 23:25:10.269, 0, NVIDIA GeForce RTX 3080, 5853, 4199, 10240, 96, 97
2026/08/04 23:25:10.378, 0, NVIDIA GeForce RTX 3080, 5853, 4199, 10240, 96, 97
2026/08/04 23:25:10.487, 0, NVIDIA GeForce RTX 3080, 5853, 4199, 10240, 96, 97
2026/08/04 23:25:10.596, 0, NVIDIA GeForce RTX 3080, 5853, 4199, 10240, 96, 97
2026/08/04 23:25:10.706, 0, NVIDIA GeForce RTX 3080, 5853, 4199, 10240, 96, 98
2026/08/04 23:25:10.815, 0, NVIDIA GeForce RTX 3080, 5853, 4199, 10240, 96, 98
2026/08/04 23:25:10.925, 0, NVIDIA GeForce RTX 3080, 5853, 4199, 10240, 96, 98
2026/08/04 23:25:11.034, 0, NVIDIA GeForce RTX 3080, 5853, 4199, 10240, 96, 98
2026/08/04 23:25:11.143, 0, NVIDIA GeForce RTX 3080, 5853, 4199, 10240, 94, 96
2026/08/04 23:25:11.252, 0, NVIDIA GeForce RTX 3080, 5853, 4199, 10240, 94, 96
2026/08/04 23:25:11.361, 0, NVIDIA GeForce RTX 3080, 5853, 4199, 10240, 94, 96
2026/08/04 23:25:11.469, 0, NVIDIA GeForce RTX 3080, 5853, 4199, 10240, 94, 96
2026/08/04 23:25:11.579, 0, NVIDIA GeForce RTX 3080, 5853, 4199, 10240, 94, 96
2026/08/04 23:25:11.688, 0, NVIDIA GeForce RTX 3080, 5853, 4199, 10240, 96, 98
2026/08/04 23:25:11.797, 0, NVIDIA GeForce RTX 3080, 5853, 4199, 10240, 96, 98
2026/08/04 23:25:11.907, 0, NVIDIA GeForce RTX 3080, 5853, 4199, 10240, 96, 98
2026/08/04 23:25:12.015, 0, NVIDIA GeForce RTX 3080, 5853, 4199, 10240, 96, 98
2026/08/04 23:25:12.124, 0, NVIDIA GeForce RTX 3080, 5853, 4199, 10240, 96, 97
2026/08/04 23:25:12.233, 0, NVIDIA GeForce RTX 3080, 5853, 4199, 10240, 96, 97
2026/08/04 23:25:12.342, 0, NVIDIA GeForce RTX 3080, 5853, 4199, 10240, 96, 97
2026/08/04 23:25:12.451, 0, NVIDIA GeForce RTX 3080, 5853, 4199, 10240, 96, 97
2026/08/04 23:25:12.561, 0, NVIDIA GeForce RTX 3080, 5853, 4199, 10240, 96, 97
2026/08/04 23:25:12.669, 0, NVIDIA GeForce RTX 3080, 5853, 4199, 10240, 96, 98
2026/08/04 23:25:12.779, 0, NVIDIA GeForce RTX 3080, 5853, 4199, 10240, 96, 98
2026/08/04 23:25:12.888, 0, NVIDIA GeForce RTX 3080, 5853, 4199, 10240, 96, 98
2026/08/04 23:25:12.996, 0, NVIDIA GeForce RTX 3080, 5853, 4199, 10240, 96, 98
2026/08/04 23:25:13.106, 0, NVIDIA GeForce RTX 3080, 5853, 4199, 10240, 96, 98
2026/08/04 23:25:13.215, 0, NVIDIA GeForce RTX 3080, 5853, 4199, 10240, 96, 98
2026/08/04 23:25:13.324, 0, NVIDIA GeForce RTX 3080, 5853, 4199, 10240, 96, 98
2026/08/04 23:25:13.434, 0, NVIDIA GeForce RTX 3080, 5853, 4199, 10240, 96, 98
2026/08/04 23:25:13.543, 0, NVIDIA GeForce RTX 3080, 5853, 4199, 10240, 96, 98
2026/08/04 23:25:13.652, 0, NVIDIA GeForce RTX 3080, 5853, 4199, 10240, 96, 98
2026/08/04 23:25:13.762, 0, NVIDIA GeForce RTX 3080, 5853, 4199, 10240, 96, 98
2026/08/04 23:25:13.870, 0, NVIDIA GeForce RTX 3080, 5853, 4199, 10240, 96, 98
2026/08/04 23:25:13.980, 0, NVIDIA GeForce RTX 3080, 5853, 4199, 10240, 96, 98
2026/08/04 23:25:14.090, 0, NVIDIA GeForce RTX 3080, 5853, 4199, 10240, 96, 98
2026/08/04 23:25:14.196, 0, NVIDIA GeForce RTX 3080, 5853, 4199, 10240, 96, 98
2026/08/04 23:25:14.305, 0, NVIDIA GeForce RTX 3080, 5853, 4199, 10240, 96, 98
2026/08/04 23:25:14.414, 0, NVIDIA GeForce RTX 3080, 5853, 4199, 10240, 96, 98
2026/08/04 23:25:14.524, 0, NVIDIA GeForce RTX 3080, 5853, 4199, 10240, 96, 98
2026/08/04 23:25:14.633, 0, NVIDIA GeForce RTX 3080, 5853, 4199, 10240, 96, 98
2026/08/04 23:25:14.742, 0, NVIDIA GeForce RTX 3080, 5853, 4199, 10240, 96, 98
2026/08/04 23:25:14.852, 0, NVIDIA GeForce RTX 3080, 5853, 4199, 10240, 96, 98
2026/08/04 23:25:14.961, 0, NVIDIA GeForce RTX 3080, 5853, 4199, 10240, 96, 98
2026/08/04 23:25:15.070, 0, NVIDIA GeForce RTX 3080, 5853, 4199, 10240, 96, 98
2026/08/04 23:25:15.180, 0, NVIDIA GeForce RTX 3080, 5853, 4199, 10240, 96, 98
2026/08/04 23:25:15.288, 0, NVIDIA GeForce RTX 3080, 5853, 4199, 10240, 96, 98
2026/08/04 23:25:15.397, 0, NVIDIA GeForce RTX 3080, 5853, 4199, 10240, 96, 98
2026/08/04 23:25:15.507, 0, NVIDIA GeForce RTX 3080, 5853, 4199, 10240, 96, 98
2026/08/04 23:25:15.615, 0, NVIDIA GeForce RTX 3080, 5853, 4199, 10240, 96, 98
2026/08/04 23:25:15.725, 0, NVIDIA GeForce RTX 3080, 5853, 4199, 10240, 96, 98
2026/08/04 23:25:15.835, 0, NVIDIA GeForce RTX 3080, 5853, 4199, 10240, 96, 98
2026/08/04 23:25:15.943, 0, NVIDIA GeForce RTX 3080, 5853, 4199, 10240, 96, 98
2026/08/04 23:25:16.053, 0, NVIDIA GeForce RTX 3080, 5853, 4199, 10240, 96, 98
2026/08/04 23:25:16.160, 0, NVIDIA GeForce RTX 3080, 5853, 4199, 10240, 97, 98
2026/08/04 23:25:16.269, 0, NVIDIA GeForce RTX 3080, 5853, 4199, 10240, 97, 98
2026/08/04 23:25:16.378, 0, NVIDIA GeForce RTX 3080, 5853, 4199, 10240, 97, 98
2026/08/04 23:25:16.487, 0, NVIDIA GeForce RTX 3080, 5853, 4199, 10240, 97, 98
2026/08/04 23:25:16.595, 0, NVIDIA GeForce RTX 3080, 5853, 4199, 10240, 97, 98
2026/08/04 23:25:16.705, 0, NVIDIA GeForce RTX 3080, 5853, 4199, 10240, 97, 98
2026/08/04 23:25:16.814, 0, NVIDIA GeForce RTX 3080, 5853, 4199, 10240, 97, 98
2026/08/04 23:25:16.924, 0, NVIDIA GeForce RTX 3080, 5853, 4199, 10240, 97, 98
2026/08/04 23:25:17.033, 0, NVIDIA GeForce RTX 3080, 5853, 4199, 10240, 97, 98
2026/08/04 23:25:17.141, 0, NVIDIA GeForce RTX 3080, 5853, 4199, 10240, 97, 98
2026/08/04 23:25:17.250, 0, NVIDIA GeForce RTX 3080, 5853, 4199, 10240, 97, 98
2026/08/04 23:25:17.359, 0, NVIDIA GeForce RTX 3080, 5853, 4199, 10240, 97, 98
2026/08/04 23:25:17.467, 0, NVIDIA GeForce RTX 3080, 5853, 4199, 10240, 97, 98
2026/08/04 23:25:17.577, 0, NVIDIA GeForce RTX 3080, 5853, 4199, 10240, 97, 98
2026/08/04 23:25:17.685, 0, NVIDIA GeForce RTX 3080, 5853, 4199, 10240, 94, 96
2026/08/04 23:25:17.795, 0, NVIDIA GeForce RTX 3080, 5853, 4199, 10240, 94, 96
2026/08/04 23:25:17.904, 0, NVIDIA GeForce RTX 3080, 5853, 4199, 10240, 94, 96
2026/08/04 23:25:18.012, 0, NVIDIA GeForce RTX 3080, 5853, 4199, 10240, 94, 96
2026/08/04 23:25:18.122, 0, NVIDIA GeForce RTX 3080, 5853, 4199, 10240, 97, 98
2026/08/04 23:25:18.231, 0, NVIDIA GeForce RTX 3080, 5853, 4199, 10240, 97, 98
2026/08/04 23:25:18.340, 0, NVIDIA GeForce RTX 3080, 5853, 4199, 10240, 97, 98
2026/08/04 23:25:18.450, 0, NVIDIA GeForce RTX 3080, 5853, 4199, 10240, 97, 98
2026/08/04 23:25:18.559, 0, NVIDIA GeForce RTX 3080, 5853, 4199, 10240, 97, 98
2026/08/04 23:25:18.667, 0, NVIDIA GeForce RTX 3080, 5853, 4199, 10240, 97, 98
2026/08/04 23:25:18.777, 0, NVIDIA GeForce RTX 3080, 5853, 4199, 10240, 97, 98
2026/08/04 23:25:18.885, 0, NVIDIA GeForce RTX 3080, 5853, 4199, 10240, 97, 98
2026/08/04 23:25:18.994, 0, NVIDIA GeForce RTX 3080, 5853, 4199, 10240, 97, 98
2026/08/04 23:25:19.104, 0, NVIDIA GeForce RTX 3080, 5853, 4199, 10240, 97, 98
2026/08/04 23:25:19.212, 0, NVIDIA GeForce RTX 3080, 5853, 4199, 10240, 97, 98
2026/08/04 23:25:19.321, 0, NVIDIA GeForce RTX 3080, 5853, 4199, 10240, 97, 98
2026/08/04 23:25:19.431, 0, NVIDIA GeForce RTX 3080, 5853, 4199, 10240, 97, 98
2026/08/04 23:25:19.540, 0, NVIDIA GeForce RTX 3080, 5853, 4199, 10240, 97, 98
2026/08/04 23:25:19.649, 0, NVIDIA GeForce RTX 3080, 5853, 4199, 10240, 97, 98
2026/08/04 23:25:19.758, 0, NVIDIA GeForce RTX 3080, 5853, 4199, 10240, 97, 98
2026/08/04 23:25:19.867, 0, NVIDIA GeForce RTX 3080, 5853, 4199, 10240, 97, 98
2026/08/04 23:25:19.976, 0, NVIDIA GeForce RTX 3080, 5853, 4199, 10240, 97, 98
2026/08/04 23:25:20.085, 0, NVIDIA GeForce RTX 3080, 5853, 4199, 10240, 97, 98
2026/08/04 23:25:20.195, 0, NVIDIA GeForce RTX 3080, 5853, 4199, 10240, 97, 97
2026/08/04 23:25:20.304, 0, NVIDIA GeForce RTX 3080, 5853, 4199, 10240, 97, 97
2026/08/04 23:25:20.412, 0, NVIDIA GeForce RTX 3080, 5853, 4199, 10240, 97, 97
2026/08/04 23:25:20.521, 0, NVIDIA GeForce RTX 3080, 5853, 4199, 10240, 97, 97
2026/08/04 23:25:20.631, 0, NVIDIA GeForce RTX 3080, 5853, 4199, 10240, 97, 98
2026/08/04 23:25:20.740, 0, NVIDIA GeForce RTX 3080, 5853, 4199, 10240, 97, 98
2026/08/04 23:25:20.849, 0, NVIDIA GeForce RTX 3080, 5853, 4199, 10240, 97, 98
2026/08/04 23:25:20.959, 0, NVIDIA GeForce RTX 3080, 5853, 4199, 10240, 97, 98
2026/08/04 23:25:21.067, 0, NVIDIA GeForce RTX 3080, 5853, 4199, 10240, 97, 98
2026/08/04 23:25:21.175, 0, NVIDIA GeForce RTX 3080, 5853, 4199, 10240, 96, 98
2026/08/04 23:25:21.283, 0, NVIDIA GeForce RTX 3080, 5853, 4199, 10240, 96, 98
2026/08/04 23:25:21.393, 0, NVIDIA GeForce RTX 3080, 5853, 4199, 10240, 96, 98
2026/08/04 23:25:21.502, 0, NVIDIA GeForce RTX 3080, 5853, 4199, 10240, 96, 98
2026/08/04 23:25:21.611, 0, NVIDIA GeForce RTX 3080, 5853, 4199, 10240, 96, 97
2026/08/04 23:25:21.721, 0, NVIDIA GeForce RTX 3080, 5853, 4199, 10240, 96, 97
2026/08/04 23:25:21.829, 0, NVIDIA GeForce RTX 3080, 5853, 4199, 10240, 96, 97
2026/08/04 23:25:21.938, 0, NVIDIA GeForce RTX 3080, 5853, 4199, 10240, 96, 97
2026/08/04 23:25:22.048, 0, NVIDIA GeForce RTX 3080, 5853, 4199, 10240, 96, 97
2026/08/04 23:25:22.158, 0, NVIDIA GeForce RTX 3080, 5853, 4199, 10240, 96, 98
2026/08/04 23:25:22.267, 0, NVIDIA GeForce RTX 3080, 5853, 4199, 10240, 96, 98
2026/08/04 23:25:22.376, 0, NVIDIA GeForce RTX 3080, 5853, 4199, 10240, 96, 98
2026/08/04 23:25:22.485, 0, NVIDIA GeForce RTX 3080, 5853, 4199, 10240, 96, 98
2026/08/04 23:25:22.594, 0, NVIDIA GeForce RTX 3080, 5853, 4199, 10240, 96, 98
2026/08/04 23:25:22.703, 0, NVIDIA GeForce RTX 3080, 5853, 4199, 10240, 96, 98
2026/08/04 23:25:22.812, 0, NVIDIA GeForce RTX 3080, 5853, 4199, 10240, 96, 98
2026/08/04 23:25:22.921, 0, NVIDIA GeForce RTX 3080, 5853, 4199, 10240, 96, 98
2026/08/04 23:25:23.031, 0, NVIDIA GeForce RTX 3080, 5853, 4199, 10240, 96, 98
2026/08/04 23:25:23.140, 0, NVIDIA GeForce RTX 3080, 5853, 4199, 10240, 96, 98
2026/08/04 23:25:23.249, 0, NVIDIA GeForce RTX 3080, 5853, 4199, 10240, 96, 98
2026/08/04 23:25:23.359, 0, NVIDIA GeForce RTX 3080, 5853, 4199, 10240, 96, 98
2026/08/04 23:25:23.468, 0, NVIDIA GeForce RTX 3080, 5853, 4199, 10240, 96, 98
2026/08/04 23:25:23.577, 0, NVIDIA GeForce RTX 3080, 5853, 4199, 10240, 96, 98
2026/08/04 23:25:23.686, 0, NVIDIA GeForce RTX 3080, 5853, 4199, 10240, 96, 98
2026/08/04 23:25:23.795, 0, NVIDIA GeForce RTX 3080, 5853, 4199, 10240, 96, 98
2026/08/04 23:25:23.904, 0, NVIDIA GeForce RTX 3080, 5853, 4199, 10240, 96, 98
2026/08/04 23:25:24.013, 0, NVIDIA GeForce RTX 3080, 5853, 4199, 10240, 96, 98
2026/08/04 23:25:24.122, 0, NVIDIA GeForce RTX 3080, 5853, 4199, 10240, 93, 95
2026/08/04 23:25:24.230, 0, NVIDIA GeForce RTX 3080, 5853, 4199, 10240, 93, 95
2026/08/04 23:25:24.338, 0, NVIDIA GeForce RTX 3080, 5853, 4199, 10240, 93, 95
2026/08/04 23:25:24.448, 0, NVIDIA GeForce RTX 3080, 5853, 4199, 10240, 93, 95
2026/08/04 23:25:24.556, 0, NVIDIA GeForce RTX 3080, 5853, 4199, 10240, 93, 95
2026/08/04 23:25:24.666, 0, NVIDIA GeForce RTX 3080, 5853, 4199, 10240, 96, 98
2026/08/04 23:25:24.776, 0, NVIDIA GeForce RTX 3080, 5853, 4199, 10240, 96, 98
2026/08/04 23:25:24.884, 0, NVIDIA GeForce RTX 3080, 5853, 4199, 10240, 96, 98
2026/08/04 23:25:24.994, 0, NVIDIA GeForce RTX 3080, 5853, 4199, 10240, 96, 98
2026/08/04 23:25:25.103, 0, NVIDIA GeForce RTX 3080, 5853, 4199, 10240, 96, 98
2026/08/04 23:25:25.211, 0, NVIDIA GeForce RTX 3080, 5853, 4199, 10240, 96, 98
2026/08/04 23:25:25.321, 0, NVIDIA GeForce RTX 3080, 5853, 4199, 10240, 96, 98
2026/08/04 23:25:25.430, 0, NVIDIA GeForce RTX 3080, 5853, 4199, 10240, 96, 98
2026/08/04 23:25:25.539, 0, NVIDIA GeForce RTX 3080, 5853, 4199, 10240, 96, 98
2026/08/04 23:25:25.649, 0, NVIDIA GeForce RTX 3080, 5853, 4199, 10240, 96, 97
2026/08/04 23:25:25.758, 0, NVIDIA GeForce RTX 3080, 5853, 4199, 10240, 96, 97
2026/08/04 23:25:25.866, 0, NVIDIA GeForce RTX 3080, 5853, 4199, 10240, 96, 97
2026/08/04 23:25:25.975, 0, NVIDIA GeForce RTX 3080, 5853, 4199, 10240, 96, 97
2026/08/04 23:25:26.084, 0, NVIDIA GeForce RTX 3080, 5853, 4199, 10240, 96, 97
2026/08/04 23:25:26.192, 0, NVIDIA GeForce RTX 3080, 5853, 4199, 10240, 96, 98
2026/08/04 23:25:26.301, 0, NVIDIA GeForce RTX 3080, 5853, 4199, 10240, 96, 98
2026/08/04 23:25:26.410, 0, NVIDIA GeForce RTX 3080, 5853, 4199, 10240, 96, 98
2026/08/04 23:25:26.520, 0, NVIDIA GeForce RTX 3080, 5853, 4199, 10240, 96, 98
2026/08/04 23:25:26.629, 0, NVIDIA GeForce RTX 3080, 5853, 4199, 10240, 96, 98
2026/08/04 23:25:26.738, 0, NVIDIA GeForce RTX 3080, 5853, 4199, 10240, 96, 98
2026/08/04 23:25:26.848, 0, NVIDIA GeForce RTX 3080, 5853, 4199, 10240, 96, 98
2026/08/04 23:25:26.956, 0, NVIDIA GeForce RTX 3080, 5853, 4199, 10240, 96, 98
2026/08/04 23:25:27.066, 0, NVIDIA GeForce RTX 3080, 5853, 4199, 10240, 96, 98
2026/08/04 23:25:27.174, 0, NVIDIA GeForce RTX 3080, 5853, 4199, 10240, 96, 98
2026/08/04 23:25:27.283, 0, NVIDIA GeForce RTX 3080, 5853, 4199, 10240, 96, 98
2026/08/04 23:25:27.392, 0, NVIDIA GeForce RTX 3080, 5853, 4199, 10240, 96, 98
2026/08/04 23:25:27.501, 0, NVIDIA GeForce RTX 3080, 5853, 4199, 10240, 96, 98
2026/08/04 23:25:27.610, 0, NVIDIA GeForce RTX 3080, 5853, 4199, 10240, 96, 98
2026/08/04 23:25:27.720, 0, NVIDIA GeForce RTX 3080, 5853, 4199, 10240, 96, 98
2026/08/04 23:25:27.829, 0, NVIDIA GeForce RTX 3080, 5853, 4199, 10240, 96, 98
2026/08/04 23:25:27.938, 0, NVIDIA GeForce RTX 3080, 5853, 4199, 10240, 96, 98
2026/08/04 23:25:28.048, 0, NVIDIA GeForce RTX 3080, 5853, 4199, 10240, 96, 98
2026/08/04 23:25:28.156, 0, NVIDIA GeForce RTX 3080, 5853, 4199, 10240, 96, 98
2026/08/04 23:25:28.265, 0, NVIDIA GeForce RTX 3080, 5853, 4199, 10240, 96, 98
2026/08/04 23:25:28.374, 0, NVIDIA GeForce RTX 3080, 5853, 4199, 10240, 96, 98
2026/08/04 23:25:28.482, 0, NVIDIA GeForce RTX 3080, 5853, 4199, 10240, 96, 98
2026/08/04 23:25:28.592, 0, NVIDIA GeForce RTX 3080, 5853, 4199, 10240, 96, 98
2026/08/04 23:25:28.700, 0, NVIDIA GeForce RTX 3080, 5853, 4199, 10240, 96, 98
2026/08/04 23:25:28.809, 0, NVIDIA GeForce RTX 3080, 5853, 4199, 10240, 96, 98
2026/08/04 23:25:28.918, 0, NVIDIA GeForce RTX 3080, 5853, 4199, 10240, 96, 98
2026/08/04 23:25:29.028, 0, NVIDIA GeForce RTX 3080, 5853, 4199, 10240, 96, 98
2026/08/04 23:25:29.137, 0, NVIDIA GeForce RTX 3080, 5853, 4199, 10240, 96, 98
2026/08/04 23:25:29.245, 0, NVIDIA GeForce RTX 3080, 5853, 4199, 10240, 96, 98
2026/08/04 23:25:29.354, 0, NVIDIA GeForce RTX 3080, 5853, 4199, 10240, 96, 98
2026/08/04 23:25:29.464, 0, NVIDIA GeForce RTX 3080, 5853, 4199, 10240, 96, 98
2026/08/04 23:25:29.573, 0, NVIDIA GeForce RTX 3080, 5853, 4199, 10240, 96, 98
2026/08/04 23:25:29.682, 0, NVIDIA GeForce RTX 3080, 5853, 4199, 10240, 96, 98
2026/08/04 23:25:29.791, 0, NVIDIA GeForce RTX 3080, 5853, 4199, 10240, 96, 98
2026/08/04 23:25:29.900, 0, NVIDIA GeForce RTX 3080, 5853, 4199, 10240, 96, 98
2026/08/04 23:25:30.008, 0, NVIDIA GeForce RTX 3080, 5853, 4199, 10240, 96, 98
2026/08/04 23:25:30.118, 0, NVIDIA GeForce RTX 3080, 5853, 4199, 10240, 96, 98
2026/08/04 23:25:30.227, 0, NVIDIA GeForce RTX 3080, 5853, 4199, 10240, 96, 98
2026/08/04 23:25:30.336, 0, NVIDIA GeForce RTX 3080, 5853, 4199, 10240, 96, 98
2026/08/04 23:25:30.446, 0, NVIDIA GeForce RTX 3080, 5853, 4199, 10240, 96, 98
2026/08/04 23:25:30.555, 0, NVIDIA GeForce RTX 3080, 5853, 4199, 10240, 96, 98
2026/08/04 23:25:30.664, 0, NVIDIA GeForce RTX 3080, 5853, 4199, 10240, 97, 98
2026/08/04 23:25:30.774, 0, NVIDIA GeForce RTX 3080, 5853, 4199, 10240, 97, 98
2026/08/04 23:25:30.883, 0, NVIDIA GeForce RTX 3080, 5853, 4199, 10240, 97, 98
2026/08/04 23:25:30.992, 0, NVIDIA GeForce RTX 3080, 5853, 4199, 10240, 97, 98
2026/08/04 23:25:31.101, 0, NVIDIA GeForce RTX 3080, 5853, 4199, 10240, 97, 98
2026/08/04 23:25:31.210, 0, NVIDIA GeForce RTX 3080, 5853, 4199, 10240, 97, 98
2026/08/04 23:25:31.319, 0, NVIDIA GeForce RTX 3080, 5853, 4199, 10240, 97, 98
2026/08/04 23:25:31.429, 0, NVIDIA GeForce RTX 3080, 5853, 4199, 10240, 97, 98
2026/08/04 23:25:31.538, 0, NVIDIA GeForce RTX 3080, 5853, 4199, 10240, 97, 98
2026/08/04 23:25:31.647, 0, NVIDIA GeForce RTX 3080, 5853, 4199, 10240, 97, 98
2026/08/04 23:25:31.756, 0, NVIDIA GeForce RTX 3080, 5853, 4199, 10240, 97, 98
2026/08/04 23:25:31.865, 0, NVIDIA GeForce RTX 3080, 5853, 4199, 10240, 97, 98
2026/08/04 23:25:31.974, 0, NVIDIA GeForce RTX 3080, 5853, 4199, 10240, 97, 98
2026/08/04 23:25:32.083, 0, NVIDIA GeForce RTX 3080, 5853, 4199, 10240, 97, 98
2026/08/04 23:25:32.206, 0, NVIDIA GeForce RTX 3080, 5853, 4199, 10240, 96, 97
2026/08/04 23:25:32.316, 0, NVIDIA GeForce RTX 3080, 5853, 4199, 10240, 96, 97
2026/08/04 23:25:32.425, 0, NVIDIA GeForce RTX 3080, 5853, 4199, 10240, 96, 97
2026/08/04 23:25:32.533, 0, NVIDIA GeForce RTX 3080, 5853, 4199, 10240, 96, 97
2026/08/04 23:25:32.643, 0, NVIDIA GeForce RTX 3080, 5853, 4199, 10240, 97, 98
2026/08/04 23:25:32.752, 0, NVIDIA GeForce RTX 3080, 5853, 4199, 10240, 97, 98
2026/08/04 23:25:32.861, 0, NVIDIA GeForce RTX 3080, 5853, 4199, 10240, 97, 98
2026/08/04 23:25:32.970, 0, NVIDIA GeForce RTX 3080, 5853, 4199, 10240, 97, 98
2026/08/04 23:25:33.079, 0, NVIDIA GeForce RTX 3080, 5853, 4199, 10240, 97, 98
2026/08/04 23:25:33.188, 0, NVIDIA GeForce RTX 3080, 5853, 4199, 10240, 97, 98
2026/08/04 23:25:33.297, 0, NVIDIA GeForce RTX 3080, 5853, 4199, 10240, 97, 98
2026/08/04 23:25:33.406, 0, NVIDIA GeForce RTX 3080, 5853, 4199, 10240, 97, 98
2026/08/04 23:25:33.516, 0, NVIDIA GeForce RTX 3080, 5853, 4199, 10240, 97, 98
2026/08/04 23:25:33.625, 0, NVIDIA GeForce RTX 3080, 5853, 4199, 10240, 97, 98
2026/08/04 23:25:33.734, 0, NVIDIA GeForce RTX 3080, 5853, 4199, 10240, 97, 98
2026/08/04 23:25:33.844, 0, NVIDIA GeForce RTX 3080, 5853, 4199, 10240, 97, 98
2026/08/04 23:25:33.954, 0, NVIDIA GeForce RTX 3080, 5853, 4199, 10240, 97, 98
2026/08/04 23:25:34.062, 0, NVIDIA GeForce RTX 3080, 5853, 4199, 10240, 97, 98
2026/08/04 23:25:34.171, 0, NVIDIA GeForce RTX 3080, 5853, 4199, 10240, 96, 98
2026/08/04 23:25:34.279, 0, NVIDIA GeForce RTX 3080, 5853, 4199, 10240, 96, 98
2026/08/04 23:25:34.388, 0, NVIDIA GeForce RTX 3080, 5853, 4199, 10240, 96, 98
2026/08/04 23:25:34.497, 0, NVIDIA GeForce RTX 3080, 5853, 4199, 10240, 96, 98
2026/08/04 23:25:34.607, 0, NVIDIA GeForce RTX 3080, 5853, 4199, 10240, 96, 98
2026/08/04 23:25:34.715, 0, NVIDIA GeForce RTX 3080, 5853, 4199, 10240, 96, 98
2026/08/04 23:25:34.824, 0, NVIDIA GeForce RTX 3080, 5853, 4199, 10240, 96, 98
2026/08/04 23:25:34.933, 0, NVIDIA GeForce RTX 3080, 5853, 4199, 10240, 96, 98
2026/08/04 23:25:35.042, 0, NVIDIA GeForce RTX 3080, 5853, 4199, 10240, 96, 98
2026/08/04 23:25:35.151, 0, NVIDIA GeForce RTX 3080, 5853, 4199, 10240, 96, 97
2026/08/04 23:25:35.260, 0, NVIDIA GeForce RTX 3080, 5853, 4199, 10240, 96, 97
2026/08/04 23:25:35.370, 0, NVIDIA GeForce RTX 3080, 5853, 4199, 10240, 96, 97
2026/08/04 23:25:35.479, 0, NVIDIA GeForce RTX 3080, 5853, 4199, 10240, 96, 97
2026/08/04 23:25:35.588, 0, NVIDIA GeForce RTX 3080, 5853, 4199, 10240, 96, 97
2026/08/04 23:25:35.698, 0, NVIDIA GeForce RTX 3080, 5853, 4199, 10240, 96, 98
2026/08/04 23:25:35.807, 0, NVIDIA GeForce RTX 3080, 5853, 4199, 10240, 96, 98
2026/08/04 23:25:35.916, 0, NVIDIA GeForce RTX 3080, 5853, 4199, 10240, 96, 98
2026/08/04 23:25:36.026, 0, NVIDIA GeForce RTX 3080, 5853, 4199, 10240, 96, 98
2026/08/04 23:25:36.134, 0, NVIDIA GeForce RTX 3080, 5853, 4199, 10240, 96, 98
2026/08/04 23:25:36.241, 0, NVIDIA GeForce RTX 3080, 5853, 4199, 10240, 96, 98
2026/08/04 23:25:36.350, 0, NVIDIA GeForce RTX 3080, 5853, 4199, 10240, 96, 98
2026/08/04 23:25:36.459, 0, NVIDIA GeForce RTX 3080, 5853, 4199, 10240, 96, 98
2026/08/04 23:25:36.569, 0, NVIDIA GeForce RTX 3080, 5853, 4199, 10240, 96, 98
2026/08/04 23:25:36.678, 0, NVIDIA GeForce RTX 3080, 5853, 4199, 10240, 96, 98
2026/08/04 23:25:36.786, 0, NVIDIA GeForce RTX 3080, 5853, 4199, 10240, 96, 98
2026/08/04 23:25:36.896, 0, NVIDIA GeForce RTX 3080, 5853, 4199, 10240, 96, 98
2026/08/04 23:25:37.005, 0, NVIDIA GeForce RTX 3080, 5853, 4199, 10240, 96, 98
2026/08/04 23:25:37.113, 0, NVIDIA GeForce RTX 3080, 5853, 4199, 10240, 94, 96
2026/08/04 23:25:37.222, 0, NVIDIA GeForce RTX 3080, 5853, 4199, 10240, 94, 96
2026/08/04 23:25:37.330, 0, NVIDIA GeForce RTX 3080, 5853, 4199, 10240, 94, 96
2026/08/04 23:25:37.440, 0, NVIDIA GeForce RTX 3080, 5853, 4199, 10240, 94, 96
2026/08/04 23:25:37.548, 0, NVIDIA GeForce RTX 3080, 5853, 4199, 10240, 94, 96
2026/08/04 23:25:37.657, 0, NVIDIA GeForce RTX 3080, 5853, 4199, 10240, 96, 97
2026/08/04 23:25:37.766, 0, NVIDIA GeForce RTX 3080, 5853, 4199, 10240, 96, 97
2026/08/04 23:25:37.875, 0, NVIDIA GeForce RTX 3080, 5853, 4199, 10240, 96, 97
2026/08/04 23:25:37.985, 0, NVIDIA GeForce RTX 3080, 5853, 4199, 10240, 96, 97
2026/08/04 23:25:38.094, 0, NVIDIA GeForce RTX 3080, 5853, 4199, 10240, 96, 97
2026/08/04 23:25:38.203, 0, NVIDIA GeForce RTX 3080, 5853, 4199, 10240, 96, 98
2026/08/04 23:25:38.313, 0, NVIDIA GeForce RTX 3080, 5853, 4199, 10240, 96, 98
2026/08/04 23:25:38.423, 0, NVIDIA GeForce RTX 3080, 5853, 4199, 10240, 96, 98
2026/08/04 23:25:38.531, 0, NVIDIA GeForce RTX 3080, 5853, 4199, 10240, 96, 98
2026/08/04 23:25:38.641, 0, NVIDIA GeForce RTX 3080, 5853, 4199, 10240, 94, 96
2026/08/04 23:25:38.750, 0, NVIDIA GeForce RTX 3080, 5853, 4199, 10240, 94, 96
2026/08/04 23:25:38.858, 0, NVIDIA GeForce RTX 3080, 5853, 4199, 10240, 94, 96
2026/08/04 23:25:38.968, 0, NVIDIA GeForce RTX 3080, 5853, 4199, 10240, 94, 96
2026/08/04 23:25:39.075, 0, NVIDIA GeForce RTX 3080, 5853, 4199, 10240, 94, 96
2026/08/04 23:25:39.184, 0, NVIDIA GeForce RTX 3080, 5853, 4199, 10240, 96, 98
2026/08/04 23:25:39.294, 0, NVIDIA GeForce RTX 3080, 5853, 4199, 10240, 96, 98
2026/08/04 23:25:39.402, 0, NVIDIA GeForce RTX 3080, 5853, 4199, 10240, 96, 98
2026/08/04 23:25:39.512, 0, NVIDIA GeForce RTX 3080, 5853, 4199, 10240, 96, 98
2026/08/04 23:25:39.622, 0, NVIDIA GeForce RTX 3080, 5853, 4199, 10240, 96, 98
2026/08/04 23:25:39.730, 0, NVIDIA GeForce RTX 3080, 5853, 4199, 10240, 96, 98
2026/08/04 23:25:39.840, 0, NVIDIA GeForce RTX 3080, 5853, 4199, 10240, 96, 98
2026/08/04 23:25:39.949, 0, NVIDIA GeForce RTX 3080, 5853, 4199, 10240, 96, 98
2026/08/04 23:25:40.057, 0, NVIDIA GeForce RTX 3080, 5853, 4199, 10240, 96, 98
2026/08/04 23:25:40.168, 0, NVIDIA GeForce RTX 3080, 5853, 4199, 10240, 96, 98
2026/08/04 23:25:40.277, 0, NVIDIA GeForce RTX 3080, 5853, 4199, 10240, 96, 98
2026/08/04 23:25:40.386, 0, NVIDIA GeForce RTX 3080, 5853, 4199, 10240, 96, 98
2026/08/04 23:25:40.494, 0, NVIDIA GeForce RTX 3080, 5853, 4199, 10240, 96, 98
2026/08/04 23:25:40.603, 0, NVIDIA GeForce RTX 3080, 5853, 4199, 10240, 96, 98
2026/08/04 23:25:40.713, 0, NVIDIA GeForce RTX 3080, 5853, 4199, 10240, 96, 98
2026/08/04 23:25:40.822, 0, NVIDIA GeForce RTX 3080, 5853, 4199, 10240, 96, 98
2026/08/04 23:25:40.931, 0, NVIDIA GeForce RTX 3080, 5853, 4199, 10240, 96, 98
2026/08/04 23:25:41.041, 0, NVIDIA GeForce RTX 3080, 5853, 4199, 10240, 96, 98
2026/08/04 23:25:41.149, 0, NVIDIA GeForce RTX 3080, 5853, 4199, 10240, 96, 98
2026/08/04 23:25:41.258, 0, NVIDIA GeForce RTX 3080, 5853, 4199, 10240, 96, 98
2026/08/04 23:25:41.367, 0, NVIDIA GeForce RTX 3080, 5853, 4199, 10240, 96, 98
2026/08/04 23:25:41.477, 0, NVIDIA GeForce RTX 3080, 5853, 4199, 10240, 96, 98
2026/08/04 23:25:41.585, 0, NVIDIA GeForce RTX 3080, 5853, 4199, 10240, 96, 98
2026/08/04 23:25:41.695, 0, NVIDIA GeForce RTX 3080, 5853, 4199, 10240, 96, 98
2026/08/04 23:25:41.804, 0, NVIDIA GeForce RTX 3080, 5853, 4199, 10240, 96, 98
2026/08/04 23:25:41.913, 0, NVIDIA GeForce RTX 3080, 5853, 4199, 10240, 96, 98
2026/08/04 23:25:42.023, 0, NVIDIA GeForce RTX 3080, 5853, 4199, 10240, 96, 98
2026/08/04 23:25:42.131, 0, NVIDIA GeForce RTX 3080, 5853, 4199, 10240, 96, 98
2026/08/04 23:25:42.255, 0, NVIDIA GeForce RTX 3080, 5853, 4199, 10240, 96, 98
2026/08/04 23:25:42.364, 0, NVIDIA GeForce RTX 3080, 5853, 4199, 10240, 96, 98
2026/08/04 23:25:42.473, 0, NVIDIA GeForce RTX 3080, 5853, 4199, 10240, 96, 98
2026/08/04 23:25:42.582, 0, NVIDIA GeForce RTX 3080, 5853, 4199, 10240, 96, 98
2026/08/04 23:25:42.691, 0, NVIDIA GeForce RTX 3080, 5853, 4199, 10240, 96, 98
2026/08/04 23:25:42.801, 0, NVIDIA GeForce RTX 3080, 5853, 4199, 10240, 96, 98
2026/08/04 23:25:42.909, 0, NVIDIA GeForce RTX 3080, 5853, 4199, 10240, 96, 98
2026/08/04 23:25:43.019, 0, NVIDIA GeForce RTX 3080, 5853, 4199, 10240, 96, 98
2026/08/04 23:25:43.128, 0, NVIDIA GeForce RTX 3080, 5853, 4199, 10240, 96, 98
2026/08/04 23:25:43.237, 0, NVIDIA GeForce RTX 3080, 5853, 4199, 10240, 96, 98
2026/08/04 23:25:43.347, 0, NVIDIA GeForce RTX 3080, 5853, 4199, 10240, 96, 98
2026/08/04 23:25:43.456, 0, NVIDIA GeForce RTX 3080, 5853, 4199, 10240, 96, 98
2026/08/04 23:25:43.564, 0, NVIDIA GeForce RTX 3080, 5853, 4199, 10240, 96, 98
2026/08/04 23:25:43.674, 0, NVIDIA GeForce RTX 3080, 5853, 4199, 10240, 97, 98
2026/08/04 23:25:43.783, 0, NVIDIA GeForce RTX 3080, 5853, 4199, 10240, 97, 98
2026/08/04 23:25:43.892, 0, NVIDIA GeForce RTX 3080, 5853, 4199, 10240, 97, 98
2026/08/04 23:25:44.002, 0, NVIDIA GeForce RTX 3080, 5853, 4199, 10240, 97, 98
2026/08/04 23:25:44.110, 0, NVIDIA GeForce RTX 3080, 5853, 4199, 10240, 96, 97
2026/08/04 23:25:44.220, 0, NVIDIA GeForce RTX 3080, 5853, 4199, 10240, 96, 97
2026/08/04 23:25:44.328, 0, NVIDIA GeForce RTX 3080, 5853, 4199, 10240, 96, 97
2026/08/04 23:25:44.436, 0, NVIDIA GeForce RTX 3080, 5853, 4199, 10240, 96, 97
2026/08/04 23:25:44.546, 0, NVIDIA GeForce RTX 3080, 5853, 4199, 10240, 96, 97
2026/08/04 23:25:44.654, 0, NVIDIA GeForce RTX 3080, 5853, 4199, 10240, 97, 98
2026/08/04 23:25:44.763, 0, NVIDIA GeForce RTX 3080, 5853, 4199, 10240, 97, 98
2026/08/04 23:25:44.873, 0, NVIDIA GeForce RTX 3080, 5853, 4199, 10240, 97, 98
2026/08/04 23:25:44.981, 0, NVIDIA GeForce RTX 3080, 5853, 4199, 10240, 97, 98
2026/08/04 23:25:45.092, 0, NVIDIA GeForce RTX 3080, 5853, 4199, 10240, 97, 98
2026/08/04 23:25:45.201, 0, NVIDIA GeForce RTX 3080, 5853, 4199, 10240, 94, 96
2026/08/04 23:25:45.309, 0, NVIDIA GeForce RTX 3080, 5853, 4199, 10240, 94, 96
2026/08/04 23:25:45.418, 0, NVIDIA GeForce RTX 3080, 5853, 4199, 10240, 94, 96
2026/08/04 23:25:45.528, 0, NVIDIA GeForce RTX 3080, 5853, 4199, 10240, 94, 96
2026/08/04 23:25:45.637, 0, NVIDIA GeForce RTX 3080, 5853, 4199, 10240, 97, 98
2026/08/04 23:25:45.746, 0, NVIDIA GeForce RTX 3080, 5853, 4199, 10240, 97, 98
2026/08/04 23:25:45.856, 0, NVIDIA GeForce RTX 3080, 5853, 4199, 10240, 97, 98
2026/08/04 23:25:45.964, 0, NVIDIA GeForce RTX 3080, 5853, 4199, 10240, 97, 98
2026/08/04 23:25:46.074, 0, NVIDIA GeForce RTX 3080, 5853, 4199, 10240, 97, 98
2026/08/04 23:25:46.182, 0, NVIDIA GeForce RTX 3080, 5853, 4199, 10240, 96, 98
2026/08/04 23:25:46.290, 0, NVIDIA GeForce RTX 3080, 5853, 4199, 10240, 96, 98
2026/08/04 23:25:46.399, 0, NVIDIA GeForce RTX 3080, 5853, 4199, 10240, 96, 98
2026/08/04 23:25:46.508, 0, NVIDIA GeForce RTX 3080, 5853, 4199, 10240, 96, 98
2026/08/04 23:25:46.618, 0, NVIDIA GeForce RTX 3080, 5853, 4199, 10240, 97, 98
2026/08/04 23:25:46.727, 0, NVIDIA GeForce RTX 3080, 5853, 4199, 10240, 97, 98
2026/08/04 23:25:46.836, 0, NVIDIA GeForce RTX 3080, 5853, 4199, 10240, 97, 98
2026/08/04 23:25:46.945, 0, NVIDIA GeForce RTX 3080, 5853, 4199, 10240, 97, 98
2026/08/04 23:25:47.054, 0, NVIDIA GeForce RTX 3080, 5853, 4199, 10240, 97, 98
2026/08/04 23:25:47.163, 0, NVIDIA GeForce RTX 3080, 5853, 4199, 10240, 96, 98
2026/08/04 23:25:47.272, 0, NVIDIA GeForce RTX 3080, 5853, 4199, 10240, 96, 98
2026/08/04 23:25:47.381, 0, NVIDIA GeForce RTX 3080, 5853, 4199, 10240, 96, 98
2026/08/04 23:25:47.491, 0, NVIDIA GeForce RTX 3080, 5853, 4199, 10240, 96, 98
2026/08/04 23:25:47.600, 0, NVIDIA GeForce RTX 3080, 5853, 4199, 10240, 96, 98
2026/08/04 23:25:47.709, 0, NVIDIA GeForce RTX 3080, 5853, 4199, 10240, 97, 97
2026/08/04 23:25:47.818, 0, NVIDIA GeForce RTX 3080, 5853, 4199, 10240, 97, 97
2026/08/04 23:25:47.928, 0, NVIDIA GeForce RTX 3080, 5853, 4199, 10240, 97, 97
2026/08/04 23:25:48.037, 0, NVIDIA GeForce RTX 3080, 5853, 4199, 10240, 97, 97
2026/08/04 23:25:48.146, 0, NVIDIA GeForce RTX 3080, 5853, 4199, 10240, 97, 98
2026/08/04 23:25:48.256, 0, NVIDIA GeForce RTX 3080, 5853, 4199, 10240, 97, 98
2026/08/04 23:25:48.363, 0, NVIDIA GeForce RTX 3080, 5853, 4199, 10240, 97, 98
2026/08/04 23:25:48.472, 0, NVIDIA GeForce RTX 3080, 5853, 4199, 10240, 97, 98
2026/08/04 23:25:48.581, 0, NVIDIA GeForce RTX 3080, 5853, 4199, 10240, 97, 98
2026/08/04 23:25:48.691, 0, NVIDIA GeForce RTX 3080, 5853, 4199, 10240, 96, 98
2026/08/04 23:25:48.800, 0, NVIDIA GeForce RTX 3080, 5853, 4199, 10240, 96, 98
2026/08/04 23:25:48.909, 0, NVIDIA GeForce RTX 3080, 5853, 4199, 10240, 96, 98
2026/08/04 23:25:49.019, 0, NVIDIA GeForce RTX 3080, 5853, 4199, 10240, 96, 98
2026/08/04 23:25:49.129, 0, NVIDIA GeForce RTX 3080, 5853, 4199, 10240, 96, 98
2026/08/04 23:25:49.238, 0, NVIDIA GeForce RTX 3080, 5853, 4199, 10240, 96, 98
2026/08/04 23:25:49.347, 0, NVIDIA GeForce RTX 3080, 5853, 4199, 10240, 96, 98
2026/08/04 23:25:49.457, 0, NVIDIA GeForce RTX 3080, 5853, 4199, 10240, 96, 98
2026/08/04 23:25:49.565, 0, NVIDIA GeForce RTX 3080, 5853, 4199, 10240, 96, 98
2026/08/04 23:25:49.674, 0, NVIDIA GeForce RTX 3080, 5853, 4199, 10240, 97, 98
2026/08/04 23:25:49.783, 0, NVIDIA GeForce RTX 3080, 5853, 4199, 10240, 97, 98
2026/08/04 23:25:49.892, 0, NVIDIA GeForce RTX 3080, 5853, 4199, 10240, 97, 98
2026/08/04 23:25:50.002, 0, NVIDIA GeForce RTX 3080, 5853, 4199, 10240, 97, 98
2026/08/04 23:25:50.110, 0, NVIDIA GeForce RTX 3080, 5853, 4199, 10240, 92, 95
2026/08/04 23:25:50.219, 0, NVIDIA GeForce RTX 3080, 5853, 4199, 10240, 92, 95
2026/08/04 23:25:50.325, 0, NVIDIA GeForce RTX 3080, 5853, 4199, 10240, 92, 95
2026/08/04 23:25:50.434, 0, NVIDIA GeForce RTX 3080, 5853, 4199, 10240, 92, 95
2026/08/04 23:25:50.543, 0, NVIDIA GeForce RTX 3080, 5853, 4199, 10240, 92, 95
2026/08/04 23:25:50.652, 0, NVIDIA GeForce RTX 3080, 5853, 4199, 10240, 96, 98
2026/08/04 23:25:50.762, 0, NVIDIA GeForce RTX 3080, 5853, 4199, 10240, 96, 98
2026/08/04 23:25:50.871, 0, NVIDIA GeForce RTX 3080, 5853, 4199, 10240, 96, 98
2026/08/04 23:25:50.980, 0, NVIDIA GeForce RTX 3080, 5853, 4199, 10240, 96, 98
2026/08/04 23:25:51.090, 0, NVIDIA GeForce RTX 3080, 5853, 4199, 10240, 96, 98
2026/08/04 23:25:51.198, 0, NVIDIA GeForce RTX 3080, 5853, 4199, 10240, 96, 98
2026/08/04 23:25:51.307, 0, NVIDIA GeForce RTX 3080, 5853, 4199, 10240, 96, 98
2026/08/04 23:25:51.416, 0, NVIDIA GeForce RTX 3080, 5853, 4199, 10240, 96, 98
2026/08/04 23:25:51.525, 0, NVIDIA GeForce RTX 3080, 5853, 4199, 10240, 96, 98
2026/08/04 23:25:51.634, 0, NVIDIA GeForce RTX 3080, 5853, 4199, 10240, 95, 97
2026/08/04 23:25:51.743, 0, NVIDIA GeForce RTX 3080, 5853, 4199, 10240, 95, 97
2026/08/04 23:25:51.852, 0, NVIDIA GeForce RTX 3080, 5853, 4199, 10240, 95, 97
2026/08/04 23:25:51.962, 0, NVIDIA GeForce RTX 3080, 5853, 4199, 10240, 95, 97
2026/08/04 23:25:52.071, 0, NVIDIA GeForce RTX 3080, 5853, 4199, 10240, 95, 97
2026/08/04 23:25:52.180, 0, NVIDIA GeForce RTX 3080, 5853, 4199, 10240, 96, 98
2026/08/04 23:25:52.304, 0, NVIDIA GeForce RTX 3080, 5853, 4199, 10240, 96, 98
2026/08/04 23:25:52.413, 0, NVIDIA GeForce RTX 3080, 5853, 4199, 10240, 96, 98
2026/08/04 23:25:52.522, 0, NVIDIA GeForce RTX 3080, 5853, 4199, 10240, 96, 98
2026/08/04 23:25:52.631, 0, NVIDIA GeForce RTX 3080, 5853, 4199, 10240, 96, 98
2026/08/04 23:25:52.741, 0, NVIDIA GeForce RTX 3080, 5853, 4199, 10240, 96, 98
2026/08/04 23:25:52.850, 0, NVIDIA GeForce RTX 3080, 5853, 4199, 10240, 96, 98
2026/08/04 23:25:52.959, 0, NVIDIA GeForce RTX 3080, 5853, 4199, 10240, 96, 98
2026/08/04 23:25:53.069, 0, NVIDIA GeForce RTX 3080, 5853, 4199, 10240, 96, 98
2026/08/04 23:25:53.179, 0, NVIDIA GeForce RTX 3080, 5853, 4199, 10240, 96, 98
2026/08/04 23:25:53.288, 0, NVIDIA GeForce RTX 3080, 5853, 4199, 10240, 96, 98
2026/08/04 23:25:53.397, 0, NVIDIA GeForce RTX 3080, 5853, 4199, 10240, 96, 98
2026/08/04 23:25:53.506, 0, NVIDIA GeForce RTX 3080, 5853, 4199, 10240, 96, 98
2026/08/04 23:25:53.615, 0, NVIDIA GeForce RTX 3080, 5853, 4199, 10240, 96, 98
2026/08/04 23:25:53.724, 0, NVIDIA GeForce RTX 3080, 5853, 4199, 10240, 96, 98
2026/08/04 23:25:53.833, 0, NVIDIA GeForce RTX 3080, 5853, 4199, 10240, 96, 98
2026/08/04 23:25:53.942, 0, NVIDIA GeForce RTX 3080, 5853, 4199, 10240, 96, 98
2026/08/04 23:25:54.052, 0, NVIDIA GeForce RTX 3080, 5853, 4199, 10240, 96, 98
2026/08/04 23:25:54.161, 0, NVIDIA GeForce RTX 3080, 5853, 4199, 10240, 96, 98
2026/08/04 23:25:54.270, 0, NVIDIA GeForce RTX 3080, 5853, 4199, 10240, 96, 98
2026/08/04 23:25:54.376, 0, NVIDIA GeForce RTX 3080, 5853, 4199, 10240, 96, 98
2026/08/04 23:25:54.485, 0, NVIDIA GeForce RTX 3080, 5853, 4199, 10240, 96, 98
2026/08/04 23:25:54.595, 0, NVIDIA GeForce RTX 3080, 5853, 4199, 10240, 96, 98
2026/08/04 23:25:54.704, 0, NVIDIA GeForce RTX 3080, 5853, 4199, 10240, 96, 97
2026/08/04 23:25:54.814, 0, NVIDIA GeForce RTX 3080, 5853, 4199, 10240, 96, 97
2026/08/04 23:25:54.923, 0, NVIDIA GeForce RTX 3080, 5853, 4199, 10240, 96, 97
2026/08/04 23:25:55.032, 0, NVIDIA GeForce RTX 3080, 5853, 4199, 10240, 96, 97
2026/08/04 23:25:55.142, 0, NVIDIA GeForce RTX 3080, 5853, 4199, 10240, 96, 98
2026/08/04 23:25:55.251, 0, NVIDIA GeForce RTX 3080, 5853, 4199, 10240, 96, 98
2026/08/04 23:25:55.360, 0, NVIDIA GeForce RTX 3080, 5853, 4199, 10240, 96, 98
2026/08/04 23:25:55.470, 0, NVIDIA GeForce RTX 3080, 5853, 4199, 10240, 96, 98
2026/08/04 23:25:55.578, 0, NVIDIA GeForce RTX 3080, 5853, 4199, 10240, 96, 98
2026/08/04 23:25:55.687, 0, NVIDIA GeForce RTX 3080, 5853, 4199, 10240, 96, 98
2026/08/04 23:25:55.797, 0, NVIDIA GeForce RTX 3080, 5853, 4199, 10240, 96, 98
2026/08/04 23:25:55.906, 0, NVIDIA GeForce RTX 3080, 5853, 4199, 10240, 96, 98
2026/08/04 23:25:56.015, 0, NVIDIA GeForce RTX 3080, 5853, 4199, 10240, 96, 98
2026/08/04 23:25:56.124, 0, NVIDIA GeForce RTX 3080, 5853, 4199, 10240, 96, 98
2026/08/04 23:25:56.233, 0, NVIDIA GeForce RTX 3080, 5853, 4199, 10240, 96, 98
2026/08/04 23:25:56.339, 0, NVIDIA GeForce RTX 3080, 5853, 4199, 10240, 96, 98
2026/08/04 23:25:56.449, 0, NVIDIA GeForce RTX 3080, 5853, 4199, 10240, 96, 98
2026/08/04 23:25:56.557, 0, NVIDIA GeForce RTX 3080, 5853, 4199, 10240, 96, 98
2026/08/04 23:25:56.667, 0, NVIDIA GeForce RTX 3080, 5853, 4199, 10240, 96, 98
2026/08/04 23:25:56.776, 0, NVIDIA GeForce RTX 3080, 5853, 4199, 10240, 96, 98
2026/08/04 23:25:56.884, 0, NVIDIA GeForce RTX 3080, 5853, 4199, 10240, 96, 98
2026/08/04 23:25:56.994, 0, NVIDIA GeForce RTX 3080, 5853, 4199, 10240, 96, 98
2026/08/04 23:25:57.102, 0, NVIDIA GeForce RTX 3080, 5853, 4199, 10240, 96, 98
2026/08/04 23:25:57.212, 0, NVIDIA GeForce RTX 3080, 5853, 4199, 10240, 96, 98
2026/08/04 23:25:57.322, 0, NVIDIA GeForce RTX 3080, 5853, 4199, 10240, 96, 98
2026/08/04 23:25:57.430, 0, NVIDIA GeForce RTX 3080, 5853, 4199, 10240, 96, 98
2026/08/04 23:25:57.539, 0, NVIDIA GeForce RTX 3080, 5853, 4199, 10240, 96, 98
2026/08/04 23:25:57.649, 0, NVIDIA GeForce RTX 3080, 5853, 4199, 10240, 96, 98
2026/08/04 23:25:57.757, 0, NVIDIA GeForce RTX 3080, 5853, 4199, 10240, 96, 98
2026/08/04 23:25:57.867, 0, NVIDIA GeForce RTX 3080, 5853, 4199, 10240, 96, 98
2026/08/04 23:25:57.977, 0, NVIDIA GeForce RTX 3080, 5853, 4199, 10240, 96, 98
2026/08/04 23:25:58.085, 0, NVIDIA GeForce RTX 3080, 5853, 4199, 10240, 96, 98
2026/08/04 23:25:58.195, 0, NVIDIA GeForce RTX 3080, 5853, 4199, 10240, 94, 96
2026/08/04 23:25:58.305, 0, NVIDIA GeForce RTX 3080, 5853, 4199, 10240, 94, 96
2026/08/04 23:25:58.411, 0, NVIDIA GeForce RTX 3080, 5853, 4199, 10240, 94, 96
2026/08/04 23:25:58.520, 0, NVIDIA GeForce RTX 3080, 5853, 4199, 10240, 94, 96
2026/08/04 23:25:58.629, 0, NVIDIA GeForce RTX 3080, 5853, 4199, 10240, 96, 98
2026/08/04 23:25:58.739, 0, NVIDIA GeForce RTX 3080, 5853, 4199, 10240, 96, 98
2026/08/04 23:25:58.849, 0, NVIDIA GeForce RTX 3080, 5853, 4199, 10240, 96, 98
2026/08/04 23:25:58.957, 0, NVIDIA GeForce RTX 3080, 5853, 4199, 10240, 96, 98
2026/08/04 23:25:59.067, 0, NVIDIA GeForce RTX 3080, 5853, 4199, 10240, 96, 98
2026/08/04 23:25:59.177, 0, NVIDIA GeForce RTX 3080, 5853, 4199, 10240, 96, 98
2026/08/04 23:25:59.286, 0, NVIDIA GeForce RTX 3080, 5853, 4199, 10240, 96, 98
2026/08/04 23:25:59.395, 0, NVIDIA GeForce RTX 3080, 5853, 4199, 10240, 96, 98
2026/08/04 23:25:59.505, 0, NVIDIA GeForce RTX 3080, 5853, 4199, 10240, 96, 98
2026/08/04 23:25:59.613, 0, NVIDIA GeForce RTX 3080, 5853, 4199, 10240, 96, 98
2026/08/04 23:25:59.722, 0, NVIDIA GeForce RTX 3080, 5853, 4199, 10240, 96, 98
2026/08/04 23:25:59.831, 0, NVIDIA GeForce RTX 3080, 5853, 4199, 10240, 96, 98
2026/08/04 23:25:59.940, 0, NVIDIA GeForce RTX 3080, 5853, 4199, 10240, 96, 98
2026/08/04 23:26:00.050, 0, NVIDIA GeForce RTX 3080, 5853, 4199, 10240, 96, 98
2026/08/04 23:26:00.159, 0, NVIDIA GeForce RTX 3080, 5853, 4199, 10240, 97, 98
2026/08/04 23:26:00.268, 0, NVIDIA GeForce RTX 3080, 5853, 4199, 10240, 97, 98
2026/08/04 23:26:00.374, 0, NVIDIA GeForce RTX 3080, 5853, 4199, 10240, 97, 98
2026/08/04 23:26:00.483, 0, NVIDIA GeForce RTX 3080, 5853, 4199, 10240, 97, 98
2026/08/04 23:26:00.593, 0, NVIDIA GeForce RTX 3080, 5853, 4199, 10240, 97, 98
2026/08/04 23:26:00.702, 0, NVIDIA GeForce RTX 3080, 5853, 4199, 10240, 97, 98
2026/08/04 23:26:00.810, 0, NVIDIA GeForce RTX 3080, 5853, 4199, 10240, 97, 98
2026/08/04 23:26:00.920, 0, NVIDIA GeForce RTX 3080, 5853, 4199, 10240, 97, 98
2026/08/04 23:26:01.029, 0, NVIDIA GeForce RTX 3080, 5853, 4199, 10240, 97, 98
2026/08/04 23:26:01.138, 0, NVIDIA GeForce RTX 3080, 5853, 4199, 10240, 97, 98
2026/08/04 23:26:01.247, 0, NVIDIA GeForce RTX 3080, 5853, 4199, 10240, 97, 98
2026/08/04 23:26:01.356, 0, NVIDIA GeForce RTX 3080, 5853, 4199, 10240, 97, 98
2026/08/04 23:26:01.465, 0, NVIDIA GeForce RTX 3080, 5853, 4199, 10240, 97, 98
2026/08/04 23:26:01.574, 0, NVIDIA GeForce RTX 3080, 5853, 4199, 10240, 97, 98
2026/08/04 23:26:01.683, 0, NVIDIA GeForce RTX 3080, 5853, 4199, 10240, 97, 98
2026/08/04 23:26:01.792, 0, NVIDIA GeForce RTX 3080, 5853, 4199, 10240, 97, 98
2026/08/04 23:26:01.901, 0, NVIDIA GeForce RTX 3080, 5853, 4199, 10240, 97, 98
2026/08/04 23:26:02.010, 0, NVIDIA GeForce RTX 3080, 5853, 4199, 10240, 97, 98
2026/08/04 23:26:02.119, 0, NVIDIA GeForce RTX 3080, 5853, 4199, 10240, 97, 98
2026/08/04 23:26:02.228, 0, NVIDIA GeForce RTX 3080, 5853, 4199, 10240, 97, 98
2026/08/04 23:26:02.336, 0, NVIDIA GeForce RTX 3080, 5853, 4199, 10240, 97, 98
2026/08/04 23:26:02.446, 0, NVIDIA GeForce RTX 3080, 5853, 4199, 10240, 97, 98
2026/08/04 23:26:02.555, 0, NVIDIA GeForce RTX 3080, 5853, 4199, 10240, 97, 98
2026/08/04 23:26:02.665, 0, NVIDIA GeForce RTX 3080, 5853, 4199, 10240, 97, 98
2026/08/04 23:26:02.774, 0, NVIDIA GeForce RTX 3080, 5853, 4199, 10240, 97, 98
2026/08/04 23:26:02.882, 0, NVIDIA GeForce RTX 3080, 5853, 4199, 10240, 97, 98
2026/08/04 23:26:02.992, 0, NVIDIA GeForce RTX 3080, 5853, 4199, 10240, 97, 98
2026/08/04 23:26:03.100, 0, NVIDIA GeForce RTX 3080, 5853, 4199, 10240, 97, 98
2026/08/04 23:26:03.209, 0, NVIDIA GeForce RTX 3080, 5853, 4199, 10240, 96, 98
2026/08/04 23:26:03.319, 0, NVIDIA GeForce RTX 3080, 5853, 4199, 10240, 96, 98
2026/08/04 23:26:03.427, 0, NVIDIA GeForce RTX 3080, 5853, 4199, 10240, 96, 98
2026/08/04 23:26:03.537, 0, NVIDIA GeForce RTX 3080, 5853, 4199, 10240, 96, 98
2026/08/04 23:26:03.647, 0, NVIDIA GeForce RTX 3080, 5853, 4199, 10240, 97, 98
2026/08/04 23:26:03.755, 0, NVIDIA GeForce RTX 3080, 5853, 4199, 10240, 97, 98
2026/08/04 23:26:03.865, 0, NVIDIA GeForce RTX 3080, 5853, 4199, 10240, 97, 98
2026/08/04 23:26:03.973, 0, NVIDIA GeForce RTX 3080, 5853, 4199, 10240, 97, 98
2026/08/04 23:26:04.082, 0, NVIDIA GeForce RTX 3080, 5853, 4199, 10240, 97, 98
2026/08/04 23:26:04.192, 0, NVIDIA GeForce RTX 3080, 5853, 4199, 10240, 96, 97
2026/08/04 23:26:04.300, 0, NVIDIA GeForce RTX 3080, 5853, 4199, 10240, 96, 97
2026/08/04 23:26:04.409, 0, NVIDIA GeForce RTX 3080, 5853, 4199, 10240, 96, 97
2026/08/04 23:26:04.519, 0, NVIDIA GeForce RTX 3080, 5853, 4199, 10240, 96, 97
2026/08/04 23:26:04.628, 0, NVIDIA GeForce RTX 3080, 5853, 4199, 10240, 97, 98
2026/08/04 23:26:04.736, 0, NVIDIA GeForce RTX 3080, 5853, 4199, 10240, 97, 98
2026/08/04 23:26:04.846, 0, NVIDIA GeForce RTX 3080, 5853, 4199, 10240, 97, 98
2026/08/04 23:26:04.955, 0, NVIDIA GeForce RTX 3080, 5853, 4199, 10240, 97, 98
2026/08/04 23:26:05.064, 0, NVIDIA GeForce RTX 3080, 5853, 4199, 10240, 97, 98
2026/08/04 23:26:05.174, 0, NVIDIA GeForce RTX 3080, 5853, 4199, 10240, 96, 97
2026/08/04 23:26:05.282, 0, NVIDIA GeForce RTX 3080, 5853, 4199, 10240, 96, 97
2026/08/04 23:26:05.391, 0, NVIDIA GeForce RTX 3080, 5853, 4199, 10240, 96, 97
2026/08/04 23:26:05.500, 0, NVIDIA GeForce RTX 3080, 5853, 4199, 10240, 96, 97
2026/08/04 23:26:05.610, 0, NVIDIA GeForce RTX 3080, 5853, 4199, 10240, 96, 98
2026/08/04 23:26:05.720, 0, NVIDIA GeForce RTX 3080, 5853, 4199, 10240, 96, 98
2026/08/04 23:26:05.828, 0, NVIDIA GeForce RTX 3080, 5853, 4199, 10240, 96, 98
2026/08/04 23:26:05.938, 0, NVIDIA GeForce RTX 3080, 5853, 4199, 10240, 96, 98
2026/08/04 23:26:06.047, 0, NVIDIA GeForce RTX 3080, 5853, 4199, 10240, 96, 98
2026/08/04 23:26:06.156, 0, NVIDIA GeForce RTX 3080, 5853, 4199, 10240, 96, 98
2026/08/04 23:26:06.266, 0, NVIDIA GeForce RTX 3080, 5853, 4199, 10240, 96, 98
2026/08/04 23:26:06.372, 0, NVIDIA GeForce RTX 3080, 5853, 4199, 10240, 96, 98
2026/08/04 23:26:06.481, 0, NVIDIA GeForce RTX 3080, 5853, 4199, 10240, 96, 98
2026/08/04 23:26:06.591, 0, NVIDIA GeForce RTX 3080, 5853, 4199, 10240, 96, 98
2026/08/04 23:26:06.700, 0, NVIDIA GeForce RTX 3080, 5853, 4199, 10240, 96, 98
2026/08/04 23:26:06.809, 0, NVIDIA GeForce RTX 3080, 5853, 4199, 10240, 96, 98
2026/08/04 23:26:06.919, 0, NVIDIA GeForce RTX 3080, 5853, 4199, 10240, 96, 98
2026/08/04 23:26:07.028, 0, NVIDIA GeForce RTX 3080, 5853, 4199, 10240, 96, 98
2026/08/04 23:26:07.136, 0, NVIDIA GeForce RTX 3080, 5853, 4199, 10240, 96, 98
2026/08/04 23:26:07.246, 0, NVIDIA GeForce RTX 3080, 5853, 4199, 10240, 96, 98
2026/08/04 23:26:07.355, 0, NVIDIA GeForce RTX 3080, 5853, 4199, 10240, 96, 98
2026/08/04 23:26:07.464, 0, NVIDIA GeForce RTX 3080, 5853, 4199, 10240, 96, 98
2026/08/04 23:26:07.574, 0, NVIDIA GeForce RTX 3080, 5853, 4199, 10240, 96, 98
2026/08/04 23:26:07.683, 0, NVIDIA GeForce RTX 3080, 5853, 4199, 10240, 96, 98
2026/08/04 23:26:07.792, 0, NVIDIA GeForce RTX 3080, 5853, 4199, 10240, 96, 98
2026/08/04 23:26:07.901, 0, NVIDIA GeForce RTX 3080, 5853, 4199, 10240, 96, 98
2026/08/04 23:26:08.010, 0, NVIDIA GeForce RTX 3080, 5853, 4199, 10240, 96, 98
2026/08/04 23:26:08.119, 0, NVIDIA GeForce RTX 3080, 5853, 4199, 10240, 96, 98
2026/08/04 23:26:08.228, 0, NVIDIA GeForce RTX 3080, 5853, 4199, 10240, 96, 98
2026/08/04 23:26:08.338, 0, NVIDIA GeForce RTX 3080, 5853, 4199, 10240, 96, 98
2026/08/04 23:26:08.445, 0, NVIDIA GeForce RTX 3080, 5853, 4199, 10240, 96, 98
2026/08/04 23:26:08.554, 0, NVIDIA GeForce RTX 3080, 5853, 4199, 10240, 96, 98
2026/08/04 23:26:08.663, 0, NVIDIA GeForce RTX 3080, 5853, 4199, 10240, 96, 98
2026/08/04 23:26:08.772, 0, NVIDIA GeForce RTX 3080, 5853, 4199, 10240, 96, 98
2026/08/04 23:26:08.880, 0, NVIDIA GeForce RTX 3080, 5853, 4199, 10240, 96, 98
2026/08/04 23:26:08.990, 0, NVIDIA GeForce RTX 3080, 5853, 4199, 10240, 96, 98
2026/08/04 23:26:09.099, 0, NVIDIA GeForce RTX 3080, 5853, 4199, 10240, 96, 98
2026/08/04 23:26:09.208, 0, NVIDIA GeForce RTX 3080, 5853, 4199, 10240, 96, 98
2026/08/04 23:26:09.318, 0, NVIDIA GeForce RTX 3080, 5853, 4199, 10240, 96, 98
2026/08/04 23:26:09.427, 0, NVIDIA GeForce RTX 3080, 5853, 4199, 10240, 96, 98
2026/08/04 23:26:09.536, 0, NVIDIA GeForce RTX 3080, 5853, 4199, 10240, 96, 98
2026/08/04 23:26:09.646, 0, NVIDIA GeForce RTX 3080, 5853, 4199, 10240, 96, 98
2026/08/04 23:26:09.754, 0, NVIDIA GeForce RTX 3080, 5853, 4199, 10240, 96, 98
2026/08/04 23:26:09.864, 0, NVIDIA GeForce RTX 3080, 5853, 4199, 10240, 96, 98
2026/08/04 23:26:09.974, 0, NVIDIA GeForce RTX 3080, 5853, 4199, 10240, 96, 98
2026/08/04 23:26:10.082, 0, NVIDIA GeForce RTX 3080, 5853, 4199, 10240, 96, 98
2026/08/04 23:26:10.192, 0, NVIDIA GeForce RTX 3080, 5853, 4199, 10240, 96, 98
2026/08/04 23:26:10.301, 0, NVIDIA GeForce RTX 3080, 5853, 4199, 10240, 96, 98
2026/08/04 23:26:10.407, 0, NVIDIA GeForce RTX 3080, 5853, 4199, 10240, 96, 98
2026/08/04 23:26:10.517, 0, NVIDIA GeForce RTX 3080, 5853, 4199, 10240, 96, 98
2026/08/04 23:26:10.625, 0, NVIDIA GeForce RTX 3080, 5853, 4199, 10240, 96, 98
2026/08/04 23:26:10.735, 0, NVIDIA GeForce RTX 3080, 5853, 4199, 10240, 96, 98
2026/08/04 23:26:10.845, 0, NVIDIA GeForce RTX 3080, 5853, 4199, 10240, 96, 98
2026/08/04 23:26:10.953, 0, NVIDIA GeForce RTX 3080, 5853, 4199, 10240, 96, 98
2026/08/04 23:26:11.063, 0, NVIDIA GeForce RTX 3080, 5853, 4199, 10240, 96, 98
2026/08/04 23:26:11.171, 0, NVIDIA GeForce RTX 3080, 5853, 4199, 10240, 96, 98
2026/08/04 23:26:11.279, 0, NVIDIA GeForce RTX 3080, 5853, 4199, 10240, 96, 98
2026/08/04 23:26:11.389, 0, NVIDIA GeForce RTX 3080, 5853, 4199, 10240, 96, 98
2026/08/04 23:26:11.496, 0, NVIDIA GeForce RTX 3080, 5853, 4199, 10240, 96, 98
2026/08/04 23:26:11.606, 0, NVIDIA GeForce RTX 3080, 5853, 4199, 10240, 96, 98
2026/08/04 23:26:11.716, 0, NVIDIA GeForce RTX 3080, 5853, 4199, 10240, 96, 98
2026/08/04 23:26:11.824, 0, NVIDIA GeForce RTX 3080, 5853, 4199, 10240, 96, 98
2026/08/04 23:26:11.934, 0, NVIDIA GeForce RTX 3080, 5853, 4199, 10240, 96, 98
2026/08/04 23:26:12.043, 0, NVIDIA GeForce RTX 3080, 5853, 4199, 10240, 96, 98
2026/08/04 23:26:12.151, 0, NVIDIA GeForce RTX 3080, 5853, 4199, 10240, 96, 98
2026/08/04 23:26:12.261, 0, NVIDIA GeForce RTX 3080, 5853, 4199, 10240, 96, 98
2026/08/04 23:26:12.369, 0, NVIDIA GeForce RTX 3080, 5853, 4199, 10240, 96, 98
2026/08/04 23:26:12.479, 0, NVIDIA GeForce RTX 3080, 5853, 4199, 10240, 96, 98
2026/08/04 23:26:12.589, 0, NVIDIA GeForce RTX 3080, 5853, 4199, 10240, 96, 98
2026/08/04 23:26:12.698, 0, NVIDIA GeForce RTX 3080, 5853, 4199, 10240, 95, 97
2026/08/04 23:26:12.807, 0, NVIDIA GeForce RTX 3080, 5853, 4199, 10240, 95, 97
2026/08/04 23:26:12.917, 0, NVIDIA GeForce RTX 3080, 5853, 4199, 10240, 95, 97
2026/08/04 23:26:13.025, 0, NVIDIA GeForce RTX 3080, 5853, 4199, 10240, 95, 97
2026/08/04 23:26:13.135, 0, NVIDIA GeForce RTX 3080, 5853, 4199, 10240, 96, 98
2026/08/04 23:26:13.244, 0, NVIDIA GeForce RTX 3080, 5853, 4199, 10240, 96, 98
2026/08/04 23:26:13.352, 0, NVIDIA GeForce RTX 3080, 5853, 4199, 10240, 96, 98
2026/08/04 23:26:13.462, 0, NVIDIA GeForce RTX 3080, 5853, 4199, 10240, 96, 98
2026/08/04 23:26:13.570, 0, NVIDIA GeForce RTX 3080, 5853, 4199, 10240, 96, 98
2026/08/04 23:26:13.680, 0, NVIDIA GeForce RTX 3080, 5853, 4199, 10240, 97, 98
2026/08/04 23:26:13.790, 0, NVIDIA GeForce RTX 3080, 5853, 4199, 10240, 97, 98
2026/08/04 23:26:13.898, 0, NVIDIA GeForce RTX 3080, 5853, 4199, 10240, 97, 98
2026/08/04 23:26:14.008, 0, NVIDIA GeForce RTX 3080, 5853, 4199, 10240, 97, 98
2026/08/04 23:26:14.117, 0, NVIDIA GeForce RTX 3080, 5853, 4199, 10240, 96, 98
2026/08/04 23:26:14.226, 0, NVIDIA GeForce RTX 3080, 5853, 4199, 10240, 96, 98
2026/08/04 23:26:14.336, 0, NVIDIA GeForce RTX 3080, 5853, 4199, 10240, 96, 98
2026/08/04 23:26:14.443, 0, NVIDIA GeForce RTX 3080, 5853, 4199, 10240, 96, 98
2026/08/04 23:26:14.552, 0, NVIDIA GeForce RTX 3080, 5853, 4199, 10240, 96, 98
2026/08/04 23:26:14.661, 0, NVIDIA GeForce RTX 3080, 5853, 4199, 10240, 97, 98
2026/08/04 23:26:14.770, 0, NVIDIA GeForce RTX 3080, 5853, 4199, 10240, 97, 98
2026/08/04 23:26:14.880, 0, NVIDIA GeForce RTX 3080, 5853, 4199, 10240, 97, 98
2026/08/04 23:26:14.989, 0, NVIDIA GeForce RTX 3080, 5853, 4199, 10240, 97, 98
2026/08/04 23:26:15.098, 0, NVIDIA GeForce RTX 3080, 5853, 4199, 10240, 97, 98
2026/08/04 23:26:15.208, 0, NVIDIA GeForce RTX 3080, 5853, 4199, 10240, 96, 97
2026/08/04 23:26:15.316, 0, NVIDIA GeForce RTX 3080, 5853, 4199, 10240, 96, 97
2026/08/04 23:26:15.425, 0, NVIDIA GeForce RTX 3080, 5853, 4199, 10240, 96, 97
2026/08/04 23:26:15.534, 0, NVIDIA GeForce RTX 3080, 5853, 4199, 10240, 96, 97
2026/08/04 23:26:15.644, 0, NVIDIA GeForce RTX 3080, 5853, 4199, 10240, 97, 97
2026/08/04 23:26:15.753, 0, NVIDIA GeForce RTX 3080, 5853, 4199, 10240, 97, 97
2026/08/04 23:26:15.862, 0, NVIDIA GeForce RTX 3080, 5853, 4199, 10240, 97, 97
2026/08/04 23:26:15.971, 0, NVIDIA GeForce RTX 3080, 5853, 4199, 10240, 97, 97
2026/08/04 23:26:16.080, 0, NVIDIA GeForce RTX 3080, 5853, 4199, 10240, 97, 97
2026/08/04 23:26:16.189, 0, NVIDIA GeForce RTX 3080, 5853, 4199, 10240, 97, 97
2026/08/04 23:26:16.297, 0, NVIDIA GeForce RTX 3080, 5853, 4199, 10240, 97, 97
2026/08/04 23:26:16.422, 0, NVIDIA GeForce RTX 3080, 5853, 4199, 10240, 97, 97
2026/08/04 23:26:16.531, 0, NVIDIA GeForce RTX 3080, 5853, 4199, 10240, 97, 97
2026/08/04 23:26:16.640, 0, NVIDIA GeForce RTX 3080, 5853, 4199, 10240, 97, 98
2026/08/04 23:26:16.749, 0, NVIDIA GeForce RTX 3080, 5853, 4199, 10240, 97, 98
2026/08/04 23:26:16.858, 0, NVIDIA GeForce RTX 3080, 5853, 4199, 10240, 97, 98
2026/08/04 23:26:16.968, 0, NVIDIA GeForce RTX 3080, 5853, 4199, 10240, 97, 98
2026/08/04 23:26:17.077, 0, NVIDIA GeForce RTX 3080, 5853, 4199, 10240, 97, 98
2026/08/04 23:26:17.186, 0, NVIDIA GeForce RTX 3080, 5853, 4199, 10240, 97, 97
2026/08/04 23:26:17.296, 0, NVIDIA GeForce RTX 3080, 5853, 4199, 10240, 97, 97
2026/08/04 23:26:17.405, 0, NVIDIA GeForce RTX 3080, 5853, 4199, 10240, 97, 97
2026/08/04 23:26:17.514, 0, NVIDIA GeForce RTX 3080, 5853, 4199, 10240, 97, 97
2026/08/04 23:26:17.624, 0, NVIDIA GeForce RTX 3080, 5853, 4199, 10240, 94, 96
2026/08/04 23:26:17.733, 0, NVIDIA GeForce RTX 3080, 5853, 4199, 10240, 94, 96
2026/08/04 23:26:17.842, 0, NVIDIA GeForce RTX 3080, 5853, 4199, 10240, 94, 96
2026/08/04 23:26:17.952, 0, NVIDIA GeForce RTX 3080, 5853, 4199, 10240, 94, 96
2026/08/04 23:26:18.060, 0, NVIDIA GeForce RTX 3080, 5853, 4199, 10240, 94, 96
2026/08/04 23:26:18.169, 0, NVIDIA GeForce RTX 3080, 5853, 4199, 10240, 97, 98
2026/08/04 23:26:18.278, 0, NVIDIA GeForce RTX 3080, 5853, 4199, 10240, 97, 98
2026/08/04 23:26:18.387, 0, NVIDIA GeForce RTX 3080, 5853, 4199, 10240, 97, 98
2026/08/04 23:26:18.494, 0, NVIDIA GeForce RTX 3080, 5853, 4199, 10240, 97, 98
2026/08/04 23:26:18.603, 0, NVIDIA GeForce RTX 3080, 5853, 4199, 10240, 97, 98
2026/08/04 23:26:18.712, 0, NVIDIA GeForce RTX 3080, 5853, 4199, 10240, 96, 97
2026/08/04 23:26:18.821, 0, NVIDIA GeForce RTX 3080, 5853, 4199, 10240, 96, 97
2026/08/04 23:26:18.930, 0, NVIDIA GeForce RTX 3080, 5853, 4199, 10240, 96, 97
2026/08/04 23:26:19.040, 0, NVIDIA GeForce RTX 3080, 5853, 4199, 10240, 96, 97
2026/08/04 23:26:19.148, 0, NVIDIA GeForce RTX 3080, 5853, 4199, 10240, 96, 98
2026/08/04 23:26:19.257, 0, NVIDIA GeForce RTX 3080, 5853, 4199, 10240, 96, 98
2026/08/04 23:26:19.366, 0, NVIDIA GeForce RTX 3080, 5853, 4199, 10240, 96, 98
2026/08/04 23:26:19.475, 0, NVIDIA GeForce RTX 3080, 5853, 4199, 10240, 96, 98
2026/08/04 23:26:19.584, 0, NVIDIA GeForce RTX 3080, 5853, 4199, 10240, 96, 98
2026/08/04 23:26:19.693, 0, NVIDIA GeForce RTX 3080, 5853, 4199, 10240, 96, 98
2026/08/04 23:26:19.802, 0, NVIDIA GeForce RTX 3080, 5853, 4199, 10240, 96, 98
2026/08/04 23:26:19.912, 0, NVIDIA GeForce RTX 3080, 5853, 4199, 10240, 96, 98
2026/08/04 23:26:20.020, 0, NVIDIA GeForce RTX 3080, 5853, 4199, 10240, 96, 98
2026/08/04 23:26:20.130, 0, NVIDIA GeForce RTX 3080, 5853, 4199, 10240, 96, 98
2026/08/04 23:26:20.239, 0, NVIDIA GeForce RTX 3080, 5853, 4199, 10240, 96, 98
2026/08/04 23:26:20.348, 0, NVIDIA GeForce RTX 3080, 5853, 4199, 10240, 96, 98
2026/08/04 23:26:20.456, 0, NVIDIA GeForce RTX 3080, 5853, 4199, 10240, 96, 98
2026/08/04 23:26:20.566, 0, NVIDIA GeForce RTX 3080, 5853, 4199, 10240, 96, 98
2026/08/04 23:26:20.674, 0, NVIDIA GeForce RTX 3080, 5853, 4199, 10240, 96, 97
2026/08/04 23:26:20.783, 0, NVIDIA GeForce RTX 3080, 5853, 4199, 10240, 96, 97
2026/08/04 23:26:20.893, 0, NVIDIA GeForce RTX 3080, 5853, 4199, 10240, 96, 97
2026/08/04 23:26:21.002, 0, NVIDIA GeForce RTX 3080, 5853, 4199, 10240, 96, 97
2026/08/04 23:26:21.111, 0, NVIDIA GeForce RTX 3080, 5853, 4199, 10240, 96, 98
2026/08/04 23:26:21.220, 0, NVIDIA GeForce RTX 3080, 5853, 4199, 10240, 96, 98
2026/08/04 23:26:21.330, 0, NVIDIA GeForce RTX 3080, 5853, 4199, 10240, 96, 98
2026/08/04 23:26:21.438, 0, NVIDIA GeForce RTX 3080, 5853, 4199, 10240, 96, 98
2026/08/04 23:26:21.547, 0, NVIDIA GeForce RTX 3080, 5853, 4199, 10240, 96, 98
2026/08/04 23:26:21.657, 0, NVIDIA GeForce RTX 3080, 5853, 4199, 10240, 96, 98
2026/08/04 23:26:21.765, 0, NVIDIA GeForce RTX 3080, 5853, 4199, 10240, 96, 98
2026/08/04 23:26:21.874, 0, NVIDIA GeForce RTX 3080, 5853, 4199, 10240, 96, 98
2026/08/04 23:26:21.983, 0, NVIDIA GeForce RTX 3080, 5853, 4199, 10240, 96, 98
2026/08/04 23:26:22.092, 0, NVIDIA GeForce RTX 3080, 5853, 4199, 10240, 96, 98
2026/08/04 23:26:22.201, 0, NVIDIA GeForce RTX 3080, 5853, 4199, 10240, 96, 98
2026/08/04 23:26:22.310, 0, NVIDIA GeForce RTX 3080, 5853, 4199, 10240, 96, 98
2026/08/04 23:26:22.419, 0, NVIDIA GeForce RTX 3080, 5853, 4199, 10240, 96, 98
2026/08/04 23:26:22.528, 0, NVIDIA GeForce RTX 3080, 5853, 4199, 10240, 96, 98
2026/08/04 23:26:22.638, 0, NVIDIA GeForce RTX 3080, 5853, 4199, 10240, 96, 98
2026/08/04 23:26:22.747, 0, NVIDIA GeForce RTX 3080, 5853, 4199, 10240, 96, 98
2026/08/04 23:26:22.855, 0, NVIDIA GeForce RTX 3080, 5853, 4199, 10240, 96, 98
2026/08/04 23:26:22.965, 0, NVIDIA GeForce RTX 3080, 5853, 4199, 10240, 96, 98
2026/08/04 23:26:23.074, 0, NVIDIA GeForce RTX 3080, 5853, 4199, 10240, 96, 98
2026/08/04 23:26:23.183, 0, NVIDIA GeForce RTX 3080, 5853, 4199, 10240, 96, 98
2026/08/04 23:26:23.293, 0, NVIDIA GeForce RTX 3080, 5853, 4199, 10240, 96, 98
2026/08/04 23:26:23.401, 0, NVIDIA GeForce RTX 3080, 5853, 4199, 10240, 96, 98
2026/08/04 23:26:23.510, 0, NVIDIA GeForce RTX 3080, 5853, 4199, 10240, 96, 98
2026/08/04 23:26:23.619, 0, NVIDIA GeForce RTX 3080, 5853, 4199, 10240, 96, 98
2026/08/04 23:26:23.728, 0, NVIDIA GeForce RTX 3080, 5853, 4199, 10240, 96, 98
2026/08/04 23:26:23.838, 0, NVIDIA GeForce RTX 3080, 5853, 4199, 10240, 96, 98
2026/08/04 23:26:23.947, 0, NVIDIA GeForce RTX 3080, 5853, 4199, 10240, 96, 98
2026/08/04 23:26:24.055, 0, NVIDIA GeForce RTX 3080, 5853, 4199, 10240, 96, 98
2026/08/04 23:26:24.165, 0, NVIDIA GeForce RTX 3080, 5853, 4199, 10240, 96, 98
2026/08/04 23:26:24.273, 0, NVIDIA GeForce RTX 3080, 5853, 4199, 10240, 96, 98
2026/08/04 23:26:24.383, 0, NVIDIA GeForce RTX 3080, 5853, 4199, 10240, 96, 98
2026/08/04 23:26:24.492, 0, NVIDIA GeForce RTX 3080, 5853, 4199, 10240, 96, 98
2026/08/04 23:26:24.601, 0, NVIDIA GeForce RTX 3080, 5853, 4199, 10240, 96, 98
2026/08/04 23:26:24.710, 0, NVIDIA GeForce RTX 3080, 5853, 4199, 10240, 96, 98
2026/08/04 23:26:24.819, 0, NVIDIA GeForce RTX 3080, 5853, 4199, 10240, 96, 98
2026/08/04 23:26:24.929, 0, NVIDIA GeForce RTX 3080, 5853, 4199, 10240, 96, 98
2026/08/04 23:26:25.038, 0, NVIDIA GeForce RTX 3080, 5853, 4199, 10240, 96, 98
2026/08/04 23:26:25.147, 0, NVIDIA GeForce RTX 3080, 5853, 4199, 10240, 96, 98
2026/08/04 23:26:25.257, 0, NVIDIA GeForce RTX 3080, 5853, 4199, 10240, 96, 98
2026/08/04 23:26:25.366, 0, NVIDIA GeForce RTX 3080, 5853, 4199, 10240, 96, 98
2026/08/04 23:26:25.475, 0, NVIDIA GeForce RTX 3080, 5853, 4199, 10240, 96, 98
2026/08/04 23:26:25.584, 0, NVIDIA GeForce RTX 3080, 5853, 4199, 10240, 96, 98
2026/08/04 23:26:25.694, 0, NVIDIA GeForce RTX 3080, 5853, 4199, 10240, 93, 95
2026/08/04 23:26:25.802, 0, NVIDIA GeForce RTX 3080, 5853, 4199, 10240, 93, 95
2026/08/04 23:26:25.912, 0, NVIDIA GeForce RTX 3080, 5853, 4199, 10240, 93, 95
2026/08/04 23:26:26.022, 0, NVIDIA GeForce RTX 3080, 5853, 4199, 10240, 93, 95
2026/08/04 23:26:26.130, 0, NVIDIA GeForce RTX 3080, 5853, 4199, 10240, 96, 98
2026/08/04 23:26:26.240, 0, NVIDIA GeForce RTX 3080, 5853, 4199, 10240, 96, 98
2026/08/04 23:26:26.349, 0, NVIDIA GeForce RTX 3080, 5853, 4199, 10240, 96, 98
2026/08/04 23:26:26.470, 0, NVIDIA GeForce RTX 3080, 5853, 4199, 10240, 96, 98
2026/08/04 23:26:26.579, 0, NVIDIA GeForce RTX 3080, 5853, 4199, 10240, 96, 98
2026/08/04 23:26:26.688, 0, NVIDIA GeForce RTX 3080, 5853, 4199, 10240, 96, 98
2026/08/04 23:26:26.797, 0, NVIDIA GeForce RTX 3080, 5853, 4199, 10240, 96, 98
2026/08/04 23:26:26.907, 0, NVIDIA GeForce RTX 3080, 5853, 4199, 10240, 96, 98
2026/08/04 23:26:27.016, 0, NVIDIA GeForce RTX 3080, 5853, 4199, 10240, 96, 98
2026/08/04 23:26:27.125, 0, NVIDIA GeForce RTX 3080, 5853, 4199, 10240, 96, 98
2026/08/04 23:26:27.235, 0, NVIDIA GeForce RTX 3080, 5853, 4199, 10240, 96, 98
2026/08/04 23:26:27.343, 0, NVIDIA GeForce RTX 3080, 5853, 4199, 10240, 96, 98
2026/08/04 23:26:27.452, 0, NVIDIA GeForce RTX 3080, 5853, 4199, 10240, 96, 98
2026/08/04 23:26:27.562, 0, NVIDIA GeForce RTX 3080, 5853, 4199, 10240, 96, 98
2026/08/04 23:26:27.671, 0, NVIDIA GeForce RTX 3080, 5853, 4199, 10240, 96, 98
2026/08/04 23:26:27.780, 0, NVIDIA GeForce RTX 3080, 5853, 4199, 10240, 96, 98
2026/08/04 23:26:27.889, 0, NVIDIA GeForce RTX 3080, 5853, 4199, 10240, 96, 98
2026/08/04 23:26:27.998, 0, NVIDIA GeForce RTX 3080, 5853, 4199, 10240, 96, 98
2026/08/04 23:26:28.108, 0, NVIDIA GeForce RTX 3080, 5853, 4199, 10240, 96, 98
2026/08/04 23:26:28.216, 0, NVIDIA GeForce RTX 3080, 5853, 4199, 10240, 96, 98
2026/08/04 23:26:28.325, 0, NVIDIA GeForce RTX 3080, 5853, 4199, 10240, 96, 98
2026/08/04 23:26:28.434, 0, NVIDIA GeForce RTX 3080, 5853, 4199, 10240, 96, 98
2026/08/04 23:26:28.542, 0, NVIDIA GeForce RTX 3080, 5853, 4199, 10240, 96, 98
2026/08/04 23:26:28.651, 0, NVIDIA GeForce RTX 3080, 5853, 4199, 10240, 96, 98
2026/08/04 23:26:28.760, 0, NVIDIA GeForce RTX 3080, 5853, 4199, 10240, 96, 98
2026/08/04 23:26:28.869, 0, NVIDIA GeForce RTX 3080, 5853, 4199, 10240, 96, 98
2026/08/04 23:26:28.979, 0, NVIDIA GeForce RTX 3080, 5853, 4199, 10240, 96, 98
2026/08/04 23:26:29.089, 0, NVIDIA GeForce RTX 3080, 5853, 4199, 10240, 96, 98
2026/08/04 23:26:29.198, 0, NVIDIA GeForce RTX 3080, 5853, 4199, 10240, 97, 98
2026/08/04 23:26:29.307, 0, NVIDIA GeForce RTX 3080, 5853, 4199, 10240, 97, 98
2026/08/04 23:26:29.417, 0, NVIDIA GeForce RTX 3080, 5853, 4199, 10240, 97, 98
2026/08/04 23:26:29.525, 0, NVIDIA GeForce RTX 3080, 5853, 4199, 10240, 97, 98
2026/08/04 23:26:29.635, 0, NVIDIA GeForce RTX 3080, 5853, 4199, 10240, 96, 97
2026/08/04 23:26:29.744, 0, NVIDIA GeForce RTX 3080, 5853, 4199, 10240, 96, 97
2026/08/04 23:26:29.853, 0, NVIDIA GeForce RTX 3080, 5853, 4199, 10240, 96, 97
2026/08/04 23:26:29.962, 0, NVIDIA GeForce RTX 3080, 5853, 4199, 10240, 96, 97
2026/08/04 23:26:30.071, 0, NVIDIA GeForce RTX 3080, 5853, 4199, 10240, 96, 97
2026/08/04 23:26:30.180, 0, NVIDIA GeForce RTX 3080, 5853, 4199, 10240, 97, 98
2026/08/04 23:26:30.289, 0, NVIDIA GeForce RTX 3080, 5853, 4199, 10240, 97, 98
2026/08/04 23:26:30.398, 0, NVIDIA GeForce RTX 3080, 5853, 4199, 10240, 97, 98
2026/08/04 23:26:30.505, 0, NVIDIA GeForce RTX 3080, 5853, 4199, 10240, 97, 98
2026/08/04 23:26:30.614, 0, NVIDIA GeForce RTX 3080, 5853, 4199, 10240, 97, 98
2026/08/04 23:26:30.722, 0, NVIDIA GeForce RTX 3080, 5853, 4199, 10240, 97, 98
2026/08/04 23:26:30.832, 0, NVIDIA GeForce RTX 3080, 5853, 4199, 10240, 97, 98
2026/08/04 23:26:30.941, 0, NVIDIA GeForce RTX 3080, 5853, 4199, 10240, 97, 98
2026/08/04 23:26:31.049, 0, NVIDIA GeForce RTX 3080, 5853, 4199, 10240, 97, 98
2026/08/04 23:26:31.159, 0, NVIDIA GeForce RTX 3080, 5853, 4199, 10240, 97, 98
2026/08/04 23:26:31.268, 0, NVIDIA GeForce RTX 3080, 5853, 4199, 10240, 97, 98
2026/08/04 23:26:31.376, 0, NVIDIA GeForce RTX 3080, 5853, 4199, 10240, 97, 98
2026/08/04 23:26:31.486, 0, NVIDIA GeForce RTX 3080, 5853, 4199, 10240, 97, 98
2026/08/04 23:26:31.595, 0, NVIDIA GeForce RTX 3080, 5853, 4199, 10240, 97, 98
2026/08/04 23:26:31.704, 0, NVIDIA GeForce RTX 3080, 5853, 4199, 10240, 97, 98
2026/08/04 23:26:31.812, 0, NVIDIA GeForce RTX 3080, 5853, 4199, 10240, 97, 98
2026/08/04 23:26:31.920, 0, NVIDIA GeForce RTX 3080, 5853, 4199, 10240, 97, 98
2026/08/04 23:26:32.030, 0, NVIDIA GeForce RTX 3080, 5853, 4199, 10240, 97, 98
2026/08/04 23:26:32.139, 0, NVIDIA GeForce RTX 3080, 5853, 4199, 10240, 97, 98
2026/08/04 23:26:32.249, 0, NVIDIA GeForce RTX 3080, 5853, 4199, 10240, 97, 98
2026/08/04 23:26:32.358, 0, NVIDIA GeForce RTX 3080, 5853, 4199, 10240, 97, 98
2026/08/04 23:26:32.466, 0, NVIDIA GeForce RTX 3080, 5853, 4199, 10240, 97, 98
2026/08/04 23:26:32.577, 0, NVIDIA GeForce RTX 3080, 5853, 4199, 10240, 97, 98
2026/08/04 23:26:32.687, 0, NVIDIA GeForce RTX 3080, 5853, 4199, 10240, 96, 98
2026/08/04 23:26:32.796, 0, NVIDIA GeForce RTX 3080, 5853, 4199, 10240, 96, 98
2026/08/04 23:26:32.904, 0, NVIDIA GeForce RTX 3080, 5853, 4199, 10240, 96, 98
2026/08/04 23:26:33.014, 0, NVIDIA GeForce RTX 3080, 5853, 4199, 10240, 96, 98
2026/08/04 23:26:33.122, 0, NVIDIA GeForce RTX 3080, 5853, 4199, 10240, 96, 97
2026/08/04 23:26:33.232, 0, NVIDIA GeForce RTX 3080, 5853, 4199, 10240, 96, 97
2026/08/04 23:26:33.342, 0, NVIDIA GeForce RTX 3080, 5853, 4199, 10240, 96, 97
2026/08/04 23:26:33.450, 0, NVIDIA GeForce RTX 3080, 5853, 4199, 10240, 96, 97
2026/08/04 23:26:33.559, 0, NVIDIA GeForce RTX 3080, 5853, 4199, 10240, 96, 97
2026/08/04 23:26:33.667, 0, NVIDIA GeForce RTX 3080, 5853, 4199, 10240, 96, 98
2026/08/04 23:26:33.777, 0, NVIDIA GeForce RTX 3080, 5853, 4199, 10240, 96, 98
2026/08/04 23:26:33.887, 0, NVIDIA GeForce RTX 3080, 5853, 4199, 10240, 96, 98
2026/08/04 23:26:33.995, 0, NVIDIA GeForce RTX 3080, 5853, 4199, 10240, 96, 98
2026/08/04 23:26:34.104, 0, NVIDIA GeForce RTX 3080, 5853, 4199, 10240, 96, 98
2026/08/04 23:26:34.214, 0, NVIDIA GeForce RTX 3080, 5853, 4199, 10240, 96, 98
2026/08/04 23:26:34.322, 0, NVIDIA GeForce RTX 3080, 5853, 4199, 10240, 96, 98
2026/08/04 23:26:34.432, 0, NVIDIA GeForce RTX 3080, 5853, 4199, 10240, 96, 98
2026/08/04 23:26:34.540, 0, NVIDIA GeForce RTX 3080, 5853, 4199, 10240, 96, 98
2026/08/04 23:26:34.649, 0, NVIDIA GeForce RTX 3080, 5853, 4199, 10240, 96, 98
2026/08/04 23:26:34.758, 0, NVIDIA GeForce RTX 3080, 5853, 4199, 10240, 96, 98
2026/08/04 23:26:34.867, 0, NVIDIA GeForce RTX 3080, 5853, 4199, 10240, 96, 98
2026/08/04 23:26:34.977, 0, NVIDIA GeForce RTX 3080, 5853, 4199, 10240, 96, 98
2026/08/04 23:26:35.085, 0, NVIDIA GeForce RTX 3080, 5853, 4199, 10240, 96, 98
2026/08/04 23:26:35.194, 0, NVIDIA GeForce RTX 3080, 5853, 4199, 10240, 96, 97
2026/08/04 23:26:35.304, 0, NVIDIA GeForce RTX 3080, 5853, 4199, 10240, 96, 97
2026/08/04 23:26:35.412, 0, NVIDIA GeForce RTX 3080, 5853, 4199, 10240, 96, 97
2026/08/04 23:26:35.521, 0, NVIDIA GeForce RTX 3080, 5853, 4199, 10240, 96, 97
2026/08/04 23:26:35.630, 0, NVIDIA GeForce RTX 3080, 5853, 4199, 10240, 96, 97
2026/08/04 23:26:35.740, 0, NVIDIA GeForce RTX 3080, 5853, 4199, 10240, 96, 97
2026/08/04 23:26:35.849, 0, NVIDIA GeForce RTX 3080, 5853, 4199, 10240, 96, 97
2026/08/04 23:26:35.958, 0, NVIDIA GeForce RTX 3080, 5853, 4199, 10240, 96, 97
2026/08/04 23:26:36.067, 0, NVIDIA GeForce RTX 3080, 5853, 4199, 10240, 96, 97
2026/08/04 23:26:36.176, 0, NVIDIA GeForce RTX 3080, 5853, 4199, 10240, 96, 98
2026/08/04 23:26:36.286, 0, NVIDIA GeForce RTX 3080, 5853, 4199, 10240, 96, 98
2026/08/04 23:26:36.395, 0, NVIDIA GeForce RTX 3080, 5853, 4199, 10240, 96, 98
2026/08/04 23:26:36.519, 0, NVIDIA GeForce RTX 3080, 5853, 4199, 10240, 96, 98
2026/08/04 23:26:36.628, 0, NVIDIA GeForce RTX 3080, 5853, 4199, 10240, 96, 98
2026/08/04 23:26:36.737, 0, NVIDIA GeForce RTX 3080, 5853, 4199, 10240, 96, 98
2026/08/04 23:26:36.846, 0, NVIDIA GeForce RTX 3080, 5853, 4199, 10240, 96, 98
2026/08/04 23:26:36.955, 0, NVIDIA GeForce RTX 3080, 5853, 4199, 10240, 96, 98
2026/08/04 23:26:37.059, 0, NVIDIA GeForce RTX 3080, 5853, 4199, 10240, 96, 98
2026/08/04 23:26:37.168, 0, NVIDIA GeForce RTX 3080, 5853, 4199, 10240, 96, 98
2026/08/04 23:26:37.277, 0, NVIDIA GeForce RTX 3080, 5853, 4199, 10240, 96, 98
2026/08/04 23:26:37.386, 0, NVIDIA GeForce RTX 3080, 5853, 4199, 10240, 96, 98
2026/08/04 23:26:37.495, 0, NVIDIA GeForce RTX 3080, 5853, 4199, 10240, 96, 98
2026/08/04 23:26:37.604, 0, NVIDIA GeForce RTX 3080, 5853, 4199, 10240, 96, 98
2026/08/04 23:26:37.712, 0, NVIDIA GeForce RTX 3080, 5853, 4199, 10240, 96, 98
2026/08/04 23:26:37.822, 0, NVIDIA GeForce RTX 3080, 5853, 4199, 10240, 96, 98
2026/08/04 23:26:37.931, 0, NVIDIA GeForce RTX 3080, 5853, 4199, 10240, 96, 98
2026/08/04 23:26:38.040, 0, NVIDIA GeForce RTX 3080, 5853, 4199, 10240, 96, 98
2026/08/04 23:26:38.150, 0, NVIDIA GeForce RTX 3080, 5853, 4199, 10240, 96, 98
2026/08/04 23:26:38.258, 0, NVIDIA GeForce RTX 3080, 5853, 4199, 10240, 96, 98
2026/08/04 23:26:38.368, 0, NVIDIA GeForce RTX 3080, 5853, 4199, 10240, 96, 98
2026/08/04 23:26:38.477, 0, NVIDIA GeForce RTX 3080, 5853, 4199, 10240, 96, 98
2026/08/04 23:26:38.591, 0, NVIDIA GeForce RTX 3080, 5853, 4199, 10240, 96, 98
2026/08/04 23:26:38.695, 0, NVIDIA GeForce RTX 3080, 5853, 4199, 10240, 93, 95
2026/08/04 23:26:38.804, 0, NVIDIA GeForce RTX 3080, 5853, 4199, 10240, 93, 95
2026/08/04 23:26:38.913, 0, NVIDIA GeForce RTX 3080, 5853, 4199, 10240, 93, 95
2026/08/04 23:26:39.021, 0, NVIDIA GeForce RTX 3080, 5853, 4199, 10240, 93, 95
2026/08/04 23:26:39.129, 0, NVIDIA GeForce RTX 3080, 5853, 4199, 10240, 96, 98
2026/08/04 23:26:39.238, 0, NVIDIA GeForce RTX 3080, 5853, 4199, 10240, 96, 98
2026/08/04 23:26:39.348, 0, NVIDIA GeForce RTX 3080, 5853, 4199, 10240, 96, 98
2026/08/04 23:26:39.457, 0, NVIDIA GeForce RTX 3080, 5853, 4199, 10240, 96, 98
2026/08/04 23:26:39.566, 0, NVIDIA GeForce RTX 3080, 5853, 4199, 10240, 96, 98
2026/08/04 23:26:39.676, 0, NVIDIA GeForce RTX 3080, 5853, 4199, 10240, 96, 98
2026/08/04 23:26:39.785, 0, NVIDIA GeForce RTX 3080, 5853, 4199, 10240, 96, 98
2026/08/04 23:26:39.886, 0, NVIDIA GeForce RTX 3080, 5853, 4199, 10240, 96, 98
2026/08/04 23:26:39.998, 0, NVIDIA GeForce RTX 3080, 5853, 4199, 10240, 96, 98
2026/08/04 23:26:40.110, 0, NVIDIA GeForce RTX 3080, 5853, 4199, 10240, 96, 98
2026/08/04 23:26:40.222, 0, NVIDIA GeForce RTX 3080, 5853, 4199, 10240, 96, 98
2026/08/04 23:26:40.334, 0, NVIDIA GeForce RTX 3080, 5853, 4199, 10240, 96, 98
2026/08/04 23:26:40.446, 0, NVIDIA GeForce RTX 3080, 5853, 4199, 10240, 96, 98
2026/08/04 23:26:40.558, 0, NVIDIA GeForce RTX 3080, 5853, 4199, 10240, 96, 98
2026/08/04 23:26:40.670, 0, NVIDIA GeForce RTX 3080, 5853, 4199, 10240, 96, 98
2026/08/04 23:26:40.782, 0, NVIDIA GeForce RTX 3080, 5853, 4199, 10240, 96, 98
2026/08/04 23:26:40.894, 0, NVIDIA GeForce RTX 3080, 5853, 4199, 10240, 96, 98
2026/08/04 23:26:41.006, 0, NVIDIA GeForce RTX 3080, 5853, 4199, 10240, 96, 98
2026/08/04 23:26:41.118, 0, NVIDIA GeForce RTX 3080, 5853, 4199, 10240, 96, 98
2026/08/04 23:26:41.230, 0, NVIDIA GeForce RTX 3080, 5853, 4199, 10240, 96, 98
2026/08/04 23:26:41.342, 0, NVIDIA GeForce RTX 3080, 5853, 4199, 10240, 96, 98
2026/08/04 23:26:41.454, 0, NVIDIA GeForce RTX 3080, 5853, 4199, 10240, 96, 98
2026/08/04 23:26:41.566, 0, NVIDIA GeForce RTX 3080, 5853, 4199, 10240, 96, 98
2026/08/04 23:26:41.678, 0, NVIDIA GeForce RTX 3080, 5853, 4199, 10240, 96, 98
2026/08/04 23:26:41.790, 0, NVIDIA GeForce RTX 3080, 5853, 4199, 10240, 96, 98
2026/08/04 23:26:41.901, 0, NVIDIA GeForce RTX 3080, 5853, 4199, 10240, 96, 98
2026/08/04 23:26:42.011, 0, NVIDIA GeForce RTX 3080, 5853, 4199, 10240, 96, 98
2026/08/04 23:26:42.119, 0, NVIDIA GeForce RTX 3080, 5853, 4199, 10240, 96, 98
2026/08/04 23:26:42.229, 0, NVIDIA GeForce RTX 3080, 5853, 4199, 10240, 96, 98
2026/08/04 23:26:42.337, 0, NVIDIA GeForce RTX 3080, 5853, 4199, 10240, 96, 98
2026/08/04 23:26:42.447, 0, NVIDIA GeForce RTX 3080, 5853, 4199, 10240, 96, 98
2026/08/04 23:26:42.548, 0, NVIDIA GeForce RTX 3080, 5853, 4199, 10240, 96, 98
2026/08/04 23:26:42.657, 0, NVIDIA GeForce RTX 3080, 5853, 4199, 10240, 96, 98
2026/08/04 23:26:42.767, 0, NVIDIA GeForce RTX 3080, 5853, 4199, 10240, 96, 98
2026/08/04 23:26:42.875, 0, NVIDIA GeForce RTX 3080, 5853, 4199, 10240, 96, 98
2026/08/04 23:26:42.985, 0, NVIDIA GeForce RTX 3080, 5853, 4199, 10240, 96, 98
2026/08/04 23:26:43.094, 0, NVIDIA GeForce RTX 3080, 5853, 4199, 10240, 96, 98
2026/08/04 23:26:43.202, 0, NVIDIA GeForce RTX 3080, 5853, 4199, 10240, 96, 98
2026/08/04 23:26:43.312, 0, NVIDIA GeForce RTX 3080, 5853, 4199, 10240, 96, 98
2026/08/04 23:26:43.421, 0, NVIDIA GeForce RTX 3080, 5853, 4199, 10240, 96, 98
2026/08/04 23:26:43.530, 0, NVIDIA GeForce RTX 3080, 5853, 4199, 10240, 96, 98
2026/08/04 23:26:43.639, 0, NVIDIA GeForce RTX 3080, 5853, 4199, 10240, 96, 97
2026/08/04 23:26:43.749, 0, NVIDIA GeForce RTX 3080, 5853, 4199, 10240, 96, 97
2026/08/04 23:26:43.857, 0, NVIDIA GeForce RTX 3080, 5853, 4199, 10240, 96, 97
2026/08/04 23:26:43.966, 0, NVIDIA GeForce RTX 3080, 5853, 4199, 10240, 96, 97
2026/08/04 23:26:44.075, 0, NVIDIA GeForce RTX 3080, 5853, 4199, 10240, 96, 97
2026/08/04 23:26:44.185, 0, NVIDIA GeForce RTX 3080, 5853, 4199, 10240, 96, 98
2026/08/04 23:26:44.294, 0, NVIDIA GeForce RTX 3080, 5853, 4199, 10240, 96, 98
2026/08/04 23:26:44.402, 0, NVIDIA GeForce RTX 3080, 5853, 4199, 10240, 96, 98
2026/08/04 23:26:44.511, 0, NVIDIA GeForce RTX 3080, 5853, 4199, 10240, 96, 98
2026/08/04 23:26:44.621, 0, NVIDIA GeForce RTX 3080, 5853, 4199, 10240, 96, 98
2026/08/04 23:26:44.729, 0, NVIDIA GeForce RTX 3080, 5853, 4199, 10240, 96, 98
2026/08/04 23:26:44.839, 0, NVIDIA GeForce RTX 3080, 5853, 4199, 10240, 96, 98
2026/08/04 23:26:44.948, 0, NVIDIA GeForce RTX 3080, 5853, 4199, 10240, 96, 98
2026/08/04 23:26:45.056, 0, NVIDIA GeForce RTX 3080, 5853, 4199, 10240, 96, 98
2026/08/04 23:26:45.166, 0, NVIDIA GeForce RTX 3080, 5853, 4199, 10240, 94, 96
2026/08/04 23:26:45.274, 0, NVIDIA GeForce RTX 3080, 5853, 4199, 10240, 94, 96
2026/08/04 23:26:45.384, 0, NVIDIA GeForce RTX 3080, 5853, 4199, 10240, 94, 96
2026/08/04 23:26:45.494, 0, NVIDIA GeForce RTX 3080, 5853, 4199, 10240, 94, 96
2026/08/04 23:26:45.602, 0, NVIDIA GeForce RTX 3080, 5853, 4199, 10240, 94, 96
2026/08/04 23:26:45.712, 0, NVIDIA GeForce RTX 3080, 5853, 4199, 10240, 97, 97
2026/08/04 23:26:45.821, 0, NVIDIA GeForce RTX 3080, 5853, 4199, 10240, 97, 97
2026/08/04 23:26:45.929, 0, NVIDIA GeForce RTX 3080, 5853, 4199, 10240, 97, 97
2026/08/04 23:26:46.039, 0, NVIDIA GeForce RTX 3080, 5853, 4199, 10240, 97, 97
2026/08/04 23:26:46.147, 0, NVIDIA GeForce RTX 3080, 5853, 4199, 10240, 97, 98
2026/08/04 23:26:46.256, 0, NVIDIA GeForce RTX 3080, 5853, 4199, 10240, 97, 98
2026/08/04 23:26:46.366, 0, NVIDIA GeForce RTX 3080, 5853, 4199, 10240, 97, 98
2026/08/04 23:26:46.474, 0, NVIDIA GeForce RTX 3080, 5853, 4199, 10240, 97, 98
2026/08/04 23:26:46.584, 0, NVIDIA GeForce RTX 3080, 5853, 4199, 10240, 97, 98
2026/08/04 23:26:46.693, 0, NVIDIA GeForce RTX 3080, 5853, 4199, 10240, 97, 97
2026/08/04 23:26:46.801, 0, NVIDIA GeForce RTX 3080, 5853, 4199, 10240, 97, 97
2026/08/04 23:26:46.911, 0, NVIDIA GeForce RTX 3080, 5853, 4199, 10240, 97, 97
2026/08/04 23:26:47.020, 0, NVIDIA GeForce RTX 3080, 5853, 4199, 10240, 97, 97
2026/08/04 23:26:47.129, 0, NVIDIA GeForce RTX 3080, 5853, 4199, 10240, 97, 98
2026/08/04 23:26:47.238, 0, NVIDIA GeForce RTX 3080, 5853, 4199, 10240, 97, 98
2026/08/04 23:26:47.347, 0, NVIDIA GeForce RTX 3080, 5853, 4199, 10240, 97, 98
2026/08/04 23:26:47.456, 0, NVIDIA GeForce RTX 3080, 5853, 4199, 10240, 97, 98
2026/08/04 23:26:47.565, 0, NVIDIA GeForce RTX 3080, 5853, 4199, 10240, 97, 98
2026/08/04 23:26:47.674, 0, NVIDIA GeForce RTX 3080, 5853, 4199, 10240, 96, 97
2026/08/04 23:26:47.784, 0, NVIDIA GeForce RTX 3080, 5853, 4199, 10240, 96, 97
2026/08/04 23:26:47.894, 0, NVIDIA GeForce RTX 3080, 5853, 4199, 10240, 96, 97
2026/08/04 23:26:48.002, 0, NVIDIA GeForce RTX 3080, 5853, 4199, 10240, 96, 97
2026/08/04 23:26:48.112, 0, NVIDIA GeForce RTX 3080, 5853, 4199, 10240, 97, 98
2026/08/04 23:26:48.221, 0, NVIDIA GeForce RTX 3080, 5853, 4199, 10240, 97, 98
2026/08/04 23:26:48.330, 0, NVIDIA GeForce RTX 3080, 5853, 4199, 10240, 97, 98
2026/08/04 23:26:48.440, 0, NVIDIA GeForce RTX 3080, 5853, 4199, 10240, 97, 98
2026/08/04 23:26:48.548, 0, NVIDIA GeForce RTX 3080, 5853, 4199, 10240, 97, 98
2026/08/04 23:26:48.656, 0, NVIDIA GeForce RTX 3080, 5853, 4199, 10240, 96, 98
2026/08/04 23:26:48.765, 0, NVIDIA GeForce RTX 3080, 5853, 4199, 10240, 96, 98
2026/08/04 23:26:48.874, 0, NVIDIA GeForce RTX 3080, 5853, 4199, 10240, 96, 98
2026/08/04 23:26:48.984, 0, NVIDIA GeForce RTX 3080, 5853, 4199, 10240, 96, 98
2026/08/04 23:26:49.093, 0, NVIDIA GeForce RTX 3080, 5853, 4199, 10240, 96, 98
2026/08/04 23:26:49.202, 0, NVIDIA GeForce RTX 3080, 5853, 4199, 10240, 96, 98
2026/08/04 23:26:49.311, 0, NVIDIA GeForce RTX 3080, 5853, 4199, 10240, 96, 98
2026/08/04 23:26:49.420, 0, NVIDIA GeForce RTX 3080, 5853, 4199, 10240, 96, 98
2026/08/04 23:26:49.529, 0, NVIDIA GeForce RTX 3080, 5853, 4199, 10240, 96, 98
2026/08/04 23:26:49.638, 0, NVIDIA GeForce RTX 3080, 5853, 4199, 10240, 96, 97
2026/08/04 23:26:49.747, 0, NVIDIA GeForce RTX 3080, 5853, 4199, 10240, 96, 97
2026/08/04 23:26:49.856, 0, NVIDIA GeForce RTX 3080, 5853, 4199, 10240, 96, 97
2026/08/04 23:26:49.966, 0, NVIDIA GeForce RTX 3080, 5853, 4199, 10240, 96, 97
2026/08/04 23:26:50.074, 0, NVIDIA GeForce RTX 3080, 5853, 4199, 10240, 96, 97
2026/08/04 23:26:50.184, 0, NVIDIA GeForce RTX 3080, 5853, 4199, 10240, 96, 98
2026/08/04 23:26:50.294, 0, NVIDIA GeForce RTX 3080, 5853, 4199, 10240, 96, 98
2026/08/04 23:26:50.401, 0, NVIDIA GeForce RTX 3080, 5853, 4199, 10240, 96, 98
2026/08/04 23:26:50.511, 0, NVIDIA GeForce RTX 3080, 5853, 4199, 10240, 96, 98
2026/08/04 23:26:50.619, 0, NVIDIA GeForce RTX 3080, 5853, 4199, 10240, 96, 97
2026/08/04 23:26:50.727, 0, NVIDIA GeForce RTX 3080, 5853, 4199, 10240, 96, 97
2026/08/04 23:26:50.837, 0, NVIDIA GeForce RTX 3080, 5853, 4199, 10240, 96, 97
2026/08/04 23:26:50.945, 0, NVIDIA GeForce RTX 3080, 5853, 4199, 10240, 96, 97
2026/08/04 23:26:51.055, 0, NVIDIA GeForce RTX 3080, 5853, 4199, 10240, 96, 97
2026/08/04 23:26:51.165, 0, NVIDIA GeForce RTX 3080, 5853, 4199, 10240, 96, 97
2026/08/04 23:26:51.272, 0, NVIDIA GeForce RTX 3080, 5853, 4199, 10240, 96, 97
2026/08/04 23:26:51.382, 0, NVIDIA GeForce RTX 3080, 5853, 4199, 10240, 96, 97
2026/08/04 23:26:51.491, 0, NVIDIA GeForce RTX 3080, 5853, 4199, 10240, 96, 97
2026/08/04 23:26:51.600, 0, NVIDIA GeForce RTX 3080, 5853, 4199, 10240, 96, 97
2026/08/04 23:26:51.709, 0, NVIDIA GeForce RTX 3080, 5853, 4199, 10240, 93, 95
2026/08/04 23:26:51.818, 0, NVIDIA GeForce RTX 3080, 5853, 4199, 10240, 93, 95
2026/08/04 23:26:51.927, 0, NVIDIA GeForce RTX 3080, 5853, 4199, 10240, 93, 95
2026/08/04 23:26:52.036, 0, NVIDIA GeForce RTX 3080, 5853, 4199, 10240, 93, 95
2026/08/04 23:26:52.145, 0, NVIDIA GeForce RTX 3080, 5853, 4199, 10240, 96, 98
2026/08/04 23:26:52.255, 0, NVIDIA GeForce RTX 3080, 5853, 4199, 10240, 96, 98
2026/08/04 23:26:52.364, 0, NVIDIA GeForce RTX 3080, 5853, 4199, 10240, 96, 98
2026/08/04 23:26:52.473, 0, NVIDIA GeForce RTX 3080, 5853, 4199, 10240, 96, 98
2026/08/04 23:26:52.597, 0, NVIDIA GeForce RTX 3080, 5853, 4199, 10240, 96, 98
2026/08/04 23:26:52.706, 0, NVIDIA GeForce RTX 3080, 5853, 4199, 10240, 96, 98
2026/08/04 23:26:52.815, 0, NVIDIA GeForce RTX 3080, 5853, 4199, 10240, 96, 98
2026/08/04 23:26:52.924, 0, NVIDIA GeForce RTX 3080, 5853, 4199, 10240, 96, 98
2026/08/04 23:26:53.033, 0, NVIDIA GeForce RTX 3080, 5853, 4199, 10240, 96, 98
2026/08/04 23:26:53.142, 0, NVIDIA GeForce RTX 3080, 5853, 4199, 10240, 96, 97
2026/08/04 23:26:53.251, 0, NVIDIA GeForce RTX 3080, 5853, 4199, 10240, 96, 97
2026/08/04 23:26:53.360, 0, NVIDIA GeForce RTX 3080, 5853, 4199, 10240, 96, 97
2026/08/04 23:26:53.469, 0, NVIDIA GeForce RTX 3080, 5853, 4199, 10240, 96, 97
2026/08/04 23:26:53.578, 0, NVIDIA GeForce RTX 3080, 5853, 4199, 10240, 96, 97
2026/08/04 23:26:53.687, 0, NVIDIA GeForce RTX 3080, 5853, 4199, 10240, 96, 98
2026/08/04 23:26:53.796, 0, NVIDIA GeForce RTX 3080, 5853, 4199, 10240, 96, 98
2026/08/04 23:26:53.905, 0, NVIDIA GeForce RTX 3080, 5853, 4199, 10240, 96, 98
2026/08/04 23:26:54.014, 0, NVIDIA GeForce RTX 3080, 5853, 4199, 10240, 96, 98
2026/08/04 23:26:54.123, 0, NVIDIA GeForce RTX 3080, 5853, 4199, 10240, 96, 98
2026/08/04 23:26:54.232, 0, NVIDIA GeForce RTX 3080, 5853, 4199, 10240, 96, 98
2026/08/04 23:26:54.341, 0, NVIDIA GeForce RTX 3080, 5853, 4199, 10240, 96, 98
2026/08/04 23:26:54.450, 0, NVIDIA GeForce RTX 3080, 5853, 4199, 10240, 96, 98
2026/08/04 23:26:54.559, 0, NVIDIA GeForce RTX 3080, 5853, 4199, 10240, 96, 98
2026/08/04 23:26:54.670, 0, NVIDIA GeForce RTX 3080, 5853, 4199, 10240, 96, 98
2026/08/04 23:26:54.778, 0, NVIDIA GeForce RTX 3080, 5853, 4199, 10240, 96, 98
2026/08/04 23:26:54.887, 0, NVIDIA GeForce RTX 3080, 5853, 4199, 10240, 96, 98
2026/08/04 23:26:54.996, 0, NVIDIA GeForce RTX 3080, 5853, 4199, 10240, 96, 98
2026/08/04 23:26:55.105, 0, NVIDIA GeForce RTX 3080, 5853, 4199, 10240, 96, 98
2026/08/04 23:26:55.215, 0, NVIDIA GeForce RTX 3080, 5853, 4199, 10240, 96, 98
2026/08/04 23:26:55.323, 0, NVIDIA GeForce RTX 3080, 5853, 4199, 10240, 96, 98
2026/08/04 23:26:55.433, 0, NVIDIA GeForce RTX 3080, 5853, 4199, 10240, 96, 98
2026/08/04 23:26:55.542, 0, NVIDIA GeForce RTX 3080, 5853, 4199, 10240, 96, 98
2026/08/04 23:26:55.650, 0, NVIDIA GeForce RTX 3080, 5853, 4199, 10240, 96, 98
2026/08/04 23:26:55.760, 0, NVIDIA GeForce RTX 3080, 5853, 4199, 10240, 96, 98
2026/08/04 23:26:55.869, 0, NVIDIA GeForce RTX 3080, 5853, 4199, 10240, 96, 98
2026/08/04 23:26:55.978, 0, NVIDIA GeForce RTX 3080, 5853, 4199, 10240, 96, 98
2026/08/04 23:26:56.088, 0, NVIDIA GeForce RTX 3080, 5853, 4199, 10240, 96, 98
2026/08/04 23:26:56.196, 0, NVIDIA GeForce RTX 3080, 5853, 4199, 10240, 96, 98
2026/08/04 23:26:56.305, 0, NVIDIA GeForce RTX 3080, 5853, 4199, 10240, 96, 98
2026/08/04 23:26:56.415, 0, NVIDIA GeForce RTX 3080, 5853, 4199, 10240, 96, 98
2026/08/04 23:26:56.523, 0, NVIDIA GeForce RTX 3080, 5853, 4199, 10240, 96, 98
2026/08/04 23:26:56.632, 0, NVIDIA GeForce RTX 3080, 5853, 4199, 10240, 96, 98
2026/08/04 23:26:56.741, 0, NVIDIA GeForce RTX 3080, 5853, 4199, 10240, 96, 98
2026/08/04 23:26:56.850, 0, NVIDIA GeForce RTX 3080, 5853, 4199, 10240, 96, 98
2026/08/04 23:26:56.959, 0, NVIDIA GeForce RTX 3080, 5853, 4199, 10240, 96, 98
2026/08/04 23:26:57.069, 0, NVIDIA GeForce RTX 3080, 5853, 4199, 10240, 96, 98
2026/08/04 23:26:57.178, 0, NVIDIA GeForce RTX 3080, 5853, 4199, 10240, 96, 98
2026/08/04 23:26:57.287, 0, NVIDIA GeForce RTX 3080, 5853, 4199, 10240, 96, 98
2026/08/04 23:26:57.395, 0, NVIDIA GeForce RTX 3080, 5853, 4199, 10240, 96, 98
2026/08/04 23:26:57.504, 0, NVIDIA GeForce RTX 3080, 5853, 4199, 10240, 96, 98
2026/08/04 23:26:57.614, 0, NVIDIA GeForce RTX 3080, 5853, 4199, 10240, 96, 98
2026/08/04 23:26:57.722, 0, NVIDIA GeForce RTX 3080, 5853, 4199, 10240, 96, 98
2026/08/04 23:26:57.831, 0, NVIDIA GeForce RTX 3080, 5853, 4199, 10240, 96, 98
2026/08/04 23:26:57.941, 0, NVIDIA GeForce RTX 3080, 5853, 4199, 10240, 96, 98
2026/08/04 23:26:58.050, 0, NVIDIA GeForce RTX 3080, 5853, 4199, 10240, 96, 98
2026/08/04 23:26:58.160, 0, NVIDIA GeForce RTX 3080, 5853, 4199, 10240, 94, 96
2026/08/04 23:26:58.269, 0, NVIDIA GeForce RTX 3080, 5853, 4199, 10240, 94, 96
2026/08/04 23:26:58.378, 0, NVIDIA GeForce RTX 3080, 5853, 4199, 10240, 94, 96
2026/08/04 23:26:58.488, 0, NVIDIA GeForce RTX 3080, 5853, 4199, 10240, 94, 96
2026/08/04 23:26:58.596, 0, NVIDIA GeForce RTX 3080, 5853, 4199, 10240, 94, 96
2026/08/04 23:26:58.705, 0, NVIDIA GeForce RTX 3080, 5853, 4199, 10240, 97, 98
2026/08/04 23:26:58.814, 0, NVIDIA GeForce RTX 3080, 5853, 4199, 10240, 97, 98
2026/08/04 23:26:58.923, 0, NVIDIA GeForce RTX 3080, 5853, 4199, 10240, 97, 98
2026/08/04 23:26:59.033, 0, NVIDIA GeForce RTX 3080, 5853, 4199, 10240, 97, 98
2026/08/04 23:26:59.142, 0, NVIDIA GeForce RTX 3080, 5853, 4199, 10240, 97, 98
2026/08/04 23:26:59.250, 0, NVIDIA GeForce RTX 3080, 5853, 4199, 10240, 97, 98
2026/08/04 23:26:59.360, 0, NVIDIA GeForce RTX 3080, 5853, 4199, 10240, 97, 98
2026/08/04 23:26:59.470, 0, NVIDIA GeForce RTX 3080, 5853, 4199, 10240, 97, 98
2026/08/04 23:26:59.578, 0, NVIDIA GeForce RTX 3080, 5853, 4199, 10240, 97, 98
2026/08/04 23:26:59.688, 0, NVIDIA GeForce RTX 3080, 5853, 4199, 10240, 97, 98
2026/08/04 23:26:59.797, 0, NVIDIA GeForce RTX 3080, 5853, 4199, 10240, 97, 98
2026/08/04 23:26:59.905, 0, NVIDIA GeForce RTX 3080, 5853, 4199, 10240, 97, 98
2026/08/04 23:27:00.015, 0, NVIDIA GeForce RTX 3080, 5853, 4199, 10240, 97, 98
2026/08/04 23:27:00.123, 0, NVIDIA GeForce RTX 3080, 5853, 4199, 10240, 97, 98
2026/08/04 23:27:00.233, 0, NVIDIA GeForce RTX 3080, 5853, 4199, 10240, 97, 98
2026/08/04 23:27:00.343, 0, NVIDIA GeForce RTX 3080, 5853, 4199, 10240, 97, 98
2026/08/04 23:27:00.451, 0, NVIDIA GeForce RTX 3080, 5853, 4199, 10240, 97, 98
2026/08/04 23:27:00.561, 0, NVIDIA GeForce RTX 3080, 5853, 4199, 10240, 97, 98
2026/08/04 23:27:00.668, 0, NVIDIA GeForce RTX 3080, 5853, 4199, 10240, 97, 98
2026/08/04 23:27:00.776, 0, NVIDIA GeForce RTX 3080, 5853, 4199, 10240, 97, 98
2026/08/04 23:27:00.885, 0, NVIDIA GeForce RTX 3080, 5853, 4199, 10240, 97, 98
2026/08/04 23:27:00.994, 0, NVIDIA GeForce RTX 3080, 5853, 4199, 10240, 97, 98
2026/08/04 23:27:01.104, 0, NVIDIA GeForce RTX 3080, 5853, 4199, 10240, 97, 98
2026/08/04 23:27:01.213, 0, NVIDIA GeForce RTX 3080, 5853, 4199, 10240, 96, 97
2026/08/04 23:27:01.322, 0, NVIDIA GeForce RTX 3080, 5853, 4199, 10240, 96, 97
2026/08/04 23:27:01.432, 0, NVIDIA GeForce RTX 3080, 5853, 4199, 10240, 96, 97
2026/08/04 23:27:01.539, 0, NVIDIA GeForce RTX 3080, 5853, 4199, 10240, 96, 97
2026/08/04 23:27:01.648, 0, NVIDIA GeForce RTX 3080, 5853, 4199, 10240, 97, 98
2026/08/04 23:27:01.757, 0, NVIDIA GeForce RTX 3080, 5853, 4199, 10240, 97, 98
2026/08/04 23:27:01.867, 0, NVIDIA GeForce RTX 3080, 5853, 4199, 10240, 97, 98
2026/08/04 23:27:01.976, 0, NVIDIA GeForce RTX 3080, 5853, 4199, 10240, 97, 98
2026/08/04 23:27:02.085, 0, NVIDIA GeForce RTX 3080, 5853, 4199, 10240, 97, 98
2026/08/04 23:27:02.194, 0, NVIDIA GeForce RTX 3080, 5853, 4199, 10240, 97, 98
2026/08/04 23:27:02.304, 0, NVIDIA GeForce RTX 3080, 5853, 4199, 10240, 97, 98
2026/08/04 23:27:02.413, 0, NVIDIA GeForce RTX 3080, 5853, 4199, 10240, 97, 98
2026/08/04 23:27:02.522, 0, NVIDIA GeForce RTX 3080, 5853, 4199, 10240, 97, 98
2026/08/04 23:27:02.646, 0, NVIDIA GeForce RTX 3080, 5853, 4199, 10240, 96, 97
2026/08/04 23:27:02.755, 0, NVIDIA GeForce RTX 3080, 5853, 4199, 10240, 96, 97
2026/08/04 23:27:02.864, 0, NVIDIA GeForce RTX 3080, 5853, 4199, 10240, 96, 97
2026/08/04 23:27:02.973, 0, NVIDIA GeForce RTX 3080, 5853, 4199, 10240, 96, 97
2026/08/04 23:27:03.083, 0, NVIDIA GeForce RTX 3080, 5853, 4199, 10240, 96, 97
2026/08/04 23:27:03.192, 0, NVIDIA GeForce RTX 3080, 5853, 4199, 10240, 96, 98
2026/08/04 23:27:03.300, 0, NVIDIA GeForce RTX 3080, 5853, 4199, 10240, 96, 98
2026/08/04 23:27:03.408, 0, NVIDIA GeForce RTX 3080, 5853, 4199, 10240, 96, 98
2026/08/04 23:27:03.518, 0, NVIDIA GeForce RTX 3080, 5853, 4199, 10240, 96, 98
2026/08/04 23:27:03.626, 0, NVIDIA GeForce RTX 3080, 5853, 4199, 10240, 96, 98
2026/08/04 23:27:03.735, 0, NVIDIA GeForce RTX 3080, 5853, 4199, 10240, 96, 98
2026/08/04 23:27:03.844, 0, NVIDIA GeForce RTX 3080, 5853, 4199, 10240, 96, 98
2026/08/04 23:27:03.954, 0, NVIDIA GeForce RTX 3080, 5853, 4199, 10240, 96, 98
2026/08/04 23:27:04.063, 0, NVIDIA GeForce RTX 3080, 5853, 4199, 10240, 96, 98
2026/08/04 23:27:04.172, 0, NVIDIA GeForce RTX 3080, 5853, 4199, 10240, 96, 98
2026/08/04 23:27:04.280, 0, NVIDIA GeForce RTX 3080, 5853, 4199, 10240, 96, 98
2026/08/04 23:27:04.390, 0, NVIDIA GeForce RTX 3080, 5853, 4199, 10240, 96, 98
2026/08/04 23:27:04.499, 0, NVIDIA GeForce RTX 3080, 5853, 4199, 10240, 96, 98
2026/08/04 23:27:04.608, 0, NVIDIA GeForce RTX 3080, 5853, 4199, 10240, 93, 96
2026/08/04 23:27:04.718, 0, NVIDIA GeForce RTX 3080, 5853, 4199, 10240, 93, 96
2026/08/04 23:27:04.827, 0, NVIDIA GeForce RTX 3080, 5853, 4199, 10240, 93, 96
2026/08/04 23:27:04.936, 0, NVIDIA GeForce RTX 3080, 5853, 4199, 10240, 93, 96
2026/08/04 23:27:05.045, 0, NVIDIA GeForce RTX 3080, 5853, 4199, 10240, 93, 96
2026/08/04 23:27:05.154, 0, NVIDIA GeForce RTX 3080, 5853, 4199, 10240, 96, 98
2026/08/04 23:27:05.264, 0, NVIDIA GeForce RTX 3080, 5853, 4199, 10240, 96, 98
2026/08/04 23:27:05.372, 0, NVIDIA GeForce RTX 3080, 5853, 4199, 10240, 96, 98
2026/08/04 23:27:05.482, 0, NVIDIA GeForce RTX 3080, 5853, 4199, 10240, 96, 98
2026/08/04 23:27:05.591, 0, NVIDIA GeForce RTX 3080, 5853, 4199, 10240, 96, 98
2026/08/04 23:27:05.699, 0, NVIDIA GeForce RTX 3080, 5853, 4199, 10240, 96, 98
2026/08/04 23:27:05.809, 0, NVIDIA GeForce RTX 3080, 5853, 4199, 10240, 96, 98
2026/08/04 23:27:05.918, 0, NVIDIA GeForce RTX 3080, 5853, 4199, 10240, 96, 98
2026/08/04 23:27:06.026, 0, NVIDIA GeForce RTX 3080, 5853, 4199, 10240, 96, 98
2026/08/04 23:27:06.136, 0, NVIDIA GeForce RTX 3080, 5853, 4199, 10240, 96, 98
2026/08/04 23:27:06.244, 0, NVIDIA GeForce RTX 3080, 5853, 4199, 10240, 96, 98
2026/08/04 23:27:06.354, 0, NVIDIA GeForce RTX 3080, 5853, 4199, 10240, 96, 98
2026/08/04 23:27:06.462, 0, NVIDIA GeForce RTX 3080, 5853, 4199, 10240, 96, 98
2026/08/04 23:27:06.571, 0, NVIDIA GeForce RTX 3080, 5853, 4199, 10240, 96, 98
2026/08/04 23:27:06.681, 0, NVIDIA GeForce RTX 3080, 5853, 4199, 10240, 96, 98
2026/08/04 23:27:06.790, 0, NVIDIA GeForce RTX 3080, 5853, 4199, 10240, 96, 98
2026/08/04 23:27:06.899, 0, NVIDIA GeForce RTX 3080, 5853, 4199, 10240, 96, 98
2026/08/04 23:27:07.008, 0, NVIDIA GeForce RTX 3080, 5853, 4199, 10240, 96, 98
2026/08/04 23:27:07.116, 0, NVIDIA GeForce RTX 3080, 5853, 4199, 10240, 96, 98
2026/08/04 23:27:07.225, 0, NVIDIA GeForce RTX 3080, 5853, 4199, 10240, 96, 98
2026/08/04 23:27:07.334, 0, NVIDIA GeForce RTX 3080, 5853, 4199, 10240, 96, 98
2026/08/04 23:27:07.443, 0, NVIDIA GeForce RTX 3080, 5853, 4199, 10240, 96, 98
2026/08/04 23:27:07.553, 0, NVIDIA GeForce RTX 3080, 5853, 4199, 10240, 96, 98
2026/08/04 23:27:07.662, 0, NVIDIA GeForce RTX 3080, 5853, 4199, 10240, 96, 98
2026/08/04 23:27:07.770, 0, NVIDIA GeForce RTX 3080, 5853, 4199, 10240, 96, 98
2026/08/04 23:27:07.880, 0, NVIDIA GeForce RTX 3080, 5853, 4199, 10240, 96, 98
2026/08/04 23:27:07.988, 0, NVIDIA GeForce RTX 3080, 5853, 4199, 10240, 96, 98
2026/08/04 23:27:08.096, 0, NVIDIA GeForce RTX 3080, 5853, 4199, 10240, 96, 98
2026/08/04 23:27:08.206, 0, NVIDIA GeForce RTX 3080, 5853, 4199, 10240, 96, 97
2026/08/04 23:27:08.315, 0, NVIDIA GeForce RTX 3080, 5853, 4199, 10240, 96, 97
2026/08/04 23:27:08.424, 0, NVIDIA GeForce RTX 3080, 5853, 4199, 10240, 96, 97
2026/08/04 23:27:08.534, 0, NVIDIA GeForce RTX 3080, 5853, 4199, 10240, 96, 97
2026/08/04 23:27:08.642, 0, NVIDIA GeForce RTX 3080, 5853, 4199, 10240, 97, 98
2026/08/04 23:27:08.753, 0, NVIDIA GeForce RTX 3080, 5853, 4199, 10240, 97, 98
2026/08/04 23:27:08.862, 0, NVIDIA GeForce RTX 3080, 5853, 4199, 10240, 97, 98
2026/08/04 23:27:08.971, 0, NVIDIA GeForce RTX 3080, 5853, 4199, 10240, 97, 98
2026/08/04 23:27:09.080, 0, NVIDIA GeForce RTX 3080, 5853, 4199, 10240, 97, 98
2026/08/04 23:27:09.189, 0, NVIDIA GeForce RTX 3080, 5853, 4199, 10240, 96, 98
2026/08/04 23:27:09.298, 0, NVIDIA GeForce RTX 3080, 5853, 4199, 10240, 96, 98
2026/08/04 23:27:09.407, 0, NVIDIA GeForce RTX 3080, 5853, 4199, 10240, 96, 98
2026/08/04 23:27:09.517, 0, NVIDIA GeForce RTX 3080, 5853, 4199, 10240, 96, 98
2026/08/04 23:27:09.625, 0, NVIDIA GeForce RTX 3080, 5853, 4199, 10240, 96, 98
2026/08/04 23:27:09.735, 0, NVIDIA GeForce RTX 3080, 5853, 4199, 10240, 96, 98
2026/08/04 23:27:09.844, 0, NVIDIA GeForce RTX 3080, 5853, 4199, 10240, 96, 98
2026/08/04 23:27:09.953, 0, NVIDIA GeForce RTX 3080, 5853, 4199, 10240, 96, 98
2026/08/04 23:27:10.063, 0, NVIDIA GeForce RTX 3080, 5853, 4199, 10240, 96, 98
2026/08/04 23:27:10.177, 0, NVIDIA GeForce RTX 3080, 5853, 4199, 10240, 96, 98
2026/08/04 23:27:10.286, 0, NVIDIA GeForce RTX 3080, 5853, 4199, 10240, 96, 98
2026/08/04 23:27:10.395, 0, NVIDIA GeForce RTX 3080, 5853, 4199, 10240, 96, 98
2026/08/04 23:27:10.504, 0, NVIDIA GeForce RTX 3080, 5853, 4199, 10240, 96, 98
2026/08/04 23:27:10.614, 0, NVIDIA GeForce RTX 3080, 5853, 4199, 10240, 96, 97
2026/08/04 23:27:10.716, 0, NVIDIA GeForce RTX 3080, 5853, 4199, 10240, 96, 97
2026/08/04 23:27:10.825, 0, NVIDIA GeForce RTX 3080, 5853, 4199, 10240, 96, 97
2026/08/04 23:27:10.934, 0, NVIDIA GeForce RTX 3080, 5853, 4199, 10240, 96, 97
2026/08/04 23:27:11.043, 0, NVIDIA GeForce RTX 3080, 5853, 4199, 10240, 96, 97
2026/08/04 23:27:11.153, 0, NVIDIA GeForce RTX 3080, 5853, 4199, 10240, 96, 98
2026/08/04 23:27:11.262, 0, NVIDIA GeForce RTX 3080, 5853, 4199, 10240, 96, 98
2026/08/04 23:27:11.371, 0, NVIDIA GeForce RTX 3080, 5853, 4199, 10240, 96, 98
2026/08/04 23:27:11.481, 0, NVIDIA GeForce RTX 3080, 5853, 4199, 10240, 96, 98
2026/08/04 23:27:11.589, 0, NVIDIA GeForce RTX 3080, 5853, 4199, 10240, 96, 98
2026/08/04 23:27:11.698, 0, NVIDIA GeForce RTX 3080, 5853, 4199, 10240, 96, 98
2026/08/04 23:27:11.807, 0, NVIDIA GeForce RTX 3080, 5853, 4199, 10240, 96, 98
2026/08/04 23:27:11.916, 0, NVIDIA GeForce RTX 3080, 5853, 4199, 10240, 96, 98
2026/08/04 23:27:12.025, 0, NVIDIA GeForce RTX 3080, 5853, 4199, 10240, 96, 98
2026/08/04 23:27:12.134, 0, NVIDIA GeForce RTX 3080, 5853, 4199, 10240, 96, 98
2026/08/04 23:27:12.243, 0, NVIDIA GeForce RTX 3080, 5853, 4199, 10240, 96, 98
2026/08/04 23:27:12.353, 0, NVIDIA GeForce RTX 3080, 5853, 4199, 10240, 96, 98
2026/08/04 23:27:12.462, 0, NVIDIA GeForce RTX 3080, 5853, 4199, 10240, 96, 98
2026/08/04 23:27:12.571, 0, NVIDIA GeForce RTX 3080, 5853, 4199, 10240, 96, 98
2026/08/04 23:27:12.680, 0, NVIDIA GeForce RTX 3080, 5853, 4199, 10240, 95, 97
2026/08/04 23:27:12.790, 0, NVIDIA GeForce RTX 3080, 5853, 4199, 10240, 95, 97
2026/08/04 23:27:12.899, 0, NVIDIA GeForce RTX 3080, 5853, 4199, 10240, 95, 97
2026/08/04 23:27:13.008, 0, NVIDIA GeForce RTX 3080, 5853, 4199, 10240, 95, 97
2026/08/04 23:27:13.117, 0, NVIDIA GeForce RTX 3080, 5853, 4199, 10240, 97, 97
2026/08/04 23:27:13.226, 0, NVIDIA GeForce RTX 3080, 5853, 4199, 10240, 97, 97
2026/08/04 23:27:13.335, 0, NVIDIA GeForce RTX 3080, 5853, 4199, 10240, 97, 97
2026/08/04 23:27:13.444, 0, NVIDIA GeForce RTX 3080, 5853, 4199, 10240, 97, 97
2026/08/04 23:27:13.553, 0, NVIDIA GeForce RTX 3080, 5853, 4199, 10240, 97, 97
2026/08/04 23:27:13.663, 0, NVIDIA GeForce RTX 3080, 5853, 4199, 10240, 96, 98
2026/08/04 23:27:13.772, 0, NVIDIA GeForce RTX 3080, 5853, 4199, 10240, 96, 98
2026/08/04 23:27:13.881, 0, NVIDIA GeForce RTX 3080, 5853, 4199, 10240, 96, 98
2026/08/04 23:27:13.991, 0, NVIDIA GeForce RTX 3080, 5853, 4199, 10240, 96, 98
2026/08/04 23:27:14.099, 0, NVIDIA GeForce RTX 3080, 5853, 4199, 10240, 96, 98
2026/08/04 23:27:14.209, 0, NVIDIA GeForce RTX 3080, 5853, 4199, 10240, 97, 98
2026/08/04 23:27:14.318, 0, NVIDIA GeForce RTX 3080, 5853, 4199, 10240, 97, 98
2026/08/04 23:27:14.427, 0, NVIDIA GeForce RTX 3080, 5853, 4199, 10240, 97, 98
2026/08/04 23:27:14.537, 0, NVIDIA GeForce RTX 3080, 5853, 4199, 10240, 97, 98
2026/08/04 23:27:14.646, 0, NVIDIA GeForce RTX 3080, 5853, 4199, 10240, 97, 98
2026/08/04 23:27:14.755, 0, NVIDIA GeForce RTX 3080, 5853, 4199, 10240, 97, 98
2026/08/04 23:27:14.864, 0, NVIDIA GeForce RTX 3080, 5853, 4199, 10240, 97, 98
2026/08/04 23:27:14.973, 0, NVIDIA GeForce RTX 3080, 5853, 4199, 10240, 97, 98
2026/08/04 23:27:15.082, 0, NVIDIA GeForce RTX 3080, 5853, 4199, 10240, 97, 98
2026/08/04 23:27:15.191, 0, NVIDIA GeForce RTX 3080, 5853, 4199, 10240, 97, 98
2026/08/04 23:27:15.300, 0, NVIDIA GeForce RTX 3080, 5853, 4199, 10240, 97, 98
2026/08/04 23:27:15.410, 0, NVIDIA GeForce RTX 3080, 5853, 4199, 10240, 97, 98
2026/08/04 23:27:15.519, 0, NVIDIA GeForce RTX 3080, 5853, 4199, 10240, 97, 98
2026/08/04 23:27:15.628, 0, NVIDIA GeForce RTX 3080, 5853, 4199, 10240, 97, 97
2026/08/04 23:27:15.738, 0, NVIDIA GeForce RTX 3080, 5853, 4199, 10240, 97, 97
2026/08/04 23:27:15.847, 0, NVIDIA GeForce RTX 3080, 5853, 4199, 10240, 97, 97
2026/08/04 23:27:15.956, 0, NVIDIA GeForce RTX 3080, 5853, 4199, 10240, 97, 97
2026/08/04 23:27:16.065, 0, NVIDIA GeForce RTX 3080, 5853, 4199, 10240, 97, 97
2026/08/04 23:27:16.175, 0, NVIDIA GeForce RTX 3080, 5853, 4199, 10240, 97, 98
2026/08/04 23:27:16.284, 0, NVIDIA GeForce RTX 3080, 5853, 4199, 10240, 97, 98
2026/08/04 23:27:16.392, 0, NVIDIA GeForce RTX 3080, 5853, 4199, 10240, 97, 98
2026/08/04 23:27:16.501, 0, NVIDIA GeForce RTX 3080, 5853, 4199, 10240, 97, 98
2026/08/04 23:27:16.611, 0, NVIDIA GeForce RTX 3080, 5853, 4199, 10240, 97, 98
2026/08/04 23:27:16.720, 0, NVIDIA GeForce RTX 3080, 5853, 4199, 10240, 97, 98
2026/08/04 23:27:16.828, 0, NVIDIA GeForce RTX 3080, 5853, 4199, 10240, 97, 98
2026/08/04 23:27:16.937, 0, NVIDIA GeForce RTX 3080, 5853, 4199, 10240, 97, 98
2026/08/04 23:27:17.047, 0, NVIDIA GeForce RTX 3080, 5853, 4199, 10240, 97, 98
2026/08/04 23:27:17.156, 0, NVIDIA GeForce RTX 3080, 5853, 4199, 10240, 97, 98
2026/08/04 23:27:17.265, 0, NVIDIA GeForce RTX 3080, 5853, 4199, 10240, 97, 98
2026/08/04 23:27:17.375, 0, NVIDIA GeForce RTX 3080, 5853, 4199, 10240, 97, 98
2026/08/04 23:27:17.484, 0, NVIDIA GeForce RTX 3080, 5853, 4199, 10240, 97, 98
2026/08/04 23:27:17.593, 0, NVIDIA GeForce RTX 3080, 1317, 8735, 10240, 97, 98
2026/08/04 23:27:17.701, 0, NVIDIA GeForce RTX 3080, 1317, 8735, 10240, 66, 67
2026/08/04 23:27:17.811, 0, NVIDIA GeForce RTX 3080, 1317, 8735, 10240, 66, 67
2026/08/04 23:27:17.921, 0, NVIDIA GeForce RTX 3080, 1324, 8728, 10240, 66, 67
2026/08/04 23:27:18.031, 0, NVIDIA GeForce RTX 3080, 1161, 8891, 10240, 66, 67
