timestamp,index,name,memory_used_mib,memory_free_mib,memory_total_mib,memory_utilization_percent,gpu_utilization_percent 
2026/08/05 00:06:13.703, 0, NVIDIA GeForce RTX 3080, 1169, 8883, 10240, 0, 0
2026/08/05 00:06:13.812, 0, NVIDIA GeForce RTX 3080, 1169, 8883, 10240, 0, 0
2026/08/05 00:06:13.921, 0, NVIDIA GeForce RTX 3080, 1190, 8862, 10240, 0, 0
2026/08/05 00:06:14.030, 0, NVIDIA GeForce RTX 3080, 1358, 8694, 10240, 0, 0
2026/08/05 00:06:14.139, 0, NVIDIA GeForce RTX 3080, 1358, 8694, 10240, 0, 4
2026/08/05 00:06:14.249, 0, NVIDIA GeForce RTX 3080, 1934, 8118, 10240, 0, 4
2026/08/05 00:06:14.357, 0, NVIDIA GeForce RTX 3080, 4614, 5438, 10240, 0, 4
2026/08/05 00:06:14.467, 0, NVIDIA GeForce RTX 3080, 4614, 5438, 10240, 0, 4
2026/08/05 00:06:14.577, 0, NVIDIA GeForce RTX 3080, 4614, 5438, 10240, 1, 13
2026/08/05 00:06:14.685, 0, NVIDIA GeForce RTX 3080, 4614, 5438, 10240, 1, 13
2026/08/05 00:06:14.795, 0, NVIDIA GeForce RTX 3080, 4614, 5438, 10240, 1, 13
2026/08/05 00:06:14.904, 0, NVIDIA GeForce RTX 3080, 4614, 5438, 10240, 1, 13
2026/08/05 00:06:15.012, 0, NVIDIA GeForce RTX 3080, 4614, 5438, 10240, 1, 13
2026/08/05 00:06:15.122, 0, NVIDIA GeForce RTX 3080, 4614, 5438, 10240, 1, 13
2026/08/05 00:06:15.231, 0, NVIDIA GeForce RTX 3080, 4614, 5438, 10240, 1, 13
2026/08/05 00:06:15.341, 0, NVIDIA GeForce RTX 3080, 4614, 5438, 10240, 1, 13
2026/08/05 00:06:15.450, 0, NVIDIA GeForce RTX 3080, 4964, 5088, 10240, 1, 13
2026/08/05 00:06:15.559, 0, NVIDIA GeForce RTX 3080, 4970, 5082, 10240, 1, 13
2026/08/05 00:06:15.669, 0, NVIDIA GeForce RTX 3080, 4970, 5082, 10240, 48, 77
2026/08/05 00:06:15.779, 0, NVIDIA GeForce RTX 3080, 4970, 5082, 10240, 48, 77
2026/08/05 00:06:15.887, 0, NVIDIA GeForce RTX 3080, 4970, 5082, 10240, 48, 77
2026/08/05 00:06:15.997, 0, NVIDIA GeForce RTX 3080, 4970, 5082, 10240, 48, 77
2026/08/05 00:06:16.107, 0, NVIDIA GeForce RTX 3080, 6010, 4042, 10240, 52, 89
2026/08/05 00:06:16.216, 0, NVIDIA GeForce RTX 3080, 6010, 4042, 10240, 52, 89
2026/08/05 00:06:16.325, 0, NVIDIA GeForce RTX 3080, 6010, 4042, 10240, 52, 89
2026/08/05 00:06:16.434, 0, NVIDIA GeForce RTX 3080, 6010, 4042, 10240, 52, 89
2026/08/05 00:06:16.543, 0, NVIDIA GeForce RTX 3080, 6010, 4042, 10240, 52, 89
2026/08/05 00:06:16.652, 0, NVIDIA GeForce RTX 3080, 6010, 4042, 10240, 96, 98
2026/08/05 00:06:16.761, 0, NVIDIA GeForce RTX 3080, 6010, 4042, 10240, 96, 98
2026/08/05 00:06:16.871, 0, NVIDIA GeForce RTX 3080, 6010, 4042, 10240, 96, 98
2026/08/05 00:06:16.980, 0, NVIDIA GeForce RTX 3080, 6010, 4042, 10240, 96, 98
2026/08/05 00:06:17.089, 0, NVIDIA GeForce RTX 3080, 6010, 4042, 10240, 96, 97
2026/08/05 00:06:17.199, 0, NVIDIA GeForce RTX 3080, 6010, 4042, 10240, 96, 97
2026/08/05 00:06:17.308, 0, NVIDIA GeForce RTX 3080, 6010, 4042, 10240, 96, 97
2026/08/05 00:06:17.417, 0, NVIDIA GeForce RTX 3080, 6010, 4042, 10240, 96, 97
2026/08/05 00:06:17.526, 0, NVIDIA GeForce RTX 3080, 6010, 4042, 10240, 96, 97
2026/08/05 00:06:17.635, 0, NVIDIA GeForce RTX 3080, 6010, 4042, 10240, 96, 98
2026/08/05 00:06:17.744, 0, NVIDIA GeForce RTX 3080, 6010, 4042, 10240, 96, 98
2026/08/05 00:06:17.853, 0, NVIDIA GeForce RTX 3080, 6010, 4042, 10240, 96, 98
2026/08/05 00:06:17.962, 0, NVIDIA GeForce RTX 3080, 6010, 4042, 10240, 96, 98
2026/08/05 00:06:18.072, 0, NVIDIA GeForce RTX 3080, 6010, 4042, 10240, 96, 98
2026/08/05 00:06:18.181, 0, NVIDIA GeForce RTX 3080, 6010, 4042, 10240, 96, 98
2026/08/05 00:06:18.290, 0, NVIDIA GeForce RTX 3080, 6010, 4042, 10240, 96, 98
2026/08/05 00:06:18.399, 0, NVIDIA GeForce RTX 3080, 6010, 4042, 10240, 96, 98
2026/08/05 00:06:18.508, 0, NVIDIA GeForce RTX 3080, 6010, 4042, 10240, 96, 98
2026/08/05 00:06:18.617, 0, NVIDIA GeForce RTX 3080, 6010, 4042, 10240, 96, 98
2026/08/05 00:06:18.726, 0, NVIDIA GeForce RTX 3080, 6010, 4042, 10240, 96, 98
2026/08/05 00:06:18.835, 0, NVIDIA GeForce RTX 3080, 6010, 4042, 10240, 96, 98
2026/08/05 00:06:18.944, 0, NVIDIA GeForce RTX 3080, 6010, 4042, 10240, 96, 98
2026/08/05 00:06:19.054, 0, NVIDIA GeForce RTX 3080, 6010, 4042, 10240, 96, 98
2026/08/05 00:06:19.162, 0, NVIDIA GeForce RTX 3080, 6010, 4042, 10240, 96, 98
2026/08/05 00:06:19.271, 0, NVIDIA GeForce RTX 3080, 6010, 4042, 10240, 96, 98
2026/08/05 00:06:19.380, 0, NVIDIA GeForce RTX 3080, 6010, 4042, 10240, 96, 98
2026/08/05 00:06:19.489, 0, NVIDIA GeForce RTX 3080, 6010, 4042, 10240, 96, 98
2026/08/05 00:06:19.599, 0, NVIDIA GeForce RTX 3080, 6010, 4042, 10240, 96, 98
2026/08/05 00:06:19.707, 0, NVIDIA GeForce RTX 3080, 6010, 4042, 10240, 96, 98
2026/08/05 00:06:19.816, 0, NVIDIA GeForce RTX 3080, 6010, 4042, 10240, 96, 98
2026/08/05 00:06:19.926, 0, NVIDIA GeForce RTX 3080, 6010, 4042, 10240, 96, 98
2026/08/05 00:06:20.034, 0, NVIDIA GeForce RTX 3080, 6010, 4042, 10240, 96, 98
2026/08/05 00:06:20.143, 0, NVIDIA GeForce RTX 3080, 6010, 4042, 10240, 96, 98
2026/08/05 00:06:20.253, 0, NVIDIA GeForce RTX 3080, 6010, 4042, 10240, 96, 98
2026/08/05 00:06:20.361, 0, NVIDIA GeForce RTX 3080, 6010, 4042, 10240, 96, 98
2026/08/05 00:06:20.471, 0, NVIDIA GeForce RTX 3080, 6010, 4042, 10240, 96, 98
2026/08/05 00:06:20.580, 0, NVIDIA GeForce RTX 3080, 6010, 4042, 10240, 96, 98
2026/08/05 00:06:20.689, 0, NVIDIA GeForce RTX 3080, 6010, 4042, 10240, 96, 98
2026/08/05 00:06:20.799, 0, NVIDIA GeForce RTX 3080, 6010, 4042, 10240, 96, 98
2026/08/05 00:06:20.908, 0, NVIDIA GeForce RTX 3080, 6010, 4042, 10240, 96, 98
2026/08/05 00:06:21.017, 0, NVIDIA GeForce RTX 3080, 6010, 4042, 10240, 96, 98
2026/08/05 00:06:21.127, 0, NVIDIA GeForce RTX 3080, 6010, 4042, 10240, 97, 98
2026/08/05 00:06:21.236, 0, NVIDIA GeForce RTX 3080, 6010, 4042, 10240, 97, 98
2026/08/05 00:06:21.345, 0, NVIDIA GeForce RTX 3080, 6010, 4042, 10240, 97, 98
2026/08/05 00:06:21.454, 0, NVIDIA GeForce RTX 3080, 6010, 4042, 10240, 97, 98
2026/08/05 00:06:21.563, 0, NVIDIA GeForce RTX 3080, 6010, 4042, 10240, 97, 98
2026/08/05 00:06:21.672, 0, NVIDIA GeForce RTX 3080, 6010, 4042, 10240, 97, 98
2026/08/05 00:06:21.781, 0, NVIDIA GeForce RTX 3080, 6010, 4042, 10240, 97, 98
2026/08/05 00:06:21.890, 0, NVIDIA GeForce RTX 3080, 6010, 4042, 10240, 97, 98
2026/08/05 00:06:22.000, 0, NVIDIA GeForce RTX 3080, 6010, 4042, 10240, 97, 98
2026/08/05 00:06:22.109, 0, NVIDIA GeForce RTX 3080, 6010, 4042, 10240, 96, 98
2026/08/05 00:06:22.218, 0, NVIDIA GeForce RTX 3080, 6010, 4042, 10240, 96, 98
2026/08/05 00:06:22.328, 0, NVIDIA GeForce RTX 3080, 6010, 4042, 10240, 96, 98
2026/08/05 00:06:22.436, 0, NVIDIA GeForce RTX 3080, 6010, 4042, 10240, 96, 98
2026/08/05 00:06:22.545, 0, NVIDIA GeForce RTX 3080, 6010, 4042, 10240, 96, 98
2026/08/05 00:06:22.655, 0, NVIDIA GeForce RTX 3080, 6010, 4042, 10240, 95, 96
2026/08/05 00:06:22.764, 0, NVIDIA GeForce RTX 3080, 6010, 4042, 10240, 95, 96
2026/08/05 00:06:22.873, 0, NVIDIA GeForce RTX 3080, 6010, 4042, 10240, 95, 96
2026/08/05 00:06:22.982, 0, NVIDIA GeForce RTX 3080, 6010, 4042, 10240, 95, 96
2026/08/05 00:06:23.091, 0, NVIDIA GeForce RTX 3080, 6010, 4042, 10240, 96, 98
2026/08/05 00:06:23.198, 0, NVIDIA GeForce RTX 3080, 6010, 4042, 10240, 96, 98
2026/08/05 00:06:23.308, 0, NVIDIA GeForce RTX 3080, 6010, 4042, 10240, 96, 98
2026/08/05 00:06:23.417, 0, NVIDIA GeForce RTX 3080, 6010, 4042, 10240, 96, 98
2026/08/05 00:06:23.526, 0, NVIDIA GeForce RTX 3080, 6010, 4042, 10240, 96, 98
2026/08/05 00:06:23.635, 0, NVIDIA GeForce RTX 3080, 6010, 4042, 10240, 96, 98
2026/08/05 00:06:23.744, 0, NVIDIA GeForce RTX 3080, 6010, 4042, 10240, 96, 98
2026/08/05 00:06:23.853, 0, NVIDIA GeForce RTX 3080, 6010, 4042, 10240, 96, 98
2026/08/05 00:06:23.962, 0, NVIDIA GeForce RTX 3080, 6010, 4042, 10240, 96, 98
2026/08/05 00:06:24.072, 0, NVIDIA GeForce RTX 3080, 6010, 4042, 10240, 96, 98
2026/08/05 00:06:24.181, 0, NVIDIA GeForce RTX 3080, 6010, 4042, 10240, 96, 98
2026/08/05 00:06:24.290, 0, NVIDIA GeForce RTX 3080, 6010, 4042, 10240, 96, 98
2026/08/05 00:06:24.399, 0, NVIDIA GeForce RTX 3080, 6010, 4042, 10240, 96, 98
2026/08/05 00:06:24.508, 0, NVIDIA GeForce RTX 3080, 6010, 4042, 10240, 96, 98
2026/08/05 00:06:24.617, 0, NVIDIA GeForce RTX 3080, 6010, 4042, 10240, 96, 98
2026/08/05 00:06:24.725, 0, NVIDIA GeForce RTX 3080, 6010, 4042, 10240, 96, 98
2026/08/05 00:06:24.835, 0, NVIDIA GeForce RTX 3080, 6010, 4042, 10240, 96, 98
2026/08/05 00:06:24.943, 0, NVIDIA GeForce RTX 3080, 6010, 4042, 10240, 96, 98
2026/08/05 00:06:25.053, 0, NVIDIA GeForce RTX 3080, 6010, 4042, 10240, 96, 98
2026/08/05 00:06:25.162, 0, NVIDIA GeForce RTX 3080, 6010, 4042, 10240, 96, 98
2026/08/05 00:06:25.270, 0, NVIDIA GeForce RTX 3080, 6010, 4042, 10240, 96, 98
2026/08/05 00:06:25.379, 0, NVIDIA GeForce RTX 3080, 6010, 4042, 10240, 96, 98
2026/08/05 00:06:25.488, 0, NVIDIA GeForce RTX 3080, 6010, 4042, 10240, 96, 98
2026/08/05 00:06:25.598, 0, NVIDIA GeForce RTX 3080, 6010, 4042, 10240, 97, 98
2026/08/05 00:06:25.708, 0, NVIDIA GeForce RTX 3080, 6010, 4042, 10240, 97, 98
2026/08/05 00:06:25.816, 0, NVIDIA GeForce RTX 3080, 6010, 4042, 10240, 97, 98
2026/08/05 00:06:25.926, 0, NVIDIA GeForce RTX 3080, 6010, 4042, 10240, 97, 98
2026/08/05 00:06:26.035, 0, NVIDIA GeForce RTX 3080, 6010, 4042, 10240, 97, 98
2026/08/05 00:06:26.144, 0, NVIDIA GeForce RTX 3080, 6010, 4042, 10240, 97, 98
2026/08/05 00:06:26.254, 0, NVIDIA GeForce RTX 3080, 6010, 4042, 10240, 97, 98
2026/08/05 00:06:26.363, 0, NVIDIA GeForce RTX 3080, 6010, 4042, 10240, 97, 98
2026/08/05 00:06:26.471, 0, NVIDIA GeForce RTX 3080, 6010, 4042, 10240, 97, 98
2026/08/05 00:06:26.581, 0, NVIDIA GeForce RTX 3080, 6010, 4042, 10240, 97, 98
2026/08/05 00:06:26.689, 0, NVIDIA GeForce RTX 3080, 6010, 4042, 10240, 97, 98
2026/08/05 00:06:26.799, 0, NVIDIA GeForce RTX 3080, 6010, 4042, 10240, 97, 98
2026/08/05 00:06:26.909, 0, NVIDIA GeForce RTX 3080, 6010, 4042, 10240, 97, 98
2026/08/05 00:06:27.017, 0, NVIDIA GeForce RTX 3080, 6010, 4042, 10240, 97, 98
2026/08/05 00:06:27.127, 0, NVIDIA GeForce RTX 3080, 6010, 4042, 10240, 97, 98
2026/08/05 00:06:27.236, 0, NVIDIA GeForce RTX 3080, 6010, 4042, 10240, 97, 98
2026/08/05 00:06:27.345, 0, NVIDIA GeForce RTX 3080, 6010, 4042, 10240, 97, 98
2026/08/05 00:06:27.455, 0, NVIDIA GeForce RTX 3080, 6010, 4042, 10240, 97, 98
2026/08/05 00:06:27.563, 0, NVIDIA GeForce RTX 3080, 6010, 4042, 10240, 97, 97
2026/08/05 00:06:27.672, 0, NVIDIA GeForce RTX 3080, 6010, 4042, 10240, 97, 97
2026/08/05 00:06:27.782, 0, NVIDIA GeForce RTX 3080, 6010, 4042, 10240, 97, 97
2026/08/05 00:06:27.890, 0, NVIDIA GeForce RTX 3080, 6010, 4042, 10240, 97, 97
2026/08/05 00:06:28.000, 0, NVIDIA GeForce RTX 3080, 6010, 4042, 10240, 97, 97
2026/08/05 00:06:28.109, 0, NVIDIA GeForce RTX 3080, 6010, 4042, 10240, 97, 98
2026/08/05 00:06:28.218, 0, NVIDIA GeForce RTX 3080, 6010, 4042, 10240, 97, 98
2026/08/05 00:06:28.327, 0, NVIDIA GeForce RTX 3080, 6010, 4042, 10240, 97, 98
2026/08/05 00:06:28.437, 0, NVIDIA GeForce RTX 3080, 6010, 4042, 10240, 97, 98
2026/08/05 00:06:28.545, 0, NVIDIA GeForce RTX 3080, 6010, 4042, 10240, 97, 98
2026/08/05 00:06:28.655, 0, NVIDIA GeForce RTX 3080, 6010, 4042, 10240, 97, 98
2026/08/05 00:06:28.764, 0, NVIDIA GeForce RTX 3080, 6010, 4042, 10240, 97, 98
2026/08/05 00:06:28.873, 0, NVIDIA GeForce RTX 3080, 6010, 4042, 10240, 97, 98
2026/08/05 00:06:28.983, 0, NVIDIA GeForce RTX 3080, 6010, 4042, 10240, 97, 98
2026/08/05 00:06:29.092, 0, NVIDIA GeForce RTX 3080, 6010, 4042, 10240, 94, 96
2026/08/05 00:06:29.200, 0, NVIDIA GeForce RTX 3080, 6010, 4042, 10240, 94, 96
2026/08/05 00:06:29.310, 0, NVIDIA GeForce RTX 3080, 6010, 4042, 10240, 94, 96
2026/08/05 00:06:29.418, 0, NVIDIA GeForce RTX 3080, 6010, 4042, 10240, 94, 96
2026/08/05 00:06:29.528, 0, NVIDIA GeForce RTX 3080, 6010, 4042, 10240, 94, 96
2026/08/05 00:06:29.637, 0, NVIDIA GeForce RTX 3080, 6010, 4042, 10240, 97, 98
2026/08/05 00:06:29.746, 0, NVIDIA GeForce RTX 3080, 6010, 4042, 10240, 97, 98
2026/08/05 00:06:29.856, 0, NVIDIA GeForce RTX 3080, 6010, 4042, 10240, 97, 98
2026/08/05 00:06:29.965, 0, NVIDIA GeForce RTX 3080, 6010, 4042, 10240, 97, 98
2026/08/05 00:06:30.073, 0, NVIDIA GeForce RTX 3080, 6010, 4042, 10240, 97, 98
2026/08/05 00:06:30.183, 0, NVIDIA GeForce RTX 3080, 6010, 4042, 10240, 97, 98
2026/08/05 00:06:30.291, 0, NVIDIA GeForce RTX 3080, 6010, 4042, 10240, 97, 98
2026/08/05 00:06:30.401, 0, NVIDIA GeForce RTX 3080, 6010, 4042, 10240, 97, 98
2026/08/05 00:06:30.511, 0, NVIDIA GeForce RTX 3080, 6010, 4042, 10240, 97, 98
2026/08/05 00:06:30.619, 0, NVIDIA GeForce RTX 3080, 6010, 4042, 10240, 97, 98
2026/08/05 00:06:30.728, 0, NVIDIA GeForce RTX 3080, 6010, 4042, 10240, 97, 98
2026/08/05 00:06:30.837, 0, NVIDIA GeForce RTX 3080, 6010, 4042, 10240, 97, 98
2026/08/05 00:06:30.946, 0, NVIDIA GeForce RTX 3080, 6010, 4042, 10240, 97, 98
2026/08/05 00:06:31.056, 0, NVIDIA GeForce RTX 3080, 6010, 4042, 10240, 97, 98
2026/08/05 00:06:31.165, 0, NVIDIA GeForce RTX 3080, 6010, 4042, 10240, 97, 98
2026/08/05 00:06:31.274, 0, NVIDIA GeForce RTX 3080, 6010, 4042, 10240, 97, 98
2026/08/05 00:06:31.384, 0, NVIDIA GeForce RTX 3080, 6010, 4042, 10240, 97, 98
2026/08/05 00:06:31.493, 0, NVIDIA GeForce RTX 3080, 6010, 4042, 10240, 97, 98
2026/08/05 00:06:31.601, 0, NVIDIA GeForce RTX 3080, 6010, 4042, 10240, 97, 98
2026/08/05 00:06:31.711, 0, NVIDIA GeForce RTX 3080, 6010, 4042, 10240, 97, 98
2026/08/05 00:06:31.819, 0, NVIDIA GeForce RTX 3080, 6010, 4042, 10240, 97, 98
2026/08/05 00:06:31.929, 0, NVIDIA GeForce RTX 3080, 6010, 4042, 10240, 97, 98
2026/08/05 00:06:32.039, 0, NVIDIA GeForce RTX 3080, 6010, 4042, 10240, 97, 98
2026/08/05 00:06:32.147, 0, NVIDIA GeForce RTX 3080, 6010, 4042, 10240, 97, 97
2026/08/05 00:06:32.257, 0, NVIDIA GeForce RTX 3080, 6010, 4042, 10240, 97, 97
2026/08/05 00:06:32.367, 0, NVIDIA GeForce RTX 3080, 6010, 4042, 10240, 97, 97
2026/08/05 00:06:32.475, 0, NVIDIA GeForce RTX 3080, 6010, 4042, 10240, 97, 97
2026/08/05 00:06:32.584, 0, NVIDIA GeForce RTX 3080, 6010, 4042, 10240, 97, 98
2026/08/05 00:06:32.694, 0, NVIDIA GeForce RTX 3080, 6010, 4042, 10240, 97, 98
2026/08/05 00:06:32.803, 0, NVIDIA GeForce RTX 3080, 6010, 4042, 10240, 97, 98
2026/08/05 00:06:32.912, 0, NVIDIA GeForce RTX 3080, 6010, 4042, 10240, 97, 98
2026/08/05 00:06:33.021, 0, NVIDIA GeForce RTX 3080, 6010, 4042, 10240, 97, 98
2026/08/05 00:06:33.131, 0, NVIDIA GeForce RTX 3080, 6010, 4042, 10240, 97, 97
2026/08/05 00:06:33.239, 0, NVIDIA GeForce RTX 3080, 6010, 4042, 10240, 97, 97
2026/08/05 00:06:33.347, 0, NVIDIA GeForce RTX 3080, 6010, 4042, 10240, 97, 97
2026/08/05 00:06:33.457, 0, NVIDIA GeForce RTX 3080, 6010, 4042, 10240, 97, 97
2026/08/05 00:06:33.567, 0, NVIDIA GeForce RTX 3080, 6010, 4042, 10240, 97, 97
2026/08/05 00:06:33.675, 0, NVIDIA GeForce RTX 3080, 6010, 4042, 10240, 97, 97
2026/08/05 00:06:33.785, 0, NVIDIA GeForce RTX 3080, 6010, 4042, 10240, 97, 97
2026/08/05 00:06:33.894, 0, NVIDIA GeForce RTX 3080, 6010, 4042, 10240, 97, 97
2026/08/05 00:06:34.003, 0, NVIDIA GeForce RTX 3080, 6010, 4042, 10240, 97, 97
2026/08/05 00:06:34.113, 0, NVIDIA GeForce RTX 3080, 6010, 4042, 10240, 95, 96
2026/08/05 00:06:34.222, 0, NVIDIA GeForce RTX 3080, 6010, 4042, 10240, 95, 96
2026/08/05 00:06:34.330, 0, NVIDIA GeForce RTX 3080, 6010, 4042, 10240, 95, 96
2026/08/05 00:06:34.440, 0, NVIDIA GeForce RTX 3080, 6010, 4042, 10240, 95, 96
2026/08/05 00:06:34.548, 0, NVIDIA GeForce RTX 3080, 6010, 4042, 10240, 95, 96
2026/08/05 00:06:34.658, 0, NVIDIA GeForce RTX 3080, 6010, 4042, 10240, 98, 98
2026/08/05 00:06:34.767, 0, NVIDIA GeForce RTX 3080, 6010, 4042, 10240, 98, 98
2026/08/05 00:06:34.876, 0, NVIDIA GeForce RTX 3080, 6010, 4042, 10240, 98, 98
2026/08/05 00:06:34.986, 0, NVIDIA GeForce RTX 3080, 6010, 4042, 10240, 98, 98
2026/08/05 00:06:35.095, 0, NVIDIA GeForce RTX 3080, 6010, 4042, 10240, 97, 98
2026/08/05 00:06:35.203, 0, NVIDIA GeForce RTX 3080, 6010, 4042, 10240, 97, 98
2026/08/05 00:06:35.313, 0, NVIDIA GeForce RTX 3080, 6010, 4042, 10240, 97, 98
2026/08/05 00:06:35.423, 0, NVIDIA GeForce RTX 3080, 6010, 4042, 10240, 97, 98
2026/08/05 00:06:35.531, 0, NVIDIA GeForce RTX 3080, 6010, 4042, 10240, 97, 98
2026/08/05 00:06:35.641, 0, NVIDIA GeForce RTX 3080, 6010, 4042, 10240, 98, 98
2026/08/05 00:06:35.749, 0, NVIDIA GeForce RTX 3080, 6010, 4042, 10240, 98, 98
2026/08/05 00:06:35.859, 0, NVIDIA GeForce RTX 3080, 6010, 4042, 10240, 98, 98
2026/08/05 00:06:35.968, 0, NVIDIA GeForce RTX 3080, 6010, 4042, 10240, 98, 98
2026/08/05 00:06:36.076, 0, NVIDIA GeForce RTX 3080, 6010, 4042, 10240, 96, 98
2026/08/05 00:06:36.186, 0, NVIDIA GeForce RTX 3080, 6010, 4042, 10240, 96, 98
2026/08/05 00:06:36.294, 0, NVIDIA GeForce RTX 3080, 6010, 4042, 10240, 96, 98
2026/08/05 00:06:36.402, 0, NVIDIA GeForce RTX 3080, 6010, 4042, 10240, 96, 98
2026/08/05 00:06:36.512, 0, NVIDIA GeForce RTX 3080, 6010, 4042, 10240, 96, 98
2026/08/05 00:06:36.621, 0, NVIDIA GeForce RTX 3080, 6010, 4042, 10240, 96, 98
2026/08/05 00:06:36.730, 0, NVIDIA GeForce RTX 3080, 6010, 4042, 10240, 96, 98
2026/08/05 00:06:36.840, 0, NVIDIA GeForce RTX 3080, 6010, 4042, 10240, 96, 98
2026/08/05 00:06:36.949, 0, NVIDIA GeForce RTX 3080, 6010, 4042, 10240, 96, 98
2026/08/05 00:06:37.058, 0, NVIDIA GeForce RTX 3080, 6010, 4042, 10240, 96, 98
2026/08/05 00:06:37.168, 0, NVIDIA GeForce RTX 3080, 6010, 4042, 10240, 96, 98
2026/08/05 00:06:37.277, 0, NVIDIA GeForce RTX 3080, 6010, 4042, 10240, 96, 98
2026/08/05 00:06:37.386, 0, NVIDIA GeForce RTX 3080, 6010, 4042, 10240, 96, 98
2026/08/05 00:06:37.495, 0, NVIDIA GeForce RTX 3080, 6010, 4042, 10240, 96, 98
2026/08/05 00:06:37.604, 0, NVIDIA GeForce RTX 3080, 6010, 4042, 10240, 96, 98
2026/08/05 00:06:37.713, 0, NVIDIA GeForce RTX 3080, 6010, 4042, 10240, 96, 98
2026/08/05 00:06:37.823, 0, NVIDIA GeForce RTX 3080, 6010, 4042, 10240, 96, 98
2026/08/05 00:06:37.932, 0, NVIDIA GeForce RTX 3080, 6010, 4042, 10240, 96, 98
2026/08/05 00:06:38.041, 0, NVIDIA GeForce RTX 3080, 6010, 4042, 10240, 96, 98
2026/08/05 00:06:38.150, 0, NVIDIA GeForce RTX 3080, 6010, 4042, 10240, 96, 98
2026/08/05 00:06:38.260, 0, NVIDIA GeForce RTX 3080, 6010, 4042, 10240, 96, 98
2026/08/05 00:06:38.369, 0, NVIDIA GeForce RTX 3080, 6010, 4042, 10240, 96, 98
2026/08/05 00:06:38.483, 0, NVIDIA GeForce RTX 3080, 6010, 4042, 10240, 96, 98
2026/08/05 00:06:38.591, 0, NVIDIA GeForce RTX 3080, 6010, 4042, 10240, 96, 98
2026/08/05 00:06:38.700, 0, NVIDIA GeForce RTX 3080, 6010, 4042, 10240, 96, 98
2026/08/05 00:06:38.808, 0, NVIDIA GeForce RTX 3080, 6010, 4042, 10240, 96, 98
2026/08/05 00:06:38.918, 0, NVIDIA GeForce RTX 3080, 6010, 4042, 10240, 96, 98
2026/08/05 00:06:39.027, 0, NVIDIA GeForce RTX 3080, 6010, 4042, 10240, 96, 98
2026/08/05 00:06:39.135, 0, NVIDIA GeForce RTX 3080, 6010, 4042, 10240, 96, 98
2026/08/05 00:06:39.245, 0, NVIDIA GeForce RTX 3080, 6010, 4042, 10240, 96, 98
2026/08/05 00:06:39.355, 0, NVIDIA GeForce RTX 3080, 6010, 4042, 10240, 96, 98
2026/08/05 00:06:39.463, 0, NVIDIA GeForce RTX 3080, 6010, 4042, 10240, 96, 98
2026/08/05 00:06:39.573, 0, NVIDIA GeForce RTX 3080, 6010, 4042, 10240, 96, 97
2026/08/05 00:06:39.674, 0, NVIDIA GeForce RTX 3080, 6010, 4042, 10240, 96, 97
2026/08/05 00:06:39.786, 0, NVIDIA GeForce RTX 3080, 6010, 4042, 10240, 96, 97
2026/08/05 00:06:39.898, 0, NVIDIA GeForce RTX 3080, 6010, 4042, 10240, 96, 97
2026/08/05 00:06:40.010, 0, NVIDIA GeForce RTX 3080, 6010, 4042, 10240, 96, 97
2026/08/05 00:06:40.122, 0, NVIDIA GeForce RTX 3080, 6010, 4042, 10240, 96, 98
2026/08/05 00:06:40.234, 0, NVIDIA GeForce RTX 3080, 6010, 4042, 10240, 96, 98
2026/08/05 00:06:40.346, 0, NVIDIA GeForce RTX 3080, 6010, 4042, 10240, 96, 98
2026/08/05 00:06:40.458, 0, NVIDIA GeForce RTX 3080, 6010, 4042, 10240, 96, 98
2026/08/05 00:06:40.570, 0, NVIDIA GeForce RTX 3080, 6010, 4042, 10240, 93, 95
2026/08/05 00:06:40.682, 0, NVIDIA GeForce RTX 3080, 6010, 4042, 10240, 93, 95
2026/08/05 00:06:40.792, 0, NVIDIA GeForce RTX 3080, 6010, 4042, 10240, 93, 95
2026/08/05 00:06:40.901, 0, NVIDIA GeForce RTX 3080, 6010, 4042, 10240, 93, 95
2026/08/05 00:06:41.010, 0, NVIDIA GeForce RTX 3080, 6010, 4042, 10240, 93, 95
2026/08/05 00:06:41.119, 0, NVIDIA GeForce RTX 3080, 6010, 4042, 10240, 97, 98
2026/08/05 00:06:41.228, 0, NVIDIA GeForce RTX 3080, 6010, 4042, 10240, 97, 98
2026/08/05 00:06:41.338, 0, NVIDIA GeForce RTX 3080, 6010, 4042, 10240, 97, 98
2026/08/05 00:06:41.447, 0, NVIDIA GeForce RTX 3080, 6010, 4042, 10240, 97, 98
2026/08/05 00:06:41.556, 0, NVIDIA GeForce RTX 3080, 6010, 4042, 10240, 97, 98
2026/08/05 00:06:41.661, 0, NVIDIA GeForce RTX 3080, 6010, 4042, 10240, 96, 98
2026/08/05 00:06:41.770, 0, NVIDIA GeForce RTX 3080, 6010, 4042, 10240, 96, 98
2026/08/05 00:06:41.880, 0, NVIDIA GeForce RTX 3080, 6010, 4042, 10240, 96, 98
2026/08/05 00:06:41.988, 0, NVIDIA GeForce RTX 3080, 6010, 4042, 10240, 96, 98
2026/08/05 00:06:42.098, 0, NVIDIA GeForce RTX 3080, 6010, 4042, 10240, 96, 97
2026/08/05 00:06:42.208, 0, NVIDIA GeForce RTX 3080, 6010, 4042, 10240, 96, 97
2026/08/05 00:06:42.316, 0, NVIDIA GeForce RTX 3080, 6010, 4042, 10240, 96, 97
2026/08/05 00:06:42.426, 0, NVIDIA GeForce RTX 3080, 6010, 4042, 10240, 96, 97
2026/08/05 00:06:42.536, 0, NVIDIA GeForce RTX 3080, 6010, 4042, 10240, 96, 97
2026/08/05 00:06:42.644, 0, NVIDIA GeForce RTX 3080, 6010, 4042, 10240, 96, 98
2026/08/05 00:06:42.754, 0, NVIDIA GeForce RTX 3080, 6010, 4042, 10240, 96, 98
2026/08/05 00:06:42.864, 0, NVIDIA GeForce RTX 3080, 6010, 4042, 10240, 96, 98
2026/08/05 00:06:42.972, 0, NVIDIA GeForce RTX 3080, 6010, 4042, 10240, 96, 98
2026/08/05 00:06:43.082, 0, NVIDIA GeForce RTX 3080, 6010, 4042, 10240, 96, 98
2026/08/05 00:06:43.191, 0, NVIDIA GeForce RTX 3080, 6010, 4042, 10240, 96, 98
2026/08/05 00:06:43.300, 0, NVIDIA GeForce RTX 3080, 6010, 4042, 10240, 96, 98
2026/08/05 00:06:43.410, 0, NVIDIA GeForce RTX 3080, 6010, 4042, 10240, 96, 98
2026/08/05 00:06:43.519, 0, NVIDIA GeForce RTX 3080, 6010, 4042, 10240, 96, 98
2026/08/05 00:06:43.628, 0, NVIDIA GeForce RTX 3080, 6010, 4042, 10240, 96, 98
2026/08/05 00:06:43.737, 0, NVIDIA GeForce RTX 3080, 6010, 4042, 10240, 96, 98
2026/08/05 00:06:43.846, 0, NVIDIA GeForce RTX 3080, 6010, 4042, 10240, 96, 98
2026/08/05 00:06:43.955, 0, NVIDIA GeForce RTX 3080, 6010, 4042, 10240, 96, 98
2026/08/05 00:06:44.065, 0, NVIDIA GeForce RTX 3080, 6010, 4042, 10240, 97, 98
2026/08/05 00:06:44.173, 0, NVIDIA GeForce RTX 3080, 6010, 4042, 10240, 97, 98
2026/08/05 00:06:44.283, 0, NVIDIA GeForce RTX 3080, 6010, 4042, 10240, 97, 98
2026/08/05 00:06:44.393, 0, NVIDIA GeForce RTX 3080, 6010, 4042, 10240, 97, 98
2026/08/05 00:06:44.501, 0, NVIDIA GeForce RTX 3080, 6010, 4042, 10240, 97, 98
2026/08/05 00:06:44.611, 0, NVIDIA GeForce RTX 3080, 6010, 4042, 10240, 96, 97
2026/08/05 00:06:44.719, 0, NVIDIA GeForce RTX 3080, 6010, 4042, 10240, 96, 97
2026/08/05 00:06:44.828, 0, NVIDIA GeForce RTX 3080, 6010, 4042, 10240, 96, 97
2026/08/05 00:06:44.938, 0, NVIDIA GeForce RTX 3080, 6010, 4042, 10240, 96, 97
2026/08/05 00:06:45.046, 0, NVIDIA GeForce RTX 3080, 6010, 4042, 10240, 96, 97
2026/08/05 00:06:45.156, 0, NVIDIA GeForce RTX 3080, 6010, 4042, 10240, 97, 98
2026/08/05 00:06:45.265, 0, NVIDIA GeForce RTX 3080, 6010, 4042, 10240, 97, 98
2026/08/05 00:06:45.374, 0, NVIDIA GeForce RTX 3080, 6010, 4042, 10240, 97, 98
2026/08/05 00:06:45.484, 0, NVIDIA GeForce RTX 3080, 6010, 4042, 10240, 97, 98
2026/08/05 00:06:45.592, 0, NVIDIA GeForce RTX 3080, 6010, 4042, 10240, 97, 98
2026/08/05 00:06:45.701, 0, NVIDIA GeForce RTX 3080, 6010, 4042, 10240, 97, 98
2026/08/05 00:06:45.810, 0, NVIDIA GeForce RTX 3080, 6010, 4042, 10240, 97, 98
2026/08/05 00:06:45.919, 0, NVIDIA GeForce RTX 3080, 6010, 4042, 10240, 97, 98
2026/08/05 00:06:46.029, 0, NVIDIA GeForce RTX 3080, 6010, 4042, 10240, 97, 98
2026/08/05 00:06:46.138, 0, NVIDIA GeForce RTX 3080, 6010, 4042, 10240, 97, 98
2026/08/05 00:06:46.247, 0, NVIDIA GeForce RTX 3080, 6010, 4042, 10240, 97, 98
2026/08/05 00:06:46.355, 0, NVIDIA GeForce RTX 3080, 6010, 4042, 10240, 97, 98
2026/08/05 00:06:46.464, 0, NVIDIA GeForce RTX 3080, 6010, 4042, 10240, 97, 98
2026/08/05 00:06:46.573, 0, NVIDIA GeForce RTX 3080, 6010, 4042, 10240, 97, 98
2026/08/05 00:06:46.682, 0, NVIDIA GeForce RTX 3080, 6010, 4042, 10240, 97, 98
2026/08/05 00:06:46.792, 0, NVIDIA GeForce RTX 3080, 6010, 4042, 10240, 97, 98
2026/08/05 00:06:46.901, 0, NVIDIA GeForce RTX 3080, 6010, 4042, 10240, 97, 98
2026/08/05 00:06:47.011, 0, NVIDIA GeForce RTX 3080, 6010, 4042, 10240, 97, 98
2026/08/05 00:06:47.118, 0, NVIDIA GeForce RTX 3080, 6010, 4042, 10240, 94, 96
2026/08/05 00:06:47.228, 0, NVIDIA GeForce RTX 3080, 6010, 4042, 10240, 94, 96
2026/08/05 00:06:47.338, 0, NVIDIA GeForce RTX 3080, 6010, 4042, 10240, 94, 96
2026/08/05 00:06:47.446, 0, NVIDIA GeForce RTX 3080, 6010, 4042, 10240, 94, 96
2026/08/05 00:06:47.556, 0, NVIDIA GeForce RTX 3080, 6010, 4042, 10240, 94, 96
2026/08/05 00:06:47.666, 0, NVIDIA GeForce RTX 3080, 6010, 4042, 10240, 97, 98
2026/08/05 00:06:47.774, 0, NVIDIA GeForce RTX 3080, 6010, 4042, 10240, 97, 98
2026/08/05 00:06:47.884, 0, NVIDIA GeForce RTX 3080, 6010, 4042, 10240, 97, 98
2026/08/05 00:06:47.992, 0, NVIDIA GeForce RTX 3080, 6010, 4042, 10240, 97, 98
2026/08/05 00:06:48.100, 0, NVIDIA GeForce RTX 3080, 6010, 4042, 10240, 97, 98
2026/08/05 00:06:48.210, 0, NVIDIA GeForce RTX 3080, 6010, 4042, 10240, 97, 98
2026/08/05 00:06:48.318, 0, NVIDIA GeForce RTX 3080, 6010, 4042, 10240, 97, 98
2026/08/05 00:06:48.428, 0, NVIDIA GeForce RTX 3080, 6010, 4042, 10240, 97, 98
2026/08/05 00:06:48.538, 0, NVIDIA GeForce RTX 3080, 6010, 4042, 10240, 97, 98
2026/08/05 00:06:48.646, 0, NVIDIA GeForce RTX 3080, 6010, 4042, 10240, 96, 98
2026/08/05 00:06:48.756, 0, NVIDIA GeForce RTX 3080, 6010, 4042, 10240, 96, 98
2026/08/05 00:06:48.866, 0, NVIDIA GeForce RTX 3080, 6010, 4042, 10240, 96, 98
2026/08/05 00:06:48.974, 0, NVIDIA GeForce RTX 3080, 6010, 4042, 10240, 96, 98
2026/08/05 00:06:49.083, 0, NVIDIA GeForce RTX 3080, 6010, 4042, 10240, 96, 97
2026/08/05 00:06:49.192, 0, NVIDIA GeForce RTX 3080, 6010, 4042, 10240, 96, 97
2026/08/05 00:06:49.300, 0, NVIDIA GeForce RTX 3080, 6010, 4042, 10240, 96, 97
2026/08/05 00:06:49.410, 0, NVIDIA GeForce RTX 3080, 6010, 4042, 10240, 96, 97
2026/08/05 00:06:49.519, 0, NVIDIA GeForce RTX 3080, 6010, 4042, 10240, 96, 97
2026/08/05 00:06:49.628, 0, NVIDIA GeForce RTX 3080, 6010, 4042, 10240, 96, 98
2026/08/05 00:06:49.738, 0, NVIDIA GeForce RTX 3080, 6010, 4042, 10240, 96, 98
2026/08/05 00:06:49.846, 0, NVIDIA GeForce RTX 3080, 6010, 4042, 10240, 96, 98
2026/08/05 00:06:49.956, 0, NVIDIA GeForce RTX 3080, 6010, 4042, 10240, 96, 98
2026/08/05 00:06:50.066, 0, NVIDIA GeForce RTX 3080, 6010, 4042, 10240, 96, 98
2026/08/05 00:06:50.174, 0, NVIDIA GeForce RTX 3080, 6010, 4042, 10240, 96, 98
2026/08/05 00:06:50.283, 0, NVIDIA GeForce RTX 3080, 6010, 4042, 10240, 96, 98
2026/08/05 00:06:50.393, 0, NVIDIA GeForce RTX 3080, 6010, 4042, 10240, 96, 98
2026/08/05 00:06:50.502, 0, NVIDIA GeForce RTX 3080, 6010, 4042, 10240, 96, 98
2026/08/05 00:06:50.611, 0, NVIDIA GeForce RTX 3080, 6010, 4042, 10240, 97, 98
2026/08/05 00:06:50.720, 0, NVIDIA GeForce RTX 3080, 6010, 4042, 10240, 97, 98
2026/08/05 00:06:50.830, 0, NVIDIA GeForce RTX 3080, 6010, 4042, 10240, 97, 98
2026/08/05 00:06:50.939, 0, NVIDIA GeForce RTX 3080, 6010, 4042, 10240, 97, 98
2026/08/05 00:06:51.048, 0, NVIDIA GeForce RTX 3080, 6010, 4042, 10240, 97, 98
2026/08/05 00:06:51.157, 0, NVIDIA GeForce RTX 3080, 6010, 4042, 10240, 97, 98
2026/08/05 00:06:51.266, 0, NVIDIA GeForce RTX 3080, 6010, 4042, 10240, 97, 98
2026/08/05 00:06:51.375, 0, NVIDIA GeForce RTX 3080, 6010, 4042, 10240, 97, 98
2026/08/05 00:06:51.484, 0, NVIDIA GeForce RTX 3080, 6010, 4042, 10240, 97, 98
2026/08/05 00:06:51.594, 0, NVIDIA GeForce RTX 3080, 6010, 4042, 10240, 96, 97
2026/08/05 00:06:51.703, 0, NVIDIA GeForce RTX 3080, 6010, 4042, 10240, 96, 97
2026/08/05 00:06:51.812, 0, NVIDIA GeForce RTX 3080, 6010, 4042, 10240, 96, 97
2026/08/05 00:06:51.922, 0, NVIDIA GeForce RTX 3080, 6010, 4042, 10240, 96, 97
2026/08/05 00:06:52.031, 0, NVIDIA GeForce RTX 3080, 6010, 4042, 10240, 96, 97
2026/08/05 00:06:52.141, 0, NVIDIA GeForce RTX 3080, 6010, 4042, 10240, 95, 96
2026/08/05 00:06:52.250, 0, NVIDIA GeForce RTX 3080, 6010, 4042, 10240, 95, 96
2026/08/05 00:06:52.359, 0, NVIDIA GeForce RTX 3080, 6010, 4042, 10240, 95, 96
2026/08/05 00:06:52.468, 0, NVIDIA GeForce RTX 3080, 6010, 4042, 10240, 95, 96
2026/08/05 00:06:52.577, 0, NVIDIA GeForce RTX 3080, 6010, 4042, 10240, 97, 98
2026/08/05 00:06:52.686, 0, NVIDIA GeForce RTX 3080, 6010, 4042, 10240, 97, 98
2026/08/05 00:06:52.795, 0, NVIDIA GeForce RTX 3080, 6010, 4042, 10240, 97, 98
2026/08/05 00:06:52.904, 0, NVIDIA GeForce RTX 3080, 6010, 4042, 10240, 97, 98
2026/08/05 00:06:53.013, 0, NVIDIA GeForce RTX 3080, 6010, 4042, 10240, 97, 98
2026/08/05 00:06:53.123, 0, NVIDIA GeForce RTX 3080, 6010, 4042, 10240, 97, 97
2026/08/05 00:06:53.232, 0, NVIDIA GeForce RTX 3080, 6010, 4042, 10240, 97, 97
2026/08/05 00:06:53.341, 0, NVIDIA GeForce RTX 3080, 6010, 4042, 10240, 97, 97
2026/08/05 00:06:53.450, 0, NVIDIA GeForce RTX 3080, 6010, 4042, 10240, 97, 97
2026/08/05 00:06:53.560, 0, NVIDIA GeForce RTX 3080, 6010, 4042, 10240, 97, 97
2026/08/05 00:06:53.669, 0, NVIDIA GeForce RTX 3080, 6010, 4042, 10240, 97, 97
2026/08/05 00:06:53.777, 0, NVIDIA GeForce RTX 3080, 6010, 4042, 10240, 97, 97
2026/08/05 00:06:53.887, 0, NVIDIA GeForce RTX 3080, 6010, 4042, 10240, 97, 97
2026/08/05 00:06:53.996, 0, NVIDIA GeForce RTX 3080, 6010, 4042, 10240, 97, 97
2026/08/05 00:06:54.105, 0, NVIDIA GeForce RTX 3080, 6010, 4042, 10240, 98, 98
2026/08/05 00:06:54.214, 0, NVIDIA GeForce RTX 3080, 6010, 4042, 10240, 98, 98
2026/08/05 00:06:54.323, 0, NVIDIA GeForce RTX 3080, 6010, 4042, 10240, 98, 98
2026/08/05 00:06:54.432, 0, NVIDIA GeForce RTX 3080, 6010, 4042, 10240, 98, 98
2026/08/05 00:06:54.541, 0, NVIDIA GeForce RTX 3080, 6010, 4042, 10240, 98, 98
2026/08/05 00:06:54.651, 0, NVIDIA GeForce RTX 3080, 6010, 4042, 10240, 97, 97
2026/08/05 00:06:54.760, 0, NVIDIA GeForce RTX 3080, 6010, 4042, 10240, 97, 97
2026/08/05 00:06:54.870, 0, NVIDIA GeForce RTX 3080, 6010, 4042, 10240, 97, 97
2026/08/05 00:06:54.978, 0, NVIDIA GeForce RTX 3080, 6010, 4042, 10240, 97, 97
2026/08/05 00:06:55.088, 0, NVIDIA GeForce RTX 3080, 6010, 4042, 10240, 98, 98
2026/08/05 00:06:55.198, 0, NVIDIA GeForce RTX 3080, 6010, 4042, 10240, 98, 98
2026/08/05 00:06:55.306, 0, NVIDIA GeForce RTX 3080, 6010, 4042, 10240, 98, 98
2026/08/05 00:06:55.416, 0, NVIDIA GeForce RTX 3080, 6010, 4042, 10240, 98, 98
2026/08/05 00:06:55.526, 0, NVIDIA GeForce RTX 3080, 6010, 4042, 10240, 98, 98
2026/08/05 00:06:55.634, 0, NVIDIA GeForce RTX 3080, 6010, 4042, 10240, 96, 98
2026/08/05 00:06:55.744, 0, NVIDIA GeForce RTX 3080, 6010, 4042, 10240, 96, 98
2026/08/05 00:06:55.852, 0, NVIDIA GeForce RTX 3080, 6010, 4042, 10240, 96, 98
2026/08/05 00:06:55.961, 0, NVIDIA GeForce RTX 3080, 6010, 4042, 10240, 96, 98
2026/08/05 00:06:56.071, 0, NVIDIA GeForce RTX 3080, 6010, 4042, 10240, 96, 98
2026/08/05 00:06:56.180, 0, NVIDIA GeForce RTX 3080, 6010, 4042, 10240, 96, 98
2026/08/05 00:06:56.289, 0, NVIDIA GeForce RTX 3080, 6010, 4042, 10240, 96, 98
2026/08/05 00:06:56.399, 0, NVIDIA GeForce RTX 3080, 6010, 4042, 10240, 96, 98
2026/08/05 00:06:56.507, 0, NVIDIA GeForce RTX 3080, 6010, 4042, 10240, 96, 98
2026/08/05 00:06:56.617, 0, NVIDIA GeForce RTX 3080, 6010, 4042, 10240, 96, 98
2026/08/05 00:06:56.726, 0, NVIDIA GeForce RTX 3080, 6010, 4042, 10240, 96, 98
2026/08/05 00:06:56.834, 0, NVIDIA GeForce RTX 3080, 6010, 4042, 10240, 96, 98
2026/08/05 00:06:56.944, 0, NVIDIA GeForce RTX 3080, 6010, 4042, 10240, 96, 98
2026/08/05 00:06:57.054, 0, NVIDIA GeForce RTX 3080, 6010, 4042, 10240, 96, 98
2026/08/05 00:06:57.163, 0, NVIDIA GeForce RTX 3080, 6010, 4042, 10240, 94, 96
2026/08/05 00:06:57.272, 0, NVIDIA GeForce RTX 3080, 6010, 4042, 10240, 94, 96
2026/08/05 00:06:57.381, 0, NVIDIA GeForce RTX 3080, 6010, 4042, 10240, 94, 96
2026/08/05 00:06:57.490, 0, NVIDIA GeForce RTX 3080, 6010, 4042, 10240, 94, 96
2026/08/05 00:06:57.599, 0, NVIDIA GeForce RTX 3080, 6010, 4042, 10240, 96, 97
2026/08/05 00:06:57.708, 0, NVIDIA GeForce RTX 3080, 6010, 4042, 10240, 96, 97
2026/08/05 00:06:57.817, 0, NVIDIA GeForce RTX 3080, 6010, 4042, 10240, 96, 97
2026/08/05 00:06:57.927, 0, NVIDIA GeForce RTX 3080, 6010, 4042, 10240, 96, 97
2026/08/05 00:06:58.036, 0, NVIDIA GeForce RTX 3080, 6010, 4042, 10240, 96, 97
2026/08/05 00:06:58.145, 0, NVIDIA GeForce RTX 3080, 6010, 4042, 10240, 96, 97
2026/08/05 00:06:58.255, 0, NVIDIA GeForce RTX 3080, 6010, 4042, 10240, 96, 97
2026/08/05 00:06:58.364, 0, NVIDIA GeForce RTX 3080, 6010, 4042, 10240, 96, 97
2026/08/05 00:06:58.473, 0, NVIDIA GeForce RTX 3080, 6010, 4042, 10240, 96, 97
2026/08/05 00:06:58.583, 0, NVIDIA GeForce RTX 3080, 6010, 4042, 10240, 93, 95
2026/08/05 00:06:58.691, 0, NVIDIA GeForce RTX 3080, 6010, 4042, 10240, 93, 95
2026/08/05 00:06:58.801, 0, NVIDIA GeForce RTX 3080, 6010, 4042, 10240, 93, 95
2026/08/05 00:06:58.910, 0, NVIDIA GeForce RTX 3080, 6010, 4042, 10240, 93, 95
2026/08/05 00:06:59.019, 0, NVIDIA GeForce RTX 3080, 6010, 4042, 10240, 93, 95
2026/08/05 00:06:59.128, 0, NVIDIA GeForce RTX 3080, 6010, 4042, 10240, 96, 97
2026/08/05 00:06:59.237, 0, NVIDIA GeForce RTX 3080, 6010, 4042, 10240, 96, 97
2026/08/05 00:06:59.347, 0, NVIDIA GeForce RTX 3080, 6010, 4042, 10240, 96, 97
2026/08/05 00:06:59.456, 0, NVIDIA GeForce RTX 3080, 6010, 4042, 10240, 96, 97
2026/08/05 00:06:59.565, 0, NVIDIA GeForce RTX 3080, 6010, 4042, 10240, 96, 97
2026/08/05 00:06:59.674, 0, NVIDIA GeForce RTX 3080, 6010, 4042, 10240, 96, 97
2026/08/05 00:06:59.784, 0, NVIDIA GeForce RTX 3080, 6010, 4042, 10240, 96, 97
2026/08/05 00:06:59.893, 0, NVIDIA GeForce RTX 3080, 6010, 4042, 10240, 96, 97
2026/08/05 00:07:00.002, 0, NVIDIA GeForce RTX 3080, 6010, 4042, 10240, 96, 97
2026/08/05 00:07:00.111, 0, NVIDIA GeForce RTX 3080, 6010, 4042, 10240, 96, 97
2026/08/05 00:07:00.220, 0, NVIDIA GeForce RTX 3080, 6010, 4042, 10240, 96, 97
2026/08/05 00:07:00.329, 0, NVIDIA GeForce RTX 3080, 6010, 4042, 10240, 96, 97
2026/08/05 00:07:00.438, 0, NVIDIA GeForce RTX 3080, 6010, 4042, 10240, 96, 97
2026/08/05 00:07:00.548, 0, NVIDIA GeForce RTX 3080, 6010, 4042, 10240, 96, 97
2026/08/05 00:07:00.658, 0, NVIDIA GeForce RTX 3080, 6010, 4042, 10240, 96, 97
2026/08/05 00:07:00.766, 0, NVIDIA GeForce RTX 3080, 6010, 4042, 10240, 96, 97
2026/08/05 00:07:00.875, 0, NVIDIA GeForce RTX 3080, 6010, 4042, 10240, 96, 97
2026/08/05 00:07:00.984, 0, NVIDIA GeForce RTX 3080, 6010, 4042, 10240, 96, 97
2026/08/05 00:07:01.093, 0, NVIDIA GeForce RTX 3080, 6010, 4042, 10240, 96, 98
2026/08/05 00:07:01.203, 0, NVIDIA GeForce RTX 3080, 6010, 4042, 10240, 96, 98
2026/08/05 00:07:01.312, 0, NVIDIA GeForce RTX 3080, 6010, 4042, 10240, 96, 98
2026/08/05 00:07:01.421, 0, NVIDIA GeForce RTX 3080, 6010, 4042, 10240, 96, 98
2026/08/05 00:07:01.531, 0, NVIDIA GeForce RTX 3080, 6010, 4042, 10240, 96, 98
2026/08/05 00:07:01.639, 0, NVIDIA GeForce RTX 3080, 6010, 4042, 10240, 96, 98
2026/08/05 00:07:01.749, 0, NVIDIA GeForce RTX 3080, 6010, 4042, 10240, 96, 98
2026/08/05 00:07:01.858, 0, NVIDIA GeForce RTX 3080, 6010, 4042, 10240, 96, 98
2026/08/05 00:07:01.967, 0, NVIDIA GeForce RTX 3080, 6010, 4042, 10240, 96, 98
2026/08/05 00:07:02.077, 0, NVIDIA GeForce RTX 3080, 6010, 4042, 10240, 96, 98
2026/08/05 00:07:02.185, 0, NVIDIA GeForce RTX 3080, 6010, 4042, 10240, 96, 98
2026/08/05 00:07:02.294, 0, NVIDIA GeForce RTX 3080, 6010, 4042, 10240, 96, 98
2026/08/05 00:07:02.404, 0, NVIDIA GeForce RTX 3080, 6010, 4042, 10240, 96, 98
2026/08/05 00:07:02.512, 0, NVIDIA GeForce RTX 3080, 6010, 4042, 10240, 96, 98
2026/08/05 00:07:02.621, 0, NVIDIA GeForce RTX 3080, 6010, 4042, 10240, 96, 98
2026/08/05 00:07:02.731, 0, NVIDIA GeForce RTX 3080, 6010, 4042, 10240, 96, 98
2026/08/05 00:07:02.839, 0, NVIDIA GeForce RTX 3080, 6010, 4042, 10240, 96, 98
2026/08/05 00:07:02.949, 0, NVIDIA GeForce RTX 3080, 6010, 4042, 10240, 96, 98
2026/08/05 00:07:03.058, 0, NVIDIA GeForce RTX 3080, 6010, 4042, 10240, 96, 98
2026/08/05 00:07:03.167, 0, NVIDIA GeForce RTX 3080, 6010, 4042, 10240, 96, 98
2026/08/05 00:07:03.277, 0, NVIDIA GeForce RTX 3080, 6010, 4042, 10240, 96, 98
2026/08/05 00:07:03.386, 0, NVIDIA GeForce RTX 3080, 6010, 4042, 10240, 96, 98
2026/08/05 00:07:03.495, 0, NVIDIA GeForce RTX 3080, 6010, 4042, 10240, 96, 98
2026/08/05 00:07:03.605, 0, NVIDIA GeForce RTX 3080, 6010, 4042, 10240, 96, 97
2026/08/05 00:07:03.714, 0, NVIDIA GeForce RTX 3080, 6010, 4042, 10240, 96, 97
2026/08/05 00:07:03.823, 0, NVIDIA GeForce RTX 3080, 6010, 4042, 10240, 96, 97
2026/08/05 00:07:03.932, 0, NVIDIA GeForce RTX 3080, 6010, 4042, 10240, 96, 97
2026/08/05 00:07:04.042, 0, NVIDIA GeForce RTX 3080, 6010, 4042, 10240, 96, 97
2026/08/05 00:07:04.150, 0, NVIDIA GeForce RTX 3080, 6010, 4042, 10240, 96, 97
2026/08/05 00:07:04.259, 0, NVIDIA GeForce RTX 3080, 6010, 4042, 10240, 96, 97
2026/08/05 00:07:04.368, 0, NVIDIA GeForce RTX 3080, 6010, 4042, 10240, 96, 97
2026/08/05 00:07:04.478, 0, NVIDIA GeForce RTX 3080, 6010, 4042, 10240, 96, 97
2026/08/05 00:07:04.587, 0, NVIDIA GeForce RTX 3080, 6010, 4042, 10240, 97, 98
2026/08/05 00:07:04.696, 0, NVIDIA GeForce RTX 3080, 6010, 4042, 10240, 97, 98
2026/08/05 00:07:04.805, 0, NVIDIA GeForce RTX 3080, 6010, 4042, 10240, 97, 98
2026/08/05 00:07:04.915, 0, NVIDIA GeForce RTX 3080, 6010, 4042, 10240, 97, 98
2026/08/05 00:07:05.024, 0, NVIDIA GeForce RTX 3080, 6010, 4042, 10240, 97, 98
2026/08/05 00:07:05.133, 0, NVIDIA GeForce RTX 3080, 6010, 4042, 10240, 94, 96
2026/08/05 00:07:05.243, 0, NVIDIA GeForce RTX 3080, 6010, 4042, 10240, 94, 96
2026/08/05 00:07:05.352, 0, NVIDIA GeForce RTX 3080, 6010, 4042, 10240, 94, 96
2026/08/05 00:07:05.461, 0, NVIDIA GeForce RTX 3080, 6010, 4042, 10240, 94, 96
2026/08/05 00:07:05.571, 0, NVIDIA GeForce RTX 3080, 6010, 4042, 10240, 97, 98
2026/08/05 00:07:05.680, 0, NVIDIA GeForce RTX 3080, 6010, 4042, 10240, 97, 98
2026/08/05 00:07:05.789, 0, NVIDIA GeForce RTX 3080, 6010, 4042, 10240, 97, 98
2026/08/05 00:07:05.898, 0, NVIDIA GeForce RTX 3080, 6010, 4042, 10240, 97, 98
2026/08/05 00:07:06.007, 0, NVIDIA GeForce RTX 3080, 6010, 4042, 10240, 97, 98
2026/08/05 00:07:06.116, 0, NVIDIA GeForce RTX 3080, 6010, 4042, 10240, 97, 98
2026/08/05 00:07:06.225, 0, NVIDIA GeForce RTX 3080, 6010, 4042, 10240, 97, 98
2026/08/05 00:07:06.335, 0, NVIDIA GeForce RTX 3080, 6010, 4042, 10240, 97, 98
2026/08/05 00:07:06.443, 0, NVIDIA GeForce RTX 3080, 6010, 4042, 10240, 97, 98
2026/08/05 00:07:06.552, 0, NVIDIA GeForce RTX 3080, 6010, 4042, 10240, 97, 98
2026/08/05 00:07:06.662, 0, NVIDIA GeForce RTX 3080, 6010, 4042, 10240, 97, 98
2026/08/05 00:07:06.771, 0, NVIDIA GeForce RTX 3080, 6010, 4042, 10240, 97, 98
2026/08/05 00:07:06.880, 0, NVIDIA GeForce RTX 3080, 6010, 4042, 10240, 97, 98
2026/08/05 00:07:06.988, 0, NVIDIA GeForce RTX 3080, 6010, 4042, 10240, 97, 98
2026/08/05 00:07:07.096, 0, NVIDIA GeForce RTX 3080, 6010, 4042, 10240, 97, 98
2026/08/05 00:07:07.206, 0, NVIDIA GeForce RTX 3080, 6010, 4042, 10240, 97, 98
2026/08/05 00:07:07.315, 0, NVIDIA GeForce RTX 3080, 6010, 4042, 10240, 97, 98
2026/08/05 00:07:07.424, 0, NVIDIA GeForce RTX 3080, 6010, 4042, 10240, 97, 98
2026/08/05 00:07:07.534, 0, NVIDIA GeForce RTX 3080, 6010, 4042, 10240, 97, 98
2026/08/05 00:07:07.643, 0, NVIDIA GeForce RTX 3080, 6010, 4042, 10240, 97, 98
2026/08/05 00:07:07.751, 0, NVIDIA GeForce RTX 3080, 6010, 4042, 10240, 97, 98
2026/08/05 00:07:07.861, 0, NVIDIA GeForce RTX 3080, 6010, 4042, 10240, 97, 98
2026/08/05 00:07:07.970, 0, NVIDIA GeForce RTX 3080, 6010, 4042, 10240, 97, 98
2026/08/05 00:07:08.079, 0, NVIDIA GeForce RTX 3080, 6010, 4042, 10240, 97, 98
2026/08/05 00:07:08.189, 0, NVIDIA GeForce RTX 3080, 6010, 4042, 10240, 97, 98
2026/08/05 00:07:08.298, 0, NVIDIA GeForce RTX 3080, 6010, 4042, 10240, 97, 98
2026/08/05 00:07:08.407, 0, NVIDIA GeForce RTX 3080, 6010, 4042, 10240, 97, 98
2026/08/05 00:07:08.516, 0, NVIDIA GeForce RTX 3080, 6010, 4042, 10240, 97, 98
2026/08/05 00:07:08.625, 0, NVIDIA GeForce RTX 3080, 6010, 4042, 10240, 97, 98
2026/08/05 00:07:08.735, 0, NVIDIA GeForce RTX 3080, 6010, 4042, 10240, 97, 98
2026/08/05 00:07:08.843, 0, NVIDIA GeForce RTX 3080, 6010, 4042, 10240, 97, 98
2026/08/05 00:07:08.952, 0, NVIDIA GeForce RTX 3080, 6010, 4042, 10240, 97, 98
2026/08/05 00:07:09.062, 0, NVIDIA GeForce RTX 3080, 6010, 4042, 10240, 96, 98
2026/08/05 00:07:09.171, 0, NVIDIA GeForce RTX 3080, 6010, 4042, 10240, 96, 98
2026/08/05 00:07:09.280, 0, NVIDIA GeForce RTX 3080, 6010, 4042, 10240, 96, 98
2026/08/05 00:07:09.388, 0, NVIDIA GeForce RTX 3080, 6010, 4042, 10240, 96, 98
2026/08/05 00:07:09.497, 0, NVIDIA GeForce RTX 3080, 6010, 4042, 10240, 96, 98
2026/08/05 00:07:09.607, 0, NVIDIA GeForce RTX 3080, 6010, 4042, 10240, 97, 98
2026/08/05 00:07:09.715, 0, NVIDIA GeForce RTX 3080, 6010, 4042, 10240, 97, 98
2026/08/05 00:07:09.824, 0, NVIDIA GeForce RTX 3080, 6010, 4042, 10240, 97, 98
2026/08/05 00:07:09.934, 0, NVIDIA GeForce RTX 3080, 6010, 4042, 10240, 97, 98
2026/08/05 00:07:10.044, 0, NVIDIA GeForce RTX 3080, 6010, 4042, 10240, 97, 98
2026/08/05 00:07:10.152, 0, NVIDIA GeForce RTX 3080, 6010, 4042, 10240, 95, 96
2026/08/05 00:07:10.262, 0, NVIDIA GeForce RTX 3080, 6010, 4042, 10240, 95, 96
2026/08/05 00:07:10.370, 0, NVIDIA GeForce RTX 3080, 6010, 4042, 10240, 95, 96
2026/08/05 00:07:10.479, 0, NVIDIA GeForce RTX 3080, 6010, 4042, 10240, 95, 96
2026/08/05 00:07:10.589, 0, NVIDIA GeForce RTX 3080, 6010, 4042, 10240, 97, 98
2026/08/05 00:07:10.698, 0, NVIDIA GeForce RTX 3080, 6010, 4042, 10240, 97, 98
2026/08/05 00:07:10.808, 0, NVIDIA GeForce RTX 3080, 6010, 4042, 10240, 97, 98
2026/08/05 00:07:10.917, 0, NVIDIA GeForce RTX 3080, 6010, 4042, 10240, 97, 98
2026/08/05 00:07:11.032, 0, NVIDIA GeForce RTX 3080, 6010, 4042, 10240, 97, 98
2026/08/05 00:07:11.141, 0, NVIDIA GeForce RTX 3080, 6010, 4042, 10240, 97, 98
2026/08/05 00:07:11.250, 0, NVIDIA GeForce RTX 3080, 6010, 4042, 10240, 97, 98
2026/08/05 00:07:11.360, 0, NVIDIA GeForce RTX 3080, 6010, 4042, 10240, 97, 98
2026/08/05 00:07:11.469, 0, NVIDIA GeForce RTX 3080, 6010, 4042, 10240, 97, 98
2026/08/05 00:07:11.577, 0, NVIDIA GeForce RTX 3080, 6010, 4042, 10240, 97, 97
2026/08/05 00:07:11.686, 0, NVIDIA GeForce RTX 3080, 6010, 4042, 10240, 97, 97
2026/08/05 00:07:11.796, 0, NVIDIA GeForce RTX 3080, 6010, 4042, 10240, 97, 97
2026/08/05 00:07:11.905, 0, NVIDIA GeForce RTX 3080, 6010, 4042, 10240, 97, 97
2026/08/05 00:07:12.014, 0, NVIDIA GeForce RTX 3080, 6010, 4042, 10240, 97, 97
2026/08/05 00:07:12.124, 0, NVIDIA GeForce RTX 3080, 6010, 4042, 10240, 97, 98
2026/08/05 00:07:12.233, 0, NVIDIA GeForce RTX 3080, 6010, 4042, 10240, 97, 98
2026/08/05 00:07:12.342, 0, NVIDIA GeForce RTX 3080, 6010, 4042, 10240, 97, 98
2026/08/05 00:07:12.451, 0, NVIDIA GeForce RTX 3080, 6010, 4042, 10240, 97, 98
2026/08/05 00:07:12.560, 0, NVIDIA GeForce RTX 3080, 6010, 4042, 10240, 97, 98
2026/08/05 00:07:12.669, 0, NVIDIA GeForce RTX 3080, 6010, 4042, 10240, 97, 98
2026/08/05 00:07:12.779, 0, NVIDIA GeForce RTX 3080, 6010, 4042, 10240, 97, 98
2026/08/05 00:07:12.887, 0, NVIDIA GeForce RTX 3080, 6010, 4042, 10240, 97, 98
2026/08/05 00:07:12.997, 0, NVIDIA GeForce RTX 3080, 6010, 4042, 10240, 97, 98
2026/08/05 00:07:13.107, 0, NVIDIA GeForce RTX 3080, 6010, 4042, 10240, 97, 98
2026/08/05 00:07:13.215, 0, NVIDIA GeForce RTX 3080, 6010, 4042, 10240, 97, 98
2026/08/05 00:07:13.325, 0, NVIDIA GeForce RTX 3080, 6010, 4042, 10240, 97, 98
2026/08/05 00:07:13.435, 0, NVIDIA GeForce RTX 3080, 6010, 4042, 10240, 97, 98
2026/08/05 00:07:13.543, 0, NVIDIA GeForce RTX 3080, 6010, 4042, 10240, 97, 98
2026/08/05 00:07:13.653, 0, NVIDIA GeForce RTX 3080, 6010, 4042, 10240, 98, 98
2026/08/05 00:07:13.763, 0, NVIDIA GeForce RTX 3080, 6010, 4042, 10240, 98, 98
2026/08/05 00:07:13.871, 0, NVIDIA GeForce RTX 3080, 6010, 4042, 10240, 98, 98
2026/08/05 00:07:13.981, 0, NVIDIA GeForce RTX 3080, 6010, 4042, 10240, 98, 98
2026/08/05 00:07:14.090, 0, NVIDIA GeForce RTX 3080, 6010, 4042, 10240, 97, 98
2026/08/05 00:07:14.199, 0, NVIDIA GeForce RTX 3080, 6010, 4042, 10240, 97, 98
2026/08/05 00:07:14.309, 0, NVIDIA GeForce RTX 3080, 6010, 4042, 10240, 97, 98
2026/08/05 00:07:14.417, 0, NVIDIA GeForce RTX 3080, 6010, 4042, 10240, 97, 98
2026/08/05 00:07:14.527, 0, NVIDIA GeForce RTX 3080, 6010, 4042, 10240, 97, 98
2026/08/05 00:07:14.637, 0, NVIDIA GeForce RTX 3080, 6010, 4042, 10240, 97, 98
2026/08/05 00:07:14.746, 0, NVIDIA GeForce RTX 3080, 6010, 4042, 10240, 97, 98
2026/08/05 00:07:14.854, 0, NVIDIA GeForce RTX 3080, 6010, 4042, 10240, 97, 98
2026/08/05 00:07:14.964, 0, NVIDIA GeForce RTX 3080, 6010, 4042, 10240, 97, 98
2026/08/05 00:07:15.072, 0, NVIDIA GeForce RTX 3080, 6010, 4042, 10240, 93, 95
2026/08/05 00:07:15.182, 0, NVIDIA GeForce RTX 3080, 6010, 4042, 10240, 93, 95
2026/08/05 00:07:15.291, 0, NVIDIA GeForce RTX 3080, 6010, 4042, 10240, 93, 95
2026/08/05 00:07:15.399, 0, NVIDIA GeForce RTX 3080, 6010, 4042, 10240, 93, 95
2026/08/05 00:07:15.509, 0, NVIDIA GeForce RTX 3080, 6010, 4042, 10240, 93, 95
2026/08/05 00:07:15.617, 0, NVIDIA GeForce RTX 3080, 6010, 4042, 10240, 96, 98
2026/08/05 00:07:15.726, 0, NVIDIA GeForce RTX 3080, 6010, 4042, 10240, 96, 98
2026/08/05 00:07:15.836, 0, NVIDIA GeForce RTX 3080, 6010, 4042, 10240, 96, 98
2026/08/05 00:07:15.945, 0, NVIDIA GeForce RTX 3080, 6010, 4042, 10240, 96, 98
2026/08/05 00:07:16.054, 0, NVIDIA GeForce RTX 3080, 6010, 4042, 10240, 96, 98
2026/08/05 00:07:16.164, 0, NVIDIA GeForce RTX 3080, 6010, 4042, 10240, 96, 98
2026/08/05 00:07:16.272, 0, NVIDIA GeForce RTX 3080, 6010, 4042, 10240, 96, 98
2026/08/05 00:07:16.381, 0, NVIDIA GeForce RTX 3080, 6010, 4042, 10240, 96, 98
2026/08/05 00:07:16.490, 0, NVIDIA GeForce RTX 3080, 6010, 4042, 10240, 96, 98
2026/08/05 00:07:16.599, 0, NVIDIA GeForce RTX 3080, 6010, 4042, 10240, 96, 97
2026/08/05 00:07:16.708, 0, NVIDIA GeForce RTX 3080, 6010, 4042, 10240, 96, 97
2026/08/05 00:07:16.817, 0, NVIDIA GeForce RTX 3080, 6010, 4042, 10240, 96, 97
2026/08/05 00:07:16.927, 0, NVIDIA GeForce RTX 3080, 6010, 4042, 10240, 96, 97
2026/08/05 00:07:17.036, 0, NVIDIA GeForce RTX 3080, 6010, 4042, 10240, 96, 97
2026/08/05 00:07:17.145, 0, NVIDIA GeForce RTX 3080, 6010, 4042, 10240, 96, 98
2026/08/05 00:07:17.255, 0, NVIDIA GeForce RTX 3080, 6010, 4042, 10240, 96, 98
2026/08/05 00:07:17.363, 0, NVIDIA GeForce RTX 3080, 6010, 4042, 10240, 96, 98
2026/08/05 00:07:17.472, 0, NVIDIA GeForce RTX 3080, 6010, 4042, 10240, 96, 98
2026/08/05 00:07:17.581, 0, NVIDIA GeForce RTX 3080, 6010, 4042, 10240, 96, 98
2026/08/05 00:07:17.691, 0, NVIDIA GeForce RTX 3080, 6010, 4042, 10240, 96, 98
2026/08/05 00:07:17.800, 0, NVIDIA GeForce RTX 3080, 6010, 4042, 10240, 96, 98
2026/08/05 00:07:17.909, 0, NVIDIA GeForce RTX 3080, 6010, 4042, 10240, 96, 98
2026/08/05 00:07:18.018, 0, NVIDIA GeForce RTX 3080, 6010, 4042, 10240, 96, 98
2026/08/05 00:07:18.127, 0, NVIDIA GeForce RTX 3080, 6010, 4042, 10240, 96, 98
2026/08/05 00:07:18.236, 0, NVIDIA GeForce RTX 3080, 6010, 4042, 10240, 96, 98
2026/08/05 00:07:18.345, 0, NVIDIA GeForce RTX 3080, 6010, 4042, 10240, 96, 98
2026/08/05 00:07:18.455, 0, NVIDIA GeForce RTX 3080, 6010, 4042, 10240, 96, 98
2026/08/05 00:07:18.564, 0, NVIDIA GeForce RTX 3080, 6010, 4042, 10240, 96, 97
2026/08/05 00:07:18.672, 0, NVIDIA GeForce RTX 3080, 6010, 4042, 10240, 96, 97
2026/08/05 00:07:18.781, 0, NVIDIA GeForce RTX 3080, 6010, 4042, 10240, 96, 97
2026/08/05 00:07:18.890, 0, NVIDIA GeForce RTX 3080, 6010, 4042, 10240, 96, 97
2026/08/05 00:07:18.998, 0, NVIDIA GeForce RTX 3080, 6010, 4042, 10240, 96, 97
2026/08/05 00:07:19.108, 0, NVIDIA GeForce RTX 3080, 6010, 4042, 10240, 96, 98
2026/08/05 00:07:19.216, 0, NVIDIA GeForce RTX 3080, 6010, 4042, 10240, 96, 98
2026/08/05 00:07:19.326, 0, NVIDIA GeForce RTX 3080, 6010, 4042, 10240, 96, 98
2026/08/05 00:07:19.436, 0, NVIDIA GeForce RTX 3080, 6010, 4042, 10240, 96, 98
2026/08/05 00:07:19.543, 0, NVIDIA GeForce RTX 3080, 6010, 4042, 10240, 96, 98
2026/08/05 00:07:19.653, 0, NVIDIA GeForce RTX 3080, 6010, 4042, 10240, 96, 98
2026/08/05 00:07:19.762, 0, NVIDIA GeForce RTX 3080, 6010, 4042, 10240, 96, 98
2026/08/05 00:07:19.871, 0, NVIDIA GeForce RTX 3080, 6010, 4042, 10240, 96, 98
2026/08/05 00:07:19.981, 0, NVIDIA GeForce RTX 3080, 6010, 4042, 10240, 96, 98
2026/08/05 00:07:20.090, 0, NVIDIA GeForce RTX 3080, 6010, 4042, 10240, 97, 98
2026/08/05 00:07:20.199, 0, NVIDIA GeForce RTX 3080, 6010, 4042, 10240, 97, 98
2026/08/05 00:07:20.308, 0, NVIDIA GeForce RTX 3080, 6010, 4042, 10240, 97, 98
2026/08/05 00:07:20.417, 0, NVIDIA GeForce RTX 3080, 6010, 4042, 10240, 97, 98
2026/08/05 00:07:20.527, 0, NVIDIA GeForce RTX 3080, 6010, 4042, 10240, 97, 98
2026/08/05 00:07:20.637, 0, NVIDIA GeForce RTX 3080, 6010, 4042, 10240, 96, 97
2026/08/05 00:07:20.745, 0, NVIDIA GeForce RTX 3080, 6010, 4042, 10240, 96, 97
2026/08/05 00:07:20.855, 0, NVIDIA GeForce RTX 3080, 6010, 4042, 10240, 96, 97
2026/08/05 00:07:20.964, 0, NVIDIA GeForce RTX 3080, 6010, 4042, 10240, 96, 97
2026/08/05 00:07:21.072, 0, NVIDIA GeForce RTX 3080, 6010, 4042, 10240, 96, 97
2026/08/05 00:07:21.182, 0, NVIDIA GeForce RTX 3080, 6010, 4042, 10240, 96, 97
2026/08/05 00:07:21.292, 0, NVIDIA GeForce RTX 3080, 6010, 4042, 10240, 96, 97
2026/08/05 00:07:21.400, 0, NVIDIA GeForce RTX 3080, 6010, 4042, 10240, 96, 97
2026/08/05 00:07:21.510, 0, NVIDIA GeForce RTX 3080, 6010, 4042, 10240, 96, 97
2026/08/05 00:07:21.618, 0, NVIDIA GeForce RTX 3080, 6010, 4042, 10240, 96, 98
2026/08/05 00:07:21.726, 0, NVIDIA GeForce RTX 3080, 6010, 4042, 10240, 96, 98
2026/08/05 00:07:21.836, 0, NVIDIA GeForce RTX 3080, 6010, 4042, 10240, 96, 98
2026/08/05 00:07:21.945, 0, NVIDIA GeForce RTX 3080, 6010, 4042, 10240, 96, 98
2026/08/05 00:07:22.054, 0, NVIDIA GeForce RTX 3080, 6010, 4042, 10240, 96, 98
2026/08/05 00:07:22.164, 0, NVIDIA GeForce RTX 3080, 6010, 4042, 10240, 96, 98
2026/08/05 00:07:22.273, 0, NVIDIA GeForce RTX 3080, 6010, 4042, 10240, 96, 98
2026/08/05 00:07:22.382, 0, NVIDIA GeForce RTX 3080, 6010, 4042, 10240, 96, 98
2026/08/05 00:07:22.491, 0, NVIDIA GeForce RTX 3080, 6010, 4042, 10240, 96, 98
2026/08/05 00:07:22.600, 0, NVIDIA GeForce RTX 3080, 6010, 4042, 10240, 96, 97
2026/08/05 00:07:22.709, 0, NVIDIA GeForce RTX 3080, 6010, 4042, 10240, 96, 97
2026/08/05 00:07:22.818, 0, NVIDIA GeForce RTX 3080, 6010, 4042, 10240, 96, 97
2026/08/05 00:07:22.928, 0, NVIDIA GeForce RTX 3080, 6010, 4042, 10240, 96, 97
2026/08/05 00:07:23.037, 0, NVIDIA GeForce RTX 3080, 6010, 4042, 10240, 96, 97
2026/08/05 00:07:23.146, 0, NVIDIA GeForce RTX 3080, 6010, 4042, 10240, 93, 96
2026/08/05 00:07:23.255, 0, NVIDIA GeForce RTX 3080, 6010, 4042, 10240, 93, 96
2026/08/05 00:07:23.365, 0, NVIDIA GeForce RTX 3080, 6010, 4042, 10240, 93, 96
2026/08/05 00:07:23.474, 0, NVIDIA GeForce RTX 3080, 6010, 4042, 10240, 93, 96
2026/08/05 00:07:23.583, 0, NVIDIA GeForce RTX 3080, 6010, 4042, 10240, 96, 97
2026/08/05 00:07:23.692, 0, NVIDIA GeForce RTX 3080, 6010, 4042, 10240, 96, 97
2026/08/05 00:07:23.801, 0, NVIDIA GeForce RTX 3080, 6010, 4042, 10240, 96, 97
2026/08/05 00:07:23.910, 0, NVIDIA GeForce RTX 3080, 6010, 4042, 10240, 96, 97
2026/08/05 00:07:24.020, 0, NVIDIA GeForce RTX 3080, 6010, 4042, 10240, 96, 97
2026/08/05 00:07:24.129, 0, NVIDIA GeForce RTX 3080, 6010, 4042, 10240, 96, 98
2026/08/05 00:07:24.238, 0, NVIDIA GeForce RTX 3080, 6010, 4042, 10240, 96, 98
2026/08/05 00:07:24.347, 0, NVIDIA GeForce RTX 3080, 6010, 4042, 10240, 96, 98
2026/08/05 00:07:24.456, 0, NVIDIA GeForce RTX 3080, 6010, 4042, 10240, 96, 98
2026/08/05 00:07:24.566, 0, NVIDIA GeForce RTX 3080, 6010, 4042, 10240, 97, 98
2026/08/05 00:07:24.675, 0, NVIDIA GeForce RTX 3080, 6010, 4042, 10240, 97, 98
2026/08/05 00:07:24.784, 0, NVIDIA GeForce RTX 3080, 6010, 4042, 10240, 97, 98
2026/08/05 00:07:24.893, 0, NVIDIA GeForce RTX 3080, 6010, 4042, 10240, 97, 98
2026/08/05 00:07:25.002, 0, NVIDIA GeForce RTX 3080, 6010, 4042, 10240, 97, 98
2026/08/05 00:07:25.111, 0, NVIDIA GeForce RTX 3080, 6010, 4042, 10240, 97, 98
2026/08/05 00:07:25.221, 0, NVIDIA GeForce RTX 3080, 6010, 4042, 10240, 97, 98
2026/08/05 00:07:25.330, 0, NVIDIA GeForce RTX 3080, 6010, 4042, 10240, 97, 98
2026/08/05 00:07:25.440, 0, NVIDIA GeForce RTX 3080, 6010, 4042, 10240, 97, 98
2026/08/05 00:07:25.548, 0, NVIDIA GeForce RTX 3080, 6010, 4042, 10240, 97, 98
2026/08/05 00:07:25.657, 0, NVIDIA GeForce RTX 3080, 6010, 4042, 10240, 97, 98
2026/08/05 00:07:25.767, 0, NVIDIA GeForce RTX 3080, 6010, 4042, 10240, 97, 98
2026/08/05 00:07:25.875, 0, NVIDIA GeForce RTX 3080, 6010, 4042, 10240, 97, 98
2026/08/05 00:07:25.985, 0, NVIDIA GeForce RTX 3080, 6010, 4042, 10240, 97, 98
2026/08/05 00:07:26.094, 0, NVIDIA GeForce RTX 3080, 6010, 4042, 10240, 96, 98
2026/08/05 00:07:26.203, 0, NVIDIA GeForce RTX 3080, 6010, 4042, 10240, 96, 98
2026/08/05 00:07:26.313, 0, NVIDIA GeForce RTX 3080, 6010, 4042, 10240, 96, 98
2026/08/05 00:07:26.422, 0, NVIDIA GeForce RTX 3080, 6010, 4042, 10240, 96, 98
2026/08/05 00:07:26.531, 0, NVIDIA GeForce RTX 3080, 6010, 4042, 10240, 96, 98
2026/08/05 00:07:26.640, 0, NVIDIA GeForce RTX 3080, 6010, 4042, 10240, 97, 98
2026/08/05 00:07:26.750, 0, NVIDIA GeForce RTX 3080, 6010, 4042, 10240, 97, 98
2026/08/05 00:07:26.859, 0, NVIDIA GeForce RTX 3080, 6010, 4042, 10240, 97, 98
2026/08/05 00:07:26.968, 0, NVIDIA GeForce RTX 3080, 6010, 4042, 10240, 97, 98
2026/08/05 00:07:27.077, 0, NVIDIA GeForce RTX 3080, 6010, 4042, 10240, 97, 98
2026/08/05 00:07:27.186, 0, NVIDIA GeForce RTX 3080, 6010, 4042, 10240, 97, 98
2026/08/05 00:07:27.295, 0, NVIDIA GeForce RTX 3080, 6010, 4042, 10240, 97, 98
2026/08/05 00:07:27.404, 0, NVIDIA GeForce RTX 3080, 6010, 4042, 10240, 97, 98
2026/08/05 00:07:27.514, 0, NVIDIA GeForce RTX 3080, 6010, 4042, 10240, 97, 98
2026/08/05 00:07:27.623, 0, NVIDIA GeForce RTX 3080, 6010, 4042, 10240, 97, 97
2026/08/05 00:07:27.732, 0, NVIDIA GeForce RTX 3080, 6010, 4042, 10240, 97, 97
2026/08/05 00:07:27.841, 0, NVIDIA GeForce RTX 3080, 6010, 4042, 10240, 97, 97
2026/08/05 00:07:27.951, 0, NVIDIA GeForce RTX 3080, 6010, 4042, 10240, 97, 97
2026/08/05 00:07:28.060, 0, NVIDIA GeForce RTX 3080, 6010, 4042, 10240, 97, 97
2026/08/05 00:07:28.169, 0, NVIDIA GeForce RTX 3080, 6010, 4042, 10240, 95, 97
2026/08/05 00:07:28.278, 0, NVIDIA GeForce RTX 3080, 6010, 4042, 10240, 95, 97
2026/08/05 00:07:28.387, 0, NVIDIA GeForce RTX 3080, 6010, 4042, 10240, 95, 97
2026/08/05 00:07:28.496, 0, NVIDIA GeForce RTX 3080, 6010, 4042, 10240, 95, 97
2026/08/05 00:07:28.605, 0, NVIDIA GeForce RTX 3080, 6010, 4042, 10240, 97, 98
2026/08/05 00:07:28.715, 0, NVIDIA GeForce RTX 3080, 6010, 4042, 10240, 97, 98
2026/08/05 00:07:28.824, 0, NVIDIA GeForce RTX 3080, 6010, 4042, 10240, 97, 98
2026/08/05 00:07:28.933, 0, NVIDIA GeForce RTX 3080, 6010, 4042, 10240, 97, 98
2026/08/05 00:07:29.042, 0, NVIDIA GeForce RTX 3080, 6010, 4042, 10240, 97, 98
2026/08/05 00:07:29.152, 0, NVIDIA GeForce RTX 3080, 6010, 4042, 10240, 96, 98
2026/08/05 00:07:29.261, 0, NVIDIA GeForce RTX 3080, 6010, 4042, 10240, 96, 98
2026/08/05 00:07:29.370, 0, NVIDIA GeForce RTX 3080, 6010, 4042, 10240, 96, 98
2026/08/05 00:07:29.479, 0, NVIDIA GeForce RTX 3080, 6010, 4042, 10240, 96, 98
2026/08/05 00:07:29.588, 0, NVIDIA GeForce RTX 3080, 6010, 4042, 10240, 96, 97
2026/08/05 00:07:29.697, 0, NVIDIA GeForce RTX 3080, 6010, 4042, 10240, 96, 97
2026/08/05 00:07:29.806, 0, NVIDIA GeForce RTX 3080, 6010, 4042, 10240, 96, 97
2026/08/05 00:07:29.916, 0, NVIDIA GeForce RTX 3080, 6010, 4042, 10240, 96, 97
2026/08/05 00:07:30.025, 0, NVIDIA GeForce RTX 3080, 6010, 4042, 10240, 96, 97
2026/08/05 00:07:30.134, 0, NVIDIA GeForce RTX 3080, 6010, 4042, 10240, 97, 97
2026/08/05 00:07:30.244, 0, NVIDIA GeForce RTX 3080, 6010, 4042, 10240, 97, 97
2026/08/05 00:07:30.352, 0, NVIDIA GeForce RTX 3080, 6010, 4042, 10240, 97, 97
2026/08/05 00:07:30.461, 0, NVIDIA GeForce RTX 3080, 6010, 4042, 10240, 97, 97
2026/08/05 00:07:30.570, 0, NVIDIA GeForce RTX 3080, 6010, 4042, 10240, 97, 98
2026/08/05 00:07:30.680, 0, NVIDIA GeForce RTX 3080, 6010, 4042, 10240, 97, 98
2026/08/05 00:07:30.789, 0, NVIDIA GeForce RTX 3080, 6010, 4042, 10240, 97, 98
2026/08/05 00:07:30.898, 0, NVIDIA GeForce RTX 3080, 6010, 4042, 10240, 97, 98
2026/08/05 00:07:31.007, 0, NVIDIA GeForce RTX 3080, 6010, 4042, 10240, 97, 98
2026/08/05 00:07:31.117, 0, NVIDIA GeForce RTX 3080, 6010, 4042, 10240, 97, 98
2026/08/05 00:07:31.226, 0, NVIDIA GeForce RTX 3080, 6010, 4042, 10240, 97, 98
2026/08/05 00:07:31.335, 0, NVIDIA GeForce RTX 3080, 6010, 4042, 10240, 97, 98
2026/08/05 00:07:31.444, 0, NVIDIA GeForce RTX 3080, 6010, 4042, 10240, 97, 98
2026/08/05 00:07:31.553, 0, NVIDIA GeForce RTX 3080, 6010, 4042, 10240, 97, 98
2026/08/05 00:07:31.662, 0, NVIDIA GeForce RTX 3080, 6010, 4042, 10240, 97, 98
2026/08/05 00:07:31.771, 0, NVIDIA GeForce RTX 3080, 6010, 4042, 10240, 97, 98
2026/08/05 00:07:31.881, 0, NVIDIA GeForce RTX 3080, 6010, 4042, 10240, 97, 98
2026/08/05 00:07:31.990, 0, NVIDIA GeForce RTX 3080, 6010, 4042, 10240, 97, 98
2026/08/05 00:07:32.099, 0, NVIDIA GeForce RTX 3080, 6010, 4042, 10240, 97, 98
2026/08/05 00:07:32.208, 0, NVIDIA GeForce RTX 3080, 6010, 4042, 10240, 97, 98
2026/08/05 00:07:32.317, 0, NVIDIA GeForce RTX 3080, 6010, 4042, 10240, 97, 98
2026/08/05 00:07:32.426, 0, NVIDIA GeForce RTX 3080, 6010, 4042, 10240, 97, 98
2026/08/05 00:07:32.535, 0, NVIDIA GeForce RTX 3080, 6010, 4042, 10240, 97, 98
2026/08/05 00:07:32.644, 0, NVIDIA GeForce RTX 3080, 6010, 4042, 10240, 97, 98
2026/08/05 00:07:32.753, 0, NVIDIA GeForce RTX 3080, 6010, 4042, 10240, 97, 98
2026/08/05 00:07:32.862, 0, NVIDIA GeForce RTX 3080, 6010, 4042, 10240, 97, 98
2026/08/05 00:07:32.971, 0, NVIDIA GeForce RTX 3080, 6010, 4042, 10240, 97, 98
2026/08/05 00:07:33.081, 0, NVIDIA GeForce RTX 3080, 6010, 4042, 10240, 95, 96
2026/08/05 00:07:33.190, 0, NVIDIA GeForce RTX 3080, 6010, 4042, 10240, 95, 96
2026/08/05 00:07:33.299, 0, NVIDIA GeForce RTX 3080, 6010, 4042, 10240, 95, 96
2026/08/05 00:07:33.408, 0, NVIDIA GeForce RTX 3080, 6010, 4042, 10240, 95, 96
2026/08/05 00:07:33.516, 0, NVIDIA GeForce RTX 3080, 6010, 4042, 10240, 95, 96
2026/08/05 00:07:33.626, 0, NVIDIA GeForce RTX 3080, 6010, 4042, 10240, 97, 98
2026/08/05 00:07:33.735, 0, NVIDIA GeForce RTX 3080, 6010, 4042, 10240, 97, 98
2026/08/05 00:07:33.845, 0, NVIDIA GeForce RTX 3080, 6010, 4042, 10240, 97, 98
2026/08/05 00:07:33.954, 0, NVIDIA GeForce RTX 3080, 6010, 4042, 10240, 97, 98
2026/08/05 00:07:34.063, 0, NVIDIA GeForce RTX 3080, 6010, 4042, 10240, 97, 98
2026/08/05 00:07:34.172, 0, NVIDIA GeForce RTX 3080, 6010, 4042, 10240, 97, 98
2026/08/05 00:07:34.282, 0, NVIDIA GeForce RTX 3080, 6010, 4042, 10240, 97, 98
2026/08/05 00:07:34.391, 0, NVIDIA GeForce RTX 3080, 6010, 4042, 10240, 97, 98
2026/08/05 00:07:34.500, 0, NVIDIA GeForce RTX 3080, 6010, 4042, 10240, 97, 98
2026/08/05 00:07:34.609, 0, NVIDIA GeForce RTX 3080, 6010, 4042, 10240, 97, 98
2026/08/05 00:07:34.718, 0, NVIDIA GeForce RTX 3080, 6010, 4042, 10240, 97, 98
2026/08/05 00:07:34.827, 0, NVIDIA GeForce RTX 3080, 6010, 4042, 10240, 97, 98
2026/08/05 00:07:34.936, 0, NVIDIA GeForce RTX 3080, 6010, 4042, 10240, 97, 98
2026/08/05 00:07:35.046, 0, NVIDIA GeForce RTX 3080, 6010, 4042, 10240, 97, 98
2026/08/05 00:07:35.155, 0, NVIDIA GeForce RTX 3080, 6010, 4042, 10240, 96, 97
2026/08/05 00:07:35.264, 0, NVIDIA GeForce RTX 3080, 6010, 4042, 10240, 96, 97
2026/08/05 00:07:35.373, 0, NVIDIA GeForce RTX 3080, 6010, 4042, 10240, 96, 97
2026/08/05 00:07:35.482, 0, NVIDIA GeForce RTX 3080, 6010, 4042, 10240, 96, 97
2026/08/05 00:07:35.591, 0, NVIDIA GeForce RTX 3080, 6010, 4042, 10240, 96, 98
2026/08/05 00:07:35.701, 0, NVIDIA GeForce RTX 3080, 6010, 4042, 10240, 96, 98
2026/08/05 00:07:35.810, 0, NVIDIA GeForce RTX 3080, 6010, 4042, 10240, 96, 98
2026/08/05 00:07:35.919, 0, NVIDIA GeForce RTX 3080, 6010, 4042, 10240, 96, 98
2026/08/05 00:07:36.028, 0, NVIDIA GeForce RTX 3080, 6010, 4042, 10240, 96, 98
2026/08/05 00:07:36.137, 0, NVIDIA GeForce RTX 3080, 6010, 4042, 10240, 96, 98
2026/08/05 00:07:36.247, 0, NVIDIA GeForce RTX 3080, 6010, 4042, 10240, 96, 98
2026/08/05 00:07:36.356, 0, NVIDIA GeForce RTX 3080, 6010, 4042, 10240, 96, 98
2026/08/05 00:07:36.465, 0, NVIDIA GeForce RTX 3080, 6010, 4042, 10240, 96, 98
2026/08/05 00:07:36.574, 0, NVIDIA GeForce RTX 3080, 6010, 4042, 10240, 96, 98
2026/08/05 00:07:36.683, 0, NVIDIA GeForce RTX 3080, 6010, 4042, 10240, 96, 98
2026/08/05 00:07:36.792, 0, NVIDIA GeForce RTX 3080, 6010, 4042, 10240, 96, 98
2026/08/05 00:07:36.901, 0, NVIDIA GeForce RTX 3080, 6010, 4042, 10240, 96, 98
2026/08/05 00:07:37.010, 0, NVIDIA GeForce RTX 3080, 6010, 4042, 10240, 96, 98
2026/08/05 00:07:37.119, 0, NVIDIA GeForce RTX 3080, 6010, 4042, 10240, 96, 98
2026/08/05 00:07:37.228, 0, NVIDIA GeForce RTX 3080, 6010, 4042, 10240, 96, 98
2026/08/05 00:07:37.337, 0, NVIDIA GeForce RTX 3080, 6010, 4042, 10240, 96, 98
2026/08/05 00:07:37.447, 0, NVIDIA GeForce RTX 3080, 6010, 4042, 10240, 96, 98
2026/08/05 00:07:37.555, 0, NVIDIA GeForce RTX 3080, 6010, 4042, 10240, 96, 98
2026/08/05 00:07:37.664, 0, NVIDIA GeForce RTX 3080, 6010, 4042, 10240, 96, 98
2026/08/05 00:07:37.773, 0, NVIDIA GeForce RTX 3080, 6010, 4042, 10240, 96, 98
2026/08/05 00:07:37.883, 0, NVIDIA GeForce RTX 3080, 6010, 4042, 10240, 96, 98
2026/08/05 00:07:37.991, 0, NVIDIA GeForce RTX 3080, 6010, 4042, 10240, 96, 98
2026/08/05 00:07:38.101, 0, NVIDIA GeForce RTX 3080, 6010, 4042, 10240, 97, 98
2026/08/05 00:07:38.210, 0, NVIDIA GeForce RTX 3080, 6010, 4042, 10240, 97, 98
2026/08/05 00:07:38.319, 0, NVIDIA GeForce RTX 3080, 6010, 4042, 10240, 97, 98
2026/08/05 00:07:38.429, 0, NVIDIA GeForce RTX 3080, 6010, 4042, 10240, 97, 98
2026/08/05 00:07:38.537, 0, NVIDIA GeForce RTX 3080, 6010, 4042, 10240, 97, 98
2026/08/05 00:07:38.646, 0, NVIDIA GeForce RTX 3080, 6010, 4042, 10240, 96, 98
2026/08/05 00:07:38.756, 0, NVIDIA GeForce RTX 3080, 6010, 4042, 10240, 96, 98
2026/08/05 00:07:38.864, 0, NVIDIA GeForce RTX 3080, 6010, 4042, 10240, 96, 98
2026/08/05 00:07:38.973, 0, NVIDIA GeForce RTX 3080, 6010, 4042, 10240, 96, 98
2026/08/05 00:07:39.082, 0, NVIDIA GeForce RTX 3080, 6010, 4042, 10240, 97, 98
2026/08/05 00:07:39.191, 0, NVIDIA GeForce RTX 3080, 6010, 4042, 10240, 97, 98
2026/08/05 00:07:39.300, 0, NVIDIA GeForce RTX 3080, 6010, 4042, 10240, 97, 98
2026/08/05 00:07:39.410, 0, NVIDIA GeForce RTX 3080, 6010, 4042, 10240, 97, 98
2026/08/05 00:07:39.519, 0, NVIDIA GeForce RTX 3080, 6010, 4042, 10240, 97, 98
2026/08/05 00:07:39.628, 0, NVIDIA GeForce RTX 3080, 6010, 4042, 10240, 96, 97
2026/08/05 00:07:39.737, 0, NVIDIA GeForce RTX 3080, 6010, 4042, 10240, 96, 97
2026/08/05 00:07:39.846, 0, NVIDIA GeForce RTX 3080, 6010, 4042, 10240, 96, 97
2026/08/05 00:07:39.956, 0, NVIDIA GeForce RTX 3080, 6010, 4042, 10240, 96, 97
2026/08/05 00:07:40.065, 0, NVIDIA GeForce RTX 3080, 6010, 4042, 10240, 97, 98
2026/08/05 00:07:40.174, 0, NVIDIA GeForce RTX 3080, 6010, 4042, 10240, 97, 98
2026/08/05 00:07:40.283, 0, NVIDIA GeForce RTX 3080, 6010, 4042, 10240, 97, 98
2026/08/05 00:07:40.392, 0, NVIDIA GeForce RTX 3080, 6010, 4042, 10240, 97, 98
2026/08/05 00:07:40.501, 0, NVIDIA GeForce RTX 3080, 6010, 4042, 10240, 97, 98
2026/08/05 00:07:40.610, 0, NVIDIA GeForce RTX 3080, 6010, 4042, 10240, 96, 98
2026/08/05 00:07:40.718, 0, NVIDIA GeForce RTX 3080, 6010, 4042, 10240, 96, 98
2026/08/05 00:07:40.828, 0, NVIDIA GeForce RTX 3080, 6010, 4042, 10240, 96, 98
2026/08/05 00:07:40.937, 0, NVIDIA GeForce RTX 3080, 6010, 4042, 10240, 96, 98
2026/08/05 00:07:41.046, 0, NVIDIA GeForce RTX 3080, 6010, 4042, 10240, 96, 98
2026/08/05 00:07:41.156, 0, NVIDIA GeForce RTX 3080, 6010, 4042, 10240, 93, 96
2026/08/05 00:07:41.264, 0, NVIDIA GeForce RTX 3080, 6010, 4042, 10240, 93, 96
2026/08/05 00:07:41.374, 0, NVIDIA GeForce RTX 3080, 6010, 4042, 10240, 93, 96
2026/08/05 00:07:41.484, 0, NVIDIA GeForce RTX 3080, 6010, 4042, 10240, 93, 96
2026/08/05 00:07:41.591, 0, NVIDIA GeForce RTX 3080, 6010, 4042, 10240, 96, 97
2026/08/05 00:07:41.701, 0, NVIDIA GeForce RTX 3080, 6010, 4042, 10240, 96, 97
2026/08/05 00:07:41.810, 0, NVIDIA GeForce RTX 3080, 6010, 4042, 10240, 96, 97
2026/08/05 00:07:41.918, 0, NVIDIA GeForce RTX 3080, 6010, 4042, 10240, 96, 97
2026/08/05 00:07:42.028, 0, NVIDIA GeForce RTX 3080, 6010, 4042, 10240, 96, 97
2026/08/05 00:07:42.137, 0, NVIDIA GeForce RTX 3080, 6010, 4042, 10240, 96, 98
2026/08/05 00:07:42.245, 0, NVIDIA GeForce RTX 3080, 6010, 4042, 10240, 96, 98
2026/08/05 00:07:42.355, 0, NVIDIA GeForce RTX 3080, 6010, 4042, 10240, 96, 98
2026/08/05 00:07:42.464, 0, NVIDIA GeForce RTX 3080, 6010, 4042, 10240, 96, 98
2026/08/05 00:07:42.573, 0, NVIDIA GeForce RTX 3080, 6010, 4042, 10240, 96, 98
2026/08/05 00:07:42.683, 0, NVIDIA GeForce RTX 3080, 6010, 4042, 10240, 96, 98
2026/08/05 00:07:42.791, 0, NVIDIA GeForce RTX 3080, 6010, 4042, 10240, 96, 98
2026/08/05 00:07:42.901, 0, NVIDIA GeForce RTX 3080, 6010, 4042, 10240, 96, 98
2026/08/05 00:07:43.010, 0, NVIDIA GeForce RTX 3080, 6010, 4042, 10240, 96, 98
2026/08/05 00:07:43.118, 0, NVIDIA GeForce RTX 3080, 6010, 4042, 10240, 97, 98
2026/08/05 00:07:43.228, 0, NVIDIA GeForce RTX 3080, 6010, 4042, 10240, 97, 98
2026/08/05 00:07:43.337, 0, NVIDIA GeForce RTX 3080, 6010, 4042, 10240, 97, 98
2026/08/05 00:07:43.446, 0, NVIDIA GeForce RTX 3080, 6010, 4042, 10240, 97, 98
2026/08/05 00:07:43.556, 0, NVIDIA GeForce RTX 3080, 6010, 4042, 10240, 97, 98
2026/08/05 00:07:43.664, 0, NVIDIA GeForce RTX 3080, 6010, 4042, 10240, 96, 98
2026/08/05 00:07:43.774, 0, NVIDIA GeForce RTX 3080, 6010, 4042, 10240, 96, 98
2026/08/05 00:07:43.884, 0, NVIDIA GeForce RTX 3080, 6010, 4042, 10240, 96, 98
2026/08/05 00:07:43.992, 0, NVIDIA GeForce RTX 3080, 6010, 4042, 10240, 96, 98
2026/08/05 00:07:44.102, 0, NVIDIA GeForce RTX 3080, 6010, 4042, 10240, 97, 98
2026/08/05 00:07:44.210, 0, NVIDIA GeForce RTX 3080, 6010, 4042, 10240, 97, 98
2026/08/05 00:07:44.318, 0, NVIDIA GeForce RTX 3080, 6010, 4042, 10240, 97, 98
2026/08/05 00:07:44.428, 0, NVIDIA GeForce RTX 3080, 6010, 4042, 10240, 97, 98
2026/08/05 00:07:44.536, 0, NVIDIA GeForce RTX 3080, 6010, 4042, 10240, 97, 98
2026/08/05 00:07:44.646, 0, NVIDIA GeForce RTX 3080, 6010, 4042, 10240, 97, 98
2026/08/05 00:07:44.756, 0, NVIDIA GeForce RTX 3080, 6010, 4042, 10240, 97, 98
2026/08/05 00:07:44.864, 0, NVIDIA GeForce RTX 3080, 6010, 4042, 10240, 97, 98
2026/08/05 00:07:44.974, 0, NVIDIA GeForce RTX 3080, 6010, 4042, 10240, 97, 98
2026/08/05 00:07:45.084, 0, NVIDIA GeForce RTX 3080, 6010, 4042, 10240, 97, 98
2026/08/05 00:07:45.192, 0, NVIDIA GeForce RTX 3080, 6010, 4042, 10240, 97, 98
2026/08/05 00:07:45.302, 0, NVIDIA GeForce RTX 3080, 6010, 4042, 10240, 97, 98
2026/08/05 00:07:45.410, 0, NVIDIA GeForce RTX 3080, 6010, 4042, 10240, 97, 98
2026/08/05 00:07:45.518, 0, NVIDIA GeForce RTX 3080, 6010, 4042, 10240, 97, 98
2026/08/05 00:07:45.628, 0, NVIDIA GeForce RTX 3080, 6010, 4042, 10240, 97, 98
2026/08/05 00:07:45.736, 0, NVIDIA GeForce RTX 3080, 6010, 4042, 10240, 97, 98
2026/08/05 00:07:45.846, 0, NVIDIA GeForce RTX 3080, 6010, 4042, 10240, 97, 98
2026/08/05 00:07:45.956, 0, NVIDIA GeForce RTX 3080, 6010, 4042, 10240, 97, 98
2026/08/05 00:07:46.064, 0, NVIDIA GeForce RTX 3080, 6010, 4042, 10240, 97, 98
2026/08/05 00:07:46.173, 0, NVIDIA GeForce RTX 3080, 6010, 4042, 10240, 97, 98
2026/08/05 00:07:46.283, 0, NVIDIA GeForce RTX 3080, 6010, 4042, 10240, 97, 98
2026/08/05 00:07:46.391, 0, NVIDIA GeForce RTX 3080, 6010, 4042, 10240, 97, 98
2026/08/05 00:07:46.501, 0, NVIDIA GeForce RTX 3080, 6010, 4042, 10240, 97, 98
2026/08/05 00:07:46.610, 0, NVIDIA GeForce RTX 3080, 6010, 4042, 10240, 97, 98
2026/08/05 00:07:46.718, 0, NVIDIA GeForce RTX 3080, 6010, 4042, 10240, 97, 98
2026/08/05 00:07:46.828, 0, NVIDIA GeForce RTX 3080, 6010, 4042, 10240, 97, 98
2026/08/05 00:07:46.937, 0, NVIDIA GeForce RTX 3080, 6010, 4042, 10240, 97, 98
2026/08/05 00:07:47.046, 0, NVIDIA GeForce RTX 3080, 6010, 4042, 10240, 97, 98
2026/08/05 00:07:47.155, 0, NVIDIA GeForce RTX 3080, 6010, 4042, 10240, 97, 98
2026/08/05 00:07:47.263, 0, NVIDIA GeForce RTX 3080, 6010, 4042, 10240, 97, 98
2026/08/05 00:07:47.372, 0, NVIDIA GeForce RTX 3080, 6010, 4042, 10240, 97, 98
2026/08/05 00:07:47.482, 0, NVIDIA GeForce RTX 3080, 6010, 4042, 10240, 97, 98
2026/08/05 00:07:47.590, 0, NVIDIA GeForce RTX 3080, 6010, 4042, 10240, 97, 98
2026/08/05 00:07:47.700, 0, NVIDIA GeForce RTX 3080, 6010, 4042, 10240, 97, 98
2026/08/05 00:07:47.810, 0, NVIDIA GeForce RTX 3080, 6010, 4042, 10240, 97, 98
2026/08/05 00:07:47.918, 0, NVIDIA GeForce RTX 3080, 6010, 4042, 10240, 97, 98
2026/08/05 00:07:48.028, 0, NVIDIA GeForce RTX 3080, 6010, 4042, 10240, 97, 98
2026/08/05 00:07:48.137, 0, NVIDIA GeForce RTX 3080, 6010, 4042, 10240, 97, 98
2026/08/05 00:07:48.245, 0, NVIDIA GeForce RTX 3080, 6010, 4042, 10240, 97, 98
2026/08/05 00:07:48.355, 0, NVIDIA GeForce RTX 3080, 6010, 4042, 10240, 97, 98
2026/08/05 00:07:48.463, 0, NVIDIA GeForce RTX 3080, 6010, 4042, 10240, 97, 98
2026/08/05 00:07:48.572, 0, NVIDIA GeForce RTX 3080, 6010, 4042, 10240, 97, 98
2026/08/05 00:07:48.682, 0, NVIDIA GeForce RTX 3080, 6010, 4042, 10240, 97, 98
2026/08/05 00:07:48.790, 0, NVIDIA GeForce RTX 3080, 6010, 4042, 10240, 97, 98
2026/08/05 00:07:48.900, 0, NVIDIA GeForce RTX 3080, 6010, 4042, 10240, 97, 98
2026/08/05 00:07:49.010, 0, NVIDIA GeForce RTX 3080, 6010, 4042, 10240, 97, 98
2026/08/05 00:07:49.117, 0, NVIDIA GeForce RTX 3080, 6010, 4042, 10240, 97, 98
2026/08/05 00:07:49.227, 0, NVIDIA GeForce RTX 3080, 6010, 4042, 10240, 97, 98
2026/08/05 00:07:49.336, 0, NVIDIA GeForce RTX 3080, 6010, 4042, 10240, 97, 98
2026/08/05 00:07:49.445, 0, NVIDIA GeForce RTX 3080, 6010, 4042, 10240, 97, 98
2026/08/05 00:07:49.554, 0, NVIDIA GeForce RTX 3080, 6010, 4042, 10240, 97, 98
2026/08/05 00:07:49.663, 0, NVIDIA GeForce RTX 3080, 6010, 4042, 10240, 97, 98
2026/08/05 00:07:49.773, 0, NVIDIA GeForce RTX 3080, 6010, 4042, 10240, 97, 98
2026/08/05 00:07:49.882, 0, NVIDIA GeForce RTX 3080, 6010, 4042, 10240, 97, 98
2026/08/05 00:07:49.991, 0, NVIDIA GeForce RTX 3080, 6010, 4042, 10240, 97, 98
2026/08/05 00:07:50.100, 0, NVIDIA GeForce RTX 3080, 6010, 4042, 10240, 97, 97
2026/08/05 00:07:50.209, 0, NVIDIA GeForce RTX 3080, 6010, 4042, 10240, 97, 97
2026/08/05 00:07:50.318, 0, NVIDIA GeForce RTX 3080, 6010, 4042, 10240, 97, 97
2026/08/05 00:07:50.427, 0, NVIDIA GeForce RTX 3080, 6010, 4042, 10240, 97, 97
2026/08/05 00:07:50.536, 0, NVIDIA GeForce RTX 3080, 6010, 4042, 10240, 97, 97
2026/08/05 00:07:50.646, 0, NVIDIA GeForce RTX 3080, 6010, 4042, 10240, 97, 98
2026/08/05 00:07:50.755, 0, NVIDIA GeForce RTX 3080, 6010, 4042, 10240, 97, 98
2026/08/05 00:07:50.864, 0, NVIDIA GeForce RTX 3080, 6010, 4042, 10240, 97, 98
2026/08/05 00:07:50.974, 0, NVIDIA GeForce RTX 3080, 6010, 4042, 10240, 97, 98
2026/08/05 00:07:51.083, 0, NVIDIA GeForce RTX 3080, 6010, 4042, 10240, 96, 97
2026/08/05 00:07:51.192, 0, NVIDIA GeForce RTX 3080, 6010, 4042, 10240, 96, 97
2026/08/05 00:07:51.301, 0, NVIDIA GeForce RTX 3080, 6010, 4042, 10240, 96, 97
2026/08/05 00:07:51.409, 0, NVIDIA GeForce RTX 3080, 6010, 4042, 10240, 96, 97
2026/08/05 00:07:51.518, 0, NVIDIA GeForce RTX 3080, 6010, 4042, 10240, 96, 97
2026/08/05 00:07:51.627, 0, NVIDIA GeForce RTX 3080, 6010, 4042, 10240, 97, 97
2026/08/05 00:07:51.736, 0, NVIDIA GeForce RTX 3080, 6010, 4042, 10240, 97, 97
2026/08/05 00:07:51.845, 0, NVIDIA GeForce RTX 3080, 6010, 4042, 10240, 97, 97
2026/08/05 00:07:51.954, 0, NVIDIA GeForce RTX 3080, 6010, 4042, 10240, 97, 97
2026/08/05 00:07:52.063, 0, NVIDIA GeForce RTX 3080, 6010, 4042, 10240, 97, 98
2026/08/05 00:07:52.172, 0, NVIDIA GeForce RTX 3080, 6010, 4042, 10240, 97, 98
2026/08/05 00:07:52.281, 0, NVIDIA GeForce RTX 3080, 6010, 4042, 10240, 97, 98
2026/08/05 00:07:52.390, 0, NVIDIA GeForce RTX 3080, 6010, 4042, 10240, 97, 98
2026/08/05 00:07:52.500, 0, NVIDIA GeForce RTX 3080, 6010, 4042, 10240, 97, 98
2026/08/05 00:07:52.609, 0, NVIDIA GeForce RTX 3080, 6010, 4042, 10240, 97, 98
2026/08/05 00:07:52.718, 0, NVIDIA GeForce RTX 3080, 6010, 4042, 10240, 97, 98
2026/08/05 00:07:52.827, 0, NVIDIA GeForce RTX 3080, 6010, 4042, 10240, 97, 98
2026/08/05 00:07:52.936, 0, NVIDIA GeForce RTX 3080, 6010, 4042, 10240, 97, 98
2026/08/05 00:07:53.046, 0, NVIDIA GeForce RTX 3080, 6010, 4042, 10240, 97, 98
2026/08/05 00:07:53.155, 0, NVIDIA GeForce RTX 3080, 6010, 4042, 10240, 98, 98
2026/08/05 00:07:53.264, 0, NVIDIA GeForce RTX 3080, 6010, 4042, 10240, 98, 98
2026/08/05 00:07:53.373, 0, NVIDIA GeForce RTX 3080, 6010, 4042, 10240, 98, 98
2026/08/05 00:07:53.483, 0, NVIDIA GeForce RTX 3080, 6010, 4042, 10240, 98, 98
2026/08/05 00:07:53.591, 0, NVIDIA GeForce RTX 3080, 6010, 4042, 10240, 97, 98
2026/08/05 00:07:53.701, 0, NVIDIA GeForce RTX 3080, 6010, 4042, 10240, 97, 98
2026/08/05 00:07:53.809, 0, NVIDIA GeForce RTX 3080, 6010, 4042, 10240, 97, 98
2026/08/05 00:07:53.918, 0, NVIDIA GeForce RTX 3080, 6010, 4042, 10240, 97, 98
2026/08/05 00:07:54.028, 0, NVIDIA GeForce RTX 3080, 6010, 4042, 10240, 97, 98
2026/08/05 00:07:54.136, 0, NVIDIA GeForce RTX 3080, 6010, 4042, 10240, 97, 98
2026/08/05 00:07:54.245, 0, NVIDIA GeForce RTX 3080, 6010, 4042, 10240, 97, 98
2026/08/05 00:07:54.355, 0, NVIDIA GeForce RTX 3080, 6010, 4042, 10240, 97, 98
2026/08/05 00:07:54.464, 0, NVIDIA GeForce RTX 3080, 6010, 4042, 10240, 97, 98
2026/08/05 00:07:54.574, 0, NVIDIA GeForce RTX 3080, 6010, 4042, 10240, 96, 98
2026/08/05 00:07:54.683, 0, NVIDIA GeForce RTX 3080, 6010, 4042, 10240, 96, 98
2026/08/05 00:07:54.792, 0, NVIDIA GeForce RTX 3080, 6010, 4042, 10240, 96, 98
2026/08/05 00:07:54.902, 0, NVIDIA GeForce RTX 3080, 6010, 4042, 10240, 96, 98
2026/08/05 00:07:55.011, 0, NVIDIA GeForce RTX 3080, 6010, 4042, 10240, 96, 98
2026/08/05 00:07:55.120, 0, NVIDIA GeForce RTX 3080, 6010, 4042, 10240, 96, 97
2026/08/05 00:07:55.229, 0, NVIDIA GeForce RTX 3080, 6010, 4042, 10240, 96, 97
2026/08/05 00:07:55.339, 0, NVIDIA GeForce RTX 3080, 6010, 4042, 10240, 96, 97
2026/08/05 00:07:55.448, 0, NVIDIA GeForce RTX 3080, 6010, 4042, 10240, 96, 97
2026/08/05 00:07:55.557, 0, NVIDIA GeForce RTX 3080, 6010, 4042, 10240, 96, 97
2026/08/05 00:07:55.666, 0, NVIDIA GeForce RTX 3080, 6010, 4042, 10240, 96, 98
2026/08/05 00:07:55.776, 0, NVIDIA GeForce RTX 3080, 6010, 4042, 10240, 96, 98
2026/08/05 00:07:55.885, 0, NVIDIA GeForce RTX 3080, 6010, 4042, 10240, 96, 98
2026/08/05 00:07:55.994, 0, NVIDIA GeForce RTX 3080, 6010, 4042, 10240, 96, 98
2026/08/05 00:07:56.104, 0, NVIDIA GeForce RTX 3080, 6010, 4042, 10240, 96, 98
2026/08/05 00:07:56.213, 0, NVIDIA GeForce RTX 3080, 6010, 4042, 10240, 96, 98
2026/08/05 00:07:56.321, 0, NVIDIA GeForce RTX 3080, 6010, 4042, 10240, 96, 98
2026/08/05 00:07:56.430, 0, NVIDIA GeForce RTX 3080, 6010, 4042, 10240, 96, 98
2026/08/05 00:07:56.540, 0, NVIDIA GeForce RTX 3080, 6010, 4042, 10240, 96, 98
2026/08/05 00:07:56.649, 0, NVIDIA GeForce RTX 3080, 6010, 4042, 10240, 96, 98
2026/08/05 00:07:56.758, 0, NVIDIA GeForce RTX 3080, 6010, 4042, 10240, 96, 98
2026/08/05 00:07:56.868, 0, NVIDIA GeForce RTX 3080, 6010, 4042, 10240, 96, 98
2026/08/05 00:07:56.977, 0, NVIDIA GeForce RTX 3080, 6010, 4042, 10240, 96, 98
2026/08/05 00:07:57.086, 0, NVIDIA GeForce RTX 3080, 6010, 4042, 10240, 96, 98
2026/08/05 00:07:57.195, 0, NVIDIA GeForce RTX 3080, 6010, 4042, 10240, 96, 98
2026/08/05 00:07:57.305, 0, NVIDIA GeForce RTX 3080, 6010, 4042, 10240, 96, 98
2026/08/05 00:07:57.413, 0, NVIDIA GeForce RTX 3080, 6010, 4042, 10240, 96, 98
2026/08/05 00:07:57.522, 0, NVIDIA GeForce RTX 3080, 6010, 4042, 10240, 96, 98
2026/08/05 00:07:57.632, 0, NVIDIA GeForce RTX 3080, 6010, 4042, 10240, 93, 95
2026/08/05 00:07:57.741, 0, NVIDIA GeForce RTX 3080, 6010, 4042, 10240, 93, 95
2026/08/05 00:07:57.850, 0, NVIDIA GeForce RTX 3080, 6010, 4042, 10240, 93, 95
2026/08/05 00:07:57.960, 0, NVIDIA GeForce RTX 3080, 6010, 4042, 10240, 93, 95
2026/08/05 00:07:58.069, 0, NVIDIA GeForce RTX 3080, 6010, 4042, 10240, 96, 98
2026/08/05 00:07:58.178, 0, NVIDIA GeForce RTX 3080, 6010, 4042, 10240, 96, 98
2026/08/05 00:07:58.288, 0, NVIDIA GeForce RTX 3080, 6010, 4042, 10240, 96, 98
2026/08/05 00:07:58.395, 0, NVIDIA GeForce RTX 3080, 6010, 4042, 10240, 96, 98
2026/08/05 00:07:58.505, 0, NVIDIA GeForce RTX 3080, 6010, 4042, 10240, 96, 98
2026/08/05 00:07:58.614, 0, NVIDIA GeForce RTX 3080, 6010, 4042, 10240, 96, 98
2026/08/05 00:07:58.723, 0, NVIDIA GeForce RTX 3080, 6010, 4042, 10240, 96, 98
2026/08/05 00:07:58.833, 0, NVIDIA GeForce RTX 3080, 6010, 4042, 10240, 96, 98
2026/08/05 00:07:58.942, 0, NVIDIA GeForce RTX 3080, 6010, 4042, 10240, 96, 98
2026/08/05 00:07:59.051, 0, NVIDIA GeForce RTX 3080, 6010, 4042, 10240, 96, 98
2026/08/05 00:07:59.161, 0, NVIDIA GeForce RTX 3080, 6010, 4042, 10240, 96, 98
2026/08/05 00:07:59.270, 0, NVIDIA GeForce RTX 3080, 6010, 4042, 10240, 96, 98
2026/08/05 00:07:59.378, 0, NVIDIA GeForce RTX 3080, 6010, 4042, 10240, 96, 98
2026/08/05 00:07:59.488, 0, NVIDIA GeForce RTX 3080, 6010, 4042, 10240, 96, 98
2026/08/05 00:07:59.597, 0, NVIDIA GeForce RTX 3080, 6010, 4042, 10240, 96, 98
2026/08/05 00:07:59.706, 0, NVIDIA GeForce RTX 3080, 6010, 4042, 10240, 96, 98
2026/08/05 00:07:59.816, 0, NVIDIA GeForce RTX 3080, 6010, 4042, 10240, 96, 98
2026/08/05 00:07:59.925, 0, NVIDIA GeForce RTX 3080, 6010, 4042, 10240, 96, 98
2026/08/05 00:08:00.034, 0, NVIDIA GeForce RTX 3080, 6010, 4042, 10240, 96, 98
2026/08/05 00:08:00.143, 0, NVIDIA GeForce RTX 3080, 6010, 4042, 10240, 97, 98
2026/08/05 00:08:00.252, 0, NVIDIA GeForce RTX 3080, 6010, 4042, 10240, 97, 98
2026/08/05 00:08:00.361, 0, NVIDIA GeForce RTX 3080, 6010, 4042, 10240, 97, 98
2026/08/05 00:08:00.471, 0, NVIDIA GeForce RTX 3080, 6010, 4042, 10240, 97, 98
2026/08/05 00:08:00.580, 0, NVIDIA GeForce RTX 3080, 6010, 4042, 10240, 96, 98
2026/08/05 00:08:00.689, 0, NVIDIA GeForce RTX 3080, 6010, 4042, 10240, 96, 98
2026/08/05 00:08:00.799, 0, NVIDIA GeForce RTX 3080, 6010, 4042, 10240, 96, 98
2026/08/05 00:08:00.907, 0, NVIDIA GeForce RTX 3080, 6010, 4042, 10240, 96, 98
2026/08/05 00:08:01.016, 0, NVIDIA GeForce RTX 3080, 6010, 4042, 10240, 96, 98
2026/08/05 00:08:01.125, 0, NVIDIA GeForce RTX 3080, 6010, 4042, 10240, 96, 98
2026/08/05 00:08:01.234, 0, NVIDIA GeForce RTX 3080, 6010, 4042, 10240, 96, 98
2026/08/05 00:08:01.343, 0, NVIDIA GeForce RTX 3080, 6010, 4042, 10240, 96, 98
2026/08/05 00:08:01.452, 0, NVIDIA GeForce RTX 3080, 6010, 4042, 10240, 96, 98
2026/08/05 00:08:01.561, 0, NVIDIA GeForce RTX 3080, 6010, 4042, 10240, 96, 98
2026/08/05 00:08:01.671, 0, NVIDIA GeForce RTX 3080, 6010, 4042, 10240, 96, 98
2026/08/05 00:08:01.780, 0, NVIDIA GeForce RTX 3080, 6010, 4042, 10240, 96, 98
2026/08/05 00:08:01.889, 0, NVIDIA GeForce RTX 3080, 6010, 4042, 10240, 96, 98
2026/08/05 00:08:01.999, 0, NVIDIA GeForce RTX 3080, 6010, 4042, 10240, 96, 98
2026/08/05 00:08:02.107, 0, NVIDIA GeForce RTX 3080, 6010, 4042, 10240, 96, 98
2026/08/05 00:08:02.215, 0, NVIDIA GeForce RTX 3080, 6010, 4042, 10240, 96, 98
2026/08/05 00:08:02.323, 0, NVIDIA GeForce RTX 3080, 6010, 4042, 10240, 96, 98
2026/08/05 00:08:02.432, 0, NVIDIA GeForce RTX 3080, 6010, 4042, 10240, 96, 98
2026/08/05 00:08:02.542, 0, NVIDIA GeForce RTX 3080, 6010, 4042, 10240, 96, 98
2026/08/05 00:08:02.651, 0, NVIDIA GeForce RTX 3080, 6010, 4042, 10240, 96, 98
2026/08/05 00:08:02.760, 0, NVIDIA GeForce RTX 3080, 6010, 4042, 10240, 96, 98
2026/08/05 00:08:02.870, 0, NVIDIA GeForce RTX 3080, 6010, 4042, 10240, 96, 98
2026/08/05 00:08:02.979, 0, NVIDIA GeForce RTX 3080, 6010, 4042, 10240, 96, 98
2026/08/05 00:08:03.088, 0, NVIDIA GeForce RTX 3080, 6010, 4042, 10240, 96, 98
2026/08/05 00:08:03.197, 0, NVIDIA GeForce RTX 3080, 6010, 4042, 10240, 96, 98
2026/08/05 00:08:03.306, 0, NVIDIA GeForce RTX 3080, 6010, 4042, 10240, 96, 98
2026/08/05 00:08:03.415, 0, NVIDIA GeForce RTX 3080, 6010, 4042, 10240, 96, 98
2026/08/05 00:08:03.524, 0, NVIDIA GeForce RTX 3080, 6010, 4042, 10240, 96, 98
2026/08/05 00:08:03.634, 0, NVIDIA GeForce RTX 3080, 6010, 4042, 10240, 96, 97
2026/08/05 00:08:03.743, 0, NVIDIA GeForce RTX 3080, 6010, 4042, 10240, 96, 97
2026/08/05 00:08:03.852, 0, NVIDIA GeForce RTX 3080, 6010, 4042, 10240, 96, 97
2026/08/05 00:08:03.961, 0, NVIDIA GeForce RTX 3080, 6010, 4042, 10240, 96, 97
2026/08/05 00:08:04.070, 0, NVIDIA GeForce RTX 3080, 6010, 4042, 10240, 96, 97
2026/08/05 00:08:04.179, 0, NVIDIA GeForce RTX 3080, 6010, 4042, 10240, 96, 97
2026/08/05 00:08:04.288, 0, NVIDIA GeForce RTX 3080, 6010, 4042, 10240, 96, 97
2026/08/05 00:08:04.398, 0, NVIDIA GeForce RTX 3080, 6010, 4042, 10240, 96, 97
2026/08/05 00:08:04.507, 0, NVIDIA GeForce RTX 3080, 6010, 4042, 10240, 96, 97
2026/08/05 00:08:04.616, 0, NVIDIA GeForce RTX 3080, 6010, 4042, 10240, 97, 98
2026/08/05 00:08:04.725, 0, NVIDIA GeForce RTX 3080, 6010, 4042, 10240, 97, 98
2026/08/05 00:08:04.834, 0, NVIDIA GeForce RTX 3080, 6010, 4042, 10240, 97, 98
2026/08/05 00:08:04.943, 0, NVIDIA GeForce RTX 3080, 6010, 4042, 10240, 97, 98
2026/08/05 00:08:05.052, 0, NVIDIA GeForce RTX 3080, 6010, 4042, 10240, 97, 98
2026/08/05 00:08:05.161, 0, NVIDIA GeForce RTX 3080, 6010, 4042, 10240, 97, 98
2026/08/05 00:08:05.271, 0, NVIDIA GeForce RTX 3080, 6010, 4042, 10240, 97, 98
2026/08/05 00:08:05.379, 0, NVIDIA GeForce RTX 3080, 6010, 4042, 10240, 97, 98
2026/08/05 00:08:05.489, 0, NVIDIA GeForce RTX 3080, 6010, 4042, 10240, 97, 98
2026/08/05 00:08:05.599, 0, NVIDIA GeForce RTX 3080, 6010, 4042, 10240, 96, 98
2026/08/05 00:08:05.708, 0, NVIDIA GeForce RTX 3080, 6010, 4042, 10240, 96, 98
2026/08/05 00:08:05.816, 0, NVIDIA GeForce RTX 3080, 6010, 4042, 10240, 96, 98
2026/08/05 00:08:05.925, 0, NVIDIA GeForce RTX 3080, 6010, 4042, 10240, 96, 98
2026/08/05 00:08:06.035, 0, NVIDIA GeForce RTX 3080, 6010, 4042, 10240, 96, 98
2026/08/05 00:08:06.144, 0, NVIDIA GeForce RTX 3080, 6010, 4042, 10240, 97, 98
2026/08/05 00:08:06.253, 0, NVIDIA GeForce RTX 3080, 6010, 4042, 10240, 97, 98
2026/08/05 00:08:06.363, 0, NVIDIA GeForce RTX 3080, 6010, 4042, 10240, 97, 98
2026/08/05 00:08:06.471, 0, NVIDIA GeForce RTX 3080, 6010, 4042, 10240, 97, 98
2026/08/05 00:08:06.580, 0, NVIDIA GeForce RTX 3080, 6010, 4042, 10240, 97, 97
2026/08/05 00:08:06.689, 0, NVIDIA GeForce RTX 3080, 6010, 4042, 10240, 97, 97
2026/08/05 00:08:06.799, 0, NVIDIA GeForce RTX 3080, 6010, 4042, 10240, 97, 97
2026/08/05 00:08:06.908, 0, NVIDIA GeForce RTX 3080, 6010, 4042, 10240, 97, 97
2026/08/05 00:08:07.016, 0, NVIDIA GeForce RTX 3080, 6010, 4042, 10240, 97, 97
2026/08/05 00:08:07.125, 0, NVIDIA GeForce RTX 3080, 6010, 4042, 10240, 97, 97
2026/08/05 00:08:07.235, 0, NVIDIA GeForce RTX 3080, 6010, 4042, 10240, 97, 97
2026/08/05 00:08:07.344, 0, NVIDIA GeForce RTX 3080, 6010, 4042, 10240, 97, 97
2026/08/05 00:08:07.452, 0, NVIDIA GeForce RTX 3080, 6010, 4042, 10240, 97, 97
2026/08/05 00:08:07.561, 0, NVIDIA GeForce RTX 3080, 6010, 4042, 10240, 97, 97
2026/08/05 00:08:07.671, 0, NVIDIA GeForce RTX 3080, 6010, 4042, 10240, 97, 97
2026/08/05 00:08:07.779, 0, NVIDIA GeForce RTX 3080, 6010, 4042, 10240, 97, 97
2026/08/05 00:08:07.889, 0, NVIDIA GeForce RTX 3080, 6010, 4042, 10240, 97, 97
2026/08/05 00:08:07.999, 0, NVIDIA GeForce RTX 3080, 6010, 4042, 10240, 97, 97
2026/08/05 00:08:08.108, 0, NVIDIA GeForce RTX 3080, 6010, 4042, 10240, 97, 98
2026/08/05 00:08:08.217, 0, NVIDIA GeForce RTX 3080, 6010, 4042, 10240, 97, 98
2026/08/05 00:08:08.327, 0, NVIDIA GeForce RTX 3080, 6010, 4042, 10240, 97, 98
2026/08/05 00:08:08.436, 0, NVIDIA GeForce RTX 3080, 6010, 4042, 10240, 97, 98
2026/08/05 00:08:08.545, 0, NVIDIA GeForce RTX 3080, 6010, 4042, 10240, 97, 98
2026/08/05 00:08:08.654, 0, NVIDIA GeForce RTX 3080, 6010, 4042, 10240, 97, 98
2026/08/05 00:08:08.763, 0, NVIDIA GeForce RTX 3080, 6010, 4042, 10240, 97, 98
2026/08/05 00:08:08.873, 0, NVIDIA GeForce RTX 3080, 6010, 4042, 10240, 97, 98
2026/08/05 00:08:08.982, 0, NVIDIA GeForce RTX 3080, 6010, 4042, 10240, 97, 98
2026/08/05 00:08:09.091, 0, NVIDIA GeForce RTX 3080, 6010, 4042, 10240, 97, 98
2026/08/05 00:08:09.200, 0, NVIDIA GeForce RTX 3080, 6010, 4042, 10240, 97, 98
2026/08/05 00:08:09.309, 0, NVIDIA GeForce RTX 3080, 6010, 4042, 10240, 97, 98
2026/08/05 00:08:09.419, 0, NVIDIA GeForce RTX 3080, 6010, 4042, 10240, 97, 98
2026/08/05 00:08:09.528, 0, NVIDIA GeForce RTX 3080, 6010, 4042, 10240, 97, 98
2026/08/05 00:08:09.637, 0, NVIDIA GeForce RTX 3080, 6010, 4042, 10240, 97, 98
2026/08/05 00:08:09.747, 0, NVIDIA GeForce RTX 3080, 6010, 4042, 10240, 97, 98
2026/08/05 00:08:09.857, 0, NVIDIA GeForce RTX 3080, 6010, 4042, 10240, 97, 98
2026/08/05 00:08:09.966, 0, NVIDIA GeForce RTX 3080, 6010, 4042, 10240, 97, 98
2026/08/05 00:08:10.074, 0, NVIDIA GeForce RTX 3080, 6010, 4042, 10240, 97, 98
2026/08/05 00:08:10.183, 0, NVIDIA GeForce RTX 3080, 6010, 4042, 10240, 97, 98
2026/08/05 00:08:10.292, 0, NVIDIA GeForce RTX 3080, 6010, 4042, 10240, 97, 98
2026/08/05 00:08:10.402, 0, NVIDIA GeForce RTX 3080, 6010, 4042, 10240, 97, 98
2026/08/05 00:08:10.511, 0, NVIDIA GeForce RTX 3080, 6010, 4042, 10240, 97, 98
2026/08/05 00:08:10.620, 0, NVIDIA GeForce RTX 3080, 6010, 4042, 10240, 97, 98
2026/08/05 00:08:10.729, 0, NVIDIA GeForce RTX 3080, 6010, 4042, 10240, 97, 98
2026/08/05 00:08:10.838, 0, NVIDIA GeForce RTX 3080, 6010, 4042, 10240, 97, 98
2026/08/05 00:08:10.947, 0, NVIDIA GeForce RTX 3080, 6010, 4042, 10240, 97, 98
2026/08/05 00:08:11.057, 0, NVIDIA GeForce RTX 3080, 6010, 4042, 10240, 97, 98
2026/08/05 00:08:11.165, 0, NVIDIA GeForce RTX 3080, 6010, 4042, 10240, 97, 98
2026/08/05 00:08:11.275, 0, NVIDIA GeForce RTX 3080, 6010, 4042, 10240, 97, 98
2026/08/05 00:08:11.383, 0, NVIDIA GeForce RTX 3080, 6010, 4042, 10240, 97, 98
2026/08/05 00:08:11.492, 0, NVIDIA GeForce RTX 3080, 6010, 4042, 10240, 97, 98
2026/08/05 00:08:11.602, 0, NVIDIA GeForce RTX 3080, 6010, 4042, 10240, 97, 98
2026/08/05 00:08:11.710, 0, NVIDIA GeForce RTX 3080, 6010, 4042, 10240, 97, 98
2026/08/05 00:08:11.820, 0, NVIDIA GeForce RTX 3080, 6010, 4042, 10240, 97, 98
2026/08/05 00:08:11.930, 0, NVIDIA GeForce RTX 3080, 6010, 4042, 10240, 97, 98
2026/08/05 00:08:12.038, 0, NVIDIA GeForce RTX 3080, 6010, 4042, 10240, 97, 98
2026/08/05 00:08:12.147, 0, NVIDIA GeForce RTX 3080, 6010, 4042, 10240, 97, 98
2026/08/05 00:08:12.257, 0, NVIDIA GeForce RTX 3080, 6010, 4042, 10240, 97, 98
2026/08/05 00:08:12.366, 0, NVIDIA GeForce RTX 3080, 6010, 4042, 10240, 97, 98
2026/08/05 00:08:12.475, 0, NVIDIA GeForce RTX 3080, 6010, 4042, 10240, 97, 98
2026/08/05 00:08:12.584, 0, NVIDIA GeForce RTX 3080, 6010, 4042, 10240, 97, 98
2026/08/05 00:08:12.694, 0, NVIDIA GeForce RTX 3080, 6010, 4042, 10240, 97, 98
2026/08/05 00:08:12.803, 0, NVIDIA GeForce RTX 3080, 6010, 4042, 10240, 97, 98
2026/08/05 00:08:12.912, 0, NVIDIA GeForce RTX 3080, 6010, 4042, 10240, 97, 98
2026/08/05 00:08:13.022, 0, NVIDIA GeForce RTX 3080, 6010, 4042, 10240, 97, 98
2026/08/05 00:08:13.131, 0, NVIDIA GeForce RTX 3080, 6010, 4042, 10240, 97, 98
2026/08/05 00:08:13.240, 0, NVIDIA GeForce RTX 3080, 6010, 4042, 10240, 97, 98
2026/08/05 00:08:13.349, 0, NVIDIA GeForce RTX 3080, 6010, 4042, 10240, 97, 98
2026/08/05 00:08:13.458, 0, NVIDIA GeForce RTX 3080, 6010, 4042, 10240, 97, 98
2026/08/05 00:08:13.567, 0, NVIDIA GeForce RTX 3080, 6010, 4042, 10240, 97, 98
2026/08/05 00:08:13.676, 0, NVIDIA GeForce RTX 3080, 6010, 4042, 10240, 97, 98
2026/08/05 00:08:13.785, 0, NVIDIA GeForce RTX 3080, 6010, 4042, 10240, 97, 98
2026/08/05 00:08:13.895, 0, NVIDIA GeForce RTX 3080, 6010, 4042, 10240, 97, 98
2026/08/05 00:08:14.004, 0, NVIDIA GeForce RTX 3080, 6010, 4042, 10240, 97, 98
2026/08/05 00:08:14.113, 0, NVIDIA GeForce RTX 3080, 6010, 4042, 10240, 92, 95
2026/08/05 00:08:14.222, 0, NVIDIA GeForce RTX 3080, 6010, 4042, 10240, 92, 95
2026/08/05 00:08:14.331, 0, NVIDIA GeForce RTX 3080, 6010, 4042, 10240, 92, 95
2026/08/05 00:08:14.440, 0, NVIDIA GeForce RTX 3080, 6010, 4042, 10240, 92, 95
2026/08/05 00:08:14.549, 0, NVIDIA GeForce RTX 3080, 6010, 4042, 10240, 92, 95
2026/08/05 00:08:14.659, 0, NVIDIA GeForce RTX 3080, 6010, 4042, 10240, 96, 98
2026/08/05 00:08:14.768, 0, NVIDIA GeForce RTX 3080, 6010, 4042, 10240, 96, 98
2026/08/05 00:08:14.877, 0, NVIDIA GeForce RTX 3080, 6010, 4042, 10240, 96, 98
2026/08/05 00:08:14.987, 0, NVIDIA GeForce RTX 3080, 6010, 4042, 10240, 96, 98
2026/08/05 00:08:15.096, 0, NVIDIA GeForce RTX 3080, 6010, 4042, 10240, 96, 98
2026/08/05 00:08:15.205, 0, NVIDIA GeForce RTX 3080, 6010, 4042, 10240, 96, 98
2026/08/05 00:08:15.314, 0, NVIDIA GeForce RTX 3080, 6010, 4042, 10240, 96, 98
2026/08/05 00:08:15.423, 0, NVIDIA GeForce RTX 3080, 6010, 4042, 10240, 96, 98
2026/08/05 00:08:15.533, 0, NVIDIA GeForce RTX 3080, 6010, 4042, 10240, 96, 98
2026/08/05 00:08:15.641, 0, NVIDIA GeForce RTX 3080, 6010, 4042, 10240, 95, 97
2026/08/05 00:08:15.751, 0, NVIDIA GeForce RTX 3080, 6010, 4042, 10240, 95, 97
2026/08/05 00:08:15.861, 0, NVIDIA GeForce RTX 3080, 6010, 4042, 10240, 95, 97
2026/08/05 00:08:15.968, 0, NVIDIA GeForce RTX 3080, 6010, 4042, 10240, 95, 97
2026/08/05 00:08:16.077, 0, NVIDIA GeForce RTX 3080, 6010, 4042, 10240, 96, 97
2026/08/05 00:08:16.187, 0, NVIDIA GeForce RTX 3080, 6010, 4042, 10240, 96, 97
2026/08/05 00:08:16.295, 0, NVIDIA GeForce RTX 3080, 6010, 4042, 10240, 96, 97
2026/08/05 00:08:16.405, 0, NVIDIA GeForce RTX 3080, 6010, 4042, 10240, 96, 97
2026/08/05 00:08:16.513, 0, NVIDIA GeForce RTX 3080, 6010, 4042, 10240, 96, 97
2026/08/05 00:08:16.623, 0, NVIDIA GeForce RTX 3080, 6010, 4042, 10240, 96, 98
2026/08/05 00:08:16.733, 0, NVIDIA GeForce RTX 3080, 6010, 4042, 10240, 96, 98
2026/08/05 00:08:16.841, 0, NVIDIA GeForce RTX 3080, 6010, 4042, 10240, 96, 98
2026/08/05 00:08:16.951, 0, NVIDIA GeForce RTX 3080, 6010, 4042, 10240, 96, 98
2026/08/05 00:08:17.060, 0, NVIDIA GeForce RTX 3080, 6010, 4042, 10240, 96, 98
2026/08/05 00:08:17.168, 0, NVIDIA GeForce RTX 3080, 6010, 4042, 10240, 96, 97
2026/08/05 00:08:17.278, 0, NVIDIA GeForce RTX 3080, 6010, 4042, 10240, 96, 97
2026/08/05 00:08:17.387, 0, NVIDIA GeForce RTX 3080, 6010, 4042, 10240, 96, 97
2026/08/05 00:08:17.496, 0, NVIDIA GeForce RTX 3080, 6010, 4042, 10240, 96, 97
2026/08/05 00:08:17.606, 0, NVIDIA GeForce RTX 3080, 6010, 4042, 10240, 96, 98
2026/08/05 00:08:17.714, 0, NVIDIA GeForce RTX 3080, 6010, 4042, 10240, 96, 98
2026/08/05 00:08:17.823, 0, NVIDIA GeForce RTX 3080, 6010, 4042, 10240, 96, 98
2026/08/05 00:08:17.933, 0, NVIDIA GeForce RTX 3080, 6010, 4042, 10240, 96, 98
2026/08/05 00:08:18.041, 0, NVIDIA GeForce RTX 3080, 6010, 4042, 10240, 96, 98
2026/08/05 00:08:18.150, 0, NVIDIA GeForce RTX 3080, 6010, 4042, 10240, 96, 98
2026/08/05 00:08:18.259, 0, NVIDIA GeForce RTX 3080, 6010, 4042, 10240, 96, 98
2026/08/05 00:08:18.368, 0, NVIDIA GeForce RTX 3080, 6010, 4042, 10240, 96, 98
2026/08/05 00:08:18.478, 0, NVIDIA GeForce RTX 3080, 6010, 4042, 10240, 96, 98
2026/08/05 00:08:18.586, 0, NVIDIA GeForce RTX 3080, 6010, 4042, 10240, 96, 98
2026/08/05 00:08:18.695, 0, NVIDIA GeForce RTX 3080, 6010, 4042, 10240, 96, 98
2026/08/05 00:08:18.804, 0, NVIDIA GeForce RTX 3080, 6010, 4042, 10240, 96, 98
2026/08/05 00:08:18.913, 0, NVIDIA GeForce RTX 3080, 6010, 4042, 10240, 96, 98
2026/08/05 00:08:19.023, 0, NVIDIA GeForce RTX 3080, 6010, 4042, 10240, 96, 98
2026/08/05 00:08:19.131, 0, NVIDIA GeForce RTX 3080, 6010, 4042, 10240, 96, 97
2026/08/05 00:08:19.240, 0, NVIDIA GeForce RTX 3080, 6010, 4042, 10240, 96, 97
2026/08/05 00:08:19.350, 0, NVIDIA GeForce RTX 3080, 6010, 4042, 10240, 96, 97
2026/08/05 00:08:19.459, 0, NVIDIA GeForce RTX 3080, 6010, 4042, 10240, 96, 97
2026/08/05 00:08:19.567, 0, NVIDIA GeForce RTX 3080, 6010, 4042, 10240, 96, 98
2026/08/05 00:08:19.677, 0, NVIDIA GeForce RTX 3080, 6010, 4042, 10240, 96, 98
2026/08/05 00:08:19.787, 0, NVIDIA GeForce RTX 3080, 6010, 4042, 10240, 96, 98
2026/08/05 00:08:19.895, 0, NVIDIA GeForce RTX 3080, 6010, 4042, 10240, 96, 98
2026/08/05 00:08:20.005, 0, NVIDIA GeForce RTX 3080, 6010, 4042, 10240, 96, 98
2026/08/05 00:08:20.112, 0, NVIDIA GeForce RTX 3080, 6010, 4042, 10240, 97, 98
2026/08/05 00:08:20.222, 0, NVIDIA GeForce RTX 3080, 6010, 4042, 10240, 97, 98
2026/08/05 00:08:20.332, 0, NVIDIA GeForce RTX 3080, 6010, 4042, 10240, 97, 98
2026/08/05 00:08:20.441, 0, NVIDIA GeForce RTX 3080, 6010, 4042, 10240, 97, 98
2026/08/05 00:08:20.550, 0, NVIDIA GeForce RTX 3080, 6010, 4042, 10240, 97, 98
2026/08/05 00:08:20.660, 0, NVIDIA GeForce RTX 3080, 6010, 4042, 10240, 96, 98
2026/08/05 00:08:20.768, 0, NVIDIA GeForce RTX 3080, 6010, 4042, 10240, 96, 98
2026/08/05 00:08:20.877, 0, NVIDIA GeForce RTX 3080, 6010, 4042, 10240, 96, 98
2026/08/05 00:08:20.987, 0, NVIDIA GeForce RTX 3080, 6010, 4042, 10240, 96, 98
2026/08/05 00:08:21.095, 0, NVIDIA GeForce RTX 3080, 6010, 4042, 10240, 96, 97
2026/08/05 00:08:21.205, 0, NVIDIA GeForce RTX 3080, 6010, 4042, 10240, 96, 97
2026/08/05 00:08:21.314, 0, NVIDIA GeForce RTX 3080, 6010, 4042, 10240, 96, 97
2026/08/05 00:08:21.422, 0, NVIDIA GeForce RTX 3080, 6010, 4042, 10240, 96, 97
2026/08/05 00:08:21.531, 0, NVIDIA GeForce RTX 3080, 6010, 4042, 10240, 96, 97
2026/08/05 00:08:21.639, 0, NVIDIA GeForce RTX 3080, 6010, 4042, 10240, 96, 98
2026/08/05 00:08:21.749, 0, NVIDIA GeForce RTX 3080, 6010, 4042, 10240, 96, 98
2026/08/05 00:08:21.859, 0, NVIDIA GeForce RTX 3080, 6010, 4042, 10240, 96, 98
2026/08/05 00:08:21.966, 0, NVIDIA GeForce RTX 3080, 6010, 4042, 10240, 96, 98
2026/08/05 00:08:22.076, 0, NVIDIA GeForce RTX 3080, 6010, 4042, 10240, 94, 96
2026/08/05 00:08:22.185, 0, NVIDIA GeForce RTX 3080, 6010, 4042, 10240, 94, 96
2026/08/05 00:08:22.294, 0, NVIDIA GeForce RTX 3080, 6010, 4042, 10240, 94, 96
2026/08/05 00:08:22.404, 0, NVIDIA GeForce RTX 3080, 6010, 4042, 10240, 94, 96
2026/08/05 00:08:22.512, 0, NVIDIA GeForce RTX 3080, 6010, 4042, 10240, 94, 96
2026/08/05 00:08:22.621, 0, NVIDIA GeForce RTX 3080, 6010, 4042, 10240, 97, 98
2026/08/05 00:08:22.731, 0, NVIDIA GeForce RTX 3080, 6010, 4042, 10240, 97, 98
2026/08/05 00:08:22.839, 0, NVIDIA GeForce RTX 3080, 6010, 4042, 10240, 97, 98
2026/08/05 00:08:22.949, 0, NVIDIA GeForce RTX 3080, 6010, 4042, 10240, 97, 98
2026/08/05 00:08:23.059, 0, NVIDIA GeForce RTX 3080, 6010, 4042, 10240, 97, 98
2026/08/05 00:08:23.167, 0, NVIDIA GeForce RTX 3080, 6010, 4042, 10240, 96, 97
2026/08/05 00:08:23.277, 0, NVIDIA GeForce RTX 3080, 6010, 4042, 10240, 96, 97
2026/08/05 00:08:23.386, 0, NVIDIA GeForce RTX 3080, 6010, 4042, 10240, 96, 97
2026/08/05 00:08:23.495, 0, NVIDIA GeForce RTX 3080, 6010, 4042, 10240, 96, 97
2026/08/05 00:08:23.605, 0, NVIDIA GeForce RTX 3080, 6010, 4042, 10240, 97, 98
2026/08/05 00:08:23.714, 0, NVIDIA GeForce RTX 3080, 6010, 4042, 10240, 97, 98
2026/08/05 00:08:23.822, 0, NVIDIA GeForce RTX 3080, 6010, 4042, 10240, 97, 98
2026/08/05 00:08:23.932, 0, NVIDIA GeForce RTX 3080, 6010, 4042, 10240, 97, 98
2026/08/05 00:08:24.040, 0, NVIDIA GeForce RTX 3080, 6010, 4042, 10240, 97, 98
2026/08/05 00:08:24.150, 0, NVIDIA GeForce RTX 3080, 6010, 4042, 10240, 97, 98
2026/08/05 00:08:24.260, 0, NVIDIA GeForce RTX 3080, 6010, 4042, 10240, 97, 98
2026/08/05 00:08:24.369, 0, NVIDIA GeForce RTX 3080, 6010, 4042, 10240, 97, 98
2026/08/05 00:08:24.478, 0, NVIDIA GeForce RTX 3080, 6010, 4042, 10240, 97, 98
2026/08/05 00:08:24.588, 0, NVIDIA GeForce RTX 3080, 6010, 4042, 10240, 97, 98
2026/08/05 00:08:24.696, 0, NVIDIA GeForce RTX 3080, 6010, 4042, 10240, 97, 98
2026/08/05 00:08:24.806, 0, NVIDIA GeForce RTX 3080, 6010, 4042, 10240, 97, 98
2026/08/05 00:08:24.915, 0, NVIDIA GeForce RTX 3080, 6010, 4042, 10240, 97, 98
2026/08/05 00:08:25.022, 0, NVIDIA GeForce RTX 3080, 6010, 4042, 10240, 97, 98
2026/08/05 00:08:25.132, 0, NVIDIA GeForce RTX 3080, 6010, 4042, 10240, 97, 98
2026/08/05 00:08:25.241, 0, NVIDIA GeForce RTX 3080, 6010, 4042, 10240, 97, 98
2026/08/05 00:08:25.351, 0, NVIDIA GeForce RTX 3080, 6010, 4042, 10240, 97, 98
2026/08/05 00:08:25.460, 0, NVIDIA GeForce RTX 3080, 6010, 4042, 10240, 97, 98
2026/08/05 00:08:25.568, 0, NVIDIA GeForce RTX 3080, 6010, 4042, 10240, 97, 98
2026/08/05 00:08:25.677, 0, NVIDIA GeForce RTX 3080, 6010, 4042, 10240, 97, 98
2026/08/05 00:08:25.787, 0, NVIDIA GeForce RTX 3080, 6010, 4042, 10240, 97, 98
2026/08/05 00:08:25.895, 0, NVIDIA GeForce RTX 3080, 6010, 4042, 10240, 97, 98
2026/08/05 00:08:26.005, 0, NVIDIA GeForce RTX 3080, 6010, 4042, 10240, 97, 98
2026/08/05 00:08:26.114, 0, NVIDIA GeForce RTX 3080, 6010, 4042, 10240, 97, 98
2026/08/05 00:08:26.222, 0, NVIDIA GeForce RTX 3080, 6010, 4042, 10240, 97, 98
2026/08/05 00:08:26.332, 0, NVIDIA GeForce RTX 3080, 6010, 4042, 10240, 97, 98
2026/08/05 00:08:26.441, 0, NVIDIA GeForce RTX 3080, 6010, 4042, 10240, 97, 98
2026/08/05 00:08:26.550, 0, NVIDIA GeForce RTX 3080, 6010, 4042, 10240, 97, 98
2026/08/05 00:08:26.660, 0, NVIDIA GeForce RTX 3080, 6010, 4042, 10240, 97, 98
2026/08/05 00:08:26.768, 0, NVIDIA GeForce RTX 3080, 6010, 4042, 10240, 97, 98
2026/08/05 00:08:26.877, 0, NVIDIA GeForce RTX 3080, 6010, 4042, 10240, 97, 98
2026/08/05 00:08:26.986, 0, NVIDIA GeForce RTX 3080, 6010, 4042, 10240, 97, 98
2026/08/05 00:08:27.094, 0, NVIDIA GeForce RTX 3080, 6010, 4042, 10240, 97, 98
2026/08/05 00:08:27.203, 0, NVIDIA GeForce RTX 3080, 6010, 4042, 10240, 97, 98
2026/08/05 00:08:27.312, 0, NVIDIA GeForce RTX 3080, 6010, 4042, 10240, 97, 98
2026/08/05 00:08:27.422, 0, NVIDIA GeForce RTX 3080, 6010, 4042, 10240, 97, 98
2026/08/05 00:08:27.531, 0, NVIDIA GeForce RTX 3080, 6010, 4042, 10240, 97, 98
2026/08/05 00:08:27.640, 0, NVIDIA GeForce RTX 3080, 6010, 4042, 10240, 97, 98
2026/08/05 00:08:27.750, 0, NVIDIA GeForce RTX 3080, 6010, 4042, 10240, 97, 98
2026/08/05 00:08:27.859, 0, NVIDIA GeForce RTX 3080, 6010, 4042, 10240, 97, 98
2026/08/05 00:08:27.968, 0, NVIDIA GeForce RTX 3080, 6010, 4042, 10240, 97, 98
2026/08/05 00:08:28.077, 0, NVIDIA GeForce RTX 3080, 6010, 4042, 10240, 97, 98
2026/08/05 00:08:28.186, 0, NVIDIA GeForce RTX 3080, 6010, 4042, 10240, 97, 98
2026/08/05 00:08:28.295, 0, NVIDIA GeForce RTX 3080, 6010, 4042, 10240, 97, 98
2026/08/05 00:08:28.404, 0, NVIDIA GeForce RTX 3080, 6010, 4042, 10240, 97, 98
2026/08/05 00:08:28.513, 0, NVIDIA GeForce RTX 3080, 6010, 4042, 10240, 97, 98
2026/08/05 00:08:28.623, 0, NVIDIA GeForce RTX 3080, 6010, 4042, 10240, 97, 98
2026/08/05 00:08:28.731, 0, NVIDIA GeForce RTX 3080, 6010, 4042, 10240, 97, 98
2026/08/05 00:08:28.840, 0, NVIDIA GeForce RTX 3080, 6010, 4042, 10240, 97, 98
2026/08/05 00:08:28.949, 0, NVIDIA GeForce RTX 3080, 6010, 4042, 10240, 97, 98
2026/08/05 00:08:29.059, 0, NVIDIA GeForce RTX 3080, 6010, 4042, 10240, 97, 98
2026/08/05 00:08:29.167, 0, NVIDIA GeForce RTX 3080, 6010, 4042, 10240, 97, 98
2026/08/05 00:08:29.277, 0, NVIDIA GeForce RTX 3080, 6010, 4042, 10240, 97, 98
2026/08/05 00:08:29.387, 0, NVIDIA GeForce RTX 3080, 6010, 4042, 10240, 97, 98
2026/08/05 00:08:29.495, 0, NVIDIA GeForce RTX 3080, 6010, 4042, 10240, 97, 98
2026/08/05 00:08:29.605, 0, NVIDIA GeForce RTX 3080, 6010, 4042, 10240, 97, 97
2026/08/05 00:08:29.714, 0, NVIDIA GeForce RTX 3080, 6010, 4042, 10240, 97, 97
2026/08/05 00:08:29.822, 0, NVIDIA GeForce RTX 3080, 6010, 4042, 10240, 97, 97
2026/08/05 00:08:29.932, 0, NVIDIA GeForce RTX 3080, 6010, 4042, 10240, 97, 97
2026/08/05 00:08:30.041, 0, NVIDIA GeForce RTX 3080, 6010, 4042, 10240, 97, 97
2026/08/05 00:08:30.150, 0, NVIDIA GeForce RTX 3080, 6010, 4042, 10240, 97, 98
2026/08/05 00:08:30.260, 0, NVIDIA GeForce RTX 3080, 6010, 4042, 10240, 97, 98
2026/08/05 00:08:30.367, 0, NVIDIA GeForce RTX 3080, 6010, 4042, 10240, 97, 98
2026/08/05 00:08:30.477, 0, NVIDIA GeForce RTX 3080, 6010, 4042, 10240, 97, 98
2026/08/05 00:08:30.587, 0, NVIDIA GeForce RTX 3080, 6010, 4042, 10240, 97, 98
2026/08/05 00:08:30.695, 0, NVIDIA GeForce RTX 3080, 6010, 4042, 10240, 97, 98
2026/08/05 00:08:30.805, 0, NVIDIA GeForce RTX 3080, 6010, 4042, 10240, 97, 98
2026/08/05 00:08:30.914, 0, NVIDIA GeForce RTX 3080, 6010, 4042, 10240, 97, 98
2026/08/05 00:08:31.022, 0, NVIDIA GeForce RTX 3080, 6010, 4042, 10240, 97, 98
2026/08/05 00:08:31.132, 0, NVIDIA GeForce RTX 3080, 6010, 4042, 10240, 97, 98
2026/08/05 00:08:31.241, 0, NVIDIA GeForce RTX 3080, 6010, 4042, 10240, 97, 98
2026/08/05 00:08:31.350, 0, NVIDIA GeForce RTX 3080, 6010, 4042, 10240, 97, 98
2026/08/05 00:08:31.460, 0, NVIDIA GeForce RTX 3080, 6010, 4042, 10240, 97, 98
2026/08/05 00:08:31.567, 0, NVIDIA GeForce RTX 3080, 6010, 4042, 10240, 97, 97
2026/08/05 00:08:31.677, 0, NVIDIA GeForce RTX 3080, 6010, 4042, 10240, 97, 97
2026/08/05 00:08:31.787, 0, NVIDIA GeForce RTX 3080, 6010, 4042, 10240, 97, 97
2026/08/05 00:08:31.895, 0, NVIDIA GeForce RTX 3080, 6010, 4042, 10240, 97, 97
2026/08/05 00:08:32.005, 0, NVIDIA GeForce RTX 3080, 6010, 4042, 10240, 97, 97
2026/08/05 00:08:32.113, 0, NVIDIA GeForce RTX 3080, 6010, 4042, 10240, 97, 98
2026/08/05 00:08:32.222, 0, NVIDIA GeForce RTX 3080, 6010, 4042, 10240, 97, 98
2026/08/05 00:08:32.332, 0, NVIDIA GeForce RTX 3080, 6010, 4042, 10240, 97, 98
2026/08/05 00:08:32.440, 0, NVIDIA GeForce RTX 3080, 6010, 4042, 10240, 97, 98
2026/08/05 00:08:32.550, 0, NVIDIA GeForce RTX 3080, 6010, 4042, 10240, 97, 98
2026/08/05 00:08:32.660, 0, NVIDIA GeForce RTX 3080, 6010, 4042, 10240, 97, 97
2026/08/05 00:08:32.767, 0, NVIDIA GeForce RTX 3080, 6010, 4042, 10240, 97, 97
2026/08/05 00:08:32.877, 0, NVIDIA GeForce RTX 3080, 6010, 4042, 10240, 97, 97
2026/08/05 00:08:32.986, 0, NVIDIA GeForce RTX 3080, 6010, 4042, 10240, 97, 97
2026/08/05 00:08:33.095, 0, NVIDIA GeForce RTX 3080, 6010, 4042, 10240, 97, 98
2026/08/05 00:08:33.205, 0, NVIDIA GeForce RTX 3080, 6010, 4042, 10240, 97, 98
2026/08/05 00:08:33.313, 0, NVIDIA GeForce RTX 3080, 6010, 4042, 10240, 97, 98
2026/08/05 00:08:33.422, 0, NVIDIA GeForce RTX 3080, 6010, 4042, 10240, 97, 98
2026/08/05 00:08:33.531, 0, NVIDIA GeForce RTX 3080, 6010, 4042, 10240, 97, 98
2026/08/05 00:08:33.640, 0, NVIDIA GeForce RTX 3080, 6010, 4042, 10240, 97, 98
2026/08/05 00:08:33.750, 0, NVIDIA GeForce RTX 3080, 6010, 4042, 10240, 97, 98
2026/08/05 00:08:33.859, 0, NVIDIA GeForce RTX 3080, 6010, 4042, 10240, 97, 98
2026/08/05 00:08:33.968, 0, NVIDIA GeForce RTX 3080, 6010, 4042, 10240, 97, 98
2026/08/05 00:08:34.078, 0, NVIDIA GeForce RTX 3080, 6010, 4042, 10240, 96, 98
2026/08/05 00:08:34.186, 0, NVIDIA GeForce RTX 3080, 6010, 4042, 10240, 96, 98
2026/08/05 00:08:34.295, 0, NVIDIA GeForce RTX 3080, 6010, 4042, 10240, 96, 98
2026/08/05 00:08:34.405, 0, NVIDIA GeForce RTX 3080, 6010, 4042, 10240, 96, 98
2026/08/05 00:08:34.513, 0, NVIDIA GeForce RTX 3080, 6010, 4042, 10240, 96, 98
2026/08/05 00:08:34.622, 0, NVIDIA GeForce RTX 3080, 6010, 4042, 10240, 96, 98
2026/08/05 00:08:34.732, 0, NVIDIA GeForce RTX 3080, 6010, 4042, 10240, 96, 98
2026/08/05 00:08:34.840, 0, NVIDIA GeForce RTX 3080, 6010, 4042, 10240, 96, 98
2026/08/05 00:08:34.950, 0, NVIDIA GeForce RTX 3080, 6010, 4042, 10240, 96, 98
2026/08/05 00:08:35.059, 0, NVIDIA GeForce RTX 3080, 6010, 4042, 10240, 96, 98
2026/08/05 00:08:35.167, 0, NVIDIA GeForce RTX 3080, 6010, 4042, 10240, 96, 98
2026/08/05 00:08:35.276, 0, NVIDIA GeForce RTX 3080, 6010, 4042, 10240, 96, 98
2026/08/05 00:08:35.386, 0, NVIDIA GeForce RTX 3080, 6010, 4042, 10240, 96, 98
2026/08/05 00:08:35.494, 0, NVIDIA GeForce RTX 3080, 6010, 4042, 10240, 96, 98
2026/08/05 00:08:35.604, 0, NVIDIA GeForce RTX 3080, 6010, 4042, 10240, 96, 98
2026/08/05 00:08:35.712, 0, NVIDIA GeForce RTX 3080, 6010, 4042, 10240, 96, 98
2026/08/05 00:08:35.822, 0, NVIDIA GeForce RTX 3080, 6010, 4042, 10240, 96, 98
2026/08/05 00:08:35.932, 0, NVIDIA GeForce RTX 3080, 6010, 4042, 10240, 96, 98
2026/08/05 00:08:36.040, 0, NVIDIA GeForce RTX 3080, 6010, 4042, 10240, 96, 98
2026/08/05 00:08:36.149, 0, NVIDIA GeForce RTX 3080, 6010, 4042, 10240, 96, 98
2026/08/05 00:08:36.259, 0, NVIDIA GeForce RTX 3080, 6010, 4042, 10240, 96, 98
2026/08/05 00:08:36.367, 0, NVIDIA GeForce RTX 3080, 6010, 4042, 10240, 96, 98
2026/08/05 00:08:36.477, 0, NVIDIA GeForce RTX 3080, 6010, 4042, 10240, 96, 98
2026/08/05 00:08:36.586, 0, NVIDIA GeForce RTX 3080, 6010, 4042, 10240, 96, 98
2026/08/05 00:08:36.695, 0, NVIDIA GeForce RTX 3080, 6010, 4042, 10240, 96, 98
2026/08/05 00:08:36.805, 0, NVIDIA GeForce RTX 3080, 6010, 4042, 10240, 96, 98
2026/08/05 00:08:36.914, 0, NVIDIA GeForce RTX 3080, 6010, 4042, 10240, 96, 98
2026/08/05 00:08:37.022, 0, NVIDIA GeForce RTX 3080, 6010, 4042, 10240, 96, 98
2026/08/05 00:08:37.132, 0, NVIDIA GeForce RTX 3080, 6010, 4042, 10240, 97, 98
2026/08/05 00:08:37.241, 0, NVIDIA GeForce RTX 3080, 6010, 4042, 10240, 97, 98
2026/08/05 00:08:37.349, 0, NVIDIA GeForce RTX 3080, 6010, 4042, 10240, 97, 98
2026/08/05 00:08:37.457, 0, NVIDIA GeForce RTX 3080, 6010, 4042, 10240, 97, 98
2026/08/05 00:08:37.565, 0, NVIDIA GeForce RTX 3080, 6010, 4042, 10240, 96, 98
2026/08/05 00:08:37.675, 0, NVIDIA GeForce RTX 3080, 6010, 4042, 10240, 96, 98
2026/08/05 00:08:37.783, 0, NVIDIA GeForce RTX 3080, 6010, 4042, 10240, 96, 98
2026/08/05 00:08:37.892, 0, NVIDIA GeForce RTX 3080, 6010, 4042, 10240, 96, 98
2026/08/05 00:08:38.002, 0, NVIDIA GeForce RTX 3080, 6010, 4042, 10240, 96, 98
2026/08/05 00:08:38.110, 0, NVIDIA GeForce RTX 3080, 6010, 4042, 10240, 96, 98
2026/08/05 00:08:38.220, 0, NVIDIA GeForce RTX 3080, 6010, 4042, 10240, 96, 98
2026/08/05 00:08:38.330, 0, NVIDIA GeForce RTX 3080, 6010, 4042, 10240, 96, 98
2026/08/05 00:08:38.438, 0, NVIDIA GeForce RTX 3080, 6010, 4042, 10240, 96, 98
2026/08/05 00:08:38.548, 0, NVIDIA GeForce RTX 3080, 6010, 4042, 10240, 96, 98
2026/08/05 00:08:38.656, 0, NVIDIA GeForce RTX 3080, 6010, 4042, 10240, 97, 98
2026/08/05 00:08:38.765, 0, NVIDIA GeForce RTX 3080, 6010, 4042, 10240, 97, 98
2026/08/05 00:08:38.875, 0, NVIDIA GeForce RTX 3080, 6010, 4042, 10240, 97, 98
2026/08/05 00:08:38.983, 0, NVIDIA GeForce RTX 3080, 6010, 4042, 10240, 97, 98
2026/08/05 00:08:39.093, 0, NVIDIA GeForce RTX 3080, 6010, 4042, 10240, 96, 98
2026/08/05 00:08:39.201, 0, NVIDIA GeForce RTX 3080, 6010, 4042, 10240, 96, 98
2026/08/05 00:08:39.310, 0, NVIDIA GeForce RTX 3080, 6010, 4042, 10240, 96, 98
2026/08/05 00:08:39.419, 0, NVIDIA GeForce RTX 3080, 6010, 4042, 10240, 96, 98
2026/08/05 00:08:39.529, 0, NVIDIA GeForce RTX 3080, 6010, 4042, 10240, 96, 98
2026/08/05 00:08:39.637, 0, NVIDIA GeForce RTX 3080, 6010, 4042, 10240, 97, 98
2026/08/05 00:08:39.747, 0, NVIDIA GeForce RTX 3080, 6010, 4042, 10240, 97, 98
2026/08/05 00:08:39.857, 0, NVIDIA GeForce RTX 3080, 6010, 4042, 10240, 97, 98
2026/08/05 00:08:39.966, 0, NVIDIA GeForce RTX 3080, 6010, 4042, 10240, 97, 98
2026/08/05 00:08:40.074, 0, NVIDIA GeForce RTX 3080, 6010, 4042, 10240, 93, 95
2026/08/05 00:08:40.183, 0, NVIDIA GeForce RTX 3080, 6010, 4042, 10240, 93, 95
2026/08/05 00:08:40.292, 0, NVIDIA GeForce RTX 3080, 6010, 4042, 10240, 93, 95
2026/08/05 00:08:40.402, 0, NVIDIA GeForce RTX 3080, 6010, 4042, 10240, 93, 95
2026/08/05 00:08:40.511, 0, NVIDIA GeForce RTX 3080, 6010, 4042, 10240, 93, 95
2026/08/05 00:08:40.620, 0, NVIDIA GeForce RTX 3080, 6010, 4042, 10240, 96, 98
2026/08/05 00:08:40.729, 0, NVIDIA GeForce RTX 3080, 6010, 4042, 10240, 96, 98
2026/08/05 00:08:40.837, 0, NVIDIA GeForce RTX 3080, 6010, 4042, 10240, 96, 98
2026/08/05 00:08:40.947, 0, NVIDIA GeForce RTX 3080, 6010, 4042, 10240, 96, 98
2026/08/05 00:08:41.059, 0, NVIDIA GeForce RTX 3080, 6010, 4042, 10240, 96, 98
2026/08/05 00:08:41.167, 0, NVIDIA GeForce RTX 3080, 6010, 4042, 10240, 96, 98
2026/08/05 00:08:41.277, 0, NVIDIA GeForce RTX 3080, 6010, 4042, 10240, 96, 98
2026/08/05 00:08:41.386, 0, NVIDIA GeForce RTX 3080, 6010, 4042, 10240, 96, 98
2026/08/05 00:08:41.495, 0, NVIDIA GeForce RTX 3080, 6010, 4042, 10240, 96, 98
2026/08/05 00:08:41.604, 0, NVIDIA GeForce RTX 3080, 6010, 4042, 10240, 96, 98
2026/08/05 00:08:41.713, 0, NVIDIA GeForce RTX 3080, 6010, 4042, 10240, 96, 98
2026/08/05 00:08:41.822, 0, NVIDIA GeForce RTX 3080, 6010, 4042, 10240, 96, 98
2026/08/05 00:08:41.930, 0, NVIDIA GeForce RTX 3080, 6010, 4042, 10240, 96, 98
2026/08/05 00:08:42.039, 0, NVIDIA GeForce RTX 3080, 6010, 4042, 10240, 96, 98
2026/08/05 00:08:42.149, 0, NVIDIA GeForce RTX 3080, 6010, 4042, 10240, 96, 98
2026/08/05 00:08:42.258, 0, NVIDIA GeForce RTX 3080, 6010, 4042, 10240, 96, 98
2026/08/05 00:08:42.367, 0, NVIDIA GeForce RTX 3080, 6010, 4042, 10240, 96, 98
2026/08/05 00:08:42.477, 0, NVIDIA GeForce RTX 3080, 6010, 4042, 10240, 96, 98
2026/08/05 00:08:42.586, 0, NVIDIA GeForce RTX 3080, 6010, 4042, 10240, 97, 98
2026/08/05 00:08:42.695, 0, NVIDIA GeForce RTX 3080, 6010, 4042, 10240, 97, 98
2026/08/05 00:08:42.804, 0, NVIDIA GeForce RTX 3080, 6010, 4042, 10240, 97, 98
2026/08/05 00:08:42.913, 0, NVIDIA GeForce RTX 3080, 6010, 4042, 10240, 97, 98
2026/08/05 00:08:43.023, 0, NVIDIA GeForce RTX 3080, 6010, 4042, 10240, 97, 98
2026/08/05 00:08:43.132, 0, NVIDIA GeForce RTX 3080, 6010, 4042, 10240, 96, 98
2026/08/05 00:08:43.241, 0, NVIDIA GeForce RTX 3080, 6010, 4042, 10240, 96, 98
2026/08/05 00:08:43.350, 0, NVIDIA GeForce RTX 3080, 6010, 4042, 10240, 96, 98
2026/08/05 00:08:43.459, 0, NVIDIA GeForce RTX 3080, 6010, 4042, 10240, 96, 98
2026/08/05 00:08:43.568, 0, NVIDIA GeForce RTX 3080, 6010, 4042, 10240, 97, 97
2026/08/05 00:08:43.678, 0, NVIDIA GeForce RTX 3080, 6010, 4042, 10240, 97, 97
2026/08/05 00:08:43.786, 0, NVIDIA GeForce RTX 3080, 6010, 4042, 10240, 97, 97
2026/08/05 00:08:43.895, 0, NVIDIA GeForce RTX 3080, 6010, 4042, 10240, 97, 97
2026/08/05 00:08:44.005, 0, NVIDIA GeForce RTX 3080, 6010, 4042, 10240, 97, 97
2026/08/05 00:08:44.113, 0, NVIDIA GeForce RTX 3080, 6010, 4042, 10240, 96, 97
2026/08/05 00:08:44.223, 0, NVIDIA GeForce RTX 3080, 6010, 4042, 10240, 96, 97
2026/08/05 00:08:44.332, 0, NVIDIA GeForce RTX 3080, 6010, 4042, 10240, 96, 97
2026/08/05 00:08:44.440, 0, NVIDIA GeForce RTX 3080, 6010, 4042, 10240, 96, 97
2026/08/05 00:08:44.550, 0, NVIDIA GeForce RTX 3080, 6010, 4042, 10240, 96, 97
2026/08/05 00:08:44.660, 0, NVIDIA GeForce RTX 3080, 6010, 4042, 10240, 97, 97
2026/08/05 00:08:44.769, 0, NVIDIA GeForce RTX 3080, 6010, 4042, 10240, 97, 97
2026/08/05 00:08:44.878, 0, NVIDIA GeForce RTX 3080, 6010, 4042, 10240, 97, 97
2026/08/05 00:08:44.987, 0, NVIDIA GeForce RTX 3080, 6010, 4042, 10240, 97, 97
2026/08/05 00:08:45.096, 0, NVIDIA GeForce RTX 3080, 6010, 4042, 10240, 97, 98
2026/08/05 00:08:45.205, 0, NVIDIA GeForce RTX 3080, 6010, 4042, 10240, 97, 98
2026/08/05 00:08:45.315, 0, NVIDIA GeForce RTX 3080, 6010, 4042, 10240, 97, 98
2026/08/05 00:08:45.424, 0, NVIDIA GeForce RTX 3080, 6010, 4042, 10240, 97, 98
2026/08/05 00:08:45.533, 0, NVIDIA GeForce RTX 3080, 6010, 4042, 10240, 97, 98
2026/08/05 00:08:45.642, 0, NVIDIA GeForce RTX 3080, 6010, 4042, 10240, 97, 98
2026/08/05 00:08:45.751, 0, NVIDIA GeForce RTX 3080, 6010, 4042, 10240, 97, 98
2026/08/05 00:08:45.861, 0, NVIDIA GeForce RTX 3080, 6010, 4042, 10240, 97, 98
2026/08/05 00:08:45.970, 0, NVIDIA GeForce RTX 3080, 6010, 4042, 10240, 97, 98
2026/08/05 00:08:46.079, 0, NVIDIA GeForce RTX 3080, 6010, 4042, 10240, 97, 98
2026/08/05 00:08:46.189, 0, NVIDIA GeForce RTX 3080, 6010, 4042, 10240, 97, 98
2026/08/05 00:08:46.298, 0, NVIDIA GeForce RTX 3080, 6010, 4042, 10240, 97, 98
2026/08/05 00:08:46.407, 0, NVIDIA GeForce RTX 3080, 6010, 4042, 10240, 97, 98
2026/08/05 00:08:46.516, 0, NVIDIA GeForce RTX 3080, 6010, 4042, 10240, 97, 98
2026/08/05 00:08:46.625, 0, NVIDIA GeForce RTX 3080, 6010, 4042, 10240, 94, 96
2026/08/05 00:08:46.734, 0, NVIDIA GeForce RTX 3080, 6010, 4042, 10240, 94, 96
2026/08/05 00:08:46.843, 0, NVIDIA GeForce RTX 3080, 6010, 4042, 10240, 94, 96
2026/08/05 00:08:46.952, 0, NVIDIA GeForce RTX 3080, 6010, 4042, 10240, 94, 96
2026/08/05 00:08:47.062, 0, NVIDIA GeForce RTX 3080, 6010, 4042, 10240, 97, 98
2026/08/05 00:08:47.171, 0, NVIDIA GeForce RTX 3080, 6010, 4042, 10240, 97, 98
2026/08/05 00:08:47.280, 0, NVIDIA GeForce RTX 3080, 6010, 4042, 10240, 97, 98
2026/08/05 00:08:47.390, 0, NVIDIA GeForce RTX 3080, 6010, 4042, 10240, 97, 98
2026/08/05 00:08:47.498, 0, NVIDIA GeForce RTX 3080, 6010, 4042, 10240, 97, 98
2026/08/05 00:08:47.607, 0, NVIDIA GeForce RTX 3080, 6010, 4042, 10240, 97, 98
2026/08/05 00:08:47.716, 0, NVIDIA GeForce RTX 3080, 6010, 4042, 10240, 97, 98
2026/08/05 00:08:47.824, 0, NVIDIA GeForce RTX 3080, 6010, 4042, 10240, 97, 98
2026/08/05 00:08:47.934, 0, NVIDIA GeForce RTX 3080, 6010, 4042, 10240, 97, 98
2026/08/05 00:08:48.043, 0, NVIDIA GeForce RTX 3080, 6010, 4042, 10240, 97, 98
2026/08/05 00:08:48.152, 0, NVIDIA GeForce RTX 3080, 6010, 4042, 10240, 97, 98
2026/08/05 00:08:48.262, 0, NVIDIA GeForce RTX 3080, 6010, 4042, 10240, 97, 98
2026/08/05 00:08:48.369, 0, NVIDIA GeForce RTX 3080, 6010, 4042, 10240, 97, 98
2026/08/05 00:08:48.479, 0, NVIDIA GeForce RTX 3080, 6010, 4042, 10240, 97, 98
2026/08/05 00:08:48.589, 0, NVIDIA GeForce RTX 3080, 6010, 4042, 10240, 97, 97
2026/08/05 00:08:48.697, 0, NVIDIA GeForce RTX 3080, 6010, 4042, 10240, 97, 97
2026/08/05 00:08:48.807, 0, NVIDIA GeForce RTX 3080, 6010, 4042, 10240, 97, 97
2026/08/05 00:08:48.916, 0, NVIDIA GeForce RTX 3080, 6010, 4042, 10240, 97, 97
2026/08/05 00:08:49.025, 0, NVIDIA GeForce RTX 3080, 6010, 4042, 10240, 97, 97
2026/08/05 00:08:49.134, 0, NVIDIA GeForce RTX 3080, 6010, 4042, 10240, 97, 98
2026/08/05 00:08:49.243, 0, NVIDIA GeForce RTX 3080, 6010, 4042, 10240, 97, 98
2026/08/05 00:08:49.352, 0, NVIDIA GeForce RTX 3080, 6010, 4042, 10240, 97, 98
2026/08/05 00:08:49.462, 0, NVIDIA GeForce RTX 3080, 6010, 4042, 10240, 97, 98
2026/08/05 00:08:49.570, 0, NVIDIA GeForce RTX 3080, 6010, 4042, 10240, 97, 98
2026/08/05 00:08:49.680, 0, NVIDIA GeForce RTX 3080, 6010, 4042, 10240, 97, 98
2026/08/05 00:08:49.790, 0, NVIDIA GeForce RTX 3080, 6010, 4042, 10240, 97, 98
2026/08/05 00:08:49.897, 0, NVIDIA GeForce RTX 3080, 6010, 4042, 10240, 97, 98
2026/08/05 00:08:50.007, 0, NVIDIA GeForce RTX 3080, 6010, 4042, 10240, 97, 98
2026/08/05 00:08:50.117, 0, NVIDIA GeForce RTX 3080, 6010, 4042, 10240, 97, 98
2026/08/05 00:08:50.225, 0, NVIDIA GeForce RTX 3080, 6010, 4042, 10240, 97, 98
2026/08/05 00:08:50.335, 0, NVIDIA GeForce RTX 3080, 6010, 4042, 10240, 97, 98
2026/08/05 00:08:50.445, 0, NVIDIA GeForce RTX 3080, 6010, 4042, 10240, 97, 98
2026/08/05 00:08:50.553, 0, NVIDIA GeForce RTX 3080, 6010, 4042, 10240, 97, 98
2026/08/05 00:08:50.663, 0, NVIDIA GeForce RTX 3080, 6010, 4042, 10240, 97, 98
2026/08/05 00:08:50.771, 0, NVIDIA GeForce RTX 3080, 6010, 4042, 10240, 97, 98
2026/08/05 00:08:50.881, 0, NVIDIA GeForce RTX 3080, 6010, 4042, 10240, 97, 98
2026/08/05 00:08:50.991, 0, NVIDIA GeForce RTX 3080, 6010, 4042, 10240, 97, 98
2026/08/05 00:08:51.099, 0, NVIDIA GeForce RTX 3080, 6010, 4042, 10240, 97, 98
2026/08/05 00:08:51.208, 0, NVIDIA GeForce RTX 3080, 6010, 4042, 10240, 97, 98
2026/08/05 00:08:51.318, 0, NVIDIA GeForce RTX 3080, 6010, 4042, 10240, 97, 98
2026/08/05 00:08:51.427, 0, NVIDIA GeForce RTX 3080, 6010, 4042, 10240, 97, 98
2026/08/05 00:08:51.536, 0, NVIDIA GeForce RTX 3080, 6010, 4042, 10240, 97, 98
2026/08/05 00:08:51.646, 0, NVIDIA GeForce RTX 3080, 6010, 4042, 10240, 97, 98
2026/08/05 00:08:51.753, 0, NVIDIA GeForce RTX 3080, 6010, 4042, 10240, 97, 98
2026/08/05 00:08:51.863, 0, NVIDIA GeForce RTX 3080, 6010, 4042, 10240, 97, 98
2026/08/05 00:08:51.972, 0, NVIDIA GeForce RTX 3080, 6010, 4042, 10240, 97, 98
2026/08/05 00:08:52.081, 0, NVIDIA GeForce RTX 3080, 6010, 4042, 10240, 97, 98
2026/08/05 00:08:52.191, 0, NVIDIA GeForce RTX 3080, 6010, 4042, 10240, 97, 98
2026/08/05 00:08:52.300, 0, NVIDIA GeForce RTX 3080, 6010, 4042, 10240, 97, 98
2026/08/05 00:08:52.409, 0, NVIDIA GeForce RTX 3080, 6010, 4042, 10240, 97, 98
2026/08/05 00:08:52.519, 0, NVIDIA GeForce RTX 3080, 6010, 4042, 10240, 97, 98
2026/08/05 00:08:52.627, 0, NVIDIA GeForce RTX 3080, 6010, 4042, 10240, 97, 98
2026/08/05 00:08:52.737, 0, NVIDIA GeForce RTX 3080, 6010, 4042, 10240, 97, 98
2026/08/05 00:08:52.847, 0, NVIDIA GeForce RTX 3080, 6010, 4042, 10240, 97, 98
2026/08/05 00:08:52.956, 0, NVIDIA GeForce RTX 3080, 6010, 4042, 10240, 97, 98
2026/08/05 00:08:53.065, 0, NVIDIA GeForce RTX 3080, 6010, 4042, 10240, 98, 98
2026/08/05 00:08:53.175, 0, NVIDIA GeForce RTX 3080, 6010, 4042, 10240, 98, 98
2026/08/05 00:08:53.284, 0, NVIDIA GeForce RTX 3080, 6010, 4042, 10240, 98, 98
2026/08/05 00:08:53.393, 0, NVIDIA GeForce RTX 3080, 6010, 4042, 10240, 98, 98
2026/08/05 00:08:53.502, 0, NVIDIA GeForce RTX 3080, 6010, 4042, 10240, 98, 98
2026/08/05 00:08:53.611, 0, NVIDIA GeForce RTX 3080, 6010, 4042, 10240, 96, 98
2026/08/05 00:08:53.720, 0, NVIDIA GeForce RTX 3080, 6010, 4042, 10240, 96, 98
2026/08/05 00:08:53.829, 0, NVIDIA GeForce RTX 3080, 6010, 4042, 10240, 96, 98
2026/08/05 00:08:53.939, 0, NVIDIA GeForce RTX 3080, 6010, 4042, 10240, 96, 98
2026/08/05 00:08:54.048, 0, NVIDIA GeForce RTX 3080, 6010, 4042, 10240, 96, 98
2026/08/05 00:08:54.157, 0, NVIDIA GeForce RTX 3080, 6010, 4042, 10240, 96, 98
2026/08/05 00:08:54.266, 0, NVIDIA GeForce RTX 3080, 6010, 4042, 10240, 96, 98
2026/08/05 00:08:54.374, 0, NVIDIA GeForce RTX 3080, 6010, 4042, 10240, 96, 98
2026/08/05 00:08:54.483, 0, NVIDIA GeForce RTX 3080, 6010, 4042, 10240, 96, 98
2026/08/05 00:08:54.592, 0, NVIDIA GeForce RTX 3080, 6010, 4042, 10240, 96, 98
2026/08/05 00:08:54.701, 0, NVIDIA GeForce RTX 3080, 6010, 4042, 10240, 96, 98
2026/08/05 00:08:54.811, 0, NVIDIA GeForce RTX 3080, 6010, 4042, 10240, 96, 98
2026/08/05 00:08:54.920, 0, NVIDIA GeForce RTX 3080, 6010, 4042, 10240, 96, 98
2026/08/05 00:08:55.029, 0, NVIDIA GeForce RTX 3080, 6010, 4042, 10240, 96, 98
2026/08/05 00:08:55.139, 0, NVIDIA GeForce RTX 3080, 6010, 4042, 10240, 96, 98
2026/08/05 00:08:55.248, 0, NVIDIA GeForce RTX 3080, 6010, 4042, 10240, 96, 98
2026/08/05 00:08:55.357, 0, NVIDIA GeForce RTX 3080, 6010, 4042, 10240, 96, 98
2026/08/05 00:08:55.466, 0, NVIDIA GeForce RTX 3080, 6010, 4042, 10240, 96, 98
2026/08/05 00:08:55.575, 0, NVIDIA GeForce RTX 3080, 6010, 4042, 10240, 96, 98
2026/08/05 00:08:55.684, 0, NVIDIA GeForce RTX 3080, 6010, 4042, 10240, 96, 98
2026/08/05 00:08:55.793, 0, NVIDIA GeForce RTX 3080, 6010, 4042, 10240, 96, 98
2026/08/05 00:08:55.902, 0, NVIDIA GeForce RTX 3080, 6010, 4042, 10240, 96, 98
2026/08/05 00:08:56.012, 0, NVIDIA GeForce RTX 3080, 6010, 4042, 10240, 96, 98
2026/08/05 00:08:56.121, 0, NVIDIA GeForce RTX 3080, 6010, 4042, 10240, 96, 98
2026/08/05 00:08:56.230, 0, NVIDIA GeForce RTX 3080, 6010, 4042, 10240, 96, 98
2026/08/05 00:08:56.340, 0, NVIDIA GeForce RTX 3080, 6010, 4042, 10240, 96, 98
2026/08/05 00:08:56.450, 0, NVIDIA GeForce RTX 3080, 6010, 4042, 10240, 96, 98
2026/08/05 00:08:56.558, 0, NVIDIA GeForce RTX 3080, 6010, 4042, 10240, 96, 98
2026/08/05 00:08:56.668, 0, NVIDIA GeForce RTX 3080, 6010, 4042, 10240, 96, 97
2026/08/05 00:08:56.777, 0, NVIDIA GeForce RTX 3080, 6010, 4042, 10240, 96, 97
2026/08/05 00:08:56.885, 0, NVIDIA GeForce RTX 3080, 6010, 4042, 10240, 96, 97
2026/08/05 00:08:56.995, 0, NVIDIA GeForce RTX 3080, 6010, 4042, 10240, 96, 97
2026/08/05 00:08:57.105, 0, NVIDIA GeForce RTX 3080, 6010, 4042, 10240, 96, 98
2026/08/05 00:08:57.213, 0, NVIDIA GeForce RTX 3080, 6010, 4042, 10240, 96, 98
2026/08/05 00:08:57.323, 0, NVIDIA GeForce RTX 3080, 6010, 4042, 10240, 96, 98
2026/08/05 00:08:57.431, 0, NVIDIA GeForce RTX 3080, 6010, 4042, 10240, 96, 98
2026/08/05 00:08:57.540, 0, NVIDIA GeForce RTX 3080, 6010, 4042, 10240, 96, 98
2026/08/05 00:08:57.650, 0, NVIDIA GeForce RTX 3080, 6010, 4042, 10240, 96, 97
2026/08/05 00:08:57.758, 0, NVIDIA GeForce RTX 3080, 6010, 4042, 10240, 96, 97
2026/08/05 00:08:57.868, 0, NVIDIA GeForce RTX 3080, 6010, 4042, 10240, 96, 97
2026/08/05 00:08:57.978, 0, NVIDIA GeForce RTX 3080, 6010, 4042, 10240, 96, 97
2026/08/05 00:08:58.086, 0, NVIDIA GeForce RTX 3080, 6010, 4042, 10240, 96, 98
2026/08/05 00:08:58.196, 0, NVIDIA GeForce RTX 3080, 6010, 4042, 10240, 96, 98
2026/08/05 00:08:58.305, 0, NVIDIA GeForce RTX 3080, 6010, 4042, 10240, 96, 98
2026/08/05 00:08:58.413, 0, NVIDIA GeForce RTX 3080, 6010, 4042, 10240, 96, 98
2026/08/05 00:08:58.523, 0, NVIDIA GeForce RTX 3080, 6010, 4042, 10240, 96, 98
2026/08/05 00:08:58.631, 0, NVIDIA GeForce RTX 3080, 6010, 4042, 10240, 96, 98
2026/08/05 00:08:58.741, 0, NVIDIA GeForce RTX 3080, 6010, 4042, 10240, 96, 98
2026/08/05 00:08:58.851, 0, NVIDIA GeForce RTX 3080, 6010, 4042, 10240, 96, 98
2026/08/05 00:08:58.959, 0, NVIDIA GeForce RTX 3080, 6010, 4042, 10240, 96, 98
2026/08/05 00:08:59.069, 0, NVIDIA GeForce RTX 3080, 6010, 4042, 10240, 96, 98
2026/08/05 00:08:59.177, 0, NVIDIA GeForce RTX 3080, 6010, 4042, 10240, 96, 98
2026/08/05 00:08:59.286, 0, NVIDIA GeForce RTX 3080, 6010, 4042, 10240, 96, 98
2026/08/05 00:08:59.395, 0, NVIDIA GeForce RTX 3080, 6010, 4042, 10240, 96, 98
2026/08/05 00:08:59.505, 0, NVIDIA GeForce RTX 3080, 6010, 4042, 10240, 96, 98
2026/08/05 00:08:59.614, 0, NVIDIA GeForce RTX 3080, 6010, 4042, 10240, 94, 96
2026/08/05 00:08:59.723, 0, NVIDIA GeForce RTX 3080, 6010, 4042, 10240, 94, 96
2026/08/05 00:08:59.832, 0, NVIDIA GeForce RTX 3080, 6010, 4042, 10240, 94, 96
2026/08/05 00:08:59.942, 0, NVIDIA GeForce RTX 3080, 6010, 4042, 10240, 94, 96
2026/08/05 00:09:00.050, 0, NVIDIA GeForce RTX 3080, 6010, 4042, 10240, 94, 96
2026/08/05 00:09:00.159, 0, NVIDIA GeForce RTX 3080, 6010, 4042, 10240, 96, 97
2026/08/05 00:09:00.268, 0, NVIDIA GeForce RTX 3080, 6010, 4042, 10240, 96, 97
2026/08/05 00:09:00.377, 0, NVIDIA GeForce RTX 3080, 6010, 4042, 10240, 96, 97
2026/08/05 00:09:00.486, 0, NVIDIA GeForce RTX 3080, 6010, 4042, 10240, 96, 97
2026/08/05 00:09:00.595, 0, NVIDIA GeForce RTX 3080, 6010, 4042, 10240, 96, 98
2026/08/05 00:09:00.705, 0, NVIDIA GeForce RTX 3080, 6010, 4042, 10240, 96, 98
2026/08/05 00:09:00.814, 0, NVIDIA GeForce RTX 3080, 6010, 4042, 10240, 96, 98
2026/08/05 00:09:00.923, 0, NVIDIA GeForce RTX 3080, 6010, 4042, 10240, 96, 98
2026/08/05 00:09:01.032, 0, NVIDIA GeForce RTX 3080, 6010, 4042, 10240, 96, 98
2026/08/05 00:09:01.142, 0, NVIDIA GeForce RTX 3080, 6010, 4042, 10240, 96, 97
2026/08/05 00:09:01.251, 0, NVIDIA GeForce RTX 3080, 6010, 4042, 10240, 96, 97
2026/08/05 00:09:01.360, 0, NVIDIA GeForce RTX 3080, 6010, 4042, 10240, 96, 97
2026/08/05 00:09:01.469, 0, NVIDIA GeForce RTX 3080, 6010, 4042, 10240, 96, 97
2026/08/05 00:09:01.578, 0, NVIDIA GeForce RTX 3080, 6010, 4042, 10240, 97, 98
2026/08/05 00:09:01.687, 0, NVIDIA GeForce RTX 3080, 6010, 4042, 10240, 97, 98
2026/08/05 00:09:01.796, 0, NVIDIA GeForce RTX 3080, 6010, 4042, 10240, 97, 98
2026/08/05 00:09:01.905, 0, NVIDIA GeForce RTX 3080, 6010, 4042, 10240, 97, 98
2026/08/05 00:09:02.014, 0, NVIDIA GeForce RTX 3080, 6010, 4042, 10240, 97, 98
2026/08/05 00:09:02.123, 0, NVIDIA GeForce RTX 3080, 6010, 4042, 10240, 97, 98
2026/08/05 00:09:02.232, 0, NVIDIA GeForce RTX 3080, 6010, 4042, 10240, 97, 98
2026/08/05 00:09:02.342, 0, NVIDIA GeForce RTX 3080, 6010, 4042, 10240, 97, 98
2026/08/05 00:09:02.451, 0, NVIDIA GeForce RTX 3080, 6010, 4042, 10240, 97, 98
2026/08/05 00:09:02.560, 0, NVIDIA GeForce RTX 3080, 6010, 4042, 10240, 97, 98
2026/08/05 00:09:02.669, 0, NVIDIA GeForce RTX 3080, 6010, 4042, 10240, 96, 98
2026/08/05 00:09:02.778, 0, NVIDIA GeForce RTX 3080, 6010, 4042, 10240, 96, 98
2026/08/05 00:09:02.887, 0, NVIDIA GeForce RTX 3080, 6010, 4042, 10240, 96, 98
2026/08/05 00:09:02.996, 0, NVIDIA GeForce RTX 3080, 6010, 4042, 10240, 96, 98
2026/08/05 00:09:03.105, 0, NVIDIA GeForce RTX 3080, 6010, 4042, 10240, 97, 98
2026/08/05 00:09:03.213, 0, NVIDIA GeForce RTX 3080, 6010, 4042, 10240, 97, 98
2026/08/05 00:09:03.323, 0, NVIDIA GeForce RTX 3080, 6010, 4042, 10240, 97, 98
2026/08/05 00:09:03.432, 0, NVIDIA GeForce RTX 3080, 6010, 4042, 10240, 97, 98
2026/08/05 00:09:03.541, 0, NVIDIA GeForce RTX 3080, 6010, 4042, 10240, 97, 98
2026/08/05 00:09:03.651, 0, NVIDIA GeForce RTX 3080, 6010, 4042, 10240, 97, 98
2026/08/05 00:09:03.760, 0, NVIDIA GeForce RTX 3080, 6010, 4042, 10240, 97, 98
2026/08/05 00:09:03.869, 0, NVIDIA GeForce RTX 3080, 6010, 4042, 10240, 97, 98
2026/08/05 00:09:03.979, 0, NVIDIA GeForce RTX 3080, 6010, 4042, 10240, 97, 98
2026/08/05 00:09:04.087, 0, NVIDIA GeForce RTX 3080, 6010, 4042, 10240, 97, 98
2026/08/05 00:09:04.197, 0, NVIDIA GeForce RTX 3080, 6010, 4042, 10240, 97, 98
2026/08/05 00:09:04.306, 0, NVIDIA GeForce RTX 3080, 6010, 4042, 10240, 97, 98
2026/08/05 00:09:04.414, 0, NVIDIA GeForce RTX 3080, 6010, 4042, 10240, 97, 98
2026/08/05 00:09:04.524, 0, NVIDIA GeForce RTX 3080, 6010, 4042, 10240, 97, 98
2026/08/05 00:09:04.634, 0, NVIDIA GeForce RTX 3080, 6010, 4042, 10240, 97, 98
2026/08/05 00:09:04.743, 0, NVIDIA GeForce RTX 3080, 6010, 4042, 10240, 97, 98
2026/08/05 00:09:04.852, 0, NVIDIA GeForce RTX 3080, 6010, 4042, 10240, 97, 98
2026/08/05 00:09:04.961, 0, NVIDIA GeForce RTX 3080, 6010, 4042, 10240, 97, 98
2026/08/05 00:09:05.071, 0, NVIDIA GeForce RTX 3080, 6010, 4042, 10240, 97, 98
2026/08/05 00:09:05.180, 0, NVIDIA GeForce RTX 3080, 6010, 4042, 10240, 97, 98
2026/08/05 00:09:05.288, 0, NVIDIA GeForce RTX 3080, 6010, 4042, 10240, 97, 98
2026/08/05 00:09:05.397, 0, NVIDIA GeForce RTX 3080, 6010, 4042, 10240, 97, 98
2026/08/05 00:09:05.505, 0, NVIDIA GeForce RTX 3080, 6010, 4042, 10240, 97, 98
2026/08/05 00:09:05.613, 0, NVIDIA GeForce RTX 3080, 6010, 4042, 10240, 97, 98
2026/08/05 00:09:05.723, 0, NVIDIA GeForce RTX 3080, 6010, 4042, 10240, 97, 98
2026/08/05 00:09:05.832, 0, NVIDIA GeForce RTX 3080, 6010, 4042, 10240, 97, 98
2026/08/05 00:09:05.941, 0, NVIDIA GeForce RTX 3080, 6010, 4042, 10240, 97, 98
2026/08/05 00:09:06.051, 0, NVIDIA GeForce RTX 3080, 6010, 4042, 10240, 97, 98
2026/08/05 00:09:06.160, 0, NVIDIA GeForce RTX 3080, 6010, 4042, 10240, 97, 98
2026/08/05 00:09:06.269, 0, NVIDIA GeForce RTX 3080, 6010, 4042, 10240, 97, 98
2026/08/05 00:09:06.379, 0, NVIDIA GeForce RTX 3080, 6010, 4042, 10240, 97, 98
2026/08/05 00:09:06.488, 0, NVIDIA GeForce RTX 3080, 6010, 4042, 10240, 97, 98
2026/08/05 00:09:06.597, 0, NVIDIA GeForce RTX 3080, 6010, 4042, 10240, 96, 98
2026/08/05 00:09:06.706, 0, NVIDIA GeForce RTX 3080, 6010, 4042, 10240, 96, 98
2026/08/05 00:09:06.814, 0, NVIDIA GeForce RTX 3080, 6010, 4042, 10240, 96, 98
2026/08/05 00:09:06.924, 0, NVIDIA GeForce RTX 3080, 6010, 4042, 10240, 96, 98
2026/08/05 00:09:07.033, 0, NVIDIA GeForce RTX 3080, 6010, 4042, 10240, 96, 98
2026/08/05 00:09:07.142, 0, NVIDIA GeForce RTX 3080, 6010, 4042, 10240, 97, 98
2026/08/05 00:09:07.252, 0, NVIDIA GeForce RTX 3080, 6010, 4042, 10240, 97, 98
2026/08/05 00:09:07.360, 0, NVIDIA GeForce RTX 3080, 6010, 4042, 10240, 97, 98
2026/08/05 00:09:07.470, 0, NVIDIA GeForce RTX 3080, 6010, 4042, 10240, 97, 98
2026/08/05 00:09:07.579, 0, NVIDIA GeForce RTX 3080, 6010, 4042, 10240, 97, 98
2026/08/05 00:09:07.688, 0, NVIDIA GeForce RTX 3080, 6010, 4042, 10240, 97, 98
2026/08/05 00:09:07.798, 0, NVIDIA GeForce RTX 3080, 6010, 4042, 10240, 97, 98
2026/08/05 00:09:07.907, 0, NVIDIA GeForce RTX 3080, 6010, 4042, 10240, 97, 98
2026/08/05 00:09:08.016, 0, NVIDIA GeForce RTX 3080, 6010, 4042, 10240, 97, 98
2026/08/05 00:09:08.126, 0, NVIDIA GeForce RTX 3080, 6010, 4042, 10240, 97, 97
2026/08/05 00:09:08.234, 0, NVIDIA GeForce RTX 3080, 6010, 4042, 10240, 97, 97
2026/08/05 00:09:08.343, 0, NVIDIA GeForce RTX 3080, 6010, 4042, 10240, 97, 97
2026/08/05 00:09:08.453, 0, NVIDIA GeForce RTX 3080, 6010, 4042, 10240, 97, 97
2026/08/05 00:09:08.561, 0, NVIDIA GeForce RTX 3080, 6010, 4042, 10240, 97, 97
2026/08/05 00:09:08.671, 0, NVIDIA GeForce RTX 3080, 6010, 4042, 10240, 97, 98
2026/08/05 00:09:08.780, 0, NVIDIA GeForce RTX 3080, 6010, 4042, 10240, 97, 98
2026/08/05 00:09:08.889, 0, NVIDIA GeForce RTX 3080, 6010, 4042, 10240, 97, 98
2026/08/05 00:09:08.998, 0, NVIDIA GeForce RTX 3080, 6010, 4042, 10240, 97, 98
2026/08/05 00:09:09.108, 0, NVIDIA GeForce RTX 3080, 6010, 4042, 10240, 97, 98
2026/08/05 00:09:09.216, 0, NVIDIA GeForce RTX 3080, 6010, 4042, 10240, 97, 98
2026/08/05 00:09:09.326, 0, NVIDIA GeForce RTX 3080, 6010, 4042, 10240, 97, 98
2026/08/05 00:09:09.435, 0, NVIDIA GeForce RTX 3080, 6010, 4042, 10240, 97, 98
2026/08/05 00:09:09.543, 0, NVIDIA GeForce RTX 3080, 6010, 4042, 10240, 97, 98
2026/08/05 00:09:09.653, 0, NVIDIA GeForce RTX 3080, 6010, 4042, 10240, 97, 98
2026/08/05 00:09:09.762, 0, NVIDIA GeForce RTX 3080, 6010, 4042, 10240, 97, 98
2026/08/05 00:09:09.871, 0, NVIDIA GeForce RTX 3080, 6010, 4042, 10240, 97, 98
2026/08/05 00:09:09.981, 0, NVIDIA GeForce RTX 3080, 6010, 4042, 10240, 97, 98
2026/08/05 00:09:10.089, 0, NVIDIA GeForce RTX 3080, 6010, 4042, 10240, 97, 98
2026/08/05 00:09:10.199, 0, NVIDIA GeForce RTX 3080, 6010, 4042, 10240, 97, 98
2026/08/05 00:09:10.308, 0, NVIDIA GeForce RTX 3080, 6010, 4042, 10240, 97, 98
2026/08/05 00:09:10.417, 0, NVIDIA GeForce RTX 3080, 6010, 4042, 10240, 97, 98
2026/08/05 00:09:10.526, 0, NVIDIA GeForce RTX 3080, 6010, 4042, 10240, 97, 98
2026/08/05 00:09:10.636, 0, NVIDIA GeForce RTX 3080, 6010, 4042, 10240, 97, 98
2026/08/05 00:09:10.745, 0, NVIDIA GeForce RTX 3080, 6010, 4042, 10240, 97, 98
2026/08/05 00:09:10.854, 0, NVIDIA GeForce RTX 3080, 6010, 4042, 10240, 97, 98
2026/08/05 00:09:10.963, 0, NVIDIA GeForce RTX 3080, 6010, 4042, 10240, 97, 98
2026/08/05 00:09:11.072, 0, NVIDIA GeForce RTX 3080, 6010, 4042, 10240, 97, 98
2026/08/05 00:09:11.182, 0, NVIDIA GeForce RTX 3080, 6010, 4042, 10240, 97, 98
2026/08/05 00:09:11.291, 0, NVIDIA GeForce RTX 3080, 6010, 4042, 10240, 97, 98
2026/08/05 00:09:11.399, 0, NVIDIA GeForce RTX 3080, 6010, 4042, 10240, 97, 98
2026/08/05 00:09:11.509, 0, NVIDIA GeForce RTX 3080, 6010, 4042, 10240, 97, 98
2026/08/05 00:09:11.618, 0, NVIDIA GeForce RTX 3080, 6010, 4042, 10240, 97, 98
2026/08/05 00:09:11.727, 0, NVIDIA GeForce RTX 3080, 6010, 4042, 10240, 97, 98
2026/08/05 00:09:11.836, 0, NVIDIA GeForce RTX 3080, 6010, 4042, 10240, 97, 98
2026/08/05 00:09:11.945, 0, NVIDIA GeForce RTX 3080, 6010, 4042, 10240, 97, 98
2026/08/05 00:09:12.054, 0, NVIDIA GeForce RTX 3080, 6010, 4042, 10240, 97, 98
2026/08/05 00:09:12.164, 0, NVIDIA GeForce RTX 3080, 6010, 4042, 10240, 97, 98
2026/08/05 00:09:12.272, 0, NVIDIA GeForce RTX 3080, 6010, 4042, 10240, 97, 98
2026/08/05 00:09:12.381, 0, NVIDIA GeForce RTX 3080, 6010, 4042, 10240, 97, 98
2026/08/05 00:09:12.489, 0, NVIDIA GeForce RTX 3080, 6010, 4042, 10240, 97, 98
2026/08/05 00:09:12.598, 0, NVIDIA GeForce RTX 3080, 6010, 4042, 10240, 98, 98
2026/08/05 00:09:12.708, 0, NVIDIA GeForce RTX 3080, 6010, 4042, 10240, 98, 98
2026/08/05 00:09:12.816, 0, NVIDIA GeForce RTX 3080, 6010, 4042, 10240, 98, 98
2026/08/05 00:09:12.926, 0, NVIDIA GeForce RTX 3080, 6010, 4042, 10240, 98, 98
2026/08/05 00:09:13.036, 0, NVIDIA GeForce RTX 3080, 6010, 4042, 10240, 98, 98
2026/08/05 00:09:13.144, 0, NVIDIA GeForce RTX 3080, 6010, 4042, 10240, 96, 98
2026/08/05 00:09:13.254, 0, NVIDIA GeForce RTX 3080, 6010, 4042, 10240, 96, 98
2026/08/05 00:09:13.363, 0, NVIDIA GeForce RTX 3080, 6010, 4042, 10240, 96, 98
2026/08/05 00:09:13.472, 0, NVIDIA GeForce RTX 3080, 6010, 4042, 10240, 96, 98
2026/08/05 00:09:13.582, 0, NVIDIA GeForce RTX 3080, 6010, 4042, 10240, 96, 98
2026/08/05 00:09:13.690, 0, NVIDIA GeForce RTX 3080, 6010, 4042, 10240, 96, 98
2026/08/05 00:09:13.799, 0, NVIDIA GeForce RTX 3080, 6010, 4042, 10240, 96, 98
2026/08/05 00:09:13.909, 0, NVIDIA GeForce RTX 3080, 6010, 4042, 10240, 96, 98
2026/08/05 00:09:14.017, 0, NVIDIA GeForce RTX 3080, 6010, 4042, 10240, 96, 98
2026/08/05 00:09:14.127, 0, NVIDIA GeForce RTX 3080, 6010, 4042, 10240, 96, 98
2026/08/05 00:09:14.236, 0, NVIDIA GeForce RTX 3080, 6010, 4042, 10240, 96, 98
2026/08/05 00:09:14.344, 0, NVIDIA GeForce RTX 3080, 6010, 4042, 10240, 96, 98
2026/08/05 00:09:14.454, 0, NVIDIA GeForce RTX 3080, 6010, 4042, 10240, 96, 98
2026/08/05 00:09:14.564, 0, NVIDIA GeForce RTX 3080, 6010, 4042, 10240, 96, 97
2026/08/05 00:09:14.673, 0, NVIDIA GeForce RTX 3080, 6010, 4042, 10240, 96, 97
2026/08/05 00:09:14.782, 0, NVIDIA GeForce RTX 3080, 6010, 4042, 10240, 96, 97
2026/08/05 00:09:14.891, 0, NVIDIA GeForce RTX 3080, 6010, 4042, 10240, 96, 97
2026/08/05 00:09:15.001, 0, NVIDIA GeForce RTX 3080, 6010, 4042, 10240, 96, 97
2026/08/05 00:09:15.110, 0, NVIDIA GeForce RTX 3080, 6010, 4042, 10240, 96, 98
2026/08/05 00:09:15.219, 0, NVIDIA GeForce RTX 3080, 6010, 4042, 10240, 96, 98
2026/08/05 00:09:15.328, 0, NVIDIA GeForce RTX 3080, 6010, 4042, 10240, 96, 98
2026/08/05 00:09:15.437, 0, NVIDIA GeForce RTX 3080, 6010, 4042, 10240, 96, 98
2026/08/05 00:09:15.546, 0, NVIDIA GeForce RTX 3080, 6010, 4042, 10240, 96, 98
2026/08/05 00:09:15.656, 0, NVIDIA GeForce RTX 3080, 6010, 4042, 10240, 96, 97
2026/08/05 00:09:15.765, 0, NVIDIA GeForce RTX 3080, 6010, 4042, 10240, 96, 97
2026/08/05 00:09:15.874, 0, NVIDIA GeForce RTX 3080, 6010, 4042, 10240, 96, 97
2026/08/05 00:09:15.984, 0, NVIDIA GeForce RTX 3080, 6010, 4042, 10240, 96, 97
2026/08/05 00:09:16.093, 0, NVIDIA GeForce RTX 3080, 6010, 4042, 10240, 93, 95
2026/08/05 00:09:16.201, 0, NVIDIA GeForce RTX 3080, 6010, 4042, 10240, 93, 95
2026/08/05 00:09:16.310, 0, NVIDIA GeForce RTX 3080, 6010, 4042, 10240, 93, 95
2026/08/05 00:09:16.419, 0, NVIDIA GeForce RTX 3080, 6010, 4042, 10240, 93, 95
2026/08/05 00:09:16.528, 0, NVIDIA GeForce RTX 3080, 6010, 4042, 10240, 93, 95
2026/08/05 00:09:16.637, 0, NVIDIA GeForce RTX 3080, 6010, 4042, 10240, 96, 97
2026/08/05 00:09:16.746, 0, NVIDIA GeForce RTX 3080, 6010, 4042, 10240, 96, 97
2026/08/05 00:09:16.856, 0, NVIDIA GeForce RTX 3080, 6010, 4042, 10240, 96, 97
2026/08/05 00:09:16.965, 0, NVIDIA GeForce RTX 3080, 6010, 4042, 10240, 96, 97
2026/08/05 00:09:17.074, 0, NVIDIA GeForce RTX 3080, 6010, 4042, 10240, 96, 98
2026/08/05 00:09:17.183, 0, NVIDIA GeForce RTX 3080, 6010, 4042, 10240, 96, 98
2026/08/05 00:09:17.293, 0, NVIDIA GeForce RTX 3080, 6010, 4042, 10240, 96, 98
2026/08/05 00:09:17.402, 0, NVIDIA GeForce RTX 3080, 6010, 4042, 10240, 96, 98
2026/08/05 00:09:17.511, 0, NVIDIA GeForce RTX 3080, 6010, 4042, 10240, 96, 98
2026/08/05 00:09:17.620, 0, NVIDIA GeForce RTX 3080, 6010, 4042, 10240, 96, 97
2026/08/05 00:09:17.729, 0, NVIDIA GeForce RTX 3080, 6010, 4042, 10240, 96, 97
2026/08/05 00:09:17.838, 0, NVIDIA GeForce RTX 3080, 6010, 4042, 10240, 96, 97
2026/08/05 00:09:17.947, 0, NVIDIA GeForce RTX 3080, 6010, 4042, 10240, 96, 97
2026/08/05 00:09:18.057, 0, NVIDIA GeForce RTX 3080, 6010, 4042, 10240, 96, 97
2026/08/05 00:09:18.166, 0, NVIDIA GeForce RTX 3080, 6010, 4042, 10240, 96, 97
2026/08/05 00:09:18.275, 0, NVIDIA GeForce RTX 3080, 6010, 4042, 10240, 96, 97
2026/08/05 00:09:18.384, 0, NVIDIA GeForce RTX 3080, 6010, 4042, 10240, 96, 97
2026/08/05 00:09:18.494, 0, NVIDIA GeForce RTX 3080, 6010, 4042, 10240, 96, 97
2026/08/05 00:09:18.603, 0, NVIDIA GeForce RTX 3080, 6010, 4042, 10240, 97, 98
2026/08/05 00:09:18.712, 0, NVIDIA GeForce RTX 3080, 6010, 4042, 10240, 97, 98
2026/08/05 00:09:18.821, 0, NVIDIA GeForce RTX 3080, 6010, 4042, 10240, 97, 98
2026/08/05 00:09:18.931, 0, NVIDIA GeForce RTX 3080, 6010, 4042, 10240, 97, 98
2026/08/05 00:09:19.040, 0, NVIDIA GeForce RTX 3080, 6010, 4042, 10240, 97, 98
2026/08/05 00:09:19.148, 0, NVIDIA GeForce RTX 3080, 6010, 4042, 10240, 96, 98
2026/08/05 00:09:19.258, 0, NVIDIA GeForce RTX 3080, 6010, 4042, 10240, 96, 98
2026/08/05 00:09:19.368, 0, NVIDIA GeForce RTX 3080, 6010, 4042, 10240, 96, 98
2026/08/05 00:09:19.476, 0, NVIDIA GeForce RTX 3080, 6010, 4042, 10240, 96, 98
2026/08/05 00:09:19.586, 0, NVIDIA GeForce RTX 3080, 6010, 4042, 10240, 96, 98
2026/08/05 00:09:19.694, 0, NVIDIA GeForce RTX 3080, 6010, 4042, 10240, 96, 98
2026/08/05 00:09:19.803, 0, NVIDIA GeForce RTX 3080, 6010, 4042, 10240, 96, 98
2026/08/05 00:09:19.913, 0, NVIDIA GeForce RTX 3080, 6010, 4042, 10240, 96, 98
2026/08/05 00:09:20.023, 0, NVIDIA GeForce RTX 3080, 6010, 4042, 10240, 96, 98
2026/08/05 00:09:20.131, 0, NVIDIA GeForce RTX 3080, 6010, 4042, 10240, 96, 98
2026/08/05 00:09:20.241, 0, NVIDIA GeForce RTX 3080, 6010, 4042, 10240, 96, 98
2026/08/05 00:09:20.349, 0, NVIDIA GeForce RTX 3080, 6010, 4042, 10240, 96, 98
2026/08/05 00:09:20.459, 0, NVIDIA GeForce RTX 3080, 6010, 4042, 10240, 96, 98
2026/08/05 00:09:20.569, 0, NVIDIA GeForce RTX 3080, 6010, 4042, 10240, 96, 98
2026/08/05 00:09:20.677, 0, NVIDIA GeForce RTX 3080, 6010, 4042, 10240, 96, 98
2026/08/05 00:09:20.787, 0, NVIDIA GeForce RTX 3080, 6010, 4042, 10240, 96, 98
2026/08/05 00:09:20.897, 0, NVIDIA GeForce RTX 3080, 6010, 4042, 10240, 96, 98
2026/08/05 00:09:20.999, 0, NVIDIA GeForce RTX 3080, 6010, 4042, 10240, 96, 98
2026/08/05 00:09:21.109, 0, NVIDIA GeForce RTX 3080, 6010, 4042, 10240, 96, 97
2026/08/05 00:09:21.216, 0, NVIDIA GeForce RTX 3080, 6010, 4042, 10240, 96, 97
2026/08/05 00:09:21.325, 0, NVIDIA GeForce RTX 3080, 6010, 4042, 10240, 96, 97
2026/08/05 00:09:21.433, 0, NVIDIA GeForce RTX 3080, 6010, 4042, 10240, 96, 97
2026/08/05 00:09:21.541, 0, NVIDIA GeForce RTX 3080, 6010, 4042, 10240, 96, 97
2026/08/05 00:09:21.651, 0, NVIDIA GeForce RTX 3080, 6010, 4042, 10240, 97, 98
2026/08/05 00:09:21.760, 0, NVIDIA GeForce RTX 3080, 6010, 4042, 10240, 97, 98
2026/08/05 00:09:21.869, 0, NVIDIA GeForce RTX 3080, 6010, 4042, 10240, 97, 98
2026/08/05 00:09:21.979, 0, NVIDIA GeForce RTX 3080, 6010, 4042, 10240, 97, 98
2026/08/05 00:09:22.087, 0, NVIDIA GeForce RTX 3080, 6010, 4042, 10240, 96, 98
2026/08/05 00:09:22.197, 0, NVIDIA GeForce RTX 3080, 6010, 4042, 10240, 96, 98
2026/08/05 00:09:22.306, 0, NVIDIA GeForce RTX 3080, 6010, 4042, 10240, 96, 98
2026/08/05 00:09:22.414, 0, NVIDIA GeForce RTX 3080, 6010, 4042, 10240, 96, 98
2026/08/05 00:09:22.524, 0, NVIDIA GeForce RTX 3080, 6010, 4042, 10240, 96, 98
2026/08/05 00:09:22.633, 0, NVIDIA GeForce RTX 3080, 6010, 4042, 10240, 97, 98
2026/08/05 00:09:22.742, 0, NVIDIA GeForce RTX 3080, 6010, 4042, 10240, 97, 98
2026/08/05 00:09:22.851, 0, NVIDIA GeForce RTX 3080, 6010, 4042, 10240, 97, 98
2026/08/05 00:09:22.960, 0, NVIDIA GeForce RTX 3080, 6010, 4042, 10240, 97, 98
2026/08/05 00:09:23.069, 0, NVIDIA GeForce RTX 3080, 6010, 4042, 10240, 97, 98
2026/08/05 00:09:23.178, 0, NVIDIA GeForce RTX 3080, 6010, 4042, 10240, 97, 98
2026/08/05 00:09:23.287, 0, NVIDIA GeForce RTX 3080, 6010, 4042, 10240, 97, 98
2026/08/05 00:09:23.397, 0, NVIDIA GeForce RTX 3080, 6010, 4042, 10240, 97, 98
2026/08/05 00:09:23.504, 0, NVIDIA GeForce RTX 3080, 6010, 4042, 10240, 97, 98
2026/08/05 00:09:23.613, 0, NVIDIA GeForce RTX 3080, 6010, 4042, 10240, 97, 98
2026/08/05 00:09:23.723, 0, NVIDIA GeForce RTX 3080, 6010, 4042, 10240, 97, 98
2026/08/05 00:09:23.830, 0, NVIDIA GeForce RTX 3080, 6010, 4042, 10240, 97, 98
2026/08/05 00:09:23.940, 0, NVIDIA GeForce RTX 3080, 6010, 4042, 10240, 97, 98
2026/08/05 00:09:24.050, 0, NVIDIA GeForce RTX 3080, 6010, 4042, 10240, 97, 98
2026/08/05 00:09:24.158, 0, NVIDIA GeForce RTX 3080, 6010, 4042, 10240, 97, 98
2026/08/05 00:09:24.268, 0, NVIDIA GeForce RTX 3080, 6010, 4042, 10240, 97, 98
2026/08/05 00:09:24.378, 0, NVIDIA GeForce RTX 3080, 6010, 4042, 10240, 97, 98
2026/08/05 00:09:24.486, 0, NVIDIA GeForce RTX 3080, 6010, 4042, 10240, 97, 98
2026/08/05 00:09:24.596, 0, NVIDIA GeForce RTX 3080, 6010, 4042, 10240, 97, 98
2026/08/05 00:09:24.705, 0, NVIDIA GeForce RTX 3080, 6010, 4042, 10240, 97, 98
2026/08/05 00:09:24.814, 0, NVIDIA GeForce RTX 3080, 6010, 4042, 10240, 97, 98
2026/08/05 00:09:24.924, 0, NVIDIA GeForce RTX 3080, 6010, 4042, 10240, 97, 98
2026/08/05 00:09:25.033, 0, NVIDIA GeForce RTX 3080, 6010, 4042, 10240, 97, 98
2026/08/05 00:09:25.142, 0, NVIDIA GeForce RTX 3080, 6010, 4042, 10240, 97, 98
2026/08/05 00:09:25.252, 0, NVIDIA GeForce RTX 3080, 6010, 4042, 10240, 97, 98
2026/08/05 00:09:25.360, 0, NVIDIA GeForce RTX 3080, 6010, 4042, 10240, 97, 98
2026/08/05 00:09:25.469, 0, NVIDIA GeForce RTX 3080, 6010, 4042, 10240, 97, 98
2026/08/05 00:09:25.579, 0, NVIDIA GeForce RTX 3080, 6010, 4042, 10240, 97, 98
2026/08/05 00:09:25.687, 0, NVIDIA GeForce RTX 3080, 6010, 4042, 10240, 97, 98
2026/08/05 00:09:25.797, 0, NVIDIA GeForce RTX 3080, 6010, 4042, 10240, 97, 98
2026/08/05 00:09:25.907, 0, NVIDIA GeForce RTX 3080, 6010, 4042, 10240, 97, 98
2026/08/05 00:09:26.015, 0, NVIDIA GeForce RTX 3080, 6010, 4042, 10240, 97, 98
2026/08/05 00:09:26.125, 0, NVIDIA GeForce RTX 3080, 6010, 4042, 10240, 97, 97
2026/08/05 00:09:26.235, 0, NVIDIA GeForce RTX 3080, 6010, 4042, 10240, 97, 97
2026/08/05 00:09:26.343, 0, NVIDIA GeForce RTX 3080, 6010, 4042, 10240, 97, 97
2026/08/05 00:09:26.453, 0, NVIDIA GeForce RTX 3080, 6010, 4042, 10240, 97, 97
2026/08/05 00:09:26.563, 0, NVIDIA GeForce RTX 3080, 6010, 4042, 10240, 96, 98
2026/08/05 00:09:26.671, 0, NVIDIA GeForce RTX 3080, 6010, 4042, 10240, 96, 98
2026/08/05 00:09:26.781, 0, NVIDIA GeForce RTX 3080, 6010, 4042, 10240, 96, 98
2026/08/05 00:09:26.890, 0, NVIDIA GeForce RTX 3080, 6010, 4042, 10240, 96, 98
2026/08/05 00:09:26.999, 0, NVIDIA GeForce RTX 3080, 6010, 4042, 10240, 96, 98
2026/08/05 00:09:27.109, 0, NVIDIA GeForce RTX 3080, 6010, 4042, 10240, 96, 98
2026/08/05 00:09:27.217, 0, NVIDIA GeForce RTX 3080, 6010, 4042, 10240, 96, 98
2026/08/05 00:09:27.327, 0, NVIDIA GeForce RTX 3080, 6010, 4042, 10240, 96, 98
2026/08/05 00:09:27.436, 0, NVIDIA GeForce RTX 3080, 6010, 4042, 10240, 96, 98
2026/08/05 00:09:27.544, 0, NVIDIA GeForce RTX 3080, 6010, 4042, 10240, 96, 98
2026/08/05 00:09:27.654, 0, NVIDIA GeForce RTX 3080, 6010, 4042, 10240, 97, 98
2026/08/05 00:09:27.764, 0, NVIDIA GeForce RTX 3080, 6010, 4042, 10240, 97, 98
2026/08/05 00:09:27.872, 0, NVIDIA GeForce RTX 3080, 6010, 4042, 10240, 97, 98
2026/08/05 00:09:27.982, 0, NVIDIA GeForce RTX 3080, 6010, 4042, 10240, 97, 98
2026/08/05 00:09:28.090, 0, NVIDIA GeForce RTX 3080, 6010, 4042, 10240, 97, 98
2026/08/05 00:09:28.199, 0, NVIDIA GeForce RTX 3080, 6010, 4042, 10240, 97, 98
2026/08/05 00:09:28.309, 0, NVIDIA GeForce RTX 3080, 6010, 4042, 10240, 97, 98
2026/08/05 00:09:28.417, 0, NVIDIA GeForce RTX 3080, 6010, 4042, 10240, 97, 98
2026/08/05 00:09:28.526, 0, NVIDIA GeForce RTX 3080, 6010, 4042, 10240, 97, 98
2026/08/05 00:09:28.635, 0, NVIDIA GeForce RTX 3080, 6010, 4042, 10240, 97, 98
2026/08/05 00:09:28.744, 0, NVIDIA GeForce RTX 3080, 6010, 4042, 10240, 97, 98
2026/08/05 00:09:28.853, 0, NVIDIA GeForce RTX 3080, 6010, 4042, 10240, 97, 98
2026/08/05 00:09:28.963, 0, NVIDIA GeForce RTX 3080, 6010, 4042, 10240, 97, 98
2026/08/05 00:09:29.072, 0, NVIDIA GeForce RTX 3080, 6010, 4042, 10240, 97, 98
2026/08/05 00:09:29.181, 0, NVIDIA GeForce RTX 3080, 6010, 4042, 10240, 97, 98
2026/08/05 00:09:29.290, 0, NVIDIA GeForce RTX 3080, 6010, 4042, 10240, 97, 98
2026/08/05 00:09:29.400, 0, NVIDIA GeForce RTX 3080, 6010, 4042, 10240, 97, 98
2026/08/05 00:09:29.509, 0, NVIDIA GeForce RTX 3080, 6010, 4042, 10240, 97, 98
2026/08/05 00:09:29.618, 0, NVIDIA GeForce RTX 3080, 6010, 4042, 10240, 97, 98
2026/08/05 00:09:29.728, 0, NVIDIA GeForce RTX 3080, 6010, 4042, 10240, 97, 98
2026/08/05 00:09:29.835, 0, NVIDIA GeForce RTX 3080, 6010, 4042, 10240, 97, 98
2026/08/05 00:09:29.944, 0, NVIDIA GeForce RTX 3080, 6010, 4042, 10240, 97, 98
2026/08/05 00:09:30.053, 0, NVIDIA GeForce RTX 3080, 6010, 4042, 10240, 97, 98
2026/08/05 00:09:30.163, 0, NVIDIA GeForce RTX 3080, 6010, 4042, 10240, 97, 98
2026/08/05 00:09:30.272, 0, NVIDIA GeForce RTX 3080, 6010, 4042, 10240, 97, 98
2026/08/05 00:09:30.381, 0, NVIDIA GeForce RTX 3080, 6010, 4042, 10240, 97, 98
2026/08/05 00:09:30.490, 0, NVIDIA GeForce RTX 3080, 6010, 4042, 10240, 97, 98
2026/08/05 00:09:30.599, 0, NVIDIA GeForce RTX 3080, 6010, 4042, 10240, 97, 98
2026/08/05 00:09:30.708, 0, NVIDIA GeForce RTX 3080, 6010, 4042, 10240, 97, 98
2026/08/05 00:09:30.817, 0, NVIDIA GeForce RTX 3080, 6010, 4042, 10240, 97, 98
2026/08/05 00:09:30.927, 0, NVIDIA GeForce RTX 3080, 6010, 4042, 10240, 97, 98
2026/08/05 00:09:31.036, 0, NVIDIA GeForce RTX 3080, 6010, 4042, 10240, 97, 98
2026/08/05 00:09:31.145, 0, NVIDIA GeForce RTX 3080, 6010, 4042, 10240, 97, 98
2026/08/05 00:09:31.254, 0, NVIDIA GeForce RTX 3080, 6010, 4042, 10240, 97, 98
2026/08/05 00:09:31.363, 0, NVIDIA GeForce RTX 3080, 6010, 4042, 10240, 97, 98
2026/08/05 00:09:31.472, 0, NVIDIA GeForce RTX 3080, 6010, 4042, 10240, 97, 98
2026/08/05 00:09:31.581, 0, NVIDIA GeForce RTX 3080, 6010, 4042, 10240, 98, 98
2026/08/05 00:09:31.690, 0, NVIDIA GeForce RTX 3080, 6010, 4042, 10240, 98, 98
2026/08/05 00:09:31.800, 0, NVIDIA GeForce RTX 3080, 6010, 4042, 10240, 98, 98
2026/08/05 00:09:31.909, 0, NVIDIA GeForce RTX 3080, 6010, 4042, 10240, 98, 98
2026/08/05 00:09:32.018, 0, NVIDIA GeForce RTX 3080, 6010, 4042, 10240, 98, 98
2026/08/05 00:09:32.128, 0, NVIDIA GeForce RTX 3080, 6010, 4042, 10240, 97, 98
2026/08/05 00:09:32.237, 0, NVIDIA GeForce RTX 3080, 6010, 4042, 10240, 97, 98
2026/08/05 00:09:32.346, 0, NVIDIA GeForce RTX 3080, 6010, 4042, 10240, 97, 98
2026/08/05 00:09:32.455, 0, NVIDIA GeForce RTX 3080, 6010, 4042, 10240, 97, 98
2026/08/05 00:09:32.566, 0, NVIDIA GeForce RTX 3080, 1390, 8662, 10240, 9, 10
2026/08/05 00:09:32.674, 0, NVIDIA GeForce RTX 3080, 1390, 8662, 10240, 9, 10
2026/08/05 00:09:32.784, 0, NVIDIA GeForce RTX 3080, 1390, 8662, 10240, 9, 10
2026/08/05 00:09:32.893, 0, NVIDIA GeForce RTX 3080, 1169, 8883, 10240, 9, 10
