timestamp,index,name,memory_used_mib,memory_free_mib,memory_total_mib,memory_utilization_percent,gpu_utilization_percent 
2026/08/05 01:21:23.532, 0, NVIDIA GeForce RTX 3080, 1172, 8880, 10240, 0, 0
2026/08/05 01:21:23.642, 0, NVIDIA GeForce RTX 3080, 1172, 8880, 10240, 0, 0
2026/08/05 01:21:23.751, 0, NVIDIA GeForce RTX 3080, 1191, 8861, 10240, 0, 0
2026/08/05 01:21:23.860, 0, NVIDIA GeForce RTX 3080, 1361, 8691, 10240, 0, 0
2026/08/05 01:21:23.970, 0, NVIDIA GeForce RTX 3080, 1361, 8691, 10240, 0, 0
2026/08/05 01:21:24.079, 0, NVIDIA GeForce RTX 3080, 1617, 8435, 10240, 0, 0
2026/08/05 01:21:24.187, 0, NVIDIA GeForce RTX 3080, 4617, 5435, 10240, 0, 0
2026/08/05 01:21:24.297, 0, NVIDIA GeForce RTX 3080, 4617, 5435, 10240, 4, 60
2026/08/05 01:21:24.407, 0, NVIDIA GeForce RTX 3080, 4617, 5435, 10240, 4, 60
2026/08/05 01:21:24.515, 0, NVIDIA GeForce RTX 3080, 4617, 5435, 10240, 4, 60
2026/08/05 01:21:24.625, 0, NVIDIA GeForce RTX 3080, 4617, 5435, 10240, 4, 60
2026/08/05 01:21:24.734, 0, NVIDIA GeForce RTX 3080, 4617, 5435, 10240, 1, 13
2026/08/05 01:21:24.844, 0, NVIDIA GeForce RTX 3080, 4617, 5435, 10240, 1, 13
2026/08/05 01:21:24.952, 0, NVIDIA GeForce RTX 3080, 4617, 5435, 10240, 1, 13
2026/08/05 01:21:25.061, 0, NVIDIA GeForce RTX 3080, 4617, 5435, 10240, 1, 13
2026/08/05 01:21:25.170, 0, NVIDIA GeForce RTX 3080, 4617, 5435, 10240, 1, 13
2026/08/05 01:21:25.280, 0, NVIDIA GeForce RTX 3080, 4967, 5085, 10240, 1, 13
2026/08/05 01:21:25.388, 0, NVIDIA GeForce RTX 3080, 4973, 5079, 10240, 1, 13
2026/08/05 01:21:25.498, 0, NVIDIA GeForce RTX 3080, 4973, 5079, 10240, 1, 13
2026/08/05 01:21:25.607, 0, NVIDIA GeForce RTX 3080, 4973, 5079, 10240, 1, 13
2026/08/05 01:21:25.716, 0, NVIDIA GeForce RTX 3080, 4973, 5079, 10240, 1, 13
2026/08/05 01:21:25.825, 0, NVIDIA GeForce RTX 3080, 4973, 5079, 10240, 59, 95
2026/08/05 01:21:25.933, 0, NVIDIA GeForce RTX 3080, 6215, 3837, 10240, 59, 95
2026/08/05 01:21:26.043, 0, NVIDIA GeForce RTX 3080, 6215, 3837, 10240, 59, 95
2026/08/05 01:21:26.153, 0, NVIDIA GeForce RTX 3080, 6215, 3837, 10240, 59, 95
2026/08/05 01:21:26.261, 0, NVIDIA GeForce RTX 3080, 6215, 3837, 10240, 96, 97
2026/08/05 01:21:26.371, 0, NVIDIA GeForce RTX 3080, 6215, 3837, 10240, 96, 97
2026/08/05 01:21:26.481, 0, NVIDIA GeForce RTX 3080, 6215, 3837, 10240, 96, 97
2026/08/05 01:21:26.589, 0, NVIDIA GeForce RTX 3080, 6215, 3837, 10240, 96, 97
2026/08/05 01:21:26.699, 0, NVIDIA GeForce RTX 3080, 6215, 3837, 10240, 96, 97
2026/08/05 01:21:26.807, 0, NVIDIA GeForce RTX 3080, 6215, 3837, 10240, 96, 97
2026/08/05 01:21:26.916, 0, NVIDIA GeForce RTX 3080, 6215, 3837, 10240, 96, 97
2026/08/05 01:21:27.026, 0, NVIDIA GeForce RTX 3080, 6215, 3837, 10240, 96, 97
2026/08/05 01:21:27.134, 0, NVIDIA GeForce RTX 3080, 6215, 3837, 10240, 96, 97
2026/08/05 01:21:27.244, 0, NVIDIA GeForce RTX 3080, 6215, 3837, 10240, 96, 97
2026/08/05 01:21:27.353, 0, NVIDIA GeForce RTX 3080, 6215, 3837, 10240, 96, 97
2026/08/05 01:21:27.462, 0, NVIDIA GeForce RTX 3080, 6215, 3837, 10240, 96, 97
2026/08/05 01:21:27.572, 0, NVIDIA GeForce RTX 3080, 6215, 3837, 10240, 96, 97
2026/08/05 01:21:27.681, 0, NVIDIA GeForce RTX 3080, 6215, 3837, 10240, 96, 97
2026/08/05 01:21:27.790, 0, NVIDIA GeForce RTX 3080, 6215, 3837, 10240, 96, 97
2026/08/05 01:21:27.899, 0, NVIDIA GeForce RTX 3080, 6215, 3837, 10240, 96, 97
2026/08/05 01:21:28.008, 0, NVIDIA GeForce RTX 3080, 6215, 3837, 10240, 96, 97
2026/08/05 01:21:28.117, 0, NVIDIA GeForce RTX 3080, 6215, 3837, 10240, 96, 97
2026/08/05 01:21:28.226, 0, NVIDIA GeForce RTX 3080, 6215, 3837, 10240, 96, 97
2026/08/05 01:21:28.335, 0, NVIDIA GeForce RTX 3080, 6215, 3837, 10240, 96, 97
2026/08/05 01:21:28.444, 0, NVIDIA GeForce RTX 3080, 6215, 3837, 10240, 96, 97
2026/08/05 01:21:28.553, 0, NVIDIA GeForce RTX 3080, 6215, 3837, 10240, 96, 97
2026/08/05 01:21:28.662, 0, NVIDIA GeForce RTX 3080, 6215, 3837, 10240, 96, 97
2026/08/05 01:21:28.771, 0, NVIDIA GeForce RTX 3080, 6215, 3837, 10240, 96, 97
2026/08/05 01:21:28.881, 0, NVIDIA GeForce RTX 3080, 6215, 3837, 10240, 96, 97
2026/08/05 01:21:28.989, 0, NVIDIA GeForce RTX 3080, 6215, 3837, 10240, 96, 97
2026/08/05 01:21:29.099, 0, NVIDIA GeForce RTX 3080, 6215, 3837, 10240, 96, 97
2026/08/05 01:21:29.208, 0, NVIDIA GeForce RTX 3080, 6215, 3837, 10240, 96, 97
2026/08/05 01:21:29.317, 0, NVIDIA GeForce RTX 3080, 6215, 3837, 10240, 96, 97
2026/08/05 01:21:29.426, 0, NVIDIA GeForce RTX 3080, 6215, 3837, 10240, 96, 97
2026/08/05 01:21:29.536, 0, NVIDIA GeForce RTX 3080, 6215, 3837, 10240, 96, 97
2026/08/05 01:21:29.645, 0, NVIDIA GeForce RTX 3080, 6215, 3837, 10240, 96, 97
2026/08/05 01:21:29.754, 0, NVIDIA GeForce RTX 3080, 6215, 3837, 10240, 96, 97
2026/08/05 01:21:29.863, 0, NVIDIA GeForce RTX 3080, 6215, 3837, 10240, 96, 97
2026/08/05 01:21:29.972, 0, NVIDIA GeForce RTX 3080, 6215, 3837, 10240, 96, 97
2026/08/05 01:21:30.081, 0, NVIDIA GeForce RTX 3080, 6215, 3837, 10240, 96, 97
2026/08/05 01:21:30.190, 0, NVIDIA GeForce RTX 3080, 6215, 3837, 10240, 96, 97
2026/08/05 01:21:30.299, 0, NVIDIA GeForce RTX 3080, 6215, 3837, 10240, 96, 97
2026/08/05 01:21:30.409, 0, NVIDIA GeForce RTX 3080, 6215, 3837, 10240, 96, 97
2026/08/05 01:21:30.518, 0, NVIDIA GeForce RTX 3080, 6215, 3837, 10240, 96, 97
2026/08/05 01:21:30.626, 0, NVIDIA GeForce RTX 3080, 6215, 3837, 10240, 96, 97
2026/08/05 01:21:30.736, 0, NVIDIA GeForce RTX 3080, 6215, 3837, 10240, 93, 95
2026/08/05 01:21:30.845, 0, NVIDIA GeForce RTX 3080, 6215, 3837, 10240, 93, 95
2026/08/05 01:21:30.954, 0, NVIDIA GeForce RTX 3080, 6215, 3837, 10240, 93, 95
2026/08/05 01:21:31.063, 0, NVIDIA GeForce RTX 3080, 6215, 3837, 10240, 93, 95
2026/08/05 01:21:31.171, 0, NVIDIA GeForce RTX 3080, 6215, 3837, 10240, 93, 95
2026/08/05 01:21:31.281, 0, NVIDIA GeForce RTX 3080, 6215, 3837, 10240, 96, 97
2026/08/05 01:21:31.389, 0, NVIDIA GeForce RTX 3080, 6215, 3837, 10240, 96, 97
2026/08/05 01:21:31.499, 0, NVIDIA GeForce RTX 3080, 6215, 3837, 10240, 96, 97
2026/08/05 01:21:31.608, 0, NVIDIA GeForce RTX 3080, 6215, 3837, 10240, 96, 97
2026/08/05 01:21:31.717, 0, NVIDIA GeForce RTX 3080, 6215, 3837, 10240, 96, 97
2026/08/05 01:21:31.827, 0, NVIDIA GeForce RTX 3080, 6215, 3837, 10240, 96, 98
2026/08/05 01:21:31.936, 0, NVIDIA GeForce RTX 3080, 6215, 3837, 10240, 96, 98
2026/08/05 01:21:32.045, 0, NVIDIA GeForce RTX 3080, 6215, 3837, 10240, 96, 98
2026/08/05 01:21:32.155, 0, NVIDIA GeForce RTX 3080, 6215, 3837, 10240, 96, 98
2026/08/05 01:21:32.263, 0, NVIDIA GeForce RTX 3080, 6215, 3837, 10240, 96, 97
2026/08/05 01:21:32.373, 0, NVIDIA GeForce RTX 3080, 6215, 3837, 10240, 96, 97
2026/08/05 01:21:32.482, 0, NVIDIA GeForce RTX 3080, 6215, 3837, 10240, 96, 97
2026/08/05 01:21:32.591, 0, NVIDIA GeForce RTX 3080, 6215, 3837, 10240, 96, 97
2026/08/05 01:21:32.700, 0, NVIDIA GeForce RTX 3080, 6215, 3837, 10240, 96, 97
2026/08/05 01:21:32.809, 0, NVIDIA GeForce RTX 3080, 6215, 3837, 10240, 96, 98
2026/08/05 01:21:32.918, 0, NVIDIA GeForce RTX 3080, 6215, 3837, 10240, 96, 98
2026/08/05 01:21:33.028, 0, NVIDIA GeForce RTX 3080, 6215, 3837, 10240, 96, 98
2026/08/05 01:21:33.137, 0, NVIDIA GeForce RTX 3080, 6215, 3837, 10240, 96, 98
2026/08/05 01:21:33.245, 0, NVIDIA GeForce RTX 3080, 6215, 3837, 10240, 96, 97
2026/08/05 01:21:33.355, 0, NVIDIA GeForce RTX 3080, 6215, 3837, 10240, 96, 97
2026/08/05 01:21:33.463, 0, NVIDIA GeForce RTX 3080, 6215, 3837, 10240, 96, 97
2026/08/05 01:21:33.573, 0, NVIDIA GeForce RTX 3080, 6215, 3837, 10240, 96, 97
2026/08/05 01:21:33.683, 0, NVIDIA GeForce RTX 3080, 6215, 3837, 10240, 96, 97
2026/08/05 01:21:33.790, 0, NVIDIA GeForce RTX 3080, 6215, 3837, 10240, 96, 98
2026/08/05 01:21:33.900, 0, NVIDIA GeForce RTX 3080, 6215, 3837, 10240, 96, 98
2026/08/05 01:21:34.010, 0, NVIDIA GeForce RTX 3080, 6215, 3837, 10240, 96, 98
2026/08/05 01:21:34.118, 0, NVIDIA GeForce RTX 3080, 6215, 3837, 10240, 96, 98
2026/08/05 01:21:34.228, 0, NVIDIA GeForce RTX 3080, 6215, 3837, 10240, 96, 98
2026/08/05 01:21:34.338, 0, NVIDIA GeForce RTX 3080, 6215, 3837, 10240, 96, 98
2026/08/05 01:21:34.445, 0, NVIDIA GeForce RTX 3080, 6215, 3837, 10240, 96, 98
2026/08/05 01:21:34.555, 0, NVIDIA GeForce RTX 3080, 6215, 3837, 10240, 96, 98
2026/08/05 01:21:34.664, 0, NVIDIA GeForce RTX 3080, 6215, 3837, 10240, 96, 98
2026/08/05 01:21:34.773, 0, NVIDIA GeForce RTX 3080, 6215, 3837, 10240, 96, 98
2026/08/05 01:21:34.882, 0, NVIDIA GeForce RTX 3080, 6215, 3837, 10240, 96, 98
2026/08/05 01:21:34.991, 0, NVIDIA GeForce RTX 3080, 6215, 3837, 10240, 96, 98
2026/08/05 01:21:35.100, 0, NVIDIA GeForce RTX 3080, 6215, 3837, 10240, 96, 98
2026/08/05 01:21:35.210, 0, NVIDIA GeForce RTX 3080, 6215, 3837, 10240, 96, 98
2026/08/05 01:21:35.318, 0, NVIDIA GeForce RTX 3080, 6215, 3837, 10240, 96, 97
2026/08/05 01:21:35.428, 0, NVIDIA GeForce RTX 3080, 6215, 3837, 10240, 96, 97
2026/08/05 01:21:35.538, 0, NVIDIA GeForce RTX 3080, 6215, 3837, 10240, 96, 97
2026/08/05 01:21:35.645, 0, NVIDIA GeForce RTX 3080, 6215, 3837, 10240, 96, 97
2026/08/05 01:21:35.755, 0, NVIDIA GeForce RTX 3080, 6215, 3837, 10240, 97, 97
2026/08/05 01:21:35.864, 0, NVIDIA GeForce RTX 3080, 6215, 3837, 10240, 97, 97
2026/08/05 01:21:35.973, 0, NVIDIA GeForce RTX 3080, 6215, 3837, 10240, 97, 97
2026/08/05 01:21:36.083, 0, NVIDIA GeForce RTX 3080, 6215, 3837, 10240, 97, 97
2026/08/05 01:21:36.192, 0, NVIDIA GeForce RTX 3080, 6215, 3837, 10240, 97, 97
2026/08/05 01:21:36.301, 0, NVIDIA GeForce RTX 3080, 6215, 3837, 10240, 96, 97
2026/08/05 01:21:36.411, 0, NVIDIA GeForce RTX 3080, 6215, 3837, 10240, 96, 97
2026/08/05 01:21:36.520, 0, NVIDIA GeForce RTX 3080, 6215, 3837, 10240, 96, 97
2026/08/05 01:21:36.629, 0, NVIDIA GeForce RTX 3080, 6215, 3837, 10240, 96, 97
2026/08/05 01:21:36.739, 0, NVIDIA GeForce RTX 3080, 6215, 3837, 10240, 97, 98
2026/08/05 01:21:36.847, 0, NVIDIA GeForce RTX 3080, 6215, 3837, 10240, 97, 98
2026/08/05 01:21:36.957, 0, NVIDIA GeForce RTX 3080, 6215, 3837, 10240, 97, 98
2026/08/05 01:21:37.066, 0, NVIDIA GeForce RTX 3080, 6215, 3837, 10240, 97, 98
2026/08/05 01:21:37.175, 0, NVIDIA GeForce RTX 3080, 6215, 3837, 10240, 97, 98
2026/08/05 01:21:37.284, 0, NVIDIA GeForce RTX 3080, 6215, 3837, 10240, 94, 96
2026/08/05 01:21:37.393, 0, NVIDIA GeForce RTX 3080, 6215, 3837, 10240, 94, 96
2026/08/05 01:21:37.503, 0, NVIDIA GeForce RTX 3080, 6215, 3837, 10240, 94, 96
2026/08/05 01:21:37.612, 0, NVIDIA GeForce RTX 3080, 6215, 3837, 10240, 94, 96
2026/08/05 01:21:37.721, 0, NVIDIA GeForce RTX 3080, 6215, 3837, 10240, 94, 96
2026/08/05 01:21:37.830, 0, NVIDIA GeForce RTX 3080, 6215, 3837, 10240, 97, 98
2026/08/05 01:21:37.940, 0, NVIDIA GeForce RTX 3080, 6215, 3837, 10240, 97, 98
2026/08/05 01:21:38.048, 0, NVIDIA GeForce RTX 3080, 6215, 3837, 10240, 97, 98
2026/08/05 01:21:38.157, 0, NVIDIA GeForce RTX 3080, 6215, 3837, 10240, 97, 98
2026/08/05 01:21:38.266, 0, NVIDIA GeForce RTX 3080, 6215, 3837, 10240, 97, 98
2026/08/05 01:21:38.374, 0, NVIDIA GeForce RTX 3080, 6215, 3837, 10240, 97, 98
2026/08/05 01:21:38.483, 0, NVIDIA GeForce RTX 3080, 6215, 3837, 10240, 97, 98
2026/08/05 01:21:38.592, 0, NVIDIA GeForce RTX 3080, 6215, 3837, 10240, 97, 98
2026/08/05 01:21:38.702, 0, NVIDIA GeForce RTX 3080, 6215, 3837, 10240, 97, 98
2026/08/05 01:21:38.811, 0, NVIDIA GeForce RTX 3080, 6215, 3837, 10240, 97, 97
2026/08/05 01:21:38.921, 0, NVIDIA GeForce RTX 3080, 6215, 3837, 10240, 97, 97
2026/08/05 01:21:39.030, 0, NVIDIA GeForce RTX 3080, 6215, 3837, 10240, 97, 97
2026/08/05 01:21:39.140, 0, NVIDIA GeForce RTX 3080, 6215, 3837, 10240, 97, 97
2026/08/05 01:21:39.248, 0, NVIDIA GeForce RTX 3080, 6215, 3837, 10240, 96, 97
2026/08/05 01:21:39.358, 0, NVIDIA GeForce RTX 3080, 6215, 3837, 10240, 96, 97
2026/08/05 01:21:39.468, 0, NVIDIA GeForce RTX 3080, 6215, 3837, 10240, 96, 97
2026/08/05 01:21:39.576, 0, NVIDIA GeForce RTX 3080, 6215, 3837, 10240, 96, 97
2026/08/05 01:21:39.686, 0, NVIDIA GeForce RTX 3080, 6215, 3837, 10240, 96, 97
2026/08/05 01:21:39.794, 0, NVIDIA GeForce RTX 3080, 6215, 3837, 10240, 96, 98
2026/08/05 01:21:39.904, 0, NVIDIA GeForce RTX 3080, 6215, 3837, 10240, 96, 98
2026/08/05 01:21:40.014, 0, NVIDIA GeForce RTX 3080, 6215, 3837, 10240, 96, 98
2026/08/05 01:21:40.122, 0, NVIDIA GeForce RTX 3080, 6215, 3837, 10240, 96, 98
2026/08/05 01:21:40.231, 0, NVIDIA GeForce RTX 3080, 6215, 3837, 10240, 97, 98
2026/08/05 01:21:40.341, 0, NVIDIA GeForce RTX 3080, 6215, 3837, 10240, 97, 98
2026/08/05 01:21:40.450, 0, NVIDIA GeForce RTX 3080, 6215, 3837, 10240, 97, 98
2026/08/05 01:21:40.559, 0, NVIDIA GeForce RTX 3080, 6215, 3837, 10240, 97, 98
2026/08/05 01:21:40.669, 0, NVIDIA GeForce RTX 3080, 6215, 3837, 10240, 97, 98
2026/08/05 01:21:40.777, 0, NVIDIA GeForce RTX 3080, 6215, 3837, 10240, 97, 98
2026/08/05 01:21:40.887, 0, NVIDIA GeForce RTX 3080, 6215, 3837, 10240, 97, 98
2026/08/05 01:21:40.996, 0, NVIDIA GeForce RTX 3080, 6215, 3837, 10240, 97, 98
2026/08/05 01:21:41.105, 0, NVIDIA GeForce RTX 3080, 6215, 3837, 10240, 97, 98
2026/08/05 01:21:41.214, 0, NVIDIA GeForce RTX 3080, 6215, 3837, 10240, 97, 98
2026/08/05 01:21:41.323, 0, NVIDIA GeForce RTX 3080, 6215, 3837, 10240, 97, 98
2026/08/05 01:21:41.432, 0, NVIDIA GeForce RTX 3080, 6215, 3837, 10240, 97, 98
2026/08/05 01:21:41.542, 0, NVIDIA GeForce RTX 3080, 6215, 3837, 10240, 97, 98
2026/08/05 01:21:41.651, 0, NVIDIA GeForce RTX 3080, 6215, 3837, 10240, 97, 98
2026/08/05 01:21:41.760, 0, NVIDIA GeForce RTX 3080, 6215, 3837, 10240, 97, 98
2026/08/05 01:21:41.869, 0, NVIDIA GeForce RTX 3080, 6215, 3837, 10240, 97, 98
2026/08/05 01:21:41.978, 0, NVIDIA GeForce RTX 3080, 6215, 3837, 10240, 97, 98
2026/08/05 01:21:42.087, 0, NVIDIA GeForce RTX 3080, 6215, 3837, 10240, 97, 98
2026/08/05 01:21:42.197, 0, NVIDIA GeForce RTX 3080, 6215, 3837, 10240, 97, 98
2026/08/05 01:21:42.306, 0, NVIDIA GeForce RTX 3080, 6215, 3837, 10240, 97, 97
2026/08/05 01:21:42.415, 0, NVIDIA GeForce RTX 3080, 6215, 3837, 10240, 97, 97
2026/08/05 01:21:42.524, 0, NVIDIA GeForce RTX 3080, 6215, 3837, 10240, 97, 97
2026/08/05 01:21:42.633, 0, NVIDIA GeForce RTX 3080, 6215, 3837, 10240, 97, 97
2026/08/05 01:21:42.738, 0, NVIDIA GeForce RTX 3080, 6215, 3837, 10240, 97, 98
2026/08/05 01:21:42.846, 0, NVIDIA GeForce RTX 3080, 6215, 3837, 10240, 97, 98
2026/08/05 01:21:42.956, 0, NVIDIA GeForce RTX 3080, 6215, 3837, 10240, 97, 98
2026/08/05 01:21:43.065, 0, NVIDIA GeForce RTX 3080, 6215, 3837, 10240, 97, 98
2026/08/05 01:21:43.173, 0, NVIDIA GeForce RTX 3080, 6215, 3837, 10240, 97, 98
2026/08/05 01:21:43.283, 0, NVIDIA GeForce RTX 3080, 6215, 3837, 10240, 97, 98
2026/08/05 01:21:43.392, 0, NVIDIA GeForce RTX 3080, 6215, 3837, 10240, 97, 98
2026/08/05 01:21:43.501, 0, NVIDIA GeForce RTX 3080, 6215, 3837, 10240, 97, 98
2026/08/05 01:21:43.611, 0, NVIDIA GeForce RTX 3080, 6215, 3837, 10240, 97, 98
2026/08/05 01:21:43.718, 0, NVIDIA GeForce RTX 3080, 6215, 3837, 10240, 97, 98
2026/08/05 01:21:43.828, 0, NVIDIA GeForce RTX 3080, 6215, 3837, 10240, 97, 97
2026/08/05 01:21:43.938, 0, NVIDIA GeForce RTX 3080, 6215, 3837, 10240, 97, 97
2026/08/05 01:21:44.047, 0, NVIDIA GeForce RTX 3080, 6215, 3837, 10240, 97, 97
2026/08/05 01:21:44.155, 0, NVIDIA GeForce RTX 3080, 6215, 3837, 10240, 97, 97
2026/08/05 01:21:44.264, 0, NVIDIA GeForce RTX 3080, 6215, 3837, 10240, 97, 98
2026/08/05 01:21:44.374, 0, NVIDIA GeForce RTX 3080, 6215, 3837, 10240, 97, 98
2026/08/05 01:21:44.483, 0, NVIDIA GeForce RTX 3080, 6215, 3837, 10240, 97, 98
2026/08/05 01:21:44.592, 0, NVIDIA GeForce RTX 3080, 6215, 3837, 10240, 97, 98
2026/08/05 01:21:44.700, 0, NVIDIA GeForce RTX 3080, 6215, 3837, 10240, 97, 98
2026/08/05 01:21:44.810, 0, NVIDIA GeForce RTX 3080, 6215, 3837, 10240, 97, 98
2026/08/05 01:21:44.917, 0, NVIDIA GeForce RTX 3080, 6215, 3837, 10240, 97, 98
2026/08/05 01:21:45.026, 0, NVIDIA GeForce RTX 3080, 6215, 3837, 10240, 97, 98
2026/08/05 01:21:45.135, 0, NVIDIA GeForce RTX 3080, 6215, 3837, 10240, 97, 98
2026/08/05 01:21:45.243, 0, NVIDIA GeForce RTX 3080, 6215, 3837, 10240, 97, 97
2026/08/05 01:21:45.353, 0, NVIDIA GeForce RTX 3080, 6215, 3837, 10240, 97, 97
2026/08/05 01:21:45.462, 0, NVIDIA GeForce RTX 3080, 6215, 3837, 10240, 97, 97
2026/08/05 01:21:45.571, 0, NVIDIA GeForce RTX 3080, 6215, 3837, 10240, 97, 97
2026/08/05 01:21:45.681, 0, NVIDIA GeForce RTX 3080, 6215, 3837, 10240, 97, 97
2026/08/05 01:21:45.789, 0, NVIDIA GeForce RTX 3080, 6215, 3837, 10240, 95, 97
2026/08/05 01:21:45.898, 0, NVIDIA GeForce RTX 3080, 6215, 3837, 10240, 95, 97
2026/08/05 01:21:46.008, 0, NVIDIA GeForce RTX 3080, 6215, 3837, 10240, 95, 97
2026/08/05 01:21:46.117, 0, NVIDIA GeForce RTX 3080, 6215, 3837, 10240, 95, 97
2026/08/05 01:21:46.226, 0, NVIDIA GeForce RTX 3080, 6215, 3837, 10240, 97, 98
2026/08/05 01:21:46.336, 0, NVIDIA GeForce RTX 3080, 6215, 3837, 10240, 97, 98
2026/08/05 01:21:46.444, 0, NVIDIA GeForce RTX 3080, 6215, 3837, 10240, 97, 98
2026/08/05 01:21:46.554, 0, NVIDIA GeForce RTX 3080, 6215, 3837, 10240, 97, 98
2026/08/05 01:21:46.663, 0, NVIDIA GeForce RTX 3080, 6215, 3837, 10240, 97, 98
2026/08/05 01:21:46.771, 0, NVIDIA GeForce RTX 3080, 6215, 3837, 10240, 97, 98
2026/08/05 01:21:46.881, 0, NVIDIA GeForce RTX 3080, 6215, 3837, 10240, 97, 98
2026/08/05 01:21:46.989, 0, NVIDIA GeForce RTX 3080, 6215, 3837, 10240, 97, 98
2026/08/05 01:21:47.099, 0, NVIDIA GeForce RTX 3080, 6215, 3837, 10240, 97, 98
2026/08/05 01:21:47.209, 0, NVIDIA GeForce RTX 3080, 6215, 3837, 10240, 97, 98
2026/08/05 01:21:47.317, 0, NVIDIA GeForce RTX 3080, 6215, 3837, 10240, 97, 97
2026/08/05 01:21:47.427, 0, NVIDIA GeForce RTX 3080, 6215, 3837, 10240, 97, 97
2026/08/05 01:21:47.537, 0, NVIDIA GeForce RTX 3080, 6215, 3837, 10240, 97, 97
2026/08/05 01:21:47.644, 0, NVIDIA GeForce RTX 3080, 6215, 3837, 10240, 97, 97
2026/08/05 01:21:47.754, 0, NVIDIA GeForce RTX 3080, 6215, 3837, 10240, 97, 97
2026/08/05 01:21:47.862, 0, NVIDIA GeForce RTX 3080, 6215, 3837, 10240, 97, 97
2026/08/05 01:21:47.971, 0, NVIDIA GeForce RTX 3080, 6215, 3837, 10240, 97, 97
2026/08/05 01:21:48.081, 0, NVIDIA GeForce RTX 3080, 6215, 3837, 10240, 97, 97
2026/08/05 01:21:48.190, 0, NVIDIA GeForce RTX 3080, 6215, 3837, 10240, 97, 97
2026/08/05 01:21:48.299, 0, NVIDIA GeForce RTX 3080, 6215, 3837, 10240, 97, 98
2026/08/05 01:21:48.409, 0, NVIDIA GeForce RTX 3080, 6215, 3837, 10240, 97, 98
2026/08/05 01:21:48.518, 0, NVIDIA GeForce RTX 3080, 6215, 3837, 10240, 97, 98
2026/08/05 01:21:48.626, 0, NVIDIA GeForce RTX 3080, 6215, 3837, 10240, 97, 98
2026/08/05 01:21:48.737, 0, NVIDIA GeForce RTX 3080, 6215, 3837, 10240, 97, 97
2026/08/05 01:21:48.844, 0, NVIDIA GeForce RTX 3080, 6215, 3837, 10240, 97, 97
2026/08/05 01:21:48.953, 0, NVIDIA GeForce RTX 3080, 6215, 3837, 10240, 97, 97
2026/08/05 01:21:49.062, 0, NVIDIA GeForce RTX 3080, 6215, 3837, 10240, 97, 97
2026/08/05 01:21:49.171, 0, NVIDIA GeForce RTX 3080, 6215, 3837, 10240, 97, 97
2026/08/05 01:21:49.280, 0, NVIDIA GeForce RTX 3080, 6215, 3837, 10240, 98, 98
2026/08/05 01:21:49.389, 0, NVIDIA GeForce RTX 3080, 6215, 3837, 10240, 98, 98
2026/08/05 01:21:49.497, 0, NVIDIA GeForce RTX 3080, 6215, 3837, 10240, 98, 98
2026/08/05 01:21:49.607, 0, NVIDIA GeForce RTX 3080, 6215, 3837, 10240, 98, 98
2026/08/05 01:21:49.716, 0, NVIDIA GeForce RTX 3080, 6215, 3837, 10240, 98, 98
2026/08/05 01:21:49.826, 0, NVIDIA GeForce RTX 3080, 6215, 3837, 10240, 97, 98
2026/08/05 01:21:49.934, 0, NVIDIA GeForce RTX 3080, 6215, 3837, 10240, 97, 98
2026/08/05 01:21:50.044, 0, NVIDIA GeForce RTX 3080, 6215, 3837, 10240, 97, 98
2026/08/05 01:21:50.154, 0, NVIDIA GeForce RTX 3080, 6215, 3837, 10240, 97, 98
2026/08/05 01:21:50.261, 0, NVIDIA GeForce RTX 3080, 6215, 3837, 10240, 97, 97
2026/08/05 01:21:50.371, 0, NVIDIA GeForce RTX 3080, 6215, 3837, 10240, 97, 97
2026/08/05 01:21:50.480, 0, NVIDIA GeForce RTX 3080, 6215, 3837, 10240, 97, 97
2026/08/05 01:21:50.589, 0, NVIDIA GeForce RTX 3080, 6215, 3837, 10240, 97, 97
2026/08/05 01:21:50.698, 0, NVIDIA GeForce RTX 3080, 6215, 3837, 10240, 97, 97
2026/08/05 01:21:50.807, 0, NVIDIA GeForce RTX 3080, 6215, 3837, 10240, 98, 97
2026/08/05 01:21:50.916, 0, NVIDIA GeForce RTX 3080, 6215, 3837, 10240, 98, 97
2026/08/05 01:21:51.026, 0, NVIDIA GeForce RTX 3080, 6215, 3837, 10240, 98, 97
2026/08/05 01:21:51.134, 0, NVIDIA GeForce RTX 3080, 6215, 3837, 10240, 98, 97
2026/08/05 01:21:51.244, 0, NVIDIA GeForce RTX 3080, 6215, 3837, 10240, 98, 98
2026/08/05 01:21:51.354, 0, NVIDIA GeForce RTX 3080, 6215, 3837, 10240, 98, 98
2026/08/05 01:21:51.462, 0, NVIDIA GeForce RTX 3080, 6215, 3837, 10240, 98, 98
2026/08/05 01:21:51.571, 0, NVIDIA GeForce RTX 3080, 6215, 3837, 10240, 98, 98
2026/08/05 01:21:51.681, 0, NVIDIA GeForce RTX 3080, 6215, 3837, 10240, 98, 98
2026/08/05 01:21:51.789, 0, NVIDIA GeForce RTX 3080, 6215, 3837, 10240, 98, 98
2026/08/05 01:21:51.899, 0, NVIDIA GeForce RTX 3080, 6215, 3837, 10240, 98, 98
2026/08/05 01:21:52.008, 0, NVIDIA GeForce RTX 3080, 6215, 3837, 10240, 98, 98
2026/08/05 01:21:52.117, 0, NVIDIA GeForce RTX 3080, 6215, 3837, 10240, 98, 98
2026/08/05 01:21:52.227, 0, NVIDIA GeForce RTX 3080, 6215, 3837, 10240, 98, 98
2026/08/05 01:21:52.336, 0, NVIDIA GeForce RTX 3080, 6215, 3837, 10240, 98, 98
2026/08/05 01:21:52.445, 0, NVIDIA GeForce RTX 3080, 6215, 3837, 10240, 98, 98
2026/08/05 01:21:52.555, 0, NVIDIA GeForce RTX 3080, 6215, 3837, 10240, 98, 98
2026/08/05 01:21:52.663, 0, NVIDIA GeForce RTX 3080, 6215, 3837, 10240, 98, 98
2026/08/05 01:21:52.772, 0, NVIDIA GeForce RTX 3080, 6215, 3837, 10240, 96, 97
2026/08/05 01:21:52.881, 0, NVIDIA GeForce RTX 3080, 6215, 3837, 10240, 96, 97
2026/08/05 01:21:52.990, 0, NVIDIA GeForce RTX 3080, 6215, 3837, 10240, 96, 97
2026/08/05 01:21:53.099, 0, NVIDIA GeForce RTX 3080, 6215, 3837, 10240, 96, 97
2026/08/05 01:21:53.208, 0, NVIDIA GeForce RTX 3080, 6215, 3837, 10240, 96, 97
2026/08/05 01:21:53.317, 0, NVIDIA GeForce RTX 3080, 6215, 3837, 10240, 96, 97
2026/08/05 01:21:53.426, 0, NVIDIA GeForce RTX 3080, 6215, 3837, 10240, 96, 97
2026/08/05 01:21:53.536, 0, NVIDIA GeForce RTX 3080, 6215, 3837, 10240, 96, 97
2026/08/05 01:21:53.645, 0, NVIDIA GeForce RTX 3080, 6215, 3837, 10240, 96, 97
2026/08/05 01:21:53.754, 0, NVIDIA GeForce RTX 3080, 6215, 3837, 10240, 96, 98
2026/08/05 01:21:53.863, 0, NVIDIA GeForce RTX 3080, 6215, 3837, 10240, 96, 98
2026/08/05 01:21:53.973, 0, NVIDIA GeForce RTX 3080, 6215, 3837, 10240, 96, 98
2026/08/05 01:21:54.082, 0, NVIDIA GeForce RTX 3080, 6215, 3837, 10240, 96, 98
2026/08/05 01:21:54.191, 0, NVIDIA GeForce RTX 3080, 6215, 3837, 10240, 96, 98
2026/08/05 01:21:54.301, 0, NVIDIA GeForce RTX 3080, 6215, 3837, 10240, 94, 96
2026/08/05 01:21:54.409, 0, NVIDIA GeForce RTX 3080, 6215, 3837, 10240, 94, 96
2026/08/05 01:21:54.518, 0, NVIDIA GeForce RTX 3080, 6215, 3837, 10240, 94, 96
2026/08/05 01:21:54.628, 0, NVIDIA GeForce RTX 3080, 6215, 3837, 10240, 94, 96
2026/08/05 01:21:54.734, 0, NVIDIA GeForce RTX 3080, 6215, 3837, 10240, 96, 97
2026/08/05 01:21:54.843, 0, NVIDIA GeForce RTX 3080, 6215, 3837, 10240, 96, 97
2026/08/05 01:21:54.953, 0, NVIDIA GeForce RTX 3080, 6215, 3837, 10240, 96, 97
2026/08/05 01:21:55.061, 0, NVIDIA GeForce RTX 3080, 6215, 3837, 10240, 96, 97
2026/08/05 01:21:55.170, 0, NVIDIA GeForce RTX 3080, 6215, 3837, 10240, 96, 97
2026/08/05 01:21:55.280, 0, NVIDIA GeForce RTX 3080, 6215, 3837, 10240, 96, 97
2026/08/05 01:21:55.389, 0, NVIDIA GeForce RTX 3080, 6215, 3837, 10240, 96, 97
2026/08/05 01:21:55.498, 0, NVIDIA GeForce RTX 3080, 6215, 3837, 10240, 96, 97
2026/08/05 01:21:55.607, 0, NVIDIA GeForce RTX 3080, 6215, 3837, 10240, 96, 97
2026/08/05 01:21:55.716, 0, NVIDIA GeForce RTX 3080, 6215, 3837, 10240, 96, 97
2026/08/05 01:21:55.825, 0, NVIDIA GeForce RTX 3080, 6215, 3837, 10240, 93, 95
2026/08/05 01:21:55.934, 0, NVIDIA GeForce RTX 3080, 6215, 3837, 10240, 93, 95
2026/08/05 01:21:56.044, 0, NVIDIA GeForce RTX 3080, 6215, 3837, 10240, 93, 95
2026/08/05 01:21:56.153, 0, NVIDIA GeForce RTX 3080, 6215, 3837, 10240, 93, 95
2026/08/05 01:21:56.262, 0, NVIDIA GeForce RTX 3080, 6215, 3837, 10240, 96, 98
2026/08/05 01:21:56.371, 0, NVIDIA GeForce RTX 3080, 6215, 3837, 10240, 96, 98
2026/08/05 01:21:56.480, 0, NVIDIA GeForce RTX 3080, 6215, 3837, 10240, 96, 98
2026/08/05 01:21:56.589, 0, NVIDIA GeForce RTX 3080, 6215, 3837, 10240, 96, 98
2026/08/05 01:21:56.699, 0, NVIDIA GeForce RTX 3080, 6215, 3837, 10240, 96, 98
2026/08/05 01:21:56.807, 0, NVIDIA GeForce RTX 3080, 6215, 3837, 10240, 96, 97
2026/08/05 01:21:56.916, 0, NVIDIA GeForce RTX 3080, 6215, 3837, 10240, 96, 97
2026/08/05 01:21:57.025, 0, NVIDIA GeForce RTX 3080, 6215, 3837, 10240, 96, 97
2026/08/05 01:21:57.133, 0, NVIDIA GeForce RTX 3080, 6215, 3837, 10240, 96, 97
2026/08/05 01:21:57.243, 0, NVIDIA GeForce RTX 3080, 6215, 3837, 10240, 96, 97
2026/08/05 01:21:57.352, 0, NVIDIA GeForce RTX 3080, 6215, 3837, 10240, 96, 97
2026/08/05 01:21:57.461, 0, NVIDIA GeForce RTX 3080, 6215, 3837, 10240, 96, 97
2026/08/05 01:21:57.571, 0, NVIDIA GeForce RTX 3080, 6215, 3837, 10240, 96, 97
2026/08/05 01:21:57.680, 0, NVIDIA GeForce RTX 3080, 6215, 3837, 10240, 96, 97
2026/08/05 01:21:57.789, 0, NVIDIA GeForce RTX 3080, 6215, 3837, 10240, 96, 97
2026/08/05 01:21:57.898, 0, NVIDIA GeForce RTX 3080, 6215, 3837, 10240, 96, 97
2026/08/05 01:21:58.007, 0, NVIDIA GeForce RTX 3080, 6215, 3837, 10240, 96, 97
2026/08/05 01:21:58.116, 0, NVIDIA GeForce RTX 3080, 6215, 3837, 10240, 96, 97
2026/08/05 01:21:58.225, 0, NVIDIA GeForce RTX 3080, 6215, 3837, 10240, 96, 97
2026/08/05 01:21:58.334, 0, NVIDIA GeForce RTX 3080, 6215, 3837, 10240, 96, 97
2026/08/05 01:21:58.444, 0, NVIDIA GeForce RTX 3080, 6215, 3837, 10240, 96, 97
2026/08/05 01:21:58.553, 0, NVIDIA GeForce RTX 3080, 6215, 3837, 10240, 96, 97
2026/08/05 01:21:58.662, 0, NVIDIA GeForce RTX 3080, 6215, 3837, 10240, 96, 97
2026/08/05 01:21:58.770, 0, NVIDIA GeForce RTX 3080, 6215, 3837, 10240, 96, 97
2026/08/05 01:21:58.880, 0, NVIDIA GeForce RTX 3080, 6215, 3837, 10240, 96, 97
2026/08/05 01:21:58.988, 0, NVIDIA GeForce RTX 3080, 6215, 3837, 10240, 96, 97
2026/08/05 01:21:59.098, 0, NVIDIA GeForce RTX 3080, 6215, 3837, 10240, 96, 97
2026/08/05 01:21:59.208, 0, NVIDIA GeForce RTX 3080, 6215, 3837, 10240, 96, 97
2026/08/05 01:21:59.316, 0, NVIDIA GeForce RTX 3080, 6215, 3837, 10240, 96, 97
2026/08/05 01:21:59.426, 0, NVIDIA GeForce RTX 3080, 6215, 3837, 10240, 96, 97
2026/08/05 01:21:59.534, 0, NVIDIA GeForce RTX 3080, 6215, 3837, 10240, 96, 97
2026/08/05 01:21:59.643, 0, NVIDIA GeForce RTX 3080, 6215, 3837, 10240, 96, 97
2026/08/05 01:21:59.753, 0, NVIDIA GeForce RTX 3080, 6215, 3837, 10240, 96, 97
2026/08/05 01:21:59.862, 0, NVIDIA GeForce RTX 3080, 6215, 3837, 10240, 96, 97
2026/08/05 01:21:59.970, 0, NVIDIA GeForce RTX 3080, 6215, 3837, 10240, 96, 97
2026/08/05 01:22:00.080, 0, NVIDIA GeForce RTX 3080, 6215, 3837, 10240, 96, 97
2026/08/05 01:22:00.189, 0, NVIDIA GeForce RTX 3080, 6215, 3837, 10240, 96, 97
2026/08/05 01:22:00.298, 0, NVIDIA GeForce RTX 3080, 6215, 3837, 10240, 96, 97
2026/08/05 01:22:00.408, 0, NVIDIA GeForce RTX 3080, 6215, 3837, 10240, 96, 97
2026/08/05 01:22:00.516, 0, NVIDIA GeForce RTX 3080, 6215, 3837, 10240, 96, 97
2026/08/05 01:22:00.626, 0, NVIDIA GeForce RTX 3080, 6215, 3837, 10240, 96, 97
2026/08/05 01:22:00.736, 0, NVIDIA GeForce RTX 3080, 6215, 3837, 10240, 96, 98
2026/08/05 01:22:00.842, 0, NVIDIA GeForce RTX 3080, 6215, 3837, 10240, 96, 98
2026/08/05 01:22:00.951, 0, NVIDIA GeForce RTX 3080, 6215, 3837, 10240, 96, 98
2026/08/05 01:22:01.060, 0, NVIDIA GeForce RTX 3080, 6215, 3837, 10240, 96, 98
2026/08/05 01:22:01.170, 0, NVIDIA GeForce RTX 3080, 6215, 3837, 10240, 96, 98
2026/08/05 01:22:01.279, 0, NVIDIA GeForce RTX 3080, 6215, 3837, 10240, 96, 97
2026/08/05 01:22:01.388, 0, NVIDIA GeForce RTX 3080, 6215, 3837, 10240, 96, 97
2026/08/05 01:22:01.498, 0, NVIDIA GeForce RTX 3080, 6215, 3837, 10240, 96, 97
2026/08/05 01:22:01.607, 0, NVIDIA GeForce RTX 3080, 6215, 3837, 10240, 96, 97
2026/08/05 01:22:01.716, 0, NVIDIA GeForce RTX 3080, 6215, 3837, 10240, 96, 97
2026/08/05 01:22:01.826, 0, NVIDIA GeForce RTX 3080, 6215, 3837, 10240, 96, 97
2026/08/05 01:22:01.934, 0, NVIDIA GeForce RTX 3080, 6215, 3837, 10240, 96, 97
2026/08/05 01:22:02.043, 0, NVIDIA GeForce RTX 3080, 6215, 3837, 10240, 96, 97
2026/08/05 01:22:02.152, 0, NVIDIA GeForce RTX 3080, 6215, 3837, 10240, 96, 97
2026/08/05 01:22:02.261, 0, NVIDIA GeForce RTX 3080, 6215, 3837, 10240, 93, 96
2026/08/05 01:22:02.371, 0, NVIDIA GeForce RTX 3080, 6215, 3837, 10240, 93, 96
2026/08/05 01:22:02.480, 0, NVIDIA GeForce RTX 3080, 6215, 3837, 10240, 93, 96
2026/08/05 01:22:02.589, 0, NVIDIA GeForce RTX 3080, 6215, 3837, 10240, 93, 96
2026/08/05 01:22:02.699, 0, NVIDIA GeForce RTX 3080, 6215, 3837, 10240, 93, 96
2026/08/05 01:22:02.806, 0, NVIDIA GeForce RTX 3080, 6215, 3837, 10240, 96, 97
2026/08/05 01:22:02.915, 0, NVIDIA GeForce RTX 3080, 6215, 3837, 10240, 96, 97
2026/08/05 01:22:03.024, 0, NVIDIA GeForce RTX 3080, 6215, 3837, 10240, 96, 97
2026/08/05 01:22:03.133, 0, NVIDIA GeForce RTX 3080, 6215, 3837, 10240, 96, 97
2026/08/05 01:22:03.243, 0, NVIDIA GeForce RTX 3080, 6215, 3837, 10240, 96, 98
2026/08/05 01:22:03.352, 0, NVIDIA GeForce RTX 3080, 6215, 3837, 10240, 96, 98
2026/08/05 01:22:03.461, 0, NVIDIA GeForce RTX 3080, 6215, 3837, 10240, 96, 98
2026/08/05 01:22:03.571, 0, NVIDIA GeForce RTX 3080, 6215, 3837, 10240, 96, 98
2026/08/05 01:22:03.679, 0, NVIDIA GeForce RTX 3080, 6215, 3837, 10240, 96, 98
2026/08/05 01:22:03.788, 0, NVIDIA GeForce RTX 3080, 6215, 3837, 10240, 97, 98
2026/08/05 01:22:03.897, 0, NVIDIA GeForce RTX 3080, 6215, 3837, 10240, 97, 98
2026/08/05 01:22:04.007, 0, NVIDIA GeForce RTX 3080, 6215, 3837, 10240, 97, 98
2026/08/05 01:22:04.116, 0, NVIDIA GeForce RTX 3080, 6215, 3837, 10240, 97, 98
2026/08/05 01:22:04.225, 0, NVIDIA GeForce RTX 3080, 6215, 3837, 10240, 97, 98
2026/08/05 01:22:04.334, 0, NVIDIA GeForce RTX 3080, 6215, 3837, 10240, 97, 98
2026/08/05 01:22:04.443, 0, NVIDIA GeForce RTX 3080, 6215, 3837, 10240, 97, 98
2026/08/05 01:22:04.553, 0, NVIDIA GeForce RTX 3080, 6215, 3837, 10240, 97, 98
2026/08/05 01:22:04.662, 0, NVIDIA GeForce RTX 3080, 6215, 3837, 10240, 97, 98
2026/08/05 01:22:04.786, 0, NVIDIA GeForce RTX 3080, 6215, 3837, 10240, 97, 97
2026/08/05 01:22:04.895, 0, NVIDIA GeForce RTX 3080, 6215, 3837, 10240, 97, 97
2026/08/05 01:22:05.004, 0, NVIDIA GeForce RTX 3080, 6215, 3837, 10240, 97, 97
2026/08/05 01:22:05.113, 0, NVIDIA GeForce RTX 3080, 6215, 3837, 10240, 97, 97
2026/08/05 01:22:05.223, 0, NVIDIA GeForce RTX 3080, 6215, 3837, 10240, 97, 97
2026/08/05 01:22:05.332, 0, NVIDIA GeForce RTX 3080, 6215, 3837, 10240, 97, 98
2026/08/05 01:22:05.441, 0, NVIDIA GeForce RTX 3080, 6215, 3837, 10240, 97, 98
2026/08/05 01:22:05.551, 0, NVIDIA GeForce RTX 3080, 6215, 3837, 10240, 97, 98
2026/08/05 01:22:05.659, 0, NVIDIA GeForce RTX 3080, 6215, 3837, 10240, 97, 98
2026/08/05 01:22:05.768, 0, NVIDIA GeForce RTX 3080, 6215, 3837, 10240, 96, 98
2026/08/05 01:22:05.877, 0, NVIDIA GeForce RTX 3080, 6215, 3837, 10240, 96, 98
2026/08/05 01:22:05.987, 0, NVIDIA GeForce RTX 3080, 6215, 3837, 10240, 96, 98
2026/08/05 01:22:06.096, 0, NVIDIA GeForce RTX 3080, 6215, 3837, 10240, 96, 98
2026/08/05 01:22:06.205, 0, NVIDIA GeForce RTX 3080, 6215, 3837, 10240, 96, 98
2026/08/05 01:22:06.314, 0, NVIDIA GeForce RTX 3080, 6215, 3837, 10240, 96, 98
2026/08/05 01:22:06.424, 0, NVIDIA GeForce RTX 3080, 6215, 3837, 10240, 96, 98
2026/08/05 01:22:06.532, 0, NVIDIA GeForce RTX 3080, 6215, 3837, 10240, 96, 98
2026/08/05 01:22:06.641, 0, NVIDIA GeForce RTX 3080, 6215, 3837, 10240, 96, 98
2026/08/05 01:22:06.750, 0, NVIDIA GeForce RTX 3080, 6215, 3837, 10240, 96, 98
2026/08/05 01:22:06.857, 0, NVIDIA GeForce RTX 3080, 6215, 3837, 10240, 96, 98
2026/08/05 01:22:06.966, 0, NVIDIA GeForce RTX 3080, 6215, 3837, 10240, 96, 98
2026/08/05 01:22:07.075, 0, NVIDIA GeForce RTX 3080, 6215, 3837, 10240, 96, 98
2026/08/05 01:22:07.184, 0, NVIDIA GeForce RTX 3080, 6215, 3837, 10240, 96, 98
2026/08/05 01:22:07.294, 0, NVIDIA GeForce RTX 3080, 6215, 3837, 10240, 94, 96
2026/08/05 01:22:07.403, 0, NVIDIA GeForce RTX 3080, 6215, 3837, 10240, 94, 96
2026/08/05 01:22:07.512, 0, NVIDIA GeForce RTX 3080, 6215, 3837, 10240, 94, 96
2026/08/05 01:22:07.622, 0, NVIDIA GeForce RTX 3080, 6215, 3837, 10240, 94, 96
2026/08/05 01:22:07.732, 0, NVIDIA GeForce RTX 3080, 6215, 3837, 10240, 97, 98
2026/08/05 01:22:07.840, 0, NVIDIA GeForce RTX 3080, 6215, 3837, 10240, 97, 98
2026/08/05 01:22:07.950, 0, NVIDIA GeForce RTX 3080, 6215, 3837, 10240, 97, 98
2026/08/05 01:22:08.060, 0, NVIDIA GeForce RTX 3080, 6215, 3837, 10240, 97, 98
2026/08/05 01:22:08.168, 0, NVIDIA GeForce RTX 3080, 6215, 3837, 10240, 97, 98
2026/08/05 01:22:08.278, 0, NVIDIA GeForce RTX 3080, 6215, 3837, 10240, 97, 97
2026/08/05 01:22:08.387, 0, NVIDIA GeForce RTX 3080, 6215, 3837, 10240, 97, 97
2026/08/05 01:22:08.496, 0, NVIDIA GeForce RTX 3080, 6215, 3837, 10240, 97, 97
2026/08/05 01:22:08.606, 0, NVIDIA GeForce RTX 3080, 6215, 3837, 10240, 97, 97
2026/08/05 01:22:08.713, 0, NVIDIA GeForce RTX 3080, 6215, 3837, 10240, 97, 97
2026/08/05 01:22:08.820, 0, NVIDIA GeForce RTX 3080, 6215, 3837, 10240, 97, 98
2026/08/05 01:22:08.929, 0, NVIDIA GeForce RTX 3080, 6215, 3837, 10240, 97, 98
2026/08/05 01:22:09.038, 0, NVIDIA GeForce RTX 3080, 6215, 3837, 10240, 97, 98
2026/08/05 01:22:09.148, 0, NVIDIA GeForce RTX 3080, 6215, 3837, 10240, 97, 98
2026/08/05 01:22:09.257, 0, NVIDIA GeForce RTX 3080, 6215, 3837, 10240, 97, 98
2026/08/05 01:22:09.366, 0, NVIDIA GeForce RTX 3080, 6215, 3837, 10240, 97, 98
2026/08/05 01:22:09.476, 0, NVIDIA GeForce RTX 3080, 6215, 3837, 10240, 97, 98
2026/08/05 01:22:09.583, 0, NVIDIA GeForce RTX 3080, 6215, 3837, 10240, 97, 98
2026/08/05 01:22:09.693, 0, NVIDIA GeForce RTX 3080, 6215, 3837, 10240, 97, 98
2026/08/05 01:22:09.803, 0, NVIDIA GeForce RTX 3080, 6215, 3837, 10240, 97, 98
2026/08/05 01:22:09.911, 0, NVIDIA GeForce RTX 3080, 6215, 3837, 10240, 97, 98
2026/08/05 01:22:10.021, 0, NVIDIA GeForce RTX 3080, 6215, 3837, 10240, 97, 98
2026/08/05 01:22:10.131, 0, NVIDIA GeForce RTX 3080, 6215, 3837, 10240, 97, 98
2026/08/05 01:22:10.239, 0, NVIDIA GeForce RTX 3080, 6215, 3837, 10240, 97, 97
2026/08/05 01:22:10.349, 0, NVIDIA GeForce RTX 3080, 6215, 3837, 10240, 97, 97
2026/08/05 01:22:10.459, 0, NVIDIA GeForce RTX 3080, 6215, 3837, 10240, 97, 97
2026/08/05 01:22:10.568, 0, NVIDIA GeForce RTX 3080, 6215, 3837, 10240, 97, 97
2026/08/05 01:22:10.677, 0, NVIDIA GeForce RTX 3080, 6215, 3837, 10240, 97, 97
2026/08/05 01:22:10.787, 0, NVIDIA GeForce RTX 3080, 6215, 3837, 10240, 97, 98
2026/08/05 01:22:10.892, 0, NVIDIA GeForce RTX 3080, 6215, 3837, 10240, 97, 98
2026/08/05 01:22:11.002, 0, NVIDIA GeForce RTX 3080, 6215, 3837, 10240, 97, 98
2026/08/05 01:22:11.110, 0, NVIDIA GeForce RTX 3080, 6215, 3837, 10240, 97, 98
2026/08/05 01:22:11.220, 0, NVIDIA GeForce RTX 3080, 6215, 3837, 10240, 97, 98
2026/08/05 01:22:11.330, 0, NVIDIA GeForce RTX 3080, 6215, 3837, 10240, 97, 98
2026/08/05 01:22:11.438, 0, NVIDIA GeForce RTX 3080, 6215, 3837, 10240, 97, 98
2026/08/05 01:22:11.548, 0, NVIDIA GeForce RTX 3080, 6215, 3837, 10240, 97, 98
2026/08/05 01:22:11.658, 0, NVIDIA GeForce RTX 3080, 6215, 3837, 10240, 97, 98
2026/08/05 01:22:11.767, 0, NVIDIA GeForce RTX 3080, 6215, 3837, 10240, 97, 98
2026/08/05 01:22:11.876, 0, NVIDIA GeForce RTX 3080, 6215, 3837, 10240, 97, 98
2026/08/05 01:22:11.986, 0, NVIDIA GeForce RTX 3080, 6215, 3837, 10240, 97, 98
2026/08/05 01:22:12.093, 0, NVIDIA GeForce RTX 3080, 6215, 3837, 10240, 97, 98
2026/08/05 01:22:12.203, 0, NVIDIA GeForce RTX 3080, 6215, 3837, 10240, 97, 98
2026/08/05 01:22:12.312, 0, NVIDIA GeForce RTX 3080, 6215, 3837, 10240, 97, 97
2026/08/05 01:22:12.421, 0, NVIDIA GeForce RTX 3080, 6215, 3837, 10240, 97, 97
2026/08/05 01:22:12.531, 0, NVIDIA GeForce RTX 3080, 6215, 3837, 10240, 97, 97
2026/08/05 01:22:12.639, 0, NVIDIA GeForce RTX 3080, 6215, 3837, 10240, 97, 97
2026/08/05 01:22:12.749, 0, NVIDIA GeForce RTX 3080, 6215, 3837, 10240, 97, 98
2026/08/05 01:22:12.854, 0, NVIDIA GeForce RTX 3080, 6215, 3837, 10240, 97, 98
2026/08/05 01:22:12.963, 0, NVIDIA GeForce RTX 3080, 6215, 3837, 10240, 97, 98
2026/08/05 01:22:13.073, 0, NVIDIA GeForce RTX 3080, 6215, 3837, 10240, 97, 98
2026/08/05 01:22:13.181, 0, NVIDIA GeForce RTX 3080, 6215, 3837, 10240, 97, 98
2026/08/05 01:22:13.291, 0, NVIDIA GeForce RTX 3080, 6215, 3837, 10240, 97, 97
2026/08/05 01:22:13.401, 0, NVIDIA GeForce RTX 3080, 6215, 3837, 10240, 97, 97
2026/08/05 01:22:13.509, 0, NVIDIA GeForce RTX 3080, 6215, 3837, 10240, 97, 97
2026/08/05 01:22:13.619, 0, NVIDIA GeForce RTX 3080, 6215, 3837, 10240, 97, 97
2026/08/05 01:22:13.729, 0, NVIDIA GeForce RTX 3080, 6215, 3837, 10240, 97, 98
2026/08/05 01:22:13.837, 0, NVIDIA GeForce RTX 3080, 6215, 3837, 10240, 97, 98
2026/08/05 01:22:13.947, 0, NVIDIA GeForce RTX 3080, 6215, 3837, 10240, 97, 98
2026/08/05 01:22:14.057, 0, NVIDIA GeForce RTX 3080, 6215, 3837, 10240, 97, 98
2026/08/05 01:22:14.164, 0, NVIDIA GeForce RTX 3080, 6215, 3837, 10240, 97, 98
2026/08/05 01:22:14.274, 0, NVIDIA GeForce RTX 3080, 6215, 3837, 10240, 98, 98
2026/08/05 01:22:14.383, 0, NVIDIA GeForce RTX 3080, 6215, 3837, 10240, 98, 98
2026/08/05 01:22:14.492, 0, NVIDIA GeForce RTX 3080, 6215, 3837, 10240, 98, 98
2026/08/05 01:22:14.602, 0, NVIDIA GeForce RTX 3080, 6215, 3837, 10240, 98, 98
2026/08/05 01:22:14.710, 0, NVIDIA GeForce RTX 3080, 6215, 3837, 10240, 98, 98
2026/08/05 01:22:14.819, 0, NVIDIA GeForce RTX 3080, 6215, 3837, 10240, 97, 98
2026/08/05 01:22:14.928, 0, NVIDIA GeForce RTX 3080, 6215, 3837, 10240, 97, 98
2026/08/05 01:22:15.036, 0, NVIDIA GeForce RTX 3080, 6215, 3837, 10240, 97, 98
2026/08/05 01:22:15.146, 0, NVIDIA GeForce RTX 3080, 6215, 3837, 10240, 97, 98
2026/08/05 01:22:15.254, 0, NVIDIA GeForce RTX 3080, 6215, 3837, 10240, 97, 98
2026/08/05 01:22:15.363, 0, NVIDIA GeForce RTX 3080, 6215, 3837, 10240, 97, 98
2026/08/05 01:22:15.473, 0, NVIDIA GeForce RTX 3080, 6215, 3837, 10240, 97, 98
2026/08/05 01:22:15.581, 0, NVIDIA GeForce RTX 3080, 6215, 3837, 10240, 97, 98
2026/08/05 01:22:15.690, 0, NVIDIA GeForce RTX 3080, 6215, 3837, 10240, 97, 98
2026/08/05 01:22:15.800, 0, NVIDIA GeForce RTX 3080, 6215, 3837, 10240, 95, 96
2026/08/05 01:22:15.908, 0, NVIDIA GeForce RTX 3080, 6215, 3837, 10240, 95, 96
2026/08/05 01:22:16.018, 0, NVIDIA GeForce RTX 3080, 6215, 3837, 10240, 95, 96
2026/08/05 01:22:16.128, 0, NVIDIA GeForce RTX 3080, 6215, 3837, 10240, 95, 96
2026/08/05 01:22:16.235, 0, NVIDIA GeForce RTX 3080, 6215, 3837, 10240, 98, 98
2026/08/05 01:22:16.345, 0, NVIDIA GeForce RTX 3080, 6215, 3837, 10240, 98, 98
2026/08/05 01:22:16.454, 0, NVIDIA GeForce RTX 3080, 6215, 3837, 10240, 98, 98
2026/08/05 01:22:16.563, 0, NVIDIA GeForce RTX 3080, 6215, 3837, 10240, 98, 98
2026/08/05 01:22:16.673, 0, NVIDIA GeForce RTX 3080, 6215, 3837, 10240, 98, 98
2026/08/05 01:22:16.782, 0, NVIDIA GeForce RTX 3080, 6215, 3837, 10240, 98, 98
2026/08/05 01:22:16.891, 0, NVIDIA GeForce RTX 3080, 6215, 3837, 10240, 98, 98
2026/08/05 01:22:17.000, 0, NVIDIA GeForce RTX 3080, 6215, 3837, 10240, 98, 98
2026/08/05 01:22:17.109, 0, NVIDIA GeForce RTX 3080, 6215, 3837, 10240, 98, 98
2026/08/05 01:22:17.219, 0, NVIDIA GeForce RTX 3080, 6215, 3837, 10240, 98, 98
2026/08/05 01:22:17.328, 0, NVIDIA GeForce RTX 3080, 6215, 3837, 10240, 97, 97
2026/08/05 01:22:17.437, 0, NVIDIA GeForce RTX 3080, 6215, 3837, 10240, 97, 97
2026/08/05 01:22:17.547, 0, NVIDIA GeForce RTX 3080, 6215, 3837, 10240, 97, 97
2026/08/05 01:22:17.655, 0, NVIDIA GeForce RTX 3080, 6215, 3837, 10240, 97, 97
2026/08/05 01:22:17.764, 0, NVIDIA GeForce RTX 3080, 6215, 3837, 10240, 98, 98
2026/08/05 01:22:17.874, 0, NVIDIA GeForce RTX 3080, 6215, 3837, 10240, 98, 98
2026/08/05 01:22:17.982, 0, NVIDIA GeForce RTX 3080, 6215, 3837, 10240, 98, 98
2026/08/05 01:22:18.091, 0, NVIDIA GeForce RTX 3080, 6215, 3837, 10240, 98, 98
2026/08/05 01:22:18.200, 0, NVIDIA GeForce RTX 3080, 6215, 3837, 10240, 98, 98
2026/08/05 01:22:18.307, 0, NVIDIA GeForce RTX 3080, 6215, 3837, 10240, 98, 97
2026/08/05 01:22:18.417, 0, NVIDIA GeForce RTX 3080, 6215, 3837, 10240, 98, 97
2026/08/05 01:22:18.527, 0, NVIDIA GeForce RTX 3080, 6215, 3837, 10240, 98, 97
2026/08/05 01:22:18.634, 0, NVIDIA GeForce RTX 3080, 6215, 3837, 10240, 98, 97
2026/08/05 01:22:18.744, 0, NVIDIA GeForce RTX 3080, 6215, 3837, 10240, 98, 98
2026/08/05 01:22:18.854, 0, NVIDIA GeForce RTX 3080, 6215, 3837, 10240, 98, 98
2026/08/05 01:22:18.962, 0, NVIDIA GeForce RTX 3080, 6215, 3837, 10240, 98, 98
2026/08/05 01:22:19.071, 0, NVIDIA GeForce RTX 3080, 6215, 3837, 10240, 98, 98
2026/08/05 01:22:19.180, 0, NVIDIA GeForce RTX 3080, 6215, 3837, 10240, 98, 98
2026/08/05 01:22:19.289, 0, NVIDIA GeForce RTX 3080, 6215, 3837, 10240, 92, 94
2026/08/05 01:22:19.398, 0, NVIDIA GeForce RTX 3080, 6215, 3837, 10240, 92, 94
2026/08/05 01:22:19.507, 0, NVIDIA GeForce RTX 3080, 6215, 3837, 10240, 92, 94
2026/08/05 01:22:19.616, 0, NVIDIA GeForce RTX 3080, 6215, 3837, 10240, 92, 94
2026/08/05 01:22:19.726, 0, NVIDIA GeForce RTX 3080, 6215, 3837, 10240, 92, 94
2026/08/05 01:22:19.835, 0, NVIDIA GeForce RTX 3080, 6215, 3837, 10240, 96, 97
2026/08/05 01:22:19.944, 0, NVIDIA GeForce RTX 3080, 6215, 3837, 10240, 96, 97
2026/08/05 01:22:20.053, 0, NVIDIA GeForce RTX 3080, 6215, 3837, 10240, 96, 97
2026/08/05 01:22:20.162, 0, NVIDIA GeForce RTX 3080, 6215, 3837, 10240, 96, 97
2026/08/05 01:22:20.271, 0, NVIDIA GeForce RTX 3080, 6215, 3837, 10240, 96, 98
2026/08/05 01:22:20.379, 0, NVIDIA GeForce RTX 3080, 6215, 3837, 10240, 96, 98
2026/08/05 01:22:20.487, 0, NVIDIA GeForce RTX 3080, 6215, 3837, 10240, 96, 98
2026/08/05 01:22:20.597, 0, NVIDIA GeForce RTX 3080, 6215, 3837, 10240, 96, 98
2026/08/05 01:22:20.706, 0, NVIDIA GeForce RTX 3080, 6215, 3837, 10240, 96, 98
2026/08/05 01:22:20.816, 0, NVIDIA GeForce RTX 3080, 6215, 3837, 10240, 96, 97
2026/08/05 01:22:20.926, 0, NVIDIA GeForce RTX 3080, 6215, 3837, 10240, 96, 97
2026/08/05 01:22:21.035, 0, NVIDIA GeForce RTX 3080, 6215, 3837, 10240, 96, 97
2026/08/05 01:22:21.144, 0, NVIDIA GeForce RTX 3080, 6215, 3837, 10240, 96, 97
2026/08/05 01:22:21.252, 0, NVIDIA GeForce RTX 3080, 6215, 3837, 10240, 96, 98
2026/08/05 01:22:21.362, 0, NVIDIA GeForce RTX 3080, 6215, 3837, 10240, 96, 98
2026/08/05 01:22:21.471, 0, NVIDIA GeForce RTX 3080, 6215, 3837, 10240, 96, 98
2026/08/05 01:22:21.579, 0, NVIDIA GeForce RTX 3080, 6215, 3837, 10240, 96, 98
2026/08/05 01:22:21.689, 0, NVIDIA GeForce RTX 3080, 6215, 3837, 10240, 96, 98
2026/08/05 01:22:21.797, 0, NVIDIA GeForce RTX 3080, 6215, 3837, 10240, 96, 98
2026/08/05 01:22:21.905, 0, NVIDIA GeForce RTX 3080, 6215, 3837, 10240, 96, 98
2026/08/05 01:22:22.015, 0, NVIDIA GeForce RTX 3080, 6215, 3837, 10240, 96, 98
2026/08/05 01:22:22.123, 0, NVIDIA GeForce RTX 3080, 6215, 3837, 10240, 96, 98
2026/08/05 01:22:22.232, 0, NVIDIA GeForce RTX 3080, 6215, 3837, 10240, 96, 98
2026/08/05 01:22:22.342, 0, NVIDIA GeForce RTX 3080, 6215, 3837, 10240, 96, 98
2026/08/05 01:22:22.450, 0, NVIDIA GeForce RTX 3080, 6215, 3837, 10240, 96, 98
2026/08/05 01:22:22.560, 0, NVIDIA GeForce RTX 3080, 6215, 3837, 10240, 96, 98
2026/08/05 01:22:22.669, 0, NVIDIA GeForce RTX 3080, 6215, 3837, 10240, 96, 98
2026/08/05 01:22:22.778, 0, NVIDIA GeForce RTX 3080, 6215, 3837, 10240, 96, 98
2026/08/05 01:22:22.889, 0, NVIDIA GeForce RTX 3080, 6215, 3837, 10240, 96, 98
2026/08/05 01:22:22.999, 0, NVIDIA GeForce RTX 3080, 6215, 3837, 10240, 96, 98
2026/08/05 01:22:23.108, 0, NVIDIA GeForce RTX 3080, 6215, 3837, 10240, 96, 98
2026/08/05 01:22:23.217, 0, NVIDIA GeForce RTX 3080, 6215, 3837, 10240, 96, 98
2026/08/05 01:22:23.327, 0, NVIDIA GeForce RTX 3080, 6215, 3837, 10240, 96, 98
2026/08/05 01:22:23.436, 0, NVIDIA GeForce RTX 3080, 6215, 3837, 10240, 96, 98
2026/08/05 01:22:23.545, 0, NVIDIA GeForce RTX 3080, 6215, 3837, 10240, 96, 98
2026/08/05 01:22:23.654, 0, NVIDIA GeForce RTX 3080, 6215, 3837, 10240, 96, 98
2026/08/05 01:22:23.764, 0, NVIDIA GeForce RTX 3080, 6215, 3837, 10240, 96, 97
2026/08/05 01:22:23.873, 0, NVIDIA GeForce RTX 3080, 6215, 3837, 10240, 96, 97
2026/08/05 01:22:23.982, 0, NVIDIA GeForce RTX 3080, 6215, 3837, 10240, 96, 97
2026/08/05 01:22:24.091, 0, NVIDIA GeForce RTX 3080, 6215, 3837, 10240, 96, 97
2026/08/05 01:22:24.200, 0, NVIDIA GeForce RTX 3080, 6215, 3837, 10240, 96, 97
2026/08/05 01:22:24.309, 0, NVIDIA GeForce RTX 3080, 6215, 3837, 10240, 96, 98
2026/08/05 01:22:24.417, 0, NVIDIA GeForce RTX 3080, 6215, 3837, 10240, 96, 98
2026/08/05 01:22:24.527, 0, NVIDIA GeForce RTX 3080, 6215, 3837, 10240, 96, 98
2026/08/05 01:22:24.636, 0, NVIDIA GeForce RTX 3080, 6215, 3837, 10240, 96, 98
2026/08/05 01:22:24.745, 0, NVIDIA GeForce RTX 3080, 6215, 3837, 10240, 96, 98
2026/08/05 01:22:24.854, 0, NVIDIA GeForce RTX 3080, 6215, 3837, 10240, 96, 98
2026/08/05 01:22:24.960, 0, NVIDIA GeForce RTX 3080, 6215, 3837, 10240, 96, 98
2026/08/05 01:22:25.070, 0, NVIDIA GeForce RTX 3080, 6215, 3837, 10240, 96, 98
2026/08/05 01:22:25.179, 0, NVIDIA GeForce RTX 3080, 6215, 3837, 10240, 96, 98
2026/08/05 01:22:25.288, 0, NVIDIA GeForce RTX 3080, 6215, 3837, 10240, 96, 97
2026/08/05 01:22:25.398, 0, NVIDIA GeForce RTX 3080, 6215, 3837, 10240, 96, 97
2026/08/05 01:22:25.507, 0, NVIDIA GeForce RTX 3080, 6215, 3837, 10240, 96, 97
2026/08/05 01:22:25.616, 0, NVIDIA GeForce RTX 3080, 6215, 3837, 10240, 96, 97
2026/08/05 01:22:25.725, 0, NVIDIA GeForce RTX 3080, 6215, 3837, 10240, 96, 97
2026/08/05 01:22:25.833, 0, NVIDIA GeForce RTX 3080, 6215, 3837, 10240, 96, 97
2026/08/05 01:22:25.943, 0, NVIDIA GeForce RTX 3080, 6215, 3837, 10240, 96, 97
2026/08/05 01:22:26.052, 0, NVIDIA GeForce RTX 3080, 6215, 3837, 10240, 96, 97
2026/08/05 01:22:26.162, 0, NVIDIA GeForce RTX 3080, 6215, 3837, 10240, 96, 97
2026/08/05 01:22:26.271, 0, NVIDIA GeForce RTX 3080, 6215, 3837, 10240, 96, 98
2026/08/05 01:22:26.380, 0, NVIDIA GeForce RTX 3080, 6215, 3837, 10240, 96, 98
2026/08/05 01:22:26.490, 0, NVIDIA GeForce RTX 3080, 6215, 3837, 10240, 96, 98
2026/08/05 01:22:26.599, 0, NVIDIA GeForce RTX 3080, 6215, 3837, 10240, 96, 98
2026/08/05 01:22:26.708, 0, NVIDIA GeForce RTX 3080, 6215, 3837, 10240, 96, 98
2026/08/05 01:22:26.818, 0, NVIDIA GeForce RTX 3080, 6215, 3837, 10240, 96, 97
2026/08/05 01:22:26.926, 0, NVIDIA GeForce RTX 3080, 6215, 3837, 10240, 96, 97
2026/08/05 01:22:27.035, 0, NVIDIA GeForce RTX 3080, 6215, 3837, 10240, 96, 97
2026/08/05 01:22:27.145, 0, NVIDIA GeForce RTX 3080, 6215, 3837, 10240, 96, 97
2026/08/05 01:22:27.253, 0, NVIDIA GeForce RTX 3080, 6215, 3837, 10240, 93, 96
2026/08/05 01:22:27.363, 0, NVIDIA GeForce RTX 3080, 6215, 3837, 10240, 93, 96
2026/08/05 01:22:27.472, 0, NVIDIA GeForce RTX 3080, 6215, 3837, 10240, 93, 96
2026/08/05 01:22:27.581, 0, NVIDIA GeForce RTX 3080, 6215, 3837, 10240, 93, 96
2026/08/05 01:22:27.691, 0, NVIDIA GeForce RTX 3080, 6215, 3837, 10240, 93, 96
2026/08/05 01:22:27.799, 0, NVIDIA GeForce RTX 3080, 6215, 3837, 10240, 96, 98
2026/08/05 01:22:27.908, 0, NVIDIA GeForce RTX 3080, 6215, 3837, 10240, 96, 98
2026/08/05 01:22:28.018, 0, NVIDIA GeForce RTX 3080, 6215, 3837, 10240, 96, 98
2026/08/05 01:22:28.126, 0, NVIDIA GeForce RTX 3080, 6215, 3837, 10240, 96, 98
2026/08/05 01:22:28.235, 0, NVIDIA GeForce RTX 3080, 6215, 3837, 10240, 96, 98
2026/08/05 01:22:28.345, 0, NVIDIA GeForce RTX 3080, 6215, 3837, 10240, 96, 98
2026/08/05 01:22:28.453, 0, NVIDIA GeForce RTX 3080, 6215, 3837, 10240, 96, 98
2026/08/05 01:22:28.563, 0, NVIDIA GeForce RTX 3080, 6215, 3837, 10240, 96, 98
2026/08/05 01:22:28.673, 0, NVIDIA GeForce RTX 3080, 6215, 3837, 10240, 96, 98
2026/08/05 01:22:28.781, 0, NVIDIA GeForce RTX 3080, 6215, 3837, 10240, 96, 97
2026/08/05 01:22:28.905, 0, NVIDIA GeForce RTX 3080, 6215, 3837, 10240, 96, 97
2026/08/05 01:22:29.014, 0, NVIDIA GeForce RTX 3080, 6215, 3837, 10240, 96, 97
2026/08/05 01:22:29.123, 0, NVIDIA GeForce RTX 3080, 6215, 3837, 10240, 96, 97
2026/08/05 01:22:29.232, 0, NVIDIA GeForce RTX 3080, 6215, 3837, 10240, 96, 97
2026/08/05 01:22:29.342, 0, NVIDIA GeForce RTX 3080, 6215, 3837, 10240, 96, 97
2026/08/05 01:22:29.451, 0, NVIDIA GeForce RTX 3080, 6215, 3837, 10240, 96, 97
2026/08/05 01:22:29.560, 0, NVIDIA GeForce RTX 3080, 6215, 3837, 10240, 96, 97
2026/08/05 01:22:29.670, 0, NVIDIA GeForce RTX 3080, 6215, 3837, 10240, 96, 97
2026/08/05 01:22:29.778, 0, NVIDIA GeForce RTX 3080, 6215, 3837, 10240, 97, 98
2026/08/05 01:22:29.887, 0, NVIDIA GeForce RTX 3080, 6215, 3837, 10240, 97, 98
2026/08/05 01:22:29.996, 0, NVIDIA GeForce RTX 3080, 6215, 3837, 10240, 97, 98
2026/08/05 01:22:30.105, 0, NVIDIA GeForce RTX 3080, 6215, 3837, 10240, 97, 98
2026/08/05 01:22:30.214, 0, NVIDIA GeForce RTX 3080, 6215, 3837, 10240, 97, 98
2026/08/05 01:22:30.323, 0, NVIDIA GeForce RTX 3080, 6215, 3837, 10240, 96, 97
2026/08/05 01:22:30.432, 0, NVIDIA GeForce RTX 3080, 6215, 3837, 10240, 96, 97
2026/08/05 01:22:30.542, 0, NVIDIA GeForce RTX 3080, 6215, 3837, 10240, 96, 97
2026/08/05 01:22:30.651, 0, NVIDIA GeForce RTX 3080, 6215, 3837, 10240, 96, 97
2026/08/05 01:22:30.759, 0, NVIDIA GeForce RTX 3080, 6215, 3837, 10240, 97, 98
2026/08/05 01:22:30.869, 0, NVIDIA GeForce RTX 3080, 6215, 3837, 10240, 97, 98
2026/08/05 01:22:30.977, 0, NVIDIA GeForce RTX 3080, 6215, 3837, 10240, 97, 98
2026/08/05 01:22:31.086, 0, NVIDIA GeForce RTX 3080, 6215, 3837, 10240, 97, 98
2026/08/05 01:22:31.195, 0, NVIDIA GeForce RTX 3080, 6215, 3837, 10240, 97, 98
2026/08/05 01:22:31.303, 0, NVIDIA GeForce RTX 3080, 6215, 3837, 10240, 97, 97
2026/08/05 01:22:31.412, 0, NVIDIA GeForce RTX 3080, 6215, 3837, 10240, 97, 97
2026/08/05 01:22:31.522, 0, NVIDIA GeForce RTX 3080, 6215, 3837, 10240, 97, 97
2026/08/05 01:22:31.630, 0, NVIDIA GeForce RTX 3080, 6215, 3837, 10240, 97, 97
2026/08/05 01:22:31.739, 0, NVIDIA GeForce RTX 3080, 6215, 3837, 10240, 96, 98
2026/08/05 01:22:31.848, 0, NVIDIA GeForce RTX 3080, 6215, 3837, 10240, 96, 98
2026/08/05 01:22:31.956, 0, NVIDIA GeForce RTX 3080, 6215, 3837, 10240, 96, 98
2026/08/05 01:22:32.066, 0, NVIDIA GeForce RTX 3080, 6215, 3837, 10240, 96, 98
2026/08/05 01:22:32.176, 0, NVIDIA GeForce RTX 3080, 6215, 3837, 10240, 96, 98
2026/08/05 01:22:32.283, 0, NVIDIA GeForce RTX 3080, 6215, 3837, 10240, 96, 97
2026/08/05 01:22:32.393, 0, NVIDIA GeForce RTX 3080, 6215, 3837, 10240, 96, 97
2026/08/05 01:22:32.502, 0, NVIDIA GeForce RTX 3080, 6215, 3837, 10240, 96, 97
2026/08/05 01:22:32.611, 0, NVIDIA GeForce RTX 3080, 6215, 3837, 10240, 96, 97
2026/08/05 01:22:32.720, 0, NVIDIA GeForce RTX 3080, 6215, 3837, 10240, 96, 97
2026/08/05 01:22:32.829, 0, NVIDIA GeForce RTX 3080, 6215, 3837, 10240, 96, 98
2026/08/05 01:22:32.940, 0, NVIDIA GeForce RTX 3080, 6215, 3837, 10240, 96, 98
2026/08/05 01:22:33.050, 0, NVIDIA GeForce RTX 3080, 6215, 3837, 10240, 96, 98
2026/08/05 01:22:33.158, 0, NVIDIA GeForce RTX 3080, 6215, 3837, 10240, 96, 98
2026/08/05 01:22:33.268, 0, NVIDIA GeForce RTX 3080, 6215, 3837, 10240, 96, 97
2026/08/05 01:22:33.378, 0, NVIDIA GeForce RTX 3080, 6215, 3837, 10240, 96, 97
2026/08/05 01:22:33.486, 0, NVIDIA GeForce RTX 3080, 6215, 3837, 10240, 96, 97
2026/08/05 01:22:33.596, 0, NVIDIA GeForce RTX 3080, 6215, 3837, 10240, 96, 97
2026/08/05 01:22:33.706, 0, NVIDIA GeForce RTX 3080, 6215, 3837, 10240, 96, 97
2026/08/05 01:22:33.814, 0, NVIDIA GeForce RTX 3080, 6215, 3837, 10240, 96, 98
2026/08/05 01:22:33.924, 0, NVIDIA GeForce RTX 3080, 6215, 3837, 10240, 96, 98
2026/08/05 01:22:34.032, 0, NVIDIA GeForce RTX 3080, 6215, 3837, 10240, 96, 98
2026/08/05 01:22:34.142, 0, NVIDIA GeForce RTX 3080, 6215, 3837, 10240, 96, 98
2026/08/05 01:22:34.252, 0, NVIDIA GeForce RTX 3080, 6215, 3837, 10240, 97, 97
2026/08/05 01:22:34.360, 0, NVIDIA GeForce RTX 3080, 6215, 3837, 10240, 97, 97
2026/08/05 01:22:34.470, 0, NVIDIA GeForce RTX 3080, 6215, 3837, 10240, 97, 97
2026/08/05 01:22:34.579, 0, NVIDIA GeForce RTX 3080, 6215, 3837, 10240, 97, 97
2026/08/05 01:22:34.688, 0, NVIDIA GeForce RTX 3080, 6215, 3837, 10240, 97, 97
2026/08/05 01:22:34.798, 0, NVIDIA GeForce RTX 3080, 6215, 3837, 10240, 97, 98
2026/08/05 01:22:34.907, 0, NVIDIA GeForce RTX 3080, 6215, 3837, 10240, 97, 98
2026/08/05 01:22:35.012, 0, NVIDIA GeForce RTX 3080, 6215, 3837, 10240, 97, 98
2026/08/05 01:22:35.122, 0, NVIDIA GeForce RTX 3080, 6215, 3837, 10240, 97, 98
2026/08/05 01:22:35.230, 0, NVIDIA GeForce RTX 3080, 6215, 3837, 10240, 97, 97
2026/08/05 01:22:35.340, 0, NVIDIA GeForce RTX 3080, 6215, 3837, 10240, 97, 97
2026/08/05 01:22:35.449, 0, NVIDIA GeForce RTX 3080, 6215, 3837, 10240, 97, 97
2026/08/05 01:22:35.558, 0, NVIDIA GeForce RTX 3080, 6215, 3837, 10240, 97, 97
2026/08/05 01:22:35.667, 0, NVIDIA GeForce RTX 3080, 6215, 3837, 10240, 97, 97
2026/08/05 01:22:35.775, 0, NVIDIA GeForce RTX 3080, 6215, 3837, 10240, 97, 98
2026/08/05 01:22:35.884, 0, NVIDIA GeForce RTX 3080, 6215, 3837, 10240, 97, 98
2026/08/05 01:22:35.993, 0, NVIDIA GeForce RTX 3080, 6215, 3837, 10240, 97, 98
2026/08/05 01:22:36.102, 0, NVIDIA GeForce RTX 3080, 6215, 3837, 10240, 97, 98
2026/08/05 01:22:36.212, 0, NVIDIA GeForce RTX 3080, 6215, 3837, 10240, 97, 98
2026/08/05 01:22:36.322, 0, NVIDIA GeForce RTX 3080, 6215, 3837, 10240, 97, 97
2026/08/05 01:22:36.430, 0, NVIDIA GeForce RTX 3080, 6215, 3837, 10240, 97, 97
2026/08/05 01:22:36.540, 0, NVIDIA GeForce RTX 3080, 6215, 3837, 10240, 97, 97
2026/08/05 01:22:36.649, 0, NVIDIA GeForce RTX 3080, 6215, 3837, 10240, 97, 97
2026/08/05 01:22:36.758, 0, NVIDIA GeForce RTX 3080, 6215, 3837, 10240, 97, 97
2026/08/05 01:22:36.867, 0, NVIDIA GeForce RTX 3080, 6215, 3837, 10240, 97, 97
2026/08/05 01:22:36.975, 0, NVIDIA GeForce RTX 3080, 6215, 3837, 10240, 97, 97
2026/08/05 01:22:37.084, 0, NVIDIA GeForce RTX 3080, 6215, 3837, 10240, 97, 97
2026/08/05 01:22:37.194, 0, NVIDIA GeForce RTX 3080, 6215, 3837, 10240, 97, 97
2026/08/05 01:22:37.302, 0, NVIDIA GeForce RTX 3080, 6215, 3837, 10240, 95, 96
2026/08/05 01:22:37.412, 0, NVIDIA GeForce RTX 3080, 6215, 3837, 10240, 95, 96
2026/08/05 01:22:37.521, 0, NVIDIA GeForce RTX 3080, 6215, 3837, 10240, 95, 96
2026/08/05 01:22:37.629, 0, NVIDIA GeForce RTX 3080, 6215, 3837, 10240, 95, 96
2026/08/05 01:22:37.739, 0, NVIDIA GeForce RTX 3080, 6215, 3837, 10240, 97, 98
2026/08/05 01:22:37.849, 0, NVIDIA GeForce RTX 3080, 6215, 3837, 10240, 97, 98
2026/08/05 01:22:37.957, 0, NVIDIA GeForce RTX 3080, 6215, 3837, 10240, 97, 98
2026/08/05 01:22:38.067, 0, NVIDIA GeForce RTX 3080, 6215, 3837, 10240, 97, 98
2026/08/05 01:22:38.177, 0, NVIDIA GeForce RTX 3080, 6215, 3837, 10240, 97, 98
2026/08/05 01:22:38.284, 0, NVIDIA GeForce RTX 3080, 6215, 3837, 10240, 97, 98
2026/08/05 01:22:38.394, 0, NVIDIA GeForce RTX 3080, 6215, 3837, 10240, 97, 98
2026/08/05 01:22:38.503, 0, NVIDIA GeForce RTX 3080, 6215, 3837, 10240, 97, 98
2026/08/05 01:22:38.610, 0, NVIDIA GeForce RTX 3080, 6215, 3837, 10240, 97, 98
2026/08/05 01:22:38.720, 0, NVIDIA GeForce RTX 3080, 6215, 3837, 10240, 97, 98
2026/08/05 01:22:38.829, 0, NVIDIA GeForce RTX 3080, 6215, 3837, 10240, 97, 97
2026/08/05 01:22:38.938, 0, NVIDIA GeForce RTX 3080, 6215, 3837, 10240, 97, 97
2026/08/05 01:22:39.047, 0, NVIDIA GeForce RTX 3080, 6215, 3837, 10240, 97, 97
2026/08/05 01:22:39.156, 0, NVIDIA GeForce RTX 3080, 6215, 3837, 10240, 97, 97
2026/08/05 01:22:39.266, 0, NVIDIA GeForce RTX 3080, 6215, 3837, 10240, 97, 98
2026/08/05 01:22:39.376, 0, NVIDIA GeForce RTX 3080, 6215, 3837, 10240, 97, 98
2026/08/05 01:22:39.484, 0, NVIDIA GeForce RTX 3080, 6215, 3837, 10240, 97, 98
2026/08/05 01:22:39.594, 0, NVIDIA GeForce RTX 3080, 6215, 3837, 10240, 97, 98
2026/08/05 01:22:39.703, 0, NVIDIA GeForce RTX 3080, 6215, 3837, 10240, 97, 98
2026/08/05 01:22:39.812, 0, NVIDIA GeForce RTX 3080, 6215, 3837, 10240, 97, 98
2026/08/05 01:22:39.922, 0, NVIDIA GeForce RTX 3080, 6215, 3837, 10240, 97, 98
2026/08/05 01:22:40.030, 0, NVIDIA GeForce RTX 3080, 6215, 3837, 10240, 97, 98
2026/08/05 01:22:40.139, 0, NVIDIA GeForce RTX 3080, 6215, 3837, 10240, 97, 98
2026/08/05 01:22:40.248, 0, NVIDIA GeForce RTX 3080, 6215, 3837, 10240, 97, 97
2026/08/05 01:22:40.356, 0, NVIDIA GeForce RTX 3080, 6215, 3837, 10240, 97, 97
2026/08/05 01:22:40.466, 0, NVIDIA GeForce RTX 3080, 6215, 3837, 10240, 97, 97
2026/08/05 01:22:40.575, 0, NVIDIA GeForce RTX 3080, 6215, 3837, 10240, 97, 97
2026/08/05 01:22:40.684, 0, NVIDIA GeForce RTX 3080, 6215, 3837, 10240, 97, 97
2026/08/05 01:22:40.793, 0, NVIDIA GeForce RTX 3080, 6215, 3837, 10240, 97, 98
2026/08/05 01:22:40.902, 0, NVIDIA GeForce RTX 3080, 6215, 3837, 10240, 97, 98
2026/08/05 01:22:41.011, 0, NVIDIA GeForce RTX 3080, 6215, 3837, 10240, 97, 98
2026/08/05 01:22:41.121, 0, NVIDIA GeForce RTX 3080, 6215, 3837, 10240, 97, 98
2026/08/05 01:22:41.229, 0, NVIDIA GeForce RTX 3080, 6215, 3837, 10240, 97, 97
2026/08/05 01:22:41.339, 0, NVIDIA GeForce RTX 3080, 6215, 3837, 10240, 97, 97
2026/08/05 01:22:41.449, 0, NVIDIA GeForce RTX 3080, 6215, 3837, 10240, 97, 97
2026/08/05 01:22:41.557, 0, NVIDIA GeForce RTX 3080, 6215, 3837, 10240, 97, 97
2026/08/05 01:22:41.667, 0, NVIDIA GeForce RTX 3080, 6215, 3837, 10240, 97, 97
2026/08/05 01:22:41.776, 0, NVIDIA GeForce RTX 3080, 6215, 3837, 10240, 97, 97
2026/08/05 01:22:41.885, 0, NVIDIA GeForce RTX 3080, 6215, 3837, 10240, 97, 97
2026/08/05 01:22:41.995, 0, NVIDIA GeForce RTX 3080, 6215, 3837, 10240, 97, 97
2026/08/05 01:22:42.103, 0, NVIDIA GeForce RTX 3080, 6215, 3837, 10240, 97, 97
2026/08/05 01:22:42.212, 0, NVIDIA GeForce RTX 3080, 6215, 3837, 10240, 97, 97
2026/08/05 01:22:42.321, 0, NVIDIA GeForce RTX 3080, 6215, 3837, 10240, 97, 97
2026/08/05 01:22:42.430, 0, NVIDIA GeForce RTX 3080, 6215, 3837, 10240, 97, 97
2026/08/05 01:22:42.540, 0, NVIDIA GeForce RTX 3080, 6215, 3837, 10240, 97, 97
2026/08/05 01:22:42.649, 0, NVIDIA GeForce RTX 3080, 6215, 3837, 10240, 97, 97
2026/08/05 01:22:42.751, 0, NVIDIA GeForce RTX 3080, 6215, 3837, 10240, 98, 98
2026/08/05 01:22:42.860, 0, NVIDIA GeForce RTX 3080, 6215, 3837, 10240, 98, 98
2026/08/05 01:22:42.974, 0, NVIDIA GeForce RTX 3080, 6215, 3837, 10240, 98, 98
2026/08/05 01:22:43.084, 0, NVIDIA GeForce RTX 3080, 6215, 3837, 10240, 98, 98
2026/08/05 01:22:43.193, 0, NVIDIA GeForce RTX 3080, 6215, 3837, 10240, 98, 98
2026/08/05 01:22:43.302, 0, NVIDIA GeForce RTX 3080, 6215, 3837, 10240, 98, 97
2026/08/05 01:22:43.412, 0, NVIDIA GeForce RTX 3080, 6215, 3837, 10240, 98, 97
2026/08/05 01:22:43.521, 0, NVIDIA GeForce RTX 3080, 6215, 3837, 10240, 98, 97
2026/08/05 01:22:43.630, 0, NVIDIA GeForce RTX 3080, 6215, 3837, 10240, 98, 97
2026/08/05 01:22:43.739, 0, NVIDIA GeForce RTX 3080, 6215, 3837, 10240, 98, 98
2026/08/05 01:22:43.849, 0, NVIDIA GeForce RTX 3080, 6215, 3837, 10240, 98, 98
2026/08/05 01:22:43.957, 0, NVIDIA GeForce RTX 3080, 6215, 3837, 10240, 98, 98
2026/08/05 01:22:44.067, 0, NVIDIA GeForce RTX 3080, 6215, 3837, 10240, 98, 98
2026/08/05 01:22:44.177, 0, NVIDIA GeForce RTX 3080, 6215, 3837, 10240, 98, 98
2026/08/05 01:22:44.284, 0, NVIDIA GeForce RTX 3080, 6215, 3837, 10240, 98, 97
2026/08/05 01:22:44.394, 0, NVIDIA GeForce RTX 3080, 6215, 3837, 10240, 98, 97
2026/08/05 01:22:44.502, 0, NVIDIA GeForce RTX 3080, 6215, 3837, 10240, 98, 97
2026/08/05 01:22:44.610, 0, NVIDIA GeForce RTX 3080, 6215, 3837, 10240, 98, 97
2026/08/05 01:22:44.720, 0, NVIDIA GeForce RTX 3080, 6215, 3837, 10240, 98, 97
2026/08/05 01:22:44.829, 0, NVIDIA GeForce RTX 3080, 6215, 3837, 10240, 98, 97
2026/08/05 01:22:44.938, 0, NVIDIA GeForce RTX 3080, 6215, 3837, 10240, 98, 97
2026/08/05 01:22:45.047, 0, NVIDIA GeForce RTX 3080, 6215, 3837, 10240, 98, 97
2026/08/05 01:22:45.155, 0, NVIDIA GeForce RTX 3080, 6215, 3837, 10240, 98, 97
2026/08/05 01:22:45.265, 0, NVIDIA GeForce RTX 3080, 6215, 3837, 10240, 98, 97
2026/08/05 01:22:45.374, 0, NVIDIA GeForce RTX 3080, 6215, 3837, 10240, 98, 97
2026/08/05 01:22:45.483, 0, NVIDIA GeForce RTX 3080, 6215, 3837, 10240, 98, 97
2026/08/05 01:22:45.592, 0, NVIDIA GeForce RTX 3080, 6215, 3837, 10240, 98, 97
2026/08/05 01:22:45.701, 0, NVIDIA GeForce RTX 3080, 6215, 3837, 10240, 98, 97
2026/08/05 01:22:45.810, 0, NVIDIA GeForce RTX 3080, 6215, 3837, 10240, 98, 98
2026/08/05 01:22:45.920, 0, NVIDIA GeForce RTX 3080, 6215, 3837, 10240, 98, 98
2026/08/05 01:22:46.029, 0, NVIDIA GeForce RTX 3080, 6215, 3837, 10240, 98, 98
2026/08/05 01:22:46.138, 0, NVIDIA GeForce RTX 3080, 6215, 3837, 10240, 98, 98
2026/08/05 01:22:46.248, 0, NVIDIA GeForce RTX 3080, 6215, 3837, 10240, 96, 98
2026/08/05 01:22:46.357, 0, NVIDIA GeForce RTX 3080, 6215, 3837, 10240, 96, 98
2026/08/05 01:22:46.467, 0, NVIDIA GeForce RTX 3080, 6215, 3837, 10240, 96, 98
2026/08/05 01:22:46.575, 0, NVIDIA GeForce RTX 3080, 6215, 3837, 10240, 96, 98
2026/08/05 01:22:46.684, 0, NVIDIA GeForce RTX 3080, 6215, 3837, 10240, 96, 98
2026/08/05 01:22:46.794, 0, NVIDIA GeForce RTX 3080, 6215, 3837, 10240, 96, 98
2026/08/05 01:22:46.902, 0, NVIDIA GeForce RTX 3080, 6215, 3837, 10240, 96, 98
2026/08/05 01:22:47.009, 0, NVIDIA GeForce RTX 3080, 6215, 3837, 10240, 96, 98
2026/08/05 01:22:47.118, 0, NVIDIA GeForce RTX 3080, 6215, 3837, 10240, 96, 98
2026/08/05 01:22:47.227, 0, NVIDIA GeForce RTX 3080, 6215, 3837, 10240, 96, 98
2026/08/05 01:22:47.337, 0, NVIDIA GeForce RTX 3080, 6215, 3837, 10240, 96, 97
2026/08/05 01:22:47.447, 0, NVIDIA GeForce RTX 3080, 6215, 3837, 10240, 96, 97
2026/08/05 01:22:47.555, 0, NVIDIA GeForce RTX 3080, 6215, 3837, 10240, 96, 97
2026/08/05 01:22:47.664, 0, NVIDIA GeForce RTX 3080, 6215, 3837, 10240, 96, 97
2026/08/05 01:22:47.772, 0, NVIDIA GeForce RTX 3080, 6215, 3837, 10240, 96, 98
2026/08/05 01:22:47.880, 0, NVIDIA GeForce RTX 3080, 6215, 3837, 10240, 96, 98
2026/08/05 01:22:47.990, 0, NVIDIA GeForce RTX 3080, 6215, 3837, 10240, 96, 98
2026/08/05 01:22:48.098, 0, NVIDIA GeForce RTX 3080, 6215, 3837, 10240, 96, 98
2026/08/05 01:22:48.208, 0, NVIDIA GeForce RTX 3080, 6215, 3837, 10240, 96, 98
2026/08/05 01:22:48.318, 0, NVIDIA GeForce RTX 3080, 6215, 3837, 10240, 96, 97
2026/08/05 01:22:48.426, 0, NVIDIA GeForce RTX 3080, 6215, 3837, 10240, 96, 97
2026/08/05 01:22:48.536, 0, NVIDIA GeForce RTX 3080, 6215, 3837, 10240, 96, 97
2026/08/05 01:22:48.645, 0, NVIDIA GeForce RTX 3080, 6215, 3837, 10240, 96, 97
2026/08/05 01:22:48.753, 0, NVIDIA GeForce RTX 3080, 6215, 3837, 10240, 96, 98
2026/08/05 01:22:48.863, 0, NVIDIA GeForce RTX 3080, 6215, 3837, 10240, 96, 98
2026/08/05 01:22:48.971, 0, NVIDIA GeForce RTX 3080, 6215, 3837, 10240, 96, 98
2026/08/05 01:22:49.081, 0, NVIDIA GeForce RTX 3080, 6215, 3837, 10240, 96, 98
2026/08/05 01:22:49.191, 0, NVIDIA GeForce RTX 3080, 6215, 3837, 10240, 96, 98
2026/08/05 01:22:49.300, 0, NVIDIA GeForce RTX 3080, 6215, 3837, 10240, 96, 98
2026/08/05 01:22:49.409, 0, NVIDIA GeForce RTX 3080, 6215, 3837, 10240, 96, 98
2026/08/05 01:22:49.518, 0, NVIDIA GeForce RTX 3080, 6215, 3837, 10240, 96, 98
2026/08/05 01:22:49.627, 0, NVIDIA GeForce RTX 3080, 6215, 3837, 10240, 96, 98
2026/08/05 01:22:49.736, 0, NVIDIA GeForce RTX 3080, 6215, 3837, 10240, 96, 97
2026/08/05 01:22:49.846, 0, NVIDIA GeForce RTX 3080, 6215, 3837, 10240, 96, 97
2026/08/05 01:22:49.954, 0, NVIDIA GeForce RTX 3080, 6215, 3837, 10240, 96, 97
2026/08/05 01:22:50.063, 0, NVIDIA GeForce RTX 3080, 6215, 3837, 10240, 96, 97
2026/08/05 01:22:50.171, 0, NVIDIA GeForce RTX 3080, 6215, 3837, 10240, 96, 97
2026/08/05 01:22:50.281, 0, NVIDIA GeForce RTX 3080, 6215, 3837, 10240, 96, 97
2026/08/05 01:22:50.390, 0, NVIDIA GeForce RTX 3080, 6215, 3837, 10240, 96, 97
2026/08/05 01:22:50.498, 0, NVIDIA GeForce RTX 3080, 6215, 3837, 10240, 96, 97
2026/08/05 01:22:50.608, 0, NVIDIA GeForce RTX 3080, 6215, 3837, 10240, 96, 97
2026/08/05 01:22:50.717, 0, NVIDIA GeForce RTX 3080, 6215, 3837, 10240, 96, 97
2026/08/05 01:22:50.826, 0, NVIDIA GeForce RTX 3080, 6215, 3837, 10240, 96, 97
2026/08/05 01:22:50.935, 0, NVIDIA GeForce RTX 3080, 6215, 3837, 10240, 96, 97
2026/08/05 01:22:51.045, 0, NVIDIA GeForce RTX 3080, 6215, 3837, 10240, 96, 97
2026/08/05 01:22:51.154, 0, NVIDIA GeForce RTX 3080, 6215, 3837, 10240, 96, 97
2026/08/05 01:22:51.263, 0, NVIDIA GeForce RTX 3080, 6215, 3837, 10240, 96, 97
2026/08/05 01:22:51.372, 0, NVIDIA GeForce RTX 3080, 6215, 3837, 10240, 96, 97
2026/08/05 01:22:51.482, 0, NVIDIA GeForce RTX 3080, 6215, 3837, 10240, 96, 97
2026/08/05 01:22:51.592, 0, NVIDIA GeForce RTX 3080, 6215, 3837, 10240, 96, 97
2026/08/05 01:22:51.700, 0, NVIDIA GeForce RTX 3080, 6215, 3837, 10240, 96, 97
2026/08/05 01:22:51.810, 0, NVIDIA GeForce RTX 3080, 6215, 3837, 10240, 96, 98
2026/08/05 01:22:51.918, 0, NVIDIA GeForce RTX 3080, 6215, 3837, 10240, 96, 98
2026/08/05 01:22:52.026, 0, NVIDIA GeForce RTX 3080, 6215, 3837, 10240, 96, 98
2026/08/05 01:22:52.136, 0, NVIDIA GeForce RTX 3080, 6215, 3837, 10240, 96, 98
2026/08/05 01:22:52.245, 0, NVIDIA GeForce RTX 3080, 6215, 3837, 10240, 93, 96
2026/08/05 01:22:52.354, 0, NVIDIA GeForce RTX 3080, 6215, 3837, 10240, 93, 96
2026/08/05 01:22:52.463, 0, NVIDIA GeForce RTX 3080, 6215, 3837, 10240, 93, 96
2026/08/05 01:22:52.572, 0, NVIDIA GeForce RTX 3080, 6215, 3837, 10240, 93, 96
2026/08/05 01:22:52.681, 0, NVIDIA GeForce RTX 3080, 6215, 3837, 10240, 93, 96
2026/08/05 01:22:52.791, 0, NVIDIA GeForce RTX 3080, 6215, 3837, 10240, 96, 98
2026/08/05 01:22:52.900, 0, NVIDIA GeForce RTX 3080, 6215, 3837, 10240, 96, 98
2026/08/05 01:22:53.024, 0, NVIDIA GeForce RTX 3080, 6215, 3837, 10240, 96, 98
2026/08/05 01:22:53.133, 0, NVIDIA GeForce RTX 3080, 6215, 3837, 10240, 96, 98
2026/08/05 01:22:53.243, 0, NVIDIA GeForce RTX 3080, 6215, 3837, 10240, 96, 97
2026/08/05 01:22:53.351, 0, NVIDIA GeForce RTX 3080, 6215, 3837, 10240, 96, 97
2026/08/05 01:22:53.461, 0, NVIDIA GeForce RTX 3080, 6215, 3837, 10240, 96, 97
2026/08/05 01:22:53.571, 0, NVIDIA GeForce RTX 3080, 6215, 3837, 10240, 96, 97
2026/08/05 01:22:53.679, 0, NVIDIA GeForce RTX 3080, 6215, 3837, 10240, 96, 97
2026/08/05 01:22:53.789, 0, NVIDIA GeForce RTX 3080, 6215, 3837, 10240, 96, 97
2026/08/05 01:22:53.897, 0, NVIDIA GeForce RTX 3080, 6215, 3837, 10240, 96, 97
2026/08/05 01:22:54.006, 0, NVIDIA GeForce RTX 3080, 6215, 3837, 10240, 96, 97
2026/08/05 01:22:54.116, 0, NVIDIA GeForce RTX 3080, 6215, 3837, 10240, 96, 97
2026/08/05 01:22:54.225, 0, NVIDIA GeForce RTX 3080, 6215, 3837, 10240, 96, 97
2026/08/05 01:22:54.333, 0, NVIDIA GeForce RTX 3080, 6215, 3837, 10240, 96, 98
2026/08/05 01:22:54.443, 0, NVIDIA GeForce RTX 3080, 6215, 3837, 10240, 96, 98
2026/08/05 01:22:54.551, 0, NVIDIA GeForce RTX 3080, 6215, 3837, 10240, 96, 98
2026/08/05 01:22:54.661, 0, NVIDIA GeForce RTX 3080, 6215, 3837, 10240, 96, 98
2026/08/05 01:22:54.770, 0, NVIDIA GeForce RTX 3080, 6215, 3837, 10240, 96, 98
2026/08/05 01:22:54.878, 0, NVIDIA GeForce RTX 3080, 6215, 3837, 10240, 96, 98
2026/08/05 01:22:54.988, 0, NVIDIA GeForce RTX 3080, 6215, 3837, 10240, 96, 98
2026/08/05 01:22:55.097, 0, NVIDIA GeForce RTX 3080, 6215, 3837, 10240, 96, 98
2026/08/05 01:22:55.205, 0, NVIDIA GeForce RTX 3080, 6215, 3837, 10240, 96, 98
2026/08/05 01:22:55.315, 0, NVIDIA GeForce RTX 3080, 6215, 3837, 10240, 96, 97
2026/08/05 01:22:55.424, 0, NVIDIA GeForce RTX 3080, 6215, 3837, 10240, 96, 97
2026/08/05 01:22:55.532, 0, NVIDIA GeForce RTX 3080, 6215, 3837, 10240, 96, 97
2026/08/05 01:22:55.642, 0, NVIDIA GeForce RTX 3080, 6215, 3837, 10240, 96, 97
2026/08/05 01:22:55.751, 0, NVIDIA GeForce RTX 3080, 6215, 3837, 10240, 97, 98
2026/08/05 01:22:55.860, 0, NVIDIA GeForce RTX 3080, 6215, 3837, 10240, 97, 98
2026/08/05 01:22:55.970, 0, NVIDIA GeForce RTX 3080, 6215, 3837, 10240, 97, 98
2026/08/05 01:22:56.078, 0, NVIDIA GeForce RTX 3080, 6215, 3837, 10240, 97, 98
2026/08/05 01:22:56.188, 0, NVIDIA GeForce RTX 3080, 6215, 3837, 10240, 97, 98
2026/08/05 01:22:56.298, 0, NVIDIA GeForce RTX 3080, 6215, 3837, 10240, 97, 98
2026/08/05 01:22:56.407, 0, NVIDIA GeForce RTX 3080, 6215, 3837, 10240, 97, 98
2026/08/05 01:22:56.516, 0, NVIDIA GeForce RTX 3080, 6215, 3837, 10240, 97, 98
2026/08/05 01:22:56.626, 0, NVIDIA GeForce RTX 3080, 6215, 3837, 10240, 97, 98
2026/08/05 01:22:56.735, 0, NVIDIA GeForce RTX 3080, 6215, 3837, 10240, 97, 98
2026/08/05 01:22:56.844, 0, NVIDIA GeForce RTX 3080, 6215, 3837, 10240, 97, 98
2026/08/05 01:22:56.953, 0, NVIDIA GeForce RTX 3080, 6215, 3837, 10240, 97, 98
2026/08/05 01:22:57.059, 0, NVIDIA GeForce RTX 3080, 6215, 3837, 10240, 97, 98
2026/08/05 01:22:57.169, 0, NVIDIA GeForce RTX 3080, 6215, 3837, 10240, 97, 98
2026/08/05 01:22:57.278, 0, NVIDIA GeForce RTX 3080, 6215, 3837, 10240, 97, 98
2026/08/05 01:22:57.387, 0, NVIDIA GeForce RTX 3080, 6215, 3837, 10240, 97, 98
2026/08/05 01:22:57.496, 0, NVIDIA GeForce RTX 3080, 6215, 3837, 10240, 97, 98
2026/08/05 01:22:57.605, 0, NVIDIA GeForce RTX 3080, 6215, 3837, 10240, 97, 98
2026/08/05 01:22:57.714, 0, NVIDIA GeForce RTX 3080, 6215, 3837, 10240, 97, 98
2026/08/05 01:22:57.823, 0, NVIDIA GeForce RTX 3080, 6215, 3837, 10240, 97, 98
2026/08/05 01:22:57.932, 0, NVIDIA GeForce RTX 3080, 6215, 3837, 10240, 97, 98
2026/08/05 01:22:58.042, 0, NVIDIA GeForce RTX 3080, 6215, 3837, 10240, 97, 98
2026/08/05 01:22:58.151, 0, NVIDIA GeForce RTX 3080, 6215, 3837, 10240, 97, 98
2026/08/05 01:22:58.260, 0, NVIDIA GeForce RTX 3080, 6215, 3837, 10240, 97, 97
2026/08/05 01:22:58.370, 0, NVIDIA GeForce RTX 3080, 6215, 3837, 10240, 97, 97
2026/08/05 01:22:58.478, 0, NVIDIA GeForce RTX 3080, 6215, 3837, 10240, 97, 97
2026/08/05 01:22:58.588, 0, NVIDIA GeForce RTX 3080, 6215, 3837, 10240, 97, 97
2026/08/05 01:22:58.698, 0, NVIDIA GeForce RTX 3080, 6215, 3837, 10240, 97, 97
2026/08/05 01:22:58.806, 0, NVIDIA GeForce RTX 3080, 6215, 3837, 10240, 96, 97
2026/08/05 01:22:58.916, 0, NVIDIA GeForce RTX 3080, 6215, 3837, 10240, 96, 97
2026/08/05 01:22:59.024, 0, NVIDIA GeForce RTX 3080, 6215, 3837, 10240, 96, 97
2026/08/05 01:22:59.133, 0, NVIDIA GeForce RTX 3080, 6215, 3837, 10240, 96, 97
2026/08/05 01:22:59.242, 0, NVIDIA GeForce RTX 3080, 6215, 3837, 10240, 96, 98
2026/08/05 01:22:59.351, 0, NVIDIA GeForce RTX 3080, 6215, 3837, 10240, 96, 98
2026/08/05 01:22:59.461, 0, NVIDIA GeForce RTX 3080, 6215, 3837, 10240, 96, 98
2026/08/05 01:22:59.570, 0, NVIDIA GeForce RTX 3080, 6215, 3837, 10240, 96, 98
2026/08/05 01:22:59.679, 0, NVIDIA GeForce RTX 3080, 6215, 3837, 10240, 96, 98
2026/08/05 01:22:59.788, 0, NVIDIA GeForce RTX 3080, 6215, 3837, 10240, 96, 97
2026/08/05 01:22:59.897, 0, NVIDIA GeForce RTX 3080, 6215, 3837, 10240, 96, 97
2026/08/05 01:23:00.006, 0, NVIDIA GeForce RTX 3080, 6215, 3837, 10240, 96, 97
2026/08/05 01:23:00.115, 0, NVIDIA GeForce RTX 3080, 6215, 3837, 10240, 96, 97
2026/08/05 01:23:00.225, 0, NVIDIA GeForce RTX 3080, 6215, 3837, 10240, 96, 97
2026/08/05 01:23:00.334, 0, NVIDIA GeForce RTX 3080, 6215, 3837, 10240, 96, 98
2026/08/05 01:23:00.443, 0, NVIDIA GeForce RTX 3080, 6215, 3837, 10240, 96, 98
2026/08/05 01:23:00.552, 0, NVIDIA GeForce RTX 3080, 6215, 3837, 10240, 96, 98
2026/08/05 01:23:00.661, 0, NVIDIA GeForce RTX 3080, 6215, 3837, 10240, 96, 98
2026/08/05 01:23:00.770, 0, NVIDIA GeForce RTX 3080, 6215, 3837, 10240, 97, 97
2026/08/05 01:23:00.878, 0, NVIDIA GeForce RTX 3080, 6215, 3837, 10240, 97, 97
2026/08/05 01:23:00.987, 0, NVIDIA GeForce RTX 3080, 6215, 3837, 10240, 97, 97
2026/08/05 01:23:01.096, 0, NVIDIA GeForce RTX 3080, 6215, 3837, 10240, 97, 97
2026/08/05 01:23:01.204, 0, NVIDIA GeForce RTX 3080, 6215, 3837, 10240, 97, 97
2026/08/05 01:23:01.314, 0, NVIDIA GeForce RTX 3080, 6215, 3837, 10240, 97, 97
2026/08/05 01:23:01.422, 0, NVIDIA GeForce RTX 3080, 6215, 3837, 10240, 97, 97
2026/08/05 01:23:01.531, 0, NVIDIA GeForce RTX 3080, 6215, 3837, 10240, 97, 97
2026/08/05 01:23:01.641, 0, NVIDIA GeForce RTX 3080, 6215, 3837, 10240, 97, 97
2026/08/05 01:23:01.750, 0, NVIDIA GeForce RTX 3080, 6215, 3837, 10240, 97, 98
2026/08/05 01:23:01.859, 0, NVIDIA GeForce RTX 3080, 6215, 3837, 10240, 97, 98
2026/08/05 01:23:01.969, 0, NVIDIA GeForce RTX 3080, 6215, 3837, 10240, 97, 98
2026/08/05 01:23:02.078, 0, NVIDIA GeForce RTX 3080, 6215, 3837, 10240, 97, 98
2026/08/05 01:23:02.187, 0, NVIDIA GeForce RTX 3080, 6215, 3837, 10240, 97, 98
2026/08/05 01:23:02.296, 0, NVIDIA GeForce RTX 3080, 6215, 3837, 10240, 97, 98
2026/08/05 01:23:02.405, 0, NVIDIA GeForce RTX 3080, 6215, 3837, 10240, 97, 98
2026/08/05 01:23:02.514, 0, NVIDIA GeForce RTX 3080, 6215, 3837, 10240, 97, 98
2026/08/05 01:23:02.623, 0, NVIDIA GeForce RTX 3080, 6215, 3837, 10240, 97, 98
2026/08/05 01:23:02.733, 0, NVIDIA GeForce RTX 3080, 6215, 3837, 10240, 97, 98
2026/08/05 01:23:02.842, 0, NVIDIA GeForce RTX 3080, 6215, 3837, 10240, 97, 98
2026/08/05 01:23:02.950, 0, NVIDIA GeForce RTX 3080, 6215, 3837, 10240, 97, 98
2026/08/05 01:23:03.074, 0, NVIDIA GeForce RTX 3080, 6215, 3837, 10240, 97, 98
2026/08/05 01:23:03.183, 0, NVIDIA GeForce RTX 3080, 6215, 3837, 10240, 97, 98
2026/08/05 01:23:03.292, 0, NVIDIA GeForce RTX 3080, 6215, 3837, 10240, 97, 98
2026/08/05 01:23:03.401, 0, NVIDIA GeForce RTX 3080, 6215, 3837, 10240, 97, 98
2026/08/05 01:23:03.511, 0, NVIDIA GeForce RTX 3080, 6215, 3837, 10240, 97, 98
2026/08/05 01:23:03.620, 0, NVIDIA GeForce RTX 3080, 6215, 3837, 10240, 97, 98
2026/08/05 01:23:03.729, 0, NVIDIA GeForce RTX 3080, 6215, 3837, 10240, 97, 97
2026/08/05 01:23:03.839, 0, NVIDIA GeForce RTX 3080, 6215, 3837, 10240, 97, 97
2026/08/05 01:23:03.949, 0, NVIDIA GeForce RTX 3080, 6215, 3837, 10240, 97, 97
2026/08/05 01:23:04.057, 0, NVIDIA GeForce RTX 3080, 6215, 3837, 10240, 97, 97
2026/08/05 01:23:04.167, 0, NVIDIA GeForce RTX 3080, 6215, 3837, 10240, 97, 97
2026/08/05 01:23:04.277, 0, NVIDIA GeForce RTX 3080, 6215, 3837, 10240, 97, 97
2026/08/05 01:23:04.385, 0, NVIDIA GeForce RTX 3080, 6215, 3837, 10240, 97, 97
2026/08/05 01:23:04.494, 0, NVIDIA GeForce RTX 3080, 6215, 3837, 10240, 97, 97
2026/08/05 01:23:04.603, 0, NVIDIA GeForce RTX 3080, 6215, 3837, 10240, 97, 97
2026/08/05 01:23:04.712, 0, NVIDIA GeForce RTX 3080, 6215, 3837, 10240, 97, 97
2026/08/05 01:23:04.822, 0, NVIDIA GeForce RTX 3080, 6215, 3837, 10240, 97, 98
2026/08/05 01:23:04.931, 0, NVIDIA GeForce RTX 3080, 6215, 3837, 10240, 97, 98
2026/08/05 01:23:05.040, 0, NVIDIA GeForce RTX 3080, 6215, 3837, 10240, 97, 98
2026/08/05 01:23:05.146, 0, NVIDIA GeForce RTX 3080, 6215, 3837, 10240, 97, 98
2026/08/05 01:23:05.255, 0, NVIDIA GeForce RTX 3080, 6215, 3837, 10240, 97, 97
2026/08/05 01:23:05.365, 0, NVIDIA GeForce RTX 3080, 6215, 3837, 10240, 97, 97
2026/08/05 01:23:05.473, 0, NVIDIA GeForce RTX 3080, 6215, 3837, 10240, 97, 97
2026/08/05 01:23:05.583, 0, NVIDIA GeForce RTX 3080, 6215, 3837, 10240, 97, 97
2026/08/05 01:23:05.693, 0, NVIDIA GeForce RTX 3080, 6215, 3837, 10240, 97, 97
2026/08/05 01:23:05.801, 0, NVIDIA GeForce RTX 3080, 6215, 3837, 10240, 97, 98
2026/08/05 01:23:05.910, 0, NVIDIA GeForce RTX 3080, 6215, 3837, 10240, 97, 98
2026/08/05 01:23:06.020, 0, NVIDIA GeForce RTX 3080, 6215, 3837, 10240, 97, 98
2026/08/05 01:23:06.128, 0, NVIDIA GeForce RTX 3080, 6215, 3837, 10240, 97, 98
2026/08/05 01:23:06.238, 0, NVIDIA GeForce RTX 3080, 6215, 3837, 10240, 97, 98
2026/08/05 01:23:06.348, 0, NVIDIA GeForce RTX 3080, 6215, 3837, 10240, 97, 98
2026/08/05 01:23:06.456, 0, NVIDIA GeForce RTX 3080, 6215, 3837, 10240, 97, 98
2026/08/05 01:23:06.566, 0, NVIDIA GeForce RTX 3080, 6215, 3837, 10240, 97, 98
2026/08/05 01:23:06.676, 0, NVIDIA GeForce RTX 3080, 6215, 3837, 10240, 97, 98
2026/08/05 01:23:06.785, 0, NVIDIA GeForce RTX 3080, 6215, 3837, 10240, 97, 97
2026/08/05 01:23:06.894, 0, NVIDIA GeForce RTX 3080, 6215, 3837, 10240, 97, 97
2026/08/05 01:23:07.003, 0, NVIDIA GeForce RTX 3080, 6215, 3837, 10240, 97, 97
2026/08/05 01:23:07.109, 0, NVIDIA GeForce RTX 3080, 6215, 3837, 10240, 97, 97
2026/08/05 01:23:07.219, 0, NVIDIA GeForce RTX 3080, 6215, 3837, 10240, 97, 97
2026/08/05 01:23:07.328, 0, NVIDIA GeForce RTX 3080, 6215, 3837, 10240, 95, 96
2026/08/05 01:23:07.437, 0, NVIDIA GeForce RTX 3080, 6215, 3837, 10240, 95, 96
2026/08/05 01:23:07.546, 0, NVIDIA GeForce RTX 3080, 6215, 3837, 10240, 95, 96
2026/08/05 01:23:07.655, 0, NVIDIA GeForce RTX 3080, 6215, 3837, 10240, 95, 96
2026/08/05 01:23:07.763, 0, NVIDIA GeForce RTX 3080, 6215, 3837, 10240, 97, 97
2026/08/05 01:23:07.872, 0, NVIDIA GeForce RTX 3080, 6215, 3837, 10240, 97, 97
2026/08/05 01:23:07.982, 0, NVIDIA GeForce RTX 3080, 6215, 3837, 10240, 97, 97
2026/08/05 01:23:08.091, 0, NVIDIA GeForce RTX 3080, 6215, 3837, 10240, 97, 97
2026/08/05 01:23:08.200, 0, NVIDIA GeForce RTX 3080, 6215, 3837, 10240, 97, 97
2026/08/05 01:23:08.309, 0, NVIDIA GeForce RTX 3080, 6215, 3837, 10240, 97, 98
2026/08/05 01:23:08.417, 0, NVIDIA GeForce RTX 3080, 6215, 3837, 10240, 97, 98
2026/08/05 01:23:08.526, 0, NVIDIA GeForce RTX 3080, 6215, 3837, 10240, 97, 98
2026/08/05 01:23:08.635, 0, NVIDIA GeForce RTX 3080, 6215, 3837, 10240, 97, 98
2026/08/05 01:23:08.745, 0, NVIDIA GeForce RTX 3080, 6215, 3837, 10240, 97, 98
2026/08/05 01:23:08.854, 0, NVIDIA GeForce RTX 3080, 6215, 3837, 10240, 97, 98
2026/08/05 01:23:08.964, 0, NVIDIA GeForce RTX 3080, 6215, 3837, 10240, 97, 98
2026/08/05 01:23:09.073, 0, NVIDIA GeForce RTX 3080, 6215, 3837, 10240, 97, 98
2026/08/05 01:23:09.182, 0, NVIDIA GeForce RTX 3080, 6215, 3837, 10240, 97, 98
2026/08/05 01:23:09.292, 0, NVIDIA GeForce RTX 3080, 6215, 3837, 10240, 98, 97
2026/08/05 01:23:09.400, 0, NVIDIA GeForce RTX 3080, 6215, 3837, 10240, 98, 97
2026/08/05 01:23:09.509, 0, NVIDIA GeForce RTX 3080, 6215, 3837, 10240, 98, 97
2026/08/05 01:23:09.619, 0, NVIDIA GeForce RTX 3080, 6215, 3837, 10240, 98, 97
2026/08/05 01:23:09.727, 0, NVIDIA GeForce RTX 3080, 6215, 3837, 10240, 98, 97
2026/08/05 01:23:09.837, 0, NVIDIA GeForce RTX 3080, 6215, 3837, 10240, 98, 97
2026/08/05 01:23:09.945, 0, NVIDIA GeForce RTX 3080, 6215, 3837, 10240, 98, 97
2026/08/05 01:23:10.054, 0, NVIDIA GeForce RTX 3080, 6215, 3837, 10240, 98, 97
2026/08/05 01:23:10.163, 0, NVIDIA GeForce RTX 3080, 6215, 3837, 10240, 98, 97
2026/08/05 01:23:10.271, 0, NVIDIA GeForce RTX 3080, 6215, 3837, 10240, 98, 97
2026/08/05 01:23:10.381, 0, NVIDIA GeForce RTX 3080, 6215, 3837, 10240, 98, 97
2026/08/05 01:23:10.491, 0, NVIDIA GeForce RTX 3080, 6215, 3837, 10240, 98, 97
2026/08/05 01:23:10.599, 0, NVIDIA GeForce RTX 3080, 6215, 3837, 10240, 98, 97
2026/08/05 01:23:10.709, 0, NVIDIA GeForce RTX 3080, 6215, 3837, 10240, 98, 97
2026/08/05 01:23:10.818, 0, NVIDIA GeForce RTX 3080, 6215, 3837, 10240, 96, 96
2026/08/05 01:23:10.926, 0, NVIDIA GeForce RTX 3080, 6215, 3837, 10240, 96, 96
2026/08/05 01:23:11.036, 0, NVIDIA GeForce RTX 3080, 6215, 3837, 10240, 96, 96
2026/08/05 01:23:11.145, 0, NVIDIA GeForce RTX 3080, 6215, 3837, 10240, 96, 96
2026/08/05 01:23:11.254, 0, NVIDIA GeForce RTX 3080, 6215, 3837, 10240, 98, 97
2026/08/05 01:23:11.364, 0, NVIDIA GeForce RTX 3080, 6215, 3837, 10240, 98, 97
2026/08/05 01:23:11.471, 0, NVIDIA GeForce RTX 3080, 6215, 3837, 10240, 98, 97
2026/08/05 01:23:11.580, 0, NVIDIA GeForce RTX 3080, 6215, 3837, 10240, 98, 97
2026/08/05 01:23:11.689, 0, NVIDIA GeForce RTX 3080, 6215, 3837, 10240, 98, 97
2026/08/05 01:23:11.798, 0, NVIDIA GeForce RTX 3080, 6215, 3837, 10240, 97, 97
2026/08/05 01:23:11.908, 0, NVIDIA GeForce RTX 3080, 6215, 3837, 10240, 97, 97
2026/08/05 01:23:12.018, 0, NVIDIA GeForce RTX 3080, 6215, 3837, 10240, 97, 97
2026/08/05 01:23:12.126, 0, NVIDIA GeForce RTX 3080, 6215, 3837, 10240, 97, 97
2026/08/05 01:23:12.236, 0, NVIDIA GeForce RTX 3080, 6215, 3837, 10240, 98, 97
2026/08/05 01:23:12.345, 0, NVIDIA GeForce RTX 3080, 6215, 3837, 10240, 98, 97
2026/08/05 01:23:12.454, 0, NVIDIA GeForce RTX 3080, 6215, 3837, 10240, 98, 97
2026/08/05 01:23:12.563, 0, NVIDIA GeForce RTX 3080, 6215, 3837, 10240, 98, 97
2026/08/05 01:23:12.671, 0, NVIDIA GeForce RTX 3080, 6215, 3837, 10240, 98, 97
2026/08/05 01:23:12.781, 0, NVIDIA GeForce RTX 3080, 6215, 3837, 10240, 96, 97
2026/08/05 01:23:12.891, 0, NVIDIA GeForce RTX 3080, 6215, 3837, 10240, 96, 97
2026/08/05 01:23:12.999, 0, NVIDIA GeForce RTX 3080, 6215, 3837, 10240, 96, 97
2026/08/05 01:23:13.123, 0, NVIDIA GeForce RTX 3080, 6215, 3837, 10240, 96, 97
2026/08/05 01:23:13.232, 0, NVIDIA GeForce RTX 3080, 6215, 3837, 10240, 96, 98
2026/08/05 01:23:13.342, 0, NVIDIA GeForce RTX 3080, 6215, 3837, 10240, 96, 98
2026/08/05 01:23:13.450, 0, NVIDIA GeForce RTX 3080, 6215, 3837, 10240, 96, 98
2026/08/05 01:23:13.560, 0, NVIDIA GeForce RTX 3080, 6215, 3837, 10240, 96, 98
2026/08/05 01:23:13.670, 0, NVIDIA GeForce RTX 3080, 6215, 3837, 10240, 96, 98
2026/08/05 01:23:13.778, 0, NVIDIA GeForce RTX 3080, 6215, 3837, 10240, 96, 97
2026/08/05 01:23:13.888, 0, NVIDIA GeForce RTX 3080, 6215, 3837, 10240, 96, 97
2026/08/05 01:23:13.998, 0, NVIDIA GeForce RTX 3080, 6215, 3837, 10240, 96, 97
2026/08/05 01:23:14.106, 0, NVIDIA GeForce RTX 3080, 6215, 3837, 10240, 96, 97
2026/08/05 01:23:14.216, 0, NVIDIA GeForce RTX 3080, 6215, 3837, 10240, 96, 97
2026/08/05 01:23:14.325, 0, NVIDIA GeForce RTX 3080, 6215, 3837, 10240, 96, 98
2026/08/05 01:23:14.432, 0, NVIDIA GeForce RTX 3080, 6215, 3837, 10240, 96, 98
2026/08/05 01:23:14.542, 0, NVIDIA GeForce RTX 3080, 6215, 3837, 10240, 96, 98
2026/08/05 01:23:14.650, 0, NVIDIA GeForce RTX 3080, 6215, 3837, 10240, 96, 98
2026/08/05 01:23:14.760, 0, NVIDIA GeForce RTX 3080, 6215, 3837, 10240, 96, 98
2026/08/05 01:23:14.870, 0, NVIDIA GeForce RTX 3080, 6215, 3837, 10240, 96, 98
2026/08/05 01:23:14.978, 0, NVIDIA GeForce RTX 3080, 6215, 3837, 10240, 96, 98
2026/08/05 01:23:15.088, 0, NVIDIA GeForce RTX 3080, 6215, 3837, 10240, 96, 98
2026/08/05 01:23:15.197, 0, NVIDIA GeForce RTX 3080, 6215, 3837, 10240, 96, 98
2026/08/05 01:23:15.306, 0, NVIDIA GeForce RTX 3080, 6215, 3837, 10240, 96, 98
2026/08/05 01:23:15.416, 0, NVIDIA GeForce RTX 3080, 6215, 3837, 10240, 96, 98
2026/08/05 01:23:15.526, 0, NVIDIA GeForce RTX 3080, 6215, 3837, 10240, 96, 98
2026/08/05 01:23:15.633, 0, NVIDIA GeForce RTX 3080, 6215, 3837, 10240, 96, 98
2026/08/05 01:23:15.743, 0, NVIDIA GeForce RTX 3080, 6215, 3837, 10240, 96, 98
2026/08/05 01:23:15.851, 0, NVIDIA GeForce RTX 3080, 6215, 3837, 10240, 96, 98
2026/08/05 01:23:15.961, 0, NVIDIA GeForce RTX 3080, 6215, 3837, 10240, 96, 98
2026/08/05 01:23:16.071, 0, NVIDIA GeForce RTX 3080, 6215, 3837, 10240, 96, 98
2026/08/05 01:23:16.179, 0, NVIDIA GeForce RTX 3080, 6215, 3837, 10240, 96, 98
2026/08/05 01:23:16.288, 0, NVIDIA GeForce RTX 3080, 6215, 3837, 10240, 96, 97
2026/08/05 01:23:16.398, 0, NVIDIA GeForce RTX 3080, 6215, 3837, 10240, 96, 97
2026/08/05 01:23:16.506, 0, NVIDIA GeForce RTX 3080, 6215, 3837, 10240, 96, 97
2026/08/05 01:23:16.616, 0, NVIDIA GeForce RTX 3080, 6215, 3837, 10240, 96, 97
2026/08/05 01:23:16.726, 0, NVIDIA GeForce RTX 3080, 6215, 3837, 10240, 96, 97
2026/08/05 01:23:16.834, 0, NVIDIA GeForce RTX 3080, 6215, 3837, 10240, 96, 97
2026/08/05 01:23:16.944, 0, NVIDIA GeForce RTX 3080, 6215, 3837, 10240, 96, 97
2026/08/05 01:23:17.052, 0, NVIDIA GeForce RTX 3080, 6215, 3837, 10240, 96, 97
2026/08/05 01:23:17.159, 0, NVIDIA GeForce RTX 3080, 6215, 3837, 10240, 96, 97
2026/08/05 01:23:17.269, 0, NVIDIA GeForce RTX 3080, 6215, 3837, 10240, 94, 96
2026/08/05 01:23:17.377, 0, NVIDIA GeForce RTX 3080, 6215, 3837, 10240, 94, 96
2026/08/05 01:23:17.487, 0, NVIDIA GeForce RTX 3080, 6215, 3837, 10240, 94, 96
2026/08/05 01:23:17.597, 0, NVIDIA GeForce RTX 3080, 6215, 3837, 10240, 94, 96
2026/08/05 01:23:17.705, 0, NVIDIA GeForce RTX 3080, 6215, 3837, 10240, 94, 96
2026/08/05 01:23:17.815, 0, NVIDIA GeForce RTX 3080, 6215, 3837, 10240, 96, 97
2026/08/05 01:23:17.925, 0, NVIDIA GeForce RTX 3080, 6215, 3837, 10240, 96, 97
2026/08/05 01:23:18.033, 0, NVIDIA GeForce RTX 3080, 6215, 3837, 10240, 96, 97
2026/08/05 01:23:18.142, 0, NVIDIA GeForce RTX 3080, 6215, 3837, 10240, 96, 97
2026/08/05 01:23:18.251, 0, NVIDIA GeForce RTX 3080, 6215, 3837, 10240, 96, 97
2026/08/05 01:23:18.361, 0, NVIDIA GeForce RTX 3080, 6215, 3837, 10240, 96, 97
2026/08/05 01:23:18.470, 0, NVIDIA GeForce RTX 3080, 6215, 3837, 10240, 96, 97
2026/08/05 01:23:18.578, 0, NVIDIA GeForce RTX 3080, 6215, 3837, 10240, 96, 97
2026/08/05 01:23:18.687, 0, NVIDIA GeForce RTX 3080, 6215, 3837, 10240, 96, 97
2026/08/05 01:23:18.797, 0, NVIDIA GeForce RTX 3080, 6215, 3837, 10240, 96, 97
2026/08/05 01:23:18.906, 0, NVIDIA GeForce RTX 3080, 6215, 3837, 10240, 96, 97
2026/08/05 01:23:19.015, 0, NVIDIA GeForce RTX 3080, 6215, 3837, 10240, 96, 97
2026/08/05 01:23:19.125, 0, NVIDIA GeForce RTX 3080, 6215, 3837, 10240, 96, 97
2026/08/05 01:23:19.232, 0, NVIDIA GeForce RTX 3080, 6215, 3837, 10240, 96, 97
2026/08/05 01:23:19.341, 0, NVIDIA GeForce RTX 3080, 6215, 3837, 10240, 96, 97
2026/08/05 01:23:19.450, 0, NVIDIA GeForce RTX 3080, 6215, 3837, 10240, 96, 97
2026/08/05 01:23:19.559, 0, NVIDIA GeForce RTX 3080, 6215, 3837, 10240, 96, 97
2026/08/05 01:23:19.669, 0, NVIDIA GeForce RTX 3080, 6215, 3837, 10240, 96, 97
2026/08/05 01:23:19.778, 0, NVIDIA GeForce RTX 3080, 6215, 3837, 10240, 96, 97
2026/08/05 01:23:19.887, 0, NVIDIA GeForce RTX 3080, 6215, 3837, 10240, 96, 97
2026/08/05 01:23:19.996, 0, NVIDIA GeForce RTX 3080, 6215, 3837, 10240, 96, 97
2026/08/05 01:23:20.104, 0, NVIDIA GeForce RTX 3080, 6215, 3837, 10240, 96, 97
2026/08/05 01:23:20.213, 0, NVIDIA GeForce RTX 3080, 6215, 3837, 10240, 96, 97
2026/08/05 01:23:20.322, 0, NVIDIA GeForce RTX 3080, 6215, 3837, 10240, 96, 97
2026/08/05 01:23:20.431, 0, NVIDIA GeForce RTX 3080, 6215, 3837, 10240, 96, 97
2026/08/05 01:23:20.541, 0, NVIDIA GeForce RTX 3080, 6215, 3837, 10240, 96, 97
2026/08/05 01:23:20.649, 0, NVIDIA GeForce RTX 3080, 6215, 3837, 10240, 96, 97
2026/08/05 01:23:20.758, 0, NVIDIA GeForce RTX 3080, 6215, 3837, 10240, 96, 97
2026/08/05 01:23:20.868, 0, NVIDIA GeForce RTX 3080, 6215, 3837, 10240, 96, 97
2026/08/05 01:23:20.977, 0, NVIDIA GeForce RTX 3080, 6215, 3837, 10240, 96, 97
2026/08/05 01:23:21.086, 0, NVIDIA GeForce RTX 3080, 6215, 3837, 10240, 96, 97
2026/08/05 01:23:21.195, 0, NVIDIA GeForce RTX 3080, 6215, 3837, 10240, 96, 97
2026/08/05 01:23:21.303, 0, NVIDIA GeForce RTX 3080, 6215, 3837, 10240, 96, 98
2026/08/05 01:23:21.413, 0, NVIDIA GeForce RTX 3080, 6215, 3837, 10240, 96, 98
2026/08/05 01:23:21.522, 0, NVIDIA GeForce RTX 3080, 6215, 3837, 10240, 96, 98
2026/08/05 01:23:21.631, 0, NVIDIA GeForce RTX 3080, 6215, 3837, 10240, 96, 98
2026/08/05 01:23:21.740, 0, NVIDIA GeForce RTX 3080, 6215, 3837, 10240, 96, 98
2026/08/05 01:23:21.848, 0, NVIDIA GeForce RTX 3080, 6215, 3837, 10240, 96, 98
2026/08/05 01:23:21.958, 0, NVIDIA GeForce RTX 3080, 6215, 3837, 10240, 96, 98
2026/08/05 01:23:22.068, 0, NVIDIA GeForce RTX 3080, 6215, 3837, 10240, 96, 98
2026/08/05 01:23:22.176, 0, NVIDIA GeForce RTX 3080, 6215, 3837, 10240, 96, 98
2026/08/05 01:23:22.286, 0, NVIDIA GeForce RTX 3080, 6215, 3837, 10240, 97, 98
2026/08/05 01:23:22.395, 0, NVIDIA GeForce RTX 3080, 6215, 3837, 10240, 97, 98
2026/08/05 01:23:22.503, 0, NVIDIA GeForce RTX 3080, 6215, 3837, 10240, 97, 98
2026/08/05 01:23:22.613, 0, NVIDIA GeForce RTX 3080, 6215, 3837, 10240, 97, 98
2026/08/05 01:23:22.721, 0, NVIDIA GeForce RTX 3080, 6215, 3837, 10240, 97, 98
2026/08/05 01:23:22.831, 0, NVIDIA GeForce RTX 3080, 6215, 3837, 10240, 96, 97
2026/08/05 01:23:22.940, 0, NVIDIA GeForce RTX 3080, 6215, 3837, 10240, 96, 97
2026/08/05 01:23:23.049, 0, NVIDIA GeForce RTX 3080, 6215, 3837, 10240, 96, 97
2026/08/05 01:23:23.173, 0, NVIDIA GeForce RTX 3080, 6215, 3837, 10240, 96, 97
2026/08/05 01:23:23.282, 0, NVIDIA GeForce RTX 3080, 6215, 3837, 10240, 96, 97
2026/08/05 01:23:23.392, 0, NVIDIA GeForce RTX 3080, 6215, 3837, 10240, 96, 97
2026/08/05 01:23:23.500, 0, NVIDIA GeForce RTX 3080, 6215, 3837, 10240, 96, 97
2026/08/05 01:23:23.610, 0, NVIDIA GeForce RTX 3080, 6215, 3837, 10240, 96, 97
2026/08/05 01:23:23.720, 0, NVIDIA GeForce RTX 3080, 6215, 3837, 10240, 96, 97
2026/08/05 01:23:23.828, 0, NVIDIA GeForce RTX 3080, 6215, 3837, 10240, 94, 96
2026/08/05 01:23:23.938, 0, NVIDIA GeForce RTX 3080, 6215, 3837, 10240, 94, 96
2026/08/05 01:23:24.047, 0, NVIDIA GeForce RTX 3080, 6215, 3837, 10240, 94, 96
2026/08/05 01:23:24.156, 0, NVIDIA GeForce RTX 3080, 6215, 3837, 10240, 94, 96
2026/08/05 01:23:24.266, 0, NVIDIA GeForce RTX 3080, 6215, 3837, 10240, 97, 97
2026/08/05 01:23:24.375, 0, NVIDIA GeForce RTX 3080, 6215, 3837, 10240, 97, 97
2026/08/05 01:23:24.483, 0, NVIDIA GeForce RTX 3080, 6215, 3837, 10240, 97, 97
2026/08/05 01:23:24.593, 0, NVIDIA GeForce RTX 3080, 6215, 3837, 10240, 97, 97
2026/08/05 01:23:24.701, 0, NVIDIA GeForce RTX 3080, 6215, 3837, 10240, 97, 97
2026/08/05 01:23:24.811, 0, NVIDIA GeForce RTX 3080, 6215, 3837, 10240, 96, 97
2026/08/05 01:23:24.921, 0, NVIDIA GeForce RTX 3080, 6215, 3837, 10240, 96, 97
2026/08/05 01:23:25.029, 0, NVIDIA GeForce RTX 3080, 6215, 3837, 10240, 96, 97
2026/08/05 01:23:25.139, 0, NVIDIA GeForce RTX 3080, 6215, 3837, 10240, 96, 97
2026/08/05 01:23:25.247, 0, NVIDIA GeForce RTX 3080, 6215, 3837, 10240, 97, 98
2026/08/05 01:23:25.355, 0, NVIDIA GeForce RTX 3080, 6215, 3837, 10240, 97, 98
2026/08/05 01:23:25.465, 0, NVIDIA GeForce RTX 3080, 6215, 3837, 10240, 97, 98
2026/08/05 01:23:25.574, 0, NVIDIA GeForce RTX 3080, 6215, 3837, 10240, 97, 98
2026/08/05 01:23:25.683, 0, NVIDIA GeForce RTX 3080, 6215, 3837, 10240, 97, 98
2026/08/05 01:23:25.792, 0, NVIDIA GeForce RTX 3080, 6215, 3837, 10240, 96, 97
2026/08/05 01:23:25.901, 0, NVIDIA GeForce RTX 3080, 6215, 3837, 10240, 96, 97
2026/08/05 01:23:26.011, 0, NVIDIA GeForce RTX 3080, 6215, 3837, 10240, 96, 97
2026/08/05 01:23:26.120, 0, NVIDIA GeForce RTX 3080, 6215, 3837, 10240, 96, 97
2026/08/05 01:23:26.229, 0, NVIDIA GeForce RTX 3080, 6215, 3837, 10240, 96, 97
2026/08/05 01:23:26.339, 0, NVIDIA GeForce RTX 3080, 6215, 3837, 10240, 96, 98
2026/08/05 01:23:26.447, 0, NVIDIA GeForce RTX 3080, 6215, 3837, 10240, 96, 98
2026/08/05 01:23:26.556, 0, NVIDIA GeForce RTX 3080, 6215, 3837, 10240, 96, 98
2026/08/05 01:23:26.665, 0, NVIDIA GeForce RTX 3080, 6215, 3837, 10240, 96, 98
2026/08/05 01:23:26.775, 0, NVIDIA GeForce RTX 3080, 6215, 3837, 10240, 96, 97
2026/08/05 01:23:26.884, 0, NVIDIA GeForce RTX 3080, 6215, 3837, 10240, 96, 97
2026/08/05 01:23:26.993, 0, NVIDIA GeForce RTX 3080, 6215, 3837, 10240, 96, 97
2026/08/05 01:23:27.102, 0, NVIDIA GeForce RTX 3080, 6215, 3837, 10240, 96, 97
2026/08/05 01:23:27.209, 0, NVIDIA GeForce RTX 3080, 6215, 3837, 10240, 96, 97
2026/08/05 01:23:27.319, 0, NVIDIA GeForce RTX 3080, 6215, 3837, 10240, 97, 97
2026/08/05 01:23:27.427, 0, NVIDIA GeForce RTX 3080, 6215, 3837, 10240, 97, 97
2026/08/05 01:23:27.536, 0, NVIDIA GeForce RTX 3080, 6215, 3837, 10240, 97, 97
2026/08/05 01:23:27.646, 0, NVIDIA GeForce RTX 3080, 6215, 3837, 10240, 97, 97
2026/08/05 01:23:27.754, 0, NVIDIA GeForce RTX 3080, 6215, 3837, 10240, 97, 98
2026/08/05 01:23:27.864, 0, NVIDIA GeForce RTX 3080, 6215, 3837, 10240, 97, 98
2026/08/05 01:23:27.973, 0, NVIDIA GeForce RTX 3080, 6215, 3837, 10240, 97, 98
2026/08/05 01:23:28.082, 0, NVIDIA GeForce RTX 3080, 6215, 3837, 10240, 97, 98
2026/08/05 01:23:28.192, 0, NVIDIA GeForce RTX 3080, 6215, 3837, 10240, 97, 98
2026/08/05 01:23:28.300, 0, NVIDIA GeForce RTX 3080, 6215, 3837, 10240, 97, 98
2026/08/05 01:23:28.409, 0, NVIDIA GeForce RTX 3080, 6215, 3837, 10240, 97, 98
2026/08/05 01:23:28.517, 0, NVIDIA GeForce RTX 3080, 6215, 3837, 10240, 97, 98
2026/08/05 01:23:28.626, 0, NVIDIA GeForce RTX 3080, 6215, 3837, 10240, 97, 98
2026/08/05 01:23:28.736, 0, NVIDIA GeForce RTX 3080, 6215, 3837, 10240, 95, 96
2026/08/05 01:23:28.845, 0, NVIDIA GeForce RTX 3080, 6215, 3837, 10240, 95, 96
2026/08/05 01:23:28.954, 0, NVIDIA GeForce RTX 3080, 6215, 3837, 10240, 95, 96
2026/08/05 01:23:29.063, 0, NVIDIA GeForce RTX 3080, 6215, 3837, 10240, 95, 96
2026/08/05 01:23:29.171, 0, NVIDIA GeForce RTX 3080, 6215, 3837, 10240, 95, 96
2026/08/05 01:23:29.281, 0, NVIDIA GeForce RTX 3080, 6215, 3837, 10240, 97, 98
2026/08/05 01:23:29.390, 0, NVIDIA GeForce RTX 3080, 6215, 3837, 10240, 97, 98
2026/08/05 01:23:29.499, 0, NVIDIA GeForce RTX 3080, 6215, 3837, 10240, 97, 98
2026/08/05 01:23:29.609, 0, NVIDIA GeForce RTX 3080, 6215, 3837, 10240, 97, 98
2026/08/05 01:23:29.717, 0, NVIDIA GeForce RTX 3080, 6215, 3837, 10240, 97, 98
2026/08/05 01:23:29.826, 0, NVIDIA GeForce RTX 3080, 6215, 3837, 10240, 97, 98
2026/08/05 01:23:29.936, 0, NVIDIA GeForce RTX 3080, 6215, 3837, 10240, 97, 98
2026/08/05 01:23:30.044, 0, NVIDIA GeForce RTX 3080, 6215, 3837, 10240, 97, 98
2026/08/05 01:23:30.153, 0, NVIDIA GeForce RTX 3080, 6215, 3837, 10240, 97, 98
2026/08/05 01:23:30.263, 0, NVIDIA GeForce RTX 3080, 6215, 3837, 10240, 97, 98
2026/08/05 01:23:30.370, 0, NVIDIA GeForce RTX 3080, 6215, 3837, 10240, 97, 98
2026/08/05 01:23:30.480, 0, NVIDIA GeForce RTX 3080, 6215, 3837, 10240, 97, 98
2026/08/05 01:23:30.590, 0, NVIDIA GeForce RTX 3080, 6215, 3837, 10240, 97, 98
2026/08/05 01:23:30.697, 0, NVIDIA GeForce RTX 3080, 6215, 3837, 10240, 97, 98
2026/08/05 01:23:30.807, 0, NVIDIA GeForce RTX 3080, 6215, 3837, 10240, 97, 98
2026/08/05 01:23:30.916, 0, NVIDIA GeForce RTX 3080, 6215, 3837, 10240, 97, 98
2026/08/05 01:23:31.024, 0, NVIDIA GeForce RTX 3080, 6215, 3837, 10240, 97, 98
2026/08/05 01:23:31.134, 0, NVIDIA GeForce RTX 3080, 6215, 3837, 10240, 97, 98
2026/08/05 01:23:31.245, 0, NVIDIA GeForce RTX 3080, 6215, 3837, 10240, 97, 97
2026/08/05 01:23:31.352, 0, NVIDIA GeForce RTX 3080, 6215, 3837, 10240, 97, 97
2026/08/05 01:23:31.462, 0, NVIDIA GeForce RTX 3080, 6215, 3837, 10240, 97, 97
2026/08/05 01:23:31.570, 0, NVIDIA GeForce RTX 3080, 6215, 3837, 10240, 97, 97
2026/08/05 01:23:31.680, 0, NVIDIA GeForce RTX 3080, 6215, 3837, 10240, 97, 97
2026/08/05 01:23:31.789, 0, NVIDIA GeForce RTX 3080, 6215, 3837, 10240, 97, 98
2026/08/05 01:23:31.897, 0, NVIDIA GeForce RTX 3080, 6215, 3837, 10240, 97, 98
2026/08/05 01:23:32.007, 0, NVIDIA GeForce RTX 3080, 6215, 3837, 10240, 97, 98
2026/08/05 01:23:32.116, 0, NVIDIA GeForce RTX 3080, 6215, 3837, 10240, 97, 98
2026/08/05 01:23:32.224, 0, NVIDIA GeForce RTX 3080, 6215, 3837, 10240, 97, 98
2026/08/05 01:23:32.334, 0, NVIDIA GeForce RTX 3080, 6215, 3837, 10240, 97, 97
2026/08/05 01:23:32.442, 0, NVIDIA GeForce RTX 3080, 6215, 3837, 10240, 97, 97
2026/08/05 01:23:32.552, 0, NVIDIA GeForce RTX 3080, 6215, 3837, 10240, 97, 97
2026/08/05 01:23:32.661, 0, NVIDIA GeForce RTX 3080, 6215, 3837, 10240, 97, 97
2026/08/05 01:23:32.770, 0, NVIDIA GeForce RTX 3080, 6215, 3837, 10240, 97, 98
2026/08/05 01:23:32.879, 0, NVIDIA GeForce RTX 3080, 6215, 3837, 10240, 97, 98
2026/08/05 01:23:32.986, 0, NVIDIA GeForce RTX 3080, 6215, 3837, 10240, 97, 98
2026/08/05 01:23:33.095, 0, NVIDIA GeForce RTX 3080, 6215, 3837, 10240, 97, 98
2026/08/05 01:23:33.204, 0, NVIDIA GeForce RTX 3080, 6215, 3837, 10240, 97, 98
2026/08/05 01:23:33.317, 0, NVIDIA GeForce RTX 3080, 6215, 3837, 10240, 97, 98
2026/08/05 01:23:33.426, 0, NVIDIA GeForce RTX 3080, 6215, 3837, 10240, 97, 98
2026/08/05 01:23:33.535, 0, NVIDIA GeForce RTX 3080, 6215, 3837, 10240, 97, 98
2026/08/05 01:23:33.644, 0, NVIDIA GeForce RTX 3080, 6215, 3837, 10240, 97, 98
2026/08/05 01:23:33.753, 0, NVIDIA GeForce RTX 3080, 6215, 3837, 10240, 97, 98
2026/08/05 01:23:33.862, 0, NVIDIA GeForce RTX 3080, 6215, 3837, 10240, 97, 98
2026/08/05 01:23:33.971, 0, NVIDIA GeForce RTX 3080, 6215, 3837, 10240, 97, 98
2026/08/05 01:23:34.079, 0, NVIDIA GeForce RTX 3080, 6215, 3837, 10240, 97, 98
2026/08/05 01:23:34.188, 0, NVIDIA GeForce RTX 3080, 6215, 3837, 10240, 97, 98
2026/08/05 01:23:34.297, 0, NVIDIA GeForce RTX 3080, 6215, 3837, 10240, 97, 98
2026/08/05 01:23:34.407, 0, NVIDIA GeForce RTX 3080, 6215, 3837, 10240, 97, 98
2026/08/05 01:23:34.516, 0, NVIDIA GeForce RTX 3080, 6215, 3837, 10240, 97, 98
2026/08/05 01:23:34.625, 0, NVIDIA GeForce RTX 3080, 6215, 3837, 10240, 97, 98
2026/08/05 01:23:34.734, 0, NVIDIA GeForce RTX 3080, 6215, 3837, 10240, 97, 98
2026/08/05 01:23:34.843, 0, NVIDIA GeForce RTX 3080, 6215, 3837, 10240, 97, 98
2026/08/05 01:23:34.953, 0, NVIDIA GeForce RTX 3080, 6215, 3837, 10240, 97, 98
2026/08/05 01:23:35.062, 0, NVIDIA GeForce RTX 3080, 6215, 3837, 10240, 97, 98
2026/08/05 01:23:35.171, 0, NVIDIA GeForce RTX 3080, 6215, 3837, 10240, 97, 98
2026/08/05 01:23:35.280, 0, NVIDIA GeForce RTX 3080, 6215, 3837, 10240, 97, 98
2026/08/05 01:23:35.389, 0, NVIDIA GeForce RTX 3080, 6215, 3837, 10240, 97, 98
2026/08/05 01:23:35.498, 0, NVIDIA GeForce RTX 3080, 6215, 3837, 10240, 97, 98
2026/08/05 01:23:35.606, 0, NVIDIA GeForce RTX 3080, 6215, 3837, 10240, 97, 98
2026/08/05 01:23:35.717, 0, NVIDIA GeForce RTX 3080, 6215, 3837, 10240, 97, 98
2026/08/05 01:23:35.825, 0, NVIDIA GeForce RTX 3080, 6215, 3837, 10240, 98, 97
2026/08/05 01:23:35.935, 0, NVIDIA GeForce RTX 3080, 6215, 3837, 10240, 98, 97
2026/08/05 01:23:36.043, 0, NVIDIA GeForce RTX 3080, 6215, 3837, 10240, 98, 97
2026/08/05 01:23:36.152, 0, NVIDIA GeForce RTX 3080, 6215, 3837, 10240, 98, 97
2026/08/05 01:23:36.262, 0, NVIDIA GeForce RTX 3080, 6215, 3837, 10240, 98, 97
2026/08/05 01:23:36.370, 0, NVIDIA GeForce RTX 3080, 6215, 3837, 10240, 98, 97
2026/08/05 01:23:36.480, 0, NVIDIA GeForce RTX 3080, 6215, 3837, 10240, 98, 97
2026/08/05 01:23:36.590, 0, NVIDIA GeForce RTX 3080, 6215, 3837, 10240, 98, 97
2026/08/05 01:23:36.698, 0, NVIDIA GeForce RTX 3080, 6215, 3837, 10240, 98, 97
2026/08/05 01:23:36.808, 0, NVIDIA GeForce RTX 3080, 6215, 3837, 10240, 98, 97
2026/08/05 01:23:36.917, 0, NVIDIA GeForce RTX 3080, 6215, 3837, 10240, 98, 97
2026/08/05 01:23:37.025, 0, NVIDIA GeForce RTX 3080, 6215, 3837, 10240, 98, 97
2026/08/05 01:23:37.135, 0, NVIDIA GeForce RTX 3080, 6215, 3837, 10240, 98, 97
2026/08/05 01:23:37.243, 0, NVIDIA GeForce RTX 3080, 6215, 3837, 10240, 98, 97
2026/08/05 01:23:37.351, 0, NVIDIA GeForce RTX 3080, 6215, 3837, 10240, 98, 97
2026/08/05 01:23:37.460, 0, NVIDIA GeForce RTX 3080, 6215, 3837, 10240, 98, 97
2026/08/05 01:23:37.569, 0, NVIDIA GeForce RTX 3080, 6215, 3837, 10240, 98, 97
2026/08/05 01:23:37.678, 0, NVIDIA GeForce RTX 3080, 6215, 3837, 10240, 98, 97
2026/08/05 01:23:37.786, 0, NVIDIA GeForce RTX 3080, 6215, 3837, 10240, 98, 97
2026/08/05 01:23:37.895, 0, NVIDIA GeForce RTX 3080, 6215, 3837, 10240, 98, 97
2026/08/05 01:23:38.004, 0, NVIDIA GeForce RTX 3080, 6215, 3837, 10240, 98, 97
2026/08/05 01:23:38.113, 0, NVIDIA GeForce RTX 3080, 6215, 3837, 10240, 98, 97
2026/08/05 01:23:38.222, 0, NVIDIA GeForce RTX 3080, 6215, 3837, 10240, 98, 97
2026/08/05 01:23:38.332, 0, NVIDIA GeForce RTX 3080, 6215, 3837, 10240, 98, 97
2026/08/05 01:23:38.441, 0, NVIDIA GeForce RTX 3080, 6215, 3837, 10240, 98, 97
2026/08/05 01:23:38.550, 0, NVIDIA GeForce RTX 3080, 6215, 3837, 10240, 98, 97
2026/08/05 01:23:38.659, 0, NVIDIA GeForce RTX 3080, 6215, 3837, 10240, 98, 97
2026/08/05 01:23:38.768, 0, NVIDIA GeForce RTX 3080, 6215, 3837, 10240, 98, 98
2026/08/05 01:23:38.877, 0, NVIDIA GeForce RTX 3080, 6215, 3837, 10240, 98, 98
2026/08/05 01:23:38.986, 0, NVIDIA GeForce RTX 3080, 6215, 3837, 10240, 98, 98
2026/08/05 01:23:39.095, 0, NVIDIA GeForce RTX 3080, 6215, 3837, 10240, 98, 98
2026/08/05 01:23:39.205, 0, NVIDIA GeForce RTX 3080, 6215, 3837, 10240, 98, 98
2026/08/05 01:23:39.316, 0, NVIDIA GeForce RTX 3080, 6215, 3837, 10240, 96, 98
2026/08/05 01:23:39.425, 0, NVIDIA GeForce RTX 3080, 6215, 3837, 10240, 96, 98
2026/08/05 01:23:39.534, 0, NVIDIA GeForce RTX 3080, 6215, 3837, 10240, 96, 98
2026/08/05 01:23:39.643, 0, NVIDIA GeForce RTX 3080, 6215, 3837, 10240, 96, 98
2026/08/05 01:23:39.753, 0, NVIDIA GeForce RTX 3080, 6215, 3837, 10240, 96, 97
2026/08/05 01:23:39.862, 0, NVIDIA GeForce RTX 3080, 6215, 3837, 10240, 96, 97
2026/08/05 01:23:39.971, 0, NVIDIA GeForce RTX 3080, 6215, 3837, 10240, 96, 97
2026/08/05 01:23:40.081, 0, NVIDIA GeForce RTX 3080, 6215, 3837, 10240, 96, 97
2026/08/05 01:23:40.189, 0, NVIDIA GeForce RTX 3080, 6215, 3837, 10240, 96, 97
2026/08/05 01:23:40.298, 0, NVIDIA GeForce RTX 3080, 6215, 3837, 10240, 96, 98
2026/08/05 01:23:40.407, 0, NVIDIA GeForce RTX 3080, 6215, 3837, 10240, 96, 98
2026/08/05 01:23:40.517, 0, NVIDIA GeForce RTX 3080, 6215, 3837, 10240, 96, 98
2026/08/05 01:23:40.626, 0, NVIDIA GeForce RTX 3080, 6215, 3837, 10240, 96, 98
2026/08/05 01:23:40.735, 0, NVIDIA GeForce RTX 3080, 6215, 3837, 10240, 96, 98
2026/08/05 01:23:40.845, 0, NVIDIA GeForce RTX 3080, 6215, 3837, 10240, 96, 98
2026/08/05 01:23:40.954, 0, NVIDIA GeForce RTX 3080, 6215, 3837, 10240, 96, 98
2026/08/05 01:23:41.063, 0, NVIDIA GeForce RTX 3080, 6215, 3837, 10240, 96, 98
2026/08/05 01:23:41.172, 0, NVIDIA GeForce RTX 3080, 6215, 3837, 10240, 96, 98
2026/08/05 01:23:41.279, 0, NVIDIA GeForce RTX 3080, 6215, 3837, 10240, 96, 97
2026/08/05 01:23:41.389, 0, NVIDIA GeForce RTX 3080, 6215, 3837, 10240, 96, 97
2026/08/05 01:23:41.498, 0, NVIDIA GeForce RTX 3080, 6215, 3837, 10240, 96, 97
2026/08/05 01:23:41.607, 0, NVIDIA GeForce RTX 3080, 6215, 3837, 10240, 96, 97
2026/08/05 01:23:41.717, 0, NVIDIA GeForce RTX 3080, 6215, 3837, 10240, 96, 97
2026/08/05 01:23:41.825, 0, NVIDIA GeForce RTX 3080, 6215, 3837, 10240, 96, 98
2026/08/05 01:23:41.935, 0, NVIDIA GeForce RTX 3080, 6215, 3837, 10240, 96, 98
2026/08/05 01:23:42.045, 0, NVIDIA GeForce RTX 3080, 6215, 3837, 10240, 96, 98
2026/08/05 01:23:42.153, 0, NVIDIA GeForce RTX 3080, 6215, 3837, 10240, 96, 98
2026/08/05 01:23:42.263, 0, NVIDIA GeForce RTX 3080, 6215, 3837, 10240, 93, 96
2026/08/05 01:23:42.371, 0, NVIDIA GeForce RTX 3080, 6215, 3837, 10240, 93, 96
2026/08/05 01:23:42.481, 0, NVIDIA GeForce RTX 3080, 6215, 3837, 10240, 93, 96
2026/08/05 01:23:42.591, 0, NVIDIA GeForce RTX 3080, 6215, 3837, 10240, 93, 96
2026/08/05 01:23:42.699, 0, NVIDIA GeForce RTX 3080, 6215, 3837, 10240, 93, 96
2026/08/05 01:23:42.809, 0, NVIDIA GeForce RTX 3080, 6215, 3837, 10240, 96, 97
2026/08/05 01:23:42.919, 0, NVIDIA GeForce RTX 3080, 6215, 3837, 10240, 96, 97
2026/08/05 01:23:43.028, 0, NVIDIA GeForce RTX 3080, 6215, 3837, 10240, 96, 97
2026/08/05 01:23:43.137, 0, NVIDIA GeForce RTX 3080, 6215, 3837, 10240, 96, 97
2026/08/05 01:23:43.247, 0, NVIDIA GeForce RTX 3080, 6215, 3837, 10240, 96, 98
2026/08/05 01:23:43.352, 0, NVIDIA GeForce RTX 3080, 6215, 3837, 10240, 96, 98
2026/08/05 01:23:43.461, 0, NVIDIA GeForce RTX 3080, 6215, 3837, 10240, 96, 98
2026/08/05 01:23:43.570, 0, NVIDIA GeForce RTX 3080, 6215, 3837, 10240, 96, 98
2026/08/05 01:23:43.680, 0, NVIDIA GeForce RTX 3080, 6215, 3837, 10240, 96, 98
2026/08/05 01:23:43.789, 0, NVIDIA GeForce RTX 3080, 6215, 3837, 10240, 96, 97
2026/08/05 01:23:43.898, 0, NVIDIA GeForce RTX 3080, 6215, 3837, 10240, 96, 97
2026/08/05 01:23:44.008, 0, NVIDIA GeForce RTX 3080, 6215, 3837, 10240, 96, 97
2026/08/05 01:23:44.116, 0, NVIDIA GeForce RTX 3080, 6215, 3837, 10240, 96, 97
2026/08/05 01:23:44.225, 0, NVIDIA GeForce RTX 3080, 6215, 3837, 10240, 96, 97
2026/08/05 01:23:44.335, 0, NVIDIA GeForce RTX 3080, 6215, 3837, 10240, 96, 98
2026/08/05 01:23:44.445, 0, NVIDIA GeForce RTX 3080, 6215, 3837, 10240, 96, 98
2026/08/05 01:23:44.553, 0, NVIDIA GeForce RTX 3080, 6215, 3837, 10240, 96, 98
2026/08/05 01:23:44.663, 0, NVIDIA GeForce RTX 3080, 6215, 3837, 10240, 96, 98
2026/08/05 01:23:44.772, 0, NVIDIA GeForce RTX 3080, 6215, 3837, 10240, 96, 98
2026/08/05 01:23:44.881, 0, NVIDIA GeForce RTX 3080, 6215, 3837, 10240, 96, 98
2026/08/05 01:23:44.991, 0, NVIDIA GeForce RTX 3080, 6215, 3837, 10240, 96, 98
2026/08/05 01:23:45.099, 0, NVIDIA GeForce RTX 3080, 6215, 3837, 10240, 96, 98
2026/08/05 01:23:45.208, 0, NVIDIA GeForce RTX 3080, 6215, 3837, 10240, 96, 98
2026/08/05 01:23:45.317, 0, NVIDIA GeForce RTX 3080, 6215, 3837, 10240, 96, 97
2026/08/05 01:23:45.425, 0, NVIDIA GeForce RTX 3080, 6215, 3837, 10240, 96, 97
2026/08/05 01:23:45.535, 0, NVIDIA GeForce RTX 3080, 6215, 3837, 10240, 96, 97
2026/08/05 01:23:45.644, 0, NVIDIA GeForce RTX 3080, 6215, 3837, 10240, 96, 97
2026/08/05 01:23:45.753, 0, NVIDIA GeForce RTX 3080, 6215, 3837, 10240, 96, 97
2026/08/05 01:23:45.863, 0, NVIDIA GeForce RTX 3080, 6215, 3837, 10240, 96, 97
2026/08/05 01:23:45.971, 0, NVIDIA GeForce RTX 3080, 6215, 3837, 10240, 96, 97
2026/08/05 01:23:46.080, 0, NVIDIA GeForce RTX 3080, 6215, 3837, 10240, 96, 97
2026/08/05 01:23:46.190, 0, NVIDIA GeForce RTX 3080, 6215, 3837, 10240, 96, 97
2026/08/05 01:23:46.299, 0, NVIDIA GeForce RTX 3080, 6215, 3837, 10240, 96, 97
2026/08/05 01:23:46.408, 0, NVIDIA GeForce RTX 3080, 6215, 3837, 10240, 96, 97
2026/08/05 01:23:46.517, 0, NVIDIA GeForce RTX 3080, 6215, 3837, 10240, 96, 97
2026/08/05 01:23:46.625, 0, NVIDIA GeForce RTX 3080, 6215, 3837, 10240, 96, 97
2026/08/05 01:23:46.735, 0, NVIDIA GeForce RTX 3080, 6215, 3837, 10240, 96, 98
2026/08/05 01:23:46.845, 0, NVIDIA GeForce RTX 3080, 6215, 3837, 10240, 96, 98
2026/08/05 01:23:46.953, 0, NVIDIA GeForce RTX 3080, 6215, 3837, 10240, 96, 98
2026/08/05 01:23:47.063, 0, NVIDIA GeForce RTX 3080, 6215, 3837, 10240, 96, 98
2026/08/05 01:23:47.172, 0, NVIDIA GeForce RTX 3080, 6215, 3837, 10240, 96, 98
2026/08/05 01:23:47.282, 0, NVIDIA GeForce RTX 3080, 6215, 3837, 10240, 96, 98
2026/08/05 01:23:47.391, 0, NVIDIA GeForce RTX 3080, 6215, 3837, 10240, 96, 98
2026/08/05 01:23:47.500, 0, NVIDIA GeForce RTX 3080, 6215, 3837, 10240, 96, 98
2026/08/05 01:23:47.608, 0, NVIDIA GeForce RTX 3080, 6215, 3837, 10240, 96, 98
2026/08/05 01:23:47.718, 0, NVIDIA GeForce RTX 3080, 6215, 3837, 10240, 96, 98
2026/08/05 01:23:47.826, 0, NVIDIA GeForce RTX 3080, 6215, 3837, 10240, 96, 97
2026/08/05 01:23:47.935, 0, NVIDIA GeForce RTX 3080, 6215, 3837, 10240, 96, 97
2026/08/05 01:23:48.045, 0, NVIDIA GeForce RTX 3080, 6215, 3837, 10240, 96, 97
2026/08/05 01:23:48.154, 0, NVIDIA GeForce RTX 3080, 6215, 3837, 10240, 96, 97
2026/08/05 01:23:48.263, 0, NVIDIA GeForce RTX 3080, 6215, 3837, 10240, 96, 98
2026/08/05 01:23:48.372, 0, NVIDIA GeForce RTX 3080, 6215, 3837, 10240, 96, 98
2026/08/05 01:23:48.481, 0, NVIDIA GeForce RTX 3080, 6215, 3837, 10240, 96, 98
2026/08/05 01:23:48.591, 0, NVIDIA GeForce RTX 3080, 6215, 3837, 10240, 96, 98
2026/08/05 01:23:48.699, 0, NVIDIA GeForce RTX 3080, 6215, 3837, 10240, 96, 98
2026/08/05 01:23:48.809, 0, NVIDIA GeForce RTX 3080, 6215, 3837, 10240, 94, 96
2026/08/05 01:23:48.917, 0, NVIDIA GeForce RTX 3080, 6215, 3837, 10240, 94, 96
2026/08/05 01:23:49.025, 0, NVIDIA GeForce RTX 3080, 6215, 3837, 10240, 94, 96
2026/08/05 01:23:49.134, 0, NVIDIA GeForce RTX 3080, 6215, 3837, 10240, 94, 96
2026/08/05 01:23:49.243, 0, NVIDIA GeForce RTX 3080, 6215, 3837, 10240, 97, 97
2026/08/05 01:23:49.352, 0, NVIDIA GeForce RTX 3080, 6215, 3837, 10240, 97, 97
2026/08/05 01:23:49.461, 0, NVIDIA GeForce RTX 3080, 6215, 3837, 10240, 97, 97
2026/08/05 01:23:49.570, 0, NVIDIA GeForce RTX 3080, 6215, 3837, 10240, 97, 97
2026/08/05 01:23:49.680, 0, NVIDIA GeForce RTX 3080, 6215, 3837, 10240, 97, 97
2026/08/05 01:23:49.789, 0, NVIDIA GeForce RTX 3080, 6215, 3837, 10240, 96, 97
2026/08/05 01:23:49.898, 0, NVIDIA GeForce RTX 3080, 6215, 3837, 10240, 96, 97
2026/08/05 01:23:50.007, 0, NVIDIA GeForce RTX 3080, 6215, 3837, 10240, 96, 97
2026/08/05 01:23:50.117, 0, NVIDIA GeForce RTX 3080, 6215, 3837, 10240, 96, 97
2026/08/05 01:23:50.226, 0, NVIDIA GeForce RTX 3080, 6215, 3837, 10240, 96, 97
2026/08/05 01:23:50.335, 0, NVIDIA GeForce RTX 3080, 6215, 3837, 10240, 97, 97
2026/08/05 01:23:50.445, 0, NVIDIA GeForce RTX 3080, 6215, 3837, 10240, 97, 97
2026/08/05 01:23:50.554, 0, NVIDIA GeForce RTX 3080, 6215, 3837, 10240, 97, 97
2026/08/05 01:23:50.663, 0, NVIDIA GeForce RTX 3080, 6215, 3837, 10240, 97, 97
2026/08/05 01:23:50.772, 0, NVIDIA GeForce RTX 3080, 6215, 3837, 10240, 97, 97
2026/08/05 01:23:50.881, 0, NVIDIA GeForce RTX 3080, 6215, 3837, 10240, 97, 97
2026/08/05 01:23:50.991, 0, NVIDIA GeForce RTX 3080, 6215, 3837, 10240, 97, 97
2026/08/05 01:23:51.099, 0, NVIDIA GeForce RTX 3080, 6215, 3837, 10240, 97, 97
2026/08/05 01:23:51.209, 0, NVIDIA GeForce RTX 3080, 6215, 3837, 10240, 97, 97
2026/08/05 01:23:51.319, 0, NVIDIA GeForce RTX 3080, 6215, 3837, 10240, 96, 98
2026/08/05 01:23:51.427, 0, NVIDIA GeForce RTX 3080, 6215, 3837, 10240, 96, 98
2026/08/05 01:23:51.537, 0, NVIDIA GeForce RTX 3080, 6215, 3837, 10240, 96, 98
2026/08/05 01:23:51.645, 0, NVIDIA GeForce RTX 3080, 6215, 3837, 10240, 96, 98
2026/08/05 01:23:51.754, 0, NVIDIA GeForce RTX 3080, 6215, 3837, 10240, 97, 98
2026/08/05 01:23:51.864, 0, NVIDIA GeForce RTX 3080, 6215, 3837, 10240, 97, 98
2026/08/05 01:23:51.972, 0, NVIDIA GeForce RTX 3080, 6215, 3837, 10240, 97, 98
2026/08/05 01:23:52.082, 0, NVIDIA GeForce RTX 3080, 6215, 3837, 10240, 97, 98
2026/08/05 01:23:52.192, 0, NVIDIA GeForce RTX 3080, 6215, 3837, 10240, 97, 98
2026/08/05 01:23:52.300, 0, NVIDIA GeForce RTX 3080, 6215, 3837, 10240, 96, 97
2026/08/05 01:23:52.409, 0, NVIDIA GeForce RTX 3080, 6215, 3837, 10240, 96, 97
2026/08/05 01:23:52.519, 0, NVIDIA GeForce RTX 3080, 6215, 3837, 10240, 96, 97
2026/08/05 01:23:52.628, 0, NVIDIA GeForce RTX 3080, 6215, 3837, 10240, 96, 97
2026/08/05 01:23:52.737, 0, NVIDIA GeForce RTX 3080, 6215, 3837, 10240, 96, 98
2026/08/05 01:23:52.847, 0, NVIDIA GeForce RTX 3080, 6215, 3837, 10240, 96, 98
2026/08/05 01:23:52.955, 0, NVIDIA GeForce RTX 3080, 6215, 3837, 10240, 96, 98
2026/08/05 01:23:53.065, 0, NVIDIA GeForce RTX 3080, 6215, 3837, 10240, 96, 98
2026/08/05 01:23:53.175, 0, NVIDIA GeForce RTX 3080, 6215, 3837, 10240, 96, 98
2026/08/05 01:23:53.283, 0, NVIDIA GeForce RTX 3080, 6215, 3837, 10240, 96, 97
2026/08/05 01:23:53.393, 0, NVIDIA GeForce RTX 3080, 6215, 3837, 10240, 96, 97
2026/08/05 01:23:53.502, 0, NVIDIA GeForce RTX 3080, 6215, 3837, 10240, 96, 97
2026/08/05 01:23:53.611, 0, NVIDIA GeForce RTX 3080, 6215, 3837, 10240, 96, 97
2026/08/05 01:23:53.721, 0, NVIDIA GeForce RTX 3080, 6215, 3837, 10240, 96, 97
2026/08/05 01:23:53.830, 0, NVIDIA GeForce RTX 3080, 6215, 3837, 10240, 95, 96
2026/08/05 01:23:53.938, 0, NVIDIA GeForce RTX 3080, 6215, 3837, 10240, 95, 96
2026/08/05 01:23:54.048, 0, NVIDIA GeForce RTX 3080, 6215, 3837, 10240, 95, 96
2026/08/05 01:23:54.156, 0, NVIDIA GeForce RTX 3080, 6215, 3837, 10240, 95, 96
2026/08/05 01:23:54.266, 0, NVIDIA GeForce RTX 3080, 6215, 3837, 10240, 97, 98
2026/08/05 01:23:54.376, 0, NVIDIA GeForce RTX 3080, 6215, 3837, 10240, 97, 98
2026/08/05 01:23:54.484, 0, NVIDIA GeForce RTX 3080, 6215, 3837, 10240, 97, 98
2026/08/05 01:23:54.594, 0, NVIDIA GeForce RTX 3080, 6215, 3837, 10240, 97, 98
2026/08/05 01:23:54.703, 0, NVIDIA GeForce RTX 3080, 6215, 3837, 10240, 97, 98
2026/08/05 01:23:54.811, 0, NVIDIA GeForce RTX 3080, 6215, 3837, 10240, 97, 98
2026/08/05 01:23:54.921, 0, NVIDIA GeForce RTX 3080, 6215, 3837, 10240, 97, 98
2026/08/05 01:23:55.029, 0, NVIDIA GeForce RTX 3080, 6215, 3837, 10240, 97, 98
2026/08/05 01:23:55.139, 0, NVIDIA GeForce RTX 3080, 6215, 3837, 10240, 97, 98
2026/08/05 01:23:55.249, 0, NVIDIA GeForce RTX 3080, 6215, 3837, 10240, 97, 98
2026/08/05 01:23:55.357, 0, NVIDIA GeForce RTX 3080, 6215, 3837, 10240, 97, 98
2026/08/05 01:23:55.467, 0, NVIDIA GeForce RTX 3080, 6215, 3837, 10240, 97, 98
2026/08/05 01:23:55.575, 0, NVIDIA GeForce RTX 3080, 6215, 3837, 10240, 97, 98
2026/08/05 01:23:55.683, 0, NVIDIA GeForce RTX 3080, 6215, 3837, 10240, 97, 98
2026/08/05 01:23:55.793, 0, NVIDIA GeForce RTX 3080, 6215, 3837, 10240, 97, 97
2026/08/05 01:23:55.901, 0, NVIDIA GeForce RTX 3080, 6215, 3837, 10240, 97, 97
2026/08/05 01:23:56.010, 0, NVIDIA GeForce RTX 3080, 6215, 3837, 10240, 97, 97
2026/08/05 01:23:56.120, 0, NVIDIA GeForce RTX 3080, 6215, 3837, 10240, 97, 97
2026/08/05 01:23:56.229, 0, NVIDIA GeForce RTX 3080, 6215, 3837, 10240, 97, 97
2026/08/05 01:23:56.338, 0, NVIDIA GeForce RTX 3080, 6215, 3837, 10240, 97, 97
2026/08/05 01:23:56.448, 0, NVIDIA GeForce RTX 3080, 6215, 3837, 10240, 97, 97
2026/08/05 01:23:56.557, 0, NVIDIA GeForce RTX 3080, 6215, 3837, 10240, 97, 97
2026/08/05 01:23:56.666, 0, NVIDIA GeForce RTX 3080, 6215, 3837, 10240, 97, 97
2026/08/05 01:23:56.776, 0, NVIDIA GeForce RTX 3080, 6215, 3837, 10240, 97, 98
2026/08/05 01:23:56.884, 0, NVIDIA GeForce RTX 3080, 6215, 3837, 10240, 97, 98
2026/08/05 01:23:56.993, 0, NVIDIA GeForce RTX 3080, 6215, 3837, 10240, 97, 98
2026/08/05 01:23:57.102, 0, NVIDIA GeForce RTX 3080, 6215, 3837, 10240, 97, 98
2026/08/05 01:23:57.211, 0, NVIDIA GeForce RTX 3080, 6215, 3837, 10240, 97, 98
2026/08/05 01:23:57.320, 0, NVIDIA GeForce RTX 3080, 6215, 3837, 10240, 97, 97
2026/08/05 01:23:57.429, 0, NVIDIA GeForce RTX 3080, 6215, 3837, 10240, 97, 97
2026/08/05 01:23:57.539, 0, NVIDIA GeForce RTX 3080, 6215, 3837, 10240, 97, 97
2026/08/05 01:23:57.648, 0, NVIDIA GeForce RTX 3080, 6215, 3837, 10240, 97, 97
2026/08/05 01:23:57.756, 0, NVIDIA GeForce RTX 3080, 6215, 3837, 10240, 97, 97
2026/08/05 01:23:57.866, 0, NVIDIA GeForce RTX 3080, 6215, 3837, 10240, 97, 97
2026/08/05 01:23:57.976, 0, NVIDIA GeForce RTX 3080, 6215, 3837, 10240, 97, 97
2026/08/05 01:23:58.084, 0, NVIDIA GeForce RTX 3080, 6215, 3837, 10240, 97, 97
2026/08/05 01:23:58.194, 0, NVIDIA GeForce RTX 3080, 6215, 3837, 10240, 97, 97
2026/08/05 01:23:58.303, 0, NVIDIA GeForce RTX 3080, 6215, 3837, 10240, 97, 98
2026/08/05 01:23:58.412, 0, NVIDIA GeForce RTX 3080, 6215, 3837, 10240, 97, 98
2026/08/05 01:23:58.522, 0, NVIDIA GeForce RTX 3080, 6215, 3837, 10240, 97, 98
2026/08/05 01:23:58.630, 0, NVIDIA GeForce RTX 3080, 6215, 3837, 10240, 97, 98
2026/08/05 01:23:58.739, 0, NVIDIA GeForce RTX 3080, 6215, 3837, 10240, 95, 96
2026/08/05 01:23:58.848, 0, NVIDIA GeForce RTX 3080, 6215, 3837, 10240, 95, 96
2026/08/05 01:23:58.957, 0, NVIDIA GeForce RTX 3080, 6215, 3837, 10240, 95, 96
2026/08/05 01:23:59.066, 0, NVIDIA GeForce RTX 3080, 6215, 3837, 10240, 95, 96
2026/08/05 01:23:59.176, 0, NVIDIA GeForce RTX 3080, 6215, 3837, 10240, 95, 96
2026/08/05 01:23:59.285, 0, NVIDIA GeForce RTX 3080, 6215, 3837, 10240, 97, 98
2026/08/05 01:23:59.394, 0, NVIDIA GeForce RTX 3080, 6215, 3837, 10240, 97, 98
2026/08/05 01:23:59.502, 0, NVIDIA GeForce RTX 3080, 6215, 3837, 10240, 97, 98
2026/08/05 01:23:59.612, 0, NVIDIA GeForce RTX 3080, 6215, 3837, 10240, 97, 98
2026/08/05 01:23:59.721, 0, NVIDIA GeForce RTX 3080, 6215, 3837, 10240, 97, 98
2026/08/05 01:23:59.830, 0, NVIDIA GeForce RTX 3080, 6215, 3837, 10240, 97, 98
2026/08/05 01:23:59.940, 0, NVIDIA GeForce RTX 3080, 6215, 3837, 10240, 97, 98
2026/08/05 01:24:00.049, 0, NVIDIA GeForce RTX 3080, 6215, 3837, 10240, 97, 98
2026/08/05 01:24:00.158, 0, NVIDIA GeForce RTX 3080, 6215, 3837, 10240, 97, 98
2026/08/05 01:24:00.267, 0, NVIDIA GeForce RTX 3080, 6215, 3837, 10240, 97, 97
2026/08/05 01:24:00.376, 0, NVIDIA GeForce RTX 3080, 6215, 3837, 10240, 97, 97
2026/08/05 01:24:00.485, 0, NVIDIA GeForce RTX 3080, 6215, 3837, 10240, 97, 97
2026/08/05 01:24:00.594, 0, NVIDIA GeForce RTX 3080, 6215, 3837, 10240, 97, 97
2026/08/05 01:24:00.703, 0, NVIDIA GeForce RTX 3080, 6215, 3837, 10240, 97, 97
2026/08/05 01:24:00.813, 0, NVIDIA GeForce RTX 3080, 6215, 3837, 10240, 97, 97
2026/08/05 01:24:00.922, 0, NVIDIA GeForce RTX 3080, 6215, 3837, 10240, 97, 97
2026/08/05 01:24:01.031, 0, NVIDIA GeForce RTX 3080, 6215, 3837, 10240, 97, 97
2026/08/05 01:24:01.141, 0, NVIDIA GeForce RTX 3080, 6215, 3837, 10240, 97, 97
2026/08/05 01:24:01.250, 0, NVIDIA GeForce RTX 3080, 6215, 3837, 10240, 97, 97
2026/08/05 01:24:01.359, 0, NVIDIA GeForce RTX 3080, 6215, 3837, 10240, 97, 97
2026/08/05 01:24:01.469, 0, NVIDIA GeForce RTX 3080, 6215, 3837, 10240, 97, 97
2026/08/05 01:24:01.577, 0, NVIDIA GeForce RTX 3080, 6215, 3837, 10240, 97, 97
2026/08/05 01:24:01.686, 0, NVIDIA GeForce RTX 3080, 6215, 3837, 10240, 97, 97
2026/08/05 01:24:01.795, 0, NVIDIA GeForce RTX 3080, 6215, 3837, 10240, 97, 98
2026/08/05 01:24:01.905, 0, NVIDIA GeForce RTX 3080, 6215, 3837, 10240, 97, 98
2026/08/05 01:24:02.014, 0, NVIDIA GeForce RTX 3080, 6215, 3837, 10240, 97, 98
2026/08/05 01:24:02.123, 0, NVIDIA GeForce RTX 3080, 6215, 3837, 10240, 97, 98
2026/08/05 01:24:02.231, 0, NVIDIA GeForce RTX 3080, 6215, 3837, 10240, 97, 98
2026/08/05 01:24:02.340, 0, NVIDIA GeForce RTX 3080, 6215, 3837, 10240, 96, 96
2026/08/05 01:24:02.448, 0, NVIDIA GeForce RTX 3080, 6215, 3837, 10240, 96, 96
2026/08/05 01:24:02.557, 0, NVIDIA GeForce RTX 3080, 6215, 3837, 10240, 96, 96
2026/08/05 01:24:02.666, 0, NVIDIA GeForce RTX 3080, 6215, 3837, 10240, 96, 96
2026/08/05 01:24:02.776, 0, NVIDIA GeForce RTX 3080, 6215, 3837, 10240, 97, 98
2026/08/05 01:24:02.885, 0, NVIDIA GeForce RTX 3080, 6215, 3837, 10240, 97, 98
2026/08/05 01:24:02.993, 0, NVIDIA GeForce RTX 3080, 6215, 3837, 10240, 97, 98
2026/08/05 01:24:03.102, 0, NVIDIA GeForce RTX 3080, 6215, 3837, 10240, 97, 98
2026/08/05 01:24:03.212, 0, NVIDIA GeForce RTX 3080, 6215, 3837, 10240, 97, 98
2026/08/05 01:24:03.321, 0, NVIDIA GeForce RTX 3080, 6215, 3837, 10240, 98, 98
2026/08/05 01:24:03.430, 0, NVIDIA GeForce RTX 3080, 6215, 3837, 10240, 98, 98
2026/08/05 01:24:03.540, 0, NVIDIA GeForce RTX 3080, 6215, 3837, 10240, 98, 98
2026/08/05 01:24:03.649, 0, NVIDIA GeForce RTX 3080, 6215, 3837, 10240, 98, 98
2026/08/05 01:24:03.758, 0, NVIDIA GeForce RTX 3080, 6215, 3837, 10240, 98, 98
2026/08/05 01:24:03.868, 0, NVIDIA GeForce RTX 3080, 6215, 3837, 10240, 98, 98
2026/08/05 01:24:03.978, 0, NVIDIA GeForce RTX 3080, 6215, 3837, 10240, 98, 98
2026/08/05 01:24:04.086, 0, NVIDIA GeForce RTX 3080, 6215, 3837, 10240, 98, 98
2026/08/05 01:24:04.196, 0, NVIDIA GeForce RTX 3080, 6215, 3837, 10240, 98, 98
2026/08/05 01:24:04.306, 0, NVIDIA GeForce RTX 3080, 6215, 3837, 10240, 98, 98
2026/08/05 01:24:04.413, 0, NVIDIA GeForce RTX 3080, 6215, 3837, 10240, 98, 98
2026/08/05 01:24:04.523, 0, NVIDIA GeForce RTX 3080, 6215, 3837, 10240, 98, 98
2026/08/05 01:24:04.632, 0, NVIDIA GeForce RTX 3080, 6215, 3837, 10240, 98, 98
2026/08/05 01:24:04.741, 0, NVIDIA GeForce RTX 3080, 6215, 3837, 10240, 98, 97
2026/08/05 01:24:04.851, 0, NVIDIA GeForce RTX 3080, 6215, 3837, 10240, 98, 97
2026/08/05 01:24:04.960, 0, NVIDIA GeForce RTX 3080, 6215, 3837, 10240, 98, 97
2026/08/05 01:24:05.068, 0, NVIDIA GeForce RTX 3080, 6215, 3837, 10240, 98, 97
2026/08/05 01:24:05.178, 0, NVIDIA GeForce RTX 3080, 6215, 3837, 10240, 98, 97
2026/08/05 01:24:05.285, 0, NVIDIA GeForce RTX 3080, 6215, 3837, 10240, 98, 98
2026/08/05 01:24:05.395, 0, NVIDIA GeForce RTX 3080, 6215, 3837, 10240, 98, 98
2026/08/05 01:24:05.505, 0, NVIDIA GeForce RTX 3080, 6215, 3837, 10240, 98, 98
2026/08/05 01:24:05.614, 0, NVIDIA GeForce RTX 3080, 6215, 3837, 10240, 98, 98
2026/08/05 01:24:05.723, 0, NVIDIA GeForce RTX 3080, 6215, 3837, 10240, 98, 98
2026/08/05 01:24:05.832, 0, NVIDIA GeForce RTX 3080, 6215, 3837, 10240, 94, 96
2026/08/05 01:24:05.942, 0, NVIDIA GeForce RTX 3080, 6215, 3837, 10240, 94, 96
2026/08/05 01:24:06.051, 0, NVIDIA GeForce RTX 3080, 6215, 3837, 10240, 94, 96
2026/08/05 01:24:06.159, 0, NVIDIA GeForce RTX 3080, 6215, 3837, 10240, 94, 96
2026/08/05 01:24:06.269, 0, NVIDIA GeForce RTX 3080, 6215, 3837, 10240, 96, 97
2026/08/05 01:24:06.379, 0, NVIDIA GeForce RTX 3080, 6215, 3837, 10240, 96, 97
2026/08/05 01:24:06.488, 0, NVIDIA GeForce RTX 3080, 6215, 3837, 10240, 96, 97
2026/08/05 01:24:06.597, 0, NVIDIA GeForce RTX 3080, 6215, 3837, 10240, 96, 97
2026/08/05 01:24:06.706, 0, NVIDIA GeForce RTX 3080, 6215, 3837, 10240, 96, 97
2026/08/05 01:24:06.815, 0, NVIDIA GeForce RTX 3080, 6215, 3837, 10240, 96, 98
2026/08/05 01:24:06.924, 0, NVIDIA GeForce RTX 3080, 6215, 3837, 10240, 96, 98
2026/08/05 01:24:07.033, 0, NVIDIA GeForce RTX 3080, 6215, 3837, 10240, 96, 98
2026/08/05 01:24:07.142, 0, NVIDIA GeForce RTX 3080, 6215, 3837, 10240, 96, 98
2026/08/05 01:24:07.251, 0, NVIDIA GeForce RTX 3080, 6215, 3837, 10240, 93, 95
2026/08/05 01:24:07.360, 0, NVIDIA GeForce RTX 3080, 6215, 3837, 10240, 93, 95
2026/08/05 01:24:07.470, 0, NVIDIA GeForce RTX 3080, 6215, 3837, 10240, 93, 95
2026/08/05 01:24:07.578, 0, NVIDIA GeForce RTX 3080, 6215, 3837, 10240, 93, 95
2026/08/05 01:24:07.687, 0, NVIDIA GeForce RTX 3080, 6215, 3837, 10240, 93, 95
2026/08/05 01:24:07.797, 0, NVIDIA GeForce RTX 3080, 6215, 3837, 10240, 96, 97
2026/08/05 01:24:07.905, 0, NVIDIA GeForce RTX 3080, 6215, 3837, 10240, 96, 97
2026/08/05 01:24:08.014, 0, NVIDIA GeForce RTX 3080, 6215, 3837, 10240, 96, 97
2026/08/05 01:24:08.123, 0, NVIDIA GeForce RTX 3080, 6215, 3837, 10240, 96, 97
2026/08/05 01:24:08.232, 0, NVIDIA GeForce RTX 3080, 6215, 3837, 10240, 96, 97
2026/08/05 01:24:08.353, 0, NVIDIA GeForce RTX 3080, 6215, 3837, 10240, 96, 97
2026/08/05 01:24:08.462, 0, NVIDIA GeForce RTX 3080, 6215, 3837, 10240, 96, 97
2026/08/05 01:24:08.572, 0, NVIDIA GeForce RTX 3080, 6215, 3837, 10240, 96, 97
2026/08/05 01:24:08.681, 0, NVIDIA GeForce RTX 3080, 6215, 3837, 10240, 96, 97
2026/08/05 01:24:08.789, 0, NVIDIA GeForce RTX 3080, 6215, 3837, 10240, 96, 98
2026/08/05 01:24:08.899, 0, NVIDIA GeForce RTX 3080, 6215, 3837, 10240, 96, 98
2026/08/05 01:24:09.008, 0, NVIDIA GeForce RTX 3080, 6215, 3837, 10240, 96, 98
2026/08/05 01:24:09.116, 0, NVIDIA GeForce RTX 3080, 6215, 3837, 10240, 96, 98
2026/08/05 01:24:09.226, 0, NVIDIA GeForce RTX 3080, 6215, 3837, 10240, 96, 98
2026/08/05 01:24:09.335, 0, NVIDIA GeForce RTX 3080, 6215, 3837, 10240, 96, 97
2026/08/05 01:24:09.443, 0, NVIDIA GeForce RTX 3080, 6215, 3837, 10240, 96, 97
2026/08/05 01:24:09.552, 0, NVIDIA GeForce RTX 3080, 6215, 3837, 10240, 96, 97
2026/08/05 01:24:09.661, 0, NVIDIA GeForce RTX 3080, 6215, 3837, 10240, 96, 97
2026/08/05 01:24:09.770, 0, NVIDIA GeForce RTX 3080, 6215, 3837, 10240, 96, 98
2026/08/05 01:24:09.879, 0, NVIDIA GeForce RTX 3080, 6215, 3837, 10240, 96, 98
2026/08/05 01:24:09.989, 0, NVIDIA GeForce RTX 3080, 6215, 3837, 10240, 96, 98
2026/08/05 01:24:10.099, 0, NVIDIA GeForce RTX 3080, 6215, 3837, 10240, 96, 98
2026/08/05 01:24:10.207, 0, NVIDIA GeForce RTX 3080, 6215, 3837, 10240, 96, 98
2026/08/05 01:24:10.317, 0, NVIDIA GeForce RTX 3080, 6215, 3837, 10240, 96, 98
2026/08/05 01:24:10.426, 0, NVIDIA GeForce RTX 3080, 6215, 3837, 10240, 96, 98
2026/08/05 01:24:10.535, 0, NVIDIA GeForce RTX 3080, 6215, 3837, 10240, 96, 98
2026/08/05 01:24:10.645, 0, NVIDIA GeForce RTX 3080, 6215, 3837, 10240, 96, 98
2026/08/05 01:24:10.754, 0, NVIDIA GeForce RTX 3080, 6215, 3837, 10240, 96, 97
2026/08/05 01:24:10.863, 0, NVIDIA GeForce RTX 3080, 6215, 3837, 10240, 96, 97
2026/08/05 01:24:10.973, 0, NVIDIA GeForce RTX 3080, 6215, 3837, 10240, 96, 97
2026/08/05 01:24:11.081, 0, NVIDIA GeForce RTX 3080, 6215, 3837, 10240, 96, 97
2026/08/05 01:24:11.191, 0, NVIDIA GeForce RTX 3080, 6215, 3837, 10240, 96, 97
2026/08/05 01:24:11.300, 0, NVIDIA GeForce RTX 3080, 6215, 3837, 10240, 96, 98
2026/08/05 01:24:11.408, 0, NVIDIA GeForce RTX 3080, 6215, 3837, 10240, 96, 98
2026/08/05 01:24:11.518, 0, NVIDIA GeForce RTX 3080, 6215, 3837, 10240, 96, 98
2026/08/05 01:24:11.627, 0, NVIDIA GeForce RTX 3080, 6215, 3837, 10240, 96, 98
2026/08/05 01:24:11.735, 0, NVIDIA GeForce RTX 3080, 6215, 3837, 10240, 96, 97
2026/08/05 01:24:11.845, 0, NVIDIA GeForce RTX 3080, 6215, 3837, 10240, 96, 97
2026/08/05 01:24:11.955, 0, NVIDIA GeForce RTX 3080, 6215, 3837, 10240, 96, 97
2026/08/05 01:24:12.062, 0, NVIDIA GeForce RTX 3080, 6215, 3837, 10240, 96, 97
2026/08/05 01:24:12.172, 0, NVIDIA GeForce RTX 3080, 6215, 3837, 10240, 96, 97
2026/08/05 01:24:12.281, 0, NVIDIA GeForce RTX 3080, 6215, 3837, 10240, 96, 98
2026/08/05 01:24:12.389, 0, NVIDIA GeForce RTX 3080, 6215, 3837, 10240, 96, 98
2026/08/05 01:24:12.498, 0, NVIDIA GeForce RTX 3080, 6215, 3837, 10240, 96, 98
2026/08/05 01:24:12.606, 0, NVIDIA GeForce RTX 3080, 6215, 3837, 10240, 96, 98
2026/08/05 01:24:12.716, 0, NVIDIA GeForce RTX 3080, 6215, 3837, 10240, 96, 98
2026/08/05 01:24:12.827, 0, NVIDIA GeForce RTX 3080, 6215, 3837, 10240, 96, 97
2026/08/05 01:24:12.935, 0, NVIDIA GeForce RTX 3080, 6215, 3837, 10240, 96, 97
2026/08/05 01:24:13.045, 0, NVIDIA GeForce RTX 3080, 6215, 3837, 10240, 96, 97
2026/08/05 01:24:13.153, 0, NVIDIA GeForce RTX 3080, 6215, 3837, 10240, 96, 97
2026/08/05 01:24:13.262, 0, NVIDIA GeForce RTX 3080, 6215, 3837, 10240, 96, 97
2026/08/05 01:24:13.372, 0, NVIDIA GeForce RTX 3080, 6215, 3837, 10240, 96, 97
2026/08/05 01:24:13.480, 0, NVIDIA GeForce RTX 3080, 6215, 3837, 10240, 96, 97
2026/08/05 01:24:13.590, 0, NVIDIA GeForce RTX 3080, 6215, 3837, 10240, 96, 97
2026/08/05 01:24:13.700, 0, NVIDIA GeForce RTX 3080, 6215, 3837, 10240, 96, 97
2026/08/05 01:24:13.808, 0, NVIDIA GeForce RTX 3080, 6215, 3837, 10240, 95, 97
2026/08/05 01:24:13.918, 0, NVIDIA GeForce RTX 3080, 6215, 3837, 10240, 95, 97
2026/08/05 01:24:14.026, 0, NVIDIA GeForce RTX 3080, 6215, 3837, 10240, 95, 97
2026/08/05 01:24:14.135, 0, NVIDIA GeForce RTX 3080, 6215, 3837, 10240, 95, 97
2026/08/05 01:24:14.245, 0, NVIDIA GeForce RTX 3080, 6215, 3837, 10240, 96, 98
2026/08/05 01:24:14.354, 0, NVIDIA GeForce RTX 3080, 6215, 3837, 10240, 96, 98
2026/08/05 01:24:14.463, 0, NVIDIA GeForce RTX 3080, 6215, 3837, 10240, 96, 98
2026/08/05 01:24:14.573, 0, NVIDIA GeForce RTX 3080, 6215, 3837, 10240, 96, 98
2026/08/05 01:24:14.681, 0, NVIDIA GeForce RTX 3080, 6215, 3837, 10240, 96, 98
2026/08/05 01:24:14.791, 0, NVIDIA GeForce RTX 3080, 6215, 3837, 10240, 96, 98
2026/08/05 01:24:14.900, 0, NVIDIA GeForce RTX 3080, 6215, 3837, 10240, 96, 98
2026/08/05 01:24:15.009, 0, NVIDIA GeForce RTX 3080, 6215, 3837, 10240, 96, 98
2026/08/05 01:24:15.119, 0, NVIDIA GeForce RTX 3080, 6215, 3837, 10240, 96, 98
2026/08/05 01:24:15.228, 0, NVIDIA GeForce RTX 3080, 6215, 3837, 10240, 96, 98
2026/08/05 01:24:15.336, 0, NVIDIA GeForce RTX 3080, 6215, 3837, 10240, 96, 97
2026/08/05 01:24:15.445, 0, NVIDIA GeForce RTX 3080, 6215, 3837, 10240, 96, 97
2026/08/05 01:24:15.555, 0, NVIDIA GeForce RTX 3080, 6215, 3837, 10240, 96, 97
2026/08/05 01:24:15.664, 0, NVIDIA GeForce RTX 3080, 6215, 3837, 10240, 96, 97
2026/08/05 01:24:15.773, 0, NVIDIA GeForce RTX 3080, 6215, 3837, 10240, 97, 98
2026/08/05 01:24:15.882, 0, NVIDIA GeForce RTX 3080, 6215, 3837, 10240, 97, 98
2026/08/05 01:24:15.990, 0, NVIDIA GeForce RTX 3080, 6215, 3837, 10240, 97, 98
2026/08/05 01:24:16.100, 0, NVIDIA GeForce RTX 3080, 6215, 3837, 10240, 97, 98
2026/08/05 01:24:16.209, 0, NVIDIA GeForce RTX 3080, 6215, 3837, 10240, 97, 98
2026/08/05 01:24:16.319, 0, NVIDIA GeForce RTX 3080, 6215, 3837, 10240, 96, 97
2026/08/05 01:24:16.428, 0, NVIDIA GeForce RTX 3080, 6215, 3837, 10240, 96, 97
2026/08/05 01:24:16.537, 0, NVIDIA GeForce RTX 3080, 6215, 3837, 10240, 96, 97
2026/08/05 01:24:16.646, 0, NVIDIA GeForce RTX 3080, 6215, 3837, 10240, 96, 97
2026/08/05 01:24:16.756, 0, NVIDIA GeForce RTX 3080, 6215, 3837, 10240, 96, 97
2026/08/05 01:24:16.864, 0, NVIDIA GeForce RTX 3080, 6215, 3837, 10240, 96, 97
2026/08/05 01:24:16.974, 0, NVIDIA GeForce RTX 3080, 6215, 3837, 10240, 96, 97
2026/08/05 01:24:17.082, 0, NVIDIA GeForce RTX 3080, 6215, 3837, 10240, 96, 97
2026/08/05 01:24:17.192, 0, NVIDIA GeForce RTX 3080, 6215, 3837, 10240, 96, 97
2026/08/05 01:24:17.301, 0, NVIDIA GeForce RTX 3080, 6215, 3837, 10240, 97, 97
2026/08/05 01:24:17.410, 0, NVIDIA GeForce RTX 3080, 6215, 3837, 10240, 97, 97
2026/08/05 01:24:17.520, 0, NVIDIA GeForce RTX 3080, 6215, 3837, 10240, 97, 97
2026/08/05 01:24:17.629, 0, NVIDIA GeForce RTX 3080, 6215, 3837, 10240, 97, 97
2026/08/05 01:24:17.738, 0, NVIDIA GeForce RTX 3080, 6215, 3837, 10240, 97, 98
2026/08/05 01:24:17.848, 0, NVIDIA GeForce RTX 3080, 6215, 3837, 10240, 97, 98
2026/08/05 01:24:17.957, 0, NVIDIA GeForce RTX 3080, 6215, 3837, 10240, 97, 98
2026/08/05 01:24:18.066, 0, NVIDIA GeForce RTX 3080, 6215, 3837, 10240, 97, 98
2026/08/05 01:24:18.176, 0, NVIDIA GeForce RTX 3080, 6215, 3837, 10240, 97, 98
2026/08/05 01:24:18.285, 0, NVIDIA GeForce RTX 3080, 6215, 3837, 10240, 97, 98
2026/08/05 01:24:18.394, 0, NVIDIA GeForce RTX 3080, 6215, 3837, 10240, 97, 98
2026/08/05 01:24:18.503, 0, NVIDIA GeForce RTX 3080, 6215, 3837, 10240, 97, 98
2026/08/05 01:24:18.612, 0, NVIDIA GeForce RTX 3080, 6215, 3837, 10240, 97, 98
2026/08/05 01:24:18.722, 0, NVIDIA GeForce RTX 3080, 6215, 3837, 10240, 97, 98
2026/08/05 01:24:18.831, 0, NVIDIA GeForce RTX 3080, 6215, 3837, 10240, 96, 98
2026/08/05 01:24:18.940, 0, NVIDIA GeForce RTX 3080, 6215, 3837, 10240, 96, 98
2026/08/05 01:24:19.048, 0, NVIDIA GeForce RTX 3080, 6215, 3837, 10240, 96, 98
2026/08/05 01:24:19.158, 0, NVIDIA GeForce RTX 3080, 6215, 3837, 10240, 96, 98
2026/08/05 01:24:19.266, 0, NVIDIA GeForce RTX 3080, 6215, 3837, 10240, 96, 97
2026/08/05 01:24:19.376, 0, NVIDIA GeForce RTX 3080, 6215, 3837, 10240, 96, 97
2026/08/05 01:24:19.485, 0, NVIDIA GeForce RTX 3080, 6215, 3837, 10240, 96, 97
2026/08/05 01:24:19.593, 0, NVIDIA GeForce RTX 3080, 6215, 3837, 10240, 96, 97
2026/08/05 01:24:19.703, 0, NVIDIA GeForce RTX 3080, 6215, 3837, 10240, 96, 97
2026/08/05 01:24:19.811, 0, NVIDIA GeForce RTX 3080, 6215, 3837, 10240, 96, 97
2026/08/05 01:24:19.921, 0, NVIDIA GeForce RTX 3080, 6215, 3837, 10240, 96, 97
2026/08/05 01:24:20.031, 0, NVIDIA GeForce RTX 3080, 6215, 3837, 10240, 96, 97
2026/08/05 01:24:20.139, 0, NVIDIA GeForce RTX 3080, 6215, 3837, 10240, 96, 97
2026/08/05 01:24:20.248, 0, NVIDIA GeForce RTX 3080, 6215, 3837, 10240, 96, 97
2026/08/05 01:24:20.358, 0, NVIDIA GeForce RTX 3080, 6215, 3837, 10240, 96, 97
2026/08/05 01:24:20.466, 0, NVIDIA GeForce RTX 3080, 6215, 3837, 10240, 96, 97
2026/08/05 01:24:20.576, 0, NVIDIA GeForce RTX 3080, 6215, 3837, 10240, 96, 97
2026/08/05 01:24:20.686, 0, NVIDIA GeForce RTX 3080, 6215, 3837, 10240, 96, 97
2026/08/05 01:24:20.794, 0, NVIDIA GeForce RTX 3080, 6215, 3837, 10240, 97, 98
2026/08/05 01:24:20.904, 0, NVIDIA GeForce RTX 3080, 6215, 3837, 10240, 97, 98
2026/08/05 01:24:21.013, 0, NVIDIA GeForce RTX 3080, 6215, 3837, 10240, 97, 98
2026/08/05 01:24:21.122, 0, NVIDIA GeForce RTX 3080, 6215, 3837, 10240, 97, 98
2026/08/05 01:24:21.231, 0, NVIDIA GeForce RTX 3080, 6215, 3837, 10240, 97, 98
2026/08/05 01:24:21.339, 0, NVIDIA GeForce RTX 3080, 6215, 3837, 10240, 97, 98
2026/08/05 01:24:21.448, 0, NVIDIA GeForce RTX 3080, 6215, 3837, 10240, 97, 98
2026/08/05 01:24:21.558, 0, NVIDIA GeForce RTX 3080, 6215, 3837, 10240, 97, 98
2026/08/05 01:24:21.666, 0, NVIDIA GeForce RTX 3080, 6215, 3837, 10240, 97, 98
2026/08/05 01:24:21.776, 0, NVIDIA GeForce RTX 3080, 6215, 3837, 10240, 97, 97
2026/08/05 01:24:21.886, 0, NVIDIA GeForce RTX 3080, 6215, 3837, 10240, 97, 97
2026/08/05 01:24:21.994, 0, NVIDIA GeForce RTX 3080, 6215, 3837, 10240, 97, 97
2026/08/05 01:24:22.104, 0, NVIDIA GeForce RTX 3080, 6215, 3837, 10240, 97, 97
2026/08/05 01:24:22.213, 0, NVIDIA GeForce RTX 3080, 6215, 3837, 10240, 97, 97
2026/08/05 01:24:22.322, 0, NVIDIA GeForce RTX 3080, 6215, 3837, 10240, 97, 98
2026/08/05 01:24:22.431, 0, NVIDIA GeForce RTX 3080, 6215, 3837, 10240, 97, 98
2026/08/05 01:24:22.539, 0, NVIDIA GeForce RTX 3080, 6215, 3837, 10240, 97, 98
2026/08/05 01:24:22.649, 0, NVIDIA GeForce RTX 3080, 6215, 3837, 10240, 97, 98
2026/08/05 01:24:22.759, 0, NVIDIA GeForce RTX 3080, 6215, 3837, 10240, 97, 98
2026/08/05 01:24:22.868, 0, NVIDIA GeForce RTX 3080, 6215, 3837, 10240, 97, 98
2026/08/05 01:24:22.977, 0, NVIDIA GeForce RTX 3080, 6215, 3837, 10240, 97, 98
2026/08/05 01:24:23.086, 0, NVIDIA GeForce RTX 3080, 6215, 3837, 10240, 97, 98
2026/08/05 01:24:23.195, 0, NVIDIA GeForce RTX 3080, 6215, 3837, 10240, 97, 98
2026/08/05 01:24:23.304, 0, NVIDIA GeForce RTX 3080, 6215, 3837, 10240, 97, 97
2026/08/05 01:24:23.414, 0, NVIDIA GeForce RTX 3080, 6215, 3837, 10240, 97, 97
2026/08/05 01:24:23.523, 0, NVIDIA GeForce RTX 3080, 6215, 3837, 10240, 97, 97
2026/08/05 01:24:23.632, 0, NVIDIA GeForce RTX 3080, 6215, 3837, 10240, 97, 97
2026/08/05 01:24:23.741, 0, NVIDIA GeForce RTX 3080, 6215, 3837, 10240, 97, 97
2026/08/05 01:24:23.851, 0, NVIDIA GeForce RTX 3080, 6215, 3837, 10240, 97, 97
2026/08/05 01:24:23.960, 0, NVIDIA GeForce RTX 3080, 6215, 3837, 10240, 97, 97
2026/08/05 01:24:24.069, 0, NVIDIA GeForce RTX 3080, 6215, 3837, 10240, 97, 97
2026/08/05 01:24:24.179, 0, NVIDIA GeForce RTX 3080, 6215, 3837, 10240, 97, 97
2026/08/05 01:24:24.287, 0, NVIDIA GeForce RTX 3080, 6215, 3837, 10240, 97, 97
2026/08/05 01:24:24.396, 0, NVIDIA GeForce RTX 3080, 6215, 3837, 10240, 97, 97
2026/08/05 01:24:24.505, 0, NVIDIA GeForce RTX 3080, 6215, 3837, 10240, 97, 97
2026/08/05 01:24:24.615, 0, NVIDIA GeForce RTX 3080, 6215, 3837, 10240, 97, 97
2026/08/05 01:24:24.724, 0, NVIDIA GeForce RTX 3080, 6215, 3837, 10240, 97, 97
2026/08/05 01:24:24.833, 0, NVIDIA GeForce RTX 3080, 6215, 3837, 10240, 97, 98
2026/08/05 01:24:24.942, 0, NVIDIA GeForce RTX 3080, 6215, 3837, 10240, 97, 98
2026/08/05 01:24:25.051, 0, NVIDIA GeForce RTX 3080, 6215, 3837, 10240, 97, 98
2026/08/05 01:24:25.160, 0, NVIDIA GeForce RTX 3080, 6215, 3837, 10240, 97, 98
2026/08/05 01:24:25.269, 0, NVIDIA GeForce RTX 3080, 6215, 3837, 10240, 97, 98
2026/08/05 01:24:25.379, 0, NVIDIA GeForce RTX 3080, 6215, 3837, 10240, 97, 98
2026/08/05 01:24:25.489, 0, NVIDIA GeForce RTX 3080, 6215, 3837, 10240, 97, 98
2026/08/05 01:24:25.597, 0, NVIDIA GeForce RTX 3080, 6215, 3837, 10240, 97, 98
2026/08/05 01:24:25.707, 0, NVIDIA GeForce RTX 3080, 6215, 3837, 10240, 97, 98
2026/08/05 01:24:25.816, 0, NVIDIA GeForce RTX 3080, 6215, 3837, 10240, 97, 98
2026/08/05 01:24:25.924, 0, NVIDIA GeForce RTX 3080, 6215, 3837, 10240, 97, 98
2026/08/05 01:24:26.034, 0, NVIDIA GeForce RTX 3080, 6215, 3837, 10240, 97, 98
2026/08/05 01:24:26.144, 0, NVIDIA GeForce RTX 3080, 6215, 3837, 10240, 97, 98
2026/08/05 01:24:26.253, 0, NVIDIA GeForce RTX 3080, 6215, 3837, 10240, 97, 98
2026/08/05 01:24:26.362, 0, NVIDIA GeForce RTX 3080, 6215, 3837, 10240, 97, 98
2026/08/05 01:24:26.471, 0, NVIDIA GeForce RTX 3080, 6215, 3837, 10240, 97, 98
2026/08/05 01:24:26.580, 0, NVIDIA GeForce RTX 3080, 6215, 3837, 10240, 97, 98
2026/08/05 01:24:26.690, 0, NVIDIA GeForce RTX 3080, 6215, 3837, 10240, 97, 98
2026/08/05 01:24:26.799, 0, NVIDIA GeForce RTX 3080, 6215, 3837, 10240, 97, 98
2026/08/05 01:24:26.908, 0, NVIDIA GeForce RTX 3080, 6215, 3837, 10240, 97, 98
2026/08/05 01:24:27.017, 0, NVIDIA GeForce RTX 3080, 6215, 3837, 10240, 97, 98
2026/08/05 01:24:27.126, 0, NVIDIA GeForce RTX 3080, 6215, 3837, 10240, 97, 98
2026/08/05 01:24:27.235, 0, NVIDIA GeForce RTX 3080, 6215, 3837, 10240, 97, 98
2026/08/05 01:24:27.344, 0, NVIDIA GeForce RTX 3080, 6215, 3837, 10240, 97, 98
2026/08/05 01:24:27.453, 0, NVIDIA GeForce RTX 3080, 6215, 3837, 10240, 97, 98
2026/08/05 01:24:27.562, 0, NVIDIA GeForce RTX 3080, 6215, 3837, 10240, 97, 98
2026/08/05 01:24:27.671, 0, NVIDIA GeForce RTX 3080, 6215, 3837, 10240, 97, 98
2026/08/05 01:24:27.781, 0, NVIDIA GeForce RTX 3080, 6215, 3837, 10240, 97, 98
2026/08/05 01:24:27.891, 0, NVIDIA GeForce RTX 3080, 6215, 3837, 10240, 97, 98
2026/08/05 01:24:27.998, 0, NVIDIA GeForce RTX 3080, 6215, 3837, 10240, 97, 98
2026/08/05 01:24:28.107, 0, NVIDIA GeForce RTX 3080, 6215, 3837, 10240, 97, 98
2026/08/05 01:24:28.217, 0, NVIDIA GeForce RTX 3080, 6215, 3837, 10240, 97, 98
2026/08/05 01:24:28.325, 0, NVIDIA GeForce RTX 3080, 6215, 3837, 10240, 97, 98
2026/08/05 01:24:28.435, 0, NVIDIA GeForce RTX 3080, 6215, 3837, 10240, 97, 98
2026/08/05 01:24:28.544, 0, NVIDIA GeForce RTX 3080, 6215, 3837, 10240, 97, 98
2026/08/05 01:24:28.653, 0, NVIDIA GeForce RTX 3080, 6215, 3837, 10240, 97, 98
2026/08/05 01:24:28.763, 0, NVIDIA GeForce RTX 3080, 6215, 3837, 10240, 97, 98
2026/08/05 01:24:28.872, 0, NVIDIA GeForce RTX 3080, 6215, 3837, 10240, 97, 98
2026/08/05 01:24:28.981, 0, NVIDIA GeForce RTX 3080, 6215, 3837, 10240, 97, 98
2026/08/05 01:24:29.090, 0, NVIDIA GeForce RTX 3080, 6215, 3837, 10240, 97, 98
2026/08/05 01:24:29.199, 0, NVIDIA GeForce RTX 3080, 6215, 3837, 10240, 97, 98
2026/08/05 01:24:29.308, 0, NVIDIA GeForce RTX 3080, 6215, 3837, 10240, 98, 97
2026/08/05 01:24:29.418, 0, NVIDIA GeForce RTX 3080, 6215, 3837, 10240, 98, 97
2026/08/05 01:24:29.526, 0, NVIDIA GeForce RTX 3080, 6215, 3837, 10240, 98, 97
2026/08/05 01:24:29.636, 0, NVIDIA GeForce RTX 3080, 6215, 3837, 10240, 98, 97
2026/08/05 01:24:29.745, 0, NVIDIA GeForce RTX 3080, 6215, 3837, 10240, 98, 98
2026/08/05 01:24:29.853, 0, NVIDIA GeForce RTX 3080, 6215, 3837, 10240, 98, 98
2026/08/05 01:24:29.962, 0, NVIDIA GeForce RTX 3080, 6215, 3837, 10240, 98, 98
2026/08/05 01:24:30.070, 0, NVIDIA GeForce RTX 3080, 6215, 3837, 10240, 98, 98
2026/08/05 01:24:30.179, 0, NVIDIA GeForce RTX 3080, 6215, 3837, 10240, 98, 98
2026/08/05 01:24:30.289, 0, NVIDIA GeForce RTX 3080, 6215, 3837, 10240, 98, 98
2026/08/05 01:24:30.397, 0, NVIDIA GeForce RTX 3080, 6215, 3837, 10240, 98, 98
2026/08/05 01:24:30.507, 0, NVIDIA GeForce RTX 3080, 6215, 3837, 10240, 98, 98
2026/08/05 01:24:30.617, 0, NVIDIA GeForce RTX 3080, 6215, 3837, 10240, 98, 98
2026/08/05 01:24:30.725, 0, NVIDIA GeForce RTX 3080, 6215, 3837, 10240, 98, 98
2026/08/05 01:24:30.835, 0, NVIDIA GeForce RTX 3080, 6215, 3837, 10240, 98, 97
2026/08/05 01:24:30.945, 0, NVIDIA GeForce RTX 3080, 6215, 3837, 10240, 98, 97
2026/08/05 01:24:31.054, 0, NVIDIA GeForce RTX 3080, 6215, 3837, 10240, 98, 97
2026/08/05 01:24:31.162, 0, NVIDIA GeForce RTX 3080, 6215, 3837, 10240, 98, 97
2026/08/05 01:24:31.271, 0, NVIDIA GeForce RTX 3080, 6215, 3837, 10240, 98, 98
2026/08/05 01:24:31.381, 0, NVIDIA GeForce RTX 3080, 6215, 3837, 10240, 98, 98
2026/08/05 01:24:31.490, 0, NVIDIA GeForce RTX 3080, 6215, 3837, 10240, 98, 98
2026/08/05 01:24:31.599, 0, NVIDIA GeForce RTX 3080, 6215, 3837, 10240, 98, 98
2026/08/05 01:24:31.708, 0, NVIDIA GeForce RTX 3080, 6215, 3837, 10240, 98, 98
2026/08/05 01:24:31.818, 0, NVIDIA GeForce RTX 3080, 6215, 3837, 10240, 98, 97
2026/08/05 01:24:31.927, 0, NVIDIA GeForce RTX 3080, 6215, 3837, 10240, 98, 97
2026/08/05 01:24:32.036, 0, NVIDIA GeForce RTX 3080, 6215, 3837, 10240, 98, 97
2026/08/05 01:24:32.146, 0, NVIDIA GeForce RTX 3080, 6215, 3837, 10240, 98, 97
2026/08/05 01:24:32.255, 0, NVIDIA GeForce RTX 3080, 6215, 3837, 10240, 98, 97
2026/08/05 01:24:32.365, 0, NVIDIA GeForce RTX 3080, 6215, 3837, 10240, 98, 97
2026/08/05 01:24:32.475, 0, NVIDIA GeForce RTX 3080, 6215, 3837, 10240, 98, 97
2026/08/05 01:24:32.583, 0, NVIDIA GeForce RTX 3080, 6215, 3837, 10240, 98, 97
2026/08/05 01:24:32.692, 0, NVIDIA GeForce RTX 3080, 6215, 3837, 10240, 98, 97
2026/08/05 01:24:32.801, 0, NVIDIA GeForce RTX 3080, 6215, 3837, 10240, 96, 97
2026/08/05 01:24:32.910, 0, NVIDIA GeForce RTX 3080, 6215, 3837, 10240, 96, 97
2026/08/05 01:24:33.020, 0, NVIDIA GeForce RTX 3080, 6215, 3837, 10240, 96, 97
2026/08/05 01:24:33.129, 0, NVIDIA GeForce RTX 3080, 6215, 3837, 10240, 96, 97
2026/08/05 01:24:33.238, 0, NVIDIA GeForce RTX 3080, 6215, 3837, 10240, 96, 98
2026/08/05 01:24:33.348, 0, NVIDIA GeForce RTX 3080, 6215, 3837, 10240, 96, 98
2026/08/05 01:24:33.457, 0, NVIDIA GeForce RTX 3080, 6215, 3837, 10240, 96, 98
2026/08/05 01:24:33.566, 0, NVIDIA GeForce RTX 3080, 6215, 3837, 10240, 96, 98
2026/08/05 01:24:33.676, 0, NVIDIA GeForce RTX 3080, 6215, 3837, 10240, 96, 98
2026/08/05 01:24:33.785, 0, NVIDIA GeForce RTX 3080, 6215, 3837, 10240, 96, 97
2026/08/05 01:24:33.893, 0, NVIDIA GeForce RTX 3080, 6215, 3837, 10240, 96, 97
2026/08/05 01:24:34.002, 0, NVIDIA GeForce RTX 3080, 6215, 3837, 10240, 96, 97
2026/08/05 01:24:34.111, 0, NVIDIA GeForce RTX 3080, 6215, 3837, 10240, 96, 97
2026/08/05 01:24:34.221, 0, NVIDIA GeForce RTX 3080, 6215, 3837, 10240, 96, 97
2026/08/05 01:24:34.330, 0, NVIDIA GeForce RTX 3080, 6215, 3837, 10240, 96, 97
2026/08/05 01:24:34.438, 0, NVIDIA GeForce RTX 3080, 6215, 3837, 10240, 96, 97
2026/08/05 01:24:34.548, 0, NVIDIA GeForce RTX 3080, 6215, 3837, 10240, 96, 97
2026/08/05 01:24:34.657, 0, NVIDIA GeForce RTX 3080, 6215, 3837, 10240, 96, 97
2026/08/05 01:24:34.766, 0, NVIDIA GeForce RTX 3080, 6215, 3837, 10240, 96, 98
2026/08/05 01:24:34.876, 0, NVIDIA GeForce RTX 3080, 6215, 3837, 10240, 96, 98
2026/08/05 01:24:34.985, 0, NVIDIA GeForce RTX 3080, 6215, 3837, 10240, 96, 98
2026/08/05 01:24:35.093, 0, NVIDIA GeForce RTX 3080, 6215, 3837, 10240, 96, 98
2026/08/05 01:24:35.202, 0, NVIDIA GeForce RTX 3080, 6215, 3837, 10240, 96, 98
2026/08/05 01:24:35.311, 0, NVIDIA GeForce RTX 3080, 6215, 3837, 10240, 96, 97
2026/08/05 01:24:35.421, 0, NVIDIA GeForce RTX 3080, 6215, 3837, 10240, 96, 97
2026/08/05 01:24:35.530, 0, NVIDIA GeForce RTX 3080, 6215, 3837, 10240, 96, 97
2026/08/05 01:24:35.639, 0, NVIDIA GeForce RTX 3080, 6215, 3837, 10240, 96, 97
2026/08/05 01:24:35.748, 0, NVIDIA GeForce RTX 3080, 6215, 3837, 10240, 96, 98
2026/08/05 01:24:35.857, 0, NVIDIA GeForce RTX 3080, 6215, 3837, 10240, 96, 98
2026/08/05 01:24:35.966, 0, NVIDIA GeForce RTX 3080, 6215, 3837, 10240, 96, 98
2026/08/05 01:24:36.076, 0, NVIDIA GeForce RTX 3080, 6215, 3837, 10240, 96, 98
2026/08/05 01:24:36.185, 0, NVIDIA GeForce RTX 3080, 6215, 3837, 10240, 96, 98
2026/08/05 01:24:36.293, 0, NVIDIA GeForce RTX 3080, 6215, 3837, 10240, 96, 97
2026/08/05 01:24:36.402, 0, NVIDIA GeForce RTX 3080, 6215, 3837, 10240, 96, 97
2026/08/05 01:24:36.512, 0, NVIDIA GeForce RTX 3080, 6215, 3837, 10240, 96, 97
2026/08/05 01:24:36.620, 0, NVIDIA GeForce RTX 3080, 6215, 3837, 10240, 96, 97
2026/08/05 01:24:36.729, 0, NVIDIA GeForce RTX 3080, 6215, 3837, 10240, 96, 97
2026/08/05 01:24:36.839, 0, NVIDIA GeForce RTX 3080, 6215, 3837, 10240, 96, 97
2026/08/05 01:24:36.947, 0, NVIDIA GeForce RTX 3080, 6215, 3837, 10240, 96, 97
2026/08/05 01:24:37.056, 0, NVIDIA GeForce RTX 3080, 6215, 3837, 10240, 96, 97
2026/08/05 01:24:37.165, 0, NVIDIA GeForce RTX 3080, 6215, 3837, 10240, 96, 97
2026/08/05 01:24:37.275, 0, NVIDIA GeForce RTX 3080, 6215, 3837, 10240, 96, 97
2026/08/05 01:24:37.384, 0, NVIDIA GeForce RTX 3080, 6215, 3837, 10240, 96, 97
2026/08/05 01:24:37.493, 0, NVIDIA GeForce RTX 3080, 6215, 3837, 10240, 96, 97
2026/08/05 01:24:37.602, 0, NVIDIA GeForce RTX 3080, 6215, 3837, 10240, 96, 97
2026/08/05 01:24:37.711, 0, NVIDIA GeForce RTX 3080, 6215, 3837, 10240, 96, 97
2026/08/05 01:24:37.821, 0, NVIDIA GeForce RTX 3080, 6215, 3837, 10240, 96, 98
2026/08/05 01:24:37.930, 0, NVIDIA GeForce RTX 3080, 6215, 3837, 10240, 96, 98
2026/08/05 01:24:38.039, 0, NVIDIA GeForce RTX 3080, 6215, 3837, 10240, 96, 98
2026/08/05 01:24:38.148, 0, NVIDIA GeForce RTX 3080, 6215, 3837, 10240, 96, 98
2026/08/05 01:24:38.257, 0, NVIDIA GeForce RTX 3080, 6215, 3837, 10240, 96, 97
2026/08/05 01:24:38.366, 0, NVIDIA GeForce RTX 3080, 6215, 3837, 10240, 96, 97
2026/08/05 01:24:38.476, 0, NVIDIA GeForce RTX 3080, 6215, 3837, 10240, 96, 97
2026/08/05 01:24:38.585, 0, NVIDIA GeForce RTX 3080, 6215, 3837, 10240, 96, 97
2026/08/05 01:24:38.693, 0, NVIDIA GeForce RTX 3080, 6215, 3837, 10240, 96, 97
2026/08/05 01:24:38.802, 0, NVIDIA GeForce RTX 3080, 6215, 3837, 10240, 96, 97
2026/08/05 01:24:38.912, 0, NVIDIA GeForce RTX 3080, 6215, 3837, 10240, 96, 97
2026/08/05 01:24:39.020, 0, NVIDIA GeForce RTX 3080, 6215, 3837, 10240, 96, 97
2026/08/05 01:24:39.129, 0, NVIDIA GeForce RTX 3080, 6215, 3837, 10240, 96, 97
2026/08/05 01:24:39.239, 0, NVIDIA GeForce RTX 3080, 6215, 3837, 10240, 96, 97
2026/08/05 01:24:39.347, 0, NVIDIA GeForce RTX 3080, 6215, 3837, 10240, 96, 97
2026/08/05 01:24:39.456, 0, NVIDIA GeForce RTX 3080, 6215, 3837, 10240, 96, 97
2026/08/05 01:24:39.565, 0, NVIDIA GeForce RTX 3080, 6215, 3837, 10240, 96, 97
2026/08/05 01:24:39.675, 0, NVIDIA GeForce RTX 3080, 6215, 3837, 10240, 96, 97
2026/08/05 01:24:39.784, 0, NVIDIA GeForce RTX 3080, 6215, 3837, 10240, 96, 98
2026/08/05 01:24:39.893, 0, NVIDIA GeForce RTX 3080, 6215, 3837, 10240, 96, 98
2026/08/05 01:24:40.002, 0, NVIDIA GeForce RTX 3080, 6215, 3837, 10240, 96, 98
2026/08/05 01:24:40.112, 0, NVIDIA GeForce RTX 3080, 6215, 3837, 10240, 96, 98
2026/08/05 01:24:40.221, 0, NVIDIA GeForce RTX 3080, 6215, 3837, 10240, 96, 98
2026/08/05 01:24:40.330, 0, NVIDIA GeForce RTX 3080, 6215, 3837, 10240, 96, 98
2026/08/05 01:24:40.440, 0, NVIDIA GeForce RTX 3080, 6215, 3837, 10240, 96, 98
2026/08/05 01:24:40.549, 0, NVIDIA GeForce RTX 3080, 6215, 3837, 10240, 96, 98
2026/08/05 01:24:40.658, 0, NVIDIA GeForce RTX 3080, 6215, 3837, 10240, 96, 98
2026/08/05 01:24:40.767, 0, NVIDIA GeForce RTX 3080, 6215, 3837, 10240, 96, 97
2026/08/05 01:24:40.877, 0, NVIDIA GeForce RTX 3080, 6215, 3837, 10240, 96, 97
2026/08/05 01:24:40.986, 0, NVIDIA GeForce RTX 3080, 6215, 3837, 10240, 96, 97
2026/08/05 01:24:41.095, 0, NVIDIA GeForce RTX 3080, 6215, 3837, 10240, 96, 97
2026/08/05 01:24:41.204, 0, NVIDIA GeForce RTX 3080, 6215, 3837, 10240, 96, 97
2026/08/05 01:24:41.313, 0, NVIDIA GeForce RTX 3080, 6215, 3837, 10240, 96, 98
2026/08/05 01:24:41.422, 0, NVIDIA GeForce RTX 3080, 6215, 3837, 10240, 96, 98
2026/08/05 01:24:41.531, 0, NVIDIA GeForce RTX 3080, 6215, 3837, 10240, 96, 98
2026/08/05 01:24:41.640, 0, NVIDIA GeForce RTX 3080, 6215, 3837, 10240, 96, 98
2026/08/05 01:24:41.750, 0, NVIDIA GeForce RTX 3080, 6215, 3837, 10240, 96, 98
2026/08/05 01:24:41.859, 0, NVIDIA GeForce RTX 3080, 6215, 3837, 10240, 96, 98
2026/08/05 01:24:41.969, 0, NVIDIA GeForce RTX 3080, 6215, 3837, 10240, 96, 98
2026/08/05 01:24:42.077, 0, NVIDIA GeForce RTX 3080, 6215, 3837, 10240, 96, 98
2026/08/05 01:24:42.186, 0, NVIDIA GeForce RTX 3080, 6215, 3837, 10240, 96, 98
2026/08/05 01:24:42.295, 0, NVIDIA GeForce RTX 3080, 6215, 3837, 10240, 97, 97
2026/08/05 01:24:42.405, 0, NVIDIA GeForce RTX 3080, 6215, 3837, 10240, 97, 97
2026/08/05 01:24:42.514, 0, NVIDIA GeForce RTX 3080, 6215, 3837, 10240, 97, 97
2026/08/05 01:24:42.623, 0, NVIDIA GeForce RTX 3080, 6215, 3837, 10240, 97, 97
2026/08/05 01:24:42.732, 0, NVIDIA GeForce RTX 3080, 6215, 3837, 10240, 97, 97
2026/08/05 01:24:42.841, 0, NVIDIA GeForce RTX 3080, 6215, 3837, 10240, 97, 97
2026/08/05 01:24:42.951, 0, NVIDIA GeForce RTX 3080, 6215, 3837, 10240, 97, 97
2026/08/05 01:24:43.060, 0, NVIDIA GeForce RTX 3080, 6215, 3837, 10240, 97, 97
2026/08/05 01:24:43.169, 0, NVIDIA GeForce RTX 3080, 6215, 3837, 10240, 97, 97
2026/08/05 01:24:43.279, 0, NVIDIA GeForce RTX 3080, 6215, 3837, 10240, 97, 97
2026/08/05 01:24:43.388, 0, NVIDIA GeForce RTX 3080, 6215, 3837, 10240, 97, 97
2026/08/05 01:24:43.497, 0, NVIDIA GeForce RTX 3080, 6215, 3837, 10240, 97, 97
2026/08/05 01:24:43.607, 0, NVIDIA GeForce RTX 3080, 6215, 3837, 10240, 97, 97
2026/08/05 01:24:43.715, 0, NVIDIA GeForce RTX 3080, 6215, 3837, 10240, 97, 97
2026/08/05 01:24:43.824, 0, NVIDIA GeForce RTX 3080, 6215, 3837, 10240, 96, 97
2026/08/05 01:24:43.934, 0, NVIDIA GeForce RTX 3080, 6215, 3837, 10240, 96, 97
2026/08/05 01:24:44.042, 0, NVIDIA GeForce RTX 3080, 6215, 3837, 10240, 96, 97
2026/08/05 01:24:44.152, 0, NVIDIA GeForce RTX 3080, 6215, 3837, 10240, 96, 97
2026/08/05 01:24:44.261, 0, NVIDIA GeForce RTX 3080, 6215, 3837, 10240, 97, 98
2026/08/05 01:24:44.369, 0, NVIDIA GeForce RTX 3080, 6215, 3837, 10240, 97, 98
2026/08/05 01:24:44.479, 0, NVIDIA GeForce RTX 3080, 6215, 3837, 10240, 97, 98
2026/08/05 01:24:44.588, 0, NVIDIA GeForce RTX 3080, 6215, 3837, 10240, 97, 98
2026/08/05 01:24:44.697, 0, NVIDIA GeForce RTX 3080, 6215, 3837, 10240, 97, 98
2026/08/05 01:24:44.807, 0, NVIDIA GeForce RTX 3080, 6215, 3837, 10240, 97, 97
2026/08/05 01:24:44.915, 0, NVIDIA GeForce RTX 3080, 6215, 3837, 10240, 97, 97
2026/08/05 01:24:45.025, 0, NVIDIA GeForce RTX 3080, 6215, 3837, 10240, 97, 97
2026/08/05 01:24:45.135, 0, NVIDIA GeForce RTX 3080, 6215, 3837, 10240, 97, 97
2026/08/05 01:24:45.243, 0, NVIDIA GeForce RTX 3080, 6215, 3837, 10240, 94, 96
2026/08/05 01:24:45.353, 0, NVIDIA GeForce RTX 3080, 6215, 3837, 10240, 94, 96
2026/08/05 01:24:45.461, 0, NVIDIA GeForce RTX 3080, 6215, 3837, 10240, 94, 96
2026/08/05 01:24:45.570, 0, NVIDIA GeForce RTX 3080, 6215, 3837, 10240, 94, 96
2026/08/05 01:24:45.680, 0, NVIDIA GeForce RTX 3080, 6215, 3837, 10240, 94, 96
2026/08/05 01:24:45.789, 0, NVIDIA GeForce RTX 3080, 6215, 3837, 10240, 96, 98
2026/08/05 01:24:45.899, 0, NVIDIA GeForce RTX 3080, 6215, 3837, 10240, 96, 98
2026/08/05 01:24:46.008, 0, NVIDIA GeForce RTX 3080, 6215, 3837, 10240, 96, 98
2026/08/05 01:24:46.117, 0, NVIDIA GeForce RTX 3080, 6215, 3837, 10240, 96, 98
2026/08/05 01:24:46.226, 0, NVIDIA GeForce RTX 3080, 6215, 3837, 10240, 96, 98
2026/08/05 01:24:46.336, 0, NVIDIA GeForce RTX 3080, 6215, 3837, 10240, 96, 98
2026/08/05 01:24:46.445, 0, NVIDIA GeForce RTX 3080, 6215, 3837, 10240, 96, 98
2026/08/05 01:24:46.554, 0, NVIDIA GeForce RTX 3080, 6215, 3837, 10240, 96, 98
2026/08/05 01:24:46.664, 0, NVIDIA GeForce RTX 3080, 6215, 3837, 10240, 96, 98
2026/08/05 01:24:46.772, 0, NVIDIA GeForce RTX 3080, 6215, 3837, 10240, 96, 97
2026/08/05 01:24:46.882, 0, NVIDIA GeForce RTX 3080, 6215, 3837, 10240, 96, 97
2026/08/05 01:24:46.991, 0, NVIDIA GeForce RTX 3080, 6215, 3837, 10240, 96, 97
2026/08/05 01:24:47.100, 0, NVIDIA GeForce RTX 3080, 6215, 3837, 10240, 96, 97
2026/08/05 01:24:47.210, 0, NVIDIA GeForce RTX 3080, 6215, 3837, 10240, 96, 97
2026/08/05 01:24:47.318, 0, NVIDIA GeForce RTX 3080, 6215, 3837, 10240, 97, 97
2026/08/05 01:24:47.428, 0, NVIDIA GeForce RTX 3080, 6215, 3837, 10240, 97, 97
2026/08/05 01:24:47.537, 0, NVIDIA GeForce RTX 3080, 6215, 3837, 10240, 97, 97
2026/08/05 01:24:47.646, 0, NVIDIA GeForce RTX 3080, 6215, 3837, 10240, 97, 97
2026/08/05 01:24:47.756, 0, NVIDIA GeForce RTX 3080, 6215, 3837, 10240, 97, 98
2026/08/05 01:24:47.865, 0, NVIDIA GeForce RTX 3080, 6215, 3837, 10240, 97, 98
2026/08/05 01:24:47.974, 0, NVIDIA GeForce RTX 3080, 6215, 3837, 10240, 97, 98
2026/08/05 01:24:48.084, 0, NVIDIA GeForce RTX 3080, 6215, 3837, 10240, 97, 98
2026/08/05 01:24:48.192, 0, NVIDIA GeForce RTX 3080, 6215, 3837, 10240, 97, 98
2026/08/05 01:24:48.301, 0, NVIDIA GeForce RTX 3080, 6215, 3837, 10240, 97, 98
2026/08/05 01:24:48.410, 0, NVIDIA GeForce RTX 3080, 6215, 3837, 10240, 97, 98
2026/08/05 01:24:48.519, 0, NVIDIA GeForce RTX 3080, 6215, 3837, 10240, 97, 98
2026/08/05 01:24:48.628, 0, NVIDIA GeForce RTX 3080, 6215, 3837, 10240, 97, 98
2026/08/05 01:24:48.737, 0, NVIDIA GeForce RTX 3080, 6215, 3837, 10240, 97, 97
2026/08/05 01:24:48.846, 0, NVIDIA GeForce RTX 3080, 6215, 3837, 10240, 97, 97
2026/08/05 01:24:48.955, 0, NVIDIA GeForce RTX 3080, 6215, 3837, 10240, 97, 97
2026/08/05 01:24:49.064, 0, NVIDIA GeForce RTX 3080, 6215, 3837, 10240, 97, 97
2026/08/05 01:24:49.172, 0, NVIDIA GeForce RTX 3080, 6215, 3837, 10240, 97, 97
2026/08/05 01:24:49.282, 0, NVIDIA GeForce RTX 3080, 6215, 3837, 10240, 97, 97
2026/08/05 01:24:49.391, 0, NVIDIA GeForce RTX 3080, 6215, 3837, 10240, 97, 97
2026/08/05 01:24:49.500, 0, NVIDIA GeForce RTX 3080, 6215, 3837, 10240, 97, 97
2026/08/05 01:24:49.610, 0, NVIDIA GeForce RTX 3080, 6215, 3837, 10240, 97, 97
2026/08/05 01:24:49.718, 0, NVIDIA GeForce RTX 3080, 6215, 3837, 10240, 97, 97
2026/08/05 01:24:49.828, 0, NVIDIA GeForce RTX 3080, 6215, 3837, 10240, 97, 98
2026/08/05 01:24:49.937, 0, NVIDIA GeForce RTX 3080, 6215, 3837, 10240, 97, 98
2026/08/05 01:24:50.045, 0, NVIDIA GeForce RTX 3080, 6215, 3837, 10240, 97, 98
2026/08/05 01:24:50.155, 0, NVIDIA GeForce RTX 3080, 6215, 3837, 10240, 97, 98
2026/08/05 01:24:50.265, 0, NVIDIA GeForce RTX 3080, 6215, 3837, 10240, 97, 98
2026/08/05 01:24:50.373, 0, NVIDIA GeForce RTX 3080, 6215, 3837, 10240, 97, 98
2026/08/05 01:24:50.483, 0, NVIDIA GeForce RTX 3080, 6215, 3837, 10240, 97, 98
2026/08/05 01:24:50.590, 0, NVIDIA GeForce RTX 3080, 6215, 3837, 10240, 97, 98
2026/08/05 01:24:50.700, 0, NVIDIA GeForce RTX 3080, 6215, 3837, 10240, 97, 98
2026/08/05 01:24:50.810, 0, NVIDIA GeForce RTX 3080, 6215, 3837, 10240, 97, 98
2026/08/05 01:24:50.919, 0, NVIDIA GeForce RTX 3080, 6215, 3837, 10240, 97, 98
2026/08/05 01:24:51.028, 0, NVIDIA GeForce RTX 3080, 6215, 3837, 10240, 97, 98
2026/08/05 01:24:51.138, 0, NVIDIA GeForce RTX 3080, 6215, 3837, 10240, 97, 98
2026/08/05 01:24:51.246, 0, NVIDIA GeForce RTX 3080, 6215, 3837, 10240, 97, 97
2026/08/05 01:24:51.356, 0, NVIDIA GeForce RTX 3080, 6215, 3837, 10240, 97, 97
2026/08/05 01:24:51.465, 0, NVIDIA GeForce RTX 3080, 6215, 3837, 10240, 97, 97
2026/08/05 01:24:51.574, 0, NVIDIA GeForce RTX 3080, 6215, 3837, 10240, 97, 97
2026/08/05 01:24:51.683, 0, NVIDIA GeForce RTX 3080, 6215, 3837, 10240, 97, 97
2026/08/05 01:24:51.792, 0, NVIDIA GeForce RTX 3080, 6215, 3837, 10240, 97, 98
2026/08/05 01:24:51.902, 0, NVIDIA GeForce RTX 3080, 6215, 3837, 10240, 97, 98
2026/08/05 01:24:52.011, 0, NVIDIA GeForce RTX 3080, 6215, 3837, 10240, 97, 98
2026/08/05 01:24:52.120, 0, NVIDIA GeForce RTX 3080, 6215, 3837, 10240, 97, 98
2026/08/05 01:24:52.229, 0, NVIDIA GeForce RTX 3080, 6215, 3837, 10240, 97, 98
2026/08/05 01:24:52.338, 0, NVIDIA GeForce RTX 3080, 6215, 3837, 10240, 97, 97
2026/08/05 01:24:52.446, 0, NVIDIA GeForce RTX 3080, 6215, 3837, 10240, 97, 97
2026/08/05 01:24:52.555, 0, NVIDIA GeForce RTX 3080, 6215, 3837, 10240, 97, 97
2026/08/05 01:24:52.665, 0, NVIDIA GeForce RTX 3080, 6215, 3837, 10240, 97, 97
2026/08/05 01:24:52.774, 0, NVIDIA GeForce RTX 3080, 6215, 3837, 10240, 97, 97
2026/08/05 01:24:52.883, 0, NVIDIA GeForce RTX 3080, 6215, 3837, 10240, 97, 97
2026/08/05 01:24:52.992, 0, NVIDIA GeForce RTX 3080, 6215, 3837, 10240, 97, 97
2026/08/05 01:24:53.100, 0, NVIDIA GeForce RTX 3080, 6215, 3837, 10240, 97, 97
2026/08/05 01:24:53.210, 0, NVIDIA GeForce RTX 3080, 6215, 3837, 10240, 97, 97
2026/08/05 01:24:53.318, 0, NVIDIA GeForce RTX 3080, 6215, 3837, 10240, 97, 98
2026/08/05 01:24:53.427, 0, NVIDIA GeForce RTX 3080, 6215, 3837, 10240, 97, 98
2026/08/05 01:24:53.536, 0, NVIDIA GeForce RTX 3080, 6215, 3837, 10240, 97, 98
2026/08/05 01:24:53.645, 0, NVIDIA GeForce RTX 3080, 6215, 3837, 10240, 97, 98
2026/08/05 01:24:53.754, 0, NVIDIA GeForce RTX 3080, 6215, 3837, 10240, 97, 97
2026/08/05 01:24:53.864, 0, NVIDIA GeForce RTX 3080, 6215, 3837, 10240, 97, 97
2026/08/05 01:24:53.973, 0, NVIDIA GeForce RTX 3080, 6215, 3837, 10240, 97, 97
2026/08/05 01:24:54.082, 0, NVIDIA GeForce RTX 3080, 6215, 3837, 10240, 97, 97
2026/08/05 01:24:54.190, 0, NVIDIA GeForce RTX 3080, 6215, 3837, 10240, 97, 97
2026/08/05 01:24:54.299, 0, NVIDIA GeForce RTX 3080, 6215, 3837, 10240, 97, 98
2026/08/05 01:24:54.408, 0, NVIDIA GeForce RTX 3080, 6215, 3837, 10240, 97, 98
2026/08/05 01:24:54.517, 0, NVIDIA GeForce RTX 3080, 6215, 3837, 10240, 97, 98
2026/08/05 01:24:54.627, 0, NVIDIA GeForce RTX 3080, 6215, 3837, 10240, 97, 98
2026/08/05 01:24:54.736, 0, NVIDIA GeForce RTX 3080, 6215, 3837, 10240, 97, 98
2026/08/05 01:24:54.845, 0, NVIDIA GeForce RTX 3080, 6215, 3837, 10240, 97, 98
2026/08/05 01:24:54.955, 0, NVIDIA GeForce RTX 3080, 6215, 3837, 10240, 97, 98
2026/08/05 01:24:55.064, 0, NVIDIA GeForce RTX 3080, 6215, 3837, 10240, 97, 98
2026/08/05 01:24:55.173, 0, NVIDIA GeForce RTX 3080, 6215, 3837, 10240, 97, 98
2026/08/05 01:24:55.283, 0, NVIDIA GeForce RTX 3080, 6215, 3837, 10240, 97, 98
2026/08/05 01:24:55.391, 0, NVIDIA GeForce RTX 3080, 6215, 3837, 10240, 97, 98
2026/08/05 01:24:55.500, 0, NVIDIA GeForce RTX 3080, 6215, 3837, 10240, 97, 98
2026/08/05 01:24:55.610, 0, NVIDIA GeForce RTX 3080, 6215, 3837, 10240, 97, 98
2026/08/05 01:24:55.718, 0, NVIDIA GeForce RTX 3080, 6215, 3837, 10240, 97, 98
2026/08/05 01:24:55.828, 0, NVIDIA GeForce RTX 3080, 6215, 3837, 10240, 98, 97
2026/08/05 01:24:55.937, 0, NVIDIA GeForce RTX 3080, 6215, 3837, 10240, 98, 97
2026/08/05 01:24:56.046, 0, NVIDIA GeForce RTX 3080, 6215, 3837, 10240, 98, 97
2026/08/05 01:24:56.156, 0, NVIDIA GeForce RTX 3080, 6215, 3837, 10240, 98, 97
2026/08/05 01:24:56.265, 0, NVIDIA GeForce RTX 3080, 6215, 3837, 10240, 98, 97
2026/08/05 01:24:56.373, 0, NVIDIA GeForce RTX 3080, 6215, 3837, 10240, 98, 97
2026/08/05 01:24:56.483, 0, NVIDIA GeForce RTX 3080, 6215, 3837, 10240, 98, 97
2026/08/05 01:24:56.591, 0, NVIDIA GeForce RTX 3080, 6215, 3837, 10240, 98, 97
2026/08/05 01:24:56.700, 0, NVIDIA GeForce RTX 3080, 6215, 3837, 10240, 98, 97
2026/08/05 01:24:56.810, 0, NVIDIA GeForce RTX 3080, 6215, 3837, 10240, 98, 98
2026/08/05 01:24:56.918, 0, NVIDIA GeForce RTX 3080, 6215, 3837, 10240, 98, 98
2026/08/05 01:24:57.027, 0, NVIDIA GeForce RTX 3080, 6215, 3837, 10240, 98, 98
2026/08/05 01:24:57.137, 0, NVIDIA GeForce RTX 3080, 6215, 3837, 10240, 98, 98
2026/08/05 01:24:57.246, 0, NVIDIA GeForce RTX 3080, 6215, 3837, 10240, 98, 98
2026/08/05 01:24:57.355, 0, NVIDIA GeForce RTX 3080, 6215, 3837, 10240, 98, 98
2026/08/05 01:24:57.465, 0, NVIDIA GeForce RTX 3080, 6215, 3837, 10240, 98, 98
2026/08/05 01:24:57.573, 0, NVIDIA GeForce RTX 3080, 6215, 3837, 10240, 98, 98
2026/08/05 01:24:57.683, 0, NVIDIA GeForce RTX 3080, 6215, 3837, 10240, 98, 98
2026/08/05 01:24:57.792, 0, NVIDIA GeForce RTX 3080, 6215, 3837, 10240, 97, 97
2026/08/05 01:24:57.902, 0, NVIDIA GeForce RTX 3080, 6215, 3837, 10240, 97, 97
2026/08/05 01:24:58.010, 0, NVIDIA GeForce RTX 3080, 6215, 3837, 10240, 97, 97
2026/08/05 01:24:58.119, 0, NVIDIA GeForce RTX 3080, 6215, 3837, 10240, 97, 97
2026/08/05 01:24:58.228, 0, NVIDIA GeForce RTX 3080, 6215, 3837, 10240, 97, 97
2026/08/05 01:24:58.338, 0, NVIDIA GeForce RTX 3080, 6215, 3837, 10240, 98, 98
2026/08/05 01:24:58.446, 0, NVIDIA GeForce RTX 3080, 6215, 3837, 10240, 98, 98
2026/08/05 01:24:58.555, 0, NVIDIA GeForce RTX 3080, 6215, 3837, 10240, 98, 98
2026/08/05 01:24:58.665, 0, NVIDIA GeForce RTX 3080, 6215, 3837, 10240, 98, 98
2026/08/05 01:24:58.774, 0, NVIDIA GeForce RTX 3080, 6215, 3837, 10240, 98, 98
2026/08/05 01:24:58.883, 0, NVIDIA GeForce RTX 3080, 6215, 3837, 10240, 98, 98
2026/08/05 01:24:58.991, 0, NVIDIA GeForce RTX 3080, 6215, 3837, 10240, 98, 98
2026/08/05 01:24:59.100, 0, NVIDIA GeForce RTX 3080, 6215, 3837, 10240, 98, 98
2026/08/05 01:24:59.210, 0, NVIDIA GeForce RTX 3080, 6215, 3837, 10240, 98, 98
2026/08/05 01:24:59.318, 0, NVIDIA GeForce RTX 3080, 6215, 3837, 10240, 96, 98
2026/08/05 01:24:59.428, 0, NVIDIA GeForce RTX 3080, 6215, 3837, 10240, 96, 98
2026/08/05 01:24:59.538, 0, NVIDIA GeForce RTX 3080, 6215, 3837, 10240, 96, 98
2026/08/05 01:24:59.646, 0, NVIDIA GeForce RTX 3080, 6215, 3837, 10240, 96, 98
2026/08/05 01:24:59.756, 0, NVIDIA GeForce RTX 3080, 6215, 3837, 10240, 96, 97
2026/08/05 01:24:59.864, 0, NVIDIA GeForce RTX 3080, 6215, 3837, 10240, 96, 97
2026/08/05 01:24:59.972, 0, NVIDIA GeForce RTX 3080, 6215, 3837, 10240, 96, 97
2026/08/05 01:25:00.082, 0, NVIDIA GeForce RTX 3080, 6215, 3837, 10240, 96, 97
2026/08/05 01:25:00.190, 0, NVIDIA GeForce RTX 3080, 6215, 3837, 10240, 96, 97
2026/08/05 01:25:00.300, 0, NVIDIA GeForce RTX 3080, 6215, 3837, 10240, 96, 97
2026/08/05 01:25:00.410, 0, NVIDIA GeForce RTX 3080, 6215, 3837, 10240, 96, 97
2026/08/05 01:25:00.518, 0, NVIDIA GeForce RTX 3080, 6215, 3837, 10240, 96, 97
2026/08/05 01:25:00.628, 0, NVIDIA GeForce RTX 3080, 6215, 3837, 10240, 96, 97
2026/08/05 01:25:00.738, 0, NVIDIA GeForce RTX 3080, 6215, 3837, 10240, 96, 97
2026/08/05 01:25:00.845, 0, NVIDIA GeForce RTX 3080, 6215, 3837, 10240, 96, 97
2026/08/05 01:25:00.955, 0, NVIDIA GeForce RTX 3080, 6215, 3837, 10240, 96, 97
2026/08/05 01:25:01.065, 0, NVIDIA GeForce RTX 3080, 6215, 3837, 10240, 96, 97
2026/08/05 01:25:01.174, 0, NVIDIA GeForce RTX 3080, 6215, 3837, 10240, 96, 97
2026/08/05 01:25:01.283, 0, NVIDIA GeForce RTX 3080, 6215, 3837, 10240, 96, 98
2026/08/05 01:25:01.392, 0, NVIDIA GeForce RTX 3080, 6215, 3837, 10240, 96, 98
2026/08/05 01:25:01.500, 0, NVIDIA GeForce RTX 3080, 6215, 3837, 10240, 96, 98
2026/08/05 01:25:01.610, 0, NVIDIA GeForce RTX 3080, 6215, 3837, 10240, 96, 98
2026/08/05 01:25:01.719, 0, NVIDIA GeForce RTX 3080, 6215, 3837, 10240, 96, 98
2026/08/05 01:25:01.828, 0, NVIDIA GeForce RTX 3080, 6215, 3837, 10240, 96, 98
2026/08/05 01:25:01.938, 0, NVIDIA GeForce RTX 3080, 6215, 3837, 10240, 96, 98
2026/08/05 01:25:02.045, 0, NVIDIA GeForce RTX 3080, 6215, 3837, 10240, 96, 98
2026/08/05 01:25:02.155, 0, NVIDIA GeForce RTX 3080, 6215, 3837, 10240, 96, 98
2026/08/05 01:25:02.265, 0, NVIDIA GeForce RTX 3080, 6215, 3837, 10240, 96, 98
2026/08/05 01:25:02.373, 0, NVIDIA GeForce RTX 3080, 6215, 3837, 10240, 96, 98
2026/08/05 01:25:02.483, 0, NVIDIA GeForce RTX 3080, 6215, 3837, 10240, 96, 98
2026/08/05 01:25:02.591, 0, NVIDIA GeForce RTX 3080, 6215, 3837, 10240, 96, 98
2026/08/05 01:25:02.701, 0, NVIDIA GeForce RTX 3080, 6215, 3837, 10240, 96, 98
2026/08/05 01:25:02.810, 0, NVIDIA GeForce RTX 3080, 6215, 3837, 10240, 96, 97
2026/08/05 01:25:02.919, 0, NVIDIA GeForce RTX 3080, 6215, 3837, 10240, 96, 97
2026/08/05 01:25:03.028, 0, NVIDIA GeForce RTX 3080, 6215, 3837, 10240, 96, 97
2026/08/05 01:25:03.138, 0, NVIDIA GeForce RTX 3080, 6215, 3837, 10240, 96, 97
2026/08/05 01:25:03.246, 0, NVIDIA GeForce RTX 3080, 6215, 3837, 10240, 96, 97
2026/08/05 01:25:03.355, 0, NVIDIA GeForce RTX 3080, 6215, 3837, 10240, 96, 97
2026/08/05 01:25:03.465, 0, NVIDIA GeForce RTX 3080, 6215, 3837, 10240, 96, 97
2026/08/05 01:25:03.574, 0, NVIDIA GeForce RTX 3080, 6215, 3837, 10240, 96, 97
2026/08/05 01:25:03.683, 0, NVIDIA GeForce RTX 3080, 6215, 3837, 10240, 96, 97
2026/08/05 01:25:03.792, 0, NVIDIA GeForce RTX 3080, 6215, 3837, 10240, 96, 97
2026/08/05 01:25:03.901, 0, NVIDIA GeForce RTX 3080, 6215, 3837, 10240, 96, 97
2026/08/05 01:25:04.010, 0, NVIDIA GeForce RTX 3080, 6215, 3837, 10240, 96, 97
2026/08/05 01:25:04.119, 0, NVIDIA GeForce RTX 3080, 6215, 3837, 10240, 96, 97
2026/08/05 01:25:04.228, 0, NVIDIA GeForce RTX 3080, 6215, 3837, 10240, 96, 97
2026/08/05 01:25:04.337, 0, NVIDIA GeForce RTX 3080, 6215, 3837, 10240, 96, 98
2026/08/05 01:25:04.446, 0, NVIDIA GeForce RTX 3080, 6215, 3837, 10240, 96, 98
2026/08/05 01:25:04.555, 0, NVIDIA GeForce RTX 3080, 6215, 3837, 10240, 96, 98
2026/08/05 01:25:04.665, 0, NVIDIA GeForce RTX 3080, 6215, 3837, 10240, 96, 98
2026/08/05 01:25:04.773, 0, NVIDIA GeForce RTX 3080, 6215, 3837, 10240, 96, 98
2026/08/05 01:25:04.882, 0, NVIDIA GeForce RTX 3080, 6215, 3837, 10240, 96, 98
2026/08/05 01:25:04.991, 0, NVIDIA GeForce RTX 3080, 6215, 3837, 10240, 96, 98
2026/08/05 01:25:05.101, 0, NVIDIA GeForce RTX 3080, 6215, 3837, 10240, 96, 98
2026/08/05 01:25:05.209, 0, NVIDIA GeForce RTX 3080, 6215, 3837, 10240, 96, 98
2026/08/05 01:25:05.318, 0, NVIDIA GeForce RTX 3080, 6215, 3837, 10240, 95, 96
2026/08/05 01:25:05.428, 0, NVIDIA GeForce RTX 3080, 6215, 3837, 10240, 95, 96
2026/08/05 01:25:05.538, 0, NVIDIA GeForce RTX 3080, 6215, 3837, 10240, 95, 96
2026/08/05 01:25:05.645, 0, NVIDIA GeForce RTX 3080, 6215, 3837, 10240, 95, 96
2026/08/05 01:25:05.755, 0, NVIDIA GeForce RTX 3080, 6215, 3837, 10240, 96, 98
2026/08/05 01:25:05.864, 0, NVIDIA GeForce RTX 3080, 6215, 3837, 10240, 96, 98
2026/08/05 01:25:05.972, 0, NVIDIA GeForce RTX 3080, 6215, 3837, 10240, 96, 98
2026/08/05 01:25:06.082, 0, NVIDIA GeForce RTX 3080, 6215, 3837, 10240, 96, 98
2026/08/05 01:25:06.190, 0, NVIDIA GeForce RTX 3080, 6215, 3837, 10240, 96, 98
2026/08/05 01:25:06.300, 0, NVIDIA GeForce RTX 3080, 6215, 3837, 10240, 96, 98
2026/08/05 01:25:06.410, 0, NVIDIA GeForce RTX 3080, 6215, 3837, 10240, 96, 98
2026/08/05 01:25:06.518, 0, NVIDIA GeForce RTX 3080, 6215, 3837, 10240, 96, 98
2026/08/05 01:25:06.628, 0, NVIDIA GeForce RTX 3080, 6215, 3837, 10240, 96, 98
2026/08/05 01:25:06.737, 0, NVIDIA GeForce RTX 3080, 6215, 3837, 10240, 96, 98
2026/08/05 01:25:06.846, 0, NVIDIA GeForce RTX 3080, 6215, 3837, 10240, 96, 98
2026/08/05 01:25:06.955, 0, NVIDIA GeForce RTX 3080, 6215, 3837, 10240, 96, 98
2026/08/05 01:25:07.065, 0, NVIDIA GeForce RTX 3080, 6215, 3837, 10240, 96, 98
2026/08/05 01:25:07.173, 0, NVIDIA GeForce RTX 3080, 6215, 3837, 10240, 96, 98
2026/08/05 01:25:07.283, 0, NVIDIA GeForce RTX 3080, 6215, 3837, 10240, 96, 97
2026/08/05 01:25:07.391, 0, NVIDIA GeForce RTX 3080, 6215, 3837, 10240, 96, 97
2026/08/05 01:25:07.501, 0, NVIDIA GeForce RTX 3080, 6215, 3837, 10240, 96, 97
2026/08/05 01:25:07.610, 0, NVIDIA GeForce RTX 3080, 6215, 3837, 10240, 96, 97
2026/08/05 01:25:07.718, 0, NVIDIA GeForce RTX 3080, 6215, 3837, 10240, 96, 97
2026/08/05 01:25:07.827, 0, NVIDIA GeForce RTX 3080, 6215, 3837, 10240, 96, 97
2026/08/05 01:25:07.937, 0, NVIDIA GeForce RTX 3080, 6215, 3837, 10240, 96, 97
2026/08/05 01:25:08.045, 0, NVIDIA GeForce RTX 3080, 6215, 3837, 10240, 96, 97
2026/08/05 01:25:08.154, 0, NVIDIA GeForce RTX 3080, 6215, 3837, 10240, 96, 97
2026/08/05 01:25:08.264, 0, NVIDIA GeForce RTX 3080, 6215, 3837, 10240, 96, 98
2026/08/05 01:25:08.372, 0, NVIDIA GeForce RTX 3080, 6215, 3837, 10240, 96, 98
2026/08/05 01:25:08.482, 0, NVIDIA GeForce RTX 3080, 6215, 3837, 10240, 96, 98
2026/08/05 01:25:08.591, 0, NVIDIA GeForce RTX 3080, 6215, 3837, 10240, 96, 98
2026/08/05 01:25:08.700, 0, NVIDIA GeForce RTX 3080, 6215, 3837, 10240, 96, 98
2026/08/05 01:25:08.810, 0, NVIDIA GeForce RTX 3080, 6215, 3837, 10240, 97, 98
2026/08/05 01:25:08.918, 0, NVIDIA GeForce RTX 3080, 6215, 3837, 10240, 97, 98
2026/08/05 01:25:09.028, 0, NVIDIA GeForce RTX 3080, 6215, 3837, 10240, 97, 98
2026/08/05 01:25:09.137, 0, NVIDIA GeForce RTX 3080, 6215, 3837, 10240, 97, 98
2026/08/05 01:25:09.246, 0, NVIDIA GeForce RTX 3080, 6215, 3837, 10240, 96, 97
2026/08/05 01:25:09.356, 0, NVIDIA GeForce RTX 3080, 6215, 3837, 10240, 96, 97
2026/08/05 01:25:09.465, 0, NVIDIA GeForce RTX 3080, 6215, 3837, 10240, 96, 97
2026/08/05 01:25:09.574, 0, NVIDIA GeForce RTX 3080, 6215, 3837, 10240, 96, 97
2026/08/05 01:25:09.683, 0, NVIDIA GeForce RTX 3080, 6215, 3837, 10240, 96, 97
2026/08/05 01:25:09.792, 0, NVIDIA GeForce RTX 3080, 6215, 3837, 10240, 96, 97
2026/08/05 01:25:09.902, 0, NVIDIA GeForce RTX 3080, 6215, 3837, 10240, 96, 97
2026/08/05 01:25:10.010, 0, NVIDIA GeForce RTX 3080, 6215, 3837, 10240, 96, 97
2026/08/05 01:25:10.119, 0, NVIDIA GeForce RTX 3080, 6215, 3837, 10240, 96, 97
2026/08/05 01:25:10.228, 0, NVIDIA GeForce RTX 3080, 6215, 3837, 10240, 96, 97
2026/08/05 01:25:10.337, 0, NVIDIA GeForce RTX 3080, 6215, 3837, 10240, 97, 97
2026/08/05 01:25:10.446, 0, NVIDIA GeForce RTX 3080, 6215, 3837, 10240, 97, 97
2026/08/05 01:25:10.555, 0, NVIDIA GeForce RTX 3080, 6215, 3837, 10240, 97, 97
2026/08/05 01:25:10.665, 0, NVIDIA GeForce RTX 3080, 6215, 3837, 10240, 97, 97
2026/08/05 01:25:10.773, 0, NVIDIA GeForce RTX 3080, 6215, 3837, 10240, 97, 98
2026/08/05 01:25:10.882, 0, NVIDIA GeForce RTX 3080, 6215, 3837, 10240, 97, 98
2026/08/05 01:25:10.991, 0, NVIDIA GeForce RTX 3080, 6215, 3837, 10240, 97, 98
2026/08/05 01:25:11.100, 0, NVIDIA GeForce RTX 3080, 6215, 3837, 10240, 97, 98
2026/08/05 01:25:11.209, 0, NVIDIA GeForce RTX 3080, 6215, 3837, 10240, 97, 98
2026/08/05 01:25:11.318, 0, NVIDIA GeForce RTX 3080, 6215, 3837, 10240, 97, 98
2026/08/05 01:25:11.428, 0, NVIDIA GeForce RTX 3080, 6215, 3837, 10240, 97, 98
2026/08/05 01:25:11.537, 0, NVIDIA GeForce RTX 3080, 6215, 3837, 10240, 97, 98
2026/08/05 01:25:11.646, 0, NVIDIA GeForce RTX 3080, 6215, 3837, 10240, 97, 98
2026/08/05 01:25:11.756, 0, NVIDIA GeForce RTX 3080, 6215, 3837, 10240, 94, 96
2026/08/05 01:25:11.866, 0, NVIDIA GeForce RTX 3080, 6215, 3837, 10240, 94, 96
2026/08/05 01:25:11.975, 0, NVIDIA GeForce RTX 3080, 6215, 3837, 10240, 94, 96
2026/08/05 01:25:12.083, 0, NVIDIA GeForce RTX 3080, 6215, 3837, 10240, 94, 96
2026/08/05 01:25:12.192, 0, NVIDIA GeForce RTX 3080, 6215, 3837, 10240, 94, 96
2026/08/05 01:25:12.301, 0, NVIDIA GeForce RTX 3080, 6215, 3837, 10240, 96, 98
2026/08/05 01:25:12.411, 0, NVIDIA GeForce RTX 3080, 6215, 3837, 10240, 96, 98
2026/08/05 01:25:12.520, 0, NVIDIA GeForce RTX 3080, 6215, 3837, 10240, 96, 98
2026/08/05 01:25:12.629, 0, NVIDIA GeForce RTX 3080, 6215, 3837, 10240, 96, 98
2026/08/05 01:25:12.739, 0, NVIDIA GeForce RTX 3080, 6215, 3837, 10240, 96, 98
2026/08/05 01:25:12.841, 0, NVIDIA GeForce RTX 3080, 6215, 3837, 10240, 96, 98
2026/08/05 01:25:12.951, 0, NVIDIA GeForce RTX 3080, 6215, 3837, 10240, 96, 98
2026/08/05 01:25:13.059, 0, NVIDIA GeForce RTX 3080, 6215, 3837, 10240, 96, 98
2026/08/05 01:25:13.169, 0, NVIDIA GeForce RTX 3080, 6215, 3837, 10240, 96, 98
2026/08/05 01:25:13.279, 0, NVIDIA GeForce RTX 3080, 6215, 3837, 10240, 96, 97
2026/08/05 01:25:13.387, 0, NVIDIA GeForce RTX 3080, 6215, 3837, 10240, 96, 97
2026/08/05 01:25:13.496, 0, NVIDIA GeForce RTX 3080, 6215, 3837, 10240, 96, 97
2026/08/05 01:25:13.605, 0, NVIDIA GeForce RTX 3080, 6215, 3837, 10240, 96, 97
2026/08/05 01:25:13.714, 0, NVIDIA GeForce RTX 3080, 6215, 3837, 10240, 96, 97
2026/08/05 01:25:13.823, 0, NVIDIA GeForce RTX 3080, 6215, 3837, 10240, 97, 98
2026/08/05 01:25:13.932, 0, NVIDIA GeForce RTX 3080, 6215, 3837, 10240, 97, 98
2026/08/05 01:25:14.042, 0, NVIDIA GeForce RTX 3080, 6215, 3837, 10240, 97, 98
2026/08/05 01:25:14.151, 0, NVIDIA GeForce RTX 3080, 6215, 3837, 10240, 97, 98
2026/08/05 01:25:14.260, 0, NVIDIA GeForce RTX 3080, 6215, 3837, 10240, 96, 97
2026/08/05 01:25:14.369, 0, NVIDIA GeForce RTX 3080, 6215, 3837, 10240, 96, 97
2026/08/05 01:25:14.478, 0, NVIDIA GeForce RTX 3080, 6215, 3837, 10240, 96, 97
2026/08/05 01:25:14.587, 0, NVIDIA GeForce RTX 3080, 6215, 3837, 10240, 96, 97
2026/08/05 01:25:14.697, 0, NVIDIA GeForce RTX 3080, 6215, 3837, 10240, 96, 97
2026/08/05 01:25:14.806, 0, NVIDIA GeForce RTX 3080, 6215, 3837, 10240, 97, 98
2026/08/05 01:25:14.915, 0, NVIDIA GeForce RTX 3080, 6215, 3837, 10240, 97, 98
2026/08/05 01:25:15.024, 0, NVIDIA GeForce RTX 3080, 6215, 3837, 10240, 97, 98
2026/08/05 01:25:15.135, 0, NVIDIA GeForce RTX 3080, 6215, 3837, 10240, 97, 98
2026/08/05 01:25:15.244, 0, NVIDIA GeForce RTX 3080, 6215, 3837, 10240, 97, 97
2026/08/05 01:25:15.353, 0, NVIDIA GeForce RTX 3080, 6215, 3837, 10240, 97, 97
2026/08/05 01:25:15.461, 0, NVIDIA GeForce RTX 3080, 6215, 3837, 10240, 97, 97
2026/08/05 01:25:15.570, 0, NVIDIA GeForce RTX 3080, 6215, 3837, 10240, 97, 97
2026/08/05 01:25:15.679, 0, NVIDIA GeForce RTX 3080, 6215, 3837, 10240, 97, 97
2026/08/05 01:25:15.788, 0, NVIDIA GeForce RTX 3080, 6215, 3837, 10240, 97, 97
2026/08/05 01:25:15.897, 0, NVIDIA GeForce RTX 3080, 6215, 3837, 10240, 97, 97
2026/08/05 01:25:16.006, 0, NVIDIA GeForce RTX 3080, 6215, 3837, 10240, 97, 97
2026/08/05 01:25:16.115, 0, NVIDIA GeForce RTX 3080, 6215, 3837, 10240, 97, 97
2026/08/05 01:25:16.224, 0, NVIDIA GeForce RTX 3080, 6215, 3837, 10240, 97, 97
2026/08/05 01:25:16.334, 0, NVIDIA GeForce RTX 3080, 6215, 3837, 10240, 97, 97
2026/08/05 01:25:16.443, 0, NVIDIA GeForce RTX 3080, 6215, 3837, 10240, 97, 97
2026/08/05 01:25:16.552, 0, NVIDIA GeForce RTX 3080, 6215, 3837, 10240, 97, 97
2026/08/05 01:25:16.661, 0, NVIDIA GeForce RTX 3080, 6215, 3837, 10240, 97, 97
2026/08/05 01:25:16.771, 0, NVIDIA GeForce RTX 3080, 6215, 3837, 10240, 97, 98
2026/08/05 01:25:16.880, 0, NVIDIA GeForce RTX 3080, 6215, 3837, 10240, 97, 98
2026/08/05 01:25:16.989, 0, NVIDIA GeForce RTX 3080, 6215, 3837, 10240, 97, 98
2026/08/05 01:25:17.099, 0, NVIDIA GeForce RTX 3080, 6215, 3837, 10240, 97, 98
2026/08/05 01:25:17.207, 0, NVIDIA GeForce RTX 3080, 6215, 3837, 10240, 97, 98
2026/08/05 01:25:17.316, 0, NVIDIA GeForce RTX 3080, 6215, 3837, 10240, 97, 98
2026/08/05 01:25:17.425, 0, NVIDIA GeForce RTX 3080, 6215, 3837, 10240, 97, 98
2026/08/05 01:25:17.535, 0, NVIDIA GeForce RTX 3080, 6215, 3837, 10240, 97, 98
2026/08/05 01:25:17.644, 0, NVIDIA GeForce RTX 3080, 6215, 3837, 10240, 97, 98
2026/08/05 01:25:17.753, 0, NVIDIA GeForce RTX 3080, 6215, 3837, 10240, 97, 98
2026/08/05 01:25:17.862, 0, NVIDIA GeForce RTX 3080, 6215, 3837, 10240, 97, 98
2026/08/05 01:25:17.972, 0, NVIDIA GeForce RTX 3080, 6215, 3837, 10240, 97, 98
2026/08/05 01:25:18.080, 0, NVIDIA GeForce RTX 3080, 6215, 3837, 10240, 97, 98
2026/08/05 01:25:18.189, 0, NVIDIA GeForce RTX 3080, 6215, 3837, 10240, 97, 98
2026/08/05 01:25:18.298, 0, NVIDIA GeForce RTX 3080, 6215, 3837, 10240, 97, 98
2026/08/05 01:25:18.407, 0, NVIDIA GeForce RTX 3080, 6215, 3837, 10240, 97, 98
2026/08/05 01:25:18.517, 0, NVIDIA GeForce RTX 3080, 6215, 3837, 10240, 97, 98
2026/08/05 01:25:18.626, 0, NVIDIA GeForce RTX 3080, 6215, 3837, 10240, 97, 98
2026/08/05 01:25:18.736, 0, NVIDIA GeForce RTX 3080, 6215, 3837, 10240, 97, 98
2026/08/05 01:25:18.845, 0, NVIDIA GeForce RTX 3080, 6215, 3837, 10240, 97, 98
2026/08/05 01:25:18.954, 0, NVIDIA GeForce RTX 3080, 6215, 3837, 10240, 97, 98
2026/08/05 01:25:19.062, 0, NVIDIA GeForce RTX 3080, 6215, 3837, 10240, 97, 98
2026/08/05 01:25:19.171, 0, NVIDIA GeForce RTX 3080, 6215, 3837, 10240, 97, 98
2026/08/05 01:25:19.280, 0, NVIDIA GeForce RTX 3080, 6215, 3837, 10240, 97, 98
2026/08/05 01:25:19.389, 0, NVIDIA GeForce RTX 3080, 6215, 3837, 10240, 97, 98
2026/08/05 01:25:19.499, 0, NVIDIA GeForce RTX 3080, 6215, 3837, 10240, 97, 98
2026/08/05 01:25:19.608, 0, NVIDIA GeForce RTX 3080, 6215, 3837, 10240, 97, 98
2026/08/05 01:25:19.717, 0, NVIDIA GeForce RTX 3080, 6215, 3837, 10240, 97, 98
2026/08/05 01:25:19.826, 0, NVIDIA GeForce RTX 3080, 6215, 3837, 10240, 97, 98
2026/08/05 01:25:19.936, 0, NVIDIA GeForce RTX 3080, 6215, 3837, 10240, 97, 98
2026/08/05 01:25:20.044, 0, NVIDIA GeForce RTX 3080, 6215, 3837, 10240, 97, 98
2026/08/05 01:25:20.153, 0, NVIDIA GeForce RTX 3080, 6215, 3837, 10240, 97, 98
2026/08/05 01:25:20.262, 0, NVIDIA GeForce RTX 3080, 6215, 3837, 10240, 95, 96
2026/08/05 01:25:20.372, 0, NVIDIA GeForce RTX 3080, 6215, 3837, 10240, 95, 96
2026/08/05 01:25:20.481, 0, NVIDIA GeForce RTX 3080, 6215, 3837, 10240, 95, 96
2026/08/05 01:25:20.590, 0, NVIDIA GeForce RTX 3080, 6215, 3837, 10240, 95, 96
2026/08/05 01:25:20.699, 0, NVIDIA GeForce RTX 3080, 6215, 3837, 10240, 95, 96
2026/08/05 01:25:20.808, 0, NVIDIA GeForce RTX 3080, 6215, 3837, 10240, 97, 98
2026/08/05 01:25:20.917, 0, NVIDIA GeForce RTX 3080, 6215, 3837, 10240, 97, 98
2026/08/05 01:25:21.027, 0, NVIDIA GeForce RTX 3080, 6215, 3837, 10240, 97, 98
2026/08/05 01:25:21.136, 0, NVIDIA GeForce RTX 3080, 6215, 3837, 10240, 97, 98
2026/08/05 01:25:21.245, 0, NVIDIA GeForce RTX 3080, 6215, 3837, 10240, 97, 97
2026/08/05 01:25:21.355, 0, NVIDIA GeForce RTX 3080, 6215, 3837, 10240, 97, 97
2026/08/05 01:25:21.463, 0, NVIDIA GeForce RTX 3080, 6215, 3837, 10240, 97, 97
2026/08/05 01:25:21.572, 0, NVIDIA GeForce RTX 3080, 6215, 3837, 10240, 97, 97
2026/08/05 01:25:21.682, 0, NVIDIA GeForce RTX 3080, 6215, 3837, 10240, 97, 97
2026/08/05 01:25:21.790, 0, NVIDIA GeForce RTX 3080, 6215, 3837, 10240, 97, 98
2026/08/05 01:25:21.899, 0, NVIDIA GeForce RTX 3080, 6215, 3837, 10240, 97, 98
2026/08/05 01:25:22.009, 0, NVIDIA GeForce RTX 3080, 6215, 3837, 10240, 97, 98
2026/08/05 01:25:22.117, 0, NVIDIA GeForce RTX 3080, 6215, 3837, 10240, 97, 98
2026/08/05 01:25:22.227, 0, NVIDIA GeForce RTX 3080, 6215, 3837, 10240, 97, 98
2026/08/05 01:25:22.336, 0, NVIDIA GeForce RTX 3080, 6215, 3837, 10240, 97, 98
2026/08/05 01:25:22.445, 0, NVIDIA GeForce RTX 3080, 6215, 3837, 10240, 97, 98
2026/08/05 01:25:22.554, 0, NVIDIA GeForce RTX 3080, 6215, 3837, 10240, 97, 98
2026/08/05 01:25:22.664, 0, NVIDIA GeForce RTX 3080, 6215, 3837, 10240, 97, 98
2026/08/05 01:25:22.773, 0, NVIDIA GeForce RTX 3080, 6215, 3837, 10240, 97, 97
2026/08/05 01:25:22.882, 0, NVIDIA GeForce RTX 3080, 6215, 3837, 10240, 97, 97
2026/08/05 01:25:22.991, 0, NVIDIA GeForce RTX 3080, 6215, 3837, 10240, 97, 97
2026/08/05 01:25:23.100, 0, NVIDIA GeForce RTX 3080, 6215, 3837, 10240, 97, 97
2026/08/05 01:25:23.209, 0, NVIDIA GeForce RTX 3080, 6215, 3837, 10240, 97, 97
2026/08/05 01:25:23.318, 0, NVIDIA GeForce RTX 3080, 6215, 3837, 10240, 98, 97
2026/08/05 01:25:23.428, 0, NVIDIA GeForce RTX 3080, 6215, 3837, 10240, 98, 97
2026/08/05 01:25:23.537, 0, NVIDIA GeForce RTX 3080, 6215, 3837, 10240, 98, 97
2026/08/05 01:25:23.646, 0, NVIDIA GeForce RTX 3080, 6215, 3837, 10240, 98, 97
2026/08/05 01:25:23.755, 0, NVIDIA GeForce RTX 3080, 6215, 3837, 10240, 97, 97
2026/08/05 01:25:23.865, 0, NVIDIA GeForce RTX 3080, 6215, 3837, 10240, 97, 97
2026/08/05 01:25:23.974, 0, NVIDIA GeForce RTX 3080, 6215, 3837, 10240, 97, 97
2026/08/05 01:25:24.083, 0, NVIDIA GeForce RTX 3080, 6215, 3837, 10240, 97, 97
2026/08/05 01:25:24.192, 0, NVIDIA GeForce RTX 3080, 6215, 3837, 10240, 97, 97
2026/08/05 01:25:24.301, 0, NVIDIA GeForce RTX 3080, 6215, 3837, 10240, 98, 98
2026/08/05 01:25:24.411, 0, NVIDIA GeForce RTX 3080, 6215, 3837, 10240, 98, 98
2026/08/05 01:25:24.520, 0, NVIDIA GeForce RTX 3080, 6215, 3837, 10240, 98, 98
2026/08/05 01:25:24.628, 0, NVIDIA GeForce RTX 3080, 6215, 3837, 10240, 98, 98
2026/08/05 01:25:24.738, 0, NVIDIA GeForce RTX 3080, 6215, 3837, 10240, 98, 97
2026/08/05 01:25:24.847, 0, NVIDIA GeForce RTX 3080, 6215, 3837, 10240, 98, 97
2026/08/05 01:25:24.956, 0, NVIDIA GeForce RTX 3080, 6215, 3837, 10240, 98, 97
2026/08/05 01:25:25.066, 0, NVIDIA GeForce RTX 3080, 6215, 3837, 10240, 98, 97
2026/08/05 01:25:25.175, 0, NVIDIA GeForce RTX 3080, 6215, 3837, 10240, 98, 97
2026/08/05 01:25:25.284, 0, NVIDIA GeForce RTX 3080, 6215, 3837, 10240, 98, 97
2026/08/05 01:25:25.392, 0, NVIDIA GeForce RTX 3080, 6215, 3837, 10240, 98, 97
2026/08/05 01:25:25.502, 0, NVIDIA GeForce RTX 3080, 6215, 3837, 10240, 98, 97
2026/08/05 01:25:25.611, 0, NVIDIA GeForce RTX 3080, 6215, 3837, 10240, 98, 97
2026/08/05 01:25:25.720, 0, NVIDIA GeForce RTX 3080, 6215, 3837, 10240, 98, 97
2026/08/05 01:25:25.830, 0, NVIDIA GeForce RTX 3080, 6215, 3837, 10240, 96, 97
2026/08/05 01:25:25.939, 0, NVIDIA GeForce RTX 3080, 6215, 3837, 10240, 96, 97
2026/08/05 01:25:26.048, 0, NVIDIA GeForce RTX 3080, 6215, 3837, 10240, 96, 97
2026/08/05 01:25:26.158, 0, NVIDIA GeForce RTX 3080, 6215, 3837, 10240, 96, 97
2026/08/05 01:25:26.267, 0, NVIDIA GeForce RTX 3080, 6215, 3837, 10240, 96, 98
2026/08/05 01:25:26.376, 0, NVIDIA GeForce RTX 3080, 6215, 3837, 10240, 96, 98
2026/08/05 01:25:26.485, 0, NVIDIA GeForce RTX 3080, 6215, 3837, 10240, 96, 98
2026/08/05 01:25:26.595, 0, NVIDIA GeForce RTX 3080, 6215, 3837, 10240, 96, 98
2026/08/05 01:25:26.704, 0, NVIDIA GeForce RTX 3080, 6215, 3837, 10240, 96, 98
2026/08/05 01:25:26.813, 0, NVIDIA GeForce RTX 3080, 6215, 3837, 10240, 96, 97
2026/08/05 01:25:26.922, 0, NVIDIA GeForce RTX 3080, 6215, 3837, 10240, 96, 97
2026/08/05 01:25:27.031, 0, NVIDIA GeForce RTX 3080, 6215, 3837, 10240, 96, 97
2026/08/05 01:25:27.141, 0, NVIDIA GeForce RTX 3080, 6215, 3837, 10240, 96, 97
2026/08/05 01:25:27.249, 0, NVIDIA GeForce RTX 3080, 6215, 3837, 10240, 96, 97
2026/08/05 01:25:27.359, 0, NVIDIA GeForce RTX 3080, 6215, 3837, 10240, 96, 97
2026/08/05 01:25:27.469, 0, NVIDIA GeForce RTX 3080, 6215, 3837, 10240, 96, 97
2026/08/05 01:25:27.578, 0, NVIDIA GeForce RTX 3080, 6215, 3837, 10240, 96, 97
2026/08/05 01:25:27.687, 0, NVIDIA GeForce RTX 3080, 6215, 3837, 10240, 96, 97
2026/08/05 01:25:27.797, 0, NVIDIA GeForce RTX 3080, 6215, 3837, 10240, 96, 98
2026/08/05 01:25:27.906, 0, NVIDIA GeForce RTX 3080, 6215, 3837, 10240, 96, 98
2026/08/05 01:25:28.015, 0, NVIDIA GeForce RTX 3080, 6215, 3837, 10240, 96, 98
2026/08/05 01:25:28.124, 0, NVIDIA GeForce RTX 3080, 6215, 3837, 10240, 96, 98
2026/08/05 01:25:28.233, 0, NVIDIA GeForce RTX 3080, 6215, 3837, 10240, 96, 98
2026/08/05 01:25:28.342, 0, NVIDIA GeForce RTX 3080, 6215, 3837, 10240, 96, 98
2026/08/05 01:25:28.451, 0, NVIDIA GeForce RTX 3080, 6215, 3837, 10240, 96, 98
2026/08/05 01:25:28.560, 0, NVIDIA GeForce RTX 3080, 6215, 3837, 10240, 96, 98
2026/08/05 01:25:28.670, 0, NVIDIA GeForce RTX 3080, 6215, 3837, 10240, 96, 98
2026/08/05 01:25:28.778, 0, NVIDIA GeForce RTX 3080, 6215, 3837, 10240, 96, 98
2026/08/05 01:25:28.888, 0, NVIDIA GeForce RTX 3080, 6215, 3837, 10240, 96, 98
2026/08/05 01:25:28.998, 0, NVIDIA GeForce RTX 3080, 6215, 3837, 10240, 96, 98
2026/08/05 01:25:29.107, 0, NVIDIA GeForce RTX 3080, 6215, 3837, 10240, 96, 98
2026/08/05 01:25:29.216, 0, NVIDIA GeForce RTX 3080, 6215, 3837, 10240, 96, 98
2026/08/05 01:25:29.325, 0, NVIDIA GeForce RTX 3080, 6215, 3837, 10240, 96, 97
2026/08/05 01:25:29.434, 0, NVIDIA GeForce RTX 3080, 6215, 3837, 10240, 96, 97
2026/08/05 01:25:29.543, 0, NVIDIA GeForce RTX 3080, 6215, 3837, 10240, 96, 97
2026/08/05 01:25:29.652, 0, NVIDIA GeForce RTX 3080, 6215, 3837, 10240, 96, 97
2026/08/05 01:25:29.761, 0, NVIDIA GeForce RTX 3080, 6215, 3837, 10240, 96, 98
2026/08/05 01:25:29.870, 0, NVIDIA GeForce RTX 3080, 6215, 3837, 10240, 96, 98
2026/08/05 01:25:29.979, 0, NVIDIA GeForce RTX 3080, 6215, 3837, 10240, 96, 98
2026/08/05 01:25:30.089, 0, NVIDIA GeForce RTX 3080, 6215, 3837, 10240, 96, 98
2026/08/05 01:25:30.198, 0, NVIDIA GeForce RTX 3080, 6215, 3837, 10240, 96, 98
2026/08/05 01:25:30.307, 0, NVIDIA GeForce RTX 3080, 6215, 3837, 10240, 94, 96
2026/08/05 01:25:30.417, 0, NVIDIA GeForce RTX 3080, 6215, 3837, 10240, 94, 96
2026/08/05 01:25:30.525, 0, NVIDIA GeForce RTX 3080, 6215, 3837, 10240, 94, 96
2026/08/05 01:25:30.634, 0, NVIDIA GeForce RTX 3080, 6215, 3837, 10240, 94, 96
2026/08/05 01:25:30.744, 0, NVIDIA GeForce RTX 3080, 6215, 3837, 10240, 96, 98
2026/08/05 01:25:30.853, 0, NVIDIA GeForce RTX 3080, 6215, 3837, 10240, 96, 98
2026/08/05 01:25:30.962, 0, NVIDIA GeForce RTX 3080, 6215, 3837, 10240, 96, 98
2026/08/05 01:25:31.072, 0, NVIDIA GeForce RTX 3080, 6215, 3837, 10240, 96, 98
2026/08/05 01:25:31.180, 0, NVIDIA GeForce RTX 3080, 6215, 3837, 10240, 96, 98
2026/08/05 01:25:31.290, 0, NVIDIA GeForce RTX 3080, 6215, 3837, 10240, 96, 98
2026/08/05 01:25:31.399, 0, NVIDIA GeForce RTX 3080, 6215, 3837, 10240, 96, 98
2026/08/05 01:25:31.508, 0, NVIDIA GeForce RTX 3080, 6215, 3837, 10240, 96, 98
2026/08/05 01:25:31.618, 0, NVIDIA GeForce RTX 3080, 6215, 3837, 10240, 96, 98
2026/08/05 01:25:31.727, 0, NVIDIA GeForce RTX 3080, 6215, 3837, 10240, 96, 98
2026/08/05 01:25:31.836, 0, NVIDIA GeForce RTX 3080, 6215, 3837, 10240, 96, 97
2026/08/05 01:25:31.946, 0, NVIDIA GeForce RTX 3080, 6215, 3837, 10240, 96, 97
2026/08/05 01:25:32.053, 0, NVIDIA GeForce RTX 3080, 6215, 3837, 10240, 96, 97
2026/08/05 01:25:32.162, 0, NVIDIA GeForce RTX 3080, 6215, 3837, 10240, 96, 97
2026/08/05 01:25:32.272, 0, NVIDIA GeForce RTX 3080, 6215, 3837, 10240, 96, 98
2026/08/05 01:25:32.380, 0, NVIDIA GeForce RTX 3080, 6215, 3837, 10240, 96, 98
2026/08/05 01:25:32.490, 0, NVIDIA GeForce RTX 3080, 6215, 3837, 10240, 96, 98
2026/08/05 01:25:32.599, 0, NVIDIA GeForce RTX 3080, 6215, 3837, 10240, 96, 98
2026/08/05 01:25:32.708, 0, NVIDIA GeForce RTX 3080, 6215, 3837, 10240, 96, 98
2026/08/05 01:25:32.818, 0, NVIDIA GeForce RTX 3080, 6215, 3837, 10240, 96, 98
2026/08/05 01:25:32.927, 0, NVIDIA GeForce RTX 3080, 6215, 3837, 10240, 96, 98
2026/08/05 01:25:33.036, 0, NVIDIA GeForce RTX 3080, 6215, 3837, 10240, 96, 98
2026/08/05 01:25:33.145, 0, NVIDIA GeForce RTX 3080, 6215, 3837, 10240, 96, 98
2026/08/05 01:25:33.255, 0, NVIDIA GeForce RTX 3080, 6215, 3837, 10240, 96, 97
2026/08/05 01:25:33.364, 0, NVIDIA GeForce RTX 3080, 6215, 3837, 10240, 96, 97
2026/08/05 01:25:33.473, 0, NVIDIA GeForce RTX 3080, 6215, 3837, 10240, 96, 97
2026/08/05 01:25:33.583, 0, NVIDIA GeForce RTX 3080, 6215, 3837, 10240, 96, 97
2026/08/05 01:25:33.691, 0, NVIDIA GeForce RTX 3080, 6215, 3837, 10240, 96, 97
2026/08/05 01:25:33.800, 0, NVIDIA GeForce RTX 3080, 6215, 3837, 10240, 96, 97
2026/08/05 01:25:33.909, 0, NVIDIA GeForce RTX 3080, 6215, 3837, 10240, 96, 97
2026/08/05 01:25:34.019, 0, NVIDIA GeForce RTX 3080, 6215, 3837, 10240, 96, 97
2026/08/05 01:25:34.128, 0, NVIDIA GeForce RTX 3080, 6215, 3837, 10240, 96, 97
2026/08/05 01:25:34.237, 0, NVIDIA GeForce RTX 3080, 6215, 3837, 10240, 96, 98
2026/08/05 01:25:34.347, 0, NVIDIA GeForce RTX 3080, 6215, 3837, 10240, 96, 98
2026/08/05 01:25:34.455, 0, NVIDIA GeForce RTX 3080, 6215, 3837, 10240, 96, 98
2026/08/05 01:25:34.564, 0, NVIDIA GeForce RTX 3080, 6215, 3837, 10240, 96, 98
2026/08/05 01:25:34.674, 0, NVIDIA GeForce RTX 3080, 6215, 3837, 10240, 96, 98
2026/08/05 01:25:34.784, 0, NVIDIA GeForce RTX 3080, 6215, 3837, 10240, 96, 98
2026/08/05 01:25:34.893, 0, NVIDIA GeForce RTX 3080, 6215, 3837, 10240, 96, 98
2026/08/05 01:25:35.002, 0, NVIDIA GeForce RTX 3080, 6215, 3837, 10240, 96, 98
2026/08/05 01:25:35.110, 0, NVIDIA GeForce RTX 3080, 6215, 3837, 10240, 96, 98
2026/08/05 01:25:35.220, 0, NVIDIA GeForce RTX 3080, 6215, 3837, 10240, 96, 98
2026/08/05 01:25:35.329, 0, NVIDIA GeForce RTX 3080, 6215, 3837, 10240, 96, 98
2026/08/05 01:25:35.438, 0, NVIDIA GeForce RTX 3080, 6215, 3837, 10240, 96, 98
2026/08/05 01:25:35.548, 0, NVIDIA GeForce RTX 3080, 6215, 3837, 10240, 96, 98
2026/08/05 01:25:35.657, 0, NVIDIA GeForce RTX 3080, 6215, 3837, 10240, 96, 98
2026/08/05 01:25:35.766, 0, NVIDIA GeForce RTX 3080, 6215, 3837, 10240, 97, 98
2026/08/05 01:25:35.875, 0, NVIDIA GeForce RTX 3080, 6215, 3837, 10240, 97, 98
2026/08/05 01:25:35.985, 0, NVIDIA GeForce RTX 3080, 6215, 3837, 10240, 97, 98
2026/08/05 01:25:36.094, 0, NVIDIA GeForce RTX 3080, 6215, 3837, 10240, 97, 98
2026/08/05 01:25:36.203, 0, NVIDIA GeForce RTX 3080, 6215, 3837, 10240, 97, 98
2026/08/05 01:25:36.312, 0, NVIDIA GeForce RTX 3080, 6215, 3837, 10240, 97, 98
2026/08/05 01:25:36.421, 0, NVIDIA GeForce RTX 3080, 6215, 3837, 10240, 97, 98
2026/08/05 01:25:36.530, 0, NVIDIA GeForce RTX 3080, 6215, 3837, 10240, 97, 98
2026/08/05 01:25:36.639, 0, NVIDIA GeForce RTX 3080, 6215, 3837, 10240, 97, 98
2026/08/05 01:25:36.748, 0, NVIDIA GeForce RTX 3080, 6215, 3837, 10240, 95, 96
2026/08/05 01:25:36.858, 0, NVIDIA GeForce RTX 3080, 6215, 3837, 10240, 95, 96
2026/08/05 01:25:36.967, 0, NVIDIA GeForce RTX 3080, 6215, 3837, 10240, 95, 96
2026/08/05 01:25:37.076, 0, NVIDIA GeForce RTX 3080, 6215, 3837, 10240, 95, 96
2026/08/05 01:25:37.185, 0, NVIDIA GeForce RTX 3080, 6215, 3837, 10240, 95, 96
2026/08/05 01:25:37.294, 0, NVIDIA GeForce RTX 3080, 6215, 3837, 10240, 97, 97
2026/08/05 01:25:37.403, 0, NVIDIA GeForce RTX 3080, 6215, 3837, 10240, 97, 97
2026/08/05 01:25:37.512, 0, NVIDIA GeForce RTX 3080, 6215, 3837, 10240, 97, 97
2026/08/05 01:25:37.621, 0, NVIDIA GeForce RTX 3080, 6215, 3837, 10240, 97, 97
2026/08/05 01:25:37.730, 0, NVIDIA GeForce RTX 3080, 6215, 3837, 10240, 97, 97
2026/08/05 01:25:37.839, 0, NVIDIA GeForce RTX 3080, 6215, 3837, 10240, 97, 97
2026/08/05 01:25:37.949, 0, NVIDIA GeForce RTX 3080, 6215, 3837, 10240, 97, 97
2026/08/05 01:25:38.058, 0, NVIDIA GeForce RTX 3080, 6215, 3837, 10240, 97, 97
2026/08/05 01:25:38.167, 0, NVIDIA GeForce RTX 3080, 6215, 3837, 10240, 97, 97
2026/08/05 01:25:38.276, 0, NVIDIA GeForce RTX 3080, 6215, 3837, 10240, 97, 98
2026/08/05 01:25:38.385, 0, NVIDIA GeForce RTX 3080, 6215, 3837, 10240, 97, 98
2026/08/05 01:25:38.494, 0, NVIDIA GeForce RTX 3080, 6215, 3837, 10240, 97, 98
2026/08/05 01:25:38.603, 0, NVIDIA GeForce RTX 3080, 6215, 3837, 10240, 97, 98
2026/08/05 01:25:38.711, 0, NVIDIA GeForce RTX 3080, 6215, 3837, 10240, 97, 98
2026/08/05 01:25:38.821, 0, NVIDIA GeForce RTX 3080, 6215, 3837, 10240, 96, 98
2026/08/05 01:25:38.930, 0, NVIDIA GeForce RTX 3080, 6215, 3837, 10240, 96, 98
2026/08/05 01:25:39.039, 0, NVIDIA GeForce RTX 3080, 6215, 3837, 10240, 96, 98
2026/08/05 01:25:39.147, 0, NVIDIA GeForce RTX 3080, 6215, 3837, 10240, 96, 98
2026/08/05 01:25:39.257, 0, NVIDIA GeForce RTX 3080, 6215, 3837, 10240, 96, 98
2026/08/05 01:25:39.365, 0, NVIDIA GeForce RTX 3080, 6215, 3837, 10240, 96, 98
2026/08/05 01:25:39.475, 0, NVIDIA GeForce RTX 3080, 6215, 3837, 10240, 96, 98
2026/08/05 01:25:39.585, 0, NVIDIA GeForce RTX 3080, 6215, 3837, 10240, 96, 98
2026/08/05 01:25:39.692, 0, NVIDIA GeForce RTX 3080, 6215, 3837, 10240, 96, 98
2026/08/05 01:25:39.802, 0, NVIDIA GeForce RTX 3080, 6215, 3837, 10240, 96, 98
2026/08/05 01:25:39.910, 0, NVIDIA GeForce RTX 3080, 6215, 3837, 10240, 96, 98
2026/08/05 01:25:40.020, 0, NVIDIA GeForce RTX 3080, 6215, 3837, 10240, 96, 98
2026/08/05 01:25:40.130, 0, NVIDIA GeForce RTX 3080, 6215, 3837, 10240, 96, 98
2026/08/05 01:25:40.238, 0, NVIDIA GeForce RTX 3080, 6215, 3837, 10240, 97, 97
2026/08/05 01:25:40.348, 0, NVIDIA GeForce RTX 3080, 6215, 3837, 10240, 97, 97
2026/08/05 01:25:40.457, 0, NVIDIA GeForce RTX 3080, 6215, 3837, 10240, 97, 97
2026/08/05 01:25:40.566, 0, NVIDIA GeForce RTX 3080, 6215, 3837, 10240, 97, 97
2026/08/05 01:25:40.676, 0, NVIDIA GeForce RTX 3080, 6215, 3837, 10240, 97, 97
2026/08/05 01:25:40.784, 0, NVIDIA GeForce RTX 3080, 6215, 3837, 10240, 97, 98
2026/08/05 01:25:40.893, 0, NVIDIA GeForce RTX 3080, 6215, 3837, 10240, 97, 98
2026/08/05 01:25:41.003, 0, NVIDIA GeForce RTX 3080, 6215, 3837, 10240, 97, 98
2026/08/05 01:25:41.111, 0, NVIDIA GeForce RTX 3080, 6215, 3837, 10240, 97, 98
2026/08/05 01:25:41.221, 0, NVIDIA GeForce RTX 3080, 6215, 3837, 10240, 97, 98
2026/08/05 01:25:41.331, 0, NVIDIA GeForce RTX 3080, 6215, 3837, 10240, 97, 98
2026/08/05 01:25:41.439, 0, NVIDIA GeForce RTX 3080, 6215, 3837, 10240, 97, 98
2026/08/05 01:25:41.549, 0, NVIDIA GeForce RTX 3080, 6215, 3837, 10240, 97, 98
2026/08/05 01:25:41.658, 0, NVIDIA GeForce RTX 3080, 6215, 3837, 10240, 97, 98
2026/08/05 01:25:41.767, 0, NVIDIA GeForce RTX 3080, 6215, 3837, 10240, 95, 96
2026/08/05 01:25:41.877, 0, NVIDIA GeForce RTX 3080, 6215, 3837, 10240, 95, 96
2026/08/05 01:25:41.984, 0, NVIDIA GeForce RTX 3080, 6215, 3837, 10240, 95, 96
2026/08/05 01:25:42.093, 0, NVIDIA GeForce RTX 3080, 6215, 3837, 10240, 95, 96
2026/08/05 01:25:42.203, 0, NVIDIA GeForce RTX 3080, 6215, 3837, 10240, 95, 96
2026/08/05 01:25:42.312, 0, NVIDIA GeForce RTX 3080, 6215, 3837, 10240, 97, 98
2026/08/05 01:25:42.421, 0, NVIDIA GeForce RTX 3080, 6215, 3837, 10240, 97, 98
2026/08/05 01:25:42.530, 0, NVIDIA GeForce RTX 3080, 6215, 3837, 10240, 97, 98
2026/08/05 01:25:42.639, 0, NVIDIA GeForce RTX 3080, 6215, 3837, 10240, 97, 98
2026/08/05 01:25:42.748, 0, NVIDIA GeForce RTX 3080, 6215, 3837, 10240, 97, 98
2026/08/05 01:25:42.857, 0, NVIDIA GeForce RTX 3080, 6215, 3837, 10240, 97, 98
2026/08/05 01:25:42.966, 0, NVIDIA GeForce RTX 3080, 6215, 3837, 10240, 97, 98
2026/08/05 01:25:43.076, 0, NVIDIA GeForce RTX 3080, 6215, 3837, 10240, 97, 98
2026/08/05 01:25:43.183, 0, NVIDIA GeForce RTX 3080, 6215, 3837, 10240, 97, 98
2026/08/05 01:25:43.292, 0, NVIDIA GeForce RTX 3080, 6215, 3837, 10240, 97, 98
2026/08/05 01:25:43.402, 0, NVIDIA GeForce RTX 3080, 6215, 3837, 10240, 97, 98
2026/08/05 01:25:43.511, 0, NVIDIA GeForce RTX 3080, 6215, 3837, 10240, 97, 98
2026/08/05 01:25:43.620, 0, NVIDIA GeForce RTX 3080, 6215, 3837, 10240, 97, 98
2026/08/05 01:25:43.729, 0, NVIDIA GeForce RTX 3080, 6215, 3837, 10240, 97, 98
2026/08/05 01:25:43.838, 0, NVIDIA GeForce RTX 3080, 6215, 3837, 10240, 97, 98
2026/08/05 01:25:43.948, 0, NVIDIA GeForce RTX 3080, 6215, 3837, 10240, 97, 98
2026/08/05 01:25:44.057, 0, NVIDIA GeForce RTX 3080, 6215, 3837, 10240, 97, 98
2026/08/05 01:25:44.166, 0, NVIDIA GeForce RTX 3080, 6215, 3837, 10240, 97, 98
2026/08/05 01:25:44.275, 0, NVIDIA GeForce RTX 3080, 6215, 3837, 10240, 97, 97
2026/08/05 01:25:44.386, 0, NVIDIA GeForce RTX 3080, 6215, 3837, 10240, 97, 97
2026/08/05 01:25:44.494, 0, NVIDIA GeForce RTX 3080, 6215, 3837, 10240, 97, 97
2026/08/05 01:25:44.604, 0, NVIDIA GeForce RTX 3080, 6215, 3837, 10240, 97, 97
2026/08/05 01:25:44.714, 0, NVIDIA GeForce RTX 3080, 6215, 3837, 10240, 97, 97
2026/08/05 01:25:44.821, 0, NVIDIA GeForce RTX 3080, 6215, 3837, 10240, 97, 97
2026/08/05 01:25:44.930, 0, NVIDIA GeForce RTX 3080, 6215, 3837, 10240, 97, 97
2026/08/05 01:25:45.039, 0, NVIDIA GeForce RTX 3080, 6215, 3837, 10240, 97, 97
2026/08/05 01:25:45.148, 0, NVIDIA GeForce RTX 3080, 6215, 3837, 10240, 97, 97
2026/08/05 01:25:45.258, 0, NVIDIA GeForce RTX 3080, 6215, 3837, 10240, 97, 98
2026/08/05 01:25:45.367, 0, NVIDIA GeForce RTX 3080, 6215, 3837, 10240, 97, 98
2026/08/05 01:25:45.476, 0, NVIDIA GeForce RTX 3080, 6215, 3837, 10240, 97, 98
2026/08/05 01:25:45.586, 0, NVIDIA GeForce RTX 3080, 6215, 3837, 10240, 97, 98
2026/08/05 01:25:45.694, 0, NVIDIA GeForce RTX 3080, 6215, 3837, 10240, 97, 98
2026/08/05 01:25:45.803, 0, NVIDIA GeForce RTX 3080, 6215, 3837, 10240, 97, 98
2026/08/05 01:25:45.912, 0, NVIDIA GeForce RTX 3080, 6215, 3837, 10240, 97, 98
2026/08/05 01:25:46.020, 0, NVIDIA GeForce RTX 3080, 6215, 3837, 10240, 97, 98
2026/08/05 01:25:46.130, 0, NVIDIA GeForce RTX 3080, 6215, 3837, 10240, 97, 98
2026/08/05 01:25:46.239, 0, NVIDIA GeForce RTX 3080, 6215, 3837, 10240, 97, 98
2026/08/05 01:25:46.349, 0, NVIDIA GeForce RTX 3080, 6215, 3837, 10240, 97, 98
2026/08/05 01:25:46.458, 0, NVIDIA GeForce RTX 3080, 6215, 3837, 10240, 97, 98
2026/08/05 01:25:46.567, 0, NVIDIA GeForce RTX 3080, 6215, 3837, 10240, 97, 98
2026/08/05 01:25:46.676, 0, NVIDIA GeForce RTX 3080, 6215, 3837, 10240, 97, 98
2026/08/05 01:25:46.786, 0, NVIDIA GeForce RTX 3080, 6215, 3837, 10240, 97, 98
2026/08/05 01:25:46.895, 0, NVIDIA GeForce RTX 3080, 6215, 3837, 10240, 97, 98
2026/08/05 01:25:47.004, 0, NVIDIA GeForce RTX 3080, 6215, 3837, 10240, 97, 98
2026/08/05 01:25:47.113, 0, NVIDIA GeForce RTX 3080, 6215, 3837, 10240, 97, 98
2026/08/05 01:25:47.222, 0, NVIDIA GeForce RTX 3080, 6215, 3837, 10240, 97, 98
2026/08/05 01:25:47.331, 0, NVIDIA GeForce RTX 3080, 6215, 3837, 10240, 97, 98
2026/08/05 01:25:47.440, 0, NVIDIA GeForce RTX 3080, 6215, 3837, 10240, 97, 98
2026/08/05 01:25:47.550, 0, NVIDIA GeForce RTX 3080, 6215, 3837, 10240, 97, 98
2026/08/05 01:25:47.660, 0, NVIDIA GeForce RTX 3080, 6215, 3837, 10240, 97, 98
2026/08/05 01:25:47.768, 0, NVIDIA GeForce RTX 3080, 6215, 3837, 10240, 97, 98
2026/08/05 01:25:47.877, 0, NVIDIA GeForce RTX 3080, 6215, 3837, 10240, 97, 98
2026/08/05 01:25:47.986, 0, NVIDIA GeForce RTX 3080, 6215, 3837, 10240, 97, 98
2026/08/05 01:25:48.095, 0, NVIDIA GeForce RTX 3080, 6215, 3837, 10240, 97, 98
2026/08/05 01:25:48.205, 0, NVIDIA GeForce RTX 3080, 6215, 3837, 10240, 97, 98
2026/08/05 01:25:48.314, 0, NVIDIA GeForce RTX 3080, 6215, 3837, 10240, 97, 97
2026/08/05 01:25:48.423, 0, NVIDIA GeForce RTX 3080, 6215, 3837, 10240, 97, 97
2026/08/05 01:25:48.533, 0, NVIDIA GeForce RTX 3080, 6215, 3837, 10240, 97, 97
2026/08/05 01:25:48.641, 0, NVIDIA GeForce RTX 3080, 6215, 3837, 10240, 97, 97
2026/08/05 01:25:48.751, 0, NVIDIA GeForce RTX 3080, 6215, 3837, 10240, 98, 97
2026/08/05 01:25:48.860, 0, NVIDIA GeForce RTX 3080, 6215, 3837, 10240, 98, 97
2026/08/05 01:25:48.969, 0, NVIDIA GeForce RTX 3080, 6215, 3837, 10240, 98, 97
2026/08/05 01:25:49.079, 0, NVIDIA GeForce RTX 3080, 6215, 3837, 10240, 98, 97
2026/08/05 01:25:49.188, 0, NVIDIA GeForce RTX 3080, 6215, 3837, 10240, 98, 97
2026/08/05 01:25:49.297, 0, NVIDIA GeForce RTX 3080, 6215, 3837, 10240, 98, 98
2026/08/05 01:25:49.407, 0, NVIDIA GeForce RTX 3080, 6215, 3837, 10240, 98, 98
2026/08/05 01:25:49.515, 0, NVIDIA GeForce RTX 3080, 6215, 3837, 10240, 98, 98
2026/08/05 01:25:49.624, 0, NVIDIA GeForce RTX 3080, 6215, 3837, 10240, 98, 98
2026/08/05 01:25:49.734, 0, NVIDIA GeForce RTX 3080, 6215, 3837, 10240, 98, 98
2026/08/05 01:25:49.844, 0, NVIDIA GeForce RTX 3080, 6215, 3837, 10240, 97, 97
2026/08/05 01:25:49.952, 0, NVIDIA GeForce RTX 3080, 6215, 3837, 10240, 97, 97
2026/08/05 01:25:50.061, 0, NVIDIA GeForce RTX 3080, 6215, 3837, 10240, 97, 97
2026/08/05 01:25:50.169, 0, NVIDIA GeForce RTX 3080, 6215, 3837, 10240, 97, 97
2026/08/05 01:25:50.278, 0, NVIDIA GeForce RTX 3080, 6215, 3837, 10240, 98, 97
2026/08/05 01:25:50.388, 0, NVIDIA GeForce RTX 3080, 6215, 3837, 10240, 98, 97
2026/08/05 01:25:50.496, 0, NVIDIA GeForce RTX 3080, 6215, 3837, 10240, 98, 97
2026/08/05 01:25:50.606, 0, NVIDIA GeForce RTX 3080, 6215, 3837, 10240, 98, 97
2026/08/05 01:25:50.716, 0, NVIDIA GeForce RTX 3080, 6215, 3837, 10240, 98, 97
2026/08/05 01:25:50.824, 0, NVIDIA GeForce RTX 3080, 6215, 3837, 10240, 98, 98
2026/08/05 01:25:50.934, 0, NVIDIA GeForce RTX 3080, 6215, 3837, 10240, 98, 98
2026/08/05 01:25:51.044, 0, NVIDIA GeForce RTX 3080, 6215, 3837, 10240, 98, 98
2026/08/05 01:25:51.151, 0, NVIDIA GeForce RTX 3080, 6215, 3837, 10240, 98, 98
2026/08/05 01:25:51.261, 0, NVIDIA GeForce RTX 3080, 6215, 3837, 10240, 98, 98
2026/08/05 01:25:51.370, 0, NVIDIA GeForce RTX 3080, 6215, 3837, 10240, 98, 98
2026/08/05 01:25:51.479, 0, NVIDIA GeForce RTX 3080, 6215, 3837, 10240, 98, 98
2026/08/05 01:25:51.589, 0, NVIDIA GeForce RTX 3080, 6215, 3837, 10240, 98, 98
2026/08/05 01:25:51.698, 0, NVIDIA GeForce RTX 3080, 6215, 3837, 10240, 98, 98
2026/08/05 01:25:51.807, 0, NVIDIA GeForce RTX 3080, 6215, 3837, 10240, 98, 98
2026/08/05 01:25:51.916, 0, NVIDIA GeForce RTX 3080, 6215, 3837, 10240, 98, 98
2026/08/05 01:25:52.024, 0, NVIDIA GeForce RTX 3080, 1393, 8659, 10240, 98, 98
2026/08/05 01:25:52.133, 0, NVIDIA GeForce RTX 3080, 1393, 8659, 10240, 98, 98
2026/08/05 01:25:52.243, 0, NVIDIA GeForce RTX 3080, 1393, 8659, 10240, 0, 0
2026/08/05 01:25:52.352, 0, NVIDIA GeForce RTX 3080, 1345, 8707, 10240, 0, 0
