timestamp,index,name,memory_used_mib,memory_free_mib,memory_total_mib,memory_utilization_percent,gpu_utilization_percent 
2026/08/05 01:25:52.539, 0, NVIDIA GeForce RTX 3080, 1172, 8880, 10240, 0, 0
2026/08/05 01:25:52.647, 0, NVIDIA GeForce RTX 3080, 1172, 8880, 10240, 0, 0
2026/08/05 01:25:52.758, 0, NVIDIA GeForce RTX 3080, 1191, 8861, 10240, 0, 0
2026/08/05 01:25:52.866, 0, NVIDIA GeForce RTX 3080, 1361, 8691, 10240, 0, 0
2026/08/05 01:25:52.976, 0, NVIDIA GeForce RTX 3080, 1361, 8691, 10240, 0, 0
2026/08/05 01:25:53.085, 0, NVIDIA GeForce RTX 3080, 1617, 8435, 10240, 0, 0
2026/08/05 01:25:53.194, 0, NVIDIA GeForce RTX 3080, 4617, 5435, 10240, 0, 0
2026/08/05 01:25:53.303, 0, NVIDIA GeForce RTX 3080, 4617, 5435, 10240, 4, 54
2026/08/05 01:25:53.412, 0, NVIDIA GeForce RTX 3080, 4617, 5435, 10240, 4, 54
2026/08/05 01:25:53.521, 0, NVIDIA GeForce RTX 3080, 4617, 5435, 10240, 4, 54
2026/08/05 01:25:53.630, 0, NVIDIA GeForce RTX 3080, 4617, 5435, 10240, 4, 54
2026/08/05 01:25:53.743, 0, NVIDIA GeForce RTX 3080, 4617, 5435, 10240, 1, 13
2026/08/05 01:25:53.852, 0, NVIDIA GeForce RTX 3080, 4617, 5435, 10240, 1, 13
2026/08/05 01:25:53.961, 0, NVIDIA GeForce RTX 3080, 4617, 5435, 10240, 1, 13
2026/08/05 01:25:54.069, 0, NVIDIA GeForce RTX 3080, 4617, 5435, 10240, 1, 13
2026/08/05 01:25:54.179, 0, NVIDIA GeForce RTX 3080, 4617, 5435, 10240, 1, 13
2026/08/05 01:25:54.288, 0, NVIDIA GeForce RTX 3080, 4967, 5085, 10240, 1, 13
2026/08/05 01:25:54.397, 0, NVIDIA GeForce RTX 3080, 4973, 5079, 10240, 1, 13
2026/08/05 01:25:54.507, 0, NVIDIA GeForce RTX 3080, 4973, 5079, 10240, 1, 13
2026/08/05 01:25:54.616, 0, NVIDIA GeForce RTX 3080, 4973, 5079, 10240, 1, 13
2026/08/05 01:25:54.725, 0, NVIDIA GeForce RTX 3080, 4973, 5079, 10240, 1, 13
2026/08/05 01:25:54.835, 0, NVIDIA GeForce RTX 3080, 4973, 5079, 10240, 59, 95
2026/08/05 01:25:54.944, 0, NVIDIA GeForce RTX 3080, 6493, 3559, 10240, 59, 95
2026/08/05 01:25:55.053, 0, NVIDIA GeForce RTX 3080, 6493, 3559, 10240, 59, 95
2026/08/05 01:25:55.163, 0, NVIDIA GeForce RTX 3080, 6493, 3559, 10240, 59, 95
2026/08/05 01:25:55.271, 0, NVIDIA GeForce RTX 3080, 6493, 3559, 10240, 96, 97
2026/08/05 01:25:55.381, 0, NVIDIA GeForce RTX 3080, 6493, 3559, 10240, 96, 97
2026/08/05 01:25:55.490, 0, NVIDIA GeForce RTX 3080, 6493, 3559, 10240, 96, 97
2026/08/05 01:25:55.599, 0, NVIDIA GeForce RTX 3080, 6493, 3559, 10240, 96, 97
2026/08/05 01:25:55.709, 0, NVIDIA GeForce RTX 3080, 6493, 3559, 10240, 96, 97
2026/08/05 01:25:55.818, 0, NVIDIA GeForce RTX 3080, 6493, 3559, 10240, 96, 97
2026/08/05 01:25:55.927, 0, NVIDIA GeForce RTX 3080, 6493, 3559, 10240, 96, 97
2026/08/05 01:25:56.036, 0, NVIDIA GeForce RTX 3080, 6493, 3559, 10240, 96, 97
2026/08/05 01:25:56.145, 0, NVIDIA GeForce RTX 3080, 6493, 3559, 10240, 96, 97
2026/08/05 01:25:56.254, 0, NVIDIA GeForce RTX 3080, 6493, 3559, 10240, 96, 97
2026/08/05 01:25:56.363, 0, NVIDIA GeForce RTX 3080, 6493, 3559, 10240, 96, 97
2026/08/05 01:25:56.472, 0, NVIDIA GeForce RTX 3080, 6493, 3559, 10240, 96, 97
2026/08/05 01:25:56.580, 0, NVIDIA GeForce RTX 3080, 6493, 3559, 10240, 96, 97
2026/08/05 01:25:56.690, 0, NVIDIA GeForce RTX 3080, 6493, 3559, 10240, 96, 97
2026/08/05 01:25:56.799, 0, NVIDIA GeForce RTX 3080, 6493, 3559, 10240, 96, 97
2026/08/05 01:25:56.908, 0, NVIDIA GeForce RTX 3080, 6493, 3559, 10240, 96, 97
2026/08/05 01:25:57.018, 0, NVIDIA GeForce RTX 3080, 6493, 3559, 10240, 96, 97
2026/08/05 01:25:57.126, 0, NVIDIA GeForce RTX 3080, 6493, 3559, 10240, 96, 97
2026/08/05 01:25:57.236, 0, NVIDIA GeForce RTX 3080, 6493, 3559, 10240, 96, 97
2026/08/05 01:25:57.345, 0, NVIDIA GeForce RTX 3080, 6493, 3559, 10240, 96, 97
2026/08/05 01:25:57.453, 0, NVIDIA GeForce RTX 3080, 6493, 3559, 10240, 96, 97
2026/08/05 01:25:57.563, 0, NVIDIA GeForce RTX 3080, 6493, 3559, 10240, 96, 97
2026/08/05 01:25:57.671, 0, NVIDIA GeForce RTX 3080, 6493, 3559, 10240, 96, 97
2026/08/05 01:25:57.781, 0, NVIDIA GeForce RTX 3080, 6493, 3559, 10240, 96, 97
2026/08/05 01:25:57.890, 0, NVIDIA GeForce RTX 3080, 6493, 3559, 10240, 96, 97
2026/08/05 01:25:57.998, 0, NVIDIA GeForce RTX 3080, 6493, 3559, 10240, 96, 97
2026/08/05 01:25:58.107, 0, NVIDIA GeForce RTX 3080, 6493, 3559, 10240, 96, 97
2026/08/05 01:25:58.215, 0, NVIDIA GeForce RTX 3080, 6493, 3559, 10240, 96, 97
2026/08/05 01:25:58.324, 0, NVIDIA GeForce RTX 3080, 6493, 3559, 10240, 96, 97
2026/08/05 01:25:58.433, 0, NVIDIA GeForce RTX 3080, 6493, 3559, 10240, 96, 97
2026/08/05 01:25:58.545, 0, NVIDIA GeForce RTX 3080, 6493, 3559, 10240, 96, 97
2026/08/05 01:25:58.654, 0, NVIDIA GeForce RTX 3080, 6493, 3559, 10240, 96, 97
2026/08/05 01:25:58.763, 0, NVIDIA GeForce RTX 3080, 6493, 3559, 10240, 96, 97
2026/08/05 01:25:58.873, 0, NVIDIA GeForce RTX 3080, 6493, 3559, 10240, 96, 97
2026/08/05 01:25:58.981, 0, NVIDIA GeForce RTX 3080, 6493, 3559, 10240, 96, 97
2026/08/05 01:25:59.090, 0, NVIDIA GeForce RTX 3080, 6493, 3559, 10240, 96, 97
2026/08/05 01:25:59.199, 0, NVIDIA GeForce RTX 3080, 6493, 3559, 10240, 96, 97
2026/08/05 01:25:59.308, 0, NVIDIA GeForce RTX 3080, 6493, 3559, 10240, 96, 97
2026/08/05 01:25:59.417, 0, NVIDIA GeForce RTX 3080, 6493, 3559, 10240, 96, 97
2026/08/05 01:25:59.526, 0, NVIDIA GeForce RTX 3080, 6493, 3559, 10240, 96, 97
2026/08/05 01:25:59.635, 0, NVIDIA GeForce RTX 3080, 6493, 3559, 10240, 96, 97
2026/08/05 01:25:59.744, 0, NVIDIA GeForce RTX 3080, 6493, 3559, 10240, 93, 95
2026/08/05 01:25:59.853, 0, NVIDIA GeForce RTX 3080, 6493, 3559, 10240, 93, 95
2026/08/05 01:25:59.962, 0, NVIDIA GeForce RTX 3080, 6493, 3559, 10240, 93, 95
2026/08/05 01:26:00.071, 0, NVIDIA GeForce RTX 3080, 6493, 3559, 10240, 93, 95
2026/08/05 01:26:00.180, 0, NVIDIA GeForce RTX 3080, 6493, 3559, 10240, 93, 95
2026/08/05 01:26:00.289, 0, NVIDIA GeForce RTX 3080, 6493, 3559, 10240, 96, 98
2026/08/05 01:26:00.398, 0, NVIDIA GeForce RTX 3080, 6493, 3559, 10240, 96, 98
2026/08/05 01:26:00.507, 0, NVIDIA GeForce RTX 3080, 6493, 3559, 10240, 96, 98
2026/08/05 01:26:00.617, 0, NVIDIA GeForce RTX 3080, 6493, 3559, 10240, 96, 98
2026/08/05 01:26:00.724, 0, NVIDIA GeForce RTX 3080, 6493, 3559, 10240, 96, 98
2026/08/05 01:26:00.834, 0, NVIDIA GeForce RTX 3080, 6493, 3559, 10240, 96, 97
2026/08/05 01:26:00.944, 0, NVIDIA GeForce RTX 3080, 6493, 3559, 10240, 96, 97
2026/08/05 01:26:01.052, 0, NVIDIA GeForce RTX 3080, 6493, 3559, 10240, 96, 97
2026/08/05 01:26:01.161, 0, NVIDIA GeForce RTX 3080, 6493, 3559, 10240, 96, 97
2026/08/05 01:26:01.268, 0, NVIDIA GeForce RTX 3080, 6493, 3559, 10240, 96, 97
2026/08/05 01:26:01.378, 0, NVIDIA GeForce RTX 3080, 6493, 3559, 10240, 96, 97
2026/08/05 01:26:01.487, 0, NVIDIA GeForce RTX 3080, 6493, 3559, 10240, 96, 97
2026/08/05 01:26:01.595, 0, NVIDIA GeForce RTX 3080, 6493, 3559, 10240, 96, 97
2026/08/05 01:26:01.705, 0, NVIDIA GeForce RTX 3080, 6493, 3559, 10240, 96, 97
2026/08/05 01:26:01.815, 0, NVIDIA GeForce RTX 3080, 6493, 3559, 10240, 96, 97
2026/08/05 01:26:01.923, 0, NVIDIA GeForce RTX 3080, 6493, 3559, 10240, 96, 97
2026/08/05 01:26:02.033, 0, NVIDIA GeForce RTX 3080, 6493, 3559, 10240, 96, 97
2026/08/05 01:26:02.141, 0, NVIDIA GeForce RTX 3080, 6493, 3559, 10240, 96, 97
2026/08/05 01:26:02.251, 0, NVIDIA GeForce RTX 3080, 6493, 3559, 10240, 96, 98
2026/08/05 01:26:02.359, 0, NVIDIA GeForce RTX 3080, 6493, 3559, 10240, 96, 98
2026/08/05 01:26:02.468, 0, NVIDIA GeForce RTX 3080, 6493, 3559, 10240, 96, 98
2026/08/05 01:26:02.578, 0, NVIDIA GeForce RTX 3080, 6493, 3559, 10240, 96, 98
2026/08/05 01:26:02.687, 0, NVIDIA GeForce RTX 3080, 6493, 3559, 10240, 96, 98
2026/08/05 01:26:02.796, 0, NVIDIA GeForce RTX 3080, 6493, 3559, 10240, 96, 97
2026/08/05 01:26:02.906, 0, NVIDIA GeForce RTX 3080, 6493, 3559, 10240, 96, 97
2026/08/05 01:26:03.015, 0, NVIDIA GeForce RTX 3080, 6493, 3559, 10240, 96, 97
2026/08/05 01:26:03.124, 0, NVIDIA GeForce RTX 3080, 6493, 3559, 10240, 96, 97
2026/08/05 01:26:03.233, 0, NVIDIA GeForce RTX 3080, 6493, 3559, 10240, 96, 97
2026/08/05 01:26:03.343, 0, NVIDIA GeForce RTX 3080, 6493, 3559, 10240, 96, 97
2026/08/05 01:26:03.452, 0, NVIDIA GeForce RTX 3080, 6493, 3559, 10240, 96, 97
2026/08/05 01:26:03.561, 0, NVIDIA GeForce RTX 3080, 6493, 3559, 10240, 96, 97
2026/08/05 01:26:03.670, 0, NVIDIA GeForce RTX 3080, 6493, 3559, 10240, 96, 97
2026/08/05 01:26:03.779, 0, NVIDIA GeForce RTX 3080, 6493, 3559, 10240, 96, 98
2026/08/05 01:26:03.888, 0, NVIDIA GeForce RTX 3080, 6493, 3559, 10240, 96, 98
2026/08/05 01:26:03.997, 0, NVIDIA GeForce RTX 3080, 6493, 3559, 10240, 96, 98
2026/08/05 01:26:04.106, 0, NVIDIA GeForce RTX 3080, 6493, 3559, 10240, 96, 98
2026/08/05 01:26:04.215, 0, NVIDIA GeForce RTX 3080, 6493, 3559, 10240, 96, 98
2026/08/05 01:26:04.324, 0, NVIDIA GeForce RTX 3080, 6493, 3559, 10240, 96, 97
2026/08/05 01:26:04.433, 0, NVIDIA GeForce RTX 3080, 6493, 3559, 10240, 96, 97
2026/08/05 01:26:04.542, 0, NVIDIA GeForce RTX 3080, 6493, 3559, 10240, 96, 97
2026/08/05 01:26:04.650, 0, NVIDIA GeForce RTX 3080, 6493, 3559, 10240, 96, 97
2026/08/05 01:26:04.760, 0, NVIDIA GeForce RTX 3080, 6493, 3559, 10240, 97, 98
2026/08/05 01:26:04.867, 0, NVIDIA GeForce RTX 3080, 6493, 3559, 10240, 97, 98
2026/08/05 01:26:04.977, 0, NVIDIA GeForce RTX 3080, 6493, 3559, 10240, 97, 98
2026/08/05 01:26:05.086, 0, NVIDIA GeForce RTX 3080, 6493, 3559, 10240, 97, 98
2026/08/05 01:26:05.195, 0, NVIDIA GeForce RTX 3080, 6493, 3559, 10240, 97, 98
2026/08/05 01:26:05.304, 0, NVIDIA GeForce RTX 3080, 6493, 3559, 10240, 97, 98
2026/08/05 01:26:05.413, 0, NVIDIA GeForce RTX 3080, 6493, 3559, 10240, 97, 98
2026/08/05 01:26:05.521, 0, NVIDIA GeForce RTX 3080, 6493, 3559, 10240, 97, 98
2026/08/05 01:26:05.630, 0, NVIDIA GeForce RTX 3080, 6493, 3559, 10240, 97, 98
2026/08/05 01:26:05.738, 0, NVIDIA GeForce RTX 3080, 6493, 3559, 10240, 97, 98
2026/08/05 01:26:05.847, 0, NVIDIA GeForce RTX 3080, 6493, 3559, 10240, 96, 97
2026/08/05 01:26:05.956, 0, NVIDIA GeForce RTX 3080, 6493, 3559, 10240, 96, 97
2026/08/05 01:26:06.065, 0, NVIDIA GeForce RTX 3080, 6493, 3559, 10240, 96, 97
2026/08/05 01:26:06.174, 0, NVIDIA GeForce RTX 3080, 6493, 3559, 10240, 96, 97
2026/08/05 01:26:06.284, 0, NVIDIA GeForce RTX 3080, 6493, 3559, 10240, 95, 96
2026/08/05 01:26:06.393, 0, NVIDIA GeForce RTX 3080, 6493, 3559, 10240, 95, 96
2026/08/05 01:26:06.501, 0, NVIDIA GeForce RTX 3080, 6493, 3559, 10240, 95, 96
2026/08/05 01:26:06.610, 0, NVIDIA GeForce RTX 3080, 6493, 3559, 10240, 95, 96
2026/08/05 01:26:06.720, 0, NVIDIA GeForce RTX 3080, 6493, 3559, 10240, 95, 96
2026/08/05 01:26:06.829, 0, NVIDIA GeForce RTX 3080, 6493, 3559, 10240, 97, 97
2026/08/05 01:26:06.938, 0, NVIDIA GeForce RTX 3080, 6493, 3559, 10240, 97, 97
2026/08/05 01:26:07.048, 0, NVIDIA GeForce RTX 3080, 6493, 3559, 10240, 97, 97
2026/08/05 01:26:07.157, 0, NVIDIA GeForce RTX 3080, 6493, 3559, 10240, 97, 97
2026/08/05 01:26:07.266, 0, NVIDIA GeForce RTX 3080, 6493, 3559, 10240, 97, 97
2026/08/05 01:26:07.374, 0, NVIDIA GeForce RTX 3080, 6493, 3559, 10240, 97, 97
2026/08/05 01:26:07.484, 0, NVIDIA GeForce RTX 3080, 6493, 3559, 10240, 97, 97
2026/08/05 01:26:07.591, 0, NVIDIA GeForce RTX 3080, 6493, 3559, 10240, 97, 97
2026/08/05 01:26:07.701, 0, NVIDIA GeForce RTX 3080, 6493, 3559, 10240, 97, 97
2026/08/05 01:26:07.809, 0, NVIDIA GeForce RTX 3080, 6493, 3559, 10240, 97, 98
2026/08/05 01:26:07.919, 0, NVIDIA GeForce RTX 3080, 6493, 3559, 10240, 97, 98
2026/08/05 01:26:08.029, 0, NVIDIA GeForce RTX 3080, 6493, 3559, 10240, 97, 98
2026/08/05 01:26:08.137, 0, NVIDIA GeForce RTX 3080, 6493, 3559, 10240, 97, 98
2026/08/05 01:26:08.247, 0, NVIDIA GeForce RTX 3080, 6493, 3559, 10240, 96, 97
2026/08/05 01:26:08.356, 0, NVIDIA GeForce RTX 3080, 6493, 3559, 10240, 96, 97
2026/08/05 01:26:08.465, 0, NVIDIA GeForce RTX 3080, 6493, 3559, 10240, 96, 97
2026/08/05 01:26:08.575, 0, NVIDIA GeForce RTX 3080, 6493, 3559, 10240, 96, 97
2026/08/05 01:26:08.684, 0, NVIDIA GeForce RTX 3080, 6493, 3559, 10240, 96, 97
2026/08/05 01:26:08.793, 0, NVIDIA GeForce RTX 3080, 6493, 3559, 10240, 97, 98
2026/08/05 01:26:08.903, 0, NVIDIA GeForce RTX 3080, 6493, 3559, 10240, 97, 98
2026/08/05 01:26:09.012, 0, NVIDIA GeForce RTX 3080, 6493, 3559, 10240, 97, 98
2026/08/05 01:26:09.120, 0, NVIDIA GeForce RTX 3080, 6493, 3559, 10240, 97, 98
2026/08/05 01:26:09.230, 0, NVIDIA GeForce RTX 3080, 6493, 3559, 10240, 97, 98
2026/08/05 01:26:09.338, 0, NVIDIA GeForce RTX 3080, 6493, 3559, 10240, 96, 97
2026/08/05 01:26:09.448, 0, NVIDIA GeForce RTX 3080, 6493, 3559, 10240, 96, 97
2026/08/05 01:26:09.558, 0, NVIDIA GeForce RTX 3080, 6493, 3559, 10240, 96, 97
2026/08/05 01:26:09.665, 0, NVIDIA GeForce RTX 3080, 6493, 3559, 10240, 96, 97
2026/08/05 01:26:09.775, 0, NVIDIA GeForce RTX 3080, 6493, 3559, 10240, 97, 97
2026/08/05 01:26:09.884, 0, NVIDIA GeForce RTX 3080, 6493, 3559, 10240, 97, 97
2026/08/05 01:26:09.993, 0, NVIDIA GeForce RTX 3080, 6493, 3559, 10240, 97, 97
2026/08/05 01:26:10.102, 0, NVIDIA GeForce RTX 3080, 6493, 3559, 10240, 97, 97
2026/08/05 01:26:10.211, 0, NVIDIA GeForce RTX 3080, 6493, 3559, 10240, 97, 97
2026/08/05 01:26:10.321, 0, NVIDIA GeForce RTX 3080, 6493, 3559, 10240, 97, 97
2026/08/05 01:26:10.430, 0, NVIDIA GeForce RTX 3080, 6493, 3559, 10240, 97, 97
2026/08/05 01:26:10.539, 0, NVIDIA GeForce RTX 3080, 6493, 3559, 10240, 97, 97
2026/08/05 01:26:10.648, 0, NVIDIA GeForce RTX 3080, 6493, 3559, 10240, 97, 97
2026/08/05 01:26:10.758, 0, NVIDIA GeForce RTX 3080, 6493, 3559, 10240, 97, 98
2026/08/05 01:26:10.867, 0, NVIDIA GeForce RTX 3080, 6493, 3559, 10240, 97, 98
2026/08/05 01:26:10.976, 0, NVIDIA GeForce RTX 3080, 6493, 3559, 10240, 97, 98
2026/08/05 01:26:11.084, 0, NVIDIA GeForce RTX 3080, 6493, 3559, 10240, 97, 98
2026/08/05 01:26:11.192, 0, NVIDIA GeForce RTX 3080, 6493, 3559, 10240, 97, 98
2026/08/05 01:26:11.302, 0, NVIDIA GeForce RTX 3080, 6493, 3559, 10240, 97, 98
2026/08/05 01:26:11.411, 0, NVIDIA GeForce RTX 3080, 6493, 3559, 10240, 97, 98
2026/08/05 01:26:11.520, 0, NVIDIA GeForce RTX 3080, 6493, 3559, 10240, 97, 98
2026/08/05 01:26:11.630, 0, NVIDIA GeForce RTX 3080, 6493, 3559, 10240, 97, 98
2026/08/05 01:26:11.738, 0, NVIDIA GeForce RTX 3080, 6493, 3559, 10240, 97, 98
2026/08/05 01:26:11.848, 0, NVIDIA GeForce RTX 3080, 6493, 3559, 10240, 97, 97
2026/08/05 01:26:11.956, 0, NVIDIA GeForce RTX 3080, 6493, 3559, 10240, 97, 97
2026/08/05 01:26:12.065, 0, NVIDIA GeForce RTX 3080, 6493, 3559, 10240, 97, 97
2026/08/05 01:26:12.175, 0, NVIDIA GeForce RTX 3080, 6493, 3559, 10240, 97, 97
2026/08/05 01:26:12.284, 0, NVIDIA GeForce RTX 3080, 6493, 3559, 10240, 97, 97
2026/08/05 01:26:12.393, 0, NVIDIA GeForce RTX 3080, 6493, 3559, 10240, 97, 97
2026/08/05 01:26:12.502, 0, NVIDIA GeForce RTX 3080, 6493, 3559, 10240, 97, 97
2026/08/05 01:26:12.611, 0, NVIDIA GeForce RTX 3080, 6493, 3559, 10240, 97, 97
2026/08/05 01:26:12.721, 0, NVIDIA GeForce RTX 3080, 6493, 3559, 10240, 97, 97
2026/08/05 01:26:12.823, 0, NVIDIA GeForce RTX 3080, 6493, 3559, 10240, 97, 98
2026/08/05 01:26:12.931, 0, NVIDIA GeForce RTX 3080, 6493, 3559, 10240, 97, 98
2026/08/05 01:26:13.041, 0, NVIDIA GeForce RTX 3080, 6493, 3559, 10240, 97, 98
2026/08/05 01:26:13.149, 0, NVIDIA GeForce RTX 3080, 6493, 3559, 10240, 97, 98
2026/08/05 01:26:13.258, 0, NVIDIA GeForce RTX 3080, 6493, 3559, 10240, 97, 98
2026/08/05 01:26:13.367, 0, NVIDIA GeForce RTX 3080, 6493, 3559, 10240, 97, 98
2026/08/05 01:26:13.476, 0, NVIDIA GeForce RTX 3080, 6493, 3559, 10240, 97, 98
2026/08/05 01:26:13.585, 0, NVIDIA GeForce RTX 3080, 6493, 3559, 10240, 97, 98
2026/08/05 01:26:13.695, 0, NVIDIA GeForce RTX 3080, 6493, 3559, 10240, 97, 98
2026/08/05 01:26:13.804, 0, NVIDIA GeForce RTX 3080, 6493, 3559, 10240, 97, 98
2026/08/05 01:26:13.913, 0, NVIDIA GeForce RTX 3080, 6493, 3559, 10240, 97, 98
2026/08/05 01:26:14.023, 0, NVIDIA GeForce RTX 3080, 6493, 3559, 10240, 97, 98
2026/08/05 01:26:14.131, 0, NVIDIA GeForce RTX 3080, 6493, 3559, 10240, 97, 98
2026/08/05 01:26:14.240, 0, NVIDIA GeForce RTX 3080, 6493, 3559, 10240, 98, 98
2026/08/05 01:26:14.349, 0, NVIDIA GeForce RTX 3080, 6493, 3559, 10240, 98, 98
2026/08/05 01:26:14.459, 0, NVIDIA GeForce RTX 3080, 6493, 3559, 10240, 98, 98
2026/08/05 01:26:14.568, 0, NVIDIA GeForce RTX 3080, 6493, 3559, 10240, 98, 98
2026/08/05 01:26:14.677, 0, NVIDIA GeForce RTX 3080, 6493, 3559, 10240, 98, 98
2026/08/05 01:26:14.786, 0, NVIDIA GeForce RTX 3080, 6493, 3559, 10240, 95, 96
2026/08/05 01:26:14.896, 0, NVIDIA GeForce RTX 3080, 6493, 3559, 10240, 95, 96
2026/08/05 01:26:15.004, 0, NVIDIA GeForce RTX 3080, 6493, 3559, 10240, 95, 96
2026/08/05 01:26:15.114, 0, NVIDIA GeForce RTX 3080, 6493, 3559, 10240, 95, 96
2026/08/05 01:26:15.221, 0, NVIDIA GeForce RTX 3080, 6493, 3559, 10240, 95, 96
2026/08/05 01:26:15.330, 0, NVIDIA GeForce RTX 3080, 6493, 3559, 10240, 97, 98
2026/08/05 01:26:15.440, 0, NVIDIA GeForce RTX 3080, 6493, 3559, 10240, 97, 98
2026/08/05 01:26:15.548, 0, NVIDIA GeForce RTX 3080, 6493, 3559, 10240, 97, 98
2026/08/05 01:26:15.658, 0, NVIDIA GeForce RTX 3080, 6493, 3559, 10240, 97, 98
2026/08/05 01:26:15.767, 0, NVIDIA GeForce RTX 3080, 6493, 3559, 10240, 97, 97
2026/08/05 01:26:15.876, 0, NVIDIA GeForce RTX 3080, 6493, 3559, 10240, 97, 97
2026/08/05 01:26:15.986, 0, NVIDIA GeForce RTX 3080, 6493, 3559, 10240, 97, 97
2026/08/05 01:26:16.095, 0, NVIDIA GeForce RTX 3080, 6493, 3559, 10240, 97, 97
2026/08/05 01:26:16.204, 0, NVIDIA GeForce RTX 3080, 6493, 3559, 10240, 97, 97
2026/08/05 01:26:16.313, 0, NVIDIA GeForce RTX 3080, 6493, 3559, 10240, 97, 98
2026/08/05 01:26:16.423, 0, NVIDIA GeForce RTX 3080, 6493, 3559, 10240, 97, 98
2026/08/05 01:26:16.532, 0, NVIDIA GeForce RTX 3080, 6493, 3559, 10240, 97, 98
2026/08/05 01:26:16.641, 0, NVIDIA GeForce RTX 3080, 6493, 3559, 10240, 97, 98
2026/08/05 01:26:16.750, 0, NVIDIA GeForce RTX 3080, 6493, 3559, 10240, 97, 98
2026/08/05 01:26:16.858, 0, NVIDIA GeForce RTX 3080, 6493, 3559, 10240, 97, 98
2026/08/05 01:26:16.968, 0, NVIDIA GeForce RTX 3080, 6493, 3559, 10240, 97, 98
2026/08/05 01:26:17.077, 0, NVIDIA GeForce RTX 3080, 6493, 3559, 10240, 97, 98
2026/08/05 01:26:17.186, 0, NVIDIA GeForce RTX 3080, 6493, 3559, 10240, 97, 98
2026/08/05 01:26:17.296, 0, NVIDIA GeForce RTX 3080, 6493, 3559, 10240, 97, 97
2026/08/05 01:26:17.404, 0, NVIDIA GeForce RTX 3080, 6493, 3559, 10240, 97, 97
2026/08/05 01:26:17.514, 0, NVIDIA GeForce RTX 3080, 6493, 3559, 10240, 97, 97
2026/08/05 01:26:17.623, 0, NVIDIA GeForce RTX 3080, 6493, 3559, 10240, 97, 97
2026/08/05 01:26:17.731, 0, NVIDIA GeForce RTX 3080, 6493, 3559, 10240, 97, 97
2026/08/05 01:26:17.840, 0, NVIDIA GeForce RTX 3080, 6493, 3559, 10240, 97, 98
2026/08/05 01:26:17.948, 0, NVIDIA GeForce RTX 3080, 6493, 3559, 10240, 97, 98
2026/08/05 01:26:18.058, 0, NVIDIA GeForce RTX 3080, 6493, 3559, 10240, 97, 98
2026/08/05 01:26:18.167, 0, NVIDIA GeForce RTX 3080, 6493, 3559, 10240, 97, 98
2026/08/05 01:26:18.276, 0, NVIDIA GeForce RTX 3080, 6493, 3559, 10240, 98, 98
2026/08/05 01:26:18.385, 0, NVIDIA GeForce RTX 3080, 6493, 3559, 10240, 98, 98
2026/08/05 01:26:18.494, 0, NVIDIA GeForce RTX 3080, 6493, 3559, 10240, 98, 98
2026/08/05 01:26:18.603, 0, NVIDIA GeForce RTX 3080, 6493, 3559, 10240, 98, 98
2026/08/05 01:26:18.712, 0, NVIDIA GeForce RTX 3080, 6493, 3559, 10240, 98, 98
2026/08/05 01:26:18.822, 0, NVIDIA GeForce RTX 3080, 6493, 3559, 10240, 98, 98
2026/08/05 01:26:18.930, 0, NVIDIA GeForce RTX 3080, 6493, 3559, 10240, 98, 98
2026/08/05 01:26:19.038, 0, NVIDIA GeForce RTX 3080, 6493, 3559, 10240, 98, 98
2026/08/05 01:26:19.147, 0, NVIDIA GeForce RTX 3080, 6493, 3559, 10240, 98, 98
2026/08/05 01:26:19.257, 0, NVIDIA GeForce RTX 3080, 6493, 3559, 10240, 97, 97
2026/08/05 01:26:19.366, 0, NVIDIA GeForce RTX 3080, 6493, 3559, 10240, 97, 97
2026/08/05 01:26:19.475, 0, NVIDIA GeForce RTX 3080, 6493, 3559, 10240, 97, 97
2026/08/05 01:26:19.584, 0, NVIDIA GeForce RTX 3080, 6493, 3559, 10240, 97, 97
2026/08/05 01:26:19.693, 0, NVIDIA GeForce RTX 3080, 6493, 3559, 10240, 97, 97
2026/08/05 01:26:19.802, 0, NVIDIA GeForce RTX 3080, 6493, 3559, 10240, 98, 98
2026/08/05 01:26:19.911, 0, NVIDIA GeForce RTX 3080, 6493, 3559, 10240, 98, 98
2026/08/05 01:26:20.020, 0, NVIDIA GeForce RTX 3080, 6493, 3559, 10240, 98, 98
2026/08/05 01:26:20.130, 0, NVIDIA GeForce RTX 3080, 6493, 3559, 10240, 98, 98
2026/08/05 01:26:20.238, 0, NVIDIA GeForce RTX 3080, 6493, 3559, 10240, 98, 98
2026/08/05 01:26:20.347, 0, NVIDIA GeForce RTX 3080, 6493, 3559, 10240, 98, 98
2026/08/05 01:26:20.456, 0, NVIDIA GeForce RTX 3080, 6493, 3559, 10240, 98, 98
2026/08/05 01:26:20.565, 0, NVIDIA GeForce RTX 3080, 6493, 3559, 10240, 98, 98
2026/08/05 01:26:20.674, 0, NVIDIA GeForce RTX 3080, 6493, 3559, 10240, 98, 98
2026/08/05 01:26:20.782, 0, NVIDIA GeForce RTX 3080, 6493, 3559, 10240, 98, 97
2026/08/05 01:26:20.895, 0, NVIDIA GeForce RTX 3080, 6493, 3559, 10240, 98, 97
2026/08/05 01:26:21.003, 0, NVIDIA GeForce RTX 3080, 6493, 3559, 10240, 98, 97
2026/08/05 01:26:21.113, 0, NVIDIA GeForce RTX 3080, 6493, 3559, 10240, 98, 97
2026/08/05 01:26:21.221, 0, NVIDIA GeForce RTX 3080, 6493, 3559, 10240, 98, 97
2026/08/05 01:26:21.331, 0, NVIDIA GeForce RTX 3080, 6493, 3559, 10240, 98, 98
2026/08/05 01:26:21.440, 0, NVIDIA GeForce RTX 3080, 6493, 3559, 10240, 98, 98
2026/08/05 01:26:21.549, 0, NVIDIA GeForce RTX 3080, 6493, 3559, 10240, 98, 98
2026/08/05 01:26:21.658, 0, NVIDIA GeForce RTX 3080, 6493, 3559, 10240, 98, 98
2026/08/05 01:26:21.767, 0, NVIDIA GeForce RTX 3080, 6493, 3559, 10240, 96, 97
2026/08/05 01:26:21.876, 0, NVIDIA GeForce RTX 3080, 6493, 3559, 10240, 96, 97
2026/08/05 01:26:21.985, 0, NVIDIA GeForce RTX 3080, 6493, 3559, 10240, 96, 97
2026/08/05 01:26:22.095, 0, NVIDIA GeForce RTX 3080, 6493, 3559, 10240, 96, 97
2026/08/05 01:26:22.204, 0, NVIDIA GeForce RTX 3080, 6493, 3559, 10240, 96, 97
2026/08/05 01:26:22.313, 0, NVIDIA GeForce RTX 3080, 6493, 3559, 10240, 96, 97
2026/08/05 01:26:22.423, 0, NVIDIA GeForce RTX 3080, 6493, 3559, 10240, 96, 97
2026/08/05 01:26:22.530, 0, NVIDIA GeForce RTX 3080, 6493, 3559, 10240, 96, 97
2026/08/05 01:26:22.640, 0, NVIDIA GeForce RTX 3080, 6493, 3559, 10240, 96, 97
2026/08/05 01:26:22.748, 0, NVIDIA GeForce RTX 3080, 6493, 3559, 10240, 96, 97
2026/08/05 01:26:22.857, 0, NVIDIA GeForce RTX 3080, 6493, 3559, 10240, 96, 97
2026/08/05 01:26:22.966, 0, NVIDIA GeForce RTX 3080, 6493, 3559, 10240, 96, 97
2026/08/05 01:26:23.075, 0, NVIDIA GeForce RTX 3080, 6493, 3559, 10240, 96, 97
2026/08/05 01:26:23.184, 0, NVIDIA GeForce RTX 3080, 6493, 3559, 10240, 96, 97
2026/08/05 01:26:23.294, 0, NVIDIA GeForce RTX 3080, 6493, 3559, 10240, 93, 96
2026/08/05 01:26:23.403, 0, NVIDIA GeForce RTX 3080, 6493, 3559, 10240, 93, 96
2026/08/05 01:26:23.512, 0, NVIDIA GeForce RTX 3080, 6493, 3559, 10240, 93, 96
2026/08/05 01:26:23.621, 0, NVIDIA GeForce RTX 3080, 6493, 3559, 10240, 93, 96
2026/08/05 01:26:23.731, 0, NVIDIA GeForce RTX 3080, 6493, 3559, 10240, 93, 96
2026/08/05 01:26:23.839, 0, NVIDIA GeForce RTX 3080, 6493, 3559, 10240, 96, 98
2026/08/05 01:26:23.948, 0, NVIDIA GeForce RTX 3080, 6493, 3559, 10240, 96, 98
2026/08/05 01:26:24.057, 0, NVIDIA GeForce RTX 3080, 6493, 3559, 10240, 96, 98
2026/08/05 01:26:24.166, 0, NVIDIA GeForce RTX 3080, 6493, 3559, 10240, 96, 98
2026/08/05 01:26:24.275, 0, NVIDIA GeForce RTX 3080, 6493, 3559, 10240, 96, 97
2026/08/05 01:26:24.384, 0, NVIDIA GeForce RTX 3080, 6493, 3559, 10240, 96, 97
2026/08/05 01:26:24.494, 0, NVIDIA GeForce RTX 3080, 6493, 3559, 10240, 96, 97
2026/08/05 01:26:24.603, 0, NVIDIA GeForce RTX 3080, 6493, 3559, 10240, 96, 97
2026/08/05 01:26:24.712, 0, NVIDIA GeForce RTX 3080, 6493, 3559, 10240, 96, 97
2026/08/05 01:26:24.821, 0, NVIDIA GeForce RTX 3080, 6493, 3559, 10240, 93, 95
2026/08/05 01:26:24.929, 0, NVIDIA GeForce RTX 3080, 6493, 3559, 10240, 93, 95
2026/08/05 01:26:25.039, 0, NVIDIA GeForce RTX 3080, 6493, 3559, 10240, 93, 95
2026/08/05 01:26:25.147, 0, NVIDIA GeForce RTX 3080, 6493, 3559, 10240, 93, 95
2026/08/05 01:26:25.258, 0, NVIDIA GeForce RTX 3080, 6493, 3559, 10240, 96, 97
2026/08/05 01:26:25.367, 0, NVIDIA GeForce RTX 3080, 6493, 3559, 10240, 96, 97
2026/08/05 01:26:25.476, 0, NVIDIA GeForce RTX 3080, 6493, 3559, 10240, 96, 97
2026/08/05 01:26:25.585, 0, NVIDIA GeForce RTX 3080, 6493, 3559, 10240, 96, 97
2026/08/05 01:26:25.695, 0, NVIDIA GeForce RTX 3080, 6493, 3559, 10240, 96, 97
2026/08/05 01:26:25.804, 0, NVIDIA GeForce RTX 3080, 6493, 3559, 10240, 96, 97
2026/08/05 01:26:25.913, 0, NVIDIA GeForce RTX 3080, 6493, 3559, 10240, 96, 97
2026/08/05 01:26:26.023, 0, NVIDIA GeForce RTX 3080, 6493, 3559, 10240, 96, 97
2026/08/05 01:26:26.132, 0, NVIDIA GeForce RTX 3080, 6493, 3559, 10240, 96, 97
2026/08/05 01:26:26.241, 0, NVIDIA GeForce RTX 3080, 6493, 3559, 10240, 96, 98
2026/08/05 01:26:26.350, 0, NVIDIA GeForce RTX 3080, 6493, 3559, 10240, 96, 98
2026/08/05 01:26:26.459, 0, NVIDIA GeForce RTX 3080, 6493, 3559, 10240, 96, 98
2026/08/05 01:26:26.569, 0, NVIDIA GeForce RTX 3080, 6493, 3559, 10240, 96, 98
2026/08/05 01:26:26.678, 0, NVIDIA GeForce RTX 3080, 6493, 3559, 10240, 96, 98
2026/08/05 01:26:26.787, 0, NVIDIA GeForce RTX 3080, 6493, 3559, 10240, 96, 97
2026/08/05 01:26:26.893, 0, NVIDIA GeForce RTX 3080, 6493, 3559, 10240, 96, 97
2026/08/05 01:26:27.002, 0, NVIDIA GeForce RTX 3080, 6493, 3559, 10240, 96, 97
2026/08/05 01:26:27.111, 0, NVIDIA GeForce RTX 3080, 6493, 3559, 10240, 96, 97
2026/08/05 01:26:27.220, 0, NVIDIA GeForce RTX 3080, 6493, 3559, 10240, 96, 97
2026/08/05 01:26:27.329, 0, NVIDIA GeForce RTX 3080, 6493, 3559, 10240, 96, 97
2026/08/05 01:26:27.438, 0, NVIDIA GeForce RTX 3080, 6493, 3559, 10240, 96, 97
2026/08/05 01:26:27.547, 0, NVIDIA GeForce RTX 3080, 6493, 3559, 10240, 96, 97
2026/08/05 01:26:27.656, 0, NVIDIA GeForce RTX 3080, 6493, 3559, 10240, 96, 97
2026/08/05 01:26:27.766, 0, NVIDIA GeForce RTX 3080, 6493, 3559, 10240, 96, 97
2026/08/05 01:26:27.875, 0, NVIDIA GeForce RTX 3080, 6493, 3559, 10240, 96, 97
2026/08/05 01:26:27.984, 0, NVIDIA GeForce RTX 3080, 6493, 3559, 10240, 96, 97
2026/08/05 01:26:28.094, 0, NVIDIA GeForce RTX 3080, 6493, 3559, 10240, 96, 97
2026/08/05 01:26:28.203, 0, NVIDIA GeForce RTX 3080, 6493, 3559, 10240, 96, 97
2026/08/05 01:26:28.312, 0, NVIDIA GeForce RTX 3080, 6493, 3559, 10240, 96, 97
2026/08/05 01:26:28.421, 0, NVIDIA GeForce RTX 3080, 6493, 3559, 10240, 96, 97
2026/08/05 01:26:28.529, 0, NVIDIA GeForce RTX 3080, 6493, 3559, 10240, 96, 97
2026/08/05 01:26:28.639, 0, NVIDIA GeForce RTX 3080, 6493, 3559, 10240, 96, 97
2026/08/05 01:26:28.748, 0, NVIDIA GeForce RTX 3080, 6493, 3559, 10240, 96, 98
2026/08/05 01:26:28.872, 0, NVIDIA GeForce RTX 3080, 6493, 3559, 10240, 96, 98
2026/08/05 01:26:28.981, 0, NVIDIA GeForce RTX 3080, 6493, 3559, 10240, 96, 98
2026/08/05 01:26:29.090, 0, NVIDIA GeForce RTX 3080, 6493, 3559, 10240, 96, 98
2026/08/05 01:26:29.198, 0, NVIDIA GeForce RTX 3080, 6493, 3559, 10240, 96, 98
2026/08/05 01:26:29.306, 0, NVIDIA GeForce RTX 3080, 6493, 3559, 10240, 96, 98
2026/08/05 01:26:29.415, 0, NVIDIA GeForce RTX 3080, 6493, 3559, 10240, 96, 98
2026/08/05 01:26:29.524, 0, NVIDIA GeForce RTX 3080, 6493, 3559, 10240, 96, 98
2026/08/05 01:26:29.633, 0, NVIDIA GeForce RTX 3080, 6493, 3559, 10240, 96, 98
2026/08/05 01:26:29.743, 0, NVIDIA GeForce RTX 3080, 6493, 3559, 10240, 96, 97
2026/08/05 01:26:29.851, 0, NVIDIA GeForce RTX 3080, 6493, 3559, 10240, 96, 97
2026/08/05 01:26:29.961, 0, NVIDIA GeForce RTX 3080, 6493, 3559, 10240, 96, 97
2026/08/05 01:26:30.069, 0, NVIDIA GeForce RTX 3080, 6493, 3559, 10240, 96, 97
2026/08/05 01:26:30.179, 0, NVIDIA GeForce RTX 3080, 6493, 3559, 10240, 96, 97
2026/08/05 01:26:30.289, 0, NVIDIA GeForce RTX 3080, 6493, 3559, 10240, 96, 98
2026/08/05 01:26:30.397, 0, NVIDIA GeForce RTX 3080, 6493, 3559, 10240, 96, 98
2026/08/05 01:26:30.507, 0, NVIDIA GeForce RTX 3080, 6493, 3559, 10240, 96, 98
2026/08/05 01:26:30.616, 0, NVIDIA GeForce RTX 3080, 6493, 3559, 10240, 96, 98
2026/08/05 01:26:30.725, 0, NVIDIA GeForce RTX 3080, 6493, 3559, 10240, 96, 98
2026/08/05 01:26:30.835, 0, NVIDIA GeForce RTX 3080, 6493, 3559, 10240, 96, 97
2026/08/05 01:26:30.945, 0, NVIDIA GeForce RTX 3080, 6493, 3559, 10240, 96, 97
2026/08/05 01:26:31.053, 0, NVIDIA GeForce RTX 3080, 6493, 3559, 10240, 96, 97
2026/08/05 01:26:31.163, 0, NVIDIA GeForce RTX 3080, 6493, 3559, 10240, 96, 97
2026/08/05 01:26:31.272, 0, NVIDIA GeForce RTX 3080, 6493, 3559, 10240, 93, 95
2026/08/05 01:26:31.381, 0, NVIDIA GeForce RTX 3080, 6493, 3559, 10240, 93, 95
2026/08/05 01:26:31.491, 0, NVIDIA GeForce RTX 3080, 6493, 3559, 10240, 93, 95
2026/08/05 01:26:31.599, 0, NVIDIA GeForce RTX 3080, 6493, 3559, 10240, 93, 95
2026/08/05 01:26:31.709, 0, NVIDIA GeForce RTX 3080, 6493, 3559, 10240, 93, 95
2026/08/05 01:26:31.818, 0, NVIDIA GeForce RTX 3080, 6493, 3559, 10240, 96, 98
2026/08/05 01:26:31.927, 0, NVIDIA GeForce RTX 3080, 6493, 3559, 10240, 96, 98
2026/08/05 01:26:32.037, 0, NVIDIA GeForce RTX 3080, 6493, 3559, 10240, 96, 98
2026/08/05 01:26:32.146, 0, NVIDIA GeForce RTX 3080, 6493, 3559, 10240, 96, 98
2026/08/05 01:26:32.255, 0, NVIDIA GeForce RTX 3080, 6493, 3559, 10240, 96, 97
2026/08/05 01:26:32.364, 0, NVIDIA GeForce RTX 3080, 6493, 3559, 10240, 96, 97
2026/08/05 01:26:32.474, 0, NVIDIA GeForce RTX 3080, 6493, 3559, 10240, 96, 97
2026/08/05 01:26:32.583, 0, NVIDIA GeForce RTX 3080, 6493, 3559, 10240, 96, 97
2026/08/05 01:26:32.692, 0, NVIDIA GeForce RTX 3080, 6493, 3559, 10240, 96, 97
2026/08/05 01:26:32.801, 0, NVIDIA GeForce RTX 3080, 6493, 3559, 10240, 97, 97
2026/08/05 01:26:32.907, 0, NVIDIA GeForce RTX 3080, 6493, 3559, 10240, 97, 97
2026/08/05 01:26:33.017, 0, NVIDIA GeForce RTX 3080, 6493, 3559, 10240, 97, 97
2026/08/05 01:26:33.125, 0, NVIDIA GeForce RTX 3080, 6493, 3559, 10240, 97, 97
2026/08/05 01:26:33.235, 0, NVIDIA GeForce RTX 3080, 6493, 3559, 10240, 97, 97
2026/08/05 01:26:33.344, 0, NVIDIA GeForce RTX 3080, 6493, 3559, 10240, 97, 97
2026/08/05 01:26:33.453, 0, NVIDIA GeForce RTX 3080, 6493, 3559, 10240, 97, 97
2026/08/05 01:26:33.563, 0, NVIDIA GeForce RTX 3080, 6493, 3559, 10240, 97, 97
2026/08/05 01:26:33.671, 0, NVIDIA GeForce RTX 3080, 6493, 3559, 10240, 97, 97
2026/08/05 01:26:33.781, 0, NVIDIA GeForce RTX 3080, 6493, 3559, 10240, 97, 97
2026/08/05 01:26:33.890, 0, NVIDIA GeForce RTX 3080, 6493, 3559, 10240, 97, 97
2026/08/05 01:26:33.999, 0, NVIDIA GeForce RTX 3080, 6493, 3559, 10240, 97, 97
2026/08/05 01:26:34.108, 0, NVIDIA GeForce RTX 3080, 6493, 3559, 10240, 97, 97
2026/08/05 01:26:34.217, 0, NVIDIA GeForce RTX 3080, 6493, 3559, 10240, 97, 97
2026/08/05 01:26:34.326, 0, NVIDIA GeForce RTX 3080, 6493, 3559, 10240, 97, 97
2026/08/05 01:26:34.435, 0, NVIDIA GeForce RTX 3080, 6493, 3559, 10240, 97, 97
2026/08/05 01:26:34.545, 0, NVIDIA GeForce RTX 3080, 6493, 3559, 10240, 97, 97
2026/08/05 01:26:34.654, 0, NVIDIA GeForce RTX 3080, 6493, 3559, 10240, 97, 97
2026/08/05 01:26:34.763, 0, NVIDIA GeForce RTX 3080, 6493, 3559, 10240, 96, 97
2026/08/05 01:26:34.873, 0, NVIDIA GeForce RTX 3080, 6493, 3559, 10240, 96, 97
2026/08/05 01:26:34.979, 0, NVIDIA GeForce RTX 3080, 6493, 3559, 10240, 96, 97
2026/08/05 01:26:35.089, 0, NVIDIA GeForce RTX 3080, 6493, 3559, 10240, 96, 97
2026/08/05 01:26:35.198, 0, NVIDIA GeForce RTX 3080, 6493, 3559, 10240, 96, 97
2026/08/05 01:26:35.307, 0, NVIDIA GeForce RTX 3080, 6493, 3559, 10240, 96, 98
2026/08/05 01:26:35.417, 0, NVIDIA GeForce RTX 3080, 6493, 3559, 10240, 96, 98
2026/08/05 01:26:35.525, 0, NVIDIA GeForce RTX 3080, 6493, 3559, 10240, 96, 98
2026/08/05 01:26:35.635, 0, NVIDIA GeForce RTX 3080, 6493, 3559, 10240, 96, 98
2026/08/05 01:26:35.744, 0, NVIDIA GeForce RTX 3080, 6493, 3559, 10240, 96, 97
2026/08/05 01:26:35.853, 0, NVIDIA GeForce RTX 3080, 6493, 3559, 10240, 96, 97
2026/08/05 01:26:35.963, 0, NVIDIA GeForce RTX 3080, 6493, 3559, 10240, 96, 97
2026/08/05 01:26:36.071, 0, NVIDIA GeForce RTX 3080, 6493, 3559, 10240, 96, 97
2026/08/05 01:26:36.181, 0, NVIDIA GeForce RTX 3080, 6493, 3559, 10240, 96, 97
2026/08/05 01:26:36.290, 0, NVIDIA GeForce RTX 3080, 6493, 3559, 10240, 94, 96
2026/08/05 01:26:36.399, 0, NVIDIA GeForce RTX 3080, 6493, 3559, 10240, 94, 96
2026/08/05 01:26:36.508, 0, NVIDIA GeForce RTX 3080, 6493, 3559, 10240, 94, 96
2026/08/05 01:26:36.617, 0, NVIDIA GeForce RTX 3080, 6493, 3559, 10240, 94, 96
2026/08/05 01:26:36.726, 0, NVIDIA GeForce RTX 3080, 6493, 3559, 10240, 94, 96
2026/08/05 01:26:36.835, 0, NVIDIA GeForce RTX 3080, 6493, 3559, 10240, 97, 97
2026/08/05 01:26:36.942, 0, NVIDIA GeForce RTX 3080, 6493, 3559, 10240, 97, 97
2026/08/05 01:26:37.050, 0, NVIDIA GeForce RTX 3080, 6493, 3559, 10240, 97, 97
2026/08/05 01:26:37.160, 0, NVIDIA GeForce RTX 3080, 6493, 3559, 10240, 97, 97
2026/08/05 01:26:37.269, 0, NVIDIA GeForce RTX 3080, 6493, 3559, 10240, 97, 98
2026/08/05 01:26:37.378, 0, NVIDIA GeForce RTX 3080, 6493, 3559, 10240, 97, 98
2026/08/05 01:26:37.488, 0, NVIDIA GeForce RTX 3080, 6493, 3559, 10240, 97, 98
2026/08/05 01:26:37.596, 0, NVIDIA GeForce RTX 3080, 6493, 3559, 10240, 97, 98
2026/08/05 01:26:37.706, 0, NVIDIA GeForce RTX 3080, 6493, 3559, 10240, 97, 98
2026/08/05 01:26:37.814, 0, NVIDIA GeForce RTX 3080, 6493, 3559, 10240, 97, 98
2026/08/05 01:26:37.923, 0, NVIDIA GeForce RTX 3080, 6493, 3559, 10240, 97, 98
2026/08/05 01:26:38.033, 0, NVIDIA GeForce RTX 3080, 6493, 3559, 10240, 97, 98
2026/08/05 01:26:38.141, 0, NVIDIA GeForce RTX 3080, 6493, 3559, 10240, 97, 98
2026/08/05 01:26:38.251, 0, NVIDIA GeForce RTX 3080, 6493, 3559, 10240, 97, 98
2026/08/05 01:26:38.353, 0, NVIDIA GeForce RTX 3080, 6493, 3559, 10240, 97, 98
2026/08/05 01:26:38.462, 0, NVIDIA GeForce RTX 3080, 6493, 3559, 10240, 97, 98
2026/08/05 01:26:38.571, 0, NVIDIA GeForce RTX 3080, 6493, 3559, 10240, 97, 98
2026/08/05 01:26:38.679, 0, NVIDIA GeForce RTX 3080, 6493, 3559, 10240, 97, 98
2026/08/05 01:26:38.789, 0, NVIDIA GeForce RTX 3080, 6493, 3559, 10240, 97, 97
2026/08/05 01:26:38.898, 0, NVIDIA GeForce RTX 3080, 6493, 3559, 10240, 97, 97
2026/08/05 01:26:38.999, 0, NVIDIA GeForce RTX 3080, 6493, 3559, 10240, 97, 97
2026/08/05 01:26:39.108, 0, NVIDIA GeForce RTX 3080, 6493, 3559, 10240, 97, 97
2026/08/05 01:26:39.217, 0, NVIDIA GeForce RTX 3080, 6493, 3559, 10240, 97, 97
2026/08/05 01:26:39.326, 0, NVIDIA GeForce RTX 3080, 6493, 3559, 10240, 97, 98
2026/08/05 01:26:39.435, 0, NVIDIA GeForce RTX 3080, 6493, 3559, 10240, 97, 98
2026/08/05 01:26:39.542, 0, NVIDIA GeForce RTX 3080, 6493, 3559, 10240, 97, 98
2026/08/05 01:26:39.654, 0, NVIDIA GeForce RTX 3080, 6493, 3559, 10240, 97, 98
2026/08/05 01:26:39.765, 0, NVIDIA GeForce RTX 3080, 6493, 3559, 10240, 97, 97
2026/08/05 01:26:39.877, 0, NVIDIA GeForce RTX 3080, 6493, 3559, 10240, 97, 97
2026/08/05 01:26:39.989, 0, NVIDIA GeForce RTX 3080, 6493, 3559, 10240, 97, 97
2026/08/05 01:26:40.101, 0, NVIDIA GeForce RTX 3080, 6493, 3559, 10240, 97, 97
2026/08/05 01:26:40.212, 0, NVIDIA GeForce RTX 3080, 6493, 3559, 10240, 97, 97
2026/08/05 01:26:40.324, 0, NVIDIA GeForce RTX 3080, 6493, 3559, 10240, 97, 98
2026/08/05 01:26:40.436, 0, NVIDIA GeForce RTX 3080, 6493, 3559, 10240, 97, 98
2026/08/05 01:26:40.548, 0, NVIDIA GeForce RTX 3080, 6493, 3559, 10240, 97, 98
2026/08/05 01:26:40.658, 0, NVIDIA GeForce RTX 3080, 6493, 3559, 10240, 97, 98
2026/08/05 01:26:40.768, 0, NVIDIA GeForce RTX 3080, 6493, 3559, 10240, 97, 98
2026/08/05 01:26:40.877, 0, NVIDIA GeForce RTX 3080, 6493, 3559, 10240, 97, 98
2026/08/05 01:26:40.978, 0, NVIDIA GeForce RTX 3080, 6493, 3559, 10240, 97, 98
2026/08/05 01:26:41.088, 0, NVIDIA GeForce RTX 3080, 6493, 3559, 10240, 97, 98
2026/08/05 01:26:41.197, 0, NVIDIA GeForce RTX 3080, 6493, 3559, 10240, 97, 98
2026/08/05 01:26:41.305, 0, NVIDIA GeForce RTX 3080, 6493, 3559, 10240, 97, 97
2026/08/05 01:26:41.415, 0, NVIDIA GeForce RTX 3080, 6493, 3559, 10240, 97, 97
2026/08/05 01:26:41.524, 0, NVIDIA GeForce RTX 3080, 6493, 3559, 10240, 97, 97
2026/08/05 01:26:41.633, 0, NVIDIA GeForce RTX 3080, 6493, 3559, 10240, 97, 97
2026/08/05 01:26:41.742, 0, NVIDIA GeForce RTX 3080, 6493, 3559, 10240, 97, 98
2026/08/05 01:26:41.851, 0, NVIDIA GeForce RTX 3080, 6493, 3559, 10240, 97, 98
2026/08/05 01:26:41.960, 0, NVIDIA GeForce RTX 3080, 6493, 3559, 10240, 97, 98
2026/08/05 01:26:42.069, 0, NVIDIA GeForce RTX 3080, 6493, 3559, 10240, 97, 98
2026/08/05 01:26:42.178, 0, NVIDIA GeForce RTX 3080, 6493, 3559, 10240, 97, 98
2026/08/05 01:26:42.288, 0, NVIDIA GeForce RTX 3080, 6493, 3559, 10240, 97, 98
2026/08/05 01:26:42.397, 0, NVIDIA GeForce RTX 3080, 6493, 3559, 10240, 97, 98
2026/08/05 01:26:42.506, 0, NVIDIA GeForce RTX 3080, 6493, 3559, 10240, 97, 98
2026/08/05 01:26:42.615, 0, NVIDIA GeForce RTX 3080, 6493, 3559, 10240, 97, 98
2026/08/05 01:26:42.723, 0, NVIDIA GeForce RTX 3080, 6493, 3559, 10240, 97, 98
2026/08/05 01:26:42.834, 0, NVIDIA GeForce RTX 3080, 6493, 3559, 10240, 97, 98
2026/08/05 01:26:42.941, 0, NVIDIA GeForce RTX 3080, 6493, 3559, 10240, 97, 98
2026/08/05 01:26:43.050, 0, NVIDIA GeForce RTX 3080, 6493, 3559, 10240, 97, 98
2026/08/05 01:26:43.159, 0, NVIDIA GeForce RTX 3080, 6493, 3559, 10240, 97, 98
2026/08/05 01:26:43.268, 0, NVIDIA GeForce RTX 3080, 6493, 3559, 10240, 97, 98
2026/08/05 01:26:43.378, 0, NVIDIA GeForce RTX 3080, 6493, 3559, 10240, 97, 98
2026/08/05 01:26:43.488, 0, NVIDIA GeForce RTX 3080, 6493, 3559, 10240, 97, 98
2026/08/05 01:26:43.595, 0, NVIDIA GeForce RTX 3080, 6493, 3559, 10240, 97, 98
2026/08/05 01:26:43.705, 0, NVIDIA GeForce RTX 3080, 6493, 3559, 10240, 97, 98
2026/08/05 01:26:43.814, 0, NVIDIA GeForce RTX 3080, 6493, 3559, 10240, 97, 97
2026/08/05 01:26:43.923, 0, NVIDIA GeForce RTX 3080, 6493, 3559, 10240, 97, 97
2026/08/05 01:26:44.033, 0, NVIDIA GeForce RTX 3080, 6493, 3559, 10240, 97, 97
2026/08/05 01:26:44.141, 0, NVIDIA GeForce RTX 3080, 6493, 3559, 10240, 97, 97
2026/08/05 01:26:44.250, 0, NVIDIA GeForce RTX 3080, 6493, 3559, 10240, 98, 98
2026/08/05 01:26:44.359, 0, NVIDIA GeForce RTX 3080, 6493, 3559, 10240, 98, 98
2026/08/05 01:26:44.468, 0, NVIDIA GeForce RTX 3080, 6493, 3559, 10240, 98, 98
2026/08/05 01:26:44.578, 0, NVIDIA GeForce RTX 3080, 6493, 3559, 10240, 98, 98
2026/08/05 01:26:44.687, 0, NVIDIA GeForce RTX 3080, 6493, 3559, 10240, 98, 98
2026/08/05 01:26:44.796, 0, NVIDIA GeForce RTX 3080, 6493, 3559, 10240, 95, 96
2026/08/05 01:26:44.905, 0, NVIDIA GeForce RTX 3080, 6493, 3559, 10240, 95, 96
2026/08/05 01:26:45.014, 0, NVIDIA GeForce RTX 3080, 6493, 3559, 10240, 95, 96
2026/08/05 01:26:45.122, 0, NVIDIA GeForce RTX 3080, 6493, 3559, 10240, 95, 96
2026/08/05 01:26:45.232, 0, NVIDIA GeForce RTX 3080, 6493, 3559, 10240, 95, 96
2026/08/05 01:26:45.341, 0, NVIDIA GeForce RTX 3080, 6493, 3559, 10240, 98, 97
2026/08/05 01:26:45.450, 0, NVIDIA GeForce RTX 3080, 6493, 3559, 10240, 98, 97
2026/08/05 01:26:45.560, 0, NVIDIA GeForce RTX 3080, 6493, 3559, 10240, 98, 97
2026/08/05 01:26:45.668, 0, NVIDIA GeForce RTX 3080, 6493, 3559, 10240, 98, 97
2026/08/05 01:26:45.778, 0, NVIDIA GeForce RTX 3080, 6493, 3559, 10240, 98, 97
2026/08/05 01:26:45.887, 0, NVIDIA GeForce RTX 3080, 6493, 3559, 10240, 98, 97
2026/08/05 01:26:45.995, 0, NVIDIA GeForce RTX 3080, 6493, 3559, 10240, 98, 97
2026/08/05 01:26:46.105, 0, NVIDIA GeForce RTX 3080, 6493, 3559, 10240, 98, 97
2026/08/05 01:26:46.214, 0, NVIDIA GeForce RTX 3080, 6493, 3559, 10240, 98, 97
2026/08/05 01:26:46.323, 0, NVIDIA GeForce RTX 3080, 6493, 3559, 10240, 98, 97
2026/08/05 01:26:46.432, 0, NVIDIA GeForce RTX 3080, 6493, 3559, 10240, 98, 97
2026/08/05 01:26:46.541, 0, NVIDIA GeForce RTX 3080, 6493, 3559, 10240, 98, 97
2026/08/05 01:26:46.651, 0, NVIDIA GeForce RTX 3080, 6493, 3559, 10240, 98, 97
2026/08/05 01:26:46.760, 0, NVIDIA GeForce RTX 3080, 6493, 3559, 10240, 98, 98
2026/08/05 01:26:46.869, 0, NVIDIA GeForce RTX 3080, 6493, 3559, 10240, 98, 98
2026/08/05 01:26:46.977, 0, NVIDIA GeForce RTX 3080, 6493, 3559, 10240, 98, 98
2026/08/05 01:26:47.087, 0, NVIDIA GeForce RTX 3080, 6493, 3559, 10240, 98, 98
2026/08/05 01:26:47.195, 0, NVIDIA GeForce RTX 3080, 6493, 3559, 10240, 98, 98
2026/08/05 01:26:47.305, 0, NVIDIA GeForce RTX 3080, 6493, 3559, 10240, 98, 97
2026/08/05 01:26:47.414, 0, NVIDIA GeForce RTX 3080, 6493, 3559, 10240, 98, 97
2026/08/05 01:26:47.522, 0, NVIDIA GeForce RTX 3080, 6493, 3559, 10240, 98, 97
2026/08/05 01:26:47.632, 0, NVIDIA GeForce RTX 3080, 6493, 3559, 10240, 98, 97
2026/08/05 01:26:47.740, 0, NVIDIA GeForce RTX 3080, 6493, 3559, 10240, 98, 97
2026/08/05 01:26:47.850, 0, NVIDIA GeForce RTX 3080, 6493, 3559, 10240, 98, 98
2026/08/05 01:26:47.959, 0, NVIDIA GeForce RTX 3080, 6493, 3559, 10240, 98, 98
2026/08/05 01:26:48.068, 0, NVIDIA GeForce RTX 3080, 6493, 3559, 10240, 98, 98
2026/08/05 01:26:48.178, 0, NVIDIA GeForce RTX 3080, 6493, 3559, 10240, 98, 98
2026/08/05 01:26:48.286, 0, NVIDIA GeForce RTX 3080, 6493, 3559, 10240, 93, 95
2026/08/05 01:26:48.395, 0, NVIDIA GeForce RTX 3080, 6493, 3559, 10240, 93, 95
2026/08/05 01:26:48.504, 0, NVIDIA GeForce RTX 3080, 6493, 3559, 10240, 93, 95
2026/08/05 01:26:48.614, 0, NVIDIA GeForce RTX 3080, 6493, 3559, 10240, 93, 95
2026/08/05 01:26:48.723, 0, NVIDIA GeForce RTX 3080, 6493, 3559, 10240, 93, 95
2026/08/05 01:26:48.832, 0, NVIDIA GeForce RTX 3080, 6493, 3559, 10240, 96, 98
2026/08/05 01:26:48.941, 0, NVIDIA GeForce RTX 3080, 6493, 3559, 10240, 96, 98
2026/08/05 01:26:49.050, 0, NVIDIA GeForce RTX 3080, 6493, 3559, 10240, 96, 98
2026/08/05 01:26:49.159, 0, NVIDIA GeForce RTX 3080, 6493, 3559, 10240, 96, 98
2026/08/05 01:26:49.268, 0, NVIDIA GeForce RTX 3080, 6493, 3559, 10240, 96, 97
2026/08/05 01:26:49.378, 0, NVIDIA GeForce RTX 3080, 6493, 3559, 10240, 96, 97
2026/08/05 01:26:49.487, 0, NVIDIA GeForce RTX 3080, 6493, 3559, 10240, 96, 97
2026/08/05 01:26:49.596, 0, NVIDIA GeForce RTX 3080, 6493, 3559, 10240, 96, 97
2026/08/05 01:26:49.705, 0, NVIDIA GeForce RTX 3080, 6493, 3559, 10240, 96, 97
2026/08/05 01:26:49.815, 0, NVIDIA GeForce RTX 3080, 6493, 3559, 10240, 96, 97
2026/08/05 01:26:49.924, 0, NVIDIA GeForce RTX 3080, 6493, 3559, 10240, 96, 97
2026/08/05 01:26:50.033, 0, NVIDIA GeForce RTX 3080, 6493, 3559, 10240, 96, 97
2026/08/05 01:26:50.143, 0, NVIDIA GeForce RTX 3080, 6493, 3559, 10240, 96, 97
2026/08/05 01:26:50.251, 0, NVIDIA GeForce RTX 3080, 6493, 3559, 10240, 96, 97
2026/08/05 01:26:50.361, 0, NVIDIA GeForce RTX 3080, 6493, 3559, 10240, 96, 97
2026/08/05 01:26:50.469, 0, NVIDIA GeForce RTX 3080, 6493, 3559, 10240, 96, 97
2026/08/05 01:26:50.579, 0, NVIDIA GeForce RTX 3080, 6493, 3559, 10240, 96, 97
2026/08/05 01:26:50.689, 0, NVIDIA GeForce RTX 3080, 6493, 3559, 10240, 96, 97
2026/08/05 01:26:50.797, 0, NVIDIA GeForce RTX 3080, 6493, 3559, 10240, 96, 97
2026/08/05 01:26:50.907, 0, NVIDIA GeForce RTX 3080, 6493, 3559, 10240, 96, 97
2026/08/05 01:26:51.013, 0, NVIDIA GeForce RTX 3080, 6493, 3559, 10240, 96, 97
2026/08/05 01:26:51.122, 0, NVIDIA GeForce RTX 3080, 6493, 3559, 10240, 96, 97
2026/08/05 01:26:51.231, 0, NVIDIA GeForce RTX 3080, 6493, 3559, 10240, 96, 97
2026/08/05 01:26:51.340, 0, NVIDIA GeForce RTX 3080, 6493, 3559, 10240, 96, 97
2026/08/05 01:26:51.449, 0, NVIDIA GeForce RTX 3080, 6493, 3559, 10240, 96, 97
2026/08/05 01:26:51.559, 0, NVIDIA GeForce RTX 3080, 6493, 3559, 10240, 96, 97
2026/08/05 01:26:51.668, 0, NVIDIA GeForce RTX 3080, 6493, 3559, 10240, 96, 97
2026/08/05 01:26:51.776, 0, NVIDIA GeForce RTX 3080, 6493, 3559, 10240, 96, 98
2026/08/05 01:26:51.886, 0, NVIDIA GeForce RTX 3080, 6493, 3559, 10240, 96, 98
2026/08/05 01:26:51.994, 0, NVIDIA GeForce RTX 3080, 6493, 3559, 10240, 96, 98
2026/08/05 01:26:52.104, 0, NVIDIA GeForce RTX 3080, 6493, 3559, 10240, 96, 98
2026/08/05 01:26:52.213, 0, NVIDIA GeForce RTX 3080, 6493, 3559, 10240, 96, 98
2026/08/05 01:26:52.322, 0, NVIDIA GeForce RTX 3080, 6493, 3559, 10240, 96, 97
2026/08/05 01:26:52.432, 0, NVIDIA GeForce RTX 3080, 6493, 3559, 10240, 96, 97
2026/08/05 01:26:52.540, 0, NVIDIA GeForce RTX 3080, 6493, 3559, 10240, 96, 97
2026/08/05 01:26:52.650, 0, NVIDIA GeForce RTX 3080, 6493, 3559, 10240, 96, 97
2026/08/05 01:26:52.760, 0, NVIDIA GeForce RTX 3080, 6493, 3559, 10240, 96, 98
2026/08/05 01:26:52.868, 0, NVIDIA GeForce RTX 3080, 6493, 3559, 10240, 96, 98
2026/08/05 01:26:52.992, 0, NVIDIA GeForce RTX 3080, 6493, 3559, 10240, 96, 98
2026/08/05 01:26:53.101, 0, NVIDIA GeForce RTX 3080, 6493, 3559, 10240, 96, 98
2026/08/05 01:26:53.210, 0, NVIDIA GeForce RTX 3080, 6493, 3559, 10240, 96, 98
2026/08/05 01:26:53.319, 0, NVIDIA GeForce RTX 3080, 6493, 3559, 10240, 96, 97
2026/08/05 01:26:53.428, 0, NVIDIA GeForce RTX 3080, 6493, 3559, 10240, 96, 97
2026/08/05 01:26:53.538, 0, NVIDIA GeForce RTX 3080, 6493, 3559, 10240, 96, 97
2026/08/05 01:26:53.646, 0, NVIDIA GeForce RTX 3080, 6493, 3559, 10240, 96, 97
2026/08/05 01:26:53.756, 0, NVIDIA GeForce RTX 3080, 6493, 3559, 10240, 97, 98
2026/08/05 01:26:53.865, 0, NVIDIA GeForce RTX 3080, 6493, 3559, 10240, 97, 98
2026/08/05 01:26:53.973, 0, NVIDIA GeForce RTX 3080, 6493, 3559, 10240, 97, 98
2026/08/05 01:26:54.083, 0, NVIDIA GeForce RTX 3080, 6493, 3559, 10240, 97, 98
2026/08/05 01:26:54.192, 0, NVIDIA GeForce RTX 3080, 6493, 3559, 10240, 97, 98
2026/08/05 01:26:54.301, 0, NVIDIA GeForce RTX 3080, 6493, 3559, 10240, 96, 98
2026/08/05 01:26:54.410, 0, NVIDIA GeForce RTX 3080, 6493, 3559, 10240, 96, 98
2026/08/05 01:26:54.519, 0, NVIDIA GeForce RTX 3080, 6493, 3559, 10240, 96, 98
2026/08/05 01:26:54.628, 0, NVIDIA GeForce RTX 3080, 6493, 3559, 10240, 96, 98
2026/08/05 01:26:54.737, 0, NVIDIA GeForce RTX 3080, 6493, 3559, 10240, 96, 98
2026/08/05 01:26:54.846, 0, NVIDIA GeForce RTX 3080, 6493, 3559, 10240, 96, 97
2026/08/05 01:26:54.955, 0, NVIDIA GeForce RTX 3080, 6493, 3559, 10240, 96, 97
2026/08/05 01:26:55.064, 0, NVIDIA GeForce RTX 3080, 6493, 3559, 10240, 96, 97
2026/08/05 01:26:55.172, 0, NVIDIA GeForce RTX 3080, 6493, 3559, 10240, 96, 97
2026/08/05 01:26:55.282, 0, NVIDIA GeForce RTX 3080, 6493, 3559, 10240, 96, 98
2026/08/05 01:26:55.390, 0, NVIDIA GeForce RTX 3080, 6493, 3559, 10240, 96, 98
2026/08/05 01:26:55.500, 0, NVIDIA GeForce RTX 3080, 6493, 3559, 10240, 96, 98
2026/08/05 01:26:55.610, 0, NVIDIA GeForce RTX 3080, 6493, 3559, 10240, 96, 98
2026/08/05 01:26:55.718, 0, NVIDIA GeForce RTX 3080, 6493, 3559, 10240, 96, 98
2026/08/05 01:26:55.828, 0, NVIDIA GeForce RTX 3080, 6493, 3559, 10240, 96, 98
2026/08/05 01:26:55.938, 0, NVIDIA GeForce RTX 3080, 6493, 3559, 10240, 96, 98
2026/08/05 01:26:56.046, 0, NVIDIA GeForce RTX 3080, 6493, 3559, 10240, 96, 98
2026/08/05 01:26:56.156, 0, NVIDIA GeForce RTX 3080, 6493, 3559, 10240, 96, 98
2026/08/05 01:26:56.265, 0, NVIDIA GeForce RTX 3080, 6493, 3559, 10240, 93, 95
2026/08/05 01:26:56.374, 0, NVIDIA GeForce RTX 3080, 6493, 3559, 10240, 93, 95
2026/08/05 01:26:56.483, 0, NVIDIA GeForce RTX 3080, 6493, 3559, 10240, 93, 95
2026/08/05 01:26:56.593, 0, NVIDIA GeForce RTX 3080, 6493, 3559, 10240, 93, 95
2026/08/05 01:26:56.702, 0, NVIDIA GeForce RTX 3080, 6493, 3559, 10240, 93, 95
2026/08/05 01:26:56.811, 0, NVIDIA GeForce RTX 3080, 6493, 3559, 10240, 96, 98
2026/08/05 01:26:56.920, 0, NVIDIA GeForce RTX 3080, 6493, 3559, 10240, 96, 98
2026/08/05 01:26:57.026, 0, NVIDIA GeForce RTX 3080, 6493, 3559, 10240, 96, 98
2026/08/05 01:26:57.135, 0, NVIDIA GeForce RTX 3080, 6493, 3559, 10240, 96, 98
2026/08/05 01:26:57.244, 0, NVIDIA GeForce RTX 3080, 6493, 3559, 10240, 96, 97
2026/08/05 01:26:57.353, 0, NVIDIA GeForce RTX 3080, 6493, 3559, 10240, 96, 97
2026/08/05 01:26:57.463, 0, NVIDIA GeForce RTX 3080, 6493, 3559, 10240, 96, 97
2026/08/05 01:26:57.571, 0, NVIDIA GeForce RTX 3080, 6493, 3559, 10240, 96, 97
2026/08/05 01:26:57.681, 0, NVIDIA GeForce RTX 3080, 6493, 3559, 10240, 96, 97
2026/08/05 01:26:57.790, 0, NVIDIA GeForce RTX 3080, 6493, 3559, 10240, 96, 98
2026/08/05 01:26:57.899, 0, NVIDIA GeForce RTX 3080, 6493, 3559, 10240, 96, 98
2026/08/05 01:26:58.008, 0, NVIDIA GeForce RTX 3080, 6493, 3559, 10240, 96, 98
2026/08/05 01:26:58.116, 0, NVIDIA GeForce RTX 3080, 6493, 3559, 10240, 96, 98
2026/08/05 01:26:58.225, 0, NVIDIA GeForce RTX 3080, 6493, 3559, 10240, 96, 98
2026/08/05 01:26:58.333, 0, NVIDIA GeForce RTX 3080, 6493, 3559, 10240, 97, 97
2026/08/05 01:26:58.442, 0, NVIDIA GeForce RTX 3080, 6493, 3559, 10240, 97, 97
2026/08/05 01:26:58.552, 0, NVIDIA GeForce RTX 3080, 6493, 3559, 10240, 97, 97
2026/08/05 01:26:58.660, 0, NVIDIA GeForce RTX 3080, 6493, 3559, 10240, 97, 97
2026/08/05 01:26:58.770, 0, NVIDIA GeForce RTX 3080, 6493, 3559, 10240, 96, 97
2026/08/05 01:26:58.878, 0, NVIDIA GeForce RTX 3080, 6493, 3559, 10240, 96, 97
2026/08/05 01:26:58.987, 0, NVIDIA GeForce RTX 3080, 6493, 3559, 10240, 96, 97
2026/08/05 01:26:59.099, 0, NVIDIA GeForce RTX 3080, 6493, 3559, 10240, 96, 97
2026/08/05 01:26:59.208, 0, NVIDIA GeForce RTX 3080, 6493, 3559, 10240, 96, 97
2026/08/05 01:26:59.316, 0, NVIDIA GeForce RTX 3080, 6493, 3559, 10240, 97, 98
2026/08/05 01:26:59.426, 0, NVIDIA GeForce RTX 3080, 6493, 3559, 10240, 97, 98
2026/08/05 01:26:59.534, 0, NVIDIA GeForce RTX 3080, 6493, 3559, 10240, 97, 98
2026/08/05 01:26:59.642, 0, NVIDIA GeForce RTX 3080, 6493, 3559, 10240, 97, 98
2026/08/05 01:26:59.751, 0, NVIDIA GeForce RTX 3080, 6493, 3559, 10240, 96, 98
2026/08/05 01:26:59.860, 0, NVIDIA GeForce RTX 3080, 6493, 3559, 10240, 96, 98
2026/08/05 01:26:59.970, 0, NVIDIA GeForce RTX 3080, 6493, 3559, 10240, 96, 98
2026/08/05 01:27:00.079, 0, NVIDIA GeForce RTX 3080, 6493, 3559, 10240, 96, 98
2026/08/05 01:27:00.187, 0, NVIDIA GeForce RTX 3080, 6493, 3559, 10240, 96, 98
2026/08/05 01:27:00.297, 0, NVIDIA GeForce RTX 3080, 6493, 3559, 10240, 97, 97
2026/08/05 01:27:00.406, 0, NVIDIA GeForce RTX 3080, 6493, 3559, 10240, 97, 97
2026/08/05 01:27:00.515, 0, NVIDIA GeForce RTX 3080, 6493, 3559, 10240, 97, 97
2026/08/05 01:27:00.624, 0, NVIDIA GeForce RTX 3080, 6493, 3559, 10240, 97, 97
2026/08/05 01:27:00.733, 0, NVIDIA GeForce RTX 3080, 6493, 3559, 10240, 97, 97
2026/08/05 01:27:00.841, 0, NVIDIA GeForce RTX 3080, 6493, 3559, 10240, 97, 98
2026/08/05 01:27:00.951, 0, NVIDIA GeForce RTX 3080, 6493, 3559, 10240, 97, 98
2026/08/05 01:27:01.063, 0, NVIDIA GeForce RTX 3080, 6493, 3559, 10240, 97, 98
2026/08/05 01:27:01.171, 0, NVIDIA GeForce RTX 3080, 6493, 3559, 10240, 97, 98
2026/08/05 01:27:01.281, 0, NVIDIA GeForce RTX 3080, 6493, 3559, 10240, 95, 96
2026/08/05 01:27:01.389, 0, NVIDIA GeForce RTX 3080, 6493, 3559, 10240, 95, 96
2026/08/05 01:27:01.499, 0, NVIDIA GeForce RTX 3080, 6493, 3559, 10240, 95, 96
2026/08/05 01:27:01.608, 0, NVIDIA GeForce RTX 3080, 6493, 3559, 10240, 95, 96
2026/08/05 01:27:01.717, 0, NVIDIA GeForce RTX 3080, 6493, 3559, 10240, 95, 96
2026/08/05 01:27:01.827, 0, NVIDIA GeForce RTX 3080, 6493, 3559, 10240, 96, 98
2026/08/05 01:27:01.936, 0, NVIDIA GeForce RTX 3080, 6493, 3559, 10240, 96, 98
2026/08/05 01:27:02.045, 0, NVIDIA GeForce RTX 3080, 6493, 3559, 10240, 96, 98
2026/08/05 01:27:02.154, 0, NVIDIA GeForce RTX 3080, 6493, 3559, 10240, 96, 98
2026/08/05 01:27:02.264, 0, NVIDIA GeForce RTX 3080, 6493, 3559, 10240, 96, 97
2026/08/05 01:27:02.373, 0, NVIDIA GeForce RTX 3080, 6493, 3559, 10240, 96, 97
2026/08/05 01:27:02.482, 0, NVIDIA GeForce RTX 3080, 6493, 3559, 10240, 96, 97
2026/08/05 01:27:02.591, 0, NVIDIA GeForce RTX 3080, 6493, 3559, 10240, 96, 97
2026/08/05 01:27:02.700, 0, NVIDIA GeForce RTX 3080, 6493, 3559, 10240, 96, 97
2026/08/05 01:27:02.809, 0, NVIDIA GeForce RTX 3080, 6493, 3559, 10240, 96, 98
2026/08/05 01:27:02.918, 0, NVIDIA GeForce RTX 3080, 6493, 3559, 10240, 96, 98
2026/08/05 01:27:03.041, 0, NVIDIA GeForce RTX 3080, 6493, 3559, 10240, 96, 98
2026/08/05 01:27:03.150, 0, NVIDIA GeForce RTX 3080, 6493, 3559, 10240, 96, 98
2026/08/05 01:27:03.260, 0, NVIDIA GeForce RTX 3080, 6493, 3559, 10240, 97, 98
2026/08/05 01:27:03.368, 0, NVIDIA GeForce RTX 3080, 6493, 3559, 10240, 97, 98
2026/08/05 01:27:03.478, 0, NVIDIA GeForce RTX 3080, 6493, 3559, 10240, 97, 98
2026/08/05 01:27:03.587, 0, NVIDIA GeForce RTX 3080, 6493, 3559, 10240, 97, 98
2026/08/05 01:27:03.696, 0, NVIDIA GeForce RTX 3080, 6493, 3559, 10240, 97, 98
2026/08/05 01:27:03.806, 0, NVIDIA GeForce RTX 3080, 6493, 3559, 10240, 96, 98
2026/08/05 01:27:03.914, 0, NVIDIA GeForce RTX 3080, 6493, 3559, 10240, 96, 98
2026/08/05 01:27:04.023, 0, NVIDIA GeForce RTX 3080, 6493, 3559, 10240, 96, 98
2026/08/05 01:27:04.132, 0, NVIDIA GeForce RTX 3080, 6493, 3559, 10240, 96, 98
2026/08/05 01:27:04.241, 0, NVIDIA GeForce RTX 3080, 6493, 3559, 10240, 96, 98
2026/08/05 01:27:04.350, 0, NVIDIA GeForce RTX 3080, 6493, 3559, 10240, 97, 98
2026/08/05 01:27:04.459, 0, NVIDIA GeForce RTX 3080, 6493, 3559, 10240, 97, 98
2026/08/05 01:27:04.568, 0, NVIDIA GeForce RTX 3080, 6493, 3559, 10240, 97, 98
2026/08/05 01:27:04.677, 0, NVIDIA GeForce RTX 3080, 6493, 3559, 10240, 97, 98
2026/08/05 01:27:04.787, 0, NVIDIA GeForce RTX 3080, 6493, 3559, 10240, 97, 98
2026/08/05 01:27:04.896, 0, NVIDIA GeForce RTX 3080, 6493, 3559, 10240, 97, 98
2026/08/05 01:27:05.005, 0, NVIDIA GeForce RTX 3080, 6493, 3559, 10240, 97, 98
2026/08/05 01:27:05.114, 0, NVIDIA GeForce RTX 3080, 6493, 3559, 10240, 97, 98
2026/08/05 01:27:05.222, 0, NVIDIA GeForce RTX 3080, 6493, 3559, 10240, 97, 98
2026/08/05 01:27:05.332, 0, NVIDIA GeForce RTX 3080, 6493, 3559, 10240, 97, 98
2026/08/05 01:27:05.440, 0, NVIDIA GeForce RTX 3080, 6493, 3559, 10240, 97, 98
2026/08/05 01:27:05.550, 0, NVIDIA GeForce RTX 3080, 6493, 3559, 10240, 97, 98
2026/08/05 01:27:05.660, 0, NVIDIA GeForce RTX 3080, 6493, 3559, 10240, 97, 98
2026/08/05 01:27:05.768, 0, NVIDIA GeForce RTX 3080, 6493, 3559, 10240, 97, 97
2026/08/05 01:27:05.878, 0, NVIDIA GeForce RTX 3080, 6493, 3559, 10240, 97, 97
2026/08/05 01:27:05.987, 0, NVIDIA GeForce RTX 3080, 6493, 3559, 10240, 97, 97
2026/08/05 01:27:06.096, 0, NVIDIA GeForce RTX 3080, 6493, 3559, 10240, 97, 97
2026/08/05 01:27:06.205, 0, NVIDIA GeForce RTX 3080, 6493, 3559, 10240, 97, 97
2026/08/05 01:27:06.315, 0, NVIDIA GeForce RTX 3080, 6493, 3559, 10240, 95, 96
2026/08/05 01:27:06.424, 0, NVIDIA GeForce RTX 3080, 6493, 3559, 10240, 95, 96
2026/08/05 01:27:06.533, 0, NVIDIA GeForce RTX 3080, 6493, 3559, 10240, 95, 96
2026/08/05 01:27:06.643, 0, NVIDIA GeForce RTX 3080, 6493, 3559, 10240, 95, 96
2026/08/05 01:27:06.752, 0, NVIDIA GeForce RTX 3080, 6493, 3559, 10240, 97, 98
2026/08/05 01:27:06.860, 0, NVIDIA GeForce RTX 3080, 6493, 3559, 10240, 97, 98
2026/08/05 01:27:06.969, 0, NVIDIA GeForce RTX 3080, 6493, 3559, 10240, 97, 98
2026/08/05 01:27:07.076, 0, NVIDIA GeForce RTX 3080, 6493, 3559, 10240, 97, 98
2026/08/05 01:27:07.186, 0, NVIDIA GeForce RTX 3080, 6493, 3559, 10240, 97, 98
2026/08/05 01:27:07.294, 0, NVIDIA GeForce RTX 3080, 6493, 3559, 10240, 97, 97
2026/08/05 01:27:07.404, 0, NVIDIA GeForce RTX 3080, 6493, 3559, 10240, 97, 97
2026/08/05 01:27:07.513, 0, NVIDIA GeForce RTX 3080, 6493, 3559, 10240, 97, 97
2026/08/05 01:27:07.622, 0, NVIDIA GeForce RTX 3080, 6493, 3559, 10240, 97, 97
2026/08/05 01:27:07.731, 0, NVIDIA GeForce RTX 3080, 6493, 3559, 10240, 97, 97
2026/08/05 01:27:07.840, 0, NVIDIA GeForce RTX 3080, 6493, 3559, 10240, 97, 97
2026/08/05 01:27:07.950, 0, NVIDIA GeForce RTX 3080, 6493, 3559, 10240, 97, 97
2026/08/05 01:27:08.058, 0, NVIDIA GeForce RTX 3080, 6493, 3559, 10240, 97, 97
2026/08/05 01:27:08.167, 0, NVIDIA GeForce RTX 3080, 6493, 3559, 10240, 97, 97
2026/08/05 01:27:08.276, 0, NVIDIA GeForce RTX 3080, 6493, 3559, 10240, 97, 98
2026/08/05 01:27:08.382, 0, NVIDIA GeForce RTX 3080, 6493, 3559, 10240, 97, 98
2026/08/05 01:27:08.491, 0, NVIDIA GeForce RTX 3080, 6493, 3559, 10240, 97, 98
2026/08/05 01:27:08.600, 0, NVIDIA GeForce RTX 3080, 6493, 3559, 10240, 97, 98
2026/08/05 01:27:08.709, 0, NVIDIA GeForce RTX 3080, 6493, 3559, 10240, 97, 98
2026/08/05 01:27:08.818, 0, NVIDIA GeForce RTX 3080, 6493, 3559, 10240, 97, 98
2026/08/05 01:27:08.928, 0, NVIDIA GeForce RTX 3080, 6493, 3559, 10240, 97, 98
2026/08/05 01:27:09.036, 0, NVIDIA GeForce RTX 3080, 6493, 3559, 10240, 97, 98
2026/08/05 01:27:09.148, 0, NVIDIA GeForce RTX 3080, 6493, 3559, 10240, 97, 98
2026/08/05 01:27:09.258, 0, NVIDIA GeForce RTX 3080, 6493, 3559, 10240, 97, 98
2026/08/05 01:27:09.366, 0, NVIDIA GeForce RTX 3080, 6493, 3559, 10240, 97, 98
2026/08/05 01:27:09.476, 0, NVIDIA GeForce RTX 3080, 6493, 3559, 10240, 97, 98
2026/08/05 01:27:09.586, 0, NVIDIA GeForce RTX 3080, 6493, 3559, 10240, 97, 98
2026/08/05 01:27:09.694, 0, NVIDIA GeForce RTX 3080, 6493, 3559, 10240, 97, 98
2026/08/05 01:27:09.804, 0, NVIDIA GeForce RTX 3080, 6493, 3559, 10240, 97, 97
2026/08/05 01:27:09.913, 0, NVIDIA GeForce RTX 3080, 6493, 3559, 10240, 97, 97
2026/08/05 01:27:10.022, 0, NVIDIA GeForce RTX 3080, 6493, 3559, 10240, 97, 97
2026/08/05 01:27:10.132, 0, NVIDIA GeForce RTX 3080, 6493, 3559, 10240, 97, 97
2026/08/05 01:27:10.240, 0, NVIDIA GeForce RTX 3080, 6493, 3559, 10240, 97, 97
2026/08/05 01:27:10.349, 0, NVIDIA GeForce RTX 3080, 6493, 3559, 10240, 98, 98
2026/08/05 01:27:10.458, 0, NVIDIA GeForce RTX 3080, 6493, 3559, 10240, 98, 98
2026/08/05 01:27:10.567, 0, NVIDIA GeForce RTX 3080, 6493, 3559, 10240, 98, 98
2026/08/05 01:27:10.677, 0, NVIDIA GeForce RTX 3080, 6493, 3559, 10240, 98, 98
2026/08/05 01:27:10.786, 0, NVIDIA GeForce RTX 3080, 6493, 3559, 10240, 97, 97
2026/08/05 01:27:10.895, 0, NVIDIA GeForce RTX 3080, 6493, 3559, 10240, 97, 97
2026/08/05 01:27:11.004, 0, NVIDIA GeForce RTX 3080, 6493, 3559, 10240, 97, 97
2026/08/05 01:27:11.113, 0, NVIDIA GeForce RTX 3080, 6493, 3559, 10240, 97, 97
2026/08/05 01:27:11.221, 0, NVIDIA GeForce RTX 3080, 6493, 3559, 10240, 97, 97
2026/08/05 01:27:11.329, 0, NVIDIA GeForce RTX 3080, 6493, 3559, 10240, 97, 98
2026/08/05 01:27:11.437, 0, NVIDIA GeForce RTX 3080, 6493, 3559, 10240, 97, 98
2026/08/05 01:27:11.546, 0, NVIDIA GeForce RTX 3080, 6493, 3559, 10240, 97, 98
2026/08/05 01:27:11.655, 0, NVIDIA GeForce RTX 3080, 6493, 3559, 10240, 97, 98
2026/08/05 01:27:11.764, 0, NVIDIA GeForce RTX 3080, 6493, 3559, 10240, 98, 98
2026/08/05 01:27:11.874, 0, NVIDIA GeForce RTX 3080, 6493, 3559, 10240, 98, 98
2026/08/05 01:27:11.983, 0, NVIDIA GeForce RTX 3080, 6493, 3559, 10240, 98, 98
2026/08/05 01:27:12.091, 0, NVIDIA GeForce RTX 3080, 6493, 3559, 10240, 98, 98
2026/08/05 01:27:12.200, 0, NVIDIA GeForce RTX 3080, 6493, 3559, 10240, 98, 98
2026/08/05 01:27:12.309, 0, NVIDIA GeForce RTX 3080, 6493, 3559, 10240, 97, 98
2026/08/05 01:27:12.419, 0, NVIDIA GeForce RTX 3080, 6493, 3559, 10240, 97, 98
2026/08/05 01:27:12.527, 0, NVIDIA GeForce RTX 3080, 6493, 3559, 10240, 97, 98
2026/08/05 01:27:12.636, 0, NVIDIA GeForce RTX 3080, 6493, 3559, 10240, 97, 98
2026/08/05 01:27:12.745, 0, NVIDIA GeForce RTX 3080, 6493, 3559, 10240, 98, 97
2026/08/05 01:27:12.852, 0, NVIDIA GeForce RTX 3080, 6493, 3559, 10240, 98, 97
2026/08/05 01:27:12.961, 0, NVIDIA GeForce RTX 3080, 6493, 3559, 10240, 98, 97
2026/08/05 01:27:13.070, 0, NVIDIA GeForce RTX 3080, 6493, 3559, 10240, 98, 97
2026/08/05 01:27:13.185, 0, NVIDIA GeForce RTX 3080, 6493, 3559, 10240, 98, 97
2026/08/05 01:27:13.294, 0, NVIDIA GeForce RTX 3080, 6493, 3559, 10240, 98, 98
2026/08/05 01:27:13.402, 0, NVIDIA GeForce RTX 3080, 6493, 3559, 10240, 98, 98
2026/08/05 01:27:13.511, 0, NVIDIA GeForce RTX 3080, 6493, 3559, 10240, 98, 98
2026/08/05 01:27:13.619, 0, NVIDIA GeForce RTX 3080, 6493, 3559, 10240, 98, 98
2026/08/05 01:27:13.729, 0, NVIDIA GeForce RTX 3080, 6493, 3559, 10240, 98, 98
2026/08/05 01:27:13.838, 0, NVIDIA GeForce RTX 3080, 6493, 3559, 10240, 98, 98
2026/08/05 01:27:13.947, 0, NVIDIA GeForce RTX 3080, 6493, 3559, 10240, 98, 98
2026/08/05 01:27:14.057, 0, NVIDIA GeForce RTX 3080, 6493, 3559, 10240, 98, 98
2026/08/05 01:27:14.165, 0, NVIDIA GeForce RTX 3080, 6493, 3559, 10240, 98, 98
2026/08/05 01:27:14.275, 0, NVIDIA GeForce RTX 3080, 6493, 3559, 10240, 98, 98
2026/08/05 01:27:14.383, 0, NVIDIA GeForce RTX 3080, 6493, 3559, 10240, 98, 98
2026/08/05 01:27:14.492, 0, NVIDIA GeForce RTX 3080, 6493, 3559, 10240, 98, 98
2026/08/05 01:27:14.602, 0, NVIDIA GeForce RTX 3080, 6493, 3559, 10240, 98, 98
2026/08/05 01:27:14.710, 0, NVIDIA GeForce RTX 3080, 6493, 3559, 10240, 98, 98
2026/08/05 01:27:14.820, 0, NVIDIA GeForce RTX 3080, 6493, 3559, 10240, 98, 97
2026/08/05 01:27:14.929, 0, NVIDIA GeForce RTX 3080, 6493, 3559, 10240, 98, 97
2026/08/05 01:27:15.038, 0, NVIDIA GeForce RTX 3080, 6493, 3559, 10240, 98, 97
2026/08/05 01:27:15.147, 0, NVIDIA GeForce RTX 3080, 6493, 3559, 10240, 98, 97
2026/08/05 01:27:15.256, 0, NVIDIA GeForce RTX 3080, 6493, 3559, 10240, 96, 97
2026/08/05 01:27:15.365, 0, NVIDIA GeForce RTX 3080, 6493, 3559, 10240, 96, 97
2026/08/05 01:27:15.475, 0, NVIDIA GeForce RTX 3080, 6493, 3559, 10240, 96, 97
2026/08/05 01:27:15.584, 0, NVIDIA GeForce RTX 3080, 6493, 3559, 10240, 96, 97
2026/08/05 01:27:15.693, 0, NVIDIA GeForce RTX 3080, 6493, 3559, 10240, 96, 97
2026/08/05 01:27:15.803, 0, NVIDIA GeForce RTX 3080, 6493, 3559, 10240, 96, 98
2026/08/05 01:27:15.912, 0, NVIDIA GeForce RTX 3080, 6493, 3559, 10240, 96, 98
2026/08/05 01:27:16.021, 0, NVIDIA GeForce RTX 3080, 6493, 3559, 10240, 96, 98
2026/08/05 01:27:16.130, 0, NVIDIA GeForce RTX 3080, 6493, 3559, 10240, 96, 98
2026/08/05 01:27:16.239, 0, NVIDIA GeForce RTX 3080, 6493, 3559, 10240, 96, 98
2026/08/05 01:27:16.349, 0, NVIDIA GeForce RTX 3080, 6493, 3559, 10240, 96, 97
2026/08/05 01:27:16.458, 0, NVIDIA GeForce RTX 3080, 6493, 3559, 10240, 96, 97
2026/08/05 01:27:16.567, 0, NVIDIA GeForce RTX 3080, 6493, 3559, 10240, 96, 97
2026/08/05 01:27:16.677, 0, NVIDIA GeForce RTX 3080, 6493, 3559, 10240, 96, 97
2026/08/05 01:27:16.785, 0, NVIDIA GeForce RTX 3080, 6493, 3559, 10240, 96, 97
2026/08/05 01:27:16.894, 0, NVIDIA GeForce RTX 3080, 6493, 3559, 10240, 96, 97
2026/08/05 01:27:17.003, 0, NVIDIA GeForce RTX 3080, 6493, 3559, 10240, 96, 97
2026/08/05 01:27:17.111, 0, NVIDIA GeForce RTX 3080, 6493, 3559, 10240, 96, 97
2026/08/05 01:27:17.220, 0, NVIDIA GeForce RTX 3080, 6493, 3559, 10240, 96, 97
2026/08/05 01:27:17.329, 0, NVIDIA GeForce RTX 3080, 6493, 3559, 10240, 96, 97
2026/08/05 01:27:17.437, 0, NVIDIA GeForce RTX 3080, 6493, 3559, 10240, 96, 97
2026/08/05 01:27:17.546, 0, NVIDIA GeForce RTX 3080, 6493, 3559, 10240, 96, 97
2026/08/05 01:27:17.655, 0, NVIDIA GeForce RTX 3080, 6493, 3559, 10240, 96, 97
2026/08/05 01:27:17.764, 0, NVIDIA GeForce RTX 3080, 6493, 3559, 10240, 96, 97
2026/08/05 01:27:17.874, 0, NVIDIA GeForce RTX 3080, 6493, 3559, 10240, 96, 97
2026/08/05 01:27:17.983, 0, NVIDIA GeForce RTX 3080, 6493, 3559, 10240, 96, 97
2026/08/05 01:27:18.092, 0, NVIDIA GeForce RTX 3080, 6493, 3559, 10240, 96, 97
2026/08/05 01:27:18.201, 0, NVIDIA GeForce RTX 3080, 6493, 3559, 10240, 96, 97
2026/08/05 01:27:18.310, 0, NVIDIA GeForce RTX 3080, 6493, 3559, 10240, 96, 97
2026/08/05 01:27:18.419, 0, NVIDIA GeForce RTX 3080, 6493, 3559, 10240, 96, 97
2026/08/05 01:27:18.528, 0, NVIDIA GeForce RTX 3080, 6493, 3559, 10240, 96, 97
2026/08/05 01:27:18.637, 0, NVIDIA GeForce RTX 3080, 6493, 3559, 10240, 96, 97
2026/08/05 01:27:18.746, 0, NVIDIA GeForce RTX 3080, 6493, 3559, 10240, 96, 98
2026/08/05 01:27:18.856, 0, NVIDIA GeForce RTX 3080, 6493, 3559, 10240, 96, 98
2026/08/05 01:27:18.964, 0, NVIDIA GeForce RTX 3080, 6493, 3559, 10240, 96, 98
2026/08/05 01:27:19.073, 0, NVIDIA GeForce RTX 3080, 6493, 3559, 10240, 96, 98
2026/08/05 01:27:19.184, 0, NVIDIA GeForce RTX 3080, 6493, 3559, 10240, 96, 98
2026/08/05 01:27:19.293, 0, NVIDIA GeForce RTX 3080, 6493, 3559, 10240, 96, 98
2026/08/05 01:27:19.402, 0, NVIDIA GeForce RTX 3080, 6493, 3559, 10240, 96, 98
2026/08/05 01:27:19.511, 0, NVIDIA GeForce RTX 3080, 6493, 3559, 10240, 96, 98
2026/08/05 01:27:19.619, 0, NVIDIA GeForce RTX 3080, 6493, 3559, 10240, 96, 98
2026/08/05 01:27:19.729, 0, NVIDIA GeForce RTX 3080, 6493, 3559, 10240, 96, 98
2026/08/05 01:27:19.837, 0, NVIDIA GeForce RTX 3080, 6493, 3559, 10240, 96, 97
2026/08/05 01:27:19.947, 0, NVIDIA GeForce RTX 3080, 6493, 3559, 10240, 96, 97
2026/08/05 01:27:20.057, 0, NVIDIA GeForce RTX 3080, 6493, 3559, 10240, 96, 97
2026/08/05 01:27:20.165, 0, NVIDIA GeForce RTX 3080, 6493, 3559, 10240, 96, 97
2026/08/05 01:27:20.275, 0, NVIDIA GeForce RTX 3080, 6493, 3559, 10240, 96, 97
2026/08/05 01:27:20.383, 0, NVIDIA GeForce RTX 3080, 6493, 3559, 10240, 96, 97
2026/08/05 01:27:20.492, 0, NVIDIA GeForce RTX 3080, 6493, 3559, 10240, 96, 97
2026/08/05 01:27:20.601, 0, NVIDIA GeForce RTX 3080, 6493, 3559, 10240, 96, 97
2026/08/05 01:27:20.710, 0, NVIDIA GeForce RTX 3080, 6493, 3559, 10240, 96, 97
2026/08/05 01:27:20.820, 0, NVIDIA GeForce RTX 3080, 6493, 3559, 10240, 96, 98
2026/08/05 01:27:20.929, 0, NVIDIA GeForce RTX 3080, 6493, 3559, 10240, 96, 98
2026/08/05 01:27:21.038, 0, NVIDIA GeForce RTX 3080, 6493, 3559, 10240, 96, 98
2026/08/05 01:27:21.146, 0, NVIDIA GeForce RTX 3080, 6493, 3559, 10240, 96, 98
2026/08/05 01:27:21.256, 0, NVIDIA GeForce RTX 3080, 6493, 3559, 10240, 94, 96
2026/08/05 01:27:21.364, 0, NVIDIA GeForce RTX 3080, 6493, 3559, 10240, 94, 96
2026/08/05 01:27:21.473, 0, NVIDIA GeForce RTX 3080, 6493, 3559, 10240, 94, 96
2026/08/05 01:27:21.583, 0, NVIDIA GeForce RTX 3080, 6493, 3559, 10240, 94, 96
2026/08/05 01:27:21.691, 0, NVIDIA GeForce RTX 3080, 6493, 3559, 10240, 94, 96
2026/08/05 01:27:21.801, 0, NVIDIA GeForce RTX 3080, 6493, 3559, 10240, 96, 97
2026/08/05 01:27:21.909, 0, NVIDIA GeForce RTX 3080, 6493, 3559, 10240, 96, 97
2026/08/05 01:27:22.019, 0, NVIDIA GeForce RTX 3080, 6493, 3559, 10240, 96, 97
2026/08/05 01:27:22.129, 0, NVIDIA GeForce RTX 3080, 6493, 3559, 10240, 96, 97
2026/08/05 01:27:22.237, 0, NVIDIA GeForce RTX 3080, 6493, 3559, 10240, 96, 97
2026/08/05 01:27:22.346, 0, NVIDIA GeForce RTX 3080, 6493, 3559, 10240, 96, 97
2026/08/05 01:27:22.456, 0, NVIDIA GeForce RTX 3080, 6493, 3559, 10240, 96, 97
2026/08/05 01:27:22.564, 0, NVIDIA GeForce RTX 3080, 6493, 3559, 10240, 96, 97
2026/08/05 01:27:22.674, 0, NVIDIA GeForce RTX 3080, 6493, 3559, 10240, 96, 97
2026/08/05 01:27:22.783, 0, NVIDIA GeForce RTX 3080, 6493, 3559, 10240, 96, 97
2026/08/05 01:27:22.892, 0, NVIDIA GeForce RTX 3080, 6493, 3559, 10240, 96, 97
2026/08/05 01:27:23.001, 0, NVIDIA GeForce RTX 3080, 6493, 3559, 10240, 96, 97
2026/08/05 01:27:23.110, 0, NVIDIA GeForce RTX 3080, 6493, 3559, 10240, 96, 97
2026/08/05 01:27:23.219, 0, NVIDIA GeForce RTX 3080, 6493, 3559, 10240, 96, 97
2026/08/05 01:27:23.328, 0, NVIDIA GeForce RTX 3080, 6493, 3559, 10240, 96, 97
2026/08/05 01:27:23.437, 0, NVIDIA GeForce RTX 3080, 6493, 3559, 10240, 96, 97
2026/08/05 01:27:23.546, 0, NVIDIA GeForce RTX 3080, 6493, 3559, 10240, 96, 97
2026/08/05 01:27:23.656, 0, NVIDIA GeForce RTX 3080, 6493, 3559, 10240, 96, 97
2026/08/05 01:27:23.764, 0, NVIDIA GeForce RTX 3080, 6493, 3559, 10240, 96, 98
2026/08/05 01:27:23.874, 0, NVIDIA GeForce RTX 3080, 6493, 3559, 10240, 96, 98
2026/08/05 01:27:23.983, 0, NVIDIA GeForce RTX 3080, 6493, 3559, 10240, 96, 98
2026/08/05 01:27:24.091, 0, NVIDIA GeForce RTX 3080, 6493, 3559, 10240, 96, 98
2026/08/05 01:27:24.201, 0, NVIDIA GeForce RTX 3080, 6493, 3559, 10240, 96, 98
2026/08/05 01:27:24.309, 0, NVIDIA GeForce RTX 3080, 6493, 3559, 10240, 96, 98
2026/08/05 01:27:24.419, 0, NVIDIA GeForce RTX 3080, 6493, 3559, 10240, 96, 98
2026/08/05 01:27:24.529, 0, NVIDIA GeForce RTX 3080, 6493, 3559, 10240, 96, 98
2026/08/05 01:27:24.637, 0, NVIDIA GeForce RTX 3080, 6493, 3559, 10240, 96, 98
2026/08/05 01:27:24.746, 0, NVIDIA GeForce RTX 3080, 6493, 3559, 10240, 97, 97
2026/08/05 01:27:24.855, 0, NVIDIA GeForce RTX 3080, 6493, 3559, 10240, 97, 97
2026/08/05 01:27:24.964, 0, NVIDIA GeForce RTX 3080, 6493, 3559, 10240, 97, 97
2026/08/05 01:27:25.073, 0, NVIDIA GeForce RTX 3080, 6493, 3559, 10240, 97, 97
2026/08/05 01:27:25.182, 0, NVIDIA GeForce RTX 3080, 6493, 3559, 10240, 97, 97
2026/08/05 01:27:25.291, 0, NVIDIA GeForce RTX 3080, 6493, 3559, 10240, 97, 97
2026/08/05 01:27:25.400, 0, NVIDIA GeForce RTX 3080, 6493, 3559, 10240, 97, 97
2026/08/05 01:27:25.509, 0, NVIDIA GeForce RTX 3080, 6493, 3559, 10240, 97, 97
2026/08/05 01:27:25.619, 0, NVIDIA GeForce RTX 3080, 6493, 3559, 10240, 97, 97
2026/08/05 01:27:25.728, 0, NVIDIA GeForce RTX 3080, 6493, 3559, 10240, 97, 97
2026/08/05 01:27:25.837, 0, NVIDIA GeForce RTX 3080, 6493, 3559, 10240, 97, 97
2026/08/05 01:27:25.946, 0, NVIDIA GeForce RTX 3080, 6493, 3559, 10240, 97, 97
2026/08/05 01:27:26.056, 0, NVIDIA GeForce RTX 3080, 6493, 3559, 10240, 97, 97
2026/08/05 01:27:26.164, 0, NVIDIA GeForce RTX 3080, 6493, 3559, 10240, 97, 97
2026/08/05 01:27:26.274, 0, NVIDIA GeForce RTX 3080, 6493, 3559, 10240, 97, 97
2026/08/05 01:27:26.383, 0, NVIDIA GeForce RTX 3080, 6493, 3559, 10240, 97, 97
2026/08/05 01:27:26.492, 0, NVIDIA GeForce RTX 3080, 6493, 3559, 10240, 97, 97
2026/08/05 01:27:26.602, 0, NVIDIA GeForce RTX 3080, 6493, 3559, 10240, 97, 97
2026/08/05 01:27:26.710, 0, NVIDIA GeForce RTX 3080, 6493, 3559, 10240, 97, 97
2026/08/05 01:27:26.820, 0, NVIDIA GeForce RTX 3080, 6493, 3559, 10240, 97, 98
2026/08/05 01:27:26.929, 0, NVIDIA GeForce RTX 3080, 6493, 3559, 10240, 97, 98
2026/08/05 01:27:27.038, 0, NVIDIA GeForce RTX 3080, 6493, 3559, 10240, 97, 98
2026/08/05 01:27:27.162, 0, NVIDIA GeForce RTX 3080, 6493, 3559, 10240, 97, 98
2026/08/05 01:27:27.270, 0, NVIDIA GeForce RTX 3080, 6493, 3559, 10240, 97, 98
2026/08/05 01:27:27.379, 0, NVIDIA GeForce RTX 3080, 6493, 3559, 10240, 97, 98
2026/08/05 01:27:27.487, 0, NVIDIA GeForce RTX 3080, 6493, 3559, 10240, 97, 98
2026/08/05 01:27:27.597, 0, NVIDIA GeForce RTX 3080, 6493, 3559, 10240, 97, 98
2026/08/05 01:27:27.707, 0, NVIDIA GeForce RTX 3080, 6493, 3559, 10240, 97, 98
2026/08/05 01:27:27.815, 0, NVIDIA GeForce RTX 3080, 6493, 3559, 10240, 96, 97
2026/08/05 01:27:27.925, 0, NVIDIA GeForce RTX 3080, 6493, 3559, 10240, 96, 97
2026/08/05 01:27:28.033, 0, NVIDIA GeForce RTX 3080, 6493, 3559, 10240, 96, 97
2026/08/05 01:27:28.142, 0, NVIDIA GeForce RTX 3080, 6493, 3559, 10240, 96, 97
2026/08/05 01:27:28.252, 0, NVIDIA GeForce RTX 3080, 6493, 3559, 10240, 96, 98
2026/08/05 01:27:28.360, 0, NVIDIA GeForce RTX 3080, 6493, 3559, 10240, 96, 98
2026/08/05 01:27:28.470, 0, NVIDIA GeForce RTX 3080, 6493, 3559, 10240, 96, 98
2026/08/05 01:27:28.579, 0, NVIDIA GeForce RTX 3080, 6493, 3559, 10240, 96, 98
2026/08/05 01:27:28.688, 0, NVIDIA GeForce RTX 3080, 6493, 3559, 10240, 96, 98
2026/08/05 01:27:28.798, 0, NVIDIA GeForce RTX 3080, 6493, 3559, 10240, 96, 98
2026/08/05 01:27:28.906, 0, NVIDIA GeForce RTX 3080, 6493, 3559, 10240, 96, 98
2026/08/05 01:27:29.015, 0, NVIDIA GeForce RTX 3080, 6493, 3559, 10240, 96, 98
2026/08/05 01:27:29.125, 0, NVIDIA GeForce RTX 3080, 6493, 3559, 10240, 96, 98
2026/08/05 01:27:29.233, 0, NVIDIA GeForce RTX 3080, 6493, 3559, 10240, 96, 98
2026/08/05 01:27:29.342, 0, NVIDIA GeForce RTX 3080, 6493, 3559, 10240, 96, 97
2026/08/05 01:27:29.451, 0, NVIDIA GeForce RTX 3080, 6493, 3559, 10240, 96, 97
2026/08/05 01:27:29.560, 0, NVIDIA GeForce RTX 3080, 6493, 3559, 10240, 96, 97
2026/08/05 01:27:29.670, 0, NVIDIA GeForce RTX 3080, 6493, 3559, 10240, 96, 97
2026/08/05 01:27:29.779, 0, NVIDIA GeForce RTX 3080, 6493, 3559, 10240, 97, 98
2026/08/05 01:27:29.888, 0, NVIDIA GeForce RTX 3080, 6493, 3559, 10240, 97, 98
2026/08/05 01:27:29.998, 0, NVIDIA GeForce RTX 3080, 6493, 3559, 10240, 97, 98
2026/08/05 01:27:30.107, 0, NVIDIA GeForce RTX 3080, 6493, 3559, 10240, 97, 98
2026/08/05 01:27:30.216, 0, NVIDIA GeForce RTX 3080, 6493, 3559, 10240, 97, 98
2026/08/05 01:27:30.325, 0, NVIDIA GeForce RTX 3080, 6493, 3559, 10240, 97, 98
2026/08/05 01:27:30.435, 0, NVIDIA GeForce RTX 3080, 6493, 3559, 10240, 97, 98
2026/08/05 01:27:30.543, 0, NVIDIA GeForce RTX 3080, 6493, 3559, 10240, 97, 98
2026/08/05 01:27:30.653, 0, NVIDIA GeForce RTX 3080, 6493, 3559, 10240, 97, 98
2026/08/05 01:27:30.763, 0, NVIDIA GeForce RTX 3080, 6493, 3559, 10240, 97, 98
2026/08/05 01:27:30.871, 0, NVIDIA GeForce RTX 3080, 6493, 3559, 10240, 97, 98
2026/08/05 01:27:30.981, 0, NVIDIA GeForce RTX 3080, 6493, 3559, 10240, 97, 98
2026/08/05 01:27:31.089, 0, NVIDIA GeForce RTX 3080, 6493, 3559, 10240, 97, 98
2026/08/05 01:27:31.196, 0, NVIDIA GeForce RTX 3080, 6493, 3559, 10240, 97, 98
2026/08/05 01:27:31.305, 0, NVIDIA GeForce RTX 3080, 6493, 3559, 10240, 97, 98
2026/08/05 01:27:31.414, 0, NVIDIA GeForce RTX 3080, 6493, 3559, 10240, 97, 98
2026/08/05 01:27:31.523, 0, NVIDIA GeForce RTX 3080, 6493, 3559, 10240, 97, 98
2026/08/05 01:27:31.633, 0, NVIDIA GeForce RTX 3080, 6493, 3559, 10240, 97, 98
2026/08/05 01:27:31.742, 0, NVIDIA GeForce RTX 3080, 6493, 3559, 10240, 97, 98
2026/08/05 01:27:31.851, 0, NVIDIA GeForce RTX 3080, 6493, 3559, 10240, 97, 97
2026/08/05 01:27:31.959, 0, NVIDIA GeForce RTX 3080, 6493, 3559, 10240, 97, 97
2026/08/05 01:27:32.069, 0, NVIDIA GeForce RTX 3080, 6493, 3559, 10240, 97, 97
2026/08/05 01:27:32.178, 0, NVIDIA GeForce RTX 3080, 6493, 3559, 10240, 97, 97
2026/08/05 01:27:32.286, 0, NVIDIA GeForce RTX 3080, 6493, 3559, 10240, 97, 98
2026/08/05 01:27:32.395, 0, NVIDIA GeForce RTX 3080, 6493, 3559, 10240, 97, 98
2026/08/05 01:27:32.504, 0, NVIDIA GeForce RTX 3080, 6493, 3559, 10240, 97, 98
2026/08/05 01:27:32.613, 0, NVIDIA GeForce RTX 3080, 6493, 3559, 10240, 97, 98
2026/08/05 01:27:32.722, 0, NVIDIA GeForce RTX 3080, 6493, 3559, 10240, 97, 98
2026/08/05 01:27:32.832, 0, NVIDIA GeForce RTX 3080, 6493, 3559, 10240, 97, 97
2026/08/05 01:27:32.941, 0, NVIDIA GeForce RTX 3080, 6493, 3559, 10240, 97, 97
2026/08/05 01:27:33.050, 0, NVIDIA GeForce RTX 3080, 6493, 3559, 10240, 97, 97
2026/08/05 01:27:33.159, 0, NVIDIA GeForce RTX 3080, 6493, 3559, 10240, 97, 97
2026/08/05 01:27:33.268, 0, NVIDIA GeForce RTX 3080, 6493, 3559, 10240, 97, 98
2026/08/05 01:27:33.378, 0, NVIDIA GeForce RTX 3080, 6493, 3559, 10240, 97, 98
2026/08/05 01:27:33.487, 0, NVIDIA GeForce RTX 3080, 6493, 3559, 10240, 97, 98
2026/08/05 01:27:33.596, 0, NVIDIA GeForce RTX 3080, 6493, 3559, 10240, 97, 98
2026/08/05 01:27:33.706, 0, NVIDIA GeForce RTX 3080, 6493, 3559, 10240, 97, 98
2026/08/05 01:27:33.814, 0, NVIDIA GeForce RTX 3080, 6493, 3559, 10240, 97, 98
2026/08/05 01:27:33.924, 0, NVIDIA GeForce RTX 3080, 6493, 3559, 10240, 97, 98
2026/08/05 01:27:34.033, 0, NVIDIA GeForce RTX 3080, 6493, 3559, 10240, 97, 98
2026/08/05 01:27:34.142, 0, NVIDIA GeForce RTX 3080, 6493, 3559, 10240, 97, 98
2026/08/05 01:27:34.252, 0, NVIDIA GeForce RTX 3080, 6493, 3559, 10240, 97, 98
2026/08/05 01:27:34.360, 0, NVIDIA GeForce RTX 3080, 6493, 3559, 10240, 97, 98
2026/08/05 01:27:34.469, 0, NVIDIA GeForce RTX 3080, 6493, 3559, 10240, 97, 98
2026/08/05 01:27:34.578, 0, NVIDIA GeForce RTX 3080, 6493, 3559, 10240, 97, 98
2026/08/05 01:27:34.687, 0, NVIDIA GeForce RTX 3080, 6493, 3559, 10240, 97, 98
2026/08/05 01:27:34.797, 0, NVIDIA GeForce RTX 3080, 6493, 3559, 10240, 97, 97
2026/08/05 01:27:34.906, 0, NVIDIA GeForce RTX 3080, 6493, 3559, 10240, 97, 97
2026/08/05 01:27:35.015, 0, NVIDIA GeForce RTX 3080, 6493, 3559, 10240, 97, 97
2026/08/05 01:27:35.125, 0, NVIDIA GeForce RTX 3080, 6493, 3559, 10240, 97, 97
2026/08/05 01:27:35.232, 0, NVIDIA GeForce RTX 3080, 6493, 3559, 10240, 97, 97
2026/08/05 01:27:35.341, 0, NVIDIA GeForce RTX 3080, 6493, 3559, 10240, 97, 98
2026/08/05 01:27:35.450, 0, NVIDIA GeForce RTX 3080, 6493, 3559, 10240, 97, 98
2026/08/05 01:27:35.559, 0, NVIDIA GeForce RTX 3080, 6493, 3559, 10240, 97, 98
2026/08/05 01:27:35.669, 0, NVIDIA GeForce RTX 3080, 6493, 3559, 10240, 97, 98
2026/08/05 01:27:35.778, 0, NVIDIA GeForce RTX 3080, 6493, 3559, 10240, 97, 98
2026/08/05 01:27:35.887, 0, NVIDIA GeForce RTX 3080, 6493, 3559, 10240, 97, 98
2026/08/05 01:27:35.996, 0, NVIDIA GeForce RTX 3080, 6493, 3559, 10240, 97, 98
2026/08/05 01:27:36.105, 0, NVIDIA GeForce RTX 3080, 6493, 3559, 10240, 97, 98
2026/08/05 01:27:36.213, 0, NVIDIA GeForce RTX 3080, 6493, 3559, 10240, 97, 98
2026/08/05 01:27:36.322, 0, NVIDIA GeForce RTX 3080, 6493, 3559, 10240, 95, 96
2026/08/05 01:27:36.431, 0, NVIDIA GeForce RTX 3080, 6493, 3559, 10240, 95, 96
2026/08/05 01:27:36.539, 0, NVIDIA GeForce RTX 3080, 6493, 3559, 10240, 95, 96
2026/08/05 01:27:36.649, 0, NVIDIA GeForce RTX 3080, 6493, 3559, 10240, 95, 96
2026/08/05 01:27:36.757, 0, NVIDIA GeForce RTX 3080, 6493, 3559, 10240, 97, 98
2026/08/05 01:27:36.867, 0, NVIDIA GeForce RTX 3080, 6493, 3559, 10240, 97, 98
2026/08/05 01:27:36.976, 0, NVIDIA GeForce RTX 3080, 6493, 3559, 10240, 97, 98
2026/08/05 01:27:37.085, 0, NVIDIA GeForce RTX 3080, 6493, 3559, 10240, 97, 98
2026/08/05 01:27:37.195, 0, NVIDIA GeForce RTX 3080, 6493, 3559, 10240, 97, 98
2026/08/05 01:27:37.304, 0, NVIDIA GeForce RTX 3080, 6493, 3559, 10240, 97, 98
2026/08/05 01:27:37.413, 0, NVIDIA GeForce RTX 3080, 6493, 3559, 10240, 97, 98
2026/08/05 01:27:37.522, 0, NVIDIA GeForce RTX 3080, 6493, 3559, 10240, 97, 98
2026/08/05 01:27:37.634, 0, NVIDIA GeForce RTX 3080, 6497, 3555, 10240, 97, 98
2026/08/05 01:27:37.746, 0, NVIDIA GeForce RTX 3080, 6497, 3555, 10240, 97, 98
2026/08/05 01:27:37.858, 0, NVIDIA GeForce RTX 3080, 6497, 3555, 10240, 97, 98
2026/08/05 01:27:37.970, 0, NVIDIA GeForce RTX 3080, 6497, 3555, 10240, 97, 98
2026/08/05 01:27:38.082, 0, NVIDIA GeForce RTX 3080, 6497, 3555, 10240, 97, 98
2026/08/05 01:27:38.194, 0, NVIDIA GeForce RTX 3080, 6497, 3555, 10240, 97, 98
2026/08/05 01:27:38.306, 0, NVIDIA GeForce RTX 3080, 6497, 3555, 10240, 97, 97
2026/08/05 01:27:38.418, 0, NVIDIA GeForce RTX 3080, 6497, 3555, 10240, 97, 97
2026/08/05 01:27:38.530, 0, NVIDIA GeForce RTX 3080, 6497, 3555, 10240, 97, 97
2026/08/05 01:27:38.642, 0, NVIDIA GeForce RTX 3080, 6497, 3555, 10240, 97, 97
2026/08/05 01:27:38.754, 0, NVIDIA GeForce RTX 3080, 6497, 3555, 10240, 98, 97
2026/08/05 01:27:38.866, 0, NVIDIA GeForce RTX 3080, 6497, 3555, 10240, 98, 97
2026/08/05 01:27:38.979, 0, NVIDIA GeForce RTX 3080, 6497, 3555, 10240, 98, 97
2026/08/05 01:27:39.091, 0, NVIDIA GeForce RTX 3080, 6497, 3555, 10240, 98, 97
2026/08/05 01:27:39.203, 0, NVIDIA GeForce RTX 3080, 6497, 3555, 10240, 98, 97
2026/08/05 01:27:39.315, 0, NVIDIA GeForce RTX 3080, 6497, 3555, 10240, 97, 98
2026/08/05 01:27:39.427, 0, NVIDIA GeForce RTX 3080, 6497, 3555, 10240, 97, 98
2026/08/05 01:27:39.539, 0, NVIDIA GeForce RTX 3080, 6497, 3555, 10240, 97, 98
2026/08/05 01:27:39.651, 0, NVIDIA GeForce RTX 3080, 6497, 3555, 10240, 97, 98
2026/08/05 01:27:39.763, 0, NVIDIA GeForce RTX 3080, 6497, 3555, 10240, 96, 96
2026/08/05 01:27:39.875, 0, NVIDIA GeForce RTX 3080, 6497, 3555, 10240, 96, 96
2026/08/05 01:27:39.987, 0, NVIDIA GeForce RTX 3080, 6497, 3555, 10240, 96, 96
2026/08/05 01:27:40.099, 0, NVIDIA GeForce RTX 3080, 6497, 3555, 10240, 96, 96
2026/08/05 01:27:40.211, 0, NVIDIA GeForce RTX 3080, 6497, 3555, 10240, 96, 96
2026/08/05 01:27:40.323, 0, NVIDIA GeForce RTX 3080, 6497, 3555, 10240, 98, 98
2026/08/05 01:27:40.435, 0, NVIDIA GeForce RTX 3080, 6497, 3555, 10240, 98, 98
2026/08/05 01:27:40.547, 0, NVIDIA GeForce RTX 3080, 6497, 3555, 10240, 98, 98
2026/08/05 01:27:40.659, 0, NVIDIA GeForce RTX 3080, 6497, 3555, 10240, 98, 98
2026/08/05 01:27:40.771, 0, NVIDIA GeForce RTX 3080, 6497, 3555, 10240, 98, 97
2026/08/05 01:27:40.883, 0, NVIDIA GeForce RTX 3080, 6497, 3555, 10240, 98, 97
2026/08/05 01:27:40.995, 0, NVIDIA GeForce RTX 3080, 6497, 3555, 10240, 98, 97
2026/08/05 01:27:41.107, 0, NVIDIA GeForce RTX 3080, 6497, 3555, 10240, 98, 97
2026/08/05 01:27:41.219, 0, NVIDIA GeForce RTX 3080, 6497, 3555, 10240, 98, 97
2026/08/05 01:27:41.331, 0, NVIDIA GeForce RTX 3080, 6497, 3555, 10240, 98, 98
2026/08/05 01:27:41.443, 0, NVIDIA GeForce RTX 3080, 6497, 3555, 10240, 98, 98
2026/08/05 01:27:41.553, 0, NVIDIA GeForce RTX 3080, 6497, 3555, 10240, 98, 98
2026/08/05 01:27:41.664, 0, NVIDIA GeForce RTX 3080, 6497, 3555, 10240, 98, 98
2026/08/05 01:27:41.773, 0, NVIDIA GeForce RTX 3080, 6497, 3555, 10240, 96, 97
2026/08/05 01:27:41.882, 0, NVIDIA GeForce RTX 3080, 6497, 3555, 10240, 96, 97
2026/08/05 01:27:41.991, 0, NVIDIA GeForce RTX 3080, 6497, 3555, 10240, 96, 97
2026/08/05 01:27:42.100, 0, NVIDIA GeForce RTX 3080, 6497, 3555, 10240, 96, 97
2026/08/05 01:27:42.210, 0, NVIDIA GeForce RTX 3080, 6497, 3555, 10240, 96, 97
2026/08/05 01:27:42.319, 0, NVIDIA GeForce RTX 3080, 6497, 3555, 10240, 96, 97
2026/08/05 01:27:42.428, 0, NVIDIA GeForce RTX 3080, 6497, 3555, 10240, 96, 97
2026/08/05 01:27:42.536, 0, NVIDIA GeForce RTX 3080, 6497, 3555, 10240, 96, 97
2026/08/05 01:27:42.646, 0, NVIDIA GeForce RTX 3080, 6497, 3555, 10240, 96, 97
2026/08/05 01:27:42.755, 0, NVIDIA GeForce RTX 3080, 6497, 3555, 10240, 96, 97
2026/08/05 01:27:42.865, 0, NVIDIA GeForce RTX 3080, 6497, 3555, 10240, 96, 97
2026/08/05 01:27:42.975, 0, NVIDIA GeForce RTX 3080, 6497, 3555, 10240, 96, 97
2026/08/05 01:27:43.083, 0, NVIDIA GeForce RTX 3080, 6497, 3555, 10240, 96, 97
2026/08/05 01:27:43.192, 0, NVIDIA GeForce RTX 3080, 6497, 3555, 10240, 96, 97
2026/08/05 01:27:43.300, 0, NVIDIA GeForce RTX 3080, 6497, 3555, 10240, 96, 97
2026/08/05 01:27:43.410, 0, NVIDIA GeForce RTX 3080, 6497, 3555, 10240, 96, 97
2026/08/05 01:27:43.520, 0, NVIDIA GeForce RTX 3080, 6497, 3555, 10240, 96, 97
2026/08/05 01:27:43.628, 0, NVIDIA GeForce RTX 3080, 6497, 3555, 10240, 96, 97
2026/08/05 01:27:43.737, 0, NVIDIA GeForce RTX 3080, 6497, 3555, 10240, 96, 97
2026/08/05 01:27:43.846, 0, NVIDIA GeForce RTX 3080, 6497, 3555, 10240, 96, 98
2026/08/05 01:27:43.955, 0, NVIDIA GeForce RTX 3080, 6497, 3555, 10240, 96, 98
2026/08/05 01:27:44.064, 0, NVIDIA GeForce RTX 3080, 6497, 3555, 10240, 96, 98
2026/08/05 01:27:44.174, 0, NVIDIA GeForce RTX 3080, 6497, 3555, 10240, 96, 98
2026/08/05 01:27:44.283, 0, NVIDIA GeForce RTX 3080, 6497, 3555, 10240, 96, 98
2026/08/05 01:27:44.392, 0, NVIDIA GeForce RTX 3080, 6497, 3555, 10240, 96, 98
2026/08/05 01:27:44.502, 0, NVIDIA GeForce RTX 3080, 6497, 3555, 10240, 96, 98
2026/08/05 01:27:44.611, 0, NVIDIA GeForce RTX 3080, 6497, 3555, 10240, 96, 98
2026/08/05 01:27:44.720, 0, NVIDIA GeForce RTX 3080, 6497, 3555, 10240, 96, 98
2026/08/05 01:27:44.829, 0, NVIDIA GeForce RTX 3080, 6497, 3555, 10240, 96, 97
2026/08/05 01:27:44.937, 0, NVIDIA GeForce RTX 3080, 6497, 3555, 10240, 96, 97
2026/08/05 01:27:45.046, 0, NVIDIA GeForce RTX 3080, 6497, 3555, 10240, 96, 97
2026/08/05 01:27:45.155, 0, NVIDIA GeForce RTX 3080, 6497, 3555, 10240, 96, 97
2026/08/05 01:27:45.264, 0, NVIDIA GeForce RTX 3080, 6497, 3555, 10240, 96, 98
2026/08/05 01:27:45.374, 0, NVIDIA GeForce RTX 3080, 6497, 3555, 10240, 96, 98
2026/08/05 01:27:45.482, 0, NVIDIA GeForce RTX 3080, 6497, 3555, 10240, 96, 98
2026/08/05 01:27:45.591, 0, NVIDIA GeForce RTX 3080, 6497, 3555, 10240, 96, 98
2026/08/05 01:27:45.700, 0, NVIDIA GeForce RTX 3080, 6497, 3555, 10240, 96, 98
2026/08/05 01:27:45.809, 0, NVIDIA GeForce RTX 3080, 6497, 3555, 10240, 96, 97
2026/08/05 01:27:45.919, 0, NVIDIA GeForce RTX 3080, 6497, 3555, 10240, 96, 97
2026/08/05 01:27:46.027, 0, NVIDIA GeForce RTX 3080, 6497, 3555, 10240, 96, 97
2026/08/05 01:27:46.137, 0, NVIDIA GeForce RTX 3080, 6497, 3555, 10240, 96, 97
2026/08/05 01:27:46.247, 0, NVIDIA GeForce RTX 3080, 6497, 3555, 10240, 93, 95
2026/08/05 01:27:46.355, 0, NVIDIA GeForce RTX 3080, 6497, 3555, 10240, 93, 95
2026/08/05 01:27:46.464, 0, NVIDIA GeForce RTX 3080, 6497, 3555, 10240, 93, 95
2026/08/05 01:27:46.573, 0, NVIDIA GeForce RTX 3080, 6497, 3555, 10240, 93, 95
2026/08/05 01:27:46.682, 0, NVIDIA GeForce RTX 3080, 6497, 3555, 10240, 93, 95
2026/08/05 01:27:46.791, 0, NVIDIA GeForce RTX 3080, 6497, 3555, 10240, 96, 98
2026/08/05 01:27:46.900, 0, NVIDIA GeForce RTX 3080, 6497, 3555, 10240, 96, 98
2026/08/05 01:27:47.010, 0, NVIDIA GeForce RTX 3080, 6497, 3555, 10240, 96, 98
2026/08/05 01:27:47.119, 0, NVIDIA GeForce RTX 3080, 6497, 3555, 10240, 96, 98
2026/08/05 01:27:47.228, 0, NVIDIA GeForce RTX 3080, 6497, 3555, 10240, 96, 98
2026/08/05 01:27:47.338, 0, NVIDIA GeForce RTX 3080, 6497, 3555, 10240, 96, 98
2026/08/05 01:27:47.447, 0, NVIDIA GeForce RTX 3080, 6497, 3555, 10240, 96, 98
2026/08/05 01:27:47.556, 0, NVIDIA GeForce RTX 3080, 6497, 3555, 10240, 96, 98
2026/08/05 01:27:47.665, 0, NVIDIA GeForce RTX 3080, 6497, 3555, 10240, 96, 98
2026/08/05 01:27:47.774, 0, NVIDIA GeForce RTX 3080, 6497, 3555, 10240, 96, 97
2026/08/05 01:27:47.882, 0, NVIDIA GeForce RTX 3080, 6497, 3555, 10240, 96, 97
2026/08/05 01:27:47.992, 0, NVIDIA GeForce RTX 3080, 6497, 3555, 10240, 96, 97
2026/08/05 01:27:48.102, 0, NVIDIA GeForce RTX 3080, 6497, 3555, 10240, 96, 97
2026/08/05 01:27:48.209, 0, NVIDIA GeForce RTX 3080, 6497, 3555, 10240, 96, 97
2026/08/05 01:27:48.319, 0, NVIDIA GeForce RTX 3080, 6497, 3555, 10240, 96, 97
2026/08/05 01:27:48.428, 0, NVIDIA GeForce RTX 3080, 6497, 3555, 10240, 96, 97
2026/08/05 01:27:48.537, 0, NVIDIA GeForce RTX 3080, 6497, 3555, 10240, 96, 97
2026/08/05 01:27:48.647, 0, NVIDIA GeForce RTX 3080, 6497, 3555, 10240, 96, 97
2026/08/05 01:27:48.755, 0, NVIDIA GeForce RTX 3080, 6497, 3555, 10240, 96, 98
2026/08/05 01:27:48.865, 0, NVIDIA GeForce RTX 3080, 6497, 3555, 10240, 96, 98
2026/08/05 01:27:48.975, 0, NVIDIA GeForce RTX 3080, 6497, 3555, 10240, 96, 98
2026/08/05 01:27:49.084, 0, NVIDIA GeForce RTX 3080, 6497, 3555, 10240, 96, 98
2026/08/05 01:27:49.193, 0, NVIDIA GeForce RTX 3080, 6497, 3555, 10240, 96, 98
2026/08/05 01:27:49.303, 0, NVIDIA GeForce RTX 3080, 6497, 3555, 10240, 96, 97
2026/08/05 01:27:49.412, 0, NVIDIA GeForce RTX 3080, 6497, 3555, 10240, 96, 97
2026/08/05 01:27:49.521, 0, NVIDIA GeForce RTX 3080, 6497, 3555, 10240, 96, 97
2026/08/05 01:27:49.630, 0, NVIDIA GeForce RTX 3080, 6497, 3555, 10240, 96, 97
2026/08/05 01:27:49.739, 0, NVIDIA GeForce RTX 3080, 6497, 3555, 10240, 96, 97
2026/08/05 01:27:49.849, 0, NVIDIA GeForce RTX 3080, 6497, 3555, 10240, 96, 97
2026/08/05 01:27:49.957, 0, NVIDIA GeForce RTX 3080, 6497, 3555, 10240, 96, 97
2026/08/05 01:27:50.067, 0, NVIDIA GeForce RTX 3080, 6497, 3555, 10240, 96, 97
2026/08/05 01:27:50.177, 0, NVIDIA GeForce RTX 3080, 6497, 3555, 10240, 96, 97
2026/08/05 01:27:50.285, 0, NVIDIA GeForce RTX 3080, 6497, 3555, 10240, 96, 98
2026/08/05 01:27:50.395, 0, NVIDIA GeForce RTX 3080, 6497, 3555, 10240, 96, 98
2026/08/05 01:27:50.505, 0, NVIDIA GeForce RTX 3080, 6497, 3555, 10240, 96, 98
2026/08/05 01:27:50.612, 0, NVIDIA GeForce RTX 3080, 6497, 3555, 10240, 96, 98
2026/08/05 01:27:50.722, 0, NVIDIA GeForce RTX 3080, 6497, 3555, 10240, 96, 98
2026/08/05 01:27:50.830, 0, NVIDIA GeForce RTX 3080, 6497, 3555, 10240, 96, 97
2026/08/05 01:27:50.940, 0, NVIDIA GeForce RTX 3080, 6497, 3555, 10240, 96, 97
2026/08/05 01:27:51.049, 0, NVIDIA GeForce RTX 3080, 6497, 3555, 10240, 96, 97
2026/08/05 01:27:51.158, 0, NVIDIA GeForce RTX 3080, 6497, 3555, 10240, 96, 97
2026/08/05 01:27:51.267, 0, NVIDIA GeForce RTX 3080, 6497, 3555, 10240, 97, 98
2026/08/05 01:27:51.376, 0, NVIDIA GeForce RTX 3080, 6497, 3555, 10240, 97, 98
2026/08/05 01:27:51.485, 0, NVIDIA GeForce RTX 3080, 6497, 3555, 10240, 97, 98
2026/08/05 01:27:51.594, 0, NVIDIA GeForce RTX 3080, 6497, 3555, 10240, 97, 98
2026/08/05 01:27:51.704, 0, NVIDIA GeForce RTX 3080, 6497, 3555, 10240, 97, 98
2026/08/05 01:27:51.813, 0, NVIDIA GeForce RTX 3080, 6497, 3555, 10240, 97, 97
2026/08/05 01:27:51.922, 0, NVIDIA GeForce RTX 3080, 6497, 3555, 10240, 97, 97
2026/08/05 01:27:52.032, 0, NVIDIA GeForce RTX 3080, 6497, 3555, 10240, 97, 97
2026/08/05 01:27:52.139, 0, NVIDIA GeForce RTX 3080, 6497, 3555, 10240, 97, 97
2026/08/05 01:27:52.249, 0, NVIDIA GeForce RTX 3080, 6497, 3555, 10240, 96, 97
2026/08/05 01:27:52.358, 0, NVIDIA GeForce RTX 3080, 6497, 3555, 10240, 96, 97
2026/08/05 01:27:52.467, 0, NVIDIA GeForce RTX 3080, 6497, 3555, 10240, 96, 97
2026/08/05 01:27:52.577, 0, NVIDIA GeForce RTX 3080, 6497, 3555, 10240, 96, 97
2026/08/05 01:27:52.686, 0, NVIDIA GeForce RTX 3080, 6497, 3555, 10240, 96, 97
2026/08/05 01:27:52.794, 0, NVIDIA GeForce RTX 3080, 6497, 3555, 10240, 95, 97
2026/08/05 01:27:52.904, 0, NVIDIA GeForce RTX 3080, 6497, 3555, 10240, 95, 97
2026/08/05 01:27:53.013, 0, NVIDIA GeForce RTX 3080, 6497, 3555, 10240, 95, 97
2026/08/05 01:27:53.122, 0, NVIDIA GeForce RTX 3080, 6497, 3555, 10240, 95, 97
2026/08/05 01:27:53.232, 0, NVIDIA GeForce RTX 3080, 6497, 3555, 10240, 95, 97
2026/08/05 01:27:53.340, 0, NVIDIA GeForce RTX 3080, 6497, 3555, 10240, 97, 98
2026/08/05 01:27:53.450, 0, NVIDIA GeForce RTX 3080, 6497, 3555, 10240, 97, 98
2026/08/05 01:27:53.558, 0, NVIDIA GeForce RTX 3080, 6497, 3555, 10240, 97, 98
2026/08/05 01:27:53.667, 0, NVIDIA GeForce RTX 3080, 6497, 3555, 10240, 97, 98
2026/08/05 01:27:53.777, 0, NVIDIA GeForce RTX 3080, 6497, 3555, 10240, 97, 97
2026/08/05 01:27:53.885, 0, NVIDIA GeForce RTX 3080, 6497, 3555, 10240, 97, 97
2026/08/05 01:27:53.995, 0, NVIDIA GeForce RTX 3080, 6497, 3555, 10240, 97, 97
2026/08/05 01:27:54.105, 0, NVIDIA GeForce RTX 3080, 6497, 3555, 10240, 97, 97
2026/08/05 01:27:54.213, 0, NVIDIA GeForce RTX 3080, 6497, 3555, 10240, 97, 97
2026/08/05 01:27:54.323, 0, NVIDIA GeForce RTX 3080, 6497, 3555, 10240, 97, 98
2026/08/05 01:27:54.432, 0, NVIDIA GeForce RTX 3080, 6497, 3555, 10240, 97, 98
2026/08/05 01:27:54.541, 0, NVIDIA GeForce RTX 3080, 6497, 3555, 10240, 97, 98
2026/08/05 01:27:54.650, 0, NVIDIA GeForce RTX 3080, 6497, 3555, 10240, 97, 98
2026/08/05 01:27:54.759, 0, NVIDIA GeForce RTX 3080, 6497, 3555, 10240, 96, 98
2026/08/05 01:27:54.867, 0, NVIDIA GeForce RTX 3080, 6497, 3555, 10240, 96, 98
2026/08/05 01:27:54.976, 0, NVIDIA GeForce RTX 3080, 6497, 3555, 10240, 96, 98
2026/08/05 01:27:55.085, 0, NVIDIA GeForce RTX 3080, 6497, 3555, 10240, 96, 98
2026/08/05 01:27:55.194, 0, NVIDIA GeForce RTX 3080, 6497, 3555, 10240, 96, 98
2026/08/05 01:27:55.304, 0, NVIDIA GeForce RTX 3080, 6497, 3555, 10240, 96, 97
2026/08/05 01:27:55.413, 0, NVIDIA GeForce RTX 3080, 6497, 3555, 10240, 96, 97
2026/08/05 01:27:55.522, 0, NVIDIA GeForce RTX 3080, 6497, 3555, 10240, 96, 97
2026/08/05 01:27:55.632, 0, NVIDIA GeForce RTX 3080, 6497, 3555, 10240, 96, 97
2026/08/05 01:27:55.741, 0, NVIDIA GeForce RTX 3080, 6497, 3555, 10240, 96, 97
2026/08/05 01:27:55.850, 0, NVIDIA GeForce RTX 3080, 6497, 3555, 10240, 96, 98
2026/08/05 01:27:55.959, 0, NVIDIA GeForce RTX 3080, 6497, 3555, 10240, 96, 98
2026/08/05 01:27:56.068, 0, NVIDIA GeForce RTX 3080, 6497, 3555, 10240, 96, 98
2026/08/05 01:27:56.178, 0, NVIDIA GeForce RTX 3080, 6497, 3555, 10240, 96, 98
2026/08/05 01:27:56.287, 0, NVIDIA GeForce RTX 3080, 6497, 3555, 10240, 97, 97
2026/08/05 01:27:56.396, 0, NVIDIA GeForce RTX 3080, 6497, 3555, 10240, 97, 97
2026/08/05 01:27:56.506, 0, NVIDIA GeForce RTX 3080, 6497, 3555, 10240, 97, 97
2026/08/05 01:27:56.614, 0, NVIDIA GeForce RTX 3080, 6497, 3555, 10240, 97, 97
2026/08/05 01:27:56.724, 0, NVIDIA GeForce RTX 3080, 6497, 3555, 10240, 97, 97
2026/08/05 01:27:56.833, 0, NVIDIA GeForce RTX 3080, 6497, 3555, 10240, 97, 98
2026/08/05 01:27:56.941, 0, NVIDIA GeForce RTX 3080, 6497, 3555, 10240, 97, 98
2026/08/05 01:27:57.051, 0, NVIDIA GeForce RTX 3080, 6497, 3555, 10240, 97, 98
2026/08/05 01:27:57.159, 0, NVIDIA GeForce RTX 3080, 6497, 3555, 10240, 97, 98
2026/08/05 01:27:57.267, 0, NVIDIA GeForce RTX 3080, 6497, 3555, 10240, 97, 97
2026/08/05 01:27:57.376, 0, NVIDIA GeForce RTX 3080, 6497, 3555, 10240, 97, 97
2026/08/05 01:27:57.485, 0, NVIDIA GeForce RTX 3080, 6497, 3555, 10240, 97, 97
2026/08/05 01:27:57.595, 0, NVIDIA GeForce RTX 3080, 6497, 3555, 10240, 97, 97
2026/08/05 01:27:57.704, 0, NVIDIA GeForce RTX 3080, 6497, 3555, 10240, 97, 97
2026/08/05 01:27:57.813, 0, NVIDIA GeForce RTX 3080, 6497, 3555, 10240, 97, 98
2026/08/05 01:27:57.923, 0, NVIDIA GeForce RTX 3080, 6497, 3555, 10240, 97, 98
2026/08/05 01:27:58.032, 0, NVIDIA GeForce RTX 3080, 6497, 3555, 10240, 97, 98
2026/08/05 01:27:58.141, 0, NVIDIA GeForce RTX 3080, 6497, 3555, 10240, 97, 98
2026/08/05 01:27:58.250, 0, NVIDIA GeForce RTX 3080, 6497, 3555, 10240, 97, 97
2026/08/05 01:27:58.359, 0, NVIDIA GeForce RTX 3080, 6497, 3555, 10240, 97, 97
2026/08/05 01:27:58.469, 0, NVIDIA GeForce RTX 3080, 6497, 3555, 10240, 97, 97
2026/08/05 01:27:58.578, 0, NVIDIA GeForce RTX 3080, 6497, 3555, 10240, 97, 97
2026/08/05 01:27:58.687, 0, NVIDIA GeForce RTX 3080, 6497, 3555, 10240, 97, 97
2026/08/05 01:27:58.795, 0, NVIDIA GeForce RTX 3080, 6497, 3555, 10240, 97, 98
2026/08/05 01:27:58.905, 0, NVIDIA GeForce RTX 3080, 6497, 3555, 10240, 97, 98
2026/08/05 01:27:59.014, 0, NVIDIA GeForce RTX 3080, 6497, 3555, 10240, 97, 98
2026/08/05 01:27:59.124, 0, NVIDIA GeForce RTX 3080, 6497, 3555, 10240, 97, 98
2026/08/05 01:27:59.234, 0, NVIDIA GeForce RTX 3080, 6497, 3555, 10240, 97, 98
2026/08/05 01:27:59.342, 0, NVIDIA GeForce RTX 3080, 6497, 3555, 10240, 97, 98
2026/08/05 01:27:59.452, 0, NVIDIA GeForce RTX 3080, 6497, 3555, 10240, 97, 98
2026/08/05 01:27:59.560, 0, NVIDIA GeForce RTX 3080, 6497, 3555, 10240, 97, 98
2026/08/05 01:27:59.669, 0, NVIDIA GeForce RTX 3080, 6497, 3555, 10240, 97, 98
2026/08/05 01:27:59.778, 0, NVIDIA GeForce RTX 3080, 6497, 3555, 10240, 97, 98
2026/08/05 01:27:59.887, 0, NVIDIA GeForce RTX 3080, 6497, 3555, 10240, 97, 98
2026/08/05 01:27:59.997, 0, NVIDIA GeForce RTX 3080, 6497, 3555, 10240, 97, 98
2026/08/05 01:28:00.103, 0, NVIDIA GeForce RTX 3080, 6497, 3555, 10240, 97, 98
2026/08/05 01:28:00.210, 0, NVIDIA GeForce RTX 3080, 6497, 3555, 10240, 97, 98
2026/08/05 01:28:00.315, 0, NVIDIA GeForce RTX 3080, 6497, 3555, 10240, 97, 97
2026/08/05 01:28:00.421, 0, NVIDIA GeForce RTX 3080, 6497, 3555, 10240, 97, 97
2026/08/05 01:28:00.528, 0, NVIDIA GeForce RTX 3080, 6497, 3555, 10240, 97, 97
2026/08/05 01:28:00.637, 0, NVIDIA GeForce RTX 3080, 6497, 3555, 10240, 97, 97
2026/08/05 01:28:00.747, 0, NVIDIA GeForce RTX 3080, 6497, 3555, 10240, 97, 98
2026/08/05 01:28:00.856, 0, NVIDIA GeForce RTX 3080, 6497, 3555, 10240, 97, 98
2026/08/05 01:28:00.964, 0, NVIDIA GeForce RTX 3080, 6497, 3555, 10240, 97, 98
2026/08/05 01:28:01.074, 0, NVIDIA GeForce RTX 3080, 6497, 3555, 10240, 97, 98
2026/08/05 01:28:01.182, 0, NVIDIA GeForce RTX 3080, 6497, 3555, 10240, 97, 98
2026/08/05 01:28:01.291, 0, NVIDIA GeForce RTX 3080, 6497, 3555, 10240, 95, 96
2026/08/05 01:28:01.400, 0, NVIDIA GeForce RTX 3080, 6497, 3555, 10240, 95, 96
2026/08/05 01:28:01.509, 0, NVIDIA GeForce RTX 3080, 6497, 3555, 10240, 95, 96
2026/08/05 01:28:01.618, 0, NVIDIA GeForce RTX 3080, 6497, 3555, 10240, 95, 96
2026/08/05 01:28:01.727, 0, NVIDIA GeForce RTX 3080, 6497, 3555, 10240, 95, 96
2026/08/05 01:28:01.836, 0, NVIDIA GeForce RTX 3080, 6497, 3555, 10240, 97, 97
2026/08/05 01:28:01.946, 0, NVIDIA GeForce RTX 3080, 6497, 3555, 10240, 97, 97
2026/08/05 01:28:02.055, 0, NVIDIA GeForce RTX 3080, 6497, 3555, 10240, 97, 97
2026/08/05 01:28:02.164, 0, NVIDIA GeForce RTX 3080, 6497, 3555, 10240, 97, 97
2026/08/05 01:28:02.273, 0, NVIDIA GeForce RTX 3080, 6497, 3555, 10240, 97, 98
2026/08/05 01:28:02.382, 0, NVIDIA GeForce RTX 3080, 6497, 3555, 10240, 97, 98
2026/08/05 01:28:02.490, 0, NVIDIA GeForce RTX 3080, 6497, 3555, 10240, 97, 98
2026/08/05 01:28:02.600, 0, NVIDIA GeForce RTX 3080, 6497, 3555, 10240, 97, 98
2026/08/05 01:28:02.709, 0, NVIDIA GeForce RTX 3080, 6497, 3555, 10240, 97, 98
2026/08/05 01:28:02.818, 0, NVIDIA GeForce RTX 3080, 6497, 3555, 10240, 97, 98
2026/08/05 01:28:02.928, 0, NVIDIA GeForce RTX 3080, 6497, 3555, 10240, 97, 98
2026/08/05 01:28:03.036, 0, NVIDIA GeForce RTX 3080, 6497, 3555, 10240, 97, 98
2026/08/05 01:28:03.146, 0, NVIDIA GeForce RTX 3080, 6497, 3555, 10240, 97, 98
2026/08/05 01:28:03.255, 0, NVIDIA GeForce RTX 3080, 6497, 3555, 10240, 97, 98
2026/08/05 01:28:03.362, 0, NVIDIA GeForce RTX 3080, 6497, 3555, 10240, 97, 98
2026/08/05 01:28:03.472, 0, NVIDIA GeForce RTX 3080, 6497, 3555, 10240, 97, 98
2026/08/05 01:28:03.582, 0, NVIDIA GeForce RTX 3080, 6497, 3555, 10240, 97, 98
2026/08/05 01:28:03.690, 0, NVIDIA GeForce RTX 3080, 6497, 3555, 10240, 97, 98
2026/08/05 01:28:03.800, 0, NVIDIA GeForce RTX 3080, 6497, 3555, 10240, 98, 98
2026/08/05 01:28:03.908, 0, NVIDIA GeForce RTX 3080, 6497, 3555, 10240, 98, 98
2026/08/05 01:28:04.017, 0, NVIDIA GeForce RTX 3080, 6497, 3555, 10240, 98, 98
2026/08/05 01:28:04.127, 0, NVIDIA GeForce RTX 3080, 6497, 3555, 10240, 98, 98
2026/08/05 01:28:04.235, 0, NVIDIA GeForce RTX 3080, 6497, 3555, 10240, 98, 98
2026/08/05 01:28:04.345, 0, NVIDIA GeForce RTX 3080, 6497, 3555, 10240, 97, 98
2026/08/05 01:28:04.455, 0, NVIDIA GeForce RTX 3080, 6497, 3555, 10240, 97, 98
2026/08/05 01:28:04.563, 0, NVIDIA GeForce RTX 3080, 6497, 3555, 10240, 97, 98
2026/08/05 01:28:04.673, 0, NVIDIA GeForce RTX 3080, 6497, 3555, 10240, 97, 98
2026/08/05 01:28:04.782, 0, NVIDIA GeForce RTX 3080, 6497, 3555, 10240, 98, 98
2026/08/05 01:28:04.890, 0, NVIDIA GeForce RTX 3080, 6497, 3555, 10240, 98, 98
2026/08/05 01:28:05.000, 0, NVIDIA GeForce RTX 3080, 6497, 3555, 10240, 98, 98
2026/08/05 01:28:05.108, 0, NVIDIA GeForce RTX 3080, 6497, 3555, 10240, 98, 98
2026/08/05 01:28:05.218, 0, NVIDIA GeForce RTX 3080, 6497, 3555, 10240, 98, 98
2026/08/05 01:28:05.328, 0, NVIDIA GeForce RTX 3080, 6497, 3555, 10240, 98, 97
2026/08/05 01:28:05.436, 0, NVIDIA GeForce RTX 3080, 6497, 3555, 10240, 98, 97
2026/08/05 01:28:05.546, 0, NVIDIA GeForce RTX 3080, 6497, 3555, 10240, 98, 97
2026/08/05 01:28:05.655, 0, NVIDIA GeForce RTX 3080, 6497, 3555, 10240, 98, 97
2026/08/05 01:28:05.764, 0, NVIDIA GeForce RTX 3080, 6497, 3555, 10240, 98, 98
2026/08/05 01:28:05.873, 0, NVIDIA GeForce RTX 3080, 6497, 3555, 10240, 98, 98
2026/08/05 01:28:05.982, 0, NVIDIA GeForce RTX 3080, 6497, 3555, 10240, 98, 98
2026/08/05 01:28:06.091, 0, NVIDIA GeForce RTX 3080, 6497, 3555, 10240, 98, 98
2026/08/05 01:28:06.200, 0, NVIDIA GeForce RTX 3080, 6497, 3555, 10240, 98, 98
2026/08/05 01:28:06.309, 0, NVIDIA GeForce RTX 3080, 6497, 3555, 10240, 98, 98
2026/08/05 01:28:06.418, 0, NVIDIA GeForce RTX 3080, 6497, 3555, 10240, 98, 98
2026/08/05 01:28:06.528, 0, NVIDIA GeForce RTX 3080, 6497, 3555, 10240, 98, 98
2026/08/05 01:28:06.637, 0, NVIDIA GeForce RTX 3080, 6497, 3555, 10240, 98, 98
2026/08/05 01:28:06.746, 0, NVIDIA GeForce RTX 3080, 6497, 3555, 10240, 98, 98
2026/08/05 01:28:06.855, 0, NVIDIA GeForce RTX 3080, 6497, 3555, 10240, 98, 98
2026/08/05 01:28:06.963, 0, NVIDIA GeForce RTX 3080, 6497, 3555, 10240, 98, 98
2026/08/05 01:28:07.073, 0, NVIDIA GeForce RTX 3080, 6497, 3555, 10240, 98, 98
2026/08/05 01:28:07.181, 0, NVIDIA GeForce RTX 3080, 6497, 3555, 10240, 98, 98
2026/08/05 01:28:07.290, 0, NVIDIA GeForce RTX 3080, 6497, 3555, 10240, 98, 98
2026/08/05 01:28:07.400, 0, NVIDIA GeForce RTX 3080, 6497, 3555, 10240, 98, 98
2026/08/05 01:28:07.508, 0, NVIDIA GeForce RTX 3080, 6497, 3555, 10240, 98, 98
2026/08/05 01:28:07.618, 0, NVIDIA GeForce RTX 3080, 6497, 3555, 10240, 98, 98
2026/08/05 01:28:07.727, 0, NVIDIA GeForce RTX 3080, 6497, 3555, 10240, 98, 98
2026/08/05 01:28:07.836, 0, NVIDIA GeForce RTX 3080, 6497, 3555, 10240, 98, 98
2026/08/05 01:28:07.946, 0, NVIDIA GeForce RTX 3080, 6497, 3555, 10240, 98, 98
2026/08/05 01:28:08.054, 0, NVIDIA GeForce RTX 3080, 6497, 3555, 10240, 98, 98
2026/08/05 01:28:08.163, 0, NVIDIA GeForce RTX 3080, 6497, 3555, 10240, 98, 98
2026/08/05 01:28:08.272, 0, NVIDIA GeForce RTX 3080, 6497, 3555, 10240, 96, 98
2026/08/05 01:28:08.382, 0, NVIDIA GeForce RTX 3080, 6497, 3555, 10240, 96, 98
2026/08/05 01:28:08.491, 0, NVIDIA GeForce RTX 3080, 6497, 3555, 10240, 96, 98
2026/08/05 01:28:08.600, 0, NVIDIA GeForce RTX 3080, 6497, 3555, 10240, 96, 98
2026/08/05 01:28:08.709, 0, NVIDIA GeForce RTX 3080, 6497, 3555, 10240, 96, 98
2026/08/05 01:28:08.818, 0, NVIDIA GeForce RTX 3080, 6497, 3555, 10240, 96, 98
2026/08/05 01:28:08.928, 0, NVIDIA GeForce RTX 3080, 6497, 3555, 10240, 96, 98
2026/08/05 01:28:09.036, 0, NVIDIA GeForce RTX 3080, 6497, 3555, 10240, 96, 98
2026/08/05 01:28:09.146, 0, NVIDIA GeForce RTX 3080, 6497, 3555, 10240, 96, 98
2026/08/05 01:28:09.255, 0, NVIDIA GeForce RTX 3080, 6497, 3555, 10240, 96, 97
2026/08/05 01:28:09.364, 0, NVIDIA GeForce RTX 3080, 6497, 3555, 10240, 96, 97
2026/08/05 01:28:09.473, 0, NVIDIA GeForce RTX 3080, 6497, 3555, 10240, 96, 97
2026/08/05 01:28:09.582, 0, NVIDIA GeForce RTX 3080, 6497, 3555, 10240, 96, 97
2026/08/05 01:28:09.691, 0, NVIDIA GeForce RTX 3080, 6497, 3555, 10240, 96, 97
2026/08/05 01:28:09.800, 0, NVIDIA GeForce RTX 3080, 6497, 3555, 10240, 93, 95
2026/08/05 01:28:09.909, 0, NVIDIA GeForce RTX 3080, 6497, 3555, 10240, 93, 95
2026/08/05 01:28:10.018, 0, NVIDIA GeForce RTX 3080, 6497, 3555, 10240, 93, 95
2026/08/05 01:28:10.128, 0, NVIDIA GeForce RTX 3080, 6497, 3555, 10240, 93, 95
2026/08/05 01:28:10.237, 0, NVIDIA GeForce RTX 3080, 6497, 3555, 10240, 93, 95
2026/08/05 01:28:10.345, 0, NVIDIA GeForce RTX 3080, 6497, 3555, 10240, 96, 98
2026/08/05 01:28:10.455, 0, NVIDIA GeForce RTX 3080, 6497, 3555, 10240, 96, 98
2026/08/05 01:28:10.564, 0, NVIDIA GeForce RTX 3080, 6497, 3555, 10240, 96, 98
2026/08/05 01:28:10.673, 0, NVIDIA GeForce RTX 3080, 6497, 3555, 10240, 96, 98
2026/08/05 01:28:10.783, 0, NVIDIA GeForce RTX 3080, 6497, 3555, 10240, 96, 98
2026/08/05 01:28:10.891, 0, NVIDIA GeForce RTX 3080, 6497, 3555, 10240, 96, 98
2026/08/05 01:28:11.001, 0, NVIDIA GeForce RTX 3080, 6497, 3555, 10240, 96, 98
2026/08/05 01:28:11.110, 0, NVIDIA GeForce RTX 3080, 6497, 3555, 10240, 96, 98
2026/08/05 01:28:11.219, 0, NVIDIA GeForce RTX 3080, 6497, 3555, 10240, 96, 98
2026/08/05 01:28:11.329, 0, NVIDIA GeForce RTX 3080, 6497, 3555, 10240, 93, 95
2026/08/05 01:28:11.437, 0, NVIDIA GeForce RTX 3080, 6497, 3555, 10240, 93, 95
2026/08/05 01:28:11.546, 0, NVIDIA GeForce RTX 3080, 6497, 3555, 10240, 93, 95
2026/08/05 01:28:11.656, 0, NVIDIA GeForce RTX 3080, 6497, 3555, 10240, 93, 95
2026/08/05 01:28:11.764, 0, NVIDIA GeForce RTX 3080, 6497, 3555, 10240, 96, 97
2026/08/05 01:28:11.873, 0, NVIDIA GeForce RTX 3080, 6497, 3555, 10240, 96, 97
2026/08/05 01:28:11.981, 0, NVIDIA GeForce RTX 3080, 6497, 3555, 10240, 96, 97
2026/08/05 01:28:12.090, 0, NVIDIA GeForce RTX 3080, 6497, 3555, 10240, 96, 97
2026/08/05 01:28:12.199, 0, NVIDIA GeForce RTX 3080, 6497, 3555, 10240, 96, 97
2026/08/05 01:28:12.304, 0, NVIDIA GeForce RTX 3080, 6497, 3555, 10240, 96, 98
2026/08/05 01:28:12.410, 0, NVIDIA GeForce RTX 3080, 6497, 3555, 10240, 96, 98
2026/08/05 01:28:12.518, 0, NVIDIA GeForce RTX 3080, 6497, 3555, 10240, 96, 98
2026/08/05 01:28:12.628, 0, NVIDIA GeForce RTX 3080, 6497, 3555, 10240, 96, 98
2026/08/05 01:28:12.738, 0, NVIDIA GeForce RTX 3080, 6497, 3555, 10240, 96, 98
2026/08/05 01:28:12.847, 0, NVIDIA GeForce RTX 3080, 6497, 3555, 10240, 96, 98
2026/08/05 01:28:12.957, 0, NVIDIA GeForce RTX 3080, 6497, 3555, 10240, 96, 98
2026/08/05 01:28:13.066, 0, NVIDIA GeForce RTX 3080, 6497, 3555, 10240, 96, 98
2026/08/05 01:28:13.175, 0, NVIDIA GeForce RTX 3080, 6497, 3555, 10240, 96, 98
2026/08/05 01:28:13.284, 0, NVIDIA GeForce RTX 3080, 6497, 3555, 10240, 96, 98
2026/08/05 01:28:13.394, 0, NVIDIA GeForce RTX 3080, 6497, 3555, 10240, 96, 98
2026/08/05 01:28:13.503, 0, NVIDIA GeForce RTX 3080, 6497, 3555, 10240, 96, 98
2026/08/05 01:28:13.611, 0, NVIDIA GeForce RTX 3080, 6497, 3555, 10240, 96, 98
2026/08/05 01:28:13.720, 0, NVIDIA GeForce RTX 3080, 6497, 3555, 10240, 96, 98
2026/08/05 01:28:13.829, 0, NVIDIA GeForce RTX 3080, 6497, 3555, 10240, 96, 98
2026/08/05 01:28:13.938, 0, NVIDIA GeForce RTX 3080, 6497, 3555, 10240, 96, 98
2026/08/05 01:28:14.046, 0, NVIDIA GeForce RTX 3080, 6497, 3555, 10240, 96, 98
2026/08/05 01:28:14.155, 0, NVIDIA GeForce RTX 3080, 6497, 3555, 10240, 96, 98
2026/08/05 01:28:14.265, 0, NVIDIA GeForce RTX 3080, 6497, 3555, 10240, 96, 98
2026/08/05 01:28:14.374, 0, NVIDIA GeForce RTX 3080, 6497, 3555, 10240, 96, 98
2026/08/05 01:28:14.483, 0, NVIDIA GeForce RTX 3080, 6497, 3555, 10240, 96, 98
2026/08/05 01:28:14.592, 0, NVIDIA GeForce RTX 3080, 6497, 3555, 10240, 96, 98
2026/08/05 01:28:14.701, 0, NVIDIA GeForce RTX 3080, 6497, 3555, 10240, 96, 98
2026/08/05 01:28:14.810, 0, NVIDIA GeForce RTX 3080, 6497, 3555, 10240, 96, 98
2026/08/05 01:28:14.919, 0, NVIDIA GeForce RTX 3080, 6497, 3555, 10240, 96, 98
2026/08/05 01:28:15.028, 0, NVIDIA GeForce RTX 3080, 6497, 3555, 10240, 96, 98
2026/08/05 01:28:15.138, 0, NVIDIA GeForce RTX 3080, 6497, 3555, 10240, 96, 98
2026/08/05 01:28:15.247, 0, NVIDIA GeForce RTX 3080, 6497, 3555, 10240, 96, 97
2026/08/05 01:28:15.356, 0, NVIDIA GeForce RTX 3080, 6497, 3555, 10240, 96, 97
2026/08/05 01:28:15.465, 0, NVIDIA GeForce RTX 3080, 6497, 3555, 10240, 96, 97
2026/08/05 01:28:15.574, 0, NVIDIA GeForce RTX 3080, 6497, 3555, 10240, 96, 97
2026/08/05 01:28:15.683, 0, NVIDIA GeForce RTX 3080, 6497, 3555, 10240, 96, 97
2026/08/05 01:28:15.793, 0, NVIDIA GeForce RTX 3080, 6497, 3555, 10240, 96, 97
2026/08/05 01:28:15.901, 0, NVIDIA GeForce RTX 3080, 6497, 3555, 10240, 96, 97
2026/08/05 01:28:16.011, 0, NVIDIA GeForce RTX 3080, 6497, 3555, 10240, 96, 97
2026/08/05 01:28:16.119, 0, NVIDIA GeForce RTX 3080, 6497, 3555, 10240, 96, 97
2026/08/05 01:28:16.228, 0, NVIDIA GeForce RTX 3080, 6497, 3555, 10240, 96, 97
2026/08/05 01:28:16.338, 0, NVIDIA GeForce RTX 3080, 6497, 3555, 10240, 96, 98
2026/08/05 01:28:16.446, 0, NVIDIA GeForce RTX 3080, 6497, 3555, 10240, 96, 98
2026/08/05 01:28:16.555, 0, NVIDIA GeForce RTX 3080, 6497, 3555, 10240, 96, 98
2026/08/05 01:28:16.664, 0, NVIDIA GeForce RTX 3080, 6497, 3555, 10240, 96, 98
2026/08/05 01:28:16.773, 0, NVIDIA GeForce RTX 3080, 6497, 3555, 10240, 96, 97
2026/08/05 01:28:16.883, 0, NVIDIA GeForce RTX 3080, 6497, 3555, 10240, 96, 97
2026/08/05 01:28:16.992, 0, NVIDIA GeForce RTX 3080, 6497, 3555, 10240, 96, 97
2026/08/05 01:28:17.100, 0, NVIDIA GeForce RTX 3080, 6497, 3555, 10240, 96, 97
2026/08/05 01:28:17.209, 0, NVIDIA GeForce RTX 3080, 6497, 3555, 10240, 96, 97
2026/08/05 01:28:17.318, 0, NVIDIA GeForce RTX 3080, 6497, 3555, 10240, 96, 98
2026/08/05 01:28:17.427, 0, NVIDIA GeForce RTX 3080, 6497, 3555, 10240, 96, 98
2026/08/05 01:28:17.536, 0, NVIDIA GeForce RTX 3080, 6497, 3555, 10240, 96, 98
2026/08/05 01:28:17.645, 0, NVIDIA GeForce RTX 3080, 6497, 3555, 10240, 96, 98
2026/08/05 01:28:17.754, 0, NVIDIA GeForce RTX 3080, 6497, 3555, 10240, 94, 95
2026/08/05 01:28:17.864, 0, NVIDIA GeForce RTX 3080, 6497, 3555, 10240, 94, 95
2026/08/05 01:28:17.972, 0, NVIDIA GeForce RTX 3080, 6497, 3555, 10240, 94, 95
2026/08/05 01:28:18.081, 0, NVIDIA GeForce RTX 3080, 6497, 3555, 10240, 94, 95
2026/08/05 01:28:18.190, 0, NVIDIA GeForce RTX 3080, 6497, 3555, 10240, 94, 95
2026/08/05 01:28:18.299, 0, NVIDIA GeForce RTX 3080, 6497, 3555, 10240, 97, 97
2026/08/05 01:28:18.409, 0, NVIDIA GeForce RTX 3080, 6497, 3555, 10240, 97, 97
2026/08/05 01:28:18.518, 0, NVIDIA GeForce RTX 3080, 6497, 3555, 10240, 97, 97
2026/08/05 01:28:18.627, 0, NVIDIA GeForce RTX 3080, 6497, 3555, 10240, 97, 97
2026/08/05 01:28:18.737, 0, NVIDIA GeForce RTX 3080, 6497, 3555, 10240, 97, 97
2026/08/05 01:28:18.845, 0, NVIDIA GeForce RTX 3080, 6497, 3555, 10240, 97, 98
2026/08/05 01:28:18.954, 0, NVIDIA GeForce RTX 3080, 6497, 3555, 10240, 97, 98
2026/08/05 01:28:19.064, 0, NVIDIA GeForce RTX 3080, 6497, 3555, 10240, 97, 98
2026/08/05 01:28:19.173, 0, NVIDIA GeForce RTX 3080, 6497, 3555, 10240, 97, 98
2026/08/05 01:28:19.282, 0, NVIDIA GeForce RTX 3080, 6497, 3555, 10240, 97, 98
2026/08/05 01:28:19.392, 0, NVIDIA GeForce RTX 3080, 6497, 3555, 10240, 97, 98
2026/08/05 01:28:19.501, 0, NVIDIA GeForce RTX 3080, 6497, 3555, 10240, 97, 98
2026/08/05 01:28:19.610, 0, NVIDIA GeForce RTX 3080, 6497, 3555, 10240, 97, 98
2026/08/05 01:28:19.719, 0, NVIDIA GeForce RTX 3080, 6497, 3555, 10240, 97, 98
2026/08/05 01:28:19.827, 0, NVIDIA GeForce RTX 3080, 6497, 3555, 10240, 97, 98
2026/08/05 01:28:19.937, 0, NVIDIA GeForce RTX 3080, 6497, 3555, 10240, 97, 98
2026/08/05 01:28:20.046, 0, NVIDIA GeForce RTX 3080, 6497, 3555, 10240, 97, 98
2026/08/05 01:28:20.155, 0, NVIDIA GeForce RTX 3080, 6497, 3555, 10240, 97, 98
2026/08/05 01:28:20.265, 0, NVIDIA GeForce RTX 3080, 6497, 3555, 10240, 97, 97
2026/08/05 01:28:20.373, 0, NVIDIA GeForce RTX 3080, 6497, 3555, 10240, 97, 97
2026/08/05 01:28:20.483, 0, NVIDIA GeForce RTX 3080, 6497, 3555, 10240, 97, 97
2026/08/05 01:28:20.592, 0, NVIDIA GeForce RTX 3080, 6497, 3555, 10240, 97, 97
2026/08/05 01:28:20.701, 0, NVIDIA GeForce RTX 3080, 6497, 3555, 10240, 97, 97
2026/08/05 01:28:20.811, 0, NVIDIA GeForce RTX 3080, 6497, 3555, 10240, 96, 97
2026/08/05 01:28:20.919, 0, NVIDIA GeForce RTX 3080, 6497, 3555, 10240, 96, 97
2026/08/05 01:28:21.029, 0, NVIDIA GeForce RTX 3080, 6497, 3555, 10240, 96, 97
2026/08/05 01:28:21.138, 0, NVIDIA GeForce RTX 3080, 6497, 3555, 10240, 96, 97
2026/08/05 01:28:21.247, 0, NVIDIA GeForce RTX 3080, 6497, 3555, 10240, 96, 98
2026/08/05 01:28:21.357, 0, NVIDIA GeForce RTX 3080, 6497, 3555, 10240, 96, 98
2026/08/05 01:28:21.466, 0, NVIDIA GeForce RTX 3080, 6497, 3555, 10240, 96, 98
2026/08/05 01:28:21.575, 0, NVIDIA GeForce RTX 3080, 6497, 3555, 10240, 96, 98
2026/08/05 01:28:21.684, 0, NVIDIA GeForce RTX 3080, 6497, 3555, 10240, 96, 98
2026/08/05 01:28:21.794, 0, NVIDIA GeForce RTX 3080, 6497, 3555, 10240, 96, 98
2026/08/05 01:28:21.902, 0, NVIDIA GeForce RTX 3080, 6497, 3555, 10240, 96, 98
2026/08/05 01:28:22.011, 0, NVIDIA GeForce RTX 3080, 6497, 3555, 10240, 96, 98
2026/08/05 01:28:22.120, 0, NVIDIA GeForce RTX 3080, 6497, 3555, 10240, 96, 98
2026/08/05 01:28:22.229, 0, NVIDIA GeForce RTX 3080, 6497, 3555, 10240, 96, 98
2026/08/05 01:28:22.339, 0, NVIDIA GeForce RTX 3080, 6497, 3555, 10240, 96, 98
2026/08/05 01:28:22.448, 0, NVIDIA GeForce RTX 3080, 6497, 3555, 10240, 96, 98
2026/08/05 01:28:22.558, 0, NVIDIA GeForce RTX 3080, 6497, 3555, 10240, 96, 98
2026/08/05 01:28:22.667, 0, NVIDIA GeForce RTX 3080, 6497, 3555, 10240, 96, 98
2026/08/05 01:28:22.776, 0, NVIDIA GeForce RTX 3080, 6497, 3555, 10240, 94, 96
2026/08/05 01:28:22.885, 0, NVIDIA GeForce RTX 3080, 6497, 3555, 10240, 94, 96
2026/08/05 01:28:22.995, 0, NVIDIA GeForce RTX 3080, 6497, 3555, 10240, 94, 96
2026/08/05 01:28:23.103, 0, NVIDIA GeForce RTX 3080, 6497, 3555, 10240, 94, 96
2026/08/05 01:28:23.213, 0, NVIDIA GeForce RTX 3080, 6497, 3555, 10240, 94, 96
2026/08/05 01:28:23.323, 0, NVIDIA GeForce RTX 3080, 6497, 3555, 10240, 97, 98
2026/08/05 01:28:23.431, 0, NVIDIA GeForce RTX 3080, 6497, 3555, 10240, 97, 98
2026/08/05 01:28:23.541, 0, NVIDIA GeForce RTX 3080, 6497, 3555, 10240, 97, 98
2026/08/05 01:28:23.649, 0, NVIDIA GeForce RTX 3080, 6497, 3555, 10240, 97, 98
2026/08/05 01:28:23.759, 0, NVIDIA GeForce RTX 3080, 6497, 3555, 10240, 97, 97
2026/08/05 01:28:23.869, 0, NVIDIA GeForce RTX 3080, 6497, 3555, 10240, 97, 97
2026/08/05 01:28:23.977, 0, NVIDIA GeForce RTX 3080, 6497, 3555, 10240, 97, 97
2026/08/05 01:28:24.087, 0, NVIDIA GeForce RTX 3080, 6497, 3555, 10240, 97, 97
2026/08/05 01:28:24.197, 0, NVIDIA GeForce RTX 3080, 6497, 3555, 10240, 97, 97
2026/08/05 01:28:24.305, 0, NVIDIA GeForce RTX 3080, 6497, 3555, 10240, 97, 97
2026/08/05 01:28:24.415, 0, NVIDIA GeForce RTX 3080, 6497, 3555, 10240, 97, 97
2026/08/05 01:28:24.524, 0, NVIDIA GeForce RTX 3080, 6497, 3555, 10240, 97, 97
2026/08/05 01:28:24.633, 0, NVIDIA GeForce RTX 3080, 6497, 3555, 10240, 97, 97
2026/08/05 01:28:24.743, 0, NVIDIA GeForce RTX 3080, 6497, 3555, 10240, 97, 97
2026/08/05 01:28:24.851, 0, NVIDIA GeForce RTX 3080, 6497, 3555, 10240, 97, 97
2026/08/05 01:28:24.960, 0, NVIDIA GeForce RTX 3080, 6497, 3555, 10240, 97, 97
2026/08/05 01:28:25.069, 0, NVIDIA GeForce RTX 3080, 6497, 3555, 10240, 97, 97
2026/08/05 01:28:25.178, 0, NVIDIA GeForce RTX 3080, 6497, 3555, 10240, 97, 97
2026/08/05 01:28:25.288, 0, NVIDIA GeForce RTX 3080, 6497, 3555, 10240, 97, 98
2026/08/05 01:28:25.397, 0, NVIDIA GeForce RTX 3080, 6497, 3555, 10240, 97, 98
2026/08/05 01:28:25.506, 0, NVIDIA GeForce RTX 3080, 6497, 3555, 10240, 97, 98
2026/08/05 01:28:25.616, 0, NVIDIA GeForce RTX 3080, 6497, 3555, 10240, 97, 98
2026/08/05 01:28:25.725, 0, NVIDIA GeForce RTX 3080, 6497, 3555, 10240, 97, 98
2026/08/05 01:28:25.834, 0, NVIDIA GeForce RTX 3080, 6497, 3555, 10240, 97, 98
2026/08/05 01:28:25.943, 0, NVIDIA GeForce RTX 3080, 6497, 3555, 10240, 97, 98
2026/08/05 01:28:26.052, 0, NVIDIA GeForce RTX 3080, 6497, 3555, 10240, 97, 98
2026/08/05 01:28:26.161, 0, NVIDIA GeForce RTX 3080, 6497, 3555, 10240, 97, 98
2026/08/05 01:28:26.270, 0, NVIDIA GeForce RTX 3080, 6497, 3555, 10240, 97, 98
2026/08/05 01:28:26.379, 0, NVIDIA GeForce RTX 3080, 6497, 3555, 10240, 97, 98
2026/08/05 01:28:26.488, 0, NVIDIA GeForce RTX 3080, 6497, 3555, 10240, 97, 98
2026/08/05 01:28:26.598, 0, NVIDIA GeForce RTX 3080, 6497, 3555, 10240, 97, 98
2026/08/05 01:28:26.705, 0, NVIDIA GeForce RTX 3080, 6497, 3555, 10240, 97, 98
2026/08/05 01:28:26.815, 0, NVIDIA GeForce RTX 3080, 6497, 3555, 10240, 97, 98
2026/08/05 01:28:26.924, 0, NVIDIA GeForce RTX 3080, 6497, 3555, 10240, 97, 98
2026/08/05 01:28:27.032, 0, NVIDIA GeForce RTX 3080, 6497, 3555, 10240, 97, 98
2026/08/05 01:28:27.142, 0, NVIDIA GeForce RTX 3080, 6497, 3555, 10240, 97, 98
2026/08/05 01:28:27.251, 0, NVIDIA GeForce RTX 3080, 6497, 3555, 10240, 97, 98
2026/08/05 01:28:27.360, 0, NVIDIA GeForce RTX 3080, 6497, 3555, 10240, 97, 98
2026/08/05 01:28:27.470, 0, NVIDIA GeForce RTX 3080, 6497, 3555, 10240, 97, 98
2026/08/05 01:28:27.578, 0, NVIDIA GeForce RTX 3080, 6497, 3555, 10240, 97, 98
2026/08/05 01:28:27.688, 0, NVIDIA GeForce RTX 3080, 6497, 3555, 10240, 97, 98
2026/08/05 01:28:27.796, 0, NVIDIA GeForce RTX 3080, 6497, 3555, 10240, 97, 98
2026/08/05 01:28:27.905, 0, NVIDIA GeForce RTX 3080, 6497, 3555, 10240, 97, 98
2026/08/05 01:28:28.014, 0, NVIDIA GeForce RTX 3080, 6497, 3555, 10240, 97, 98
2026/08/05 01:28:28.124, 0, NVIDIA GeForce RTX 3080, 6497, 3555, 10240, 97, 98
2026/08/05 01:28:28.233, 0, NVIDIA GeForce RTX 3080, 6497, 3555, 10240, 97, 98
2026/08/05 01:28:28.342, 0, NVIDIA GeForce RTX 3080, 6497, 3555, 10240, 97, 98
2026/08/05 01:28:28.452, 0, NVIDIA GeForce RTX 3080, 6497, 3555, 10240, 97, 98
2026/08/05 01:28:28.559, 0, NVIDIA GeForce RTX 3080, 6497, 3555, 10240, 97, 98
2026/08/05 01:28:28.669, 0, NVIDIA GeForce RTX 3080, 6497, 3555, 10240, 97, 98
2026/08/05 01:28:28.778, 0, NVIDIA GeForce RTX 3080, 6497, 3555, 10240, 97, 98
2026/08/05 01:28:28.886, 0, NVIDIA GeForce RTX 3080, 6497, 3555, 10240, 97, 98
2026/08/05 01:28:28.997, 0, NVIDIA GeForce RTX 3080, 6497, 3555, 10240, 97, 98
2026/08/05 01:28:29.105, 0, NVIDIA GeForce RTX 3080, 6497, 3555, 10240, 97, 98
2026/08/05 01:28:29.215, 0, NVIDIA GeForce RTX 3080, 6497, 3555, 10240, 97, 98
2026/08/05 01:28:29.324, 0, NVIDIA GeForce RTX 3080, 6497, 3555, 10240, 97, 98
2026/08/05 01:28:29.433, 0, NVIDIA GeForce RTX 3080, 6497, 3555, 10240, 97, 98
2026/08/05 01:28:29.542, 0, NVIDIA GeForce RTX 3080, 6497, 3555, 10240, 97, 98
2026/08/05 01:28:29.651, 0, NVIDIA GeForce RTX 3080, 6497, 3555, 10240, 97, 98
2026/08/05 01:28:29.760, 0, NVIDIA GeForce RTX 3080, 6497, 3555, 10240, 97, 98
2026/08/05 01:28:29.869, 0, NVIDIA GeForce RTX 3080, 6497, 3555, 10240, 97, 98
2026/08/05 01:28:29.978, 0, NVIDIA GeForce RTX 3080, 6497, 3555, 10240, 97, 98
2026/08/05 01:28:30.087, 0, NVIDIA GeForce RTX 3080, 6497, 3555, 10240, 97, 98
2026/08/05 01:28:30.197, 0, NVIDIA GeForce RTX 3080, 6497, 3555, 10240, 97, 98
2026/08/05 01:28:30.306, 0, NVIDIA GeForce RTX 3080, 6497, 3555, 10240, 97, 97
2026/08/05 01:28:30.415, 0, NVIDIA GeForce RTX 3080, 6497, 3555, 10240, 97, 97
2026/08/05 01:28:30.525, 0, NVIDIA GeForce RTX 3080, 6497, 3555, 10240, 97, 97
2026/08/05 01:28:30.633, 0, NVIDIA GeForce RTX 3080, 6497, 3555, 10240, 97, 97
2026/08/05 01:28:30.743, 0, NVIDIA GeForce RTX 3080, 6497, 3555, 10240, 97, 97
2026/08/05 01:28:30.851, 0, NVIDIA GeForce RTX 3080, 6497, 3555, 10240, 97, 97
2026/08/05 01:28:30.960, 0, NVIDIA GeForce RTX 3080, 6497, 3555, 10240, 97, 97
2026/08/05 01:28:31.070, 0, NVIDIA GeForce RTX 3080, 6497, 3555, 10240, 97, 97
2026/08/05 01:28:31.178, 0, NVIDIA GeForce RTX 3080, 6497, 3555, 10240, 97, 97
2026/08/05 01:28:31.288, 0, NVIDIA GeForce RTX 3080, 6497, 3555, 10240, 95, 96
2026/08/05 01:28:31.397, 0, NVIDIA GeForce RTX 3080, 6497, 3555, 10240, 95, 96
2026/08/05 01:28:31.506, 0, NVIDIA GeForce RTX 3080, 6497, 3555, 10240, 95, 96
2026/08/05 01:28:31.616, 0, NVIDIA GeForce RTX 3080, 6497, 3555, 10240, 95, 96
2026/08/05 01:28:31.724, 0, NVIDIA GeForce RTX 3080, 6497, 3555, 10240, 95, 96
2026/08/05 01:28:31.833, 0, NVIDIA GeForce RTX 3080, 6497, 3555, 10240, 98, 97
2026/08/05 01:28:31.942, 0, NVIDIA GeForce RTX 3080, 6497, 3555, 10240, 98, 97
2026/08/05 01:28:32.051, 0, NVIDIA GeForce RTX 3080, 6497, 3555, 10240, 98, 97
2026/08/05 01:28:32.160, 0, NVIDIA GeForce RTX 3080, 6497, 3555, 10240, 98, 97
2026/08/05 01:28:32.269, 0, NVIDIA GeForce RTX 3080, 6497, 3555, 10240, 98, 98
2026/08/05 01:28:32.378, 0, NVIDIA GeForce RTX 3080, 6497, 3555, 10240, 98, 98
2026/08/05 01:28:32.486, 0, NVIDIA GeForce RTX 3080, 6497, 3555, 10240, 98, 98
2026/08/05 01:28:32.596, 0, NVIDIA GeForce RTX 3080, 6497, 3555, 10240, 98, 98
2026/08/05 01:28:32.704, 0, NVIDIA GeForce RTX 3080, 6497, 3555, 10240, 98, 98
2026/08/05 01:28:32.814, 0, NVIDIA GeForce RTX 3080, 6497, 3555, 10240, 98, 98
2026/08/05 01:28:32.923, 0, NVIDIA GeForce RTX 3080, 6497, 3555, 10240, 98, 98
2026/08/05 01:28:33.032, 0, NVIDIA GeForce RTX 3080, 6497, 3555, 10240, 98, 98
2026/08/05 01:28:33.141, 0, NVIDIA GeForce RTX 3080, 6497, 3555, 10240, 98, 98
2026/08/05 01:28:33.250, 0, NVIDIA GeForce RTX 3080, 6497, 3555, 10240, 98, 97
2026/08/05 01:28:33.359, 0, NVIDIA GeForce RTX 3080, 6497, 3555, 10240, 98, 97
2026/08/05 01:28:33.469, 0, NVIDIA GeForce RTX 3080, 6497, 3555, 10240, 98, 97
2026/08/05 01:28:33.577, 0, NVIDIA GeForce RTX 3080, 6497, 3555, 10240, 98, 97
2026/08/05 01:28:33.687, 0, NVIDIA GeForce RTX 3080, 6497, 3555, 10240, 98, 97
2026/08/05 01:28:33.797, 0, NVIDIA GeForce RTX 3080, 6497, 3555, 10240, 98, 98
2026/08/05 01:28:33.905, 0, NVIDIA GeForce RTX 3080, 6497, 3555, 10240, 98, 98
2026/08/05 01:28:34.015, 0, NVIDIA GeForce RTX 3080, 6497, 3555, 10240, 98, 98
2026/08/05 01:28:34.123, 0, NVIDIA GeForce RTX 3080, 6497, 3555, 10240, 98, 98
2026/08/05 01:28:34.232, 0, NVIDIA GeForce RTX 3080, 6497, 3555, 10240, 98, 98
2026/08/05 01:28:34.342, 0, NVIDIA GeForce RTX 3080, 6497, 3555, 10240, 98, 97
2026/08/05 01:28:34.451, 0, NVIDIA GeForce RTX 3080, 6497, 3555, 10240, 98, 97
2026/08/05 01:28:34.560, 0, NVIDIA GeForce RTX 3080, 6497, 3555, 10240, 98, 97
2026/08/05 01:28:34.669, 0, NVIDIA GeForce RTX 3080, 6497, 3555, 10240, 98, 97
2026/08/05 01:28:34.778, 0, NVIDIA GeForce RTX 3080, 6497, 3555, 10240, 93, 95
2026/08/05 01:28:34.888, 0, NVIDIA GeForce RTX 3080, 6497, 3555, 10240, 93, 95
2026/08/05 01:28:34.997, 0, NVIDIA GeForce RTX 3080, 6497, 3555, 10240, 93, 95
2026/08/05 01:28:35.106, 0, NVIDIA GeForce RTX 3080, 6497, 3555, 10240, 93, 95
2026/08/05 01:28:35.216, 0, NVIDIA GeForce RTX 3080, 6497, 3555, 10240, 93, 95
2026/08/05 01:28:35.324, 0, NVIDIA GeForce RTX 3080, 6497, 3555, 10240, 96, 98
2026/08/05 01:28:35.433, 0, NVIDIA GeForce RTX 3080, 6497, 3555, 10240, 96, 98
2026/08/05 01:28:35.542, 0, NVIDIA GeForce RTX 3080, 6497, 3555, 10240, 96, 98
2026/08/05 01:28:35.651, 0, NVIDIA GeForce RTX 3080, 6497, 3555, 10240, 96, 98
2026/08/05 01:28:35.760, 0, NVIDIA GeForce RTX 3080, 6497, 3555, 10240, 96, 97
2026/08/05 01:28:35.869, 0, NVIDIA GeForce RTX 3080, 6497, 3555, 10240, 96, 97
2026/08/05 01:28:35.978, 0, NVIDIA GeForce RTX 3080, 6497, 3555, 10240, 96, 97
2026/08/05 01:28:36.086, 0, NVIDIA GeForce RTX 3080, 6497, 3555, 10240, 96, 97
2026/08/05 01:28:36.196, 0, NVIDIA GeForce RTX 3080, 6497, 3555, 10240, 96, 97
2026/08/05 01:28:36.305, 0, NVIDIA GeForce RTX 3080, 6497, 3555, 10240, 96, 98
2026/08/05 01:28:36.414, 0, NVIDIA GeForce RTX 3080, 6497, 3555, 10240, 96, 98
2026/08/05 01:28:36.524, 0, NVIDIA GeForce RTX 3080, 6497, 3555, 10240, 96, 98
2026/08/05 01:28:36.632, 0, NVIDIA GeForce RTX 3080, 6497, 3555, 10240, 96, 98
2026/08/05 01:28:36.742, 0, NVIDIA GeForce RTX 3080, 6497, 3555, 10240, 96, 98
2026/08/05 01:28:36.851, 0, NVIDIA GeForce RTX 3080, 6497, 3555, 10240, 96, 98
2026/08/05 01:28:36.959, 0, NVIDIA GeForce RTX 3080, 6497, 3555, 10240, 96, 98
2026/08/05 01:28:37.069, 0, NVIDIA GeForce RTX 3080, 6497, 3555, 10240, 96, 98
2026/08/05 01:28:37.177, 0, NVIDIA GeForce RTX 3080, 6497, 3555, 10240, 96, 98
2026/08/05 01:28:37.287, 0, NVIDIA GeForce RTX 3080, 6497, 3555, 10240, 96, 98
2026/08/05 01:28:37.396, 0, NVIDIA GeForce RTX 3080, 6497, 3555, 10240, 96, 98
2026/08/05 01:28:37.505, 0, NVIDIA GeForce RTX 3080, 6497, 3555, 10240, 96, 98
2026/08/05 01:28:37.615, 0, NVIDIA GeForce RTX 3080, 6497, 3555, 10240, 96, 98
2026/08/05 01:28:37.724, 0, NVIDIA GeForce RTX 3080, 6497, 3555, 10240, 96, 98
2026/08/05 01:28:37.832, 0, NVIDIA GeForce RTX 3080, 6497, 3555, 10240, 96, 98
2026/08/05 01:28:37.942, 0, NVIDIA GeForce RTX 3080, 6497, 3555, 10240, 96, 98
2026/08/05 01:28:38.051, 0, NVIDIA GeForce RTX 3080, 6497, 3555, 10240, 96, 98
2026/08/05 01:28:38.160, 0, NVIDIA GeForce RTX 3080, 6497, 3555, 10240, 96, 98
2026/08/05 01:28:38.270, 0, NVIDIA GeForce RTX 3080, 6497, 3555, 10240, 96, 97
2026/08/05 01:28:38.378, 0, NVIDIA GeForce RTX 3080, 6497, 3555, 10240, 96, 97
2026/08/05 01:28:38.488, 0, NVIDIA GeForce RTX 3080, 6497, 3555, 10240, 96, 97
2026/08/05 01:28:38.597, 0, NVIDIA GeForce RTX 3080, 6497, 3555, 10240, 96, 97
2026/08/05 01:28:38.706, 0, NVIDIA GeForce RTX 3080, 6497, 3555, 10240, 96, 97
2026/08/05 01:28:38.816, 0, NVIDIA GeForce RTX 3080, 6497, 3555, 10240, 96, 98
2026/08/05 01:28:38.924, 0, NVIDIA GeForce RTX 3080, 6497, 3555, 10240, 96, 98
2026/08/05 01:28:39.032, 0, NVIDIA GeForce RTX 3080, 6497, 3555, 10240, 96, 98
2026/08/05 01:28:39.142, 0, NVIDIA GeForce RTX 3080, 6497, 3555, 10240, 96, 98
2026/08/05 01:28:39.251, 0, NVIDIA GeForce RTX 3080, 6497, 3555, 10240, 96, 98
2026/08/05 01:28:39.360, 0, NVIDIA GeForce RTX 3080, 6497, 3555, 10240, 96, 98
2026/08/05 01:28:39.470, 0, NVIDIA GeForce RTX 3080, 6497, 3555, 10240, 96, 98
2026/08/05 01:28:39.578, 0, NVIDIA GeForce RTX 3080, 6497, 3555, 10240, 96, 98
2026/08/05 01:28:39.688, 0, NVIDIA GeForce RTX 3080, 6497, 3555, 10240, 96, 98
2026/08/05 01:28:39.797, 0, NVIDIA GeForce RTX 3080, 6497, 3555, 10240, 96, 98
2026/08/05 01:28:39.905, 0, NVIDIA GeForce RTX 3080, 6497, 3555, 10240, 96, 98
2026/08/05 01:28:40.015, 0, NVIDIA GeForce RTX 3080, 6497, 3555, 10240, 96, 98
2026/08/05 01:28:40.124, 0, NVIDIA GeForce RTX 3080, 6497, 3555, 10240, 96, 98
2026/08/05 01:28:40.233, 0, NVIDIA GeForce RTX 3080, 6497, 3555, 10240, 96, 98
2026/08/05 01:28:40.342, 0, NVIDIA GeForce RTX 3080, 6497, 3555, 10240, 96, 97
2026/08/05 01:28:40.451, 0, NVIDIA GeForce RTX 3080, 6497, 3555, 10240, 96, 97
2026/08/05 01:28:40.560, 0, NVIDIA GeForce RTX 3080, 6497, 3555, 10240, 96, 97
2026/08/05 01:28:40.669, 0, NVIDIA GeForce RTX 3080, 6497, 3555, 10240, 96, 97
2026/08/05 01:28:40.778, 0, NVIDIA GeForce RTX 3080, 6497, 3555, 10240, 96, 97
2026/08/05 01:28:40.888, 0, NVIDIA GeForce RTX 3080, 6497, 3555, 10240, 96, 97
2026/08/05 01:28:40.997, 0, NVIDIA GeForce RTX 3080, 6497, 3555, 10240, 96, 97
2026/08/05 01:28:41.106, 0, NVIDIA GeForce RTX 3080, 6497, 3555, 10240, 96, 97
2026/08/05 01:28:41.216, 0, NVIDIA GeForce RTX 3080, 6497, 3555, 10240, 96, 97
2026/08/05 01:28:41.324, 0, NVIDIA GeForce RTX 3080, 6497, 3555, 10240, 96, 97
2026/08/05 01:28:41.433, 0, NVIDIA GeForce RTX 3080, 6497, 3555, 10240, 96, 97
2026/08/05 01:28:41.542, 0, NVIDIA GeForce RTX 3080, 6497, 3555, 10240, 96, 97
2026/08/05 01:28:41.651, 0, NVIDIA GeForce RTX 3080, 6497, 3555, 10240, 96, 97
2026/08/05 01:28:41.759, 0, NVIDIA GeForce RTX 3080, 6497, 3555, 10240, 96, 98
2026/08/05 01:28:41.869, 0, NVIDIA GeForce RTX 3080, 6497, 3555, 10240, 96, 98
2026/08/05 01:28:41.978, 0, NVIDIA GeForce RTX 3080, 6497, 3555, 10240, 96, 98
2026/08/05 01:28:42.086, 0, NVIDIA GeForce RTX 3080, 6497, 3555, 10240, 96, 98
2026/08/05 01:28:42.196, 0, NVIDIA GeForce RTX 3080, 6497, 3555, 10240, 96, 98
2026/08/05 01:28:42.304, 0, NVIDIA GeForce RTX 3080, 6497, 3555, 10240, 96, 97
2026/08/05 01:28:42.414, 0, NVIDIA GeForce RTX 3080, 6497, 3555, 10240, 96, 97
2026/08/05 01:28:42.524, 0, NVIDIA GeForce RTX 3080, 6497, 3555, 10240, 96, 97
2026/08/05 01:28:42.632, 0, NVIDIA GeForce RTX 3080, 6497, 3555, 10240, 96, 97
2026/08/05 01:28:42.742, 0, NVIDIA GeForce RTX 3080, 6497, 3555, 10240, 96, 97
2026/08/05 01:28:42.850, 0, NVIDIA GeForce RTX 3080, 6497, 3555, 10240, 94, 96
2026/08/05 01:28:42.958, 0, NVIDIA GeForce RTX 3080, 6497, 3555, 10240, 94, 96
2026/08/05 01:28:43.068, 0, NVIDIA GeForce RTX 3080, 6497, 3555, 10240, 94, 96
2026/08/05 01:28:43.176, 0, NVIDIA GeForce RTX 3080, 6497, 3555, 10240, 94, 96
2026/08/05 01:28:43.285, 0, NVIDIA GeForce RTX 3080, 6497, 3555, 10240, 96, 97
2026/08/05 01:28:43.395, 0, NVIDIA GeForce RTX 3080, 6497, 3555, 10240, 96, 97
2026/08/05 01:28:43.503, 0, NVIDIA GeForce RTX 3080, 6497, 3555, 10240, 96, 97
2026/08/05 01:28:43.613, 0, NVIDIA GeForce RTX 3080, 6497, 3555, 10240, 96, 97
2026/08/05 01:28:43.723, 0, NVIDIA GeForce RTX 3080, 6497, 3555, 10240, 96, 97
2026/08/05 01:28:43.831, 0, NVIDIA GeForce RTX 3080, 6497, 3555, 10240, 96, 98
2026/08/05 01:28:43.941, 0, NVIDIA GeForce RTX 3080, 6497, 3555, 10240, 96, 98
2026/08/05 01:28:44.049, 0, NVIDIA GeForce RTX 3080, 6497, 3555, 10240, 96, 98
2026/08/05 01:28:44.159, 0, NVIDIA GeForce RTX 3080, 6497, 3555, 10240, 96, 98
2026/08/05 01:28:44.268, 0, NVIDIA GeForce RTX 3080, 6497, 3555, 10240, 96, 98
2026/08/05 01:28:44.377, 0, NVIDIA GeForce RTX 3080, 6497, 3555, 10240, 96, 98
2026/08/05 01:28:44.486, 0, NVIDIA GeForce RTX 3080, 6497, 3555, 10240, 96, 98
2026/08/05 01:28:44.595, 0, NVIDIA GeForce RTX 3080, 6497, 3555, 10240, 96, 98
2026/08/05 01:28:44.704, 0, NVIDIA GeForce RTX 3080, 6497, 3555, 10240, 96, 98
2026/08/05 01:28:44.813, 0, NVIDIA GeForce RTX 3080, 6497, 3555, 10240, 97, 98
2026/08/05 01:28:44.922, 0, NVIDIA GeForce RTX 3080, 6497, 3555, 10240, 97, 98
2026/08/05 01:28:45.031, 0, NVIDIA GeForce RTX 3080, 6497, 3555, 10240, 97, 98
2026/08/05 01:28:45.140, 0, NVIDIA GeForce RTX 3080, 6497, 3555, 10240, 97, 98
2026/08/05 01:28:45.249, 0, NVIDIA GeForce RTX 3080, 6497, 3555, 10240, 96, 98
2026/08/05 01:28:45.359, 0, NVIDIA GeForce RTX 3080, 6497, 3555, 10240, 96, 98
2026/08/05 01:28:45.468, 0, NVIDIA GeForce RTX 3080, 6497, 3555, 10240, 96, 98
2026/08/05 01:28:45.577, 0, NVIDIA GeForce RTX 3080, 6497, 3555, 10240, 96, 98
2026/08/05 01:28:45.686, 0, NVIDIA GeForce RTX 3080, 6497, 3555, 10240, 96, 98
2026/08/05 01:28:45.796, 0, NVIDIA GeForce RTX 3080, 6497, 3555, 10240, 96, 98
2026/08/05 01:28:45.904, 0, NVIDIA GeForce RTX 3080, 6497, 3555, 10240, 96, 98
2026/08/05 01:28:46.014, 0, NVIDIA GeForce RTX 3080, 6497, 3555, 10240, 96, 98
2026/08/05 01:28:46.124, 0, NVIDIA GeForce RTX 3080, 6497, 3555, 10240, 96, 98
2026/08/05 01:28:46.232, 0, NVIDIA GeForce RTX 3080, 6497, 3555, 10240, 96, 98
2026/08/05 01:28:46.342, 0, NVIDIA GeForce RTX 3080, 6497, 3555, 10240, 97, 98
2026/08/05 01:28:46.450, 0, NVIDIA GeForce RTX 3080, 6497, 3555, 10240, 97, 98
2026/08/05 01:28:46.559, 0, NVIDIA GeForce RTX 3080, 6497, 3555, 10240, 97, 98
2026/08/05 01:28:46.669, 0, NVIDIA GeForce RTX 3080, 6497, 3555, 10240, 97, 98
2026/08/05 01:28:46.777, 0, NVIDIA GeForce RTX 3080, 6497, 3555, 10240, 97, 97
2026/08/05 01:28:46.887, 0, NVIDIA GeForce RTX 3080, 6497, 3555, 10240, 97, 97
2026/08/05 01:28:46.996, 0, NVIDIA GeForce RTX 3080, 6497, 3555, 10240, 97, 97
2026/08/05 01:28:47.105, 0, NVIDIA GeForce RTX 3080, 6497, 3555, 10240, 97, 97
2026/08/05 01:28:47.214, 0, NVIDIA GeForce RTX 3080, 6497, 3555, 10240, 97, 97
2026/08/05 01:28:47.323, 0, NVIDIA GeForce RTX 3080, 6497, 3555, 10240, 97, 97
2026/08/05 01:28:47.432, 0, NVIDIA GeForce RTX 3080, 6497, 3555, 10240, 97, 97
2026/08/05 01:28:47.541, 0, NVIDIA GeForce RTX 3080, 6497, 3555, 10240, 97, 97
2026/08/05 01:28:47.650, 0, NVIDIA GeForce RTX 3080, 6497, 3555, 10240, 97, 97
2026/08/05 01:28:47.759, 0, NVIDIA GeForce RTX 3080, 6497, 3555, 10240, 95, 96
2026/08/05 01:28:47.868, 0, NVIDIA GeForce RTX 3080, 6497, 3555, 10240, 95, 96
2026/08/05 01:28:47.977, 0, NVIDIA GeForce RTX 3080, 6497, 3555, 10240, 95, 96
2026/08/05 01:28:48.086, 0, NVIDIA GeForce RTX 3080, 6497, 3555, 10240, 95, 96
2026/08/05 01:28:48.196, 0, NVIDIA GeForce RTX 3080, 6497, 3555, 10240, 95, 96
2026/08/05 01:28:48.304, 0, NVIDIA GeForce RTX 3080, 6497, 3555, 10240, 96, 98
2026/08/05 01:28:48.414, 0, NVIDIA GeForce RTX 3080, 6497, 3555, 10240, 96, 98
2026/08/05 01:28:48.523, 0, NVIDIA GeForce RTX 3080, 6497, 3555, 10240, 96, 98
2026/08/05 01:28:48.631, 0, NVIDIA GeForce RTX 3080, 6497, 3555, 10240, 96, 98
2026/08/05 01:28:48.741, 0, NVIDIA GeForce RTX 3080, 6497, 3555, 10240, 96, 98
2026/08/05 01:28:48.849, 0, NVIDIA GeForce RTX 3080, 6497, 3555, 10240, 97, 98
2026/08/05 01:28:48.960, 0, NVIDIA GeForce RTX 3080, 6497, 3555, 10240, 97, 98
2026/08/05 01:28:49.069, 0, NVIDIA GeForce RTX 3080, 6497, 3555, 10240, 97, 98
2026/08/05 01:28:49.178, 0, NVIDIA GeForce RTX 3080, 6497, 3555, 10240, 97, 98
2026/08/05 01:28:49.287, 0, NVIDIA GeForce RTX 3080, 6497, 3555, 10240, 97, 98
2026/08/05 01:28:49.397, 0, NVIDIA GeForce RTX 3080, 6497, 3555, 10240, 97, 98
2026/08/05 01:28:49.505, 0, NVIDIA GeForce RTX 3080, 6497, 3555, 10240, 97, 98
2026/08/05 01:28:49.615, 0, NVIDIA GeForce RTX 3080, 6497, 3555, 10240, 97, 98
2026/08/05 01:28:49.724, 0, NVIDIA GeForce RTX 3080, 6497, 3555, 10240, 97, 98
2026/08/05 01:28:49.832, 0, NVIDIA GeForce RTX 3080, 6497, 3555, 10240, 97, 97
2026/08/05 01:28:49.942, 0, NVIDIA GeForce RTX 3080, 6497, 3555, 10240, 97, 97
2026/08/05 01:28:50.051, 0, NVIDIA GeForce RTX 3080, 6497, 3555, 10240, 97, 97
2026/08/05 01:28:50.160, 0, NVIDIA GeForce RTX 3080, 6497, 3555, 10240, 97, 97
2026/08/05 01:28:50.270, 0, NVIDIA GeForce RTX 3080, 6497, 3555, 10240, 97, 98
2026/08/05 01:28:50.378, 0, NVIDIA GeForce RTX 3080, 6497, 3555, 10240, 97, 98
2026/08/05 01:28:50.488, 0, NVIDIA GeForce RTX 3080, 6497, 3555, 10240, 97, 98
2026/08/05 01:28:50.596, 0, NVIDIA GeForce RTX 3080, 6497, 3555, 10240, 97, 98
2026/08/05 01:28:50.705, 0, NVIDIA GeForce RTX 3080, 6497, 3555, 10240, 97, 98
2026/08/05 01:28:50.814, 0, NVIDIA GeForce RTX 3080, 6497, 3555, 10240, 97, 98
2026/08/05 01:28:50.924, 0, NVIDIA GeForce RTX 3080, 6497, 3555, 10240, 97, 98
2026/08/05 01:28:51.033, 0, NVIDIA GeForce RTX 3080, 6497, 3555, 10240, 97, 98
2026/08/05 01:28:51.142, 0, NVIDIA GeForce RTX 3080, 6497, 3555, 10240, 97, 98
2026/08/05 01:28:51.251, 0, NVIDIA GeForce RTX 3080, 6497, 3555, 10240, 97, 98
2026/08/05 01:28:51.359, 0, NVIDIA GeForce RTX 3080, 6497, 3555, 10240, 97, 98
2026/08/05 01:28:51.469, 0, NVIDIA GeForce RTX 3080, 6497, 3555, 10240, 97, 98
2026/08/05 01:28:51.578, 0, NVIDIA GeForce RTX 3080, 6497, 3555, 10240, 97, 98
2026/08/05 01:28:51.687, 0, NVIDIA GeForce RTX 3080, 6497, 3555, 10240, 97, 98
2026/08/05 01:28:51.797, 0, NVIDIA GeForce RTX 3080, 6497, 3555, 10240, 97, 97
2026/08/05 01:28:51.905, 0, NVIDIA GeForce RTX 3080, 6497, 3555, 10240, 97, 97
2026/08/05 01:28:52.015, 0, NVIDIA GeForce RTX 3080, 6497, 3555, 10240, 97, 97
2026/08/05 01:28:52.123, 0, NVIDIA GeForce RTX 3080, 6497, 3555, 10240, 97, 97
2026/08/05 01:28:52.232, 0, NVIDIA GeForce RTX 3080, 6497, 3555, 10240, 97, 97
2026/08/05 01:28:52.342, 0, NVIDIA GeForce RTX 3080, 6497, 3555, 10240, 97, 97
2026/08/05 01:28:52.451, 0, NVIDIA GeForce RTX 3080, 6497, 3555, 10240, 97, 97
2026/08/05 01:28:52.560, 0, NVIDIA GeForce RTX 3080, 6497, 3555, 10240, 97, 97
2026/08/05 01:28:52.669, 0, NVIDIA GeForce RTX 3080, 6497, 3555, 10240, 97, 97
2026/08/05 01:28:52.778, 0, NVIDIA GeForce RTX 3080, 6497, 3555, 10240, 95, 96
2026/08/05 01:28:52.887, 0, NVIDIA GeForce RTX 3080, 6497, 3555, 10240, 95, 96
2026/08/05 01:28:52.996, 0, NVIDIA GeForce RTX 3080, 6497, 3555, 10240, 95, 96
2026/08/05 01:28:53.105, 0, NVIDIA GeForce RTX 3080, 6497, 3555, 10240, 95, 96
2026/08/05 01:28:53.215, 0, NVIDIA GeForce RTX 3080, 6497, 3555, 10240, 95, 96
2026/08/05 01:28:53.323, 0, NVIDIA GeForce RTX 3080, 6497, 3555, 10240, 97, 98
2026/08/05 01:28:53.432, 0, NVIDIA GeForce RTX 3080, 6497, 3555, 10240, 97, 98
2026/08/05 01:28:53.541, 0, NVIDIA GeForce RTX 3080, 6497, 3555, 10240, 97, 98
2026/08/05 01:28:53.651, 0, NVIDIA GeForce RTX 3080, 6497, 3555, 10240, 97, 98
2026/08/05 01:28:53.760, 0, NVIDIA GeForce RTX 3080, 6497, 3555, 10240, 97, 98
2026/08/05 01:28:53.869, 0, NVIDIA GeForce RTX 3080, 6497, 3555, 10240, 97, 98
2026/08/05 01:28:53.978, 0, NVIDIA GeForce RTX 3080, 6497, 3555, 10240, 97, 98
2026/08/05 01:28:54.088, 0, NVIDIA GeForce RTX 3080, 6497, 3555, 10240, 97, 98
2026/08/05 01:28:54.196, 0, NVIDIA GeForce RTX 3080, 6497, 3555, 10240, 97, 98
2026/08/05 01:28:54.305, 0, NVIDIA GeForce RTX 3080, 6497, 3555, 10240, 97, 98
2026/08/05 01:28:54.414, 0, NVIDIA GeForce RTX 3080, 6497, 3555, 10240, 97, 98
2026/08/05 01:28:54.524, 0, NVIDIA GeForce RTX 3080, 6497, 3555, 10240, 97, 98
2026/08/05 01:28:54.633, 0, NVIDIA GeForce RTX 3080, 6497, 3555, 10240, 97, 98
2026/08/05 01:28:54.742, 0, NVIDIA GeForce RTX 3080, 6497, 3555, 10240, 97, 98
2026/08/05 01:28:54.851, 0, NVIDIA GeForce RTX 3080, 6497, 3555, 10240, 97, 98
2026/08/05 01:28:54.959, 0, NVIDIA GeForce RTX 3080, 6497, 3555, 10240, 97, 98
2026/08/05 01:28:55.069, 0, NVIDIA GeForce RTX 3080, 6497, 3555, 10240, 97, 98
2026/08/05 01:28:55.178, 0, NVIDIA GeForce RTX 3080, 6497, 3555, 10240, 97, 98
2026/08/05 01:28:55.287, 0, NVIDIA GeForce RTX 3080, 6497, 3555, 10240, 97, 98
2026/08/05 01:28:55.397, 0, NVIDIA GeForce RTX 3080, 6497, 3555, 10240, 97, 98
2026/08/05 01:28:55.505, 0, NVIDIA GeForce RTX 3080, 6497, 3555, 10240, 97, 98
2026/08/05 01:28:55.615, 0, NVIDIA GeForce RTX 3080, 6497, 3555, 10240, 97, 98
2026/08/05 01:28:55.724, 0, NVIDIA GeForce RTX 3080, 6497, 3555, 10240, 97, 98
2026/08/05 01:28:55.833, 0, NVIDIA GeForce RTX 3080, 6497, 3555, 10240, 97, 98
2026/08/05 01:28:55.943, 0, NVIDIA GeForce RTX 3080, 6497, 3555, 10240, 97, 98
2026/08/05 01:28:56.051, 0, NVIDIA GeForce RTX 3080, 6497, 3555, 10240, 97, 98
2026/08/05 01:28:56.160, 0, NVIDIA GeForce RTX 3080, 6497, 3555, 10240, 97, 98
2026/08/05 01:28:56.269, 0, NVIDIA GeForce RTX 3080, 6497, 3555, 10240, 97, 98
2026/08/05 01:28:56.378, 0, NVIDIA GeForce RTX 3080, 6497, 3555, 10240, 97, 98
2026/08/05 01:28:56.488, 0, NVIDIA GeForce RTX 3080, 6497, 3555, 10240, 97, 98
2026/08/05 01:28:56.597, 0, NVIDIA GeForce RTX 3080, 6497, 3555, 10240, 97, 98
2026/08/05 01:28:56.706, 0, NVIDIA GeForce RTX 3080, 6497, 3555, 10240, 97, 98
2026/08/05 01:28:56.815, 0, NVIDIA GeForce RTX 3080, 6497, 3555, 10240, 97, 98
2026/08/05 01:28:56.925, 0, NVIDIA GeForce RTX 3080, 6497, 3555, 10240, 97, 98
2026/08/05 01:28:57.033, 0, NVIDIA GeForce RTX 3080, 6497, 3555, 10240, 97, 98
2026/08/05 01:28:57.143, 0, NVIDIA GeForce RTX 3080, 6497, 3555, 10240, 97, 98
2026/08/05 01:28:57.253, 0, NVIDIA GeForce RTX 3080, 6497, 3555, 10240, 97, 98
2026/08/05 01:28:57.361, 0, NVIDIA GeForce RTX 3080, 6497, 3555, 10240, 97, 98
2026/08/05 01:28:57.471, 0, NVIDIA GeForce RTX 3080, 6497, 3555, 10240, 97, 98
2026/08/05 01:28:57.580, 0, NVIDIA GeForce RTX 3080, 6497, 3555, 10240, 97, 98
2026/08/05 01:28:57.688, 0, NVIDIA GeForce RTX 3080, 6497, 3555, 10240, 97, 98
2026/08/05 01:28:57.798, 0, NVIDIA GeForce RTX 3080, 6497, 3555, 10240, 97, 98
2026/08/05 01:28:57.906, 0, NVIDIA GeForce RTX 3080, 6497, 3555, 10240, 97, 98
2026/08/05 01:28:58.016, 0, NVIDIA GeForce RTX 3080, 6497, 3555, 10240, 97, 98
2026/08/05 01:28:58.126, 0, NVIDIA GeForce RTX 3080, 6497, 3555, 10240, 97, 98
2026/08/05 01:28:58.234, 0, NVIDIA GeForce RTX 3080, 6497, 3555, 10240, 97, 98
2026/08/05 01:28:58.344, 0, NVIDIA GeForce RTX 3080, 6497, 3555, 10240, 98, 98
2026/08/05 01:28:58.452, 0, NVIDIA GeForce RTX 3080, 6497, 3555, 10240, 98, 98
2026/08/05 01:28:58.561, 0, NVIDIA GeForce RTX 3080, 6497, 3555, 10240, 98, 98
2026/08/05 01:28:58.671, 0, NVIDIA GeForce RTX 3080, 6497, 3555, 10240, 98, 98
2026/08/05 01:28:58.779, 0, NVIDIA GeForce RTX 3080, 6497, 3555, 10240, 98, 98
2026/08/05 01:28:58.889, 0, NVIDIA GeForce RTX 3080, 6497, 3555, 10240, 98, 98
2026/08/05 01:28:58.999, 0, NVIDIA GeForce RTX 3080, 6497, 3555, 10240, 98, 98
2026/08/05 01:28:59.106, 0, NVIDIA GeForce RTX 3080, 6497, 3555, 10240, 98, 98
2026/08/05 01:28:59.216, 0, NVIDIA GeForce RTX 3080, 6497, 3555, 10240, 98, 98
2026/08/05 01:28:59.326, 0, NVIDIA GeForce RTX 3080, 6497, 3555, 10240, 98, 98
2026/08/05 01:28:59.434, 0, NVIDIA GeForce RTX 3080, 6497, 3555, 10240, 98, 98
2026/08/05 01:28:59.544, 0, NVIDIA GeForce RTX 3080, 6497, 3555, 10240, 98, 98
2026/08/05 01:28:59.653, 0, NVIDIA GeForce RTX 3080, 6497, 3555, 10240, 98, 98
2026/08/05 01:28:59.762, 0, NVIDIA GeForce RTX 3080, 6497, 3555, 10240, 98, 97
2026/08/05 01:28:59.871, 0, NVIDIA GeForce RTX 3080, 6497, 3555, 10240, 98, 97
2026/08/05 01:28:59.981, 0, NVIDIA GeForce RTX 3080, 6497, 3555, 10240, 98, 97
2026/08/05 01:29:00.090, 0, NVIDIA GeForce RTX 3080, 6497, 3555, 10240, 98, 97
2026/08/05 01:29:00.199, 0, NVIDIA GeForce RTX 3080, 6497, 3555, 10240, 98, 97
2026/08/05 01:29:00.308, 0, NVIDIA GeForce RTX 3080, 6497, 3555, 10240, 98, 98
2026/08/05 01:29:00.418, 0, NVIDIA GeForce RTX 3080, 6497, 3555, 10240, 98, 98
2026/08/05 01:29:00.527, 0, NVIDIA GeForce RTX 3080, 6497, 3555, 10240, 98, 98
2026/08/05 01:29:00.636, 0, NVIDIA GeForce RTX 3080, 6497, 3555, 10240, 98, 98
2026/08/05 01:29:00.745, 0, NVIDIA GeForce RTX 3080, 6497, 3555, 10240, 98, 98
2026/08/05 01:29:00.855, 0, NVIDIA GeForce RTX 3080, 6497, 3555, 10240, 98, 97
2026/08/05 01:29:00.963, 0, NVIDIA GeForce RTX 3080, 6497, 3555, 10240, 98, 97
2026/08/05 01:29:01.073, 0, NVIDIA GeForce RTX 3080, 6497, 3555, 10240, 98, 97
2026/08/05 01:29:01.183, 0, NVIDIA GeForce RTX 3080, 6497, 3555, 10240, 98, 97
2026/08/05 01:29:01.291, 0, NVIDIA GeForce RTX 3080, 6497, 3555, 10240, 98, 98
2026/08/05 01:29:01.401, 0, NVIDIA GeForce RTX 3080, 6497, 3555, 10240, 98, 98
2026/08/05 01:29:01.509, 0, NVIDIA GeForce RTX 3080, 6497, 3555, 10240, 98, 98
2026/08/05 01:29:01.618, 0, NVIDIA GeForce RTX 3080, 6497, 3555, 10240, 98, 98
2026/08/05 01:29:01.727, 0, NVIDIA GeForce RTX 3080, 6497, 3555, 10240, 98, 98
2026/08/05 01:29:01.836, 0, NVIDIA GeForce RTX 3080, 6497, 3555, 10240, 96, 98
2026/08/05 01:29:01.945, 0, NVIDIA GeForce RTX 3080, 6497, 3555, 10240, 96, 98
2026/08/05 01:29:02.054, 0, NVIDIA GeForce RTX 3080, 6497, 3555, 10240, 96, 98
2026/08/05 01:29:02.163, 0, NVIDIA GeForce RTX 3080, 6497, 3555, 10240, 96, 98
2026/08/05 01:29:02.272, 0, NVIDIA GeForce RTX 3080, 6497, 3555, 10240, 96, 98
2026/08/05 01:29:02.382, 0, NVIDIA GeForce RTX 3080, 6497, 3555, 10240, 96, 98
2026/08/05 01:29:02.491, 0, NVIDIA GeForce RTX 3080, 6497, 3555, 10240, 96, 98
2026/08/05 01:29:02.600, 0, NVIDIA GeForce RTX 3080, 6497, 3555, 10240, 96, 98
2026/08/05 01:29:02.709, 0, NVIDIA GeForce RTX 3080, 6497, 3555, 10240, 96, 98
2026/08/05 01:29:02.818, 0, NVIDIA GeForce RTX 3080, 6497, 3555, 10240, 96, 98
2026/08/05 01:29:02.927, 0, NVIDIA GeForce RTX 3080, 6497, 3555, 10240, 96, 98
2026/08/05 01:29:03.036, 0, NVIDIA GeForce RTX 3080, 6497, 3555, 10240, 96, 98
2026/08/05 01:29:03.145, 0, NVIDIA GeForce RTX 3080, 6497, 3555, 10240, 96, 98
2026/08/05 01:29:03.255, 0, NVIDIA GeForce RTX 3080, 6497, 3555, 10240, 96, 97
2026/08/05 01:29:03.364, 0, NVIDIA GeForce RTX 3080, 6497, 3555, 10240, 96, 97
2026/08/05 01:29:03.473, 0, NVIDIA GeForce RTX 3080, 6497, 3555, 10240, 96, 97
2026/08/05 01:29:03.583, 0, NVIDIA GeForce RTX 3080, 6497, 3555, 10240, 96, 97
2026/08/05 01:29:03.692, 0, NVIDIA GeForce RTX 3080, 6497, 3555, 10240, 96, 97
2026/08/05 01:29:03.801, 0, NVIDIA GeForce RTX 3080, 6497, 3555, 10240, 96, 97
2026/08/05 01:29:03.911, 0, NVIDIA GeForce RTX 3080, 6497, 3555, 10240, 96, 97
2026/08/05 01:29:04.019, 0, NVIDIA GeForce RTX 3080, 6497, 3555, 10240, 96, 97
2026/08/05 01:29:04.129, 0, NVIDIA GeForce RTX 3080, 6497, 3555, 10240, 96, 97
2026/08/05 01:29:04.238, 0, NVIDIA GeForce RTX 3080, 6497, 3555, 10240, 96, 97
2026/08/05 01:29:04.347, 0, NVIDIA GeForce RTX 3080, 6497, 3555, 10240, 96, 98
2026/08/05 01:29:04.457, 0, NVIDIA GeForce RTX 3080, 6497, 3555, 10240, 96, 98
2026/08/05 01:29:04.565, 0, NVIDIA GeForce RTX 3080, 6497, 3555, 10240, 96, 98
2026/08/05 01:29:04.675, 0, NVIDIA GeForce RTX 3080, 6497, 3555, 10240, 96, 98
2026/08/05 01:29:04.782, 0, NVIDIA GeForce RTX 3080, 6497, 3555, 10240, 96, 97
2026/08/05 01:29:04.891, 0, NVIDIA GeForce RTX 3080, 6497, 3555, 10240, 96, 97
2026/08/05 01:29:05.001, 0, NVIDIA GeForce RTX 3080, 6497, 3555, 10240, 96, 97
2026/08/05 01:29:05.109, 0, NVIDIA GeForce RTX 3080, 6497, 3555, 10240, 96, 97
2026/08/05 01:29:05.219, 0, NVIDIA GeForce RTX 3080, 6497, 3555, 10240, 96, 97
2026/08/05 01:29:05.328, 0, NVIDIA GeForce RTX 3080, 6497, 3555, 10240, 96, 98
2026/08/05 01:29:05.437, 0, NVIDIA GeForce RTX 3080, 6497, 3555, 10240, 96, 98
2026/08/05 01:29:05.547, 0, NVIDIA GeForce RTX 3080, 6497, 3555, 10240, 96, 98
2026/08/05 01:29:05.656, 0, NVIDIA GeForce RTX 3080, 6497, 3555, 10240, 96, 98
2026/08/05 01:29:05.764, 0, NVIDIA GeForce RTX 3080, 6497, 3555, 10240, 96, 97
2026/08/05 01:29:05.874, 0, NVIDIA GeForce RTX 3080, 6497, 3555, 10240, 96, 97
2026/08/05 01:29:05.982, 0, NVIDIA GeForce RTX 3080, 6497, 3555, 10240, 96, 97
2026/08/05 01:29:06.091, 0, NVIDIA GeForce RTX 3080, 6497, 3555, 10240, 96, 97
2026/08/05 01:29:06.200, 0, NVIDIA GeForce RTX 3080, 6497, 3555, 10240, 96, 97
2026/08/05 01:29:06.309, 0, NVIDIA GeForce RTX 3080, 6497, 3555, 10240, 96, 97
2026/08/05 01:29:06.419, 0, NVIDIA GeForce RTX 3080, 6497, 3555, 10240, 96, 97
2026/08/05 01:29:06.528, 0, NVIDIA GeForce RTX 3080, 6497, 3555, 10240, 96, 97
2026/08/05 01:29:06.637, 0, NVIDIA GeForce RTX 3080, 6497, 3555, 10240, 96, 97
2026/08/05 01:29:06.747, 0, NVIDIA GeForce RTX 3080, 6497, 3555, 10240, 96, 97
2026/08/05 01:29:06.856, 0, NVIDIA GeForce RTX 3080, 6497, 3555, 10240, 96, 97
2026/08/05 01:29:06.965, 0, NVIDIA GeForce RTX 3080, 6497, 3555, 10240, 96, 97
2026/08/05 01:29:07.074, 0, NVIDIA GeForce RTX 3080, 6497, 3555, 10240, 96, 97
2026/08/05 01:29:07.183, 0, NVIDIA GeForce RTX 3080, 6497, 3555, 10240, 96, 97
2026/08/05 01:29:07.292, 0, NVIDIA GeForce RTX 3080, 6497, 3555, 10240, 96, 97
2026/08/05 01:29:07.401, 0, NVIDIA GeForce RTX 3080, 6497, 3555, 10240, 96, 97
2026/08/05 01:29:07.510, 0, NVIDIA GeForce RTX 3080, 6497, 3555, 10240, 96, 97
2026/08/05 01:29:07.618, 0, NVIDIA GeForce RTX 3080, 6497, 3555, 10240, 96, 97
2026/08/05 01:29:07.728, 0, NVIDIA GeForce RTX 3080, 6497, 3555, 10240, 96, 97
2026/08/05 01:29:07.836, 0, NVIDIA GeForce RTX 3080, 6497, 3555, 10240, 93, 95
2026/08/05 01:29:07.946, 0, NVIDIA GeForce RTX 3080, 6497, 3555, 10240, 93, 95
2026/08/05 01:29:08.056, 0, NVIDIA GeForce RTX 3080, 6497, 3555, 10240, 93, 95
2026/08/05 01:29:08.164, 0, NVIDIA GeForce RTX 3080, 6497, 3555, 10240, 93, 95
2026/08/05 01:29:08.274, 0, NVIDIA GeForce RTX 3080, 6497, 3555, 10240, 96, 98
2026/08/05 01:29:08.382, 0, NVIDIA GeForce RTX 3080, 6497, 3555, 10240, 96, 98
2026/08/05 01:29:08.491, 0, NVIDIA GeForce RTX 3080, 6497, 3555, 10240, 96, 98
2026/08/05 01:29:08.601, 0, NVIDIA GeForce RTX 3080, 6497, 3555, 10240, 96, 98
2026/08/05 01:29:08.709, 0, NVIDIA GeForce RTX 3080, 6497, 3555, 10240, 96, 98
2026/08/05 01:29:08.819, 0, NVIDIA GeForce RTX 3080, 6497, 3555, 10240, 96, 98
2026/08/05 01:29:08.927, 0, NVIDIA GeForce RTX 3080, 6497, 3555, 10240, 96, 98
2026/08/05 01:29:09.036, 0, NVIDIA GeForce RTX 3080, 6497, 3555, 10240, 96, 98
2026/08/05 01:29:09.145, 0, NVIDIA GeForce RTX 3080, 6497, 3555, 10240, 96, 98
2026/08/05 01:29:09.255, 0, NVIDIA GeForce RTX 3080, 6497, 3555, 10240, 96, 97
2026/08/05 01:29:09.363, 0, NVIDIA GeForce RTX 3080, 6497, 3555, 10240, 96, 97
2026/08/05 01:29:09.473, 0, NVIDIA GeForce RTX 3080, 6497, 3555, 10240, 96, 97
2026/08/05 01:29:09.582, 0, NVIDIA GeForce RTX 3080, 6497, 3555, 10240, 96, 97
2026/08/05 01:29:09.691, 0, NVIDIA GeForce RTX 3080, 6497, 3555, 10240, 96, 97
2026/08/05 01:29:09.801, 0, NVIDIA GeForce RTX 3080, 6497, 3555, 10240, 96, 98
2026/08/05 01:29:09.910, 0, NVIDIA GeForce RTX 3080, 6497, 3555, 10240, 96, 98
2026/08/05 01:29:10.019, 0, NVIDIA GeForce RTX 3080, 6497, 3555, 10240, 96, 98
2026/08/05 01:29:10.128, 0, NVIDIA GeForce RTX 3080, 6497, 3555, 10240, 96, 98
2026/08/05 01:29:10.236, 0, NVIDIA GeForce RTX 3080, 6497, 3555, 10240, 96, 98
2026/08/05 01:29:10.346, 0, NVIDIA GeForce RTX 3080, 6497, 3555, 10240, 96, 97
2026/08/05 01:29:10.455, 0, NVIDIA GeForce RTX 3080, 6497, 3555, 10240, 96, 97
2026/08/05 01:29:10.564, 0, NVIDIA GeForce RTX 3080, 6497, 3555, 10240, 96, 97
2026/08/05 01:29:10.673, 0, NVIDIA GeForce RTX 3080, 6497, 3555, 10240, 96, 97
2026/08/05 01:29:10.782, 0, NVIDIA GeForce RTX 3080, 6497, 3555, 10240, 96, 97
2026/08/05 01:29:10.891, 0, NVIDIA GeForce RTX 3080, 6497, 3555, 10240, 96, 97
2026/08/05 01:29:11.000, 0, NVIDIA GeForce RTX 3080, 6497, 3555, 10240, 96, 97
2026/08/05 01:29:11.109, 0, NVIDIA GeForce RTX 3080, 6497, 3555, 10240, 96, 97
2026/08/05 01:29:11.218, 0, NVIDIA GeForce RTX 3080, 6497, 3555, 10240, 96, 97
2026/08/05 01:29:11.327, 0, NVIDIA GeForce RTX 3080, 6497, 3555, 10240, 97, 97
2026/08/05 01:29:11.436, 0, NVIDIA GeForce RTX 3080, 6497, 3555, 10240, 97, 97
2026/08/05 01:29:11.545, 0, NVIDIA GeForce RTX 3080, 6497, 3555, 10240, 97, 97
2026/08/05 01:29:11.655, 0, NVIDIA GeForce RTX 3080, 6497, 3555, 10240, 97, 97
2026/08/05 01:29:11.764, 0, NVIDIA GeForce RTX 3080, 6497, 3555, 10240, 97, 98
2026/08/05 01:29:11.873, 0, NVIDIA GeForce RTX 3080, 6497, 3555, 10240, 97, 98
2026/08/05 01:29:11.982, 0, NVIDIA GeForce RTX 3080, 6497, 3555, 10240, 97, 98
2026/08/05 01:29:12.091, 0, NVIDIA GeForce RTX 3080, 6497, 3555, 10240, 97, 98
2026/08/05 01:29:12.200, 0, NVIDIA GeForce RTX 3080, 6497, 3555, 10240, 97, 98
2026/08/05 01:29:12.309, 0, NVIDIA GeForce RTX 3080, 6497, 3555, 10240, 97, 98
2026/08/05 01:29:12.418, 0, NVIDIA GeForce RTX 3080, 6497, 3555, 10240, 97, 98
2026/08/05 01:29:12.528, 0, NVIDIA GeForce RTX 3080, 6497, 3555, 10240, 97, 98
2026/08/05 01:29:12.637, 0, NVIDIA GeForce RTX 3080, 6497, 3555, 10240, 97, 98
2026/08/05 01:29:12.746, 0, NVIDIA GeForce RTX 3080, 6497, 3555, 10240, 97, 98
2026/08/05 01:29:12.855, 0, NVIDIA GeForce RTX 3080, 6497, 3555, 10240, 97, 98
2026/08/05 01:29:12.964, 0, NVIDIA GeForce RTX 3080, 6497, 3555, 10240, 97, 98
2026/08/05 01:29:13.072, 0, NVIDIA GeForce RTX 3080, 6497, 3555, 10240, 97, 98
2026/08/05 01:29:13.181, 0, NVIDIA GeForce RTX 3080, 6497, 3555, 10240, 97, 98
2026/08/05 01:29:13.290, 0, NVIDIA GeForce RTX 3080, 6497, 3555, 10240, 97, 97
2026/08/05 01:29:13.399, 0, NVIDIA GeForce RTX 3080, 6497, 3555, 10240, 97, 97
2026/08/05 01:29:13.508, 0, NVIDIA GeForce RTX 3080, 6497, 3555, 10240, 97, 97
2026/08/05 01:29:13.618, 0, NVIDIA GeForce RTX 3080, 6497, 3555, 10240, 97, 97
2026/08/05 01:29:13.727, 0, NVIDIA GeForce RTX 3080, 6497, 3555, 10240, 97, 97
2026/08/05 01:29:13.836, 0, NVIDIA GeForce RTX 3080, 6497, 3555, 10240, 97, 98
2026/08/05 01:29:13.945, 0, NVIDIA GeForce RTX 3080, 6497, 3555, 10240, 97, 98
2026/08/05 01:29:14.055, 0, NVIDIA GeForce RTX 3080, 6497, 3555, 10240, 97, 98
2026/08/05 01:29:14.164, 0, NVIDIA GeForce RTX 3080, 6497, 3555, 10240, 97, 98
2026/08/05 01:29:14.273, 0, NVIDIA GeForce RTX 3080, 6497, 3555, 10240, 97, 98
2026/08/05 01:29:14.382, 0, NVIDIA GeForce RTX 3080, 6497, 3555, 10240, 97, 98
2026/08/05 01:29:14.490, 0, NVIDIA GeForce RTX 3080, 6497, 3555, 10240, 97, 98
2026/08/05 01:29:14.600, 0, NVIDIA GeForce RTX 3080, 6497, 3555, 10240, 97, 98
2026/08/05 01:29:14.708, 0, NVIDIA GeForce RTX 3080, 6497, 3555, 10240, 97, 98
2026/08/05 01:29:14.818, 0, NVIDIA GeForce RTX 3080, 6497, 3555, 10240, 96, 98
2026/08/05 01:29:14.928, 0, NVIDIA GeForce RTX 3080, 6497, 3555, 10240, 96, 98
2026/08/05 01:29:15.036, 0, NVIDIA GeForce RTX 3080, 6497, 3555, 10240, 96, 98
2026/08/05 01:29:15.146, 0, NVIDIA GeForce RTX 3080, 6497, 3555, 10240, 96, 98
2026/08/05 01:29:15.255, 0, NVIDIA GeForce RTX 3080, 6497, 3555, 10240, 96, 98
2026/08/05 01:29:15.364, 0, NVIDIA GeForce RTX 3080, 6497, 3555, 10240, 96, 98
2026/08/05 01:29:15.474, 0, NVIDIA GeForce RTX 3080, 6497, 3555, 10240, 96, 98
2026/08/05 01:29:15.583, 0, NVIDIA GeForce RTX 3080, 6497, 3555, 10240, 96, 98
2026/08/05 01:29:15.691, 0, NVIDIA GeForce RTX 3080, 6497, 3555, 10240, 96, 98
2026/08/05 01:29:15.801, 0, NVIDIA GeForce RTX 3080, 6497, 3555, 10240, 97, 98
2026/08/05 01:29:15.909, 0, NVIDIA GeForce RTX 3080, 6497, 3555, 10240, 97, 98
2026/08/05 01:29:16.018, 0, NVIDIA GeForce RTX 3080, 6497, 3555, 10240, 97, 98
2026/08/05 01:29:16.128, 0, NVIDIA GeForce RTX 3080, 6497, 3555, 10240, 97, 98
2026/08/05 01:29:16.236, 0, NVIDIA GeForce RTX 3080, 6497, 3555, 10240, 97, 98
2026/08/05 01:29:16.346, 0, NVIDIA GeForce RTX 3080, 6497, 3555, 10240, 97, 97
2026/08/05 01:29:16.455, 0, NVIDIA GeForce RTX 3080, 6497, 3555, 10240, 97, 97
2026/08/05 01:29:16.564, 0, NVIDIA GeForce RTX 3080, 6497, 3555, 10240, 97, 97
2026/08/05 01:29:16.673, 0, NVIDIA GeForce RTX 3080, 6497, 3555, 10240, 97, 97
2026/08/05 01:29:16.783, 0, NVIDIA GeForce RTX 3080, 6497, 3555, 10240, 97, 98
2026/08/05 01:29:16.891, 0, NVIDIA GeForce RTX 3080, 6497, 3555, 10240, 97, 98
2026/08/05 01:29:17.000, 0, NVIDIA GeForce RTX 3080, 6497, 3555, 10240, 97, 98
2026/08/05 01:29:17.109, 0, NVIDIA GeForce RTX 3080, 6497, 3555, 10240, 97, 98
2026/08/05 01:29:17.219, 0, NVIDIA GeForce RTX 3080, 6497, 3555, 10240, 97, 98
2026/08/05 01:29:17.328, 0, NVIDIA GeForce RTX 3080, 6497, 3555, 10240, 97, 97
2026/08/05 01:29:17.437, 0, NVIDIA GeForce RTX 3080, 6497, 3555, 10240, 97, 97
2026/08/05 01:29:17.546, 0, NVIDIA GeForce RTX 3080, 6497, 3555, 10240, 97, 97
2026/08/05 01:29:17.656, 0, NVIDIA GeForce RTX 3080, 6497, 3555, 10240, 97, 97
2026/08/05 01:29:17.765, 0, NVIDIA GeForce RTX 3080, 6497, 3555, 10240, 97, 98
2026/08/05 01:29:17.874, 0, NVIDIA GeForce RTX 3080, 6497, 3555, 10240, 97, 98
2026/08/05 01:29:17.984, 0, NVIDIA GeForce RTX 3080, 6497, 3555, 10240, 97, 98
2026/08/05 01:29:18.092, 0, NVIDIA GeForce RTX 3080, 6497, 3555, 10240, 97, 98
2026/08/05 01:29:18.202, 0, NVIDIA GeForce RTX 3080, 6497, 3555, 10240, 97, 98
2026/08/05 01:29:18.311, 0, NVIDIA GeForce RTX 3080, 6497, 3555, 10240, 97, 98
2026/08/05 01:29:18.419, 0, NVIDIA GeForce RTX 3080, 6497, 3555, 10240, 97, 98
2026/08/05 01:29:18.528, 0, NVIDIA GeForce RTX 3080, 6497, 3555, 10240, 97, 98
2026/08/05 01:29:18.636, 0, NVIDIA GeForce RTX 3080, 6497, 3555, 10240, 97, 98
2026/08/05 01:29:18.746, 0, NVIDIA GeForce RTX 3080, 6497, 3555, 10240, 97, 98
2026/08/05 01:29:18.855, 0, NVIDIA GeForce RTX 3080, 6497, 3555, 10240, 97, 98
2026/08/05 01:29:18.963, 0, NVIDIA GeForce RTX 3080, 6497, 3555, 10240, 97, 98
2026/08/05 01:29:19.073, 0, NVIDIA GeForce RTX 3080, 6497, 3555, 10240, 97, 98
2026/08/05 01:29:19.182, 0, NVIDIA GeForce RTX 3080, 6497, 3555, 10240, 97, 98
2026/08/05 01:29:19.291, 0, NVIDIA GeForce RTX 3080, 6497, 3555, 10240, 95, 96
2026/08/05 01:29:19.400, 0, NVIDIA GeForce RTX 3080, 6497, 3555, 10240, 95, 96
2026/08/05 01:29:19.509, 0, NVIDIA GeForce RTX 3080, 6497, 3555, 10240, 95, 96
2026/08/05 01:29:19.618, 0, NVIDIA GeForce RTX 3080, 6497, 3555, 10240, 95, 96
2026/08/05 01:29:19.728, 0, NVIDIA GeForce RTX 3080, 6497, 3555, 10240, 95, 96
2026/08/05 01:29:19.836, 0, NVIDIA GeForce RTX 3080, 6497, 3555, 10240, 97, 98
2026/08/05 01:29:19.946, 0, NVIDIA GeForce RTX 3080, 6497, 3555, 10240, 97, 98
2026/08/05 01:29:20.056, 0, NVIDIA GeForce RTX 3080, 6497, 3555, 10240, 97, 98
2026/08/05 01:29:20.164, 0, NVIDIA GeForce RTX 3080, 6497, 3555, 10240, 97, 98
2026/08/05 01:29:20.274, 0, NVIDIA GeForce RTX 3080, 6497, 3555, 10240, 97, 97
2026/08/05 01:29:20.383, 0, NVIDIA GeForce RTX 3080, 6497, 3555, 10240, 97, 97
2026/08/05 01:29:20.491, 0, NVIDIA GeForce RTX 3080, 6497, 3555, 10240, 97, 97
2026/08/05 01:29:20.601, 0, NVIDIA GeForce RTX 3080, 6497, 3555, 10240, 97, 97
2026/08/05 01:29:20.708, 0, NVIDIA GeForce RTX 3080, 6497, 3555, 10240, 97, 97
2026/08/05 01:29:20.817, 0, NVIDIA GeForce RTX 3080, 6497, 3555, 10240, 97, 98
2026/08/05 01:29:20.926, 0, NVIDIA GeForce RTX 3080, 6497, 3555, 10240, 97, 98
2026/08/05 01:29:21.035, 0, NVIDIA GeForce RTX 3080, 6497, 3555, 10240, 97, 98
2026/08/05 01:29:21.145, 0, NVIDIA GeForce RTX 3080, 6497, 3555, 10240, 97, 98
2026/08/05 01:29:21.254, 0, NVIDIA GeForce RTX 3080, 6497, 3555, 10240, 97, 98
2026/08/05 01:29:21.363, 0, NVIDIA GeForce RTX 3080, 6497, 3555, 10240, 97, 98
2026/08/05 01:29:21.473, 0, NVIDIA GeForce RTX 3080, 6497, 3555, 10240, 97, 98
2026/08/05 01:29:21.582, 0, NVIDIA GeForce RTX 3080, 6497, 3555, 10240, 97, 98
2026/08/05 01:29:21.691, 0, NVIDIA GeForce RTX 3080, 6497, 3555, 10240, 97, 98
2026/08/05 01:29:21.800, 0, NVIDIA GeForce RTX 3080, 6497, 3555, 10240, 97, 97
2026/08/05 01:29:21.909, 0, NVIDIA GeForce RTX 3080, 6497, 3555, 10240, 97, 97
2026/08/05 01:29:22.018, 0, NVIDIA GeForce RTX 3080, 6497, 3555, 10240, 97, 97
2026/08/05 01:29:22.127, 0, NVIDIA GeForce RTX 3080, 6497, 3555, 10240, 97, 97
2026/08/05 01:29:22.236, 0, NVIDIA GeForce RTX 3080, 6497, 3555, 10240, 97, 97
2026/08/05 01:29:22.345, 0, NVIDIA GeForce RTX 3080, 6497, 3555, 10240, 97, 97
2026/08/05 01:29:22.455, 0, NVIDIA GeForce RTX 3080, 6497, 3555, 10240, 97, 97
2026/08/05 01:29:22.564, 0, NVIDIA GeForce RTX 3080, 6497, 3555, 10240, 97, 97
2026/08/05 01:29:22.673, 0, NVIDIA GeForce RTX 3080, 6497, 3555, 10240, 97, 97
2026/08/05 01:29:22.782, 0, NVIDIA GeForce RTX 3080, 6497, 3555, 10240, 97, 97
2026/08/05 01:29:22.891, 0, NVIDIA GeForce RTX 3080, 6497, 3555, 10240, 97, 97
2026/08/05 01:29:23.000, 0, NVIDIA GeForce RTX 3080, 6497, 3555, 10240, 97, 97
2026/08/05 01:29:23.109, 0, NVIDIA GeForce RTX 3080, 6497, 3555, 10240, 97, 97
2026/08/05 01:29:23.219, 0, NVIDIA GeForce RTX 3080, 6497, 3555, 10240, 97, 97
2026/08/05 01:29:23.328, 0, NVIDIA GeForce RTX 3080, 6497, 3555, 10240, 98, 98
2026/08/05 01:29:23.437, 0, NVIDIA GeForce RTX 3080, 6497, 3555, 10240, 98, 98
2026/08/05 01:29:23.546, 0, NVIDIA GeForce RTX 3080, 6497, 3555, 10240, 98, 98
2026/08/05 01:29:23.655, 0, NVIDIA GeForce RTX 3080, 6497, 3555, 10240, 98, 98
2026/08/05 01:29:23.764, 0, NVIDIA GeForce RTX 3080, 6497, 3555, 10240, 98, 98
2026/08/05 01:29:23.873, 0, NVIDIA GeForce RTX 3080, 6497, 3555, 10240, 98, 98
2026/08/05 01:29:23.982, 0, NVIDIA GeForce RTX 3080, 6497, 3555, 10240, 98, 98
2026/08/05 01:29:24.090, 0, NVIDIA GeForce RTX 3080, 6497, 3555, 10240, 98, 98
2026/08/05 01:29:24.200, 0, NVIDIA GeForce RTX 3080, 6497, 3555, 10240, 98, 98
2026/08/05 01:29:24.308, 0, NVIDIA GeForce RTX 3080, 6497, 3555, 10240, 97, 98
2026/08/05 01:29:24.418, 0, NVIDIA GeForce RTX 3080, 6497, 3555, 10240, 97, 98
2026/08/05 01:29:24.528, 0, NVIDIA GeForce RTX 3080, 6497, 3555, 10240, 97, 98
2026/08/05 01:29:24.636, 0, NVIDIA GeForce RTX 3080, 6497, 3555, 10240, 97, 98
2026/08/05 01:29:24.746, 0, NVIDIA GeForce RTX 3080, 6497, 3555, 10240, 97, 98
2026/08/05 01:29:24.855, 0, NVIDIA GeForce RTX 3080, 6497, 3555, 10240, 98, 98
2026/08/05 01:29:24.964, 0, NVIDIA GeForce RTX 3080, 6497, 3555, 10240, 98, 98
2026/08/05 01:29:25.074, 0, NVIDIA GeForce RTX 3080, 6497, 3555, 10240, 98, 98
2026/08/05 01:29:25.182, 0, NVIDIA GeForce RTX 3080, 6497, 3555, 10240, 98, 98
2026/08/05 01:29:25.290, 0, NVIDIA GeForce RTX 3080, 6497, 3555, 10240, 98, 97
2026/08/05 01:29:25.399, 0, NVIDIA GeForce RTX 3080, 6497, 3555, 10240, 98, 97
2026/08/05 01:29:25.508, 0, NVIDIA GeForce RTX 3080, 6497, 3555, 10240, 98, 97
2026/08/05 01:29:25.618, 0, NVIDIA GeForce RTX 3080, 6497, 3555, 10240, 98, 97
2026/08/05 01:29:25.727, 0, NVIDIA GeForce RTX 3080, 6497, 3555, 10240, 98, 97
2026/08/05 01:29:25.836, 0, NVIDIA GeForce RTX 3080, 6497, 3555, 10240, 98, 98
2026/08/05 01:29:25.945, 0, NVIDIA GeForce RTX 3080, 6497, 3555, 10240, 98, 98
2026/08/05 01:29:26.054, 0, NVIDIA GeForce RTX 3080, 6497, 3555, 10240, 98, 98
2026/08/05 01:29:26.163, 0, NVIDIA GeForce RTX 3080, 6497, 3555, 10240, 98, 98
2026/08/05 01:29:26.272, 0, NVIDIA GeForce RTX 3080, 6497, 3555, 10240, 98, 97
2026/08/05 01:29:26.382, 0, NVIDIA GeForce RTX 3080, 6497, 3555, 10240, 98, 97
2026/08/05 01:29:26.490, 0, NVIDIA GeForce RTX 3080, 6497, 3555, 10240, 98, 97
2026/08/05 01:29:26.600, 0, NVIDIA GeForce RTX 3080, 6497, 3555, 10240, 98, 97
2026/08/05 01:29:26.709, 0, NVIDIA GeForce RTX 3080, 6497, 3555, 10240, 98, 97
2026/08/05 01:29:26.818, 0, NVIDIA GeForce RTX 3080, 6497, 3555, 10240, 98, 98
2026/08/05 01:29:26.928, 0, NVIDIA GeForce RTX 3080, 6497, 3555, 10240, 98, 98
2026/08/05 01:29:27.036, 0, NVIDIA GeForce RTX 3080, 6497, 3555, 10240, 98, 98
2026/08/05 01:29:27.145, 0, NVIDIA GeForce RTX 3080, 6497, 3555, 10240, 98, 98
2026/08/05 01:29:27.254, 0, NVIDIA GeForce RTX 3080, 6497, 3555, 10240, 98, 98
2026/08/05 01:29:27.363, 0, NVIDIA GeForce RTX 3080, 6497, 3555, 10240, 98, 98
2026/08/05 01:29:27.473, 0, NVIDIA GeForce RTX 3080, 6497, 3555, 10240, 98, 98
2026/08/05 01:29:27.582, 0, NVIDIA GeForce RTX 3080, 6497, 3555, 10240, 98, 98
2026/08/05 01:29:27.691, 0, NVIDIA GeForce RTX 3080, 6497, 3555, 10240, 98, 98
2026/08/05 01:29:27.800, 0, NVIDIA GeForce RTX 3080, 6497, 3555, 10240, 98, 98
2026/08/05 01:29:27.909, 0, NVIDIA GeForce RTX 3080, 6497, 3555, 10240, 98, 98
2026/08/05 01:29:28.018, 0, NVIDIA GeForce RTX 3080, 6497, 3555, 10240, 98, 98
2026/08/05 01:29:28.127, 0, NVIDIA GeForce RTX 3080, 6497, 3555, 10240, 98, 98
2026/08/05 01:29:28.236, 0, NVIDIA GeForce RTX 3080, 6497, 3555, 10240, 98, 98
2026/08/05 01:29:28.345, 0, NVIDIA GeForce RTX 3080, 6497, 3555, 10240, 96, 97
2026/08/05 01:29:28.455, 0, NVIDIA GeForce RTX 3080, 6497, 3555, 10240, 96, 97
2026/08/05 01:29:28.564, 0, NVIDIA GeForce RTX 3080, 6497, 3555, 10240, 96, 97
2026/08/05 01:29:28.673, 0, NVIDIA GeForce RTX 3080, 6497, 3555, 10240, 96, 97
2026/08/05 01:29:28.782, 0, NVIDIA GeForce RTX 3080, 6497, 3555, 10240, 96, 97
2026/08/05 01:29:28.890, 0, NVIDIA GeForce RTX 3080, 6497, 3555, 10240, 96, 97
2026/08/05 01:29:29.000, 0, NVIDIA GeForce RTX 3080, 6497, 3555, 10240, 96, 97
2026/08/05 01:29:29.109, 0, NVIDIA GeForce RTX 3080, 6497, 3555, 10240, 96, 97
2026/08/05 01:29:29.219, 0, NVIDIA GeForce RTX 3080, 6497, 3555, 10240, 96, 97
2026/08/05 01:29:29.328, 0, NVIDIA GeForce RTX 3080, 6497, 3555, 10240, 96, 98
2026/08/05 01:29:29.437, 0, NVIDIA GeForce RTX 3080, 6497, 3555, 10240, 96, 98
2026/08/05 01:29:29.546, 0, NVIDIA GeForce RTX 3080, 6497, 3555, 10240, 96, 98
2026/08/05 01:29:29.655, 0, NVIDIA GeForce RTX 3080, 6497, 3555, 10240, 96, 98
2026/08/05 01:29:29.764, 0, NVIDIA GeForce RTX 3080, 6497, 3555, 10240, 96, 98
2026/08/05 01:29:29.873, 0, NVIDIA GeForce RTX 3080, 6497, 3555, 10240, 96, 98
2026/08/05 01:29:29.982, 0, NVIDIA GeForce RTX 3080, 6497, 3555, 10240, 96, 98
2026/08/05 01:29:30.090, 0, NVIDIA GeForce RTX 3080, 6497, 3555, 10240, 96, 98
2026/08/05 01:29:30.200, 0, NVIDIA GeForce RTX 3080, 6497, 3555, 10240, 96, 98
2026/08/05 01:29:30.309, 0, NVIDIA GeForce RTX 3080, 6497, 3555, 10240, 96, 98
2026/08/05 01:29:30.419, 0, NVIDIA GeForce RTX 3080, 6497, 3555, 10240, 96, 98
2026/08/05 01:29:30.527, 0, NVIDIA GeForce RTX 3080, 6497, 3555, 10240, 96, 98
2026/08/05 01:29:30.636, 0, NVIDIA GeForce RTX 3080, 6497, 3555, 10240, 96, 98
2026/08/05 01:29:30.744, 0, NVIDIA GeForce RTX 3080, 6497, 3555, 10240, 96, 98
2026/08/05 01:29:30.854, 0, NVIDIA GeForce RTX 3080, 6497, 3555, 10240, 96, 97
2026/08/05 01:29:30.963, 0, NVIDIA GeForce RTX 3080, 6497, 3555, 10240, 96, 97
2026/08/05 01:29:31.072, 0, NVIDIA GeForce RTX 3080, 6497, 3555, 10240, 96, 97
2026/08/05 01:29:31.182, 0, NVIDIA GeForce RTX 3080, 6497, 3555, 10240, 96, 97
2026/08/05 01:29:31.291, 0, NVIDIA GeForce RTX 3080, 6497, 3555, 10240, 96, 97
2026/08/05 01:29:31.400, 0, NVIDIA GeForce RTX 3080, 6497, 3555, 10240, 96, 97
2026/08/05 01:29:31.509, 0, NVIDIA GeForce RTX 3080, 6497, 3555, 10240, 96, 97
2026/08/05 01:29:31.618, 0, NVIDIA GeForce RTX 3080, 6497, 3555, 10240, 96, 97
2026/08/05 01:29:31.727, 0, NVIDIA GeForce RTX 3080, 6497, 3555, 10240, 96, 97
2026/08/05 01:29:31.836, 0, NVIDIA GeForce RTX 3080, 6497, 3555, 10240, 96, 98
2026/08/05 01:29:31.945, 0, NVIDIA GeForce RTX 3080, 6497, 3555, 10240, 96, 98
2026/08/05 01:29:32.055, 0, NVIDIA GeForce RTX 3080, 6497, 3555, 10240, 96, 98
2026/08/05 01:29:32.164, 0, NVIDIA GeForce RTX 3080, 6497, 3555, 10240, 96, 98
2026/08/05 01:29:32.273, 0, NVIDIA GeForce RTX 3080, 6497, 3555, 10240, 96, 97
2026/08/05 01:29:32.382, 0, NVIDIA GeForce RTX 3080, 6497, 3555, 10240, 96, 97
2026/08/05 01:29:32.490, 0, NVIDIA GeForce RTX 3080, 6497, 3555, 10240, 96, 97
2026/08/05 01:29:32.600, 0, NVIDIA GeForce RTX 3080, 6497, 3555, 10240, 96, 97
2026/08/05 01:29:32.709, 0, NVIDIA GeForce RTX 3080, 6497, 3555, 10240, 96, 97
2026/08/05 01:29:32.818, 0, NVIDIA GeForce RTX 3080, 6497, 3555, 10240, 96, 97
2026/08/05 01:29:32.928, 0, NVIDIA GeForce RTX 3080, 6497, 3555, 10240, 96, 97
2026/08/05 01:29:33.036, 0, NVIDIA GeForce RTX 3080, 6497, 3555, 10240, 96, 97
2026/08/05 01:29:33.145, 0, NVIDIA GeForce RTX 3080, 6497, 3555, 10240, 96, 97
2026/08/05 01:29:33.254, 0, NVIDIA GeForce RTX 3080, 6497, 3555, 10240, 96, 97
2026/08/05 01:29:33.363, 0, NVIDIA GeForce RTX 3080, 6497, 3555, 10240, 96, 97
2026/08/05 01:29:33.473, 0, NVIDIA GeForce RTX 3080, 6497, 3555, 10240, 96, 97
2026/08/05 01:29:33.583, 0, NVIDIA GeForce RTX 3080, 6497, 3555, 10240, 96, 97
2026/08/05 01:29:33.691, 0, NVIDIA GeForce RTX 3080, 6497, 3555, 10240, 96, 97
2026/08/05 01:29:33.801, 0, NVIDIA GeForce RTX 3080, 6497, 3555, 10240, 96, 97
2026/08/05 01:29:33.909, 0, NVIDIA GeForce RTX 3080, 6497, 3555, 10240, 96, 97
2026/08/05 01:29:34.018, 0, NVIDIA GeForce RTX 3080, 6497, 3555, 10240, 96, 97
2026/08/05 01:29:34.127, 0, NVIDIA GeForce RTX 3080, 6497, 3555, 10240, 96, 97
2026/08/05 01:29:34.236, 0, NVIDIA GeForce RTX 3080, 6497, 3555, 10240, 96, 97
2026/08/05 01:29:34.346, 0, NVIDIA GeForce RTX 3080, 6497, 3555, 10240, 93, 95
2026/08/05 01:29:34.455, 0, NVIDIA GeForce RTX 3080, 6497, 3555, 10240, 93, 95
2026/08/05 01:29:34.564, 0, NVIDIA GeForce RTX 3080, 6497, 3555, 10240, 93, 95
2026/08/05 01:29:34.673, 0, NVIDIA GeForce RTX 3080, 6497, 3555, 10240, 93, 95
2026/08/05 01:29:34.782, 0, NVIDIA GeForce RTX 3080, 6497, 3555, 10240, 96, 97
2026/08/05 01:29:34.891, 0, NVIDIA GeForce RTX 3080, 6497, 3555, 10240, 96, 97
2026/08/05 01:29:35.000, 0, NVIDIA GeForce RTX 3080, 6497, 3555, 10240, 96, 97
2026/08/05 01:29:35.109, 0, NVIDIA GeForce RTX 3080, 6497, 3555, 10240, 96, 97
2026/08/05 01:29:35.218, 0, NVIDIA GeForce RTX 3080, 6497, 3555, 10240, 96, 97
2026/08/05 01:29:35.328, 0, NVIDIA GeForce RTX 3080, 6497, 3555, 10240, 96, 98
2026/08/05 01:29:35.436, 0, NVIDIA GeForce RTX 3080, 6497, 3555, 10240, 96, 98
2026/08/05 01:29:35.546, 0, NVIDIA GeForce RTX 3080, 6497, 3555, 10240, 96, 98
2026/08/05 01:29:35.655, 0, NVIDIA GeForce RTX 3080, 6497, 3555, 10240, 96, 98
2026/08/05 01:29:35.763, 0, NVIDIA GeForce RTX 3080, 6497, 3555, 10240, 96, 98
2026/08/05 01:29:35.873, 0, NVIDIA GeForce RTX 3080, 6497, 3555, 10240, 96, 98
2026/08/05 01:29:35.981, 0, NVIDIA GeForce RTX 3080, 6497, 3555, 10240, 96, 98
2026/08/05 01:29:36.090, 0, NVIDIA GeForce RTX 3080, 6497, 3555, 10240, 96, 98
2026/08/05 01:29:36.200, 0, NVIDIA GeForce RTX 3080, 6497, 3555, 10240, 96, 98
2026/08/05 01:29:36.308, 0, NVIDIA GeForce RTX 3080, 6497, 3555, 10240, 96, 97
2026/08/05 01:29:36.418, 0, NVIDIA GeForce RTX 3080, 6497, 3555, 10240, 96, 97
2026/08/05 01:29:36.527, 0, NVIDIA GeForce RTX 3080, 6497, 3555, 10240, 96, 97
2026/08/05 01:29:36.636, 0, NVIDIA GeForce RTX 3080, 6497, 3555, 10240, 96, 97
2026/08/05 01:29:36.746, 0, NVIDIA GeForce RTX 3080, 6497, 3555, 10240, 96, 97
2026/08/05 01:29:36.855, 0, NVIDIA GeForce RTX 3080, 6497, 3555, 10240, 96, 98
2026/08/05 01:29:36.964, 0, NVIDIA GeForce RTX 3080, 6497, 3555, 10240, 96, 98
2026/08/05 01:29:37.073, 0, NVIDIA GeForce RTX 3080, 6497, 3555, 10240, 96, 98
2026/08/05 01:29:37.182, 0, NVIDIA GeForce RTX 3080, 6497, 3555, 10240, 96, 98
2026/08/05 01:29:37.291, 0, NVIDIA GeForce RTX 3080, 6497, 3555, 10240, 96, 98
2026/08/05 01:29:37.400, 0, NVIDIA GeForce RTX 3080, 6497, 3555, 10240, 96, 98
2026/08/05 01:29:37.509, 0, NVIDIA GeForce RTX 3080, 6497, 3555, 10240, 96, 98
2026/08/05 01:29:37.619, 0, NVIDIA GeForce RTX 3080, 6497, 3555, 10240, 96, 98
2026/08/05 01:29:37.728, 0, NVIDIA GeForce RTX 3080, 6497, 3555, 10240, 96, 98
2026/08/05 01:29:37.837, 0, NVIDIA GeForce RTX 3080, 6497, 3555, 10240, 97, 97
2026/08/05 01:29:37.945, 0, NVIDIA GeForce RTX 3080, 6497, 3555, 10240, 97, 97
2026/08/05 01:29:38.055, 0, NVIDIA GeForce RTX 3080, 6497, 3555, 10240, 97, 97
2026/08/05 01:29:38.164, 0, NVIDIA GeForce RTX 3080, 6497, 3555, 10240, 97, 97
2026/08/05 01:29:38.273, 0, NVIDIA GeForce RTX 3080, 6497, 3555, 10240, 96, 97
2026/08/05 01:29:38.382, 0, NVIDIA GeForce RTX 3080, 6497, 3555, 10240, 96, 97
2026/08/05 01:29:38.490, 0, NVIDIA GeForce RTX 3080, 6497, 3555, 10240, 96, 97
2026/08/05 01:29:38.600, 0, NVIDIA GeForce RTX 3080, 6497, 3555, 10240, 96, 97
2026/08/05 01:29:38.708, 0, NVIDIA GeForce RTX 3080, 6497, 3555, 10240, 96, 97
2026/08/05 01:29:38.818, 0, NVIDIA GeForce RTX 3080, 6497, 3555, 10240, 97, 97
2026/08/05 01:29:38.928, 0, NVIDIA GeForce RTX 3080, 6497, 3555, 10240, 97, 97
2026/08/05 01:29:39.036, 0, NVIDIA GeForce RTX 3080, 6497, 3555, 10240, 97, 97
2026/08/05 01:29:39.144, 0, NVIDIA GeForce RTX 3080, 6497, 3555, 10240, 97, 97
2026/08/05 01:29:39.254, 0, NVIDIA GeForce RTX 3080, 6497, 3555, 10240, 97, 97
2026/08/05 01:29:39.362, 0, NVIDIA GeForce RTX 3080, 6497, 3555, 10240, 97, 97
2026/08/05 01:29:39.472, 0, NVIDIA GeForce RTX 3080, 6497, 3555, 10240, 97, 97
2026/08/05 01:29:39.582, 0, NVIDIA GeForce RTX 3080, 6497, 3555, 10240, 97, 97
2026/08/05 01:29:39.690, 0, NVIDIA GeForce RTX 3080, 6497, 3555, 10240, 97, 97
2026/08/05 01:29:39.800, 0, NVIDIA GeForce RTX 3080, 6497, 3555, 10240, 97, 98
2026/08/05 01:29:39.908, 0, NVIDIA GeForce RTX 3080, 6497, 3555, 10240, 97, 98
2026/08/05 01:29:40.017, 0, NVIDIA GeForce RTX 3080, 6497, 3555, 10240, 97, 98
2026/08/05 01:29:40.127, 0, NVIDIA GeForce RTX 3080, 6497, 3555, 10240, 97, 98
2026/08/05 01:29:40.235, 0, NVIDIA GeForce RTX 3080, 6497, 3555, 10240, 97, 98
2026/08/05 01:29:40.344, 0, NVIDIA GeForce RTX 3080, 6497, 3555, 10240, 96, 98
2026/08/05 01:29:40.454, 0, NVIDIA GeForce RTX 3080, 6497, 3555, 10240, 96, 98
2026/08/05 01:29:40.562, 0, NVIDIA GeForce RTX 3080, 6497, 3555, 10240, 96, 98
2026/08/05 01:29:40.672, 0, NVIDIA GeForce RTX 3080, 6497, 3555, 10240, 96, 98
2026/08/05 01:29:40.781, 0, NVIDIA GeForce RTX 3080, 6497, 3555, 10240, 97, 98
2026/08/05 01:29:40.889, 0, NVIDIA GeForce RTX 3080, 6497, 3555, 10240, 97, 98
2026/08/05 01:29:40.998, 0, NVIDIA GeForce RTX 3080, 6497, 3555, 10240, 97, 98
2026/08/05 01:29:41.107, 0, NVIDIA GeForce RTX 3080, 6497, 3555, 10240, 97, 98
2026/08/05 01:29:41.217, 0, NVIDIA GeForce RTX 3080, 6497, 3555, 10240, 97, 98
2026/08/05 01:29:41.326, 0, NVIDIA GeForce RTX 3080, 6497, 3555, 10240, 96, 98
2026/08/05 01:29:41.435, 0, NVIDIA GeForce RTX 3080, 6497, 3555, 10240, 96, 98
2026/08/05 01:29:41.545, 0, NVIDIA GeForce RTX 3080, 6497, 3555, 10240, 96, 98
2026/08/05 01:29:41.653, 0, NVIDIA GeForce RTX 3080, 6497, 3555, 10240, 96, 98
2026/08/05 01:29:41.762, 0, NVIDIA GeForce RTX 3080, 6497, 3555, 10240, 97, 98
2026/08/05 01:29:41.871, 0, NVIDIA GeForce RTX 3080, 6497, 3555, 10240, 97, 98
2026/08/05 01:29:41.981, 0, NVIDIA GeForce RTX 3080, 6497, 3555, 10240, 97, 98
2026/08/05 01:29:42.090, 0, NVIDIA GeForce RTX 3080, 6497, 3555, 10240, 97, 98
2026/08/05 01:29:42.199, 0, NVIDIA GeForce RTX 3080, 6497, 3555, 10240, 97, 98
2026/08/05 01:29:42.308, 0, NVIDIA GeForce RTX 3080, 6497, 3555, 10240, 96, 97
2026/08/05 01:29:42.418, 0, NVIDIA GeForce RTX 3080, 6497, 3555, 10240, 96, 97
2026/08/05 01:29:42.527, 0, NVIDIA GeForce RTX 3080, 6497, 3555, 10240, 96, 97
2026/08/05 01:29:42.636, 0, NVIDIA GeForce RTX 3080, 6497, 3555, 10240, 96, 97
2026/08/05 01:29:42.746, 0, NVIDIA GeForce RTX 3080, 6497, 3555, 10240, 96, 97
2026/08/05 01:29:42.855, 0, NVIDIA GeForce RTX 3080, 6497, 3555, 10240, 97, 97
2026/08/05 01:29:42.964, 0, NVIDIA GeForce RTX 3080, 6497, 3555, 10240, 97, 97
2026/08/05 01:29:43.073, 0, NVIDIA GeForce RTX 3080, 6497, 3555, 10240, 97, 97
2026/08/05 01:29:43.182, 0, NVIDIA GeForce RTX 3080, 6497, 3555, 10240, 97, 97
2026/08/05 01:29:43.290, 0, NVIDIA GeForce RTX 3080, 6497, 3555, 10240, 97, 98
2026/08/05 01:29:43.400, 0, NVIDIA GeForce RTX 3080, 6497, 3555, 10240, 97, 98
2026/08/05 01:29:43.508, 0, NVIDIA GeForce RTX 3080, 6497, 3555, 10240, 97, 98
2026/08/05 01:29:43.618, 0, NVIDIA GeForce RTX 3080, 6497, 3555, 10240, 97, 98
2026/08/05 01:29:43.728, 0, NVIDIA GeForce RTX 3080, 6497, 3555, 10240, 97, 98
2026/08/05 01:29:43.836, 0, NVIDIA GeForce RTX 3080, 6497, 3555, 10240, 97, 98
2026/08/05 01:29:43.946, 0, NVIDIA GeForce RTX 3080, 6497, 3555, 10240, 97, 98
2026/08/05 01:29:44.054, 0, NVIDIA GeForce RTX 3080, 6497, 3555, 10240, 97, 98
2026/08/05 01:29:44.163, 0, NVIDIA GeForce RTX 3080, 6497, 3555, 10240, 97, 98
2026/08/05 01:29:44.272, 0, NVIDIA GeForce RTX 3080, 6497, 3555, 10240, 95, 96
2026/08/05 01:29:44.382, 0, NVIDIA GeForce RTX 3080, 6497, 3555, 10240, 95, 96
2026/08/05 01:29:44.491, 0, NVIDIA GeForce RTX 3080, 6497, 3555, 10240, 95, 96
2026/08/05 01:29:44.600, 0, NVIDIA GeForce RTX 3080, 6497, 3555, 10240, 95, 96
2026/08/05 01:29:44.709, 0, NVIDIA GeForce RTX 3080, 6497, 3555, 10240, 95, 96
2026/08/05 01:29:44.819, 0, NVIDIA GeForce RTX 3080, 6497, 3555, 10240, 97, 97
2026/08/05 01:29:44.928, 0, NVIDIA GeForce RTX 3080, 6497, 3555, 10240, 97, 97
2026/08/05 01:29:45.037, 0, NVIDIA GeForce RTX 3080, 6497, 3555, 10240, 97, 97
2026/08/05 01:29:45.145, 0, NVIDIA GeForce RTX 3080, 6497, 3555, 10240, 97, 97
2026/08/05 01:29:45.255, 0, NVIDIA GeForce RTX 3080, 6497, 3555, 10240, 97, 98
2026/08/05 01:29:45.364, 0, NVIDIA GeForce RTX 3080, 6497, 3555, 10240, 97, 98
2026/08/05 01:29:45.473, 0, NVIDIA GeForce RTX 3080, 6497, 3555, 10240, 97, 98
2026/08/05 01:29:45.583, 0, NVIDIA GeForce RTX 3080, 6497, 3555, 10240, 97, 98
2026/08/05 01:29:45.691, 0, NVIDIA GeForce RTX 3080, 6497, 3555, 10240, 97, 98
2026/08/05 01:29:45.801, 0, NVIDIA GeForce RTX 3080, 6497, 3555, 10240, 97, 97
2026/08/05 01:29:45.911, 0, NVIDIA GeForce RTX 3080, 6497, 3555, 10240, 97, 97
2026/08/05 01:29:46.019, 0, NVIDIA GeForce RTX 3080, 6497, 3555, 10240, 97, 97
2026/08/05 01:29:46.129, 0, NVIDIA GeForce RTX 3080, 6497, 3555, 10240, 97, 97
2026/08/05 01:29:46.237, 0, NVIDIA GeForce RTX 3080, 6497, 3555, 10240, 97, 97
2026/08/05 01:29:46.347, 0, NVIDIA GeForce RTX 3080, 6497, 3555, 10240, 97, 97
2026/08/05 01:29:46.457, 0, NVIDIA GeForce RTX 3080, 6497, 3555, 10240, 97, 97
2026/08/05 01:29:46.565, 0, NVIDIA GeForce RTX 3080, 6497, 3555, 10240, 97, 97
2026/08/05 01:29:46.675, 0, NVIDIA GeForce RTX 3080, 6497, 3555, 10240, 97, 97
2026/08/05 01:29:46.784, 0, NVIDIA GeForce RTX 3080, 6497, 3555, 10240, 97, 97
2026/08/05 01:29:46.893, 0, NVIDIA GeForce RTX 3080, 6497, 3555, 10240, 97, 97
2026/08/05 01:29:47.002, 0, NVIDIA GeForce RTX 3080, 6497, 3555, 10240, 97, 97
2026/08/05 01:29:47.111, 0, NVIDIA GeForce RTX 3080, 6497, 3555, 10240, 97, 97
2026/08/05 01:29:47.220, 0, NVIDIA GeForce RTX 3080, 6497, 3555, 10240, 97, 97
2026/08/05 01:29:47.329, 0, NVIDIA GeForce RTX 3080, 6497, 3555, 10240, 97, 98
2026/08/05 01:29:47.438, 0, NVIDIA GeForce RTX 3080, 6497, 3555, 10240, 97, 98
2026/08/05 01:29:47.548, 0, NVIDIA GeForce RTX 3080, 6497, 3555, 10240, 97, 98
2026/08/05 01:29:47.657, 0, NVIDIA GeForce RTX 3080, 6497, 3555, 10240, 97, 98
2026/08/05 01:29:47.766, 0, NVIDIA GeForce RTX 3080, 6497, 3555, 10240, 97, 97
2026/08/05 01:29:47.874, 0, NVIDIA GeForce RTX 3080, 6497, 3555, 10240, 97, 97
2026/08/05 01:29:47.984, 0, NVIDIA GeForce RTX 3080, 6497, 3555, 10240, 97, 97
2026/08/05 01:29:48.092, 0, NVIDIA GeForce RTX 3080, 6497, 3555, 10240, 97, 97
2026/08/05 01:29:48.202, 0, NVIDIA GeForce RTX 3080, 6497, 3555, 10240, 97, 97
2026/08/05 01:29:48.311, 0, NVIDIA GeForce RTX 3080, 6497, 3555, 10240, 97, 97
2026/08/05 01:29:48.420, 0, NVIDIA GeForce RTX 3080, 6497, 3555, 10240, 97, 97
2026/08/05 01:29:48.530, 0, NVIDIA GeForce RTX 3080, 6497, 3555, 10240, 97, 97
2026/08/05 01:29:48.638, 0, NVIDIA GeForce RTX 3080, 6497, 3555, 10240, 97, 97
2026/08/05 01:29:48.747, 0, NVIDIA GeForce RTX 3080, 6497, 3555, 10240, 97, 97
2026/08/05 01:29:48.856, 0, NVIDIA GeForce RTX 3080, 6497, 3555, 10240, 97, 97
2026/08/05 01:29:48.964, 0, NVIDIA GeForce RTX 3080, 6497, 3555, 10240, 97, 97
2026/08/05 01:29:49.074, 0, NVIDIA GeForce RTX 3080, 6497, 3555, 10240, 97, 97
2026/08/05 01:29:49.182, 0, NVIDIA GeForce RTX 3080, 6497, 3555, 10240, 97, 97
2026/08/05 01:29:49.290, 0, NVIDIA GeForce RTX 3080, 6497, 3555, 10240, 97, 98
2026/08/05 01:29:49.400, 0, NVIDIA GeForce RTX 3080, 6497, 3555, 10240, 97, 98
2026/08/05 01:29:49.508, 0, NVIDIA GeForce RTX 3080, 6497, 3555, 10240, 97, 98
2026/08/05 01:29:49.618, 0, NVIDIA GeForce RTX 3080, 6497, 3555, 10240, 97, 98
2026/08/05 01:29:49.727, 0, NVIDIA GeForce RTX 3080, 6497, 3555, 10240, 97, 98
2026/08/05 01:29:49.836, 0, NVIDIA GeForce RTX 3080, 6497, 3555, 10240, 97, 98
2026/08/05 01:29:49.946, 0, NVIDIA GeForce RTX 3080, 6497, 3555, 10240, 97, 98
2026/08/05 01:29:50.055, 0, NVIDIA GeForce RTX 3080, 6497, 3555, 10240, 97, 98
2026/08/05 01:29:50.164, 0, NVIDIA GeForce RTX 3080, 6497, 3555, 10240, 97, 98
2026/08/05 01:29:50.273, 0, NVIDIA GeForce RTX 3080, 6497, 3555, 10240, 97, 97
2026/08/05 01:29:50.382, 0, NVIDIA GeForce RTX 3080, 6497, 3555, 10240, 97, 97
2026/08/05 01:29:50.491, 0, NVIDIA GeForce RTX 3080, 6497, 3555, 10240, 97, 97
2026/08/05 01:29:50.600, 0, NVIDIA GeForce RTX 3080, 6497, 3555, 10240, 97, 97
2026/08/05 01:29:50.709, 0, NVIDIA GeForce RTX 3080, 6497, 3555, 10240, 97, 97
2026/08/05 01:29:50.818, 0, NVIDIA GeForce RTX 3080, 6497, 3555, 10240, 97, 97
2026/08/05 01:29:50.928, 0, NVIDIA GeForce RTX 3080, 6497, 3555, 10240, 97, 97
2026/08/05 01:29:51.037, 0, NVIDIA GeForce RTX 3080, 6497, 3555, 10240, 97, 97
2026/08/05 01:29:51.146, 0, NVIDIA GeForce RTX 3080, 6497, 3555, 10240, 97, 97
2026/08/05 01:29:51.255, 0, NVIDIA GeForce RTX 3080, 6497, 3555, 10240, 98, 98
2026/08/05 01:29:51.363, 0, NVIDIA GeForce RTX 3080, 6497, 3555, 10240, 98, 98
2026/08/05 01:29:51.473, 0, NVIDIA GeForce RTX 3080, 6497, 3555, 10240, 98, 98
2026/08/05 01:29:51.582, 0, NVIDIA GeForce RTX 3080, 6497, 3555, 10240, 98, 98
2026/08/05 01:29:51.690, 0, NVIDIA GeForce RTX 3080, 6497, 3555, 10240, 98, 98
2026/08/05 01:29:51.800, 0, NVIDIA GeForce RTX 3080, 6497, 3555, 10240, 98, 97
2026/08/05 01:29:51.908, 0, NVIDIA GeForce RTX 3080, 6497, 3555, 10240, 98, 97
2026/08/05 01:29:52.018, 0, NVIDIA GeForce RTX 3080, 6497, 3555, 10240, 98, 97
2026/08/05 01:29:52.127, 0, NVIDIA GeForce RTX 3080, 6497, 3555, 10240, 98, 97
2026/08/05 01:29:52.236, 0, NVIDIA GeForce RTX 3080, 6497, 3555, 10240, 98, 97
2026/08/05 01:29:52.346, 0, NVIDIA GeForce RTX 3080, 6497, 3555, 10240, 97, 97
2026/08/05 01:29:52.455, 0, NVIDIA GeForce RTX 3080, 6497, 3555, 10240, 97, 97
2026/08/05 01:29:52.564, 0, NVIDIA GeForce RTX 3080, 6497, 3555, 10240, 97, 97
2026/08/05 01:29:52.674, 0, NVIDIA GeForce RTX 3080, 6497, 3555, 10240, 97, 97
2026/08/05 01:29:52.783, 0, NVIDIA GeForce RTX 3080, 6497, 3555, 10240, 96, 96
2026/08/05 01:29:52.891, 0, NVIDIA GeForce RTX 3080, 6497, 3555, 10240, 96, 96
2026/08/05 01:29:53.000, 0, NVIDIA GeForce RTX 3080, 6497, 3555, 10240, 96, 96
2026/08/05 01:29:53.109, 0, NVIDIA GeForce RTX 3080, 6497, 3555, 10240, 96, 96
2026/08/05 01:29:53.218, 0, NVIDIA GeForce RTX 3080, 6497, 3555, 10240, 96, 96
2026/08/05 01:29:53.327, 0, NVIDIA GeForce RTX 3080, 6497, 3555, 10240, 98, 98
2026/08/05 01:29:53.436, 0, NVIDIA GeForce RTX 3080, 6497, 3555, 10240, 98, 98
2026/08/05 01:29:53.545, 0, NVIDIA GeForce RTX 3080, 6497, 3555, 10240, 98, 98
2026/08/05 01:29:53.655, 0, NVIDIA GeForce RTX 3080, 6497, 3555, 10240, 98, 98
2026/08/05 01:29:53.764, 0, NVIDIA GeForce RTX 3080, 6497, 3555, 10240, 98, 98
2026/08/05 01:29:53.873, 0, NVIDIA GeForce RTX 3080, 6497, 3555, 10240, 98, 98
2026/08/05 01:29:53.982, 0, NVIDIA GeForce RTX 3080, 6497, 3555, 10240, 98, 98
2026/08/05 01:29:54.090, 0, NVIDIA GeForce RTX 3080, 6497, 3555, 10240, 98, 98
2026/08/05 01:29:54.200, 0, NVIDIA GeForce RTX 3080, 6497, 3555, 10240, 98, 98
2026/08/05 01:29:54.309, 0, NVIDIA GeForce RTX 3080, 6497, 3555, 10240, 98, 97
2026/08/05 01:29:54.418, 0, NVIDIA GeForce RTX 3080, 6497, 3555, 10240, 98, 97
2026/08/05 01:29:54.528, 0, NVIDIA GeForce RTX 3080, 6497, 3555, 10240, 98, 97
2026/08/05 01:29:54.636, 0, NVIDIA GeForce RTX 3080, 6497, 3555, 10240, 98, 97
2026/08/05 01:29:54.746, 0, NVIDIA GeForce RTX 3080, 6497, 3555, 10240, 98, 97
2026/08/05 01:29:54.854, 0, NVIDIA GeForce RTX 3080, 6497, 3555, 10240, 96, 98
2026/08/05 01:29:54.963, 0, NVIDIA GeForce RTX 3080, 6497, 3555, 10240, 96, 98
2026/08/05 01:29:55.073, 0, NVIDIA GeForce RTX 3080, 6497, 3555, 10240, 96, 98
2026/08/05 01:29:55.181, 0, NVIDIA GeForce RTX 3080, 6497, 3555, 10240, 96, 98
2026/08/05 01:29:55.290, 0, NVIDIA GeForce RTX 3080, 6497, 3555, 10240, 96, 97
2026/08/05 01:29:55.399, 0, NVIDIA GeForce RTX 3080, 6497, 3555, 10240, 96, 97
2026/08/05 01:29:55.508, 0, NVIDIA GeForce RTX 3080, 6497, 3555, 10240, 96, 97
2026/08/05 01:29:55.618, 0, NVIDIA GeForce RTX 3080, 6497, 3555, 10240, 96, 97
2026/08/05 01:29:55.727, 0, NVIDIA GeForce RTX 3080, 6497, 3555, 10240, 96, 97
2026/08/05 01:29:55.836, 0, NVIDIA GeForce RTX 3080, 6497, 3555, 10240, 96, 98
2026/08/05 01:29:55.946, 0, NVIDIA GeForce RTX 3080, 6497, 3555, 10240, 96, 98
2026/08/05 01:29:56.055, 0, NVIDIA GeForce RTX 3080, 6497, 3555, 10240, 96, 98
2026/08/05 01:29:56.164, 0, NVIDIA GeForce RTX 3080, 6497, 3555, 10240, 96, 98
2026/08/05 01:29:56.273, 0, NVIDIA GeForce RTX 3080, 6497, 3555, 10240, 96, 98
2026/08/05 01:29:56.382, 0, NVIDIA GeForce RTX 3080, 6497, 3555, 10240, 96, 98
2026/08/05 01:29:56.491, 0, NVIDIA GeForce RTX 3080, 6497, 3555, 10240, 96, 98
2026/08/05 01:29:56.600, 0, NVIDIA GeForce RTX 3080, 6497, 3555, 10240, 96, 98
2026/08/05 01:29:56.709, 0, NVIDIA GeForce RTX 3080, 6497, 3555, 10240, 96, 98
2026/08/05 01:29:56.818, 0, NVIDIA GeForce RTX 3080, 6497, 3555, 10240, 96, 98
2026/08/05 01:29:56.928, 0, NVIDIA GeForce RTX 3080, 6497, 3555, 10240, 96, 98
2026/08/05 01:29:57.036, 0, NVIDIA GeForce RTX 3080, 6497, 3555, 10240, 96, 98
2026/08/05 01:29:57.146, 0, NVIDIA GeForce RTX 3080, 6497, 3555, 10240, 96, 98
2026/08/05 01:29:57.256, 0, NVIDIA GeForce RTX 3080, 6497, 3555, 10240, 96, 97
2026/08/05 01:29:57.364, 0, NVIDIA GeForce RTX 3080, 6497, 3555, 10240, 96, 97
2026/08/05 01:29:57.474, 0, NVIDIA GeForce RTX 3080, 6497, 3555, 10240, 96, 97
2026/08/05 01:29:57.583, 0, NVIDIA GeForce RTX 3080, 6497, 3555, 10240, 96, 97
2026/08/05 01:29:57.692, 0, NVIDIA GeForce RTX 3080, 6497, 3555, 10240, 96, 97
2026/08/05 01:29:57.802, 0, NVIDIA GeForce RTX 3080, 6497, 3555, 10240, 96, 98
2026/08/05 01:29:57.910, 0, NVIDIA GeForce RTX 3080, 6497, 3555, 10240, 96, 98
2026/08/05 01:29:58.019, 0, NVIDIA GeForce RTX 3080, 6497, 3555, 10240, 96, 98
2026/08/05 01:29:58.128, 0, NVIDIA GeForce RTX 3080, 6497, 3555, 10240, 96, 98
2026/08/05 01:29:58.237, 0, NVIDIA GeForce RTX 3080, 6497, 3555, 10240, 96, 98
2026/08/05 01:29:58.347, 0, NVIDIA GeForce RTX 3080, 6497, 3555, 10240, 96, 98
2026/08/05 01:29:58.456, 0, NVIDIA GeForce RTX 3080, 6497, 3555, 10240, 96, 98
2026/08/05 01:29:58.565, 0, NVIDIA GeForce RTX 3080, 6497, 3555, 10240, 96, 98
2026/08/05 01:29:58.675, 0, NVIDIA GeForce RTX 3080, 6497, 3555, 10240, 96, 98
2026/08/05 01:29:58.784, 0, NVIDIA GeForce RTX 3080, 6497, 3555, 10240, 96, 97
2026/08/05 01:29:58.892, 0, NVIDIA GeForce RTX 3080, 6497, 3555, 10240, 96, 97
2026/08/05 01:29:59.002, 0, NVIDIA GeForce RTX 3080, 6497, 3555, 10240, 96, 97
2026/08/05 01:29:59.111, 0, NVIDIA GeForce RTX 3080, 6497, 3555, 10240, 96, 97
2026/08/05 01:29:59.220, 0, NVIDIA GeForce RTX 3080, 6497, 3555, 10240, 96, 97
2026/08/05 01:29:59.329, 0, NVIDIA GeForce RTX 3080, 6497, 3555, 10240, 94, 96
2026/08/05 01:29:59.438, 0, NVIDIA GeForce RTX 3080, 6497, 3555, 10240, 94, 96
2026/08/05 01:29:59.548, 0, NVIDIA GeForce RTX 3080, 6497, 3555, 10240, 94, 96
2026/08/05 01:29:59.657, 0, NVIDIA GeForce RTX 3080, 6497, 3555, 10240, 94, 96
2026/08/05 01:29:59.766, 0, NVIDIA GeForce RTX 3080, 6497, 3555, 10240, 96, 98
2026/08/05 01:29:59.876, 0, NVIDIA GeForce RTX 3080, 6497, 3555, 10240, 96, 98
2026/08/05 01:29:59.985, 0, NVIDIA GeForce RTX 3080, 6497, 3555, 10240, 96, 98
2026/08/05 01:30:00.094, 0, NVIDIA GeForce RTX 3080, 6497, 3555, 10240, 96, 98
2026/08/05 01:30:00.203, 0, NVIDIA GeForce RTX 3080, 6497, 3555, 10240, 96, 98
2026/08/05 01:30:00.312, 0, NVIDIA GeForce RTX 3080, 6497, 3555, 10240, 96, 97
2026/08/05 01:30:00.421, 0, NVIDIA GeForce RTX 3080, 6497, 3555, 10240, 96, 97
2026/08/05 01:30:00.530, 0, NVIDIA GeForce RTX 3080, 6497, 3555, 10240, 96, 97
2026/08/05 01:30:00.639, 0, NVIDIA GeForce RTX 3080, 6497, 3555, 10240, 96, 97
2026/08/05 01:30:00.748, 0, NVIDIA GeForce RTX 3080, 6497, 3555, 10240, 96, 97
2026/08/05 01:30:00.858, 0, NVIDIA GeForce RTX 3080, 6497, 3555, 10240, 96, 97
2026/08/05 01:30:00.967, 0, NVIDIA GeForce RTX 3080, 6497, 3555, 10240, 96, 97
2026/08/05 01:30:01.074, 0, NVIDIA GeForce RTX 3080, 6497, 3555, 10240, 96, 97
2026/08/05 01:30:01.184, 0, NVIDIA GeForce RTX 3080, 6497, 3555, 10240, 96, 97
2026/08/05 01:30:01.292, 0, NVIDIA GeForce RTX 3080, 6497, 3555, 10240, 96, 98
2026/08/05 01:30:01.402, 0, NVIDIA GeForce RTX 3080, 6497, 3555, 10240, 96, 98
2026/08/05 01:30:01.511, 0, NVIDIA GeForce RTX 3080, 6497, 3555, 10240, 96, 98
2026/08/05 01:30:01.620, 0, NVIDIA GeForce RTX 3080, 6497, 3555, 10240, 96, 98
2026/08/05 01:30:01.730, 0, NVIDIA GeForce RTX 3080, 6497, 3555, 10240, 96, 98
2026/08/05 01:30:01.838, 0, NVIDIA GeForce RTX 3080, 6497, 3555, 10240, 96, 98
2026/08/05 01:30:01.947, 0, NVIDIA GeForce RTX 3080, 6497, 3555, 10240, 96, 98
2026/08/05 01:30:02.056, 0, NVIDIA GeForce RTX 3080, 6497, 3555, 10240, 96, 98
2026/08/05 01:30:02.165, 0, NVIDIA GeForce RTX 3080, 6497, 3555, 10240, 96, 98
2026/08/05 01:30:02.275, 0, NVIDIA GeForce RTX 3080, 6497, 3555, 10240, 96, 98
2026/08/05 01:30:02.384, 0, NVIDIA GeForce RTX 3080, 6497, 3555, 10240, 96, 98
2026/08/05 01:30:02.493, 0, NVIDIA GeForce RTX 3080, 6497, 3555, 10240, 96, 98
2026/08/05 01:30:02.603, 0, NVIDIA GeForce RTX 3080, 6497, 3555, 10240, 96, 98
2026/08/05 01:30:02.711, 0, NVIDIA GeForce RTX 3080, 6497, 3555, 10240, 96, 98
2026/08/05 01:30:02.820, 0, NVIDIA GeForce RTX 3080, 6497, 3555, 10240, 96, 98
2026/08/05 01:30:02.930, 0, NVIDIA GeForce RTX 3080, 6497, 3555, 10240, 96, 98
2026/08/05 01:30:03.038, 0, NVIDIA GeForce RTX 3080, 6497, 3555, 10240, 96, 98
2026/08/05 01:30:03.148, 0, NVIDIA GeForce RTX 3080, 6497, 3555, 10240, 96, 98
2026/08/05 01:30:03.257, 0, NVIDIA GeForce RTX 3080, 6497, 3555, 10240, 96, 98
2026/08/05 01:30:03.366, 0, NVIDIA GeForce RTX 3080, 6497, 3555, 10240, 96, 98
2026/08/05 01:30:03.476, 0, NVIDIA GeForce RTX 3080, 6497, 3555, 10240, 96, 98
2026/08/05 01:30:03.585, 0, NVIDIA GeForce RTX 3080, 6497, 3555, 10240, 96, 98
2026/08/05 01:30:03.694, 0, NVIDIA GeForce RTX 3080, 6497, 3555, 10240, 96, 98
2026/08/05 01:30:03.803, 0, NVIDIA GeForce RTX 3080, 6497, 3555, 10240, 96, 97
2026/08/05 01:30:03.912, 0, NVIDIA GeForce RTX 3080, 6497, 3555, 10240, 96, 97
2026/08/05 01:30:04.021, 0, NVIDIA GeForce RTX 3080, 6497, 3555, 10240, 96, 97
2026/08/05 01:30:04.130, 0, NVIDIA GeForce RTX 3080, 6497, 3555, 10240, 96, 97
2026/08/05 01:30:04.239, 0, NVIDIA GeForce RTX 3080, 6497, 3555, 10240, 96, 97
2026/08/05 01:30:04.348, 0, NVIDIA GeForce RTX 3080, 6497, 3555, 10240, 97, 97
2026/08/05 01:30:04.457, 0, NVIDIA GeForce RTX 3080, 6497, 3555, 10240, 97, 97
2026/08/05 01:30:04.566, 0, NVIDIA GeForce RTX 3080, 6497, 3555, 10240, 97, 97
2026/08/05 01:30:04.675, 0, NVIDIA GeForce RTX 3080, 6497, 3555, 10240, 97, 97
2026/08/05 01:30:04.785, 0, NVIDIA GeForce RTX 3080, 6497, 3555, 10240, 96, 97
2026/08/05 01:30:04.894, 0, NVIDIA GeForce RTX 3080, 6497, 3555, 10240, 96, 97
2026/08/05 01:30:05.003, 0, NVIDIA GeForce RTX 3080, 6497, 3555, 10240, 96, 97
2026/08/05 01:30:05.113, 0, NVIDIA GeForce RTX 3080, 6497, 3555, 10240, 96, 97
2026/08/05 01:30:05.222, 0, NVIDIA GeForce RTX 3080, 6497, 3555, 10240, 96, 97
2026/08/05 01:30:05.331, 0, NVIDIA GeForce RTX 3080, 6497, 3555, 10240, 97, 98
2026/08/05 01:30:05.441, 0, NVIDIA GeForce RTX 3080, 6497, 3555, 10240, 97, 98
2026/08/05 01:30:05.548, 0, NVIDIA GeForce RTX 3080, 6497, 3555, 10240, 97, 98
2026/08/05 01:30:05.658, 0, NVIDIA GeForce RTX 3080, 6497, 3555, 10240, 97, 98
2026/08/05 01:30:05.766, 0, NVIDIA GeForce RTX 3080, 6497, 3555, 10240, 97, 98
2026/08/05 01:30:05.876, 0, NVIDIA GeForce RTX 3080, 6497, 3555, 10240, 97, 98
2026/08/05 01:30:05.986, 0, NVIDIA GeForce RTX 3080, 6497, 3555, 10240, 97, 98
2026/08/05 01:30:06.094, 0, NVIDIA GeForce RTX 3080, 6497, 3555, 10240, 97, 98
2026/08/05 01:30:06.204, 0, NVIDIA GeForce RTX 3080, 6497, 3555, 10240, 97, 98
2026/08/05 01:30:06.312, 0, NVIDIA GeForce RTX 3080, 6497, 3555, 10240, 97, 98
2026/08/05 01:30:06.421, 0, NVIDIA GeForce RTX 3080, 6497, 3555, 10240, 97, 98
2026/08/05 01:30:06.531, 0, NVIDIA GeForce RTX 3080, 6497, 3555, 10240, 97, 98
2026/08/05 01:30:06.640, 0, NVIDIA GeForce RTX 3080, 6497, 3555, 10240, 97, 98
2026/08/05 01:30:06.749, 0, NVIDIA GeForce RTX 3080, 6497, 3555, 10240, 97, 98
2026/08/05 01:30:06.858, 0, NVIDIA GeForce RTX 3080, 6497, 3555, 10240, 97, 98
2026/08/05 01:30:06.967, 0, NVIDIA GeForce RTX 3080, 6497, 3555, 10240, 97, 98
2026/08/05 01:30:07.076, 0, NVIDIA GeForce RTX 3080, 6497, 3555, 10240, 97, 98
2026/08/05 01:30:07.185, 0, NVIDIA GeForce RTX 3080, 6497, 3555, 10240, 97, 98
2026/08/05 01:30:07.294, 0, NVIDIA GeForce RTX 3080, 6497, 3555, 10240, 97, 97
2026/08/05 01:30:07.404, 0, NVIDIA GeForce RTX 3080, 6497, 3555, 10240, 97, 97
2026/08/05 01:30:07.512, 0, NVIDIA GeForce RTX 3080, 6497, 3555, 10240, 97, 97
2026/08/05 01:30:07.621, 0, NVIDIA GeForce RTX 3080, 6497, 3555, 10240, 97, 97
2026/08/05 01:30:07.731, 0, NVIDIA GeForce RTX 3080, 6497, 3555, 10240, 97, 97
2026/08/05 01:30:07.840, 0, NVIDIA GeForce RTX 3080, 6497, 3555, 10240, 97, 98
2026/08/05 01:30:07.949, 0, NVIDIA GeForce RTX 3080, 6497, 3555, 10240, 97, 98
2026/08/05 01:30:08.058, 0, NVIDIA GeForce RTX 3080, 6497, 3555, 10240, 97, 98
2026/08/05 01:30:08.167, 0, NVIDIA GeForce RTX 3080, 6497, 3555, 10240, 97, 98
2026/08/05 01:30:08.276, 0, NVIDIA GeForce RTX 3080, 6497, 3555, 10240, 96, 97
2026/08/05 01:30:08.385, 0, NVIDIA GeForce RTX 3080, 6497, 3555, 10240, 96, 97
2026/08/05 01:30:08.486, 0, NVIDIA GeForce RTX 3080, 6497, 3555, 10240, 96, 97
2026/08/05 01:30:08.595, 0, NVIDIA GeForce RTX 3080, 6497, 3555, 10240, 96, 97
2026/08/05 01:30:08.704, 0, NVIDIA GeForce RTX 3080, 6497, 3555, 10240, 96, 97
2026/08/05 01:30:08.813, 0, NVIDIA GeForce RTX 3080, 6497, 3555, 10240, 96, 98
2026/08/05 01:30:08.923, 0, NVIDIA GeForce RTX 3080, 6497, 3555, 10240, 96, 98
2026/08/05 01:30:09.031, 0, NVIDIA GeForce RTX 3080, 6497, 3555, 10240, 96, 98
2026/08/05 01:30:09.141, 0, NVIDIA GeForce RTX 3080, 6497, 3555, 10240, 96, 98
2026/08/05 01:30:09.248, 0, NVIDIA GeForce RTX 3080, 6497, 3555, 10240, 96, 98
2026/08/05 01:30:09.358, 0, NVIDIA GeForce RTX 3080, 6497, 3555, 10240, 97, 98
2026/08/05 01:30:09.467, 0, NVIDIA GeForce RTX 3080, 6497, 3555, 10240, 97, 98
2026/08/05 01:30:09.576, 0, NVIDIA GeForce RTX 3080, 6497, 3555, 10240, 97, 98
2026/08/05 01:30:09.685, 0, NVIDIA GeForce RTX 3080, 6497, 3555, 10240, 97, 98
2026/08/05 01:30:09.794, 0, NVIDIA GeForce RTX 3080, 6497, 3555, 10240, 97, 98
2026/08/05 01:30:09.903, 0, NVIDIA GeForce RTX 3080, 6497, 3555, 10240, 97, 98
2026/08/05 01:30:10.013, 0, NVIDIA GeForce RTX 3080, 6497, 3555, 10240, 97, 98
2026/08/05 01:30:10.121, 0, NVIDIA GeForce RTX 3080, 6497, 3555, 10240, 97, 98
2026/08/05 01:30:10.230, 0, NVIDIA GeForce RTX 3080, 6497, 3555, 10240, 97, 98
2026/08/05 01:30:10.339, 0, NVIDIA GeForce RTX 3080, 6497, 3555, 10240, 97, 98
2026/08/05 01:30:10.448, 0, NVIDIA GeForce RTX 3080, 6497, 3555, 10240, 97, 98
2026/08/05 01:30:10.558, 0, NVIDIA GeForce RTX 3080, 6497, 3555, 10240, 97, 98
2026/08/05 01:30:10.667, 0, NVIDIA GeForce RTX 3080, 6497, 3555, 10240, 97, 98
2026/08/05 01:30:10.776, 0, NVIDIA GeForce RTX 3080, 6497, 3555, 10240, 97, 97
2026/08/05 01:30:10.885, 0, NVIDIA GeForce RTX 3080, 6497, 3555, 10240, 97, 97
2026/08/05 01:30:10.995, 0, NVIDIA GeForce RTX 3080, 6497, 3555, 10240, 97, 97
2026/08/05 01:30:11.104, 0, NVIDIA GeForce RTX 3080, 6497, 3555, 10240, 97, 97
2026/08/05 01:30:11.213, 0, NVIDIA GeForce RTX 3080, 6497, 3555, 10240, 97, 97
2026/08/05 01:30:11.322, 0, NVIDIA GeForce RTX 3080, 6497, 3555, 10240, 97, 97
2026/08/05 01:30:11.430, 0, NVIDIA GeForce RTX 3080, 6497, 3555, 10240, 97, 97
2026/08/05 01:30:11.540, 0, NVIDIA GeForce RTX 3080, 6497, 3555, 10240, 97, 97
2026/08/05 01:30:11.648, 0, NVIDIA GeForce RTX 3080, 6497, 3555, 10240, 97, 97
2026/08/05 01:30:11.758, 0, NVIDIA GeForce RTX 3080, 6497, 3555, 10240, 97, 98
2026/08/05 01:30:11.868, 0, NVIDIA GeForce RTX 3080, 6497, 3555, 10240, 97, 98
2026/08/05 01:30:11.975, 0, NVIDIA GeForce RTX 3080, 6497, 3555, 10240, 97, 98
2026/08/05 01:30:12.085, 0, NVIDIA GeForce RTX 3080, 6497, 3555, 10240, 97, 98
2026/08/05 01:30:12.194, 0, NVIDIA GeForce RTX 3080, 6497, 3555, 10240, 97, 98
2026/08/05 01:30:12.303, 0, NVIDIA GeForce RTX 3080, 6497, 3555, 10240, 97, 97
2026/08/05 01:30:12.412, 0, NVIDIA GeForce RTX 3080, 6497, 3555, 10240, 97, 97
2026/08/05 01:30:12.520, 0, NVIDIA GeForce RTX 3080, 6497, 3555, 10240, 97, 97
2026/08/05 01:30:12.629, 0, NVIDIA GeForce RTX 3080, 6497, 3555, 10240, 97, 97
2026/08/05 01:30:12.738, 0, NVIDIA GeForce RTX 3080, 6497, 3555, 10240, 97, 97
2026/08/05 01:30:12.847, 0, NVIDIA GeForce RTX 3080, 6497, 3555, 10240, 97, 98
2026/08/05 01:30:12.957, 0, NVIDIA GeForce RTX 3080, 6497, 3555, 10240, 97, 98
2026/08/05 01:30:13.067, 0, NVIDIA GeForce RTX 3080, 6497, 3555, 10240, 97, 98
2026/08/05 01:30:13.175, 0, NVIDIA GeForce RTX 3080, 6497, 3555, 10240, 97, 98
2026/08/05 01:30:13.285, 0, NVIDIA GeForce RTX 3080, 6497, 3555, 10240, 97, 98
2026/08/05 01:30:13.393, 0, NVIDIA GeForce RTX 3080, 6497, 3555, 10240, 97, 98
2026/08/05 01:30:13.502, 0, NVIDIA GeForce RTX 3080, 6497, 3555, 10240, 97, 98
2026/08/05 01:30:13.612, 0, NVIDIA GeForce RTX 3080, 6497, 3555, 10240, 97, 98
2026/08/05 01:30:13.721, 0, NVIDIA GeForce RTX 3080, 6497, 3555, 10240, 97, 98
2026/08/05 01:30:13.829, 0, NVIDIA GeForce RTX 3080, 6497, 3555, 10240, 97, 97
2026/08/05 01:30:13.938, 0, NVIDIA GeForce RTX 3080, 6497, 3555, 10240, 97, 97
2026/08/05 01:30:14.046, 0, NVIDIA GeForce RTX 3080, 6497, 3555, 10240, 97, 97
2026/08/05 01:30:14.156, 0, NVIDIA GeForce RTX 3080, 6497, 3555, 10240, 97, 97
2026/08/05 01:30:14.264, 0, NVIDIA GeForce RTX 3080, 6497, 3555, 10240, 95, 96
2026/08/05 01:30:14.373, 0, NVIDIA GeForce RTX 3080, 6497, 3555, 10240, 95, 96
2026/08/05 01:30:14.482, 0, NVIDIA GeForce RTX 3080, 6497, 3555, 10240, 95, 96
2026/08/05 01:30:14.591, 0, NVIDIA GeForce RTX 3080, 6497, 3555, 10240, 95, 96
2026/08/05 01:30:14.700, 0, NVIDIA GeForce RTX 3080, 6497, 3555, 10240, 95, 96
2026/08/05 01:30:14.809, 0, NVIDIA GeForce RTX 3080, 6497, 3555, 10240, 97, 98
2026/08/05 01:30:14.921, 0, NVIDIA GeForce RTX 3080, 6497, 3555, 10240, 97, 98
2026/08/05 01:30:15.029, 0, NVIDIA GeForce RTX 3080, 6497, 3555, 10240, 97, 98
2026/08/05 01:30:15.139, 0, NVIDIA GeForce RTX 3080, 6497, 3555, 10240, 97, 98
2026/08/05 01:30:15.247, 0, NVIDIA GeForce RTX 3080, 6497, 3555, 10240, 97, 98
2026/08/05 01:30:15.357, 0, NVIDIA GeForce RTX 3080, 6497, 3555, 10240, 97, 98
2026/08/05 01:30:15.467, 0, NVIDIA GeForce RTX 3080, 6497, 3555, 10240, 97, 98
2026/08/05 01:30:15.575, 0, NVIDIA GeForce RTX 3080, 6497, 3555, 10240, 97, 98
2026/08/05 01:30:15.684, 0, NVIDIA GeForce RTX 3080, 6497, 3555, 10240, 97, 98
2026/08/05 01:30:15.793, 0, NVIDIA GeForce RTX 3080, 6497, 3555, 10240, 97, 97
2026/08/05 01:30:15.902, 0, NVIDIA GeForce RTX 3080, 6497, 3555, 10240, 97, 97
2026/08/05 01:30:16.012, 0, NVIDIA GeForce RTX 3080, 6497, 3555, 10240, 97, 97
2026/08/05 01:30:16.121, 0, NVIDIA GeForce RTX 3080, 6497, 3555, 10240, 97, 97
2026/08/05 01:30:16.230, 0, NVIDIA GeForce RTX 3080, 6497, 3555, 10240, 97, 97
2026/08/05 01:30:16.339, 0, NVIDIA GeForce RTX 3080, 6497, 3555, 10240, 98, 98
2026/08/05 01:30:16.448, 0, NVIDIA GeForce RTX 3080, 6497, 3555, 10240, 98, 98
2026/08/05 01:30:16.558, 0, NVIDIA GeForce RTX 3080, 6497, 3555, 10240, 98, 98
2026/08/05 01:30:16.667, 0, NVIDIA GeForce RTX 3080, 6497, 3555, 10240, 98, 98
2026/08/05 01:30:16.776, 0, NVIDIA GeForce RTX 3080, 6497, 3555, 10240, 97, 97
2026/08/05 01:30:16.899, 0, NVIDIA GeForce RTX 3080, 6497, 3555, 10240, 97, 97
2026/08/05 01:30:17.008, 0, NVIDIA GeForce RTX 3080, 6497, 3555, 10240, 97, 97
2026/08/05 01:30:17.117, 0, NVIDIA GeForce RTX 3080, 6497, 3555, 10240, 97, 97
2026/08/05 01:30:17.225, 0, NVIDIA GeForce RTX 3080, 6497, 3555, 10240, 97, 97
2026/08/05 01:30:17.334, 0, NVIDIA GeForce RTX 3080, 6497, 3555, 10240, 97, 98
2026/08/05 01:30:17.444, 0, NVIDIA GeForce RTX 3080, 6497, 3555, 10240, 97, 98
2026/08/05 01:30:17.553, 0, NVIDIA GeForce RTX 3080, 6497, 3555, 10240, 97, 98
2026/08/05 01:30:17.662, 0, NVIDIA GeForce RTX 3080, 6497, 3555, 10240, 97, 98
2026/08/05 01:30:17.772, 0, NVIDIA GeForce RTX 3080, 6497, 3555, 10240, 98, 98
2026/08/05 01:30:17.880, 0, NVIDIA GeForce RTX 3080, 6497, 3555, 10240, 98, 98
2026/08/05 01:30:17.990, 0, NVIDIA GeForce RTX 3080, 6497, 3555, 10240, 98, 98
2026/08/05 01:30:18.099, 0, NVIDIA GeForce RTX 3080, 6497, 3555, 10240, 98, 98
2026/08/05 01:30:18.207, 0, NVIDIA GeForce RTX 3080, 6497, 3555, 10240, 98, 98
2026/08/05 01:30:18.317, 0, NVIDIA GeForce RTX 3080, 6497, 3555, 10240, 98, 98
2026/08/05 01:30:18.425, 0, NVIDIA GeForce RTX 3080, 6497, 3555, 10240, 98, 98
2026/08/05 01:30:18.534, 0, NVIDIA GeForce RTX 3080, 6497, 3555, 10240, 98, 98
2026/08/05 01:30:18.644, 0, NVIDIA GeForce RTX 3080, 6497, 3555, 10240, 98, 98
2026/08/05 01:30:18.752, 0, NVIDIA GeForce RTX 3080, 6497, 3555, 10240, 98, 98
2026/08/05 01:30:18.862, 0, NVIDIA GeForce RTX 3080, 6497, 3555, 10240, 98, 98
2026/08/05 01:30:18.972, 0, NVIDIA GeForce RTX 3080, 6497, 3555, 10240, 98, 98
2026/08/05 01:30:19.081, 0, NVIDIA GeForce RTX 3080, 6497, 3555, 10240, 98, 98
2026/08/05 01:30:19.189, 0, NVIDIA GeForce RTX 3080, 6497, 3555, 10240, 98, 98
2026/08/05 01:30:19.298, 0, NVIDIA GeForce RTX 3080, 6497, 3555, 10240, 98, 98
2026/08/05 01:30:19.406, 0, NVIDIA GeForce RTX 3080, 6497, 3555, 10240, 98, 98
2026/08/05 01:30:19.516, 0, NVIDIA GeForce RTX 3080, 6497, 3555, 10240, 98, 98
2026/08/05 01:30:19.624, 0, NVIDIA GeForce RTX 3080, 6497, 3555, 10240, 98, 98
2026/08/05 01:30:19.734, 0, NVIDIA GeForce RTX 3080, 6497, 3555, 10240, 98, 98
2026/08/05 01:30:19.844, 0, NVIDIA GeForce RTX 3080, 6497, 3555, 10240, 98, 98
2026/08/05 01:30:19.952, 0, NVIDIA GeForce RTX 3080, 6497, 3555, 10240, 98, 98
2026/08/05 01:30:20.062, 0, NVIDIA GeForce RTX 3080, 6497, 3555, 10240, 98, 98
2026/08/05 01:30:20.171, 0, NVIDIA GeForce RTX 3080, 6497, 3555, 10240, 98, 98
2026/08/05 01:30:20.280, 0, NVIDIA GeForce RTX 3080, 6497, 3555, 10240, 98, 98
2026/08/05 01:30:20.389, 0, NVIDIA GeForce RTX 3080, 6497, 3555, 10240, 98, 98
2026/08/05 01:30:20.498, 0, NVIDIA GeForce RTX 3080, 6497, 3555, 10240, 98, 98
2026/08/05 01:30:20.608, 0, NVIDIA GeForce RTX 3080, 6497, 3555, 10240, 98, 98
2026/08/05 01:30:20.717, 0, NVIDIA GeForce RTX 3080, 6497, 3555, 10240, 98, 98
2026/08/05 01:30:20.826, 0, NVIDIA GeForce RTX 3080, 6497, 3555, 10240, 98, 98
2026/08/05 01:30:20.936, 0, NVIDIA GeForce RTX 3080, 6497, 3555, 10240, 98, 98
2026/08/05 01:30:21.044, 0, NVIDIA GeForce RTX 3080, 6497, 3555, 10240, 98, 98
2026/08/05 01:30:21.152, 0, NVIDIA GeForce RTX 3080, 1397, 8655, 10240, 98, 98
2026/08/05 01:30:21.261, 0, NVIDIA GeForce RTX 3080, 1397, 8655, 10240, 0, 0
2026/08/05 01:30:21.370, 0, NVIDIA GeForce RTX 3080, 1397, 8655, 10240, 0, 0
2026/08/05 01:30:21.479, 0, NVIDIA GeForce RTX 3080, 1176, 8876, 10240, 0, 0
