timestamp,index,name,memory_used_mib,memory_free_mib,memory_total_mib,memory_utilization_percent,gpu_utilization_percent 
2026/08/05 04:05:56.064, 0, NVIDIA GeForce RTX 3080, 1177, 8875, 10240, 0, 0
2026/08/05 04:05:56.173, 0, NVIDIA GeForce RTX 3080, 1188, 8864, 10240, 0, 0
2026/08/05 04:05:56.282, 0, NVIDIA GeForce RTX 3080, 1366, 8686, 10240, 0, 0
2026/08/05 04:05:56.391, 0, NVIDIA GeForce RTX 3080, 1366, 8686, 10240, 0, 0
2026/08/05 04:05:56.501, 0, NVIDIA GeForce RTX 3080, 5140, 4912, 10240, 0, 0
2026/08/05 04:05:56.610, 0, NVIDIA GeForce RTX 3080, 5140, 4912, 10240, 0, 0
2026/08/05 04:05:56.719, 0, NVIDIA GeForce RTX 3080, 5140, 4912, 10240, 0, 0
2026/08/05 04:05:56.828, 0, NVIDIA GeForce RTX 3080, 5140, 4912, 10240, 0, 0
2026/08/05 04:05:56.936, 0, NVIDIA GeForce RTX 3080, 5140, 4912, 10240, 1, 13
2026/08/05 04:05:57.044, 0, NVIDIA GeForce RTX 3080, 5140, 4912, 10240, 1, 13
2026/08/05 04:05:57.153, 0, NVIDIA GeForce RTX 3080, 5140, 4912, 10240, 1, 13
2026/08/05 04:05:57.263, 0, NVIDIA GeForce RTX 3080, 5140, 4912, 10240, 1, 13
2026/08/05 04:05:57.372, 0, NVIDIA GeForce RTX 3080, 5140, 4912, 10240, 1, 13
2026/08/05 04:05:57.481, 0, NVIDIA GeForce RTX 3080, 5140, 4912, 10240, 1, 13
2026/08/05 04:05:57.591, 0, NVIDIA GeForce RTX 3080, 5140, 4912, 10240, 1, 13
2026/08/05 04:05:57.700, 0, NVIDIA GeForce RTX 3080, 5140, 4912, 10240, 1, 13
2026/08/05 04:05:57.809, 0, NVIDIA GeForce RTX 3080, 5450, 4602, 10240, 1, 13
2026/08/05 04:05:57.919, 0, NVIDIA GeForce RTX 3080, 5456, 4596, 10240, 34, 60
2026/08/05 04:05:58.027, 0, NVIDIA GeForce RTX 3080, 5456, 4596, 10240, 34, 60
2026/08/05 04:05:58.137, 0, NVIDIA GeForce RTX 3080, 5456, 4596, 10240, 34, 60
2026/08/05 04:05:58.247, 0, NVIDIA GeForce RTX 3080, 5456, 4596, 10240, 34, 60
2026/08/05 04:05:58.355, 0, NVIDIA GeForce RTX 3080, 5456, 4596, 10240, 65, 93
2026/08/05 04:05:58.465, 0, NVIDIA GeForce RTX 3080, 5456, 4596, 10240, 65, 93
2026/08/05 04:05:58.575, 0, NVIDIA GeForce RTX 3080, 6926, 3126, 10240, 65, 93
2026/08/05 04:05:58.684, 0, NVIDIA GeForce RTX 3080, 6926, 3126, 10240, 65, 93
2026/08/05 04:05:58.794, 0, NVIDIA GeForce RTX 3080, 6926, 3126, 10240, 65, 93
2026/08/05 04:05:58.903, 0, NVIDIA GeForce RTX 3080, 6926, 3126, 10240, 97, 98
2026/08/05 04:05:59.011, 0, NVIDIA GeForce RTX 3080, 6926, 3126, 10240, 97, 98
2026/08/05 04:05:59.120, 0, NVIDIA GeForce RTX 3080, 6926, 3126, 10240, 97, 98
2026/08/05 04:05:59.230, 0, NVIDIA GeForce RTX 3080, 6926, 3126, 10240, 97, 98
2026/08/05 04:05:59.339, 0, NVIDIA GeForce RTX 3080, 6926, 3126, 10240, 97, 97
2026/08/05 04:05:59.448, 0, NVIDIA GeForce RTX 3080, 6926, 3126, 10240, 97, 97
2026/08/05 04:05:59.557, 0, NVIDIA GeForce RTX 3080, 6926, 3126, 10240, 97, 97
2026/08/05 04:05:59.666, 0, NVIDIA GeForce RTX 3080, 6926, 3126, 10240, 97, 97
2026/08/05 04:05:59.775, 0, NVIDIA GeForce RTX 3080, 6926, 3126, 10240, 97, 97
2026/08/05 04:05:59.884, 0, NVIDIA GeForce RTX 3080, 6926, 3126, 10240, 97, 98
2026/08/05 04:05:59.994, 0, NVIDIA GeForce RTX 3080, 6926, 3126, 10240, 97, 98
2026/08/05 04:06:00.103, 0, NVIDIA GeForce RTX 3080, 6926, 3126, 10240, 97, 98
2026/08/05 04:06:00.212, 0, NVIDIA GeForce RTX 3080, 6926, 3126, 10240, 97, 98
2026/08/05 04:06:00.322, 0, NVIDIA GeForce RTX 3080, 6926, 3126, 10240, 97, 98
2026/08/05 04:06:00.431, 0, NVIDIA GeForce RTX 3080, 6926, 3126, 10240, 97, 98
2026/08/05 04:06:00.539, 0, NVIDIA GeForce RTX 3080, 6926, 3126, 10240, 97, 98
2026/08/05 04:06:00.649, 0, NVIDIA GeForce RTX 3080, 6926, 3126, 10240, 97, 98
2026/08/05 04:06:00.757, 0, NVIDIA GeForce RTX 3080, 6926, 3126, 10240, 97, 98
2026/08/05 04:06:00.866, 0, NVIDIA GeForce RTX 3080, 6926, 3126, 10240, 98, 98
2026/08/05 04:06:00.976, 0, NVIDIA GeForce RTX 3080, 6926, 3126, 10240, 98, 98
2026/08/05 04:06:01.084, 0, NVIDIA GeForce RTX 3080, 6926, 3126, 10240, 98, 98
2026/08/05 04:06:01.194, 0, NVIDIA GeForce RTX 3080, 6926, 3126, 10240, 98, 98
2026/08/05 04:06:01.304, 0, NVIDIA GeForce RTX 3080, 6926, 3126, 10240, 98, 98
2026/08/05 04:06:01.411, 0, NVIDIA GeForce RTX 3080, 6926, 3126, 10240, 98, 98
2026/08/05 04:06:01.521, 0, NVIDIA GeForce RTX 3080, 6926, 3126, 10240, 98, 98
2026/08/05 04:06:01.630, 0, NVIDIA GeForce RTX 3080, 6926, 3126, 10240, 98, 98
2026/08/05 04:06:01.738, 0, NVIDIA GeForce RTX 3080, 6926, 3126, 10240, 98, 98
2026/08/05 04:06:01.848, 0, NVIDIA GeForce RTX 3080, 6926, 3126, 10240, 98, 98
2026/08/05 04:06:01.957, 0, NVIDIA GeForce RTX 3080, 6926, 3126, 10240, 98, 98
2026/08/05 04:06:02.066, 0, NVIDIA GeForce RTX 3080, 6926, 3126, 10240, 98, 98
2026/08/05 04:06:02.176, 0, NVIDIA GeForce RTX 3080, 6926, 3126, 10240, 98, 98
2026/08/05 04:06:02.285, 0, NVIDIA GeForce RTX 3080, 6926, 3126, 10240, 98, 98
2026/08/05 04:06:02.394, 0, NVIDIA GeForce RTX 3080, 6926, 3126, 10240, 95, 96
2026/08/05 04:06:02.503, 0, NVIDIA GeForce RTX 3080, 6926, 3126, 10240, 95, 96
2026/08/05 04:06:02.612, 0, NVIDIA GeForce RTX 3080, 6926, 3126, 10240, 95, 96
2026/08/05 04:06:02.721, 0, NVIDIA GeForce RTX 3080, 6926, 3126, 10240, 95, 96
2026/08/05 04:06:02.831, 0, NVIDIA GeForce RTX 3080, 6926, 3126, 10240, 95, 96
2026/08/05 04:06:02.940, 0, NVIDIA GeForce RTX 3080, 6926, 3126, 10240, 96, 98
2026/08/05 04:06:03.049, 0, NVIDIA GeForce RTX 3080, 6926, 3126, 10240, 96, 98
2026/08/05 04:06:03.158, 0, NVIDIA GeForce RTX 3080, 6926, 3126, 10240, 96, 98
2026/08/05 04:06:03.268, 0, NVIDIA GeForce RTX 3080, 6926, 3126, 10240, 96, 98
2026/08/05 04:06:03.377, 0, NVIDIA GeForce RTX 3080, 6926, 3126, 10240, 96, 98
2026/08/05 04:06:03.486, 0, NVIDIA GeForce RTX 3080, 6926, 3126, 10240, 96, 98
2026/08/05 04:06:03.595, 0, NVIDIA GeForce RTX 3080, 6926, 3126, 10240, 96, 98
2026/08/05 04:06:03.704, 0, NVIDIA GeForce RTX 3080, 6926, 3126, 10240, 96, 98
2026/08/05 04:06:03.813, 0, NVIDIA GeForce RTX 3080, 6926, 3126, 10240, 96, 98
2026/08/05 04:06:03.923, 0, NVIDIA GeForce RTX 3080, 6926, 3126, 10240, 96, 98
2026/08/05 04:06:04.033, 0, NVIDIA GeForce RTX 3080, 6926, 3126, 10240, 96, 98
2026/08/05 04:06:04.141, 0, NVIDIA GeForce RTX 3080, 6926, 3126, 10240, 96, 98
2026/08/05 04:06:04.251, 0, NVIDIA GeForce RTX 3080, 6926, 3126, 10240, 96, 98
2026/08/05 04:06:04.360, 0, NVIDIA GeForce RTX 3080, 6926, 3126, 10240, 95, 96
2026/08/05 04:06:04.468, 0, NVIDIA GeForce RTX 3080, 6926, 3126, 10240, 95, 96
2026/08/05 04:06:04.578, 0, NVIDIA GeForce RTX 3080, 6926, 3126, 10240, 95, 96
2026/08/05 04:06:04.687, 0, NVIDIA GeForce RTX 3080, 6926, 3126, 10240, 95, 96
2026/08/05 04:06:04.796, 0, NVIDIA GeForce RTX 3080, 6926, 3126, 10240, 95, 96
2026/08/05 04:06:04.906, 0, NVIDIA GeForce RTX 3080, 6926, 3126, 10240, 97, 98
2026/08/05 04:06:05.014, 0, NVIDIA GeForce RTX 3080, 6926, 3126, 10240, 97, 98
2026/08/05 04:06:05.123, 0, NVIDIA GeForce RTX 3080, 6926, 3126, 10240, 97, 98
2026/08/05 04:06:05.233, 0, NVIDIA GeForce RTX 3080, 6926, 3126, 10240, 97, 98
2026/08/05 04:06:05.342, 0, NVIDIA GeForce RTX 3080, 6926, 3126, 10240, 97, 98
2026/08/05 04:06:05.451, 0, NVIDIA GeForce RTX 3080, 6926, 3126, 10240, 97, 98
2026/08/05 04:06:05.561, 0, NVIDIA GeForce RTX 3080, 6926, 3126, 10240, 97, 98
2026/08/05 04:06:05.670, 0, NVIDIA GeForce RTX 3080, 6926, 3126, 10240, 97, 98
2026/08/05 04:06:05.778, 0, NVIDIA GeForce RTX 3080, 6926, 3126, 10240, 97, 98
2026/08/05 04:06:05.887, 0, NVIDIA GeForce RTX 3080, 6926, 3126, 10240, 97, 98
2026/08/05 04:06:05.997, 0, NVIDIA GeForce RTX 3080, 6926, 3126, 10240, 97, 98
2026/08/05 04:06:06.106, 0, NVIDIA GeForce RTX 3080, 6926, 3126, 10240, 97, 98
2026/08/05 04:06:06.215, 0, NVIDIA GeForce RTX 3080, 6926, 3126, 10240, 97, 98
2026/08/05 04:06:06.324, 0, NVIDIA GeForce RTX 3080, 6926, 3126, 10240, 97, 98
2026/08/05 04:06:06.434, 0, NVIDIA GeForce RTX 3080, 6926, 3126, 10240, 95, 97
2026/08/05 04:06:06.542, 0, NVIDIA GeForce RTX 3080, 6926, 3126, 10240, 95, 97
2026/08/05 04:06:06.652, 0, NVIDIA GeForce RTX 3080, 6926, 3126, 10240, 95, 97
2026/08/05 04:06:06.762, 0, NVIDIA GeForce RTX 3080, 6926, 3126, 10240, 95, 97
2026/08/05 04:06:06.870, 0, NVIDIA GeForce RTX 3080, 6926, 3126, 10240, 96, 98
2026/08/05 04:06:06.980, 0, NVIDIA GeForce RTX 3080, 6926, 3126, 10240, 96, 98
2026/08/05 04:06:07.090, 0, NVIDIA GeForce RTX 3080, 6926, 3126, 10240, 96, 98
2026/08/05 04:06:07.197, 0, NVIDIA GeForce RTX 3080, 6926, 3126, 10240, 96, 98
2026/08/05 04:06:07.307, 0, NVIDIA GeForce RTX 3080, 6926, 3126, 10240, 96, 98
2026/08/05 04:06:07.416, 0, NVIDIA GeForce RTX 3080, 6926, 3126, 10240, 96, 98
2026/08/05 04:06:07.525, 0, NVIDIA GeForce RTX 3080, 6926, 3126, 10240, 96, 98
2026/08/05 04:06:07.635, 0, NVIDIA GeForce RTX 3080, 6926, 3126, 10240, 96, 98
2026/08/05 04:06:07.743, 0, NVIDIA GeForce RTX 3080, 6926, 3126, 10240, 96, 98
2026/08/05 04:06:07.852, 0, NVIDIA GeForce RTX 3080, 6926, 3126, 10240, 96, 98
2026/08/05 04:06:07.962, 0, NVIDIA GeForce RTX 3080, 6926, 3126, 10240, 96, 98
2026/08/05 04:06:08.071, 0, NVIDIA GeForce RTX 3080, 6926, 3126, 10240, 96, 98
2026/08/05 04:06:08.181, 0, NVIDIA GeForce RTX 3080, 6926, 3126, 10240, 96, 98
2026/08/05 04:06:08.290, 0, NVIDIA GeForce RTX 3080, 6926, 3126, 10240, 96, 98
2026/08/05 04:06:08.397, 0, NVIDIA GeForce RTX 3080, 6926, 3126, 10240, 95, 97
2026/08/05 04:06:08.507, 0, NVIDIA GeForce RTX 3080, 6926, 3126, 10240, 95, 97
2026/08/05 04:06:08.615, 0, NVIDIA GeForce RTX 3080, 6926, 3126, 10240, 95, 97
2026/08/05 04:06:08.725, 0, NVIDIA GeForce RTX 3080, 6926, 3126, 10240, 95, 97
2026/08/05 04:06:08.835, 0, NVIDIA GeForce RTX 3080, 6926, 3126, 10240, 95, 97
2026/08/05 04:06:08.943, 0, NVIDIA GeForce RTX 3080, 6926, 3126, 10240, 97, 98
2026/08/05 04:06:09.053, 0, NVIDIA GeForce RTX 3080, 6926, 3126, 10240, 97, 98
2026/08/05 04:06:09.162, 0, NVIDIA GeForce RTX 3080, 6926, 3126, 10240, 97, 98
2026/08/05 04:06:09.270, 0, NVIDIA GeForce RTX 3080, 6926, 3126, 10240, 97, 98
2026/08/05 04:06:09.379, 0, NVIDIA GeForce RTX 3080, 6926, 3126, 10240, 97, 98
2026/08/05 04:06:09.488, 0, NVIDIA GeForce RTX 3080, 6926, 3126, 10240, 97, 98
2026/08/05 04:06:09.598, 0, NVIDIA GeForce RTX 3080, 6926, 3126, 10240, 97, 98
2026/08/05 04:06:09.707, 0, NVIDIA GeForce RTX 3080, 6926, 3126, 10240, 97, 98
2026/08/05 04:06:09.816, 0, NVIDIA GeForce RTX 3080, 6926, 3126, 10240, 97, 98
2026/08/05 04:06:09.925, 0, NVIDIA GeForce RTX 3080, 6926, 3126, 10240, 97, 98
2026/08/05 04:06:10.034, 0, NVIDIA GeForce RTX 3080, 6926, 3126, 10240, 97, 98
2026/08/05 04:06:10.143, 0, NVIDIA GeForce RTX 3080, 6926, 3126, 10240, 97, 98
2026/08/05 04:06:10.253, 0, NVIDIA GeForce RTX 3080, 6926, 3126, 10240, 97, 98
2026/08/05 04:06:10.363, 0, NVIDIA GeForce RTX 3080, 6926, 3126, 10240, 97, 98
2026/08/05 04:06:10.471, 0, NVIDIA GeForce RTX 3080, 6926, 3126, 10240, 97, 98
2026/08/05 04:06:10.581, 0, NVIDIA GeForce RTX 3080, 6926, 3126, 10240, 97, 98
2026/08/05 04:06:10.690, 0, NVIDIA GeForce RTX 3080, 6926, 3126, 10240, 97, 98
2026/08/05 04:06:10.797, 0, NVIDIA GeForce RTX 3080, 6926, 3126, 10240, 97, 98
2026/08/05 04:06:10.907, 0, NVIDIA GeForce RTX 3080, 6926, 3126, 10240, 96, 98
2026/08/05 04:06:11.016, 0, NVIDIA GeForce RTX 3080, 6926, 3126, 10240, 96, 98
2026/08/05 04:06:11.125, 0, NVIDIA GeForce RTX 3080, 6926, 3126, 10240, 96, 98
2026/08/05 04:06:11.235, 0, NVIDIA GeForce RTX 3080, 6926, 3126, 10240, 96, 98
2026/08/05 04:06:11.343, 0, NVIDIA GeForce RTX 3080, 6926, 3126, 10240, 95, 98
2026/08/05 04:06:11.452, 0, NVIDIA GeForce RTX 3080, 6926, 3126, 10240, 95, 98
2026/08/05 04:06:11.561, 0, NVIDIA GeForce RTX 3080, 6926, 3126, 10240, 95, 98
2026/08/05 04:06:11.670, 0, NVIDIA GeForce RTX 3080, 6926, 3126, 10240, 95, 98
2026/08/05 04:06:11.779, 0, NVIDIA GeForce RTX 3080, 6926, 3126, 10240, 95, 98
2026/08/05 04:06:11.888, 0, NVIDIA GeForce RTX 3080, 6926, 3126, 10240, 95, 98
2026/08/05 04:06:11.998, 0, NVIDIA GeForce RTX 3080, 6926, 3126, 10240, 95, 98
2026/08/05 04:06:12.107, 0, NVIDIA GeForce RTX 3080, 6926, 3126, 10240, 95, 98
2026/08/05 04:06:12.216, 0, NVIDIA GeForce RTX 3080, 6926, 3126, 10240, 95, 98
2026/08/05 04:06:12.325, 0, NVIDIA GeForce RTX 3080, 6926, 3126, 10240, 95, 98
2026/08/05 04:06:12.433, 0, NVIDIA GeForce RTX 3080, 6926, 3126, 10240, 95, 98
2026/08/05 04:06:12.541, 0, NVIDIA GeForce RTX 3080, 6926, 3126, 10240, 95, 98
2026/08/05 04:06:12.651, 0, NVIDIA GeForce RTX 3080, 6926, 3126, 10240, 95, 98
2026/08/05 04:06:12.761, 0, NVIDIA GeForce RTX 3080, 6926, 3126, 10240, 95, 98
2026/08/05 04:06:12.869, 0, NVIDIA GeForce RTX 3080, 6926, 3126, 10240, 96, 98
2026/08/05 04:06:12.978, 0, NVIDIA GeForce RTX 3080, 6926, 3126, 10240, 96, 98
2026/08/05 04:06:13.086, 0, NVIDIA GeForce RTX 3080, 6926, 3126, 10240, 96, 98
2026/08/05 04:06:13.196, 0, NVIDIA GeForce RTX 3080, 6926, 3126, 10240, 96, 98
2026/08/05 04:06:13.305, 0, NVIDIA GeForce RTX 3080, 6926, 3126, 10240, 96, 98
2026/08/05 04:06:13.414, 0, NVIDIA GeForce RTX 3080, 6926, 3126, 10240, 96, 98
2026/08/05 04:06:13.523, 0, NVIDIA GeForce RTX 3080, 6926, 3126, 10240, 96, 98
2026/08/05 04:06:13.631, 0, NVIDIA GeForce RTX 3080, 6926, 3126, 10240, 96, 98
2026/08/05 04:06:13.740, 0, NVIDIA GeForce RTX 3080, 6926, 3126, 10240, 96, 98
2026/08/05 04:06:13.849, 0, NVIDIA GeForce RTX 3080, 6926, 3126, 10240, 97, 98
2026/08/05 04:06:13.958, 0, NVIDIA GeForce RTX 3080, 6926, 3126, 10240, 97, 98
2026/08/05 04:06:14.068, 0, NVIDIA GeForce RTX 3080, 6926, 3126, 10240, 97, 98
2026/08/05 04:06:14.177, 0, NVIDIA GeForce RTX 3080, 6926, 3126, 10240, 97, 98
2026/08/05 04:06:14.286, 0, NVIDIA GeForce RTX 3080, 6926, 3126, 10240, 97, 98
2026/08/05 04:06:14.395, 0, NVIDIA GeForce RTX 3080, 6926, 3126, 10240, 96, 98
2026/08/05 04:06:14.504, 0, NVIDIA GeForce RTX 3080, 6926, 3126, 10240, 96, 98
2026/08/05 04:06:14.613, 0, NVIDIA GeForce RTX 3080, 6926, 3126, 10240, 96, 98
2026/08/05 04:06:14.723, 0, NVIDIA GeForce RTX 3080, 6926, 3126, 10240, 96, 98
2026/08/05 04:06:14.833, 0, NVIDIA GeForce RTX 3080, 6926, 3126, 10240, 96, 98
2026/08/05 04:06:14.941, 0, NVIDIA GeForce RTX 3080, 6926, 3126, 10240, 95, 98
2026/08/05 04:06:15.051, 0, NVIDIA GeForce RTX 3080, 6926, 3126, 10240, 95, 98
2026/08/05 04:06:15.161, 0, NVIDIA GeForce RTX 3080, 6926, 3126, 10240, 95, 98
2026/08/05 04:06:15.269, 0, NVIDIA GeForce RTX 3080, 6926, 3126, 10240, 95, 98
2026/08/05 04:06:15.379, 0, NVIDIA GeForce RTX 3080, 6926, 3126, 10240, 95, 98
2026/08/05 04:06:15.488, 0, NVIDIA GeForce RTX 3080, 6926, 3126, 10240, 95, 98
2026/08/05 04:06:15.597, 0, NVIDIA GeForce RTX 3080, 6926, 3126, 10240, 95, 98
2026/08/05 04:06:15.706, 0, NVIDIA GeForce RTX 3080, 6926, 3126, 10240, 95, 98
2026/08/05 04:06:15.814, 0, NVIDIA GeForce RTX 3080, 6926, 3126, 10240, 95, 98
2026/08/05 04:06:15.923, 0, NVIDIA GeForce RTX 3080, 6926, 3126, 10240, 95, 98
2026/08/05 04:06:16.032, 0, NVIDIA GeForce RTX 3080, 6926, 3126, 10240, 95, 98
2026/08/05 04:06:16.141, 0, NVIDIA GeForce RTX 3080, 6926, 3126, 10240, 95, 98
2026/08/05 04:06:16.250, 0, NVIDIA GeForce RTX 3080, 6926, 3126, 10240, 95, 98
2026/08/05 04:06:16.360, 0, NVIDIA GeForce RTX 3080, 6926, 3126, 10240, 95, 98
2026/08/05 04:06:16.469, 0, NVIDIA GeForce RTX 3080, 6926, 3126, 10240, 95, 98
2026/08/05 04:06:16.579, 0, NVIDIA GeForce RTX 3080, 6926, 3126, 10240, 95, 98
2026/08/05 04:06:16.687, 0, NVIDIA GeForce RTX 3080, 6926, 3126, 10240, 95, 98
2026/08/05 04:06:16.797, 0, NVIDIA GeForce RTX 3080, 6926, 3126, 10240, 95, 98
2026/08/05 04:06:16.906, 0, NVIDIA GeForce RTX 3080, 6926, 3126, 10240, 95, 98
2026/08/05 04:06:17.020, 0, NVIDIA GeForce RTX 3080, 6926, 3126, 10240, 95, 98
2026/08/05 04:06:17.129, 0, NVIDIA GeForce RTX 3080, 6926, 3126, 10240, 95, 98
2026/08/05 04:06:17.238, 0, NVIDIA GeForce RTX 3080, 6926, 3126, 10240, 95, 98
2026/08/05 04:06:17.347, 0, NVIDIA GeForce RTX 3080, 6926, 3126, 10240, 96, 98
2026/08/05 04:06:17.456, 0, NVIDIA GeForce RTX 3080, 6926, 3126, 10240, 96, 98
2026/08/05 04:06:17.566, 0, NVIDIA GeForce RTX 3080, 6926, 3126, 10240, 96, 98
2026/08/05 04:06:17.674, 0, NVIDIA GeForce RTX 3080, 6926, 3126, 10240, 96, 98
2026/08/05 04:06:17.783, 0, NVIDIA GeForce RTX 3080, 6926, 3126, 10240, 96, 98
2026/08/05 04:06:17.892, 0, NVIDIA GeForce RTX 3080, 6926, 3126, 10240, 96, 98
2026/08/05 04:06:18.001, 0, NVIDIA GeForce RTX 3080, 6926, 3126, 10240, 96, 98
2026/08/05 04:06:18.110, 0, NVIDIA GeForce RTX 3080, 6926, 3126, 10240, 96, 98
2026/08/05 04:06:18.220, 0, NVIDIA GeForce RTX 3080, 6926, 3126, 10240, 96, 98
2026/08/05 04:06:18.329, 0, NVIDIA GeForce RTX 3080, 6926, 3126, 10240, 96, 98
2026/08/05 04:06:18.439, 0, NVIDIA GeForce RTX 3080, 6926, 3126, 10240, 96, 98
2026/08/05 04:06:18.547, 0, NVIDIA GeForce RTX 3080, 6926, 3126, 10240, 96, 98
2026/08/05 04:06:18.656, 0, NVIDIA GeForce RTX 3080, 6926, 3126, 10240, 96, 98
2026/08/05 04:06:18.765, 0, NVIDIA GeForce RTX 3080, 6926, 3126, 10240, 96, 98
2026/08/05 04:06:18.874, 0, NVIDIA GeForce RTX 3080, 6926, 3126, 10240, 96, 98
2026/08/05 04:06:18.984, 0, NVIDIA GeForce RTX 3080, 6926, 3126, 10240, 96, 98
2026/08/05 04:06:19.094, 0, NVIDIA GeForce RTX 3080, 6926, 3126, 10240, 96, 98
2026/08/05 04:06:19.202, 0, NVIDIA GeForce RTX 3080, 6926, 3126, 10240, 96, 98
2026/08/05 04:06:19.311, 0, NVIDIA GeForce RTX 3080, 6926, 3126, 10240, 96, 98
2026/08/05 04:06:19.420, 0, NVIDIA GeForce RTX 3080, 6926, 3126, 10240, 95, 98
2026/08/05 04:06:19.528, 0, NVIDIA GeForce RTX 3080, 6926, 3126, 10240, 95, 98
2026/08/05 04:06:19.638, 0, NVIDIA GeForce RTX 3080, 6926, 3126, 10240, 95, 98
2026/08/05 04:06:19.746, 0, NVIDIA GeForce RTX 3080, 6926, 3126, 10240, 95, 98
2026/08/05 04:06:19.856, 0, NVIDIA GeForce RTX 3080, 6926, 3126, 10240, 95, 98
2026/08/05 04:06:19.966, 0, NVIDIA GeForce RTX 3080, 6926, 3126, 10240, 95, 98
2026/08/05 04:06:20.074, 0, NVIDIA GeForce RTX 3080, 6926, 3126, 10240, 95, 98
2026/08/05 04:06:20.184, 0, NVIDIA GeForce RTX 3080, 6926, 3126, 10240, 95, 98
2026/08/05 04:06:20.294, 0, NVIDIA GeForce RTX 3080, 6926, 3126, 10240, 95, 98
2026/08/05 04:06:20.402, 0, NVIDIA GeForce RTX 3080, 6926, 3126, 10240, 94, 98
2026/08/05 04:06:20.512, 0, NVIDIA GeForce RTX 3080, 6926, 3126, 10240, 94, 98
2026/08/05 04:06:20.622, 0, NVIDIA GeForce RTX 3080, 6926, 3126, 10240, 94, 98
2026/08/05 04:06:20.731, 0, NVIDIA GeForce RTX 3080, 6926, 3126, 10240, 94, 98
2026/08/05 04:06:20.840, 0, NVIDIA GeForce RTX 3080, 6926, 3126, 10240, 94, 98
2026/08/05 04:06:20.950, 0, NVIDIA GeForce RTX 3080, 6926, 3126, 10240, 94, 98
2026/08/05 04:06:21.058, 0, NVIDIA GeForce RTX 3080, 6926, 3126, 10240, 94, 98
2026/08/05 04:06:21.167, 0, NVIDIA GeForce RTX 3080, 6926, 3126, 10240, 94, 98
2026/08/05 04:06:21.276, 0, NVIDIA GeForce RTX 3080, 6926, 3126, 10240, 94, 98
2026/08/05 04:06:21.386, 0, NVIDIA GeForce RTX 3080, 6926, 3126, 10240, 94, 98
2026/08/05 04:06:21.495, 0, NVIDIA GeForce RTX 3080, 6926, 3126, 10240, 94, 98
2026/08/05 04:06:21.604, 0, NVIDIA GeForce RTX 3080, 6926, 3126, 10240, 94, 98
2026/08/05 04:06:21.714, 0, NVIDIA GeForce RTX 3080, 6926, 3126, 10240, 94, 98
2026/08/05 04:06:21.823, 0, NVIDIA GeForce RTX 3080, 6926, 3126, 10240, 94, 98
2026/08/05 04:06:21.932, 0, NVIDIA GeForce RTX 3080, 6926, 3126, 10240, 96, 98
2026/08/05 04:06:22.041, 0, NVIDIA GeForce RTX 3080, 6926, 3126, 10240, 96, 98
2026/08/05 04:06:22.150, 0, NVIDIA GeForce RTX 3080, 6926, 3126, 10240, 96, 98
2026/08/05 04:06:22.259, 0, NVIDIA GeForce RTX 3080, 6926, 3126, 10240, 96, 98
2026/08/05 04:06:22.368, 0, NVIDIA GeForce RTX 3080, 6926, 3126, 10240, 96, 98
2026/08/05 04:06:22.477, 0, NVIDIA GeForce RTX 3080, 6926, 3126, 10240, 96, 98
2026/08/05 04:06:22.587, 0, NVIDIA GeForce RTX 3080, 6926, 3126, 10240, 96, 98
2026/08/05 04:06:22.695, 0, NVIDIA GeForce RTX 3080, 6926, 3126, 10240, 96, 98
2026/08/05 04:06:22.804, 0, NVIDIA GeForce RTX 3080, 6926, 3126, 10240, 96, 98
2026/08/05 04:06:22.914, 0, NVIDIA GeForce RTX 3080, 6926, 3126, 10240, 96, 98
2026/08/05 04:06:23.022, 0, NVIDIA GeForce RTX 3080, 6926, 3126, 10240, 96, 98
2026/08/05 04:06:23.131, 0, NVIDIA GeForce RTX 3080, 6926, 3126, 10240, 96, 98
2026/08/05 04:06:23.240, 0, NVIDIA GeForce RTX 3080, 6926, 3126, 10240, 96, 98
2026/08/05 04:06:23.350, 0, NVIDIA GeForce RTX 3080, 6926, 3126, 10240, 96, 98
2026/08/05 04:06:23.459, 0, NVIDIA GeForce RTX 3080, 6926, 3126, 10240, 96, 98
2026/08/05 04:06:23.569, 0, NVIDIA GeForce RTX 3080, 6926, 3126, 10240, 96, 98
2026/08/05 04:06:23.677, 0, NVIDIA GeForce RTX 3080, 6926, 3126, 10240, 96, 98
2026/08/05 04:06:23.787, 0, NVIDIA GeForce RTX 3080, 6926, 3126, 10240, 96, 98
2026/08/05 04:06:23.897, 0, NVIDIA GeForce RTX 3080, 6926, 3126, 10240, 96, 98
2026/08/05 04:06:24.006, 0, NVIDIA GeForce RTX 3080, 6926, 3126, 10240, 96, 98
2026/08/05 04:06:24.115, 0, NVIDIA GeForce RTX 3080, 6926, 3126, 10240, 96, 98
2026/08/05 04:06:24.224, 0, NVIDIA GeForce RTX 3080, 6926, 3126, 10240, 96, 98
2026/08/05 04:06:24.332, 0, NVIDIA GeForce RTX 3080, 6926, 3126, 10240, 96, 98
2026/08/05 04:06:24.442, 0, NVIDIA GeForce RTX 3080, 6926, 3126, 10240, 94, 98
2026/08/05 04:06:24.551, 0, NVIDIA GeForce RTX 3080, 6926, 3126, 10240, 94, 98
2026/08/05 04:06:24.660, 0, NVIDIA GeForce RTX 3080, 6926, 3126, 10240, 94, 98
2026/08/05 04:06:24.769, 0, NVIDIA GeForce RTX 3080, 6926, 3126, 10240, 94, 98
2026/08/05 04:06:24.878, 0, NVIDIA GeForce RTX 3080, 6926, 3126, 10240, 94, 98
2026/08/05 04:06:24.987, 0, NVIDIA GeForce RTX 3080, 6926, 3126, 10240, 94, 98
2026/08/05 04:06:25.096, 0, NVIDIA GeForce RTX 3080, 6926, 3126, 10240, 94, 98
2026/08/05 04:06:25.205, 0, NVIDIA GeForce RTX 3080, 6926, 3126, 10240, 94, 98
2026/08/05 04:06:25.315, 0, NVIDIA GeForce RTX 3080, 6926, 3126, 10240, 94, 98
2026/08/05 04:06:25.424, 0, NVIDIA GeForce RTX 3080, 6926, 3126, 10240, 94, 98
2026/08/05 04:06:25.525, 0, NVIDIA GeForce RTX 3080, 6926, 3126, 10240, 94, 98
2026/08/05 04:06:25.634, 0, NVIDIA GeForce RTX 3080, 6926, 3126, 10240, 94, 98
2026/08/05 04:06:25.743, 0, NVIDIA GeForce RTX 3080, 6926, 3126, 10240, 94, 98
2026/08/05 04:06:25.852, 0, NVIDIA GeForce RTX 3080, 6926, 3126, 10240, 94, 98
2026/08/05 04:06:25.961, 0, NVIDIA GeForce RTX 3080, 6926, 3126, 10240, 94, 98
2026/08/05 04:06:26.070, 0, NVIDIA GeForce RTX 3080, 6926, 3126, 10240, 94, 98
2026/08/05 04:06:26.180, 0, NVIDIA GeForce RTX 3080, 6926, 3126, 10240, 94, 98
2026/08/05 04:06:26.288, 0, NVIDIA GeForce RTX 3080, 6926, 3126, 10240, 94, 98
2026/08/05 04:06:26.398, 0, NVIDIA GeForce RTX 3080, 6926, 3126, 10240, 94, 98
2026/08/05 04:06:26.507, 0, NVIDIA GeForce RTX 3080, 6926, 3126, 10240, 94, 98
2026/08/05 04:06:26.616, 0, NVIDIA GeForce RTX 3080, 6926, 3126, 10240, 94, 98
2026/08/05 04:06:26.725, 0, NVIDIA GeForce RTX 3080, 6926, 3126, 10240, 94, 98
2026/08/05 04:06:26.835, 0, NVIDIA GeForce RTX 3080, 6926, 3126, 10240, 94, 98
2026/08/05 04:06:26.944, 0, NVIDIA GeForce RTX 3080, 6926, 3126, 10240, 97, 98
2026/08/05 04:06:27.054, 0, NVIDIA GeForce RTX 3080, 6926, 3126, 10240, 97, 98
2026/08/05 04:06:27.164, 0, NVIDIA GeForce RTX 3080, 6926, 3126, 10240, 97, 98
2026/08/05 04:06:27.272, 0, NVIDIA GeForce RTX 3080, 6926, 3126, 10240, 97, 98
2026/08/05 04:06:27.381, 0, NVIDIA GeForce RTX 3080, 6926, 3126, 10240, 97, 98
2026/08/05 04:06:27.490, 0, NVIDIA GeForce RTX 3080, 6926, 3126, 10240, 97, 98
2026/08/05 04:06:27.599, 0, NVIDIA GeForce RTX 3080, 6926, 3126, 10240, 97, 98
2026/08/05 04:06:27.709, 0, NVIDIA GeForce RTX 3080, 6926, 3126, 10240, 97, 98
2026/08/05 04:06:27.817, 0, NVIDIA GeForce RTX 3080, 6926, 3126, 10240, 97, 98
2026/08/05 04:06:27.926, 0, NVIDIA GeForce RTX 3080, 6926, 3126, 10240, 97, 98
2026/08/05 04:06:28.035, 0, NVIDIA GeForce RTX 3080, 6926, 3126, 10240, 97, 98
2026/08/05 04:06:28.144, 0, NVIDIA GeForce RTX 3080, 6926, 3126, 10240, 97, 98
2026/08/05 04:06:28.254, 0, NVIDIA GeForce RTX 3080, 6926, 3126, 10240, 97, 98
2026/08/05 04:06:28.363, 0, NVIDIA GeForce RTX 3080, 6926, 3126, 10240, 96, 97
2026/08/05 04:06:28.472, 0, NVIDIA GeForce RTX 3080, 6926, 3126, 10240, 96, 97
2026/08/05 04:06:28.582, 0, NVIDIA GeForce RTX 3080, 6926, 3126, 10240, 96, 97
2026/08/05 04:06:28.691, 0, NVIDIA GeForce RTX 3080, 6926, 3126, 10240, 96, 97
2026/08/05 04:06:28.800, 0, NVIDIA GeForce RTX 3080, 6926, 3126, 10240, 96, 97
2026/08/05 04:06:28.910, 0, NVIDIA GeForce RTX 3080, 6926, 3126, 10240, 98, 98
2026/08/05 04:06:29.018, 0, NVIDIA GeForce RTX 3080, 6926, 3126, 10240, 98, 98
2026/08/05 04:06:29.127, 0, NVIDIA GeForce RTX 3080, 6926, 3126, 10240, 98, 98
2026/08/05 04:06:29.237, 0, NVIDIA GeForce RTX 3080, 6926, 3126, 10240, 98, 98
2026/08/05 04:06:29.346, 0, NVIDIA GeForce RTX 3080, 6926, 3126, 10240, 98, 98
2026/08/05 04:06:29.456, 0, NVIDIA GeForce RTX 3080, 6926, 3126, 10240, 98, 98
2026/08/05 04:06:29.565, 0, NVIDIA GeForce RTX 3080, 6926, 3126, 10240, 98, 98
2026/08/05 04:06:29.674, 0, NVIDIA GeForce RTX 3080, 6926, 3126, 10240, 98, 98
2026/08/05 04:06:29.784, 0, NVIDIA GeForce RTX 3080, 6926, 3126, 10240, 98, 98
2026/08/05 04:06:29.893, 0, NVIDIA GeForce RTX 3080, 6926, 3126, 10240, 98, 98
2026/08/05 04:06:30.002, 0, NVIDIA GeForce RTX 3080, 6926, 3126, 10240, 98, 98
2026/08/05 04:06:30.111, 0, NVIDIA GeForce RTX 3080, 6926, 3126, 10240, 98, 98
2026/08/05 04:06:30.221, 0, NVIDIA GeForce RTX 3080, 6926, 3126, 10240, 98, 98
2026/08/05 04:06:30.330, 0, NVIDIA GeForce RTX 3080, 6926, 3126, 10240, 98, 98
2026/08/05 04:06:30.439, 0, NVIDIA GeForce RTX 3080, 6926, 3126, 10240, 96, 98
2026/08/05 04:06:30.548, 0, NVIDIA GeForce RTX 3080, 6926, 3126, 10240, 96, 98
2026/08/05 04:06:30.657, 0, NVIDIA GeForce RTX 3080, 6926, 3126, 10240, 96, 98
2026/08/05 04:06:30.767, 0, NVIDIA GeForce RTX 3080, 6926, 3126, 10240, 96, 98
2026/08/05 04:06:30.875, 0, NVIDIA GeForce RTX 3080, 6926, 3126, 10240, 96, 98
2026/08/05 04:06:30.985, 0, NVIDIA GeForce RTX 3080, 6926, 3126, 10240, 96, 98
2026/08/05 04:06:31.094, 0, NVIDIA GeForce RTX 3080, 6926, 3126, 10240, 96, 98
2026/08/05 04:06:31.203, 0, NVIDIA GeForce RTX 3080, 6926, 3126, 10240, 96, 98
2026/08/05 04:06:31.313, 0, NVIDIA GeForce RTX 3080, 6926, 3126, 10240, 96, 98
2026/08/05 04:06:31.420, 0, NVIDIA GeForce RTX 3080, 6926, 3126, 10240, 96, 98
2026/08/05 04:06:31.529, 0, NVIDIA GeForce RTX 3080, 6926, 3126, 10240, 96, 98
2026/08/05 04:06:31.638, 0, NVIDIA GeForce RTX 3080, 6926, 3126, 10240, 96, 98
2026/08/05 04:06:31.747, 0, NVIDIA GeForce RTX 3080, 6926, 3126, 10240, 96, 98
2026/08/05 04:06:31.857, 0, NVIDIA GeForce RTX 3080, 6926, 3126, 10240, 96, 98
2026/08/05 04:06:31.966, 0, NVIDIA GeForce RTX 3080, 6926, 3126, 10240, 96, 98
2026/08/05 04:06:32.075, 0, NVIDIA GeForce RTX 3080, 6926, 3126, 10240, 96, 98
2026/08/05 04:06:32.184, 0, NVIDIA GeForce RTX 3080, 6926, 3126, 10240, 96, 98
2026/08/05 04:06:32.293, 0, NVIDIA GeForce RTX 3080, 6926, 3126, 10240, 96, 98
2026/08/05 04:06:32.401, 0, NVIDIA GeForce RTX 3080, 6926, 3126, 10240, 97, 98
2026/08/05 04:06:32.511, 0, NVIDIA GeForce RTX 3080, 6926, 3126, 10240, 97, 98
2026/08/05 04:06:32.620, 0, NVIDIA GeForce RTX 3080, 6926, 3126, 10240, 97, 98
2026/08/05 04:06:32.728, 0, NVIDIA GeForce RTX 3080, 6926, 3126, 10240, 97, 98
2026/08/05 04:06:32.838, 0, NVIDIA GeForce RTX 3080, 6926, 3126, 10240, 97, 98
2026/08/05 04:06:32.946, 0, NVIDIA GeForce RTX 3080, 6926, 3126, 10240, 97, 98
2026/08/05 04:06:33.056, 0, NVIDIA GeForce RTX 3080, 6926, 3126, 10240, 97, 98
2026/08/05 04:06:33.165, 0, NVIDIA GeForce RTX 3080, 6926, 3126, 10240, 97, 98
2026/08/05 04:06:33.274, 0, NVIDIA GeForce RTX 3080, 6926, 3126, 10240, 97, 98
2026/08/05 04:06:33.384, 0, NVIDIA GeForce RTX 3080, 6926, 3126, 10240, 97, 98
2026/08/05 04:06:33.493, 0, NVIDIA GeForce RTX 3080, 6926, 3126, 10240, 97, 98
2026/08/05 04:06:33.602, 0, NVIDIA GeForce RTX 3080, 6926, 3126, 10240, 97, 98
2026/08/05 04:06:33.711, 0, NVIDIA GeForce RTX 3080, 6926, 3126, 10240, 97, 98
2026/08/05 04:06:33.821, 0, NVIDIA GeForce RTX 3080, 6926, 3126, 10240, 97, 98
2026/08/05 04:06:33.928, 0, NVIDIA GeForce RTX 3080, 6926, 3126, 10240, 97, 98
2026/08/05 04:06:34.038, 0, NVIDIA GeForce RTX 3080, 6926, 3126, 10240, 97, 98
2026/08/05 04:06:34.147, 0, NVIDIA GeForce RTX 3080, 6926, 3126, 10240, 97, 98
2026/08/05 04:06:34.256, 0, NVIDIA GeForce RTX 3080, 6926, 3126, 10240, 97, 98
2026/08/05 04:06:34.366, 0, NVIDIA GeForce RTX 3080, 6926, 3126, 10240, 96, 98
2026/08/05 04:06:34.474, 0, NVIDIA GeForce RTX 3080, 6926, 3126, 10240, 96, 98
2026/08/05 04:06:34.584, 0, NVIDIA GeForce RTX 3080, 6926, 3126, 10240, 96, 98
2026/08/05 04:06:34.693, 0, NVIDIA GeForce RTX 3080, 6926, 3126, 10240, 96, 98
2026/08/05 04:06:34.802, 0, NVIDIA GeForce RTX 3080, 6926, 3126, 10240, 96, 98
2026/08/05 04:06:34.912, 0, NVIDIA GeForce RTX 3080, 6926, 3126, 10240, 95, 98
2026/08/05 04:06:35.021, 0, NVIDIA GeForce RTX 3080, 6926, 3126, 10240, 95, 98
2026/08/05 04:06:35.130, 0, NVIDIA GeForce RTX 3080, 6926, 3126, 10240, 95, 98
2026/08/05 04:06:35.239, 0, NVIDIA GeForce RTX 3080, 6926, 3126, 10240, 95, 98
2026/08/05 04:06:35.348, 0, NVIDIA GeForce RTX 3080, 6926, 3126, 10240, 96, 98
2026/08/05 04:06:35.458, 0, NVIDIA GeForce RTX 3080, 6926, 3126, 10240, 96, 98
2026/08/05 04:06:35.567, 0, NVIDIA GeForce RTX 3080, 6926, 3126, 10240, 96, 98
2026/08/05 04:06:35.676, 0, NVIDIA GeForce RTX 3080, 6926, 3126, 10240, 96, 98
2026/08/05 04:06:35.785, 0, NVIDIA GeForce RTX 3080, 6926, 3126, 10240, 96, 98
2026/08/05 04:06:35.894, 0, NVIDIA GeForce RTX 3080, 6926, 3126, 10240, 96, 98
2026/08/05 04:06:36.002, 0, NVIDIA GeForce RTX 3080, 6926, 3126, 10240, 96, 98
2026/08/05 04:06:36.112, 0, NVIDIA GeForce RTX 3080, 6926, 3126, 10240, 96, 98
2026/08/05 04:06:36.220, 0, NVIDIA GeForce RTX 3080, 6926, 3126, 10240, 96, 98
2026/08/05 04:06:36.328, 0, NVIDIA GeForce RTX 3080, 6926, 3126, 10240, 96, 98
2026/08/05 04:06:36.438, 0, NVIDIA GeForce RTX 3080, 6926, 3126, 10240, 97, 98
2026/08/05 04:06:36.545, 0, NVIDIA GeForce RTX 3080, 6926, 3126, 10240, 97, 98
2026/08/05 04:06:36.655, 0, NVIDIA GeForce RTX 3080, 6926, 3126, 10240, 97, 98
2026/08/05 04:06:36.764, 0, NVIDIA GeForce RTX 3080, 6926, 3126, 10240, 97, 98
2026/08/05 04:06:36.873, 0, NVIDIA GeForce RTX 3080, 6926, 3126, 10240, 97, 98
2026/08/05 04:06:36.983, 0, NVIDIA GeForce RTX 3080, 6926, 3126, 10240, 97, 98
2026/08/05 04:06:37.093, 0, NVIDIA GeForce RTX 3080, 6926, 3126, 10240, 97, 98
2026/08/05 04:06:37.200, 0, NVIDIA GeForce RTX 3080, 6926, 3126, 10240, 97, 98
2026/08/05 04:06:37.310, 0, NVIDIA GeForce RTX 3080, 6926, 3126, 10240, 97, 98
2026/08/05 04:06:37.418, 0, NVIDIA GeForce RTX 3080, 6926, 3126, 10240, 97, 98
2026/08/05 04:06:37.528, 0, NVIDIA GeForce RTX 3080, 6926, 3126, 10240, 97, 98
2026/08/05 04:06:37.637, 0, NVIDIA GeForce RTX 3080, 6926, 3126, 10240, 97, 98
2026/08/05 04:06:37.746, 0, NVIDIA GeForce RTX 3080, 6926, 3126, 10240, 97, 98
2026/08/05 04:06:37.856, 0, NVIDIA GeForce RTX 3080, 6926, 3126, 10240, 97, 98
2026/08/05 04:06:37.965, 0, NVIDIA GeForce RTX 3080, 6926, 3126, 10240, 97, 98
2026/08/05 04:06:38.069, 0, NVIDIA GeForce RTX 3080, 6926, 3126, 10240, 97, 98
2026/08/05 04:06:38.178, 0, NVIDIA GeForce RTX 3080, 6926, 3126, 10240, 97, 98
2026/08/05 04:06:38.288, 0, NVIDIA GeForce RTX 3080, 6926, 3126, 10240, 97, 98
2026/08/05 04:06:38.397, 0, NVIDIA GeForce RTX 3080, 6926, 3126, 10240, 95, 98
2026/08/05 04:06:38.507, 0, NVIDIA GeForce RTX 3080, 6926, 3126, 10240, 95, 98
2026/08/05 04:06:38.615, 0, NVIDIA GeForce RTX 3080, 6926, 3126, 10240, 95, 98
2026/08/05 04:06:38.725, 0, NVIDIA GeForce RTX 3080, 6926, 3126, 10240, 95, 98
2026/08/05 04:06:38.835, 0, NVIDIA GeForce RTX 3080, 6926, 3126, 10240, 95, 98
2026/08/05 04:06:38.943, 0, NVIDIA GeForce RTX 3080, 6926, 3126, 10240, 95, 98
2026/08/05 04:06:39.053, 0, NVIDIA GeForce RTX 3080, 6926, 3126, 10240, 95, 98
2026/08/05 04:06:39.162, 0, NVIDIA GeForce RTX 3080, 6926, 3126, 10240, 95, 98
2026/08/05 04:06:39.271, 0, NVIDIA GeForce RTX 3080, 6926, 3126, 10240, 95, 98
2026/08/05 04:06:39.380, 0, NVIDIA GeForce RTX 3080, 6926, 3126, 10240, 96, 98
2026/08/05 04:06:39.488, 0, NVIDIA GeForce RTX 3080, 6926, 3126, 10240, 96, 98
2026/08/05 04:06:39.600, 0, NVIDIA GeForce RTX 3080, 6926, 3126, 10240, 96, 98
2026/08/05 04:06:39.712, 0, NVIDIA GeForce RTX 3080, 6926, 3126, 10240, 96, 98
2026/08/05 04:06:39.824, 0, NVIDIA GeForce RTX 3080, 6926, 3126, 10240, 96, 98
2026/08/05 04:06:39.936, 0, NVIDIA GeForce RTX 3080, 6926, 3126, 10240, 95, 98
2026/08/05 04:06:40.048, 0, NVIDIA GeForce RTX 3080, 6926, 3126, 10240, 95, 98
2026/08/05 04:06:40.160, 0, NVIDIA GeForce RTX 3080, 6926, 3126, 10240, 95, 98
2026/08/05 04:06:40.272, 0, NVIDIA GeForce RTX 3080, 6926, 3126, 10240, 95, 98
2026/08/05 04:06:40.384, 0, NVIDIA GeForce RTX 3080, 6926, 3126, 10240, 96, 98
2026/08/05 04:06:40.496, 0, NVIDIA GeForce RTX 3080, 6926, 3126, 10240, 96, 98
2026/08/05 04:06:40.605, 0, NVIDIA GeForce RTX 3080, 6926, 3126, 10240, 96, 98
2026/08/05 04:06:40.714, 0, NVIDIA GeForce RTX 3080, 6926, 3126, 10240, 96, 98
2026/08/05 04:06:40.823, 0, NVIDIA GeForce RTX 3080, 6926, 3126, 10240, 96, 98
2026/08/05 04:06:40.932, 0, NVIDIA GeForce RTX 3080, 6926, 3126, 10240, 97, 98
2026/08/05 04:06:41.040, 0, NVIDIA GeForce RTX 3080, 6926, 3126, 10240, 97, 98
2026/08/05 04:06:41.150, 0, NVIDIA GeForce RTX 3080, 6926, 3126, 10240, 97, 98
2026/08/05 04:06:41.260, 0, NVIDIA GeForce RTX 3080, 6926, 3126, 10240, 97, 98
2026/08/05 04:06:41.368, 0, NVIDIA GeForce RTX 3080, 6926, 3126, 10240, 97, 98
2026/08/05 04:06:41.478, 0, NVIDIA GeForce RTX 3080, 6926, 3126, 10240, 97, 98
2026/08/05 04:06:41.586, 0, NVIDIA GeForce RTX 3080, 6926, 3126, 10240, 97, 98
2026/08/05 04:06:41.696, 0, NVIDIA GeForce RTX 3080, 6926, 3126, 10240, 97, 98
2026/08/05 04:06:41.805, 0, NVIDIA GeForce RTX 3080, 6926, 3126, 10240, 97, 98
2026/08/05 04:06:41.914, 0, NVIDIA GeForce RTX 3080, 6926, 3126, 10240, 97, 98
2026/08/05 04:06:42.023, 0, NVIDIA GeForce RTX 3080, 6926, 3126, 10240, 97, 98
2026/08/05 04:06:42.131, 0, NVIDIA GeForce RTX 3080, 6926, 3126, 10240, 97, 98
2026/08/05 04:06:42.240, 0, NVIDIA GeForce RTX 3080, 6926, 3126, 10240, 97, 98
2026/08/05 04:06:42.349, 0, NVIDIA GeForce RTX 3080, 6926, 3126, 10240, 97, 98
2026/08/05 04:06:42.458, 0, NVIDIA GeForce RTX 3080, 6926, 3126, 10240, 97, 98
2026/08/05 04:06:42.567, 0, NVIDIA GeForce RTX 3080, 6926, 3126, 10240, 97, 98
2026/08/05 04:06:42.676, 0, NVIDIA GeForce RTX 3080, 6926, 3126, 10240, 97, 98
2026/08/05 04:06:42.785, 0, NVIDIA GeForce RTX 3080, 6926, 3126, 10240, 97, 98
2026/08/05 04:06:42.894, 0, NVIDIA GeForce RTX 3080, 6926, 3126, 10240, 95, 98
2026/08/05 04:06:43.004, 0, NVIDIA GeForce RTX 3080, 6926, 3126, 10240, 95, 98
2026/08/05 04:06:43.112, 0, NVIDIA GeForce RTX 3080, 6926, 3126, 10240, 95, 98
2026/08/05 04:06:43.222, 0, NVIDIA GeForce RTX 3080, 6926, 3126, 10240, 95, 98
2026/08/05 04:06:43.331, 0, NVIDIA GeForce RTX 3080, 6926, 3126, 10240, 95, 98
2026/08/05 04:06:43.440, 0, NVIDIA GeForce RTX 3080, 6926, 3126, 10240, 95, 98
2026/08/05 04:06:43.550, 0, NVIDIA GeForce RTX 3080, 6926, 3126, 10240, 95, 98
2026/08/05 04:06:43.658, 0, NVIDIA GeForce RTX 3080, 6926, 3126, 10240, 95, 98
2026/08/05 04:06:43.768, 0, NVIDIA GeForce RTX 3080, 6926, 3126, 10240, 95, 98
2026/08/05 04:06:43.877, 0, NVIDIA GeForce RTX 3080, 6926, 3126, 10240, 95, 98
2026/08/05 04:06:43.986, 0, NVIDIA GeForce RTX 3080, 6926, 3126, 10240, 95, 98
2026/08/05 04:06:44.095, 0, NVIDIA GeForce RTX 3080, 6926, 3126, 10240, 95, 98
2026/08/05 04:06:44.204, 0, NVIDIA GeForce RTX 3080, 6926, 3126, 10240, 95, 98
2026/08/05 04:06:44.305, 0, NVIDIA GeForce RTX 3080, 6926, 3126, 10240, 95, 98
2026/08/05 04:06:44.414, 0, NVIDIA GeForce RTX 3080, 6926, 3126, 10240, 95, 98
2026/08/05 04:06:44.523, 0, NVIDIA GeForce RTX 3080, 6926, 3126, 10240, 95, 98
2026/08/05 04:06:44.632, 0, NVIDIA GeForce RTX 3080, 6926, 3126, 10240, 95, 98
2026/08/05 04:06:44.742, 0, NVIDIA GeForce RTX 3080, 6926, 3126, 10240, 95, 98
2026/08/05 04:06:44.851, 0, NVIDIA GeForce RTX 3080, 6926, 3126, 10240, 93, 97
2026/08/05 04:06:44.959, 0, NVIDIA GeForce RTX 3080, 6926, 3126, 10240, 93, 97
2026/08/05 04:06:45.068, 0, NVIDIA GeForce RTX 3080, 6926, 3126, 10240, 93, 97
2026/08/05 04:06:45.177, 0, NVIDIA GeForce RTX 3080, 6926, 3126, 10240, 93, 97
2026/08/05 04:06:45.286, 0, NVIDIA GeForce RTX 3080, 6926, 3126, 10240, 93, 97
2026/08/05 04:06:45.395, 0, NVIDIA GeForce RTX 3080, 6926, 3126, 10240, 96, 98
2026/08/05 04:06:45.504, 0, NVIDIA GeForce RTX 3080, 6926, 3126, 10240, 96, 98
2026/08/05 04:06:45.613, 0, NVIDIA GeForce RTX 3080, 6926, 3126, 10240, 96, 98
2026/08/05 04:06:45.722, 0, NVIDIA GeForce RTX 3080, 6926, 3126, 10240, 96, 98
2026/08/05 04:06:45.831, 0, NVIDIA GeForce RTX 3080, 6926, 3126, 10240, 96, 98
2026/08/05 04:06:45.941, 0, NVIDIA GeForce RTX 3080, 6926, 3126, 10240, 96, 98
2026/08/05 04:06:46.049, 0, NVIDIA GeForce RTX 3080, 6926, 3126, 10240, 96, 98
2026/08/05 04:06:46.159, 0, NVIDIA GeForce RTX 3080, 6926, 3126, 10240, 96, 98
2026/08/05 04:06:46.267, 0, NVIDIA GeForce RTX 3080, 6926, 3126, 10240, 96, 98
2026/08/05 04:06:46.377, 0, NVIDIA GeForce RTX 3080, 6926, 3126, 10240, 96, 98
2026/08/05 04:06:46.486, 0, NVIDIA GeForce RTX 3080, 6926, 3126, 10240, 96, 98
2026/08/05 04:06:46.595, 0, NVIDIA GeForce RTX 3080, 6926, 3126, 10240, 96, 98
2026/08/05 04:06:46.707, 0, NVIDIA GeForce RTX 3080, 6926, 3126, 10240, 96, 98
2026/08/05 04:06:46.816, 0, NVIDIA GeForce RTX 3080, 6926, 3126, 10240, 96, 98
2026/08/05 04:06:46.925, 0, NVIDIA GeForce RTX 3080, 6926, 3126, 10240, 96, 98
2026/08/05 04:06:47.034, 0, NVIDIA GeForce RTX 3080, 6926, 3126, 10240, 96, 98
2026/08/05 04:06:47.144, 0, NVIDIA GeForce RTX 3080, 6926, 3126, 10240, 96, 98
2026/08/05 04:06:47.252, 0, NVIDIA GeForce RTX 3080, 6926, 3126, 10240, 96, 98
2026/08/05 04:06:47.362, 0, NVIDIA GeForce RTX 3080, 6926, 3126, 10240, 95, 98
2026/08/05 04:06:47.472, 0, NVIDIA GeForce RTX 3080, 6926, 3126, 10240, 95, 98
2026/08/05 04:06:47.580, 0, NVIDIA GeForce RTX 3080, 6926, 3126, 10240, 95, 98
2026/08/05 04:06:47.690, 0, NVIDIA GeForce RTX 3080, 6926, 3126, 10240, 95, 98
2026/08/05 04:06:47.798, 0, NVIDIA GeForce RTX 3080, 6926, 3126, 10240, 95, 98
2026/08/05 04:06:47.907, 0, NVIDIA GeForce RTX 3080, 6926, 3126, 10240, 94, 98
2026/08/05 04:06:48.017, 0, NVIDIA GeForce RTX 3080, 6926, 3126, 10240, 94, 98
2026/08/05 04:06:48.125, 0, NVIDIA GeForce RTX 3080, 6926, 3126, 10240, 94, 98
2026/08/05 04:06:48.235, 0, NVIDIA GeForce RTX 3080, 6926, 3126, 10240, 94, 98
2026/08/05 04:06:48.344, 0, NVIDIA GeForce RTX 3080, 6926, 3126, 10240, 95, 98
2026/08/05 04:06:48.453, 0, NVIDIA GeForce RTX 3080, 6926, 3126, 10240, 95, 98
2026/08/05 04:06:48.563, 0, NVIDIA GeForce RTX 3080, 6926, 3126, 10240, 95, 98
2026/08/05 04:06:48.672, 0, NVIDIA GeForce RTX 3080, 6926, 3126, 10240, 95, 98
2026/08/05 04:06:48.781, 0, NVIDIA GeForce RTX 3080, 6926, 3126, 10240, 95, 98
2026/08/05 04:06:48.890, 0, NVIDIA GeForce RTX 3080, 6926, 3126, 10240, 95, 98
2026/08/05 04:06:49.000, 0, NVIDIA GeForce RTX 3080, 6926, 3126, 10240, 95, 98
2026/08/05 04:06:49.109, 0, NVIDIA GeForce RTX 3080, 6926, 3126, 10240, 95, 98
2026/08/05 04:06:49.218, 0, NVIDIA GeForce RTX 3080, 6926, 3126, 10240, 95, 98
2026/08/05 04:06:49.326, 0, NVIDIA GeForce RTX 3080, 6926, 3126, 10240, 95, 98
2026/08/05 04:06:49.436, 0, NVIDIA GeForce RTX 3080, 6926, 3126, 10240, 95, 98
2026/08/05 04:06:49.545, 0, NVIDIA GeForce RTX 3080, 6926, 3126, 10240, 95, 98
2026/08/05 04:06:49.654, 0, NVIDIA GeForce RTX 3080, 6926, 3126, 10240, 95, 98
2026/08/05 04:06:49.764, 0, NVIDIA GeForce RTX 3080, 6926, 3126, 10240, 95, 98
2026/08/05 04:06:49.872, 0, NVIDIA GeForce RTX 3080, 6926, 3126, 10240, 96, 98
2026/08/05 04:06:49.981, 0, NVIDIA GeForce RTX 3080, 6926, 3126, 10240, 96, 98
2026/08/05 04:06:50.090, 0, NVIDIA GeForce RTX 3080, 6926, 3126, 10240, 96, 98
2026/08/05 04:06:50.198, 0, NVIDIA GeForce RTX 3080, 6926, 3126, 10240, 96, 98
2026/08/05 04:06:50.308, 0, NVIDIA GeForce RTX 3080, 6926, 3126, 10240, 96, 98
2026/08/05 04:06:50.417, 0, NVIDIA GeForce RTX 3080, 6926, 3126, 10240, 96, 98
2026/08/05 04:06:50.526, 0, NVIDIA GeForce RTX 3080, 6926, 3126, 10240, 96, 98
2026/08/05 04:06:50.635, 0, NVIDIA GeForce RTX 3080, 6926, 3126, 10240, 96, 98
2026/08/05 04:06:50.745, 0, NVIDIA GeForce RTX 3080, 6926, 3126, 10240, 96, 98
2026/08/05 04:06:50.853, 0, NVIDIA GeForce RTX 3080, 6926, 3126, 10240, 96, 98
2026/08/05 04:06:50.964, 0, NVIDIA GeForce RTX 3080, 6926, 3126, 10240, 96, 98
2026/08/05 04:06:51.073, 0, NVIDIA GeForce RTX 3080, 6926, 3126, 10240, 96, 98
2026/08/05 04:06:51.182, 0, NVIDIA GeForce RTX 3080, 6926, 3126, 10240, 96, 98
2026/08/05 04:06:51.291, 0, NVIDIA GeForce RTX 3080, 6926, 3126, 10240, 96, 98
2026/08/05 04:06:51.401, 0, NVIDIA GeForce RTX 3080, 6926, 3126, 10240, 95, 98
2026/08/05 04:06:51.510, 0, NVIDIA GeForce RTX 3080, 6926, 3126, 10240, 95, 98
2026/08/05 04:06:51.619, 0, NVIDIA GeForce RTX 3080, 6926, 3126, 10240, 95, 98
2026/08/05 04:06:51.728, 0, NVIDIA GeForce RTX 3080, 6926, 3126, 10240, 95, 98
2026/08/05 04:06:51.837, 0, NVIDIA GeForce RTX 3080, 6926, 3126, 10240, 95, 98
2026/08/05 04:06:51.947, 0, NVIDIA GeForce RTX 3080, 6926, 3126, 10240, 93, 97
2026/08/05 04:06:52.055, 0, NVIDIA GeForce RTX 3080, 6926, 3126, 10240, 93, 97
2026/08/05 04:06:52.165, 0, NVIDIA GeForce RTX 3080, 6926, 3126, 10240, 93, 97
2026/08/05 04:06:52.275, 0, NVIDIA GeForce RTX 3080, 6926, 3126, 10240, 93, 97
2026/08/05 04:06:52.383, 0, NVIDIA GeForce RTX 3080, 6926, 3126, 10240, 94, 98
2026/08/05 04:06:52.493, 0, NVIDIA GeForce RTX 3080, 6926, 3126, 10240, 94, 98
2026/08/05 04:06:52.601, 0, NVIDIA GeForce RTX 3080, 6926, 3126, 10240, 94, 98
2026/08/05 04:06:52.710, 0, NVIDIA GeForce RTX 3080, 6926, 3126, 10240, 94, 98
2026/08/05 04:06:52.819, 0, NVIDIA GeForce RTX 3080, 6926, 3126, 10240, 94, 98
2026/08/05 04:06:52.928, 0, NVIDIA GeForce RTX 3080, 6926, 3126, 10240, 94, 98
2026/08/05 04:06:53.038, 0, NVIDIA GeForce RTX 3080, 6926, 3126, 10240, 94, 98
2026/08/05 04:06:53.147, 0, NVIDIA GeForce RTX 3080, 6926, 3126, 10240, 94, 98
2026/08/05 04:06:53.256, 0, NVIDIA GeForce RTX 3080, 6926, 3126, 10240, 94, 98
2026/08/05 04:06:53.363, 0, NVIDIA GeForce RTX 3080, 6926, 3126, 10240, 94, 98
2026/08/05 04:06:53.473, 0, NVIDIA GeForce RTX 3080, 6926, 3126, 10240, 94, 98
2026/08/05 04:06:53.582, 0, NVIDIA GeForce RTX 3080, 6926, 3126, 10240, 94, 98
2026/08/05 04:06:53.691, 0, NVIDIA GeForce RTX 3080, 6926, 3126, 10240, 94, 98
2026/08/05 04:06:53.801, 0, NVIDIA GeForce RTX 3080, 6926, 3126, 10240, 94, 98
2026/08/05 04:06:53.909, 0, NVIDIA GeForce RTX 3080, 6926, 3126, 10240, 94, 98
2026/08/05 04:06:54.019, 0, NVIDIA GeForce RTX 3080, 6926, 3126, 10240, 94, 98
2026/08/05 04:06:54.127, 0, NVIDIA GeForce RTX 3080, 6926, 3126, 10240, 94, 98
2026/08/05 04:06:54.237, 0, NVIDIA GeForce RTX 3080, 6926, 3126, 10240, 94, 98
2026/08/05 04:06:54.347, 0, NVIDIA GeForce RTX 3080, 6926, 3126, 10240, 92, 95
2026/08/05 04:06:54.455, 0, NVIDIA GeForce RTX 3080, 6926, 3126, 10240, 92, 95
2026/08/05 04:06:54.564, 0, NVIDIA GeForce RTX 3080, 6926, 3126, 10240, 92, 95
2026/08/05 04:06:54.673, 0, NVIDIA GeForce RTX 3080, 6926, 3126, 10240, 92, 95
2026/08/05 04:06:54.782, 0, NVIDIA GeForce RTX 3080, 6926, 3126, 10240, 92, 95
2026/08/05 04:06:54.891, 0, NVIDIA GeForce RTX 3080, 6926, 3126, 10240, 97, 98
2026/08/05 04:06:55.001, 0, NVIDIA GeForce RTX 3080, 6926, 3126, 10240, 97, 98
2026/08/05 04:06:55.110, 0, NVIDIA GeForce RTX 3080, 6926, 3126, 10240, 97, 98
2026/08/05 04:06:55.219, 0, NVIDIA GeForce RTX 3080, 6926, 3126, 10240, 97, 98
2026/08/05 04:06:55.328, 0, NVIDIA GeForce RTX 3080, 6926, 3126, 10240, 97, 98
2026/08/05 04:06:55.437, 0, NVIDIA GeForce RTX 3080, 6926, 3126, 10240, 97, 98
2026/08/05 04:06:55.547, 0, NVIDIA GeForce RTX 3080, 6926, 3126, 10240, 97, 98
2026/08/05 04:06:55.656, 0, NVIDIA GeForce RTX 3080, 6926, 3126, 10240, 97, 98
2026/08/05 04:06:55.765, 0, NVIDIA GeForce RTX 3080, 6926, 3126, 10240, 97, 98
2026/08/05 04:06:55.875, 0, NVIDIA GeForce RTX 3080, 6926, 3126, 10240, 97, 98
2026/08/05 04:06:55.983, 0, NVIDIA GeForce RTX 3080, 6926, 3126, 10240, 97, 98
2026/08/05 04:06:56.093, 0, NVIDIA GeForce RTX 3080, 6926, 3126, 10240, 97, 98
2026/08/05 04:06:56.202, 0, NVIDIA GeForce RTX 3080, 6926, 3126, 10240, 97, 98
2026/08/05 04:06:56.311, 0, NVIDIA GeForce RTX 3080, 6926, 3126, 10240, 97, 98
2026/08/05 04:06:56.421, 0, NVIDIA GeForce RTX 3080, 6926, 3126, 10240, 98, 98
2026/08/05 04:06:56.530, 0, NVIDIA GeForce RTX 3080, 6926, 3126, 10240, 98, 98
2026/08/05 04:06:56.639, 0, NVIDIA GeForce RTX 3080, 6926, 3126, 10240, 98, 98
2026/08/05 04:06:56.748, 0, NVIDIA GeForce RTX 3080, 6926, 3126, 10240, 98, 98
2026/08/05 04:06:56.857, 0, NVIDIA GeForce RTX 3080, 6926, 3126, 10240, 98, 98
2026/08/05 04:06:56.966, 0, NVIDIA GeForce RTX 3080, 6926, 3126, 10240, 98, 98
2026/08/05 04:06:57.076, 0, NVIDIA GeForce RTX 3080, 6926, 3126, 10240, 98, 98
2026/08/05 04:06:57.184, 0, NVIDIA GeForce RTX 3080, 6926, 3126, 10240, 98, 98
2026/08/05 04:06:57.294, 0, NVIDIA GeForce RTX 3080, 6926, 3126, 10240, 98, 98
2026/08/05 04:06:57.403, 0, NVIDIA GeForce RTX 3080, 6926, 3126, 10240, 98, 98
2026/08/05 04:06:57.511, 0, NVIDIA GeForce RTX 3080, 6926, 3126, 10240, 98, 98
2026/08/05 04:06:57.615, 0, NVIDIA GeForce RTX 3080, 6926, 3126, 10240, 98, 98
2026/08/05 04:06:57.724, 0, NVIDIA GeForce RTX 3080, 6926, 3126, 10240, 98, 98
2026/08/05 04:06:57.834, 0, NVIDIA GeForce RTX 3080, 6926, 3126, 10240, 98, 98
2026/08/05 04:06:57.943, 0, NVIDIA GeForce RTX 3080, 6926, 3126, 10240, 98, 98
2026/08/05 04:06:58.052, 0, NVIDIA GeForce RTX 3080, 6926, 3126, 10240, 98, 98
2026/08/05 04:06:58.161, 0, NVIDIA GeForce RTX 3080, 6926, 3126, 10240, 98, 98
2026/08/05 04:06:58.271, 0, NVIDIA GeForce RTX 3080, 6926, 3126, 10240, 98, 98
2026/08/05 04:06:58.379, 0, NVIDIA GeForce RTX 3080, 6926, 3126, 10240, 96, 98
2026/08/05 04:06:58.488, 0, NVIDIA GeForce RTX 3080, 6926, 3126, 10240, 96, 98
2026/08/05 04:06:58.597, 0, NVIDIA GeForce RTX 3080, 6926, 3126, 10240, 96, 98
2026/08/05 04:06:58.707, 0, NVIDIA GeForce RTX 3080, 6926, 3126, 10240, 96, 98
2026/08/05 04:06:58.816, 0, NVIDIA GeForce RTX 3080, 6926, 3126, 10240, 96, 98
2026/08/05 04:06:58.925, 0, NVIDIA GeForce RTX 3080, 6926, 3126, 10240, 95, 98
2026/08/05 04:06:59.034, 0, NVIDIA GeForce RTX 3080, 6926, 3126, 10240, 95, 98
2026/08/05 04:06:59.143, 0, NVIDIA GeForce RTX 3080, 6926, 3126, 10240, 95, 98
2026/08/05 04:06:59.252, 0, NVIDIA GeForce RTX 3080, 6926, 3126, 10240, 95, 98
2026/08/05 04:06:59.361, 0, NVIDIA GeForce RTX 3080, 6926, 3126, 10240, 95, 98
2026/08/05 04:06:59.470, 0, NVIDIA GeForce RTX 3080, 6926, 3126, 10240, 95, 98
2026/08/05 04:06:59.578, 0, NVIDIA GeForce RTX 3080, 6926, 3126, 10240, 95, 98
2026/08/05 04:06:59.688, 0, NVIDIA GeForce RTX 3080, 6926, 3126, 10240, 95, 98
2026/08/05 04:06:59.796, 0, NVIDIA GeForce RTX 3080, 6926, 3126, 10240, 95, 98
2026/08/05 04:06:59.906, 0, NVIDIA GeForce RTX 3080, 6926, 3126, 10240, 96, 98
2026/08/05 04:07:00.014, 0, NVIDIA GeForce RTX 3080, 6926, 3126, 10240, 96, 98
2026/08/05 04:07:00.123, 0, NVIDIA GeForce RTX 3080, 6926, 3126, 10240, 96, 98
2026/08/05 04:07:00.233, 0, NVIDIA GeForce RTX 3080, 6926, 3126, 10240, 96, 98
2026/08/05 04:07:00.342, 0, NVIDIA GeForce RTX 3080, 6926, 3126, 10240, 97, 98
2026/08/05 04:07:00.451, 0, NVIDIA GeForce RTX 3080, 6926, 3126, 10240, 97, 98
2026/08/05 04:07:00.560, 0, NVIDIA GeForce RTX 3080, 6926, 3126, 10240, 97, 98
2026/08/05 04:07:00.670, 0, NVIDIA GeForce RTX 3080, 6926, 3126, 10240, 97, 98
2026/08/05 04:07:00.778, 0, NVIDIA GeForce RTX 3080, 6926, 3126, 10240, 97, 98
2026/08/05 04:07:00.888, 0, NVIDIA GeForce RTX 3080, 6926, 3126, 10240, 97, 98
2026/08/05 04:07:00.997, 0, NVIDIA GeForce RTX 3080, 6926, 3126, 10240, 97, 98
2026/08/05 04:07:01.105, 0, NVIDIA GeForce RTX 3080, 6926, 3126, 10240, 97, 98
2026/08/05 04:07:01.214, 0, NVIDIA GeForce RTX 3080, 6926, 3126, 10240, 97, 98
2026/08/05 04:07:01.322, 0, NVIDIA GeForce RTX 3080, 6926, 3126, 10240, 97, 98
2026/08/05 04:07:01.432, 0, NVIDIA GeForce RTX 3080, 6926, 3126, 10240, 98, 98
2026/08/05 04:07:01.541, 0, NVIDIA GeForce RTX 3080, 6926, 3126, 10240, 98, 98
2026/08/05 04:07:01.650, 0, NVIDIA GeForce RTX 3080, 6926, 3126, 10240, 98, 98
2026/08/05 04:07:01.759, 0, NVIDIA GeForce RTX 3080, 6926, 3126, 10240, 98, 98
2026/08/05 04:07:01.868, 0, NVIDIA GeForce RTX 3080, 6926, 3126, 10240, 97, 98
2026/08/05 04:07:01.978, 0, NVIDIA GeForce RTX 3080, 6926, 3126, 10240, 97, 98
2026/08/05 04:07:02.086, 0, NVIDIA GeForce RTX 3080, 6926, 3126, 10240, 97, 98
2026/08/05 04:07:02.186, 0, NVIDIA GeForce RTX 3080, 6926, 3126, 10240, 97, 98
2026/08/05 04:07:02.296, 0, NVIDIA GeForce RTX 3080, 6926, 3126, 10240, 97, 98
2026/08/05 04:07:02.405, 0, NVIDIA GeForce RTX 3080, 6926, 3126, 10240, 96, 98
2026/08/05 04:07:02.514, 0, NVIDIA GeForce RTX 3080, 6926, 3126, 10240, 96, 98
2026/08/05 04:07:02.624, 0, NVIDIA GeForce RTX 3080, 6926, 3126, 10240, 96, 98
2026/08/05 04:07:02.732, 0, NVIDIA GeForce RTX 3080, 6926, 3126, 10240, 96, 98
2026/08/05 04:07:02.842, 0, NVIDIA GeForce RTX 3080, 6926, 3126, 10240, 96, 98
2026/08/05 04:07:02.951, 0, NVIDIA GeForce RTX 3080, 6926, 3126, 10240, 96, 98
2026/08/05 04:07:03.060, 0, NVIDIA GeForce RTX 3080, 6926, 3126, 10240, 96, 98
2026/08/05 04:07:03.169, 0, NVIDIA GeForce RTX 3080, 6926, 3126, 10240, 96, 98
2026/08/05 04:07:03.278, 0, NVIDIA GeForce RTX 3080, 6926, 3126, 10240, 96, 98
2026/08/05 04:07:03.388, 0, NVIDIA GeForce RTX 3080, 6926, 3126, 10240, 96, 98
2026/08/05 04:07:03.496, 0, NVIDIA GeForce RTX 3080, 6926, 3126, 10240, 96, 98
2026/08/05 04:07:03.605, 0, NVIDIA GeForce RTX 3080, 6926, 3126, 10240, 96, 98
2026/08/05 04:07:03.713, 0, NVIDIA GeForce RTX 3080, 6926, 3126, 10240, 96, 98
2026/08/05 04:07:03.823, 0, NVIDIA GeForce RTX 3080, 6926, 3126, 10240, 96, 98
2026/08/05 04:07:03.932, 0, NVIDIA GeForce RTX 3080, 6926, 3126, 10240, 96, 98
2026/08/05 04:07:04.041, 0, NVIDIA GeForce RTX 3080, 6926, 3126, 10240, 96, 98
2026/08/05 04:07:04.151, 0, NVIDIA GeForce RTX 3080, 6926, 3126, 10240, 96, 98
2026/08/05 04:07:04.259, 0, NVIDIA GeForce RTX 3080, 6926, 3126, 10240, 96, 98
2026/08/05 04:07:04.369, 0, NVIDIA GeForce RTX 3080, 6926, 3126, 10240, 97, 98
2026/08/05 04:07:04.477, 0, NVIDIA GeForce RTX 3080, 6926, 3126, 10240, 97, 98
2026/08/05 04:07:04.587, 0, NVIDIA GeForce RTX 3080, 6926, 3126, 10240, 97, 98
2026/08/05 04:07:04.696, 0, NVIDIA GeForce RTX 3080, 6926, 3126, 10240, 97, 98
2026/08/05 04:07:04.806, 0, NVIDIA GeForce RTX 3080, 6926, 3126, 10240, 97, 98
2026/08/05 04:07:04.915, 0, NVIDIA GeForce RTX 3080, 6926, 3126, 10240, 97, 98
2026/08/05 04:07:05.024, 0, NVIDIA GeForce RTX 3080, 6926, 3126, 10240, 97, 98
2026/08/05 04:07:05.133, 0, NVIDIA GeForce RTX 3080, 6926, 3126, 10240, 97, 98
2026/08/05 04:07:05.242, 0, NVIDIA GeForce RTX 3080, 6926, 3126, 10240, 97, 98
2026/08/05 04:07:05.351, 0, NVIDIA GeForce RTX 3080, 6926, 3126, 10240, 97, 98
2026/08/05 04:07:05.459, 0, NVIDIA GeForce RTX 3080, 6926, 3126, 10240, 97, 98
2026/08/05 04:07:05.569, 0, NVIDIA GeForce RTX 3080, 6926, 3126, 10240, 97, 98
2026/08/05 04:07:05.677, 0, NVIDIA GeForce RTX 3080, 6926, 3126, 10240, 97, 98
2026/08/05 04:07:05.787, 0, NVIDIA GeForce RTX 3080, 6926, 3126, 10240, 97, 98
2026/08/05 04:07:05.896, 0, NVIDIA GeForce RTX 3080, 6926, 3126, 10240, 97, 98
2026/08/05 04:07:06.005, 0, NVIDIA GeForce RTX 3080, 6926, 3126, 10240, 97, 98
2026/08/05 04:07:06.115, 0, NVIDIA GeForce RTX 3080, 6926, 3126, 10240, 97, 98
2026/08/05 04:07:06.224, 0, NVIDIA GeForce RTX 3080, 6926, 3126, 10240, 97, 98
2026/08/05 04:07:06.333, 0, NVIDIA GeForce RTX 3080, 6926, 3126, 10240, 97, 98
2026/08/05 04:07:06.442, 0, NVIDIA GeForce RTX 3080, 6926, 3126, 10240, 95, 98
2026/08/05 04:07:06.552, 0, NVIDIA GeForce RTX 3080, 6926, 3126, 10240, 95, 98
2026/08/05 04:07:06.661, 0, NVIDIA GeForce RTX 3080, 6926, 3126, 10240, 95, 98
2026/08/05 04:07:06.770, 0, NVIDIA GeForce RTX 3080, 6926, 3126, 10240, 95, 98
2026/08/05 04:07:06.880, 0, NVIDIA GeForce RTX 3080, 6926, 3126, 10240, 95, 98
2026/08/05 04:07:06.988, 0, NVIDIA GeForce RTX 3080, 6926, 3126, 10240, 95, 98
2026/08/05 04:07:07.098, 0, NVIDIA GeForce RTX 3080, 6926, 3126, 10240, 95, 98
2026/08/05 04:07:07.206, 0, NVIDIA GeForce RTX 3080, 6926, 3126, 10240, 95, 98
2026/08/05 04:07:07.316, 0, NVIDIA GeForce RTX 3080, 6926, 3126, 10240, 95, 98
2026/08/05 04:07:07.425, 0, NVIDIA GeForce RTX 3080, 6926, 3126, 10240, 95, 98
2026/08/05 04:07:07.534, 0, NVIDIA GeForce RTX 3080, 6926, 3126, 10240, 95, 98
2026/08/05 04:07:07.644, 0, NVIDIA GeForce RTX 3080, 6926, 3126, 10240, 95, 98
2026/08/05 04:07:07.753, 0, NVIDIA GeForce RTX 3080, 6926, 3126, 10240, 95, 98
2026/08/05 04:07:07.861, 0, NVIDIA GeForce RTX 3080, 6926, 3126, 10240, 95, 98
2026/08/05 04:07:07.970, 0, NVIDIA GeForce RTX 3080, 6926, 3126, 10240, 95, 98
2026/08/05 04:07:08.080, 0, NVIDIA GeForce RTX 3080, 6926, 3126, 10240, 95, 98
2026/08/05 04:07:08.189, 0, NVIDIA GeForce RTX 3080, 6926, 3126, 10240, 95, 98
2026/08/05 04:07:08.298, 0, NVIDIA GeForce RTX 3080, 6926, 3126, 10240, 95, 98
2026/08/05 04:07:08.407, 0, NVIDIA GeForce RTX 3080, 6926, 3126, 10240, 97, 98
2026/08/05 04:07:08.516, 0, NVIDIA GeForce RTX 3080, 6926, 3126, 10240, 97, 98
2026/08/05 04:07:08.626, 0, NVIDIA GeForce RTX 3080, 6926, 3126, 10240, 97, 98
2026/08/05 04:07:08.735, 0, NVIDIA GeForce RTX 3080, 6926, 3126, 10240, 97, 98
2026/08/05 04:07:08.844, 0, NVIDIA GeForce RTX 3080, 6926, 3126, 10240, 97, 98
2026/08/05 04:07:08.953, 0, NVIDIA GeForce RTX 3080, 6926, 3126, 10240, 97, 98
2026/08/05 04:07:09.062, 0, NVIDIA GeForce RTX 3080, 6926, 3126, 10240, 97, 98
2026/08/05 04:07:09.171, 0, NVIDIA GeForce RTX 3080, 6926, 3126, 10240, 97, 98
2026/08/05 04:07:09.281, 0, NVIDIA GeForce RTX 3080, 6926, 3126, 10240, 97, 98
2026/08/05 04:07:09.389, 0, NVIDIA GeForce RTX 3080, 6926, 3126, 10240, 97, 98
2026/08/05 04:07:09.499, 0, NVIDIA GeForce RTX 3080, 6926, 3126, 10240, 97, 98
2026/08/05 04:07:09.608, 0, NVIDIA GeForce RTX 3080, 6926, 3126, 10240, 97, 98
2026/08/05 04:07:09.716, 0, NVIDIA GeForce RTX 3080, 6926, 3126, 10240, 97, 98
2026/08/05 04:07:09.826, 0, NVIDIA GeForce RTX 3080, 6926, 3126, 10240, 97, 98
2026/08/05 04:07:09.934, 0, NVIDIA GeForce RTX 3080, 6926, 3126, 10240, 97, 98
2026/08/05 04:07:10.044, 0, NVIDIA GeForce RTX 3080, 6926, 3126, 10240, 97, 98
2026/08/05 04:07:10.153, 0, NVIDIA GeForce RTX 3080, 6926, 3126, 10240, 97, 98
2026/08/05 04:07:10.262, 0, NVIDIA GeForce RTX 3080, 6926, 3126, 10240, 97, 98
2026/08/05 04:07:10.371, 0, NVIDIA GeForce RTX 3080, 6926, 3126, 10240, 97, 98
2026/08/05 04:07:10.481, 0, NVIDIA GeForce RTX 3080, 6926, 3126, 10240, 97, 98
2026/08/05 04:07:10.590, 0, NVIDIA GeForce RTX 3080, 6926, 3126, 10240, 97, 98
2026/08/05 04:07:10.699, 0, NVIDIA GeForce RTX 3080, 6926, 3126, 10240, 97, 98
2026/08/05 04:07:10.808, 0, NVIDIA GeForce RTX 3080, 6926, 3126, 10240, 97, 98
2026/08/05 04:07:10.917, 0, NVIDIA GeForce RTX 3080, 6926, 3126, 10240, 95, 98
2026/08/05 04:07:11.027, 0, NVIDIA GeForce RTX 3080, 6926, 3126, 10240, 95, 98
2026/08/05 04:07:11.135, 0, NVIDIA GeForce RTX 3080, 6926, 3126, 10240, 95, 98
2026/08/05 04:07:11.245, 0, NVIDIA GeForce RTX 3080, 6926, 3126, 10240, 95, 98
2026/08/05 04:07:11.354, 0, NVIDIA GeForce RTX 3080, 6926, 3126, 10240, 95, 98
2026/08/05 04:07:11.462, 0, NVIDIA GeForce RTX 3080, 6926, 3126, 10240, 95, 98
2026/08/05 04:07:11.572, 0, NVIDIA GeForce RTX 3080, 6926, 3126, 10240, 95, 98
2026/08/05 04:07:11.681, 0, NVIDIA GeForce RTX 3080, 6926, 3126, 10240, 95, 98
2026/08/05 04:07:11.789, 0, NVIDIA GeForce RTX 3080, 6926, 3126, 10240, 95, 98
2026/08/05 04:07:11.899, 0, NVIDIA GeForce RTX 3080, 6926, 3126, 10240, 95, 98
2026/08/05 04:07:12.007, 0, NVIDIA GeForce RTX 3080, 6926, 3126, 10240, 95, 98
2026/08/05 04:07:12.116, 0, NVIDIA GeForce RTX 3080, 6926, 3126, 10240, 95, 98
2026/08/05 04:07:12.225, 0, NVIDIA GeForce RTX 3080, 6926, 3126, 10240, 95, 98
2026/08/05 04:07:12.334, 0, NVIDIA GeForce RTX 3080, 6926, 3126, 10240, 95, 98
2026/08/05 04:07:12.444, 0, NVIDIA GeForce RTX 3080, 6926, 3126, 10240, 95, 98
2026/08/05 04:07:12.553, 0, NVIDIA GeForce RTX 3080, 6926, 3126, 10240, 95, 98
2026/08/05 04:07:12.662, 0, NVIDIA GeForce RTX 3080, 6926, 3126, 10240, 95, 98
2026/08/05 04:07:12.771, 0, NVIDIA GeForce RTX 3080, 6926, 3126, 10240, 95, 98
2026/08/05 04:07:12.881, 0, NVIDIA GeForce RTX 3080, 6926, 3126, 10240, 96, 98
2026/08/05 04:07:12.989, 0, NVIDIA GeForce RTX 3080, 6926, 3126, 10240, 96, 98
2026/08/05 04:07:13.095, 0, NVIDIA GeForce RTX 3080, 6926, 3126, 10240, 96, 98
2026/08/05 04:07:13.204, 0, NVIDIA GeForce RTX 3080, 6926, 3126, 10240, 96, 98
2026/08/05 04:07:13.313, 0, NVIDIA GeForce RTX 3080, 6926, 3126, 10240, 96, 98
2026/08/05 04:07:13.423, 0, NVIDIA GeForce RTX 3080, 6926, 3126, 10240, 96, 98
2026/08/05 04:07:13.531, 0, NVIDIA GeForce RTX 3080, 6926, 3126, 10240, 96, 98
2026/08/05 04:07:13.641, 0, NVIDIA GeForce RTX 3080, 6926, 3126, 10240, 96, 98
2026/08/05 04:07:13.750, 0, NVIDIA GeForce RTX 3080, 6926, 3126, 10240, 96, 98
2026/08/05 04:07:13.858, 0, NVIDIA GeForce RTX 3080, 6926, 3126, 10240, 96, 98
2026/08/05 04:07:13.968, 0, NVIDIA GeForce RTX 3080, 6926, 3126, 10240, 96, 98
2026/08/05 04:07:14.076, 0, NVIDIA GeForce RTX 3080, 6926, 3126, 10240, 96, 98
2026/08/05 04:07:14.186, 0, NVIDIA GeForce RTX 3080, 6926, 3126, 10240, 96, 98
2026/08/05 04:07:14.295, 0, NVIDIA GeForce RTX 3080, 6926, 3126, 10240, 96, 98
2026/08/05 04:07:14.404, 0, NVIDIA GeForce RTX 3080, 6926, 3126, 10240, 96, 98
2026/08/05 04:07:14.514, 0, NVIDIA GeForce RTX 3080, 6926, 3126, 10240, 96, 98
2026/08/05 04:07:14.623, 0, NVIDIA GeForce RTX 3080, 6926, 3126, 10240, 96, 98
2026/08/05 04:07:14.732, 0, NVIDIA GeForce RTX 3080, 6926, 3126, 10240, 96, 98
2026/08/05 04:07:14.841, 0, NVIDIA GeForce RTX 3080, 6926, 3126, 10240, 96, 98
2026/08/05 04:07:14.951, 0, NVIDIA GeForce RTX 3080, 6926, 3126, 10240, 96, 98
2026/08/05 04:07:15.059, 0, NVIDIA GeForce RTX 3080, 6926, 3126, 10240, 96, 98
2026/08/05 04:07:15.169, 0, NVIDIA GeForce RTX 3080, 6926, 3126, 10240, 96, 98
2026/08/05 04:07:15.278, 0, NVIDIA GeForce RTX 3080, 6926, 3126, 10240, 96, 98
2026/08/05 04:07:15.387, 0, NVIDIA GeForce RTX 3080, 6926, 3126, 10240, 94, 98
2026/08/05 04:07:15.497, 0, NVIDIA GeForce RTX 3080, 6926, 3126, 10240, 94, 98
2026/08/05 04:07:15.605, 0, NVIDIA GeForce RTX 3080, 6926, 3126, 10240, 94, 98
2026/08/05 04:07:15.715, 0, NVIDIA GeForce RTX 3080, 6926, 3126, 10240, 94, 98
2026/08/05 04:07:15.824, 0, NVIDIA GeForce RTX 3080, 6926, 3126, 10240, 94, 98
2026/08/05 04:07:15.933, 0, NVIDIA GeForce RTX 3080, 6926, 3126, 10240, 95, 98
2026/08/05 04:07:16.041, 0, NVIDIA GeForce RTX 3080, 6926, 3126, 10240, 95, 98
2026/08/05 04:07:16.151, 0, NVIDIA GeForce RTX 3080, 6926, 3126, 10240, 95, 98
2026/08/05 04:07:16.258, 0, NVIDIA GeForce RTX 3080, 6926, 3126, 10240, 95, 98
2026/08/05 04:07:16.368, 0, NVIDIA GeForce RTX 3080, 6926, 3126, 10240, 95, 98
2026/08/05 04:07:16.476, 0, NVIDIA GeForce RTX 3080, 6926, 3126, 10240, 95, 98
2026/08/05 04:07:16.586, 0, NVIDIA GeForce RTX 3080, 6926, 3126, 10240, 95, 98
2026/08/05 04:07:16.695, 0, NVIDIA GeForce RTX 3080, 6926, 3126, 10240, 95, 98
2026/08/05 04:07:16.804, 0, NVIDIA GeForce RTX 3080, 6926, 3126, 10240, 95, 98
2026/08/05 04:07:16.914, 0, NVIDIA GeForce RTX 3080, 6926, 3126, 10240, 95, 98
2026/08/05 04:07:17.019, 0, NVIDIA GeForce RTX 3080, 6926, 3126, 10240, 95, 98
2026/08/05 04:07:17.127, 0, NVIDIA GeForce RTX 3080, 6926, 3126, 10240, 95, 98
2026/08/05 04:07:17.236, 0, NVIDIA GeForce RTX 3080, 6926, 3126, 10240, 95, 98
2026/08/05 04:07:17.345, 0, NVIDIA GeForce RTX 3080, 6926, 3126, 10240, 93, 96
2026/08/05 04:07:17.455, 0, NVIDIA GeForce RTX 3080, 6926, 3126, 10240, 93, 96
2026/08/05 04:07:17.564, 0, NVIDIA GeForce RTX 3080, 6926, 3126, 10240, 93, 96
2026/08/05 04:07:17.673, 0, NVIDIA GeForce RTX 3080, 6926, 3126, 10240, 93, 96
2026/08/05 04:07:17.782, 0, NVIDIA GeForce RTX 3080, 6926, 3126, 10240, 93, 96
2026/08/05 04:07:17.892, 0, NVIDIA GeForce RTX 3080, 6926, 3126, 10240, 96, 98
2026/08/05 04:07:18.000, 0, NVIDIA GeForce RTX 3080, 6926, 3126, 10240, 96, 98
2026/08/05 04:07:18.109, 0, NVIDIA GeForce RTX 3080, 6926, 3126, 10240, 96, 98
2026/08/05 04:07:18.214, 0, NVIDIA GeForce RTX 3080, 6926, 3126, 10240, 96, 98
2026/08/05 04:07:18.324, 0, NVIDIA GeForce RTX 3080, 6926, 3126, 10240, 96, 98
2026/08/05 04:07:18.433, 0, NVIDIA GeForce RTX 3080, 6926, 3126, 10240, 96, 98
2026/08/05 04:07:18.542, 0, NVIDIA GeForce RTX 3080, 6926, 3126, 10240, 96, 98
2026/08/05 04:07:18.652, 0, NVIDIA GeForce RTX 3080, 6926, 3126, 10240, 96, 98
2026/08/05 04:07:18.761, 0, NVIDIA GeForce RTX 3080, 6926, 3126, 10240, 96, 98
2026/08/05 04:07:18.870, 0, NVIDIA GeForce RTX 3080, 6926, 3126, 10240, 96, 98
2026/08/05 04:07:18.979, 0, NVIDIA GeForce RTX 3080, 6926, 3126, 10240, 96, 98
2026/08/05 04:07:19.088, 0, NVIDIA GeForce RTX 3080, 6926, 3126, 10240, 96, 98
2026/08/05 04:07:19.198, 0, NVIDIA GeForce RTX 3080, 6926, 3126, 10240, 96, 98
2026/08/05 04:07:19.307, 0, NVIDIA GeForce RTX 3080, 6926, 3126, 10240, 96, 98
2026/08/05 04:07:19.417, 0, NVIDIA GeForce RTX 3080, 6926, 3126, 10240, 96, 98
2026/08/05 04:07:19.525, 0, NVIDIA GeForce RTX 3080, 6926, 3126, 10240, 96, 98
2026/08/05 04:07:19.635, 0, NVIDIA GeForce RTX 3080, 6926, 3126, 10240, 96, 98
2026/08/05 04:07:19.743, 0, NVIDIA GeForce RTX 3080, 6926, 3126, 10240, 96, 98
2026/08/05 04:07:19.853, 0, NVIDIA GeForce RTX 3080, 6926, 3126, 10240, 94, 98
2026/08/05 04:07:19.963, 0, NVIDIA GeForce RTX 3080, 6926, 3126, 10240, 94, 98
2026/08/05 04:07:20.071, 0, NVIDIA GeForce RTX 3080, 6926, 3126, 10240, 94, 98
2026/08/05 04:07:20.181, 0, NVIDIA GeForce RTX 3080, 6926, 3126, 10240, 94, 98
2026/08/05 04:07:20.290, 0, NVIDIA GeForce RTX 3080, 6926, 3126, 10240, 94, 98
2026/08/05 04:07:20.397, 0, NVIDIA GeForce RTX 3080, 6926, 3126, 10240, 94, 98
2026/08/05 04:07:20.507, 0, NVIDIA GeForce RTX 3080, 6926, 3126, 10240, 94, 98
2026/08/05 04:07:20.615, 0, NVIDIA GeForce RTX 3080, 6926, 3126, 10240, 94, 98
2026/08/05 04:07:20.725, 0, NVIDIA GeForce RTX 3080, 6926, 3126, 10240, 94, 98
2026/08/05 04:07:20.834, 0, NVIDIA GeForce RTX 3080, 6926, 3126, 10240, 94, 98
2026/08/05 04:07:20.943, 0, NVIDIA GeForce RTX 3080, 6926, 3126, 10240, 94, 98
2026/08/05 04:07:21.052, 0, NVIDIA GeForce RTX 3080, 6926, 3126, 10240, 94, 98
2026/08/05 04:07:21.161, 0, NVIDIA GeForce RTX 3080, 6926, 3126, 10240, 94, 98
2026/08/05 04:07:21.270, 0, NVIDIA GeForce RTX 3080, 6926, 3126, 10240, 94, 98
2026/08/05 04:07:21.379, 0, NVIDIA GeForce RTX 3080, 6926, 3126, 10240, 94, 98
2026/08/05 04:07:21.488, 0, NVIDIA GeForce RTX 3080, 6926, 3126, 10240, 94, 98
2026/08/05 04:07:21.598, 0, NVIDIA GeForce RTX 3080, 6926, 3126, 10240, 94, 98
2026/08/05 04:07:21.702, 0, NVIDIA GeForce RTX 3080, 6926, 3126, 10240, 94, 98
2026/08/05 04:07:21.811, 0, NVIDIA GeForce RTX 3080, 6926, 3126, 10240, 94, 98
2026/08/05 04:07:21.920, 0, NVIDIA GeForce RTX 3080, 6926, 3126, 10240, 94, 98
2026/08/05 04:07:22.030, 0, NVIDIA GeForce RTX 3080, 6926, 3126, 10240, 94, 98
2026/08/05 04:07:22.139, 0, NVIDIA GeForce RTX 3080, 6926, 3126, 10240, 94, 98
2026/08/05 04:07:22.248, 0, NVIDIA GeForce RTX 3080, 6926, 3126, 10240, 94, 98
2026/08/05 04:07:22.357, 0, NVIDIA GeForce RTX 3080, 6926, 3126, 10240, 97, 98
2026/08/05 04:07:22.466, 0, NVIDIA GeForce RTX 3080, 6926, 3126, 10240, 97, 98
2026/08/05 04:07:22.576, 0, NVIDIA GeForce RTX 3080, 6926, 3126, 10240, 97, 98
2026/08/05 04:07:22.684, 0, NVIDIA GeForce RTX 3080, 6926, 3126, 10240, 97, 98
2026/08/05 04:07:22.794, 0, NVIDIA GeForce RTX 3080, 6926, 3126, 10240, 97, 98
2026/08/05 04:07:22.903, 0, NVIDIA GeForce RTX 3080, 6926, 3126, 10240, 97, 98
2026/08/05 04:07:23.012, 0, NVIDIA GeForce RTX 3080, 6926, 3126, 10240, 97, 98
2026/08/05 04:07:23.122, 0, NVIDIA GeForce RTX 3080, 6926, 3126, 10240, 97, 98
2026/08/05 04:07:23.230, 0, NVIDIA GeForce RTX 3080, 6926, 3126, 10240, 97, 98
2026/08/05 04:07:23.339, 0, NVIDIA GeForce RTX 3080, 6926, 3126, 10240, 97, 98
2026/08/05 04:07:23.448, 0, NVIDIA GeForce RTX 3080, 6926, 3126, 10240, 97, 98
2026/08/05 04:07:23.557, 0, NVIDIA GeForce RTX 3080, 6926, 3126, 10240, 97, 98
2026/08/05 04:07:23.666, 0, NVIDIA GeForce RTX 3080, 6926, 3126, 10240, 97, 98
2026/08/05 04:07:23.775, 0, NVIDIA GeForce RTX 3080, 6926, 3126, 10240, 97, 98
2026/08/05 04:07:23.884, 0, NVIDIA GeForce RTX 3080, 6926, 3126, 10240, 97, 98
2026/08/05 04:07:23.993, 0, NVIDIA GeForce RTX 3080, 6926, 3126, 10240, 97, 98
2026/08/05 04:07:24.103, 0, NVIDIA GeForce RTX 3080, 6926, 3126, 10240, 97, 98
2026/08/05 04:07:24.211, 0, NVIDIA GeForce RTX 3080, 6926, 3126, 10240, 97, 98
2026/08/05 04:07:24.321, 0, NVIDIA GeForce RTX 3080, 6926, 3126, 10240, 97, 98
2026/08/05 04:07:24.430, 0, NVIDIA GeForce RTX 3080, 6926, 3126, 10240, 98, 98
2026/08/05 04:07:24.539, 0, NVIDIA GeForce RTX 3080, 6926, 3126, 10240, 98, 98
2026/08/05 04:07:24.648, 0, NVIDIA GeForce RTX 3080, 6926, 3126, 10240, 98, 98
2026/08/05 04:07:24.757, 0, NVIDIA GeForce RTX 3080, 6926, 3126, 10240, 98, 98
2026/08/05 04:07:24.866, 0, NVIDIA GeForce RTX 3080, 6926, 3126, 10240, 98, 98
2026/08/05 04:07:24.974, 0, NVIDIA GeForce RTX 3080, 6926, 3126, 10240, 98, 98
2026/08/05 04:07:25.078, 0, NVIDIA GeForce RTX 3080, 6926, 3126, 10240, 98, 98
2026/08/05 04:07:25.186, 0, NVIDIA GeForce RTX 3080, 6926, 3126, 10240, 98, 98
2026/08/05 04:07:25.295, 0, NVIDIA GeForce RTX 3080, 6926, 3126, 10240, 98, 98
2026/08/05 04:07:25.404, 0, NVIDIA GeForce RTX 3080, 6926, 3126, 10240, 98, 98
2026/08/05 04:07:25.514, 0, NVIDIA GeForce RTX 3080, 6926, 3126, 10240, 98, 98
2026/08/05 04:07:25.623, 0, NVIDIA GeForce RTX 3080, 6926, 3126, 10240, 98, 98
2026/08/05 04:07:25.732, 0, NVIDIA GeForce RTX 3080, 6926, 3126, 10240, 98, 98
2026/08/05 04:07:25.842, 0, NVIDIA GeForce RTX 3080, 6926, 3126, 10240, 97, 97
2026/08/05 04:07:25.950, 0, NVIDIA GeForce RTX 3080, 6926, 3126, 10240, 97, 97
2026/08/05 04:07:26.059, 0, NVIDIA GeForce RTX 3080, 6926, 3126, 10240, 97, 97
2026/08/05 04:07:26.167, 0, NVIDIA GeForce RTX 3080, 6926, 3126, 10240, 97, 97
2026/08/05 04:07:26.277, 0, NVIDIA GeForce RTX 3080, 6926, 3126, 10240, 97, 97
2026/08/05 04:07:26.386, 0, NVIDIA GeForce RTX 3080, 6926, 3126, 10240, 95, 98
2026/08/05 04:07:26.495, 0, NVIDIA GeForce RTX 3080, 6926, 3126, 10240, 95, 98
2026/08/05 04:07:26.605, 0, NVIDIA GeForce RTX 3080, 6926, 3126, 10240, 95, 98
2026/08/05 04:07:26.714, 0, NVIDIA GeForce RTX 3080, 6926, 3126, 10240, 95, 98
2026/08/05 04:07:26.823, 0, NVIDIA GeForce RTX 3080, 6926, 3126, 10240, 95, 98
2026/08/05 04:07:26.933, 0, NVIDIA GeForce RTX 3080, 6926, 3126, 10240, 95, 98
2026/08/05 04:07:27.042, 0, NVIDIA GeForce RTX 3080, 6926, 3126, 10240, 95, 98
2026/08/05 04:07:27.146, 0, NVIDIA GeForce RTX 3080, 6926, 3126, 10240, 95, 98
2026/08/05 04:07:27.255, 0, NVIDIA GeForce RTX 3080, 6926, 3126, 10240, 95, 98
2026/08/05 04:07:27.363, 0, NVIDIA GeForce RTX 3080, 6926, 3126, 10240, 96, 98
2026/08/05 04:07:27.473, 0, NVIDIA GeForce RTX 3080, 6926, 3126, 10240, 96, 98
2026/08/05 04:07:27.583, 0, NVIDIA GeForce RTX 3080, 6926, 3126, 10240, 96, 98
2026/08/05 04:07:27.691, 0, NVIDIA GeForce RTX 3080, 6926, 3126, 10240, 96, 98
2026/08/05 04:07:27.801, 0, NVIDIA GeForce RTX 3080, 6926, 3126, 10240, 96, 98
2026/08/05 04:07:27.910, 0, NVIDIA GeForce RTX 3080, 6926, 3126, 10240, 94, 97
2026/08/05 04:07:28.018, 0, NVIDIA GeForce RTX 3080, 6926, 3126, 10240, 94, 97
2026/08/05 04:07:28.127, 0, NVIDIA GeForce RTX 3080, 6926, 3126, 10240, 94, 97
2026/08/05 04:07:28.236, 0, NVIDIA GeForce RTX 3080, 6926, 3126, 10240, 94, 97
2026/08/05 04:07:28.345, 0, NVIDIA GeForce RTX 3080, 6926, 3126, 10240, 97, 98
2026/08/05 04:07:28.454, 0, NVIDIA GeForce RTX 3080, 6926, 3126, 10240, 97, 98
2026/08/05 04:07:28.563, 0, NVIDIA GeForce RTX 3080, 6926, 3126, 10240, 97, 98
2026/08/05 04:07:28.672, 0, NVIDIA GeForce RTX 3080, 6926, 3126, 10240, 97, 98
2026/08/05 04:07:28.782, 0, NVIDIA GeForce RTX 3080, 6926, 3126, 10240, 97, 98
2026/08/05 04:07:28.891, 0, NVIDIA GeForce RTX 3080, 6926, 3126, 10240, 97, 98
2026/08/05 04:07:29.000, 0, NVIDIA GeForce RTX 3080, 6926, 3126, 10240, 97, 98
2026/08/05 04:07:29.110, 0, NVIDIA GeForce RTX 3080, 6926, 3126, 10240, 97, 98
2026/08/05 04:07:29.218, 0, NVIDIA GeForce RTX 3080, 6926, 3126, 10240, 97, 98
2026/08/05 04:07:29.327, 0, NVIDIA GeForce RTX 3080, 6926, 3126, 10240, 97, 98
2026/08/05 04:07:29.436, 0, NVIDIA GeForce RTX 3080, 6926, 3126, 10240, 97, 98
2026/08/05 04:07:29.545, 0, NVIDIA GeForce RTX 3080, 6926, 3126, 10240, 97, 98
2026/08/05 04:07:29.654, 0, NVIDIA GeForce RTX 3080, 6926, 3126, 10240, 97, 98
2026/08/05 04:07:29.763, 0, NVIDIA GeForce RTX 3080, 6926, 3126, 10240, 97, 98
2026/08/05 04:07:29.872, 0, NVIDIA GeForce RTX 3080, 6926, 3126, 10240, 94, 97
2026/08/05 04:07:29.981, 0, NVIDIA GeForce RTX 3080, 6926, 3126, 10240, 94, 97
2026/08/05 04:07:30.088, 0, NVIDIA GeForce RTX 3080, 6926, 3126, 10240, 94, 97
2026/08/05 04:07:30.198, 0, NVIDIA GeForce RTX 3080, 6926, 3126, 10240, 94, 97
2026/08/05 04:07:30.306, 0, NVIDIA GeForce RTX 3080, 6926, 3126, 10240, 94, 97
2026/08/05 04:07:30.416, 0, NVIDIA GeForce RTX 3080, 6926, 3126, 10240, 96, 98
2026/08/05 04:07:30.526, 0, NVIDIA GeForce RTX 3080, 6926, 3126, 10240, 96, 98
2026/08/05 04:07:30.634, 0, NVIDIA GeForce RTX 3080, 6926, 3126, 10240, 96, 98
2026/08/05 04:07:30.744, 0, NVIDIA GeForce RTX 3080, 6926, 3126, 10240, 96, 98
2026/08/05 04:07:30.852, 0, NVIDIA GeForce RTX 3080, 6926, 3126, 10240, 96, 98
2026/08/05 04:07:30.961, 0, NVIDIA GeForce RTX 3080, 6926, 3126, 10240, 96, 98
2026/08/05 04:07:31.070, 0, NVIDIA GeForce RTX 3080, 6926, 3126, 10240, 96, 98
2026/08/05 04:07:31.180, 0, NVIDIA GeForce RTX 3080, 6926, 3126, 10240, 96, 98
2026/08/05 04:07:31.289, 0, NVIDIA GeForce RTX 3080, 6926, 3126, 10240, 96, 98
2026/08/05 04:07:31.398, 0, NVIDIA GeForce RTX 3080, 6926, 3126, 10240, 96, 98
2026/08/05 04:07:31.507, 0, NVIDIA GeForce RTX 3080, 6926, 3126, 10240, 96, 98
2026/08/05 04:07:31.616, 0, NVIDIA GeForce RTX 3080, 6926, 3126, 10240, 96, 98
2026/08/05 04:07:31.726, 0, NVIDIA GeForce RTX 3080, 6926, 3126, 10240, 96, 98
2026/08/05 04:07:31.834, 0, NVIDIA GeForce RTX 3080, 6926, 3126, 10240, 96, 98
2026/08/05 04:07:31.944, 0, NVIDIA GeForce RTX 3080, 6926, 3126, 10240, 95, 98
2026/08/05 04:07:32.053, 0, NVIDIA GeForce RTX 3080, 6926, 3126, 10240, 95, 98
2026/08/05 04:07:32.162, 0, NVIDIA GeForce RTX 3080, 6926, 3126, 10240, 95, 98
2026/08/05 04:07:32.272, 0, NVIDIA GeForce RTX 3080, 6926, 3126, 10240, 95, 98
2026/08/05 04:07:32.381, 0, NVIDIA GeForce RTX 3080, 6926, 3126, 10240, 97, 98
2026/08/05 04:07:32.490, 0, NVIDIA GeForce RTX 3080, 6926, 3126, 10240, 97, 98
2026/08/05 04:07:32.599, 0, NVIDIA GeForce RTX 3080, 6926, 3126, 10240, 97, 98
2026/08/05 04:07:32.708, 0, NVIDIA GeForce RTX 3080, 6926, 3126, 10240, 97, 98
2026/08/05 04:07:32.818, 0, NVIDIA GeForce RTX 3080, 6926, 3126, 10240, 97, 98
2026/08/05 04:07:32.927, 0, NVIDIA GeForce RTX 3080, 6926, 3126, 10240, 97, 98
2026/08/05 04:07:33.036, 0, NVIDIA GeForce RTX 3080, 6926, 3126, 10240, 97, 98
2026/08/05 04:07:33.145, 0, NVIDIA GeForce RTX 3080, 6926, 3126, 10240, 97, 98
2026/08/05 04:07:33.254, 0, NVIDIA GeForce RTX 3080, 6926, 3126, 10240, 97, 98
2026/08/05 04:07:33.362, 0, NVIDIA GeForce RTX 3080, 6926, 3126, 10240, 97, 98
2026/08/05 04:07:33.472, 0, NVIDIA GeForce RTX 3080, 6926, 3126, 10240, 97, 98
2026/08/05 04:07:33.582, 0, NVIDIA GeForce RTX 3080, 6926, 3126, 10240, 97, 98
2026/08/05 04:07:33.690, 0, NVIDIA GeForce RTX 3080, 6926, 3126, 10240, 97, 98
2026/08/05 04:07:33.800, 0, NVIDIA GeForce RTX 3080, 6926, 3126, 10240, 97, 98
2026/08/05 04:07:33.908, 0, NVIDIA GeForce RTX 3080, 6926, 3126, 10240, 97, 98
2026/08/05 04:07:34.017, 0, NVIDIA GeForce RTX 3080, 6926, 3126, 10240, 97, 98
2026/08/05 04:07:34.126, 0, NVIDIA GeForce RTX 3080, 6926, 3126, 10240, 97, 98
2026/08/05 04:07:34.235, 0, NVIDIA GeForce RTX 3080, 6926, 3126, 10240, 97, 98
2026/08/05 04:07:34.345, 0, NVIDIA GeForce RTX 3080, 6926, 3126, 10240, 95, 98
2026/08/05 04:07:34.454, 0, NVIDIA GeForce RTX 3080, 6926, 3126, 10240, 95, 98
2026/08/05 04:07:34.563, 0, NVIDIA GeForce RTX 3080, 6926, 3126, 10240, 95, 98
2026/08/05 04:07:34.673, 0, NVIDIA GeForce RTX 3080, 6926, 3126, 10240, 95, 98
2026/08/05 04:07:34.781, 0, NVIDIA GeForce RTX 3080, 6926, 3126, 10240, 95, 98
2026/08/05 04:07:34.890, 0, NVIDIA GeForce RTX 3080, 6926, 3126, 10240, 95, 98
2026/08/05 04:07:34.999, 0, NVIDIA GeForce RTX 3080, 6926, 3126, 10240, 95, 98
2026/08/05 04:07:35.108, 0, NVIDIA GeForce RTX 3080, 6926, 3126, 10240, 95, 98
2026/08/05 04:07:35.218, 0, NVIDIA GeForce RTX 3080, 6926, 3126, 10240, 95, 98
2026/08/05 04:07:35.327, 0, NVIDIA GeForce RTX 3080, 6926, 3126, 10240, 95, 98
2026/08/05 04:07:35.436, 0, NVIDIA GeForce RTX 3080, 6926, 3126, 10240, 95, 98
2026/08/05 04:07:35.546, 0, NVIDIA GeForce RTX 3080, 6926, 3126, 10240, 95, 98
2026/08/05 04:07:35.655, 0, NVIDIA GeForce RTX 3080, 6926, 3126, 10240, 95, 98
2026/08/05 04:07:35.764, 0, NVIDIA GeForce RTX 3080, 6926, 3126, 10240, 95, 98
2026/08/05 04:07:35.873, 0, NVIDIA GeForce RTX 3080, 6926, 3126, 10240, 95, 98
2026/08/05 04:07:35.982, 0, NVIDIA GeForce RTX 3080, 6926, 3126, 10240, 95, 98
2026/08/05 04:07:36.090, 0, NVIDIA GeForce RTX 3080, 6926, 3126, 10240, 95, 98
2026/08/05 04:07:36.200, 0, NVIDIA GeForce RTX 3080, 6926, 3126, 10240, 95, 98
2026/08/05 04:07:36.310, 0, NVIDIA GeForce RTX 3080, 6926, 3126, 10240, 95, 98
2026/08/05 04:07:36.418, 0, NVIDIA GeForce RTX 3080, 6926, 3126, 10240, 96, 98
2026/08/05 04:07:36.528, 0, NVIDIA GeForce RTX 3080, 6926, 3126, 10240, 96, 98
2026/08/05 04:07:36.636, 0, NVIDIA GeForce RTX 3080, 6926, 3126, 10240, 96, 98
2026/08/05 04:07:36.745, 0, NVIDIA GeForce RTX 3080, 6926, 3126, 10240, 96, 98
2026/08/05 04:07:36.854, 0, NVIDIA GeForce RTX 3080, 6926, 3126, 10240, 97, 98
2026/08/05 04:07:36.963, 0, NVIDIA GeForce RTX 3080, 6926, 3126, 10240, 97, 98
2026/08/05 04:07:37.072, 0, NVIDIA GeForce RTX 3080, 6926, 3126, 10240, 97, 98
2026/08/05 04:07:37.181, 0, NVIDIA GeForce RTX 3080, 6926, 3126, 10240, 97, 98
2026/08/05 04:07:37.290, 0, NVIDIA GeForce RTX 3080, 6926, 3126, 10240, 97, 98
2026/08/05 04:07:37.399, 0, NVIDIA GeForce RTX 3080, 6926, 3126, 10240, 96, 98
2026/08/05 04:07:37.508, 0, NVIDIA GeForce RTX 3080, 6926, 3126, 10240, 96, 98
2026/08/05 04:07:37.618, 0, NVIDIA GeForce RTX 3080, 6926, 3126, 10240, 96, 98
2026/08/05 04:07:37.727, 0, NVIDIA GeForce RTX 3080, 6926, 3126, 10240, 96, 98
2026/08/05 04:07:37.836, 0, NVIDIA GeForce RTX 3080, 6926, 3126, 10240, 96, 98
2026/08/05 04:07:37.945, 0, NVIDIA GeForce RTX 3080, 6926, 3126, 10240, 96, 98
2026/08/05 04:07:38.054, 0, NVIDIA GeForce RTX 3080, 6926, 3126, 10240, 96, 98
2026/08/05 04:07:38.163, 0, NVIDIA GeForce RTX 3080, 6926, 3126, 10240, 96, 98
2026/08/05 04:07:38.272, 0, NVIDIA GeForce RTX 3080, 6926, 3126, 10240, 96, 98
2026/08/05 04:07:38.382, 0, NVIDIA GeForce RTX 3080, 6926, 3126, 10240, 94, 97
2026/08/05 04:07:38.490, 0, NVIDIA GeForce RTX 3080, 6926, 3126, 10240, 94, 97
2026/08/05 04:07:38.600, 0, NVIDIA GeForce RTX 3080, 6926, 3126, 10240, 94, 97
2026/08/05 04:07:38.710, 0, NVIDIA GeForce RTX 3080, 6926, 3126, 10240, 94, 97
2026/08/05 04:07:38.818, 0, NVIDIA GeForce RTX 3080, 6926, 3126, 10240, 94, 97
2026/08/05 04:07:38.928, 0, NVIDIA GeForce RTX 3080, 6926, 3126, 10240, 95, 98
2026/08/05 04:07:39.036, 0, NVIDIA GeForce RTX 3080, 6926, 3126, 10240, 95, 98
2026/08/05 04:07:39.146, 0, NVIDIA GeForce RTX 3080, 6926, 3126, 10240, 95, 98
2026/08/05 04:07:39.254, 0, NVIDIA GeForce RTX 3080, 6926, 3126, 10240, 95, 98
2026/08/05 04:07:39.362, 0, NVIDIA GeForce RTX 3080, 6926, 3126, 10240, 95, 98
2026/08/05 04:07:39.471, 0, NVIDIA GeForce RTX 3080, 6926, 3126, 10240, 95, 98
2026/08/05 04:07:39.581, 0, NVIDIA GeForce RTX 3080, 6926, 3126, 10240, 95, 98
2026/08/05 04:07:39.690, 0, NVIDIA GeForce RTX 3080, 6926, 3126, 10240, 95, 98
2026/08/05 04:07:39.799, 0, NVIDIA GeForce RTX 3080, 6926, 3126, 10240, 95, 98
2026/08/05 04:07:39.908, 0, NVIDIA GeForce RTX 3080, 6926, 3126, 10240, 95, 98
2026/08/05 04:07:40.017, 0, NVIDIA GeForce RTX 3080, 6926, 3126, 10240, 95, 98
2026/08/05 04:07:40.127, 0, NVIDIA GeForce RTX 3080, 6926, 3126, 10240, 95, 98
2026/08/05 04:07:40.235, 0, NVIDIA GeForce RTX 3080, 6926, 3126, 10240, 95, 98
2026/08/05 04:07:40.345, 0, NVIDIA GeForce RTX 3080, 6926, 3126, 10240, 95, 98
2026/08/05 04:07:40.455, 0, NVIDIA GeForce RTX 3080, 6926, 3126, 10240, 95, 98
2026/08/05 04:07:40.563, 0, NVIDIA GeForce RTX 3080, 6926, 3126, 10240, 95, 98
2026/08/05 04:07:40.673, 0, NVIDIA GeForce RTX 3080, 6926, 3126, 10240, 95, 98
2026/08/05 04:07:40.782, 0, NVIDIA GeForce RTX 3080, 6926, 3126, 10240, 95, 98
2026/08/05 04:07:40.891, 0, NVIDIA GeForce RTX 3080, 6926, 3126, 10240, 96, 98
2026/08/05 04:07:41.000, 0, NVIDIA GeForce RTX 3080, 6926, 3126, 10240, 96, 98
2026/08/05 04:07:41.110, 0, NVIDIA GeForce RTX 3080, 6926, 3126, 10240, 96, 98
2026/08/05 04:07:41.219, 0, NVIDIA GeForce RTX 3080, 6926, 3126, 10240, 96, 98
2026/08/05 04:07:41.328, 0, NVIDIA GeForce RTX 3080, 6926, 3126, 10240, 96, 98
2026/08/05 04:07:41.437, 0, NVIDIA GeForce RTX 3080, 6926, 3126, 10240, 96, 98
2026/08/05 04:07:41.546, 0, NVIDIA GeForce RTX 3080, 6926, 3126, 10240, 96, 98
2026/08/05 04:07:41.655, 0, NVIDIA GeForce RTX 3080, 6926, 3126, 10240, 96, 98
2026/08/05 04:07:41.764, 0, NVIDIA GeForce RTX 3080, 6926, 3126, 10240, 96, 98
2026/08/05 04:07:41.873, 0, NVIDIA GeForce RTX 3080, 6926, 3126, 10240, 96, 98
2026/08/05 04:07:41.982, 0, NVIDIA GeForce RTX 3080, 6926, 3126, 10240, 96, 98
2026/08/05 04:07:42.090, 0, NVIDIA GeForce RTX 3080, 6926, 3126, 10240, 96, 98
2026/08/05 04:07:42.200, 0, NVIDIA GeForce RTX 3080, 6926, 3126, 10240, 96, 98
2026/08/05 04:07:42.303, 0, NVIDIA GeForce RTX 3080, 6926, 3126, 10240, 96, 98
2026/08/05 04:07:42.413, 0, NVIDIA GeForce RTX 3080, 6926, 3126, 10240, 96, 98
2026/08/05 04:07:42.522, 0, NVIDIA GeForce RTX 3080, 6926, 3126, 10240, 96, 98
2026/08/05 04:07:42.631, 0, NVIDIA GeForce RTX 3080, 6926, 3126, 10240, 96, 98
2026/08/05 04:07:42.741, 0, NVIDIA GeForce RTX 3080, 6926, 3126, 10240, 96, 98
2026/08/05 04:07:42.850, 0, NVIDIA GeForce RTX 3080, 6926, 3126, 10240, 93, 97
2026/08/05 04:07:42.959, 0, NVIDIA GeForce RTX 3080, 6926, 3126, 10240, 93, 97
2026/08/05 04:07:43.068, 0, NVIDIA GeForce RTX 3080, 6926, 3126, 10240, 93, 97
2026/08/05 04:07:43.177, 0, NVIDIA GeForce RTX 3080, 6926, 3126, 10240, 93, 97
2026/08/05 04:07:43.287, 0, NVIDIA GeForce RTX 3080, 6926, 3126, 10240, 93, 97
2026/08/05 04:07:43.396, 0, NVIDIA GeForce RTX 3080, 6926, 3126, 10240, 95, 98
2026/08/05 04:07:43.505, 0, NVIDIA GeForce RTX 3080, 6926, 3126, 10240, 95, 98
2026/08/05 04:07:43.614, 0, NVIDIA GeForce RTX 3080, 6926, 3126, 10240, 95, 98
2026/08/05 04:07:43.724, 0, NVIDIA GeForce RTX 3080, 6926, 3126, 10240, 95, 98
2026/08/05 04:07:43.832, 0, NVIDIA GeForce RTX 3080, 6926, 3126, 10240, 95, 98
2026/08/05 04:07:43.942, 0, NVIDIA GeForce RTX 3080, 6926, 3126, 10240, 95, 98
2026/08/05 04:07:44.051, 0, NVIDIA GeForce RTX 3080, 6926, 3126, 10240, 95, 98
2026/08/05 04:07:44.159, 0, NVIDIA GeForce RTX 3080, 6926, 3126, 10240, 95, 98
2026/08/05 04:07:44.269, 0, NVIDIA GeForce RTX 3080, 6926, 3126, 10240, 95, 98
2026/08/05 04:07:44.377, 0, NVIDIA GeForce RTX 3080, 6926, 3126, 10240, 95, 98
2026/08/05 04:07:44.486, 0, NVIDIA GeForce RTX 3080, 6926, 3126, 10240, 95, 98
2026/08/05 04:07:44.595, 0, NVIDIA GeForce RTX 3080, 6926, 3126, 10240, 95, 98
2026/08/05 04:07:44.704, 0, NVIDIA GeForce RTX 3080, 6926, 3126, 10240, 95, 98
2026/08/05 04:07:44.812, 0, NVIDIA GeForce RTX 3080, 6926, 3126, 10240, 95, 98
2026/08/05 04:07:44.922, 0, NVIDIA GeForce RTX 3080, 6926, 3126, 10240, 95, 98
2026/08/05 04:07:45.031, 0, NVIDIA GeForce RTX 3080, 6926, 3126, 10240, 95, 98
2026/08/05 04:07:45.140, 0, NVIDIA GeForce RTX 3080, 6926, 3126, 10240, 95, 98
2026/08/05 04:07:45.250, 0, NVIDIA GeForce RTX 3080, 6926, 3126, 10240, 95, 98
2026/08/05 04:07:45.358, 0, NVIDIA GeForce RTX 3080, 6926, 3126, 10240, 96, 98
2026/08/05 04:07:45.468, 0, NVIDIA GeForce RTX 3080, 6926, 3126, 10240, 96, 98
2026/08/05 04:07:45.577, 0, NVIDIA GeForce RTX 3080, 6926, 3126, 10240, 96, 98
2026/08/05 04:07:45.686, 0, NVIDIA GeForce RTX 3080, 6926, 3126, 10240, 96, 98
2026/08/05 04:07:45.795, 0, NVIDIA GeForce RTX 3080, 6926, 3126, 10240, 96, 98
2026/08/05 04:07:45.903, 0, NVIDIA GeForce RTX 3080, 6926, 3126, 10240, 96, 98
2026/08/05 04:07:46.013, 0, NVIDIA GeForce RTX 3080, 6926, 3126, 10240, 96, 98
2026/08/05 04:07:46.122, 0, NVIDIA GeForce RTX 3080, 6926, 3126, 10240, 96, 98
2026/08/05 04:07:46.231, 0, NVIDIA GeForce RTX 3080, 6926, 3126, 10240, 96, 98
2026/08/05 04:07:46.340, 0, NVIDIA GeForce RTX 3080, 6926, 3126, 10240, 96, 98
2026/08/05 04:07:46.450, 0, NVIDIA GeForce RTX 3080, 6926, 3126, 10240, 96, 98
2026/08/05 04:07:46.559, 0, NVIDIA GeForce RTX 3080, 6926, 3126, 10240, 96, 98
2026/08/05 04:07:46.668, 0, NVIDIA GeForce RTX 3080, 6926, 3126, 10240, 96, 98
2026/08/05 04:07:46.777, 0, NVIDIA GeForce RTX 3080, 6926, 3126, 10240, 96, 98
2026/08/05 04:07:46.886, 0, NVIDIA GeForce RTX 3080, 6926, 3126, 10240, 96, 98
2026/08/05 04:07:46.996, 0, NVIDIA GeForce RTX 3080, 6926, 3126, 10240, 96, 98
2026/08/05 04:07:47.105, 0, NVIDIA GeForce RTX 3080, 6926, 3126, 10240, 96, 98
2026/08/05 04:07:47.215, 0, NVIDIA GeForce RTX 3080, 6926, 3126, 10240, 96, 98
2026/08/05 04:07:47.325, 0, NVIDIA GeForce RTX 3080, 6926, 3126, 10240, 96, 98
2026/08/05 04:07:47.433, 0, NVIDIA GeForce RTX 3080, 6926, 3126, 10240, 96, 98
2026/08/05 04:07:47.543, 0, NVIDIA GeForce RTX 3080, 6926, 3126, 10240, 96, 98
2026/08/05 04:07:47.652, 0, NVIDIA GeForce RTX 3080, 6926, 3126, 10240, 96, 98
2026/08/05 04:07:47.760, 0, NVIDIA GeForce RTX 3080, 6926, 3126, 10240, 96, 98
2026/08/05 04:07:47.870, 0, NVIDIA GeForce RTX 3080, 6926, 3126, 10240, 94, 98
2026/08/05 04:07:47.978, 0, NVIDIA GeForce RTX 3080, 6926, 3126, 10240, 94, 98
2026/08/05 04:07:48.087, 0, NVIDIA GeForce RTX 3080, 6926, 3126, 10240, 94, 98
2026/08/05 04:07:48.196, 0, NVIDIA GeForce RTX 3080, 6926, 3126, 10240, 94, 98
2026/08/05 04:07:48.305, 0, NVIDIA GeForce RTX 3080, 6926, 3126, 10240, 94, 98
2026/08/05 04:07:48.415, 0, NVIDIA GeForce RTX 3080, 6926, 3126, 10240, 94, 98
2026/08/05 04:07:48.524, 0, NVIDIA GeForce RTX 3080, 6926, 3126, 10240, 94, 98
2026/08/05 04:07:48.633, 0, NVIDIA GeForce RTX 3080, 6926, 3126, 10240, 94, 98
2026/08/05 04:07:48.742, 0, NVIDIA GeForce RTX 3080, 6926, 3126, 10240, 94, 98
2026/08/05 04:07:48.851, 0, NVIDIA GeForce RTX 3080, 6926, 3126, 10240, 94, 98
2026/08/05 04:07:48.959, 0, NVIDIA GeForce RTX 3080, 6926, 3126, 10240, 94, 98
2026/08/05 04:07:49.069, 0, NVIDIA GeForce RTX 3080, 6926, 3126, 10240, 94, 98
2026/08/05 04:07:49.177, 0, NVIDIA GeForce RTX 3080, 6926, 3126, 10240, 94, 98
2026/08/05 04:07:49.287, 0, NVIDIA GeForce RTX 3080, 6926, 3126, 10240, 94, 98
2026/08/05 04:07:49.396, 0, NVIDIA GeForce RTX 3080, 6926, 3126, 10240, 94, 98
2026/08/05 04:07:49.505, 0, NVIDIA GeForce RTX 3080, 6926, 3126, 10240, 94, 98
2026/08/05 04:07:49.614, 0, NVIDIA GeForce RTX 3080, 6926, 3126, 10240, 94, 98
2026/08/05 04:07:49.724, 0, NVIDIA GeForce RTX 3080, 6926, 3126, 10240, 94, 98
2026/08/05 04:07:49.832, 0, NVIDIA GeForce RTX 3080, 6926, 3126, 10240, 94, 98
2026/08/05 04:07:49.942, 0, NVIDIA GeForce RTX 3080, 6926, 3126, 10240, 94, 98
2026/08/05 04:07:50.052, 0, NVIDIA GeForce RTX 3080, 6926, 3126, 10240, 94, 98
2026/08/05 04:07:50.160, 0, NVIDIA GeForce RTX 3080, 6926, 3126, 10240, 94, 98
2026/08/05 04:07:50.270, 0, NVIDIA GeForce RTX 3080, 6926, 3126, 10240, 94, 98
2026/08/05 04:07:50.378, 0, NVIDIA GeForce RTX 3080, 6926, 3126, 10240, 97, 98
2026/08/05 04:07:50.488, 0, NVIDIA GeForce RTX 3080, 6926, 3126, 10240, 97, 98
2026/08/05 04:07:50.596, 0, NVIDIA GeForce RTX 3080, 6926, 3126, 10240, 97, 98
2026/08/05 04:07:50.706, 0, NVIDIA GeForce RTX 3080, 6926, 3126, 10240, 97, 98
2026/08/05 04:07:50.815, 0, NVIDIA GeForce RTX 3080, 6926, 3126, 10240, 97, 98
2026/08/05 04:07:50.924, 0, NVIDIA GeForce RTX 3080, 6926, 3126, 10240, 97, 98
2026/08/05 04:07:51.033, 0, NVIDIA GeForce RTX 3080, 6926, 3126, 10240, 97, 98
2026/08/05 04:07:51.142, 0, NVIDIA GeForce RTX 3080, 6926, 3126, 10240, 97, 98
2026/08/05 04:07:51.252, 0, NVIDIA GeForce RTX 3080, 6926, 3126, 10240, 97, 98
2026/08/05 04:07:51.360, 0, NVIDIA GeForce RTX 3080, 6926, 3126, 10240, 97, 98
2026/08/05 04:07:51.462, 0, NVIDIA GeForce RTX 3080, 6926, 3126, 10240, 97, 98
2026/08/05 04:07:51.571, 0, NVIDIA GeForce RTX 3080, 6926, 3126, 10240, 97, 98
2026/08/05 04:07:51.681, 0, NVIDIA GeForce RTX 3080, 6926, 3126, 10240, 97, 98
2026/08/05 04:07:51.790, 0, NVIDIA GeForce RTX 3080, 6926, 3126, 10240, 97, 98
2026/08/05 04:07:51.899, 0, NVIDIA GeForce RTX 3080, 6926, 3126, 10240, 95, 96
2026/08/05 04:07:52.008, 0, NVIDIA GeForce RTX 3080, 6926, 3126, 10240, 95, 96
2026/08/05 04:07:52.117, 0, NVIDIA GeForce RTX 3080, 6926, 3126, 10240, 95, 96
2026/08/05 04:07:52.226, 0, NVIDIA GeForce RTX 3080, 6926, 3126, 10240, 95, 96
2026/08/05 04:07:52.336, 0, NVIDIA GeForce RTX 3080, 6926, 3126, 10240, 95, 96
2026/08/05 04:07:52.445, 0, NVIDIA GeForce RTX 3080, 6926, 3126, 10240, 98, 98
2026/08/05 04:07:52.554, 0, NVIDIA GeForce RTX 3080, 6926, 3126, 10240, 98, 98
2026/08/05 04:07:52.663, 0, NVIDIA GeForce RTX 3080, 6926, 3126, 10240, 98, 98
2026/08/05 04:07:52.771, 0, NVIDIA GeForce RTX 3080, 6926, 3126, 10240, 98, 98
2026/08/05 04:07:52.881, 0, NVIDIA GeForce RTX 3080, 6926, 3126, 10240, 98, 98
2026/08/05 04:07:52.991, 0, NVIDIA GeForce RTX 3080, 6926, 3126, 10240, 98, 98
2026/08/05 04:07:53.099, 0, NVIDIA GeForce RTX 3080, 6926, 3126, 10240, 98, 98
2026/08/05 04:07:53.209, 0, NVIDIA GeForce RTX 3080, 6926, 3126, 10240, 98, 98
2026/08/05 04:07:53.318, 0, NVIDIA GeForce RTX 3080, 6926, 3126, 10240, 98, 98
2026/08/05 04:07:53.427, 0, NVIDIA GeForce RTX 3080, 6926, 3126, 10240, 98, 98
2026/08/05 04:07:53.537, 0, NVIDIA GeForce RTX 3080, 6926, 3126, 10240, 98, 98
2026/08/05 04:07:53.645, 0, NVIDIA GeForce RTX 3080, 6926, 3126, 10240, 98, 98
2026/08/05 04:07:53.755, 0, NVIDIA GeForce RTX 3080, 6926, 3126, 10240, 98, 98
2026/08/05 04:07:53.863, 0, NVIDIA GeForce RTX 3080, 6926, 3126, 10240, 96, 98
2026/08/05 04:07:53.972, 0, NVIDIA GeForce RTX 3080, 6926, 3126, 10240, 96, 98
2026/08/05 04:07:54.081, 0, NVIDIA GeForce RTX 3080, 6926, 3126, 10240, 96, 98
2026/08/05 04:07:54.190, 0, NVIDIA GeForce RTX 3080, 6926, 3126, 10240, 96, 98
2026/08/05 04:07:54.298, 0, NVIDIA GeForce RTX 3080, 6926, 3126, 10240, 96, 98
2026/08/05 04:07:54.407, 0, NVIDIA GeForce RTX 3080, 6926, 3126, 10240, 96, 98
2026/08/05 04:07:54.516, 0, NVIDIA GeForce RTX 3080, 6926, 3126, 10240, 96, 98
2026/08/05 04:07:54.625, 0, NVIDIA GeForce RTX 3080, 6926, 3126, 10240, 96, 98
2026/08/05 04:07:54.735, 0, NVIDIA GeForce RTX 3080, 6926, 3126, 10240, 96, 98
2026/08/05 04:07:54.843, 0, NVIDIA GeForce RTX 3080, 6926, 3126, 10240, 96, 98
2026/08/05 04:07:54.952, 0, NVIDIA GeForce RTX 3080, 6926, 3126, 10240, 95, 98
2026/08/05 04:07:55.061, 0, NVIDIA GeForce RTX 3080, 6926, 3126, 10240, 95, 98
2026/08/05 04:07:55.169, 0, NVIDIA GeForce RTX 3080, 6926, 3126, 10240, 95, 98
2026/08/05 04:07:55.279, 0, NVIDIA GeForce RTX 3080, 6926, 3126, 10240, 95, 98
2026/08/05 04:07:55.387, 0, NVIDIA GeForce RTX 3080, 6926, 3126, 10240, 96, 98
2026/08/05 04:07:55.494, 0, NVIDIA GeForce RTX 3080, 6926, 3126, 10240, 96, 98
2026/08/05 04:07:55.602, 0, NVIDIA GeForce RTX 3080, 6926, 3126, 10240, 96, 98
2026/08/05 04:07:55.711, 0, NVIDIA GeForce RTX 3080, 6926, 3126, 10240, 96, 98
2026/08/05 04:07:55.820, 0, NVIDIA GeForce RTX 3080, 6926, 3126, 10240, 96, 98
2026/08/05 04:07:55.930, 0, NVIDIA GeForce RTX 3080, 6926, 3126, 10240, 97, 98
2026/08/05 04:07:56.039, 0, NVIDIA GeForce RTX 3080, 6926, 3126, 10240, 97, 98
2026/08/05 04:07:56.148, 0, NVIDIA GeForce RTX 3080, 6926, 3126, 10240, 97, 98
2026/08/05 04:07:56.257, 0, NVIDIA GeForce RTX 3080, 6926, 3126, 10240, 97, 98
2026/08/05 04:07:56.366, 0, NVIDIA GeForce RTX 3080, 6926, 3126, 10240, 97, 98
2026/08/05 04:07:56.476, 0, NVIDIA GeForce RTX 3080, 6926, 3126, 10240, 97, 98
2026/08/05 04:07:56.584, 0, NVIDIA GeForce RTX 3080, 6926, 3126, 10240, 97, 98
2026/08/05 04:07:56.694, 0, NVIDIA GeForce RTX 3080, 6926, 3126, 10240, 97, 98
2026/08/05 04:07:56.802, 0, NVIDIA GeForce RTX 3080, 6926, 3126, 10240, 97, 98
2026/08/05 04:07:56.911, 0, NVIDIA GeForce RTX 3080, 6926, 3126, 10240, 97, 98
2026/08/05 04:07:57.021, 0, NVIDIA GeForce RTX 3080, 6926, 3126, 10240, 97, 98
2026/08/05 04:07:57.130, 0, NVIDIA GeForce RTX 3080, 6926, 3126, 10240, 97, 98
2026/08/05 04:07:57.239, 0, NVIDIA GeForce RTX 3080, 6926, 3126, 10240, 97, 98
2026/08/05 04:07:57.348, 0, NVIDIA GeForce RTX 3080, 6926, 3126, 10240, 97, 98
2026/08/05 04:07:57.457, 0, NVIDIA GeForce RTX 3080, 6926, 3126, 10240, 97, 98
2026/08/05 04:07:57.566, 0, NVIDIA GeForce RTX 3080, 6926, 3126, 10240, 97, 98
2026/08/05 04:07:57.676, 0, NVIDIA GeForce RTX 3080, 6926, 3126, 10240, 97, 98
2026/08/05 04:07:57.784, 0, NVIDIA GeForce RTX 3080, 6926, 3126, 10240, 97, 98
2026/08/05 04:07:57.894, 0, NVIDIA GeForce RTX 3080, 6926, 3126, 10240, 96, 98
2026/08/05 04:07:58.003, 0, NVIDIA GeForce RTX 3080, 6926, 3126, 10240, 96, 98
2026/08/05 04:07:58.112, 0, NVIDIA GeForce RTX 3080, 6926, 3126, 10240, 96, 98
2026/08/05 04:07:58.221, 0, NVIDIA GeForce RTX 3080, 6926, 3126, 10240, 96, 98
2026/08/05 04:07:58.331, 0, NVIDIA GeForce RTX 3080, 6926, 3126, 10240, 96, 98
2026/08/05 04:07:58.440, 0, NVIDIA GeForce RTX 3080, 6926, 3126, 10240, 96, 98
2026/08/05 04:07:58.549, 0, NVIDIA GeForce RTX 3080, 6926, 3126, 10240, 96, 98
2026/08/05 04:07:58.658, 0, NVIDIA GeForce RTX 3080, 6926, 3126, 10240, 96, 98
2026/08/05 04:07:58.766, 0, NVIDIA GeForce RTX 3080, 6926, 3126, 10240, 96, 98
2026/08/05 04:07:58.876, 0, NVIDIA GeForce RTX 3080, 6926, 3126, 10240, 96, 98
2026/08/05 04:07:58.984, 0, NVIDIA GeForce RTX 3080, 6926, 3126, 10240, 96, 98
2026/08/05 04:07:59.094, 0, NVIDIA GeForce RTX 3080, 6926, 3126, 10240, 96, 98
2026/08/05 04:07:59.204, 0, NVIDIA GeForce RTX 3080, 6926, 3126, 10240, 96, 98
2026/08/05 04:07:59.312, 0, NVIDIA GeForce RTX 3080, 6926, 3126, 10240, 96, 98
2026/08/05 04:07:59.422, 0, NVIDIA GeForce RTX 3080, 6926, 3126, 10240, 96, 98
2026/08/05 04:07:59.531, 0, NVIDIA GeForce RTX 3080, 6926, 3126, 10240, 96, 98
2026/08/05 04:07:59.639, 0, NVIDIA GeForce RTX 3080, 6926, 3126, 10240, 96, 98
2026/08/05 04:07:59.748, 0, NVIDIA GeForce RTX 3080, 6926, 3126, 10240, 96, 98
2026/08/05 04:07:59.857, 0, NVIDIA GeForce RTX 3080, 6926, 3126, 10240, 97, 98
2026/08/05 04:07:59.966, 0, NVIDIA GeForce RTX 3080, 6926, 3126, 10240, 97, 98
2026/08/05 04:08:00.075, 0, NVIDIA GeForce RTX 3080, 6926, 3126, 10240, 97, 98
2026/08/05 04:08:00.184, 0, NVIDIA GeForce RTX 3080, 6926, 3126, 10240, 97, 98
2026/08/05 04:08:00.293, 0, NVIDIA GeForce RTX 3080, 6926, 3126, 10240, 97, 98
2026/08/05 04:08:00.402, 0, NVIDIA GeForce RTX 3080, 6926, 3126, 10240, 97, 98
2026/08/05 04:08:00.510, 0, NVIDIA GeForce RTX 3080, 6926, 3126, 10240, 97, 98
2026/08/05 04:08:00.620, 0, NVIDIA GeForce RTX 3080, 6926, 3126, 10240, 97, 98
2026/08/05 04:08:00.730, 0, NVIDIA GeForce RTX 3080, 6926, 3126, 10240, 97, 98
2026/08/05 04:08:00.838, 0, NVIDIA GeForce RTX 3080, 6926, 3126, 10240, 97, 98
2026/08/05 04:08:00.948, 0, NVIDIA GeForce RTX 3080, 6926, 3126, 10240, 97, 98
2026/08/05 04:08:01.056, 0, NVIDIA GeForce RTX 3080, 6926, 3126, 10240, 97, 98
2026/08/05 04:08:01.165, 0, NVIDIA GeForce RTX 3080, 6926, 3126, 10240, 97, 98
2026/08/05 04:08:01.274, 0, NVIDIA GeForce RTX 3080, 6926, 3126, 10240, 97, 98
2026/08/05 04:08:01.383, 0, NVIDIA GeForce RTX 3080, 6926, 3126, 10240, 97, 98
2026/08/05 04:08:01.492, 0, NVIDIA GeForce RTX 3080, 6926, 3126, 10240, 97, 98
2026/08/05 04:08:01.602, 0, NVIDIA GeForce RTX 3080, 6926, 3126, 10240, 97, 98
2026/08/05 04:08:01.711, 0, NVIDIA GeForce RTX 3080, 6926, 3126, 10240, 97, 98
2026/08/05 04:08:01.820, 0, NVIDIA GeForce RTX 3080, 6926, 3126, 10240, 97, 98
2026/08/05 04:08:01.930, 0, NVIDIA GeForce RTX 3080, 6926, 3126, 10240, 94, 97
2026/08/05 04:08:02.038, 0, NVIDIA GeForce RTX 3080, 6926, 3126, 10240, 94, 97
2026/08/05 04:08:02.148, 0, NVIDIA GeForce RTX 3080, 6926, 3126, 10240, 94, 97
2026/08/05 04:08:02.256, 0, NVIDIA GeForce RTX 3080, 6926, 3126, 10240, 94, 97
2026/08/05 04:08:02.366, 0, NVIDIA GeForce RTX 3080, 6926, 3126, 10240, 95, 98
2026/08/05 04:08:02.475, 0, NVIDIA GeForce RTX 3080, 6926, 3126, 10240, 95, 98
2026/08/05 04:08:02.584, 0, NVIDIA GeForce RTX 3080, 6926, 3126, 10240, 95, 98
2026/08/05 04:08:02.694, 0, NVIDIA GeForce RTX 3080, 6926, 3126, 10240, 95, 98
2026/08/05 04:08:02.803, 0, NVIDIA GeForce RTX 3080, 6926, 3126, 10240, 95, 98
2026/08/05 04:08:02.912, 0, NVIDIA GeForce RTX 3080, 6926, 3126, 10240, 95, 98
2026/08/05 04:08:03.020, 0, NVIDIA GeForce RTX 3080, 6926, 3126, 10240, 95, 98
2026/08/05 04:08:03.130, 0, NVIDIA GeForce RTX 3080, 6926, 3126, 10240, 95, 98
2026/08/05 04:08:03.239, 0, NVIDIA GeForce RTX 3080, 6926, 3126, 10240, 95, 98
2026/08/05 04:08:03.348, 0, NVIDIA GeForce RTX 3080, 6926, 3126, 10240, 95, 98
2026/08/05 04:08:03.457, 0, NVIDIA GeForce RTX 3080, 6926, 3126, 10240, 95, 98
2026/08/05 04:08:03.566, 0, NVIDIA GeForce RTX 3080, 6926, 3126, 10240, 95, 98
2026/08/05 04:08:03.676, 0, NVIDIA GeForce RTX 3080, 6926, 3126, 10240, 95, 98
2026/08/05 04:08:03.784, 0, NVIDIA GeForce RTX 3080, 6926, 3126, 10240, 95, 98
2026/08/05 04:08:03.894, 0, NVIDIA GeForce RTX 3080, 6926, 3126, 10240, 96, 98
2026/08/05 04:08:04.003, 0, NVIDIA GeForce RTX 3080, 6926, 3126, 10240, 96, 98
2026/08/05 04:08:04.112, 0, NVIDIA GeForce RTX 3080, 6926, 3126, 10240, 96, 98
2026/08/05 04:08:04.222, 0, NVIDIA GeForce RTX 3080, 6926, 3126, 10240, 96, 98
2026/08/05 04:08:04.330, 0, NVIDIA GeForce RTX 3080, 6926, 3126, 10240, 96, 98
2026/08/05 04:08:04.439, 0, NVIDIA GeForce RTX 3080, 6926, 3126, 10240, 97, 98
2026/08/05 04:08:04.548, 0, NVIDIA GeForce RTX 3080, 6926, 3126, 10240, 97, 98
2026/08/05 04:08:04.657, 0, NVIDIA GeForce RTX 3080, 6926, 3126, 10240, 97, 98
2026/08/05 04:08:04.766, 0, NVIDIA GeForce RTX 3080, 6926, 3126, 10240, 97, 98
2026/08/05 04:08:04.875, 0, NVIDIA GeForce RTX 3080, 6926, 3126, 10240, 97, 98
2026/08/05 04:08:04.984, 0, NVIDIA GeForce RTX 3080, 6926, 3126, 10240, 97, 98
2026/08/05 04:08:05.093, 0, NVIDIA GeForce RTX 3080, 6926, 3126, 10240, 97, 98
2026/08/05 04:08:05.202, 0, NVIDIA GeForce RTX 3080, 6926, 3126, 10240, 97, 98
2026/08/05 04:08:05.310, 0, NVIDIA GeForce RTX 3080, 6926, 3126, 10240, 97, 98
2026/08/05 04:08:05.420, 0, NVIDIA GeForce RTX 3080, 6926, 3126, 10240, 97, 98
2026/08/05 04:08:05.528, 0, NVIDIA GeForce RTX 3080, 6926, 3126, 10240, 97, 98
2026/08/05 04:08:05.637, 0, NVIDIA GeForce RTX 3080, 6926, 3126, 10240, 97, 98
2026/08/05 04:08:05.747, 0, NVIDIA GeForce RTX 3080, 6926, 3126, 10240, 97, 98
2026/08/05 04:08:05.855, 0, NVIDIA GeForce RTX 3080, 6926, 3126, 10240, 97, 98
2026/08/05 04:08:05.965, 0, NVIDIA GeForce RTX 3080, 6926, 3126, 10240, 97, 98
2026/08/05 04:08:06.074, 0, NVIDIA GeForce RTX 3080, 6926, 3126, 10240, 97, 98
2026/08/05 04:08:06.183, 0, NVIDIA GeForce RTX 3080, 6926, 3126, 10240, 97, 98
2026/08/05 04:08:06.292, 0, NVIDIA GeForce RTX 3080, 6926, 3126, 10240, 97, 98
2026/08/05 04:08:06.402, 0, NVIDIA GeForce RTX 3080, 6926, 3126, 10240, 95, 98
2026/08/05 04:08:06.511, 0, NVIDIA GeForce RTX 3080, 6926, 3126, 10240, 95, 98
2026/08/05 04:08:06.620, 0, NVIDIA GeForce RTX 3080, 6926, 3126, 10240, 95, 98
2026/08/05 04:08:06.730, 0, NVIDIA GeForce RTX 3080, 6926, 3126, 10240, 95, 98
2026/08/05 04:08:06.837, 0, NVIDIA GeForce RTX 3080, 6926, 3126, 10240, 95, 98
2026/08/05 04:08:06.947, 0, NVIDIA GeForce RTX 3080, 6926, 3126, 10240, 95, 98
2026/08/05 04:08:07.055, 0, NVIDIA GeForce RTX 3080, 6926, 3126, 10240, 95, 98
2026/08/05 04:08:07.165, 0, NVIDIA GeForce RTX 3080, 6926, 3126, 10240, 95, 98
2026/08/05 04:08:07.274, 0, NVIDIA GeForce RTX 3080, 6926, 3126, 10240, 95, 98
2026/08/05 04:08:07.383, 0, NVIDIA GeForce RTX 3080, 6926, 3126, 10240, 95, 98
2026/08/05 04:08:07.493, 0, NVIDIA GeForce RTX 3080, 6926, 3126, 10240, 95, 98
2026/08/05 04:08:07.601, 0, NVIDIA GeForce RTX 3080, 6926, 3126, 10240, 95, 98
2026/08/05 04:08:07.710, 0, NVIDIA GeForce RTX 3080, 6926, 3126, 10240, 95, 98
2026/08/05 04:08:07.820, 0, NVIDIA GeForce RTX 3080, 6926, 3126, 10240, 95, 98
2026/08/05 04:08:07.928, 0, NVIDIA GeForce RTX 3080, 6926, 3126, 10240, 95, 98
2026/08/05 04:08:08.037, 0, NVIDIA GeForce RTX 3080, 6926, 3126, 10240, 95, 98
2026/08/05 04:08:08.146, 0, NVIDIA GeForce RTX 3080, 6926, 3126, 10240, 95, 98
2026/08/05 04:08:08.255, 0, NVIDIA GeForce RTX 3080, 6926, 3126, 10240, 95, 98
2026/08/05 04:08:08.365, 0, NVIDIA GeForce RTX 3080, 6926, 3126, 10240, 94, 98
2026/08/05 04:08:08.474, 0, NVIDIA GeForce RTX 3080, 6926, 3126, 10240, 94, 98
2026/08/05 04:08:08.583, 0, NVIDIA GeForce RTX 3080, 6926, 3126, 10240, 94, 98
2026/08/05 04:08:08.692, 0, NVIDIA GeForce RTX 3080, 6926, 3126, 10240, 94, 98
2026/08/05 04:08:08.802, 0, NVIDIA GeForce RTX 3080, 6926, 3126, 10240, 94, 98
2026/08/05 04:08:08.910, 0, NVIDIA GeForce RTX 3080, 6926, 3126, 10240, 96, 98
2026/08/05 04:08:09.020, 0, NVIDIA GeForce RTX 3080, 6926, 3126, 10240, 96, 98
2026/08/05 04:08:09.130, 0, NVIDIA GeForce RTX 3080, 6926, 3126, 10240, 96, 98
2026/08/05 04:08:09.238, 0, NVIDIA GeForce RTX 3080, 6926, 3126, 10240, 96, 98
2026/08/05 04:08:09.347, 0, NVIDIA GeForce RTX 3080, 6926, 3126, 10240, 96, 98
2026/08/05 04:08:09.456, 0, NVIDIA GeForce RTX 3080, 6926, 3126, 10240, 96, 98
2026/08/05 04:08:09.565, 0, NVIDIA GeForce RTX 3080, 6926, 3126, 10240, 96, 98
2026/08/05 04:08:09.674, 0, NVIDIA GeForce RTX 3080, 6926, 3126, 10240, 96, 98
2026/08/05 04:08:09.783, 0, NVIDIA GeForce RTX 3080, 6926, 3126, 10240, 96, 98
2026/08/05 04:08:09.892, 0, NVIDIA GeForce RTX 3080, 6926, 3126, 10240, 96, 98
2026/08/05 04:08:10.001, 0, NVIDIA GeForce RTX 3080, 6926, 3126, 10240, 96, 98
2026/08/05 04:08:10.109, 0, NVIDIA GeForce RTX 3080, 6926, 3126, 10240, 96, 98
2026/08/05 04:08:10.219, 0, NVIDIA GeForce RTX 3080, 6926, 3126, 10240, 96, 98
2026/08/05 04:08:10.327, 0, NVIDIA GeForce RTX 3080, 6926, 3126, 10240, 96, 98
2026/08/05 04:08:10.437, 0, NVIDIA GeForce RTX 3080, 6926, 3126, 10240, 96, 98
2026/08/05 04:08:10.547, 0, NVIDIA GeForce RTX 3080, 6926, 3126, 10240, 96, 98
2026/08/05 04:08:10.655, 0, NVIDIA GeForce RTX 3080, 6926, 3126, 10240, 96, 98
2026/08/05 04:08:10.765, 0, NVIDIA GeForce RTX 3080, 6926, 3126, 10240, 96, 98
2026/08/05 04:08:10.874, 0, NVIDIA GeForce RTX 3080, 6926, 3126, 10240, 94, 98
2026/08/05 04:08:10.983, 0, NVIDIA GeForce RTX 3080, 6926, 3126, 10240, 94, 98
2026/08/05 04:08:11.092, 0, NVIDIA GeForce RTX 3080, 6926, 3126, 10240, 94, 98
2026/08/05 04:08:11.202, 0, NVIDIA GeForce RTX 3080, 6926, 3126, 10240, 94, 98
2026/08/05 04:08:11.310, 0, NVIDIA GeForce RTX 3080, 6926, 3126, 10240, 94, 98
2026/08/05 04:08:11.420, 0, NVIDIA GeForce RTX 3080, 6926, 3126, 10240, 95, 98
2026/08/05 04:08:11.529, 0, NVIDIA GeForce RTX 3080, 6926, 3126, 10240, 95, 98
2026/08/05 04:08:11.637, 0, NVIDIA GeForce RTX 3080, 6926, 3126, 10240, 95, 98
2026/08/05 04:08:11.747, 0, NVIDIA GeForce RTX 3080, 6926, 3126, 10240, 95, 98
2026/08/05 04:08:11.856, 0, NVIDIA GeForce RTX 3080, 6926, 3126, 10240, 94, 98
2026/08/05 04:08:11.965, 0, NVIDIA GeForce RTX 3080, 6926, 3126, 10240, 94, 98
2026/08/05 04:08:12.075, 0, NVIDIA GeForce RTX 3080, 6926, 3126, 10240, 94, 98
2026/08/05 04:08:12.183, 0, NVIDIA GeForce RTX 3080, 6926, 3126, 10240, 94, 98
2026/08/05 04:08:12.293, 0, NVIDIA GeForce RTX 3080, 6926, 3126, 10240, 94, 98
2026/08/05 04:08:12.402, 0, NVIDIA GeForce RTX 3080, 6926, 3126, 10240, 95, 98
2026/08/05 04:08:12.511, 0, NVIDIA GeForce RTX 3080, 6926, 3126, 10240, 95, 98
2026/08/05 04:08:12.621, 0, NVIDIA GeForce RTX 3080, 6926, 3126, 10240, 95, 98
2026/08/05 04:08:12.730, 0, NVIDIA GeForce RTX 3080, 6926, 3126, 10240, 95, 98
2026/08/05 04:08:12.839, 0, NVIDIA GeForce RTX 3080, 6926, 3126, 10240, 95, 98
2026/08/05 04:08:12.948, 0, NVIDIA GeForce RTX 3080, 6926, 3126, 10240, 94, 98
2026/08/05 04:08:13.057, 0, NVIDIA GeForce RTX 3080, 6926, 3126, 10240, 94, 98
2026/08/05 04:08:13.166, 0, NVIDIA GeForce RTX 3080, 6926, 3126, 10240, 94, 98
2026/08/05 04:08:13.275, 0, NVIDIA GeForce RTX 3080, 6926, 3126, 10240, 94, 98
2026/08/05 04:08:13.384, 0, NVIDIA GeForce RTX 3080, 6926, 3126, 10240, 96, 98
2026/08/05 04:08:13.493, 0, NVIDIA GeForce RTX 3080, 6926, 3126, 10240, 96, 98
2026/08/05 04:08:13.602, 0, NVIDIA GeForce RTX 3080, 6926, 3126, 10240, 96, 98
2026/08/05 04:08:13.710, 0, NVIDIA GeForce RTX 3080, 6926, 3126, 10240, 96, 98
2026/08/05 04:08:13.820, 0, NVIDIA GeForce RTX 3080, 6926, 3126, 10240, 96, 98
2026/08/05 04:08:13.929, 0, NVIDIA GeForce RTX 3080, 6926, 3126, 10240, 95, 98
2026/08/05 04:08:14.038, 0, NVIDIA GeForce RTX 3080, 6926, 3126, 10240, 95, 98
2026/08/05 04:08:14.147, 0, NVIDIA GeForce RTX 3080, 6926, 3126, 10240, 95, 98
2026/08/05 04:08:14.256, 0, NVIDIA GeForce RTX 3080, 6926, 3126, 10240, 95, 98
2026/08/05 04:08:14.366, 0, NVIDIA GeForce RTX 3080, 6926, 3126, 10240, 95, 98
2026/08/05 04:08:14.475, 0, NVIDIA GeForce RTX 3080, 6926, 3126, 10240, 95, 98
2026/08/05 04:08:14.584, 0, NVIDIA GeForce RTX 3080, 6926, 3126, 10240, 95, 98
2026/08/05 04:08:14.693, 0, NVIDIA GeForce RTX 3080, 6926, 3126, 10240, 95, 98
2026/08/05 04:08:14.803, 0, NVIDIA GeForce RTX 3080, 6926, 3126, 10240, 95, 98
2026/08/05 04:08:14.912, 0, NVIDIA GeForce RTX 3080, 6926, 3126, 10240, 95, 98
2026/08/05 04:08:15.021, 0, NVIDIA GeForce RTX 3080, 6926, 3126, 10240, 95, 98
2026/08/05 04:08:15.131, 0, NVIDIA GeForce RTX 3080, 6926, 3126, 10240, 95, 98
2026/08/05 04:08:15.239, 0, NVIDIA GeForce RTX 3080, 6926, 3126, 10240, 95, 98
2026/08/05 04:08:15.349, 0, NVIDIA GeForce RTX 3080, 6926, 3126, 10240, 96, 98
2026/08/05 04:08:15.458, 0, NVIDIA GeForce RTX 3080, 6926, 3126, 10240, 96, 98
2026/08/05 04:08:15.567, 0, NVIDIA GeForce RTX 3080, 6926, 3126, 10240, 96, 98
2026/08/05 04:08:15.677, 0, NVIDIA GeForce RTX 3080, 6926, 3126, 10240, 96, 98
2026/08/05 04:08:15.785, 0, NVIDIA GeForce RTX 3080, 6926, 3126, 10240, 96, 98
2026/08/05 04:08:15.895, 0, NVIDIA GeForce RTX 3080, 6926, 3126, 10240, 94, 98
2026/08/05 04:08:16.003, 0, NVIDIA GeForce RTX 3080, 6926, 3126, 10240, 94, 98
2026/08/05 04:08:16.112, 0, NVIDIA GeForce RTX 3080, 6926, 3126, 10240, 94, 98
2026/08/05 04:08:16.221, 0, NVIDIA GeForce RTX 3080, 6926, 3126, 10240, 94, 98
2026/08/05 04:08:16.331, 0, NVIDIA GeForce RTX 3080, 6926, 3126, 10240, 94, 98
2026/08/05 04:08:16.440, 0, NVIDIA GeForce RTX 3080, 6926, 3126, 10240, 94, 98
2026/08/05 04:08:16.549, 0, NVIDIA GeForce RTX 3080, 6926, 3126, 10240, 94, 98
2026/08/05 04:08:16.658, 0, NVIDIA GeForce RTX 3080, 6926, 3126, 10240, 94, 98
2026/08/05 04:08:16.767, 0, NVIDIA GeForce RTX 3080, 6926, 3126, 10240, 94, 98
2026/08/05 04:08:16.877, 0, NVIDIA GeForce RTX 3080, 6926, 3126, 10240, 94, 98
2026/08/05 04:08:16.985, 0, NVIDIA GeForce RTX 3080, 6926, 3126, 10240, 94, 98
2026/08/05 04:08:17.095, 0, NVIDIA GeForce RTX 3080, 6926, 3126, 10240, 94, 98
2026/08/05 04:08:17.205, 0, NVIDIA GeForce RTX 3080, 6926, 3126, 10240, 94, 98
2026/08/05 04:08:17.313, 0, NVIDIA GeForce RTX 3080, 6926, 3126, 10240, 94, 98
2026/08/05 04:08:17.424, 0, NVIDIA GeForce RTX 3080, 6926, 3126, 10240, 94, 98
2026/08/05 04:08:17.533, 0, NVIDIA GeForce RTX 3080, 6926, 3126, 10240, 94, 98
2026/08/05 04:08:17.642, 0, NVIDIA GeForce RTX 3080, 6926, 3126, 10240, 94, 98
2026/08/05 04:08:17.752, 0, NVIDIA GeForce RTX 3080, 6926, 3126, 10240, 94, 98
2026/08/05 04:08:17.861, 0, NVIDIA GeForce RTX 3080, 6926, 3126, 10240, 91, 96
2026/08/05 04:08:17.970, 0, NVIDIA GeForce RTX 3080, 6926, 3126, 10240, 91, 96
2026/08/05 04:08:18.078, 0, NVIDIA GeForce RTX 3080, 6926, 3126, 10240, 91, 96
2026/08/05 04:08:18.187, 0, NVIDIA GeForce RTX 3080, 6926, 3126, 10240, 91, 96
2026/08/05 04:08:18.297, 0, NVIDIA GeForce RTX 3080, 6926, 3126, 10240, 91, 96
2026/08/05 04:08:18.406, 0, NVIDIA GeForce RTX 3080, 6926, 3126, 10240, 97, 98
2026/08/05 04:08:18.515, 0, NVIDIA GeForce RTX 3080, 6926, 3126, 10240, 97, 98
2026/08/05 04:08:18.624, 0, NVIDIA GeForce RTX 3080, 6926, 3126, 10240, 97, 98
2026/08/05 04:08:18.734, 0, NVIDIA GeForce RTX 3080, 6926, 3126, 10240, 97, 98
2026/08/05 04:08:18.842, 0, NVIDIA GeForce RTX 3080, 6926, 3126, 10240, 97, 98
2026/08/05 04:08:18.952, 0, NVIDIA GeForce RTX 3080, 6926, 3126, 10240, 97, 98
2026/08/05 04:08:19.061, 0, NVIDIA GeForce RTX 3080, 6926, 3126, 10240, 97, 98
2026/08/05 04:08:19.169, 0, NVIDIA GeForce RTX 3080, 6926, 3126, 10240, 97, 98
2026/08/05 04:08:19.278, 0, NVIDIA GeForce RTX 3080, 6926, 3126, 10240, 97, 98
2026/08/05 04:08:19.387, 0, NVIDIA GeForce RTX 3080, 6926, 3126, 10240, 97, 98
2026/08/05 04:08:19.496, 0, NVIDIA GeForce RTX 3080, 6926, 3126, 10240, 97, 98
2026/08/05 04:08:19.606, 0, NVIDIA GeForce RTX 3080, 6926, 3126, 10240, 97, 98
2026/08/05 04:08:19.715, 0, NVIDIA GeForce RTX 3080, 6926, 3126, 10240, 97, 98
2026/08/05 04:08:19.824, 0, NVIDIA GeForce RTX 3080, 6926, 3126, 10240, 97, 98
2026/08/05 04:08:19.934, 0, NVIDIA GeForce RTX 3080, 6926, 3126, 10240, 98, 98
2026/08/05 04:08:20.042, 0, NVIDIA GeForce RTX 3080, 6926, 3126, 10240, 98, 98
2026/08/05 04:08:20.152, 0, NVIDIA GeForce RTX 3080, 6926, 3126, 10240, 98, 98
2026/08/05 04:08:20.261, 0, NVIDIA GeForce RTX 3080, 6926, 3126, 10240, 98, 98
2026/08/05 04:08:20.369, 0, NVIDIA GeForce RTX 3080, 6926, 3126, 10240, 98, 98
2026/08/05 04:08:20.479, 0, NVIDIA GeForce RTX 3080, 6926, 3126, 10240, 98, 98
2026/08/05 04:08:20.587, 0, NVIDIA GeForce RTX 3080, 6926, 3126, 10240, 98, 98
2026/08/05 04:08:20.696, 0, NVIDIA GeForce RTX 3080, 6926, 3126, 10240, 98, 98
2026/08/05 04:08:20.805, 0, NVIDIA GeForce RTX 3080, 6926, 3126, 10240, 98, 98
2026/08/05 04:08:20.914, 0, NVIDIA GeForce RTX 3080, 6926, 3126, 10240, 98, 98
2026/08/05 04:08:21.023, 0, NVIDIA GeForce RTX 3080, 6926, 3126, 10240, 98, 98
2026/08/05 04:08:21.133, 0, NVIDIA GeForce RTX 3080, 6926, 3126, 10240, 98, 98
2026/08/05 04:08:21.242, 0, NVIDIA GeForce RTX 3080, 6926, 3126, 10240, 98, 98
2026/08/05 04:08:21.352, 0, NVIDIA GeForce RTX 3080, 6926, 3126, 10240, 98, 98
2026/08/05 04:08:21.461, 0, NVIDIA GeForce RTX 3080, 6926, 3126, 10240, 98, 98
2026/08/05 04:08:21.569, 0, NVIDIA GeForce RTX 3080, 6926, 3126, 10240, 98, 98
2026/08/05 04:08:21.673, 0, NVIDIA GeForce RTX 3080, 6926, 3126, 10240, 98, 98
2026/08/05 04:08:21.782, 0, NVIDIA GeForce RTX 3080, 6926, 3126, 10240, 98, 98
2026/08/05 04:08:21.891, 0, NVIDIA GeForce RTX 3080, 6926, 3126, 10240, 96, 98
2026/08/05 04:08:22.001, 0, NVIDIA GeForce RTX 3080, 6926, 3126, 10240, 96, 98
2026/08/05 04:08:22.110, 0, NVIDIA GeForce RTX 3080, 6926, 3126, 10240, 96, 98
2026/08/05 04:08:22.219, 0, NVIDIA GeForce RTX 3080, 6926, 3126, 10240, 96, 98
2026/08/05 04:08:22.328, 0, NVIDIA GeForce RTX 3080, 6926, 3126, 10240, 96, 98
2026/08/05 04:08:22.437, 0, NVIDIA GeForce RTX 3080, 6926, 3126, 10240, 95, 98
2026/08/05 04:08:22.547, 0, NVIDIA GeForce RTX 3080, 6926, 3126, 10240, 95, 98
2026/08/05 04:08:22.655, 0, NVIDIA GeForce RTX 3080, 6926, 3126, 10240, 95, 98
2026/08/05 04:08:22.765, 0, NVIDIA GeForce RTX 3080, 6926, 3126, 10240, 95, 98
2026/08/05 04:08:22.874, 0, NVIDIA GeForce RTX 3080, 6926, 3126, 10240, 95, 98
2026/08/05 04:08:22.982, 0, NVIDIA GeForce RTX 3080, 6926, 3126, 10240, 95, 98
2026/08/05 04:08:23.092, 0, NVIDIA GeForce RTX 3080, 6926, 3126, 10240, 95, 98
2026/08/05 04:08:23.201, 0, NVIDIA GeForce RTX 3080, 6926, 3126, 10240, 95, 98
2026/08/05 04:08:23.310, 0, NVIDIA GeForce RTX 3080, 6926, 3126, 10240, 95, 98
2026/08/05 04:08:23.419, 0, NVIDIA GeForce RTX 3080, 6926, 3126, 10240, 96, 98
2026/08/05 04:08:23.528, 0, NVIDIA GeForce RTX 3080, 6926, 3126, 10240, 96, 98
2026/08/05 04:08:23.637, 0, NVIDIA GeForce RTX 3080, 6926, 3126, 10240, 96, 98
2026/08/05 04:08:23.746, 0, NVIDIA GeForce RTX 3080, 6926, 3126, 10240, 96, 98
2026/08/05 04:08:23.855, 0, NVIDIA GeForce RTX 3080, 6926, 3126, 10240, 97, 98
2026/08/05 04:08:23.965, 0, NVIDIA GeForce RTX 3080, 6926, 3126, 10240, 97, 98
2026/08/05 04:08:24.074, 0, NVIDIA GeForce RTX 3080, 6926, 3126, 10240, 97, 98
2026/08/05 04:08:24.183, 0, NVIDIA GeForce RTX 3080, 6926, 3126, 10240, 97, 98
2026/08/05 04:08:24.292, 0, NVIDIA GeForce RTX 3080, 6926, 3126, 10240, 97, 98
2026/08/05 04:08:24.401, 0, NVIDIA GeForce RTX 3080, 6926, 3126, 10240, 97, 98
2026/08/05 04:08:24.509, 0, NVIDIA GeForce RTX 3080, 6926, 3126, 10240, 97, 98
2026/08/05 04:08:24.619, 0, NVIDIA GeForce RTX 3080, 6926, 3126, 10240, 97, 98
2026/08/05 04:08:24.728, 0, NVIDIA GeForce RTX 3080, 6926, 3126, 10240, 97, 98
2026/08/05 04:08:24.837, 0, NVIDIA GeForce RTX 3080, 6926, 3126, 10240, 97, 98
2026/08/05 04:08:24.947, 0, NVIDIA GeForce RTX 3080, 6926, 3126, 10240, 97, 98
2026/08/05 04:08:25.055, 0, NVIDIA GeForce RTX 3080, 6926, 3126, 10240, 97, 98
2026/08/05 04:08:25.165, 0, NVIDIA GeForce RTX 3080, 6926, 3126, 10240, 97, 98
2026/08/05 04:08:25.275, 0, NVIDIA GeForce RTX 3080, 6926, 3126, 10240, 97, 98
2026/08/05 04:08:25.383, 0, NVIDIA GeForce RTX 3080, 6926, 3126, 10240, 97, 98
2026/08/05 04:08:25.493, 0, NVIDIA GeForce RTX 3080, 6926, 3126, 10240, 97, 98
2026/08/05 04:08:25.602, 0, NVIDIA GeForce RTX 3080, 6926, 3126, 10240, 97, 98
2026/08/05 04:08:25.711, 0, NVIDIA GeForce RTX 3080, 6926, 3126, 10240, 97, 98
2026/08/05 04:08:25.819, 0, NVIDIA GeForce RTX 3080, 6926, 3126, 10240, 97, 98
2026/08/05 04:08:25.928, 0, NVIDIA GeForce RTX 3080, 6926, 3126, 10240, 96, 98
2026/08/05 04:08:26.038, 0, NVIDIA GeForce RTX 3080, 6926, 3126, 10240, 96, 98
2026/08/05 04:08:26.147, 0, NVIDIA GeForce RTX 3080, 6926, 3126, 10240, 96, 98
2026/08/05 04:08:26.256, 0, NVIDIA GeForce RTX 3080, 6926, 3126, 10240, 96, 98
2026/08/05 04:08:26.365, 0, NVIDIA GeForce RTX 3080, 6926, 3126, 10240, 96, 98
2026/08/05 04:08:26.474, 0, NVIDIA GeForce RTX 3080, 6926, 3126, 10240, 96, 98
2026/08/05 04:08:26.583, 0, NVIDIA GeForce RTX 3080, 6926, 3126, 10240, 96, 98
2026/08/05 04:08:26.693, 0, NVIDIA GeForce RTX 3080, 6926, 3126, 10240, 96, 98
2026/08/05 04:08:26.801, 0, NVIDIA GeForce RTX 3080, 6926, 3126, 10240, 96, 98
2026/08/05 04:08:26.910, 0, NVIDIA GeForce RTX 3080, 6926, 3126, 10240, 96, 98
2026/08/05 04:08:27.019, 0, NVIDIA GeForce RTX 3080, 6926, 3126, 10240, 96, 98
2026/08/05 04:08:27.128, 0, NVIDIA GeForce RTX 3080, 6926, 3126, 10240, 96, 98
2026/08/05 04:08:27.238, 0, NVIDIA GeForce RTX 3080, 6926, 3126, 10240, 96, 98
2026/08/05 04:08:27.347, 0, NVIDIA GeForce RTX 3080, 6926, 3126, 10240, 96, 98
2026/08/05 04:08:27.456, 0, NVIDIA GeForce RTX 3080, 6926, 3126, 10240, 96, 98
2026/08/05 04:08:27.564, 0, NVIDIA GeForce RTX 3080, 6926, 3126, 10240, 96, 98
2026/08/05 04:08:27.674, 0, NVIDIA GeForce RTX 3080, 6926, 3126, 10240, 96, 98
2026/08/05 04:08:27.782, 0, NVIDIA GeForce RTX 3080, 6926, 3126, 10240, 96, 98
2026/08/05 04:08:27.892, 0, NVIDIA GeForce RTX 3080, 6926, 3126, 10240, 97, 98
2026/08/05 04:08:28.001, 0, NVIDIA GeForce RTX 3080, 6926, 3126, 10240, 97, 98
2026/08/05 04:08:28.110, 0, NVIDIA GeForce RTX 3080, 6926, 3126, 10240, 97, 98
2026/08/05 04:08:28.220, 0, NVIDIA GeForce RTX 3080, 6926, 3126, 10240, 97, 98
2026/08/05 04:08:28.328, 0, NVIDIA GeForce RTX 3080, 6926, 3126, 10240, 97, 98
2026/08/05 04:08:28.437, 0, NVIDIA GeForce RTX 3080, 6926, 3126, 10240, 97, 98
2026/08/05 04:08:28.546, 0, NVIDIA GeForce RTX 3080, 6926, 3126, 10240, 97, 98
2026/08/05 04:08:28.655, 0, NVIDIA GeForce RTX 3080, 6926, 3126, 10240, 97, 98
2026/08/05 04:08:28.763, 0, NVIDIA GeForce RTX 3080, 6926, 3126, 10240, 97, 98
2026/08/05 04:08:28.873, 0, NVIDIA GeForce RTX 3080, 6926, 3126, 10240, 97, 98
2026/08/05 04:08:28.982, 0, NVIDIA GeForce RTX 3080, 6926, 3126, 10240, 97, 98
2026/08/05 04:08:29.091, 0, NVIDIA GeForce RTX 3080, 6926, 3126, 10240, 97, 98
2026/08/05 04:08:29.201, 0, NVIDIA GeForce RTX 3080, 6926, 3126, 10240, 97, 98
2026/08/05 04:08:29.310, 0, NVIDIA GeForce RTX 3080, 6926, 3126, 10240, 97, 98
2026/08/05 04:08:29.419, 0, NVIDIA GeForce RTX 3080, 6926, 3126, 10240, 97, 98
2026/08/05 04:08:29.530, 0, NVIDIA GeForce RTX 3080, 6926, 3126, 10240, 97, 98
2026/08/05 04:08:29.638, 0, NVIDIA GeForce RTX 3080, 6926, 3126, 10240, 97, 98
2026/08/05 04:08:29.748, 0, NVIDIA GeForce RTX 3080, 6926, 3126, 10240, 97, 98
2026/08/05 04:08:29.857, 0, NVIDIA GeForce RTX 3080, 6926, 3126, 10240, 96, 98
2026/08/05 04:08:29.965, 0, NVIDIA GeForce RTX 3080, 6926, 3126, 10240, 96, 98
2026/08/05 04:08:30.075, 0, NVIDIA GeForce RTX 3080, 6926, 3126, 10240, 96, 98
2026/08/05 04:08:30.183, 0, NVIDIA GeForce RTX 3080, 6926, 3126, 10240, 96, 98
2026/08/05 04:08:30.293, 0, NVIDIA GeForce RTX 3080, 6926, 3126, 10240, 96, 98
2026/08/05 04:08:30.402, 0, NVIDIA GeForce RTX 3080, 6926, 3126, 10240, 95, 98
2026/08/05 04:08:30.511, 0, NVIDIA GeForce RTX 3080, 6926, 3126, 10240, 95, 98
2026/08/05 04:08:30.621, 0, NVIDIA GeForce RTX 3080, 6926, 3126, 10240, 95, 98
2026/08/05 04:08:30.730, 0, NVIDIA GeForce RTX 3080, 6926, 3126, 10240, 95, 98
2026/08/05 04:08:30.839, 0, NVIDIA GeForce RTX 3080, 6926, 3126, 10240, 95, 98
2026/08/05 04:08:30.948, 0, NVIDIA GeForce RTX 3080, 6926, 3126, 10240, 95, 98
2026/08/05 04:08:31.057, 0, NVIDIA GeForce RTX 3080, 6926, 3126, 10240, 95, 98
2026/08/05 04:08:31.166, 0, NVIDIA GeForce RTX 3080, 6926, 3126, 10240, 95, 98
2026/08/05 04:08:31.276, 0, NVIDIA GeForce RTX 3080, 6926, 3126, 10240, 95, 98
2026/08/05 04:08:31.385, 0, NVIDIA GeForce RTX 3080, 6926, 3126, 10240, 96, 98
2026/08/05 04:08:31.494, 0, NVIDIA GeForce RTX 3080, 6926, 3126, 10240, 96, 98
2026/08/05 04:08:31.604, 0, NVIDIA GeForce RTX 3080, 6926, 3126, 10240, 96, 98
2026/08/05 04:08:31.712, 0, NVIDIA GeForce RTX 3080, 6926, 3126, 10240, 96, 98
2026/08/05 04:08:31.822, 0, NVIDIA GeForce RTX 3080, 6926, 3126, 10240, 96, 98
2026/08/05 04:08:31.930, 0, NVIDIA GeForce RTX 3080, 6926, 3126, 10240, 95, 97
2026/08/05 04:08:32.039, 0, NVIDIA GeForce RTX 3080, 6926, 3126, 10240, 95, 97
2026/08/05 04:08:32.149, 0, NVIDIA GeForce RTX 3080, 6926, 3126, 10240, 95, 97
2026/08/05 04:08:32.257, 0, NVIDIA GeForce RTX 3080, 6926, 3126, 10240, 95, 97
2026/08/05 04:08:32.366, 0, NVIDIA GeForce RTX 3080, 6926, 3126, 10240, 97, 98
2026/08/05 04:08:32.475, 0, NVIDIA GeForce RTX 3080, 6926, 3126, 10240, 97, 98
2026/08/05 04:08:32.584, 0, NVIDIA GeForce RTX 3080, 6926, 3126, 10240, 97, 98
2026/08/05 04:08:32.693, 0, NVIDIA GeForce RTX 3080, 6926, 3126, 10240, 97, 98
2026/08/05 04:08:32.803, 0, NVIDIA GeForce RTX 3080, 6926, 3126, 10240, 97, 98
2026/08/05 04:08:32.912, 0, NVIDIA GeForce RTX 3080, 6926, 3126, 10240, 97, 98
2026/08/05 04:08:33.021, 0, NVIDIA GeForce RTX 3080, 6926, 3126, 10240, 97, 98
2026/08/05 04:08:33.131, 0, NVIDIA GeForce RTX 3080, 6926, 3126, 10240, 97, 98
2026/08/05 04:08:33.239, 0, NVIDIA GeForce RTX 3080, 6926, 3126, 10240, 97, 98
2026/08/05 04:08:33.349, 0, NVIDIA GeForce RTX 3080, 6926, 3126, 10240, 97, 98
2026/08/05 04:08:33.457, 0, NVIDIA GeForce RTX 3080, 6926, 3126, 10240, 97, 98
2026/08/05 04:08:33.567, 0, NVIDIA GeForce RTX 3080, 6926, 3126, 10240, 97, 98
2026/08/05 04:08:33.676, 0, NVIDIA GeForce RTX 3080, 6926, 3126, 10240, 97, 98
2026/08/05 04:08:33.785, 0, NVIDIA GeForce RTX 3080, 6926, 3126, 10240, 97, 98
2026/08/05 04:08:33.895, 0, NVIDIA GeForce RTX 3080, 6926, 3126, 10240, 97, 98
2026/08/05 04:08:34.004, 0, NVIDIA GeForce RTX 3080, 6926, 3126, 10240, 97, 98
2026/08/05 04:08:34.113, 0, NVIDIA GeForce RTX 3080, 6926, 3126, 10240, 97, 98
2026/08/05 04:08:34.222, 0, NVIDIA GeForce RTX 3080, 6926, 3126, 10240, 97, 98
2026/08/05 04:08:34.332, 0, NVIDIA GeForce RTX 3080, 6926, 3126, 10240, 97, 98
2026/08/05 04:08:34.441, 0, NVIDIA GeForce RTX 3080, 6926, 3126, 10240, 95, 98
2026/08/05 04:08:34.550, 0, NVIDIA GeForce RTX 3080, 6926, 3126, 10240, 95, 98
2026/08/05 04:08:34.660, 0, NVIDIA GeForce RTX 3080, 6926, 3126, 10240, 95, 98
2026/08/05 04:08:34.768, 0, NVIDIA GeForce RTX 3080, 6926, 3126, 10240, 95, 98
2026/08/05 04:08:34.877, 0, NVIDIA GeForce RTX 3080, 6926, 3126, 10240, 95, 98
2026/08/05 04:08:34.985, 0, NVIDIA GeForce RTX 3080, 6926, 3126, 10240, 95, 98
2026/08/05 04:08:35.095, 0, NVIDIA GeForce RTX 3080, 6926, 3126, 10240, 95, 98
2026/08/05 04:08:35.205, 0, NVIDIA GeForce RTX 3080, 6926, 3126, 10240, 95, 98
2026/08/05 04:08:35.313, 0, NVIDIA GeForce RTX 3080, 6926, 3126, 10240, 95, 98
2026/08/05 04:08:35.423, 0, NVIDIA GeForce RTX 3080, 6926, 3126, 10240, 95, 98
2026/08/05 04:08:35.531, 0, NVIDIA GeForce RTX 3080, 6926, 3126, 10240, 95, 98
2026/08/05 04:08:35.640, 0, NVIDIA GeForce RTX 3080, 6926, 3126, 10240, 95, 98
2026/08/05 04:08:35.750, 0, NVIDIA GeForce RTX 3080, 6926, 3126, 10240, 95, 98
2026/08/05 04:08:35.858, 0, NVIDIA GeForce RTX 3080, 6926, 3126, 10240, 95, 98
2026/08/05 04:08:35.968, 0, NVIDIA GeForce RTX 3080, 6926, 3126, 10240, 95, 98
2026/08/05 04:08:36.077, 0, NVIDIA GeForce RTX 3080, 6926, 3126, 10240, 95, 98
2026/08/05 04:08:36.186, 0, NVIDIA GeForce RTX 3080, 6926, 3126, 10240, 95, 98
2026/08/05 04:08:36.295, 0, NVIDIA GeForce RTX 3080, 6926, 3126, 10240, 95, 98
2026/08/05 04:08:36.404, 0, NVIDIA GeForce RTX 3080, 6926, 3126, 10240, 96, 98
2026/08/05 04:08:36.513, 0, NVIDIA GeForce RTX 3080, 6926, 3126, 10240, 96, 98
2026/08/05 04:08:36.622, 0, NVIDIA GeForce RTX 3080, 6926, 3126, 10240, 96, 98
2026/08/05 04:08:36.732, 0, NVIDIA GeForce RTX 3080, 6926, 3126, 10240, 96, 98
2026/08/05 04:08:36.840, 0, NVIDIA GeForce RTX 3080, 6926, 3126, 10240, 96, 98
2026/08/05 04:08:36.950, 0, NVIDIA GeForce RTX 3080, 6926, 3126, 10240, 96, 98
2026/08/05 04:08:37.058, 0, NVIDIA GeForce RTX 3080, 6926, 3126, 10240, 96, 98
2026/08/05 04:08:37.166, 0, NVIDIA GeForce RTX 3080, 6926, 3126, 10240, 96, 98
2026/08/05 04:08:37.276, 0, NVIDIA GeForce RTX 3080, 6926, 3126, 10240, 96, 98
2026/08/05 04:08:37.385, 0, NVIDIA GeForce RTX 3080, 6926, 3126, 10240, 96, 98
2026/08/05 04:08:37.494, 0, NVIDIA GeForce RTX 3080, 6926, 3126, 10240, 96, 98
2026/08/05 04:08:37.604, 0, NVIDIA GeForce RTX 3080, 6926, 3126, 10240, 96, 98
2026/08/05 04:08:37.711, 0, NVIDIA GeForce RTX 3080, 6926, 3126, 10240, 96, 98
2026/08/05 04:08:37.821, 0, NVIDIA GeForce RTX 3080, 6926, 3126, 10240, 96, 98
2026/08/05 04:08:37.930, 0, NVIDIA GeForce RTX 3080, 6926, 3126, 10240, 96, 98
2026/08/05 04:08:38.038, 0, NVIDIA GeForce RTX 3080, 6926, 3126, 10240, 96, 98
2026/08/05 04:08:38.148, 0, NVIDIA GeForce RTX 3080, 6926, 3126, 10240, 96, 98
2026/08/05 04:08:38.256, 0, NVIDIA GeForce RTX 3080, 6926, 3126, 10240, 96, 98
2026/08/05 04:08:38.366, 0, NVIDIA GeForce RTX 3080, 6926, 3126, 10240, 96, 98
2026/08/05 04:08:38.475, 0, NVIDIA GeForce RTX 3080, 6926, 3126, 10240, 96, 98
2026/08/05 04:08:38.584, 0, NVIDIA GeForce RTX 3080, 6926, 3126, 10240, 96, 98
2026/08/05 04:08:38.694, 0, NVIDIA GeForce RTX 3080, 6926, 3126, 10240, 96, 98
2026/08/05 04:08:38.803, 0, NVIDIA GeForce RTX 3080, 6926, 3126, 10240, 96, 98
2026/08/05 04:08:38.912, 0, NVIDIA GeForce RTX 3080, 6926, 3126, 10240, 95, 98
2026/08/05 04:08:39.021, 0, NVIDIA GeForce RTX 3080, 6926, 3126, 10240, 95, 98
2026/08/05 04:08:39.130, 0, NVIDIA GeForce RTX 3080, 6926, 3126, 10240, 95, 98
2026/08/05 04:08:39.238, 0, NVIDIA GeForce RTX 3080, 6926, 3126, 10240, 95, 98
2026/08/05 04:08:39.348, 0, NVIDIA GeForce RTX 3080, 6926, 3126, 10240, 95, 98
2026/08/05 04:08:39.456, 0, NVIDIA GeForce RTX 3080, 6926, 3126, 10240, 95, 98
2026/08/05 04:08:39.566, 0, NVIDIA GeForce RTX 3080, 6926, 3126, 10240, 95, 98
2026/08/05 04:08:39.675, 0, NVIDIA GeForce RTX 3080, 6926, 3126, 10240, 95, 98
2026/08/05 04:08:39.784, 0, NVIDIA GeForce RTX 3080, 6926, 3126, 10240, 95, 98
2026/08/05 04:08:39.893, 0, NVIDIA GeForce RTX 3080, 6926, 3126, 10240, 95, 98
2026/08/05 04:08:40.003, 0, NVIDIA GeForce RTX 3080, 6926, 3126, 10240, 95, 98
2026/08/05 04:08:40.112, 0, NVIDIA GeForce RTX 3080, 6926, 3126, 10240, 95, 98
2026/08/05 04:08:40.221, 0, NVIDIA GeForce RTX 3080, 6926, 3126, 10240, 95, 98
2026/08/05 04:08:40.331, 0, NVIDIA GeForce RTX 3080, 6926, 3126, 10240, 95, 98
2026/08/05 04:08:40.439, 0, NVIDIA GeForce RTX 3080, 6926, 3126, 10240, 95, 98
2026/08/05 04:08:40.549, 0, NVIDIA GeForce RTX 3080, 6926, 3126, 10240, 95, 98
2026/08/05 04:08:40.657, 0, NVIDIA GeForce RTX 3080, 6926, 3126, 10240, 95, 98
2026/08/05 04:08:40.766, 0, NVIDIA GeForce RTX 3080, 6926, 3126, 10240, 95, 98
2026/08/05 04:08:40.875, 0, NVIDIA GeForce RTX 3080, 6926, 3126, 10240, 93, 97
2026/08/05 04:08:40.984, 0, NVIDIA GeForce RTX 3080, 6926, 3126, 10240, 93, 97
2026/08/05 04:08:41.094, 0, NVIDIA GeForce RTX 3080, 6926, 3126, 10240, 93, 97
2026/08/05 04:08:41.203, 0, NVIDIA GeForce RTX 3080, 6926, 3126, 10240, 93, 97
2026/08/05 04:08:41.312, 0, NVIDIA GeForce RTX 3080, 6926, 3126, 10240, 93, 97
2026/08/05 04:08:41.421, 0, NVIDIA GeForce RTX 3080, 6926, 3126, 10240, 96, 98
2026/08/05 04:08:41.530, 0, NVIDIA GeForce RTX 3080, 6926, 3126, 10240, 96, 98
2026/08/05 04:08:41.638, 0, NVIDIA GeForce RTX 3080, 6926, 3126, 10240, 96, 98
2026/08/05 04:08:41.748, 0, NVIDIA GeForce RTX 3080, 6926, 3126, 10240, 96, 98
2026/08/05 04:08:41.856, 0, NVIDIA GeForce RTX 3080, 6926, 3126, 10240, 96, 98
2026/08/05 04:08:41.966, 0, NVIDIA GeForce RTX 3080, 6926, 3126, 10240, 96, 98
2026/08/05 04:08:42.076, 0, NVIDIA GeForce RTX 3080, 6926, 3126, 10240, 96, 98
2026/08/05 04:08:42.184, 0, NVIDIA GeForce RTX 3080, 6926, 3126, 10240, 96, 98
2026/08/05 04:08:42.294, 0, NVIDIA GeForce RTX 3080, 6926, 3126, 10240, 96, 98
2026/08/05 04:08:42.403, 0, NVIDIA GeForce RTX 3080, 6926, 3126, 10240, 96, 98
2026/08/05 04:08:42.512, 0, NVIDIA GeForce RTX 3080, 6926, 3126, 10240, 96, 98
2026/08/05 04:08:42.621, 0, NVIDIA GeForce RTX 3080, 6926, 3126, 10240, 96, 98
2026/08/05 04:08:42.730, 0, NVIDIA GeForce RTX 3080, 6926, 3126, 10240, 96, 98
2026/08/05 04:08:42.839, 0, NVIDIA GeForce RTX 3080, 6926, 3126, 10240, 96, 98
2026/08/05 04:08:42.948, 0, NVIDIA GeForce RTX 3080, 6926, 3126, 10240, 96, 98
2026/08/05 04:08:43.057, 0, NVIDIA GeForce RTX 3080, 6926, 3126, 10240, 96, 98
2026/08/05 04:08:43.166, 0, NVIDIA GeForce RTX 3080, 6926, 3126, 10240, 96, 98
2026/08/05 04:08:43.276, 0, NVIDIA GeForce RTX 3080, 6926, 3126, 10240, 96, 98
2026/08/05 04:08:43.384, 0, NVIDIA GeForce RTX 3080, 6926, 3126, 10240, 94, 98
2026/08/05 04:08:43.494, 0, NVIDIA GeForce RTX 3080, 6926, 3126, 10240, 94, 98
2026/08/05 04:08:43.604, 0, NVIDIA GeForce RTX 3080, 6926, 3126, 10240, 94, 98
2026/08/05 04:08:43.712, 0, NVIDIA GeForce RTX 3080, 6926, 3126, 10240, 94, 98
2026/08/05 04:08:43.822, 0, NVIDIA GeForce RTX 3080, 6926, 3126, 10240, 94, 98
2026/08/05 04:08:43.930, 0, NVIDIA GeForce RTX 3080, 6926, 3126, 10240, 94, 98
2026/08/05 04:08:44.039, 0, NVIDIA GeForce RTX 3080, 6926, 3126, 10240, 94, 98
2026/08/05 04:08:44.148, 0, NVIDIA GeForce RTX 3080, 6926, 3126, 10240, 94, 98
2026/08/05 04:08:44.257, 0, NVIDIA GeForce RTX 3080, 6926, 3126, 10240, 94, 98
2026/08/05 04:08:44.366, 0, NVIDIA GeForce RTX 3080, 6926, 3126, 10240, 94, 98
2026/08/05 04:08:44.475, 0, NVIDIA GeForce RTX 3080, 6926, 3126, 10240, 94, 98
2026/08/05 04:08:44.584, 0, NVIDIA GeForce RTX 3080, 6926, 3126, 10240, 94, 98
2026/08/05 04:08:44.693, 0, NVIDIA GeForce RTX 3080, 6926, 3126, 10240, 94, 98
2026/08/05 04:08:44.803, 0, NVIDIA GeForce RTX 3080, 6926, 3126, 10240, 94, 98
2026/08/05 04:08:44.912, 0, NVIDIA GeForce RTX 3080, 6926, 3126, 10240, 94, 98
2026/08/05 04:08:45.021, 0, NVIDIA GeForce RTX 3080, 6926, 3126, 10240, 94, 98
2026/08/05 04:08:45.131, 0, NVIDIA GeForce RTX 3080, 6926, 3126, 10240, 94, 98
2026/08/05 04:08:45.239, 0, NVIDIA GeForce RTX 3080, 6926, 3126, 10240, 94, 98
2026/08/05 04:08:45.349, 0, NVIDIA GeForce RTX 3080, 6926, 3126, 10240, 94, 98
2026/08/05 04:08:45.457, 0, NVIDIA GeForce RTX 3080, 6926, 3126, 10240, 94, 98
2026/08/05 04:08:45.567, 0, NVIDIA GeForce RTX 3080, 6926, 3126, 10240, 94, 98
2026/08/05 04:08:45.677, 0, NVIDIA GeForce RTX 3080, 6926, 3126, 10240, 94, 98
2026/08/05 04:08:45.785, 0, NVIDIA GeForce RTX 3080, 6926, 3126, 10240, 94, 98
2026/08/05 04:08:45.895, 0, NVIDIA GeForce RTX 3080, 6926, 3126, 10240, 97, 98
2026/08/05 04:08:46.004, 0, NVIDIA GeForce RTX 3080, 6926, 3126, 10240, 97, 98
2026/08/05 04:08:46.113, 0, NVIDIA GeForce RTX 3080, 6926, 3126, 10240, 97, 98
2026/08/05 04:08:46.222, 0, NVIDIA GeForce RTX 3080, 6926, 3126, 10240, 97, 98
2026/08/05 04:08:46.331, 0, NVIDIA GeForce RTX 3080, 6926, 3126, 10240, 97, 98
2026/08/05 04:08:46.440, 0, NVIDIA GeForce RTX 3080, 6926, 3126, 10240, 97, 98
2026/08/05 04:08:46.549, 0, NVIDIA GeForce RTX 3080, 6926, 3126, 10240, 97, 98
2026/08/05 04:08:46.658, 0, NVIDIA GeForce RTX 3080, 6926, 3126, 10240, 97, 98
2026/08/05 04:08:46.767, 0, NVIDIA GeForce RTX 3080, 6926, 3126, 10240, 97, 98
2026/08/05 04:08:46.877, 0, NVIDIA GeForce RTX 3080, 6926, 3126, 10240, 97, 98
2026/08/05 04:08:46.986, 0, NVIDIA GeForce RTX 3080, 6926, 3126, 10240, 97, 98
2026/08/05 04:08:47.094, 0, NVIDIA GeForce RTX 3080, 6926, 3126, 10240, 97, 98
2026/08/05 04:08:47.204, 0, NVIDIA GeForce RTX 3080, 6926, 3126, 10240, 97, 98
2026/08/05 04:08:47.313, 0, NVIDIA GeForce RTX 3080, 6926, 3126, 10240, 97, 98
2026/08/05 04:08:47.422, 0, NVIDIA GeForce RTX 3080, 6926, 3126, 10240, 97, 98
2026/08/05 04:08:47.532, 0, NVIDIA GeForce RTX 3080, 6926, 3126, 10240, 97, 98
2026/08/05 04:08:47.641, 0, NVIDIA GeForce RTX 3080, 6926, 3126, 10240, 97, 98
2026/08/05 04:08:47.750, 0, NVIDIA GeForce RTX 3080, 6926, 3126, 10240, 97, 98
2026/08/05 04:08:47.860, 0, NVIDIA GeForce RTX 3080, 6926, 3126, 10240, 98, 98
2026/08/05 04:08:47.968, 0, NVIDIA GeForce RTX 3080, 6926, 3126, 10240, 98, 98
2026/08/05 04:08:48.078, 0, NVIDIA GeForce RTX 3080, 6926, 3126, 10240, 98, 98
2026/08/05 04:08:48.186, 0, NVIDIA GeForce RTX 3080, 6926, 3126, 10240, 98, 98
2026/08/05 04:08:48.296, 0, NVIDIA GeForce RTX 3080, 6926, 3126, 10240, 98, 98
2026/08/05 04:08:48.406, 0, NVIDIA GeForce RTX 3080, 6926, 3126, 10240, 98, 98
2026/08/05 04:08:48.514, 0, NVIDIA GeForce RTX 3080, 6926, 3126, 10240, 98, 98
2026/08/05 04:08:48.624, 0, NVIDIA GeForce RTX 3080, 6926, 3126, 10240, 98, 98
2026/08/05 04:08:48.733, 0, NVIDIA GeForce RTX 3080, 6926, 3126, 10240, 98, 98
2026/08/05 04:08:48.842, 0, NVIDIA GeForce RTX 3080, 6926, 3126, 10240, 98, 98
2026/08/05 04:08:48.951, 0, NVIDIA GeForce RTX 3080, 6926, 3126, 10240, 98, 98
2026/08/05 04:08:49.061, 0, NVIDIA GeForce RTX 3080, 6926, 3126, 10240, 98, 98
2026/08/05 04:08:49.170, 0, NVIDIA GeForce RTX 3080, 6926, 3126, 10240, 98, 98
2026/08/05 04:08:49.279, 0, NVIDIA GeForce RTX 3080, 6926, 3126, 10240, 98, 98
2026/08/05 04:08:49.387, 0, NVIDIA GeForce RTX 3080, 6926, 3126, 10240, 98, 98
2026/08/05 04:08:49.497, 0, NVIDIA GeForce RTX 3080, 6926, 3126, 10240, 98, 98
2026/08/05 04:08:49.607, 0, NVIDIA GeForce RTX 3080, 6926, 3126, 10240, 98, 98
2026/08/05 04:08:49.715, 0, NVIDIA GeForce RTX 3080, 6926, 3126, 10240, 98, 98
2026/08/05 04:08:49.825, 0, NVIDIA GeForce RTX 3080, 6926, 3126, 10240, 98, 98
2026/08/05 04:08:49.934, 0, NVIDIA GeForce RTX 3080, 6926, 3126, 10240, 96, 98
2026/08/05 04:08:50.043, 0, NVIDIA GeForce RTX 3080, 6926, 3126, 10240, 96, 98
2026/08/05 04:08:50.152, 0, NVIDIA GeForce RTX 3080, 6926, 3126, 10240, 96, 98
2026/08/05 04:08:50.261, 0, NVIDIA GeForce RTX 3080, 6926, 3126, 10240, 96, 98
2026/08/05 04:08:50.370, 0, NVIDIA GeForce RTX 3080, 6926, 3126, 10240, 96, 98
2026/08/05 04:08:50.479, 0, NVIDIA GeForce RTX 3080, 6926, 3126, 10240, 96, 98
2026/08/05 04:08:50.588, 0, NVIDIA GeForce RTX 3080, 6926, 3126, 10240, 96, 98
2026/08/05 04:08:50.697, 0, NVIDIA GeForce RTX 3080, 6926, 3126, 10240, 96, 98
2026/08/05 04:08:50.807, 0, NVIDIA GeForce RTX 3080, 6926, 3126, 10240, 96, 98
2026/08/05 04:08:50.915, 0, NVIDIA GeForce RTX 3080, 6926, 3126, 10240, 95, 98
2026/08/05 04:08:51.025, 0, NVIDIA GeForce RTX 3080, 6926, 3126, 10240, 95, 98
2026/08/05 04:08:51.135, 0, NVIDIA GeForce RTX 3080, 6926, 3126, 10240, 95, 98
2026/08/05 04:08:51.243, 0, NVIDIA GeForce RTX 3080, 6926, 3126, 10240, 95, 98
2026/08/05 04:08:51.344, 0, NVIDIA GeForce RTX 3080, 6926, 3126, 10240, 95, 98
2026/08/05 04:08:51.452, 0, NVIDIA GeForce RTX 3080, 6926, 3126, 10240, 93, 96
2026/08/05 04:08:51.562, 0, NVIDIA GeForce RTX 3080, 6926, 3126, 10240, 93, 96
2026/08/05 04:08:51.671, 0, NVIDIA GeForce RTX 3080, 6926, 3126, 10240, 93, 96
2026/08/05 04:08:51.780, 0, NVIDIA GeForce RTX 3080, 6926, 3126, 10240, 93, 96
2026/08/05 04:08:51.889, 0, NVIDIA GeForce RTX 3080, 6926, 3126, 10240, 97, 98
2026/08/05 04:08:51.998, 0, NVIDIA GeForce RTX 3080, 6926, 3126, 10240, 97, 98
2026/08/05 04:08:52.107, 0, NVIDIA GeForce RTX 3080, 6926, 3126, 10240, 97, 98
2026/08/05 04:08:52.215, 0, NVIDIA GeForce RTX 3080, 6926, 3126, 10240, 97, 98
2026/08/05 04:08:52.324, 0, NVIDIA GeForce RTX 3080, 6926, 3126, 10240, 97, 98
2026/08/05 04:08:52.434, 0, NVIDIA GeForce RTX 3080, 6926, 3126, 10240, 97, 98
2026/08/05 04:08:52.544, 0, NVIDIA GeForce RTX 3080, 6926, 3126, 10240, 97, 98
2026/08/05 04:08:52.652, 0, NVIDIA GeForce RTX 3080, 6926, 3126, 10240, 97, 98
2026/08/05 04:08:52.762, 0, NVIDIA GeForce RTX 3080, 6926, 3126, 10240, 97, 98
2026/08/05 04:08:52.872, 0, NVIDIA GeForce RTX 3080, 6926, 3126, 10240, 98, 98
2026/08/05 04:08:52.979, 0, NVIDIA GeForce RTX 3080, 6926, 3126, 10240, 98, 98
2026/08/05 04:08:53.089, 0, NVIDIA GeForce RTX 3080, 6926, 3126, 10240, 98, 98
2026/08/05 04:08:53.196, 0, NVIDIA GeForce RTX 3080, 6926, 3126, 10240, 98, 98
2026/08/05 04:08:53.306, 0, NVIDIA GeForce RTX 3080, 6926, 3126, 10240, 98, 98
2026/08/05 04:08:53.415, 0, NVIDIA GeForce RTX 3080, 6926, 3126, 10240, 95, 97
2026/08/05 04:08:53.524, 0, NVIDIA GeForce RTX 3080, 6926, 3126, 10240, 95, 97
2026/08/05 04:08:53.633, 0, NVIDIA GeForce RTX 3080, 6926, 3126, 10240, 95, 97
2026/08/05 04:08:53.743, 0, NVIDIA GeForce RTX 3080, 6926, 3126, 10240, 95, 97
2026/08/05 04:08:53.851, 0, NVIDIA GeForce RTX 3080, 6926, 3126, 10240, 96, 98
2026/08/05 04:08:53.960, 0, NVIDIA GeForce RTX 3080, 6926, 3126, 10240, 96, 98
2026/08/05 04:08:54.070, 0, NVIDIA GeForce RTX 3080, 6926, 3126, 10240, 96, 98
2026/08/05 04:08:54.179, 0, NVIDIA GeForce RTX 3080, 6926, 3126, 10240, 96, 98
2026/08/05 04:08:54.288, 0, NVIDIA GeForce RTX 3080, 6926, 3126, 10240, 96, 98
2026/08/05 04:08:54.397, 0, NVIDIA GeForce RTX 3080, 6926, 3126, 10240, 95, 98
2026/08/05 04:08:54.505, 0, NVIDIA GeForce RTX 3080, 6926, 3126, 10240, 95, 98
2026/08/05 04:08:54.615, 0, NVIDIA GeForce RTX 3080, 6926, 3126, 10240, 95, 98
2026/08/05 04:08:54.724, 0, NVIDIA GeForce RTX 3080, 6926, 3126, 10240, 95, 98
2026/08/05 04:08:54.833, 0, NVIDIA GeForce RTX 3080, 6926, 3126, 10240, 95, 98
2026/08/05 04:08:54.943, 0, NVIDIA GeForce RTX 3080, 6926, 3126, 10240, 96, 98
2026/08/05 04:08:55.051, 0, NVIDIA GeForce RTX 3080, 6926, 3126, 10240, 96, 98
2026/08/05 04:08:55.161, 0, NVIDIA GeForce RTX 3080, 6926, 3126, 10240, 96, 98
2026/08/05 04:08:55.270, 0, NVIDIA GeForce RTX 3080, 6926, 3126, 10240, 96, 98
2026/08/05 04:08:55.379, 0, NVIDIA GeForce RTX 3080, 6926, 3126, 10240, 95, 98
2026/08/05 04:08:55.488, 0, NVIDIA GeForce RTX 3080, 6926, 3126, 10240, 95, 98
2026/08/05 04:08:55.597, 0, NVIDIA GeForce RTX 3080, 6926, 3126, 10240, 95, 98
2026/08/05 04:08:55.706, 0, NVIDIA GeForce RTX 3080, 6926, 3126, 10240, 95, 98
2026/08/05 04:08:55.816, 0, NVIDIA GeForce RTX 3080, 6926, 3126, 10240, 95, 98
2026/08/05 04:08:55.924, 0, NVIDIA GeForce RTX 3080, 6926, 3126, 10240, 97, 98
2026/08/05 04:08:56.034, 0, NVIDIA GeForce RTX 3080, 6926, 3126, 10240, 97, 98
2026/08/05 04:08:56.144, 0, NVIDIA GeForce RTX 3080, 6926, 3126, 10240, 97, 98
2026/08/05 04:08:56.252, 0, NVIDIA GeForce RTX 3080, 6926, 3126, 10240, 97, 98
2026/08/05 04:08:56.362, 0, NVIDIA GeForce RTX 3080, 6926, 3126, 10240, 97, 98
2026/08/05 04:08:56.470, 0, NVIDIA GeForce RTX 3080, 6926, 3126, 10240, 97, 98
2026/08/05 04:08:56.579, 0, NVIDIA GeForce RTX 3080, 6926, 3126, 10240, 97, 98
2026/08/05 04:08:56.688, 0, NVIDIA GeForce RTX 3080, 6926, 3126, 10240, 97, 98
2026/08/05 04:08:56.797, 0, NVIDIA GeForce RTX 3080, 6926, 3126, 10240, 97, 98
2026/08/05 04:08:56.907, 0, NVIDIA GeForce RTX 3080, 6926, 3126, 10240, 97, 98
2026/08/05 04:08:57.016, 0, NVIDIA GeForce RTX 3080, 6926, 3126, 10240, 97, 98
2026/08/05 04:08:57.125, 0, NVIDIA GeForce RTX 3080, 6926, 3126, 10240, 97, 98
2026/08/05 04:08:57.233, 0, NVIDIA GeForce RTX 3080, 6926, 3126, 10240, 97, 98
2026/08/05 04:08:57.343, 0, NVIDIA GeForce RTX 3080, 6926, 3126, 10240, 97, 98
2026/08/05 04:08:57.452, 0, NVIDIA GeForce RTX 3080, 6926, 3126, 10240, 97, 98
2026/08/05 04:08:57.561, 0, NVIDIA GeForce RTX 3080, 6926, 3126, 10240, 97, 98
2026/08/05 04:08:57.671, 0, NVIDIA GeForce RTX 3080, 6926, 3126, 10240, 97, 98
2026/08/05 04:08:57.780, 0, NVIDIA GeForce RTX 3080, 6926, 3126, 10240, 97, 98
2026/08/05 04:08:57.889, 0, NVIDIA GeForce RTX 3080, 6926, 3126, 10240, 95, 98
2026/08/05 04:08:57.998, 0, NVIDIA GeForce RTX 3080, 6926, 3126, 10240, 95, 98
2026/08/05 04:08:58.106, 0, NVIDIA GeForce RTX 3080, 6926, 3126, 10240, 95, 98
2026/08/05 04:08:58.216, 0, NVIDIA GeForce RTX 3080, 6926, 3126, 10240, 95, 98
2026/08/05 04:08:58.325, 0, NVIDIA GeForce RTX 3080, 6926, 3126, 10240, 95, 98
2026/08/05 04:08:58.434, 0, NVIDIA GeForce RTX 3080, 6926, 3126, 10240, 95, 98
2026/08/05 04:08:58.544, 0, NVIDIA GeForce RTX 3080, 6926, 3126, 10240, 95, 98
2026/08/05 04:08:58.652, 0, NVIDIA GeForce RTX 3080, 6926, 3126, 10240, 95, 98
2026/08/05 04:08:58.762, 0, NVIDIA GeForce RTX 3080, 6926, 3126, 10240, 95, 98
2026/08/05 04:08:58.871, 0, NVIDIA GeForce RTX 3080, 6926, 3126, 10240, 96, 98
2026/08/05 04:08:58.979, 0, NVIDIA GeForce RTX 3080, 6926, 3126, 10240, 96, 98
2026/08/05 04:08:59.088, 0, NVIDIA GeForce RTX 3080, 6926, 3126, 10240, 96, 98
2026/08/05 04:08:59.198, 0, NVIDIA GeForce RTX 3080, 6926, 3126, 10240, 96, 98
2026/08/05 04:08:59.308, 0, NVIDIA GeForce RTX 3080, 6926, 3126, 10240, 96, 98
2026/08/05 04:08:59.417, 0, NVIDIA GeForce RTX 3080, 6926, 3126, 10240, 95, 98
2026/08/05 04:08:59.525, 0, NVIDIA GeForce RTX 3080, 6926, 3126, 10240, 95, 98
2026/08/05 04:08:59.635, 0, NVIDIA GeForce RTX 3080, 6926, 3126, 10240, 95, 98
2026/08/05 04:08:59.744, 0, NVIDIA GeForce RTX 3080, 6926, 3126, 10240, 95, 98
2026/08/05 04:08:59.853, 0, NVIDIA GeForce RTX 3080, 6926, 3126, 10240, 97, 98
2026/08/05 04:08:59.962, 0, NVIDIA GeForce RTX 3080, 6926, 3126, 10240, 97, 98
2026/08/05 04:09:00.072, 0, NVIDIA GeForce RTX 3080, 6926, 3126, 10240, 97, 98
2026/08/05 04:09:00.180, 0, NVIDIA GeForce RTX 3080, 6926, 3126, 10240, 97, 98
2026/08/05 04:09:00.290, 0, NVIDIA GeForce RTX 3080, 6926, 3126, 10240, 97, 98
2026/08/05 04:09:00.399, 0, NVIDIA GeForce RTX 3080, 6926, 3126, 10240, 97, 98
2026/08/05 04:09:00.508, 0, NVIDIA GeForce RTX 3080, 6926, 3126, 10240, 97, 98
2026/08/05 04:09:00.618, 0, NVIDIA GeForce RTX 3080, 6926, 3126, 10240, 97, 98
2026/08/05 04:09:00.726, 0, NVIDIA GeForce RTX 3080, 6926, 3126, 10240, 97, 98
2026/08/05 04:09:00.836, 0, NVIDIA GeForce RTX 3080, 6926, 3126, 10240, 97, 98
2026/08/05 04:09:00.945, 0, NVIDIA GeForce RTX 3080, 6926, 3126, 10240, 97, 98
2026/08/05 04:09:01.054, 0, NVIDIA GeForce RTX 3080, 6926, 3126, 10240, 97, 98
2026/08/05 04:09:01.162, 0, NVIDIA GeForce RTX 3080, 6926, 3126, 10240, 97, 98
2026/08/05 04:09:01.272, 0, NVIDIA GeForce RTX 3080, 6926, 3126, 10240, 97, 98
2026/08/05 04:09:01.381, 0, NVIDIA GeForce RTX 3080, 6926, 3126, 10240, 97, 98
2026/08/05 04:09:01.490, 0, NVIDIA GeForce RTX 3080, 6926, 3126, 10240, 97, 98
2026/08/05 04:09:01.600, 0, NVIDIA GeForce RTX 3080, 6926, 3126, 10240, 97, 98
2026/08/05 04:09:01.707, 0, NVIDIA GeForce RTX 3080, 6926, 3126, 10240, 97, 98
2026/08/05 04:09:01.817, 0, NVIDIA GeForce RTX 3080, 6926, 3126, 10240, 97, 98
2026/08/05 04:09:01.925, 0, NVIDIA GeForce RTX 3080, 6926, 3126, 10240, 93, 97
2026/08/05 04:09:02.035, 0, NVIDIA GeForce RTX 3080, 6926, 3126, 10240, 93, 97
2026/08/05 04:09:02.145, 0, NVIDIA GeForce RTX 3080, 6926, 3126, 10240, 93, 97
2026/08/05 04:09:02.253, 0, NVIDIA GeForce RTX 3080, 6926, 3126, 10240, 93, 97
2026/08/05 04:09:02.363, 0, NVIDIA GeForce RTX 3080, 6926, 3126, 10240, 95, 98
2026/08/05 04:09:02.472, 0, NVIDIA GeForce RTX 3080, 6926, 3126, 10240, 95, 98
2026/08/05 04:09:02.581, 0, NVIDIA GeForce RTX 3080, 6926, 3126, 10240, 95, 98
2026/08/05 04:09:02.690, 0, NVIDIA GeForce RTX 3080, 6926, 3126, 10240, 95, 98
2026/08/05 04:09:02.800, 0, NVIDIA GeForce RTX 3080, 6926, 3126, 10240, 95, 98
2026/08/05 04:09:02.909, 0, NVIDIA GeForce RTX 3080, 6926, 3126, 10240, 95, 98
2026/08/05 04:09:03.018, 0, NVIDIA GeForce RTX 3080, 6926, 3126, 10240, 95, 98
2026/08/05 04:09:03.127, 0, NVIDIA GeForce RTX 3080, 6926, 3126, 10240, 95, 98
2026/08/05 04:09:03.236, 0, NVIDIA GeForce RTX 3080, 6926, 3126, 10240, 95, 98
2026/08/05 04:09:03.346, 0, NVIDIA GeForce RTX 3080, 6926, 3126, 10240, 95, 98
2026/08/05 04:09:03.451, 0, NVIDIA GeForce RTX 3080, 6926, 3126, 10240, 95, 98
2026/08/05 04:09:03.561, 0, NVIDIA GeForce RTX 3080, 6926, 3126, 10240, 95, 98
2026/08/05 04:09:03.670, 0, NVIDIA GeForce RTX 3080, 6926, 3126, 10240, 95, 98
2026/08/05 04:09:03.779, 0, NVIDIA GeForce RTX 3080, 6926, 3126, 10240, 95, 98
2026/08/05 04:09:03.888, 0, NVIDIA GeForce RTX 3080, 6926, 3126, 10240, 95, 98
2026/08/05 04:09:03.998, 0, NVIDIA GeForce RTX 3080, 6926, 3126, 10240, 95, 98
2026/08/05 04:09:04.108, 0, NVIDIA GeForce RTX 3080, 6926, 3126, 10240, 95, 98
2026/08/05 04:09:04.216, 0, NVIDIA GeForce RTX 3080, 6926, 3126, 10240, 95, 98
2026/08/05 04:09:04.325, 0, NVIDIA GeForce RTX 3080, 6926, 3126, 10240, 95, 98
2026/08/05 04:09:04.433, 0, NVIDIA GeForce RTX 3080, 6926, 3126, 10240, 96, 98
2026/08/05 04:09:04.543, 0, NVIDIA GeForce RTX 3080, 6926, 3126, 10240, 96, 98
2026/08/05 04:09:04.650, 0, NVIDIA GeForce RTX 3080, 6926, 3126, 10240, 96, 98
2026/08/05 04:09:04.760, 0, NVIDIA GeForce RTX 3080, 6926, 3126, 10240, 96, 98
2026/08/05 04:09:04.870, 0, NVIDIA GeForce RTX 3080, 6926, 3126, 10240, 96, 98
2026/08/05 04:09:04.978, 0, NVIDIA GeForce RTX 3080, 6926, 3126, 10240, 96, 98
2026/08/05 04:09:05.088, 0, NVIDIA GeForce RTX 3080, 6926, 3126, 10240, 96, 98
2026/08/05 04:09:05.196, 0, NVIDIA GeForce RTX 3080, 6926, 3126, 10240, 96, 98
2026/08/05 04:09:05.306, 0, NVIDIA GeForce RTX 3080, 6926, 3126, 10240, 96, 98
2026/08/05 04:09:05.414, 0, NVIDIA GeForce RTX 3080, 6926, 3126, 10240, 96, 98
2026/08/05 04:09:05.523, 0, NVIDIA GeForce RTX 3080, 6926, 3126, 10240, 96, 98
2026/08/05 04:09:05.632, 0, NVIDIA GeForce RTX 3080, 6926, 3126, 10240, 96, 98
2026/08/05 04:09:05.742, 0, NVIDIA GeForce RTX 3080, 6926, 3126, 10240, 96, 98
2026/08/05 04:09:05.851, 0, NVIDIA GeForce RTX 3080, 6926, 3126, 10240, 96, 98
2026/08/05 04:09:05.960, 0, NVIDIA GeForce RTX 3080, 6926, 3126, 10240, 96, 98
2026/08/05 04:09:06.070, 0, NVIDIA GeForce RTX 3080, 6926, 3126, 10240, 96, 98
2026/08/05 04:09:06.177, 0, NVIDIA GeForce RTX 3080, 6926, 3126, 10240, 96, 98
2026/08/05 04:09:06.286, 0, NVIDIA GeForce RTX 3080, 6926, 3126, 10240, 96, 98
2026/08/05 04:09:06.395, 0, NVIDIA GeForce RTX 3080, 6926, 3126, 10240, 93, 97
2026/08/05 04:09:06.504, 0, NVIDIA GeForce RTX 3080, 6926, 3126, 10240, 93, 97
2026/08/05 04:09:06.614, 0, NVIDIA GeForce RTX 3080, 6926, 3126, 10240, 93, 97
2026/08/05 04:09:06.722, 0, NVIDIA GeForce RTX 3080, 6926, 3126, 10240, 93, 97
2026/08/05 04:09:06.832, 0, NVIDIA GeForce RTX 3080, 6926, 3126, 10240, 93, 97
2026/08/05 04:09:06.941, 0, NVIDIA GeForce RTX 3080, 6926, 3126, 10240, 95, 98
2026/08/05 04:09:07.050, 0, NVIDIA GeForce RTX 3080, 6926, 3126, 10240, 95, 98
2026/08/05 04:09:07.159, 0, NVIDIA GeForce RTX 3080, 6926, 3126, 10240, 95, 98
2026/08/05 04:09:07.268, 0, NVIDIA GeForce RTX 3080, 6926, 3126, 10240, 95, 98
2026/08/05 04:09:07.377, 0, NVIDIA GeForce RTX 3080, 6926, 3126, 10240, 94, 98
2026/08/05 04:09:07.486, 0, NVIDIA GeForce RTX 3080, 6926, 3126, 10240, 94, 98
2026/08/05 04:09:07.597, 0, NVIDIA GeForce RTX 3080, 6926, 3126, 10240, 94, 98
2026/08/05 04:09:07.705, 0, NVIDIA GeForce RTX 3080, 6926, 3126, 10240, 94, 98
2026/08/05 04:09:07.815, 0, NVIDIA GeForce RTX 3080, 6926, 3126, 10240, 94, 98
2026/08/05 04:09:07.923, 0, NVIDIA GeForce RTX 3080, 6926, 3126, 10240, 95, 98
2026/08/05 04:09:08.033, 0, NVIDIA GeForce RTX 3080, 6926, 3126, 10240, 95, 98
2026/08/05 04:09:08.142, 0, NVIDIA GeForce RTX 3080, 6926, 3126, 10240, 95, 98
2026/08/05 04:09:08.251, 0, NVIDIA GeForce RTX 3080, 6926, 3126, 10240, 95, 98
2026/08/05 04:09:08.360, 0, NVIDIA GeForce RTX 3080, 6926, 3126, 10240, 95, 98
2026/08/05 04:09:08.470, 0, NVIDIA GeForce RTX 3080, 6926, 3126, 10240, 95, 98
2026/08/05 04:09:08.579, 0, NVIDIA GeForce RTX 3080, 6926, 3126, 10240, 95, 98
2026/08/05 04:09:08.688, 0, NVIDIA GeForce RTX 3080, 6926, 3126, 10240, 95, 98
2026/08/05 04:09:08.797, 0, NVIDIA GeForce RTX 3080, 6926, 3126, 10240, 95, 98
2026/08/05 04:09:08.906, 0, NVIDIA GeForce RTX 3080, 6926, 3126, 10240, 96, 98
2026/08/05 04:09:09.016, 0, NVIDIA GeForce RTX 3080, 6926, 3126, 10240, 96, 98
2026/08/05 04:09:09.125, 0, NVIDIA GeForce RTX 3080, 6926, 3126, 10240, 96, 98
2026/08/05 04:09:09.234, 0, NVIDIA GeForce RTX 3080, 6926, 3126, 10240, 96, 98
2026/08/05 04:09:09.343, 0, NVIDIA GeForce RTX 3080, 6926, 3126, 10240, 96, 98
2026/08/05 04:09:09.452, 0, NVIDIA GeForce RTX 3080, 6926, 3126, 10240, 96, 98
2026/08/05 04:09:09.561, 0, NVIDIA GeForce RTX 3080, 6926, 3126, 10240, 96, 98
2026/08/05 04:09:09.671, 0, NVIDIA GeForce RTX 3080, 6926, 3126, 10240, 96, 98
2026/08/05 04:09:09.779, 0, NVIDIA GeForce RTX 3080, 6926, 3126, 10240, 96, 98
2026/08/05 04:09:09.889, 0, NVIDIA GeForce RTX 3080, 6926, 3126, 10240, 96, 98
2026/08/05 04:09:09.998, 0, NVIDIA GeForce RTX 3080, 6926, 3126, 10240, 96, 98
2026/08/05 04:09:10.107, 0, NVIDIA GeForce RTX 3080, 6926, 3126, 10240, 96, 98
2026/08/05 04:09:10.217, 0, NVIDIA GeForce RTX 3080, 6926, 3126, 10240, 96, 98
2026/08/05 04:09:10.325, 0, NVIDIA GeForce RTX 3080, 6926, 3126, 10240, 96, 98
2026/08/05 04:09:10.435, 0, NVIDIA GeForce RTX 3080, 6926, 3126, 10240, 96, 98
2026/08/05 04:09:10.543, 0, NVIDIA GeForce RTX 3080, 6926, 3126, 10240, 96, 98
2026/08/05 04:09:10.652, 0, NVIDIA GeForce RTX 3080, 6926, 3126, 10240, 96, 98
2026/08/05 04:09:10.761, 0, NVIDIA GeForce RTX 3080, 6926, 3126, 10240, 96, 98
2026/08/05 04:09:10.871, 0, NVIDIA GeForce RTX 3080, 6926, 3126, 10240, 96, 98
2026/08/05 04:09:10.980, 0, NVIDIA GeForce RTX 3080, 6926, 3126, 10240, 96, 98
2026/08/05 04:09:11.089, 0, NVIDIA GeForce RTX 3080, 6926, 3126, 10240, 96, 98
2026/08/05 04:09:11.198, 0, NVIDIA GeForce RTX 3080, 6926, 3126, 10240, 96, 98
2026/08/05 04:09:11.307, 0, NVIDIA GeForce RTX 3080, 6926, 3126, 10240, 96, 98
2026/08/05 04:09:11.417, 0, NVIDIA GeForce RTX 3080, 6926, 3126, 10240, 94, 98
2026/08/05 04:09:11.525, 0, NVIDIA GeForce RTX 3080, 6926, 3126, 10240, 94, 98
2026/08/05 04:09:11.635, 0, NVIDIA GeForce RTX 3080, 6926, 3126, 10240, 94, 98
2026/08/05 04:09:11.744, 0, NVIDIA GeForce RTX 3080, 6926, 3126, 10240, 94, 98
2026/08/05 04:09:11.853, 0, NVIDIA GeForce RTX 3080, 6926, 3126, 10240, 94, 98
2026/08/05 04:09:11.963, 0, NVIDIA GeForce RTX 3080, 6926, 3126, 10240, 94, 98
2026/08/05 04:09:12.072, 0, NVIDIA GeForce RTX 3080, 6926, 3126, 10240, 94, 98
2026/08/05 04:09:12.181, 0, NVIDIA GeForce RTX 3080, 6926, 3126, 10240, 94, 98
2026/08/05 04:09:12.290, 0, NVIDIA GeForce RTX 3080, 6926, 3126, 10240, 94, 98
2026/08/05 04:09:12.400, 0, NVIDIA GeForce RTX 3080, 6926, 3126, 10240, 94, 98
2026/08/05 04:09:12.509, 0, NVIDIA GeForce RTX 3080, 6926, 3126, 10240, 94, 98
2026/08/05 04:09:12.618, 0, NVIDIA GeForce RTX 3080, 6926, 3126, 10240, 94, 98
2026/08/05 04:09:12.728, 0, NVIDIA GeForce RTX 3080, 6926, 3126, 10240, 94, 98
2026/08/05 04:09:12.837, 0, NVIDIA GeForce RTX 3080, 6926, 3126, 10240, 94, 98
2026/08/05 04:09:12.947, 0, NVIDIA GeForce RTX 3080, 6926, 3126, 10240, 94, 98
2026/08/05 04:09:13.055, 0, NVIDIA GeForce RTX 3080, 6926, 3126, 10240, 94, 98
2026/08/05 04:09:13.165, 0, NVIDIA GeForce RTX 3080, 6926, 3126, 10240, 94, 98
2026/08/05 04:09:13.275, 0, NVIDIA GeForce RTX 3080, 6926, 3126, 10240, 94, 98
2026/08/05 04:09:13.383, 0, NVIDIA GeForce RTX 3080, 6926, 3126, 10240, 94, 98
2026/08/05 04:09:13.493, 0, NVIDIA GeForce RTX 3080, 6926, 3126, 10240, 94, 98
2026/08/05 04:09:13.602, 0, NVIDIA GeForce RTX 3080, 6926, 3126, 10240, 94, 98
2026/08/05 04:09:13.711, 0, NVIDIA GeForce RTX 3080, 6926, 3126, 10240, 94, 98
2026/08/05 04:09:13.820, 0, NVIDIA GeForce RTX 3080, 6926, 3126, 10240, 94, 98
2026/08/05 04:09:13.930, 0, NVIDIA GeForce RTX 3080, 6926, 3126, 10240, 97, 98
2026/08/05 04:09:14.039, 0, NVIDIA GeForce RTX 3080, 6926, 3126, 10240, 97, 98
2026/08/05 04:09:14.148, 0, NVIDIA GeForce RTX 3080, 6926, 3126, 10240, 97, 98
2026/08/05 04:09:14.257, 0, NVIDIA GeForce RTX 3080, 6926, 3126, 10240, 97, 98
2026/08/05 04:09:14.366, 0, NVIDIA GeForce RTX 3080, 6926, 3126, 10240, 97, 98
2026/08/05 04:09:14.475, 0, NVIDIA GeForce RTX 3080, 6926, 3126, 10240, 97, 98
2026/08/05 04:09:14.584, 0, NVIDIA GeForce RTX 3080, 6926, 3126, 10240, 97, 98
2026/08/05 04:09:14.693, 0, NVIDIA GeForce RTX 3080, 6926, 3126, 10240, 97, 98
2026/08/05 04:09:14.802, 0, NVIDIA GeForce RTX 3080, 6926, 3126, 10240, 97, 98
2026/08/05 04:09:14.910, 0, NVIDIA GeForce RTX 3080, 6926, 3126, 10240, 97, 98
2026/08/05 04:09:15.020, 0, NVIDIA GeForce RTX 3080, 6926, 3126, 10240, 97, 98
2026/08/05 04:09:15.129, 0, NVIDIA GeForce RTX 3080, 6926, 3126, 10240, 97, 98
2026/08/05 04:09:15.238, 0, NVIDIA GeForce RTX 3080, 6926, 3126, 10240, 97, 98
2026/08/05 04:09:15.347, 0, NVIDIA GeForce RTX 3080, 6926, 3126, 10240, 97, 98
2026/08/05 04:09:15.456, 0, NVIDIA GeForce RTX 3080, 6926, 3126, 10240, 96, 97
2026/08/05 04:09:15.565, 0, NVIDIA GeForce RTX 3080, 6926, 3126, 10240, 96, 97
2026/08/05 04:09:15.674, 0, NVIDIA GeForce RTX 3080, 6926, 3126, 10240, 96, 97
2026/08/05 04:09:15.783, 0, NVIDIA GeForce RTX 3080, 6926, 3126, 10240, 96, 97
2026/08/05 04:09:15.892, 0, NVIDIA GeForce RTX 3080, 6926, 3126, 10240, 98, 98
2026/08/05 04:09:16.002, 0, NVIDIA GeForce RTX 3080, 6926, 3126, 10240, 98, 98
2026/08/05 04:09:16.111, 0, NVIDIA GeForce RTX 3080, 6926, 3126, 10240, 98, 98
2026/08/05 04:09:16.220, 0, NVIDIA GeForce RTX 3080, 6926, 3126, 10240, 98, 98
2026/08/05 04:09:16.330, 0, NVIDIA GeForce RTX 3080, 6926, 3126, 10240, 98, 98
2026/08/05 04:09:16.437, 0, NVIDIA GeForce RTX 3080, 6926, 3126, 10240, 98, 98
2026/08/05 04:09:16.547, 0, NVIDIA GeForce RTX 3080, 6926, 3126, 10240, 98, 98
2026/08/05 04:09:16.656, 0, NVIDIA GeForce RTX 3080, 6926, 3126, 10240, 98, 98
2026/08/05 04:09:16.765, 0, NVIDIA GeForce RTX 3080, 6926, 3126, 10240, 98, 98
2026/08/05 04:09:16.875, 0, NVIDIA GeForce RTX 3080, 6926, 3126, 10240, 98, 98
2026/08/05 04:09:16.983, 0, NVIDIA GeForce RTX 3080, 6926, 3126, 10240, 98, 98
2026/08/05 04:09:17.095, 0, NVIDIA GeForce RTX 3080, 6926, 3126, 10240, 98, 98
2026/08/05 04:09:17.203, 0, NVIDIA GeForce RTX 3080, 6926, 3126, 10240, 98, 98
2026/08/05 04:09:17.312, 0, NVIDIA GeForce RTX 3080, 6926, 3126, 10240, 98, 98
2026/08/05 04:09:17.421, 0, NVIDIA GeForce RTX 3080, 6926, 3126, 10240, 96, 98
2026/08/05 04:09:17.531, 0, NVIDIA GeForce RTX 3080, 6926, 3126, 10240, 96, 98
2026/08/05 04:09:17.640, 0, NVIDIA GeForce RTX 3080, 6926, 3126, 10240, 96, 98
2026/08/05 04:09:17.748, 0, NVIDIA GeForce RTX 3080, 6926, 3126, 10240, 96, 98
2026/08/05 04:09:17.857, 0, NVIDIA GeForce RTX 3080, 6926, 3126, 10240, 96, 98
2026/08/05 04:09:17.965, 0, NVIDIA GeForce RTX 3080, 6926, 3126, 10240, 96, 98
2026/08/05 04:09:18.075, 0, NVIDIA GeForce RTX 3080, 6926, 3126, 10240, 96, 98
2026/08/05 04:09:18.184, 0, NVIDIA GeForce RTX 3080, 6926, 3126, 10240, 96, 98
2026/08/05 04:09:18.293, 0, NVIDIA GeForce RTX 3080, 6926, 3126, 10240, 96, 98
2026/08/05 04:09:18.403, 0, NVIDIA GeForce RTX 3080, 6926, 3126, 10240, 96, 98
2026/08/05 04:09:18.511, 0, NVIDIA GeForce RTX 3080, 6926, 3126, 10240, 96, 98
2026/08/05 04:09:18.621, 0, NVIDIA GeForce RTX 3080, 6926, 3126, 10240, 96, 98
2026/08/05 04:09:18.729, 0, NVIDIA GeForce RTX 3080, 6926, 3126, 10240, 96, 98
2026/08/05 04:09:18.838, 0, NVIDIA GeForce RTX 3080, 6926, 3126, 10240, 96, 98
2026/08/05 04:09:18.948, 0, NVIDIA GeForce RTX 3080, 6926, 3126, 10240, 96, 98
2026/08/05 04:09:19.056, 0, NVIDIA GeForce RTX 3080, 6926, 3126, 10240, 96, 98
2026/08/05 04:09:19.165, 0, NVIDIA GeForce RTX 3080, 6926, 3126, 10240, 96, 98
2026/08/05 04:09:19.275, 0, NVIDIA GeForce RTX 3080, 6926, 3126, 10240, 96, 98
2026/08/05 04:09:19.384, 0, NVIDIA GeForce RTX 3080, 6926, 3126, 10240, 97, 98
2026/08/05 04:09:19.493, 0, NVIDIA GeForce RTX 3080, 6926, 3126, 10240, 97, 98
2026/08/05 04:09:19.603, 0, NVIDIA GeForce RTX 3080, 6926, 3126, 10240, 97, 98
2026/08/05 04:09:19.711, 0, NVIDIA GeForce RTX 3080, 6926, 3126, 10240, 97, 98
2026/08/05 04:09:19.820, 0, NVIDIA GeForce RTX 3080, 6926, 3126, 10240, 97, 98
2026/08/05 04:09:19.929, 0, NVIDIA GeForce RTX 3080, 6926, 3126, 10240, 97, 98
2026/08/05 04:09:20.038, 0, NVIDIA GeForce RTX 3080, 6926, 3126, 10240, 97, 98
2026/08/05 04:09:20.148, 0, NVIDIA GeForce RTX 3080, 6926, 3126, 10240, 97, 98
2026/08/05 04:09:20.256, 0, NVIDIA GeForce RTX 3080, 6926, 3126, 10240, 97, 98
2026/08/05 04:09:20.366, 0, NVIDIA GeForce RTX 3080, 6926, 3126, 10240, 97, 98
2026/08/05 04:09:20.475, 0, NVIDIA GeForce RTX 3080, 6926, 3126, 10240, 97, 98
2026/08/05 04:09:20.589, 0, NVIDIA GeForce RTX 3080, 6926, 3126, 10240, 97, 98
2026/08/05 04:09:20.699, 0, NVIDIA GeForce RTX 3080, 6926, 3126, 10240, 97, 98
2026/08/05 04:09:20.808, 0, NVIDIA GeForce RTX 3080, 6926, 3126, 10240, 97, 98
2026/08/05 04:09:20.917, 0, NVIDIA GeForce RTX 3080, 6926, 3126, 10240, 97, 98
2026/08/05 04:09:21.027, 0, NVIDIA GeForce RTX 3080, 6926, 3126, 10240, 97, 98
2026/08/05 04:09:21.136, 0, NVIDIA GeForce RTX 3080, 6926, 3126, 10240, 97, 98
2026/08/05 04:09:21.245, 0, NVIDIA GeForce RTX 3080, 6926, 3126, 10240, 97, 98
2026/08/05 04:09:21.354, 0, NVIDIA GeForce RTX 3080, 6926, 3126, 10240, 96, 98
2026/08/05 04:09:21.463, 0, NVIDIA GeForce RTX 3080, 6926, 3126, 10240, 96, 98
2026/08/05 04:09:21.571, 0, NVIDIA GeForce RTX 3080, 6926, 3126, 10240, 96, 98
2026/08/05 04:09:21.681, 0, NVIDIA GeForce RTX 3080, 6926, 3126, 10240, 96, 98
2026/08/05 04:09:21.789, 0, NVIDIA GeForce RTX 3080, 6926, 3126, 10240, 96, 98
2026/08/05 04:09:21.897, 0, NVIDIA GeForce RTX 3080, 6926, 3126, 10240, 96, 98
2026/08/05 04:09:22.007, 0, NVIDIA GeForce RTX 3080, 6926, 3126, 10240, 96, 98
2026/08/05 04:09:22.115, 0, NVIDIA GeForce RTX 3080, 6926, 3126, 10240, 96, 98
2026/08/05 04:09:22.225, 0, NVIDIA GeForce RTX 3080, 6926, 3126, 10240, 96, 98
2026/08/05 04:09:22.334, 0, NVIDIA GeForce RTX 3080, 6926, 3126, 10240, 96, 98
2026/08/05 04:09:22.443, 0, NVIDIA GeForce RTX 3080, 6926, 3126, 10240, 96, 98
2026/08/05 04:09:22.552, 0, NVIDIA GeForce RTX 3080, 6926, 3126, 10240, 96, 98
2026/08/05 04:09:22.661, 0, NVIDIA GeForce RTX 3080, 6926, 3126, 10240, 96, 98
2026/08/05 04:09:22.770, 0, NVIDIA GeForce RTX 3080, 6926, 3126, 10240, 96, 98
2026/08/05 04:09:22.879, 0, NVIDIA GeForce RTX 3080, 6926, 3126, 10240, 96, 98
2026/08/05 04:09:22.988, 0, NVIDIA GeForce RTX 3080, 6926, 3126, 10240, 96, 98
2026/08/05 04:09:23.097, 0, NVIDIA GeForce RTX 3080, 6926, 3126, 10240, 96, 98
2026/08/05 04:09:23.207, 0, NVIDIA GeForce RTX 3080, 6926, 3126, 10240, 96, 98
2026/08/05 04:09:23.315, 0, NVIDIA GeForce RTX 3080, 6926, 3126, 10240, 96, 98
2026/08/05 04:09:23.425, 0, NVIDIA GeForce RTX 3080, 6926, 3126, 10240, 97, 98
2026/08/05 04:09:23.535, 0, NVIDIA GeForce RTX 3080, 6926, 3126, 10240, 97, 98
2026/08/05 04:09:23.640, 0, NVIDIA GeForce RTX 3080, 6926, 3126, 10240, 97, 98
2026/08/05 04:09:23.750, 0, NVIDIA GeForce RTX 3080, 6926, 3126, 10240, 97, 98
2026/08/05 04:09:23.858, 0, NVIDIA GeForce RTX 3080, 6926, 3126, 10240, 97, 98
2026/08/05 04:09:23.966, 0, NVIDIA GeForce RTX 3080, 6926, 3126, 10240, 97, 98
2026/08/05 04:09:24.075, 0, NVIDIA GeForce RTX 3080, 6926, 3126, 10240, 97, 98
2026/08/05 04:09:24.184, 0, NVIDIA GeForce RTX 3080, 6926, 3126, 10240, 97, 98
2026/08/05 04:09:24.294, 0, NVIDIA GeForce RTX 3080, 6926, 3126, 10240, 97, 98
2026/08/05 04:09:24.403, 0, NVIDIA GeForce RTX 3080, 6926, 3126, 10240, 97, 98
2026/08/05 04:09:24.512, 0, NVIDIA GeForce RTX 3080, 6926, 3126, 10240, 97, 98
2026/08/05 04:09:24.621, 0, NVIDIA GeForce RTX 3080, 6926, 3126, 10240, 97, 98
2026/08/05 04:09:24.731, 0, NVIDIA GeForce RTX 3080, 6926, 3126, 10240, 97, 98
2026/08/05 04:09:24.839, 0, NVIDIA GeForce RTX 3080, 6926, 3126, 10240, 97, 98
2026/08/05 04:09:24.949, 0, NVIDIA GeForce RTX 3080, 6926, 3126, 10240, 97, 98
2026/08/05 04:09:25.058, 0, NVIDIA GeForce RTX 3080, 6926, 3126, 10240, 97, 98
2026/08/05 04:09:25.166, 0, NVIDIA GeForce RTX 3080, 6926, 3126, 10240, 97, 98
2026/08/05 04:09:25.276, 0, NVIDIA GeForce RTX 3080, 6926, 3126, 10240, 97, 98
2026/08/05 04:09:25.391, 0, NVIDIA GeForce RTX 3080, 6926, 3126, 10240, 94, 96
2026/08/05 04:09:25.508, 0, NVIDIA GeForce RTX 3080, 6926, 3126, 10240, 94, 96
2026/08/05 04:09:25.616, 0, NVIDIA GeForce RTX 3080, 6926, 3126, 10240, 94, 96
2026/08/05 04:09:25.726, 0, NVIDIA GeForce RTX 3080, 6926, 3126, 10240, 94, 96
2026/08/05 04:09:25.834, 0, NVIDIA GeForce RTX 3080, 6926, 3126, 10240, 94, 96
2026/08/05 04:09:25.944, 0, NVIDIA GeForce RTX 3080, 6926, 3126, 10240, 96, 98
2026/08/05 04:09:26.054, 0, NVIDIA GeForce RTX 3080, 6926, 3126, 10240, 96, 98
2026/08/05 04:09:26.162, 0, NVIDIA GeForce RTX 3080, 6926, 3126, 10240, 96, 98
2026/08/05 04:09:26.272, 0, NVIDIA GeForce RTX 3080, 6926, 3126, 10240, 96, 98
2026/08/05 04:09:26.380, 0, NVIDIA GeForce RTX 3080, 6926, 3126, 10240, 96, 98
2026/08/05 04:09:26.489, 0, NVIDIA GeForce RTX 3080, 6926, 3126, 10240, 96, 98
2026/08/05 04:09:26.597, 0, NVIDIA GeForce RTX 3080, 6926, 3126, 10240, 96, 98
2026/08/05 04:09:26.707, 0, NVIDIA GeForce RTX 3080, 6926, 3126, 10240, 96, 98
2026/08/05 04:09:26.816, 0, NVIDIA GeForce RTX 3080, 6926, 3126, 10240, 96, 98
2026/08/05 04:09:26.925, 0, NVIDIA GeForce RTX 3080, 6926, 3126, 10240, 96, 98
2026/08/05 04:09:27.034, 0, NVIDIA GeForce RTX 3080, 6926, 3126, 10240, 96, 98
2026/08/05 04:09:27.143, 0, NVIDIA GeForce RTX 3080, 6926, 3126, 10240, 96, 98
2026/08/05 04:09:27.253, 0, NVIDIA GeForce RTX 3080, 6926, 3126, 10240, 96, 98
2026/08/05 04:09:27.362, 0, NVIDIA GeForce RTX 3080, 6926, 3126, 10240, 96, 98
2026/08/05 04:09:27.471, 0, NVIDIA GeForce RTX 3080, 6926, 3126, 10240, 96, 98
2026/08/05 04:09:27.581, 0, NVIDIA GeForce RTX 3080, 6926, 3126, 10240, 96, 98
2026/08/05 04:09:27.690, 0, NVIDIA GeForce RTX 3080, 6926, 3126, 10240, 96, 98
2026/08/05 04:09:27.799, 0, NVIDIA GeForce RTX 3080, 6926, 3126, 10240, 96, 98
2026/08/05 04:09:27.908, 0, NVIDIA GeForce RTX 3080, 6926, 3126, 10240, 97, 98
2026/08/05 04:09:28.017, 0, NVIDIA GeForce RTX 3080, 6926, 3126, 10240, 97, 98
2026/08/05 04:09:28.127, 0, NVIDIA GeForce RTX 3080, 6926, 3126, 10240, 97, 98
2026/08/05 04:09:28.235, 0, NVIDIA GeForce RTX 3080, 6926, 3126, 10240, 97, 98
2026/08/05 04:09:28.345, 0, NVIDIA GeForce RTX 3080, 6926, 3126, 10240, 97, 98
2026/08/05 04:09:28.455, 0, NVIDIA GeForce RTX 3080, 6926, 3126, 10240, 97, 98
2026/08/05 04:09:28.563, 0, NVIDIA GeForce RTX 3080, 6926, 3126, 10240, 97, 98
2026/08/05 04:09:28.673, 0, NVIDIA GeForce RTX 3080, 6926, 3126, 10240, 97, 98
2026/08/05 04:09:28.781, 0, NVIDIA GeForce RTX 3080, 6926, 3126, 10240, 97, 98
2026/08/05 04:09:28.890, 0, NVIDIA GeForce RTX 3080, 6926, 3126, 10240, 96, 98
2026/08/05 04:09:28.999, 0, NVIDIA GeForce RTX 3080, 6926, 3126, 10240, 96, 98
2026/08/05 04:09:29.108, 0, NVIDIA GeForce RTX 3080, 6926, 3126, 10240, 96, 98
2026/08/05 04:09:29.218, 0, NVIDIA GeForce RTX 3080, 6926, 3126, 10240, 96, 98
2026/08/05 04:09:29.328, 0, NVIDIA GeForce RTX 3080, 6926, 3126, 10240, 96, 98
2026/08/05 04:09:29.436, 0, NVIDIA GeForce RTX 3080, 6926, 3126, 10240, 97, 98
2026/08/05 04:09:29.546, 0, NVIDIA GeForce RTX 3080, 6926, 3126, 10240, 97, 98
2026/08/05 04:09:29.655, 0, NVIDIA GeForce RTX 3080, 6926, 3126, 10240, 97, 98
2026/08/05 04:09:29.764, 0, NVIDIA GeForce RTX 3080, 6926, 3126, 10240, 97, 98
2026/08/05 04:09:29.874, 0, NVIDIA GeForce RTX 3080, 6926, 3126, 10240, 95, 98
2026/08/05 04:09:29.982, 0, NVIDIA GeForce RTX 3080, 6926, 3126, 10240, 95, 98
2026/08/05 04:09:30.090, 0, NVIDIA GeForce RTX 3080, 6926, 3126, 10240, 95, 98
2026/08/05 04:09:30.199, 0, NVIDIA GeForce RTX 3080, 6926, 3126, 10240, 95, 98
2026/08/05 04:09:30.308, 0, NVIDIA GeForce RTX 3080, 6926, 3126, 10240, 95, 98
2026/08/05 04:09:30.418, 0, NVIDIA GeForce RTX 3080, 6926, 3126, 10240, 95, 98
2026/08/05 04:09:30.527, 0, NVIDIA GeForce RTX 3080, 6926, 3126, 10240, 95, 98
2026/08/05 04:09:30.636, 0, NVIDIA GeForce RTX 3080, 6926, 3126, 10240, 95, 98
2026/08/05 04:09:30.745, 0, NVIDIA GeForce RTX 3080, 6926, 3126, 10240, 95, 98
2026/08/05 04:09:30.855, 0, NVIDIA GeForce RTX 3080, 6926, 3126, 10240, 95, 98
2026/08/05 04:09:30.963, 0, NVIDIA GeForce RTX 3080, 6926, 3126, 10240, 95, 98
2026/08/05 04:09:31.073, 0, NVIDIA GeForce RTX 3080, 6926, 3126, 10240, 95, 98
2026/08/05 04:09:31.182, 0, NVIDIA GeForce RTX 3080, 6926, 3126, 10240, 95, 98
2026/08/05 04:09:31.291, 0, NVIDIA GeForce RTX 3080, 6926, 3126, 10240, 95, 98
2026/08/05 04:09:31.400, 0, NVIDIA GeForce RTX 3080, 6926, 3126, 10240, 95, 98
2026/08/05 04:09:31.509, 0, NVIDIA GeForce RTX 3080, 6926, 3126, 10240, 95, 98
2026/08/05 04:09:31.618, 0, NVIDIA GeForce RTX 3080, 6926, 3126, 10240, 95, 98
2026/08/05 04:09:31.727, 0, NVIDIA GeForce RTX 3080, 6926, 3126, 10240, 95, 98
2026/08/05 04:09:31.836, 0, NVIDIA GeForce RTX 3080, 6926, 3126, 10240, 95, 98
2026/08/05 04:09:31.945, 0, NVIDIA GeForce RTX 3080, 6926, 3126, 10240, 94, 97
2026/08/05 04:09:32.055, 0, NVIDIA GeForce RTX 3080, 6926, 3126, 10240, 94, 97
2026/08/05 04:09:32.164, 0, NVIDIA GeForce RTX 3080, 6926, 3126, 10240, 94, 97
2026/08/05 04:09:32.273, 0, NVIDIA GeForce RTX 3080, 6926, 3126, 10240, 94, 97
2026/08/05 04:09:32.382, 0, NVIDIA GeForce RTX 3080, 6926, 3126, 10240, 96, 98
2026/08/05 04:09:32.490, 0, NVIDIA GeForce RTX 3080, 6926, 3126, 10240, 96, 98
2026/08/05 04:09:32.600, 0, NVIDIA GeForce RTX 3080, 6926, 3126, 10240, 96, 98
2026/08/05 04:09:32.708, 0, NVIDIA GeForce RTX 3080, 6926, 3126, 10240, 96, 98
2026/08/05 04:09:32.817, 0, NVIDIA GeForce RTX 3080, 6926, 3126, 10240, 96, 98
2026/08/05 04:09:32.926, 0, NVIDIA GeForce RTX 3080, 6926, 3126, 10240, 96, 98
2026/08/05 04:09:33.036, 0, NVIDIA GeForce RTX 3080, 6926, 3126, 10240, 96, 98
2026/08/05 04:09:33.145, 0, NVIDIA GeForce RTX 3080, 6926, 3126, 10240, 96, 98
2026/08/05 04:09:33.254, 0, NVIDIA GeForce RTX 3080, 6926, 3126, 10240, 96, 98
2026/08/05 04:09:33.363, 0, NVIDIA GeForce RTX 3080, 6926, 3126, 10240, 96, 98
2026/08/05 04:09:33.472, 0, NVIDIA GeForce RTX 3080, 6926, 3126, 10240, 96, 98
2026/08/05 04:09:33.582, 0, NVIDIA GeForce RTX 3080, 6926, 3126, 10240, 96, 98
2026/08/05 04:09:33.690, 0, NVIDIA GeForce RTX 3080, 6926, 3126, 10240, 96, 98
2026/08/05 04:09:33.800, 0, NVIDIA GeForce RTX 3080, 6926, 3126, 10240, 96, 98
2026/08/05 04:09:33.909, 0, NVIDIA GeForce RTX 3080, 6926, 3126, 10240, 96, 98
2026/08/05 04:09:34.018, 0, NVIDIA GeForce RTX 3080, 6926, 3126, 10240, 96, 98
2026/08/05 04:09:34.127, 0, NVIDIA GeForce RTX 3080, 6926, 3126, 10240, 96, 98
2026/08/05 04:09:34.236, 0, NVIDIA GeForce RTX 3080, 6926, 3126, 10240, 96, 98
2026/08/05 04:09:34.346, 0, NVIDIA GeForce RTX 3080, 6926, 3126, 10240, 96, 98
2026/08/05 04:09:34.455, 0, NVIDIA GeForce RTX 3080, 6926, 3126, 10240, 95, 98
2026/08/05 04:09:34.564, 0, NVIDIA GeForce RTX 3080, 6926, 3126, 10240, 95, 98
2026/08/05 04:09:34.673, 0, NVIDIA GeForce RTX 3080, 6926, 3126, 10240, 95, 98
2026/08/05 04:09:34.782, 0, NVIDIA GeForce RTX 3080, 6926, 3126, 10240, 95, 98
2026/08/05 04:09:34.890, 0, NVIDIA GeForce RTX 3080, 6926, 3126, 10240, 95, 98
2026/08/05 04:09:35.000, 0, NVIDIA GeForce RTX 3080, 6926, 3126, 10240, 95, 98
2026/08/05 04:09:35.110, 0, NVIDIA GeForce RTX 3080, 6926, 3126, 10240, 95, 98
2026/08/05 04:09:35.218, 0, NVIDIA GeForce RTX 3080, 6926, 3126, 10240, 95, 98
2026/08/05 04:09:35.328, 0, NVIDIA GeForce RTX 3080, 6926, 3126, 10240, 95, 98
2026/08/05 04:09:35.436, 0, NVIDIA GeForce RTX 3080, 6926, 3126, 10240, 94, 98
2026/08/05 04:09:35.546, 0, NVIDIA GeForce RTX 3080, 6926, 3126, 10240, 94, 98
2026/08/05 04:09:35.655, 0, NVIDIA GeForce RTX 3080, 6926, 3126, 10240, 94, 98
2026/08/05 04:09:35.764, 0, NVIDIA GeForce RTX 3080, 6926, 3126, 10240, 94, 98
2026/08/05 04:09:35.874, 0, NVIDIA GeForce RTX 3080, 6926, 3126, 10240, 95, 98
2026/08/05 04:09:35.984, 0, NVIDIA GeForce RTX 3080, 6926, 3126, 10240, 95, 98
2026/08/05 04:09:36.092, 0, NVIDIA GeForce RTX 3080, 6926, 3126, 10240, 95, 98
2026/08/05 04:09:36.198, 0, NVIDIA GeForce RTX 3080, 6926, 3126, 10240, 95, 98
2026/08/05 04:09:36.306, 0, NVIDIA GeForce RTX 3080, 6926, 3126, 10240, 95, 98
2026/08/05 04:09:36.416, 0, NVIDIA GeForce RTX 3080, 6926, 3126, 10240, 95, 98
2026/08/05 04:09:36.526, 0, NVIDIA GeForce RTX 3080, 6926, 3126, 10240, 95, 98
2026/08/05 04:09:36.634, 0, NVIDIA GeForce RTX 3080, 6926, 3126, 10240, 95, 98
2026/08/05 04:09:36.744, 0, NVIDIA GeForce RTX 3080, 6926, 3126, 10240, 95, 98
2026/08/05 04:09:36.853, 0, NVIDIA GeForce RTX 3080, 6926, 3126, 10240, 96, 98
2026/08/05 04:09:36.962, 0, NVIDIA GeForce RTX 3080, 6926, 3126, 10240, 96, 98
2026/08/05 04:09:37.071, 0, NVIDIA GeForce RTX 3080, 6926, 3126, 10240, 96, 98
2026/08/05 04:09:37.180, 0, NVIDIA GeForce RTX 3080, 6926, 3126, 10240, 96, 98
2026/08/05 04:09:37.289, 0, NVIDIA GeForce RTX 3080, 6926, 3126, 10240, 96, 98
2026/08/05 04:09:37.398, 0, NVIDIA GeForce RTX 3080, 6926, 3126, 10240, 95, 98
2026/08/05 04:09:37.507, 0, NVIDIA GeForce RTX 3080, 6926, 3126, 10240, 95, 98
2026/08/05 04:09:37.616, 0, NVIDIA GeForce RTX 3080, 6926, 3126, 10240, 95, 98
2026/08/05 04:09:37.725, 0, NVIDIA GeForce RTX 3080, 6926, 3126, 10240, 95, 98
2026/08/05 04:09:37.834, 0, NVIDIA GeForce RTX 3080, 6926, 3126, 10240, 95, 98
2026/08/05 04:09:37.945, 0, NVIDIA GeForce RTX 3080, 6926, 3126, 10240, 96, 98
2026/08/05 04:09:38.054, 0, NVIDIA GeForce RTX 3080, 6926, 3126, 10240, 96, 98
2026/08/05 04:09:38.162, 0, NVIDIA GeForce RTX 3080, 6926, 3126, 10240, 96, 98
2026/08/05 04:09:38.271, 0, NVIDIA GeForce RTX 3080, 6926, 3126, 10240, 96, 98
2026/08/05 04:09:38.381, 0, NVIDIA GeForce RTX 3080, 6926, 3126, 10240, 96, 98
2026/08/05 04:09:38.489, 0, NVIDIA GeForce RTX 3080, 6926, 3126, 10240, 96, 98
2026/08/05 04:09:38.599, 0, NVIDIA GeForce RTX 3080, 6926, 3126, 10240, 96, 98
2026/08/05 04:09:38.708, 0, NVIDIA GeForce RTX 3080, 6926, 3126, 10240, 96, 98
2026/08/05 04:09:38.816, 0, NVIDIA GeForce RTX 3080, 6926, 3126, 10240, 96, 98
2026/08/05 04:09:38.926, 0, NVIDIA GeForce RTX 3080, 6926, 3126, 10240, 92, 97
2026/08/05 04:09:39.034, 0, NVIDIA GeForce RTX 3080, 6926, 3126, 10240, 92, 97
2026/08/05 04:09:39.144, 0, NVIDIA GeForce RTX 3080, 6926, 3126, 10240, 92, 97
2026/08/05 04:09:39.253, 0, NVIDIA GeForce RTX 3080, 6926, 3126, 10240, 92, 97
2026/08/05 04:09:39.361, 0, NVIDIA GeForce RTX 3080, 6926, 3126, 10240, 94, 98
2026/08/05 04:09:39.470, 0, NVIDIA GeForce RTX 3080, 6926, 3126, 10240, 94, 98
2026/08/05 04:09:39.580, 0, NVIDIA GeForce RTX 3080, 6926, 3126, 10240, 94, 98
2026/08/05 04:09:39.688, 0, NVIDIA GeForce RTX 3080, 6926, 3126, 10240, 94, 98
2026/08/05 04:09:39.798, 0, NVIDIA GeForce RTX 3080, 6926, 3126, 10240, 94, 98
2026/08/05 04:09:39.899, 0, NVIDIA GeForce RTX 3080, 6926, 3126, 10240, 94, 98
2026/08/05 04:09:40.009, 0, NVIDIA GeForce RTX 3080, 6926, 3126, 10240, 94, 98
2026/08/05 04:09:40.117, 0, NVIDIA GeForce RTX 3080, 6926, 3126, 10240, 94, 98
2026/08/05 04:09:40.227, 0, NVIDIA GeForce RTX 3080, 6926, 3126, 10240, 94, 98
2026/08/05 04:09:40.337, 0, NVIDIA GeForce RTX 3080, 6926, 3126, 10240, 94, 98
2026/08/05 04:09:40.445, 0, NVIDIA GeForce RTX 3080, 6926, 3126, 10240, 94, 98
2026/08/05 04:09:40.555, 0, NVIDIA GeForce RTX 3080, 6926, 3126, 10240, 94, 98
2026/08/05 04:09:40.664, 0, NVIDIA GeForce RTX 3080, 6926, 3126, 10240, 94, 98
2026/08/05 04:09:40.773, 0, NVIDIA GeForce RTX 3080, 6926, 3126, 10240, 94, 98
2026/08/05 04:09:40.882, 0, NVIDIA GeForce RTX 3080, 6926, 3126, 10240, 94, 98
2026/08/05 04:09:40.991, 0, NVIDIA GeForce RTX 3080, 6926, 3126, 10240, 94, 98
2026/08/05 04:09:41.100, 0, NVIDIA GeForce RTX 3080, 6926, 3126, 10240, 94, 98
2026/08/05 04:09:41.209, 0, NVIDIA GeForce RTX 3080, 6926, 3126, 10240, 94, 98
2026/08/05 04:09:41.318, 0, NVIDIA GeForce RTX 3080, 6926, 3126, 10240, 94, 98
2026/08/05 04:09:41.427, 0, NVIDIA GeForce RTX 3080, 6926, 3126, 10240, 93, 95
2026/08/05 04:09:41.537, 0, NVIDIA GeForce RTX 3080, 6926, 3126, 10240, 93, 95
2026/08/05 04:09:41.645, 0, NVIDIA GeForce RTX 3080, 6926, 3126, 10240, 93, 95
2026/08/05 04:09:41.755, 0, NVIDIA GeForce RTX 3080, 6926, 3126, 10240, 93, 95
2026/08/05 04:09:41.864, 0, NVIDIA GeForce RTX 3080, 6926, 3126, 10240, 97, 98
2026/08/05 04:09:41.973, 0, NVIDIA GeForce RTX 3080, 6926, 3126, 10240, 97, 98
2026/08/05 04:09:42.083, 0, NVIDIA GeForce RTX 3080, 6926, 3126, 10240, 97, 98
2026/08/05 04:09:42.192, 0, NVIDIA GeForce RTX 3080, 6926, 3126, 10240, 97, 98
2026/08/05 04:09:42.301, 0, NVIDIA GeForce RTX 3080, 6926, 3126, 10240, 97, 98
2026/08/05 04:09:42.410, 0, NVIDIA GeForce RTX 3080, 6926, 3126, 10240, 97, 98
2026/08/05 04:09:42.520, 0, NVIDIA GeForce RTX 3080, 6926, 3126, 10240, 97, 98
2026/08/05 04:09:42.629, 0, NVIDIA GeForce RTX 3080, 6926, 3126, 10240, 97, 98
2026/08/05 04:09:42.738, 0, NVIDIA GeForce RTX 3080, 6926, 3126, 10240, 97, 98
2026/08/05 04:09:42.843, 0, NVIDIA GeForce RTX 3080, 6926, 3126, 10240, 97, 98
2026/08/05 04:09:42.951, 0, NVIDIA GeForce RTX 3080, 6926, 3126, 10240, 97, 98
2026/08/05 04:09:43.061, 0, NVIDIA GeForce RTX 3080, 6926, 3126, 10240, 97, 98
2026/08/05 04:09:43.169, 0, NVIDIA GeForce RTX 3080, 6926, 3126, 10240, 97, 98
2026/08/05 04:09:43.279, 0, NVIDIA GeForce RTX 3080, 6926, 3126, 10240, 97, 98
2026/08/05 04:09:43.387, 0, NVIDIA GeForce RTX 3080, 6926, 3126, 10240, 98, 98
2026/08/05 04:09:43.497, 0, NVIDIA GeForce RTX 3080, 6926, 3126, 10240, 98, 98
2026/08/05 04:09:43.607, 0, NVIDIA GeForce RTX 3080, 6926, 3126, 10240, 98, 98
2026/08/05 04:09:43.715, 0, NVIDIA GeForce RTX 3080, 6926, 3126, 10240, 98, 98
2026/08/05 04:09:43.824, 0, NVIDIA GeForce RTX 3080, 6926, 3126, 10240, 98, 98
2026/08/05 04:09:43.933, 0, NVIDIA GeForce RTX 3080, 6926, 3126, 10240, 98, 98
2026/08/05 04:09:44.042, 0, NVIDIA GeForce RTX 3080, 6926, 3126, 10240, 98, 98
2026/08/05 04:09:44.151, 0, NVIDIA GeForce RTX 3080, 6926, 3126, 10240, 98, 98
2026/08/05 04:09:44.261, 0, NVIDIA GeForce RTX 3080, 6926, 3126, 10240, 98, 98
2026/08/05 04:09:44.370, 0, NVIDIA GeForce RTX 3080, 6926, 3126, 10240, 98, 98
2026/08/05 04:09:44.479, 0, NVIDIA GeForce RTX 3080, 6926, 3126, 10240, 98, 98
2026/08/05 04:09:44.588, 0, NVIDIA GeForce RTX 3080, 6926, 3126, 10240, 98, 98
2026/08/05 04:09:44.697, 0, NVIDIA GeForce RTX 3080, 6926, 3126, 10240, 98, 98
2026/08/05 04:09:44.807, 0, NVIDIA GeForce RTX 3080, 6926, 3126, 10240, 98, 98
2026/08/05 04:09:44.916, 0, NVIDIA GeForce RTX 3080, 6926, 3126, 10240, 98, 97
2026/08/05 04:09:45.025, 0, NVIDIA GeForce RTX 3080, 6926, 3126, 10240, 98, 97
2026/08/05 04:09:45.134, 0, NVIDIA GeForce RTX 3080, 6926, 3126, 10240, 98, 97
2026/08/05 04:09:45.242, 0, NVIDIA GeForce RTX 3080, 6926, 3126, 10240, 98, 97
2026/08/05 04:09:45.352, 0, NVIDIA GeForce RTX 3080, 6926, 3126, 10240, 96, 98
2026/08/05 04:09:45.462, 0, NVIDIA GeForce RTX 3080, 6926, 3126, 10240, 96, 98
2026/08/05 04:09:45.570, 0, NVIDIA GeForce RTX 3080, 6926, 3126, 10240, 96, 98
2026/08/05 04:09:45.680, 0, NVIDIA GeForce RTX 3080, 6926, 3126, 10240, 96, 98
2026/08/05 04:09:45.788, 0, NVIDIA GeForce RTX 3080, 6926, 3126, 10240, 96, 98
2026/08/05 04:09:45.897, 0, NVIDIA GeForce RTX 3080, 6926, 3126, 10240, 96, 98
2026/08/05 04:09:46.006, 0, NVIDIA GeForce RTX 3080, 6926, 3126, 10240, 96, 98
2026/08/05 04:09:46.115, 0, NVIDIA GeForce RTX 3080, 6926, 3126, 10240, 96, 98
2026/08/05 04:09:46.223, 0, NVIDIA GeForce RTX 3080, 6926, 3126, 10240, 96, 98
2026/08/05 04:09:46.333, 0, NVIDIA GeForce RTX 3080, 6926, 3126, 10240, 96, 98
2026/08/05 04:09:46.442, 0, NVIDIA GeForce RTX 3080, 6926, 3126, 10240, 96, 98
2026/08/05 04:09:46.551, 0, NVIDIA GeForce RTX 3080, 6926, 3126, 10240, 96, 98
2026/08/05 04:09:46.661, 0, NVIDIA GeForce RTX 3080, 6926, 3126, 10240, 96, 98
2026/08/05 04:09:46.769, 0, NVIDIA GeForce RTX 3080, 6926, 3126, 10240, 96, 98
2026/08/05 04:09:46.879, 0, NVIDIA GeForce RTX 3080, 6926, 3126, 10240, 96, 98
2026/08/05 04:09:46.990, 0, NVIDIA GeForce RTX 3080, 6926, 3126, 10240, 96, 98
2026/08/05 04:09:47.098, 0, NVIDIA GeForce RTX 3080, 6926, 3126, 10240, 96, 98
2026/08/05 04:09:47.208, 0, NVIDIA GeForce RTX 3080, 6926, 3126, 10240, 96, 98
2026/08/05 04:09:47.316, 0, NVIDIA GeForce RTX 3080, 6926, 3126, 10240, 96, 98
2026/08/05 04:09:47.426, 0, NVIDIA GeForce RTX 3080, 6926, 3126, 10240, 97, 98
2026/08/05 04:09:47.534, 0, NVIDIA GeForce RTX 3080, 6926, 3126, 10240, 97, 98
2026/08/05 04:09:47.643, 0, NVIDIA GeForce RTX 3080, 6926, 3126, 10240, 97, 98
2026/08/05 04:09:47.752, 0, NVIDIA GeForce RTX 3080, 6926, 3126, 10240, 97, 98
2026/08/05 04:09:47.862, 0, NVIDIA GeForce RTX 3080, 6926, 3126, 10240, 97, 98
2026/08/05 04:09:47.971, 0, NVIDIA GeForce RTX 3080, 6926, 3126, 10240, 97, 98
2026/08/05 04:09:48.080, 0, NVIDIA GeForce RTX 3080, 6926, 3126, 10240, 97, 98
2026/08/05 04:09:48.191, 0, NVIDIA GeForce RTX 3080, 6926, 3126, 10240, 97, 98
2026/08/05 04:09:48.299, 0, NVIDIA GeForce RTX 3080, 6926, 3126, 10240, 97, 98
2026/08/05 04:09:48.410, 0, NVIDIA GeForce RTX 3080, 6926, 3126, 10240, 97, 98
2026/08/05 04:09:48.518, 0, NVIDIA GeForce RTX 3080, 6926, 3126, 10240, 97, 98
2026/08/05 04:09:48.627, 0, NVIDIA GeForce RTX 3080, 6926, 3126, 10240, 97, 98
2026/08/05 04:09:48.736, 0, NVIDIA GeForce RTX 3080, 6926, 3126, 10240, 97, 98
2026/08/05 04:09:48.845, 0, NVIDIA GeForce RTX 3080, 6926, 3126, 10240, 97, 98
2026/08/05 04:09:48.955, 0, NVIDIA GeForce RTX 3080, 6926, 3126, 10240, 97, 98
2026/08/05 04:09:49.064, 0, NVIDIA GeForce RTX 3080, 6926, 3126, 10240, 97, 98
2026/08/05 04:09:49.173, 0, NVIDIA GeForce RTX 3080, 6926, 3126, 10240, 97, 98
2026/08/05 04:09:49.282, 0, NVIDIA GeForce RTX 3080, 6926, 3126, 10240, 97, 98
2026/08/05 04:09:49.391, 0, NVIDIA GeForce RTX 3080, 6926, 3126, 10240, 96, 98
2026/08/05 04:09:49.500, 0, NVIDIA GeForce RTX 3080, 6926, 3126, 10240, 96, 98
2026/08/05 04:09:49.609, 0, NVIDIA GeForce RTX 3080, 6926, 3126, 10240, 96, 98
2026/08/05 04:09:49.718, 0, NVIDIA GeForce RTX 3080, 6926, 3126, 10240, 96, 98
2026/08/05 04:09:49.829, 0, NVIDIA GeForce RTX 3080, 6926, 3126, 10240, 96, 98
2026/08/05 04:09:49.938, 0, NVIDIA GeForce RTX 3080, 6926, 3126, 10240, 96, 98
2026/08/05 04:09:50.047, 0, NVIDIA GeForce RTX 3080, 6926, 3126, 10240, 96, 98
2026/08/05 04:09:50.156, 0, NVIDIA GeForce RTX 3080, 6926, 3126, 10240, 96, 98
2026/08/05 04:09:50.265, 0, NVIDIA GeForce RTX 3080, 6926, 3126, 10240, 96, 98
2026/08/05 04:09:50.373, 0, NVIDIA GeForce RTX 3080, 6926, 3126, 10240, 95, 98
2026/08/05 04:09:50.482, 0, NVIDIA GeForce RTX 3080, 6926, 3126, 10240, 95, 98
2026/08/05 04:09:50.591, 0, NVIDIA GeForce RTX 3080, 6926, 3126, 10240, 95, 98
2026/08/05 04:09:50.699, 0, NVIDIA GeForce RTX 3080, 6926, 3126, 10240, 95, 98
2026/08/05 04:09:50.809, 0, NVIDIA GeForce RTX 3080, 6926, 3126, 10240, 95, 98
2026/08/05 04:09:50.917, 0, NVIDIA GeForce RTX 3080, 6926, 3126, 10240, 96, 98
2026/08/05 04:09:51.026, 0, NVIDIA GeForce RTX 3080, 6926, 3126, 10240, 96, 98
2026/08/05 04:09:51.135, 0, NVIDIA GeForce RTX 3080, 6926, 3126, 10240, 96, 98
2026/08/05 04:09:51.244, 0, NVIDIA GeForce RTX 3080, 6926, 3126, 10240, 96, 98
2026/08/05 04:09:51.354, 0, NVIDIA GeForce RTX 3080, 6926, 3126, 10240, 97, 98
2026/08/05 04:09:51.463, 0, NVIDIA GeForce RTX 3080, 6926, 3126, 10240, 97, 98
2026/08/05 04:09:51.572, 0, NVIDIA GeForce RTX 3080, 6926, 3126, 10240, 97, 98
2026/08/05 04:09:51.677, 0, NVIDIA GeForce RTX 3080, 6926, 3126, 10240, 97, 98
2026/08/05 04:09:51.786, 0, NVIDIA GeForce RTX 3080, 6926, 3126, 10240, 97, 98
2026/08/05 04:09:51.895, 0, NVIDIA GeForce RTX 3080, 6926, 3126, 10240, 97, 98
2026/08/05 04:09:52.004, 0, NVIDIA GeForce RTX 3080, 6926, 3126, 10240, 97, 98
2026/08/05 04:09:52.113, 0, NVIDIA GeForce RTX 3080, 6926, 3126, 10240, 97, 98
2026/08/05 04:09:52.222, 0, NVIDIA GeForce RTX 3080, 6926, 3126, 10240, 97, 98
2026/08/05 04:09:52.332, 0, NVIDIA GeForce RTX 3080, 6926, 3126, 10240, 97, 98
2026/08/05 04:09:52.440, 0, NVIDIA GeForce RTX 3080, 6926, 3126, 10240, 97, 98
2026/08/05 04:09:52.550, 0, NVIDIA GeForce RTX 3080, 6926, 3126, 10240, 97, 98
2026/08/05 04:09:52.659, 0, NVIDIA GeForce RTX 3080, 6926, 3126, 10240, 97, 98
2026/08/05 04:09:52.764, 0, NVIDIA GeForce RTX 3080, 6926, 3126, 10240, 97, 98
2026/08/05 04:09:52.874, 0, NVIDIA GeForce RTX 3080, 6926, 3126, 10240, 97, 98
2026/08/05 04:09:52.982, 0, NVIDIA GeForce RTX 3080, 6926, 3126, 10240, 97, 98
2026/08/05 04:09:53.092, 0, NVIDIA GeForce RTX 3080, 6926, 3126, 10240, 97, 98
2026/08/05 04:09:53.201, 0, NVIDIA GeForce RTX 3080, 6926, 3126, 10240, 97, 98
2026/08/05 04:09:53.309, 0, NVIDIA GeForce RTX 3080, 6926, 3126, 10240, 97, 98
2026/08/05 04:09:53.419, 0, NVIDIA GeForce RTX 3080, 6926, 3126, 10240, 95, 98
2026/08/05 04:09:53.527, 0, NVIDIA GeForce RTX 3080, 6926, 3126, 10240, 95, 98
2026/08/05 04:09:53.637, 0, NVIDIA GeForce RTX 3080, 6926, 3126, 10240, 95, 98
2026/08/05 04:09:53.746, 0, NVIDIA GeForce RTX 3080, 6926, 3126, 10240, 95, 98
2026/08/05 04:09:53.855, 0, NVIDIA GeForce RTX 3080, 6926, 3126, 10240, 96, 98
2026/08/05 04:09:53.965, 0, NVIDIA GeForce RTX 3080, 6926, 3126, 10240, 96, 98
2026/08/05 04:09:54.073, 0, NVIDIA GeForce RTX 3080, 6926, 3126, 10240, 96, 98
2026/08/05 04:09:54.182, 0, NVIDIA GeForce RTX 3080, 6926, 3126, 10240, 96, 98
2026/08/05 04:09:54.291, 0, NVIDIA GeForce RTX 3080, 6926, 3126, 10240, 96, 98
2026/08/05 04:09:54.401, 0, NVIDIA GeForce RTX 3080, 6926, 3126, 10240, 96, 98
2026/08/05 04:09:54.510, 0, NVIDIA GeForce RTX 3080, 6926, 3126, 10240, 96, 98
2026/08/05 04:09:54.619, 0, NVIDIA GeForce RTX 3080, 6926, 3126, 10240, 96, 98
2026/08/05 04:09:54.728, 0, NVIDIA GeForce RTX 3080, 6926, 3126, 10240, 96, 98
2026/08/05 04:09:54.837, 0, NVIDIA GeForce RTX 3080, 6926, 3126, 10240, 96, 98
2026/08/05 04:09:54.947, 0, NVIDIA GeForce RTX 3080, 6926, 3126, 10240, 95, 98
2026/08/05 04:09:55.055, 0, NVIDIA GeForce RTX 3080, 6926, 3126, 10240, 95, 98
2026/08/05 04:09:55.165, 0, NVIDIA GeForce RTX 3080, 6926, 3126, 10240, 95, 98
2026/08/05 04:09:55.275, 0, NVIDIA GeForce RTX 3080, 6926, 3126, 10240, 95, 98
2026/08/05 04:09:55.383, 0, NVIDIA GeForce RTX 3080, 6926, 3126, 10240, 97, 98
2026/08/05 04:09:55.493, 0, NVIDIA GeForce RTX 3080, 6926, 3126, 10240, 97, 98
2026/08/05 04:09:55.601, 0, NVIDIA GeForce RTX 3080, 6926, 3126, 10240, 97, 98
2026/08/05 04:09:55.710, 0, NVIDIA GeForce RTX 3080, 6926, 3126, 10240, 97, 98
2026/08/05 04:09:55.819, 0, NVIDIA GeForce RTX 3080, 6926, 3126, 10240, 97, 98
2026/08/05 04:09:55.927, 0, NVIDIA GeForce RTX 3080, 6926, 3126, 10240, 97, 98
2026/08/05 04:09:56.035, 0, NVIDIA GeForce RTX 3080, 6926, 3126, 10240, 97, 98
2026/08/05 04:09:56.144, 0, NVIDIA GeForce RTX 3080, 6926, 3126, 10240, 97, 98
2026/08/05 04:09:56.253, 0, NVIDIA GeForce RTX 3080, 6926, 3126, 10240, 97, 98
2026/08/05 04:09:56.361, 0, NVIDIA GeForce RTX 3080, 6926, 3126, 10240, 97, 98
2026/08/05 04:09:56.471, 0, NVIDIA GeForce RTX 3080, 6926, 3126, 10240, 97, 98
2026/08/05 04:09:56.580, 0, NVIDIA GeForce RTX 3080, 6926, 3126, 10240, 97, 98
2026/08/05 04:09:56.688, 0, NVIDIA GeForce RTX 3080, 6926, 3126, 10240, 97, 98
2026/08/05 04:09:56.797, 0, NVIDIA GeForce RTX 3080, 6926, 3126, 10240, 97, 98
2026/08/05 04:09:56.906, 0, NVIDIA GeForce RTX 3080, 6926, 3126, 10240, 97, 98
2026/08/05 04:09:57.016, 0, NVIDIA GeForce RTX 3080, 6926, 3126, 10240, 97, 98
2026/08/05 04:09:57.125, 0, NVIDIA GeForce RTX 3080, 6926, 3126, 10240, 97, 98
2026/08/05 04:09:57.234, 0, NVIDIA GeForce RTX 3080, 6926, 3126, 10240, 97, 98
2026/08/05 04:09:57.344, 0, NVIDIA GeForce RTX 3080, 6926, 3126, 10240, 97, 98
2026/08/05 04:09:57.447, 0, NVIDIA GeForce RTX 3080, 6926, 3126, 10240, 97, 98
2026/08/05 04:09:57.557, 0, NVIDIA GeForce RTX 3080, 6926, 3126, 10240, 97, 98
2026/08/05 04:09:57.665, 0, NVIDIA GeForce RTX 3080, 6926, 3126, 10240, 97, 98
2026/08/05 04:09:57.775, 0, NVIDIA GeForce RTX 3080, 6926, 3126, 10240, 97, 98
2026/08/05 04:09:57.885, 0, NVIDIA GeForce RTX 3080, 6926, 3126, 10240, 95, 98
2026/08/05 04:09:57.993, 0, NVIDIA GeForce RTX 3080, 6926, 3126, 10240, 95, 98
2026/08/05 04:09:58.103, 0, NVIDIA GeForce RTX 3080, 6926, 3126, 10240, 95, 98
2026/08/05 04:09:58.211, 0, NVIDIA GeForce RTX 3080, 6926, 3126, 10240, 95, 98
2026/08/05 04:09:58.320, 0, NVIDIA GeForce RTX 3080, 6926, 3126, 10240, 95, 98
2026/08/05 04:09:58.429, 0, NVIDIA GeForce RTX 3080, 6926, 3126, 10240, 95, 98
2026/08/05 04:09:58.538, 0, NVIDIA GeForce RTX 3080, 6926, 3126, 10240, 95, 98
2026/08/05 04:09:58.648, 0, NVIDIA GeForce RTX 3080, 6926, 3126, 10240, 95, 98
2026/08/05 04:09:58.757, 0, NVIDIA GeForce RTX 3080, 6926, 3126, 10240, 95, 98
2026/08/05 04:09:58.866, 0, NVIDIA GeForce RTX 3080, 6926, 3126, 10240, 95, 98
2026/08/05 04:09:58.975, 0, NVIDIA GeForce RTX 3080, 6926, 3126, 10240, 95, 98
2026/08/05 04:09:59.086, 0, NVIDIA GeForce RTX 3080, 6926, 3126, 10240, 95, 98
2026/08/05 04:09:59.195, 0, NVIDIA GeForce RTX 3080, 6926, 3126, 10240, 95, 98
2026/08/05 04:09:59.303, 0, NVIDIA GeForce RTX 3080, 6926, 3126, 10240, 95, 98
2026/08/05 04:09:59.413, 0, NVIDIA GeForce RTX 3080, 6926, 3126, 10240, 95, 98
2026/08/05 04:09:59.521, 0, NVIDIA GeForce RTX 3080, 6926, 3126, 10240, 95, 98
2026/08/05 04:09:59.631, 0, NVIDIA GeForce RTX 3080, 6926, 3126, 10240, 95, 98
2026/08/05 04:09:59.732, 0, NVIDIA GeForce RTX 3080, 6926, 3126, 10240, 95, 98
2026/08/05 04:09:59.842, 0, NVIDIA GeForce RTX 3080, 6926, 3126, 10240, 95, 98
2026/08/05 04:09:59.951, 0, NVIDIA GeForce RTX 3080, 6926, 3126, 10240, 96, 98
2026/08/05 04:10:00.059, 0, NVIDIA GeForce RTX 3080, 6926, 3126, 10240, 96, 98
2026/08/05 04:10:00.169, 0, NVIDIA GeForce RTX 3080, 6926, 3126, 10240, 96, 98
2026/08/05 04:10:00.283, 0, NVIDIA GeForce RTX 3080, 6926, 3126, 10240, 96, 98
2026/08/05 04:10:00.393, 0, NVIDIA GeForce RTX 3080, 6926, 3126, 10240, 96, 98
2026/08/05 04:10:00.503, 0, NVIDIA GeForce RTX 3080, 6926, 3126, 10240, 96, 98
2026/08/05 04:10:00.612, 0, NVIDIA GeForce RTX 3080, 6926, 3126, 10240, 96, 98
2026/08/05 04:10:00.721, 0, NVIDIA GeForce RTX 3080, 6926, 3126, 10240, 96, 98
2026/08/05 04:10:00.830, 0, NVIDIA GeForce RTX 3080, 6926, 3126, 10240, 96, 98
2026/08/05 04:10:00.940, 0, NVIDIA GeForce RTX 3080, 6926, 3126, 10240, 96, 98
2026/08/05 04:10:01.049, 0, NVIDIA GeForce RTX 3080, 6926, 3126, 10240, 96, 98
2026/08/05 04:10:01.158, 0, NVIDIA GeForce RTX 3080, 6926, 3126, 10240, 96, 98
2026/08/05 04:10:01.267, 0, NVIDIA GeForce RTX 3080, 6926, 3126, 10240, 96, 98
2026/08/05 04:10:01.376, 0, NVIDIA GeForce RTX 3080, 6926, 3126, 10240, 96, 98
2026/08/05 04:10:01.486, 0, NVIDIA GeForce RTX 3080, 6926, 3126, 10240, 96, 98
2026/08/05 04:10:01.594, 0, NVIDIA GeForce RTX 3080, 6926, 3126, 10240, 96, 98
2026/08/05 04:10:01.704, 0, NVIDIA GeForce RTX 3080, 6926, 3126, 10240, 96, 98
2026/08/05 04:10:01.812, 0, NVIDIA GeForce RTX 3080, 6926, 3126, 10240, 96, 98
2026/08/05 04:10:01.921, 0, NVIDIA GeForce RTX 3080, 6926, 3126, 10240, 96, 98
2026/08/05 04:10:02.031, 0, NVIDIA GeForce RTX 3080, 6926, 3126, 10240, 96, 98
2026/08/05 04:10:02.140, 0, NVIDIA GeForce RTX 3080, 6926, 3126, 10240, 96, 98
2026/08/05 04:10:02.249, 0, NVIDIA GeForce RTX 3080, 6926, 3126, 10240, 96, 98
2026/08/05 04:10:02.358, 0, NVIDIA GeForce RTX 3080, 6926, 3126, 10240, 95, 98
2026/08/05 04:10:02.467, 0, NVIDIA GeForce RTX 3080, 6926, 3126, 10240, 95, 98
2026/08/05 04:10:02.577, 0, NVIDIA GeForce RTX 3080, 6926, 3126, 10240, 95, 98
2026/08/05 04:10:02.686, 0, NVIDIA GeForce RTX 3080, 6926, 3126, 10240, 95, 98
2026/08/05 04:10:02.795, 0, NVIDIA GeForce RTX 3080, 6926, 3126, 10240, 95, 98
2026/08/05 04:10:02.904, 0, NVIDIA GeForce RTX 3080, 6926, 3126, 10240, 95, 98
2026/08/05 04:10:03.013, 0, NVIDIA GeForce RTX 3080, 6926, 3126, 10240, 95, 98
2026/08/05 04:10:03.121, 0, NVIDIA GeForce RTX 3080, 6926, 3126, 10240, 95, 98
2026/08/05 04:10:03.231, 0, NVIDIA GeForce RTX 3080, 6926, 3126, 10240, 95, 98
2026/08/05 04:10:03.341, 0, NVIDIA GeForce RTX 3080, 6926, 3126, 10240, 95, 98
2026/08/05 04:10:03.449, 0, NVIDIA GeForce RTX 3080, 6926, 3126, 10240, 95, 98
2026/08/05 04:10:03.559, 0, NVIDIA GeForce RTX 3080, 6926, 3126, 10240, 95, 98
2026/08/05 04:10:03.667, 0, NVIDIA GeForce RTX 3080, 6926, 3126, 10240, 95, 98
2026/08/05 04:10:03.777, 0, NVIDIA GeForce RTX 3080, 6926, 3126, 10240, 95, 98
2026/08/05 04:10:03.885, 0, NVIDIA GeForce RTX 3080, 6926, 3126, 10240, 94, 98
2026/08/05 04:10:03.994, 0, NVIDIA GeForce RTX 3080, 6926, 3126, 10240, 94, 98
2026/08/05 04:10:04.104, 0, NVIDIA GeForce RTX 3080, 6926, 3126, 10240, 94, 98
2026/08/05 04:10:04.212, 0, NVIDIA GeForce RTX 3080, 6926, 3126, 10240, 94, 98
2026/08/05 04:10:04.320, 0, NVIDIA GeForce RTX 3080, 6926, 3126, 10240, 94, 98
2026/08/05 04:10:04.429, 0, NVIDIA GeForce RTX 3080, 6926, 3126, 10240, 94, 97
2026/08/05 04:10:04.538, 0, NVIDIA GeForce RTX 3080, 6926, 3126, 10240, 94, 97
2026/08/05 04:10:04.647, 0, NVIDIA GeForce RTX 3080, 6926, 3126, 10240, 94, 97
2026/08/05 04:10:04.757, 0, NVIDIA GeForce RTX 3080, 6926, 3126, 10240, 94, 97
2026/08/05 04:10:04.866, 0, NVIDIA GeForce RTX 3080, 6926, 3126, 10240, 96, 98
2026/08/05 04:10:04.975, 0, NVIDIA GeForce RTX 3080, 6926, 3126, 10240, 96, 98
2026/08/05 04:10:05.084, 0, NVIDIA GeForce RTX 3080, 6926, 3126, 10240, 96, 98
2026/08/05 04:10:05.186, 0, NVIDIA GeForce RTX 3080, 6926, 3126, 10240, 96, 98
2026/08/05 04:10:05.296, 0, NVIDIA GeForce RTX 3080, 6926, 3126, 10240, 96, 98
2026/08/05 04:10:05.404, 0, NVIDIA GeForce RTX 3080, 6926, 3126, 10240, 96, 98
2026/08/05 04:10:05.514, 0, NVIDIA GeForce RTX 3080, 6926, 3126, 10240, 96, 98
2026/08/05 04:10:05.623, 0, NVIDIA GeForce RTX 3080, 6926, 3126, 10240, 96, 98
2026/08/05 04:10:05.732, 0, NVIDIA GeForce RTX 3080, 6926, 3126, 10240, 96, 98
2026/08/05 04:10:05.841, 0, NVIDIA GeForce RTX 3080, 6926, 3126, 10240, 96, 98
2026/08/05 04:10:05.951, 0, NVIDIA GeForce RTX 3080, 6926, 3126, 10240, 96, 98
2026/08/05 04:10:06.060, 0, NVIDIA GeForce RTX 3080, 6926, 3126, 10240, 96, 98
2026/08/05 04:10:06.169, 0, NVIDIA GeForce RTX 3080, 6926, 3126, 10240, 96, 98
2026/08/05 04:10:06.278, 0, NVIDIA GeForce RTX 3080, 6926, 3126, 10240, 96, 98
2026/08/05 04:10:06.387, 0, NVIDIA GeForce RTX 3080, 6926, 3126, 10240, 96, 98
2026/08/05 04:10:06.497, 0, NVIDIA GeForce RTX 3080, 6926, 3126, 10240, 96, 98
2026/08/05 04:10:06.605, 0, NVIDIA GeForce RTX 3080, 6926, 3126, 10240, 96, 98
2026/08/05 04:10:06.715, 0, NVIDIA GeForce RTX 3080, 6926, 3126, 10240, 96, 98
2026/08/05 04:10:06.825, 0, NVIDIA GeForce RTX 3080, 6926, 3126, 10240, 96, 98
2026/08/05 04:10:06.933, 0, NVIDIA GeForce RTX 3080, 6926, 3126, 10240, 94, 98
2026/08/05 04:10:07.043, 0, NVIDIA GeForce RTX 3080, 6926, 3126, 10240, 94, 98
2026/08/05 04:10:07.151, 0, NVIDIA GeForce RTX 3080, 6926, 3126, 10240, 94, 98
2026/08/05 04:10:07.260, 0, NVIDIA GeForce RTX 3080, 6926, 3126, 10240, 94, 98
2026/08/05 04:10:07.370, 0, NVIDIA GeForce RTX 3080, 6926, 3126, 10240, 94, 98
2026/08/05 04:10:07.478, 0, NVIDIA GeForce RTX 3080, 6926, 3126, 10240, 94, 98
2026/08/05 04:10:07.588, 0, NVIDIA GeForce RTX 3080, 6926, 3126, 10240, 94, 98
2026/08/05 04:10:07.693, 0, NVIDIA GeForce RTX 3080, 6926, 3126, 10240, 94, 98
2026/08/05 04:10:07.801, 0, NVIDIA GeForce RTX 3080, 6926, 3126, 10240, 94, 98
2026/08/05 04:10:07.911, 0, NVIDIA GeForce RTX 3080, 6926, 3126, 10240, 94, 98
2026/08/05 04:10:08.020, 0, NVIDIA GeForce RTX 3080, 6926, 3126, 10240, 94, 98
2026/08/05 04:10:08.128, 0, NVIDIA GeForce RTX 3080, 6926, 3126, 10240, 94, 98
2026/08/05 04:10:08.238, 0, NVIDIA GeForce RTX 3080, 6926, 3126, 10240, 94, 98
2026/08/05 04:10:08.346, 0, NVIDIA GeForce RTX 3080, 6926, 3126, 10240, 94, 98
2026/08/05 04:10:08.456, 0, NVIDIA GeForce RTX 3080, 6926, 3126, 10240, 94, 98
2026/08/05 04:10:08.565, 0, NVIDIA GeForce RTX 3080, 6926, 3126, 10240, 94, 98
2026/08/05 04:10:08.674, 0, NVIDIA GeForce RTX 3080, 6926, 3126, 10240, 94, 98
2026/08/05 04:10:08.784, 0, NVIDIA GeForce RTX 3080, 6926, 3126, 10240, 94, 98
2026/08/05 04:10:08.893, 0, NVIDIA GeForce RTX 3080, 6926, 3126, 10240, 94, 98
2026/08/05 04:10:09.002, 0, NVIDIA GeForce RTX 3080, 6926, 3126, 10240, 94, 98
2026/08/05 04:10:09.110, 0, NVIDIA GeForce RTX 3080, 6926, 3126, 10240, 94, 98
2026/08/05 04:10:09.220, 0, NVIDIA GeForce RTX 3080, 6926, 3126, 10240, 94, 98
2026/08/05 04:10:09.329, 0, NVIDIA GeForce RTX 3080, 6926, 3126, 10240, 94, 98
2026/08/05 04:10:09.438, 0, NVIDIA GeForce RTX 3080, 6926, 3126, 10240, 97, 98
2026/08/05 04:10:09.547, 0, NVIDIA GeForce RTX 3080, 6926, 3126, 10240, 97, 98
2026/08/05 04:10:09.657, 0, NVIDIA GeForce RTX 3080, 6926, 3126, 10240, 97, 98
2026/08/05 04:10:09.766, 0, NVIDIA GeForce RTX 3080, 6926, 3126, 10240, 97, 98
2026/08/05 04:10:09.874, 0, NVIDIA GeForce RTX 3080, 6926, 3126, 10240, 97, 98
2026/08/05 04:10:09.983, 0, NVIDIA GeForce RTX 3080, 6926, 3126, 10240, 97, 98
2026/08/05 04:10:10.093, 0, NVIDIA GeForce RTX 3080, 6926, 3126, 10240, 97, 98
2026/08/05 04:10:10.201, 0, NVIDIA GeForce RTX 3080, 6926, 3126, 10240, 97, 98
2026/08/05 04:10:10.311, 0, NVIDIA GeForce RTX 3080, 6926, 3126, 10240, 97, 98
2026/08/05 04:10:10.421, 0, NVIDIA GeForce RTX 3080, 6926, 3126, 10240, 97, 98
2026/08/05 04:10:10.529, 0, NVIDIA GeForce RTX 3080, 6926, 3126, 10240, 97, 98
2026/08/05 04:10:10.639, 0, NVIDIA GeForce RTX 3080, 6926, 3126, 10240, 97, 98
2026/08/05 04:10:10.747, 0, NVIDIA GeForce RTX 3080, 6926, 3126, 10240, 97, 98
2026/08/05 04:10:10.857, 0, NVIDIA GeForce RTX 3080, 6926, 3126, 10240, 97, 98
2026/08/05 04:10:10.966, 0, NVIDIA GeForce RTX 3080, 6926, 3126, 10240, 97, 98
2026/08/05 04:10:11.074, 0, NVIDIA GeForce RTX 3080, 6926, 3126, 10240, 97, 98
2026/08/05 04:10:11.184, 0, NVIDIA GeForce RTX 3080, 6926, 3126, 10240, 97, 98
2026/08/05 04:10:11.293, 0, NVIDIA GeForce RTX 3080, 6926, 3126, 10240, 97, 98
2026/08/05 04:10:11.402, 0, NVIDIA GeForce RTX 3080, 6926, 3126, 10240, 98, 98
2026/08/05 04:10:11.511, 0, NVIDIA GeForce RTX 3080, 6926, 3126, 10240, 98, 98
2026/08/05 04:10:11.621, 0, NVIDIA GeForce RTX 3080, 6926, 3126, 10240, 98, 98
2026/08/05 04:10:11.729, 0, NVIDIA GeForce RTX 3080, 6926, 3126, 10240, 98, 98
2026/08/05 04:10:11.839, 0, NVIDIA GeForce RTX 3080, 6926, 3126, 10240, 98, 98
2026/08/05 04:10:11.948, 0, NVIDIA GeForce RTX 3080, 6926, 3126, 10240, 98, 98
2026/08/05 04:10:12.056, 0, NVIDIA GeForce RTX 3080, 6926, 3126, 10240, 98, 98
2026/08/05 04:10:12.166, 0, NVIDIA GeForce RTX 3080, 6926, 3126, 10240, 98, 98
2026/08/05 04:10:12.274, 0, NVIDIA GeForce RTX 3080, 6926, 3126, 10240, 98, 98
2026/08/05 04:10:12.384, 0, NVIDIA GeForce RTX 3080, 6926, 3126, 10240, 98, 98
2026/08/05 04:10:12.493, 0, NVIDIA GeForce RTX 3080, 6926, 3126, 10240, 98, 98
2026/08/05 04:10:12.602, 0, NVIDIA GeForce RTX 3080, 6926, 3126, 10240, 98, 98
2026/08/05 04:10:12.711, 0, NVIDIA GeForce RTX 3080, 6926, 3126, 10240, 98, 98
2026/08/05 04:10:12.821, 0, NVIDIA GeForce RTX 3080, 6926, 3126, 10240, 98, 98
2026/08/05 04:10:12.930, 0, NVIDIA GeForce RTX 3080, 6926, 3126, 10240, 95, 97
2026/08/05 04:10:13.039, 0, NVIDIA GeForce RTX 3080, 6926, 3126, 10240, 95, 97
2026/08/05 04:10:13.148, 0, NVIDIA GeForce RTX 3080, 6926, 3126, 10240, 95, 97
2026/08/05 04:10:13.257, 0, NVIDIA GeForce RTX 3080, 6926, 3126, 10240, 95, 97
2026/08/05 04:10:13.367, 0, NVIDIA GeForce RTX 3080, 6926, 3126, 10240, 96, 98
2026/08/05 04:10:13.481, 0, NVIDIA GeForce RTX 3080, 6926, 3126, 10240, 96, 98
2026/08/05 04:10:13.590, 0, NVIDIA GeForce RTX 3080, 6926, 3126, 10240, 96, 98
2026/08/05 04:10:13.699, 0, NVIDIA GeForce RTX 3080, 6926, 3126, 10240, 96, 98
2026/08/05 04:10:13.808, 0, NVIDIA GeForce RTX 3080, 6926, 3126, 10240, 96, 98
2026/08/05 04:10:13.917, 0, NVIDIA GeForce RTX 3080, 6926, 3126, 10240, 96, 98
2026/08/05 04:10:14.027, 0, NVIDIA GeForce RTX 3080, 6926, 3126, 10240, 96, 98
2026/08/05 04:10:14.135, 0, NVIDIA GeForce RTX 3080, 6926, 3126, 10240, 96, 98
2026/08/05 04:10:14.245, 0, NVIDIA GeForce RTX 3080, 6926, 3126, 10240, 96, 98
2026/08/05 04:10:14.355, 0, NVIDIA GeForce RTX 3080, 6926, 3126, 10240, 96, 98
2026/08/05 04:10:14.463, 0, NVIDIA GeForce RTX 3080, 6926, 3126, 10240, 96, 98
2026/08/05 04:10:14.573, 0, NVIDIA GeForce RTX 3080, 6926, 3126, 10240, 96, 98
2026/08/05 04:10:14.682, 0, NVIDIA GeForce RTX 3080, 6926, 3126, 10240, 96, 98
2026/08/05 04:10:14.791, 0, NVIDIA GeForce RTX 3080, 6926, 3126, 10240, 96, 98
2026/08/05 04:10:14.900, 0, NVIDIA GeForce RTX 3080, 6926, 3126, 10240, 95, 96
2026/08/05 04:10:15.010, 0, NVIDIA GeForce RTX 3080, 6926, 3126, 10240, 95, 96
2026/08/05 04:10:15.119, 0, NVIDIA GeForce RTX 3080, 6926, 3126, 10240, 95, 96
2026/08/05 04:10:15.228, 0, NVIDIA GeForce RTX 3080, 6926, 3126, 10240, 95, 96
2026/08/05 04:10:15.337, 0, NVIDIA GeForce RTX 3080, 6926, 3126, 10240, 95, 96
2026/08/05 04:10:15.445, 0, NVIDIA GeForce RTX 3080, 6926, 3126, 10240, 97, 98
2026/08/05 04:10:15.555, 0, NVIDIA GeForce RTX 3080, 6926, 3126, 10240, 97, 98
2026/08/05 04:10:15.663, 0, NVIDIA GeForce RTX 3080, 6926, 3126, 10240, 97, 98
2026/08/05 04:10:15.773, 0, NVIDIA GeForce RTX 3080, 6926, 3126, 10240, 97, 98
2026/08/05 04:10:15.882, 0, NVIDIA GeForce RTX 3080, 6926, 3126, 10240, 97, 98
2026/08/05 04:10:15.990, 0, NVIDIA GeForce RTX 3080, 6926, 3126, 10240, 97, 98
2026/08/05 04:10:16.100, 0, NVIDIA GeForce RTX 3080, 6926, 3126, 10240, 97, 98
2026/08/05 04:10:16.208, 0, NVIDIA GeForce RTX 3080, 6926, 3126, 10240, 97, 98
2026/08/05 04:10:16.317, 0, NVIDIA GeForce RTX 3080, 6926, 3126, 10240, 97, 98
2026/08/05 04:10:16.426, 0, NVIDIA GeForce RTX 3080, 6926, 3126, 10240, 97, 98
2026/08/05 04:10:16.535, 0, NVIDIA GeForce RTX 3080, 6926, 3126, 10240, 97, 98
2026/08/05 04:10:16.645, 0, NVIDIA GeForce RTX 3080, 6926, 3126, 10240, 97, 98
2026/08/05 04:10:16.754, 0, NVIDIA GeForce RTX 3080, 6926, 3126, 10240, 97, 98
2026/08/05 04:10:16.863, 0, NVIDIA GeForce RTX 3080, 6926, 3126, 10240, 94, 97
2026/08/05 04:10:16.972, 0, NVIDIA GeForce RTX 3080, 6926, 3126, 10240, 94, 97
2026/08/05 04:10:17.082, 0, NVIDIA GeForce RTX 3080, 6926, 3126, 10240, 94, 97
2026/08/05 04:10:17.186, 0, NVIDIA GeForce RTX 3080, 6926, 3126, 10240, 94, 97
2026/08/05 04:10:17.296, 0, NVIDIA GeForce RTX 3080, 6926, 3126, 10240, 94, 97
2026/08/05 04:10:17.404, 0, NVIDIA GeForce RTX 3080, 6926, 3126, 10240, 96, 98
2026/08/05 04:10:17.514, 0, NVIDIA GeForce RTX 3080, 6926, 3126, 10240, 96, 98
2026/08/05 04:10:17.623, 0, NVIDIA GeForce RTX 3080, 6926, 3126, 10240, 96, 98
2026/08/05 04:10:17.732, 0, NVIDIA GeForce RTX 3080, 6926, 3126, 10240, 96, 98
2026/08/05 04:10:17.841, 0, NVIDIA GeForce RTX 3080, 6926, 3126, 10240, 96, 98
2026/08/05 04:10:17.951, 0, NVIDIA GeForce RTX 3080, 6926, 3126, 10240, 96, 98
2026/08/05 04:10:18.059, 0, NVIDIA GeForce RTX 3080, 6926, 3126, 10240, 96, 98
2026/08/05 04:10:18.167, 0, NVIDIA GeForce RTX 3080, 6926, 3126, 10240, 96, 98
2026/08/05 04:10:18.276, 0, NVIDIA GeForce RTX 3080, 6926, 3126, 10240, 96, 98
2026/08/05 04:10:18.385, 0, NVIDIA GeForce RTX 3080, 6926, 3126, 10240, 96, 98
2026/08/05 04:10:18.494, 0, NVIDIA GeForce RTX 3080, 6926, 3126, 10240, 96, 98
2026/08/05 04:10:18.603, 0, NVIDIA GeForce RTX 3080, 6926, 3126, 10240, 96, 98
2026/08/05 04:10:18.712, 0, NVIDIA GeForce RTX 3080, 6926, 3126, 10240, 96, 98
2026/08/05 04:10:18.822, 0, NVIDIA GeForce RTX 3080, 6926, 3126, 10240, 96, 98
2026/08/05 04:10:18.930, 0, NVIDIA GeForce RTX 3080, 6926, 3126, 10240, 94, 97
2026/08/05 04:10:19.040, 0, NVIDIA GeForce RTX 3080, 6926, 3126, 10240, 94, 97
2026/08/05 04:10:19.150, 0, NVIDIA GeForce RTX 3080, 6926, 3126, 10240, 94, 97
2026/08/05 04:10:19.259, 0, NVIDIA GeForce RTX 3080, 6926, 3126, 10240, 94, 97
2026/08/05 04:10:19.368, 0, NVIDIA GeForce RTX 3080, 6926, 3126, 10240, 97, 98
2026/08/05 04:10:19.477, 0, NVIDIA GeForce RTX 3080, 6926, 3126, 10240, 97, 98
2026/08/05 04:10:19.586, 0, NVIDIA GeForce RTX 3080, 6926, 3126, 10240, 97, 98
2026/08/05 04:10:19.696, 0, NVIDIA GeForce RTX 3080, 6926, 3126, 10240, 97, 98
2026/08/05 04:10:19.805, 0, NVIDIA GeForce RTX 3080, 6926, 3126, 10240, 97, 98
2026/08/05 04:10:19.914, 0, NVIDIA GeForce RTX 3080, 6926, 3126, 10240, 97, 98
2026/08/05 04:10:20.024, 0, NVIDIA GeForce RTX 3080, 6926, 3126, 10240, 97, 98
2026/08/05 04:10:20.132, 0, NVIDIA GeForce RTX 3080, 6926, 3126, 10240, 97, 98
2026/08/05 04:10:20.242, 0, NVIDIA GeForce RTX 3080, 6926, 3126, 10240, 97, 98
2026/08/05 04:10:20.351, 0, NVIDIA GeForce RTX 3080, 6926, 3126, 10240, 97, 98
2026/08/05 04:10:20.460, 0, NVIDIA GeForce RTX 3080, 6926, 3126, 10240, 97, 98
2026/08/05 04:10:20.569, 0, NVIDIA GeForce RTX 3080, 6926, 3126, 10240, 97, 98
2026/08/05 04:10:20.678, 0, NVIDIA GeForce RTX 3080, 6926, 3126, 10240, 97, 98
2026/08/05 04:10:20.788, 0, NVIDIA GeForce RTX 3080, 6926, 3126, 10240, 97, 98
2026/08/05 04:10:20.889, 0, NVIDIA GeForce RTX 3080, 6926, 3126, 10240, 97, 98
2026/08/05 04:10:20.997, 0, NVIDIA GeForce RTX 3080, 6926, 3126, 10240, 97, 98
2026/08/05 04:10:21.107, 0, NVIDIA GeForce RTX 3080, 6926, 3126, 10240, 97, 98
2026/08/05 04:10:21.215, 0, NVIDIA GeForce RTX 3080, 6926, 3126, 10240, 97, 98
2026/08/05 04:10:21.325, 0, NVIDIA GeForce RTX 3080, 6926, 3126, 10240, 97, 98
2026/08/05 04:10:21.433, 0, NVIDIA GeForce RTX 3080, 6926, 3126, 10240, 95, 98
2026/08/05 04:10:21.542, 0, NVIDIA GeForce RTX 3080, 6926, 3126, 10240, 95, 98
2026/08/05 04:10:21.651, 0, NVIDIA GeForce RTX 3080, 6926, 3126, 10240, 95, 98
2026/08/05 04:10:21.761, 0, NVIDIA GeForce RTX 3080, 6926, 3126, 10240, 95, 98
2026/08/05 04:10:21.870, 0, NVIDIA GeForce RTX 3080, 6926, 3126, 10240, 95, 98
2026/08/05 04:10:21.979, 0, NVIDIA GeForce RTX 3080, 6926, 3126, 10240, 95, 98
2026/08/05 04:10:22.088, 0, NVIDIA GeForce RTX 3080, 6926, 3126, 10240, 95, 98
2026/08/05 04:10:22.198, 0, NVIDIA GeForce RTX 3080, 6926, 3126, 10240, 95, 98
2026/08/05 04:10:22.307, 0, NVIDIA GeForce RTX 3080, 6926, 3126, 10240, 95, 98
2026/08/05 04:10:22.416, 0, NVIDIA GeForce RTX 3080, 6926, 3126, 10240, 95, 98
2026/08/05 04:10:22.525, 0, NVIDIA GeForce RTX 3080, 6926, 3126, 10240, 95, 98
2026/08/05 04:10:22.634, 0, NVIDIA GeForce RTX 3080, 6926, 3126, 10240, 95, 98
2026/08/05 04:10:22.743, 0, NVIDIA GeForce RTX 3080, 6926, 3126, 10240, 95, 98
2026/08/05 04:10:22.852, 0, NVIDIA GeForce RTX 3080, 6926, 3126, 10240, 95, 98
2026/08/05 04:10:22.962, 0, NVIDIA GeForce RTX 3080, 6926, 3126, 10240, 95, 98
2026/08/05 04:10:23.070, 0, NVIDIA GeForce RTX 3080, 6926, 3126, 10240, 95, 98
2026/08/05 04:10:23.180, 0, NVIDIA GeForce RTX 3080, 6926, 3126, 10240, 95, 98
2026/08/05 04:10:23.288, 0, NVIDIA GeForce RTX 3080, 6926, 3126, 10240, 95, 98
2026/08/05 04:10:23.397, 0, NVIDIA GeForce RTX 3080, 6926, 3126, 10240, 97, 98
2026/08/05 04:10:23.506, 0, NVIDIA GeForce RTX 3080, 6926, 3126, 10240, 97, 98
2026/08/05 04:10:23.615, 0, NVIDIA GeForce RTX 3080, 6926, 3126, 10240, 97, 98
2026/08/05 04:10:23.726, 0, NVIDIA GeForce RTX 3080, 6926, 3126, 10240, 97, 98
2026/08/05 04:10:23.834, 0, NVIDIA GeForce RTX 3080, 6926, 3126, 10240, 97, 98
2026/08/05 04:10:23.943, 0, NVIDIA GeForce RTX 3080, 6926, 3126, 10240, 97, 98
2026/08/05 04:10:24.052, 0, NVIDIA GeForce RTX 3080, 6926, 3126, 10240, 97, 98
2026/08/05 04:10:24.162, 0, NVIDIA GeForce RTX 3080, 6926, 3126, 10240, 97, 98
2026/08/05 04:10:24.270, 0, NVIDIA GeForce RTX 3080, 6926, 3126, 10240, 97, 98
2026/08/05 04:10:24.379, 0, NVIDIA GeForce RTX 3080, 6926, 3126, 10240, 96, 98
2026/08/05 04:10:24.488, 0, NVIDIA GeForce RTX 3080, 6926, 3126, 10240, 96, 98
2026/08/05 04:10:24.597, 0, NVIDIA GeForce RTX 3080, 6926, 3126, 10240, 96, 98
2026/08/05 04:10:24.707, 0, NVIDIA GeForce RTX 3080, 6926, 3126, 10240, 96, 98
2026/08/05 04:10:24.815, 0, NVIDIA GeForce RTX 3080, 6926, 3126, 10240, 96, 98
2026/08/05 04:10:24.922, 0, NVIDIA GeForce RTX 3080, 6926, 3126, 10240, 97, 98
2026/08/05 04:10:25.032, 0, NVIDIA GeForce RTX 3080, 6926, 3126, 10240, 97, 98
2026/08/05 04:10:25.140, 0, NVIDIA GeForce RTX 3080, 6926, 3126, 10240, 97, 98
2026/08/05 04:10:25.250, 0, NVIDIA GeForce RTX 3080, 6926, 3126, 10240, 97, 98
2026/08/05 04:10:25.358, 0, NVIDIA GeForce RTX 3080, 6926, 3126, 10240, 95, 98
2026/08/05 04:10:25.466, 0, NVIDIA GeForce RTX 3080, 6926, 3126, 10240, 95, 98
2026/08/05 04:10:25.575, 0, NVIDIA GeForce RTX 3080, 6926, 3126, 10240, 95, 98
2026/08/05 04:10:25.684, 0, NVIDIA GeForce RTX 3080, 6926, 3126, 10240, 95, 98
2026/08/05 04:10:25.794, 0, NVIDIA GeForce RTX 3080, 6926, 3126, 10240, 95, 98
2026/08/05 04:10:25.903, 0, NVIDIA GeForce RTX 3080, 6926, 3126, 10240, 95, 98
2026/08/05 04:10:26.012, 0, NVIDIA GeForce RTX 3080, 6926, 3126, 10240, 95, 98
2026/08/05 04:10:26.121, 0, NVIDIA GeForce RTX 3080, 6926, 3126, 10240, 95, 98
2026/08/05 04:10:26.231, 0, NVIDIA GeForce RTX 3080, 6926, 3126, 10240, 95, 98
2026/08/05 04:10:26.339, 0, NVIDIA GeForce RTX 3080, 6926, 3126, 10240, 95, 98
2026/08/05 04:10:26.449, 0, NVIDIA GeForce RTX 3080, 6926, 3126, 10240, 95, 98
2026/08/05 04:10:26.558, 0, NVIDIA GeForce RTX 3080, 6926, 3126, 10240, 95, 98
2026/08/05 04:10:26.666, 0, NVIDIA GeForce RTX 3080, 6926, 3126, 10240, 95, 98
2026/08/05 04:10:26.776, 0, NVIDIA GeForce RTX 3080, 6926, 3126, 10240, 95, 98
2026/08/05 04:10:26.884, 0, NVIDIA GeForce RTX 3080, 6926, 3126, 10240, 95, 98
2026/08/05 04:10:26.994, 0, NVIDIA GeForce RTX 3080, 6926, 3126, 10240, 95, 98
2026/08/05 04:10:27.103, 0, NVIDIA GeForce RTX 3080, 6926, 3126, 10240, 95, 98
2026/08/05 04:10:27.210, 0, NVIDIA GeForce RTX 3080, 6926, 3126, 10240, 95, 98
2026/08/05 04:10:27.319, 0, NVIDIA GeForce RTX 3080, 6926, 3126, 10240, 95, 98
2026/08/05 04:10:27.428, 0, NVIDIA GeForce RTX 3080, 6926, 3126, 10240, 95, 98
2026/08/05 04:10:27.538, 0, NVIDIA GeForce RTX 3080, 6926, 3126, 10240, 95, 98
2026/08/05 04:10:27.647, 0, NVIDIA GeForce RTX 3080, 6926, 3126, 10240, 95, 98
2026/08/05 04:10:27.756, 0, NVIDIA GeForce RTX 3080, 6926, 3126, 10240, 95, 98
2026/08/05 04:10:27.865, 0, NVIDIA GeForce RTX 3080, 6926, 3126, 10240, 96, 98
2026/08/05 04:10:27.974, 0, NVIDIA GeForce RTX 3080, 6926, 3126, 10240, 96, 98
2026/08/05 04:10:28.082, 0, NVIDIA GeForce RTX 3080, 6926, 3126, 10240, 96, 98
2026/08/05 04:10:28.192, 0, NVIDIA GeForce RTX 3080, 6926, 3126, 10240, 96, 98
2026/08/05 04:10:28.300, 0, NVIDIA GeForce RTX 3080, 6926, 3126, 10240, 96, 98
2026/08/05 04:10:28.408, 0, NVIDIA GeForce RTX 3080, 6926, 3126, 10240, 96, 98
2026/08/05 04:10:28.518, 0, NVIDIA GeForce RTX 3080, 6926, 3126, 10240, 96, 98
2026/08/05 04:10:28.626, 0, NVIDIA GeForce RTX 3080, 6926, 3126, 10240, 96, 98
2026/08/05 04:10:28.736, 0, NVIDIA GeForce RTX 3080, 6926, 3126, 10240, 96, 98
2026/08/05 04:10:28.845, 0, NVIDIA GeForce RTX 3080, 6926, 3126, 10240, 96, 98
2026/08/05 04:10:28.961, 0, NVIDIA GeForce RTX 3080, 6926, 3126, 10240, 96, 98
2026/08/05 04:10:29.069, 0, NVIDIA GeForce RTX 3080, 6926, 3126, 10240, 96, 98
2026/08/05 04:10:29.179, 0, NVIDIA GeForce RTX 3080, 6926, 3126, 10240, 96, 98
2026/08/05 04:10:29.287, 0, NVIDIA GeForce RTX 3080, 6926, 3126, 10240, 96, 98
2026/08/05 04:10:29.397, 0, NVIDIA GeForce RTX 3080, 6926, 3126, 10240, 96, 98
2026/08/05 04:10:29.506, 0, NVIDIA GeForce RTX 3080, 6926, 3126, 10240, 96, 98
2026/08/05 04:10:29.615, 0, NVIDIA GeForce RTX 3080, 6926, 3126, 10240, 96, 98
2026/08/05 04:10:29.724, 0, NVIDIA GeForce RTX 3080, 6926, 3126, 10240, 96, 98
2026/08/05 04:10:29.834, 0, NVIDIA GeForce RTX 3080, 6926, 3126, 10240, 96, 98
2026/08/05 04:10:29.942, 0, NVIDIA GeForce RTX 3080, 6926, 3126, 10240, 95, 98
2026/08/05 04:10:30.052, 0, NVIDIA GeForce RTX 3080, 6926, 3126, 10240, 95, 98
2026/08/05 04:10:30.161, 0, NVIDIA GeForce RTX 3080, 6926, 3126, 10240, 95, 98
2026/08/05 04:10:30.269, 0, NVIDIA GeForce RTX 3080, 6926, 3126, 10240, 95, 98
2026/08/05 04:10:30.379, 0, NVIDIA GeForce RTX 3080, 6926, 3126, 10240, 95, 98
2026/08/05 04:10:30.487, 0, NVIDIA GeForce RTX 3080, 6926, 3126, 10240, 95, 98
2026/08/05 04:10:30.597, 0, NVIDIA GeForce RTX 3080, 6926, 3126, 10240, 95, 98
2026/08/05 04:10:30.706, 0, NVIDIA GeForce RTX 3080, 6926, 3126, 10240, 95, 98
2026/08/05 04:10:30.815, 0, NVIDIA GeForce RTX 3080, 6926, 3126, 10240, 95, 98
2026/08/05 04:10:30.925, 0, NVIDIA GeForce RTX 3080, 6926, 3126, 10240, 94, 98
2026/08/05 04:10:31.034, 0, NVIDIA GeForce RTX 3080, 6926, 3126, 10240, 94, 98
2026/08/05 04:10:31.143, 0, NVIDIA GeForce RTX 3080, 6926, 3126, 10240, 94, 98
2026/08/05 04:10:31.252, 0, NVIDIA GeForce RTX 3080, 6926, 3126, 10240, 94, 98
2026/08/05 04:10:31.361, 0, NVIDIA GeForce RTX 3080, 6926, 3126, 10240, 95, 98
2026/08/05 04:10:31.470, 0, NVIDIA GeForce RTX 3080, 6926, 3126, 10240, 95, 98
2026/08/05 04:10:31.579, 0, NVIDIA GeForce RTX 3080, 6926, 3126, 10240, 95, 98
2026/08/05 04:10:31.688, 0, NVIDIA GeForce RTX 3080, 6926, 3126, 10240, 95, 98
2026/08/05 04:10:31.797, 0, NVIDIA GeForce RTX 3080, 6926, 3126, 10240, 95, 98
2026/08/05 04:10:31.907, 0, NVIDIA GeForce RTX 3080, 6926, 3126, 10240, 94, 98
2026/08/05 04:10:32.015, 0, NVIDIA GeForce RTX 3080, 6926, 3126, 10240, 94, 98
2026/08/05 04:10:32.125, 0, NVIDIA GeForce RTX 3080, 6926, 3126, 10240, 94, 98
2026/08/05 04:10:32.234, 0, NVIDIA GeForce RTX 3080, 6926, 3126, 10240, 94, 98
2026/08/05 04:10:32.343, 0, NVIDIA GeForce RTX 3080, 6926, 3126, 10240, 94, 98
2026/08/05 04:10:32.453, 0, NVIDIA GeForce RTX 3080, 6926, 3126, 10240, 95, 98
2026/08/05 04:10:32.561, 0, NVIDIA GeForce RTX 3080, 6926, 3126, 10240, 95, 98
2026/08/05 04:10:32.670, 0, NVIDIA GeForce RTX 3080, 6926, 3126, 10240, 95, 98
2026/08/05 04:10:32.779, 0, NVIDIA GeForce RTX 3080, 6926, 3126, 10240, 95, 98
2026/08/05 04:10:32.888, 0, NVIDIA GeForce RTX 3080, 6926, 3126, 10240, 96, 98
2026/08/05 04:10:32.998, 0, NVIDIA GeForce RTX 3080, 6926, 3126, 10240, 96, 98
2026/08/05 04:10:33.107, 0, NVIDIA GeForce RTX 3080, 6926, 3126, 10240, 96, 98
2026/08/05 04:10:33.216, 0, NVIDIA GeForce RTX 3080, 6926, 3126, 10240, 96, 98
2026/08/05 04:10:33.325, 0, NVIDIA GeForce RTX 3080, 6926, 3126, 10240, 96, 98
2026/08/05 04:10:33.433, 0, NVIDIA GeForce RTX 3080, 6926, 3126, 10240, 96, 98
2026/08/05 04:10:33.542, 0, NVIDIA GeForce RTX 3080, 6926, 3126, 10240, 96, 98
2026/08/05 04:10:33.651, 0, NVIDIA GeForce RTX 3080, 6926, 3126, 10240, 96, 98
2026/08/05 04:10:33.761, 0, NVIDIA GeForce RTX 3080, 6926, 3126, 10240, 96, 98
2026/08/05 04:10:33.870, 0, NVIDIA GeForce RTX 3080, 6926, 3126, 10240, 96, 98
2026/08/05 04:10:33.979, 0, NVIDIA GeForce RTX 3080, 6926, 3126, 10240, 96, 98
2026/08/05 04:10:34.088, 0, NVIDIA GeForce RTX 3080, 6926, 3126, 10240, 96, 98
2026/08/05 04:10:34.196, 0, NVIDIA GeForce RTX 3080, 6926, 3126, 10240, 96, 98
2026/08/05 04:10:34.306, 0, NVIDIA GeForce RTX 3080, 6926, 3126, 10240, 96, 98
2026/08/05 04:10:34.414, 0, NVIDIA GeForce RTX 3080, 6926, 3126, 10240, 96, 98
2026/08/05 04:10:34.524, 0, NVIDIA GeForce RTX 3080, 6926, 3126, 10240, 96, 98
2026/08/05 04:10:34.634, 0, NVIDIA GeForce RTX 3080, 6926, 3126, 10240, 96, 98
2026/08/05 04:10:34.742, 0, NVIDIA GeForce RTX 3080, 6926, 3126, 10240, 96, 98
2026/08/05 04:10:34.852, 0, NVIDIA GeForce RTX 3080, 6926, 3126, 10240, 96, 98
2026/08/05 04:10:34.961, 0, NVIDIA GeForce RTX 3080, 6926, 3126, 10240, 94, 98
2026/08/05 04:10:35.070, 0, NVIDIA GeForce RTX 3080, 6926, 3126, 10240, 94, 98
2026/08/05 04:10:35.179, 0, NVIDIA GeForce RTX 3080, 6926, 3126, 10240, 94, 98
2026/08/05 04:10:35.288, 0, NVIDIA GeForce RTX 3080, 6926, 3126, 10240, 94, 98
2026/08/05 04:10:35.397, 0, NVIDIA GeForce RTX 3080, 6926, 3126, 10240, 94, 98
2026/08/05 04:10:35.506, 0, NVIDIA GeForce RTX 3080, 6926, 3126, 10240, 94, 98
2026/08/05 04:10:35.615, 0, NVIDIA GeForce RTX 3080, 6926, 3126, 10240, 94, 98
2026/08/05 04:10:35.723, 0, NVIDIA GeForce RTX 3080, 6926, 3126, 10240, 94, 98
2026/08/05 04:10:35.833, 0, NVIDIA GeForce RTX 3080, 6926, 3126, 10240, 94, 98
2026/08/05 04:10:35.942, 0, NVIDIA GeForce RTX 3080, 6926, 3126, 10240, 94, 98
2026/08/05 04:10:36.051, 0, NVIDIA GeForce RTX 3080, 6926, 3126, 10240, 94, 98
2026/08/05 04:10:36.161, 0, NVIDIA GeForce RTX 3080, 6926, 3126, 10240, 94, 98
2026/08/05 04:10:36.269, 0, NVIDIA GeForce RTX 3080, 6926, 3126, 10240, 94, 98
2026/08/05 04:10:36.379, 0, NVIDIA GeForce RTX 3080, 6926, 3126, 10240, 94, 98
2026/08/05 04:10:36.488, 0, NVIDIA GeForce RTX 3080, 6926, 3126, 10240, 94, 98
2026/08/05 04:10:36.597, 0, NVIDIA GeForce RTX 3080, 6926, 3126, 10240, 94, 98
2026/08/05 04:10:36.707, 0, NVIDIA GeForce RTX 3080, 6926, 3126, 10240, 94, 98
2026/08/05 04:10:36.815, 0, NVIDIA GeForce RTX 3080, 6926, 3126, 10240, 94, 98
2026/08/05 04:10:36.925, 0, NVIDIA GeForce RTX 3080, 6356, 3696, 10240, 94, 98
2026/08/05 04:10:37.034, 0, NVIDIA GeForce RTX 3080, 1398, 8654, 10240, 94, 98
2026/08/05 04:10:37.142, 0, NVIDIA GeForce RTX 3080, 1398, 8654, 10240, 94, 98
2026/08/05 04:10:37.252, 0, NVIDIA GeForce RTX 3080, 1398, 8654, 10240, 94, 98
2026/08/05 04:10:37.360, 0, NVIDIA GeForce RTX 3080, 1177, 8875, 10240, 0, 0
