timestamp,index,name,memory_used_mib,memory_free_mib,memory_total_mib,memory_utilization_percent,gpu_utilization_percent 
2026/08/05 02:21:56.299, 0, NVIDIA GeForce RTX 3080, 1176, 8876, 10240, 0, 0
2026/08/05 02:21:56.408, 0, NVIDIA GeForce RTX 3080, 1189, 8863, 10240, 0, 0
2026/08/05 02:21:56.517, 0, NVIDIA GeForce RTX 3080, 1365, 8687, 10240, 0, 1
2026/08/05 02:21:56.626, 0, NVIDIA GeForce RTX 3080, 1365, 8687, 10240, 0, 1
2026/08/05 02:21:56.736, 0, NVIDIA GeForce RTX 3080, 5139, 4913, 10240, 0, 1
2026/08/05 02:21:56.845, 0, NVIDIA GeForce RTX 3080, 5139, 4913, 10240, 0, 1
2026/08/05 02:21:56.953, 0, NVIDIA GeForce RTX 3080, 5139, 4913, 10240, 1, 13
2026/08/05 02:21:57.062, 0, NVIDIA GeForce RTX 3080, 5139, 4913, 10240, 1, 13
2026/08/05 02:21:57.171, 0, NVIDIA GeForce RTX 3080, 5139, 4913, 10240, 1, 13
2026/08/05 02:21:57.280, 0, NVIDIA GeForce RTX 3080, 5139, 4913, 10240, 1, 13
2026/08/05 02:21:57.389, 0, NVIDIA GeForce RTX 3080, 5139, 4913, 10240, 1, 13
2026/08/05 02:21:57.498, 0, NVIDIA GeForce RTX 3080, 5139, 4913, 10240, 1, 13
2026/08/05 02:21:57.607, 0, NVIDIA GeForce RTX 3080, 5139, 4913, 10240, 1, 13
2026/08/05 02:21:57.717, 0, NVIDIA GeForce RTX 3080, 5139, 4913, 10240, 1, 13
2026/08/05 02:21:57.824, 0, NVIDIA GeForce RTX 3080, 5139, 4913, 10240, 1, 13
2026/08/05 02:21:57.934, 0, NVIDIA GeForce RTX 3080, 5139, 4913, 10240, 1, 13
2026/08/05 02:21:58.044, 0, NVIDIA GeForce RTX 3080, 5449, 4603, 10240, 1, 13
2026/08/05 02:21:58.152, 0, NVIDIA GeForce RTX 3080, 5455, 4597, 10240, 1, 13
2026/08/05 02:21:58.262, 0, NVIDIA GeForce RTX 3080, 5455, 4597, 10240, 1, 13
2026/08/05 02:21:58.370, 0, NVIDIA GeForce RTX 3080, 5455, 4597, 10240, 1, 13
2026/08/05 02:21:58.479, 0, NVIDIA GeForce RTX 3080, 5455, 4597, 10240, 64, 93
2026/08/05 02:21:58.589, 0, NVIDIA GeForce RTX 3080, 5455, 4597, 10240, 64, 93
2026/08/05 02:21:58.697, 0, NVIDIA GeForce RTX 3080, 5455, 4597, 10240, 64, 93
2026/08/05 02:21:58.806, 0, NVIDIA GeForce RTX 3080, 6135, 3917, 10240, 64, 93
2026/08/05 02:21:58.916, 0, NVIDIA GeForce RTX 3080, 6135, 3917, 10240, 64, 93
2026/08/05 02:21:59.024, 0, NVIDIA GeForce RTX 3080, 6135, 3917, 10240, 92, 94
2026/08/05 02:21:59.134, 0, NVIDIA GeForce RTX 3080, 6135, 3917, 10240, 92, 94
2026/08/05 02:21:59.244, 0, NVIDIA GeForce RTX 3080, 6135, 3917, 10240, 92, 94
2026/08/05 02:21:59.352, 0, NVIDIA GeForce RTX 3080, 6135, 3917, 10240, 92, 94
2026/08/05 02:21:59.461, 0, NVIDIA GeForce RTX 3080, 6135, 3917, 10240, 97, 98
2026/08/05 02:21:59.570, 0, NVIDIA GeForce RTX 3080, 6135, 3917, 10240, 97, 98
2026/08/05 02:21:59.679, 0, NVIDIA GeForce RTX 3080, 6135, 3917, 10240, 97, 98
2026/08/05 02:21:59.789, 0, NVIDIA GeForce RTX 3080, 6135, 3917, 10240, 97, 98
2026/08/05 02:21:59.897, 0, NVIDIA GeForce RTX 3080, 6135, 3917, 10240, 97, 98
2026/08/05 02:22:00.006, 0, NVIDIA GeForce RTX 3080, 6135, 3917, 10240, 97, 98
2026/08/05 02:22:00.116, 0, NVIDIA GeForce RTX 3080, 6135, 3917, 10240, 97, 98
2026/08/05 02:22:00.224, 0, NVIDIA GeForce RTX 3080, 6135, 3917, 10240, 97, 98
2026/08/05 02:22:00.334, 0, NVIDIA GeForce RTX 3080, 6135, 3917, 10240, 97, 98
2026/08/05 02:22:00.444, 0, NVIDIA GeForce RTX 3080, 6135, 3917, 10240, 97, 98
2026/08/05 02:22:00.552, 0, NVIDIA GeForce RTX 3080, 6135, 3917, 10240, 97, 98
2026/08/05 02:22:00.661, 0, NVIDIA GeForce RTX 3080, 6135, 3917, 10240, 97, 98
2026/08/05 02:22:00.770, 0, NVIDIA GeForce RTX 3080, 6135, 3917, 10240, 97, 98
2026/08/05 02:22:00.879, 0, NVIDIA GeForce RTX 3080, 6135, 3917, 10240, 97, 98
2026/08/05 02:22:00.988, 0, NVIDIA GeForce RTX 3080, 6135, 3917, 10240, 98, 98
2026/08/05 02:22:01.097, 0, NVIDIA GeForce RTX 3080, 6135, 3917, 10240, 98, 98
2026/08/05 02:22:01.207, 0, NVIDIA GeForce RTX 3080, 6135, 3917, 10240, 98, 98
2026/08/05 02:22:01.316, 0, NVIDIA GeForce RTX 3080, 6135, 3917, 10240, 98, 98
2026/08/05 02:22:01.425, 0, NVIDIA GeForce RTX 3080, 6135, 3917, 10240, 98, 98
2026/08/05 02:22:01.535, 0, NVIDIA GeForce RTX 3080, 6135, 3917, 10240, 98, 98
2026/08/05 02:22:01.644, 0, NVIDIA GeForce RTX 3080, 6135, 3917, 10240, 98, 98
2026/08/05 02:22:01.753, 0, NVIDIA GeForce RTX 3080, 6135, 3917, 10240, 98, 98
2026/08/05 02:22:01.863, 0, NVIDIA GeForce RTX 3080, 6135, 3917, 10240, 98, 98
2026/08/05 02:22:01.972, 0, NVIDIA GeForce RTX 3080, 6135, 3917, 10240, 98, 98
2026/08/05 02:22:02.080, 0, NVIDIA GeForce RTX 3080, 6135, 3917, 10240, 98, 98
2026/08/05 02:22:02.190, 0, NVIDIA GeForce RTX 3080, 6135, 3917, 10240, 98, 98
2026/08/05 02:22:02.298, 0, NVIDIA GeForce RTX 3080, 6135, 3917, 10240, 98, 98
2026/08/05 02:22:02.408, 0, NVIDIA GeForce RTX 3080, 6135, 3917, 10240, 98, 98
2026/08/05 02:22:02.518, 0, NVIDIA GeForce RTX 3080, 6135, 3917, 10240, 98, 98
2026/08/05 02:22:02.626, 0, NVIDIA GeForce RTX 3080, 6135, 3917, 10240, 98, 98
2026/08/05 02:22:02.736, 0, NVIDIA GeForce RTX 3080, 6135, 3917, 10240, 98, 98
2026/08/05 02:22:02.846, 0, NVIDIA GeForce RTX 3080, 6135, 3917, 10240, 98, 98
2026/08/05 02:22:02.955, 0, NVIDIA GeForce RTX 3080, 6135, 3917, 10240, 95, 98
2026/08/05 02:22:03.064, 0, NVIDIA GeForce RTX 3080, 6135, 3917, 10240, 95, 98
2026/08/05 02:22:03.173, 0, NVIDIA GeForce RTX 3080, 6135, 3917, 10240, 95, 98
2026/08/05 02:22:03.282, 0, NVIDIA GeForce RTX 3080, 6135, 3917, 10240, 95, 98
2026/08/05 02:22:03.391, 0, NVIDIA GeForce RTX 3080, 6135, 3917, 10240, 95, 98
2026/08/05 02:22:03.500, 0, NVIDIA GeForce RTX 3080, 6135, 3917, 10240, 96, 98
2026/08/05 02:22:03.609, 0, NVIDIA GeForce RTX 3080, 6135, 3917, 10240, 96, 98
2026/08/05 02:22:03.718, 0, NVIDIA GeForce RTX 3080, 6135, 3917, 10240, 96, 98
2026/08/05 02:22:03.827, 0, NVIDIA GeForce RTX 3080, 6135, 3917, 10240, 96, 98
2026/08/05 02:22:03.937, 0, NVIDIA GeForce RTX 3080, 6135, 3917, 10240, 96, 98
2026/08/05 02:22:04.046, 0, NVIDIA GeForce RTX 3080, 6135, 3917, 10240, 96, 98
2026/08/05 02:22:04.153, 0, NVIDIA GeForce RTX 3080, 6135, 3917, 10240, 96, 98
2026/08/05 02:22:04.262, 0, NVIDIA GeForce RTX 3080, 6135, 3917, 10240, 96, 98
2026/08/05 02:22:04.372, 0, NVIDIA GeForce RTX 3080, 6135, 3917, 10240, 96, 98
2026/08/05 02:22:04.481, 0, NVIDIA GeForce RTX 3080, 6135, 3917, 10240, 96, 98
2026/08/05 02:22:04.591, 0, NVIDIA GeForce RTX 3080, 6135, 3917, 10240, 96, 98
2026/08/05 02:22:04.700, 0, NVIDIA GeForce RTX 3080, 6135, 3917, 10240, 96, 98
2026/08/05 02:22:04.809, 0, NVIDIA GeForce RTX 3080, 6135, 3917, 10240, 96, 98
2026/08/05 02:22:04.919, 0, NVIDIA GeForce RTX 3080, 6135, 3917, 10240, 96, 98
2026/08/05 02:22:05.027, 0, NVIDIA GeForce RTX 3080, 6135, 3917, 10240, 97, 98
2026/08/05 02:22:05.136, 0, NVIDIA GeForce RTX 3080, 6135, 3917, 10240, 97, 98
2026/08/05 02:22:05.246, 0, NVIDIA GeForce RTX 3080, 6135, 3917, 10240, 97, 98
2026/08/05 02:22:05.355, 0, NVIDIA GeForce RTX 3080, 6135, 3917, 10240, 97, 98
2026/08/05 02:22:05.464, 0, NVIDIA GeForce RTX 3080, 6135, 3917, 10240, 97, 98
2026/08/05 02:22:05.574, 0, NVIDIA GeForce RTX 3080, 6135, 3917, 10240, 97, 98
2026/08/05 02:22:05.682, 0, NVIDIA GeForce RTX 3080, 6135, 3917, 10240, 97, 98
2026/08/05 02:22:05.792, 0, NVIDIA GeForce RTX 3080, 6135, 3917, 10240, 97, 98
2026/08/05 02:22:05.902, 0, NVIDIA GeForce RTX 3080, 6135, 3917, 10240, 97, 98
2026/08/05 02:22:06.010, 0, NVIDIA GeForce RTX 3080, 6135, 3917, 10240, 97, 98
2026/08/05 02:22:06.120, 0, NVIDIA GeForce RTX 3080, 6135, 3917, 10240, 97, 98
2026/08/05 02:22:06.229, 0, NVIDIA GeForce RTX 3080, 6135, 3917, 10240, 97, 98
2026/08/05 02:22:06.337, 0, NVIDIA GeForce RTX 3080, 6135, 3917, 10240, 97, 98
2026/08/05 02:22:06.447, 0, NVIDIA GeForce RTX 3080, 6135, 3917, 10240, 97, 98
2026/08/05 02:22:06.556, 0, NVIDIA GeForce RTX 3080, 6135, 3917, 10240, 97, 98
2026/08/05 02:22:06.666, 0, NVIDIA GeForce RTX 3080, 6135, 3917, 10240, 97, 98
2026/08/05 02:22:06.775, 0, NVIDIA GeForce RTX 3080, 6135, 3917, 10240, 97, 98
2026/08/05 02:22:06.884, 0, NVIDIA GeForce RTX 3080, 6135, 3917, 10240, 97, 98
2026/08/05 02:22:06.994, 0, NVIDIA GeForce RTX 3080, 6135, 3917, 10240, 95, 98
2026/08/05 02:22:07.102, 0, NVIDIA GeForce RTX 3080, 6135, 3917, 10240, 95, 98
2026/08/05 02:22:07.211, 0, NVIDIA GeForce RTX 3080, 6135, 3917, 10240, 95, 98
2026/08/05 02:22:07.320, 0, NVIDIA GeForce RTX 3080, 6135, 3917, 10240, 95, 98
2026/08/05 02:22:07.430, 0, NVIDIA GeForce RTX 3080, 6135, 3917, 10240, 95, 98
2026/08/05 02:22:07.539, 0, NVIDIA GeForce RTX 3080, 6135, 3917, 10240, 96, 98
2026/08/05 02:22:07.648, 0, NVIDIA GeForce RTX 3080, 6135, 3917, 10240, 96, 98
2026/08/05 02:22:07.757, 0, NVIDIA GeForce RTX 3080, 6135, 3917, 10240, 96, 98
2026/08/05 02:22:07.867, 0, NVIDIA GeForce RTX 3080, 6135, 3917, 10240, 96, 98
2026/08/05 02:22:07.976, 0, NVIDIA GeForce RTX 3080, 6135, 3917, 10240, 96, 98
2026/08/05 02:22:08.084, 0, NVIDIA GeForce RTX 3080, 6135, 3917, 10240, 96, 98
2026/08/05 02:22:08.194, 0, NVIDIA GeForce RTX 3080, 6135, 3917, 10240, 96, 98
2026/08/05 02:22:08.303, 0, NVIDIA GeForce RTX 3080, 6135, 3917, 10240, 96, 98
2026/08/05 02:22:08.412, 0, NVIDIA GeForce RTX 3080, 6135, 3917, 10240, 96, 98
2026/08/05 02:22:08.521, 0, NVIDIA GeForce RTX 3080, 6135, 3917, 10240, 96, 98
2026/08/05 02:22:08.630, 0, NVIDIA GeForce RTX 3080, 6135, 3917, 10240, 96, 98
2026/08/05 02:22:08.739, 0, NVIDIA GeForce RTX 3080, 6135, 3917, 10240, 96, 98
2026/08/05 02:22:08.847, 0, NVIDIA GeForce RTX 3080, 6135, 3917, 10240, 96, 98
2026/08/05 02:22:08.956, 0, NVIDIA GeForce RTX 3080, 6135, 3917, 10240, 97, 98
2026/08/05 02:22:09.065, 0, NVIDIA GeForce RTX 3080, 6135, 3917, 10240, 97, 98
2026/08/05 02:22:09.170, 0, NVIDIA GeForce RTX 3080, 6135, 3917, 10240, 97, 98
2026/08/05 02:22:09.279, 0, NVIDIA GeForce RTX 3080, 6135, 3917, 10240, 97, 98
2026/08/05 02:22:09.388, 0, NVIDIA GeForce RTX 3080, 6135, 3917, 10240, 97, 98
2026/08/05 02:22:09.497, 0, NVIDIA GeForce RTX 3080, 6135, 3917, 10240, 97, 98
2026/08/05 02:22:09.607, 0, NVIDIA GeForce RTX 3080, 6135, 3917, 10240, 97, 98
2026/08/05 02:22:09.716, 0, NVIDIA GeForce RTX 3080, 6135, 3917, 10240, 97, 98
2026/08/05 02:22:09.825, 0, NVIDIA GeForce RTX 3080, 6135, 3917, 10240, 97, 98
2026/08/05 02:22:09.934, 0, NVIDIA GeForce RTX 3080, 6135, 3917, 10240, 97, 98
2026/08/05 02:22:10.044, 0, NVIDIA GeForce RTX 3080, 6135, 3917, 10240, 97, 98
2026/08/05 02:22:10.152, 0, NVIDIA GeForce RTX 3080, 6135, 3917, 10240, 97, 98
2026/08/05 02:22:10.262, 0, NVIDIA GeForce RTX 3080, 6135, 3917, 10240, 97, 98
2026/08/05 02:22:10.372, 0, NVIDIA GeForce RTX 3080, 6135, 3917, 10240, 97, 98
2026/08/05 02:22:10.480, 0, NVIDIA GeForce RTX 3080, 6135, 3917, 10240, 97, 98
2026/08/05 02:22:10.590, 0, NVIDIA GeForce RTX 3080, 6135, 3917, 10240, 97, 98
2026/08/05 02:22:10.699, 0, NVIDIA GeForce RTX 3080, 6135, 3917, 10240, 97, 98
2026/08/05 02:22:10.807, 0, NVIDIA GeForce RTX 3080, 6135, 3917, 10240, 97, 98
2026/08/05 02:22:10.917, 0, NVIDIA GeForce RTX 3080, 6135, 3917, 10240, 97, 98
2026/08/05 02:22:11.026, 0, NVIDIA GeForce RTX 3080, 6135, 3917, 10240, 96, 98
2026/08/05 02:22:11.135, 0, NVIDIA GeForce RTX 3080, 6135, 3917, 10240, 96, 98
2026/08/05 02:22:11.245, 0, NVIDIA GeForce RTX 3080, 6135, 3917, 10240, 96, 98
2026/08/05 02:22:11.354, 0, NVIDIA GeForce RTX 3080, 6135, 3917, 10240, 96, 98
2026/08/05 02:22:11.463, 0, NVIDIA GeForce RTX 3080, 6135, 3917, 10240, 95, 98
2026/08/05 02:22:11.572, 0, NVIDIA GeForce RTX 3080, 6135, 3917, 10240, 95, 98
2026/08/05 02:22:11.681, 0, NVIDIA GeForce RTX 3080, 6135, 3917, 10240, 95, 98
2026/08/05 02:22:11.790, 0, NVIDIA GeForce RTX 3080, 6135, 3917, 10240, 95, 98
2026/08/05 02:22:11.900, 0, NVIDIA GeForce RTX 3080, 6135, 3917, 10240, 95, 98
2026/08/05 02:22:12.009, 0, NVIDIA GeForce RTX 3080, 6135, 3917, 10240, 95, 98
2026/08/05 02:22:12.118, 0, NVIDIA GeForce RTX 3080, 6135, 3917, 10240, 95, 98
2026/08/05 02:22:12.227, 0, NVIDIA GeForce RTX 3080, 6135, 3917, 10240, 95, 98
2026/08/05 02:22:12.337, 0, NVIDIA GeForce RTX 3080, 6135, 3917, 10240, 95, 98
2026/08/05 02:22:12.446, 0, NVIDIA GeForce RTX 3080, 6135, 3917, 10240, 96, 98
2026/08/05 02:22:12.555, 0, NVIDIA GeForce RTX 3080, 6135, 3917, 10240, 96, 98
2026/08/05 02:22:12.665, 0, NVIDIA GeForce RTX 3080, 6135, 3917, 10240, 96, 98
2026/08/05 02:22:12.775, 0, NVIDIA GeForce RTX 3080, 6135, 3917, 10240, 96, 98
2026/08/05 02:22:12.884, 0, NVIDIA GeForce RTX 3080, 6135, 3917, 10240, 96, 98
2026/08/05 02:22:12.993, 0, NVIDIA GeForce RTX 3080, 6135, 3917, 10240, 97, 98
2026/08/05 02:22:13.103, 0, NVIDIA GeForce RTX 3080, 6135, 3917, 10240, 97, 98
2026/08/05 02:22:13.211, 0, NVIDIA GeForce RTX 3080, 6135, 3917, 10240, 97, 98
2026/08/05 02:22:13.320, 0, NVIDIA GeForce RTX 3080, 6135, 3917, 10240, 97, 98
2026/08/05 02:22:13.430, 0, NVIDIA GeForce RTX 3080, 6135, 3917, 10240, 97, 98
2026/08/05 02:22:13.538, 0, NVIDIA GeForce RTX 3080, 6135, 3917, 10240, 97, 98
2026/08/05 02:22:13.647, 0, NVIDIA GeForce RTX 3080, 6135, 3917, 10240, 97, 98
2026/08/05 02:22:13.756, 0, NVIDIA GeForce RTX 3080, 6135, 3917, 10240, 97, 98
2026/08/05 02:22:13.866, 0, NVIDIA GeForce RTX 3080, 6135, 3917, 10240, 97, 98
2026/08/05 02:22:13.975, 0, NVIDIA GeForce RTX 3080, 6135, 3917, 10240, 97, 98
2026/08/05 02:22:14.084, 0, NVIDIA GeForce RTX 3080, 6135, 3917, 10240, 97, 98
2026/08/05 02:22:14.208, 0, NVIDIA GeForce RTX 3080, 6135, 3917, 10240, 97, 98
2026/08/05 02:22:14.318, 0, NVIDIA GeForce RTX 3080, 6135, 3917, 10240, 97, 98
2026/08/05 02:22:14.427, 0, NVIDIA GeForce RTX 3080, 6135, 3917, 10240, 97, 98
2026/08/05 02:22:14.536, 0, NVIDIA GeForce RTX 3080, 6135, 3917, 10240, 97, 98
2026/08/05 02:22:14.646, 0, NVIDIA GeForce RTX 3080, 6135, 3917, 10240, 97, 98
2026/08/05 02:22:14.754, 0, NVIDIA GeForce RTX 3080, 6135, 3917, 10240, 97, 98
2026/08/05 02:22:14.863, 0, NVIDIA GeForce RTX 3080, 6135, 3917, 10240, 97, 98
2026/08/05 02:22:14.972, 0, NVIDIA GeForce RTX 3080, 6135, 3917, 10240, 98, 98
2026/08/05 02:22:15.082, 0, NVIDIA GeForce RTX 3080, 6135, 3917, 10240, 98, 98
2026/08/05 02:22:15.191, 0, NVIDIA GeForce RTX 3080, 6135, 3917, 10240, 98, 98
2026/08/05 02:22:15.301, 0, NVIDIA GeForce RTX 3080, 6135, 3917, 10240, 98, 98
2026/08/05 02:22:15.410, 0, NVIDIA GeForce RTX 3080, 6135, 3917, 10240, 98, 98
2026/08/05 02:22:15.519, 0, NVIDIA GeForce RTX 3080, 6135, 3917, 10240, 98, 98
2026/08/05 02:22:15.629, 0, NVIDIA GeForce RTX 3080, 6135, 3917, 10240, 98, 98
2026/08/05 02:22:15.737, 0, NVIDIA GeForce RTX 3080, 6135, 3917, 10240, 98, 98
2026/08/05 02:22:15.846, 0, NVIDIA GeForce RTX 3080, 6135, 3917, 10240, 98, 98
2026/08/05 02:22:15.956, 0, NVIDIA GeForce RTX 3080, 6135, 3917, 10240, 98, 98
2026/08/05 02:22:16.064, 0, NVIDIA GeForce RTX 3080, 6135, 3917, 10240, 98, 98
2026/08/05 02:22:16.174, 0, NVIDIA GeForce RTX 3080, 6135, 3917, 10240, 98, 98
2026/08/05 02:22:16.284, 0, NVIDIA GeForce RTX 3080, 6135, 3917, 10240, 98, 98
2026/08/05 02:22:16.392, 0, NVIDIA GeForce RTX 3080, 6135, 3917, 10240, 98, 98
2026/08/05 02:22:16.502, 0, NVIDIA GeForce RTX 3080, 6135, 3917, 10240, 98, 98
2026/08/05 02:22:16.611, 0, NVIDIA GeForce RTX 3080, 6135, 3917, 10240, 98, 98
2026/08/05 02:22:16.720, 0, NVIDIA GeForce RTX 3080, 6135, 3917, 10240, 98, 98
2026/08/05 02:22:16.830, 0, NVIDIA GeForce RTX 3080, 6135, 3917, 10240, 98, 98
2026/08/05 02:22:16.938, 0, NVIDIA GeForce RTX 3080, 6135, 3917, 10240, 95, 98
2026/08/05 02:22:17.048, 0, NVIDIA GeForce RTX 3080, 6135, 3917, 10240, 95, 98
2026/08/05 02:22:17.158, 0, NVIDIA GeForce RTX 3080, 6135, 3917, 10240, 95, 98
2026/08/05 02:22:17.267, 0, NVIDIA GeForce RTX 3080, 6135, 3917, 10240, 95, 98
2026/08/05 02:22:17.376, 0, NVIDIA GeForce RTX 3080, 6135, 3917, 10240, 95, 98
2026/08/05 02:22:17.485, 0, NVIDIA GeForce RTX 3080, 6135, 3917, 10240, 96, 98
2026/08/05 02:22:17.594, 0, NVIDIA GeForce RTX 3080, 6135, 3917, 10240, 96, 98
2026/08/05 02:22:17.703, 0, NVIDIA GeForce RTX 3080, 6135, 3917, 10240, 96, 98
2026/08/05 02:22:17.812, 0, NVIDIA GeForce RTX 3080, 6135, 3917, 10240, 96, 98
2026/08/05 02:22:17.921, 0, NVIDIA GeForce RTX 3080, 6135, 3917, 10240, 96, 98
2026/08/05 02:22:18.030, 0, NVIDIA GeForce RTX 3080, 6135, 3917, 10240, 96, 98
2026/08/05 02:22:18.140, 0, NVIDIA GeForce RTX 3080, 6135, 3917, 10240, 96, 98
2026/08/05 02:22:18.249, 0, NVIDIA GeForce RTX 3080, 6135, 3917, 10240, 96, 98
2026/08/05 02:22:18.359, 0, NVIDIA GeForce RTX 3080, 6135, 3917, 10240, 96, 98
2026/08/05 02:22:18.467, 0, NVIDIA GeForce RTX 3080, 6135, 3917, 10240, 96, 98
2026/08/05 02:22:18.577, 0, NVIDIA GeForce RTX 3080, 6135, 3917, 10240, 96, 98
2026/08/05 02:22:18.687, 0, NVIDIA GeForce RTX 3080, 6135, 3917, 10240, 96, 98
2026/08/05 02:22:18.796, 0, NVIDIA GeForce RTX 3080, 6135, 3917, 10240, 96, 98
2026/08/05 02:22:18.904, 0, NVIDIA GeForce RTX 3080, 6135, 3917, 10240, 96, 98
2026/08/05 02:22:19.014, 0, NVIDIA GeForce RTX 3080, 6135, 3917, 10240, 97, 98
2026/08/05 02:22:19.123, 0, NVIDIA GeForce RTX 3080, 6135, 3917, 10240, 97, 98
2026/08/05 02:22:19.232, 0, NVIDIA GeForce RTX 3080, 6135, 3917, 10240, 97, 98
2026/08/05 02:22:19.342, 0, NVIDIA GeForce RTX 3080, 6135, 3917, 10240, 97, 98
2026/08/05 02:22:19.451, 0, NVIDIA GeForce RTX 3080, 6135, 3917, 10240, 97, 98
2026/08/05 02:22:19.561, 0, NVIDIA GeForce RTX 3080, 6135, 3917, 10240, 97, 98
2026/08/05 02:22:19.670, 0, NVIDIA GeForce RTX 3080, 6135, 3917, 10240, 97, 98
2026/08/05 02:22:19.778, 0, NVIDIA GeForce RTX 3080, 6135, 3917, 10240, 97, 98
2026/08/05 02:22:19.888, 0, NVIDIA GeForce RTX 3080, 6135, 3917, 10240, 97, 98
2026/08/05 02:22:19.996, 0, NVIDIA GeForce RTX 3080, 6135, 3917, 10240, 97, 98
2026/08/05 02:22:20.106, 0, NVIDIA GeForce RTX 3080, 6135, 3917, 10240, 97, 98
2026/08/05 02:22:20.215, 0, NVIDIA GeForce RTX 3080, 6135, 3917, 10240, 97, 98
2026/08/05 02:22:20.323, 0, NVIDIA GeForce RTX 3080, 6135, 3917, 10240, 97, 98
2026/08/05 02:22:20.433, 0, NVIDIA GeForce RTX 3080, 6135, 3917, 10240, 97, 98
2026/08/05 02:22:20.543, 0, NVIDIA GeForce RTX 3080, 6135, 3917, 10240, 97, 98
2026/08/05 02:22:20.651, 0, NVIDIA GeForce RTX 3080, 6135, 3917, 10240, 97, 98
2026/08/05 02:22:20.761, 0, NVIDIA GeForce RTX 3080, 6135, 3917, 10240, 97, 98
2026/08/05 02:22:20.870, 0, NVIDIA GeForce RTX 3080, 6135, 3917, 10240, 97, 98
2026/08/05 02:22:20.979, 0, NVIDIA GeForce RTX 3080, 6135, 3917, 10240, 96, 98
2026/08/05 02:22:21.088, 0, NVIDIA GeForce RTX 3080, 6135, 3917, 10240, 96, 98
2026/08/05 02:22:21.197, 0, NVIDIA GeForce RTX 3080, 6135, 3917, 10240, 96, 98
2026/08/05 02:22:21.306, 0, NVIDIA GeForce RTX 3080, 6135, 3917, 10240, 96, 98
2026/08/05 02:22:21.416, 0, NVIDIA GeForce RTX 3080, 6135, 3917, 10240, 96, 98
2026/08/05 02:22:21.525, 0, NVIDIA GeForce RTX 3080, 6135, 3917, 10240, 96, 98
2026/08/05 02:22:21.634, 0, NVIDIA GeForce RTX 3080, 6135, 3917, 10240, 96, 98
2026/08/05 02:22:21.743, 0, NVIDIA GeForce RTX 3080, 6135, 3917, 10240, 96, 98
2026/08/05 02:22:21.852, 0, NVIDIA GeForce RTX 3080, 6135, 3917, 10240, 96, 98
2026/08/05 02:22:21.961, 0, NVIDIA GeForce RTX 3080, 6135, 3917, 10240, 96, 98
2026/08/05 02:22:22.071, 0, NVIDIA GeForce RTX 3080, 6135, 3917, 10240, 96, 98
2026/08/05 02:22:22.180, 0, NVIDIA GeForce RTX 3080, 6135, 3917, 10240, 96, 98
2026/08/05 02:22:22.289, 0, NVIDIA GeForce RTX 3080, 6135, 3917, 10240, 96, 98
2026/08/05 02:22:22.398, 0, NVIDIA GeForce RTX 3080, 6135, 3917, 10240, 96, 98
2026/08/05 02:22:22.508, 0, NVIDIA GeForce RTX 3080, 6135, 3917, 10240, 96, 98
2026/08/05 02:22:22.617, 0, NVIDIA GeForce RTX 3080, 6135, 3917, 10240, 96, 98
2026/08/05 02:22:22.726, 0, NVIDIA GeForce RTX 3080, 6135, 3917, 10240, 96, 98
2026/08/05 02:22:22.836, 0, NVIDIA GeForce RTX 3080, 6135, 3917, 10240, 96, 98
2026/08/05 02:22:22.944, 0, NVIDIA GeForce RTX 3080, 6135, 3917, 10240, 97, 98
2026/08/05 02:22:23.053, 0, NVIDIA GeForce RTX 3080, 6135, 3917, 10240, 97, 98
2026/08/05 02:22:23.162, 0, NVIDIA GeForce RTX 3080, 6135, 3917, 10240, 97, 98
2026/08/05 02:22:23.272, 0, NVIDIA GeForce RTX 3080, 6135, 3917, 10240, 97, 98
2026/08/05 02:22:23.381, 0, NVIDIA GeForce RTX 3080, 6135, 3917, 10240, 97, 98
2026/08/05 02:22:23.490, 0, NVIDIA GeForce RTX 3080, 6135, 3917, 10240, 97, 98
2026/08/05 02:22:23.600, 0, NVIDIA GeForce RTX 3080, 6135, 3917, 10240, 97, 98
2026/08/05 02:22:23.708, 0, NVIDIA GeForce RTX 3080, 6135, 3917, 10240, 97, 98
2026/08/05 02:22:23.817, 0, NVIDIA GeForce RTX 3080, 6135, 3917, 10240, 97, 98
2026/08/05 02:22:23.926, 0, NVIDIA GeForce RTX 3080, 6135, 3917, 10240, 97, 98
2026/08/05 02:22:24.035, 0, NVIDIA GeForce RTX 3080, 6135, 3917, 10240, 97, 98
2026/08/05 02:22:24.144, 0, NVIDIA GeForce RTX 3080, 6135, 3917, 10240, 97, 98
2026/08/05 02:22:24.253, 0, NVIDIA GeForce RTX 3080, 6135, 3917, 10240, 97, 98
2026/08/05 02:22:24.363, 0, NVIDIA GeForce RTX 3080, 6135, 3917, 10240, 97, 98
2026/08/05 02:22:24.472, 0, NVIDIA GeForce RTX 3080, 6135, 3917, 10240, 97, 98
2026/08/05 02:22:24.581, 0, NVIDIA GeForce RTX 3080, 6135, 3917, 10240, 97, 98
2026/08/05 02:22:24.691, 0, NVIDIA GeForce RTX 3080, 6135, 3917, 10240, 97, 98
2026/08/05 02:22:24.799, 0, NVIDIA GeForce RTX 3080, 6135, 3917, 10240, 97, 98
2026/08/05 02:22:24.907, 0, NVIDIA GeForce RTX 3080, 6135, 3917, 10240, 97, 98
2026/08/05 02:22:25.017, 0, NVIDIA GeForce RTX 3080, 6135, 3917, 10240, 96, 98
2026/08/05 02:22:25.125, 0, NVIDIA GeForce RTX 3080, 6135, 3917, 10240, 96, 98
2026/08/05 02:22:25.235, 0, NVIDIA GeForce RTX 3080, 6135, 3917, 10240, 96, 98
2026/08/05 02:22:25.345, 0, NVIDIA GeForce RTX 3080, 6135, 3917, 10240, 96, 98
2026/08/05 02:22:25.453, 0, NVIDIA GeForce RTX 3080, 6135, 3917, 10240, 95, 98
2026/08/05 02:22:25.563, 0, NVIDIA GeForce RTX 3080, 6135, 3917, 10240, 95, 98
2026/08/05 02:22:25.673, 0, NVIDIA GeForce RTX 3080, 6135, 3917, 10240, 95, 98
2026/08/05 02:22:25.781, 0, NVIDIA GeForce RTX 3080, 6135, 3917, 10240, 95, 98
2026/08/05 02:22:25.891, 0, NVIDIA GeForce RTX 3080, 6135, 3917, 10240, 95, 98
2026/08/05 02:22:26.000, 0, NVIDIA GeForce RTX 3080, 6135, 3917, 10240, 96, 98
2026/08/05 02:22:26.107, 0, NVIDIA GeForce RTX 3080, 6135, 3917, 10240, 96, 98
2026/08/05 02:22:26.217, 0, NVIDIA GeForce RTX 3080, 6135, 3917, 10240, 96, 98
2026/08/05 02:22:26.326, 0, NVIDIA GeForce RTX 3080, 6135, 3917, 10240, 96, 98
2026/08/05 02:22:26.436, 0, NVIDIA GeForce RTX 3080, 6135, 3917, 10240, 95, 98
2026/08/05 02:22:26.545, 0, NVIDIA GeForce RTX 3080, 6135, 3917, 10240, 95, 98
2026/08/05 02:22:26.653, 0, NVIDIA GeForce RTX 3080, 6135, 3917, 10240, 95, 98
2026/08/05 02:22:26.762, 0, NVIDIA GeForce RTX 3080, 6135, 3917, 10240, 95, 98
2026/08/05 02:22:26.872, 0, NVIDIA GeForce RTX 3080, 6135, 3917, 10240, 95, 98
2026/08/05 02:22:26.981, 0, NVIDIA GeForce RTX 3080, 6135, 3917, 10240, 97, 98
2026/08/05 02:22:27.090, 0, NVIDIA GeForce RTX 3080, 6135, 3917, 10240, 97, 98
2026/08/05 02:22:27.200, 0, NVIDIA GeForce RTX 3080, 6135, 3917, 10240, 97, 98
2026/08/05 02:22:27.308, 0, NVIDIA GeForce RTX 3080, 6135, 3917, 10240, 97, 98
2026/08/05 02:22:27.417, 0, NVIDIA GeForce RTX 3080, 6135, 3917, 10240, 97, 98
2026/08/05 02:22:27.526, 0, NVIDIA GeForce RTX 3080, 6135, 3917, 10240, 97, 98
2026/08/05 02:22:27.635, 0, NVIDIA GeForce RTX 3080, 6135, 3917, 10240, 97, 98
2026/08/05 02:22:27.744, 0, NVIDIA GeForce RTX 3080, 6135, 3917, 10240, 97, 98
2026/08/05 02:22:27.853, 0, NVIDIA GeForce RTX 3080, 6135, 3917, 10240, 97, 98
2026/08/05 02:22:27.962, 0, NVIDIA GeForce RTX 3080, 6135, 3917, 10240, 96, 98
2026/08/05 02:22:28.072, 0, NVIDIA GeForce RTX 3080, 6135, 3917, 10240, 96, 98
2026/08/05 02:22:28.181, 0, NVIDIA GeForce RTX 3080, 6135, 3917, 10240, 96, 98
2026/08/05 02:22:28.290, 0, NVIDIA GeForce RTX 3080, 6135, 3917, 10240, 96, 98
2026/08/05 02:22:28.400, 0, NVIDIA GeForce RTX 3080, 6135, 3917, 10240, 96, 98
2026/08/05 02:22:28.508, 0, NVIDIA GeForce RTX 3080, 6135, 3917, 10240, 97, 98
2026/08/05 02:22:28.618, 0, NVIDIA GeForce RTX 3080, 6135, 3917, 10240, 97, 98
2026/08/05 02:22:28.727, 0, NVIDIA GeForce RTX 3080, 6135, 3917, 10240, 97, 98
2026/08/05 02:22:28.836, 0, NVIDIA GeForce RTX 3080, 6135, 3917, 10240, 97, 98
2026/08/05 02:22:28.945, 0, NVIDIA GeForce RTX 3080, 6135, 3917, 10240, 98, 98
2026/08/05 02:22:29.054, 0, NVIDIA GeForce RTX 3080, 6135, 3917, 10240, 98, 98
2026/08/05 02:22:29.164, 0, NVIDIA GeForce RTX 3080, 6135, 3917, 10240, 98, 98
2026/08/05 02:22:29.273, 0, NVIDIA GeForce RTX 3080, 6135, 3917, 10240, 98, 98
2026/08/05 02:22:29.382, 0, NVIDIA GeForce RTX 3080, 6135, 3917, 10240, 98, 98
2026/08/05 02:22:29.492, 0, NVIDIA GeForce RTX 3080, 6135, 3917, 10240, 98, 98
2026/08/05 02:22:29.601, 0, NVIDIA GeForce RTX 3080, 6135, 3917, 10240, 98, 98
2026/08/05 02:22:29.710, 0, NVIDIA GeForce RTX 3080, 6135, 3917, 10240, 98, 98
2026/08/05 02:22:29.820, 0, NVIDIA GeForce RTX 3080, 6135, 3917, 10240, 98, 98
2026/08/05 02:22:29.928, 0, NVIDIA GeForce RTX 3080, 6135, 3917, 10240, 98, 98
2026/08/05 02:22:30.037, 0, NVIDIA GeForce RTX 3080, 6135, 3917, 10240, 98, 98
2026/08/05 02:22:30.147, 0, NVIDIA GeForce RTX 3080, 6135, 3917, 10240, 98, 98
2026/08/05 02:22:30.255, 0, NVIDIA GeForce RTX 3080, 6135, 3917, 10240, 98, 98
2026/08/05 02:22:30.365, 0, NVIDIA GeForce RTX 3080, 6135, 3917, 10240, 98, 98
2026/08/05 02:22:30.475, 0, NVIDIA GeForce RTX 3080, 6135, 3917, 10240, 97, 97
2026/08/05 02:22:30.583, 0, NVIDIA GeForce RTX 3080, 6135, 3917, 10240, 97, 97
2026/08/05 02:22:30.693, 0, NVIDIA GeForce RTX 3080, 6135, 3917, 10240, 97, 97
2026/08/05 02:22:30.803, 0, NVIDIA GeForce RTX 3080, 6135, 3917, 10240, 97, 97
2026/08/05 02:22:30.911, 0, NVIDIA GeForce RTX 3080, 6135, 3917, 10240, 97, 97
2026/08/05 02:22:31.021, 0, NVIDIA GeForce RTX 3080, 6135, 3917, 10240, 95, 98
2026/08/05 02:22:31.130, 0, NVIDIA GeForce RTX 3080, 6135, 3917, 10240, 95, 98
2026/08/05 02:22:31.238, 0, NVIDIA GeForce RTX 3080, 6135, 3917, 10240, 95, 98
2026/08/05 02:22:31.348, 0, NVIDIA GeForce RTX 3080, 6135, 3917, 10240, 95, 98
2026/08/05 02:22:31.457, 0, NVIDIA GeForce RTX 3080, 6135, 3917, 10240, 96, 98
2026/08/05 02:22:31.566, 0, NVIDIA GeForce RTX 3080, 6135, 3917, 10240, 96, 98
2026/08/05 02:22:31.676, 0, NVIDIA GeForce RTX 3080, 6135, 3917, 10240, 96, 98
2026/08/05 02:22:31.785, 0, NVIDIA GeForce RTX 3080, 6135, 3917, 10240, 96, 98
2026/08/05 02:22:31.894, 0, NVIDIA GeForce RTX 3080, 6135, 3917, 10240, 96, 98
2026/08/05 02:22:32.003, 0, NVIDIA GeForce RTX 3080, 6135, 3917, 10240, 95, 98
2026/08/05 02:22:32.112, 0, NVIDIA GeForce RTX 3080, 6135, 3917, 10240, 95, 98
2026/08/05 02:22:32.221, 0, NVIDIA GeForce RTX 3080, 6135, 3917, 10240, 95, 98
2026/08/05 02:22:32.331, 0, NVIDIA GeForce RTX 3080, 6135, 3917, 10240, 95, 98
2026/08/05 02:22:32.440, 0, NVIDIA GeForce RTX 3080, 6135, 3917, 10240, 94, 97
2026/08/05 02:22:32.549, 0, NVIDIA GeForce RTX 3080, 6135, 3917, 10240, 94, 97
2026/08/05 02:22:32.657, 0, NVIDIA GeForce RTX 3080, 6135, 3917, 10240, 94, 97
2026/08/05 02:22:32.767, 0, NVIDIA GeForce RTX 3080, 6135, 3917, 10240, 94, 97
2026/08/05 02:22:32.876, 0, NVIDIA GeForce RTX 3080, 6135, 3917, 10240, 94, 97
2026/08/05 02:22:32.984, 0, NVIDIA GeForce RTX 3080, 6135, 3917, 10240, 97, 98
2026/08/05 02:22:33.094, 0, NVIDIA GeForce RTX 3080, 6135, 3917, 10240, 97, 98
2026/08/05 02:22:33.203, 0, NVIDIA GeForce RTX 3080, 6135, 3917, 10240, 97, 98
2026/08/05 02:22:33.312, 0, NVIDIA GeForce RTX 3080, 6135, 3917, 10240, 97, 98
2026/08/05 02:22:33.421, 0, NVIDIA GeForce RTX 3080, 6135, 3917, 10240, 97, 98
2026/08/05 02:22:33.531, 0, NVIDIA GeForce RTX 3080, 6135, 3917, 10240, 97, 98
2026/08/05 02:22:33.640, 0, NVIDIA GeForce RTX 3080, 6135, 3917, 10240, 97, 98
2026/08/05 02:22:33.749, 0, NVIDIA GeForce RTX 3080, 6135, 3917, 10240, 97, 98
2026/08/05 02:22:33.858, 0, NVIDIA GeForce RTX 3080, 6135, 3917, 10240, 97, 98
2026/08/05 02:22:33.968, 0, NVIDIA GeForce RTX 3080, 6135, 3917, 10240, 97, 98
2026/08/05 02:22:34.077, 0, NVIDIA GeForce RTX 3080, 6135, 3917, 10240, 97, 98
2026/08/05 02:22:34.186, 0, NVIDIA GeForce RTX 3080, 6135, 3917, 10240, 97, 98
2026/08/05 02:22:34.296, 0, NVIDIA GeForce RTX 3080, 6135, 3917, 10240, 97, 98
2026/08/05 02:22:34.404, 0, NVIDIA GeForce RTX 3080, 6135, 3917, 10240, 97, 98
2026/08/05 02:22:34.513, 0, NVIDIA GeForce RTX 3080, 6135, 3917, 10240, 94, 97
2026/08/05 02:22:34.623, 0, NVIDIA GeForce RTX 3080, 6135, 3917, 10240, 94, 97
2026/08/05 02:22:34.733, 0, NVIDIA GeForce RTX 3080, 6135, 3917, 10240, 94, 97
2026/08/05 02:22:34.841, 0, NVIDIA GeForce RTX 3080, 6135, 3917, 10240, 94, 97
2026/08/05 02:22:34.951, 0, NVIDIA GeForce RTX 3080, 6135, 3917, 10240, 96, 98
2026/08/05 02:22:35.060, 0, NVIDIA GeForce RTX 3080, 6135, 3917, 10240, 96, 98
2026/08/05 02:22:35.168, 0, NVIDIA GeForce RTX 3080, 6135, 3917, 10240, 96, 98
2026/08/05 02:22:35.277, 0, NVIDIA GeForce RTX 3080, 6135, 3917, 10240, 96, 98
2026/08/05 02:22:35.386, 0, NVIDIA GeForce RTX 3080, 6135, 3917, 10240, 96, 98
2026/08/05 02:22:35.495, 0, NVIDIA GeForce RTX 3080, 6135, 3917, 10240, 96, 98
2026/08/05 02:22:35.605, 0, NVIDIA GeForce RTX 3080, 6135, 3917, 10240, 96, 98
2026/08/05 02:22:35.714, 0, NVIDIA GeForce RTX 3080, 6135, 3917, 10240, 96, 98
2026/08/05 02:22:35.823, 0, NVIDIA GeForce RTX 3080, 6135, 3917, 10240, 96, 98
2026/08/05 02:22:35.932, 0, NVIDIA GeForce RTX 3080, 6135, 3917, 10240, 96, 98
2026/08/05 02:22:36.040, 0, NVIDIA GeForce RTX 3080, 6135, 3917, 10240, 96, 98
2026/08/05 02:22:36.150, 0, NVIDIA GeForce RTX 3080, 6135, 3917, 10240, 96, 98
2026/08/05 02:22:36.260, 0, NVIDIA GeForce RTX 3080, 6135, 3917, 10240, 96, 98
2026/08/05 02:22:36.369, 0, NVIDIA GeForce RTX 3080, 6135, 3917, 10240, 96, 98
2026/08/05 02:22:36.478, 0, NVIDIA GeForce RTX 3080, 6135, 3917, 10240, 95, 98
2026/08/05 02:22:36.587, 0, NVIDIA GeForce RTX 3080, 6135, 3917, 10240, 95, 98
2026/08/05 02:22:36.697, 0, NVIDIA GeForce RTX 3080, 6135, 3917, 10240, 95, 98
2026/08/05 02:22:36.806, 0, NVIDIA GeForce RTX 3080, 6135, 3917, 10240, 95, 98
2026/08/05 02:22:36.915, 0, NVIDIA GeForce RTX 3080, 6135, 3917, 10240, 95, 98
2026/08/05 02:22:37.024, 0, NVIDIA GeForce RTX 3080, 6135, 3917, 10240, 97, 98
2026/08/05 02:22:37.133, 0, NVIDIA GeForce RTX 3080, 6135, 3917, 10240, 97, 98
2026/08/05 02:22:37.242, 0, NVIDIA GeForce RTX 3080, 6135, 3917, 10240, 97, 98
2026/08/05 02:22:37.351, 0, NVIDIA GeForce RTX 3080, 6135, 3917, 10240, 97, 98
2026/08/05 02:22:37.461, 0, NVIDIA GeForce RTX 3080, 6135, 3917, 10240, 97, 98
2026/08/05 02:22:37.570, 0, NVIDIA GeForce RTX 3080, 6135, 3917, 10240, 97, 98
2026/08/05 02:22:37.679, 0, NVIDIA GeForce RTX 3080, 6135, 3917, 10240, 97, 98
2026/08/05 02:22:37.788, 0, NVIDIA GeForce RTX 3080, 6135, 3917, 10240, 97, 98
2026/08/05 02:22:37.898, 0, NVIDIA GeForce RTX 3080, 6135, 3917, 10240, 97, 98
2026/08/05 02:22:38.006, 0, NVIDIA GeForce RTX 3080, 6135, 3917, 10240, 97, 98
2026/08/05 02:22:38.115, 0, NVIDIA GeForce RTX 3080, 6135, 3917, 10240, 97, 98
2026/08/05 02:22:38.225, 0, NVIDIA GeForce RTX 3080, 6135, 3917, 10240, 97, 98
2026/08/05 02:22:38.333, 0, NVIDIA GeForce RTX 3080, 6135, 3917, 10240, 97, 98
2026/08/05 02:22:38.442, 0, NVIDIA GeForce RTX 3080, 6135, 3917, 10240, 97, 98
2026/08/05 02:22:38.552, 0, NVIDIA GeForce RTX 3080, 6135, 3917, 10240, 97, 98
2026/08/05 02:22:38.661, 0, NVIDIA GeForce RTX 3080, 6135, 3917, 10240, 97, 98
2026/08/05 02:22:38.769, 0, NVIDIA GeForce RTX 3080, 6135, 3917, 10240, 97, 98
2026/08/05 02:22:38.879, 0, NVIDIA GeForce RTX 3080, 6135, 3917, 10240, 97, 98
2026/08/05 02:22:38.988, 0, NVIDIA GeForce RTX 3080, 6135, 3917, 10240, 95, 98
2026/08/05 02:22:39.098, 0, NVIDIA GeForce RTX 3080, 6135, 3917, 10240, 95, 98
2026/08/05 02:22:39.207, 0, NVIDIA GeForce RTX 3080, 6135, 3917, 10240, 95, 98
2026/08/05 02:22:39.316, 0, NVIDIA GeForce RTX 3080, 6135, 3917, 10240, 95, 98
2026/08/05 02:22:39.426, 0, NVIDIA GeForce RTX 3080, 6135, 3917, 10240, 95, 98
2026/08/05 02:22:39.534, 0, NVIDIA GeForce RTX 3080, 6135, 3917, 10240, 95, 98
2026/08/05 02:22:39.643, 0, NVIDIA GeForce RTX 3080, 6135, 3917, 10240, 95, 98
2026/08/05 02:22:39.752, 0, NVIDIA GeForce RTX 3080, 6135, 3917, 10240, 95, 98
2026/08/05 02:22:39.862, 0, NVIDIA GeForce RTX 3080, 6135, 3917, 10240, 95, 98
2026/08/05 02:22:39.971, 0, NVIDIA GeForce RTX 3080, 6135, 3917, 10240, 96, 98
2026/08/05 02:22:40.080, 0, NVIDIA GeForce RTX 3080, 6135, 3917, 10240, 96, 98
2026/08/05 02:22:40.190, 0, NVIDIA GeForce RTX 3080, 6135, 3917, 10240, 96, 98
2026/08/05 02:22:40.299, 0, NVIDIA GeForce RTX 3080, 6135, 3917, 10240, 96, 98
2026/08/05 02:22:40.408, 0, NVIDIA GeForce RTX 3080, 6135, 3917, 10240, 96, 98
2026/08/05 02:22:40.517, 0, NVIDIA GeForce RTX 3080, 6135, 3917, 10240, 95, 98
2026/08/05 02:22:40.626, 0, NVIDIA GeForce RTX 3080, 6135, 3917, 10240, 95, 98
2026/08/05 02:22:40.734, 0, NVIDIA GeForce RTX 3080, 6135, 3917, 10240, 95, 98
2026/08/05 02:22:40.843, 0, NVIDIA GeForce RTX 3080, 6135, 3917, 10240, 95, 98
2026/08/05 02:22:40.953, 0, NVIDIA GeForce RTX 3080, 6135, 3917, 10240, 97, 98
2026/08/05 02:22:41.063, 0, NVIDIA GeForce RTX 3080, 6135, 3917, 10240, 97, 98
2026/08/05 02:22:41.170, 0, NVIDIA GeForce RTX 3080, 6135, 3917, 10240, 97, 98
2026/08/05 02:22:41.280, 0, NVIDIA GeForce RTX 3080, 6135, 3917, 10240, 97, 98
2026/08/05 02:22:41.390, 0, NVIDIA GeForce RTX 3080, 6135, 3917, 10240, 97, 98
2026/08/05 02:22:41.499, 0, NVIDIA GeForce RTX 3080, 6135, 3917, 10240, 97, 98
2026/08/05 02:22:41.608, 0, NVIDIA GeForce RTX 3080, 6135, 3917, 10240, 97, 98
2026/08/05 02:22:41.717, 0, NVIDIA GeForce RTX 3080, 6135, 3917, 10240, 97, 98
2026/08/05 02:22:41.826, 0, NVIDIA GeForce RTX 3080, 6135, 3917, 10240, 97, 98
2026/08/05 02:22:41.935, 0, NVIDIA GeForce RTX 3080, 6135, 3917, 10240, 97, 98
2026/08/05 02:22:42.044, 0, NVIDIA GeForce RTX 3080, 6135, 3917, 10240, 97, 98
2026/08/05 02:22:42.153, 0, NVIDIA GeForce RTX 3080, 6135, 3917, 10240, 97, 98
2026/08/05 02:22:42.262, 0, NVIDIA GeForce RTX 3080, 6135, 3917, 10240, 97, 98
2026/08/05 02:22:42.371, 0, NVIDIA GeForce RTX 3080, 6135, 3917, 10240, 97, 98
2026/08/05 02:22:42.480, 0, NVIDIA GeForce RTX 3080, 6135, 3917, 10240, 97, 98
2026/08/05 02:22:42.590, 0, NVIDIA GeForce RTX 3080, 6135, 3917, 10240, 97, 98
2026/08/05 02:22:42.699, 0, NVIDIA GeForce RTX 3080, 6135, 3917, 10240, 97, 98
2026/08/05 02:22:42.808, 0, NVIDIA GeForce RTX 3080, 6135, 3917, 10240, 97, 98
2026/08/05 02:22:42.917, 0, NVIDIA GeForce RTX 3080, 6135, 3917, 10240, 97, 98
2026/08/05 02:22:43.027, 0, NVIDIA GeForce RTX 3080, 6135, 3917, 10240, 98, 98
2026/08/05 02:22:43.136, 0, NVIDIA GeForce RTX 3080, 6135, 3917, 10240, 98, 98
2026/08/05 02:22:43.245, 0, NVIDIA GeForce RTX 3080, 6135, 3917, 10240, 98, 98
2026/08/05 02:22:43.355, 0, NVIDIA GeForce RTX 3080, 6135, 3917, 10240, 98, 98
2026/08/05 02:22:43.463, 0, NVIDIA GeForce RTX 3080, 6135, 3917, 10240, 98, 98
2026/08/05 02:22:43.572, 0, NVIDIA GeForce RTX 3080, 6135, 3917, 10240, 98, 98
2026/08/05 02:22:43.681, 0, NVIDIA GeForce RTX 3080, 6135, 3917, 10240, 98, 98
2026/08/05 02:22:43.791, 0, NVIDIA GeForce RTX 3080, 6135, 3917, 10240, 98, 98
2026/08/05 02:22:43.900, 0, NVIDIA GeForce RTX 3080, 6135, 3917, 10240, 98, 98
2026/08/05 02:22:44.009, 0, NVIDIA GeForce RTX 3080, 6135, 3917, 10240, 98, 98
2026/08/05 02:22:44.118, 0, NVIDIA GeForce RTX 3080, 6135, 3917, 10240, 98, 98
2026/08/05 02:22:44.228, 0, NVIDIA GeForce RTX 3080, 6135, 3917, 10240, 98, 98
2026/08/05 02:22:44.338, 0, NVIDIA GeForce RTX 3080, 6135, 3917, 10240, 98, 98
2026/08/05 02:22:44.446, 0, NVIDIA GeForce RTX 3080, 6135, 3917, 10240, 95, 97
2026/08/05 02:22:44.556, 0, NVIDIA GeForce RTX 3080, 6135, 3917, 10240, 95, 97
2026/08/05 02:22:44.666, 0, NVIDIA GeForce RTX 3080, 6135, 3917, 10240, 95, 97
2026/08/05 02:22:44.775, 0, NVIDIA GeForce RTX 3080, 6135, 3917, 10240, 95, 97
2026/08/05 02:22:44.884, 0, NVIDIA GeForce RTX 3080, 6135, 3917, 10240, 95, 97
2026/08/05 02:22:44.993, 0, NVIDIA GeForce RTX 3080, 6135, 3917, 10240, 95, 98
2026/08/05 02:22:45.102, 0, NVIDIA GeForce RTX 3080, 6135, 3917, 10240, 95, 98
2026/08/05 02:22:45.211, 0, NVIDIA GeForce RTX 3080, 6135, 3917, 10240, 95, 98
2026/08/05 02:22:45.321, 0, NVIDIA GeForce RTX 3080, 6135, 3917, 10240, 95, 98
2026/08/05 02:22:45.429, 0, NVIDIA GeForce RTX 3080, 6135, 3917, 10240, 95, 98
2026/08/05 02:22:45.539, 0, NVIDIA GeForce RTX 3080, 6135, 3917, 10240, 95, 98
2026/08/05 02:22:45.648, 0, NVIDIA GeForce RTX 3080, 6135, 3917, 10240, 95, 98
2026/08/05 02:22:45.757, 0, NVIDIA GeForce RTX 3080, 6135, 3917, 10240, 95, 98
2026/08/05 02:22:45.867, 0, NVIDIA GeForce RTX 3080, 6135, 3917, 10240, 95, 98
2026/08/05 02:22:45.976, 0, NVIDIA GeForce RTX 3080, 6135, 3917, 10240, 96, 98
2026/08/05 02:22:46.086, 0, NVIDIA GeForce RTX 3080, 6135, 3917, 10240, 96, 98
2026/08/05 02:22:46.195, 0, NVIDIA GeForce RTX 3080, 6135, 3917, 10240, 96, 98
2026/08/05 02:22:46.303, 0, NVIDIA GeForce RTX 3080, 6135, 3917, 10240, 96, 98
2026/08/05 02:22:46.413, 0, NVIDIA GeForce RTX 3080, 6135, 3917, 10240, 96, 98
2026/08/05 02:22:46.522, 0, NVIDIA GeForce RTX 3080, 6135, 3917, 10240, 95, 97
2026/08/05 02:22:46.631, 0, NVIDIA GeForce RTX 3080, 6135, 3917, 10240, 95, 97
2026/08/05 02:22:46.741, 0, NVIDIA GeForce RTX 3080, 6135, 3917, 10240, 95, 97
2026/08/05 02:22:46.851, 0, NVIDIA GeForce RTX 3080, 6135, 3917, 10240, 95, 97
2026/08/05 02:22:46.959, 0, NVIDIA GeForce RTX 3080, 6135, 3917, 10240, 97, 98
2026/08/05 02:22:47.069, 0, NVIDIA GeForce RTX 3080, 6135, 3917, 10240, 97, 98
2026/08/05 02:22:47.178, 0, NVIDIA GeForce RTX 3080, 6135, 3917, 10240, 97, 98
2026/08/05 02:22:47.287, 0, NVIDIA GeForce RTX 3080, 6135, 3917, 10240, 97, 98
2026/08/05 02:22:47.396, 0, NVIDIA GeForce RTX 3080, 6135, 3917, 10240, 97, 98
2026/08/05 02:22:47.505, 0, NVIDIA GeForce RTX 3080, 6135, 3917, 10240, 97, 98
2026/08/05 02:22:47.614, 0, NVIDIA GeForce RTX 3080, 6135, 3917, 10240, 97, 98
2026/08/05 02:22:47.723, 0, NVIDIA GeForce RTX 3080, 6135, 3917, 10240, 97, 98
2026/08/05 02:22:47.832, 0, NVIDIA GeForce RTX 3080, 6135, 3917, 10240, 97, 98
2026/08/05 02:22:47.941, 0, NVIDIA GeForce RTX 3080, 6135, 3917, 10240, 97, 98
2026/08/05 02:22:48.051, 0, NVIDIA GeForce RTX 3080, 6135, 3917, 10240, 97, 98
2026/08/05 02:22:48.160, 0, NVIDIA GeForce RTX 3080, 6135, 3917, 10240, 97, 98
2026/08/05 02:22:48.270, 0, NVIDIA GeForce RTX 3080, 6135, 3917, 10240, 97, 98
2026/08/05 02:22:48.378, 0, NVIDIA GeForce RTX 3080, 6135, 3917, 10240, 97, 98
2026/08/05 02:22:48.487, 0, NVIDIA GeForce RTX 3080, 6135, 3917, 10240, 96, 98
2026/08/05 02:22:48.596, 0, NVIDIA GeForce RTX 3080, 6135, 3917, 10240, 96, 98
2026/08/05 02:22:48.705, 0, NVIDIA GeForce RTX 3080, 6135, 3917, 10240, 96, 98
2026/08/05 02:22:48.815, 0, NVIDIA GeForce RTX 3080, 6135, 3917, 10240, 96, 98
2026/08/05 02:22:48.924, 0, NVIDIA GeForce RTX 3080, 6135, 3917, 10240, 96, 98
2026/08/05 02:22:49.032, 0, NVIDIA GeForce RTX 3080, 6135, 3917, 10240, 96, 98
2026/08/05 02:22:49.141, 0, NVIDIA GeForce RTX 3080, 6135, 3917, 10240, 96, 98
2026/08/05 02:22:49.251, 0, NVIDIA GeForce RTX 3080, 6135, 3917, 10240, 96, 98
2026/08/05 02:22:49.359, 0, NVIDIA GeForce RTX 3080, 6135, 3917, 10240, 96, 98
2026/08/05 02:22:49.469, 0, NVIDIA GeForce RTX 3080, 6135, 3917, 10240, 96, 98
2026/08/05 02:22:49.578, 0, NVIDIA GeForce RTX 3080, 6135, 3917, 10240, 96, 98
2026/08/05 02:22:49.687, 0, NVIDIA GeForce RTX 3080, 6135, 3917, 10240, 96, 98
2026/08/05 02:22:49.797, 0, NVIDIA GeForce RTX 3080, 6135, 3917, 10240, 96, 98
2026/08/05 02:22:49.906, 0, NVIDIA GeForce RTX 3080, 6135, 3917, 10240, 96, 98
2026/08/05 02:22:50.015, 0, NVIDIA GeForce RTX 3080, 6135, 3917, 10240, 95, 98
2026/08/05 02:22:50.125, 0, NVIDIA GeForce RTX 3080, 6135, 3917, 10240, 95, 98
2026/08/05 02:22:50.234, 0, NVIDIA GeForce RTX 3080, 6135, 3917, 10240, 95, 98
2026/08/05 02:22:50.343, 0, NVIDIA GeForce RTX 3080, 6135, 3917, 10240, 95, 98
2026/08/05 02:22:50.452, 0, NVIDIA GeForce RTX 3080, 6135, 3917, 10240, 97, 98
2026/08/05 02:22:50.561, 0, NVIDIA GeForce RTX 3080, 6135, 3917, 10240, 97, 98
2026/08/05 02:22:50.670, 0, NVIDIA GeForce RTX 3080, 6135, 3917, 10240, 97, 98
2026/08/05 02:22:50.780, 0, NVIDIA GeForce RTX 3080, 6135, 3917, 10240, 97, 98
2026/08/05 02:22:50.889, 0, NVIDIA GeForce RTX 3080, 6135, 3917, 10240, 97, 98
2026/08/05 02:22:50.998, 0, NVIDIA GeForce RTX 3080, 6135, 3917, 10240, 97, 98
2026/08/05 02:22:51.107, 0, NVIDIA GeForce RTX 3080, 6135, 3917, 10240, 97, 98
2026/08/05 02:22:51.217, 0, NVIDIA GeForce RTX 3080, 6135, 3917, 10240, 97, 98
2026/08/05 02:22:51.326, 0, NVIDIA GeForce RTX 3080, 6135, 3917, 10240, 97, 98
2026/08/05 02:22:51.435, 0, NVIDIA GeForce RTX 3080, 6135, 3917, 10240, 97, 98
2026/08/05 02:22:51.544, 0, NVIDIA GeForce RTX 3080, 6135, 3917, 10240, 97, 98
2026/08/05 02:22:51.652, 0, NVIDIA GeForce RTX 3080, 6135, 3917, 10240, 97, 98
2026/08/05 02:22:51.761, 0, NVIDIA GeForce RTX 3080, 6135, 3917, 10240, 97, 98
2026/08/05 02:22:51.870, 0, NVIDIA GeForce RTX 3080, 6135, 3917, 10240, 97, 98
2026/08/05 02:22:51.980, 0, NVIDIA GeForce RTX 3080, 6135, 3917, 10240, 97, 98
2026/08/05 02:22:52.089, 0, NVIDIA GeForce RTX 3080, 6135, 3917, 10240, 97, 98
2026/08/05 02:22:52.198, 0, NVIDIA GeForce RTX 3080, 6135, 3917, 10240, 97, 98
2026/08/05 02:22:52.307, 0, NVIDIA GeForce RTX 3080, 6135, 3917, 10240, 97, 98
2026/08/05 02:22:52.417, 0, NVIDIA GeForce RTX 3080, 6135, 3917, 10240, 97, 98
2026/08/05 02:22:52.526, 0, NVIDIA GeForce RTX 3080, 6135, 3917, 10240, 94, 97
2026/08/05 02:22:52.635, 0, NVIDIA GeForce RTX 3080, 6135, 3917, 10240, 94, 97
2026/08/05 02:22:52.745, 0, NVIDIA GeForce RTX 3080, 6135, 3917, 10240, 94, 97
2026/08/05 02:22:52.853, 0, NVIDIA GeForce RTX 3080, 6135, 3917, 10240, 94, 97
2026/08/05 02:22:52.962, 0, NVIDIA GeForce RTX 3080, 6135, 3917, 10240, 96, 98
2026/08/05 02:22:53.072, 0, NVIDIA GeForce RTX 3080, 6135, 3917, 10240, 96, 98
2026/08/05 02:22:53.181, 0, NVIDIA GeForce RTX 3080, 6135, 3917, 10240, 96, 98
2026/08/05 02:22:53.290, 0, NVIDIA GeForce RTX 3080, 6135, 3917, 10240, 96, 98
2026/08/05 02:22:53.400, 0, NVIDIA GeForce RTX 3080, 6135, 3917, 10240, 96, 98
2026/08/05 02:22:53.510, 0, NVIDIA GeForce RTX 3080, 6135, 3917, 10240, 95, 98
2026/08/05 02:22:53.617, 0, NVIDIA GeForce RTX 3080, 6135, 3917, 10240, 95, 98
2026/08/05 02:22:53.727, 0, NVIDIA GeForce RTX 3080, 6135, 3917, 10240, 95, 98
2026/08/05 02:22:53.836, 0, NVIDIA GeForce RTX 3080, 6135, 3917, 10240, 95, 98
2026/08/05 02:22:53.945, 0, NVIDIA GeForce RTX 3080, 6135, 3917, 10240, 95, 98
2026/08/05 02:22:54.055, 0, NVIDIA GeForce RTX 3080, 6135, 3917, 10240, 95, 98
2026/08/05 02:22:54.164, 0, NVIDIA GeForce RTX 3080, 6135, 3917, 10240, 95, 98
2026/08/05 02:22:54.273, 0, NVIDIA GeForce RTX 3080, 6135, 3917, 10240, 95, 98
2026/08/05 02:22:54.382, 0, NVIDIA GeForce RTX 3080, 6135, 3917, 10240, 95, 98
2026/08/05 02:22:54.491, 0, NVIDIA GeForce RTX 3080, 6135, 3917, 10240, 95, 98
2026/08/05 02:22:54.600, 0, NVIDIA GeForce RTX 3080, 6135, 3917, 10240, 95, 98
2026/08/05 02:22:54.710, 0, NVIDIA GeForce RTX 3080, 6135, 3917, 10240, 95, 98
2026/08/05 02:22:54.819, 0, NVIDIA GeForce RTX 3080, 6135, 3917, 10240, 95, 98
2026/08/05 02:22:54.928, 0, NVIDIA GeForce RTX 3080, 6135, 3917, 10240, 95, 98
2026/08/05 02:22:55.037, 0, NVIDIA GeForce RTX 3080, 6135, 3917, 10240, 97, 98
2026/08/05 02:22:55.146, 0, NVIDIA GeForce RTX 3080, 6135, 3917, 10240, 97, 98
2026/08/05 02:22:55.255, 0, NVIDIA GeForce RTX 3080, 6135, 3917, 10240, 97, 98
2026/08/05 02:22:55.364, 0, NVIDIA GeForce RTX 3080, 6135, 3917, 10240, 97, 98
2026/08/05 02:22:55.473, 0, NVIDIA GeForce RTX 3080, 6135, 3917, 10240, 97, 98
2026/08/05 02:22:55.583, 0, NVIDIA GeForce RTX 3080, 6135, 3917, 10240, 97, 98
2026/08/05 02:22:55.692, 0, NVIDIA GeForce RTX 3080, 6135, 3917, 10240, 97, 98
2026/08/05 02:22:55.801, 0, NVIDIA GeForce RTX 3080, 6135, 3917, 10240, 97, 98
2026/08/05 02:22:55.910, 0, NVIDIA GeForce RTX 3080, 6135, 3917, 10240, 97, 98
2026/08/05 02:22:56.019, 0, NVIDIA GeForce RTX 3080, 6135, 3917, 10240, 97, 98
2026/08/05 02:22:56.128, 0, NVIDIA GeForce RTX 3080, 6135, 3917, 10240, 97, 98
2026/08/05 02:22:56.237, 0, NVIDIA GeForce RTX 3080, 6135, 3917, 10240, 97, 98
2026/08/05 02:22:56.347, 0, NVIDIA GeForce RTX 3080, 6135, 3917, 10240, 97, 98
2026/08/05 02:22:56.456, 0, NVIDIA GeForce RTX 3080, 6135, 3917, 10240, 96, 96
2026/08/05 02:22:56.565, 0, NVIDIA GeForce RTX 3080, 6135, 3917, 10240, 96, 96
2026/08/05 02:22:56.675, 0, NVIDIA GeForce RTX 3080, 6135, 3917, 10240, 96, 96
2026/08/05 02:22:56.783, 0, NVIDIA GeForce RTX 3080, 6135, 3917, 10240, 96, 96
2026/08/05 02:22:56.892, 0, NVIDIA GeForce RTX 3080, 6135, 3917, 10240, 96, 96
2026/08/05 02:22:57.002, 0, NVIDIA GeForce RTX 3080, 6135, 3917, 10240, 98, 98
2026/08/05 02:22:57.111, 0, NVIDIA GeForce RTX 3080, 6135, 3917, 10240, 98, 98
2026/08/05 02:22:57.220, 0, NVIDIA GeForce RTX 3080, 6135, 3917, 10240, 98, 98
2026/08/05 02:22:57.330, 0, NVIDIA GeForce RTX 3080, 6135, 3917, 10240, 98, 98
2026/08/05 02:22:57.438, 0, NVIDIA GeForce RTX 3080, 6135, 3917, 10240, 98, 98
2026/08/05 02:22:57.547, 0, NVIDIA GeForce RTX 3080, 6135, 3917, 10240, 98, 98
2026/08/05 02:22:57.657, 0, NVIDIA GeForce RTX 3080, 6135, 3917, 10240, 98, 98
2026/08/05 02:22:57.765, 0, NVIDIA GeForce RTX 3080, 6135, 3917, 10240, 98, 98
2026/08/05 02:22:57.875, 0, NVIDIA GeForce RTX 3080, 6135, 3917, 10240, 98, 98
2026/08/05 02:22:57.984, 0, NVIDIA GeForce RTX 3080, 6135, 3917, 10240, 98, 98
2026/08/05 02:22:58.093, 0, NVIDIA GeForce RTX 3080, 6135, 3917, 10240, 98, 98
2026/08/05 02:22:58.203, 0, NVIDIA GeForce RTX 3080, 6135, 3917, 10240, 98, 98
2026/08/05 02:22:58.312, 0, NVIDIA GeForce RTX 3080, 6135, 3917, 10240, 98, 98
2026/08/05 02:22:58.420, 0, NVIDIA GeForce RTX 3080, 6135, 3917, 10240, 98, 98
2026/08/05 02:22:58.530, 0, NVIDIA GeForce RTX 3080, 6135, 3917, 10240, 95, 98
2026/08/05 02:22:58.640, 0, NVIDIA GeForce RTX 3080, 6135, 3917, 10240, 95, 98
2026/08/05 02:22:58.749, 0, NVIDIA GeForce RTX 3080, 6135, 3917, 10240, 95, 98
2026/08/05 02:22:58.858, 0, NVIDIA GeForce RTX 3080, 6135, 3917, 10240, 95, 98
2026/08/05 02:22:58.967, 0, NVIDIA GeForce RTX 3080, 6135, 3917, 10240, 95, 98
2026/08/05 02:22:59.076, 0, NVIDIA GeForce RTX 3080, 6135, 3917, 10240, 95, 98
2026/08/05 02:22:59.186, 0, NVIDIA GeForce RTX 3080, 6135, 3917, 10240, 95, 98
2026/08/05 02:22:59.294, 0, NVIDIA GeForce RTX 3080, 6135, 3917, 10240, 95, 98
2026/08/05 02:22:59.404, 0, NVIDIA GeForce RTX 3080, 6135, 3917, 10240, 95, 98
2026/08/05 02:22:59.514, 0, NVIDIA GeForce RTX 3080, 6135, 3917, 10240, 95, 98
2026/08/05 02:22:59.622, 0, NVIDIA GeForce RTX 3080, 6135, 3917, 10240, 95, 98
2026/08/05 02:22:59.731, 0, NVIDIA GeForce RTX 3080, 6135, 3917, 10240, 95, 98
2026/08/05 02:22:59.841, 0, NVIDIA GeForce RTX 3080, 6135, 3917, 10240, 95, 98
2026/08/05 02:22:59.950, 0, NVIDIA GeForce RTX 3080, 6135, 3917, 10240, 96, 98
2026/08/05 02:23:00.059, 0, NVIDIA GeForce RTX 3080, 6135, 3917, 10240, 96, 98
2026/08/05 02:23:00.168, 0, NVIDIA GeForce RTX 3080, 6135, 3917, 10240, 96, 98
2026/08/05 02:23:00.276, 0, NVIDIA GeForce RTX 3080, 6135, 3917, 10240, 96, 98
2026/08/05 02:23:00.385, 0, NVIDIA GeForce RTX 3080, 6135, 3917, 10240, 96, 98
2026/08/05 02:23:00.494, 0, NVIDIA GeForce RTX 3080, 6135, 3917, 10240, 97, 98
2026/08/05 02:23:00.604, 0, NVIDIA GeForce RTX 3080, 6135, 3917, 10240, 97, 98
2026/08/05 02:23:00.713, 0, NVIDIA GeForce RTX 3080, 6135, 3917, 10240, 97, 98
2026/08/05 02:23:00.822, 0, NVIDIA GeForce RTX 3080, 6135, 3917, 10240, 97, 98
2026/08/05 02:23:00.931, 0, NVIDIA GeForce RTX 3080, 6135, 3917, 10240, 97, 98
2026/08/05 02:23:01.041, 0, NVIDIA GeForce RTX 3080, 6135, 3917, 10240, 97, 98
2026/08/05 02:23:01.149, 0, NVIDIA GeForce RTX 3080, 6135, 3917, 10240, 97, 98
2026/08/05 02:23:01.259, 0, NVIDIA GeForce RTX 3080, 6135, 3917, 10240, 97, 98
2026/08/05 02:23:01.367, 0, NVIDIA GeForce RTX 3080, 6135, 3917, 10240, 97, 98
2026/08/05 02:23:01.476, 0, NVIDIA GeForce RTX 3080, 6135, 3917, 10240, 97, 98
2026/08/05 02:23:01.585, 0, NVIDIA GeForce RTX 3080, 6135, 3917, 10240, 97, 98
2026/08/05 02:23:01.694, 0, NVIDIA GeForce RTX 3080, 6135, 3917, 10240, 97, 98
2026/08/05 02:23:01.804, 0, NVIDIA GeForce RTX 3080, 6135, 3917, 10240, 97, 98
2026/08/05 02:23:01.914, 0, NVIDIA GeForce RTX 3080, 6135, 3917, 10240, 97, 98
2026/08/05 02:23:02.021, 0, NVIDIA GeForce RTX 3080, 6135, 3917, 10240, 97, 98
2026/08/05 02:23:02.131, 0, NVIDIA GeForce RTX 3080, 6135, 3917, 10240, 97, 98
2026/08/05 02:23:02.241, 0, NVIDIA GeForce RTX 3080, 6135, 3917, 10240, 97, 98
2026/08/05 02:23:02.349, 0, NVIDIA GeForce RTX 3080, 6135, 3917, 10240, 97, 98
2026/08/05 02:23:02.459, 0, NVIDIA GeForce RTX 3080, 6135, 3917, 10240, 96, 98
2026/08/05 02:23:02.567, 0, NVIDIA GeForce RTX 3080, 6135, 3917, 10240, 96, 98
2026/08/05 02:23:02.676, 0, NVIDIA GeForce RTX 3080, 6135, 3917, 10240, 96, 98
2026/08/05 02:23:02.786, 0, NVIDIA GeForce RTX 3080, 6135, 3917, 10240, 96, 98
2026/08/05 02:23:02.895, 0, NVIDIA GeForce RTX 3080, 6135, 3917, 10240, 96, 98
2026/08/05 02:23:03.004, 0, NVIDIA GeForce RTX 3080, 6135, 3917, 10240, 96, 98
2026/08/05 02:23:03.114, 0, NVIDIA GeForce RTX 3080, 6135, 3917, 10240, 96, 98
2026/08/05 02:23:03.221, 0, NVIDIA GeForce RTX 3080, 6135, 3917, 10240, 96, 98
2026/08/05 02:23:03.331, 0, NVIDIA GeForce RTX 3080, 6135, 3917, 10240, 96, 98
2026/08/05 02:23:03.441, 0, NVIDIA GeForce RTX 3080, 6135, 3917, 10240, 96, 98
2026/08/05 02:23:03.550, 0, NVIDIA GeForce RTX 3080, 6135, 3917, 10240, 96, 98
2026/08/05 02:23:03.659, 0, NVIDIA GeForce RTX 3080, 6135, 3917, 10240, 96, 98
2026/08/05 02:23:03.768, 0, NVIDIA GeForce RTX 3080, 6135, 3917, 10240, 96, 98
2026/08/05 02:23:03.878, 0, NVIDIA GeForce RTX 3080, 6135, 3917, 10240, 96, 98
2026/08/05 02:23:03.987, 0, NVIDIA GeForce RTX 3080, 6135, 3917, 10240, 95, 98
2026/08/05 02:23:04.096, 0, NVIDIA GeForce RTX 3080, 6135, 3917, 10240, 95, 98
2026/08/05 02:23:04.205, 0, NVIDIA GeForce RTX 3080, 6135, 3917, 10240, 95, 98
2026/08/05 02:23:04.314, 0, NVIDIA GeForce RTX 3080, 6135, 3917, 10240, 95, 98
2026/08/05 02:23:04.423, 0, NVIDIA GeForce RTX 3080, 6135, 3917, 10240, 95, 98
2026/08/05 02:23:04.532, 0, NVIDIA GeForce RTX 3080, 6135, 3917, 10240, 97, 98
2026/08/05 02:23:04.641, 0, NVIDIA GeForce RTX 3080, 6135, 3917, 10240, 97, 98
2026/08/05 02:23:04.750, 0, NVIDIA GeForce RTX 3080, 6135, 3917, 10240, 97, 98
2026/08/05 02:23:04.860, 0, NVIDIA GeForce RTX 3080, 6135, 3917, 10240, 97, 98
2026/08/05 02:23:04.968, 0, NVIDIA GeForce RTX 3080, 6135, 3917, 10240, 97, 98
2026/08/05 02:23:05.076, 0, NVIDIA GeForce RTX 3080, 6135, 3917, 10240, 97, 98
2026/08/05 02:23:05.185, 0, NVIDIA GeForce RTX 3080, 6135, 3917, 10240, 97, 98
2026/08/05 02:23:05.294, 0, NVIDIA GeForce RTX 3080, 6135, 3917, 10240, 97, 98
2026/08/05 02:23:05.404, 0, NVIDIA GeForce RTX 3080, 6135, 3917, 10240, 97, 98
2026/08/05 02:23:05.514, 0, NVIDIA GeForce RTX 3080, 6135, 3917, 10240, 97, 98
2026/08/05 02:23:05.622, 0, NVIDIA GeForce RTX 3080, 6135, 3917, 10240, 97, 98
2026/08/05 02:23:05.732, 0, NVIDIA GeForce RTX 3080, 6135, 3917, 10240, 97, 98
2026/08/05 02:23:05.839, 0, NVIDIA GeForce RTX 3080, 6135, 3917, 10240, 97, 98
2026/08/05 02:23:05.948, 0, NVIDIA GeForce RTX 3080, 6135, 3917, 10240, 97, 98
2026/08/05 02:23:06.058, 0, NVIDIA GeForce RTX 3080, 6135, 3917, 10240, 97, 98
2026/08/05 02:23:06.167, 0, NVIDIA GeForce RTX 3080, 6135, 3917, 10240, 97, 98
2026/08/05 02:23:06.276, 0, NVIDIA GeForce RTX 3080, 6135, 3917, 10240, 97, 98
2026/08/05 02:23:06.386, 0, NVIDIA GeForce RTX 3080, 6135, 3917, 10240, 97, 98
2026/08/05 02:23:06.495, 0, NVIDIA GeForce RTX 3080, 6135, 3917, 10240, 96, 98
2026/08/05 02:23:06.605, 0, NVIDIA GeForce RTX 3080, 6135, 3917, 10240, 96, 98
2026/08/05 02:23:06.714, 0, NVIDIA GeForce RTX 3080, 6135, 3917, 10240, 96, 98
2026/08/05 02:23:06.823, 0, NVIDIA GeForce RTX 3080, 6135, 3917, 10240, 96, 98
2026/08/05 02:23:06.932, 0, NVIDIA GeForce RTX 3080, 6135, 3917, 10240, 96, 98
2026/08/05 02:23:07.042, 0, NVIDIA GeForce RTX 3080, 6135, 3917, 10240, 95, 98
2026/08/05 02:23:07.150, 0, NVIDIA GeForce RTX 3080, 6135, 3917, 10240, 95, 98
2026/08/05 02:23:07.260, 0, NVIDIA GeForce RTX 3080, 6135, 3917, 10240, 95, 98
2026/08/05 02:23:07.370, 0, NVIDIA GeForce RTX 3080, 6135, 3917, 10240, 95, 98
2026/08/05 02:23:07.478, 0, NVIDIA GeForce RTX 3080, 6135, 3917, 10240, 95, 98
2026/08/05 02:23:07.588, 0, NVIDIA GeForce RTX 3080, 6135, 3917, 10240, 95, 98
2026/08/05 02:23:07.697, 0, NVIDIA GeForce RTX 3080, 6135, 3917, 10240, 95, 98
2026/08/05 02:23:07.806, 0, NVIDIA GeForce RTX 3080, 6135, 3917, 10240, 95, 98
2026/08/05 02:23:07.916, 0, NVIDIA GeForce RTX 3080, 6135, 3917, 10240, 95, 98
2026/08/05 02:23:08.025, 0, NVIDIA GeForce RTX 3080, 6135, 3917, 10240, 95, 98
2026/08/05 02:23:08.134, 0, NVIDIA GeForce RTX 3080, 6135, 3917, 10240, 95, 98
2026/08/05 02:23:08.243, 0, NVIDIA GeForce RTX 3080, 6135, 3917, 10240, 95, 98
2026/08/05 02:23:08.352, 0, NVIDIA GeForce RTX 3080, 6135, 3917, 10240, 95, 98
2026/08/05 02:23:08.462, 0, NVIDIA GeForce RTX 3080, 6135, 3917, 10240, 93, 97
2026/08/05 02:23:08.571, 0, NVIDIA GeForce RTX 3080, 6135, 3917, 10240, 93, 97
2026/08/05 02:23:08.680, 0, NVIDIA GeForce RTX 3080, 6135, 3917, 10240, 93, 97
2026/08/05 02:23:08.790, 0, NVIDIA GeForce RTX 3080, 6135, 3917, 10240, 93, 97
2026/08/05 02:23:08.899, 0, NVIDIA GeForce RTX 3080, 6135, 3917, 10240, 93, 97
2026/08/05 02:23:09.007, 0, NVIDIA GeForce RTX 3080, 6135, 3917, 10240, 97, 98
2026/08/05 02:23:09.116, 0, NVIDIA GeForce RTX 3080, 6135, 3917, 10240, 97, 98
2026/08/05 02:23:09.225, 0, NVIDIA GeForce RTX 3080, 6135, 3917, 10240, 97, 98
2026/08/05 02:23:09.335, 0, NVIDIA GeForce RTX 3080, 6135, 3917, 10240, 97, 98
2026/08/05 02:23:09.444, 0, NVIDIA GeForce RTX 3080, 6135, 3917, 10240, 97, 98
2026/08/05 02:23:09.553, 0, NVIDIA GeForce RTX 3080, 6135, 3917, 10240, 97, 98
2026/08/05 02:23:09.663, 0, NVIDIA GeForce RTX 3080, 6135, 3917, 10240, 97, 98
2026/08/05 02:23:09.772, 0, NVIDIA GeForce RTX 3080, 6135, 3917, 10240, 97, 98
2026/08/05 02:23:09.880, 0, NVIDIA GeForce RTX 3080, 6135, 3917, 10240, 97, 98
2026/08/05 02:23:09.990, 0, NVIDIA GeForce RTX 3080, 6135, 3917, 10240, 97, 98
2026/08/05 02:23:10.100, 0, NVIDIA GeForce RTX 3080, 6135, 3917, 10240, 97, 98
2026/08/05 02:23:10.207, 0, NVIDIA GeForce RTX 3080, 6135, 3917, 10240, 97, 98
2026/08/05 02:23:10.317, 0, NVIDIA GeForce RTX 3080, 6135, 3917, 10240, 97, 98
2026/08/05 02:23:10.426, 0, NVIDIA GeForce RTX 3080, 6135, 3917, 10240, 97, 98
2026/08/05 02:23:10.535, 0, NVIDIA GeForce RTX 3080, 6135, 3917, 10240, 98, 98
2026/08/05 02:23:10.645, 0, NVIDIA GeForce RTX 3080, 6135, 3917, 10240, 98, 98
2026/08/05 02:23:10.753, 0, NVIDIA GeForce RTX 3080, 6135, 3917, 10240, 98, 98
2026/08/05 02:23:10.862, 0, NVIDIA GeForce RTX 3080, 6135, 3917, 10240, 98, 98
2026/08/05 02:23:10.972, 0, NVIDIA GeForce RTX 3080, 6135, 3917, 10240, 98, 98
2026/08/05 02:23:11.081, 0, NVIDIA GeForce RTX 3080, 6135, 3917, 10240, 98, 98
2026/08/05 02:23:11.190, 0, NVIDIA GeForce RTX 3080, 6135, 3917, 10240, 98, 98
2026/08/05 02:23:11.299, 0, NVIDIA GeForce RTX 3080, 6135, 3917, 10240, 98, 98
2026/08/05 02:23:11.407, 0, NVIDIA GeForce RTX 3080, 6135, 3917, 10240, 98, 98
2026/08/05 02:23:11.516, 0, NVIDIA GeForce RTX 3080, 6135, 3917, 10240, 98, 98
2026/08/05 02:23:11.625, 0, NVIDIA GeForce RTX 3080, 6135, 3917, 10240, 98, 98
2026/08/05 02:23:11.735, 0, NVIDIA GeForce RTX 3080, 6135, 3917, 10240, 98, 98
2026/08/05 02:23:11.844, 0, NVIDIA GeForce RTX 3080, 6135, 3917, 10240, 98, 98
2026/08/05 02:23:11.953, 0, NVIDIA GeForce RTX 3080, 6135, 3917, 10240, 98, 98
2026/08/05 02:23:12.062, 0, NVIDIA GeForce RTX 3080, 6135, 3917, 10240, 98, 98
2026/08/05 02:23:12.172, 0, NVIDIA GeForce RTX 3080, 6135, 3917, 10240, 98, 98
2026/08/05 02:23:12.281, 0, NVIDIA GeForce RTX 3080, 6135, 3917, 10240, 98, 98
2026/08/05 02:23:12.390, 0, NVIDIA GeForce RTX 3080, 6135, 3917, 10240, 98, 98
2026/08/05 02:23:12.500, 0, NVIDIA GeForce RTX 3080, 6135, 3917, 10240, 95, 98
2026/08/05 02:23:12.609, 0, NVIDIA GeForce RTX 3080, 6135, 3917, 10240, 95, 98
2026/08/05 02:23:12.718, 0, NVIDIA GeForce RTX 3080, 6135, 3917, 10240, 95, 98
2026/08/05 02:23:12.827, 0, NVIDIA GeForce RTX 3080, 6135, 3917, 10240, 95, 98
2026/08/05 02:23:12.936, 0, NVIDIA GeForce RTX 3080, 6135, 3917, 10240, 95, 98
2026/08/05 02:23:13.046, 0, NVIDIA GeForce RTX 3080, 6135, 3917, 10240, 95, 98
2026/08/05 02:23:13.154, 0, NVIDIA GeForce RTX 3080, 6135, 3917, 10240, 95, 98
2026/08/05 02:23:13.264, 0, NVIDIA GeForce RTX 3080, 6135, 3917, 10240, 95, 98
2026/08/05 02:23:13.374, 0, NVIDIA GeForce RTX 3080, 6135, 3917, 10240, 95, 98
2026/08/05 02:23:13.482, 0, NVIDIA GeForce RTX 3080, 6135, 3917, 10240, 95, 98
2026/08/05 02:23:13.592, 0, NVIDIA GeForce RTX 3080, 6135, 3917, 10240, 95, 98
2026/08/05 02:23:13.701, 0, NVIDIA GeForce RTX 3080, 6135, 3917, 10240, 95, 98
2026/08/05 02:23:13.808, 0, NVIDIA GeForce RTX 3080, 6135, 3917, 10240, 95, 98
2026/08/05 02:23:13.918, 0, NVIDIA GeForce RTX 3080, 6135, 3917, 10240, 95, 98
2026/08/05 02:23:14.027, 0, NVIDIA GeForce RTX 3080, 6135, 3917, 10240, 95, 98
2026/08/05 02:23:14.137, 0, NVIDIA GeForce RTX 3080, 6135, 3917, 10240, 95, 98
2026/08/05 02:23:14.238, 0, NVIDIA GeForce RTX 3080, 6135, 3917, 10240, 95, 98
2026/08/05 02:23:14.348, 0, NVIDIA GeForce RTX 3080, 6135, 3917, 10240, 95, 98
2026/08/05 02:23:14.457, 0, NVIDIA GeForce RTX 3080, 6135, 3917, 10240, 97, 98
2026/08/05 02:23:14.566, 0, NVIDIA GeForce RTX 3080, 6135, 3917, 10240, 97, 98
2026/08/05 02:23:14.675, 0, NVIDIA GeForce RTX 3080, 6135, 3917, 10240, 97, 98
2026/08/05 02:23:14.784, 0, NVIDIA GeForce RTX 3080, 6135, 3917, 10240, 97, 98
2026/08/05 02:23:14.893, 0, NVIDIA GeForce RTX 3080, 6135, 3917, 10240, 97, 98
2026/08/05 02:23:15.002, 0, NVIDIA GeForce RTX 3080, 6135, 3917, 10240, 97, 98
2026/08/05 02:23:15.112, 0, NVIDIA GeForce RTX 3080, 6135, 3917, 10240, 97, 98
2026/08/05 02:23:15.220, 0, NVIDIA GeForce RTX 3080, 6135, 3917, 10240, 97, 98
2026/08/05 02:23:15.329, 0, NVIDIA GeForce RTX 3080, 6135, 3917, 10240, 97, 98
2026/08/05 02:23:15.438, 0, NVIDIA GeForce RTX 3080, 6135, 3917, 10240, 97, 98
2026/08/05 02:23:15.547, 0, NVIDIA GeForce RTX 3080, 6135, 3917, 10240, 97, 98
2026/08/05 02:23:15.656, 0, NVIDIA GeForce RTX 3080, 6135, 3917, 10240, 97, 98
2026/08/05 02:23:15.765, 0, NVIDIA GeForce RTX 3080, 6135, 3917, 10240, 97, 98
2026/08/05 02:23:15.875, 0, NVIDIA GeForce RTX 3080, 6135, 3917, 10240, 97, 98
2026/08/05 02:23:15.984, 0, NVIDIA GeForce RTX 3080, 6135, 3917, 10240, 97, 98
2026/08/05 02:23:16.093, 0, NVIDIA GeForce RTX 3080, 6135, 3917, 10240, 97, 98
2026/08/05 02:23:16.203, 0, NVIDIA GeForce RTX 3080, 6135, 3917, 10240, 97, 98
2026/08/05 02:23:16.311, 0, NVIDIA GeForce RTX 3080, 6135, 3917, 10240, 97, 98
2026/08/05 02:23:16.420, 0, NVIDIA GeForce RTX 3080, 6135, 3917, 10240, 97, 98
2026/08/05 02:23:16.530, 0, NVIDIA GeForce RTX 3080, 6135, 3917, 10240, 95, 98
2026/08/05 02:23:16.639, 0, NVIDIA GeForce RTX 3080, 6135, 3917, 10240, 95, 98
2026/08/05 02:23:16.748, 0, NVIDIA GeForce RTX 3080, 6135, 3917, 10240, 95, 98
2026/08/05 02:23:16.858, 0, NVIDIA GeForce RTX 3080, 6135, 3917, 10240, 95, 98
2026/08/05 02:23:16.966, 0, NVIDIA GeForce RTX 3080, 6135, 3917, 10240, 96, 98
2026/08/05 02:23:17.076, 0, NVIDIA GeForce RTX 3080, 6135, 3917, 10240, 96, 98
2026/08/05 02:23:17.186, 0, NVIDIA GeForce RTX 3080, 6135, 3917, 10240, 96, 98
2026/08/05 02:23:17.295, 0, NVIDIA GeForce RTX 3080, 6135, 3917, 10240, 96, 98
2026/08/05 02:23:17.403, 0, NVIDIA GeForce RTX 3080, 6135, 3917, 10240, 96, 98
2026/08/05 02:23:17.513, 0, NVIDIA GeForce RTX 3080, 6135, 3917, 10240, 95, 98
2026/08/05 02:23:17.621, 0, NVIDIA GeForce RTX 3080, 6135, 3917, 10240, 95, 98
2026/08/05 02:23:17.731, 0, NVIDIA GeForce RTX 3080, 6135, 3917, 10240, 95, 98
2026/08/05 02:23:17.841, 0, NVIDIA GeForce RTX 3080, 6135, 3917, 10240, 95, 98
2026/08/05 02:23:17.949, 0, NVIDIA GeForce RTX 3080, 6135, 3917, 10240, 96, 98
2026/08/05 02:23:18.059, 0, NVIDIA GeForce RTX 3080, 6135, 3917, 10240, 96, 98
2026/08/05 02:23:18.168, 0, NVIDIA GeForce RTX 3080, 6135, 3917, 10240, 96, 98
2026/08/05 02:23:18.277, 0, NVIDIA GeForce RTX 3080, 6135, 3917, 10240, 96, 98
2026/08/05 02:23:18.387, 0, NVIDIA GeForce RTX 3080, 6135, 3917, 10240, 96, 98
2026/08/05 02:23:18.496, 0, NVIDIA GeForce RTX 3080, 6135, 3917, 10240, 97, 98
2026/08/05 02:23:18.605, 0, NVIDIA GeForce RTX 3080, 6135, 3917, 10240, 97, 98
2026/08/05 02:23:18.714, 0, NVIDIA GeForce RTX 3080, 6135, 3917, 10240, 97, 98
2026/08/05 02:23:18.823, 0, NVIDIA GeForce RTX 3080, 6135, 3917, 10240, 97, 98
2026/08/05 02:23:18.933, 0, NVIDIA GeForce RTX 3080, 6135, 3917, 10240, 97, 98
2026/08/05 02:23:19.042, 0, NVIDIA GeForce RTX 3080, 6135, 3917, 10240, 97, 98
2026/08/05 02:23:19.151, 0, NVIDIA GeForce RTX 3080, 6135, 3917, 10240, 97, 98
2026/08/05 02:23:19.261, 0, NVIDIA GeForce RTX 3080, 6135, 3917, 10240, 97, 98
2026/08/05 02:23:19.369, 0, NVIDIA GeForce RTX 3080, 6135, 3917, 10240, 97, 98
2026/08/05 02:23:19.478, 0, NVIDIA GeForce RTX 3080, 6135, 3917, 10240, 97, 98
2026/08/05 02:23:19.588, 0, NVIDIA GeForce RTX 3080, 6135, 3917, 10240, 97, 98
2026/08/05 02:23:19.696, 0, NVIDIA GeForce RTX 3080, 6135, 3917, 10240, 97, 98
2026/08/05 02:23:19.806, 0, NVIDIA GeForce RTX 3080, 6135, 3917, 10240, 97, 98
2026/08/05 02:23:19.916, 0, NVIDIA GeForce RTX 3080, 6135, 3917, 10240, 97, 98
2026/08/05 02:23:20.024, 0, NVIDIA GeForce RTX 3080, 6135, 3917, 10240, 97, 98
2026/08/05 02:23:20.133, 0, NVIDIA GeForce RTX 3080, 6135, 3917, 10240, 97, 98
2026/08/05 02:23:20.243, 0, NVIDIA GeForce RTX 3080, 6135, 3917, 10240, 97, 98
2026/08/05 02:23:20.352, 0, NVIDIA GeForce RTX 3080, 6135, 3917, 10240, 97, 98
2026/08/05 02:23:20.461, 0, NVIDIA GeForce RTX 3080, 6135, 3917, 10240, 95, 98
2026/08/05 02:23:20.570, 0, NVIDIA GeForce RTX 3080, 6135, 3917, 10240, 95, 98
2026/08/05 02:23:20.679, 0, NVIDIA GeForce RTX 3080, 6135, 3917, 10240, 95, 98
2026/08/05 02:23:20.788, 0, NVIDIA GeForce RTX 3080, 6135, 3917, 10240, 95, 98
2026/08/05 02:23:20.897, 0, NVIDIA GeForce RTX 3080, 6135, 3917, 10240, 95, 98
2026/08/05 02:23:21.006, 0, NVIDIA GeForce RTX 3080, 6135, 3917, 10240, 95, 98
2026/08/05 02:23:21.115, 0, NVIDIA GeForce RTX 3080, 6135, 3917, 10240, 95, 98
2026/08/05 02:23:21.224, 0, NVIDIA GeForce RTX 3080, 6135, 3917, 10240, 95, 98
2026/08/05 02:23:21.334, 0, NVIDIA GeForce RTX 3080, 6135, 3917, 10240, 95, 98
2026/08/05 02:23:21.443, 0, NVIDIA GeForce RTX 3080, 6135, 3917, 10240, 95, 98
2026/08/05 02:23:21.551, 0, NVIDIA GeForce RTX 3080, 6135, 3917, 10240, 95, 98
2026/08/05 02:23:21.661, 0, NVIDIA GeForce RTX 3080, 6135, 3917, 10240, 95, 98
2026/08/05 02:23:21.770, 0, NVIDIA GeForce RTX 3080, 6135, 3917, 10240, 95, 98
2026/08/05 02:23:21.878, 0, NVIDIA GeForce RTX 3080, 6135, 3917, 10240, 95, 98
2026/08/05 02:23:21.988, 0, NVIDIA GeForce RTX 3080, 6135, 3917, 10240, 95, 98
2026/08/05 02:23:22.097, 0, NVIDIA GeForce RTX 3080, 6135, 3917, 10240, 95, 98
2026/08/05 02:23:22.206, 0, NVIDIA GeForce RTX 3080, 6135, 3917, 10240, 95, 98
2026/08/05 02:23:22.316, 0, NVIDIA GeForce RTX 3080, 6135, 3917, 10240, 95, 98
2026/08/05 02:23:22.425, 0, NVIDIA GeForce RTX 3080, 6135, 3917, 10240, 95, 98
2026/08/05 02:23:22.533, 0, NVIDIA GeForce RTX 3080, 6135, 3917, 10240, 93, 95
2026/08/05 02:23:22.643, 0, NVIDIA GeForce RTX 3080, 6135, 3917, 10240, 93, 95
2026/08/05 02:23:22.752, 0, NVIDIA GeForce RTX 3080, 6135, 3917, 10240, 93, 95
2026/08/05 02:23:22.861, 0, NVIDIA GeForce RTX 3080, 6135, 3917, 10240, 93, 95
2026/08/05 02:23:22.971, 0, NVIDIA GeForce RTX 3080, 6135, 3917, 10240, 97, 98
2026/08/05 02:23:23.079, 0, NVIDIA GeForce RTX 3080, 6135, 3917, 10240, 97, 98
2026/08/05 02:23:23.189, 0, NVIDIA GeForce RTX 3080, 6135, 3917, 10240, 97, 98
2026/08/05 02:23:23.298, 0, NVIDIA GeForce RTX 3080, 6135, 3917, 10240, 97, 98
2026/08/05 02:23:23.407, 0, NVIDIA GeForce RTX 3080, 6135, 3917, 10240, 97, 98
2026/08/05 02:23:23.517, 0, NVIDIA GeForce RTX 3080, 6135, 3917, 10240, 97, 98
2026/08/05 02:23:23.625, 0, NVIDIA GeForce RTX 3080, 6135, 3917, 10240, 97, 98
2026/08/05 02:23:23.735, 0, NVIDIA GeForce RTX 3080, 6135, 3917, 10240, 97, 98
2026/08/05 02:23:23.845, 0, NVIDIA GeForce RTX 3080, 6135, 3917, 10240, 97, 98
2026/08/05 02:23:23.952, 0, NVIDIA GeForce RTX 3080, 6135, 3917, 10240, 97, 98
2026/08/05 02:23:24.062, 0, NVIDIA GeForce RTX 3080, 6135, 3917, 10240, 97, 98
2026/08/05 02:23:24.172, 0, NVIDIA GeForce RTX 3080, 6135, 3917, 10240, 97, 98
2026/08/05 02:23:24.281, 0, NVIDIA GeForce RTX 3080, 6135, 3917, 10240, 97, 98
2026/08/05 02:23:24.390, 0, NVIDIA GeForce RTX 3080, 6135, 3917, 10240, 97, 98
2026/08/05 02:23:24.500, 0, NVIDIA GeForce RTX 3080, 6135, 3917, 10240, 98, 98
2026/08/05 02:23:24.609, 0, NVIDIA GeForce RTX 3080, 6135, 3917, 10240, 98, 98
2026/08/05 02:23:24.718, 0, NVIDIA GeForce RTX 3080, 6135, 3917, 10240, 98, 98
2026/08/05 02:23:24.827, 0, NVIDIA GeForce RTX 3080, 6135, 3917, 10240, 98, 98
2026/08/05 02:23:24.936, 0, NVIDIA GeForce RTX 3080, 6135, 3917, 10240, 98, 98
2026/08/05 02:23:25.046, 0, NVIDIA GeForce RTX 3080, 6135, 3917, 10240, 98, 98
2026/08/05 02:23:25.155, 0, NVIDIA GeForce RTX 3080, 6135, 3917, 10240, 98, 98
2026/08/05 02:23:25.263, 0, NVIDIA GeForce RTX 3080, 6135, 3917, 10240, 98, 98
2026/08/05 02:23:25.373, 0, NVIDIA GeForce RTX 3080, 6135, 3917, 10240, 98, 98
2026/08/05 02:23:25.482, 0, NVIDIA GeForce RTX 3080, 6135, 3917, 10240, 98, 98
2026/08/05 02:23:25.591, 0, NVIDIA GeForce RTX 3080, 6135, 3917, 10240, 98, 98
2026/08/05 02:23:25.701, 0, NVIDIA GeForce RTX 3080, 6135, 3917, 10240, 98, 98
2026/08/05 02:23:25.810, 0, NVIDIA GeForce RTX 3080, 6135, 3917, 10240, 98, 98
2026/08/05 02:23:25.918, 0, NVIDIA GeForce RTX 3080, 6135, 3917, 10240, 98, 98
2026/08/05 02:23:26.027, 0, NVIDIA GeForce RTX 3080, 6135, 3917, 10240, 98, 98
2026/08/05 02:23:26.136, 0, NVIDIA GeForce RTX 3080, 6135, 3917, 10240, 98, 98
2026/08/05 02:23:26.245, 0, NVIDIA GeForce RTX 3080, 6135, 3917, 10240, 98, 98
2026/08/05 02:23:26.354, 0, NVIDIA GeForce RTX 3080, 6135, 3917, 10240, 98, 98
2026/08/05 02:23:26.464, 0, NVIDIA GeForce RTX 3080, 6135, 3917, 10240, 95, 98
2026/08/05 02:23:26.573, 0, NVIDIA GeForce RTX 3080, 6135, 3917, 10240, 95, 98
2026/08/05 02:23:26.682, 0, NVIDIA GeForce RTX 3080, 6135, 3917, 10240, 95, 98
2026/08/05 02:23:26.792, 0, NVIDIA GeForce RTX 3080, 6135, 3917, 10240, 95, 98
2026/08/05 02:23:26.901, 0, NVIDIA GeForce RTX 3080, 6135, 3917, 10240, 95, 98
2026/08/05 02:23:27.009, 0, NVIDIA GeForce RTX 3080, 6135, 3917, 10240, 96, 98
2026/08/05 02:23:27.119, 0, NVIDIA GeForce RTX 3080, 6135, 3917, 10240, 96, 98
2026/08/05 02:23:27.227, 0, NVIDIA GeForce RTX 3080, 6135, 3917, 10240, 96, 98
2026/08/05 02:23:27.337, 0, NVIDIA GeForce RTX 3080, 6135, 3917, 10240, 96, 98
2026/08/05 02:23:27.447, 0, NVIDIA GeForce RTX 3080, 6135, 3917, 10240, 96, 98
2026/08/05 02:23:27.555, 0, NVIDIA GeForce RTX 3080, 6135, 3917, 10240, 96, 98
2026/08/05 02:23:27.665, 0, NVIDIA GeForce RTX 3080, 6135, 3917, 10240, 96, 98
2026/08/05 02:23:27.774, 0, NVIDIA GeForce RTX 3080, 6135, 3917, 10240, 96, 98
2026/08/05 02:23:27.882, 0, NVIDIA GeForce RTX 3080, 6135, 3917, 10240, 96, 98
2026/08/05 02:23:27.992, 0, NVIDIA GeForce RTX 3080, 6135, 3917, 10240, 95, 98
2026/08/05 02:23:28.102, 0, NVIDIA GeForce RTX 3080, 6135, 3917, 10240, 95, 98
2026/08/05 02:23:28.211, 0, NVIDIA GeForce RTX 3080, 6135, 3917, 10240, 95, 98
2026/08/05 02:23:28.320, 0, NVIDIA GeForce RTX 3080, 6135, 3917, 10240, 95, 98
2026/08/05 02:23:28.428, 0, NVIDIA GeForce RTX 3080, 6135, 3917, 10240, 95, 98
2026/08/05 02:23:28.537, 0, NVIDIA GeForce RTX 3080, 6135, 3917, 10240, 97, 98
2026/08/05 02:23:28.647, 0, NVIDIA GeForce RTX 3080, 6135, 3917, 10240, 97, 98
2026/08/05 02:23:28.755, 0, NVIDIA GeForce RTX 3080, 6135, 3917, 10240, 97, 98
2026/08/05 02:23:28.865, 0, NVIDIA GeForce RTX 3080, 6135, 3917, 10240, 97, 98
2026/08/05 02:23:28.975, 0, NVIDIA GeForce RTX 3080, 6135, 3917, 10240, 97, 98
2026/08/05 02:23:29.084, 0, NVIDIA GeForce RTX 3080, 6135, 3917, 10240, 97, 98
2026/08/05 02:23:29.193, 0, NVIDIA GeForce RTX 3080, 6135, 3917, 10240, 97, 98
2026/08/05 02:23:29.302, 0, NVIDIA GeForce RTX 3080, 6135, 3917, 10240, 97, 98
2026/08/05 02:23:29.411, 0, NVIDIA GeForce RTX 3080, 6135, 3917, 10240, 97, 98
2026/08/05 02:23:29.520, 0, NVIDIA GeForce RTX 3080, 6135, 3917, 10240, 97, 98
2026/08/05 02:23:29.630, 0, NVIDIA GeForce RTX 3080, 6135, 3917, 10240, 97, 98
2026/08/05 02:23:29.739, 0, NVIDIA GeForce RTX 3080, 6135, 3917, 10240, 97, 98
2026/08/05 02:23:29.849, 0, NVIDIA GeForce RTX 3080, 6135, 3917, 10240, 97, 98
2026/08/05 02:23:29.957, 0, NVIDIA GeForce RTX 3080, 6135, 3917, 10240, 97, 98
2026/08/05 02:23:30.066, 0, NVIDIA GeForce RTX 3080, 6135, 3917, 10240, 97, 98
2026/08/05 02:23:30.175, 0, NVIDIA GeForce RTX 3080, 6135, 3917, 10240, 97, 98
2026/08/05 02:23:30.284, 0, NVIDIA GeForce RTX 3080, 6135, 3917, 10240, 97, 98
2026/08/05 02:23:30.394, 0, NVIDIA GeForce RTX 3080, 6135, 3917, 10240, 97, 98
2026/08/05 02:23:30.504, 0, NVIDIA GeForce RTX 3080, 6135, 3917, 10240, 96, 98
2026/08/05 02:23:30.612, 0, NVIDIA GeForce RTX 3080, 6135, 3917, 10240, 96, 98
2026/08/05 02:23:30.722, 0, NVIDIA GeForce RTX 3080, 6135, 3917, 10240, 96, 98
2026/08/05 02:23:30.831, 0, NVIDIA GeForce RTX 3080, 6135, 3917, 10240, 96, 98
2026/08/05 02:23:30.939, 0, NVIDIA GeForce RTX 3080, 6135, 3917, 10240, 96, 98
2026/08/05 02:23:31.049, 0, NVIDIA GeForce RTX 3080, 6135, 3917, 10240, 96, 98
2026/08/05 02:23:31.158, 0, NVIDIA GeForce RTX 3080, 6135, 3917, 10240, 96, 98
2026/08/05 02:23:31.268, 0, NVIDIA GeForce RTX 3080, 6135, 3917, 10240, 96, 98
2026/08/05 02:23:31.377, 0, NVIDIA GeForce RTX 3080, 6135, 3917, 10240, 96, 98
2026/08/05 02:23:31.486, 0, NVIDIA GeForce RTX 3080, 6135, 3917, 10240, 96, 98
2026/08/05 02:23:31.595, 0, NVIDIA GeForce RTX 3080, 6135, 3917, 10240, 96, 98
2026/08/05 02:23:31.703, 0, NVIDIA GeForce RTX 3080, 6135, 3917, 10240, 96, 98
2026/08/05 02:23:31.812, 0, NVIDIA GeForce RTX 3080, 6135, 3917, 10240, 96, 98
2026/08/05 02:23:31.921, 0, NVIDIA GeForce RTX 3080, 6135, 3917, 10240, 96, 98
2026/08/05 02:23:32.031, 0, NVIDIA GeForce RTX 3080, 6135, 3917, 10240, 96, 98
2026/08/05 02:23:32.140, 0, NVIDIA GeForce RTX 3080, 6135, 3917, 10240, 96, 98
2026/08/05 02:23:32.250, 0, NVIDIA GeForce RTX 3080, 6135, 3917, 10240, 96, 98
2026/08/05 02:23:32.360, 0, NVIDIA GeForce RTX 3080, 6135, 3917, 10240, 96, 98
2026/08/05 02:23:32.467, 0, NVIDIA GeForce RTX 3080, 6135, 3917, 10240, 97, 98
2026/08/05 02:23:32.577, 0, NVIDIA GeForce RTX 3080, 6135, 3917, 10240, 97, 98
2026/08/05 02:23:32.686, 0, NVIDIA GeForce RTX 3080, 6135, 3917, 10240, 97, 98
2026/08/05 02:23:32.795, 0, NVIDIA GeForce RTX 3080, 6135, 3917, 10240, 97, 98
2026/08/05 02:23:32.904, 0, NVIDIA GeForce RTX 3080, 6135, 3917, 10240, 97, 98
2026/08/05 02:23:33.013, 0, NVIDIA GeForce RTX 3080, 6135, 3917, 10240, 97, 98
2026/08/05 02:23:33.123, 0, NVIDIA GeForce RTX 3080, 6135, 3917, 10240, 97, 98
2026/08/05 02:23:33.232, 0, NVIDIA GeForce RTX 3080, 6135, 3917, 10240, 97, 98
2026/08/05 02:23:33.340, 0, NVIDIA GeForce RTX 3080, 6135, 3917, 10240, 97, 98
2026/08/05 02:23:33.450, 0, NVIDIA GeForce RTX 3080, 6135, 3917, 10240, 97, 98
2026/08/05 02:23:33.559, 0, NVIDIA GeForce RTX 3080, 6135, 3917, 10240, 97, 98
2026/08/05 02:23:33.668, 0, NVIDIA GeForce RTX 3080, 6135, 3917, 10240, 97, 98
2026/08/05 02:23:33.777, 0, NVIDIA GeForce RTX 3080, 6135, 3917, 10240, 97, 98
2026/08/05 02:23:33.886, 0, NVIDIA GeForce RTX 3080, 6135, 3917, 10240, 97, 98
2026/08/05 02:23:33.995, 0, NVIDIA GeForce RTX 3080, 6135, 3917, 10240, 97, 98
2026/08/05 02:23:34.105, 0, NVIDIA GeForce RTX 3080, 6135, 3917, 10240, 97, 98
2026/08/05 02:23:34.213, 0, NVIDIA GeForce RTX 3080, 6135, 3917, 10240, 97, 98
2026/08/05 02:23:34.323, 0, NVIDIA GeForce RTX 3080, 6135, 3917, 10240, 97, 98
2026/08/05 02:23:34.432, 0, NVIDIA GeForce RTX 3080, 6135, 3917, 10240, 97, 98
2026/08/05 02:23:34.540, 0, NVIDIA GeForce RTX 3080, 6135, 3917, 10240, 96, 98
2026/08/05 02:23:34.650, 0, NVIDIA GeForce RTX 3080, 6135, 3917, 10240, 96, 98
2026/08/05 02:23:34.760, 0, NVIDIA GeForce RTX 3080, 6135, 3917, 10240, 96, 98
2026/08/05 02:23:34.868, 0, NVIDIA GeForce RTX 3080, 6135, 3917, 10240, 96, 98
2026/08/05 02:23:34.978, 0, NVIDIA GeForce RTX 3080, 6135, 3917, 10240, 96, 98
2026/08/05 02:23:35.087, 0, NVIDIA GeForce RTX 3080, 6135, 3917, 10240, 96, 98
2026/08/05 02:23:35.196, 0, NVIDIA GeForce RTX 3080, 6135, 3917, 10240, 96, 98
2026/08/05 02:23:35.305, 0, NVIDIA GeForce RTX 3080, 6135, 3917, 10240, 96, 98
2026/08/05 02:23:35.414, 0, NVIDIA GeForce RTX 3080, 6135, 3917, 10240, 96, 98
2026/08/05 02:23:35.523, 0, NVIDIA GeForce RTX 3080, 6135, 3917, 10240, 95, 98
2026/08/05 02:23:35.633, 0, NVIDIA GeForce RTX 3080, 6135, 3917, 10240, 95, 98
2026/08/05 02:23:35.742, 0, NVIDIA GeForce RTX 3080, 6135, 3917, 10240, 95, 98
2026/08/05 02:23:35.851, 0, NVIDIA GeForce RTX 3080, 6135, 3917, 10240, 95, 98
2026/08/05 02:23:35.961, 0, NVIDIA GeForce RTX 3080, 6135, 3917, 10240, 95, 98
2026/08/05 02:23:36.070, 0, NVIDIA GeForce RTX 3080, 6135, 3917, 10240, 95, 98
2026/08/05 02:23:36.179, 0, NVIDIA GeForce RTX 3080, 6135, 3917, 10240, 95, 98
2026/08/05 02:23:36.288, 0, NVIDIA GeForce RTX 3080, 6135, 3917, 10240, 95, 98
2026/08/05 02:23:36.397, 0, NVIDIA GeForce RTX 3080, 6135, 3917, 10240, 95, 98
2026/08/05 02:23:36.506, 0, NVIDIA GeForce RTX 3080, 6135, 3917, 10240, 97, 98
2026/08/05 02:23:36.615, 0, NVIDIA GeForce RTX 3080, 6135, 3917, 10240, 97, 98
2026/08/05 02:23:36.725, 0, NVIDIA GeForce RTX 3080, 6135, 3917, 10240, 97, 98
2026/08/05 02:23:36.835, 0, NVIDIA GeForce RTX 3080, 6135, 3917, 10240, 97, 98
2026/08/05 02:23:36.943, 0, NVIDIA GeForce RTX 3080, 6135, 3917, 10240, 97, 98
2026/08/05 02:23:37.053, 0, NVIDIA GeForce RTX 3080, 6135, 3917, 10240, 97, 98
2026/08/05 02:23:37.162, 0, NVIDIA GeForce RTX 3080, 6135, 3917, 10240, 97, 98
2026/08/05 02:23:37.271, 0, NVIDIA GeForce RTX 3080, 6135, 3917, 10240, 97, 98
2026/08/05 02:23:37.381, 0, NVIDIA GeForce RTX 3080, 6135, 3917, 10240, 97, 98
2026/08/05 02:23:37.490, 0, NVIDIA GeForce RTX 3080, 6135, 3917, 10240, 97, 98
2026/08/05 02:23:37.599, 0, NVIDIA GeForce RTX 3080, 6135, 3917, 10240, 97, 98
2026/08/05 02:23:37.709, 0, NVIDIA GeForce RTX 3080, 6135, 3917, 10240, 97, 98
2026/08/05 02:23:37.817, 0, NVIDIA GeForce RTX 3080, 6135, 3917, 10240, 97, 98
2026/08/05 02:23:37.927, 0, NVIDIA GeForce RTX 3080, 6135, 3917, 10240, 97, 98
2026/08/05 02:23:38.037, 0, NVIDIA GeForce RTX 3080, 6135, 3917, 10240, 97, 98
2026/08/05 02:23:38.146, 0, NVIDIA GeForce RTX 3080, 6135, 3917, 10240, 97, 98
2026/08/05 02:23:38.255, 0, NVIDIA GeForce RTX 3080, 6135, 3917, 10240, 97, 98
2026/08/05 02:23:38.365, 0, NVIDIA GeForce RTX 3080, 6135, 3917, 10240, 97, 98
2026/08/05 02:23:38.473, 0, NVIDIA GeForce RTX 3080, 6135, 3917, 10240, 98, 98
2026/08/05 02:23:38.583, 0, NVIDIA GeForce RTX 3080, 6135, 3917, 10240, 98, 98
2026/08/05 02:23:38.692, 0, NVIDIA GeForce RTX 3080, 6135, 3917, 10240, 98, 98
2026/08/05 02:23:38.801, 0, NVIDIA GeForce RTX 3080, 6135, 3917, 10240, 98, 98
2026/08/05 02:23:38.910, 0, NVIDIA GeForce RTX 3080, 6135, 3917, 10240, 98, 98
2026/08/05 02:23:39.020, 0, NVIDIA GeForce RTX 3080, 6135, 3917, 10240, 98, 98
2026/08/05 02:23:39.128, 0, NVIDIA GeForce RTX 3080, 6135, 3917, 10240, 98, 98
2026/08/05 02:23:39.238, 0, NVIDIA GeForce RTX 3080, 6135, 3917, 10240, 98, 98
2026/08/05 02:23:39.347, 0, NVIDIA GeForce RTX 3080, 6135, 3917, 10240, 98, 98
2026/08/05 02:23:39.455, 0, NVIDIA GeForce RTX 3080, 6135, 3917, 10240, 98, 98
2026/08/05 02:23:39.565, 0, NVIDIA GeForce RTX 3080, 6135, 3917, 10240, 98, 98
2026/08/05 02:23:39.674, 0, NVIDIA GeForce RTX 3080, 6135, 3917, 10240, 98, 98
2026/08/05 02:23:39.784, 0, NVIDIA GeForce RTX 3080, 6135, 3917, 10240, 98, 98
2026/08/05 02:23:39.892, 0, NVIDIA GeForce RTX 3080, 6135, 3917, 10240, 98, 98
2026/08/05 02:23:40.001, 0, NVIDIA GeForce RTX 3080, 6135, 3917, 10240, 98, 98
2026/08/05 02:23:40.110, 0, NVIDIA GeForce RTX 3080, 6135, 3917, 10240, 98, 98
2026/08/05 02:23:40.220, 0, NVIDIA GeForce RTX 3080, 6135, 3917, 10240, 98, 98
2026/08/05 02:23:40.328, 0, NVIDIA GeForce RTX 3080, 6135, 3917, 10240, 98, 98
2026/08/05 02:23:40.438, 0, NVIDIA GeForce RTX 3080, 6135, 3917, 10240, 98, 98
2026/08/05 02:23:40.546, 0, NVIDIA GeForce RTX 3080, 6135, 3917, 10240, 96, 98
2026/08/05 02:23:40.656, 0, NVIDIA GeForce RTX 3080, 6135, 3917, 10240, 96, 98
2026/08/05 02:23:40.766, 0, NVIDIA GeForce RTX 3080, 6135, 3917, 10240, 96, 98
2026/08/05 02:23:40.874, 0, NVIDIA GeForce RTX 3080, 6135, 3917, 10240, 96, 98
2026/08/05 02:23:40.984, 0, NVIDIA GeForce RTX 3080, 6135, 3917, 10240, 95, 98
2026/08/05 02:23:41.094, 0, NVIDIA GeForce RTX 3080, 6135, 3917, 10240, 95, 98
2026/08/05 02:23:41.202, 0, NVIDIA GeForce RTX 3080, 6135, 3917, 10240, 95, 98
2026/08/05 02:23:41.312, 0, NVIDIA GeForce RTX 3080, 6135, 3917, 10240, 95, 98
2026/08/05 02:23:41.422, 0, NVIDIA GeForce RTX 3080, 6135, 3917, 10240, 95, 98
2026/08/05 02:23:41.530, 0, NVIDIA GeForce RTX 3080, 6135, 3917, 10240, 96, 98
2026/08/05 02:23:41.640, 0, NVIDIA GeForce RTX 3080, 6135, 3917, 10240, 96, 98
2026/08/05 02:23:41.750, 0, NVIDIA GeForce RTX 3080, 6135, 3917, 10240, 96, 98
2026/08/05 02:23:41.858, 0, NVIDIA GeForce RTX 3080, 6135, 3917, 10240, 96, 98
2026/08/05 02:23:41.968, 0, NVIDIA GeForce RTX 3080, 6135, 3917, 10240, 96, 98
2026/08/05 02:23:42.077, 0, NVIDIA GeForce RTX 3080, 6135, 3917, 10240, 96, 98
2026/08/05 02:23:42.187, 0, NVIDIA GeForce RTX 3080, 6135, 3917, 10240, 96, 98
2026/08/05 02:23:42.296, 0, NVIDIA GeForce RTX 3080, 6135, 3917, 10240, 96, 98
2026/08/05 02:23:42.405, 0, NVIDIA GeForce RTX 3080, 6135, 3917, 10240, 96, 98
2026/08/05 02:23:42.515, 0, NVIDIA GeForce RTX 3080, 6135, 3917, 10240, 97, 98
2026/08/05 02:23:42.624, 0, NVIDIA GeForce RTX 3080, 6135, 3917, 10240, 97, 98
2026/08/05 02:23:42.733, 0, NVIDIA GeForce RTX 3080, 6135, 3917, 10240, 97, 98
2026/08/05 02:23:42.842, 0, NVIDIA GeForce RTX 3080, 6135, 3917, 10240, 97, 98
2026/08/05 02:23:42.952, 0, NVIDIA GeForce RTX 3080, 6135, 3917, 10240, 97, 98
2026/08/05 02:23:43.061, 0, NVIDIA GeForce RTX 3080, 6135, 3917, 10240, 97, 98
2026/08/05 02:23:43.170, 0, NVIDIA GeForce RTX 3080, 6135, 3917, 10240, 97, 98
2026/08/05 02:23:43.280, 0, NVIDIA GeForce RTX 3080, 6135, 3917, 10240, 97, 98
2026/08/05 02:23:43.387, 0, NVIDIA GeForce RTX 3080, 6135, 3917, 10240, 97, 98
2026/08/05 02:23:43.497, 0, NVIDIA GeForce RTX 3080, 6135, 3917, 10240, 97, 98
2026/08/05 02:23:43.606, 0, NVIDIA GeForce RTX 3080, 6135, 3917, 10240, 97, 98
2026/08/05 02:23:43.715, 0, NVIDIA GeForce RTX 3080, 6135, 3917, 10240, 97, 98
2026/08/05 02:23:43.825, 0, NVIDIA GeForce RTX 3080, 6135, 3917, 10240, 97, 98
2026/08/05 02:23:43.933, 0, NVIDIA GeForce RTX 3080, 6135, 3917, 10240, 97, 98
2026/08/05 02:23:44.043, 0, NVIDIA GeForce RTX 3080, 6135, 3917, 10240, 97, 98
2026/08/05 02:23:44.151, 0, NVIDIA GeForce RTX 3080, 6135, 3917, 10240, 97, 98
2026/08/05 02:23:44.260, 0, NVIDIA GeForce RTX 3080, 6135, 3917, 10240, 97, 98
2026/08/05 02:23:44.369, 0, NVIDIA GeForce RTX 3080, 6135, 3917, 10240, 97, 98
2026/08/05 02:23:44.478, 0, NVIDIA GeForce RTX 3080, 6135, 3917, 10240, 96, 98
2026/08/05 02:23:44.588, 0, NVIDIA GeForce RTX 3080, 6135, 3917, 10240, 96, 98
2026/08/05 02:23:44.697, 0, NVIDIA GeForce RTX 3080, 6135, 3917, 10240, 96, 98
2026/08/05 02:23:44.806, 0, NVIDIA GeForce RTX 3080, 6135, 3917, 10240, 96, 98
2026/08/05 02:23:44.916, 0, NVIDIA GeForce RTX 3080, 6135, 3917, 10240, 96, 98
2026/08/05 02:23:45.024, 0, NVIDIA GeForce RTX 3080, 6135, 3917, 10240, 95, 98
2026/08/05 02:23:45.133, 0, NVIDIA GeForce RTX 3080, 6135, 3917, 10240, 95, 98
2026/08/05 02:23:45.243, 0, NVIDIA GeForce RTX 3080, 6135, 3917, 10240, 95, 98
2026/08/05 02:23:45.352, 0, NVIDIA GeForce RTX 3080, 6135, 3917, 10240, 95, 98
2026/08/05 02:23:45.461, 0, NVIDIA GeForce RTX 3080, 6135, 3917, 10240, 96, 98
2026/08/05 02:23:45.571, 0, NVIDIA GeForce RTX 3080, 6135, 3917, 10240, 96, 98
2026/08/05 02:23:45.679, 0, NVIDIA GeForce RTX 3080, 6135, 3917, 10240, 96, 98
2026/08/05 02:23:45.788, 0, NVIDIA GeForce RTX 3080, 6135, 3917, 10240, 96, 98
2026/08/05 02:23:45.898, 0, NVIDIA GeForce RTX 3080, 6135, 3917, 10240, 96, 98
2026/08/05 02:23:46.007, 0, NVIDIA GeForce RTX 3080, 6135, 3917, 10240, 96, 98
2026/08/05 02:23:46.116, 0, NVIDIA GeForce RTX 3080, 6135, 3917, 10240, 96, 98
2026/08/05 02:23:46.226, 0, NVIDIA GeForce RTX 3080, 6135, 3917, 10240, 96, 98
2026/08/05 02:23:46.335, 0, NVIDIA GeForce RTX 3080, 6135, 3917, 10240, 96, 98
2026/08/05 02:23:46.443, 0, NVIDIA GeForce RTX 3080, 6135, 3917, 10240, 97, 98
2026/08/05 02:23:46.553, 0, NVIDIA GeForce RTX 3080, 6135, 3917, 10240, 97, 98
2026/08/05 02:23:46.662, 0, NVIDIA GeForce RTX 3080, 6135, 3917, 10240, 97, 98
2026/08/05 02:23:46.771, 0, NVIDIA GeForce RTX 3080, 6135, 3917, 10240, 97, 98
2026/08/05 02:23:46.881, 0, NVIDIA GeForce RTX 3080, 6135, 3917, 10240, 97, 98
2026/08/05 02:23:46.990, 0, NVIDIA GeForce RTX 3080, 6135, 3917, 10240, 97, 98
2026/08/05 02:23:47.099, 0, NVIDIA GeForce RTX 3080, 6135, 3917, 10240, 97, 98
2026/08/05 02:23:47.208, 0, NVIDIA GeForce RTX 3080, 6135, 3917, 10240, 97, 98
2026/08/05 02:23:47.317, 0, NVIDIA GeForce RTX 3080, 6135, 3917, 10240, 97, 98
2026/08/05 02:23:47.427, 0, NVIDIA GeForce RTX 3080, 6135, 3917, 10240, 97, 98
2026/08/05 02:23:47.535, 0, NVIDIA GeForce RTX 3080, 6135, 3917, 10240, 97, 98
2026/08/05 02:23:47.645, 0, NVIDIA GeForce RTX 3080, 6135, 3917, 10240, 97, 98
2026/08/05 02:23:47.755, 0, NVIDIA GeForce RTX 3080, 6135, 3917, 10240, 97, 98
2026/08/05 02:23:47.863, 0, NVIDIA GeForce RTX 3080, 6135, 3917, 10240, 97, 98
2026/08/05 02:23:47.973, 0, NVIDIA GeForce RTX 3080, 6135, 3917, 10240, 97, 98
2026/08/05 02:23:48.082, 0, NVIDIA GeForce RTX 3080, 6135, 3917, 10240, 97, 98
2026/08/05 02:23:48.190, 0, NVIDIA GeForce RTX 3080, 6135, 3917, 10240, 97, 98
2026/08/05 02:23:48.300, 0, NVIDIA GeForce RTX 3080, 6135, 3917, 10240, 97, 98
2026/08/05 02:23:48.408, 0, NVIDIA GeForce RTX 3080, 6135, 3917, 10240, 97, 98
2026/08/05 02:23:48.517, 0, NVIDIA GeForce RTX 3080, 6135, 3917, 10240, 95, 98
2026/08/05 02:23:48.627, 0, NVIDIA GeForce RTX 3080, 6135, 3917, 10240, 95, 98
2026/08/05 02:23:48.736, 0, NVIDIA GeForce RTX 3080, 6135, 3917, 10240, 95, 98
2026/08/05 02:23:48.846, 0, NVIDIA GeForce RTX 3080, 6135, 3917, 10240, 95, 98
2026/08/05 02:23:48.955, 0, NVIDIA GeForce RTX 3080, 6135, 3917, 10240, 95, 98
2026/08/05 02:23:49.064, 0, NVIDIA GeForce RTX 3080, 6135, 3917, 10240, 95, 98
2026/08/05 02:23:49.173, 0, NVIDIA GeForce RTX 3080, 6135, 3917, 10240, 95, 98
2026/08/05 02:23:49.282, 0, NVIDIA GeForce RTX 3080, 6135, 3917, 10240, 95, 98
2026/08/05 02:23:49.390, 0, NVIDIA GeForce RTX 3080, 6135, 3917, 10240, 95, 98
2026/08/05 02:23:49.500, 0, NVIDIA GeForce RTX 3080, 6135, 3917, 10240, 95, 98
2026/08/05 02:23:49.610, 0, NVIDIA GeForce RTX 3080, 6135, 3917, 10240, 95, 98
2026/08/05 02:23:49.719, 0, NVIDIA GeForce RTX 3080, 6135, 3917, 10240, 95, 98
2026/08/05 02:23:49.828, 0, NVIDIA GeForce RTX 3080, 6135, 3917, 10240, 95, 98
2026/08/05 02:23:49.937, 0, NVIDIA GeForce RTX 3080, 6135, 3917, 10240, 95, 98
2026/08/05 02:23:50.046, 0, NVIDIA GeForce RTX 3080, 6135, 3917, 10240, 95, 98
2026/08/05 02:23:50.156, 0, NVIDIA GeForce RTX 3080, 6135, 3917, 10240, 95, 98
2026/08/05 02:23:50.265, 0, NVIDIA GeForce RTX 3080, 6135, 3917, 10240, 95, 98
2026/08/05 02:23:50.373, 0, NVIDIA GeForce RTX 3080, 6135, 3917, 10240, 95, 98
2026/08/05 02:23:50.483, 0, NVIDIA GeForce RTX 3080, 6135, 3917, 10240, 97, 98
2026/08/05 02:23:50.592, 0, NVIDIA GeForce RTX 3080, 6135, 3917, 10240, 97, 98
2026/08/05 02:23:50.701, 0, NVIDIA GeForce RTX 3080, 6135, 3917, 10240, 97, 98
2026/08/05 02:23:50.811, 0, NVIDIA GeForce RTX 3080, 6135, 3917, 10240, 97, 98
2026/08/05 02:23:50.920, 0, NVIDIA GeForce RTX 3080, 6135, 3917, 10240, 97, 98
2026/08/05 02:23:51.029, 0, NVIDIA GeForce RTX 3080, 6135, 3917, 10240, 97, 98
2026/08/05 02:23:51.138, 0, NVIDIA GeForce RTX 3080, 6135, 3917, 10240, 97, 98
2026/08/05 02:23:51.247, 0, NVIDIA GeForce RTX 3080, 6135, 3917, 10240, 97, 98
2026/08/05 02:23:51.356, 0, NVIDIA GeForce RTX 3080, 6135, 3917, 10240, 97, 98
2026/08/05 02:23:51.465, 0, NVIDIA GeForce RTX 3080, 6135, 3917, 10240, 97, 98
2026/08/05 02:23:51.575, 0, NVIDIA GeForce RTX 3080, 6135, 3917, 10240, 97, 98
2026/08/05 02:23:51.683, 0, NVIDIA GeForce RTX 3080, 6135, 3917, 10240, 97, 98
2026/08/05 02:23:51.792, 0, NVIDIA GeForce RTX 3080, 6135, 3917, 10240, 97, 98
2026/08/05 02:23:51.902, 0, NVIDIA GeForce RTX 3080, 6135, 3917, 10240, 97, 98
2026/08/05 02:23:52.011, 0, NVIDIA GeForce RTX 3080, 6135, 3917, 10240, 97, 98
2026/08/05 02:23:52.120, 0, NVIDIA GeForce RTX 3080, 6135, 3917, 10240, 97, 98
2026/08/05 02:23:52.229, 0, NVIDIA GeForce RTX 3080, 6135, 3917, 10240, 97, 98
2026/08/05 02:23:52.339, 0, NVIDIA GeForce RTX 3080, 6135, 3917, 10240, 97, 98
2026/08/05 02:23:52.448, 0, NVIDIA GeForce RTX 3080, 6135, 3917, 10240, 98, 98
2026/08/05 02:23:52.557, 0, NVIDIA GeForce RTX 3080, 6135, 3917, 10240, 98, 98
2026/08/05 02:23:52.665, 0, NVIDIA GeForce RTX 3080, 6135, 3917, 10240, 98, 98
2026/08/05 02:23:52.774, 0, NVIDIA GeForce RTX 3080, 6135, 3917, 10240, 98, 98
2026/08/05 02:23:52.884, 0, NVIDIA GeForce RTX 3080, 6135, 3917, 10240, 98, 98
2026/08/05 02:23:52.992, 0, NVIDIA GeForce RTX 3080, 6135, 3917, 10240, 97, 98
2026/08/05 02:23:53.102, 0, NVIDIA GeForce RTX 3080, 6135, 3917, 10240, 97, 98
2026/08/05 02:23:53.212, 0, NVIDIA GeForce RTX 3080, 6135, 3917, 10240, 97, 98
2026/08/05 02:23:53.321, 0, NVIDIA GeForce RTX 3080, 6135, 3917, 10240, 97, 98
2026/08/05 02:23:53.431, 0, NVIDIA GeForce RTX 3080, 6135, 3917, 10240, 97, 98
2026/08/05 02:23:53.539, 0, NVIDIA GeForce RTX 3080, 6135, 3917, 10240, 98, 98
2026/08/05 02:23:53.648, 0, NVIDIA GeForce RTX 3080, 6135, 3917, 10240, 98, 98
2026/08/05 02:23:53.758, 0, NVIDIA GeForce RTX 3080, 6135, 3917, 10240, 98, 98
2026/08/05 02:23:53.866, 0, NVIDIA GeForce RTX 3080, 6135, 3917, 10240, 98, 98
2026/08/05 02:23:53.976, 0, NVIDIA GeForce RTX 3080, 6135, 3917, 10240, 98, 98
2026/08/05 02:23:54.086, 0, NVIDIA GeForce RTX 3080, 6135, 3917, 10240, 98, 98
2026/08/05 02:23:54.194, 0, NVIDIA GeForce RTX 3080, 6135, 3917, 10240, 98, 98
2026/08/05 02:23:54.304, 0, NVIDIA GeForce RTX 3080, 6135, 3917, 10240, 98, 98
2026/08/05 02:23:54.413, 0, NVIDIA GeForce RTX 3080, 6135, 3917, 10240, 98, 98
2026/08/05 02:23:54.521, 0, NVIDIA GeForce RTX 3080, 6135, 3917, 10240, 96, 98
2026/08/05 02:23:54.631, 0, NVIDIA GeForce RTX 3080, 6135, 3917, 10240, 96, 98
2026/08/05 02:23:54.741, 0, NVIDIA GeForce RTX 3080, 6135, 3917, 10240, 96, 98
2026/08/05 02:23:54.849, 0, NVIDIA GeForce RTX 3080, 6135, 3917, 10240, 96, 98
2026/08/05 02:23:54.959, 0, NVIDIA GeForce RTX 3080, 6135, 3917, 10240, 95, 98
2026/08/05 02:23:55.068, 0, NVIDIA GeForce RTX 3080, 6135, 3917, 10240, 95, 98
2026/08/05 02:23:55.176, 0, NVIDIA GeForce RTX 3080, 6135, 3917, 10240, 95, 98
2026/08/05 02:23:55.285, 0, NVIDIA GeForce RTX 3080, 6135, 3917, 10240, 95, 98
2026/08/05 02:23:55.394, 0, NVIDIA GeForce RTX 3080, 6135, 3917, 10240, 95, 98
2026/08/05 02:23:55.504, 0, NVIDIA GeForce RTX 3080, 6135, 3917, 10240, 96, 98
2026/08/05 02:23:55.613, 0, NVIDIA GeForce RTX 3080, 6135, 3917, 10240, 96, 98
2026/08/05 02:23:55.722, 0, NVIDIA GeForce RTX 3080, 6135, 3917, 10240, 96, 98
2026/08/05 02:23:55.831, 0, NVIDIA GeForce RTX 3080, 6135, 3917, 10240, 96, 98
2026/08/05 02:23:55.941, 0, NVIDIA GeForce RTX 3080, 6135, 3917, 10240, 94, 97
2026/08/05 02:23:56.050, 0, NVIDIA GeForce RTX 3080, 6135, 3917, 10240, 94, 97
2026/08/05 02:23:56.159, 0, NVIDIA GeForce RTX 3080, 6135, 3917, 10240, 94, 97
2026/08/05 02:23:56.269, 0, NVIDIA GeForce RTX 3080, 6135, 3917, 10240, 94, 97
2026/08/05 02:23:56.378, 0, NVIDIA GeForce RTX 3080, 6135, 3917, 10240, 94, 97
2026/08/05 02:23:56.486, 0, NVIDIA GeForce RTX 3080, 6135, 3917, 10240, 97, 98
2026/08/05 02:23:56.595, 0, NVIDIA GeForce RTX 3080, 6135, 3917, 10240, 97, 98
2026/08/05 02:23:56.705, 0, NVIDIA GeForce RTX 3080, 6135, 3917, 10240, 97, 98
2026/08/05 02:23:56.815, 0, NVIDIA GeForce RTX 3080, 6135, 3917, 10240, 97, 98
2026/08/05 02:23:56.923, 0, NVIDIA GeForce RTX 3080, 6135, 3917, 10240, 97, 98
2026/08/05 02:23:57.033, 0, NVIDIA GeForce RTX 3080, 6135, 3917, 10240, 97, 98
2026/08/05 02:23:57.142, 0, NVIDIA GeForce RTX 3080, 6135, 3917, 10240, 97, 98
2026/08/05 02:23:57.245, 0, NVIDIA GeForce RTX 3080, 6135, 3917, 10240, 97, 98
2026/08/05 02:23:57.354, 0, NVIDIA GeForce RTX 3080, 6135, 3917, 10240, 97, 98
2026/08/05 02:23:57.463, 0, NVIDIA GeForce RTX 3080, 6135, 3917, 10240, 97, 98
2026/08/05 02:23:57.572, 0, NVIDIA GeForce RTX 3080, 6135, 3917, 10240, 97, 98
2026/08/05 02:23:57.681, 0, NVIDIA GeForce RTX 3080, 6135, 3917, 10240, 97, 98
2026/08/05 02:23:57.790, 0, NVIDIA GeForce RTX 3080, 6135, 3917, 10240, 97, 98
2026/08/05 02:23:57.900, 0, NVIDIA GeForce RTX 3080, 6135, 3917, 10240, 97, 98
2026/08/05 02:23:58.009, 0, NVIDIA GeForce RTX 3080, 6135, 3917, 10240, 95, 97
2026/08/05 02:23:58.118, 0, NVIDIA GeForce RTX 3080, 6135, 3917, 10240, 95, 97
2026/08/05 02:23:58.227, 0, NVIDIA GeForce RTX 3080, 6135, 3917, 10240, 95, 97
2026/08/05 02:23:58.335, 0, NVIDIA GeForce RTX 3080, 6135, 3917, 10240, 95, 97
2026/08/05 02:23:58.445, 0, NVIDIA GeForce RTX 3080, 6135, 3917, 10240, 96, 98
2026/08/05 02:23:58.554, 0, NVIDIA GeForce RTX 3080, 6135, 3917, 10240, 96, 98
2026/08/05 02:23:58.663, 0, NVIDIA GeForce RTX 3080, 6135, 3917, 10240, 96, 98
2026/08/05 02:23:58.772, 0, NVIDIA GeForce RTX 3080, 6135, 3917, 10240, 96, 98
2026/08/05 02:23:58.882, 0, NVIDIA GeForce RTX 3080, 6135, 3917, 10240, 96, 98
2026/08/05 02:23:58.991, 0, NVIDIA GeForce RTX 3080, 6135, 3917, 10240, 96, 98
2026/08/05 02:23:59.100, 0, NVIDIA GeForce RTX 3080, 6135, 3917, 10240, 96, 98
2026/08/05 02:23:59.209, 0, NVIDIA GeForce RTX 3080, 6135, 3917, 10240, 96, 98
2026/08/05 02:23:59.318, 0, NVIDIA GeForce RTX 3080, 6135, 3917, 10240, 96, 98
2026/08/05 02:23:59.427, 0, NVIDIA GeForce RTX 3080, 6135, 3917, 10240, 96, 98
2026/08/05 02:23:59.536, 0, NVIDIA GeForce RTX 3080, 6135, 3917, 10240, 95, 98
2026/08/05 02:23:59.645, 0, NVIDIA GeForce RTX 3080, 6135, 3917, 10240, 95, 98
2026/08/05 02:23:59.754, 0, NVIDIA GeForce RTX 3080, 6135, 3917, 10240, 95, 98
2026/08/05 02:23:59.863, 0, NVIDIA GeForce RTX 3080, 6135, 3917, 10240, 95, 98
2026/08/05 02:23:59.973, 0, NVIDIA GeForce RTX 3080, 6135, 3917, 10240, 96, 98
2026/08/05 02:24:00.082, 0, NVIDIA GeForce RTX 3080, 6135, 3917, 10240, 96, 98
2026/08/05 02:24:00.190, 0, NVIDIA GeForce RTX 3080, 6135, 3917, 10240, 96, 98
2026/08/05 02:24:00.300, 0, NVIDIA GeForce RTX 3080, 6135, 3917, 10240, 96, 98
2026/08/05 02:24:00.410, 0, NVIDIA GeForce RTX 3080, 6135, 3917, 10240, 96, 98
2026/08/05 02:24:00.517, 0, NVIDIA GeForce RTX 3080, 6135, 3917, 10240, 97, 98
2026/08/05 02:24:00.627, 0, NVIDIA GeForce RTX 3080, 6135, 3917, 10240, 97, 98
2026/08/05 02:24:00.736, 0, NVIDIA GeForce RTX 3080, 6135, 3917, 10240, 97, 98
2026/08/05 02:24:00.845, 0, NVIDIA GeForce RTX 3080, 6135, 3917, 10240, 97, 98
2026/08/05 02:24:00.954, 0, NVIDIA GeForce RTX 3080, 6135, 3917, 10240, 97, 98
2026/08/05 02:24:01.063, 0, NVIDIA GeForce RTX 3080, 6135, 3917, 10240, 97, 98
2026/08/05 02:24:01.172, 0, NVIDIA GeForce RTX 3080, 6135, 3917, 10240, 97, 98
2026/08/05 02:24:01.282, 0, NVIDIA GeForce RTX 3080, 6135, 3917, 10240, 97, 98
2026/08/05 02:24:01.390, 0, NVIDIA GeForce RTX 3080, 6135, 3917, 10240, 97, 98
2026/08/05 02:24:01.499, 0, NVIDIA GeForce RTX 3080, 6135, 3917, 10240, 97, 98
2026/08/05 02:24:01.607, 0, NVIDIA GeForce RTX 3080, 6135, 3917, 10240, 97, 98
2026/08/05 02:24:01.717, 0, NVIDIA GeForce RTX 3080, 6135, 3917, 10240, 97, 98
2026/08/05 02:24:01.827, 0, NVIDIA GeForce RTX 3080, 6135, 3917, 10240, 97, 98
2026/08/05 02:24:01.935, 0, NVIDIA GeForce RTX 3080, 6135, 3917, 10240, 97, 98
2026/08/05 02:24:02.044, 0, NVIDIA GeForce RTX 3080, 6135, 3917, 10240, 97, 98
2026/08/05 02:24:02.154, 0, NVIDIA GeForce RTX 3080, 6135, 3917, 10240, 97, 98
2026/08/05 02:24:02.263, 0, NVIDIA GeForce RTX 3080, 6135, 3917, 10240, 97, 98
2026/08/05 02:24:02.372, 0, NVIDIA GeForce RTX 3080, 6135, 3917, 10240, 97, 98
2026/08/05 02:24:02.482, 0, NVIDIA GeForce RTX 3080, 6135, 3917, 10240, 95, 98
2026/08/05 02:24:02.591, 0, NVIDIA GeForce RTX 3080, 6135, 3917, 10240, 95, 98
2026/08/05 02:24:02.700, 0, NVIDIA GeForce RTX 3080, 6135, 3917, 10240, 95, 98
2026/08/05 02:24:02.808, 0, NVIDIA GeForce RTX 3080, 6135, 3917, 10240, 95, 98
2026/08/05 02:24:02.917, 0, NVIDIA GeForce RTX 3080, 6135, 3917, 10240, 95, 98
2026/08/05 02:24:03.026, 0, NVIDIA GeForce RTX 3080, 6135, 3917, 10240, 95, 98
2026/08/05 02:24:03.135, 0, NVIDIA GeForce RTX 3080, 6135, 3917, 10240, 95, 98
2026/08/05 02:24:03.245, 0, NVIDIA GeForce RTX 3080, 6135, 3917, 10240, 95, 98
2026/08/05 02:24:03.354, 0, NVIDIA GeForce RTX 3080, 6135, 3917, 10240, 95, 98
2026/08/05 02:24:03.463, 0, NVIDIA GeForce RTX 3080, 6135, 3917, 10240, 95, 98
2026/08/05 02:24:03.573, 0, NVIDIA GeForce RTX 3080, 6135, 3917, 10240, 95, 98
2026/08/05 02:24:03.683, 0, NVIDIA GeForce RTX 3080, 6135, 3917, 10240, 95, 98
2026/08/05 02:24:03.790, 0, NVIDIA GeForce RTX 3080, 6135, 3917, 10240, 95, 98
2026/08/05 02:24:03.900, 0, NVIDIA GeForce RTX 3080, 6135, 3917, 10240, 95, 98
2026/08/05 02:24:04.009, 0, NVIDIA GeForce RTX 3080, 6135, 3917, 10240, 95, 98
2026/08/05 02:24:04.117, 0, NVIDIA GeForce RTX 3080, 6135, 3917, 10240, 95, 98
2026/08/05 02:24:04.227, 0, NVIDIA GeForce RTX 3080, 6135, 3917, 10240, 95, 98
2026/08/05 02:24:04.336, 0, NVIDIA GeForce RTX 3080, 6135, 3917, 10240, 95, 98
2026/08/05 02:24:04.444, 0, NVIDIA GeForce RTX 3080, 6135, 3917, 10240, 97, 98
2026/08/05 02:24:04.554, 0, NVIDIA GeForce RTX 3080, 6135, 3917, 10240, 97, 98
2026/08/05 02:24:04.663, 0, NVIDIA GeForce RTX 3080, 6135, 3917, 10240, 97, 98
2026/08/05 02:24:04.772, 0, NVIDIA GeForce RTX 3080, 6135, 3917, 10240, 97, 98
2026/08/05 02:24:04.881, 0, NVIDIA GeForce RTX 3080, 6135, 3917, 10240, 97, 98
2026/08/05 02:24:04.990, 0, NVIDIA GeForce RTX 3080, 6135, 3917, 10240, 97, 98
2026/08/05 02:24:05.099, 0, NVIDIA GeForce RTX 3080, 6135, 3917, 10240, 97, 98
2026/08/05 02:24:05.207, 0, NVIDIA GeForce RTX 3080, 6135, 3917, 10240, 97, 98
2026/08/05 02:24:05.317, 0, NVIDIA GeForce RTX 3080, 6135, 3917, 10240, 97, 98
2026/08/05 02:24:05.426, 0, NVIDIA GeForce RTX 3080, 6135, 3917, 10240, 97, 98
2026/08/05 02:24:05.534, 0, NVIDIA GeForce RTX 3080, 6135, 3917, 10240, 97, 98
2026/08/05 02:24:05.644, 0, NVIDIA GeForce RTX 3080, 6135, 3917, 10240, 97, 98
2026/08/05 02:24:05.754, 0, NVIDIA GeForce RTX 3080, 6135, 3917, 10240, 97, 98
2026/08/05 02:24:05.862, 0, NVIDIA GeForce RTX 3080, 6135, 3917, 10240, 97, 98
2026/08/05 02:24:05.972, 0, NVIDIA GeForce RTX 3080, 6135, 3917, 10240, 97, 98
2026/08/05 02:24:06.082, 0, NVIDIA GeForce RTX 3080, 6135, 3917, 10240, 97, 98
2026/08/05 02:24:06.190, 0, NVIDIA GeForce RTX 3080, 6135, 3917, 10240, 97, 98
2026/08/05 02:24:06.299, 0, NVIDIA GeForce RTX 3080, 6135, 3917, 10240, 97, 98
2026/08/05 02:24:06.408, 0, NVIDIA GeForce RTX 3080, 6135, 3917, 10240, 97, 98
2026/08/05 02:24:06.517, 0, NVIDIA GeForce RTX 3080, 6135, 3917, 10240, 98, 98
2026/08/05 02:24:06.626, 0, NVIDIA GeForce RTX 3080, 6135, 3917, 10240, 98, 98
2026/08/05 02:24:06.735, 0, NVIDIA GeForce RTX 3080, 6135, 3917, 10240, 98, 98
2026/08/05 02:24:06.845, 0, NVIDIA GeForce RTX 3080, 6135, 3917, 10240, 98, 98
2026/08/05 02:24:06.954, 0, NVIDIA GeForce RTX 3080, 6135, 3917, 10240, 98, 98
2026/08/05 02:24:07.063, 0, NVIDIA GeForce RTX 3080, 6135, 3917, 10240, 98, 98
2026/08/05 02:24:07.173, 0, NVIDIA GeForce RTX 3080, 6135, 3917, 10240, 98, 98
2026/08/05 02:24:07.282, 0, NVIDIA GeForce RTX 3080, 6135, 3917, 10240, 98, 98
2026/08/05 02:24:07.391, 0, NVIDIA GeForce RTX 3080, 6135, 3917, 10240, 98, 98
2026/08/05 02:24:07.500, 0, NVIDIA GeForce RTX 3080, 6135, 3917, 10240, 98, 98
2026/08/05 02:24:07.610, 0, NVIDIA GeForce RTX 3080, 6135, 3917, 10240, 98, 98
2026/08/05 02:24:07.718, 0, NVIDIA GeForce RTX 3080, 6135, 3917, 10240, 98, 98
2026/08/05 02:24:07.828, 0, NVIDIA GeForce RTX 3080, 6135, 3917, 10240, 98, 98
2026/08/05 02:24:07.937, 0, NVIDIA GeForce RTX 3080, 6135, 3917, 10240, 98, 98
2026/08/05 02:24:08.047, 0, NVIDIA GeForce RTX 3080, 6135, 3917, 10240, 95, 97
2026/08/05 02:24:08.156, 0, NVIDIA GeForce RTX 3080, 6135, 3917, 10240, 95, 97
2026/08/05 02:24:08.265, 0, NVIDIA GeForce RTX 3080, 6135, 3917, 10240, 95, 97
2026/08/05 02:24:08.375, 0, NVIDIA GeForce RTX 3080, 6135, 3917, 10240, 95, 97
2026/08/05 02:24:08.484, 0, NVIDIA GeForce RTX 3080, 6135, 3917, 10240, 96, 98
2026/08/05 02:24:08.593, 0, NVIDIA GeForce RTX 3080, 6135, 3917, 10240, 96, 98
2026/08/05 02:24:08.702, 0, NVIDIA GeForce RTX 3080, 6135, 3917, 10240, 96, 98
2026/08/05 02:24:08.812, 0, NVIDIA GeForce RTX 3080, 6135, 3917, 10240, 96, 98
2026/08/05 02:24:08.921, 0, NVIDIA GeForce RTX 3080, 6135, 3917, 10240, 96, 98
2026/08/05 02:24:09.030, 0, NVIDIA GeForce RTX 3080, 6135, 3917, 10240, 95, 98
2026/08/05 02:24:09.139, 0, NVIDIA GeForce RTX 3080, 6135, 3917, 10240, 95, 98
2026/08/05 02:24:09.248, 0, NVIDIA GeForce RTX 3080, 6135, 3917, 10240, 95, 98
2026/08/05 02:24:09.358, 0, NVIDIA GeForce RTX 3080, 6135, 3917, 10240, 95, 98
2026/08/05 02:24:09.466, 0, NVIDIA GeForce RTX 3080, 6135, 3917, 10240, 95, 98
2026/08/05 02:24:09.576, 0, NVIDIA GeForce RTX 3080, 6135, 3917, 10240, 95, 98
2026/08/05 02:24:09.686, 0, NVIDIA GeForce RTX 3080, 6135, 3917, 10240, 95, 98
2026/08/05 02:24:09.794, 0, NVIDIA GeForce RTX 3080, 6135, 3917, 10240, 95, 98
2026/08/05 02:24:09.904, 0, NVIDIA GeForce RTX 3080, 6135, 3917, 10240, 95, 98
2026/08/05 02:24:10.014, 0, NVIDIA GeForce RTX 3080, 6135, 3917, 10240, 95, 96
2026/08/05 02:24:10.121, 0, NVIDIA GeForce RTX 3080, 6135, 3917, 10240, 95, 96
2026/08/05 02:24:10.231, 0, NVIDIA GeForce RTX 3080, 6135, 3917, 10240, 95, 96
2026/08/05 02:24:10.341, 0, NVIDIA GeForce RTX 3080, 6135, 3917, 10240, 95, 96
2026/08/05 02:24:10.449, 0, NVIDIA GeForce RTX 3080, 6135, 3917, 10240, 97, 98
2026/08/05 02:24:10.559, 0, NVIDIA GeForce RTX 3080, 6135, 3917, 10240, 97, 98
2026/08/05 02:24:10.668, 0, NVIDIA GeForce RTX 3080, 6135, 3917, 10240, 97, 98
2026/08/05 02:24:10.777, 0, NVIDIA GeForce RTX 3080, 6135, 3917, 10240, 97, 98
2026/08/05 02:24:10.887, 0, NVIDIA GeForce RTX 3080, 6135, 3917, 10240, 97, 98
2026/08/05 02:24:10.996, 0, NVIDIA GeForce RTX 3080, 6135, 3917, 10240, 97, 98
2026/08/05 02:24:11.104, 0, NVIDIA GeForce RTX 3080, 6135, 3917, 10240, 97, 98
2026/08/05 02:24:11.214, 0, NVIDIA GeForce RTX 3080, 6135, 3917, 10240, 97, 98
2026/08/05 02:24:11.323, 0, NVIDIA GeForce RTX 3080, 6135, 3917, 10240, 97, 98
2026/08/05 02:24:11.432, 0, NVIDIA GeForce RTX 3080, 6135, 3917, 10240, 97, 98
2026/08/05 02:24:11.542, 0, NVIDIA GeForce RTX 3080, 6135, 3917, 10240, 97, 98
2026/08/05 02:24:11.651, 0, NVIDIA GeForce RTX 3080, 6135, 3917, 10240, 97, 98
2026/08/05 02:24:11.761, 0, NVIDIA GeForce RTX 3080, 6135, 3917, 10240, 97, 98
2026/08/05 02:24:11.870, 0, NVIDIA GeForce RTX 3080, 6135, 3917, 10240, 97, 98
2026/08/05 02:24:11.979, 0, NVIDIA GeForce RTX 3080, 6135, 3917, 10240, 94, 97
2026/08/05 02:24:12.089, 0, NVIDIA GeForce RTX 3080, 6135, 3917, 10240, 94, 97
2026/08/05 02:24:12.197, 0, NVIDIA GeForce RTX 3080, 6135, 3917, 10240, 94, 97
2026/08/05 02:24:12.307, 0, NVIDIA GeForce RTX 3080, 6135, 3917, 10240, 94, 97
2026/08/05 02:24:12.417, 0, NVIDIA GeForce RTX 3080, 6135, 3917, 10240, 94, 97
2026/08/05 02:24:12.525, 0, NVIDIA GeForce RTX 3080, 6135, 3917, 10240, 96, 98
2026/08/05 02:24:12.634, 0, NVIDIA GeForce RTX 3080, 6135, 3917, 10240, 96, 98
2026/08/05 02:24:12.744, 0, NVIDIA GeForce RTX 3080, 6135, 3917, 10240, 96, 98
2026/08/05 02:24:12.852, 0, NVIDIA GeForce RTX 3080, 6135, 3917, 10240, 96, 98
2026/08/05 02:24:12.962, 0, NVIDIA GeForce RTX 3080, 6135, 3917, 10240, 96, 98
2026/08/05 02:24:13.072, 0, NVIDIA GeForce RTX 3080, 6135, 3917, 10240, 96, 98
2026/08/05 02:24:13.180, 0, NVIDIA GeForce RTX 3080, 6135, 3917, 10240, 96, 98
2026/08/05 02:24:13.290, 0, NVIDIA GeForce RTX 3080, 6135, 3917, 10240, 96, 98
2026/08/05 02:24:13.399, 0, NVIDIA GeForce RTX 3080, 6135, 3917, 10240, 96, 98
2026/08/05 02:24:13.508, 0, NVIDIA GeForce RTX 3080, 6135, 3917, 10240, 95, 98
2026/08/05 02:24:13.617, 0, NVIDIA GeForce RTX 3080, 6135, 3917, 10240, 95, 98
2026/08/05 02:24:13.726, 0, NVIDIA GeForce RTX 3080, 6135, 3917, 10240, 95, 98
2026/08/05 02:24:13.835, 0, NVIDIA GeForce RTX 3080, 6135, 3917, 10240, 95, 98
2026/08/05 02:24:13.945, 0, NVIDIA GeForce RTX 3080, 6135, 3917, 10240, 94, 97
2026/08/05 02:24:14.054, 0, NVIDIA GeForce RTX 3080, 6135, 3917, 10240, 94, 97
2026/08/05 02:24:14.164, 0, NVIDIA GeForce RTX 3080, 6135, 3917, 10240, 94, 97
2026/08/05 02:24:14.268, 0, NVIDIA GeForce RTX 3080, 6135, 3917, 10240, 94, 97
2026/08/05 02:24:14.378, 0, NVIDIA GeForce RTX 3080, 6135, 3917, 10240, 94, 97
2026/08/05 02:24:14.487, 0, NVIDIA GeForce RTX 3080, 6135, 3917, 10240, 97, 98
2026/08/05 02:24:14.596, 0, NVIDIA GeForce RTX 3080, 6135, 3917, 10240, 97, 98
2026/08/05 02:24:14.705, 0, NVIDIA GeForce RTX 3080, 6135, 3917, 10240, 97, 98
2026/08/05 02:24:14.815, 0, NVIDIA GeForce RTX 3080, 6135, 3917, 10240, 97, 98
2026/08/05 02:24:14.924, 0, NVIDIA GeForce RTX 3080, 6135, 3917, 10240, 97, 98
2026/08/05 02:24:15.034, 0, NVIDIA GeForce RTX 3080, 6135, 3917, 10240, 97, 98
2026/08/05 02:24:15.143, 0, NVIDIA GeForce RTX 3080, 6135, 3917, 10240, 97, 98
2026/08/05 02:24:15.252, 0, NVIDIA GeForce RTX 3080, 6135, 3917, 10240, 97, 98
2026/08/05 02:24:15.361, 0, NVIDIA GeForce RTX 3080, 6135, 3917, 10240, 97, 98
2026/08/05 02:24:15.470, 0, NVIDIA GeForce RTX 3080, 6135, 3917, 10240, 97, 98
2026/08/05 02:24:15.579, 0, NVIDIA GeForce RTX 3080, 6135, 3917, 10240, 97, 98
2026/08/05 02:24:15.688, 0, NVIDIA GeForce RTX 3080, 6135, 3917, 10240, 97, 98
2026/08/05 02:24:15.797, 0, NVIDIA GeForce RTX 3080, 6135, 3917, 10240, 97, 98
2026/08/05 02:24:15.907, 0, NVIDIA GeForce RTX 3080, 6135, 3917, 10240, 97, 98
2026/08/05 02:24:16.016, 0, NVIDIA GeForce RTX 3080, 6135, 3917, 10240, 97, 98
2026/08/05 02:24:16.125, 0, NVIDIA GeForce RTX 3080, 6135, 3917, 10240, 97, 98
2026/08/05 02:24:16.235, 0, NVIDIA GeForce RTX 3080, 6135, 3917, 10240, 97, 98
2026/08/05 02:24:16.341, 0, NVIDIA GeForce RTX 3080, 6135, 3917, 10240, 97, 98
2026/08/05 02:24:16.450, 0, NVIDIA GeForce RTX 3080, 6135, 3917, 10240, 96, 98
2026/08/05 02:24:16.559, 0, NVIDIA GeForce RTX 3080, 6135, 3917, 10240, 96, 98
2026/08/05 02:24:16.669, 0, NVIDIA GeForce RTX 3080, 6135, 3917, 10240, 96, 98
2026/08/05 02:24:16.778, 0, NVIDIA GeForce RTX 3080, 6135, 3917, 10240, 96, 98
2026/08/05 02:24:16.887, 0, NVIDIA GeForce RTX 3080, 6135, 3917, 10240, 96, 98
2026/08/05 02:24:16.995, 0, NVIDIA GeForce RTX 3080, 6135, 3917, 10240, 95, 98
2026/08/05 02:24:17.105, 0, NVIDIA GeForce RTX 3080, 6135, 3917, 10240, 95, 98
2026/08/05 02:24:17.214, 0, NVIDIA GeForce RTX 3080, 6135, 3917, 10240, 95, 98
2026/08/05 02:24:17.324, 0, NVIDIA GeForce RTX 3080, 6135, 3917, 10240, 95, 98
2026/08/05 02:24:17.433, 0, NVIDIA GeForce RTX 3080, 6135, 3917, 10240, 95, 98
2026/08/05 02:24:17.542, 0, NVIDIA GeForce RTX 3080, 6135, 3917, 10240, 95, 98
2026/08/05 02:24:17.651, 0, NVIDIA GeForce RTX 3080, 6135, 3917, 10240, 95, 98
2026/08/05 02:24:17.760, 0, NVIDIA GeForce RTX 3080, 6135, 3917, 10240, 95, 98
2026/08/05 02:24:17.870, 0, NVIDIA GeForce RTX 3080, 6135, 3917, 10240, 95, 98
2026/08/05 02:24:17.979, 0, NVIDIA GeForce RTX 3080, 6135, 3917, 10240, 95, 98
2026/08/05 02:24:18.089, 0, NVIDIA GeForce RTX 3080, 6133, 3919, 10240, 95, 98
2026/08/05 02:24:18.197, 0, NVIDIA GeForce RTX 3080, 1397, 8655, 10240, 95, 98
2026/08/05 02:24:18.304, 0, NVIDIA GeForce RTX 3080, 1397, 8655, 10240, 95, 98
2026/08/05 02:24:18.414, 0, NVIDIA GeForce RTX 3080, 1397, 8655, 10240, 95, 98
2026/08/05 02:24:18.522, 0, NVIDIA GeForce RTX 3080, 1176, 8876, 10240, 0, 0
