timestamp,index,name,memory_used_mib,memory_free_mib,memory_total_mib,memory_utilization_percent,gpu_utilization_percent 
2026/08/05 04:15:19.067, 0, NVIDIA GeForce RTX 3080, 1177, 8875, 10240, 0, 0
2026/08/05 04:15:19.175, 0, NVIDIA GeForce RTX 3080, 1196, 8856, 10240, 0, 0
2026/08/05 04:15:19.285, 0, NVIDIA GeForce RTX 3080, 1366, 8686, 10240, 0, 0
2026/08/05 04:15:19.395, 0, NVIDIA GeForce RTX 3080, 1366, 8686, 10240, 0, 0
2026/08/05 04:15:19.510, 0, NVIDIA GeForce RTX 3080, 5140, 4912, 10240, 0, 0
2026/08/05 04:15:19.619, 0, NVIDIA GeForce RTX 3080, 5140, 4912, 10240, 0, 0
2026/08/05 04:15:19.727, 0, NVIDIA GeForce RTX 3080, 5140, 4912, 10240, 0, 0
2026/08/05 04:15:19.836, 0, NVIDIA GeForce RTX 3080, 5140, 4912, 10240, 0, 0
2026/08/05 04:15:19.945, 0, NVIDIA GeForce RTX 3080, 5140, 4912, 10240, 1, 13
2026/08/05 04:15:20.054, 0, NVIDIA GeForce RTX 3080, 5140, 4912, 10240, 1, 13
2026/08/05 04:15:20.163, 0, NVIDIA GeForce RTX 3080, 5140, 4912, 10240, 1, 13
2026/08/05 04:15:20.272, 0, NVIDIA GeForce RTX 3080, 5140, 4912, 10240, 1, 13
2026/08/05 04:15:20.382, 0, NVIDIA GeForce RTX 3080, 5140, 4912, 10240, 1, 13
2026/08/05 04:15:20.490, 0, NVIDIA GeForce RTX 3080, 5140, 4912, 10240, 1, 13
2026/08/05 04:15:20.600, 0, NVIDIA GeForce RTX 3080, 5140, 4912, 10240, 1, 13
2026/08/05 04:15:20.710, 0, NVIDIA GeForce RTX 3080, 5140, 4912, 10240, 1, 13
2026/08/05 04:15:20.818, 0, NVIDIA GeForce RTX 3080, 5450, 4602, 10240, 1, 13
2026/08/05 04:15:20.928, 0, NVIDIA GeForce RTX 3080, 5456, 4596, 10240, 45, 69
2026/08/05 04:15:21.036, 0, NVIDIA GeForce RTX 3080, 5456, 4596, 10240, 45, 69
2026/08/05 04:15:21.146, 0, NVIDIA GeForce RTX 3080, 5456, 4596, 10240, 45, 69
2026/08/05 04:15:21.255, 0, NVIDIA GeForce RTX 3080, 5456, 4596, 10240, 45, 69
2026/08/05 04:15:21.364, 0, NVIDIA GeForce RTX 3080, 5456, 4596, 10240, 45, 69
2026/08/05 04:15:21.475, 0, NVIDIA GeForce RTX 3080, 5364, 4688, 10240, 67, 97
2026/08/05 04:15:21.585, 0, NVIDIA GeForce RTX 3080, 6968, 3084, 10240, 67, 97
2026/08/05 04:15:21.693, 0, NVIDIA GeForce RTX 3080, 6968, 3084, 10240, 67, 97
2026/08/05 04:15:21.802, 0, NVIDIA GeForce RTX 3080, 6968, 3084, 10240, 67, 97
2026/08/05 04:15:21.912, 0, NVIDIA GeForce RTX 3080, 6968, 3084, 10240, 97, 98
2026/08/05 04:15:22.020, 0, NVIDIA GeForce RTX 3080, 6968, 3084, 10240, 97, 98
2026/08/05 04:15:22.129, 0, NVIDIA GeForce RTX 3080, 6968, 3084, 10240, 97, 98
2026/08/05 04:15:22.238, 0, NVIDIA GeForce RTX 3080, 6968, 3084, 10240, 97, 98
2026/08/05 04:15:22.347, 0, NVIDIA GeForce RTX 3080, 6968, 3084, 10240, 97, 98
2026/08/05 04:15:22.457, 0, NVIDIA GeForce RTX 3080, 6968, 3084, 10240, 97, 98
2026/08/05 04:15:22.564, 0, NVIDIA GeForce RTX 3080, 6968, 3084, 10240, 97, 98
2026/08/05 04:15:22.674, 0, NVIDIA GeForce RTX 3080, 6968, 3084, 10240, 97, 98
2026/08/05 04:15:22.784, 0, NVIDIA GeForce RTX 3080, 6968, 3084, 10240, 97, 98
2026/08/05 04:15:22.892, 0, NVIDIA GeForce RTX 3080, 6968, 3084, 10240, 97, 98
2026/08/05 04:15:23.002, 0, NVIDIA GeForce RTX 3080, 6968, 3084, 10240, 97, 98
2026/08/05 04:15:23.110, 0, NVIDIA GeForce RTX 3080, 6968, 3084, 10240, 97, 98
2026/08/05 04:15:23.219, 0, NVIDIA GeForce RTX 3080, 6968, 3084, 10240, 97, 98
2026/08/05 04:15:23.329, 0, NVIDIA GeForce RTX 3080, 6968, 3084, 10240, 97, 98
2026/08/05 04:15:23.438, 0, NVIDIA GeForce RTX 3080, 6968, 3084, 10240, 97, 98
2026/08/05 04:15:23.546, 0, NVIDIA GeForce RTX 3080, 6968, 3084, 10240, 97, 98
2026/08/05 04:15:23.656, 0, NVIDIA GeForce RTX 3080, 6968, 3084, 10240, 97, 98
2026/08/05 04:15:23.765, 0, NVIDIA GeForce RTX 3080, 6968, 3084, 10240, 97, 98
2026/08/05 04:15:23.873, 0, NVIDIA GeForce RTX 3080, 6968, 3084, 10240, 98, 98
2026/08/05 04:15:23.982, 0, NVIDIA GeForce RTX 3080, 6968, 3084, 10240, 98, 98
2026/08/05 04:15:24.091, 0, NVIDIA GeForce RTX 3080, 6968, 3084, 10240, 98, 98
2026/08/05 04:15:24.200, 0, NVIDIA GeForce RTX 3080, 6968, 3084, 10240, 98, 98
2026/08/05 04:15:24.310, 0, NVIDIA GeForce RTX 3080, 6968, 3084, 10240, 98, 98
2026/08/05 04:15:24.418, 0, NVIDIA GeForce RTX 3080, 6968, 3084, 10240, 98, 98
2026/08/05 04:15:24.528, 0, NVIDIA GeForce RTX 3080, 6968, 3084, 10240, 98, 98
2026/08/05 04:15:24.637, 0, NVIDIA GeForce RTX 3080, 6968, 3084, 10240, 98, 98
2026/08/05 04:15:24.745, 0, NVIDIA GeForce RTX 3080, 6968, 3084, 10240, 98, 98
2026/08/05 04:15:24.855, 0, NVIDIA GeForce RTX 3080, 6968, 3084, 10240, 98, 98
2026/08/05 04:15:24.964, 0, NVIDIA GeForce RTX 3080, 6968, 3084, 10240, 98, 98
2026/08/05 04:15:25.073, 0, NVIDIA GeForce RTX 3080, 6968, 3084, 10240, 98, 98
2026/08/05 04:15:25.181, 0, NVIDIA GeForce RTX 3080, 6968, 3084, 10240, 98, 98
2026/08/05 04:15:25.289, 0, NVIDIA GeForce RTX 3080, 6968, 3084, 10240, 98, 98
2026/08/05 04:15:25.399, 0, NVIDIA GeForce RTX 3080, 6968, 3084, 10240, 94, 97
2026/08/05 04:15:25.508, 0, NVIDIA GeForce RTX 3080, 6968, 3084, 10240, 94, 97
2026/08/05 04:15:25.617, 0, NVIDIA GeForce RTX 3080, 6968, 3084, 10240, 94, 97
2026/08/05 04:15:25.726, 0, NVIDIA GeForce RTX 3080, 6968, 3084, 10240, 94, 97
2026/08/05 04:15:25.835, 0, NVIDIA GeForce RTX 3080, 6968, 3084, 10240, 94, 97
2026/08/05 04:15:25.943, 0, NVIDIA GeForce RTX 3080, 6968, 3084, 10240, 96, 98
2026/08/05 04:15:26.053, 0, NVIDIA GeForce RTX 3080, 6968, 3084, 10240, 96, 98
2026/08/05 04:15:26.162, 0, NVIDIA GeForce RTX 3080, 6968, 3084, 10240, 96, 98
2026/08/05 04:15:26.271, 0, NVIDIA GeForce RTX 3080, 6968, 3084, 10240, 96, 98
2026/08/05 04:15:26.381, 0, NVIDIA GeForce RTX 3080, 6968, 3084, 10240, 96, 98
2026/08/05 04:15:26.490, 0, NVIDIA GeForce RTX 3080, 6968, 3084, 10240, 96, 98
2026/08/05 04:15:26.599, 0, NVIDIA GeForce RTX 3080, 6968, 3084, 10240, 96, 98
2026/08/05 04:15:26.708, 0, NVIDIA GeForce RTX 3080, 6968, 3084, 10240, 96, 98
2026/08/05 04:15:26.818, 0, NVIDIA GeForce RTX 3080, 6968, 3084, 10240, 96, 98
2026/08/05 04:15:26.927, 0, NVIDIA GeForce RTX 3080, 6968, 3084, 10240, 96, 98
2026/08/05 04:15:27.036, 0, NVIDIA GeForce RTX 3080, 6968, 3084, 10240, 96, 98
2026/08/05 04:15:27.144, 0, NVIDIA GeForce RTX 3080, 6968, 3084, 10240, 96, 98
2026/08/05 04:15:27.254, 0, NVIDIA GeForce RTX 3080, 6968, 3084, 10240, 96, 98
2026/08/05 04:15:27.363, 0, NVIDIA GeForce RTX 3080, 6968, 3084, 10240, 96, 98
2026/08/05 04:15:27.472, 0, NVIDIA GeForce RTX 3080, 6968, 3084, 10240, 97, 98
2026/08/05 04:15:27.582, 0, NVIDIA GeForce RTX 3080, 6968, 3084, 10240, 97, 98
2026/08/05 04:15:27.691, 0, NVIDIA GeForce RTX 3080, 6968, 3084, 10240, 97, 98
2026/08/05 04:15:27.800, 0, NVIDIA GeForce RTX 3080, 6968, 3084, 10240, 97, 98
2026/08/05 04:15:27.910, 0, NVIDIA GeForce RTX 3080, 6968, 3084, 10240, 97, 98
2026/08/05 04:15:28.018, 0, NVIDIA GeForce RTX 3080, 6968, 3084, 10240, 97, 98
2026/08/05 04:15:28.127, 0, NVIDIA GeForce RTX 3080, 6968, 3084, 10240, 97, 98
2026/08/05 04:15:28.235, 0, NVIDIA GeForce RTX 3080, 6968, 3084, 10240, 97, 98
2026/08/05 04:15:28.344, 0, NVIDIA GeForce RTX 3080, 6968, 3084, 10240, 97, 98
2026/08/05 04:15:28.453, 0, NVIDIA GeForce RTX 3080, 6968, 3084, 10240, 98, 98
2026/08/05 04:15:28.562, 0, NVIDIA GeForce RTX 3080, 6968, 3084, 10240, 98, 98
2026/08/05 04:15:28.671, 0, NVIDIA GeForce RTX 3080, 6968, 3084, 10240, 98, 98
2026/08/05 04:15:28.781, 0, NVIDIA GeForce RTX 3080, 6968, 3084, 10240, 98, 98
2026/08/05 04:15:28.890, 0, NVIDIA GeForce RTX 3080, 6968, 3084, 10240, 97, 98
2026/08/05 04:15:29.000, 0, NVIDIA GeForce RTX 3080, 6968, 3084, 10240, 97, 98
2026/08/05 04:15:29.109, 0, NVIDIA GeForce RTX 3080, 6968, 3084, 10240, 97, 98
2026/08/05 04:15:29.217, 0, NVIDIA GeForce RTX 3080, 6968, 3084, 10240, 97, 98
2026/08/05 04:15:29.327, 0, NVIDIA GeForce RTX 3080, 6968, 3084, 10240, 97, 98
2026/08/05 04:15:29.436, 0, NVIDIA GeForce RTX 3080, 6968, 3084, 10240, 96, 98
2026/08/05 04:15:29.545, 0, NVIDIA GeForce RTX 3080, 6968, 3084, 10240, 96, 98
2026/08/05 04:15:29.655, 0, NVIDIA GeForce RTX 3080, 6968, 3084, 10240, 96, 98
2026/08/05 04:15:29.763, 0, NVIDIA GeForce RTX 3080, 6968, 3084, 10240, 96, 98
2026/08/05 04:15:29.873, 0, NVIDIA GeForce RTX 3080, 6968, 3084, 10240, 96, 98
2026/08/05 04:15:29.981, 0, NVIDIA GeForce RTX 3080, 6968, 3084, 10240, 96, 98
2026/08/05 04:15:30.090, 0, NVIDIA GeForce RTX 3080, 6968, 3084, 10240, 96, 98
2026/08/05 04:15:30.199, 0, NVIDIA GeForce RTX 3080, 6968, 3084, 10240, 96, 98
2026/08/05 04:15:30.308, 0, NVIDIA GeForce RTX 3080, 6968, 3084, 10240, 96, 98
2026/08/05 04:15:30.418, 0, NVIDIA GeForce RTX 3080, 6968, 3084, 10240, 96, 98
2026/08/05 04:15:30.527, 0, NVIDIA GeForce RTX 3080, 6968, 3084, 10240, 96, 98
2026/08/05 04:15:30.636, 0, NVIDIA GeForce RTX 3080, 6968, 3084, 10240, 96, 98
2026/08/05 04:15:30.746, 0, NVIDIA GeForce RTX 3080, 6968, 3084, 10240, 96, 98
2026/08/05 04:15:30.854, 0, NVIDIA GeForce RTX 3080, 6968, 3084, 10240, 96, 98
2026/08/05 04:15:30.963, 0, NVIDIA GeForce RTX 3080, 6968, 3084, 10240, 96, 98
2026/08/05 04:15:31.072, 0, NVIDIA GeForce RTX 3080, 6968, 3084, 10240, 96, 98
2026/08/05 04:15:31.181, 0, NVIDIA GeForce RTX 3080, 6968, 3084, 10240, 96, 98
2026/08/05 04:15:31.289, 0, NVIDIA GeForce RTX 3080, 6968, 3084, 10240, 96, 98
2026/08/05 04:15:31.399, 0, NVIDIA GeForce RTX 3080, 6968, 3084, 10240, 95, 97
2026/08/05 04:15:31.508, 0, NVIDIA GeForce RTX 3080, 6968, 3084, 10240, 95, 97
2026/08/05 04:15:31.617, 0, NVIDIA GeForce RTX 3080, 6968, 3084, 10240, 95, 97
2026/08/05 04:15:31.727, 0, NVIDIA GeForce RTX 3080, 6968, 3084, 10240, 95, 97
2026/08/05 04:15:31.835, 0, NVIDIA GeForce RTX 3080, 6968, 3084, 10240, 95, 97
2026/08/05 04:15:31.945, 0, NVIDIA GeForce RTX 3080, 6968, 3084, 10240, 97, 98
2026/08/05 04:15:32.055, 0, NVIDIA GeForce RTX 3080, 6968, 3084, 10240, 97, 98
2026/08/05 04:15:32.164, 0, NVIDIA GeForce RTX 3080, 6968, 3084, 10240, 97, 98
2026/08/05 04:15:32.273, 0, NVIDIA GeForce RTX 3080, 6968, 3084, 10240, 97, 98
2026/08/05 04:15:32.382, 0, NVIDIA GeForce RTX 3080, 6968, 3084, 10240, 97, 98
2026/08/05 04:15:32.490, 0, NVIDIA GeForce RTX 3080, 6968, 3084, 10240, 97, 98
2026/08/05 04:15:32.600, 0, NVIDIA GeForce RTX 3080, 6968, 3084, 10240, 97, 98
2026/08/05 04:15:32.709, 0, NVIDIA GeForce RTX 3080, 6968, 3084, 10240, 97, 98
2026/08/05 04:15:32.818, 0, NVIDIA GeForce RTX 3080, 6968, 3084, 10240, 97, 98
2026/08/05 04:15:32.927, 0, NVIDIA GeForce RTX 3080, 6968, 3084, 10240, 97, 98
2026/08/05 04:15:33.036, 0, NVIDIA GeForce RTX 3080, 6968, 3084, 10240, 97, 98
2026/08/05 04:15:33.145, 0, NVIDIA GeForce RTX 3080, 6968, 3084, 10240, 97, 98
2026/08/05 04:15:33.254, 0, NVIDIA GeForce RTX 3080, 6968, 3084, 10240, 97, 98
2026/08/05 04:15:33.363, 0, NVIDIA GeForce RTX 3080, 6968, 3084, 10240, 97, 98
2026/08/05 04:15:33.472, 0, NVIDIA GeForce RTX 3080, 6968, 3084, 10240, 96, 97
2026/08/05 04:15:33.582, 0, NVIDIA GeForce RTX 3080, 6968, 3084, 10240, 96, 97
2026/08/05 04:15:33.691, 0, NVIDIA GeForce RTX 3080, 6968, 3084, 10240, 96, 97
2026/08/05 04:15:33.799, 0, NVIDIA GeForce RTX 3080, 6968, 3084, 10240, 96, 97
2026/08/05 04:15:33.908, 0, NVIDIA GeForce RTX 3080, 6968, 3084, 10240, 95, 98
2026/08/05 04:15:34.017, 0, NVIDIA GeForce RTX 3080, 6968, 3084, 10240, 95, 98
2026/08/05 04:15:34.127, 0, NVIDIA GeForce RTX 3080, 6968, 3084, 10240, 95, 98
2026/08/05 04:15:34.236, 0, NVIDIA GeForce RTX 3080, 6968, 3084, 10240, 95, 98
2026/08/05 04:15:34.345, 0, NVIDIA GeForce RTX 3080, 6968, 3084, 10240, 95, 98
2026/08/05 04:15:34.455, 0, NVIDIA GeForce RTX 3080, 6968, 3084, 10240, 96, 98
2026/08/05 04:15:34.563, 0, NVIDIA GeForce RTX 3080, 6968, 3084, 10240, 96, 98
2026/08/05 04:15:34.673, 0, NVIDIA GeForce RTX 3080, 6968, 3084, 10240, 96, 98
2026/08/05 04:15:34.782, 0, NVIDIA GeForce RTX 3080, 6968, 3084, 10240, 96, 98
2026/08/05 04:15:34.891, 0, NVIDIA GeForce RTX 3080, 6968, 3084, 10240, 95, 98
2026/08/05 04:15:35.000, 0, NVIDIA GeForce RTX 3080, 6968, 3084, 10240, 95, 98
2026/08/05 04:15:35.110, 0, NVIDIA GeForce RTX 3080, 6968, 3084, 10240, 95, 98
2026/08/05 04:15:35.219, 0, NVIDIA GeForce RTX 3080, 6968, 3084, 10240, 95, 98
2026/08/05 04:15:35.327, 0, NVIDIA GeForce RTX 3080, 6968, 3084, 10240, 95, 98
2026/08/05 04:15:35.436, 0, NVIDIA GeForce RTX 3080, 6968, 3084, 10240, 95, 98
2026/08/05 04:15:35.546, 0, NVIDIA GeForce RTX 3080, 6968, 3084, 10240, 95, 98
2026/08/05 04:15:35.656, 0, NVIDIA GeForce RTX 3080, 6968, 3084, 10240, 95, 98
2026/08/05 04:15:35.764, 0, NVIDIA GeForce RTX 3080, 6968, 3084, 10240, 95, 98
2026/08/05 04:15:35.874, 0, NVIDIA GeForce RTX 3080, 6968, 3084, 10240, 97, 98
2026/08/05 04:15:35.984, 0, NVIDIA GeForce RTX 3080, 6968, 3084, 10240, 97, 98
2026/08/05 04:15:36.092, 0, NVIDIA GeForce RTX 3080, 6968, 3084, 10240, 97, 98
2026/08/05 04:15:36.202, 0, NVIDIA GeForce RTX 3080, 6968, 3084, 10240, 97, 98
2026/08/05 04:15:36.312, 0, NVIDIA GeForce RTX 3080, 6968, 3084, 10240, 97, 98
2026/08/05 04:15:36.420, 0, NVIDIA GeForce RTX 3080, 6968, 3084, 10240, 97, 98
2026/08/05 04:15:36.530, 0, NVIDIA GeForce RTX 3080, 6968, 3084, 10240, 97, 98
2026/08/05 04:15:36.640, 0, NVIDIA GeForce RTX 3080, 6968, 3084, 10240, 97, 98
2026/08/05 04:15:36.748, 0, NVIDIA GeForce RTX 3080, 6968, 3084, 10240, 97, 98
2026/08/05 04:15:36.858, 0, NVIDIA GeForce RTX 3080, 6968, 3084, 10240, 97, 98
2026/08/05 04:15:36.966, 0, NVIDIA GeForce RTX 3080, 6968, 3084, 10240, 97, 98
2026/08/05 04:15:37.075, 0, NVIDIA GeForce RTX 3080, 6968, 3084, 10240, 97, 98
2026/08/05 04:15:37.184, 0, NVIDIA GeForce RTX 3080, 6968, 3084, 10240, 97, 98
2026/08/05 04:15:37.293, 0, NVIDIA GeForce RTX 3080, 6968, 3084, 10240, 97, 98
2026/08/05 04:15:37.403, 0, NVIDIA GeForce RTX 3080, 6968, 3084, 10240, 97, 98
2026/08/05 04:15:37.512, 0, NVIDIA GeForce RTX 3080, 6968, 3084, 10240, 97, 98
2026/08/05 04:15:37.621, 0, NVIDIA GeForce RTX 3080, 6968, 3084, 10240, 97, 98
2026/08/05 04:15:37.731, 0, NVIDIA GeForce RTX 3080, 6968, 3084, 10240, 97, 98
2026/08/05 04:15:37.841, 0, NVIDIA GeForce RTX 3080, 6968, 3084, 10240, 97, 98
2026/08/05 04:15:37.948, 0, NVIDIA GeForce RTX 3080, 6968, 3084, 10240, 95, 98
2026/08/05 04:15:38.058, 0, NVIDIA GeForce RTX 3080, 6968, 3084, 10240, 95, 98
2026/08/05 04:15:38.167, 0, NVIDIA GeForce RTX 3080, 6968, 3084, 10240, 95, 98
2026/08/05 04:15:38.276, 0, NVIDIA GeForce RTX 3080, 6968, 3084, 10240, 95, 98
2026/08/05 04:15:38.386, 0, NVIDIA GeForce RTX 3080, 6968, 3084, 10240, 95, 98
2026/08/05 04:15:38.495, 0, NVIDIA GeForce RTX 3080, 6968, 3084, 10240, 95, 98
2026/08/05 04:15:38.603, 0, NVIDIA GeForce RTX 3080, 6968, 3084, 10240, 95, 98
2026/08/05 04:15:38.713, 0, NVIDIA GeForce RTX 3080, 6968, 3084, 10240, 95, 98
2026/08/05 04:15:38.822, 0, NVIDIA GeForce RTX 3080, 6968, 3084, 10240, 95, 98
2026/08/05 04:15:38.931, 0, NVIDIA GeForce RTX 3080, 6968, 3084, 10240, 95, 98
2026/08/05 04:15:39.041, 0, NVIDIA GeForce RTX 3080, 6968, 3084, 10240, 95, 98
2026/08/05 04:15:39.150, 0, NVIDIA GeForce RTX 3080, 6968, 3084, 10240, 95, 98
2026/08/05 04:15:39.259, 0, NVIDIA GeForce RTX 3080, 6968, 3084, 10240, 95, 98
2026/08/05 04:15:39.367, 0, NVIDIA GeForce RTX 3080, 6968, 3084, 10240, 95, 98
2026/08/05 04:15:39.477, 0, NVIDIA GeForce RTX 3080, 6968, 3084, 10240, 95, 98
2026/08/05 04:15:39.587, 0, NVIDIA GeForce RTX 3080, 6968, 3084, 10240, 95, 98
2026/08/05 04:15:39.695, 0, NVIDIA GeForce RTX 3080, 6968, 3084, 10240, 95, 98
2026/08/05 04:15:39.805, 0, NVIDIA GeForce RTX 3080, 6968, 3084, 10240, 95, 98
2026/08/05 04:15:39.913, 0, NVIDIA GeForce RTX 3080, 6968, 3084, 10240, 95, 98
2026/08/05 04:15:40.022, 0, NVIDIA GeForce RTX 3080, 6968, 3084, 10240, 95, 98
2026/08/05 04:15:40.131, 0, NVIDIA GeForce RTX 3080, 6968, 3084, 10240, 95, 98
2026/08/05 04:15:40.241, 0, NVIDIA GeForce RTX 3080, 6968, 3084, 10240, 95, 98
2026/08/05 04:15:40.349, 0, NVIDIA GeForce RTX 3080, 6968, 3084, 10240, 95, 98
2026/08/05 04:15:40.459, 0, NVIDIA GeForce RTX 3080, 6968, 3084, 10240, 96, 98
2026/08/05 04:15:40.568, 0, NVIDIA GeForce RTX 3080, 6968, 3084, 10240, 96, 98
2026/08/05 04:15:40.678, 0, NVIDIA GeForce RTX 3080, 6968, 3084, 10240, 96, 98
2026/08/05 04:15:40.786, 0, NVIDIA GeForce RTX 3080, 6968, 3084, 10240, 96, 98
2026/08/05 04:15:40.895, 0, NVIDIA GeForce RTX 3080, 6968, 3084, 10240, 96, 98
2026/08/05 04:15:41.005, 0, NVIDIA GeForce RTX 3080, 6968, 3084, 10240, 96, 98
2026/08/05 04:15:41.113, 0, NVIDIA GeForce RTX 3080, 6968, 3084, 10240, 96, 98
2026/08/05 04:15:41.222, 0, NVIDIA GeForce RTX 3080, 6968, 3084, 10240, 96, 98
2026/08/05 04:15:41.332, 0, NVIDIA GeForce RTX 3080, 6968, 3084, 10240, 96, 98
2026/08/05 04:15:41.441, 0, NVIDIA GeForce RTX 3080, 6968, 3084, 10240, 96, 98
2026/08/05 04:15:41.550, 0, NVIDIA GeForce RTX 3080, 6968, 3084, 10240, 96, 98
2026/08/05 04:15:41.659, 0, NVIDIA GeForce RTX 3080, 6968, 3084, 10240, 96, 98
2026/08/05 04:15:41.767, 0, NVIDIA GeForce RTX 3080, 6968, 3084, 10240, 96, 98
2026/08/05 04:15:41.877, 0, NVIDIA GeForce RTX 3080, 6968, 3084, 10240, 96, 98
2026/08/05 04:15:41.987, 0, NVIDIA GeForce RTX 3080, 6968, 3084, 10240, 96, 98
2026/08/05 04:15:42.095, 0, NVIDIA GeForce RTX 3080, 6968, 3084, 10240, 96, 98
2026/08/05 04:15:42.205, 0, NVIDIA GeForce RTX 3080, 6968, 3084, 10240, 96, 98
2026/08/05 04:15:42.315, 0, NVIDIA GeForce RTX 3080, 6968, 3084, 10240, 96, 98
2026/08/05 04:15:42.422, 0, NVIDIA GeForce RTX 3080, 6968, 3084, 10240, 95, 98
2026/08/05 04:15:42.532, 0, NVIDIA GeForce RTX 3080, 6968, 3084, 10240, 95, 98
2026/08/05 04:15:42.642, 0, NVIDIA GeForce RTX 3080, 6968, 3084, 10240, 95, 98
2026/08/05 04:15:42.750, 0, NVIDIA GeForce RTX 3080, 6968, 3084, 10240, 95, 98
2026/08/05 04:15:42.860, 0, NVIDIA GeForce RTX 3080, 6968, 3084, 10240, 95, 98
2026/08/05 04:15:42.970, 0, NVIDIA GeForce RTX 3080, 6968, 3084, 10240, 95, 98
2026/08/05 04:15:43.078, 0, NVIDIA GeForce RTX 3080, 6968, 3084, 10240, 95, 98
2026/08/05 04:15:43.188, 0, NVIDIA GeForce RTX 3080, 6968, 3084, 10240, 95, 98
2026/08/05 04:15:43.297, 0, NVIDIA GeForce RTX 3080, 6968, 3084, 10240, 95, 98
2026/08/05 04:15:43.406, 0, NVIDIA GeForce RTX 3080, 6968, 3084, 10240, 94, 98
2026/08/05 04:15:43.515, 0, NVIDIA GeForce RTX 3080, 6968, 3084, 10240, 94, 98
2026/08/05 04:15:43.624, 0, NVIDIA GeForce RTX 3080, 6968, 3084, 10240, 94, 98
2026/08/05 04:15:43.733, 0, NVIDIA GeForce RTX 3080, 6968, 3084, 10240, 94, 98
2026/08/05 04:15:43.843, 0, NVIDIA GeForce RTX 3080, 6968, 3084, 10240, 94, 98
2026/08/05 04:15:43.952, 0, NVIDIA GeForce RTX 3080, 6968, 3084, 10240, 94, 98
2026/08/05 04:15:44.061, 0, NVIDIA GeForce RTX 3080, 6968, 3084, 10240, 94, 98
2026/08/05 04:15:44.171, 0, NVIDIA GeForce RTX 3080, 6968, 3084, 10240, 94, 98
2026/08/05 04:15:44.280, 0, NVIDIA GeForce RTX 3080, 6968, 3084, 10240, 94, 98
2026/08/05 04:15:44.388, 0, NVIDIA GeForce RTX 3080, 6968, 3084, 10240, 94, 98
2026/08/05 04:15:44.497, 0, NVIDIA GeForce RTX 3080, 6968, 3084, 10240, 94, 98
2026/08/05 04:15:44.607, 0, NVIDIA GeForce RTX 3080, 6968, 3084, 10240, 94, 98
2026/08/05 04:15:44.717, 0, NVIDIA GeForce RTX 3080, 6968, 3084, 10240, 94, 98
2026/08/05 04:15:44.825, 0, NVIDIA GeForce RTX 3080, 6968, 3084, 10240, 94, 98
2026/08/05 04:15:44.935, 0, NVIDIA GeForce RTX 3080, 6968, 3084, 10240, 96, 98
2026/08/05 04:15:45.044, 0, NVIDIA GeForce RTX 3080, 6968, 3084, 10240, 96, 98
2026/08/05 04:15:45.153, 0, NVIDIA GeForce RTX 3080, 6968, 3084, 10240, 96, 98
2026/08/05 04:15:45.263, 0, NVIDIA GeForce RTX 3080, 6968, 3084, 10240, 96, 98
2026/08/05 04:15:45.372, 0, NVIDIA GeForce RTX 3080, 6968, 3084, 10240, 96, 98
2026/08/05 04:15:45.480, 0, NVIDIA GeForce RTX 3080, 6968, 3084, 10240, 96, 98
2026/08/05 04:15:45.590, 0, NVIDIA GeForce RTX 3080, 6968, 3084, 10240, 96, 98
2026/08/05 04:15:45.699, 0, NVIDIA GeForce RTX 3080, 6968, 3084, 10240, 96, 98
2026/08/05 04:15:45.808, 0, NVIDIA GeForce RTX 3080, 6968, 3084, 10240, 96, 98
2026/08/05 04:15:45.918, 0, NVIDIA GeForce RTX 3080, 6968, 3084, 10240, 96, 98
2026/08/05 04:15:46.026, 0, NVIDIA GeForce RTX 3080, 6968, 3084, 10240, 96, 98
2026/08/05 04:15:46.135, 0, NVIDIA GeForce RTX 3080, 6968, 3084, 10240, 96, 98
2026/08/05 04:15:46.245, 0, NVIDIA GeForce RTX 3080, 6968, 3084, 10240, 96, 98
2026/08/05 04:15:46.354, 0, NVIDIA GeForce RTX 3080, 6968, 3084, 10240, 96, 98
2026/08/05 04:15:46.463, 0, NVIDIA GeForce RTX 3080, 6968, 3084, 10240, 95, 98
2026/08/05 04:15:46.573, 0, NVIDIA GeForce RTX 3080, 6968, 3084, 10240, 95, 98
2026/08/05 04:15:46.682, 0, NVIDIA GeForce RTX 3080, 6968, 3084, 10240, 95, 98
2026/08/05 04:15:46.791, 0, NVIDIA GeForce RTX 3080, 6968, 3084, 10240, 95, 98
2026/08/05 04:15:46.901, 0, NVIDIA GeForce RTX 3080, 6968, 3084, 10240, 96, 98
2026/08/05 04:15:47.010, 0, NVIDIA GeForce RTX 3080, 6968, 3084, 10240, 96, 98
2026/08/05 04:15:47.119, 0, NVIDIA GeForce RTX 3080, 6968, 3084, 10240, 96, 98
2026/08/05 04:15:47.227, 0, NVIDIA GeForce RTX 3080, 6968, 3084, 10240, 96, 98
2026/08/05 04:15:47.337, 0, NVIDIA GeForce RTX 3080, 6968, 3084, 10240, 96, 98
2026/08/05 04:15:47.446, 0, NVIDIA GeForce RTX 3080, 6968, 3084, 10240, 94, 98
2026/08/05 04:15:47.555, 0, NVIDIA GeForce RTX 3080, 6968, 3084, 10240, 94, 98
2026/08/05 04:15:47.665, 0, NVIDIA GeForce RTX 3080, 6968, 3084, 10240, 94, 98
2026/08/05 04:15:47.775, 0, NVIDIA GeForce RTX 3080, 6968, 3084, 10240, 94, 98
2026/08/05 04:15:47.883, 0, NVIDIA GeForce RTX 3080, 6968, 3084, 10240, 94, 98
2026/08/05 04:15:47.993, 0, NVIDIA GeForce RTX 3080, 6968, 3084, 10240, 94, 98
2026/08/05 04:15:48.102, 0, NVIDIA GeForce RTX 3080, 6968, 3084, 10240, 94, 98
2026/08/05 04:15:48.211, 0, NVIDIA GeForce RTX 3080, 6968, 3084, 10240, 94, 98
2026/08/05 04:15:48.321, 0, NVIDIA GeForce RTX 3080, 6968, 3084, 10240, 94, 98
2026/08/05 04:15:48.429, 0, NVIDIA GeForce RTX 3080, 6968, 3084, 10240, 94, 98
2026/08/05 04:15:48.538, 0, NVIDIA GeForce RTX 3080, 6968, 3084, 10240, 94, 98
2026/08/05 04:15:48.648, 0, NVIDIA GeForce RTX 3080, 6968, 3084, 10240, 94, 98
2026/08/05 04:15:48.757, 0, NVIDIA GeForce RTX 3080, 6968, 3084, 10240, 94, 98
2026/08/05 04:15:48.866, 0, NVIDIA GeForce RTX 3080, 6968, 3084, 10240, 94, 98
2026/08/05 04:15:48.976, 0, NVIDIA GeForce RTX 3080, 6968, 3084, 10240, 94, 98
2026/08/05 04:15:49.085, 0, NVIDIA GeForce RTX 3080, 6968, 3084, 10240, 94, 98
2026/08/05 04:15:49.194, 0, NVIDIA GeForce RTX 3080, 6968, 3084, 10240, 94, 98
2026/08/05 04:15:49.303, 0, NVIDIA GeForce RTX 3080, 6968, 3084, 10240, 94, 98
2026/08/05 04:15:49.412, 0, NVIDIA GeForce RTX 3080, 6968, 3084, 10240, 94, 98
2026/08/05 04:15:49.522, 0, NVIDIA GeForce RTX 3080, 6968, 3084, 10240, 94, 98
2026/08/05 04:15:49.631, 0, NVIDIA GeForce RTX 3080, 6968, 3084, 10240, 94, 98
2026/08/05 04:15:49.739, 0, NVIDIA GeForce RTX 3080, 6968, 3084, 10240, 94, 98
2026/08/05 04:15:49.849, 0, NVIDIA GeForce RTX 3080, 6968, 3084, 10240, 94, 98
2026/08/05 04:15:49.958, 0, NVIDIA GeForce RTX 3080, 6968, 3084, 10240, 97, 98
2026/08/05 04:15:50.067, 0, NVIDIA GeForce RTX 3080, 6968, 3084, 10240, 97, 98
2026/08/05 04:15:50.177, 0, NVIDIA GeForce RTX 3080, 6968, 3084, 10240, 97, 98
2026/08/05 04:15:50.286, 0, NVIDIA GeForce RTX 3080, 6968, 3084, 10240, 97, 98
2026/08/05 04:15:50.395, 0, NVIDIA GeForce RTX 3080, 6968, 3084, 10240, 97, 98
2026/08/05 04:15:50.504, 0, NVIDIA GeForce RTX 3080, 6968, 3084, 10240, 97, 98
2026/08/05 04:15:50.613, 0, NVIDIA GeForce RTX 3080, 6968, 3084, 10240, 97, 98
2026/08/05 04:15:50.722, 0, NVIDIA GeForce RTX 3080, 6968, 3084, 10240, 97, 98
2026/08/05 04:15:50.832, 0, NVIDIA GeForce RTX 3080, 6968, 3084, 10240, 97, 98
2026/08/05 04:15:50.940, 0, NVIDIA GeForce RTX 3080, 6968, 3084, 10240, 97, 98
2026/08/05 04:15:51.050, 0, NVIDIA GeForce RTX 3080, 6968, 3084, 10240, 97, 98
2026/08/05 04:15:51.160, 0, NVIDIA GeForce RTX 3080, 6968, 3084, 10240, 97, 98
2026/08/05 04:15:51.268, 0, NVIDIA GeForce RTX 3080, 6968, 3084, 10240, 97, 98
2026/08/05 04:15:51.378, 0, NVIDIA GeForce RTX 3080, 6968, 3084, 10240, 96, 96
2026/08/05 04:15:51.487, 0, NVIDIA GeForce RTX 3080, 6968, 3084, 10240, 96, 96
2026/08/05 04:15:51.596, 0, NVIDIA GeForce RTX 3080, 6968, 3084, 10240, 96, 96
2026/08/05 04:15:51.706, 0, NVIDIA GeForce RTX 3080, 6968, 3084, 10240, 96, 96
2026/08/05 04:15:51.815, 0, NVIDIA GeForce RTX 3080, 6968, 3084, 10240, 96, 96
2026/08/05 04:15:51.923, 0, NVIDIA GeForce RTX 3080, 6968, 3084, 10240, 98, 98
2026/08/05 04:15:52.033, 0, NVIDIA GeForce RTX 3080, 6968, 3084, 10240, 98, 98
2026/08/05 04:15:52.142, 0, NVIDIA GeForce RTX 3080, 6968, 3084, 10240, 98, 98
2026/08/05 04:15:52.251, 0, NVIDIA GeForce RTX 3080, 6968, 3084, 10240, 98, 98
2026/08/05 04:15:52.361, 0, NVIDIA GeForce RTX 3080, 6968, 3084, 10240, 98, 98
2026/08/05 04:15:52.470, 0, NVIDIA GeForce RTX 3080, 6968, 3084, 10240, 98, 98
2026/08/05 04:15:52.579, 0, NVIDIA GeForce RTX 3080, 6968, 3084, 10240, 98, 98
2026/08/05 04:15:52.688, 0, NVIDIA GeForce RTX 3080, 6968, 3084, 10240, 98, 98
2026/08/05 04:15:52.797, 0, NVIDIA GeForce RTX 3080, 6968, 3084, 10240, 98, 98
2026/08/05 04:15:52.906, 0, NVIDIA GeForce RTX 3080, 6968, 3084, 10240, 98, 98
2026/08/05 04:15:53.015, 0, NVIDIA GeForce RTX 3080, 6968, 3084, 10240, 98, 98
2026/08/05 04:15:53.125, 0, NVIDIA GeForce RTX 3080, 6968, 3084, 10240, 98, 98
2026/08/05 04:15:53.234, 0, NVIDIA GeForce RTX 3080, 6968, 3084, 10240, 98, 98
2026/08/05 04:15:53.343, 0, NVIDIA GeForce RTX 3080, 6968, 3084, 10240, 98, 98
2026/08/05 04:15:53.453, 0, NVIDIA GeForce RTX 3080, 6968, 3084, 10240, 96, 98
2026/08/05 04:15:53.561, 0, NVIDIA GeForce RTX 3080, 6968, 3084, 10240, 96, 98
2026/08/05 04:15:53.670, 0, NVIDIA GeForce RTX 3080, 6968, 3084, 10240, 96, 98
2026/08/05 04:15:53.780, 0, NVIDIA GeForce RTX 3080, 6968, 3084, 10240, 96, 98
2026/08/05 04:15:53.890, 0, NVIDIA GeForce RTX 3080, 6968, 3084, 10240, 96, 98
2026/08/05 04:15:53.996, 0, NVIDIA GeForce RTX 3080, 6968, 3084, 10240, 96, 98
2026/08/05 04:15:54.106, 0, NVIDIA GeForce RTX 3080, 6968, 3084, 10240, 96, 98
2026/08/05 04:15:54.219, 0, NVIDIA GeForce RTX 3080, 6968, 3084, 10240, 96, 98
2026/08/05 04:15:54.328, 0, NVIDIA GeForce RTX 3080, 6968, 3084, 10240, 96, 98
2026/08/05 04:15:54.438, 0, NVIDIA GeForce RTX 3080, 6968, 3084, 10240, 96, 98
2026/08/05 04:15:54.546, 0, NVIDIA GeForce RTX 3080, 6968, 3084, 10240, 96, 98
2026/08/05 04:15:54.656, 0, NVIDIA GeForce RTX 3080, 6968, 3084, 10240, 96, 98
2026/08/05 04:15:54.766, 0, NVIDIA GeForce RTX 3080, 6968, 3084, 10240, 96, 98
2026/08/05 04:15:54.874, 0, NVIDIA GeForce RTX 3080, 6968, 3084, 10240, 96, 98
2026/08/05 04:15:54.984, 0, NVIDIA GeForce RTX 3080, 6968, 3084, 10240, 96, 98
2026/08/05 04:15:55.094, 0, NVIDIA GeForce RTX 3080, 6968, 3084, 10240, 96, 98
2026/08/05 04:15:55.202, 0, NVIDIA GeForce RTX 3080, 6968, 3084, 10240, 96, 98
2026/08/05 04:15:55.312, 0, NVIDIA GeForce RTX 3080, 6968, 3084, 10240, 96, 98
2026/08/05 04:15:55.422, 0, NVIDIA GeForce RTX 3080, 6968, 3084, 10240, 97, 98
2026/08/05 04:15:55.530, 0, NVIDIA GeForce RTX 3080, 6968, 3084, 10240, 97, 98
2026/08/05 04:15:55.640, 0, NVIDIA GeForce RTX 3080, 6968, 3084, 10240, 97, 98
2026/08/05 04:15:55.750, 0, NVIDIA GeForce RTX 3080, 6968, 3084, 10240, 97, 98
2026/08/05 04:15:55.858, 0, NVIDIA GeForce RTX 3080, 6968, 3084, 10240, 97, 98
2026/08/05 04:15:55.968, 0, NVIDIA GeForce RTX 3080, 6968, 3084, 10240, 97, 98
2026/08/05 04:15:56.077, 0, NVIDIA GeForce RTX 3080, 6968, 3084, 10240, 97, 98
2026/08/05 04:15:56.185, 0, NVIDIA GeForce RTX 3080, 6968, 3084, 10240, 97, 98
2026/08/05 04:15:56.295, 0, NVIDIA GeForce RTX 3080, 6968, 3084, 10240, 97, 98
2026/08/05 04:15:56.404, 0, NVIDIA GeForce RTX 3080, 6968, 3084, 10240, 97, 98
2026/08/05 04:15:56.514, 0, NVIDIA GeForce RTX 3080, 6968, 3084, 10240, 97, 98
2026/08/05 04:15:56.623, 0, NVIDIA GeForce RTX 3080, 6968, 3084, 10240, 97, 98
2026/08/05 04:15:56.732, 0, NVIDIA GeForce RTX 3080, 6968, 3084, 10240, 97, 98
2026/08/05 04:15:56.841, 0, NVIDIA GeForce RTX 3080, 6968, 3084, 10240, 97, 98
2026/08/05 04:15:56.951, 0, NVIDIA GeForce RTX 3080, 6968, 3084, 10240, 97, 98
2026/08/05 04:15:57.060, 0, NVIDIA GeForce RTX 3080, 6968, 3084, 10240, 97, 98
2026/08/05 04:15:57.170, 0, NVIDIA GeForce RTX 3080, 6968, 3084, 10240, 97, 98
2026/08/05 04:15:57.280, 0, NVIDIA GeForce RTX 3080, 6968, 3084, 10240, 97, 98
2026/08/05 04:15:57.387, 0, NVIDIA GeForce RTX 3080, 6968, 3084, 10240, 96, 98
2026/08/05 04:15:57.496, 0, NVIDIA GeForce RTX 3080, 6968, 3084, 10240, 96, 98
2026/08/05 04:15:57.605, 0, NVIDIA GeForce RTX 3080, 6968, 3084, 10240, 96, 98
2026/08/05 04:15:57.714, 0, NVIDIA GeForce RTX 3080, 6968, 3084, 10240, 96, 98
2026/08/05 04:15:57.823, 0, NVIDIA GeForce RTX 3080, 6968, 3084, 10240, 96, 98
2026/08/05 04:15:57.932, 0, NVIDIA GeForce RTX 3080, 6968, 3084, 10240, 96, 98
2026/08/05 04:15:58.041, 0, NVIDIA GeForce RTX 3080, 6968, 3084, 10240, 96, 98
2026/08/05 04:15:58.149, 0, NVIDIA GeForce RTX 3080, 6968, 3084, 10240, 96, 98
2026/08/05 04:15:58.258, 0, NVIDIA GeForce RTX 3080, 6968, 3084, 10240, 96, 98
2026/08/05 04:15:58.368, 0, NVIDIA GeForce RTX 3080, 6968, 3084, 10240, 96, 98
2026/08/05 04:15:58.476, 0, NVIDIA GeForce RTX 3080, 6968, 3084, 10240, 96, 98
2026/08/05 04:15:58.585, 0, NVIDIA GeForce RTX 3080, 6968, 3084, 10240, 96, 98
2026/08/05 04:15:58.695, 0, NVIDIA GeForce RTX 3080, 6968, 3084, 10240, 96, 98
2026/08/05 04:15:58.803, 0, NVIDIA GeForce RTX 3080, 6968, 3084, 10240, 96, 98
2026/08/05 04:15:58.913, 0, NVIDIA GeForce RTX 3080, 6968, 3084, 10240, 95, 98
2026/08/05 04:15:59.023, 0, NVIDIA GeForce RTX 3080, 6968, 3084, 10240, 95, 98
2026/08/05 04:15:59.131, 0, NVIDIA GeForce RTX 3080, 6968, 3084, 10240, 95, 98
2026/08/05 04:15:59.242, 0, NVIDIA GeForce RTX 3080, 6968, 3084, 10240, 95, 98
2026/08/05 04:15:59.351, 0, NVIDIA GeForce RTX 3080, 6968, 3084, 10240, 95, 98
2026/08/05 04:15:59.460, 0, NVIDIA GeForce RTX 3080, 6968, 3084, 10240, 97, 98
2026/08/05 04:15:59.569, 0, NVIDIA GeForce RTX 3080, 6968, 3084, 10240, 97, 98
2026/08/05 04:15:59.677, 0, NVIDIA GeForce RTX 3080, 6968, 3084, 10240, 97, 98
2026/08/05 04:15:59.787, 0, NVIDIA GeForce RTX 3080, 6968, 3084, 10240, 97, 98
2026/08/05 04:15:59.896, 0, NVIDIA GeForce RTX 3080, 6968, 3084, 10240, 97, 98
2026/08/05 04:16:00.004, 0, NVIDIA GeForce RTX 3080, 6968, 3084, 10240, 97, 98
2026/08/05 04:16:00.114, 0, NVIDIA GeForce RTX 3080, 6968, 3084, 10240, 97, 98
2026/08/05 04:16:00.224, 0, NVIDIA GeForce RTX 3080, 6968, 3084, 10240, 97, 98
2026/08/05 04:16:00.333, 0, NVIDIA GeForce RTX 3080, 6968, 3084, 10240, 97, 98
2026/08/05 04:16:00.442, 0, NVIDIA GeForce RTX 3080, 6968, 3084, 10240, 97, 98
2026/08/05 04:16:00.552, 0, NVIDIA GeForce RTX 3080, 6968, 3084, 10240, 97, 98
2026/08/05 04:16:00.660, 0, NVIDIA GeForce RTX 3080, 6968, 3084, 10240, 97, 98
2026/08/05 04:16:00.769, 0, NVIDIA GeForce RTX 3080, 6968, 3084, 10240, 97, 98
2026/08/05 04:16:00.878, 0, NVIDIA GeForce RTX 3080, 6968, 3084, 10240, 97, 98
2026/08/05 04:16:00.988, 0, NVIDIA GeForce RTX 3080, 6968, 3084, 10240, 97, 98
2026/08/05 04:16:01.096, 0, NVIDIA GeForce RTX 3080, 6968, 3084, 10240, 97, 98
2026/08/05 04:16:01.204, 0, NVIDIA GeForce RTX 3080, 6968, 3084, 10240, 97, 98
2026/08/05 04:16:01.314, 0, NVIDIA GeForce RTX 3080, 6968, 3084, 10240, 97, 98
2026/08/05 04:16:01.423, 0, NVIDIA GeForce RTX 3080, 6968, 3084, 10240, 96, 98
2026/08/05 04:16:01.532, 0, NVIDIA GeForce RTX 3080, 6968, 3084, 10240, 96, 98
2026/08/05 04:16:01.641, 0, NVIDIA GeForce RTX 3080, 6968, 3084, 10240, 96, 98
2026/08/05 04:16:01.751, 0, NVIDIA GeForce RTX 3080, 6968, 3084, 10240, 96, 98
2026/08/05 04:16:01.860, 0, NVIDIA GeForce RTX 3080, 6968, 3084, 10240, 96, 98
2026/08/05 04:16:01.969, 0, NVIDIA GeForce RTX 3080, 6968, 3084, 10240, 96, 98
2026/08/05 04:16:02.077, 0, NVIDIA GeForce RTX 3080, 6968, 3084, 10240, 96, 98
2026/08/05 04:16:02.187, 0, NVIDIA GeForce RTX 3080, 6968, 3084, 10240, 96, 98
2026/08/05 04:16:02.296, 0, NVIDIA GeForce RTX 3080, 6968, 3084, 10240, 96, 98
2026/08/05 04:16:02.405, 0, NVIDIA GeForce RTX 3080, 6968, 3084, 10240, 96, 98
2026/08/05 04:16:02.513, 0, NVIDIA GeForce RTX 3080, 6968, 3084, 10240, 96, 98
2026/08/05 04:16:02.623, 0, NVIDIA GeForce RTX 3080, 6968, 3084, 10240, 96, 98
2026/08/05 04:16:02.732, 0, NVIDIA GeForce RTX 3080, 6968, 3084, 10240, 96, 98
2026/08/05 04:16:02.841, 0, NVIDIA GeForce RTX 3080, 6968, 3084, 10240, 96, 98
2026/08/05 04:16:02.951, 0, NVIDIA GeForce RTX 3080, 6968, 3084, 10240, 95, 98
2026/08/05 04:16:03.060, 0, NVIDIA GeForce RTX 3080, 6968, 3084, 10240, 95, 98
2026/08/05 04:16:03.169, 0, NVIDIA GeForce RTX 3080, 6968, 3084, 10240, 95, 98
2026/08/05 04:16:03.278, 0, NVIDIA GeForce RTX 3080, 6968, 3084, 10240, 95, 98
2026/08/05 04:16:03.387, 0, NVIDIA GeForce RTX 3080, 6968, 3084, 10240, 95, 98
2026/08/05 04:16:03.496, 0, NVIDIA GeForce RTX 3080, 6968, 3084, 10240, 95, 98
2026/08/05 04:16:03.605, 0, NVIDIA GeForce RTX 3080, 6968, 3084, 10240, 95, 98
2026/08/05 04:16:03.715, 0, NVIDIA GeForce RTX 3080, 6968, 3084, 10240, 95, 98
2026/08/05 04:16:03.824, 0, NVIDIA GeForce RTX 3080, 6968, 3084, 10240, 95, 98
2026/08/05 04:16:03.933, 0, NVIDIA GeForce RTX 3080, 6968, 3084, 10240, 97, 98
2026/08/05 04:16:04.042, 0, NVIDIA GeForce RTX 3080, 6968, 3084, 10240, 97, 98
2026/08/05 04:16:04.152, 0, NVIDIA GeForce RTX 3080, 6968, 3084, 10240, 97, 98
2026/08/05 04:16:04.261, 0, NVIDIA GeForce RTX 3080, 6968, 3084, 10240, 97, 98
2026/08/05 04:16:04.371, 0, NVIDIA GeForce RTX 3080, 6968, 3084, 10240, 97, 98
2026/08/05 04:16:04.481, 0, NVIDIA GeForce RTX 3080, 6968, 3084, 10240, 97, 98
2026/08/05 04:16:04.589, 0, NVIDIA GeForce RTX 3080, 6968, 3084, 10240, 97, 98
2026/08/05 04:16:04.698, 0, NVIDIA GeForce RTX 3080, 6968, 3084, 10240, 97, 98
2026/08/05 04:16:04.807, 0, NVIDIA GeForce RTX 3080, 6968, 3084, 10240, 97, 98
2026/08/05 04:16:04.916, 0, NVIDIA GeForce RTX 3080, 6968, 3084, 10240, 96, 98
2026/08/05 04:16:05.026, 0, NVIDIA GeForce RTX 3080, 6968, 3084, 10240, 96, 98
2026/08/05 04:16:05.134, 0, NVIDIA GeForce RTX 3080, 6968, 3084, 10240, 96, 98
2026/08/05 04:16:05.244, 0, NVIDIA GeForce RTX 3080, 6968, 3084, 10240, 96, 98
2026/08/05 04:16:05.353, 0, NVIDIA GeForce RTX 3080, 6968, 3084, 10240, 96, 98
2026/08/05 04:16:05.462, 0, NVIDIA GeForce RTX 3080, 6968, 3084, 10240, 97, 98
2026/08/05 04:16:05.572, 0, NVIDIA GeForce RTX 3080, 6968, 3084, 10240, 97, 98
2026/08/05 04:16:05.681, 0, NVIDIA GeForce RTX 3080, 6968, 3084, 10240, 97, 98
2026/08/05 04:16:05.790, 0, NVIDIA GeForce RTX 3080, 6968, 3084, 10240, 97, 98
2026/08/05 04:16:05.900, 0, NVIDIA GeForce RTX 3080, 6968, 3084, 10240, 95, 98
2026/08/05 04:16:06.009, 0, NVIDIA GeForce RTX 3080, 6968, 3084, 10240, 95, 98
2026/08/05 04:16:06.117, 0, NVIDIA GeForce RTX 3080, 6968, 3084, 10240, 95, 98
2026/08/05 04:16:06.227, 0, NVIDIA GeForce RTX 3080, 6968, 3084, 10240, 95, 98
2026/08/05 04:16:06.335, 0, NVIDIA GeForce RTX 3080, 6968, 3084, 10240, 95, 98
2026/08/05 04:16:06.445, 0, NVIDIA GeForce RTX 3080, 6968, 3084, 10240, 95, 98
2026/08/05 04:16:06.555, 0, NVIDIA GeForce RTX 3080, 6968, 3084, 10240, 95, 98
2026/08/05 04:16:06.664, 0, NVIDIA GeForce RTX 3080, 6968, 3084, 10240, 95, 98
2026/08/05 04:16:06.773, 0, NVIDIA GeForce RTX 3080, 6968, 3084, 10240, 95, 98
2026/08/05 04:16:06.882, 0, NVIDIA GeForce RTX 3080, 6968, 3084, 10240, 95, 98
2026/08/05 04:16:06.991, 0, NVIDIA GeForce RTX 3080, 6968, 3084, 10240, 95, 98
2026/08/05 04:16:07.100, 0, NVIDIA GeForce RTX 3080, 6968, 3084, 10240, 95, 98
2026/08/05 04:16:07.210, 0, NVIDIA GeForce RTX 3080, 6968, 3084, 10240, 95, 98
2026/08/05 04:16:07.319, 0, NVIDIA GeForce RTX 3080, 6968, 3084, 10240, 95, 98
2026/08/05 04:16:07.429, 0, NVIDIA GeForce RTX 3080, 6968, 3084, 10240, 95, 98
2026/08/05 04:16:07.537, 0, NVIDIA GeForce RTX 3080, 6968, 3084, 10240, 95, 98
2026/08/05 04:16:07.646, 0, NVIDIA GeForce RTX 3080, 6968, 3084, 10240, 95, 98
2026/08/05 04:16:07.756, 0, NVIDIA GeForce RTX 3080, 6968, 3084, 10240, 95, 98
2026/08/05 04:16:07.865, 0, NVIDIA GeForce RTX 3080, 6968, 3084, 10240, 95, 98
2026/08/05 04:16:07.973, 0, NVIDIA GeForce RTX 3080, 6968, 3084, 10240, 94, 97
2026/08/05 04:16:08.082, 0, NVIDIA GeForce RTX 3080, 6968, 3084, 10240, 94, 97
2026/08/05 04:16:08.190, 0, NVIDIA GeForce RTX 3080, 6968, 3084, 10240, 94, 97
2026/08/05 04:16:08.300, 0, NVIDIA GeForce RTX 3080, 6968, 3084, 10240, 94, 97
2026/08/05 04:16:08.410, 0, NVIDIA GeForce RTX 3080, 6968, 3084, 10240, 96, 98
2026/08/05 04:16:08.519, 0, NVIDIA GeForce RTX 3080, 6968, 3084, 10240, 96, 98
2026/08/05 04:16:08.627, 0, NVIDIA GeForce RTX 3080, 6968, 3084, 10240, 96, 98
2026/08/05 04:16:08.736, 0, NVIDIA GeForce RTX 3080, 6968, 3084, 10240, 96, 98
2026/08/05 04:16:08.846, 0, NVIDIA GeForce RTX 3080, 6968, 3084, 10240, 96, 98
2026/08/05 04:16:08.955, 0, NVIDIA GeForce RTX 3080, 6968, 3084, 10240, 96, 98
2026/08/05 04:16:09.064, 0, NVIDIA GeForce RTX 3080, 6968, 3084, 10240, 96, 98
2026/08/05 04:16:09.174, 0, NVIDIA GeForce RTX 3080, 6968, 3084, 10240, 96, 98
2026/08/05 04:16:09.284, 0, NVIDIA GeForce RTX 3080, 6968, 3084, 10240, 96, 98
2026/08/05 04:16:09.392, 0, NVIDIA GeForce RTX 3080, 6968, 3084, 10240, 96, 98
2026/08/05 04:16:09.501, 0, NVIDIA GeForce RTX 3080, 6968, 3084, 10240, 96, 98
2026/08/05 04:16:09.610, 0, NVIDIA GeForce RTX 3080, 6968, 3084, 10240, 96, 98
2026/08/05 04:16:09.719, 0, NVIDIA GeForce RTX 3080, 6968, 3084, 10240, 96, 98
2026/08/05 04:16:09.827, 0, NVIDIA GeForce RTX 3080, 6968, 3084, 10240, 96, 98
2026/08/05 04:16:09.936, 0, NVIDIA GeForce RTX 3080, 6968, 3084, 10240, 96, 98
2026/08/05 04:16:10.046, 0, NVIDIA GeForce RTX 3080, 6968, 3084, 10240, 96, 98
2026/08/05 04:16:10.156, 0, NVIDIA GeForce RTX 3080, 6968, 3084, 10240, 96, 98
2026/08/05 04:16:10.265, 0, NVIDIA GeForce RTX 3080, 6968, 3084, 10240, 96, 98
2026/08/05 04:16:10.373, 0, NVIDIA GeForce RTX 3080, 6968, 3084, 10240, 96, 98
2026/08/05 04:16:10.482, 0, NVIDIA GeForce RTX 3080, 6968, 3084, 10240, 95, 98
2026/08/05 04:16:10.591, 0, NVIDIA GeForce RTX 3080, 6968, 3084, 10240, 95, 98
2026/08/05 04:16:10.700, 0, NVIDIA GeForce RTX 3080, 6968, 3084, 10240, 95, 98
2026/08/05 04:16:10.810, 0, NVIDIA GeForce RTX 3080, 6968, 3084, 10240, 95, 98
2026/08/05 04:16:10.919, 0, NVIDIA GeForce RTX 3080, 6968, 3084, 10240, 95, 98
2026/08/05 04:16:11.027, 0, NVIDIA GeForce RTX 3080, 6968, 3084, 10240, 95, 98
2026/08/05 04:16:11.135, 0, NVIDIA GeForce RTX 3080, 6968, 3084, 10240, 95, 98
2026/08/05 04:16:11.245, 0, NVIDIA GeForce RTX 3080, 6968, 3084, 10240, 95, 98
2026/08/05 04:16:11.354, 0, NVIDIA GeForce RTX 3080, 6968, 3084, 10240, 95, 98
2026/08/05 04:16:11.463, 0, NVIDIA GeForce RTX 3080, 6968, 3084, 10240, 95, 98
2026/08/05 04:16:11.573, 0, NVIDIA GeForce RTX 3080, 6968, 3084, 10240, 95, 98
2026/08/05 04:16:11.683, 0, NVIDIA GeForce RTX 3080, 6968, 3084, 10240, 95, 98
2026/08/05 04:16:11.791, 0, NVIDIA GeForce RTX 3080, 6968, 3084, 10240, 95, 98
2026/08/05 04:16:11.901, 0, NVIDIA GeForce RTX 3080, 6968, 3084, 10240, 95, 98
2026/08/05 04:16:12.011, 0, NVIDIA GeForce RTX 3080, 6968, 3084, 10240, 95, 98
2026/08/05 04:16:12.118, 0, NVIDIA GeForce RTX 3080, 6968, 3084, 10240, 95, 98
2026/08/05 04:16:12.228, 0, NVIDIA GeForce RTX 3080, 6968, 3084, 10240, 95, 98
2026/08/05 04:16:12.337, 0, NVIDIA GeForce RTX 3080, 6968, 3084, 10240, 95, 98
2026/08/05 04:16:12.446, 0, NVIDIA GeForce RTX 3080, 6968, 3084, 10240, 95, 98
2026/08/05 04:16:12.556, 0, NVIDIA GeForce RTX 3080, 6968, 3084, 10240, 95, 98
2026/08/05 04:16:12.665, 0, NVIDIA GeForce RTX 3080, 6968, 3084, 10240, 95, 98
2026/08/05 04:16:12.773, 0, NVIDIA GeForce RTX 3080, 6968, 3084, 10240, 95, 98
2026/08/05 04:16:12.883, 0, NVIDIA GeForce RTX 3080, 6968, 3084, 10240, 96, 98
2026/08/05 04:16:12.992, 0, NVIDIA GeForce RTX 3080, 6968, 3084, 10240, 96, 98
2026/08/05 04:16:13.101, 0, NVIDIA GeForce RTX 3080, 6968, 3084, 10240, 96, 98
2026/08/05 04:16:13.211, 0, NVIDIA GeForce RTX 3080, 6968, 3084, 10240, 96, 98
2026/08/05 04:16:13.320, 0, NVIDIA GeForce RTX 3080, 6968, 3084, 10240, 96, 98
2026/08/05 04:16:13.429, 0, NVIDIA GeForce RTX 3080, 6968, 3084, 10240, 96, 98
2026/08/05 04:16:13.538, 0, NVIDIA GeForce RTX 3080, 6968, 3084, 10240, 96, 98
2026/08/05 04:16:13.648, 0, NVIDIA GeForce RTX 3080, 6968, 3084, 10240, 96, 98
2026/08/05 04:16:13.757, 0, NVIDIA GeForce RTX 3080, 6968, 3084, 10240, 96, 98
2026/08/05 04:16:13.866, 0, NVIDIA GeForce RTX 3080, 6968, 3084, 10240, 96, 98
2026/08/05 04:16:13.975, 0, NVIDIA GeForce RTX 3080, 6968, 3084, 10240, 96, 98
2026/08/05 04:16:14.084, 0, NVIDIA GeForce RTX 3080, 6968, 3084, 10240, 96, 98
2026/08/05 04:16:14.193, 0, NVIDIA GeForce RTX 3080, 6968, 3084, 10240, 96, 98
2026/08/05 04:16:14.303, 0, NVIDIA GeForce RTX 3080, 6968, 3084, 10240, 96, 98
2026/08/05 04:16:14.412, 0, NVIDIA GeForce RTX 3080, 6968, 3084, 10240, 96, 98
2026/08/05 04:16:14.521, 0, NVIDIA GeForce RTX 3080, 6968, 3084, 10240, 96, 98
2026/08/05 04:16:14.631, 0, NVIDIA GeForce RTX 3080, 6968, 3084, 10240, 96, 98
2026/08/05 04:16:14.739, 0, NVIDIA GeForce RTX 3080, 6968, 3084, 10240, 96, 98
2026/08/05 04:16:14.849, 0, NVIDIA GeForce RTX 3080, 6968, 3084, 10240, 96, 98
2026/08/05 04:16:14.958, 0, NVIDIA GeForce RTX 3080, 6968, 3084, 10240, 93, 97
2026/08/05 04:16:15.066, 0, NVIDIA GeForce RTX 3080, 6968, 3084, 10240, 93, 97
2026/08/05 04:16:15.176, 0, NVIDIA GeForce RTX 3080, 6968, 3084, 10240, 93, 97
2026/08/05 04:16:15.285, 0, NVIDIA GeForce RTX 3080, 6968, 3084, 10240, 93, 97
2026/08/05 04:16:15.394, 0, NVIDIA GeForce RTX 3080, 6968, 3084, 10240, 94, 98
2026/08/05 04:16:15.504, 0, NVIDIA GeForce RTX 3080, 6968, 3084, 10240, 94, 98
2026/08/05 04:16:15.613, 0, NVIDIA GeForce RTX 3080, 6968, 3084, 10240, 94, 98
2026/08/05 04:16:15.722, 0, NVIDIA GeForce RTX 3080, 6968, 3084, 10240, 94, 98
2026/08/05 04:16:15.832, 0, NVIDIA GeForce RTX 3080, 6968, 3084, 10240, 94, 98
2026/08/05 04:16:15.941, 0, NVIDIA GeForce RTX 3080, 6968, 3084, 10240, 94, 98
2026/08/05 04:16:16.049, 0, NVIDIA GeForce RTX 3080, 6968, 3084, 10240, 94, 98
2026/08/05 04:16:16.158, 0, NVIDIA GeForce RTX 3080, 6968, 3084, 10240, 94, 98
2026/08/05 04:16:16.267, 0, NVIDIA GeForce RTX 3080, 6968, 3084, 10240, 94, 98
2026/08/05 04:16:16.376, 0, NVIDIA GeForce RTX 3080, 6968, 3084, 10240, 94, 98
2026/08/05 04:16:16.486, 0, NVIDIA GeForce RTX 3080, 6968, 3084, 10240, 94, 98
2026/08/05 04:16:16.595, 0, NVIDIA GeForce RTX 3080, 6968, 3084, 10240, 94, 98
2026/08/05 04:16:16.703, 0, NVIDIA GeForce RTX 3080, 6968, 3084, 10240, 94, 98
2026/08/05 04:16:16.813, 0, NVIDIA GeForce RTX 3080, 6968, 3084, 10240, 94, 98
2026/08/05 04:16:16.922, 0, NVIDIA GeForce RTX 3080, 6968, 3084, 10240, 94, 98
2026/08/05 04:16:17.031, 0, NVIDIA GeForce RTX 3080, 6968, 3084, 10240, 94, 98
2026/08/05 04:16:17.141, 0, NVIDIA GeForce RTX 3080, 6968, 3084, 10240, 94, 98
2026/08/05 04:16:17.249, 0, NVIDIA GeForce RTX 3080, 6968, 3084, 10240, 94, 98
2026/08/05 04:16:17.351, 0, NVIDIA GeForce RTX 3080, 6968, 3084, 10240, 94, 98
2026/08/05 04:16:17.460, 0, NVIDIA GeForce RTX 3080, 6968, 3084, 10240, 93, 95
2026/08/05 04:16:17.568, 0, NVIDIA GeForce RTX 3080, 6968, 3084, 10240, 93, 95
2026/08/05 04:16:17.676, 0, NVIDIA GeForce RTX 3080, 6968, 3084, 10240, 93, 95
2026/08/05 04:16:17.786, 0, NVIDIA GeForce RTX 3080, 6968, 3084, 10240, 93, 95
2026/08/05 04:16:17.895, 0, NVIDIA GeForce RTX 3080, 6968, 3084, 10240, 97, 98
2026/08/05 04:16:18.004, 0, NVIDIA GeForce RTX 3080, 6968, 3084, 10240, 97, 98
2026/08/05 04:16:18.114, 0, NVIDIA GeForce RTX 3080, 6968, 3084, 10240, 97, 98
2026/08/05 04:16:18.223, 0, NVIDIA GeForce RTX 3080, 6968, 3084, 10240, 97, 98
2026/08/05 04:16:18.332, 0, NVIDIA GeForce RTX 3080, 6968, 3084, 10240, 97, 98
2026/08/05 04:16:18.442, 0, NVIDIA GeForce RTX 3080, 6968, 3084, 10240, 97, 98
2026/08/05 04:16:18.551, 0, NVIDIA GeForce RTX 3080, 6968, 3084, 10240, 97, 98
2026/08/05 04:16:18.660, 0, NVIDIA GeForce RTX 3080, 6968, 3084, 10240, 97, 98
2026/08/05 04:16:18.770, 0, NVIDIA GeForce RTX 3080, 6968, 3084, 10240, 97, 98
2026/08/05 04:16:18.879, 0, NVIDIA GeForce RTX 3080, 6968, 3084, 10240, 97, 98
2026/08/05 04:16:18.988, 0, NVIDIA GeForce RTX 3080, 6968, 3084, 10240, 97, 98
2026/08/05 04:16:19.098, 0, NVIDIA GeForce RTX 3080, 6968, 3084, 10240, 97, 98
2026/08/05 04:16:19.207, 0, NVIDIA GeForce RTX 3080, 6968, 3084, 10240, 97, 98
2026/08/05 04:16:19.314, 0, NVIDIA GeForce RTX 3080, 6968, 3084, 10240, 97, 98
2026/08/05 04:16:19.424, 0, NVIDIA GeForce RTX 3080, 6968, 3084, 10240, 98, 98
2026/08/05 04:16:19.532, 0, NVIDIA GeForce RTX 3080, 6968, 3084, 10240, 98, 98
2026/08/05 04:16:19.642, 0, NVIDIA GeForce RTX 3080, 6968, 3084, 10240, 98, 98
2026/08/05 04:16:19.751, 0, NVIDIA GeForce RTX 3080, 6968, 3084, 10240, 98, 98
2026/08/05 04:16:19.859, 0, NVIDIA GeForce RTX 3080, 6968, 3084, 10240, 98, 98
2026/08/05 04:16:19.969, 0, NVIDIA GeForce RTX 3080, 6968, 3084, 10240, 98, 98
2026/08/05 04:16:20.078, 0, NVIDIA GeForce RTX 3080, 6968, 3084, 10240, 98, 98
2026/08/05 04:16:20.187, 0, NVIDIA GeForce RTX 3080, 6968, 3084, 10240, 98, 98
2026/08/05 04:16:20.297, 0, NVIDIA GeForce RTX 3080, 6968, 3084, 10240, 98, 98
2026/08/05 04:16:20.406, 0, NVIDIA GeForce RTX 3080, 6968, 3084, 10240, 98, 98
2026/08/05 04:16:20.514, 0, NVIDIA GeForce RTX 3080, 6968, 3084, 10240, 98, 98
2026/08/05 04:16:20.624, 0, NVIDIA GeForce RTX 3080, 6968, 3084, 10240, 98, 98
2026/08/05 04:16:20.733, 0, NVIDIA GeForce RTX 3080, 6968, 3084, 10240, 98, 98
2026/08/05 04:16:20.842, 0, NVIDIA GeForce RTX 3080, 6968, 3084, 10240, 98, 98
2026/08/05 04:16:20.952, 0, NVIDIA GeForce RTX 3080, 6968, 3084, 10240, 98, 98
2026/08/05 04:16:21.061, 0, NVIDIA GeForce RTX 3080, 6968, 3084, 10240, 98, 98
2026/08/05 04:16:21.170, 0, NVIDIA GeForce RTX 3080, 6968, 3084, 10240, 98, 98
2026/08/05 04:16:21.280, 0, NVIDIA GeForce RTX 3080, 6968, 3084, 10240, 98, 98
2026/08/05 04:16:21.386, 0, NVIDIA GeForce RTX 3080, 6968, 3084, 10240, 96, 98
2026/08/05 04:16:21.496, 0, NVIDIA GeForce RTX 3080, 6968, 3084, 10240, 96, 98
2026/08/05 04:16:21.604, 0, NVIDIA GeForce RTX 3080, 6968, 3084, 10240, 96, 98
2026/08/05 04:16:21.714, 0, NVIDIA GeForce RTX 3080, 6968, 3084, 10240, 96, 98
2026/08/05 04:16:21.824, 0, NVIDIA GeForce RTX 3080, 6968, 3084, 10240, 96, 98
2026/08/05 04:16:21.932, 0, NVIDIA GeForce RTX 3080, 6968, 3084, 10240, 95, 98
2026/08/05 04:16:22.042, 0, NVIDIA GeForce RTX 3080, 6968, 3084, 10240, 95, 98
2026/08/05 04:16:22.151, 0, NVIDIA GeForce RTX 3080, 6968, 3084, 10240, 95, 98
2026/08/05 04:16:22.259, 0, NVIDIA GeForce RTX 3080, 6968, 3084, 10240, 95, 98
2026/08/05 04:16:22.369, 0, NVIDIA GeForce RTX 3080, 6968, 3084, 10240, 95, 98
2026/08/05 04:16:22.478, 0, NVIDIA GeForce RTX 3080, 6968, 3084, 10240, 96, 98
2026/08/05 04:16:22.587, 0, NVIDIA GeForce RTX 3080, 6968, 3084, 10240, 96, 98
2026/08/05 04:16:22.696, 0, NVIDIA GeForce RTX 3080, 6968, 3084, 10240, 96, 98
2026/08/05 04:16:22.805, 0, NVIDIA GeForce RTX 3080, 6968, 3084, 10240, 96, 98
2026/08/05 04:16:22.913, 0, NVIDIA GeForce RTX 3080, 6968, 3084, 10240, 95, 98
2026/08/05 04:16:23.023, 0, NVIDIA GeForce RTX 3080, 6968, 3084, 10240, 95, 98
2026/08/05 04:16:23.132, 0, NVIDIA GeForce RTX 3080, 6968, 3084, 10240, 95, 98
2026/08/05 04:16:23.241, 0, NVIDIA GeForce RTX 3080, 6968, 3084, 10240, 95, 98
2026/08/05 04:16:23.350, 0, NVIDIA GeForce RTX 3080, 6968, 3084, 10240, 95, 98
2026/08/05 04:16:23.459, 0, NVIDIA GeForce RTX 3080, 6968, 3084, 10240, 98, 98
2026/08/05 04:16:23.568, 0, NVIDIA GeForce RTX 3080, 6968, 3084, 10240, 98, 98
2026/08/05 04:16:23.677, 0, NVIDIA GeForce RTX 3080, 6968, 3084, 10240, 98, 98
2026/08/05 04:16:23.787, 0, NVIDIA GeForce RTX 3080, 6968, 3084, 10240, 98, 98
2026/08/05 04:16:23.895, 0, NVIDIA GeForce RTX 3080, 6968, 3084, 10240, 97, 98
2026/08/05 04:16:24.004, 0, NVIDIA GeForce RTX 3080, 6968, 3084, 10240, 97, 98
2026/08/05 04:16:24.114, 0, NVIDIA GeForce RTX 3080, 6968, 3084, 10240, 97, 98
2026/08/05 04:16:24.222, 0, NVIDIA GeForce RTX 3080, 6968, 3084, 10240, 97, 98
2026/08/05 04:16:24.331, 0, NVIDIA GeForce RTX 3080, 6968, 3084, 10240, 97, 98
2026/08/05 04:16:24.441, 0, NVIDIA GeForce RTX 3080, 6968, 3084, 10240, 97, 98
2026/08/05 04:16:24.549, 0, NVIDIA GeForce RTX 3080, 6968, 3084, 10240, 97, 98
2026/08/05 04:16:24.658, 0, NVIDIA GeForce RTX 3080, 6968, 3084, 10240, 97, 98
2026/08/05 04:16:24.768, 0, NVIDIA GeForce RTX 3080, 6968, 3084, 10240, 97, 98
2026/08/05 04:16:24.876, 0, NVIDIA GeForce RTX 3080, 6968, 3084, 10240, 97, 98
2026/08/05 04:16:24.986, 0, NVIDIA GeForce RTX 3080, 6968, 3084, 10240, 97, 98
2026/08/05 04:16:25.096, 0, NVIDIA GeForce RTX 3080, 6968, 3084, 10240, 97, 98
2026/08/05 04:16:25.204, 0, NVIDIA GeForce RTX 3080, 6968, 3084, 10240, 97, 98
2026/08/05 04:16:25.328, 0, NVIDIA GeForce RTX 3080, 6968, 3084, 10240, 97, 98
2026/08/05 04:16:25.438, 0, NVIDIA GeForce RTX 3080, 6968, 3084, 10240, 96, 98
2026/08/05 04:16:25.547, 0, NVIDIA GeForce RTX 3080, 6968, 3084, 10240, 96, 98
2026/08/05 04:16:25.661, 0, NVIDIA GeForce RTX 3080, 6968, 3084, 10240, 96, 98
2026/08/05 04:16:25.770, 0, NVIDIA GeForce RTX 3080, 6968, 3084, 10240, 96, 98
2026/08/05 04:16:25.879, 0, NVIDIA GeForce RTX 3080, 6968, 3084, 10240, 96, 98
2026/08/05 04:16:25.988, 0, NVIDIA GeForce RTX 3080, 6968, 3084, 10240, 96, 98
2026/08/05 04:16:26.097, 0, NVIDIA GeForce RTX 3080, 6968, 3084, 10240, 96, 98
2026/08/05 04:16:26.206, 0, NVIDIA GeForce RTX 3080, 6968, 3084, 10240, 96, 98
2026/08/05 04:16:26.315, 0, NVIDIA GeForce RTX 3080, 6968, 3084, 10240, 96, 98
2026/08/05 04:16:26.425, 0, NVIDIA GeForce RTX 3080, 6968, 3084, 10240, 96, 98
2026/08/05 04:16:26.533, 0, NVIDIA GeForce RTX 3080, 6968, 3084, 10240, 96, 98
2026/08/05 04:16:26.642, 0, NVIDIA GeForce RTX 3080, 6968, 3084, 10240, 96, 98
2026/08/05 04:16:26.752, 0, NVIDIA GeForce RTX 3080, 6968, 3084, 10240, 96, 98
2026/08/05 04:16:26.860, 0, NVIDIA GeForce RTX 3080, 6968, 3084, 10240, 96, 98
2026/08/05 04:16:26.969, 0, NVIDIA GeForce RTX 3080, 6968, 3084, 10240, 96, 98
2026/08/05 04:16:27.079, 0, NVIDIA GeForce RTX 3080, 6968, 3084, 10240, 96, 98
2026/08/05 04:16:27.188, 0, NVIDIA GeForce RTX 3080, 6968, 3084, 10240, 96, 98
2026/08/05 04:16:27.296, 0, NVIDIA GeForce RTX 3080, 6968, 3084, 10240, 96, 98
2026/08/05 04:16:27.401, 0, NVIDIA GeForce RTX 3080, 6968, 3084, 10240, 97, 98
2026/08/05 04:16:27.509, 0, NVIDIA GeForce RTX 3080, 6968, 3084, 10240, 97, 98
2026/08/05 04:16:27.619, 0, NVIDIA GeForce RTX 3080, 6968, 3084, 10240, 97, 98
2026/08/05 04:16:27.728, 0, NVIDIA GeForce RTX 3080, 6968, 3084, 10240, 97, 98
2026/08/05 04:16:27.836, 0, NVIDIA GeForce RTX 3080, 6968, 3084, 10240, 97, 98
2026/08/05 04:16:27.946, 0, NVIDIA GeForce RTX 3080, 6968, 3084, 10240, 97, 98
2026/08/05 04:16:28.055, 0, NVIDIA GeForce RTX 3080, 6968, 3084, 10240, 97, 98
2026/08/05 04:16:28.163, 0, NVIDIA GeForce RTX 3080, 6968, 3084, 10240, 97, 98
2026/08/05 04:16:28.273, 0, NVIDIA GeForce RTX 3080, 6968, 3084, 10240, 97, 98
2026/08/05 04:16:28.382, 0, NVIDIA GeForce RTX 3080, 6968, 3084, 10240, 97, 98
2026/08/05 04:16:28.491, 0, NVIDIA GeForce RTX 3080, 6968, 3084, 10240, 97, 98
2026/08/05 04:16:28.601, 0, NVIDIA GeForce RTX 3080, 6968, 3084, 10240, 97, 98
2026/08/05 04:16:28.709, 0, NVIDIA GeForce RTX 3080, 6968, 3084, 10240, 97, 98
2026/08/05 04:16:28.818, 0, NVIDIA GeForce RTX 3080, 6968, 3084, 10240, 97, 98
2026/08/05 04:16:28.927, 0, NVIDIA GeForce RTX 3080, 6968, 3084, 10240, 97, 98
2026/08/05 04:16:29.037, 0, NVIDIA GeForce RTX 3080, 6968, 3084, 10240, 97, 98
2026/08/05 04:16:29.146, 0, NVIDIA GeForce RTX 3080, 6968, 3084, 10240, 97, 98
2026/08/05 04:16:29.255, 0, NVIDIA GeForce RTX 3080, 6968, 3084, 10240, 97, 98
2026/08/05 04:16:29.364, 0, NVIDIA GeForce RTX 3080, 6968, 3084, 10240, 97, 98
2026/08/05 04:16:29.473, 0, NVIDIA GeForce RTX 3080, 6968, 3084, 10240, 96, 98
2026/08/05 04:16:29.582, 0, NVIDIA GeForce RTX 3080, 6968, 3084, 10240, 96, 98
2026/08/05 04:16:29.692, 0, NVIDIA GeForce RTX 3080, 6968, 3084, 10240, 96, 98
2026/08/05 04:16:29.801, 0, NVIDIA GeForce RTX 3080, 6968, 3084, 10240, 96, 98
2026/08/05 04:16:29.909, 0, NVIDIA GeForce RTX 3080, 6968, 3084, 10240, 95, 98
2026/08/05 04:16:30.019, 0, NVIDIA GeForce RTX 3080, 6968, 3084, 10240, 95, 98
2026/08/05 04:16:30.128, 0, NVIDIA GeForce RTX 3080, 6968, 3084, 10240, 95, 98
2026/08/05 04:16:30.237, 0, NVIDIA GeForce RTX 3080, 6968, 3084, 10240, 95, 98
2026/08/05 04:16:30.346, 0, NVIDIA GeForce RTX 3080, 6968, 3084, 10240, 95, 98
2026/08/05 04:16:30.454, 0, NVIDIA GeForce RTX 3080, 6968, 3084, 10240, 95, 98
2026/08/05 04:16:30.564, 0, NVIDIA GeForce RTX 3080, 6968, 3084, 10240, 95, 98
2026/08/05 04:16:30.674, 0, NVIDIA GeForce RTX 3080, 6968, 3084, 10240, 95, 98
2026/08/05 04:16:30.782, 0, NVIDIA GeForce RTX 3080, 6968, 3084, 10240, 95, 98
2026/08/05 04:16:30.892, 0, NVIDIA GeForce RTX 3080, 6968, 3084, 10240, 95, 98
2026/08/05 04:16:31.001, 0, NVIDIA GeForce RTX 3080, 6968, 3084, 10240, 95, 98
2026/08/05 04:16:31.109, 0, NVIDIA GeForce RTX 3080, 6968, 3084, 10240, 95, 98
2026/08/05 04:16:31.219, 0, NVIDIA GeForce RTX 3080, 6968, 3084, 10240, 95, 98
2026/08/05 04:16:31.328, 0, NVIDIA GeForce RTX 3080, 6968, 3084, 10240, 95, 98
2026/08/05 04:16:31.434, 0, NVIDIA GeForce RTX 3080, 6968, 3084, 10240, 97, 98
2026/08/05 04:16:31.544, 0, NVIDIA GeForce RTX 3080, 6968, 3084, 10240, 97, 98
2026/08/05 04:16:31.653, 0, NVIDIA GeForce RTX 3080, 6968, 3084, 10240, 97, 98
2026/08/05 04:16:31.761, 0, NVIDIA GeForce RTX 3080, 6968, 3084, 10240, 97, 98
2026/08/05 04:16:31.871, 0, NVIDIA GeForce RTX 3080, 6968, 3084, 10240, 97, 98
2026/08/05 04:16:31.980, 0, NVIDIA GeForce RTX 3080, 6968, 3084, 10240, 97, 98
2026/08/05 04:16:32.089, 0, NVIDIA GeForce RTX 3080, 6968, 3084, 10240, 97, 98
2026/08/05 04:16:32.198, 0, NVIDIA GeForce RTX 3080, 6968, 3084, 10240, 97, 98
2026/08/05 04:16:32.307, 0, NVIDIA GeForce RTX 3080, 6968, 3084, 10240, 97, 98
2026/08/05 04:16:32.417, 0, NVIDIA GeForce RTX 3080, 6968, 3084, 10240, 97, 98
2026/08/05 04:16:32.525, 0, NVIDIA GeForce RTX 3080, 6968, 3084, 10240, 97, 98
2026/08/05 04:16:32.634, 0, NVIDIA GeForce RTX 3080, 6968, 3084, 10240, 97, 98
2026/08/05 04:16:32.743, 0, NVIDIA GeForce RTX 3080, 6968, 3084, 10240, 97, 98
2026/08/05 04:16:32.852, 0, NVIDIA GeForce RTX 3080, 6968, 3084, 10240, 97, 98
2026/08/05 04:16:32.961, 0, NVIDIA GeForce RTX 3080, 6968, 3084, 10240, 97, 98
2026/08/05 04:16:33.070, 0, NVIDIA GeForce RTX 3080, 6968, 3084, 10240, 97, 98
2026/08/05 04:16:33.179, 0, NVIDIA GeForce RTX 3080, 6968, 3084, 10240, 97, 98
2026/08/05 04:16:33.288, 0, NVIDIA GeForce RTX 3080, 6968, 3084, 10240, 97, 98
2026/08/05 04:16:33.398, 0, NVIDIA GeForce RTX 3080, 6968, 3084, 10240, 97, 98
2026/08/05 04:16:33.507, 0, NVIDIA GeForce RTX 3080, 6968, 3084, 10240, 97, 98
2026/08/05 04:16:33.616, 0, NVIDIA GeForce RTX 3080, 6968, 3084, 10240, 97, 98
2026/08/05 04:16:33.724, 0, NVIDIA GeForce RTX 3080, 6968, 3084, 10240, 97, 98
2026/08/05 04:16:33.834, 0, NVIDIA GeForce RTX 3080, 6968, 3084, 10240, 97, 98
2026/08/05 04:16:33.944, 0, NVIDIA GeForce RTX 3080, 6968, 3084, 10240, 95, 98
2026/08/05 04:16:34.052, 0, NVIDIA GeForce RTX 3080, 6968, 3084, 10240, 95, 98
2026/08/05 04:16:34.161, 0, NVIDIA GeForce RTX 3080, 6968, 3084, 10240, 95, 98
2026/08/05 04:16:34.271, 0, NVIDIA GeForce RTX 3080, 6968, 3084, 10240, 95, 98
2026/08/05 04:16:34.378, 0, NVIDIA GeForce RTX 3080, 6968, 3084, 10240, 95, 98
2026/08/05 04:16:34.488, 0, NVIDIA GeForce RTX 3080, 6968, 3084, 10240, 95, 98
2026/08/05 04:16:34.597, 0, NVIDIA GeForce RTX 3080, 6968, 3084, 10240, 95, 98
2026/08/05 04:16:34.706, 0, NVIDIA GeForce RTX 3080, 6968, 3084, 10240, 95, 98
2026/08/05 04:16:34.816, 0, NVIDIA GeForce RTX 3080, 6968, 3084, 10240, 95, 98
2026/08/05 04:16:34.924, 0, NVIDIA GeForce RTX 3080, 6968, 3084, 10240, 95, 98
2026/08/05 04:16:35.034, 0, NVIDIA GeForce RTX 3080, 6968, 3084, 10240, 95, 98
2026/08/05 04:16:35.142, 0, NVIDIA GeForce RTX 3080, 6968, 3084, 10240, 95, 98
2026/08/05 04:16:35.246, 0, NVIDIA GeForce RTX 3080, 6968, 3084, 10240, 95, 98
2026/08/05 04:16:35.355, 0, NVIDIA GeForce RTX 3080, 6968, 3084, 10240, 95, 98
2026/08/05 04:16:35.456, 0, NVIDIA GeForce RTX 3080, 6968, 3084, 10240, 95, 98
2026/08/05 04:16:35.566, 0, NVIDIA GeForce RTX 3080, 6968, 3084, 10240, 95, 98
2026/08/05 04:16:35.674, 0, NVIDIA GeForce RTX 3080, 6968, 3084, 10240, 95, 98
2026/08/05 04:16:35.783, 0, NVIDIA GeForce RTX 3080, 6968, 3084, 10240, 95, 98
2026/08/05 04:16:35.892, 0, NVIDIA GeForce RTX 3080, 6968, 3084, 10240, 96, 98
2026/08/05 04:16:36.001, 0, NVIDIA GeForce RTX 3080, 6968, 3084, 10240, 96, 98
2026/08/05 04:16:36.110, 0, NVIDIA GeForce RTX 3080, 6968, 3084, 10240, 96, 98
2026/08/05 04:16:36.220, 0, NVIDIA GeForce RTX 3080, 6968, 3084, 10240, 96, 98
2026/08/05 04:16:36.329, 0, NVIDIA GeForce RTX 3080, 6968, 3084, 10240, 96, 98
2026/08/05 04:16:36.438, 0, NVIDIA GeForce RTX 3080, 6968, 3084, 10240, 96, 98
2026/08/05 04:16:36.547, 0, NVIDIA GeForce RTX 3080, 6968, 3084, 10240, 96, 98
2026/08/05 04:16:36.657, 0, NVIDIA GeForce RTX 3080, 6968, 3084, 10240, 96, 98
2026/08/05 04:16:36.765, 0, NVIDIA GeForce RTX 3080, 6968, 3084, 10240, 96, 98
2026/08/05 04:16:36.874, 0, NVIDIA GeForce RTX 3080, 6968, 3084, 10240, 96, 98
2026/08/05 04:16:36.984, 0, NVIDIA GeForce RTX 3080, 6968, 3084, 10240, 96, 98
2026/08/05 04:16:37.093, 0, NVIDIA GeForce RTX 3080, 6968, 3084, 10240, 96, 98
2026/08/05 04:16:37.202, 0, NVIDIA GeForce RTX 3080, 6968, 3084, 10240, 96, 98
2026/08/05 04:16:37.311, 0, NVIDIA GeForce RTX 3080, 6968, 3084, 10240, 96, 98
2026/08/05 04:16:37.420, 0, NVIDIA GeForce RTX 3080, 6968, 3084, 10240, 96, 98
2026/08/05 04:16:37.529, 0, NVIDIA GeForce RTX 3080, 6968, 3084, 10240, 96, 98
2026/08/05 04:16:37.638, 0, NVIDIA GeForce RTX 3080, 6968, 3084, 10240, 96, 98
2026/08/05 04:16:37.747, 0, NVIDIA GeForce RTX 3080, 6968, 3084, 10240, 96, 98
2026/08/05 04:16:37.856, 0, NVIDIA GeForce RTX 3080, 6968, 3084, 10240, 96, 98
2026/08/05 04:16:37.965, 0, NVIDIA GeForce RTX 3080, 6968, 3084, 10240, 96, 98
2026/08/05 04:16:38.074, 0, NVIDIA GeForce RTX 3080, 6968, 3084, 10240, 96, 98
2026/08/05 04:16:38.184, 0, NVIDIA GeForce RTX 3080, 6968, 3084, 10240, 96, 98
2026/08/05 04:16:38.288, 0, NVIDIA GeForce RTX 3080, 6968, 3084, 10240, 96, 98
2026/08/05 04:16:38.395, 0, NVIDIA GeForce RTX 3080, 6968, 3084, 10240, 95, 98
2026/08/05 04:16:38.505, 0, NVIDIA GeForce RTX 3080, 6968, 3084, 10240, 95, 98
2026/08/05 04:16:38.613, 0, NVIDIA GeForce RTX 3080, 6968, 3084, 10240, 95, 98
2026/08/05 04:16:38.723, 0, NVIDIA GeForce RTX 3080, 6968, 3084, 10240, 95, 98
2026/08/05 04:16:38.832, 0, NVIDIA GeForce RTX 3080, 6968, 3084, 10240, 95, 98
2026/08/05 04:16:38.941, 0, NVIDIA GeForce RTX 3080, 6968, 3084, 10240, 95, 98
2026/08/05 04:16:39.050, 0, NVIDIA GeForce RTX 3080, 6968, 3084, 10240, 95, 98
2026/08/05 04:16:39.160, 0, NVIDIA GeForce RTX 3080, 6968, 3084, 10240, 95, 98
2026/08/05 04:16:39.268, 0, NVIDIA GeForce RTX 3080, 6968, 3084, 10240, 95, 98
2026/08/05 04:16:39.378, 0, NVIDIA GeForce RTX 3080, 6968, 3084, 10240, 95, 98
2026/08/05 04:16:39.490, 0, NVIDIA GeForce RTX 3080, 6968, 3084, 10240, 95, 98
2026/08/05 04:16:39.602, 0, NVIDIA GeForce RTX 3080, 6968, 3084, 10240, 95, 98
2026/08/05 04:16:39.714, 0, NVIDIA GeForce RTX 3080, 6968, 3084, 10240, 95, 98
2026/08/05 04:16:39.826, 0, NVIDIA GeForce RTX 3080, 6968, 3084, 10240, 95, 98
2026/08/05 04:16:39.938, 0, NVIDIA GeForce RTX 3080, 6968, 3084, 10240, 95, 98
2026/08/05 04:16:40.050, 0, NVIDIA GeForce RTX 3080, 6968, 3084, 10240, 95, 98
2026/08/05 04:16:40.162, 0, NVIDIA GeForce RTX 3080, 6968, 3084, 10240, 95, 98
2026/08/05 04:16:40.274, 0, NVIDIA GeForce RTX 3080, 6968, 3084, 10240, 95, 98
2026/08/05 04:16:40.386, 0, NVIDIA GeForce RTX 3080, 6968, 3084, 10240, 93, 97
2026/08/05 04:16:40.498, 0, NVIDIA GeForce RTX 3080, 6968, 3084, 10240, 93, 97
2026/08/05 04:16:40.610, 0, NVIDIA GeForce RTX 3080, 6968, 3084, 10240, 93, 97
2026/08/05 04:16:40.722, 0, NVIDIA GeForce RTX 3080, 6968, 3084, 10240, 93, 97
2026/08/05 04:16:40.834, 0, NVIDIA GeForce RTX 3080, 6968, 3084, 10240, 93, 97
2026/08/05 04:16:40.946, 0, NVIDIA GeForce RTX 3080, 6968, 3084, 10240, 95, 98
2026/08/05 04:16:41.058, 0, NVIDIA GeForce RTX 3080, 6968, 3084, 10240, 95, 98
2026/08/05 04:16:41.170, 0, NVIDIA GeForce RTX 3080, 6968, 3084, 10240, 95, 98
2026/08/05 04:16:41.282, 0, NVIDIA GeForce RTX 3080, 6968, 3084, 10240, 95, 98
2026/08/05 04:16:41.394, 0, NVIDIA GeForce RTX 3080, 6968, 3084, 10240, 95, 98
2026/08/05 04:16:41.506, 0, NVIDIA GeForce RTX 3080, 6968, 3084, 10240, 95, 98
2026/08/05 04:16:41.615, 0, NVIDIA GeForce RTX 3080, 6968, 3084, 10240, 95, 98
2026/08/05 04:16:41.725, 0, NVIDIA GeForce RTX 3080, 6968, 3084, 10240, 95, 98
2026/08/05 04:16:41.834, 0, NVIDIA GeForce RTX 3080, 6968, 3084, 10240, 95, 98
2026/08/05 04:16:41.943, 0, NVIDIA GeForce RTX 3080, 6968, 3084, 10240, 96, 98
2026/08/05 04:16:42.053, 0, NVIDIA GeForce RTX 3080, 6968, 3084, 10240, 96, 98
2026/08/05 04:16:42.161, 0, NVIDIA GeForce RTX 3080, 6968, 3084, 10240, 96, 98
2026/08/05 04:16:42.270, 0, NVIDIA GeForce RTX 3080, 6968, 3084, 10240, 96, 98
2026/08/05 04:16:42.380, 0, NVIDIA GeForce RTX 3080, 6968, 3084, 10240, 96, 98
2026/08/05 04:16:42.489, 0, NVIDIA GeForce RTX 3080, 6968, 3084, 10240, 96, 98
2026/08/05 04:16:42.598, 0, NVIDIA GeForce RTX 3080, 6968, 3084, 10240, 96, 98
2026/08/05 04:16:42.708, 0, NVIDIA GeForce RTX 3080, 6968, 3084, 10240, 96, 98
2026/08/05 04:16:42.816, 0, NVIDIA GeForce RTX 3080, 6968, 3084, 10240, 96, 98
2026/08/05 04:16:42.925, 0, NVIDIA GeForce RTX 3080, 6968, 3084, 10240, 94, 98
2026/08/05 04:16:43.035, 0, NVIDIA GeForce RTX 3080, 6968, 3084, 10240, 94, 98
2026/08/05 04:16:43.142, 0, NVIDIA GeForce RTX 3080, 6968, 3084, 10240, 94, 98
2026/08/05 04:16:43.252, 0, NVIDIA GeForce RTX 3080, 6968, 3084, 10240, 94, 98
2026/08/05 04:16:43.362, 0, NVIDIA GeForce RTX 3080, 6968, 3084, 10240, 94, 98
2026/08/05 04:16:43.465, 0, NVIDIA GeForce RTX 3080, 6968, 3084, 10240, 94, 98
2026/08/05 04:16:43.574, 0, NVIDIA GeForce RTX 3080, 6968, 3084, 10240, 94, 98
2026/08/05 04:16:43.683, 0, NVIDIA GeForce RTX 3080, 6968, 3084, 10240, 94, 98
2026/08/05 04:16:43.793, 0, NVIDIA GeForce RTX 3080, 6968, 3084, 10240, 94, 98
2026/08/05 04:16:43.902, 0, NVIDIA GeForce RTX 3080, 6968, 3084, 10240, 94, 98
2026/08/05 04:16:44.010, 0, NVIDIA GeForce RTX 3080, 6968, 3084, 10240, 94, 98
2026/08/05 04:16:44.120, 0, NVIDIA GeForce RTX 3080, 6968, 3084, 10240, 94, 98
2026/08/05 04:16:44.229, 0, NVIDIA GeForce RTX 3080, 6968, 3084, 10240, 94, 98
2026/08/05 04:16:44.337, 0, NVIDIA GeForce RTX 3080, 6968, 3084, 10240, 94, 98
2026/08/05 04:16:44.447, 0, NVIDIA GeForce RTX 3080, 6968, 3084, 10240, 94, 98
2026/08/05 04:16:44.556, 0, NVIDIA GeForce RTX 3080, 6968, 3084, 10240, 94, 98
2026/08/05 04:16:44.664, 0, NVIDIA GeForce RTX 3080, 6968, 3084, 10240, 94, 98
2026/08/05 04:16:44.774, 0, NVIDIA GeForce RTX 3080, 6968, 3084, 10240, 94, 98
2026/08/05 04:16:44.883, 0, NVIDIA GeForce RTX 3080, 6968, 3084, 10240, 94, 98
2026/08/05 04:16:44.991, 0, NVIDIA GeForce RTX 3080, 6968, 3084, 10240, 94, 98
2026/08/05 04:16:45.101, 0, NVIDIA GeForce RTX 3080, 6968, 3084, 10240, 94, 98
2026/08/05 04:16:45.210, 0, NVIDIA GeForce RTX 3080, 6968, 3084, 10240, 94, 98
2026/08/05 04:16:45.318, 0, NVIDIA GeForce RTX 3080, 6968, 3084, 10240, 94, 98
2026/08/05 04:16:45.429, 0, NVIDIA GeForce RTX 3080, 6968, 3084, 10240, 97, 98
2026/08/05 04:16:45.537, 0, NVIDIA GeForce RTX 3080, 6968, 3084, 10240, 97, 98
2026/08/05 04:16:45.647, 0, NVIDIA GeForce RTX 3080, 6968, 3084, 10240, 97, 98
2026/08/05 04:16:45.756, 0, NVIDIA GeForce RTX 3080, 6968, 3084, 10240, 97, 98
2026/08/05 04:16:45.866, 0, NVIDIA GeForce RTX 3080, 6968, 3084, 10240, 97, 98
2026/08/05 04:16:45.975, 0, NVIDIA GeForce RTX 3080, 6968, 3084, 10240, 97, 98
2026/08/05 04:16:46.083, 0, NVIDIA GeForce RTX 3080, 6968, 3084, 10240, 97, 98
2026/08/05 04:16:46.192, 0, NVIDIA GeForce RTX 3080, 6968, 3084, 10240, 97, 98
2026/08/05 04:16:46.302, 0, NVIDIA GeForce RTX 3080, 6968, 3084, 10240, 97, 98
2026/08/05 04:16:46.411, 0, NVIDIA GeForce RTX 3080, 6968, 3084, 10240, 97, 98
2026/08/05 04:16:46.520, 0, NVIDIA GeForce RTX 3080, 6968, 3084, 10240, 97, 98
2026/08/05 04:16:46.630, 0, NVIDIA GeForce RTX 3080, 6968, 3084, 10240, 97, 98
2026/08/05 04:16:46.739, 0, NVIDIA GeForce RTX 3080, 6968, 3084, 10240, 97, 98
2026/08/05 04:16:46.848, 0, NVIDIA GeForce RTX 3080, 6968, 3084, 10240, 97, 98
2026/08/05 04:16:46.957, 0, NVIDIA GeForce RTX 3080, 6968, 3084, 10240, 97, 98
2026/08/05 04:16:47.066, 0, NVIDIA GeForce RTX 3080, 6968, 3084, 10240, 97, 98
2026/08/05 04:16:47.175, 0, NVIDIA GeForce RTX 3080, 6968, 3084, 10240, 97, 98
2026/08/05 04:16:47.284, 0, NVIDIA GeForce RTX 3080, 6968, 3084, 10240, 97, 98
2026/08/05 04:16:47.393, 0, NVIDIA GeForce RTX 3080, 6968, 3084, 10240, 98, 98
2026/08/05 04:16:47.501, 0, NVIDIA GeForce RTX 3080, 6968, 3084, 10240, 98, 98
2026/08/05 04:16:47.610, 0, NVIDIA GeForce RTX 3080, 6968, 3084, 10240, 98, 98
2026/08/05 04:16:47.719, 0, NVIDIA GeForce RTX 3080, 6968, 3084, 10240, 98, 98
2026/08/05 04:16:47.828, 0, NVIDIA GeForce RTX 3080, 6968, 3084, 10240, 98, 98
2026/08/05 04:16:47.938, 0, NVIDIA GeForce RTX 3080, 6968, 3084, 10240, 98, 98
2026/08/05 04:16:48.047, 0, NVIDIA GeForce RTX 3080, 6968, 3084, 10240, 98, 98
2026/08/05 04:16:48.156, 0, NVIDIA GeForce RTX 3080, 6968, 3084, 10240, 98, 98
2026/08/05 04:16:48.265, 0, NVIDIA GeForce RTX 3080, 6968, 3084, 10240, 98, 98
2026/08/05 04:16:48.374, 0, NVIDIA GeForce RTX 3080, 6968, 3084, 10240, 98, 98
2026/08/05 04:16:48.483, 0, NVIDIA GeForce RTX 3080, 6968, 3084, 10240, 98, 98
2026/08/05 04:16:48.592, 0, NVIDIA GeForce RTX 3080, 6968, 3084, 10240, 98, 98
2026/08/05 04:16:48.702, 0, NVIDIA GeForce RTX 3080, 6968, 3084, 10240, 98, 98
2026/08/05 04:16:48.811, 0, NVIDIA GeForce RTX 3080, 6968, 3084, 10240, 98, 98
2026/08/05 04:16:48.920, 0, NVIDIA GeForce RTX 3080, 6968, 3084, 10240, 95, 96
2026/08/05 04:16:49.029, 0, NVIDIA GeForce RTX 3080, 6968, 3084, 10240, 95, 96
2026/08/05 04:16:49.138, 0, NVIDIA GeForce RTX 3080, 6968, 3084, 10240, 95, 96
2026/08/05 04:16:49.248, 0, NVIDIA GeForce RTX 3080, 6968, 3084, 10240, 95, 96
2026/08/05 04:16:49.356, 0, NVIDIA GeForce RTX 3080, 6968, 3084, 10240, 95, 96
2026/08/05 04:16:49.464, 0, NVIDIA GeForce RTX 3080, 6968, 3084, 10240, 95, 98
2026/08/05 04:16:49.574, 0, NVIDIA GeForce RTX 3080, 6968, 3084, 10240, 95, 98
2026/08/05 04:16:49.682, 0, NVIDIA GeForce RTX 3080, 6968, 3084, 10240, 95, 98
2026/08/05 04:16:49.792, 0, NVIDIA GeForce RTX 3080, 6968, 3084, 10240, 95, 98
2026/08/05 04:16:49.902, 0, NVIDIA GeForce RTX 3080, 6968, 3084, 10240, 95, 98
2026/08/05 04:16:50.011, 0, NVIDIA GeForce RTX 3080, 6968, 3084, 10240, 95, 98
2026/08/05 04:16:50.120, 0, NVIDIA GeForce RTX 3080, 6968, 3084, 10240, 95, 98
2026/08/05 04:16:50.230, 0, NVIDIA GeForce RTX 3080, 6968, 3084, 10240, 95, 98
2026/08/05 04:16:50.338, 0, NVIDIA GeForce RTX 3080, 6968, 3084, 10240, 95, 98
2026/08/05 04:16:50.448, 0, NVIDIA GeForce RTX 3080, 6968, 3084, 10240, 96, 98
2026/08/05 04:16:50.557, 0, NVIDIA GeForce RTX 3080, 6968, 3084, 10240, 96, 98
2026/08/05 04:16:50.665, 0, NVIDIA GeForce RTX 3080, 6968, 3084, 10240, 96, 98
2026/08/05 04:16:50.775, 0, NVIDIA GeForce RTX 3080, 6968, 3084, 10240, 96, 98
2026/08/05 04:16:50.884, 0, NVIDIA GeForce RTX 3080, 6968, 3084, 10240, 94, 97
2026/08/05 04:16:50.994, 0, NVIDIA GeForce RTX 3080, 6968, 3084, 10240, 94, 97
2026/08/05 04:16:51.103, 0, NVIDIA GeForce RTX 3080, 6968, 3084, 10240, 94, 97
2026/08/05 04:16:51.212, 0, NVIDIA GeForce RTX 3080, 6968, 3084, 10240, 94, 97
2026/08/05 04:16:51.321, 0, NVIDIA GeForce RTX 3080, 6968, 3084, 10240, 94, 97
2026/08/05 04:16:51.430, 0, NVIDIA GeForce RTX 3080, 6968, 3084, 10240, 97, 98
2026/08/05 04:16:51.536, 0, NVIDIA GeForce RTX 3080, 6968, 3084, 10240, 97, 98
2026/08/05 04:16:51.646, 0, NVIDIA GeForce RTX 3080, 6968, 3084, 10240, 97, 98
2026/08/05 04:16:51.755, 0, NVIDIA GeForce RTX 3080, 6968, 3084, 10240, 97, 98
2026/08/05 04:16:51.863, 0, NVIDIA GeForce RTX 3080, 6968, 3084, 10240, 97, 98
2026/08/05 04:16:51.973, 0, NVIDIA GeForce RTX 3080, 6968, 3084, 10240, 97, 98
2026/08/05 04:16:52.082, 0, NVIDIA GeForce RTX 3080, 6968, 3084, 10240, 97, 98
2026/08/05 04:16:52.191, 0, NVIDIA GeForce RTX 3080, 6968, 3084, 10240, 97, 98
2026/08/05 04:16:52.301, 0, NVIDIA GeForce RTX 3080, 6968, 3084, 10240, 97, 98
2026/08/05 04:16:52.410, 0, NVIDIA GeForce RTX 3080, 6968, 3084, 10240, 97, 98
2026/08/05 04:16:52.519, 0, NVIDIA GeForce RTX 3080, 6968, 3084, 10240, 97, 98
2026/08/05 04:16:52.628, 0, NVIDIA GeForce RTX 3080, 6968, 3084, 10240, 97, 98
2026/08/05 04:16:52.738, 0, NVIDIA GeForce RTX 3080, 6968, 3084, 10240, 97, 98
2026/08/05 04:16:52.847, 0, NVIDIA GeForce RTX 3080, 6968, 3084, 10240, 97, 98
2026/08/05 04:16:52.956, 0, NVIDIA GeForce RTX 3080, 6968, 3084, 10240, 94, 97
2026/08/05 04:16:53.066, 0, NVIDIA GeForce RTX 3080, 6968, 3084, 10240, 94, 97
2026/08/05 04:16:53.175, 0, NVIDIA GeForce RTX 3080, 6968, 3084, 10240, 94, 97
2026/08/05 04:16:53.284, 0, NVIDIA GeForce RTX 3080, 6968, 3084, 10240, 94, 97
2026/08/05 04:16:53.393, 0, NVIDIA GeForce RTX 3080, 6968, 3084, 10240, 96, 98
2026/08/05 04:16:53.500, 0, NVIDIA GeForce RTX 3080, 6968, 3084, 10240, 96, 98
2026/08/05 04:16:53.608, 0, NVIDIA GeForce RTX 3080, 6968, 3084, 10240, 96, 98
2026/08/05 04:16:53.718, 0, NVIDIA GeForce RTX 3080, 6968, 3084, 10240, 96, 98
2026/08/05 04:16:53.827, 0, NVIDIA GeForce RTX 3080, 6968, 3084, 10240, 96, 98
2026/08/05 04:16:53.937, 0, NVIDIA GeForce RTX 3080, 6968, 3084, 10240, 95, 98
2026/08/05 04:16:54.046, 0, NVIDIA GeForce RTX 3080, 6968, 3084, 10240, 95, 98
2026/08/05 04:16:54.155, 0, NVIDIA GeForce RTX 3080, 6968, 3084, 10240, 95, 98
2026/08/05 04:16:54.265, 0, NVIDIA GeForce RTX 3080, 6968, 3084, 10240, 95, 98
2026/08/05 04:16:54.374, 0, NVIDIA GeForce RTX 3080, 6968, 3084, 10240, 95, 98
2026/08/05 04:16:54.483, 0, NVIDIA GeForce RTX 3080, 6968, 3084, 10240, 96, 98
2026/08/05 04:16:54.592, 0, NVIDIA GeForce RTX 3080, 6968, 3084, 10240, 96, 98
2026/08/05 04:16:54.702, 0, NVIDIA GeForce RTX 3080, 6968, 3084, 10240, 96, 98
2026/08/05 04:16:54.811, 0, NVIDIA GeForce RTX 3080, 6968, 3084, 10240, 96, 98
2026/08/05 04:16:54.921, 0, NVIDIA GeForce RTX 3080, 6968, 3084, 10240, 94, 96
2026/08/05 04:16:55.029, 0, NVIDIA GeForce RTX 3080, 6968, 3084, 10240, 94, 96
2026/08/05 04:16:55.138, 0, NVIDIA GeForce RTX 3080, 6968, 3084, 10240, 94, 96
2026/08/05 04:16:55.247, 0, NVIDIA GeForce RTX 3080, 6968, 3084, 10240, 94, 96
2026/08/05 04:16:55.356, 0, NVIDIA GeForce RTX 3080, 6968, 3084, 10240, 94, 96
2026/08/05 04:16:55.479, 0, NVIDIA GeForce RTX 3080, 6968, 3084, 10240, 97, 98
2026/08/05 04:16:55.588, 0, NVIDIA GeForce RTX 3080, 6968, 3084, 10240, 97, 98
2026/08/05 04:16:55.696, 0, NVIDIA GeForce RTX 3080, 6968, 3084, 10240, 97, 98
2026/08/05 04:16:55.805, 0, NVIDIA GeForce RTX 3080, 6968, 3084, 10240, 97, 98
2026/08/05 04:16:55.915, 0, NVIDIA GeForce RTX 3080, 6968, 3084, 10240, 97, 98
2026/08/05 04:16:56.024, 0, NVIDIA GeForce RTX 3080, 6968, 3084, 10240, 97, 98
2026/08/05 04:16:56.133, 0, NVIDIA GeForce RTX 3080, 6968, 3084, 10240, 97, 98
2026/08/05 04:16:56.243, 0, NVIDIA GeForce RTX 3080, 6968, 3084, 10240, 97, 98
2026/08/05 04:16:56.351, 0, NVIDIA GeForce RTX 3080, 6968, 3084, 10240, 97, 98
2026/08/05 04:16:56.460, 0, NVIDIA GeForce RTX 3080, 6968, 3084, 10240, 97, 98
2026/08/05 04:16:56.570, 0, NVIDIA GeForce RTX 3080, 6968, 3084, 10240, 97, 98
2026/08/05 04:16:56.679, 0, NVIDIA GeForce RTX 3080, 6968, 3084, 10240, 97, 98
2026/08/05 04:16:56.788, 0, NVIDIA GeForce RTX 3080, 6968, 3084, 10240, 97, 98
2026/08/05 04:16:56.898, 0, NVIDIA GeForce RTX 3080, 6968, 3084, 10240, 97, 98
2026/08/05 04:16:57.007, 0, NVIDIA GeForce RTX 3080, 6968, 3084, 10240, 97, 98
2026/08/05 04:16:57.116, 0, NVIDIA GeForce RTX 3080, 6968, 3084, 10240, 97, 98
2026/08/05 04:16:57.226, 0, NVIDIA GeForce RTX 3080, 6968, 3084, 10240, 97, 98
2026/08/05 04:16:57.335, 0, NVIDIA GeForce RTX 3080, 6968, 3084, 10240, 97, 98
2026/08/05 04:16:57.444, 0, NVIDIA GeForce RTX 3080, 6968, 3084, 10240, 95, 98
2026/08/05 04:16:57.551, 0, NVIDIA GeForce RTX 3080, 6968, 3084, 10240, 95, 98
2026/08/05 04:16:57.660, 0, NVIDIA GeForce RTX 3080, 6968, 3084, 10240, 95, 98
2026/08/05 04:16:57.769, 0, NVIDIA GeForce RTX 3080, 6968, 3084, 10240, 95, 98
2026/08/05 04:16:57.878, 0, NVIDIA GeForce RTX 3080, 6968, 3084, 10240, 95, 98
2026/08/05 04:16:57.988, 0, NVIDIA GeForce RTX 3080, 6968, 3084, 10240, 96, 98
2026/08/05 04:16:58.096, 0, NVIDIA GeForce RTX 3080, 6968, 3084, 10240, 96, 98
2026/08/05 04:16:58.205, 0, NVIDIA GeForce RTX 3080, 6968, 3084, 10240, 96, 98
2026/08/05 04:16:58.314, 0, NVIDIA GeForce RTX 3080, 6968, 3084, 10240, 96, 98
2026/08/05 04:16:58.423, 0, NVIDIA GeForce RTX 3080, 6968, 3084, 10240, 95, 98
2026/08/05 04:16:58.532, 0, NVIDIA GeForce RTX 3080, 6968, 3084, 10240, 95, 98
2026/08/05 04:16:58.642, 0, NVIDIA GeForce RTX 3080, 6968, 3084, 10240, 95, 98
2026/08/05 04:16:58.750, 0, NVIDIA GeForce RTX 3080, 6968, 3084, 10240, 95, 98
2026/08/05 04:16:58.859, 0, NVIDIA GeForce RTX 3080, 6968, 3084, 10240, 95, 98
2026/08/05 04:16:58.969, 0, NVIDIA GeForce RTX 3080, 6968, 3084, 10240, 96, 98
2026/08/05 04:16:59.077, 0, NVIDIA GeForce RTX 3080, 6968, 3084, 10240, 96, 98
2026/08/05 04:16:59.187, 0, NVIDIA GeForce RTX 3080, 6968, 3084, 10240, 96, 98
2026/08/05 04:16:59.296, 0, NVIDIA GeForce RTX 3080, 6968, 3084, 10240, 96, 98
2026/08/05 04:16:59.405, 0, NVIDIA GeForce RTX 3080, 6968, 3084, 10240, 97, 98
2026/08/05 04:16:59.513, 0, NVIDIA GeForce RTX 3080, 6968, 3084, 10240, 97, 98
2026/08/05 04:16:59.623, 0, NVIDIA GeForce RTX 3080, 6968, 3084, 10240, 97, 98
2026/08/05 04:16:59.732, 0, NVIDIA GeForce RTX 3080, 6968, 3084, 10240, 97, 98
2026/08/05 04:16:59.841, 0, NVIDIA GeForce RTX 3080, 6968, 3084, 10240, 97, 98
2026/08/05 04:16:59.951, 0, NVIDIA GeForce RTX 3080, 6968, 3084, 10240, 97, 98
2026/08/05 04:17:00.060, 0, NVIDIA GeForce RTX 3080, 6968, 3084, 10240, 97, 98
2026/08/05 04:17:00.169, 0, NVIDIA GeForce RTX 3080, 6968, 3084, 10240, 97, 98
2026/08/05 04:17:00.278, 0, NVIDIA GeForce RTX 3080, 6968, 3084, 10240, 97, 98
2026/08/05 04:17:00.388, 0, NVIDIA GeForce RTX 3080, 6968, 3084, 10240, 97, 98
2026/08/05 04:17:00.496, 0, NVIDIA GeForce RTX 3080, 6968, 3084, 10240, 97, 98
2026/08/05 04:17:00.605, 0, NVIDIA GeForce RTX 3080, 6968, 3084, 10240, 97, 98
2026/08/05 04:17:00.715, 0, NVIDIA GeForce RTX 3080, 6968, 3084, 10240, 97, 98
2026/08/05 04:17:00.824, 0, NVIDIA GeForce RTX 3080, 6968, 3084, 10240, 97, 98
2026/08/05 04:17:00.933, 0, NVIDIA GeForce RTX 3080, 6968, 3084, 10240, 97, 98
2026/08/05 04:17:01.042, 0, NVIDIA GeForce RTX 3080, 6968, 3084, 10240, 97, 98
2026/08/05 04:17:01.151, 0, NVIDIA GeForce RTX 3080, 6968, 3084, 10240, 97, 98
2026/08/05 04:17:01.260, 0, NVIDIA GeForce RTX 3080, 6968, 3084, 10240, 97, 98
2026/08/05 04:17:01.369, 0, NVIDIA GeForce RTX 3080, 6968, 3084, 10240, 97, 98
2026/08/05 04:17:01.478, 0, NVIDIA GeForce RTX 3080, 6968, 3084, 10240, 95, 98
2026/08/05 04:17:01.586, 0, NVIDIA GeForce RTX 3080, 6968, 3084, 10240, 95, 98
2026/08/05 04:17:01.695, 0, NVIDIA GeForce RTX 3080, 6968, 3084, 10240, 95, 98
2026/08/05 04:17:01.804, 0, NVIDIA GeForce RTX 3080, 6968, 3084, 10240, 95, 98
2026/08/05 04:17:01.912, 0, NVIDIA GeForce RTX 3080, 6968, 3084, 10240, 95, 98
2026/08/05 04:17:02.022, 0, NVIDIA GeForce RTX 3080, 6968, 3084, 10240, 95, 98
2026/08/05 04:17:02.130, 0, NVIDIA GeForce RTX 3080, 6968, 3084, 10240, 95, 98
2026/08/05 04:17:02.240, 0, NVIDIA GeForce RTX 3080, 6968, 3084, 10240, 95, 98
2026/08/05 04:17:02.347, 0, NVIDIA GeForce RTX 3080, 6968, 3084, 10240, 95, 98
2026/08/05 04:17:02.457, 0, NVIDIA GeForce RTX 3080, 6968, 3084, 10240, 95, 98
2026/08/05 04:17:02.567, 0, NVIDIA GeForce RTX 3080, 6968, 3084, 10240, 95, 98
2026/08/05 04:17:02.675, 0, NVIDIA GeForce RTX 3080, 6968, 3084, 10240, 95, 98
2026/08/05 04:17:02.784, 0, NVIDIA GeForce RTX 3080, 6968, 3084, 10240, 95, 98
2026/08/05 04:17:02.894, 0, NVIDIA GeForce RTX 3080, 6968, 3084, 10240, 95, 98
2026/08/05 04:17:03.003, 0, NVIDIA GeForce RTX 3080, 6968, 3084, 10240, 95, 98
2026/08/05 04:17:03.112, 0, NVIDIA GeForce RTX 3080, 6968, 3084, 10240, 95, 98
2026/08/05 04:17:03.222, 0, NVIDIA GeForce RTX 3080, 6968, 3084, 10240, 95, 98
2026/08/05 04:17:03.331, 0, NVIDIA GeForce RTX 3080, 6968, 3084, 10240, 95, 98
2026/08/05 04:17:03.440, 0, NVIDIA GeForce RTX 3080, 6968, 3084, 10240, 95, 98
2026/08/05 04:17:03.550, 0, NVIDIA GeForce RTX 3080, 6968, 3084, 10240, 95, 98
2026/08/05 04:17:03.659, 0, NVIDIA GeForce RTX 3080, 6968, 3084, 10240, 95, 98
2026/08/05 04:17:03.768, 0, NVIDIA GeForce RTX 3080, 6968, 3084, 10240, 95, 98
2026/08/05 04:17:03.877, 0, NVIDIA GeForce RTX 3080, 6968, 3084, 10240, 95, 98
2026/08/05 04:17:03.986, 0, NVIDIA GeForce RTX 3080, 6968, 3084, 10240, 96, 98
2026/08/05 04:17:04.096, 0, NVIDIA GeForce RTX 3080, 6968, 3084, 10240, 96, 98
2026/08/05 04:17:04.204, 0, NVIDIA GeForce RTX 3080, 6968, 3084, 10240, 96, 98
2026/08/05 04:17:04.314, 0, NVIDIA GeForce RTX 3080, 6968, 3084, 10240, 96, 98
2026/08/05 04:17:04.424, 0, NVIDIA GeForce RTX 3080, 6968, 3084, 10240, 96, 98
2026/08/05 04:17:04.533, 0, NVIDIA GeForce RTX 3080, 6968, 3084, 10240, 96, 98
2026/08/05 04:17:04.642, 0, NVIDIA GeForce RTX 3080, 6968, 3084, 10240, 96, 98
2026/08/05 04:17:04.752, 0, NVIDIA GeForce RTX 3080, 6968, 3084, 10240, 96, 98
2026/08/05 04:17:04.860, 0, NVIDIA GeForce RTX 3080, 6968, 3084, 10240, 96, 98
2026/08/05 04:17:04.970, 0, NVIDIA GeForce RTX 3080, 6968, 3084, 10240, 96, 98
2026/08/05 04:17:05.080, 0, NVIDIA GeForce RTX 3080, 6968, 3084, 10240, 96, 98
2026/08/05 04:17:05.189, 0, NVIDIA GeForce RTX 3080, 6968, 3084, 10240, 96, 98
2026/08/05 04:17:05.298, 0, NVIDIA GeForce RTX 3080, 6968, 3084, 10240, 96, 98
2026/08/05 04:17:05.407, 0, NVIDIA GeForce RTX 3080, 6968, 3084, 10240, 96, 98
2026/08/05 04:17:05.528, 0, NVIDIA GeForce RTX 3080, 6968, 3084, 10240, 96, 98
2026/08/05 04:17:05.637, 0, NVIDIA GeForce RTX 3080, 6968, 3084, 10240, 96, 98
2026/08/05 04:17:05.746, 0, NVIDIA GeForce RTX 3080, 6968, 3084, 10240, 96, 98
2026/08/05 04:17:05.855, 0, NVIDIA GeForce RTX 3080, 6968, 3084, 10240, 96, 98
2026/08/05 04:17:05.965, 0, NVIDIA GeForce RTX 3080, 6968, 3084, 10240, 93, 97
2026/08/05 04:17:06.074, 0, NVIDIA GeForce RTX 3080, 6968, 3084, 10240, 93, 97
2026/08/05 04:17:06.182, 0, NVIDIA GeForce RTX 3080, 6968, 3084, 10240, 93, 97
2026/08/05 04:17:06.291, 0, NVIDIA GeForce RTX 3080, 6968, 3084, 10240, 93, 97
2026/08/05 04:17:06.400, 0, NVIDIA GeForce RTX 3080, 6968, 3084, 10240, 94, 98
2026/08/05 04:17:06.509, 0, NVIDIA GeForce RTX 3080, 6968, 3084, 10240, 94, 98
2026/08/05 04:17:06.619, 0, NVIDIA GeForce RTX 3080, 6968, 3084, 10240, 94, 98
2026/08/05 04:17:06.728, 0, NVIDIA GeForce RTX 3080, 6968, 3084, 10240, 94, 98
2026/08/05 04:17:06.837, 0, NVIDIA GeForce RTX 3080, 6968, 3084, 10240, 94, 98
2026/08/05 04:17:06.947, 0, NVIDIA GeForce RTX 3080, 6968, 3084, 10240, 95, 98
2026/08/05 04:17:07.056, 0, NVIDIA GeForce RTX 3080, 6968, 3084, 10240, 95, 98
2026/08/05 04:17:07.165, 0, NVIDIA GeForce RTX 3080, 6968, 3084, 10240, 95, 98
2026/08/05 04:17:07.274, 0, NVIDIA GeForce RTX 3080, 6968, 3084, 10240, 95, 98
2026/08/05 04:17:07.383, 0, NVIDIA GeForce RTX 3080, 6968, 3084, 10240, 95, 98
2026/08/05 04:17:07.493, 0, NVIDIA GeForce RTX 3080, 6968, 3084, 10240, 95, 98
2026/08/05 04:17:07.601, 0, NVIDIA GeForce RTX 3080, 6968, 3084, 10240, 95, 98
2026/08/05 04:17:07.710, 0, NVIDIA GeForce RTX 3080, 6968, 3084, 10240, 95, 98
2026/08/05 04:17:07.819, 0, NVIDIA GeForce RTX 3080, 6968, 3084, 10240, 95, 98
2026/08/05 04:17:07.928, 0, NVIDIA GeForce RTX 3080, 6968, 3084, 10240, 95, 98
2026/08/05 04:17:08.037, 0, NVIDIA GeForce RTX 3080, 6968, 3084, 10240, 95, 98
2026/08/05 04:17:08.145, 0, NVIDIA GeForce RTX 3080, 6968, 3084, 10240, 95, 98
2026/08/05 04:17:08.254, 0, NVIDIA GeForce RTX 3080, 6968, 3084, 10240, 95, 98
2026/08/05 04:17:08.364, 0, NVIDIA GeForce RTX 3080, 6968, 3084, 10240, 95, 98
2026/08/05 04:17:08.473, 0, NVIDIA GeForce RTX 3080, 6968, 3084, 10240, 96, 98
2026/08/05 04:17:08.582, 0, NVIDIA GeForce RTX 3080, 6968, 3084, 10240, 96, 98
2026/08/05 04:17:08.692, 0, NVIDIA GeForce RTX 3080, 6968, 3084, 10240, 96, 98
2026/08/05 04:17:08.801, 0, NVIDIA GeForce RTX 3080, 6968, 3084, 10240, 96, 98
2026/08/05 04:17:08.909, 0, NVIDIA GeForce RTX 3080, 6968, 3084, 10240, 95, 98
2026/08/05 04:17:09.019, 0, NVIDIA GeForce RTX 3080, 6968, 3084, 10240, 95, 98
2026/08/05 04:17:09.128, 0, NVIDIA GeForce RTX 3080, 6968, 3084, 10240, 95, 98
2026/08/05 04:17:09.238, 0, NVIDIA GeForce RTX 3080, 6968, 3084, 10240, 95, 98
2026/08/05 04:17:09.347, 0, NVIDIA GeForce RTX 3080, 6968, 3084, 10240, 95, 98
2026/08/05 04:17:09.456, 0, NVIDIA GeForce RTX 3080, 6968, 3084, 10240, 96, 98
2026/08/05 04:17:09.564, 0, NVIDIA GeForce RTX 3080, 6968, 3084, 10240, 96, 98
2026/08/05 04:17:09.673, 0, NVIDIA GeForce RTX 3080, 6968, 3084, 10240, 96, 98
2026/08/05 04:17:09.782, 0, NVIDIA GeForce RTX 3080, 6968, 3084, 10240, 96, 98
2026/08/05 04:17:09.892, 0, NVIDIA GeForce RTX 3080, 6968, 3084, 10240, 96, 98
2026/08/05 04:17:10.001, 0, NVIDIA GeForce RTX 3080, 6968, 3084, 10240, 96, 98
2026/08/05 04:17:10.110, 0, NVIDIA GeForce RTX 3080, 6968, 3084, 10240, 96, 98
2026/08/05 04:17:10.220, 0, NVIDIA GeForce RTX 3080, 6968, 3084, 10240, 96, 98
2026/08/05 04:17:10.330, 0, NVIDIA GeForce RTX 3080, 6968, 3084, 10240, 96, 98
2026/08/05 04:17:10.437, 0, NVIDIA GeForce RTX 3080, 6968, 3084, 10240, 96, 98
2026/08/05 04:17:10.547, 0, NVIDIA GeForce RTX 3080, 6968, 3084, 10240, 96, 98
2026/08/05 04:17:10.656, 0, NVIDIA GeForce RTX 3080, 6968, 3084, 10240, 96, 98
2026/08/05 04:17:10.765, 0, NVIDIA GeForce RTX 3080, 6968, 3084, 10240, 96, 98
2026/08/05 04:17:10.875, 0, NVIDIA GeForce RTX 3080, 6968, 3084, 10240, 96, 98
2026/08/05 04:17:10.984, 0, NVIDIA GeForce RTX 3080, 6968, 3084, 10240, 94, 98
2026/08/05 04:17:11.092, 0, NVIDIA GeForce RTX 3080, 6968, 3084, 10240, 94, 98
2026/08/05 04:17:11.202, 0, NVIDIA GeForce RTX 3080, 6968, 3084, 10240, 94, 98
2026/08/05 04:17:11.311, 0, NVIDIA GeForce RTX 3080, 6968, 3084, 10240, 94, 98
2026/08/05 04:17:11.420, 0, NVIDIA GeForce RTX 3080, 6968, 3084, 10240, 94, 98
2026/08/05 04:17:11.530, 0, NVIDIA GeForce RTX 3080, 6968, 3084, 10240, 94, 98
2026/08/05 04:17:11.637, 0, NVIDIA GeForce RTX 3080, 6968, 3084, 10240, 94, 98
2026/08/05 04:17:11.746, 0, NVIDIA GeForce RTX 3080, 6968, 3084, 10240, 94, 98
2026/08/05 04:17:11.855, 0, NVIDIA GeForce RTX 3080, 6968, 3084, 10240, 94, 98
2026/08/05 04:17:11.964, 0, NVIDIA GeForce RTX 3080, 6968, 3084, 10240, 94, 98
2026/08/05 04:17:12.074, 0, NVIDIA GeForce RTX 3080, 6968, 3084, 10240, 94, 98
2026/08/05 04:17:12.183, 0, NVIDIA GeForce RTX 3080, 6968, 3084, 10240, 94, 98
2026/08/05 04:17:12.292, 0, NVIDIA GeForce RTX 3080, 6968, 3084, 10240, 94, 98
2026/08/05 04:17:12.402, 0, NVIDIA GeForce RTX 3080, 6968, 3084, 10240, 94, 98
2026/08/05 04:17:12.510, 0, NVIDIA GeForce RTX 3080, 6968, 3084, 10240, 94, 98
2026/08/05 04:17:12.619, 0, NVIDIA GeForce RTX 3080, 6968, 3084, 10240, 94, 98
2026/08/05 04:17:12.728, 0, NVIDIA GeForce RTX 3080, 6968, 3084, 10240, 94, 98
2026/08/05 04:17:12.837, 0, NVIDIA GeForce RTX 3080, 6968, 3084, 10240, 94, 98
2026/08/05 04:17:12.947, 0, NVIDIA GeForce RTX 3080, 6968, 3084, 10240, 94, 98
2026/08/05 04:17:13.055, 0, NVIDIA GeForce RTX 3080, 6968, 3084, 10240, 94, 98
2026/08/05 04:17:13.165, 0, NVIDIA GeForce RTX 3080, 6968, 3084, 10240, 94, 98
2026/08/05 04:17:13.275, 0, NVIDIA GeForce RTX 3080, 6968, 3084, 10240, 94, 98
2026/08/05 04:17:13.383, 0, NVIDIA GeForce RTX 3080, 6968, 3084, 10240, 97, 98
2026/08/05 04:17:13.493, 0, NVIDIA GeForce RTX 3080, 6968, 3084, 10240, 97, 98
2026/08/05 04:17:13.600, 0, NVIDIA GeForce RTX 3080, 6968, 3084, 10240, 97, 98
2026/08/05 04:17:13.709, 0, NVIDIA GeForce RTX 3080, 6968, 3084, 10240, 97, 98
2026/08/05 04:17:13.819, 0, NVIDIA GeForce RTX 3080, 6968, 3084, 10240, 97, 98
2026/08/05 04:17:13.927, 0, NVIDIA GeForce RTX 3080, 6968, 3084, 10240, 97, 98
2026/08/05 04:17:14.037, 0, NVIDIA GeForce RTX 3080, 6968, 3084, 10240, 97, 98
2026/08/05 04:17:14.146, 0, NVIDIA GeForce RTX 3080, 6968, 3084, 10240, 97, 98
2026/08/05 04:17:14.255, 0, NVIDIA GeForce RTX 3080, 6968, 3084, 10240, 97, 98
2026/08/05 04:17:14.365, 0, NVIDIA GeForce RTX 3080, 6968, 3084, 10240, 97, 98
2026/08/05 04:17:14.475, 0, NVIDIA GeForce RTX 3080, 6968, 3084, 10240, 97, 98
2026/08/05 04:17:14.583, 0, NVIDIA GeForce RTX 3080, 6968, 3084, 10240, 97, 98
2026/08/05 04:17:14.693, 0, NVIDIA GeForce RTX 3080, 6968, 3084, 10240, 97, 98
2026/08/05 04:17:14.802, 0, NVIDIA GeForce RTX 3080, 6968, 3084, 10240, 97, 98
2026/08/05 04:17:14.911, 0, NVIDIA GeForce RTX 3080, 6968, 3084, 10240, 95, 96
2026/08/05 04:17:15.020, 0, NVIDIA GeForce RTX 3080, 6968, 3084, 10240, 95, 96
2026/08/05 04:17:15.130, 0, NVIDIA GeForce RTX 3080, 6968, 3084, 10240, 95, 96
2026/08/05 04:17:15.238, 0, NVIDIA GeForce RTX 3080, 6968, 3084, 10240, 95, 96
2026/08/05 04:17:15.348, 0, NVIDIA GeForce RTX 3080, 6968, 3084, 10240, 95, 96
2026/08/05 04:17:15.457, 0, NVIDIA GeForce RTX 3080, 6968, 3084, 10240, 98, 98
2026/08/05 04:17:15.578, 0, NVIDIA GeForce RTX 3080, 6968, 3084, 10240, 98, 98
2026/08/05 04:17:15.687, 0, NVIDIA GeForce RTX 3080, 6968, 3084, 10240, 98, 98
2026/08/05 04:17:15.797, 0, NVIDIA GeForce RTX 3080, 6968, 3084, 10240, 98, 98
2026/08/05 04:17:15.905, 0, NVIDIA GeForce RTX 3080, 6968, 3084, 10240, 98, 98
2026/08/05 04:17:16.015, 0, NVIDIA GeForce RTX 3080, 6968, 3084, 10240, 98, 98
2026/08/05 04:17:16.125, 0, NVIDIA GeForce RTX 3080, 6968, 3084, 10240, 98, 98
2026/08/05 04:17:16.233, 0, NVIDIA GeForce RTX 3080, 6968, 3084, 10240, 98, 98
2026/08/05 04:17:16.343, 0, NVIDIA GeForce RTX 3080, 6968, 3084, 10240, 98, 98
2026/08/05 04:17:16.453, 0, NVIDIA GeForce RTX 3080, 6968, 3084, 10240, 98, 98
2026/08/05 04:17:16.561, 0, NVIDIA GeForce RTX 3080, 6968, 3084, 10240, 98, 98
2026/08/05 04:17:16.671, 0, NVIDIA GeForce RTX 3080, 6968, 3084, 10240, 98, 98
2026/08/05 04:17:16.781, 0, NVIDIA GeForce RTX 3080, 6968, 3084, 10240, 98, 98
2026/08/05 04:17:16.890, 0, NVIDIA GeForce RTX 3080, 6968, 3084, 10240, 95, 98
2026/08/05 04:17:16.999, 0, NVIDIA GeForce RTX 3080, 6968, 3084, 10240, 95, 98
2026/08/05 04:17:17.108, 0, NVIDIA GeForce RTX 3080, 6968, 3084, 10240, 95, 98
2026/08/05 04:17:17.217, 0, NVIDIA GeForce RTX 3080, 6968, 3084, 10240, 95, 98
2026/08/05 04:17:17.318, 0, NVIDIA GeForce RTX 3080, 6968, 3084, 10240, 95, 98
2026/08/05 04:17:17.427, 0, NVIDIA GeForce RTX 3080, 6968, 3084, 10240, 96, 98
2026/08/05 04:17:17.537, 0, NVIDIA GeForce RTX 3080, 6968, 3084, 10240, 96, 98
2026/08/05 04:17:17.649, 0, NVIDIA GeForce RTX 3080, 6968, 3084, 10240, 96, 98
2026/08/05 04:17:17.758, 0, NVIDIA GeForce RTX 3080, 6968, 3084, 10240, 96, 98
2026/08/05 04:17:17.868, 0, NVIDIA GeForce RTX 3080, 6968, 3084, 10240, 96, 98
2026/08/05 04:17:17.977, 0, NVIDIA GeForce RTX 3080, 6968, 3084, 10240, 96, 98
2026/08/05 04:17:18.085, 0, NVIDIA GeForce RTX 3080, 6968, 3084, 10240, 96, 98
2026/08/05 04:17:18.195, 0, NVIDIA GeForce RTX 3080, 6968, 3084, 10240, 96, 98
2026/08/05 04:17:18.304, 0, NVIDIA GeForce RTX 3080, 6968, 3084, 10240, 96, 98
2026/08/05 04:17:18.414, 0, NVIDIA GeForce RTX 3080, 6968, 3084, 10240, 96, 98
2026/08/05 04:17:18.522, 0, NVIDIA GeForce RTX 3080, 6968, 3084, 10240, 96, 98
2026/08/05 04:17:18.631, 0, NVIDIA GeForce RTX 3080, 6968, 3084, 10240, 96, 98
2026/08/05 04:17:18.741, 0, NVIDIA GeForce RTX 3080, 6968, 3084, 10240, 96, 98
2026/08/05 04:17:18.850, 0, NVIDIA GeForce RTX 3080, 6968, 3084, 10240, 96, 98
2026/08/05 04:17:18.959, 0, NVIDIA GeForce RTX 3080, 6968, 3084, 10240, 97, 98
2026/08/05 04:17:19.069, 0, NVIDIA GeForce RTX 3080, 6968, 3084, 10240, 97, 98
2026/08/05 04:17:19.177, 0, NVIDIA GeForce RTX 3080, 6968, 3084, 10240, 97, 98
2026/08/05 04:17:19.286, 0, NVIDIA GeForce RTX 3080, 6968, 3084, 10240, 97, 98
2026/08/05 04:17:19.396, 0, NVIDIA GeForce RTX 3080, 6968, 3084, 10240, 97, 98
2026/08/05 04:17:19.504, 0, NVIDIA GeForce RTX 3080, 6968, 3084, 10240, 97, 98
2026/08/05 04:17:19.614, 0, NVIDIA GeForce RTX 3080, 6968, 3084, 10240, 97, 98
2026/08/05 04:17:19.723, 0, NVIDIA GeForce RTX 3080, 6968, 3084, 10240, 97, 98
2026/08/05 04:17:19.832, 0, NVIDIA GeForce RTX 3080, 6968, 3084, 10240, 97, 98
2026/08/05 04:17:19.942, 0, NVIDIA GeForce RTX 3080, 6968, 3084, 10240, 97, 98
2026/08/05 04:17:20.050, 0, NVIDIA GeForce RTX 3080, 6968, 3084, 10240, 97, 98
2026/08/05 04:17:20.159, 0, NVIDIA GeForce RTX 3080, 6968, 3084, 10240, 97, 98
2026/08/05 04:17:20.269, 0, NVIDIA GeForce RTX 3080, 6968, 3084, 10240, 97, 98
2026/08/05 04:17:20.377, 0, NVIDIA GeForce RTX 3080, 6968, 3084, 10240, 97, 98
2026/08/05 04:17:20.487, 0, NVIDIA GeForce RTX 3080, 6968, 3084, 10240, 97, 98
2026/08/05 04:17:20.597, 0, NVIDIA GeForce RTX 3080, 6968, 3084, 10240, 97, 98
2026/08/05 04:17:20.705, 0, NVIDIA GeForce RTX 3080, 6968, 3084, 10240, 97, 98
2026/08/05 04:17:20.815, 0, NVIDIA GeForce RTX 3080, 6968, 3084, 10240, 97, 98
2026/08/05 04:17:20.925, 0, NVIDIA GeForce RTX 3080, 6968, 3084, 10240, 95, 98
2026/08/05 04:17:21.034, 0, NVIDIA GeForce RTX 3080, 6968, 3084, 10240, 95, 98
2026/08/05 04:17:21.143, 0, NVIDIA GeForce RTX 3080, 6968, 3084, 10240, 95, 98
2026/08/05 04:17:21.253, 0, NVIDIA GeForce RTX 3080, 6968, 3084, 10240, 95, 98
2026/08/05 04:17:21.361, 0, NVIDIA GeForce RTX 3080, 6968, 3084, 10240, 95, 98
2026/08/05 04:17:21.470, 0, NVIDIA GeForce RTX 3080, 6968, 3084, 10240, 96, 98
2026/08/05 04:17:21.580, 0, NVIDIA GeForce RTX 3080, 6968, 3084, 10240, 96, 98
2026/08/05 04:17:21.686, 0, NVIDIA GeForce RTX 3080, 6968, 3084, 10240, 96, 98
2026/08/05 04:17:21.796, 0, NVIDIA GeForce RTX 3080, 6968, 3084, 10240, 96, 98
2026/08/05 04:17:21.905, 0, NVIDIA GeForce RTX 3080, 6968, 3084, 10240, 96, 98
2026/08/05 04:17:22.014, 0, NVIDIA GeForce RTX 3080, 6968, 3084, 10240, 96, 98
2026/08/05 04:17:22.124, 0, NVIDIA GeForce RTX 3080, 6968, 3084, 10240, 96, 98
2026/08/05 04:17:22.233, 0, NVIDIA GeForce RTX 3080, 6968, 3084, 10240, 96, 98
2026/08/05 04:17:22.342, 0, NVIDIA GeForce RTX 3080, 6968, 3084, 10240, 96, 98
2026/08/05 04:17:22.451, 0, NVIDIA GeForce RTX 3080, 6968, 3084, 10240, 96, 98
2026/08/05 04:17:22.560, 0, NVIDIA GeForce RTX 3080, 6968, 3084, 10240, 96, 98
2026/08/05 04:17:22.669, 0, NVIDIA GeForce RTX 3080, 6968, 3084, 10240, 96, 98
2026/08/05 04:17:22.778, 0, NVIDIA GeForce RTX 3080, 6968, 3084, 10240, 96, 98
2026/08/05 04:17:22.887, 0, NVIDIA GeForce RTX 3080, 6968, 3084, 10240, 97, 98
2026/08/05 04:17:22.996, 0, NVIDIA GeForce RTX 3080, 6968, 3084, 10240, 97, 98
2026/08/05 04:17:23.105, 0, NVIDIA GeForce RTX 3080, 6968, 3084, 10240, 97, 98
2026/08/05 04:17:23.215, 0, NVIDIA GeForce RTX 3080, 6968, 3084, 10240, 97, 98
2026/08/05 04:17:23.324, 0, NVIDIA GeForce RTX 3080, 6968, 3084, 10240, 97, 98
2026/08/05 04:17:23.433, 0, NVIDIA GeForce RTX 3080, 6968, 3084, 10240, 97, 98
2026/08/05 04:17:23.543, 0, NVIDIA GeForce RTX 3080, 6968, 3084, 10240, 97, 98
2026/08/05 04:17:23.650, 0, NVIDIA GeForce RTX 3080, 6968, 3084, 10240, 97, 98
2026/08/05 04:17:23.759, 0, NVIDIA GeForce RTX 3080, 6968, 3084, 10240, 97, 98
2026/08/05 04:17:23.868, 0, NVIDIA GeForce RTX 3080, 6968, 3084, 10240, 97, 98
2026/08/05 04:17:23.977, 0, NVIDIA GeForce RTX 3080, 6968, 3084, 10240, 97, 98
2026/08/05 04:17:24.086, 0, NVIDIA GeForce RTX 3080, 6968, 3084, 10240, 97, 98
2026/08/05 04:17:24.195, 0, NVIDIA GeForce RTX 3080, 6968, 3084, 10240, 97, 98
2026/08/05 04:17:24.304, 0, NVIDIA GeForce RTX 3080, 6968, 3084, 10240, 97, 98
2026/08/05 04:17:24.414, 0, NVIDIA GeForce RTX 3080, 6968, 3084, 10240, 97, 98
2026/08/05 04:17:24.523, 0, NVIDIA GeForce RTX 3080, 6968, 3084, 10240, 97, 98
2026/08/05 04:17:24.632, 0, NVIDIA GeForce RTX 3080, 6968, 3084, 10240, 97, 98
2026/08/05 04:17:24.741, 0, NVIDIA GeForce RTX 3080, 6968, 3084, 10240, 97, 98
2026/08/05 04:17:24.851, 0, NVIDIA GeForce RTX 3080, 6968, 3084, 10240, 97, 98
2026/08/05 04:17:24.959, 0, NVIDIA GeForce RTX 3080, 6968, 3084, 10240, 93, 96
2026/08/05 04:17:25.069, 0, NVIDIA GeForce RTX 3080, 6968, 3084, 10240, 93, 96
2026/08/05 04:17:25.178, 0, NVIDIA GeForce RTX 3080, 6968, 3084, 10240, 93, 96
2026/08/05 04:17:25.287, 0, NVIDIA GeForce RTX 3080, 6968, 3084, 10240, 93, 96
2026/08/05 04:17:25.396, 0, NVIDIA GeForce RTX 3080, 6968, 3084, 10240, 95, 98
2026/08/05 04:17:25.505, 0, NVIDIA GeForce RTX 3080, 6968, 3084, 10240, 95, 98
2026/08/05 04:17:25.628, 0, NVIDIA GeForce RTX 3080, 6968, 3084, 10240, 95, 98
2026/08/05 04:17:25.737, 0, NVIDIA GeForce RTX 3080, 6968, 3084, 10240, 95, 98
2026/08/05 04:17:25.847, 0, NVIDIA GeForce RTX 3080, 6968, 3084, 10240, 95, 98
2026/08/05 04:17:25.956, 0, NVIDIA GeForce RTX 3080, 6968, 3084, 10240, 95, 98
2026/08/05 04:17:26.063, 0, NVIDIA GeForce RTX 3080, 6968, 3084, 10240, 95, 98
2026/08/05 04:17:26.173, 0, NVIDIA GeForce RTX 3080, 6968, 3084, 10240, 95, 98
2026/08/05 04:17:26.282, 0, NVIDIA GeForce RTX 3080, 6968, 3084, 10240, 95, 98
2026/08/05 04:17:26.391, 0, NVIDIA GeForce RTX 3080, 6968, 3084, 10240, 95, 98
2026/08/05 04:17:26.501, 0, NVIDIA GeForce RTX 3080, 6968, 3084, 10240, 95, 98
2026/08/05 04:17:26.610, 0, NVIDIA GeForce RTX 3080, 6968, 3084, 10240, 95, 98
2026/08/05 04:17:26.719, 0, NVIDIA GeForce RTX 3080, 6968, 3084, 10240, 95, 98
2026/08/05 04:17:26.828, 0, NVIDIA GeForce RTX 3080, 6968, 3084, 10240, 95, 98
2026/08/05 04:17:26.938, 0, NVIDIA GeForce RTX 3080, 6968, 3084, 10240, 96, 98
2026/08/05 04:17:27.047, 0, NVIDIA GeForce RTX 3080, 6968, 3084, 10240, 96, 98
2026/08/05 04:17:27.156, 0, NVIDIA GeForce RTX 3080, 6968, 3084, 10240, 96, 98
2026/08/05 04:17:27.266, 0, NVIDIA GeForce RTX 3080, 6968, 3084, 10240, 96, 98
2026/08/05 04:17:27.375, 0, NVIDIA GeForce RTX 3080, 6968, 3084, 10240, 96, 98
2026/08/05 04:17:27.484, 0, NVIDIA GeForce RTX 3080, 6968, 3084, 10240, 97, 98
2026/08/05 04:17:27.594, 0, NVIDIA GeForce RTX 3080, 6968, 3084, 10240, 97, 98
2026/08/05 04:17:27.701, 0, NVIDIA GeForce RTX 3080, 6968, 3084, 10240, 97, 98
2026/08/05 04:17:27.810, 0, NVIDIA GeForce RTX 3080, 6968, 3084, 10240, 97, 98
2026/08/05 04:17:27.919, 0, NVIDIA GeForce RTX 3080, 6968, 3084, 10240, 97, 98
2026/08/05 04:17:28.028, 0, NVIDIA GeForce RTX 3080, 6968, 3084, 10240, 97, 98
2026/08/05 04:17:28.137, 0, NVIDIA GeForce RTX 3080, 6968, 3084, 10240, 97, 98
2026/08/05 04:17:28.247, 0, NVIDIA GeForce RTX 3080, 6968, 3084, 10240, 97, 98
2026/08/05 04:17:28.354, 0, NVIDIA GeForce RTX 3080, 6968, 3084, 10240, 97, 98
2026/08/05 04:17:28.464, 0, NVIDIA GeForce RTX 3080, 6968, 3084, 10240, 97, 98
2026/08/05 04:17:28.573, 0, NVIDIA GeForce RTX 3080, 6968, 3084, 10240, 97, 98
2026/08/05 04:17:28.681, 0, NVIDIA GeForce RTX 3080, 6968, 3084, 10240, 97, 98
2026/08/05 04:17:28.790, 0, NVIDIA GeForce RTX 3080, 6968, 3084, 10240, 97, 98
2026/08/05 04:17:28.899, 0, NVIDIA GeForce RTX 3080, 6968, 3084, 10240, 96, 98
2026/08/05 04:17:29.008, 0, NVIDIA GeForce RTX 3080, 6968, 3084, 10240, 96, 98
2026/08/05 04:17:29.117, 0, NVIDIA GeForce RTX 3080, 6968, 3084, 10240, 96, 98
2026/08/05 04:17:29.225, 0, NVIDIA GeForce RTX 3080, 6968, 3084, 10240, 96, 98
2026/08/05 04:17:29.333, 0, NVIDIA GeForce RTX 3080, 6968, 3084, 10240, 96, 98
2026/08/05 04:17:29.443, 0, NVIDIA GeForce RTX 3080, 6968, 3084, 10240, 95, 98
2026/08/05 04:17:29.552, 0, NVIDIA GeForce RTX 3080, 6968, 3084, 10240, 95, 98
2026/08/05 04:17:29.664, 0, NVIDIA GeForce RTX 3080, 6968, 3084, 10240, 95, 98
2026/08/05 04:17:29.774, 0, NVIDIA GeForce RTX 3080, 6968, 3084, 10240, 95, 98
2026/08/05 04:17:29.883, 0, NVIDIA GeForce RTX 3080, 6968, 3084, 10240, 95, 98
2026/08/05 04:17:29.992, 0, NVIDIA GeForce RTX 3080, 6968, 3084, 10240, 95, 98
2026/08/05 04:17:30.102, 0, NVIDIA GeForce RTX 3080, 6968, 3084, 10240, 95, 98
2026/08/05 04:17:30.211, 0, NVIDIA GeForce RTX 3080, 6968, 3084, 10240, 95, 98
2026/08/05 04:17:30.320, 0, NVIDIA GeForce RTX 3080, 6968, 3084, 10240, 95, 98
2026/08/05 04:17:30.430, 0, NVIDIA GeForce RTX 3080, 6968, 3084, 10240, 95, 98
2026/08/05 04:17:30.538, 0, NVIDIA GeForce RTX 3080, 6968, 3084, 10240, 95, 98
2026/08/05 04:17:30.648, 0, NVIDIA GeForce RTX 3080, 6968, 3084, 10240, 95, 98
2026/08/05 04:17:30.757, 0, NVIDIA GeForce RTX 3080, 6968, 3084, 10240, 95, 98
2026/08/05 04:17:30.866, 0, NVIDIA GeForce RTX 3080, 6968, 3084, 10240, 95, 98
2026/08/05 04:17:30.976, 0, NVIDIA GeForce RTX 3080, 6968, 3084, 10240, 95, 98
2026/08/05 04:17:31.084, 0, NVIDIA GeForce RTX 3080, 6968, 3084, 10240, 95, 98
2026/08/05 04:17:31.194, 0, NVIDIA GeForce RTX 3080, 6968, 3084, 10240, 95, 98
2026/08/05 04:17:31.304, 0, NVIDIA GeForce RTX 3080, 6968, 3084, 10240, 95, 98
2026/08/05 04:17:31.411, 0, NVIDIA GeForce RTX 3080, 6968, 3084, 10240, 94, 98
2026/08/05 04:17:31.521, 0, NVIDIA GeForce RTX 3080, 6968, 3084, 10240, 94, 98
2026/08/05 04:17:31.631, 0, NVIDIA GeForce RTX 3080, 6968, 3084, 10240, 94, 98
2026/08/05 04:17:31.736, 0, NVIDIA GeForce RTX 3080, 6968, 3084, 10240, 94, 98
2026/08/05 04:17:31.846, 0, NVIDIA GeForce RTX 3080, 6968, 3084, 10240, 94, 98
2026/08/05 04:17:31.954, 0, NVIDIA GeForce RTX 3080, 6968, 3084, 10240, 96, 98
2026/08/05 04:17:32.064, 0, NVIDIA GeForce RTX 3080, 6968, 3084, 10240, 96, 98
2026/08/05 04:17:32.174, 0, NVIDIA GeForce RTX 3080, 6968, 3084, 10240, 96, 98
2026/08/05 04:17:32.282, 0, NVIDIA GeForce RTX 3080, 6968, 3084, 10240, 96, 98
2026/08/05 04:17:32.391, 0, NVIDIA GeForce RTX 3080, 6968, 3084, 10240, 96, 98
2026/08/05 04:17:32.500, 0, NVIDIA GeForce RTX 3080, 6968, 3084, 10240, 96, 98
2026/08/05 04:17:32.608, 0, NVIDIA GeForce RTX 3080, 6968, 3084, 10240, 96, 98
2026/08/05 04:17:32.718, 0, NVIDIA GeForce RTX 3080, 6968, 3084, 10240, 96, 98
2026/08/05 04:17:32.826, 0, NVIDIA GeForce RTX 3080, 6968, 3084, 10240, 96, 98
2026/08/05 04:17:32.936, 0, NVIDIA GeForce RTX 3080, 6968, 3084, 10240, 96, 98
2026/08/05 04:17:33.046, 0, NVIDIA GeForce RTX 3080, 6968, 3084, 10240, 96, 98
2026/08/05 04:17:33.155, 0, NVIDIA GeForce RTX 3080, 6968, 3084, 10240, 96, 98
2026/08/05 04:17:33.263, 0, NVIDIA GeForce RTX 3080, 6968, 3084, 10240, 96, 98
2026/08/05 04:17:33.372, 0, NVIDIA GeForce RTX 3080, 6968, 3084, 10240, 96, 98
2026/08/05 04:17:33.481, 0, NVIDIA GeForce RTX 3080, 6968, 3084, 10240, 96, 98
2026/08/05 04:17:33.590, 0, NVIDIA GeForce RTX 3080, 6968, 3084, 10240, 96, 98
2026/08/05 04:17:33.700, 0, NVIDIA GeForce RTX 3080, 6968, 3084, 10240, 96, 98
2026/08/05 04:17:33.809, 0, NVIDIA GeForce RTX 3080, 6968, 3084, 10240, 96, 98
2026/08/05 04:17:33.918, 0, NVIDIA GeForce RTX 3080, 6968, 3084, 10240, 94, 98
2026/08/05 04:17:34.027, 0, NVIDIA GeForce RTX 3080, 6968, 3084, 10240, 94, 98
2026/08/05 04:17:34.136, 0, NVIDIA GeForce RTX 3080, 6968, 3084, 10240, 94, 98
2026/08/05 04:17:34.246, 0, NVIDIA GeForce RTX 3080, 6968, 3084, 10240, 94, 98
2026/08/05 04:17:34.354, 0, NVIDIA GeForce RTX 3080, 6968, 3084, 10240, 94, 98
2026/08/05 04:17:34.464, 0, NVIDIA GeForce RTX 3080, 6968, 3084, 10240, 95, 98
2026/08/05 04:17:34.574, 0, NVIDIA GeForce RTX 3080, 6968, 3084, 10240, 95, 98
2026/08/05 04:17:34.682, 0, NVIDIA GeForce RTX 3080, 6968, 3084, 10240, 95, 98
2026/08/05 04:17:34.792, 0, NVIDIA GeForce RTX 3080, 6968, 3084, 10240, 95, 98
2026/08/05 04:17:34.901, 0, NVIDIA GeForce RTX 3080, 6968, 3084, 10240, 95, 98
2026/08/05 04:17:35.009, 0, NVIDIA GeForce RTX 3080, 6968, 3084, 10240, 95, 98
2026/08/05 04:17:35.119, 0, NVIDIA GeForce RTX 3080, 6968, 3084, 10240, 95, 98
2026/08/05 04:17:35.227, 0, NVIDIA GeForce RTX 3080, 6968, 3084, 10240, 95, 98
2026/08/05 04:17:35.337, 0, NVIDIA GeForce RTX 3080, 6968, 3084, 10240, 95, 98
2026/08/05 04:17:35.447, 0, NVIDIA GeForce RTX 3080, 6968, 3084, 10240, 95, 98
2026/08/05 04:17:35.556, 0, NVIDIA GeForce RTX 3080, 6968, 3084, 10240, 95, 98
2026/08/05 04:17:35.678, 0, NVIDIA GeForce RTX 3080, 6968, 3084, 10240, 95, 98
2026/08/05 04:17:35.786, 0, NVIDIA GeForce RTX 3080, 6968, 3084, 10240, 95, 98
2026/08/05 04:17:35.895, 0, NVIDIA GeForce RTX 3080, 6968, 3084, 10240, 95, 98
2026/08/05 04:17:36.004, 0, NVIDIA GeForce RTX 3080, 6968, 3084, 10240, 95, 98
2026/08/05 04:17:36.113, 0, NVIDIA GeForce RTX 3080, 6968, 3084, 10240, 95, 98
2026/08/05 04:17:36.222, 0, NVIDIA GeForce RTX 3080, 6968, 3084, 10240, 95, 98
2026/08/05 04:17:36.331, 0, NVIDIA GeForce RTX 3080, 6968, 3084, 10240, 95, 98
2026/08/05 04:17:36.441, 0, NVIDIA GeForce RTX 3080, 6968, 3084, 10240, 96, 98
2026/08/05 04:17:36.550, 0, NVIDIA GeForce RTX 3080, 6968, 3084, 10240, 96, 98
2026/08/05 04:17:36.659, 0, NVIDIA GeForce RTX 3080, 6968, 3084, 10240, 96, 98
2026/08/05 04:17:36.768, 0, NVIDIA GeForce RTX 3080, 6968, 3084, 10240, 96, 98
2026/08/05 04:17:36.876, 0, NVIDIA GeForce RTX 3080, 6968, 3084, 10240, 96, 98
2026/08/05 04:17:36.985, 0, NVIDIA GeForce RTX 3080, 6968, 3084, 10240, 96, 98
2026/08/05 04:17:37.095, 0, NVIDIA GeForce RTX 3080, 6968, 3084, 10240, 96, 98
2026/08/05 04:17:37.204, 0, NVIDIA GeForce RTX 3080, 6968, 3084, 10240, 96, 98
2026/08/05 04:17:37.313, 0, NVIDIA GeForce RTX 3080, 6968, 3084, 10240, 96, 98
2026/08/05 04:17:37.423, 0, NVIDIA GeForce RTX 3080, 6968, 3084, 10240, 96, 98
2026/08/05 04:17:37.532, 0, NVIDIA GeForce RTX 3080, 6968, 3084, 10240, 96, 98
2026/08/05 04:17:37.641, 0, NVIDIA GeForce RTX 3080, 6968, 3084, 10240, 96, 98
2026/08/05 04:17:37.751, 0, NVIDIA GeForce RTX 3080, 6968, 3084, 10240, 96, 98
2026/08/05 04:17:37.860, 0, NVIDIA GeForce RTX 3080, 6968, 3084, 10240, 96, 98
2026/08/05 04:17:37.969, 0, NVIDIA GeForce RTX 3080, 6968, 3084, 10240, 96, 98
2026/08/05 04:17:38.078, 0, NVIDIA GeForce RTX 3080, 6968, 3084, 10240, 96, 98
2026/08/05 04:17:38.188, 0, NVIDIA GeForce RTX 3080, 6968, 3084, 10240, 96, 98
2026/08/05 04:17:38.296, 0, NVIDIA GeForce RTX 3080, 6968, 3084, 10240, 96, 98
2026/08/05 04:17:38.405, 0, NVIDIA GeForce RTX 3080, 6968, 3084, 10240, 96, 98
2026/08/05 04:17:38.515, 0, NVIDIA GeForce RTX 3080, 6968, 3084, 10240, 96, 98
2026/08/05 04:17:38.624, 0, NVIDIA GeForce RTX 3080, 6968, 3084, 10240, 96, 98
2026/08/05 04:17:38.733, 0, NVIDIA GeForce RTX 3080, 6968, 3084, 10240, 96, 98
2026/08/05 04:17:38.842, 0, NVIDIA GeForce RTX 3080, 6968, 3084, 10240, 96, 98
2026/08/05 04:17:38.952, 0, NVIDIA GeForce RTX 3080, 6968, 3084, 10240, 94, 98
2026/08/05 04:17:39.061, 0, NVIDIA GeForce RTX 3080, 6968, 3084, 10240, 94, 98
2026/08/05 04:17:39.171, 0, NVIDIA GeForce RTX 3080, 6968, 3084, 10240, 94, 98
2026/08/05 04:17:39.280, 0, NVIDIA GeForce RTX 3080, 6968, 3084, 10240, 94, 98
2026/08/05 04:17:39.388, 0, NVIDIA GeForce RTX 3080, 6968, 3084, 10240, 94, 98
2026/08/05 04:17:39.498, 0, NVIDIA GeForce RTX 3080, 6968, 3084, 10240, 94, 98
2026/08/05 04:17:39.607, 0, NVIDIA GeForce RTX 3080, 6968, 3084, 10240, 94, 98
2026/08/05 04:17:39.714, 0, NVIDIA GeForce RTX 3080, 6968, 3084, 10240, 94, 98
2026/08/05 04:17:39.824, 0, NVIDIA GeForce RTX 3080, 6968, 3084, 10240, 94, 98
2026/08/05 04:17:39.933, 0, NVIDIA GeForce RTX 3080, 6968, 3084, 10240, 94, 98
2026/08/05 04:17:40.042, 0, NVIDIA GeForce RTX 3080, 6968, 3084, 10240, 94, 98
2026/08/05 04:17:40.151, 0, NVIDIA GeForce RTX 3080, 6968, 3084, 10240, 94, 98
2026/08/05 04:17:40.260, 0, NVIDIA GeForce RTX 3080, 6968, 3084, 10240, 94, 98
2026/08/05 04:17:40.370, 0, NVIDIA GeForce RTX 3080, 6968, 3084, 10240, 94, 98
2026/08/05 04:17:40.479, 0, NVIDIA GeForce RTX 3080, 6968, 3084, 10240, 94, 98
2026/08/05 04:17:40.588, 0, NVIDIA GeForce RTX 3080, 6968, 3084, 10240, 94, 98
2026/08/05 04:17:40.697, 0, NVIDIA GeForce RTX 3080, 6968, 3084, 10240, 94, 98
2026/08/05 04:17:40.806, 0, NVIDIA GeForce RTX 3080, 6968, 3084, 10240, 94, 98
2026/08/05 04:17:40.915, 0, NVIDIA GeForce RTX 3080, 6968, 3084, 10240, 91, 95
2026/08/05 04:17:41.024, 0, NVIDIA GeForce RTX 3080, 6968, 3084, 10240, 91, 95
2026/08/05 04:17:41.133, 0, NVIDIA GeForce RTX 3080, 6968, 3084, 10240, 91, 95
2026/08/05 04:17:41.242, 0, NVIDIA GeForce RTX 3080, 6968, 3084, 10240, 91, 95
2026/08/05 04:17:41.352, 0, NVIDIA GeForce RTX 3080, 6968, 3084, 10240, 91, 95
2026/08/05 04:17:41.461, 0, NVIDIA GeForce RTX 3080, 6968, 3084, 10240, 97, 98
2026/08/05 04:17:41.570, 0, NVIDIA GeForce RTX 3080, 6968, 3084, 10240, 97, 98
2026/08/05 04:17:41.680, 0, NVIDIA GeForce RTX 3080, 6968, 3084, 10240, 97, 98
2026/08/05 04:17:41.786, 0, NVIDIA GeForce RTX 3080, 6968, 3084, 10240, 97, 98
2026/08/05 04:17:41.896, 0, NVIDIA GeForce RTX 3080, 6968, 3084, 10240, 97, 98
2026/08/05 04:17:42.005, 0, NVIDIA GeForce RTX 3080, 6968, 3084, 10240, 97, 98
2026/08/05 04:17:42.114, 0, NVIDIA GeForce RTX 3080, 6968, 3084, 10240, 97, 98
2026/08/05 04:17:42.223, 0, NVIDIA GeForce RTX 3080, 6968, 3084, 10240, 97, 98
2026/08/05 04:17:42.332, 0, NVIDIA GeForce RTX 3080, 6968, 3084, 10240, 97, 98
2026/08/05 04:17:42.441, 0, NVIDIA GeForce RTX 3080, 6968, 3084, 10240, 97, 98
2026/08/05 04:17:42.550, 0, NVIDIA GeForce RTX 3080, 6968, 3084, 10240, 97, 98
2026/08/05 04:17:42.659, 0, NVIDIA GeForce RTX 3080, 6968, 3084, 10240, 97, 98
2026/08/05 04:17:42.769, 0, NVIDIA GeForce RTX 3080, 6968, 3084, 10240, 97, 98
2026/08/05 04:17:42.877, 0, NVIDIA GeForce RTX 3080, 6968, 3084, 10240, 97, 98
2026/08/05 04:17:42.987, 0, NVIDIA GeForce RTX 3080, 6968, 3084, 10240, 98, 98
2026/08/05 04:17:43.097, 0, NVIDIA GeForce RTX 3080, 6968, 3084, 10240, 98, 98
2026/08/05 04:17:43.206, 0, NVIDIA GeForce RTX 3080, 6968, 3084, 10240, 98, 98
2026/08/05 04:17:43.315, 0, NVIDIA GeForce RTX 3080, 6968, 3084, 10240, 98, 98
2026/08/05 04:17:43.425, 0, NVIDIA GeForce RTX 3080, 6968, 3084, 10240, 98, 98
2026/08/05 04:17:43.534, 0, NVIDIA GeForce RTX 3080, 6968, 3084, 10240, 98, 98
2026/08/05 04:17:43.643, 0, NVIDIA GeForce RTX 3080, 6968, 3084, 10240, 98, 98
2026/08/05 04:17:43.750, 0, NVIDIA GeForce RTX 3080, 6968, 3084, 10240, 98, 98
2026/08/05 04:17:43.859, 0, NVIDIA GeForce RTX 3080, 6968, 3084, 10240, 98, 98
2026/08/05 04:17:43.968, 0, NVIDIA GeForce RTX 3080, 6968, 3084, 10240, 98, 98
2026/08/05 04:17:44.077, 0, NVIDIA GeForce RTX 3080, 6968, 3084, 10240, 98, 98
2026/08/05 04:17:44.187, 0, NVIDIA GeForce RTX 3080, 6968, 3084, 10240, 98, 98
2026/08/05 04:17:44.296, 0, NVIDIA GeForce RTX 3080, 6968, 3084, 10240, 98, 98
2026/08/05 04:17:44.404, 0, NVIDIA GeForce RTX 3080, 6968, 3084, 10240, 98, 98
2026/08/05 04:17:44.513, 0, NVIDIA GeForce RTX 3080, 6968, 3084, 10240, 98, 98
2026/08/05 04:17:44.622, 0, NVIDIA GeForce RTX 3080, 6968, 3084, 10240, 98, 98
2026/08/05 04:17:44.731, 0, NVIDIA GeForce RTX 3080, 6968, 3084, 10240, 98, 98
2026/08/05 04:17:44.841, 0, NVIDIA GeForce RTX 3080, 6968, 3084, 10240, 98, 98
2026/08/05 04:17:44.949, 0, NVIDIA GeForce RTX 3080, 6968, 3084, 10240, 95, 98
2026/08/05 04:17:45.058, 0, NVIDIA GeForce RTX 3080, 6968, 3084, 10240, 95, 98
2026/08/05 04:17:45.168, 0, NVIDIA GeForce RTX 3080, 6968, 3084, 10240, 95, 98
2026/08/05 04:17:45.276, 0, NVIDIA GeForce RTX 3080, 6968, 3084, 10240, 95, 98
2026/08/05 04:17:45.386, 0, NVIDIA GeForce RTX 3080, 6968, 3084, 10240, 96, 98
2026/08/05 04:17:45.496, 0, NVIDIA GeForce RTX 3080, 6968, 3084, 10240, 96, 98
2026/08/05 04:17:45.604, 0, NVIDIA GeForce RTX 3080, 6968, 3084, 10240, 96, 98
2026/08/05 04:17:45.729, 0, NVIDIA GeForce RTX 3080, 6968, 3084, 10240, 96, 98
2026/08/05 04:17:45.837, 0, NVIDIA GeForce RTX 3080, 6968, 3084, 10240, 96, 98
2026/08/05 04:17:45.947, 0, NVIDIA GeForce RTX 3080, 6968, 3084, 10240, 95, 98
2026/08/05 04:17:46.056, 0, NVIDIA GeForce RTX 3080, 6968, 3084, 10240, 95, 98
2026/08/05 04:17:46.164, 0, NVIDIA GeForce RTX 3080, 6968, 3084, 10240, 95, 98
2026/08/05 04:17:46.274, 0, NVIDIA GeForce RTX 3080, 6968, 3084, 10240, 95, 98
2026/08/05 04:17:46.383, 0, NVIDIA GeForce RTX 3080, 6968, 3084, 10240, 96, 98
2026/08/05 04:17:46.492, 0, NVIDIA GeForce RTX 3080, 6968, 3084, 10240, 96, 98
2026/08/05 04:17:46.602, 0, NVIDIA GeForce RTX 3080, 6968, 3084, 10240, 96, 98
2026/08/05 04:17:46.711, 0, NVIDIA GeForce RTX 3080, 6968, 3084, 10240, 96, 98
2026/08/05 04:17:46.820, 0, NVIDIA GeForce RTX 3080, 6968, 3084, 10240, 96, 98
2026/08/05 04:17:46.930, 0, NVIDIA GeForce RTX 3080, 6968, 3084, 10240, 97, 98
2026/08/05 04:17:47.038, 0, NVIDIA GeForce RTX 3080, 6968, 3084, 10240, 97, 98
2026/08/05 04:17:47.147, 0, NVIDIA GeForce RTX 3080, 6968, 3084, 10240, 97, 98
2026/08/05 04:17:47.256, 0, NVIDIA GeForce RTX 3080, 6968, 3084, 10240, 97, 98
2026/08/05 04:17:47.365, 0, NVIDIA GeForce RTX 3080, 6968, 3084, 10240, 97, 98
2026/08/05 04:17:47.475, 0, NVIDIA GeForce RTX 3080, 6968, 3084, 10240, 97, 98
2026/08/05 04:17:47.583, 0, NVIDIA GeForce RTX 3080, 6968, 3084, 10240, 97, 98
2026/08/05 04:17:47.693, 0, NVIDIA GeForce RTX 3080, 6968, 3084, 10240, 97, 98
2026/08/05 04:17:47.802, 0, NVIDIA GeForce RTX 3080, 6968, 3084, 10240, 97, 98
2026/08/05 04:17:47.911, 0, NVIDIA GeForce RTX 3080, 6968, 3084, 10240, 97, 98
2026/08/05 04:17:48.020, 0, NVIDIA GeForce RTX 3080, 6968, 3084, 10240, 97, 98
2026/08/05 04:17:48.130, 0, NVIDIA GeForce RTX 3080, 6968, 3084, 10240, 97, 98
2026/08/05 04:17:48.239, 0, NVIDIA GeForce RTX 3080, 6968, 3084, 10240, 97, 98
2026/08/05 04:17:48.348, 0, NVIDIA GeForce RTX 3080, 6968, 3084, 10240, 97, 98
2026/08/05 04:17:48.457, 0, NVIDIA GeForce RTX 3080, 6968, 3084, 10240, 97, 98
2026/08/05 04:17:48.566, 0, NVIDIA GeForce RTX 3080, 6968, 3084, 10240, 97, 98
2026/08/05 04:17:48.675, 0, NVIDIA GeForce RTX 3080, 6968, 3084, 10240, 97, 98
2026/08/05 04:17:48.784, 0, NVIDIA GeForce RTX 3080, 6968, 3084, 10240, 97, 98
2026/08/05 04:17:48.894, 0, NVIDIA GeForce RTX 3080, 6968, 3084, 10240, 96, 98
2026/08/05 04:17:49.003, 0, NVIDIA GeForce RTX 3080, 6968, 3084, 10240, 96, 98
2026/08/05 04:17:49.111, 0, NVIDIA GeForce RTX 3080, 6968, 3084, 10240, 96, 98
2026/08/05 04:17:49.220, 0, NVIDIA GeForce RTX 3080, 6968, 3084, 10240, 96, 98
2026/08/05 04:17:49.330, 0, NVIDIA GeForce RTX 3080, 6968, 3084, 10240, 96, 98
2026/08/05 04:17:49.438, 0, NVIDIA GeForce RTX 3080, 6968, 3084, 10240, 96, 98
2026/08/05 04:17:49.548, 0, NVIDIA GeForce RTX 3080, 6968, 3084, 10240, 96, 98
2026/08/05 04:17:49.657, 0, NVIDIA GeForce RTX 3080, 6968, 3084, 10240, 96, 98
2026/08/05 04:17:49.764, 0, NVIDIA GeForce RTX 3080, 6968, 3084, 10240, 96, 98
2026/08/05 04:17:49.874, 0, NVIDIA GeForce RTX 3080, 6968, 3084, 10240, 96, 98
2026/08/05 04:17:49.982, 0, NVIDIA GeForce RTX 3080, 6968, 3084, 10240, 95, 98
2026/08/05 04:17:50.092, 0, NVIDIA GeForce RTX 3080, 6968, 3084, 10240, 95, 98
2026/08/05 04:17:50.201, 0, NVIDIA GeForce RTX 3080, 6968, 3084, 10240, 95, 98
2026/08/05 04:17:50.309, 0, NVIDIA GeForce RTX 3080, 6968, 3084, 10240, 95, 98
2026/08/05 04:17:50.418, 0, NVIDIA GeForce RTX 3080, 6968, 3084, 10240, 96, 98
2026/08/05 04:17:50.527, 0, NVIDIA GeForce RTX 3080, 6968, 3084, 10240, 96, 98
2026/08/05 04:17:50.636, 0, NVIDIA GeForce RTX 3080, 6968, 3084, 10240, 96, 98
2026/08/05 04:17:50.746, 0, NVIDIA GeForce RTX 3080, 6968, 3084, 10240, 96, 98
2026/08/05 04:17:50.855, 0, NVIDIA GeForce RTX 3080, 6968, 3084, 10240, 96, 98
2026/08/05 04:17:50.963, 0, NVIDIA GeForce RTX 3080, 6968, 3084, 10240, 97, 98
2026/08/05 04:17:51.073, 0, NVIDIA GeForce RTX 3080, 6968, 3084, 10240, 97, 98
2026/08/05 04:17:51.182, 0, NVIDIA GeForce RTX 3080, 6968, 3084, 10240, 97, 98
2026/08/05 04:17:51.291, 0, NVIDIA GeForce RTX 3080, 6968, 3084, 10240, 97, 98
2026/08/05 04:17:51.400, 0, NVIDIA GeForce RTX 3080, 6968, 3084, 10240, 97, 98
2026/08/05 04:17:51.509, 0, NVIDIA GeForce RTX 3080, 6968, 3084, 10240, 97, 98
2026/08/05 04:17:51.618, 0, NVIDIA GeForce RTX 3080, 6968, 3084, 10240, 97, 98
2026/08/05 04:17:51.727, 0, NVIDIA GeForce RTX 3080, 6968, 3084, 10240, 97, 98
2026/08/05 04:17:51.836, 0, NVIDIA GeForce RTX 3080, 6968, 3084, 10240, 97, 98
2026/08/05 04:17:51.946, 0, NVIDIA GeForce RTX 3080, 6968, 3084, 10240, 97, 98
2026/08/05 04:17:52.055, 0, NVIDIA GeForce RTX 3080, 6968, 3084, 10240, 97, 98
2026/08/05 04:17:52.163, 0, NVIDIA GeForce RTX 3080, 6968, 3084, 10240, 97, 98
2026/08/05 04:17:52.273, 0, NVIDIA GeForce RTX 3080, 6968, 3084, 10240, 97, 98
2026/08/05 04:17:52.382, 0, NVIDIA GeForce RTX 3080, 6968, 3084, 10240, 97, 98
2026/08/05 04:17:52.491, 0, NVIDIA GeForce RTX 3080, 6968, 3084, 10240, 97, 98
2026/08/05 04:17:52.601, 0, NVIDIA GeForce RTX 3080, 6968, 3084, 10240, 97, 98
2026/08/05 04:17:52.710, 0, NVIDIA GeForce RTX 3080, 6968, 3084, 10240, 97, 98
2026/08/05 04:17:52.819, 0, NVIDIA GeForce RTX 3080, 6968, 3084, 10240, 97, 98
2026/08/05 04:17:52.928, 0, NVIDIA GeForce RTX 3080, 6968, 3084, 10240, 95, 98
2026/08/05 04:17:53.037, 0, NVIDIA GeForce RTX 3080, 6968, 3084, 10240, 95, 98
2026/08/05 04:17:53.146, 0, NVIDIA GeForce RTX 3080, 6968, 3084, 10240, 95, 98
2026/08/05 04:17:53.255, 0, NVIDIA GeForce RTX 3080, 6968, 3084, 10240, 95, 98
2026/08/05 04:17:53.364, 0, NVIDIA GeForce RTX 3080, 6968, 3084, 10240, 95, 98
2026/08/05 04:17:53.474, 0, NVIDIA GeForce RTX 3080, 6968, 3084, 10240, 95, 98
2026/08/05 04:17:53.583, 0, NVIDIA GeForce RTX 3080, 6968, 3084, 10240, 95, 98
2026/08/05 04:17:53.692, 0, NVIDIA GeForce RTX 3080, 6968, 3084, 10240, 95, 98
2026/08/05 04:17:53.800, 0, NVIDIA GeForce RTX 3080, 6968, 3084, 10240, 95, 98
2026/08/05 04:17:53.908, 0, NVIDIA GeForce RTX 3080, 6968, 3084, 10240, 95, 98
2026/08/05 04:17:54.018, 0, NVIDIA GeForce RTX 3080, 6968, 3084, 10240, 95, 98
2026/08/05 04:17:54.127, 0, NVIDIA GeForce RTX 3080, 6968, 3084, 10240, 95, 98
2026/08/05 04:17:54.236, 0, NVIDIA GeForce RTX 3080, 6968, 3084, 10240, 95, 98
2026/08/05 04:17:54.345, 0, NVIDIA GeForce RTX 3080, 6968, 3084, 10240, 95, 98
2026/08/05 04:17:54.454, 0, NVIDIA GeForce RTX 3080, 6968, 3084, 10240, 95, 98
2026/08/05 04:17:54.563, 0, NVIDIA GeForce RTX 3080, 6968, 3084, 10240, 95, 98
2026/08/05 04:17:54.673, 0, NVIDIA GeForce RTX 3080, 6968, 3084, 10240, 95, 98
2026/08/05 04:17:54.782, 0, NVIDIA GeForce RTX 3080, 6968, 3084, 10240, 95, 98
2026/08/05 04:17:54.891, 0, NVIDIA GeForce RTX 3080, 6968, 3084, 10240, 95, 97
2026/08/05 04:17:55.001, 0, NVIDIA GeForce RTX 3080, 6968, 3084, 10240, 95, 97
2026/08/05 04:17:55.109, 0, NVIDIA GeForce RTX 3080, 6968, 3084, 10240, 95, 97
2026/08/05 04:17:55.218, 0, NVIDIA GeForce RTX 3080, 6968, 3084, 10240, 95, 97
2026/08/05 04:17:55.327, 0, NVIDIA GeForce RTX 3080, 6968, 3084, 10240, 95, 97
2026/08/05 04:17:55.437, 0, NVIDIA GeForce RTX 3080, 6968, 3084, 10240, 97, 98
2026/08/05 04:17:55.546, 0, NVIDIA GeForce RTX 3080, 6968, 3084, 10240, 97, 98
2026/08/05 04:17:55.655, 0, NVIDIA GeForce RTX 3080, 6968, 3084, 10240, 97, 98
2026/08/05 04:17:55.778, 0, NVIDIA GeForce RTX 3080, 6968, 3084, 10240, 97, 98
2026/08/05 04:17:55.887, 0, NVIDIA GeForce RTX 3080, 6968, 3084, 10240, 97, 98
2026/08/05 04:17:55.997, 0, NVIDIA GeForce RTX 3080, 6968, 3084, 10240, 97, 98
2026/08/05 04:17:56.105, 0, NVIDIA GeForce RTX 3080, 6968, 3084, 10240, 97, 98
2026/08/05 04:17:56.215, 0, NVIDIA GeForce RTX 3080, 6968, 3084, 10240, 97, 98
2026/08/05 04:17:56.325, 0, NVIDIA GeForce RTX 3080, 6968, 3084, 10240, 97, 98
2026/08/05 04:17:56.434, 0, NVIDIA GeForce RTX 3080, 6968, 3084, 10240, 96, 98
2026/08/05 04:17:56.544, 0, NVIDIA GeForce RTX 3080, 6968, 3084, 10240, 96, 98
2026/08/05 04:17:56.651, 0, NVIDIA GeForce RTX 3080, 6968, 3084, 10240, 96, 98
2026/08/05 04:17:56.760, 0, NVIDIA GeForce RTX 3080, 6968, 3084, 10240, 96, 98
2026/08/05 04:17:56.869, 0, NVIDIA GeForce RTX 3080, 6968, 3084, 10240, 96, 98
2026/08/05 04:17:56.978, 0, NVIDIA GeForce RTX 3080, 6968, 3084, 10240, 96, 98
2026/08/05 04:17:57.087, 0, NVIDIA GeForce RTX 3080, 6968, 3084, 10240, 96, 98
2026/08/05 04:17:57.197, 0, NVIDIA GeForce RTX 3080, 6968, 3084, 10240, 96, 98
2026/08/05 04:17:57.305, 0, NVIDIA GeForce RTX 3080, 6968, 3084, 10240, 96, 98
2026/08/05 04:17:57.415, 0, NVIDIA GeForce RTX 3080, 6968, 3084, 10240, 95, 98
2026/08/05 04:17:57.525, 0, NVIDIA GeForce RTX 3080, 6968, 3084, 10240, 95, 98
2026/08/05 04:17:57.633, 0, NVIDIA GeForce RTX 3080, 6968, 3084, 10240, 95, 98
2026/08/05 04:17:57.743, 0, NVIDIA GeForce RTX 3080, 6968, 3084, 10240, 95, 98
2026/08/05 04:17:57.851, 0, NVIDIA GeForce RTX 3080, 6968, 3084, 10240, 95, 98
2026/08/05 04:17:57.960, 0, NVIDIA GeForce RTX 3080, 6968, 3084, 10240, 95, 98
2026/08/05 04:17:58.069, 0, NVIDIA GeForce RTX 3080, 6968, 3084, 10240, 95, 98
2026/08/05 04:17:58.177, 0, NVIDIA GeForce RTX 3080, 6968, 3084, 10240, 95, 98
2026/08/05 04:17:58.286, 0, NVIDIA GeForce RTX 3080, 6968, 3084, 10240, 95, 98
2026/08/05 04:17:58.395, 0, NVIDIA GeForce RTX 3080, 6968, 3084, 10240, 95, 98
2026/08/05 04:17:58.504, 0, NVIDIA GeForce RTX 3080, 6968, 3084, 10240, 95, 98
2026/08/05 04:17:58.614, 0, NVIDIA GeForce RTX 3080, 6968, 3084, 10240, 95, 98
2026/08/05 04:17:58.723, 0, NVIDIA GeForce RTX 3080, 6968, 3084, 10240, 95, 98
2026/08/05 04:17:58.832, 0, NVIDIA GeForce RTX 3080, 6968, 3084, 10240, 95, 98
2026/08/05 04:17:58.942, 0, NVIDIA GeForce RTX 3080, 6968, 3084, 10240, 95, 98
2026/08/05 04:17:59.050, 0, NVIDIA GeForce RTX 3080, 6968, 3084, 10240, 95, 98
2026/08/05 04:17:59.159, 0, NVIDIA GeForce RTX 3080, 6968, 3084, 10240, 95, 98
2026/08/05 04:17:59.268, 0, NVIDIA GeForce RTX 3080, 6968, 3084, 10240, 95, 98
2026/08/05 04:17:59.377, 0, NVIDIA GeForce RTX 3080, 6968, 3084, 10240, 95, 98
2026/08/05 04:17:59.487, 0, NVIDIA GeForce RTX 3080, 6968, 3084, 10240, 96, 98
2026/08/05 04:17:59.596, 0, NVIDIA GeForce RTX 3080, 6968, 3084, 10240, 96, 98
2026/08/05 04:17:59.705, 0, NVIDIA GeForce RTX 3080, 6968, 3084, 10240, 96, 98
2026/08/05 04:17:59.814, 0, NVIDIA GeForce RTX 3080, 6968, 3084, 10240, 96, 98
2026/08/05 04:17:59.923, 0, NVIDIA GeForce RTX 3080, 6968, 3084, 10240, 96, 98
2026/08/05 04:18:00.032, 0, NVIDIA GeForce RTX 3080, 6968, 3084, 10240, 96, 98
2026/08/05 04:18:00.142, 0, NVIDIA GeForce RTX 3080, 6968, 3084, 10240, 96, 98
2026/08/05 04:18:00.250, 0, NVIDIA GeForce RTX 3080, 6968, 3084, 10240, 96, 98
2026/08/05 04:18:00.359, 0, NVIDIA GeForce RTX 3080, 6968, 3084, 10240, 96, 98
2026/08/05 04:18:00.469, 0, NVIDIA GeForce RTX 3080, 6968, 3084, 10240, 96, 98
2026/08/05 04:18:00.577, 0, NVIDIA GeForce RTX 3080, 6968, 3084, 10240, 96, 98
2026/08/05 04:18:00.687, 0, NVIDIA GeForce RTX 3080, 6968, 3084, 10240, 96, 98
2026/08/05 04:18:00.796, 0, NVIDIA GeForce RTX 3080, 6968, 3084, 10240, 96, 98
2026/08/05 04:18:00.904, 0, NVIDIA GeForce RTX 3080, 6968, 3084, 10240, 96, 98
2026/08/05 04:18:01.013, 0, NVIDIA GeForce RTX 3080, 6968, 3084, 10240, 96, 98
2026/08/05 04:18:01.123, 0, NVIDIA GeForce RTX 3080, 6968, 3084, 10240, 96, 98
2026/08/05 04:18:01.232, 0, NVIDIA GeForce RTX 3080, 6968, 3084, 10240, 96, 98
2026/08/05 04:18:01.341, 0, NVIDIA GeForce RTX 3080, 6968, 3084, 10240, 96, 98
2026/08/05 04:18:01.451, 0, NVIDIA GeForce RTX 3080, 6968, 3084, 10240, 96, 98
2026/08/05 04:18:01.560, 0, NVIDIA GeForce RTX 3080, 6968, 3084, 10240, 96, 98
2026/08/05 04:18:01.668, 0, NVIDIA GeForce RTX 3080, 6968, 3084, 10240, 96, 98
2026/08/05 04:18:01.777, 0, NVIDIA GeForce RTX 3080, 6968, 3084, 10240, 96, 98
2026/08/05 04:18:01.886, 0, NVIDIA GeForce RTX 3080, 6968, 3084, 10240, 95, 98
2026/08/05 04:18:01.995, 0, NVIDIA GeForce RTX 3080, 6968, 3084, 10240, 95, 98
2026/08/05 04:18:02.104, 0, NVIDIA GeForce RTX 3080, 6968, 3084, 10240, 95, 98
2026/08/05 04:18:02.213, 0, NVIDIA GeForce RTX 3080, 6968, 3084, 10240, 95, 98
2026/08/05 04:18:02.323, 0, NVIDIA GeForce RTX 3080, 6968, 3084, 10240, 95, 98
2026/08/05 04:18:02.432, 0, NVIDIA GeForce RTX 3080, 6968, 3084, 10240, 95, 98
2026/08/05 04:18:02.541, 0, NVIDIA GeForce RTX 3080, 6968, 3084, 10240, 95, 98
2026/08/05 04:18:02.650, 0, NVIDIA GeForce RTX 3080, 6968, 3084, 10240, 95, 98
2026/08/05 04:18:02.759, 0, NVIDIA GeForce RTX 3080, 6968, 3084, 10240, 95, 98
2026/08/05 04:18:02.869, 0, NVIDIA GeForce RTX 3080, 6968, 3084, 10240, 95, 98
2026/08/05 04:18:02.977, 0, NVIDIA GeForce RTX 3080, 6968, 3084, 10240, 95, 98
2026/08/05 04:18:03.087, 0, NVIDIA GeForce RTX 3080, 6968, 3084, 10240, 95, 98
2026/08/05 04:18:03.196, 0, NVIDIA GeForce RTX 3080, 6968, 3084, 10240, 95, 98
2026/08/05 04:18:03.305, 0, NVIDIA GeForce RTX 3080, 6968, 3084, 10240, 95, 98
2026/08/05 04:18:03.415, 0, NVIDIA GeForce RTX 3080, 6968, 3084, 10240, 94, 98
2026/08/05 04:18:03.523, 0, NVIDIA GeForce RTX 3080, 6968, 3084, 10240, 94, 98
2026/08/05 04:18:03.632, 0, NVIDIA GeForce RTX 3080, 6968, 3084, 10240, 94, 98
2026/08/05 04:18:03.742, 0, NVIDIA GeForce RTX 3080, 6968, 3084, 10240, 94, 98
2026/08/05 04:18:03.849, 0, NVIDIA GeForce RTX 3080, 6968, 3084, 10240, 94, 98
2026/08/05 04:18:03.958, 0, NVIDIA GeForce RTX 3080, 6968, 3084, 10240, 93, 97
2026/08/05 04:18:04.068, 0, NVIDIA GeForce RTX 3080, 6968, 3084, 10240, 93, 97
2026/08/05 04:18:04.177, 0, NVIDIA GeForce RTX 3080, 6968, 3084, 10240, 93, 97
2026/08/05 04:18:04.285, 0, NVIDIA GeForce RTX 3080, 6968, 3084, 10240, 93, 97
2026/08/05 04:18:04.395, 0, NVIDIA GeForce RTX 3080, 6968, 3084, 10240, 96, 98
2026/08/05 04:18:04.502, 0, NVIDIA GeForce RTX 3080, 6968, 3084, 10240, 96, 98
2026/08/05 04:18:04.611, 0, NVIDIA GeForce RTX 3080, 6968, 3084, 10240, 96, 98
2026/08/05 04:18:04.720, 0, NVIDIA GeForce RTX 3080, 6968, 3084, 10240, 96, 98
2026/08/05 04:18:04.829, 0, NVIDIA GeForce RTX 3080, 6968, 3084, 10240, 96, 98
2026/08/05 04:18:04.937, 0, NVIDIA GeForce RTX 3080, 6968, 3084, 10240, 96, 98
2026/08/05 04:18:05.046, 0, NVIDIA GeForce RTX 3080, 6968, 3084, 10240, 96, 98
2026/08/05 04:18:05.156, 0, NVIDIA GeForce RTX 3080, 6968, 3084, 10240, 96, 98
2026/08/05 04:18:05.265, 0, NVIDIA GeForce RTX 3080, 6968, 3084, 10240, 96, 98
2026/08/05 04:18:05.374, 0, NVIDIA GeForce RTX 3080, 6968, 3084, 10240, 96, 98
2026/08/05 04:18:05.484, 0, NVIDIA GeForce RTX 3080, 6968, 3084, 10240, 96, 98
2026/08/05 04:18:05.593, 0, NVIDIA GeForce RTX 3080, 6968, 3084, 10240, 96, 98
2026/08/05 04:18:05.701, 0, NVIDIA GeForce RTX 3080, 6968, 3084, 10240, 96, 98
2026/08/05 04:18:05.811, 0, NVIDIA GeForce RTX 3080, 6968, 3084, 10240, 96, 98
2026/08/05 04:18:05.921, 0, NVIDIA GeForce RTX 3080, 6968, 3084, 10240, 96, 98
2026/08/05 04:18:06.030, 0, NVIDIA GeForce RTX 3080, 6968, 3084, 10240, 96, 98
2026/08/05 04:18:06.139, 0, NVIDIA GeForce RTX 3080, 6968, 3084, 10240, 96, 98
2026/08/05 04:18:06.248, 0, NVIDIA GeForce RTX 3080, 6968, 3084, 10240, 96, 98
2026/08/05 04:18:06.357, 0, NVIDIA GeForce RTX 3080, 6968, 3084, 10240, 96, 98
2026/08/05 04:18:06.467, 0, NVIDIA GeForce RTX 3080, 6968, 3084, 10240, 94, 98
2026/08/05 04:18:06.575, 0, NVIDIA GeForce RTX 3080, 6968, 3084, 10240, 94, 98
2026/08/05 04:18:06.685, 0, NVIDIA GeForce RTX 3080, 6968, 3084, 10240, 94, 98
2026/08/05 04:18:06.795, 0, NVIDIA GeForce RTX 3080, 6968, 3084, 10240, 94, 98
2026/08/05 04:18:06.903, 0, NVIDIA GeForce RTX 3080, 6968, 3084, 10240, 94, 98
2026/08/05 04:18:07.013, 0, NVIDIA GeForce RTX 3080, 6968, 3084, 10240, 94, 98
2026/08/05 04:18:07.122, 0, NVIDIA GeForce RTX 3080, 6968, 3084, 10240, 94, 98
2026/08/05 04:18:07.230, 0, NVIDIA GeForce RTX 3080, 6968, 3084, 10240, 94, 98
2026/08/05 04:18:07.340, 0, NVIDIA GeForce RTX 3080, 6968, 3084, 10240, 94, 98
2026/08/05 04:18:07.450, 0, NVIDIA GeForce RTX 3080, 6968, 3084, 10240, 94, 98
2026/08/05 04:18:07.558, 0, NVIDIA GeForce RTX 3080, 6968, 3084, 10240, 94, 98
2026/08/05 04:18:07.668, 0, NVIDIA GeForce RTX 3080, 6968, 3084, 10240, 94, 98
2026/08/05 04:18:07.777, 0, NVIDIA GeForce RTX 3080, 6968, 3084, 10240, 94, 98
2026/08/05 04:18:07.884, 0, NVIDIA GeForce RTX 3080, 6968, 3084, 10240, 94, 98
2026/08/05 04:18:07.994, 0, NVIDIA GeForce RTX 3080, 6968, 3084, 10240, 94, 98
2026/08/05 04:18:08.103, 0, NVIDIA GeForce RTX 3080, 6968, 3084, 10240, 94, 98
2026/08/05 04:18:08.212, 0, NVIDIA GeForce RTX 3080, 6968, 3084, 10240, 94, 98
2026/08/05 04:18:08.322, 0, NVIDIA GeForce RTX 3080, 6968, 3084, 10240, 94, 98
2026/08/05 04:18:08.431, 0, NVIDIA GeForce RTX 3080, 6968, 3084, 10240, 94, 98
2026/08/05 04:18:08.540, 0, NVIDIA GeForce RTX 3080, 6968, 3084, 10240, 94, 98
2026/08/05 04:18:08.650, 0, NVIDIA GeForce RTX 3080, 6968, 3084, 10240, 94, 98
2026/08/05 04:18:08.759, 0, NVIDIA GeForce RTX 3080, 6968, 3084, 10240, 94, 98
2026/08/05 04:18:08.868, 0, NVIDIA GeForce RTX 3080, 6968, 3084, 10240, 94, 98
2026/08/05 04:18:08.977, 0, NVIDIA GeForce RTX 3080, 6968, 3084, 10240, 97, 98
2026/08/05 04:18:09.087, 0, NVIDIA GeForce RTX 3080, 6968, 3084, 10240, 97, 98
2026/08/05 04:18:09.195, 0, NVIDIA GeForce RTX 3080, 6968, 3084, 10240, 97, 98
2026/08/05 04:18:09.304, 0, NVIDIA GeForce RTX 3080, 6968, 3084, 10240, 97, 98
2026/08/05 04:18:09.414, 0, NVIDIA GeForce RTX 3080, 6968, 3084, 10240, 97, 98
2026/08/05 04:18:09.524, 0, NVIDIA GeForce RTX 3080, 6968, 3084, 10240, 97, 98
2026/08/05 04:18:09.632, 0, NVIDIA GeForce RTX 3080, 6968, 3084, 10240, 97, 98
2026/08/05 04:18:09.742, 0, NVIDIA GeForce RTX 3080, 6968, 3084, 10240, 97, 98
2026/08/05 04:18:09.849, 0, NVIDIA GeForce RTX 3080, 6968, 3084, 10240, 97, 98
2026/08/05 04:18:09.958, 0, NVIDIA GeForce RTX 3080, 6968, 3084, 10240, 97, 98
2026/08/05 04:18:10.068, 0, NVIDIA GeForce RTX 3080, 6968, 3084, 10240, 97, 98
2026/08/05 04:18:10.175, 0, NVIDIA GeForce RTX 3080, 6968, 3084, 10240, 97, 98
2026/08/05 04:18:10.285, 0, NVIDIA GeForce RTX 3080, 6968, 3084, 10240, 97, 98
2026/08/05 04:18:10.395, 0, NVIDIA GeForce RTX 3080, 6968, 3084, 10240, 97, 98
2026/08/05 04:18:10.503, 0, NVIDIA GeForce RTX 3080, 6968, 3084, 10240, 97, 98
2026/08/05 04:18:10.613, 0, NVIDIA GeForce RTX 3080, 6968, 3084, 10240, 97, 98
2026/08/05 04:18:10.722, 0, NVIDIA GeForce RTX 3080, 6968, 3084, 10240, 97, 98
2026/08/05 04:18:10.829, 0, NVIDIA GeForce RTX 3080, 6968, 3084, 10240, 97, 98
2026/08/05 04:18:10.939, 0, NVIDIA GeForce RTX 3080, 6968, 3084, 10240, 98, 98
2026/08/05 04:18:11.048, 0, NVIDIA GeForce RTX 3080, 6968, 3084, 10240, 98, 98
2026/08/05 04:18:11.157, 0, NVIDIA GeForce RTX 3080, 6968, 3084, 10240, 98, 98
2026/08/05 04:18:11.267, 0, NVIDIA GeForce RTX 3080, 6968, 3084, 10240, 98, 98
2026/08/05 04:18:11.376, 0, NVIDIA GeForce RTX 3080, 6968, 3084, 10240, 98, 98
2026/08/05 04:18:11.484, 0, NVIDIA GeForce RTX 3080, 6968, 3084, 10240, 98, 98
2026/08/05 04:18:11.594, 0, NVIDIA GeForce RTX 3080, 6968, 3084, 10240, 98, 98
2026/08/05 04:18:11.703, 0, NVIDIA GeForce RTX 3080, 6968, 3084, 10240, 98, 98
2026/08/05 04:18:11.812, 0, NVIDIA GeForce RTX 3080, 6968, 3084, 10240, 98, 98
2026/08/05 04:18:11.921, 0, NVIDIA GeForce RTX 3080, 6968, 3084, 10240, 98, 98
2026/08/05 04:18:12.029, 0, NVIDIA GeForce RTX 3080, 6968, 3084, 10240, 98, 98
2026/08/05 04:18:12.139, 0, NVIDIA GeForce RTX 3080, 6968, 3084, 10240, 98, 98
2026/08/05 04:18:12.248, 0, NVIDIA GeForce RTX 3080, 6968, 3084, 10240, 98, 98
2026/08/05 04:18:12.357, 0, NVIDIA GeForce RTX 3080, 6968, 3084, 10240, 98, 98
2026/08/05 04:18:12.467, 0, NVIDIA GeForce RTX 3080, 6968, 3084, 10240, 98, 98
2026/08/05 04:18:12.576, 0, NVIDIA GeForce RTX 3080, 6968, 3084, 10240, 98, 98
2026/08/05 04:18:12.684, 0, NVIDIA GeForce RTX 3080, 6968, 3084, 10240, 98, 98
2026/08/05 04:18:12.794, 0, NVIDIA GeForce RTX 3080, 6968, 3084, 10240, 98, 98
2026/08/05 04:18:12.903, 0, NVIDIA GeForce RTX 3080, 6968, 3084, 10240, 96, 98
2026/08/05 04:18:13.012, 0, NVIDIA GeForce RTX 3080, 6968, 3084, 10240, 96, 98
2026/08/05 04:18:13.122, 0, NVIDIA GeForce RTX 3080, 6968, 3084, 10240, 96, 98
2026/08/05 04:18:13.231, 0, NVIDIA GeForce RTX 3080, 6968, 3084, 10240, 96, 98
2026/08/05 04:18:13.340, 0, NVIDIA GeForce RTX 3080, 6968, 3084, 10240, 96, 98
2026/08/05 04:18:13.450, 0, NVIDIA GeForce RTX 3080, 6968, 3084, 10240, 96, 98
2026/08/05 04:18:13.559, 0, NVIDIA GeForce RTX 3080, 6968, 3084, 10240, 96, 98
2026/08/05 04:18:13.668, 0, NVIDIA GeForce RTX 3080, 6968, 3084, 10240, 96, 98
2026/08/05 04:18:13.777, 0, NVIDIA GeForce RTX 3080, 6968, 3084, 10240, 96, 98
2026/08/05 04:18:13.883, 0, NVIDIA GeForce RTX 3080, 6968, 3084, 10240, 96, 98
2026/08/05 04:18:13.992, 0, NVIDIA GeForce RTX 3080, 6968, 3084, 10240, 96, 98
2026/08/05 04:18:14.101, 0, NVIDIA GeForce RTX 3080, 6968, 3084, 10240, 96, 98
2026/08/05 04:18:14.210, 0, NVIDIA GeForce RTX 3080, 6968, 3084, 10240, 96, 98
2026/08/05 04:18:14.319, 0, NVIDIA GeForce RTX 3080, 6968, 3084, 10240, 96, 98
2026/08/05 04:18:14.428, 0, NVIDIA GeForce RTX 3080, 6968, 3084, 10240, 96, 98
2026/08/05 04:18:14.537, 0, NVIDIA GeForce RTX 3080, 6968, 3084, 10240, 96, 98
2026/08/05 04:18:14.646, 0, NVIDIA GeForce RTX 3080, 6968, 3084, 10240, 96, 98
2026/08/05 04:18:14.756, 0, NVIDIA GeForce RTX 3080, 6968, 3084, 10240, 96, 98
2026/08/05 04:18:14.865, 0, NVIDIA GeForce RTX 3080, 6968, 3084, 10240, 96, 98
2026/08/05 04:18:14.973, 0, NVIDIA GeForce RTX 3080, 6968, 3084, 10240, 97, 98
2026/08/05 04:18:15.083, 0, NVIDIA GeForce RTX 3080, 6968, 3084, 10240, 97, 98
2026/08/05 04:18:15.192, 0, NVIDIA GeForce RTX 3080, 6968, 3084, 10240, 97, 98
2026/08/05 04:18:15.301, 0, NVIDIA GeForce RTX 3080, 6968, 3084, 10240, 97, 98
2026/08/05 04:18:15.411, 0, NVIDIA GeForce RTX 3080, 6968, 3084, 10240, 97, 98
2026/08/05 04:18:15.520, 0, NVIDIA GeForce RTX 3080, 6968, 3084, 10240, 97, 98
2026/08/05 04:18:15.629, 0, NVIDIA GeForce RTX 3080, 6968, 3084, 10240, 97, 98
2026/08/05 04:18:15.739, 0, NVIDIA GeForce RTX 3080, 6968, 3084, 10240, 97, 98
2026/08/05 04:18:15.848, 0, NVIDIA GeForce RTX 3080, 6968, 3084, 10240, 97, 98
2026/08/05 04:18:15.956, 0, NVIDIA GeForce RTX 3080, 6968, 3084, 10240, 97, 98
2026/08/05 04:18:16.066, 0, NVIDIA GeForce RTX 3080, 6968, 3084, 10240, 97, 98
2026/08/05 04:18:16.174, 0, NVIDIA GeForce RTX 3080, 6968, 3084, 10240, 97, 98
2026/08/05 04:18:16.282, 0, NVIDIA GeForce RTX 3080, 6968, 3084, 10240, 97, 98
2026/08/05 04:18:16.393, 0, NVIDIA GeForce RTX 3080, 6968, 3084, 10240, 96, 98
2026/08/05 04:18:16.502, 0, NVIDIA GeForce RTX 3080, 6968, 3084, 10240, 96, 98
2026/08/05 04:18:16.611, 0, NVIDIA GeForce RTX 3080, 6968, 3084, 10240, 96, 98
2026/08/05 04:18:16.720, 0, NVIDIA GeForce RTX 3080, 6968, 3084, 10240, 96, 98
2026/08/05 04:18:16.829, 0, NVIDIA GeForce RTX 3080, 6968, 3084, 10240, 96, 98
2026/08/05 04:18:16.938, 0, NVIDIA GeForce RTX 3080, 6968, 3084, 10240, 96, 98
2026/08/05 04:18:17.047, 0, NVIDIA GeForce RTX 3080, 6968, 3084, 10240, 96, 98
2026/08/05 04:18:17.156, 0, NVIDIA GeForce RTX 3080, 6968, 3084, 10240, 96, 98
2026/08/05 04:18:17.265, 0, NVIDIA GeForce RTX 3080, 6968, 3084, 10240, 96, 98
2026/08/05 04:18:17.374, 0, NVIDIA GeForce RTX 3080, 6968, 3084, 10240, 96, 98
2026/08/05 04:18:17.484, 0, NVIDIA GeForce RTX 3080, 6968, 3084, 10240, 96, 98
2026/08/05 04:18:17.593, 0, NVIDIA GeForce RTX 3080, 6968, 3084, 10240, 96, 98
2026/08/05 04:18:17.702, 0, NVIDIA GeForce RTX 3080, 6968, 3084, 10240, 96, 98
2026/08/05 04:18:17.812, 0, NVIDIA GeForce RTX 3080, 6968, 3084, 10240, 96, 98
2026/08/05 04:18:17.919, 0, NVIDIA GeForce RTX 3080, 6968, 3084, 10240, 96, 98
2026/08/05 04:18:18.028, 0, NVIDIA GeForce RTX 3080, 6968, 3084, 10240, 96, 98
2026/08/05 04:18:18.137, 0, NVIDIA GeForce RTX 3080, 6968, 3084, 10240, 96, 98
2026/08/05 04:18:18.245, 0, NVIDIA GeForce RTX 3080, 6968, 3084, 10240, 96, 98
2026/08/05 04:18:18.355, 0, NVIDIA GeForce RTX 3080, 6968, 3084, 10240, 96, 98
2026/08/05 04:18:18.465, 0, NVIDIA GeForce RTX 3080, 6968, 3084, 10240, 96, 98
2026/08/05 04:18:18.573, 0, NVIDIA GeForce RTX 3080, 6968, 3084, 10240, 96, 98
2026/08/05 04:18:18.683, 0, NVIDIA GeForce RTX 3080, 6968, 3084, 10240, 96, 98
2026/08/05 04:18:18.793, 0, NVIDIA GeForce RTX 3080, 6968, 3084, 10240, 96, 98
2026/08/05 04:18:18.900, 0, NVIDIA GeForce RTX 3080, 6968, 3084, 10240, 97, 98
2026/08/05 04:18:19.010, 0, NVIDIA GeForce RTX 3080, 6968, 3084, 10240, 97, 98
2026/08/05 04:18:19.118, 0, NVIDIA GeForce RTX 3080, 6968, 3084, 10240, 97, 98
2026/08/05 04:18:19.227, 0, NVIDIA GeForce RTX 3080, 6968, 3084, 10240, 97, 98
2026/08/05 04:18:19.336, 0, NVIDIA GeForce RTX 3080, 6968, 3084, 10240, 97, 98
2026/08/05 04:18:19.445, 0, NVIDIA GeForce RTX 3080, 6968, 3084, 10240, 97, 98
2026/08/05 04:18:19.555, 0, NVIDIA GeForce RTX 3080, 6968, 3084, 10240, 97, 98
2026/08/05 04:18:19.664, 0, NVIDIA GeForce RTX 3080, 6968, 3084, 10240, 97, 98
2026/08/05 04:18:19.773, 0, NVIDIA GeForce RTX 3080, 6968, 3084, 10240, 97, 98
2026/08/05 04:18:19.883, 0, NVIDIA GeForce RTX 3080, 6968, 3084, 10240, 97, 98
2026/08/05 04:18:19.992, 0, NVIDIA GeForce RTX 3080, 6968, 3084, 10240, 97, 98
2026/08/05 04:18:20.101, 0, NVIDIA GeForce RTX 3080, 6968, 3084, 10240, 97, 98
2026/08/05 04:18:20.211, 0, NVIDIA GeForce RTX 3080, 6968, 3084, 10240, 97, 98
2026/08/05 04:18:20.320, 0, NVIDIA GeForce RTX 3080, 6968, 3084, 10240, 97, 98
2026/08/05 04:18:20.428, 0, NVIDIA GeForce RTX 3080, 6968, 3084, 10240, 97, 98
2026/08/05 04:18:20.538, 0, NVIDIA GeForce RTX 3080, 6968, 3084, 10240, 97, 98
2026/08/05 04:18:20.647, 0, NVIDIA GeForce RTX 3080, 6968, 3084, 10240, 97, 98
2026/08/05 04:18:20.756, 0, NVIDIA GeForce RTX 3080, 6968, 3084, 10240, 97, 98
2026/08/05 04:18:20.866, 0, NVIDIA GeForce RTX 3080, 6968, 3084, 10240, 97, 98
2026/08/05 04:18:20.974, 0, NVIDIA GeForce RTX 3080, 6968, 3084, 10240, 95, 98
2026/08/05 04:18:21.084, 0, NVIDIA GeForce RTX 3080, 6968, 3084, 10240, 95, 98
2026/08/05 04:18:21.193, 0, NVIDIA GeForce RTX 3080, 6968, 3084, 10240, 95, 98
2026/08/05 04:18:21.302, 0, NVIDIA GeForce RTX 3080, 6968, 3084, 10240, 95, 98
2026/08/05 04:18:21.411, 0, NVIDIA GeForce RTX 3080, 6968, 3084, 10240, 95, 98
2026/08/05 04:18:21.521, 0, NVIDIA GeForce RTX 3080, 6968, 3084, 10240, 95, 98
2026/08/05 04:18:21.630, 0, NVIDIA GeForce RTX 3080, 6968, 3084, 10240, 95, 98
2026/08/05 04:18:21.739, 0, NVIDIA GeForce RTX 3080, 6968, 3084, 10240, 95, 98
2026/08/05 04:18:21.848, 0, NVIDIA GeForce RTX 3080, 6968, 3084, 10240, 95, 98
2026/08/05 04:18:21.957, 0, NVIDIA GeForce RTX 3080, 6968, 3084, 10240, 95, 98
2026/08/05 04:18:22.067, 0, NVIDIA GeForce RTX 3080, 6968, 3084, 10240, 95, 98
2026/08/05 04:18:22.175, 0, NVIDIA GeForce RTX 3080, 6968, 3084, 10240, 95, 98
2026/08/05 04:18:22.285, 0, NVIDIA GeForce RTX 3080, 6968, 3084, 10240, 95, 98
2026/08/05 04:18:22.395, 0, NVIDIA GeForce RTX 3080, 6968, 3084, 10240, 95, 98
2026/08/05 04:18:22.504, 0, NVIDIA GeForce RTX 3080, 6968, 3084, 10240, 95, 98
2026/08/05 04:18:22.613, 0, NVIDIA GeForce RTX 3080, 6968, 3084, 10240, 95, 98
2026/08/05 04:18:22.723, 0, NVIDIA GeForce RTX 3080, 6968, 3084, 10240, 95, 98
2026/08/05 04:18:22.832, 0, NVIDIA GeForce RTX 3080, 6968, 3084, 10240, 95, 98
2026/08/05 04:18:22.941, 0, NVIDIA GeForce RTX 3080, 6968, 3084, 10240, 96, 98
2026/08/05 04:18:23.051, 0, NVIDIA GeForce RTX 3080, 6968, 3084, 10240, 96, 98
2026/08/05 04:18:23.160, 0, NVIDIA GeForce RTX 3080, 6968, 3084, 10240, 96, 98
2026/08/05 04:18:23.269, 0, NVIDIA GeForce RTX 3080, 6968, 3084, 10240, 96, 98
2026/08/05 04:18:23.377, 0, NVIDIA GeForce RTX 3080, 6968, 3084, 10240, 96, 98
2026/08/05 04:18:23.487, 0, NVIDIA GeForce RTX 3080, 6968, 3084, 10240, 97, 98
2026/08/05 04:18:23.597, 0, NVIDIA GeForce RTX 3080, 6968, 3084, 10240, 97, 98
2026/08/05 04:18:23.705, 0, NVIDIA GeForce RTX 3080, 6968, 3084, 10240, 97, 98
2026/08/05 04:18:23.815, 0, NVIDIA GeForce RTX 3080, 6968, 3084, 10240, 97, 98
2026/08/05 04:18:23.925, 0, NVIDIA GeForce RTX 3080, 6968, 3084, 10240, 96, 98
2026/08/05 04:18:24.034, 0, NVIDIA GeForce RTX 3080, 6968, 3084, 10240, 96, 98
2026/08/05 04:18:24.143, 0, NVIDIA GeForce RTX 3080, 6968, 3084, 10240, 96, 98
2026/08/05 04:18:24.253, 0, NVIDIA GeForce RTX 3080, 6968, 3084, 10240, 96, 98
2026/08/05 04:18:24.361, 0, NVIDIA GeForce RTX 3080, 6968, 3084, 10240, 96, 98
2026/08/05 04:18:24.470, 0, NVIDIA GeForce RTX 3080, 6968, 3084, 10240, 96, 98
2026/08/05 04:18:24.580, 0, NVIDIA GeForce RTX 3080, 6968, 3084, 10240, 96, 98
2026/08/05 04:18:24.689, 0, NVIDIA GeForce RTX 3080, 6968, 3084, 10240, 96, 98
2026/08/05 04:18:24.799, 0, NVIDIA GeForce RTX 3080, 6968, 3084, 10240, 96, 98
2026/08/05 04:18:24.907, 0, NVIDIA GeForce RTX 3080, 6968, 3084, 10240, 95, 98
2026/08/05 04:18:25.017, 0, NVIDIA GeForce RTX 3080, 6968, 3084, 10240, 95, 98
2026/08/05 04:18:25.127, 0, NVIDIA GeForce RTX 3080, 6968, 3084, 10240, 95, 98
2026/08/05 04:18:25.235, 0, NVIDIA GeForce RTX 3080, 6968, 3084, 10240, 95, 98
2026/08/05 04:18:25.345, 0, NVIDIA GeForce RTX 3080, 6968, 3084, 10240, 95, 98
2026/08/05 04:18:25.455, 0, NVIDIA GeForce RTX 3080, 6968, 3084, 10240, 95, 98
2026/08/05 04:18:25.563, 0, NVIDIA GeForce RTX 3080, 6968, 3084, 10240, 95, 98
2026/08/05 04:18:25.673, 0, NVIDIA GeForce RTX 3080, 6968, 3084, 10240, 95, 98
2026/08/05 04:18:25.782, 0, NVIDIA GeForce RTX 3080, 6968, 3084, 10240, 95, 98
2026/08/05 04:18:25.890, 0, NVIDIA GeForce RTX 3080, 6968, 3084, 10240, 95, 98
2026/08/05 04:18:26.000, 0, NVIDIA GeForce RTX 3080, 6968, 3084, 10240, 95, 98
2026/08/05 04:18:26.110, 0, NVIDIA GeForce RTX 3080, 6968, 3084, 10240, 95, 98
2026/08/05 04:18:26.218, 0, NVIDIA GeForce RTX 3080, 6968, 3084, 10240, 95, 98
2026/08/05 04:18:26.328, 0, NVIDIA GeForce RTX 3080, 6968, 3084, 10240, 95, 98
2026/08/05 04:18:26.437, 0, NVIDIA GeForce RTX 3080, 6968, 3084, 10240, 95, 98
2026/08/05 04:18:26.546, 0, NVIDIA GeForce RTX 3080, 6968, 3084, 10240, 95, 98
2026/08/05 04:18:26.656, 0, NVIDIA GeForce RTX 3080, 6968, 3084, 10240, 95, 98
2026/08/05 04:18:26.765, 0, NVIDIA GeForce RTX 3080, 6968, 3084, 10240, 95, 98
2026/08/05 04:18:26.875, 0, NVIDIA GeForce RTX 3080, 6968, 3084, 10240, 95, 98
2026/08/05 04:18:26.982, 0, NVIDIA GeForce RTX 3080, 6968, 3084, 10240, 95, 98
2026/08/05 04:18:27.091, 0, NVIDIA GeForce RTX 3080, 6968, 3084, 10240, 95, 98
2026/08/05 04:18:27.201, 0, NVIDIA GeForce RTX 3080, 6968, 3084, 10240, 95, 98
2026/08/05 04:18:27.309, 0, NVIDIA GeForce RTX 3080, 6968, 3084, 10240, 95, 98
2026/08/05 04:18:27.418, 0, NVIDIA GeForce RTX 3080, 6968, 3084, 10240, 96, 98
2026/08/05 04:18:27.528, 0, NVIDIA GeForce RTX 3080, 6968, 3084, 10240, 96, 98
2026/08/05 04:18:27.636, 0, NVIDIA GeForce RTX 3080, 6968, 3084, 10240, 96, 98
2026/08/05 04:18:27.746, 0, NVIDIA GeForce RTX 3080, 6968, 3084, 10240, 96, 98
2026/08/05 04:18:27.856, 0, NVIDIA GeForce RTX 3080, 6968, 3084, 10240, 96, 98
2026/08/05 04:18:27.964, 0, NVIDIA GeForce RTX 3080, 6968, 3084, 10240, 96, 98
2026/08/05 04:18:28.074, 0, NVIDIA GeForce RTX 3080, 6968, 3084, 10240, 96, 98
2026/08/05 04:18:28.184, 0, NVIDIA GeForce RTX 3080, 6968, 3084, 10240, 96, 98
2026/08/05 04:18:28.292, 0, NVIDIA GeForce RTX 3080, 6968, 3084, 10240, 96, 98
2026/08/05 04:18:28.402, 0, NVIDIA GeForce RTX 3080, 6968, 3084, 10240, 96, 98
2026/08/05 04:18:28.511, 0, NVIDIA GeForce RTX 3080, 6968, 3084, 10240, 96, 98
2026/08/05 04:18:28.619, 0, NVIDIA GeForce RTX 3080, 6968, 3084, 10240, 96, 98
2026/08/05 04:18:28.729, 0, NVIDIA GeForce RTX 3080, 6968, 3084, 10240, 96, 98
2026/08/05 04:18:28.837, 0, NVIDIA GeForce RTX 3080, 6968, 3084, 10240, 96, 98
2026/08/05 04:18:28.947, 0, NVIDIA GeForce RTX 3080, 6968, 3084, 10240, 96, 98
2026/08/05 04:18:29.057, 0, NVIDIA GeForce RTX 3080, 6968, 3084, 10240, 96, 98
2026/08/05 04:18:29.165, 0, NVIDIA GeForce RTX 3080, 6968, 3084, 10240, 96, 98
2026/08/05 04:18:29.273, 0, NVIDIA GeForce RTX 3080, 6968, 3084, 10240, 96, 98
2026/08/05 04:18:29.382, 0, NVIDIA GeForce RTX 3080, 6968, 3084, 10240, 96, 98
2026/08/05 04:18:29.491, 0, NVIDIA GeForce RTX 3080, 6968, 3084, 10240, 94, 98
2026/08/05 04:18:29.600, 0, NVIDIA GeForce RTX 3080, 6968, 3084, 10240, 94, 98
2026/08/05 04:18:29.708, 0, NVIDIA GeForce RTX 3080, 6968, 3084, 10240, 94, 98
2026/08/05 04:18:29.817, 0, NVIDIA GeForce RTX 3080, 6968, 3084, 10240, 94, 98
2026/08/05 04:18:29.927, 0, NVIDIA GeForce RTX 3080, 6968, 3084, 10240, 95, 98
2026/08/05 04:18:30.035, 0, NVIDIA GeForce RTX 3080, 6968, 3084, 10240, 95, 98
2026/08/05 04:18:30.145, 0, NVIDIA GeForce RTX 3080, 6968, 3084, 10240, 95, 98
2026/08/05 04:18:30.255, 0, NVIDIA GeForce RTX 3080, 6968, 3084, 10240, 95, 98
2026/08/05 04:18:30.362, 0, NVIDIA GeForce RTX 3080, 6968, 3084, 10240, 95, 98
2026/08/05 04:18:30.472, 0, NVIDIA GeForce RTX 3080, 6968, 3084, 10240, 94, 98
2026/08/05 04:18:30.581, 0, NVIDIA GeForce RTX 3080, 6968, 3084, 10240, 94, 98
2026/08/05 04:18:30.689, 0, NVIDIA GeForce RTX 3080, 6968, 3084, 10240, 94, 98
2026/08/05 04:18:30.799, 0, NVIDIA GeForce RTX 3080, 6968, 3084, 10240, 94, 98
2026/08/05 04:18:30.908, 0, NVIDIA GeForce RTX 3080, 6968, 3084, 10240, 95, 98
2026/08/05 04:18:31.017, 0, NVIDIA GeForce RTX 3080, 6968, 3084, 10240, 95, 98
2026/08/05 04:18:31.127, 0, NVIDIA GeForce RTX 3080, 6968, 3084, 10240, 95, 98
2026/08/05 04:18:31.236, 0, NVIDIA GeForce RTX 3080, 6968, 3084, 10240, 95, 98
2026/08/05 04:18:31.345, 0, NVIDIA GeForce RTX 3080, 6968, 3084, 10240, 95, 98
2026/08/05 04:18:31.454, 0, NVIDIA GeForce RTX 3080, 6968, 3084, 10240, 94, 98
2026/08/05 04:18:31.563, 0, NVIDIA GeForce RTX 3080, 6968, 3084, 10240, 94, 98
2026/08/05 04:18:31.672, 0, NVIDIA GeForce RTX 3080, 6968, 3084, 10240, 94, 98
2026/08/05 04:18:31.782, 0, NVIDIA GeForce RTX 3080, 6968, 3084, 10240, 94, 98
2026/08/05 04:18:31.891, 0, NVIDIA GeForce RTX 3080, 6968, 3084, 10240, 96, 98
2026/08/05 04:18:32.000, 0, NVIDIA GeForce RTX 3080, 6968, 3084, 10240, 96, 98
2026/08/05 04:18:32.110, 0, NVIDIA GeForce RTX 3080, 6968, 3084, 10240, 96, 98
2026/08/05 04:18:32.219, 0, NVIDIA GeForce RTX 3080, 6968, 3084, 10240, 96, 98
2026/08/05 04:18:32.327, 0, NVIDIA GeForce RTX 3080, 6968, 3084, 10240, 96, 98
2026/08/05 04:18:32.436, 0, NVIDIA GeForce RTX 3080, 6968, 3084, 10240, 95, 98
2026/08/05 04:18:32.546, 0, NVIDIA GeForce RTX 3080, 6968, 3084, 10240, 95, 98
2026/08/05 04:18:32.655, 0, NVIDIA GeForce RTX 3080, 6968, 3084, 10240, 95, 98
2026/08/05 04:18:32.764, 0, NVIDIA GeForce RTX 3080, 6968, 3084, 10240, 95, 98
2026/08/05 04:18:32.873, 0, NVIDIA GeForce RTX 3080, 6968, 3084, 10240, 95, 98
2026/08/05 04:18:32.983, 0, NVIDIA GeForce RTX 3080, 6968, 3084, 10240, 96, 98
2026/08/05 04:18:33.092, 0, NVIDIA GeForce RTX 3080, 6968, 3084, 10240, 96, 98
2026/08/05 04:18:33.201, 0, NVIDIA GeForce RTX 3080, 6968, 3084, 10240, 96, 98
2026/08/05 04:18:33.311, 0, NVIDIA GeForce RTX 3080, 6968, 3084, 10240, 96, 98
2026/08/05 04:18:33.420, 0, NVIDIA GeForce RTX 3080, 6968, 3084, 10240, 96, 98
2026/08/05 04:18:33.529, 0, NVIDIA GeForce RTX 3080, 6968, 3084, 10240, 96, 98
2026/08/05 04:18:33.638, 0, NVIDIA GeForce RTX 3080, 6968, 3084, 10240, 96, 98
2026/08/05 04:18:33.747, 0, NVIDIA GeForce RTX 3080, 6968, 3084, 10240, 96, 98
2026/08/05 04:18:33.857, 0, NVIDIA GeForce RTX 3080, 6968, 3084, 10240, 96, 98
2026/08/05 04:18:33.965, 0, NVIDIA GeForce RTX 3080, 6968, 3084, 10240, 96, 98
2026/08/05 04:18:34.074, 0, NVIDIA GeForce RTX 3080, 6968, 3084, 10240, 96, 98
2026/08/05 04:18:34.184, 0, NVIDIA GeForce RTX 3080, 6968, 3084, 10240, 96, 98
2026/08/05 04:18:34.293, 0, NVIDIA GeForce RTX 3080, 6968, 3084, 10240, 96, 98
2026/08/05 04:18:34.402, 0, NVIDIA GeForce RTX 3080, 6968, 3084, 10240, 94, 98
2026/08/05 04:18:34.512, 0, NVIDIA GeForce RTX 3080, 6968, 3084, 10240, 94, 98
2026/08/05 04:18:34.621, 0, NVIDIA GeForce RTX 3080, 6968, 3084, 10240, 94, 98
2026/08/05 04:18:34.730, 0, NVIDIA GeForce RTX 3080, 6968, 3084, 10240, 94, 98
2026/08/05 04:18:34.840, 0, NVIDIA GeForce RTX 3080, 6968, 3084, 10240, 94, 98
2026/08/05 04:18:34.949, 0, NVIDIA GeForce RTX 3080, 6968, 3084, 10240, 94, 98
2026/08/05 04:18:35.058, 0, NVIDIA GeForce RTX 3080, 6968, 3084, 10240, 94, 98
2026/08/05 04:18:35.167, 0, NVIDIA GeForce RTX 3080, 6968, 3084, 10240, 94, 98
2026/08/05 04:18:35.277, 0, NVIDIA GeForce RTX 3080, 6968, 3084, 10240, 94, 98
2026/08/05 04:18:35.386, 0, NVIDIA GeForce RTX 3080, 6968, 3084, 10240, 94, 98
2026/08/05 04:18:35.495, 0, NVIDIA GeForce RTX 3080, 6968, 3084, 10240, 94, 98
2026/08/05 04:18:35.605, 0, NVIDIA GeForce RTX 3080, 6968, 3084, 10240, 94, 98
2026/08/05 04:18:35.713, 0, NVIDIA GeForce RTX 3080, 6968, 3084, 10240, 94, 98
2026/08/05 04:18:35.822, 0, NVIDIA GeForce RTX 3080, 6968, 3084, 10240, 94, 98
2026/08/05 04:18:35.932, 0, NVIDIA GeForce RTX 3080, 6968, 3084, 10240, 94, 98
2026/08/05 04:18:36.041, 0, NVIDIA GeForce RTX 3080, 6968, 3084, 10240, 94, 98
2026/08/05 04:18:36.150, 0, NVIDIA GeForce RTX 3080, 6968, 3084, 10240, 94, 98
2026/08/05 04:18:36.259, 0, NVIDIA GeForce RTX 3080, 6968, 3084, 10240, 94, 98
2026/08/05 04:18:36.367, 0, NVIDIA GeForce RTX 3080, 6968, 3084, 10240, 94, 98
2026/08/05 04:18:36.478, 0, NVIDIA GeForce RTX 3080, 6968, 3084, 10240, 94, 98
2026/08/05 04:18:36.587, 0, NVIDIA GeForce RTX 3080, 6968, 3084, 10240, 94, 98
2026/08/05 04:18:36.696, 0, NVIDIA GeForce RTX 3080, 6968, 3084, 10240, 94, 98
2026/08/05 04:18:36.806, 0, NVIDIA GeForce RTX 3080, 6968, 3084, 10240, 94, 98
2026/08/05 04:18:36.915, 0, NVIDIA GeForce RTX 3080, 6968, 3084, 10240, 97, 98
2026/08/05 04:18:37.024, 0, NVIDIA GeForce RTX 3080, 6968, 3084, 10240, 97, 98
2026/08/05 04:18:37.134, 0, NVIDIA GeForce RTX 3080, 6968, 3084, 10240, 97, 98
2026/08/05 04:18:37.243, 0, NVIDIA GeForce RTX 3080, 6968, 3084, 10240, 97, 98
2026/08/05 04:18:37.351, 0, NVIDIA GeForce RTX 3080, 6968, 3084, 10240, 97, 98
2026/08/05 04:18:37.460, 0, NVIDIA GeForce RTX 3080, 6968, 3084, 10240, 97, 98
2026/08/05 04:18:37.569, 0, NVIDIA GeForce RTX 3080, 6968, 3084, 10240, 97, 98
2026/08/05 04:18:37.678, 0, NVIDIA GeForce RTX 3080, 6968, 3084, 10240, 97, 98
2026/08/05 04:18:37.787, 0, NVIDIA GeForce RTX 3080, 6968, 3084, 10240, 97, 98
2026/08/05 04:18:37.896, 0, NVIDIA GeForce RTX 3080, 6968, 3084, 10240, 97, 98
2026/08/05 04:18:38.006, 0, NVIDIA GeForce RTX 3080, 6968, 3084, 10240, 97, 98
2026/08/05 04:18:38.115, 0, NVIDIA GeForce RTX 3080, 6968, 3084, 10240, 97, 98
2026/08/05 04:18:38.223, 0, NVIDIA GeForce RTX 3080, 6968, 3084, 10240, 97, 98
2026/08/05 04:18:38.333, 0, NVIDIA GeForce RTX 3080, 6968, 3084, 10240, 97, 98
2026/08/05 04:18:38.441, 0, NVIDIA GeForce RTX 3080, 6968, 3084, 10240, 95, 96
2026/08/05 04:18:38.550, 0, NVIDIA GeForce RTX 3080, 6968, 3084, 10240, 95, 96
2026/08/05 04:18:38.659, 0, NVIDIA GeForce RTX 3080, 6968, 3084, 10240, 95, 96
2026/08/05 04:18:38.767, 0, NVIDIA GeForce RTX 3080, 6968, 3084, 10240, 95, 96
2026/08/05 04:18:38.877, 0, NVIDIA GeForce RTX 3080, 6968, 3084, 10240, 95, 96
2026/08/05 04:18:38.987, 0, NVIDIA GeForce RTX 3080, 6968, 3084, 10240, 98, 98
2026/08/05 04:18:39.095, 0, NVIDIA GeForce RTX 3080, 6968, 3084, 10240, 98, 98
2026/08/05 04:18:39.205, 0, NVIDIA GeForce RTX 3080, 6968, 3084, 10240, 98, 98
2026/08/05 04:18:39.315, 0, NVIDIA GeForce RTX 3080, 6968, 3084, 10240, 98, 98
2026/08/05 04:18:39.424, 0, NVIDIA GeForce RTX 3080, 6968, 3084, 10240, 98, 98
2026/08/05 04:18:39.533, 0, NVIDIA GeForce RTX 3080, 6968, 3084, 10240, 98, 98
2026/08/05 04:18:39.643, 0, NVIDIA GeForce RTX 3080, 6968, 3084, 10240, 98, 98
2026/08/05 04:18:39.752, 0, NVIDIA GeForce RTX 3080, 6968, 3084, 10240, 98, 98
2026/08/05 04:18:39.861, 0, NVIDIA GeForce RTX 3080, 6968, 3084, 10240, 98, 98
2026/08/05 04:18:39.971, 0, NVIDIA GeForce RTX 3080, 6968, 3084, 10240, 98, 98
2026/08/05 04:18:40.080, 0, NVIDIA GeForce RTX 3080, 6968, 3084, 10240, 98, 98
2026/08/05 04:18:40.189, 0, NVIDIA GeForce RTX 3080, 6968, 3084, 10240, 98, 98
2026/08/05 04:18:40.298, 0, NVIDIA GeForce RTX 3080, 6968, 3084, 10240, 98, 98
2026/08/05 04:18:40.408, 0, NVIDIA GeForce RTX 3080, 6968, 3084, 10240, 96, 98
2026/08/05 04:18:40.517, 0, NVIDIA GeForce RTX 3080, 6968, 3084, 10240, 96, 98
2026/08/05 04:18:40.626, 0, NVIDIA GeForce RTX 3080, 6968, 3084, 10240, 96, 98
2026/08/05 04:18:40.735, 0, NVIDIA GeForce RTX 3080, 6968, 3084, 10240, 96, 98
2026/08/05 04:18:40.844, 0, NVIDIA GeForce RTX 3080, 6968, 3084, 10240, 96, 98
2026/08/05 04:18:40.953, 0, NVIDIA GeForce RTX 3080, 6968, 3084, 10240, 95, 98
2026/08/05 04:18:41.063, 0, NVIDIA GeForce RTX 3080, 6968, 3084, 10240, 95, 98
2026/08/05 04:18:41.172, 0, NVIDIA GeForce RTX 3080, 6968, 3084, 10240, 95, 98
2026/08/05 04:18:41.281, 0, NVIDIA GeForce RTX 3080, 6968, 3084, 10240, 95, 98
2026/08/05 04:18:41.390, 0, NVIDIA GeForce RTX 3080, 6968, 3084, 10240, 96, 98
2026/08/05 04:18:41.499, 0, NVIDIA GeForce RTX 3080, 6968, 3084, 10240, 96, 98
2026/08/05 04:18:41.608, 0, NVIDIA GeForce RTX 3080, 6968, 3084, 10240, 96, 98
2026/08/05 04:18:41.718, 0, NVIDIA GeForce RTX 3080, 6968, 3084, 10240, 96, 98
2026/08/05 04:18:41.826, 0, NVIDIA GeForce RTX 3080, 6968, 3084, 10240, 96, 98
2026/08/05 04:18:41.935, 0, NVIDIA GeForce RTX 3080, 6968, 3084, 10240, 96, 98
2026/08/05 04:18:42.045, 0, NVIDIA GeForce RTX 3080, 6968, 3084, 10240, 96, 98
2026/08/05 04:18:42.153, 0, NVIDIA GeForce RTX 3080, 6968, 3084, 10240, 96, 98
2026/08/05 04:18:42.263, 0, NVIDIA GeForce RTX 3080, 6968, 3084, 10240, 96, 98
2026/08/05 04:18:42.372, 0, NVIDIA GeForce RTX 3080, 6968, 3084, 10240, 96, 98
2026/08/05 04:18:42.480, 0, NVIDIA GeForce RTX 3080, 6968, 3084, 10240, 97, 98
2026/08/05 04:18:42.590, 0, NVIDIA GeForce RTX 3080, 6968, 3084, 10240, 97, 98
2026/08/05 04:18:42.700, 0, NVIDIA GeForce RTX 3080, 6968, 3084, 10240, 97, 98
2026/08/05 04:18:42.808, 0, NVIDIA GeForce RTX 3080, 6968, 3084, 10240, 97, 98
2026/08/05 04:18:42.917, 0, NVIDIA GeForce RTX 3080, 6968, 3084, 10240, 97, 98
2026/08/05 04:18:43.026, 0, NVIDIA GeForce RTX 3080, 6968, 3084, 10240, 97, 98
2026/08/05 04:18:43.134, 0, NVIDIA GeForce RTX 3080, 6968, 3084, 10240, 97, 98
2026/08/05 04:18:43.243, 0, NVIDIA GeForce RTX 3080, 6968, 3084, 10240, 97, 98
2026/08/05 04:18:43.352, 0, NVIDIA GeForce RTX 3080, 6968, 3084, 10240, 97, 98
2026/08/05 04:18:43.462, 0, NVIDIA GeForce RTX 3080, 6968, 3084, 10240, 97, 98
2026/08/05 04:18:43.571, 0, NVIDIA GeForce RTX 3080, 6968, 3084, 10240, 97, 98
2026/08/05 04:18:43.680, 0, NVIDIA GeForce RTX 3080, 6968, 3084, 10240, 97, 98
2026/08/05 04:18:43.790, 0, NVIDIA GeForce RTX 3080, 6968, 3084, 10240, 97, 98
2026/08/05 04:18:43.899, 0, NVIDIA GeForce RTX 3080, 6968, 3084, 10240, 97, 98
2026/08/05 04:18:44.008, 0, NVIDIA GeForce RTX 3080, 6968, 3084, 10240, 97, 98
2026/08/05 04:18:44.117, 0, NVIDIA GeForce RTX 3080, 6968, 3084, 10240, 97, 98
2026/08/05 04:18:44.226, 0, NVIDIA GeForce RTX 3080, 6968, 3084, 10240, 97, 98
2026/08/05 04:18:44.335, 0, NVIDIA GeForce RTX 3080, 6968, 3084, 10240, 97, 98
2026/08/05 04:18:44.445, 0, NVIDIA GeForce RTX 3080, 6968, 3084, 10240, 95, 98
2026/08/05 04:18:44.553, 0, NVIDIA GeForce RTX 3080, 6968, 3084, 10240, 95, 98
2026/08/05 04:18:44.662, 0, NVIDIA GeForce RTX 3080, 6968, 3084, 10240, 95, 98
2026/08/05 04:18:44.771, 0, NVIDIA GeForce RTX 3080, 6968, 3084, 10240, 95, 98
2026/08/05 04:18:44.879, 0, NVIDIA GeForce RTX 3080, 6968, 3084, 10240, 95, 98
2026/08/05 04:18:44.989, 0, NVIDIA GeForce RTX 3080, 6968, 3084, 10240, 96, 98
2026/08/05 04:18:45.098, 0, NVIDIA GeForce RTX 3080, 6968, 3084, 10240, 96, 98
2026/08/05 04:18:45.207, 0, NVIDIA GeForce RTX 3080, 6968, 3084, 10240, 96, 98
2026/08/05 04:18:45.316, 0, NVIDIA GeForce RTX 3080, 6968, 3084, 10240, 96, 98
2026/08/05 04:18:45.425, 0, NVIDIA GeForce RTX 3080, 6968, 3084, 10240, 96, 98
2026/08/05 04:18:45.535, 0, NVIDIA GeForce RTX 3080, 6968, 3084, 10240, 96, 98
2026/08/05 04:18:45.645, 0, NVIDIA GeForce RTX 3080, 6968, 3084, 10240, 96, 98
2026/08/05 04:18:45.753, 0, NVIDIA GeForce RTX 3080, 6968, 3084, 10240, 96, 98
2026/08/05 04:18:45.863, 0, NVIDIA GeForce RTX 3080, 6968, 3084, 10240, 96, 98
2026/08/05 04:18:45.973, 0, NVIDIA GeForce RTX 3080, 6968, 3084, 10240, 96, 98
2026/08/05 04:18:46.080, 0, NVIDIA GeForce RTX 3080, 6968, 3084, 10240, 96, 98
2026/08/05 04:18:46.190, 0, NVIDIA GeForce RTX 3080, 6968, 3084, 10240, 96, 98
2026/08/05 04:18:46.300, 0, NVIDIA GeForce RTX 3080, 6968, 3084, 10240, 96, 98
2026/08/05 04:18:46.408, 0, NVIDIA GeForce RTX 3080, 6968, 3084, 10240, 97, 98
2026/08/05 04:18:46.518, 0, NVIDIA GeForce RTX 3080, 6968, 3084, 10240, 97, 98
2026/08/05 04:18:46.627, 0, NVIDIA GeForce RTX 3080, 6968, 3084, 10240, 97, 98
2026/08/05 04:18:46.736, 0, NVIDIA GeForce RTX 3080, 6968, 3084, 10240, 97, 98
2026/08/05 04:18:46.845, 0, NVIDIA GeForce RTX 3080, 6968, 3084, 10240, 97, 98
2026/08/05 04:18:46.954, 0, NVIDIA GeForce RTX 3080, 6968, 3084, 10240, 97, 98
2026/08/05 04:18:47.063, 0, NVIDIA GeForce RTX 3080, 6968, 3084, 10240, 97, 98
2026/08/05 04:18:47.173, 0, NVIDIA GeForce RTX 3080, 6968, 3084, 10240, 97, 98
2026/08/05 04:18:47.282, 0, NVIDIA GeForce RTX 3080, 6968, 3084, 10240, 97, 98
2026/08/05 04:18:47.396, 0, NVIDIA GeForce RTX 3080, 6968, 3084, 10240, 97, 98
2026/08/05 04:18:47.505, 0, NVIDIA GeForce RTX 3080, 6968, 3084, 10240, 97, 98
2026/08/05 04:18:47.614, 0, NVIDIA GeForce RTX 3080, 6968, 3084, 10240, 97, 98
2026/08/05 04:18:47.724, 0, NVIDIA GeForce RTX 3080, 6968, 3084, 10240, 97, 98
2026/08/05 04:18:47.833, 0, NVIDIA GeForce RTX 3080, 6968, 3084, 10240, 97, 98
2026/08/05 04:18:47.942, 0, NVIDIA GeForce RTX 3080, 6968, 3084, 10240, 97, 98
2026/08/05 04:18:48.051, 0, NVIDIA GeForce RTX 3080, 6968, 3084, 10240, 97, 98
2026/08/05 04:18:48.161, 0, NVIDIA GeForce RTX 3080, 6968, 3084, 10240, 97, 98
2026/08/05 04:18:48.270, 0, NVIDIA GeForce RTX 3080, 6968, 3084, 10240, 97, 98
2026/08/05 04:18:48.380, 0, NVIDIA GeForce RTX 3080, 6968, 3084, 10240, 97, 98
2026/08/05 04:18:48.489, 0, NVIDIA GeForce RTX 3080, 6968, 3084, 10240, 96, 98
2026/08/05 04:18:48.597, 0, NVIDIA GeForce RTX 3080, 6968, 3084, 10240, 96, 98
2026/08/05 04:18:48.706, 0, NVIDIA GeForce RTX 3080, 6968, 3084, 10240, 96, 98
2026/08/05 04:18:48.815, 0, NVIDIA GeForce RTX 3080, 6968, 3084, 10240, 96, 98
2026/08/05 04:18:48.925, 0, NVIDIA GeForce RTX 3080, 6968, 3084, 10240, 96, 98
2026/08/05 04:18:49.034, 0, NVIDIA GeForce RTX 3080, 6968, 3084, 10240, 96, 98
2026/08/05 04:18:49.143, 0, NVIDIA GeForce RTX 3080, 6968, 3084, 10240, 96, 98
2026/08/05 04:18:49.253, 0, NVIDIA GeForce RTX 3080, 6968, 3084, 10240, 96, 98
2026/08/05 04:18:49.363, 0, NVIDIA GeForce RTX 3080, 6968, 3084, 10240, 96, 98
2026/08/05 04:18:49.472, 0, NVIDIA GeForce RTX 3080, 6968, 3084, 10240, 95, 98
2026/08/05 04:18:49.581, 0, NVIDIA GeForce RTX 3080, 6968, 3084, 10240, 95, 98
2026/08/05 04:18:49.691, 0, NVIDIA GeForce RTX 3080, 6968, 3084, 10240, 95, 98
2026/08/05 04:18:49.800, 0, NVIDIA GeForce RTX 3080, 6968, 3084, 10240, 95, 98
2026/08/05 04:18:49.908, 0, NVIDIA GeForce RTX 3080, 6968, 3084, 10240, 96, 98
2026/08/05 04:18:50.017, 0, NVIDIA GeForce RTX 3080, 6968, 3084, 10240, 96, 98
2026/08/05 04:18:50.127, 0, NVIDIA GeForce RTX 3080, 6968, 3084, 10240, 96, 98
2026/08/05 04:18:50.235, 0, NVIDIA GeForce RTX 3080, 6968, 3084, 10240, 96, 98
2026/08/05 04:18:50.344, 0, NVIDIA GeForce RTX 3080, 6968, 3084, 10240, 96, 98
2026/08/05 04:18:50.454, 0, NVIDIA GeForce RTX 3080, 6968, 3084, 10240, 95, 98
2026/08/05 04:18:50.563, 0, NVIDIA GeForce RTX 3080, 6968, 3084, 10240, 95, 98
2026/08/05 04:18:50.671, 0, NVIDIA GeForce RTX 3080, 6968, 3084, 10240, 95, 98
2026/08/05 04:18:50.781, 0, NVIDIA GeForce RTX 3080, 6968, 3084, 10240, 95, 98
2026/08/05 04:18:50.891, 0, NVIDIA GeForce RTX 3080, 6968, 3084, 10240, 97, 98
2026/08/05 04:18:50.999, 0, NVIDIA GeForce RTX 3080, 6968, 3084, 10240, 97, 98
2026/08/05 04:18:51.109, 0, NVIDIA GeForce RTX 3080, 6968, 3084, 10240, 97, 98
2026/08/05 04:18:51.218, 0, NVIDIA GeForce RTX 3080, 6968, 3084, 10240, 97, 98
2026/08/05 04:18:51.328, 0, NVIDIA GeForce RTX 3080, 6968, 3084, 10240, 97, 98
2026/08/05 04:18:51.437, 0, NVIDIA GeForce RTX 3080, 6968, 3084, 10240, 97, 98
2026/08/05 04:18:51.546, 0, NVIDIA GeForce RTX 3080, 6968, 3084, 10240, 97, 98
2026/08/05 04:18:51.656, 0, NVIDIA GeForce RTX 3080, 6968, 3084, 10240, 97, 98
2026/08/05 04:18:51.764, 0, NVIDIA GeForce RTX 3080, 6968, 3084, 10240, 97, 98
2026/08/05 04:18:51.873, 0, NVIDIA GeForce RTX 3080, 6968, 3084, 10240, 97, 98
2026/08/05 04:18:51.982, 0, NVIDIA GeForce RTX 3080, 6968, 3084, 10240, 96, 98
2026/08/05 04:18:52.090, 0, NVIDIA GeForce RTX 3080, 6968, 3084, 10240, 96, 98
2026/08/05 04:18:52.199, 0, NVIDIA GeForce RTX 3080, 6968, 3084, 10240, 96, 98
2026/08/05 04:18:52.309, 0, NVIDIA GeForce RTX 3080, 6968, 3084, 10240, 96, 98
2026/08/05 04:18:52.418, 0, NVIDIA GeForce RTX 3080, 6968, 3084, 10240, 97, 98
2026/08/05 04:18:52.527, 0, NVIDIA GeForce RTX 3080, 6968, 3084, 10240, 97, 98
2026/08/05 04:18:52.637, 0, NVIDIA GeForce RTX 3080, 6968, 3084, 10240, 97, 98
2026/08/05 04:18:52.745, 0, NVIDIA GeForce RTX 3080, 6968, 3084, 10240, 97, 98
2026/08/05 04:18:52.855, 0, NVIDIA GeForce RTX 3080, 6968, 3084, 10240, 97, 98
2026/08/05 04:18:52.964, 0, NVIDIA GeForce RTX 3080, 6968, 3084, 10240, 95, 98
2026/08/05 04:18:53.073, 0, NVIDIA GeForce RTX 3080, 6968, 3084, 10240, 95, 98
2026/08/05 04:18:53.182, 0, NVIDIA GeForce RTX 3080, 6968, 3084, 10240, 95, 98
2026/08/05 04:18:53.292, 0, NVIDIA GeForce RTX 3080, 6968, 3084, 10240, 95, 98
2026/08/05 04:18:53.401, 0, NVIDIA GeForce RTX 3080, 6968, 3084, 10240, 95, 98
2026/08/05 04:18:53.511, 0, NVIDIA GeForce RTX 3080, 6968, 3084, 10240, 95, 98
2026/08/05 04:18:53.619, 0, NVIDIA GeForce RTX 3080, 6968, 3084, 10240, 95, 98
2026/08/05 04:18:53.728, 0, NVIDIA GeForce RTX 3080, 6968, 3084, 10240, 95, 98
2026/08/05 04:18:53.837, 0, NVIDIA GeForce RTX 3080, 6968, 3084, 10240, 95, 98
2026/08/05 04:18:53.946, 0, NVIDIA GeForce RTX 3080, 6968, 3084, 10240, 95, 98
2026/08/05 04:18:54.056, 0, NVIDIA GeForce RTX 3080, 6968, 3084, 10240, 95, 98
2026/08/05 04:18:54.165, 0, NVIDIA GeForce RTX 3080, 6968, 3084, 10240, 95, 98
2026/08/05 04:18:54.274, 0, NVIDIA GeForce RTX 3080, 6968, 3084, 10240, 95, 98
2026/08/05 04:18:54.384, 0, NVIDIA GeForce RTX 3080, 6968, 3084, 10240, 95, 98
2026/08/05 04:18:54.492, 0, NVIDIA GeForce RTX 3080, 6968, 3084, 10240, 95, 98
2026/08/05 04:18:54.601, 0, NVIDIA GeForce RTX 3080, 6968, 3084, 10240, 95, 98
2026/08/05 04:18:54.710, 0, NVIDIA GeForce RTX 3080, 6968, 3084, 10240, 95, 98
2026/08/05 04:18:54.819, 0, NVIDIA GeForce RTX 3080, 6968, 3084, 10240, 95, 98
2026/08/05 04:18:54.928, 0, NVIDIA GeForce RTX 3080, 6968, 3084, 10240, 94, 97
2026/08/05 04:18:55.038, 0, NVIDIA GeForce RTX 3080, 6968, 3084, 10240, 94, 97
2026/08/05 04:18:55.146, 0, NVIDIA GeForce RTX 3080, 6968, 3084, 10240, 94, 97
2026/08/05 04:18:55.256, 0, NVIDIA GeForce RTX 3080, 6968, 3084, 10240, 94, 97
2026/08/05 04:18:55.365, 0, NVIDIA GeForce RTX 3080, 6968, 3084, 10240, 94, 97
2026/08/05 04:18:55.473, 0, NVIDIA GeForce RTX 3080, 6968, 3084, 10240, 96, 98
2026/08/05 04:18:55.583, 0, NVIDIA GeForce RTX 3080, 6968, 3084, 10240, 96, 98
2026/08/05 04:18:55.692, 0, NVIDIA GeForce RTX 3080, 6968, 3084, 10240, 96, 98
2026/08/05 04:18:55.800, 0, NVIDIA GeForce RTX 3080, 6968, 3084, 10240, 96, 98
2026/08/05 04:18:55.910, 0, NVIDIA GeForce RTX 3080, 6968, 3084, 10240, 96, 98
2026/08/05 04:18:56.020, 0, NVIDIA GeForce RTX 3080, 6968, 3084, 10240, 96, 98
2026/08/05 04:18:56.128, 0, NVIDIA GeForce RTX 3080, 6968, 3084, 10240, 96, 98
2026/08/05 04:18:56.238, 0, NVIDIA GeForce RTX 3080, 6968, 3084, 10240, 96, 98
2026/08/05 04:18:56.346, 0, NVIDIA GeForce RTX 3080, 6968, 3084, 10240, 96, 98
2026/08/05 04:18:56.456, 0, NVIDIA GeForce RTX 3080, 6968, 3084, 10240, 96, 98
2026/08/05 04:18:56.566, 0, NVIDIA GeForce RTX 3080, 6968, 3084, 10240, 96, 98
2026/08/05 04:18:56.674, 0, NVIDIA GeForce RTX 3080, 6968, 3084, 10240, 96, 98
2026/08/05 04:18:56.783, 0, NVIDIA GeForce RTX 3080, 6968, 3084, 10240, 96, 98
2026/08/05 04:18:56.893, 0, NVIDIA GeForce RTX 3080, 6968, 3084, 10240, 96, 98
2026/08/05 04:18:57.002, 0, NVIDIA GeForce RTX 3080, 6968, 3084, 10240, 96, 98
2026/08/05 04:18:57.111, 0, NVIDIA GeForce RTX 3080, 6968, 3084, 10240, 96, 98
2026/08/05 04:18:57.220, 0, NVIDIA GeForce RTX 3080, 6968, 3084, 10240, 96, 98
2026/08/05 04:18:57.329, 0, NVIDIA GeForce RTX 3080, 6968, 3084, 10240, 96, 98
2026/08/05 04:18:57.439, 0, NVIDIA GeForce RTX 3080, 6968, 3084, 10240, 95, 98
2026/08/05 04:18:57.547, 0, NVIDIA GeForce RTX 3080, 6968, 3084, 10240, 95, 98
2026/08/05 04:18:57.657, 0, NVIDIA GeForce RTX 3080, 6968, 3084, 10240, 95, 98
2026/08/05 04:18:57.766, 0, NVIDIA GeForce RTX 3080, 6968, 3084, 10240, 95, 98
2026/08/05 04:18:57.874, 0, NVIDIA GeForce RTX 3080, 6968, 3084, 10240, 95, 98
2026/08/05 04:18:57.983, 0, NVIDIA GeForce RTX 3080, 6968, 3084, 10240, 95, 98
2026/08/05 04:18:58.093, 0, NVIDIA GeForce RTX 3080, 6968, 3084, 10240, 95, 98
2026/08/05 04:18:58.202, 0, NVIDIA GeForce RTX 3080, 6968, 3084, 10240, 95, 98
2026/08/05 04:18:58.311, 0, NVIDIA GeForce RTX 3080, 6968, 3084, 10240, 95, 98
2026/08/05 04:18:58.420, 0, NVIDIA GeForce RTX 3080, 6968, 3084, 10240, 95, 98
2026/08/05 04:18:58.528, 0, NVIDIA GeForce RTX 3080, 6968, 3084, 10240, 95, 98
2026/08/05 04:18:58.638, 0, NVIDIA GeForce RTX 3080, 6968, 3084, 10240, 95, 98
2026/08/05 04:18:58.746, 0, NVIDIA GeForce RTX 3080, 6968, 3084, 10240, 95, 98
2026/08/05 04:18:58.856, 0, NVIDIA GeForce RTX 3080, 6968, 3084, 10240, 95, 98
2026/08/05 04:18:58.966, 0, NVIDIA GeForce RTX 3080, 6968, 3084, 10240, 95, 98
2026/08/05 04:18:59.074, 0, NVIDIA GeForce RTX 3080, 6968, 3084, 10240, 95, 98
2026/08/05 04:18:59.183, 0, NVIDIA GeForce RTX 3080, 6968, 3084, 10240, 95, 98
2026/08/05 04:18:59.293, 0, NVIDIA GeForce RTX 3080, 6968, 3084, 10240, 95, 98
2026/08/05 04:18:59.402, 0, NVIDIA GeForce RTX 3080, 6968, 3084, 10240, 95, 98
2026/08/05 04:18:59.511, 0, NVIDIA GeForce RTX 3080, 6968, 3084, 10240, 95, 98
2026/08/05 04:18:59.619, 0, NVIDIA GeForce RTX 3080, 6968, 3084, 10240, 95, 98
2026/08/05 04:18:59.728, 0, NVIDIA GeForce RTX 3080, 6968, 3084, 10240, 95, 98
2026/08/05 04:18:59.837, 0, NVIDIA GeForce RTX 3080, 6968, 3084, 10240, 95, 98
2026/08/05 04:18:59.946, 0, NVIDIA GeForce RTX 3080, 6968, 3084, 10240, 95, 98
2026/08/05 04:19:00.056, 0, NVIDIA GeForce RTX 3080, 6968, 3084, 10240, 95, 98
2026/08/05 04:19:00.166, 0, NVIDIA GeForce RTX 3080, 6968, 3084, 10240, 95, 98
2026/08/05 04:19:00.274, 0, NVIDIA GeForce RTX 3080, 6968, 3084, 10240, 95, 98
2026/08/05 04:19:00.383, 0, NVIDIA GeForce RTX 3080, 6968, 3084, 10240, 95, 98
2026/08/05 04:19:00.493, 0, NVIDIA GeForce RTX 3080, 6968, 3084, 10240, 95, 98
2026/08/05 04:19:00.601, 0, NVIDIA GeForce RTX 3080, 6968, 3084, 10240, 95, 98
2026/08/05 04:19:00.711, 0, NVIDIA GeForce RTX 3080, 6968, 3084, 10240, 95, 98
2026/08/05 04:19:00.820, 0, NVIDIA GeForce RTX 3080, 6968, 3084, 10240, 95, 98
2026/08/05 04:19:00.928, 0, NVIDIA GeForce RTX 3080, 6968, 3084, 10240, 96, 98
2026/08/05 04:19:01.038, 0, NVIDIA GeForce RTX 3080, 6968, 3084, 10240, 96, 98
2026/08/05 04:19:01.147, 0, NVIDIA GeForce RTX 3080, 6968, 3084, 10240, 96, 98
2026/08/05 04:19:01.257, 0, NVIDIA GeForce RTX 3080, 6968, 3084, 10240, 96, 98
2026/08/05 04:19:01.366, 0, NVIDIA GeForce RTX 3080, 6968, 3084, 10240, 96, 98
2026/08/05 04:19:01.474, 0, NVIDIA GeForce RTX 3080, 6968, 3084, 10240, 96, 98
2026/08/05 04:19:01.584, 0, NVIDIA GeForce RTX 3080, 6968, 3084, 10240, 96, 98
2026/08/05 04:19:01.692, 0, NVIDIA GeForce RTX 3080, 6968, 3084, 10240, 96, 98
2026/08/05 04:19:01.801, 0, NVIDIA GeForce RTX 3080, 6968, 3084, 10240, 96, 98
2026/08/05 04:19:01.911, 0, NVIDIA GeForce RTX 3080, 6968, 3084, 10240, 93, 97
2026/08/05 04:19:02.019, 0, NVIDIA GeForce RTX 3080, 6968, 3084, 10240, 93, 97
2026/08/05 04:19:02.128, 0, NVIDIA GeForce RTX 3080, 6968, 3084, 10240, 93, 97
2026/08/05 04:19:02.238, 0, NVIDIA GeForce RTX 3080, 6968, 3084, 10240, 93, 97
2026/08/05 04:19:02.346, 0, NVIDIA GeForce RTX 3080, 6968, 3084, 10240, 93, 97
2026/08/05 04:19:02.456, 0, NVIDIA GeForce RTX 3080, 6968, 3084, 10240, 94, 98
2026/08/05 04:19:02.566, 0, NVIDIA GeForce RTX 3080, 6968, 3084, 10240, 94, 98
2026/08/05 04:19:02.674, 0, NVIDIA GeForce RTX 3080, 6968, 3084, 10240, 94, 98
2026/08/05 04:19:02.783, 0, NVIDIA GeForce RTX 3080, 6968, 3084, 10240, 94, 98
2026/08/05 04:19:02.893, 0, NVIDIA GeForce RTX 3080, 6968, 3084, 10240, 94, 98
2026/08/05 04:19:03.002, 0, NVIDIA GeForce RTX 3080, 6968, 3084, 10240, 94, 98
2026/08/05 04:19:03.111, 0, NVIDIA GeForce RTX 3080, 6968, 3084, 10240, 94, 98
2026/08/05 04:19:03.220, 0, NVIDIA GeForce RTX 3080, 6968, 3084, 10240, 94, 98
2026/08/05 04:19:03.329, 0, NVIDIA GeForce RTX 3080, 6968, 3084, 10240, 94, 98
2026/08/05 04:19:03.438, 0, NVIDIA GeForce RTX 3080, 6968, 3084, 10240, 94, 98
2026/08/05 04:19:03.547, 0, NVIDIA GeForce RTX 3080, 6968, 3084, 10240, 94, 98
2026/08/05 04:19:03.657, 0, NVIDIA GeForce RTX 3080, 6968, 3084, 10240, 94, 98
2026/08/05 04:19:03.766, 0, NVIDIA GeForce RTX 3080, 6968, 3084, 10240, 94, 98
2026/08/05 04:19:03.875, 0, NVIDIA GeForce RTX 3080, 6968, 3084, 10240, 94, 98
2026/08/05 04:19:03.985, 0, NVIDIA GeForce RTX 3080, 6968, 3084, 10240, 94, 98
2026/08/05 04:19:04.094, 0, NVIDIA GeForce RTX 3080, 6968, 3084, 10240, 94, 98
2026/08/05 04:19:04.203, 0, NVIDIA GeForce RTX 3080, 6968, 3084, 10240, 94, 98
2026/08/05 04:19:04.313, 0, NVIDIA GeForce RTX 3080, 6968, 3084, 10240, 94, 98
2026/08/05 04:19:04.422, 0, NVIDIA GeForce RTX 3080, 6968, 3084, 10240, 92, 96
2026/08/05 04:19:04.531, 0, NVIDIA GeForce RTX 3080, 6968, 3084, 10240, 92, 96
2026/08/05 04:19:04.641, 0, NVIDIA GeForce RTX 3080, 6968, 3084, 10240, 92, 96
2026/08/05 04:19:04.750, 0, NVIDIA GeForce RTX 3080, 6968, 3084, 10240, 92, 96
2026/08/05 04:19:04.858, 0, NVIDIA GeForce RTX 3080, 6968, 3084, 10240, 92, 96
2026/08/05 04:19:04.968, 0, NVIDIA GeForce RTX 3080, 6968, 3084, 10240, 97, 98
2026/08/05 04:19:05.076, 0, NVIDIA GeForce RTX 3080, 6968, 3084, 10240, 97, 98
2026/08/05 04:19:05.185, 0, NVIDIA GeForce RTX 3080, 6968, 3084, 10240, 97, 98
2026/08/05 04:19:05.295, 0, NVIDIA GeForce RTX 3080, 6968, 3084, 10240, 97, 98
2026/08/05 04:19:05.403, 0, NVIDIA GeForce RTX 3080, 6968, 3084, 10240, 97, 98
2026/08/05 04:19:05.513, 0, NVIDIA GeForce RTX 3080, 6968, 3084, 10240, 97, 98
2026/08/05 04:19:05.622, 0, NVIDIA GeForce RTX 3080, 6968, 3084, 10240, 97, 98
2026/08/05 04:19:05.730, 0, NVIDIA GeForce RTX 3080, 6968, 3084, 10240, 97, 98
2026/08/05 04:19:05.840, 0, NVIDIA GeForce RTX 3080, 6968, 3084, 10240, 97, 98
2026/08/05 04:19:05.950, 0, NVIDIA GeForce RTX 3080, 6968, 3084, 10240, 97, 98
2026/08/05 04:19:06.059, 0, NVIDIA GeForce RTX 3080, 6968, 3084, 10240, 97, 98
2026/08/05 04:19:06.167, 0, NVIDIA GeForce RTX 3080, 6968, 3084, 10240, 97, 98
2026/08/05 04:19:06.276, 0, NVIDIA GeForce RTX 3080, 6968, 3084, 10240, 97, 98
2026/08/05 04:19:06.385, 0, NVIDIA GeForce RTX 3080, 6968, 3084, 10240, 97, 98
2026/08/05 04:19:06.494, 0, NVIDIA GeForce RTX 3080, 6968, 3084, 10240, 98, 98
2026/08/05 04:19:06.603, 0, NVIDIA GeForce RTX 3080, 6968, 3084, 10240, 98, 98
2026/08/05 04:19:06.713, 0, NVIDIA GeForce RTX 3080, 6968, 3084, 10240, 98, 98
2026/08/05 04:19:06.822, 0, NVIDIA GeForce RTX 3080, 6968, 3084, 10240, 98, 98
2026/08/05 04:19:06.930, 0, NVIDIA GeForce RTX 3080, 6968, 3084, 10240, 98, 98
2026/08/05 04:19:07.040, 0, NVIDIA GeForce RTX 3080, 6968, 3084, 10240, 98, 98
2026/08/05 04:19:07.150, 0, NVIDIA GeForce RTX 3080, 6968, 3084, 10240, 98, 98
2026/08/05 04:19:07.258, 0, NVIDIA GeForce RTX 3080, 6968, 3084, 10240, 98, 98
2026/08/05 04:19:07.368, 0, NVIDIA GeForce RTX 3080, 6968, 3084, 10240, 98, 98
2026/08/05 04:19:07.477, 0, NVIDIA GeForce RTX 3080, 6968, 3084, 10240, 98, 98
2026/08/05 04:19:07.586, 0, NVIDIA GeForce RTX 3080, 6968, 3084, 10240, 98, 98
2026/08/05 04:19:07.696, 0, NVIDIA GeForce RTX 3080, 6968, 3084, 10240, 98, 98
2026/08/05 04:19:07.805, 0, NVIDIA GeForce RTX 3080, 6968, 3084, 10240, 98, 98
2026/08/05 04:19:07.914, 0, NVIDIA GeForce RTX 3080, 6968, 3084, 10240, 98, 98
2026/08/05 04:19:08.023, 0, NVIDIA GeForce RTX 3080, 6968, 3084, 10240, 98, 98
2026/08/05 04:19:08.132, 0, NVIDIA GeForce RTX 3080, 6968, 3084, 10240, 98, 98
2026/08/05 04:19:08.242, 0, NVIDIA GeForce RTX 3080, 6968, 3084, 10240, 98, 98
2026/08/05 04:19:08.350, 0, NVIDIA GeForce RTX 3080, 6968, 3084, 10240, 98, 98
2026/08/05 04:19:08.459, 0, NVIDIA GeForce RTX 3080, 6968, 3084, 10240, 95, 98
2026/08/05 04:19:08.569, 0, NVIDIA GeForce RTX 3080, 6968, 3084, 10240, 95, 98
2026/08/05 04:19:08.677, 0, NVIDIA GeForce RTX 3080, 6968, 3084, 10240, 95, 98
2026/08/05 04:19:08.787, 0, NVIDIA GeForce RTX 3080, 6968, 3084, 10240, 95, 98
2026/08/05 04:19:08.897, 0, NVIDIA GeForce RTX 3080, 6968, 3084, 10240, 96, 98
2026/08/05 04:19:09.005, 0, NVIDIA GeForce RTX 3080, 6968, 3084, 10240, 96, 98
2026/08/05 04:19:09.115, 0, NVIDIA GeForce RTX 3080, 6968, 3084, 10240, 96, 98
2026/08/05 04:19:09.225, 0, NVIDIA GeForce RTX 3080, 6968, 3084, 10240, 96, 98
2026/08/05 04:19:09.333, 0, NVIDIA GeForce RTX 3080, 6968, 3084, 10240, 96, 98
2026/08/05 04:19:09.443, 0, NVIDIA GeForce RTX 3080, 6968, 3084, 10240, 96, 98
2026/08/05 04:19:09.553, 0, NVIDIA GeForce RTX 3080, 6968, 3084, 10240, 96, 98
2026/08/05 04:19:09.661, 0, NVIDIA GeForce RTX 3080, 6968, 3084, 10240, 96, 98
2026/08/05 04:19:09.771, 0, NVIDIA GeForce RTX 3080, 6968, 3084, 10240, 96, 98
2026/08/05 04:19:09.881, 0, NVIDIA GeForce RTX 3080, 6968, 3084, 10240, 96, 98
2026/08/05 04:19:09.989, 0, NVIDIA GeForce RTX 3080, 6968, 3084, 10240, 95, 98
2026/08/05 04:19:10.099, 0, NVIDIA GeForce RTX 3080, 6968, 3084, 10240, 95, 98
2026/08/05 04:19:10.207, 0, NVIDIA GeForce RTX 3080, 6968, 3084, 10240, 95, 98
2026/08/05 04:19:10.316, 0, NVIDIA GeForce RTX 3080, 6968, 3084, 10240, 95, 98
2026/08/05 04:19:10.426, 0, NVIDIA GeForce RTX 3080, 6968, 3084, 10240, 97, 98
2026/08/05 04:19:10.535, 0, NVIDIA GeForce RTX 3080, 6968, 3084, 10240, 97, 98
2026/08/05 04:19:10.643, 0, NVIDIA GeForce RTX 3080, 6968, 3084, 10240, 97, 98
2026/08/05 04:19:10.753, 0, NVIDIA GeForce RTX 3080, 6968, 3084, 10240, 97, 98
2026/08/05 04:19:10.861, 0, NVIDIA GeForce RTX 3080, 6968, 3084, 10240, 97, 98
2026/08/05 04:19:10.970, 0, NVIDIA GeForce RTX 3080, 6968, 3084, 10240, 97, 98
2026/08/05 04:19:11.080, 0, NVIDIA GeForce RTX 3080, 6968, 3084, 10240, 97, 98
2026/08/05 04:19:11.189, 0, NVIDIA GeForce RTX 3080, 6968, 3084, 10240, 97, 98
2026/08/05 04:19:11.298, 0, NVIDIA GeForce RTX 3080, 6968, 3084, 10240, 97, 98
2026/08/05 04:19:11.407, 0, NVIDIA GeForce RTX 3080, 6968, 3084, 10240, 97, 98
2026/08/05 04:19:11.515, 0, NVIDIA GeForce RTX 3080, 6968, 3084, 10240, 97, 98
2026/08/05 04:19:11.625, 0, NVIDIA GeForce RTX 3080, 6968, 3084, 10240, 97, 98
2026/08/05 04:19:11.734, 0, NVIDIA GeForce RTX 3080, 6968, 3084, 10240, 97, 98
2026/08/05 04:19:11.843, 0, NVIDIA GeForce RTX 3080, 6968, 3084, 10240, 97, 98
2026/08/05 04:19:11.953, 0, NVIDIA GeForce RTX 3080, 6968, 3084, 10240, 97, 98
2026/08/05 04:19:12.062, 0, NVIDIA GeForce RTX 3080, 6968, 3084, 10240, 97, 98
2026/08/05 04:19:12.171, 0, NVIDIA GeForce RTX 3080, 6968, 3084, 10240, 97, 98
2026/08/05 04:19:12.281, 0, NVIDIA GeForce RTX 3080, 6968, 3084, 10240, 97, 98
2026/08/05 04:19:12.390, 0, NVIDIA GeForce RTX 3080, 6968, 3084, 10240, 96, 98
2026/08/05 04:19:12.500, 0, NVIDIA GeForce RTX 3080, 6968, 3084, 10240, 96, 98
2026/08/05 04:19:12.609, 0, NVIDIA GeForce RTX 3080, 6968, 3084, 10240, 96, 98
2026/08/05 04:19:12.717, 0, NVIDIA GeForce RTX 3080, 6968, 3084, 10240, 96, 98
2026/08/05 04:19:12.826, 0, NVIDIA GeForce RTX 3080, 6968, 3084, 10240, 96, 98
2026/08/05 04:19:12.935, 0, NVIDIA GeForce RTX 3080, 6968, 3084, 10240, 95, 98
2026/08/05 04:19:13.045, 0, NVIDIA GeForce RTX 3080, 6968, 3084, 10240, 95, 98
2026/08/05 04:19:13.154, 0, NVIDIA GeForce RTX 3080, 6968, 3084, 10240, 95, 98
2026/08/05 04:19:13.263, 0, NVIDIA GeForce RTX 3080, 6968, 3084, 10240, 95, 98
2026/08/05 04:19:13.373, 0, NVIDIA GeForce RTX 3080, 6968, 3084, 10240, 95, 98
2026/08/05 04:19:13.481, 0, NVIDIA GeForce RTX 3080, 6968, 3084, 10240, 96, 98
2026/08/05 04:19:13.590, 0, NVIDIA GeForce RTX 3080, 6968, 3084, 10240, 96, 98
2026/08/05 04:19:13.700, 0, NVIDIA GeForce RTX 3080, 6968, 3084, 10240, 96, 98
2026/08/05 04:19:13.809, 0, NVIDIA GeForce RTX 3080, 6968, 3084, 10240, 96, 98
2026/08/05 04:19:13.918, 0, NVIDIA GeForce RTX 3080, 6968, 3084, 10240, 96, 98
2026/08/05 04:19:14.028, 0, NVIDIA GeForce RTX 3080, 6968, 3084, 10240, 96, 98
2026/08/05 04:19:14.136, 0, NVIDIA GeForce RTX 3080, 6968, 3084, 10240, 96, 98
2026/08/05 04:19:14.246, 0, NVIDIA GeForce RTX 3080, 6968, 3084, 10240, 96, 98
2026/08/05 04:19:14.355, 0, NVIDIA GeForce RTX 3080, 6968, 3084, 10240, 96, 98
2026/08/05 04:19:14.464, 0, NVIDIA GeForce RTX 3080, 6968, 3084, 10240, 97, 98
2026/08/05 04:19:14.574, 0, NVIDIA GeForce RTX 3080, 6968, 3084, 10240, 97, 98
2026/08/05 04:19:14.682, 0, NVIDIA GeForce RTX 3080, 6968, 3084, 10240, 97, 98
2026/08/05 04:19:14.791, 0, NVIDIA GeForce RTX 3080, 6968, 3084, 10240, 97, 98
2026/08/05 04:19:14.901, 0, NVIDIA GeForce RTX 3080, 6968, 3084, 10240, 97, 98
2026/08/05 04:19:15.010, 0, NVIDIA GeForce RTX 3080, 6968, 3084, 10240, 97, 98
2026/08/05 04:19:15.119, 0, NVIDIA GeForce RTX 3080, 6968, 3084, 10240, 97, 98
2026/08/05 04:19:15.229, 0, NVIDIA GeForce RTX 3080, 6968, 3084, 10240, 97, 98
2026/08/05 04:19:15.337, 0, NVIDIA GeForce RTX 3080, 6968, 3084, 10240, 97, 98
2026/08/05 04:19:15.447, 0, NVIDIA GeForce RTX 3080, 6968, 3084, 10240, 97, 98
2026/08/05 04:19:15.557, 0, NVIDIA GeForce RTX 3080, 6968, 3084, 10240, 97, 98
2026/08/05 04:19:15.665, 0, NVIDIA GeForce RTX 3080, 6968, 3084, 10240, 97, 98
2026/08/05 04:19:15.774, 0, NVIDIA GeForce RTX 3080, 6968, 3084, 10240, 97, 98
2026/08/05 04:19:15.884, 0, NVIDIA GeForce RTX 3080, 6968, 3084, 10240, 97, 98
2026/08/05 04:19:15.992, 0, NVIDIA GeForce RTX 3080, 6968, 3084, 10240, 97, 98
2026/08/05 04:19:16.102, 0, NVIDIA GeForce RTX 3080, 6968, 3084, 10240, 97, 98
2026/08/05 04:19:16.212, 0, NVIDIA GeForce RTX 3080, 6968, 3084, 10240, 97, 98
2026/08/05 04:19:16.320, 0, NVIDIA GeForce RTX 3080, 6968, 3084, 10240, 97, 98
2026/08/05 04:19:16.430, 0, NVIDIA GeForce RTX 3080, 6968, 3084, 10240, 95, 98
2026/08/05 04:19:16.539, 0, NVIDIA GeForce RTX 3080, 6968, 3084, 10240, 95, 98
2026/08/05 04:19:16.648, 0, NVIDIA GeForce RTX 3080, 6968, 3084, 10240, 95, 98
2026/08/05 04:19:16.757, 0, NVIDIA GeForce RTX 3080, 6968, 3084, 10240, 95, 98
2026/08/05 04:19:16.866, 0, NVIDIA GeForce RTX 3080, 6968, 3084, 10240, 95, 98
2026/08/05 04:19:16.976, 0, NVIDIA GeForce RTX 3080, 6968, 3084, 10240, 95, 98
2026/08/05 04:19:17.085, 0, NVIDIA GeForce RTX 3080, 6968, 3084, 10240, 95, 98
2026/08/05 04:19:17.194, 0, NVIDIA GeForce RTX 3080, 6968, 3084, 10240, 95, 98
2026/08/05 04:19:17.304, 0, NVIDIA GeForce RTX 3080, 6968, 3084, 10240, 95, 98
2026/08/05 04:19:17.413, 0, NVIDIA GeForce RTX 3080, 6968, 3084, 10240, 95, 98
2026/08/05 04:19:17.522, 0, NVIDIA GeForce RTX 3080, 6968, 3084, 10240, 95, 98
2026/08/05 04:19:17.631, 0, NVIDIA GeForce RTX 3080, 6968, 3084, 10240, 95, 98
2026/08/05 04:19:17.740, 0, NVIDIA GeForce RTX 3080, 6968, 3084, 10240, 95, 98
2026/08/05 04:19:17.849, 0, NVIDIA GeForce RTX 3080, 6968, 3084, 10240, 95, 98
2026/08/05 04:19:17.959, 0, NVIDIA GeForce RTX 3080, 6968, 3084, 10240, 96, 98
2026/08/05 04:19:18.067, 0, NVIDIA GeForce RTX 3080, 6968, 3084, 10240, 96, 98
2026/08/05 04:19:18.176, 0, NVIDIA GeForce RTX 3080, 6968, 3084, 10240, 96, 98
2026/08/05 04:19:18.286, 0, NVIDIA GeForce RTX 3080, 6968, 3084, 10240, 96, 98
2026/08/05 04:19:18.395, 0, NVIDIA GeForce RTX 3080, 6968, 3084, 10240, 97, 98
2026/08/05 04:19:18.503, 0, NVIDIA GeForce RTX 3080, 6968, 3084, 10240, 97, 98
2026/08/05 04:19:18.613, 0, NVIDIA GeForce RTX 3080, 6968, 3084, 10240, 97, 98
2026/08/05 04:19:18.722, 0, NVIDIA GeForce RTX 3080, 6968, 3084, 10240, 97, 98
2026/08/05 04:19:18.831, 0, NVIDIA GeForce RTX 3080, 6968, 3084, 10240, 97, 98
2026/08/05 04:19:18.940, 0, NVIDIA GeForce RTX 3080, 6968, 3084, 10240, 97, 98
2026/08/05 04:19:19.049, 0, NVIDIA GeForce RTX 3080, 6968, 3084, 10240, 97, 98
2026/08/05 04:19:19.158, 0, NVIDIA GeForce RTX 3080, 6968, 3084, 10240, 97, 98
2026/08/05 04:19:19.267, 0, NVIDIA GeForce RTX 3080, 6968, 3084, 10240, 97, 98
2026/08/05 04:19:19.377, 0, NVIDIA GeForce RTX 3080, 6968, 3084, 10240, 97, 98
2026/08/05 04:19:19.487, 0, NVIDIA GeForce RTX 3080, 6968, 3084, 10240, 97, 98
2026/08/05 04:19:19.595, 0, NVIDIA GeForce RTX 3080, 6968, 3084, 10240, 97, 98
2026/08/05 04:19:19.705, 0, NVIDIA GeForce RTX 3080, 6968, 3084, 10240, 97, 98
2026/08/05 04:19:19.814, 0, NVIDIA GeForce RTX 3080, 6968, 3084, 10240, 97, 98
2026/08/05 04:19:19.923, 0, NVIDIA GeForce RTX 3080, 6968, 3084, 10240, 97, 98
2026/08/05 04:19:20.033, 0, NVIDIA GeForce RTX 3080, 6968, 3084, 10240, 97, 98
2026/08/05 04:19:20.141, 0, NVIDIA GeForce RTX 3080, 6968, 3084, 10240, 97, 98
2026/08/05 04:19:20.249, 0, NVIDIA GeForce RTX 3080, 6968, 3084, 10240, 97, 98
2026/08/05 04:19:20.359, 0, NVIDIA GeForce RTX 3080, 6968, 3084, 10240, 97, 98
2026/08/05 04:19:20.467, 0, NVIDIA GeForce RTX 3080, 6968, 3084, 10240, 97, 98
2026/08/05 04:19:20.577, 0, NVIDIA GeForce RTX 3080, 6968, 3084, 10240, 97, 98
2026/08/05 04:19:20.687, 0, NVIDIA GeForce RTX 3080, 6968, 3084, 10240, 97, 98
2026/08/05 04:19:20.796, 0, NVIDIA GeForce RTX 3080, 6968, 3084, 10240, 97, 98
2026/08/05 04:19:20.905, 0, NVIDIA GeForce RTX 3080, 6968, 3084, 10240, 95, 98
2026/08/05 04:19:21.014, 0, NVIDIA GeForce RTX 3080, 6968, 3084, 10240, 95, 98
2026/08/05 04:19:21.123, 0, NVIDIA GeForce RTX 3080, 6968, 3084, 10240, 95, 98
2026/08/05 04:19:21.232, 0, NVIDIA GeForce RTX 3080, 6968, 3084, 10240, 95, 98
2026/08/05 04:19:21.341, 0, NVIDIA GeForce RTX 3080, 6968, 3084, 10240, 95, 98
2026/08/05 04:19:21.450, 0, NVIDIA GeForce RTX 3080, 6968, 3084, 10240, 95, 98
2026/08/05 04:19:21.558, 0, NVIDIA GeForce RTX 3080, 6968, 3084, 10240, 95, 98
2026/08/05 04:19:21.667, 0, NVIDIA GeForce RTX 3080, 6968, 3084, 10240, 95, 98
2026/08/05 04:19:21.776, 0, NVIDIA GeForce RTX 3080, 6968, 3084, 10240, 95, 98
2026/08/05 04:19:21.885, 0, NVIDIA GeForce RTX 3080, 6968, 3084, 10240, 95, 98
2026/08/05 04:19:21.994, 0, NVIDIA GeForce RTX 3080, 6968, 3084, 10240, 95, 98
2026/08/05 04:19:22.104, 0, NVIDIA GeForce RTX 3080, 6968, 3084, 10240, 95, 98
2026/08/05 04:19:22.213, 0, NVIDIA GeForce RTX 3080, 6968, 3084, 10240, 95, 98
2026/08/05 04:19:22.322, 0, NVIDIA GeForce RTX 3080, 6968, 3084, 10240, 95, 98
2026/08/05 04:19:22.431, 0, NVIDIA GeForce RTX 3080, 6968, 3084, 10240, 95, 98
2026/08/05 04:19:22.540, 0, NVIDIA GeForce RTX 3080, 6968, 3084, 10240, 95, 98
2026/08/05 04:19:22.649, 0, NVIDIA GeForce RTX 3080, 6968, 3084, 10240, 95, 98
2026/08/05 04:19:22.759, 0, NVIDIA GeForce RTX 3080, 6968, 3084, 10240, 95, 98
2026/08/05 04:19:22.868, 0, NVIDIA GeForce RTX 3080, 6968, 3084, 10240, 95, 98
2026/08/05 04:19:22.976, 0, NVIDIA GeForce RTX 3080, 6968, 3084, 10240, 96, 98
2026/08/05 04:19:23.086, 0, NVIDIA GeForce RTX 3080, 6968, 3084, 10240, 96, 98
2026/08/05 04:19:23.195, 0, NVIDIA GeForce RTX 3080, 6968, 3084, 10240, 96, 98
2026/08/05 04:19:23.303, 0, NVIDIA GeForce RTX 3080, 6968, 3084, 10240, 96, 98
2026/08/05 04:19:23.413, 0, NVIDIA GeForce RTX 3080, 6968, 3084, 10240, 96, 98
2026/08/05 04:19:23.522, 0, NVIDIA GeForce RTX 3080, 6968, 3084, 10240, 96, 98
2026/08/05 04:19:23.631, 0, NVIDIA GeForce RTX 3080, 6968, 3084, 10240, 96, 98
2026/08/05 04:19:23.741, 0, NVIDIA GeForce RTX 3080, 6968, 3084, 10240, 96, 98
2026/08/05 04:19:23.849, 0, NVIDIA GeForce RTX 3080, 6968, 3084, 10240, 96, 98
2026/08/05 04:19:23.958, 0, NVIDIA GeForce RTX 3080, 6968, 3084, 10240, 96, 98
2026/08/05 04:19:24.067, 0, NVIDIA GeForce RTX 3080, 6968, 3084, 10240, 96, 98
2026/08/05 04:19:24.177, 0, NVIDIA GeForce RTX 3080, 6968, 3084, 10240, 96, 98
2026/08/05 04:19:24.286, 0, NVIDIA GeForce RTX 3080, 6968, 3084, 10240, 96, 98
2026/08/05 04:19:24.394, 0, NVIDIA GeForce RTX 3080, 6968, 3084, 10240, 96, 98
2026/08/05 04:19:24.504, 0, NVIDIA GeForce RTX 3080, 6968, 3084, 10240, 96, 98
2026/08/05 04:19:24.613, 0, NVIDIA GeForce RTX 3080, 6968, 3084, 10240, 96, 98
2026/08/05 04:19:24.721, 0, NVIDIA GeForce RTX 3080, 6968, 3084, 10240, 96, 98
2026/08/05 04:19:24.831, 0, NVIDIA GeForce RTX 3080, 6968, 3084, 10240, 96, 98
2026/08/05 04:19:24.941, 0, NVIDIA GeForce RTX 3080, 6968, 3084, 10240, 96, 98
2026/08/05 04:19:25.049, 0, NVIDIA GeForce RTX 3080, 6968, 3084, 10240, 96, 98
2026/08/05 04:19:25.159, 0, NVIDIA GeForce RTX 3080, 6968, 3084, 10240, 96, 98
2026/08/05 04:19:25.268, 0, NVIDIA GeForce RTX 3080, 6968, 3084, 10240, 96, 98
2026/08/05 04:19:25.377, 0, NVIDIA GeForce RTX 3080, 6968, 3084, 10240, 96, 98
2026/08/05 04:19:25.487, 0, NVIDIA GeForce RTX 3080, 6968, 3084, 10240, 95, 98
2026/08/05 04:19:25.596, 0, NVIDIA GeForce RTX 3080, 6968, 3084, 10240, 95, 98
2026/08/05 04:19:25.705, 0, NVIDIA GeForce RTX 3080, 6968, 3084, 10240, 95, 98
2026/08/05 04:19:25.814, 0, NVIDIA GeForce RTX 3080, 6968, 3084, 10240, 95, 98
2026/08/05 04:19:25.923, 0, NVIDIA GeForce RTX 3080, 6968, 3084, 10240, 95, 98
2026/08/05 04:19:26.033, 0, NVIDIA GeForce RTX 3080, 6968, 3084, 10240, 95, 98
2026/08/05 04:19:26.142, 0, NVIDIA GeForce RTX 3080, 6968, 3084, 10240, 95, 98
2026/08/05 04:19:26.251, 0, NVIDIA GeForce RTX 3080, 6968, 3084, 10240, 95, 98
2026/08/05 04:19:26.361, 0, NVIDIA GeForce RTX 3080, 6968, 3084, 10240, 95, 98
2026/08/05 04:19:26.471, 0, NVIDIA GeForce RTX 3080, 6968, 3084, 10240, 95, 98
2026/08/05 04:19:26.579, 0, NVIDIA GeForce RTX 3080, 6968, 3084, 10240, 95, 98
2026/08/05 04:19:26.688, 0, NVIDIA GeForce RTX 3080, 6968, 3084, 10240, 95, 98
2026/08/05 04:19:26.797, 0, NVIDIA GeForce RTX 3080, 6968, 3084, 10240, 95, 98
2026/08/05 04:19:26.906, 0, NVIDIA GeForce RTX 3080, 6968, 3084, 10240, 95, 98
2026/08/05 04:19:27.015, 0, NVIDIA GeForce RTX 3080, 6968, 3084, 10240, 95, 98
2026/08/05 04:19:27.124, 0, NVIDIA GeForce RTX 3080, 6968, 3084, 10240, 95, 98
2026/08/05 04:19:27.233, 0, NVIDIA GeForce RTX 3080, 6968, 3084, 10240, 95, 98
2026/08/05 04:19:27.343, 0, NVIDIA GeForce RTX 3080, 6968, 3084, 10240, 95, 98
2026/08/05 04:19:27.451, 0, NVIDIA GeForce RTX 3080, 6968, 3084, 10240, 93, 96
2026/08/05 04:19:27.561, 0, NVIDIA GeForce RTX 3080, 6968, 3084, 10240, 93, 96
2026/08/05 04:19:27.671, 0, NVIDIA GeForce RTX 3080, 6968, 3084, 10240, 93, 96
2026/08/05 04:19:27.780, 0, NVIDIA GeForce RTX 3080, 6968, 3084, 10240, 93, 96
2026/08/05 04:19:27.888, 0, NVIDIA GeForce RTX 3080, 6968, 3084, 10240, 93, 96
2026/08/05 04:19:27.997, 0, NVIDIA GeForce RTX 3080, 6968, 3084, 10240, 95, 98
2026/08/05 04:19:28.106, 0, NVIDIA GeForce RTX 3080, 6968, 3084, 10240, 95, 98
2026/08/05 04:19:28.215, 0, NVIDIA GeForce RTX 3080, 6968, 3084, 10240, 95, 98
2026/08/05 04:19:28.324, 0, NVIDIA GeForce RTX 3080, 6968, 3084, 10240, 95, 98
2026/08/05 04:19:28.434, 0, NVIDIA GeForce RTX 3080, 6968, 3084, 10240, 96, 98
2026/08/05 04:19:28.543, 0, NVIDIA GeForce RTX 3080, 6968, 3084, 10240, 96, 98
2026/08/05 04:19:28.652, 0, NVIDIA GeForce RTX 3080, 6968, 3084, 10240, 96, 98
2026/08/05 04:19:28.762, 0, NVIDIA GeForce RTX 3080, 6968, 3084, 10240, 96, 98
2026/08/05 04:19:28.871, 0, NVIDIA GeForce RTX 3080, 6968, 3084, 10240, 96, 98
2026/08/05 04:19:28.979, 0, NVIDIA GeForce RTX 3080, 6968, 3084, 10240, 96, 98
2026/08/05 04:19:29.089, 0, NVIDIA GeForce RTX 3080, 6968, 3084, 10240, 96, 98
2026/08/05 04:19:29.197, 0, NVIDIA GeForce RTX 3080, 6968, 3084, 10240, 96, 98
2026/08/05 04:19:29.306, 0, NVIDIA GeForce RTX 3080, 6968, 3084, 10240, 96, 98
2026/08/05 04:19:29.415, 0, NVIDIA GeForce RTX 3080, 6968, 3084, 10240, 96, 98
2026/08/05 04:19:29.524, 0, NVIDIA GeForce RTX 3080, 6968, 3084, 10240, 96, 98
2026/08/05 04:19:29.634, 0, NVIDIA GeForce RTX 3080, 6968, 3084, 10240, 96, 98
2026/08/05 04:19:29.743, 0, NVIDIA GeForce RTX 3080, 6968, 3084, 10240, 96, 98
2026/08/05 04:19:29.852, 0, NVIDIA GeForce RTX 3080, 6968, 3084, 10240, 96, 98
2026/08/05 04:19:29.962, 0, NVIDIA GeForce RTX 3080, 6968, 3084, 10240, 94, 98
2026/08/05 04:19:30.071, 0, NVIDIA GeForce RTX 3080, 6968, 3084, 10240, 94, 98
2026/08/05 04:19:30.180, 0, NVIDIA GeForce RTX 3080, 6968, 3084, 10240, 94, 98
2026/08/05 04:19:30.290, 0, NVIDIA GeForce RTX 3080, 6968, 3084, 10240, 94, 98
2026/08/05 04:19:30.399, 0, NVIDIA GeForce RTX 3080, 6968, 3084, 10240, 94, 98
2026/08/05 04:19:30.508, 0, NVIDIA GeForce RTX 3080, 6968, 3084, 10240, 94, 98
2026/08/05 04:19:30.617, 0, NVIDIA GeForce RTX 3080, 6968, 3084, 10240, 94, 98
2026/08/05 04:19:30.726, 0, NVIDIA GeForce RTX 3080, 6968, 3084, 10240, 94, 98
2026/08/05 04:19:30.835, 0, NVIDIA GeForce RTX 3080, 6968, 3084, 10240, 94, 98
2026/08/05 04:19:30.944, 0, NVIDIA GeForce RTX 3080, 6968, 3084, 10240, 95, 98
2026/08/05 04:19:31.053, 0, NVIDIA GeForce RTX 3080, 6968, 3084, 10240, 95, 98
2026/08/05 04:19:31.163, 0, NVIDIA GeForce RTX 3080, 6968, 3084, 10240, 95, 98
2026/08/05 04:19:31.272, 0, NVIDIA GeForce RTX 3080, 6968, 3084, 10240, 95, 98
2026/08/05 04:19:31.381, 0, NVIDIA GeForce RTX 3080, 6968, 3084, 10240, 95, 98
2026/08/05 04:19:31.490, 0, NVIDIA GeForce RTX 3080, 6968, 3084, 10240, 94, 98
2026/08/05 04:19:31.599, 0, NVIDIA GeForce RTX 3080, 6968, 3084, 10240, 94, 98
2026/08/05 04:19:31.707, 0, NVIDIA GeForce RTX 3080, 6968, 3084, 10240, 94, 98
2026/08/05 04:19:31.817, 0, NVIDIA GeForce RTX 3080, 6968, 3084, 10240, 94, 98
2026/08/05 04:19:31.925, 0, NVIDIA GeForce RTX 3080, 6968, 3084, 10240, 94, 98
2026/08/05 04:19:32.035, 0, NVIDIA GeForce RTX 3080, 6968, 3084, 10240, 94, 98
2026/08/05 04:19:32.145, 0, NVIDIA GeForce RTX 3080, 6968, 3084, 10240, 94, 98
2026/08/05 04:19:32.253, 0, NVIDIA GeForce RTX 3080, 6968, 3084, 10240, 94, 98
2026/08/05 04:19:32.363, 0, NVIDIA GeForce RTX 3080, 6968, 3084, 10240, 94, 98
2026/08/05 04:19:32.472, 0, NVIDIA GeForce RTX 3080, 6968, 3084, 10240, 97, 98
2026/08/05 04:19:32.581, 0, NVIDIA GeForce RTX 3080, 6968, 3084, 10240, 97, 98
2026/08/05 04:19:32.690, 0, NVIDIA GeForce RTX 3080, 6968, 3084, 10240, 97, 98
2026/08/05 04:19:32.800, 0, NVIDIA GeForce RTX 3080, 6968, 3084, 10240, 97, 98
2026/08/05 04:19:32.909, 0, NVIDIA GeForce RTX 3080, 6968, 3084, 10240, 97, 98
2026/08/05 04:19:33.018, 0, NVIDIA GeForce RTX 3080, 6968, 3084, 10240, 97, 98
2026/08/05 04:19:33.127, 0, NVIDIA GeForce RTX 3080, 6968, 3084, 10240, 97, 98
2026/08/05 04:19:33.237, 0, NVIDIA GeForce RTX 3080, 6968, 3084, 10240, 97, 98
2026/08/05 04:19:33.347, 0, NVIDIA GeForce RTX 3080, 6968, 3084, 10240, 97, 98
2026/08/05 04:19:33.455, 0, NVIDIA GeForce RTX 3080, 6968, 3084, 10240, 97, 98
2026/08/05 04:19:33.565, 0, NVIDIA GeForce RTX 3080, 6968, 3084, 10240, 97, 98
2026/08/05 04:19:33.675, 0, NVIDIA GeForce RTX 3080, 6968, 3084, 10240, 97, 98
2026/08/05 04:19:33.783, 0, NVIDIA GeForce RTX 3080, 6968, 3084, 10240, 97, 98
2026/08/05 04:19:33.893, 0, NVIDIA GeForce RTX 3080, 6968, 3084, 10240, 97, 98
2026/08/05 04:19:34.002, 0, NVIDIA GeForce RTX 3080, 6968, 3084, 10240, 97, 98
2026/08/05 04:19:34.110, 0, NVIDIA GeForce RTX 3080, 6968, 3084, 10240, 97, 98
2026/08/05 04:19:34.219, 0, NVIDIA GeForce RTX 3080, 6968, 3084, 10240, 97, 98
2026/08/05 04:19:34.328, 0, NVIDIA GeForce RTX 3080, 6968, 3084, 10240, 97, 98
2026/08/05 04:19:34.438, 0, NVIDIA GeForce RTX 3080, 6968, 3084, 10240, 98, 98
2026/08/05 04:19:34.547, 0, NVIDIA GeForce RTX 3080, 6968, 3084, 10240, 98, 98
2026/08/05 04:19:34.656, 0, NVIDIA GeForce RTX 3080, 6968, 3084, 10240, 98, 98
2026/08/05 04:19:34.766, 0, NVIDIA GeForce RTX 3080, 6968, 3084, 10240, 98, 98
2026/08/05 04:19:34.875, 0, NVIDIA GeForce RTX 3080, 6968, 3084, 10240, 98, 98
2026/08/05 04:19:34.984, 0, NVIDIA GeForce RTX 3080, 6968, 3084, 10240, 98, 98
2026/08/05 04:19:35.094, 0, NVIDIA GeForce RTX 3080, 6968, 3084, 10240, 98, 98
2026/08/05 04:19:35.202, 0, NVIDIA GeForce RTX 3080, 6968, 3084, 10240, 98, 98
2026/08/05 04:19:35.311, 0, NVIDIA GeForce RTX 3080, 6968, 3084, 10240, 98, 98
2026/08/05 04:19:35.420, 0, NVIDIA GeForce RTX 3080, 6968, 3084, 10240, 98, 98
2026/08/05 04:19:35.529, 0, NVIDIA GeForce RTX 3080, 6968, 3084, 10240, 98, 98
2026/08/05 04:19:35.638, 0, NVIDIA GeForce RTX 3080, 6968, 3084, 10240, 98, 98
2026/08/05 04:19:35.747, 0, NVIDIA GeForce RTX 3080, 6968, 3084, 10240, 98, 98
2026/08/05 04:19:35.856, 0, NVIDIA GeForce RTX 3080, 6968, 3084, 10240, 98, 98
2026/08/05 04:19:35.965, 0, NVIDIA GeForce RTX 3080, 6968, 3084, 10240, 98, 98
2026/08/05 04:19:36.075, 0, NVIDIA GeForce RTX 3080, 6968, 3084, 10240, 98, 98
2026/08/05 04:19:36.184, 0, NVIDIA GeForce RTX 3080, 6968, 3084, 10240, 98, 98
2026/08/05 04:19:36.293, 0, NVIDIA GeForce RTX 3080, 6968, 3084, 10240, 98, 98
2026/08/05 04:19:36.403, 0, NVIDIA GeForce RTX 3080, 6968, 3084, 10240, 95, 98
2026/08/05 04:19:36.511, 0, NVIDIA GeForce RTX 3080, 6968, 3084, 10240, 95, 98
2026/08/05 04:19:36.621, 0, NVIDIA GeForce RTX 3080, 6968, 3084, 10240, 95, 98
2026/08/05 04:19:36.731, 0, NVIDIA GeForce RTX 3080, 6968, 3084, 10240, 95, 98
2026/08/05 04:19:36.839, 0, NVIDIA GeForce RTX 3080, 6968, 3084, 10240, 95, 98
2026/08/05 04:19:36.949, 0, NVIDIA GeForce RTX 3080, 6968, 3084, 10240, 96, 98
2026/08/05 04:19:37.058, 0, NVIDIA GeForce RTX 3080, 6968, 3084, 10240, 96, 98
2026/08/05 04:19:37.167, 0, NVIDIA GeForce RTX 3080, 6968, 3084, 10240, 96, 98
2026/08/05 04:19:37.277, 0, NVIDIA GeForce RTX 3080, 6968, 3084, 10240, 96, 98
2026/08/05 04:19:37.385, 0, NVIDIA GeForce RTX 3080, 6968, 3084, 10240, 96, 98
2026/08/05 04:19:37.494, 0, NVIDIA GeForce RTX 3080, 6968, 3084, 10240, 96, 98
2026/08/05 04:19:37.604, 0, NVIDIA GeForce RTX 3080, 6968, 3084, 10240, 96, 98
2026/08/05 04:19:37.711, 0, NVIDIA GeForce RTX 3080, 6968, 3084, 10240, 96, 98
2026/08/05 04:19:37.821, 0, NVIDIA GeForce RTX 3080, 6968, 3084, 10240, 96, 98
2026/08/05 04:19:37.931, 0, NVIDIA GeForce RTX 3080, 6968, 3084, 10240, 94, 96
2026/08/05 04:19:38.039, 0, NVIDIA GeForce RTX 3080, 6968, 3084, 10240, 94, 96
2026/08/05 04:19:38.149, 0, NVIDIA GeForce RTX 3080, 6968, 3084, 10240, 94, 96
2026/08/05 04:19:38.258, 0, NVIDIA GeForce RTX 3080, 6968, 3084, 10240, 94, 96
2026/08/05 04:19:38.367, 0, NVIDIA GeForce RTX 3080, 6968, 3084, 10240, 94, 96
2026/08/05 04:19:38.477, 0, NVIDIA GeForce RTX 3080, 6968, 3084, 10240, 97, 98
2026/08/05 04:19:38.585, 0, NVIDIA GeForce RTX 3080, 6968, 3084, 10240, 97, 98
2026/08/05 04:19:38.695, 0, NVIDIA GeForce RTX 3080, 6968, 3084, 10240, 97, 98
2026/08/05 04:19:38.805, 0, NVIDIA GeForce RTX 3080, 6968, 3084, 10240, 97, 98
2026/08/05 04:19:38.914, 0, NVIDIA GeForce RTX 3080, 6968, 3084, 10240, 97, 98
2026/08/05 04:19:39.023, 0, NVIDIA GeForce RTX 3080, 6968, 3084, 10240, 97, 98
2026/08/05 04:19:39.133, 0, NVIDIA GeForce RTX 3080, 6968, 3084, 10240, 97, 98
2026/08/05 04:19:39.242, 0, NVIDIA GeForce RTX 3080, 6968, 3084, 10240, 97, 98
2026/08/05 04:19:39.350, 0, NVIDIA GeForce RTX 3080, 6968, 3084, 10240, 97, 98
2026/08/05 04:19:39.460, 0, NVIDIA GeForce RTX 3080, 6968, 3084, 10240, 97, 98
2026/08/05 04:19:39.569, 0, NVIDIA GeForce RTX 3080, 6968, 3084, 10240, 97, 98
2026/08/05 04:19:39.678, 0, NVIDIA GeForce RTX 3080, 6968, 3084, 10240, 97, 98
2026/08/05 04:19:39.787, 0, NVIDIA GeForce RTX 3080, 6968, 3084, 10240, 97, 98
2026/08/05 04:19:39.896, 0, NVIDIA GeForce RTX 3080, 6968, 3084, 10240, 94, 96
2026/08/05 04:19:40.005, 0, NVIDIA GeForce RTX 3080, 6968, 3084, 10240, 94, 96
2026/08/05 04:19:40.114, 0, NVIDIA GeForce RTX 3080, 6968, 3084, 10240, 94, 96
2026/08/05 04:19:40.223, 0, NVIDIA GeForce RTX 3080, 6968, 3084, 10240, 94, 96
2026/08/05 04:19:40.332, 0, NVIDIA GeForce RTX 3080, 6968, 3084, 10240, 94, 96
2026/08/05 04:19:40.441, 0, NVIDIA GeForce RTX 3080, 6968, 3084, 10240, 95, 98
2026/08/05 04:19:40.551, 0, NVIDIA GeForce RTX 3080, 6968, 3084, 10240, 95, 98
2026/08/05 04:19:40.660, 0, NVIDIA GeForce RTX 3080, 6968, 3084, 10240, 95, 98
2026/08/05 04:19:40.769, 0, NVIDIA GeForce RTX 3080, 6968, 3084, 10240, 95, 98
2026/08/05 04:19:40.879, 0, NVIDIA GeForce RTX 3080, 6968, 3084, 10240, 95, 98
2026/08/05 04:19:40.987, 0, NVIDIA GeForce RTX 3080, 6968, 3084, 10240, 96, 98
2026/08/05 04:19:41.096, 0, NVIDIA GeForce RTX 3080, 6968, 3084, 10240, 96, 98
2026/08/05 04:19:41.206, 0, NVIDIA GeForce RTX 3080, 6968, 3084, 10240, 96, 98
2026/08/05 04:19:41.314, 0, NVIDIA GeForce RTX 3080, 6968, 3084, 10240, 96, 98
2026/08/05 04:19:41.424, 0, NVIDIA GeForce RTX 3080, 6968, 3084, 10240, 96, 98
2026/08/05 04:19:41.534, 0, NVIDIA GeForce RTX 3080, 6968, 3084, 10240, 96, 98
2026/08/05 04:19:41.642, 0, NVIDIA GeForce RTX 3080, 6968, 3084, 10240, 96, 98
2026/08/05 04:19:41.752, 0, NVIDIA GeForce RTX 3080, 6968, 3084, 10240, 96, 98
2026/08/05 04:19:41.862, 0, NVIDIA GeForce RTX 3080, 6968, 3084, 10240, 96, 98
2026/08/05 04:19:41.970, 0, NVIDIA GeForce RTX 3080, 6968, 3084, 10240, 96, 98
2026/08/05 04:19:42.080, 0, NVIDIA GeForce RTX 3080, 6968, 3084, 10240, 96, 98
2026/08/05 04:19:42.190, 0, NVIDIA GeForce RTX 3080, 6968, 3084, 10240, 96, 98
2026/08/05 04:19:42.298, 0, NVIDIA GeForce RTX 3080, 6968, 3084, 10240, 96, 98
2026/08/05 04:19:42.408, 0, NVIDIA GeForce RTX 3080, 6968, 3084, 10240, 97, 98
2026/08/05 04:19:42.517, 0, NVIDIA GeForce RTX 3080, 6968, 3084, 10240, 97, 98
2026/08/05 04:19:42.626, 0, NVIDIA GeForce RTX 3080, 6968, 3084, 10240, 97, 98
2026/08/05 04:19:42.736, 0, NVIDIA GeForce RTX 3080, 6968, 3084, 10240, 97, 98
2026/08/05 04:19:42.845, 0, NVIDIA GeForce RTX 3080, 6968, 3084, 10240, 97, 98
2026/08/05 04:19:42.953, 0, NVIDIA GeForce RTX 3080, 6968, 3084, 10240, 97, 98
2026/08/05 04:19:43.063, 0, NVIDIA GeForce RTX 3080, 6968, 3084, 10240, 97, 98
2026/08/05 04:19:43.172, 0, NVIDIA GeForce RTX 3080, 6968, 3084, 10240, 97, 98
2026/08/05 04:19:43.281, 0, NVIDIA GeForce RTX 3080, 6968, 3084, 10240, 97, 98
2026/08/05 04:19:43.391, 0, NVIDIA GeForce RTX 3080, 6968, 3084, 10240, 97, 98
2026/08/05 04:19:43.500, 0, NVIDIA GeForce RTX 3080, 6968, 3084, 10240, 97, 98
2026/08/05 04:19:43.610, 0, NVIDIA GeForce RTX 3080, 6968, 3084, 10240, 97, 98
2026/08/05 04:19:43.719, 0, NVIDIA GeForce RTX 3080, 6968, 3084, 10240, 97, 98
2026/08/05 04:19:43.827, 0, NVIDIA GeForce RTX 3080, 6968, 3084, 10240, 97, 98
2026/08/05 04:19:43.937, 0, NVIDIA GeForce RTX 3080, 6968, 3084, 10240, 97, 98
2026/08/05 04:19:44.046, 0, NVIDIA GeForce RTX 3080, 6968, 3084, 10240, 97, 98
2026/08/05 04:19:44.155, 0, NVIDIA GeForce RTX 3080, 6968, 3084, 10240, 97, 98
2026/08/05 04:19:44.264, 0, NVIDIA GeForce RTX 3080, 6968, 3084, 10240, 97, 98
2026/08/05 04:19:44.373, 0, NVIDIA GeForce RTX 3080, 6968, 3084, 10240, 97, 98
2026/08/05 04:19:44.481, 0, NVIDIA GeForce RTX 3080, 6968, 3084, 10240, 95, 98
2026/08/05 04:19:44.591, 0, NVIDIA GeForce RTX 3080, 6968, 3084, 10240, 95, 98
2026/08/05 04:19:44.700, 0, NVIDIA GeForce RTX 3080, 6968, 3084, 10240, 95, 98
2026/08/05 04:19:44.809, 0, NVIDIA GeForce RTX 3080, 6968, 3084, 10240, 95, 98
2026/08/05 04:19:44.918, 0, NVIDIA GeForce RTX 3080, 6968, 3084, 10240, 96, 98
2026/08/05 04:19:45.027, 0, NVIDIA GeForce RTX 3080, 6968, 3084, 10240, 96, 98
2026/08/05 04:19:45.136, 0, NVIDIA GeForce RTX 3080, 6968, 3084, 10240, 96, 98
2026/08/05 04:19:45.245, 0, NVIDIA GeForce RTX 3080, 6968, 3084, 10240, 96, 98
2026/08/05 04:19:45.355, 0, NVIDIA GeForce RTX 3080, 6968, 3084, 10240, 96, 98
2026/08/05 04:19:45.464, 0, NVIDIA GeForce RTX 3080, 6968, 3084, 10240, 95, 98
2026/08/05 04:19:45.572, 0, NVIDIA GeForce RTX 3080, 6968, 3084, 10240, 95, 98
2026/08/05 04:19:45.682, 0, NVIDIA GeForce RTX 3080, 6968, 3084, 10240, 95, 98
2026/08/05 04:19:45.790, 0, NVIDIA GeForce RTX 3080, 6968, 3084, 10240, 95, 98
2026/08/05 04:19:45.899, 0, NVIDIA GeForce RTX 3080, 6968, 3084, 10240, 96, 98
2026/08/05 04:19:46.009, 0, NVIDIA GeForce RTX 3080, 6968, 3084, 10240, 96, 98
2026/08/05 04:19:46.118, 0, NVIDIA GeForce RTX 3080, 6968, 3084, 10240, 96, 98
2026/08/05 04:19:46.227, 0, NVIDIA GeForce RTX 3080, 6968, 3084, 10240, 96, 98
2026/08/05 04:19:46.337, 0, NVIDIA GeForce RTX 3080, 6968, 3084, 10240, 96, 98
2026/08/05 04:19:46.445, 0, NVIDIA GeForce RTX 3080, 6968, 3084, 10240, 97, 98
2026/08/05 04:19:46.555, 0, NVIDIA GeForce RTX 3080, 6968, 3084, 10240, 97, 98
2026/08/05 04:19:46.665, 0, NVIDIA GeForce RTX 3080, 6968, 3084, 10240, 97, 98
2026/08/05 04:19:46.774, 0, NVIDIA GeForce RTX 3080, 6968, 3084, 10240, 97, 98
2026/08/05 04:19:46.883, 0, NVIDIA GeForce RTX 3080, 6968, 3084, 10240, 97, 98
2026/08/05 04:19:46.992, 0, NVIDIA GeForce RTX 3080, 6968, 3084, 10240, 97, 98
2026/08/05 04:19:47.101, 0, NVIDIA GeForce RTX 3080, 6968, 3084, 10240, 97, 98
2026/08/05 04:19:47.210, 0, NVIDIA GeForce RTX 3080, 6968, 3084, 10240, 97, 98
2026/08/05 04:19:47.319, 0, NVIDIA GeForce RTX 3080, 6968, 3084, 10240, 97, 98
2026/08/05 04:19:47.425, 0, NVIDIA GeForce RTX 3080, 6968, 3084, 10240, 96, 98
2026/08/05 04:19:47.535, 0, NVIDIA GeForce RTX 3080, 6968, 3084, 10240, 96, 98
2026/08/05 04:19:47.642, 0, NVIDIA GeForce RTX 3080, 6968, 3084, 10240, 96, 98
2026/08/05 04:19:47.752, 0, NVIDIA GeForce RTX 3080, 6968, 3084, 10240, 96, 98
2026/08/05 04:19:47.862, 0, NVIDIA GeForce RTX 3080, 6968, 3084, 10240, 96, 98
2026/08/05 04:19:47.971, 0, NVIDIA GeForce RTX 3080, 6968, 3084, 10240, 97, 98
2026/08/05 04:19:48.079, 0, NVIDIA GeForce RTX 3080, 6968, 3084, 10240, 97, 98
2026/08/05 04:19:48.188, 0, NVIDIA GeForce RTX 3080, 6968, 3084, 10240, 97, 98
2026/08/05 04:19:48.297, 0, NVIDIA GeForce RTX 3080, 6968, 3084, 10240, 97, 98
2026/08/05 04:19:48.406, 0, NVIDIA GeForce RTX 3080, 6968, 3084, 10240, 93, 97
2026/08/05 04:19:48.515, 0, NVIDIA GeForce RTX 3080, 6968, 3084, 10240, 93, 97
2026/08/05 04:19:48.625, 0, NVIDIA GeForce RTX 3080, 6968, 3084, 10240, 93, 97
2026/08/05 04:19:48.734, 0, NVIDIA GeForce RTX 3080, 6968, 3084, 10240, 93, 97
2026/08/05 04:19:48.843, 0, NVIDIA GeForce RTX 3080, 6968, 3084, 10240, 93, 97
2026/08/05 04:19:48.953, 0, NVIDIA GeForce RTX 3080, 6968, 3084, 10240, 95, 98
2026/08/05 04:19:49.062, 0, NVIDIA GeForce RTX 3080, 6968, 3084, 10240, 95, 98
2026/08/05 04:19:49.171, 0, NVIDIA GeForce RTX 3080, 6968, 3084, 10240, 95, 98
2026/08/05 04:19:49.281, 0, NVIDIA GeForce RTX 3080, 6968, 3084, 10240, 95, 98
2026/08/05 04:19:49.390, 0, NVIDIA GeForce RTX 3080, 6968, 3084, 10240, 95, 98
2026/08/05 04:19:49.498, 0, NVIDIA GeForce RTX 3080, 6968, 3084, 10240, 95, 98
2026/08/05 04:19:49.608, 0, NVIDIA GeForce RTX 3080, 6968, 3084, 10240, 95, 98
2026/08/05 04:19:49.717, 0, NVIDIA GeForce RTX 3080, 6968, 3084, 10240, 95, 98
2026/08/05 04:19:49.825, 0, NVIDIA GeForce RTX 3080, 6968, 3084, 10240, 95, 98
2026/08/05 04:19:49.935, 0, NVIDIA GeForce RTX 3080, 6968, 3084, 10240, 95, 98
2026/08/05 04:19:50.044, 0, NVIDIA GeForce RTX 3080, 6968, 3084, 10240, 95, 98
2026/08/05 04:19:50.153, 0, NVIDIA GeForce RTX 3080, 6968, 3084, 10240, 95, 98
2026/08/05 04:19:50.263, 0, NVIDIA GeForce RTX 3080, 6968, 3084, 10240, 95, 98
2026/08/05 04:19:50.372, 0, NVIDIA GeForce RTX 3080, 6968, 3084, 10240, 95, 98
2026/08/05 04:19:50.481, 0, NVIDIA GeForce RTX 3080, 6968, 3084, 10240, 95, 98
2026/08/05 04:19:50.590, 0, NVIDIA GeForce RTX 3080, 6968, 3084, 10240, 95, 98
2026/08/05 04:19:50.699, 0, NVIDIA GeForce RTX 3080, 6968, 3084, 10240, 95, 98
2026/08/05 04:19:50.808, 0, NVIDIA GeForce RTX 3080, 6968, 3084, 10240, 95, 98
2026/08/05 04:19:50.917, 0, NVIDIA GeForce RTX 3080, 6968, 3084, 10240, 96, 98
2026/08/05 04:19:51.027, 0, NVIDIA GeForce RTX 3080, 6968, 3084, 10240, 96, 98
2026/08/05 04:19:51.136, 0, NVIDIA GeForce RTX 3080, 6968, 3084, 10240, 96, 98
2026/08/05 04:19:51.245, 0, NVIDIA GeForce RTX 3080, 6968, 3084, 10240, 96, 98
2026/08/05 04:19:51.355, 0, NVIDIA GeForce RTX 3080, 6968, 3084, 10240, 96, 98
2026/08/05 04:19:51.463, 0, NVIDIA GeForce RTX 3080, 6968, 3084, 10240, 96, 98
2026/08/05 04:19:51.572, 0, NVIDIA GeForce RTX 3080, 6968, 3084, 10240, 96, 98
2026/08/05 04:19:51.682, 0, NVIDIA GeForce RTX 3080, 6968, 3084, 10240, 96, 98
2026/08/05 04:19:51.790, 0, NVIDIA GeForce RTX 3080, 6968, 3084, 10240, 96, 98
2026/08/05 04:19:51.899, 0, NVIDIA GeForce RTX 3080, 6968, 3084, 10240, 96, 98
2026/08/05 04:19:52.009, 0, NVIDIA GeForce RTX 3080, 6968, 3084, 10240, 96, 98
2026/08/05 04:19:52.117, 0, NVIDIA GeForce RTX 3080, 6968, 3084, 10240, 96, 98
2026/08/05 04:19:52.227, 0, NVIDIA GeForce RTX 3080, 6968, 3084, 10240, 96, 98
2026/08/05 04:19:52.337, 0, NVIDIA GeForce RTX 3080, 6968, 3084, 10240, 96, 98
2026/08/05 04:19:52.445, 0, NVIDIA GeForce RTX 3080, 6968, 3084, 10240, 96, 98
2026/08/05 04:19:52.555, 0, NVIDIA GeForce RTX 3080, 6968, 3084, 10240, 96, 98
2026/08/05 04:19:52.665, 0, NVIDIA GeForce RTX 3080, 6968, 3084, 10240, 96, 98
2026/08/05 04:19:52.774, 0, NVIDIA GeForce RTX 3080, 6968, 3084, 10240, 96, 98
2026/08/05 04:19:52.884, 0, NVIDIA GeForce RTX 3080, 6968, 3084, 10240, 96, 98
2026/08/05 04:19:52.993, 0, NVIDIA GeForce RTX 3080, 6968, 3084, 10240, 93, 97
2026/08/05 04:19:53.100, 0, NVIDIA GeForce RTX 3080, 6968, 3084, 10240, 93, 97
2026/08/05 04:19:53.209, 0, NVIDIA GeForce RTX 3080, 6968, 3084, 10240, 93, 97
2026/08/05 04:19:53.319, 0, NVIDIA GeForce RTX 3080, 6968, 3084, 10240, 93, 97
2026/08/05 04:19:53.428, 0, NVIDIA GeForce RTX 3080, 6968, 3084, 10240, 95, 98
2026/08/05 04:19:53.536, 0, NVIDIA GeForce RTX 3080, 6968, 3084, 10240, 95, 98
2026/08/05 04:19:53.645, 0, NVIDIA GeForce RTX 3080, 6968, 3084, 10240, 95, 98
2026/08/05 04:19:53.755, 0, NVIDIA GeForce RTX 3080, 6968, 3084, 10240, 95, 98
2026/08/05 04:19:53.864, 0, NVIDIA GeForce RTX 3080, 6968, 3084, 10240, 95, 98
2026/08/05 04:19:53.973, 0, NVIDIA GeForce RTX 3080, 6968, 3084, 10240, 95, 98
2026/08/05 04:19:54.082, 0, NVIDIA GeForce RTX 3080, 6968, 3084, 10240, 95, 98
2026/08/05 04:19:54.192, 0, NVIDIA GeForce RTX 3080, 6968, 3084, 10240, 95, 98
2026/08/05 04:19:54.300, 0, NVIDIA GeForce RTX 3080, 6968, 3084, 10240, 95, 98
2026/08/05 04:19:54.410, 0, NVIDIA GeForce RTX 3080, 6968, 3084, 10240, 95, 98
2026/08/05 04:19:54.520, 0, NVIDIA GeForce RTX 3080, 6968, 3084, 10240, 95, 98
2026/08/05 04:19:54.628, 0, NVIDIA GeForce RTX 3080, 6968, 3084, 10240, 95, 98
2026/08/05 04:19:54.738, 0, NVIDIA GeForce RTX 3080, 6968, 3084, 10240, 95, 98
2026/08/05 04:19:54.847, 0, NVIDIA GeForce RTX 3080, 6968, 3084, 10240, 95, 98
2026/08/05 04:19:54.956, 0, NVIDIA GeForce RTX 3080, 6968, 3084, 10240, 95, 98
2026/08/05 04:19:55.066, 0, NVIDIA GeForce RTX 3080, 6968, 3084, 10240, 95, 98
2026/08/05 04:19:55.174, 0, NVIDIA GeForce RTX 3080, 6968, 3084, 10240, 95, 98
2026/08/05 04:19:55.284, 0, NVIDIA GeForce RTX 3080, 6968, 3084, 10240, 95, 98
2026/08/05 04:19:55.393, 0, NVIDIA GeForce RTX 3080, 6968, 3084, 10240, 96, 98
2026/08/05 04:19:55.502, 0, NVIDIA GeForce RTX 3080, 6968, 3084, 10240, 96, 98
2026/08/05 04:19:55.611, 0, NVIDIA GeForce RTX 3080, 6968, 3084, 10240, 96, 98
2026/08/05 04:19:55.721, 0, NVIDIA GeForce RTX 3080, 6968, 3084, 10240, 96, 98
2026/08/05 04:19:55.829, 0, NVIDIA GeForce RTX 3080, 6968, 3084, 10240, 96, 98
2026/08/05 04:19:55.938, 0, NVIDIA GeForce RTX 3080, 6968, 3084, 10240, 96, 98
2026/08/05 04:19:56.047, 0, NVIDIA GeForce RTX 3080, 6968, 3084, 10240, 96, 98
2026/08/05 04:19:56.157, 0, NVIDIA GeForce RTX 3080, 6968, 3084, 10240, 96, 98
2026/08/05 04:19:56.266, 0, NVIDIA GeForce RTX 3080, 6968, 3084, 10240, 96, 98
2026/08/05 04:19:56.375, 0, NVIDIA GeForce RTX 3080, 6968, 3084, 10240, 96, 98
2026/08/05 04:19:56.485, 0, NVIDIA GeForce RTX 3080, 6968, 3084, 10240, 96, 98
2026/08/05 04:19:56.594, 0, NVIDIA GeForce RTX 3080, 6968, 3084, 10240, 96, 98
2026/08/05 04:19:56.702, 0, NVIDIA GeForce RTX 3080, 6968, 3084, 10240, 96, 98
2026/08/05 04:19:56.812, 0, NVIDIA GeForce RTX 3080, 6968, 3084, 10240, 96, 98
2026/08/05 04:19:56.922, 0, NVIDIA GeForce RTX 3080, 6968, 3084, 10240, 96, 98
2026/08/05 04:19:57.030, 0, NVIDIA GeForce RTX 3080, 6968, 3084, 10240, 96, 98
2026/08/05 04:19:57.140, 0, NVIDIA GeForce RTX 3080, 6968, 3084, 10240, 96, 98
2026/08/05 04:19:57.250, 0, NVIDIA GeForce RTX 3080, 6968, 3084, 10240, 96, 98
2026/08/05 04:19:57.358, 0, NVIDIA GeForce RTX 3080, 6968, 3084, 10240, 96, 98
2026/08/05 04:19:57.467, 0, NVIDIA GeForce RTX 3080, 6968, 3084, 10240, 96, 98
2026/08/05 04:19:57.576, 0, NVIDIA GeForce RTX 3080, 6968, 3084, 10240, 96, 98
2026/08/05 04:19:57.686, 0, NVIDIA GeForce RTX 3080, 6968, 3084, 10240, 96, 98
2026/08/05 04:19:57.795, 0, NVIDIA GeForce RTX 3080, 6968, 3084, 10240, 96, 98
2026/08/05 04:19:57.904, 0, NVIDIA GeForce RTX 3080, 6968, 3084, 10240, 94, 98
2026/08/05 04:19:58.014, 0, NVIDIA GeForce RTX 3080, 6968, 3084, 10240, 94, 98
2026/08/05 04:19:58.122, 0, NVIDIA GeForce RTX 3080, 6968, 3084, 10240, 94, 98
2026/08/05 04:19:58.231, 0, NVIDIA GeForce RTX 3080, 6968, 3084, 10240, 94, 98
2026/08/05 04:19:58.340, 0, NVIDIA GeForce RTX 3080, 6968, 3084, 10240, 94, 98
2026/08/05 04:19:58.449, 0, NVIDIA GeForce RTX 3080, 6968, 3084, 10240, 94, 98
2026/08/05 04:19:58.558, 0, NVIDIA GeForce RTX 3080, 6968, 3084, 10240, 94, 98
2026/08/05 04:19:58.667, 0, NVIDIA GeForce RTX 3080, 6968, 3084, 10240, 94, 98
2026/08/05 04:19:58.776, 0, NVIDIA GeForce RTX 3080, 6968, 3084, 10240, 94, 98
2026/08/05 04:19:58.886, 0, NVIDIA GeForce RTX 3080, 6968, 3084, 10240, 94, 98
2026/08/05 04:19:58.995, 0, NVIDIA GeForce RTX 3080, 6968, 3084, 10240, 94, 98
2026/08/05 04:19:59.104, 0, NVIDIA GeForce RTX 3080, 6968, 3084, 10240, 94, 98
2026/08/05 04:19:59.213, 0, NVIDIA GeForce RTX 3080, 6968, 3084, 10240, 94, 98
2026/08/05 04:19:59.322, 0, NVIDIA GeForce RTX 3080, 6968, 3084, 10240, 94, 98
2026/08/05 04:19:59.431, 0, NVIDIA GeForce RTX 3080, 6968, 3084, 10240, 94, 98
2026/08/05 04:19:59.541, 0, NVIDIA GeForce RTX 3080, 6968, 3084, 10240, 94, 98
2026/08/05 04:19:59.650, 0, NVIDIA GeForce RTX 3080, 6968, 3084, 10240, 94, 98
2026/08/05 04:19:59.759, 0, NVIDIA GeForce RTX 3080, 6968, 3084, 10240, 94, 98
2026/08/05 04:19:59.869, 0, NVIDIA GeForce RTX 3080, 6968, 3084, 10240, 94, 98
2026/08/05 04:19:59.977, 0, NVIDIA GeForce RTX 3080, 6968, 3084, 10240, 94, 98
2026/08/05 04:20:00.087, 0, NVIDIA GeForce RTX 3080, 1398, 8654, 10240, 94, 98
2026/08/05 04:20:00.197, 0, NVIDIA GeForce RTX 3080, 1398, 8654, 10240, 94, 98
2026/08/05 04:20:00.305, 0, NVIDIA GeForce RTX 3080, 1398, 8654, 10240, 94, 98
2026/08/05 04:20:00.415, 0, NVIDIA GeForce RTX 3080, 1177, 8875, 10240, 0, 0
