timestamp,index,name,memory_used_mib,memory_free_mib,memory_total_mib,memory_utilization_percent,gpu_utilization_percent 
2026/08/05 04:01:14.677, 0, NVIDIA GeForce RTX 3080, 1177, 8875, 10240, 0, 0
2026/08/05 04:01:14.786, 0, NVIDIA GeForce RTX 3080, 1186, 8866, 10240, 0, 0
2026/08/05 04:01:14.895, 0, NVIDIA GeForce RTX 3080, 1366, 8686, 10240, 0, 9
2026/08/05 04:01:15.003, 0, NVIDIA GeForce RTX 3080, 1366, 8686, 10240, 0, 9
2026/08/05 04:01:15.113, 0, NVIDIA GeForce RTX 3080, 5140, 4912, 10240, 0, 9
2026/08/05 04:01:15.223, 0, NVIDIA GeForce RTX 3080, 5140, 4912, 10240, 0, 9
2026/08/05 04:01:15.331, 0, NVIDIA GeForce RTX 3080, 5140, 4912, 10240, 1, 13
2026/08/05 04:01:15.441, 0, NVIDIA GeForce RTX 3080, 5140, 4912, 10240, 1, 13
2026/08/05 04:01:15.551, 0, NVIDIA GeForce RTX 3080, 5140, 4912, 10240, 1, 13
2026/08/05 04:01:15.659, 0, NVIDIA GeForce RTX 3080, 5140, 4912, 10240, 1, 13
2026/08/05 04:01:15.769, 0, NVIDIA GeForce RTX 3080, 5140, 4912, 10240, 1, 13
2026/08/05 04:01:15.878, 0, NVIDIA GeForce RTX 3080, 5140, 4912, 10240, 1, 13
2026/08/05 04:01:15.987, 0, NVIDIA GeForce RTX 3080, 5140, 4912, 10240, 1, 13
2026/08/05 04:01:16.097, 0, NVIDIA GeForce RTX 3080, 5140, 4912, 10240, 1, 13
2026/08/05 04:01:16.206, 0, NVIDIA GeForce RTX 3080, 5140, 4912, 10240, 1, 13
2026/08/05 04:01:16.315, 0, NVIDIA GeForce RTX 3080, 5140, 4912, 10240, 1, 13
2026/08/05 04:01:16.424, 0, NVIDIA GeForce RTX 3080, 5450, 4602, 10240, 1, 13
2026/08/05 04:01:16.533, 0, NVIDIA GeForce RTX 3080, 5456, 4596, 10240, 1, 13
2026/08/05 04:01:16.641, 0, NVIDIA GeForce RTX 3080, 5456, 4596, 10240, 1, 13
2026/08/05 04:01:16.750, 0, NVIDIA GeForce RTX 3080, 5456, 4596, 10240, 1, 13
2026/08/05 04:01:16.859, 0, NVIDIA GeForce RTX 3080, 5456, 4596, 10240, 64, 93
2026/08/05 04:01:16.968, 0, NVIDIA GeForce RTX 3080, 5456, 4596, 10240, 64, 93
2026/08/05 04:01:17.077, 0, NVIDIA GeForce RTX 3080, 5456, 4596, 10240, 64, 93
2026/08/05 04:01:17.185, 0, NVIDIA GeForce RTX 3080, 6842, 3210, 10240, 64, 93
2026/08/05 04:01:17.295, 0, NVIDIA GeForce RTX 3080, 6842, 3210, 10240, 64, 93
2026/08/05 04:01:17.403, 0, NVIDIA GeForce RTX 3080, 6842, 3210, 10240, 97, 98
2026/08/05 04:01:17.513, 0, NVIDIA GeForce RTX 3080, 6842, 3210, 10240, 97, 98
2026/08/05 04:01:17.622, 0, NVIDIA GeForce RTX 3080, 6842, 3210, 10240, 97, 98
2026/08/05 04:01:17.731, 0, NVIDIA GeForce RTX 3080, 6842, 3210, 10240, 97, 98
2026/08/05 04:01:17.840, 0, NVIDIA GeForce RTX 3080, 6842, 3210, 10240, 97, 98
2026/08/05 04:01:17.950, 0, NVIDIA GeForce RTX 3080, 6842, 3210, 10240, 97, 98
2026/08/05 04:01:18.058, 0, NVIDIA GeForce RTX 3080, 6842, 3210, 10240, 97, 98
2026/08/05 04:01:18.167, 0, NVIDIA GeForce RTX 3080, 6842, 3210, 10240, 97, 98
2026/08/05 04:01:18.276, 0, NVIDIA GeForce RTX 3080, 6842, 3210, 10240, 97, 98
2026/08/05 04:01:18.386, 0, NVIDIA GeForce RTX 3080, 6842, 3210, 10240, 97, 98
2026/08/05 04:01:18.495, 0, NVIDIA GeForce RTX 3080, 6842, 3210, 10240, 97, 98
2026/08/05 04:01:18.604, 0, NVIDIA GeForce RTX 3080, 6842, 3210, 10240, 97, 98
2026/08/05 04:01:18.713, 0, NVIDIA GeForce RTX 3080, 6842, 3210, 10240, 97, 98
2026/08/05 04:01:18.823, 0, NVIDIA GeForce RTX 3080, 6842, 3210, 10240, 97, 98
2026/08/05 04:01:18.932, 0, NVIDIA GeForce RTX 3080, 6842, 3210, 10240, 97, 98
2026/08/05 04:01:19.041, 0, NVIDIA GeForce RTX 3080, 6842, 3210, 10240, 97, 98
2026/08/05 04:01:19.150, 0, NVIDIA GeForce RTX 3080, 6842, 3210, 10240, 97, 98
2026/08/05 04:01:19.258, 0, NVIDIA GeForce RTX 3080, 6842, 3210, 10240, 97, 98
2026/08/05 04:01:19.367, 0, NVIDIA GeForce RTX 3080, 6842, 3210, 10240, 98, 98
2026/08/05 04:01:19.476, 0, NVIDIA GeForce RTX 3080, 6842, 3210, 10240, 98, 98
2026/08/05 04:01:19.586, 0, NVIDIA GeForce RTX 3080, 6842, 3210, 10240, 98, 98
2026/08/05 04:01:19.695, 0, NVIDIA GeForce RTX 3080, 6842, 3210, 10240, 98, 98
2026/08/05 04:01:19.804, 0, NVIDIA GeForce RTX 3080, 6842, 3210, 10240, 98, 98
2026/08/05 04:01:19.914, 0, NVIDIA GeForce RTX 3080, 6842, 3210, 10240, 98, 98
2026/08/05 04:01:20.023, 0, NVIDIA GeForce RTX 3080, 6842, 3210, 10240, 98, 98
2026/08/05 04:01:20.132, 0, NVIDIA GeForce RTX 3080, 6842, 3210, 10240, 98, 98
2026/08/05 04:01:20.242, 0, NVIDIA GeForce RTX 3080, 6842, 3210, 10240, 98, 98
2026/08/05 04:01:20.350, 0, NVIDIA GeForce RTX 3080, 6842, 3210, 10240, 98, 98
2026/08/05 04:01:20.459, 0, NVIDIA GeForce RTX 3080, 6842, 3210, 10240, 98, 98
2026/08/05 04:01:20.569, 0, NVIDIA GeForce RTX 3080, 6842, 3210, 10240, 98, 98
2026/08/05 04:01:20.677, 0, NVIDIA GeForce RTX 3080, 6842, 3210, 10240, 98, 98
2026/08/05 04:01:20.787, 0, NVIDIA GeForce RTX 3080, 6842, 3210, 10240, 98, 98
2026/08/05 04:01:20.896, 0, NVIDIA GeForce RTX 3080, 6842, 3210, 10240, 98, 98
2026/08/05 04:01:21.005, 0, NVIDIA GeForce RTX 3080, 6842, 3210, 10240, 98, 98
2026/08/05 04:01:21.114, 0, NVIDIA GeForce RTX 3080, 6842, 3210, 10240, 98, 98
2026/08/05 04:01:21.223, 0, NVIDIA GeForce RTX 3080, 6842, 3210, 10240, 98, 98
2026/08/05 04:01:21.332, 0, NVIDIA GeForce RTX 3080, 6842, 3210, 10240, 96, 98
2026/08/05 04:01:21.441, 0, NVIDIA GeForce RTX 3080, 6842, 3210, 10240, 96, 98
2026/08/05 04:01:21.551, 0, NVIDIA GeForce RTX 3080, 6842, 3210, 10240, 96, 98
2026/08/05 04:01:21.660, 0, NVIDIA GeForce RTX 3080, 6842, 3210, 10240, 96, 98
2026/08/05 04:01:21.769, 0, NVIDIA GeForce RTX 3080, 6842, 3210, 10240, 96, 98
2026/08/05 04:01:21.878, 0, NVIDIA GeForce RTX 3080, 6842, 3210, 10240, 96, 98
2026/08/05 04:01:21.987, 0, NVIDIA GeForce RTX 3080, 6842, 3210, 10240, 96, 98
2026/08/05 04:01:22.096, 0, NVIDIA GeForce RTX 3080, 6842, 3210, 10240, 96, 98
2026/08/05 04:01:22.205, 0, NVIDIA GeForce RTX 3080, 6842, 3210, 10240, 96, 98
2026/08/05 04:01:22.314, 0, NVIDIA GeForce RTX 3080, 6842, 3210, 10240, 96, 98
2026/08/05 04:01:22.423, 0, NVIDIA GeForce RTX 3080, 6842, 3210, 10240, 96, 98
2026/08/05 04:01:22.532, 0, NVIDIA GeForce RTX 3080, 6842, 3210, 10240, 96, 98
2026/08/05 04:01:22.641, 0, NVIDIA GeForce RTX 3080, 6842, 3210, 10240, 96, 98
2026/08/05 04:01:22.751, 0, NVIDIA GeForce RTX 3080, 6842, 3210, 10240, 96, 98
2026/08/05 04:01:22.859, 0, NVIDIA GeForce RTX 3080, 6842, 3210, 10240, 96, 98
2026/08/05 04:01:22.969, 0, NVIDIA GeForce RTX 3080, 6842, 3210, 10240, 96, 98
2026/08/05 04:01:23.077, 0, NVIDIA GeForce RTX 3080, 6842, 3210, 10240, 96, 98
2026/08/05 04:01:23.186, 0, NVIDIA GeForce RTX 3080, 6842, 3210, 10240, 96, 98
2026/08/05 04:01:23.296, 0, NVIDIA GeForce RTX 3080, 6842, 3210, 10240, 96, 98
2026/08/05 04:01:23.404, 0, NVIDIA GeForce RTX 3080, 6842, 3210, 10240, 97, 98
2026/08/05 04:01:23.514, 0, NVIDIA GeForce RTX 3080, 6842, 3210, 10240, 97, 98
2026/08/05 04:01:23.624, 0, NVIDIA GeForce RTX 3080, 6842, 3210, 10240, 97, 98
2026/08/05 04:01:23.732, 0, NVIDIA GeForce RTX 3080, 6842, 3210, 10240, 97, 98
2026/08/05 04:01:23.842, 0, NVIDIA GeForce RTX 3080, 6842, 3210, 10240, 97, 98
2026/08/05 04:01:23.951, 0, NVIDIA GeForce RTX 3080, 6842, 3210, 10240, 97, 98
2026/08/05 04:01:24.060, 0, NVIDIA GeForce RTX 3080, 6842, 3210, 10240, 97, 98
2026/08/05 04:01:24.170, 0, NVIDIA GeForce RTX 3080, 6842, 3210, 10240, 97, 98
2026/08/05 04:01:24.278, 0, NVIDIA GeForce RTX 3080, 6842, 3210, 10240, 97, 98
2026/08/05 04:01:24.388, 0, NVIDIA GeForce RTX 3080, 6842, 3210, 10240, 97, 98
2026/08/05 04:01:24.497, 0, NVIDIA GeForce RTX 3080, 6842, 3210, 10240, 97, 98
2026/08/05 04:01:24.605, 0, NVIDIA GeForce RTX 3080, 6842, 3210, 10240, 97, 98
2026/08/05 04:01:24.715, 0, NVIDIA GeForce RTX 3080, 6842, 3210, 10240, 97, 98
2026/08/05 04:01:24.825, 0, NVIDIA GeForce RTX 3080, 6842, 3210, 10240, 97, 98
2026/08/05 04:01:24.933, 0, NVIDIA GeForce RTX 3080, 6842, 3210, 10240, 97, 98
2026/08/05 04:01:25.043, 0, NVIDIA GeForce RTX 3080, 6842, 3210, 10240, 97, 98
2026/08/05 04:01:25.151, 0, NVIDIA GeForce RTX 3080, 6842, 3210, 10240, 97, 98
2026/08/05 04:01:25.260, 0, NVIDIA GeForce RTX 3080, 6842, 3210, 10240, 97, 98
2026/08/05 04:01:25.369, 0, NVIDIA GeForce RTX 3080, 6842, 3210, 10240, 96, 98
2026/08/05 04:01:25.478, 0, NVIDIA GeForce RTX 3080, 6842, 3210, 10240, 96, 98
2026/08/05 04:01:25.587, 0, NVIDIA GeForce RTX 3080, 6842, 3210, 10240, 96, 98
2026/08/05 04:01:25.696, 0, NVIDIA GeForce RTX 3080, 6842, 3210, 10240, 96, 98
2026/08/05 04:01:25.805, 0, NVIDIA GeForce RTX 3080, 6842, 3210, 10240, 96, 98
2026/08/05 04:01:25.914, 0, NVIDIA GeForce RTX 3080, 6842, 3210, 10240, 96, 98
2026/08/05 04:01:26.023, 0, NVIDIA GeForce RTX 3080, 6842, 3210, 10240, 96, 98
2026/08/05 04:01:26.132, 0, NVIDIA GeForce RTX 3080, 6842, 3210, 10240, 96, 98
2026/08/05 04:01:26.242, 0, NVIDIA GeForce RTX 3080, 6842, 3210, 10240, 96, 98
2026/08/05 04:01:26.351, 0, NVIDIA GeForce RTX 3080, 6842, 3210, 10240, 96, 98
2026/08/05 04:01:26.459, 0, NVIDIA GeForce RTX 3080, 6842, 3210, 10240, 96, 98
2026/08/05 04:01:26.569, 0, NVIDIA GeForce RTX 3080, 6842, 3210, 10240, 96, 98
2026/08/05 04:01:26.677, 0, NVIDIA GeForce RTX 3080, 6842, 3210, 10240, 96, 98
2026/08/05 04:01:26.786, 0, NVIDIA GeForce RTX 3080, 6842, 3210, 10240, 96, 98
2026/08/05 04:01:26.895, 0, NVIDIA GeForce RTX 3080, 6842, 3210, 10240, 96, 98
2026/08/05 04:01:27.004, 0, NVIDIA GeForce RTX 3080, 6842, 3210, 10240, 96, 98
2026/08/05 04:01:27.114, 0, NVIDIA GeForce RTX 3080, 6842, 3210, 10240, 96, 98
2026/08/05 04:01:27.223, 0, NVIDIA GeForce RTX 3080, 6842, 3210, 10240, 96, 98
2026/08/05 04:01:27.332, 0, NVIDIA GeForce RTX 3080, 6842, 3210, 10240, 97, 98
2026/08/05 04:01:27.441, 0, NVIDIA GeForce RTX 3080, 6842, 3210, 10240, 97, 98
2026/08/05 04:01:27.551, 0, NVIDIA GeForce RTX 3080, 6842, 3210, 10240, 97, 98
2026/08/05 04:01:27.660, 0, NVIDIA GeForce RTX 3080, 6842, 3210, 10240, 97, 98
2026/08/05 04:01:27.769, 0, NVIDIA GeForce RTX 3080, 6842, 3210, 10240, 97, 98
2026/08/05 04:01:27.878, 0, NVIDIA GeForce RTX 3080, 6842, 3210, 10240, 97, 98
2026/08/05 04:01:27.987, 0, NVIDIA GeForce RTX 3080, 6842, 3210, 10240, 97, 98
2026/08/05 04:01:28.096, 0, NVIDIA GeForce RTX 3080, 6842, 3210, 10240, 97, 98
2026/08/05 04:01:28.205, 0, NVIDIA GeForce RTX 3080, 6842, 3210, 10240, 97, 98
2026/08/05 04:01:28.315, 0, NVIDIA GeForce RTX 3080, 6842, 3210, 10240, 97, 98
2026/08/05 04:01:28.424, 0, NVIDIA GeForce RTX 3080, 6842, 3210, 10240, 97, 98
2026/08/05 04:01:28.533, 0, NVIDIA GeForce RTX 3080, 6842, 3210, 10240, 97, 98
2026/08/05 04:01:28.642, 0, NVIDIA GeForce RTX 3080, 6842, 3210, 10240, 97, 98
2026/08/05 04:01:28.751, 0, NVIDIA GeForce RTX 3080, 6842, 3210, 10240, 97, 98
2026/08/05 04:01:28.860, 0, NVIDIA GeForce RTX 3080, 6842, 3210, 10240, 97, 98
2026/08/05 04:01:28.969, 0, NVIDIA GeForce RTX 3080, 6842, 3210, 10240, 97, 98
2026/08/05 04:01:29.078, 0, NVIDIA GeForce RTX 3080, 6842, 3210, 10240, 97, 98
2026/08/05 04:01:29.187, 0, NVIDIA GeForce RTX 3080, 6842, 3210, 10240, 97, 98
2026/08/05 04:01:29.297, 0, NVIDIA GeForce RTX 3080, 6842, 3210, 10240, 97, 98
2026/08/05 04:01:29.405, 0, NVIDIA GeForce RTX 3080, 6842, 3210, 10240, 96, 98
2026/08/05 04:01:29.515, 0, NVIDIA GeForce RTX 3080, 6842, 3210, 10240, 96, 98
2026/08/05 04:01:29.624, 0, NVIDIA GeForce RTX 3080, 6842, 3210, 10240, 96, 98
2026/08/05 04:01:29.733, 0, NVIDIA GeForce RTX 3080, 6842, 3210, 10240, 96, 98
2026/08/05 04:01:29.841, 0, NVIDIA GeForce RTX 3080, 6842, 3210, 10240, 95, 98
2026/08/05 04:01:29.952, 0, NVIDIA GeForce RTX 3080, 6842, 3210, 10240, 95, 98
2026/08/05 04:01:30.060, 0, NVIDIA GeForce RTX 3080, 6842, 3210, 10240, 95, 98
2026/08/05 04:01:30.170, 0, NVIDIA GeForce RTX 3080, 6842, 3210, 10240, 95, 98
2026/08/05 04:01:30.278, 0, NVIDIA GeForce RTX 3080, 6842, 3210, 10240, 95, 98
2026/08/05 04:01:30.387, 0, NVIDIA GeForce RTX 3080, 6842, 3210, 10240, 96, 98
2026/08/05 04:01:30.497, 0, NVIDIA GeForce RTX 3080, 6842, 3210, 10240, 96, 98
2026/08/05 04:01:30.605, 0, NVIDIA GeForce RTX 3080, 6842, 3210, 10240, 96, 98
2026/08/05 04:01:30.715, 0, NVIDIA GeForce RTX 3080, 6842, 3210, 10240, 96, 98
2026/08/05 04:01:30.824, 0, NVIDIA GeForce RTX 3080, 6842, 3210, 10240, 95, 98
2026/08/05 04:01:30.932, 0, NVIDIA GeForce RTX 3080, 6842, 3210, 10240, 95, 98
2026/08/05 04:01:31.042, 0, NVIDIA GeForce RTX 3080, 6842, 3210, 10240, 95, 98
2026/08/05 04:01:31.151, 0, NVIDIA GeForce RTX 3080, 6842, 3210, 10240, 95, 98
2026/08/05 04:01:31.260, 0, NVIDIA GeForce RTX 3080, 6842, 3210, 10240, 95, 98
2026/08/05 04:01:31.370, 0, NVIDIA GeForce RTX 3080, 6842, 3210, 10240, 97, 98
2026/08/05 04:01:31.478, 0, NVIDIA GeForce RTX 3080, 6842, 3210, 10240, 97, 98
2026/08/05 04:01:31.588, 0, NVIDIA GeForce RTX 3080, 6842, 3210, 10240, 97, 98
2026/08/05 04:01:31.696, 0, NVIDIA GeForce RTX 3080, 6842, 3210, 10240, 97, 98
2026/08/05 04:01:31.805, 0, NVIDIA GeForce RTX 3080, 6842, 3210, 10240, 97, 98
2026/08/05 04:01:31.914, 0, NVIDIA GeForce RTX 3080, 6842, 3210, 10240, 97, 98
2026/08/05 04:01:32.023, 0, NVIDIA GeForce RTX 3080, 6842, 3210, 10240, 97, 98
2026/08/05 04:01:32.132, 0, NVIDIA GeForce RTX 3080, 6842, 3210, 10240, 97, 98
2026/08/05 04:01:32.241, 0, NVIDIA GeForce RTX 3080, 6842, 3210, 10240, 97, 98
2026/08/05 04:01:32.351, 0, NVIDIA GeForce RTX 3080, 6842, 3210, 10240, 96, 98
2026/08/05 04:01:32.460, 0, NVIDIA GeForce RTX 3080, 6842, 3210, 10240, 96, 98
2026/08/05 04:01:32.569, 0, NVIDIA GeForce RTX 3080, 6842, 3210, 10240, 96, 98
2026/08/05 04:01:32.678, 0, NVIDIA GeForce RTX 3080, 6842, 3210, 10240, 96, 98
2026/08/05 04:01:32.788, 0, NVIDIA GeForce RTX 3080, 6842, 3210, 10240, 96, 98
2026/08/05 04:01:32.896, 0, NVIDIA GeForce RTX 3080, 6842, 3210, 10240, 97, 98
2026/08/05 04:01:33.005, 0, NVIDIA GeForce RTX 3080, 6842, 3210, 10240, 97, 98
2026/08/05 04:01:33.114, 0, NVIDIA GeForce RTX 3080, 6842, 3210, 10240, 97, 98
2026/08/05 04:01:33.224, 0, NVIDIA GeForce RTX 3080, 6842, 3210, 10240, 97, 98
2026/08/05 04:01:33.333, 0, NVIDIA GeForce RTX 3080, 6842, 3210, 10240, 94, 96
2026/08/05 04:01:33.442, 0, NVIDIA GeForce RTX 3080, 6842, 3210, 10240, 94, 96
2026/08/05 04:01:33.551, 0, NVIDIA GeForce RTX 3080, 6842, 3210, 10240, 94, 96
2026/08/05 04:01:33.659, 0, NVIDIA GeForce RTX 3080, 6842, 3210, 10240, 94, 96
2026/08/05 04:01:33.769, 0, NVIDIA GeForce RTX 3080, 6842, 3210, 10240, 94, 96
2026/08/05 04:01:33.878, 0, NVIDIA GeForce RTX 3080, 6842, 3210, 10240, 95, 98
2026/08/05 04:01:33.987, 0, NVIDIA GeForce RTX 3080, 6842, 3210, 10240, 95, 98
2026/08/05 04:01:34.097, 0, NVIDIA GeForce RTX 3080, 6842, 3210, 10240, 95, 98
2026/08/05 04:01:34.205, 0, NVIDIA GeForce RTX 3080, 6842, 3210, 10240, 95, 98
2026/08/05 04:01:34.314, 0, NVIDIA GeForce RTX 3080, 6842, 3210, 10240, 95, 98
2026/08/05 04:01:34.424, 0, NVIDIA GeForce RTX 3080, 6842, 3210, 10240, 95, 98
2026/08/05 04:01:34.533, 0, NVIDIA GeForce RTX 3080, 6842, 3210, 10240, 95, 98
2026/08/05 04:01:34.641, 0, NVIDIA GeForce RTX 3080, 6842, 3210, 10240, 95, 98
2026/08/05 04:01:34.750, 0, NVIDIA GeForce RTX 3080, 6842, 3210, 10240, 95, 98
2026/08/05 04:01:34.858, 0, NVIDIA GeForce RTX 3080, 6842, 3210, 10240, 95, 98
2026/08/05 04:01:34.968, 0, NVIDIA GeForce RTX 3080, 6842, 3210, 10240, 95, 98
2026/08/05 04:01:35.077, 0, NVIDIA GeForce RTX 3080, 6842, 3210, 10240, 95, 98
2026/08/05 04:01:35.186, 0, NVIDIA GeForce RTX 3080, 6842, 3210, 10240, 95, 98
2026/08/05 04:01:35.296, 0, NVIDIA GeForce RTX 3080, 6842, 3210, 10240, 95, 98
2026/08/05 04:01:35.404, 0, NVIDIA GeForce RTX 3080, 6842, 3210, 10240, 95, 98
2026/08/05 04:01:35.514, 0, NVIDIA GeForce RTX 3080, 6842, 3210, 10240, 95, 98
2026/08/05 04:01:35.624, 0, NVIDIA GeForce RTX 3080, 6842, 3210, 10240, 95, 98
2026/08/05 04:01:35.732, 0, NVIDIA GeForce RTX 3080, 6842, 3210, 10240, 95, 98
2026/08/05 04:01:35.842, 0, NVIDIA GeForce RTX 3080, 6842, 3210, 10240, 96, 98
2026/08/05 04:01:35.951, 0, NVIDIA GeForce RTX 3080, 6842, 3210, 10240, 96, 98
2026/08/05 04:01:36.060, 0, NVIDIA GeForce RTX 3080, 6842, 3210, 10240, 96, 98
2026/08/05 04:01:36.170, 0, NVIDIA GeForce RTX 3080, 6842, 3210, 10240, 96, 98
2026/08/05 04:01:36.278, 0, NVIDIA GeForce RTX 3080, 6842, 3210, 10240, 96, 98
2026/08/05 04:01:36.387, 0, NVIDIA GeForce RTX 3080, 6842, 3210, 10240, 96, 98
2026/08/05 04:01:36.496, 0, NVIDIA GeForce RTX 3080, 6842, 3210, 10240, 96, 98
2026/08/05 04:01:36.605, 0, NVIDIA GeForce RTX 3080, 6842, 3210, 10240, 96, 98
2026/08/05 04:01:36.714, 0, NVIDIA GeForce RTX 3080, 6842, 3210, 10240, 96, 98
2026/08/05 04:01:36.823, 0, NVIDIA GeForce RTX 3080, 6842, 3210, 10240, 96, 98
2026/08/05 04:01:36.932, 0, NVIDIA GeForce RTX 3080, 6842, 3210, 10240, 96, 98
2026/08/05 04:01:37.041, 0, NVIDIA GeForce RTX 3080, 6842, 3210, 10240, 96, 98
2026/08/05 04:01:37.150, 0, NVIDIA GeForce RTX 3080, 6842, 3210, 10240, 96, 98
2026/08/05 04:01:37.259, 0, NVIDIA GeForce RTX 3080, 6842, 3210, 10240, 96, 98
2026/08/05 04:01:37.368, 0, NVIDIA GeForce RTX 3080, 6842, 3210, 10240, 96, 98
2026/08/05 04:01:37.477, 0, NVIDIA GeForce RTX 3080, 6842, 3210, 10240, 96, 98
2026/08/05 04:01:37.586, 0, NVIDIA GeForce RTX 3080, 6842, 3210, 10240, 96, 98
2026/08/05 04:01:37.696, 0, NVIDIA GeForce RTX 3080, 6842, 3210, 10240, 96, 98
2026/08/05 04:01:37.804, 0, NVIDIA GeForce RTX 3080, 6842, 3210, 10240, 96, 98
2026/08/05 04:01:37.914, 0, NVIDIA GeForce RTX 3080, 6842, 3210, 10240, 95, 98
2026/08/05 04:01:38.023, 0, NVIDIA GeForce RTX 3080, 6842, 3210, 10240, 95, 98
2026/08/05 04:01:38.131, 0, NVIDIA GeForce RTX 3080, 6842, 3210, 10240, 95, 98
2026/08/05 04:01:38.241, 0, NVIDIA GeForce RTX 3080, 6842, 3210, 10240, 95, 98
2026/08/05 04:01:38.350, 0, NVIDIA GeForce RTX 3080, 6842, 3210, 10240, 95, 98
2026/08/05 04:01:38.459, 0, NVIDIA GeForce RTX 3080, 6842, 3210, 10240, 95, 98
2026/08/05 04:01:38.568, 0, NVIDIA GeForce RTX 3080, 6842, 3210, 10240, 95, 98
2026/08/05 04:01:38.677, 0, NVIDIA GeForce RTX 3080, 6842, 3210, 10240, 95, 98
2026/08/05 04:01:38.787, 0, NVIDIA GeForce RTX 3080, 6842, 3210, 10240, 95, 98
2026/08/05 04:01:38.896, 0, NVIDIA GeForce RTX 3080, 6842, 3210, 10240, 94, 98
2026/08/05 04:01:39.005, 0, NVIDIA GeForce RTX 3080, 6842, 3210, 10240, 94, 98
2026/08/05 04:01:39.115, 0, NVIDIA GeForce RTX 3080, 6842, 3210, 10240, 94, 98
2026/08/05 04:01:39.224, 0, NVIDIA GeForce RTX 3080, 6842, 3210, 10240, 94, 98
2026/08/05 04:01:39.332, 0, NVIDIA GeForce RTX 3080, 6842, 3210, 10240, 95, 98
2026/08/05 04:01:39.442, 0, NVIDIA GeForce RTX 3080, 6842, 3210, 10240, 95, 98
2026/08/05 04:01:39.551, 0, NVIDIA GeForce RTX 3080, 6842, 3210, 10240, 95, 98
2026/08/05 04:01:39.660, 0, NVIDIA GeForce RTX 3080, 6842, 3210, 10240, 95, 98
2026/08/05 04:01:39.770, 0, NVIDIA GeForce RTX 3080, 6842, 3210, 10240, 95, 98
2026/08/05 04:01:39.878, 0, NVIDIA GeForce RTX 3080, 6842, 3210, 10240, 94, 98
2026/08/05 04:01:39.988, 0, NVIDIA GeForce RTX 3080, 6842, 3210, 10240, 94, 98
2026/08/05 04:01:40.096, 0, NVIDIA GeForce RTX 3080, 6842, 3210, 10240, 94, 98
2026/08/05 04:01:40.205, 0, NVIDIA GeForce RTX 3080, 6842, 3210, 10240, 94, 98
2026/08/05 04:01:40.315, 0, NVIDIA GeForce RTX 3080, 6842, 3210, 10240, 94, 98
2026/08/05 04:01:40.424, 0, NVIDIA GeForce RTX 3080, 6842, 3210, 10240, 96, 98
2026/08/05 04:01:40.533, 0, NVIDIA GeForce RTX 3080, 6842, 3210, 10240, 96, 98
2026/08/05 04:01:40.643, 0, NVIDIA GeForce RTX 3080, 6842, 3210, 10240, 96, 98
2026/08/05 04:01:40.751, 0, NVIDIA GeForce RTX 3080, 6842, 3210, 10240, 96, 98
2026/08/05 04:01:40.860, 0, NVIDIA GeForce RTX 3080, 6842, 3210, 10240, 96, 98
2026/08/05 04:01:40.970, 0, NVIDIA GeForce RTX 3080, 6842, 3210, 10240, 96, 98
2026/08/05 04:01:41.078, 0, NVIDIA GeForce RTX 3080, 6842, 3210, 10240, 96, 98
2026/08/05 04:01:41.188, 0, NVIDIA GeForce RTX 3080, 6842, 3210, 10240, 96, 98
2026/08/05 04:01:41.296, 0, NVIDIA GeForce RTX 3080, 6842, 3210, 10240, 96, 98
2026/08/05 04:01:41.405, 0, NVIDIA GeForce RTX 3080, 6842, 3210, 10240, 96, 98
2026/08/05 04:01:41.514, 0, NVIDIA GeForce RTX 3080, 6842, 3210, 10240, 96, 98
2026/08/05 04:01:41.623, 0, NVIDIA GeForce RTX 3080, 6842, 3210, 10240, 96, 98
2026/08/05 04:01:41.732, 0, NVIDIA GeForce RTX 3080, 6842, 3210, 10240, 96, 98
2026/08/05 04:01:41.842, 0, NVIDIA GeForce RTX 3080, 6842, 3210, 10240, 96, 98
2026/08/05 04:01:41.951, 0, NVIDIA GeForce RTX 3080, 6842, 3210, 10240, 96, 98
2026/08/05 04:01:42.060, 0, NVIDIA GeForce RTX 3080, 6842, 3210, 10240, 96, 98
2026/08/05 04:01:42.169, 0, NVIDIA GeForce RTX 3080, 6842, 3210, 10240, 96, 98
2026/08/05 04:01:42.278, 0, NVIDIA GeForce RTX 3080, 6842, 3210, 10240, 96, 98
2026/08/05 04:01:42.387, 0, NVIDIA GeForce RTX 3080, 6842, 3210, 10240, 96, 98
2026/08/05 04:01:42.497, 0, NVIDIA GeForce RTX 3080, 6842, 3210, 10240, 96, 98
2026/08/05 04:01:42.605, 0, NVIDIA GeForce RTX 3080, 6842, 3210, 10240, 96, 98
2026/08/05 04:01:42.714, 0, NVIDIA GeForce RTX 3080, 6842, 3210, 10240, 96, 98
2026/08/05 04:01:42.824, 0, NVIDIA GeForce RTX 3080, 6842, 3210, 10240, 94, 98
2026/08/05 04:01:42.932, 0, NVIDIA GeForce RTX 3080, 6842, 3210, 10240, 94, 98
2026/08/05 04:01:43.042, 0, NVIDIA GeForce RTX 3080, 6842, 3210, 10240, 94, 98
2026/08/05 04:01:43.152, 0, NVIDIA GeForce RTX 3080, 6842, 3210, 10240, 94, 98
2026/08/05 04:01:43.260, 0, NVIDIA GeForce RTX 3080, 6842, 3210, 10240, 94, 98
2026/08/05 04:01:43.370, 0, NVIDIA GeForce RTX 3080, 6842, 3210, 10240, 94, 98
2026/08/05 04:01:43.478, 0, NVIDIA GeForce RTX 3080, 6842, 3210, 10240, 94, 98
2026/08/05 04:01:43.587, 0, NVIDIA GeForce RTX 3080, 6842, 3210, 10240, 94, 98
2026/08/05 04:01:43.697, 0, NVIDIA GeForce RTX 3080, 6842, 3210, 10240, 94, 98
2026/08/05 04:01:43.805, 0, NVIDIA GeForce RTX 3080, 6842, 3210, 10240, 94, 98
2026/08/05 04:01:43.914, 0, NVIDIA GeForce RTX 3080, 6842, 3210, 10240, 94, 98
2026/08/05 04:01:44.023, 0, NVIDIA GeForce RTX 3080, 6842, 3210, 10240, 94, 98
2026/08/05 04:01:44.132, 0, NVIDIA GeForce RTX 3080, 6842, 3210, 10240, 94, 98
2026/08/05 04:01:44.241, 0, NVIDIA GeForce RTX 3080, 6842, 3210, 10240, 94, 98
2026/08/05 04:01:44.351, 0, NVIDIA GeForce RTX 3080, 6842, 3210, 10240, 94, 98
2026/08/05 04:01:44.460, 0, NVIDIA GeForce RTX 3080, 6842, 3210, 10240, 94, 98
2026/08/05 04:01:44.569, 0, NVIDIA GeForce RTX 3080, 6842, 3210, 10240, 94, 98
2026/08/05 04:01:44.678, 0, NVIDIA GeForce RTX 3080, 6842, 3210, 10240, 94, 98
2026/08/05 04:01:44.787, 0, NVIDIA GeForce RTX 3080, 6842, 3210, 10240, 94, 98
2026/08/05 04:01:44.896, 0, NVIDIA GeForce RTX 3080, 6842, 3210, 10240, 94, 98
2026/08/05 04:01:45.005, 0, NVIDIA GeForce RTX 3080, 6842, 3210, 10240, 94, 98
2026/08/05 04:01:45.115, 0, NVIDIA GeForce RTX 3080, 6842, 3210, 10240, 94, 98
2026/08/05 04:01:45.224, 0, NVIDIA GeForce RTX 3080, 6842, 3210, 10240, 94, 98
2026/08/05 04:01:45.333, 0, NVIDIA GeForce RTX 3080, 6842, 3210, 10240, 97, 98
2026/08/05 04:01:45.442, 0, NVIDIA GeForce RTX 3080, 6842, 3210, 10240, 97, 98
2026/08/05 04:01:45.551, 0, NVIDIA GeForce RTX 3080, 6842, 3210, 10240, 97, 98
2026/08/05 04:01:45.660, 0, NVIDIA GeForce RTX 3080, 6842, 3210, 10240, 97, 98
2026/08/05 04:01:45.769, 0, NVIDIA GeForce RTX 3080, 6842, 3210, 10240, 97, 98
2026/08/05 04:01:45.878, 0, NVIDIA GeForce RTX 3080, 6842, 3210, 10240, 97, 98
2026/08/05 04:01:45.987, 0, NVIDIA GeForce RTX 3080, 6842, 3210, 10240, 97, 98
2026/08/05 04:01:46.097, 0, NVIDIA GeForce RTX 3080, 6842, 3210, 10240, 97, 98
2026/08/05 04:01:46.205, 0, NVIDIA GeForce RTX 3080, 6842, 3210, 10240, 97, 98
2026/08/05 04:01:46.315, 0, NVIDIA GeForce RTX 3080, 6842, 3210, 10240, 97, 98
2026/08/05 04:01:46.425, 0, NVIDIA GeForce RTX 3080, 6842, 3210, 10240, 97, 98
2026/08/05 04:01:46.533, 0, NVIDIA GeForce RTX 3080, 6842, 3210, 10240, 97, 98
2026/08/05 04:01:46.643, 0, NVIDIA GeForce RTX 3080, 6842, 3210, 10240, 97, 98
2026/08/05 04:01:46.751, 0, NVIDIA GeForce RTX 3080, 6842, 3210, 10240, 97, 98
2026/08/05 04:01:46.869, 0, NVIDIA GeForce RTX 3080, 6842, 3210, 10240, 97, 98
2026/08/05 04:01:46.978, 0, NVIDIA GeForce RTX 3080, 6842, 3210, 10240, 97, 98
2026/08/05 04:01:47.087, 0, NVIDIA GeForce RTX 3080, 6842, 3210, 10240, 97, 98
2026/08/05 04:01:47.196, 0, NVIDIA GeForce RTX 3080, 6842, 3210, 10240, 97, 98
2026/08/05 04:01:47.306, 0, NVIDIA GeForce RTX 3080, 6842, 3210, 10240, 97, 98
2026/08/05 04:01:47.415, 0, NVIDIA GeForce RTX 3080, 6842, 3210, 10240, 98, 98
2026/08/05 04:01:47.523, 0, NVIDIA GeForce RTX 3080, 6842, 3210, 10240, 98, 98
2026/08/05 04:01:47.631, 0, NVIDIA GeForce RTX 3080, 6842, 3210, 10240, 98, 98
2026/08/05 04:01:47.741, 0, NVIDIA GeForce RTX 3080, 6842, 3210, 10240, 98, 98
2026/08/05 04:01:47.850, 0, NVIDIA GeForce RTX 3080, 6842, 3210, 10240, 98, 98
2026/08/05 04:01:47.959, 0, NVIDIA GeForce RTX 3080, 6842, 3210, 10240, 98, 98
2026/08/05 04:01:48.068, 0, NVIDIA GeForce RTX 3080, 6842, 3210, 10240, 98, 98
2026/08/05 04:01:48.176, 0, NVIDIA GeForce RTX 3080, 6842, 3210, 10240, 98, 98
2026/08/05 04:01:48.286, 0, NVIDIA GeForce RTX 3080, 6842, 3210, 10240, 98, 98
2026/08/05 04:01:48.395, 0, NVIDIA GeForce RTX 3080, 6842, 3210, 10240, 98, 98
2026/08/05 04:01:48.504, 0, NVIDIA GeForce RTX 3080, 6842, 3210, 10240, 98, 98
2026/08/05 04:01:48.613, 0, NVIDIA GeForce RTX 3080, 6842, 3210, 10240, 98, 98
2026/08/05 04:01:48.721, 0, NVIDIA GeForce RTX 3080, 6842, 3210, 10240, 98, 98
2026/08/05 04:01:48.831, 0, NVIDIA GeForce RTX 3080, 6842, 3210, 10240, 94, 97
2026/08/05 04:01:48.941, 0, NVIDIA GeForce RTX 3080, 6842, 3210, 10240, 94, 97
2026/08/05 04:01:49.049, 0, NVIDIA GeForce RTX 3080, 6842, 3210, 10240, 94, 97
2026/08/05 04:01:49.159, 0, NVIDIA GeForce RTX 3080, 6842, 3210, 10240, 94, 97
2026/08/05 04:01:49.267, 0, NVIDIA GeForce RTX 3080, 6842, 3210, 10240, 94, 97
2026/08/05 04:01:49.377, 0, NVIDIA GeForce RTX 3080, 6842, 3210, 10240, 95, 98
2026/08/05 04:01:49.486, 0, NVIDIA GeForce RTX 3080, 6842, 3210, 10240, 95, 98
2026/08/05 04:01:49.595, 0, NVIDIA GeForce RTX 3080, 6842, 3210, 10240, 95, 98
2026/08/05 04:01:49.704, 0, NVIDIA GeForce RTX 3080, 6842, 3210, 10240, 95, 98
2026/08/05 04:01:49.813, 0, NVIDIA GeForce RTX 3080, 6842, 3210, 10240, 95, 98
2026/08/05 04:01:49.921, 0, NVIDIA GeForce RTX 3080, 6842, 3210, 10240, 96, 98
2026/08/05 04:01:50.031, 0, NVIDIA GeForce RTX 3080, 6842, 3210, 10240, 96, 98
2026/08/05 04:01:50.141, 0, NVIDIA GeForce RTX 3080, 6842, 3210, 10240, 96, 98
2026/08/05 04:01:50.250, 0, NVIDIA GeForce RTX 3080, 6842, 3210, 10240, 96, 98
2026/08/05 04:01:50.359, 0, NVIDIA GeForce RTX 3080, 6842, 3210, 10240, 96, 98
2026/08/05 04:01:50.468, 0, NVIDIA GeForce RTX 3080, 6842, 3210, 10240, 96, 98
2026/08/05 04:01:50.577, 0, NVIDIA GeForce RTX 3080, 6842, 3210, 10240, 96, 98
2026/08/05 04:01:50.687, 0, NVIDIA GeForce RTX 3080, 6842, 3210, 10240, 96, 98
2026/08/05 04:01:50.795, 0, NVIDIA GeForce RTX 3080, 6842, 3210, 10240, 96, 98
2026/08/05 04:01:50.905, 0, NVIDIA GeForce RTX 3080, 6842, 3210, 10240, 97, 98
2026/08/05 04:01:51.014, 0, NVIDIA GeForce RTX 3080, 6842, 3210, 10240, 97, 98
2026/08/05 04:01:51.122, 0, NVIDIA GeForce RTX 3080, 6842, 3210, 10240, 97, 98
2026/08/05 04:01:51.232, 0, NVIDIA GeForce RTX 3080, 6842, 3210, 10240, 97, 98
2026/08/05 04:01:51.341, 0, NVIDIA GeForce RTX 3080, 6842, 3210, 10240, 97, 98
2026/08/05 04:01:51.450, 0, NVIDIA GeForce RTX 3080, 6842, 3210, 10240, 97, 98
2026/08/05 04:01:51.559, 0, NVIDIA GeForce RTX 3080, 6842, 3210, 10240, 97, 98
2026/08/05 04:01:51.668, 0, NVIDIA GeForce RTX 3080, 6842, 3210, 10240, 97, 98
2026/08/05 04:01:51.778, 0, NVIDIA GeForce RTX 3080, 6842, 3210, 10240, 97, 98
2026/08/05 04:01:51.887, 0, NVIDIA GeForce RTX 3080, 6842, 3210, 10240, 97, 98
2026/08/05 04:01:51.996, 0, NVIDIA GeForce RTX 3080, 6842, 3210, 10240, 97, 98
2026/08/05 04:01:52.105, 0, NVIDIA GeForce RTX 3080, 6842, 3210, 10240, 97, 98
2026/08/05 04:01:52.214, 0, NVIDIA GeForce RTX 3080, 6842, 3210, 10240, 97, 98
2026/08/05 04:01:52.323, 0, NVIDIA GeForce RTX 3080, 6842, 3210, 10240, 97, 98
2026/08/05 04:01:52.432, 0, NVIDIA GeForce RTX 3080, 6842, 3210, 10240, 97, 98
2026/08/05 04:01:52.541, 0, NVIDIA GeForce RTX 3080, 6842, 3210, 10240, 97, 98
2026/08/05 04:01:52.650, 0, NVIDIA GeForce RTX 3080, 6842, 3210, 10240, 97, 98
2026/08/05 04:01:52.759, 0, NVIDIA GeForce RTX 3080, 6842, 3210, 10240, 97, 98
2026/08/05 04:01:52.868, 0, NVIDIA GeForce RTX 3080, 6842, 3210, 10240, 96, 98
2026/08/05 04:01:52.977, 0, NVIDIA GeForce RTX 3080, 6842, 3210, 10240, 96, 98
2026/08/05 04:01:53.087, 0, NVIDIA GeForce RTX 3080, 6842, 3210, 10240, 96, 98
2026/08/05 04:01:53.196, 0, NVIDIA GeForce RTX 3080, 6842, 3210, 10240, 96, 98
2026/08/05 04:01:53.305, 0, NVIDIA GeForce RTX 3080, 6842, 3210, 10240, 96, 98
2026/08/05 04:01:53.414, 0, NVIDIA GeForce RTX 3080, 6842, 3210, 10240, 96, 98
2026/08/05 04:01:53.522, 0, NVIDIA GeForce RTX 3080, 6842, 3210, 10240, 96, 98
2026/08/05 04:01:53.632, 0, NVIDIA GeForce RTX 3080, 6842, 3210, 10240, 96, 98
2026/08/05 04:01:53.740, 0, NVIDIA GeForce RTX 3080, 6842, 3210, 10240, 96, 98
2026/08/05 04:01:53.849, 0, NVIDIA GeForce RTX 3080, 6842, 3210, 10240, 95, 98
2026/08/05 04:01:53.958, 0, NVIDIA GeForce RTX 3080, 6842, 3210, 10240, 95, 98
2026/08/05 04:01:54.067, 0, NVIDIA GeForce RTX 3080, 6842, 3210, 10240, 95, 98
2026/08/05 04:01:54.176, 0, NVIDIA GeForce RTX 3080, 6842, 3210, 10240, 95, 98
2026/08/05 04:01:54.286, 0, NVIDIA GeForce RTX 3080, 6842, 3210, 10240, 95, 98
2026/08/05 04:01:54.395, 0, NVIDIA GeForce RTX 3080, 6842, 3210, 10240, 96, 98
2026/08/05 04:01:54.504, 0, NVIDIA GeForce RTX 3080, 6842, 3210, 10240, 96, 98
2026/08/05 04:01:54.614, 0, NVIDIA GeForce RTX 3080, 6842, 3210, 10240, 96, 98
2026/08/05 04:01:54.722, 0, NVIDIA GeForce RTX 3080, 6842, 3210, 10240, 96, 98
2026/08/05 04:01:54.832, 0, NVIDIA GeForce RTX 3080, 6842, 3210, 10240, 95, 97
2026/08/05 04:01:54.941, 0, NVIDIA GeForce RTX 3080, 6842, 3210, 10240, 95, 97
2026/08/05 04:01:55.049, 0, NVIDIA GeForce RTX 3080, 6842, 3210, 10240, 95, 97
2026/08/05 04:01:55.159, 0, NVIDIA GeForce RTX 3080, 6842, 3210, 10240, 95, 97
2026/08/05 04:01:55.267, 0, NVIDIA GeForce RTX 3080, 6842, 3210, 10240, 95, 97
2026/08/05 04:01:55.376, 0, NVIDIA GeForce RTX 3080, 6842, 3210, 10240, 97, 98
2026/08/05 04:01:55.485, 0, NVIDIA GeForce RTX 3080, 6842, 3210, 10240, 97, 98
2026/08/05 04:01:55.594, 0, NVIDIA GeForce RTX 3080, 6842, 3210, 10240, 97, 98
2026/08/05 04:01:55.704, 0, NVIDIA GeForce RTX 3080, 6842, 3210, 10240, 97, 98
2026/08/05 04:01:55.813, 0, NVIDIA GeForce RTX 3080, 6842, 3210, 10240, 97, 98
2026/08/05 04:01:55.922, 0, NVIDIA GeForce RTX 3080, 6842, 3210, 10240, 97, 98
2026/08/05 04:01:56.031, 0, NVIDIA GeForce RTX 3080, 6842, 3210, 10240, 97, 98
2026/08/05 04:01:56.141, 0, NVIDIA GeForce RTX 3080, 6842, 3210, 10240, 97, 98
2026/08/05 04:01:56.250, 0, NVIDIA GeForce RTX 3080, 6842, 3210, 10240, 97, 98
2026/08/05 04:01:56.359, 0, NVIDIA GeForce RTX 3080, 6842, 3210, 10240, 97, 98
2026/08/05 04:01:56.468, 0, NVIDIA GeForce RTX 3080, 6842, 3210, 10240, 97, 98
2026/08/05 04:01:56.578, 0, NVIDIA GeForce RTX 3080, 6842, 3210, 10240, 97, 98
2026/08/05 04:01:56.687, 0, NVIDIA GeForce RTX 3080, 6842, 3210, 10240, 97, 98
2026/08/05 04:01:56.796, 0, NVIDIA GeForce RTX 3080, 6842, 3210, 10240, 97, 98
2026/08/05 04:01:56.905, 0, NVIDIA GeForce RTX 3080, 6842, 3210, 10240, 95, 97
2026/08/05 04:01:57.015, 0, NVIDIA GeForce RTX 3080, 6842, 3210, 10240, 95, 97
2026/08/05 04:01:57.123, 0, NVIDIA GeForce RTX 3080, 6842, 3210, 10240, 95, 97
2026/08/05 04:01:57.233, 0, NVIDIA GeForce RTX 3080, 6842, 3210, 10240, 95, 97
2026/08/05 04:01:57.342, 0, NVIDIA GeForce RTX 3080, 6842, 3210, 10240, 96, 98
2026/08/05 04:01:57.450, 0, NVIDIA GeForce RTX 3080, 6842, 3210, 10240, 96, 98
2026/08/05 04:01:57.559, 0, NVIDIA GeForce RTX 3080, 6842, 3210, 10240, 96, 98
2026/08/05 04:01:57.667, 0, NVIDIA GeForce RTX 3080, 6842, 3210, 10240, 96, 98
2026/08/05 04:01:57.776, 0, NVIDIA GeForce RTX 3080, 6842, 3210, 10240, 96, 98
2026/08/05 04:01:57.885, 0, NVIDIA GeForce RTX 3080, 6842, 3210, 10240, 96, 98
2026/08/05 04:01:57.994, 0, NVIDIA GeForce RTX 3080, 6842, 3210, 10240, 96, 98
2026/08/05 04:01:58.103, 0, NVIDIA GeForce RTX 3080, 6842, 3210, 10240, 96, 98
2026/08/05 04:01:58.214, 0, NVIDIA GeForce RTX 3080, 6842, 3210, 10240, 96, 98
2026/08/05 04:01:58.322, 0, NVIDIA GeForce RTX 3080, 6842, 3210, 10240, 95, 98
2026/08/05 04:01:58.431, 0, NVIDIA GeForce RTX 3080, 6842, 3210, 10240, 95, 98
2026/08/05 04:01:58.541, 0, NVIDIA GeForce RTX 3080, 6842, 3210, 10240, 95, 98
2026/08/05 04:01:58.649, 0, NVIDIA GeForce RTX 3080, 6842, 3210, 10240, 95, 98
2026/08/05 04:01:58.759, 0, NVIDIA GeForce RTX 3080, 6842, 3210, 10240, 95, 98
2026/08/05 04:01:58.867, 0, NVIDIA GeForce RTX 3080, 6842, 3210, 10240, 95, 98
2026/08/05 04:01:58.976, 0, NVIDIA GeForce RTX 3080, 6842, 3210, 10240, 95, 98
2026/08/05 04:01:59.086, 0, NVIDIA GeForce RTX 3080, 6842, 3210, 10240, 95, 98
2026/08/05 04:01:59.194, 0, NVIDIA GeForce RTX 3080, 6842, 3210, 10240, 95, 98
2026/08/05 04:01:59.304, 0, NVIDIA GeForce RTX 3080, 6842, 3210, 10240, 95, 98
2026/08/05 04:01:59.413, 0, NVIDIA GeForce RTX 3080, 6842, 3210, 10240, 97, 98
2026/08/05 04:01:59.522, 0, NVIDIA GeForce RTX 3080, 6842, 3210, 10240, 97, 98
2026/08/05 04:01:59.632, 0, NVIDIA GeForce RTX 3080, 6842, 3210, 10240, 97, 98
2026/08/05 04:01:59.741, 0, NVIDIA GeForce RTX 3080, 6842, 3210, 10240, 97, 98
2026/08/05 04:01:59.850, 0, NVIDIA GeForce RTX 3080, 6842, 3210, 10240, 97, 98
2026/08/05 04:01:59.959, 0, NVIDIA GeForce RTX 3080, 6842, 3210, 10240, 97, 98
2026/08/05 04:02:00.068, 0, NVIDIA GeForce RTX 3080, 6842, 3210, 10240, 97, 98
2026/08/05 04:02:00.178, 0, NVIDIA GeForce RTX 3080, 6842, 3210, 10240, 97, 98
2026/08/05 04:02:00.287, 0, NVIDIA GeForce RTX 3080, 6842, 3210, 10240, 97, 98
2026/08/05 04:02:00.395, 0, NVIDIA GeForce RTX 3080, 6842, 3210, 10240, 97, 98
2026/08/05 04:02:00.504, 0, NVIDIA GeForce RTX 3080, 6842, 3210, 10240, 97, 98
2026/08/05 04:02:00.614, 0, NVIDIA GeForce RTX 3080, 6842, 3210, 10240, 97, 98
2026/08/05 04:02:00.723, 0, NVIDIA GeForce RTX 3080, 6842, 3210, 10240, 97, 98
2026/08/05 04:02:00.832, 0, NVIDIA GeForce RTX 3080, 6842, 3210, 10240, 97, 98
2026/08/05 04:02:00.942, 0, NVIDIA GeForce RTX 3080, 6842, 3210, 10240, 97, 98
2026/08/05 04:02:01.050, 0, NVIDIA GeForce RTX 3080, 6842, 3210, 10240, 97, 98
2026/08/05 04:02:01.159, 0, NVIDIA GeForce RTX 3080, 6842, 3210, 10240, 97, 98
2026/08/05 04:02:01.268, 0, NVIDIA GeForce RTX 3080, 6842, 3210, 10240, 97, 98
2026/08/05 04:02:01.377, 0, NVIDIA GeForce RTX 3080, 6842, 3210, 10240, 95, 98
2026/08/05 04:02:01.487, 0, NVIDIA GeForce RTX 3080, 6842, 3210, 10240, 95, 98
2026/08/05 04:02:01.596, 0, NVIDIA GeForce RTX 3080, 6842, 3210, 10240, 95, 98
2026/08/05 04:02:01.705, 0, NVIDIA GeForce RTX 3080, 6842, 3210, 10240, 95, 98
2026/08/05 04:02:01.814, 0, NVIDIA GeForce RTX 3080, 6842, 3210, 10240, 95, 98
2026/08/05 04:02:01.922, 0, NVIDIA GeForce RTX 3080, 6842, 3210, 10240, 95, 98
2026/08/05 04:02:02.032, 0, NVIDIA GeForce RTX 3080, 6842, 3210, 10240, 95, 98
2026/08/05 04:02:02.142, 0, NVIDIA GeForce RTX 3080, 6842, 3210, 10240, 95, 98
2026/08/05 04:02:02.250, 0, NVIDIA GeForce RTX 3080, 6842, 3210, 10240, 95, 98
2026/08/05 04:02:02.360, 0, NVIDIA GeForce RTX 3080, 6842, 3210, 10240, 95, 98
2026/08/05 04:02:02.468, 0, NVIDIA GeForce RTX 3080, 6842, 3210, 10240, 95, 98
2026/08/05 04:02:02.578, 0, NVIDIA GeForce RTX 3080, 6842, 3210, 10240, 95, 98
2026/08/05 04:02:02.687, 0, NVIDIA GeForce RTX 3080, 6842, 3210, 10240, 95, 98
2026/08/05 04:02:02.796, 0, NVIDIA GeForce RTX 3080, 6842, 3210, 10240, 95, 98
2026/08/05 04:02:02.906, 0, NVIDIA GeForce RTX 3080, 6842, 3210, 10240, 95, 98
2026/08/05 04:02:03.015, 0, NVIDIA GeForce RTX 3080, 6842, 3210, 10240, 95, 98
2026/08/05 04:02:03.124, 0, NVIDIA GeForce RTX 3080, 6842, 3210, 10240, 95, 98
2026/08/05 04:02:03.233, 0, NVIDIA GeForce RTX 3080, 6842, 3210, 10240, 95, 98
2026/08/05 04:02:03.342, 0, NVIDIA GeForce RTX 3080, 6842, 3210, 10240, 95, 98
2026/08/05 04:02:03.451, 0, NVIDIA GeForce RTX 3080, 6842, 3210, 10240, 95, 98
2026/08/05 04:02:03.560, 0, NVIDIA GeForce RTX 3080, 6842, 3210, 10240, 95, 98
2026/08/05 04:02:03.670, 0, NVIDIA GeForce RTX 3080, 6842, 3210, 10240, 95, 98
2026/08/05 04:02:03.779, 0, NVIDIA GeForce RTX 3080, 6842, 3210, 10240, 95, 98
2026/08/05 04:02:03.888, 0, NVIDIA GeForce RTX 3080, 6842, 3210, 10240, 96, 98
2026/08/05 04:02:03.997, 0, NVIDIA GeForce RTX 3080, 6842, 3210, 10240, 96, 98
2026/08/05 04:02:04.106, 0, NVIDIA GeForce RTX 3080, 6842, 3210, 10240, 96, 98
2026/08/05 04:02:04.215, 0, NVIDIA GeForce RTX 3080, 6842, 3210, 10240, 96, 98
2026/08/05 04:02:04.323, 0, NVIDIA GeForce RTX 3080, 6842, 3210, 10240, 96, 98
2026/08/05 04:02:04.433, 0, NVIDIA GeForce RTX 3080, 6842, 3210, 10240, 96, 98
2026/08/05 04:02:04.543, 0, NVIDIA GeForce RTX 3080, 6842, 3210, 10240, 96, 98
2026/08/05 04:02:04.651, 0, NVIDIA GeForce RTX 3080, 6842, 3210, 10240, 96, 98
2026/08/05 04:02:04.761, 0, NVIDIA GeForce RTX 3080, 6842, 3210, 10240, 96, 98
2026/08/05 04:02:04.870, 0, NVIDIA GeForce RTX 3080, 6842, 3210, 10240, 96, 98
2026/08/05 04:02:04.979, 0, NVIDIA GeForce RTX 3080, 6842, 3210, 10240, 96, 98
2026/08/05 04:02:05.089, 0, NVIDIA GeForce RTX 3080, 6842, 3210, 10240, 96, 98
2026/08/05 04:02:05.196, 0, NVIDIA GeForce RTX 3080, 6842, 3210, 10240, 96, 98
2026/08/05 04:02:05.305, 0, NVIDIA GeForce RTX 3080, 6842, 3210, 10240, 96, 98
2026/08/05 04:02:05.413, 0, NVIDIA GeForce RTX 3080, 6842, 3210, 10240, 96, 98
2026/08/05 04:02:05.522, 0, NVIDIA GeForce RTX 3080, 6842, 3210, 10240, 96, 98
2026/08/05 04:02:05.631, 0, NVIDIA GeForce RTX 3080, 6842, 3210, 10240, 96, 98
2026/08/05 04:02:05.741, 0, NVIDIA GeForce RTX 3080, 6842, 3210, 10240, 96, 98
2026/08/05 04:02:05.850, 0, NVIDIA GeForce RTX 3080, 6842, 3210, 10240, 95, 98
2026/08/05 04:02:05.959, 0, NVIDIA GeForce RTX 3080, 6842, 3210, 10240, 95, 98
2026/08/05 04:02:06.068, 0, NVIDIA GeForce RTX 3080, 6842, 3210, 10240, 95, 98
2026/08/05 04:02:06.178, 0, NVIDIA GeForce RTX 3080, 6842, 3210, 10240, 95, 98
2026/08/05 04:02:06.287, 0, NVIDIA GeForce RTX 3080, 6842, 3210, 10240, 95, 98
2026/08/05 04:02:06.396, 0, NVIDIA GeForce RTX 3080, 6842, 3210, 10240, 94, 98
2026/08/05 04:02:06.505, 0, NVIDIA GeForce RTX 3080, 6842, 3210, 10240, 94, 98
2026/08/05 04:02:06.614, 0, NVIDIA GeForce RTX 3080, 6842, 3210, 10240, 94, 98
2026/08/05 04:02:06.723, 0, NVIDIA GeForce RTX 3080, 6842, 3210, 10240, 94, 98
2026/08/05 04:02:06.832, 0, NVIDIA GeForce RTX 3080, 6842, 3210, 10240, 95, 98
2026/08/05 04:02:06.942, 0, NVIDIA GeForce RTX 3080, 6842, 3210, 10240, 95, 98
2026/08/05 04:02:07.050, 0, NVIDIA GeForce RTX 3080, 6842, 3210, 10240, 95, 98
2026/08/05 04:02:07.159, 0, NVIDIA GeForce RTX 3080, 6842, 3210, 10240, 95, 98
2026/08/05 04:02:07.268, 0, NVIDIA GeForce RTX 3080, 6842, 3210, 10240, 95, 98
2026/08/05 04:02:07.377, 0, NVIDIA GeForce RTX 3080, 6842, 3210, 10240, 95, 98
2026/08/05 04:02:07.487, 0, NVIDIA GeForce RTX 3080, 6842, 3210, 10240, 95, 98
2026/08/05 04:02:07.596, 0, NVIDIA GeForce RTX 3080, 6842, 3210, 10240, 95, 98
2026/08/05 04:02:07.705, 0, NVIDIA GeForce RTX 3080, 6842, 3210, 10240, 95, 98
2026/08/05 04:02:07.814, 0, NVIDIA GeForce RTX 3080, 6842, 3210, 10240, 95, 98
2026/08/05 04:02:07.922, 0, NVIDIA GeForce RTX 3080, 6842, 3210, 10240, 95, 98
2026/08/05 04:02:08.032, 0, NVIDIA GeForce RTX 3080, 6842, 3210, 10240, 95, 98
2026/08/05 04:02:08.141, 0, NVIDIA GeForce RTX 3080, 6842, 3210, 10240, 95, 98
2026/08/05 04:02:08.250, 0, NVIDIA GeForce RTX 3080, 6842, 3210, 10240, 95, 98
2026/08/05 04:02:08.360, 0, NVIDIA GeForce RTX 3080, 6842, 3210, 10240, 96, 98
2026/08/05 04:02:08.468, 0, NVIDIA GeForce RTX 3080, 6842, 3210, 10240, 96, 98
2026/08/05 04:02:08.578, 0, NVIDIA GeForce RTX 3080, 6842, 3210, 10240, 96, 98
2026/08/05 04:02:08.687, 0, NVIDIA GeForce RTX 3080, 6842, 3210, 10240, 96, 98
2026/08/05 04:02:08.796, 0, NVIDIA GeForce RTX 3080, 6842, 3210, 10240, 96, 98
2026/08/05 04:02:08.906, 0, NVIDIA GeForce RTX 3080, 6842, 3210, 10240, 95, 98
2026/08/05 04:02:09.015, 0, NVIDIA GeForce RTX 3080, 6842, 3210, 10240, 95, 98
2026/08/05 04:02:09.124, 0, NVIDIA GeForce RTX 3080, 6842, 3210, 10240, 95, 98
2026/08/05 04:02:09.234, 0, NVIDIA GeForce RTX 3080, 6842, 3210, 10240, 95, 98
2026/08/05 04:02:09.344, 0, NVIDIA GeForce RTX 3080, 6842, 3210, 10240, 96, 98
2026/08/05 04:02:09.452, 0, NVIDIA GeForce RTX 3080, 6842, 3210, 10240, 96, 98
2026/08/05 04:02:09.562, 0, NVIDIA GeForce RTX 3080, 6842, 3210, 10240, 96, 98
2026/08/05 04:02:09.672, 0, NVIDIA GeForce RTX 3080, 6842, 3210, 10240, 96, 98
2026/08/05 04:02:09.781, 0, NVIDIA GeForce RTX 3080, 6842, 3210, 10240, 96, 98
2026/08/05 04:02:09.890, 0, NVIDIA GeForce RTX 3080, 6842, 3210, 10240, 96, 98
2026/08/05 04:02:10.000, 0, NVIDIA GeForce RTX 3080, 6842, 3210, 10240, 96, 98
2026/08/05 04:02:10.109, 0, NVIDIA GeForce RTX 3080, 6842, 3210, 10240, 96, 98
2026/08/05 04:02:10.218, 0, NVIDIA GeForce RTX 3080, 6842, 3210, 10240, 96, 98
2026/08/05 04:02:10.327, 0, NVIDIA GeForce RTX 3080, 6842, 3210, 10240, 95, 98
2026/08/05 04:02:10.437, 0, NVIDIA GeForce RTX 3080, 6842, 3210, 10240, 95, 98
2026/08/05 04:02:10.546, 0, NVIDIA GeForce RTX 3080, 6842, 3210, 10240, 95, 98
2026/08/05 04:02:10.655, 0, NVIDIA GeForce RTX 3080, 6842, 3210, 10240, 95, 98
2026/08/05 04:02:10.764, 0, NVIDIA GeForce RTX 3080, 6842, 3210, 10240, 95, 98
2026/08/05 04:02:10.874, 0, NVIDIA GeForce RTX 3080, 6842, 3210, 10240, 94, 98
2026/08/05 04:02:10.983, 0, NVIDIA GeForce RTX 3080, 6842, 3210, 10240, 94, 98
2026/08/05 04:02:11.092, 0, NVIDIA GeForce RTX 3080, 6842, 3210, 10240, 94, 98
2026/08/05 04:02:11.202, 0, NVIDIA GeForce RTX 3080, 6842, 3210, 10240, 94, 98
2026/08/05 04:02:11.310, 0, NVIDIA GeForce RTX 3080, 6842, 3210, 10240, 94, 98
2026/08/05 04:02:11.420, 0, NVIDIA GeForce RTX 3080, 6842, 3210, 10240, 94, 98
2026/08/05 04:02:11.529, 0, NVIDIA GeForce RTX 3080, 6842, 3210, 10240, 94, 98
2026/08/05 04:02:11.637, 0, NVIDIA GeForce RTX 3080, 6842, 3210, 10240, 94, 98
2026/08/05 04:02:11.747, 0, NVIDIA GeForce RTX 3080, 6842, 3210, 10240, 94, 98
2026/08/05 04:02:11.855, 0, NVIDIA GeForce RTX 3080, 6842, 3210, 10240, 94, 98
2026/08/05 04:02:11.965, 0, NVIDIA GeForce RTX 3080, 6842, 3210, 10240, 94, 98
2026/08/05 04:02:12.075, 0, NVIDIA GeForce RTX 3080, 6842, 3210, 10240, 94, 98
2026/08/05 04:02:12.183, 0, NVIDIA GeForce RTX 3080, 6842, 3210, 10240, 94, 98
2026/08/05 04:02:12.293, 0, NVIDIA GeForce RTX 3080, 6842, 3210, 10240, 94, 98
2026/08/05 04:02:12.401, 0, NVIDIA GeForce RTX 3080, 6842, 3210, 10240, 94, 98
2026/08/05 04:02:12.510, 0, NVIDIA GeForce RTX 3080, 6842, 3210, 10240, 94, 98
2026/08/05 04:02:12.620, 0, NVIDIA GeForce RTX 3080, 6842, 3210, 10240, 94, 98
2026/08/05 04:02:12.728, 0, NVIDIA GeForce RTX 3080, 6842, 3210, 10240, 94, 98
2026/08/05 04:02:12.838, 0, NVIDIA GeForce RTX 3080, 6842, 3210, 10240, 94, 98
2026/08/05 04:02:12.947, 0, NVIDIA GeForce RTX 3080, 6842, 3210, 10240, 94, 98
2026/08/05 04:02:13.056, 0, NVIDIA GeForce RTX 3080, 6842, 3210, 10240, 94, 98
2026/08/05 04:02:13.166, 0, NVIDIA GeForce RTX 3080, 6842, 3210, 10240, 94, 98
2026/08/05 04:02:13.275, 0, NVIDIA GeForce RTX 3080, 6842, 3210, 10240, 94, 98
2026/08/05 04:02:13.384, 0, NVIDIA GeForce RTX 3080, 6842, 3210, 10240, 97, 98
2026/08/05 04:02:13.493, 0, NVIDIA GeForce RTX 3080, 6842, 3210, 10240, 97, 98
2026/08/05 04:02:13.602, 0, NVIDIA GeForce RTX 3080, 6842, 3210, 10240, 97, 98
2026/08/05 04:02:13.711, 0, NVIDIA GeForce RTX 3080, 6842, 3210, 10240, 97, 98
2026/08/05 04:02:13.820, 0, NVIDIA GeForce RTX 3080, 6842, 3210, 10240, 97, 98
2026/08/05 04:02:13.930, 0, NVIDIA GeForce RTX 3080, 6842, 3210, 10240, 97, 98
2026/08/05 04:02:14.039, 0, NVIDIA GeForce RTX 3080, 6842, 3210, 10240, 97, 98
2026/08/05 04:02:14.148, 0, NVIDIA GeForce RTX 3080, 6842, 3210, 10240, 97, 98
2026/08/05 04:02:14.257, 0, NVIDIA GeForce RTX 3080, 6842, 3210, 10240, 97, 98
2026/08/05 04:02:14.367, 0, NVIDIA GeForce RTX 3080, 6842, 3210, 10240, 97, 98
2026/08/05 04:02:14.476, 0, NVIDIA GeForce RTX 3080, 6842, 3210, 10240, 97, 98
2026/08/05 04:02:14.585, 0, NVIDIA GeForce RTX 3080, 6842, 3210, 10240, 97, 98
2026/08/05 04:02:14.694, 0, NVIDIA GeForce RTX 3080, 6842, 3210, 10240, 97, 98
2026/08/05 04:02:14.803, 0, NVIDIA GeForce RTX 3080, 6842, 3210, 10240, 97, 98
2026/08/05 04:02:14.912, 0, NVIDIA GeForce RTX 3080, 6842, 3210, 10240, 98, 98
2026/08/05 04:02:15.021, 0, NVIDIA GeForce RTX 3080, 6842, 3210, 10240, 98, 98
2026/08/05 04:02:15.130, 0, NVIDIA GeForce RTX 3080, 6842, 3210, 10240, 98, 98
2026/08/05 04:02:15.238, 0, NVIDIA GeForce RTX 3080, 6842, 3210, 10240, 98, 98
2026/08/05 04:02:15.348, 0, NVIDIA GeForce RTX 3080, 6842, 3210, 10240, 98, 98
2026/08/05 04:02:15.457, 0, NVIDIA GeForce RTX 3080, 6842, 3210, 10240, 98, 98
2026/08/05 04:02:15.566, 0, NVIDIA GeForce RTX 3080, 6842, 3210, 10240, 98, 98
2026/08/05 04:02:15.676, 0, NVIDIA GeForce RTX 3080, 6842, 3210, 10240, 98, 98
2026/08/05 04:02:15.784, 0, NVIDIA GeForce RTX 3080, 6842, 3210, 10240, 98, 98
2026/08/05 04:02:15.894, 0, NVIDIA GeForce RTX 3080, 6842, 3210, 10240, 98, 98
2026/08/05 04:02:16.003, 0, NVIDIA GeForce RTX 3080, 6842, 3210, 10240, 98, 98
2026/08/05 04:02:16.111, 0, NVIDIA GeForce RTX 3080, 6842, 3210, 10240, 98, 98
2026/08/05 04:02:16.221, 0, NVIDIA GeForce RTX 3080, 6842, 3210, 10240, 98, 98
2026/08/05 04:02:16.330, 0, NVIDIA GeForce RTX 3080, 6842, 3210, 10240, 98, 98
2026/08/05 04:02:16.439, 0, NVIDIA GeForce RTX 3080, 6842, 3210, 10240, 98, 98
2026/08/05 04:02:16.549, 0, NVIDIA GeForce RTX 3080, 6842, 3210, 10240, 98, 98
2026/08/05 04:02:16.657, 0, NVIDIA GeForce RTX 3080, 6842, 3210, 10240, 98, 98
2026/08/05 04:02:16.766, 0, NVIDIA GeForce RTX 3080, 6842, 3210, 10240, 98, 98
2026/08/05 04:02:16.876, 0, NVIDIA GeForce RTX 3080, 6842, 3210, 10240, 96, 98
2026/08/05 04:02:16.985, 0, NVIDIA GeForce RTX 3080, 6842, 3210, 10240, 96, 98
2026/08/05 04:02:17.095, 0, NVIDIA GeForce RTX 3080, 6842, 3210, 10240, 96, 98
2026/08/05 04:02:17.204, 0, NVIDIA GeForce RTX 3080, 6842, 3210, 10240, 96, 98
2026/08/05 04:02:17.312, 0, NVIDIA GeForce RTX 3080, 6842, 3210, 10240, 96, 98
2026/08/05 04:02:17.422, 0, NVIDIA GeForce RTX 3080, 6842, 3210, 10240, 95, 98
2026/08/05 04:02:17.531, 0, NVIDIA GeForce RTX 3080, 6842, 3210, 10240, 95, 98
2026/08/05 04:02:17.640, 0, NVIDIA GeForce RTX 3080, 6842, 3210, 10240, 95, 98
2026/08/05 04:02:17.750, 0, NVIDIA GeForce RTX 3080, 6842, 3210, 10240, 95, 98
2026/08/05 04:02:17.858, 0, NVIDIA GeForce RTX 3080, 6842, 3210, 10240, 95, 98
2026/08/05 04:02:17.968, 0, NVIDIA GeForce RTX 3080, 6842, 3210, 10240, 95, 98
2026/08/05 04:02:18.077, 0, NVIDIA GeForce RTX 3080, 6842, 3210, 10240, 95, 98
2026/08/05 04:02:18.186, 0, NVIDIA GeForce RTX 3080, 6842, 3210, 10240, 95, 98
2026/08/05 04:02:18.296, 0, NVIDIA GeForce RTX 3080, 6842, 3210, 10240, 95, 98
2026/08/05 04:02:18.405, 0, NVIDIA GeForce RTX 3080, 6842, 3210, 10240, 95, 98
2026/08/05 04:02:18.514, 0, NVIDIA GeForce RTX 3080, 6842, 3210, 10240, 95, 98
2026/08/05 04:02:18.623, 0, NVIDIA GeForce RTX 3080, 6842, 3210, 10240, 95, 98
2026/08/05 04:02:18.732, 0, NVIDIA GeForce RTX 3080, 6842, 3210, 10240, 95, 98
2026/08/05 04:02:18.841, 0, NVIDIA GeForce RTX 3080, 6842, 3210, 10240, 97, 98
2026/08/05 04:02:18.951, 0, NVIDIA GeForce RTX 3080, 6842, 3210, 10240, 97, 98
2026/08/05 04:02:19.060, 0, NVIDIA GeForce RTX 3080, 6842, 3210, 10240, 97, 98
2026/08/05 04:02:19.169, 0, NVIDIA GeForce RTX 3080, 6842, 3210, 10240, 97, 98
2026/08/05 04:02:19.278, 0, NVIDIA GeForce RTX 3080, 6842, 3210, 10240, 97, 98
2026/08/05 04:02:19.387, 0, NVIDIA GeForce RTX 3080, 6842, 3210, 10240, 97, 98
2026/08/05 04:02:19.496, 0, NVIDIA GeForce RTX 3080, 6842, 3210, 10240, 97, 98
2026/08/05 04:02:19.606, 0, NVIDIA GeForce RTX 3080, 6842, 3210, 10240, 97, 98
2026/08/05 04:02:19.714, 0, NVIDIA GeForce RTX 3080, 6842, 3210, 10240, 97, 98
2026/08/05 04:02:19.824, 0, NVIDIA GeForce RTX 3080, 6842, 3210, 10240, 98, 98
2026/08/05 04:02:19.933, 0, NVIDIA GeForce RTX 3080, 6842, 3210, 10240, 98, 98
2026/08/05 04:02:20.041, 0, NVIDIA GeForce RTX 3080, 6842, 3210, 10240, 98, 98
2026/08/05 04:02:20.150, 0, NVIDIA GeForce RTX 3080, 6842, 3210, 10240, 98, 98
2026/08/05 04:02:20.259, 0, NVIDIA GeForce RTX 3080, 6842, 3210, 10240, 98, 98
2026/08/05 04:02:20.368, 0, NVIDIA GeForce RTX 3080, 6842, 3210, 10240, 97, 98
2026/08/05 04:02:20.478, 0, NVIDIA GeForce RTX 3080, 6842, 3210, 10240, 97, 98
2026/08/05 04:02:20.587, 0, NVIDIA GeForce RTX 3080, 6842, 3210, 10240, 97, 98
2026/08/05 04:02:20.696, 0, NVIDIA GeForce RTX 3080, 6842, 3210, 10240, 97, 98
2026/08/05 04:02:20.806, 0, NVIDIA GeForce RTX 3080, 6842, 3210, 10240, 97, 98
2026/08/05 04:02:20.914, 0, NVIDIA GeForce RTX 3080, 6842, 3210, 10240, 96, 98
2026/08/05 04:02:21.024, 0, NVIDIA GeForce RTX 3080, 6842, 3210, 10240, 96, 98
2026/08/05 04:02:21.134, 0, NVIDIA GeForce RTX 3080, 6842, 3210, 10240, 96, 98
2026/08/05 04:02:21.242, 0, NVIDIA GeForce RTX 3080, 6842, 3210, 10240, 96, 98
2026/08/05 04:02:21.352, 0, NVIDIA GeForce RTX 3080, 6842, 3210, 10240, 95, 98
2026/08/05 04:02:21.461, 0, NVIDIA GeForce RTX 3080, 6842, 3210, 10240, 95, 98
2026/08/05 04:02:21.570, 0, NVIDIA GeForce RTX 3080, 6842, 3210, 10240, 95, 98
2026/08/05 04:02:21.679, 0, NVIDIA GeForce RTX 3080, 6842, 3210, 10240, 95, 98
2026/08/05 04:02:21.788, 0, NVIDIA GeForce RTX 3080, 6842, 3210, 10240, 95, 98
2026/08/05 04:02:21.898, 0, NVIDIA GeForce RTX 3080, 6842, 3210, 10240, 96, 98
2026/08/05 04:02:22.007, 0, NVIDIA GeForce RTX 3080, 6842, 3210, 10240, 96, 98
2026/08/05 04:02:22.116, 0, NVIDIA GeForce RTX 3080, 6842, 3210, 10240, 96, 98
2026/08/05 04:02:22.224, 0, NVIDIA GeForce RTX 3080, 6842, 3210, 10240, 96, 98
2026/08/05 04:02:22.333, 0, NVIDIA GeForce RTX 3080, 6842, 3210, 10240, 96, 98
2026/08/05 04:02:22.442, 0, NVIDIA GeForce RTX 3080, 6842, 3210, 10240, 96, 98
2026/08/05 04:02:22.551, 0, NVIDIA GeForce RTX 3080, 6842, 3210, 10240, 96, 98
2026/08/05 04:02:22.661, 0, NVIDIA GeForce RTX 3080, 6842, 3210, 10240, 96, 98
2026/08/05 04:02:22.770, 0, NVIDIA GeForce RTX 3080, 6842, 3210, 10240, 96, 98
2026/08/05 04:02:22.879, 0, NVIDIA GeForce RTX 3080, 6842, 3210, 10240, 97, 98
2026/08/05 04:02:22.988, 0, NVIDIA GeForce RTX 3080, 6842, 3210, 10240, 97, 98
2026/08/05 04:02:23.097, 0, NVIDIA GeForce RTX 3080, 6842, 3210, 10240, 97, 98
2026/08/05 04:02:23.207, 0, NVIDIA GeForce RTX 3080, 6842, 3210, 10240, 97, 98
2026/08/05 04:02:23.316, 0, NVIDIA GeForce RTX 3080, 6842, 3210, 10240, 97, 98
2026/08/05 04:02:23.425, 0, NVIDIA GeForce RTX 3080, 6842, 3210, 10240, 97, 98
2026/08/05 04:02:23.534, 0, NVIDIA GeForce RTX 3080, 6842, 3210, 10240, 97, 98
2026/08/05 04:02:23.642, 0, NVIDIA GeForce RTX 3080, 6842, 3210, 10240, 97, 98
2026/08/05 04:02:23.752, 0, NVIDIA GeForce RTX 3080, 6842, 3210, 10240, 97, 98
2026/08/05 04:02:23.862, 0, NVIDIA GeForce RTX 3080, 6842, 3210, 10240, 97, 98
2026/08/05 04:02:23.970, 0, NVIDIA GeForce RTX 3080, 6842, 3210, 10240, 97, 98
2026/08/05 04:02:24.080, 0, NVIDIA GeForce RTX 3080, 6842, 3210, 10240, 97, 98
2026/08/05 04:02:24.188, 0, NVIDIA GeForce RTX 3080, 6842, 3210, 10240, 97, 98
2026/08/05 04:02:24.297, 0, NVIDIA GeForce RTX 3080, 6842, 3210, 10240, 97, 98
2026/08/05 04:02:24.406, 0, NVIDIA GeForce RTX 3080, 6842, 3210, 10240, 97, 98
2026/08/05 04:02:24.514, 0, NVIDIA GeForce RTX 3080, 6842, 3210, 10240, 97, 98
2026/08/05 04:02:24.624, 0, NVIDIA GeForce RTX 3080, 6842, 3210, 10240, 97, 98
2026/08/05 04:02:24.733, 0, NVIDIA GeForce RTX 3080, 6842, 3210, 10240, 97, 98
2026/08/05 04:02:24.842, 0, NVIDIA GeForce RTX 3080, 6842, 3210, 10240, 95, 98
2026/08/05 04:02:24.951, 0, NVIDIA GeForce RTX 3080, 6842, 3210, 10240, 95, 98
2026/08/05 04:02:25.061, 0, NVIDIA GeForce RTX 3080, 6842, 3210, 10240, 95, 98
2026/08/05 04:02:25.169, 0, NVIDIA GeForce RTX 3080, 6842, 3210, 10240, 95, 98
2026/08/05 04:02:25.279, 0, NVIDIA GeForce RTX 3080, 6842, 3210, 10240, 95, 98
2026/08/05 04:02:25.389, 0, NVIDIA GeForce RTX 3080, 6842, 3210, 10240, 95, 98
2026/08/05 04:02:25.497, 0, NVIDIA GeForce RTX 3080, 6842, 3210, 10240, 95, 98
2026/08/05 04:02:25.606, 0, NVIDIA GeForce RTX 3080, 6842, 3210, 10240, 95, 98
2026/08/05 04:02:25.715, 0, NVIDIA GeForce RTX 3080, 6842, 3210, 10240, 95, 98
2026/08/05 04:02:25.824, 0, NVIDIA GeForce RTX 3080, 6842, 3210, 10240, 96, 98
2026/08/05 04:02:25.933, 0, NVIDIA GeForce RTX 3080, 6842, 3210, 10240, 96, 98
2026/08/05 04:02:26.041, 0, NVIDIA GeForce RTX 3080, 6842, 3210, 10240, 96, 98
2026/08/05 04:02:26.150, 0, NVIDIA GeForce RTX 3080, 6842, 3210, 10240, 96, 98
2026/08/05 04:02:26.260, 0, NVIDIA GeForce RTX 3080, 6842, 3210, 10240, 96, 98
2026/08/05 04:02:26.369, 0, NVIDIA GeForce RTX 3080, 6842, 3210, 10240, 95, 98
2026/08/05 04:02:26.478, 0, NVIDIA GeForce RTX 3080, 6842, 3210, 10240, 95, 98
2026/08/05 04:02:26.587, 0, NVIDIA GeForce RTX 3080, 6842, 3210, 10240, 95, 98
2026/08/05 04:02:26.697, 0, NVIDIA GeForce RTX 3080, 6842, 3210, 10240, 95, 98
2026/08/05 04:02:26.806, 0, NVIDIA GeForce RTX 3080, 6842, 3210, 10240, 95, 98
2026/08/05 04:02:26.915, 0, NVIDIA GeForce RTX 3080, 6842, 3210, 10240, 94, 97
2026/08/05 04:02:27.023, 0, NVIDIA GeForce RTX 3080, 6842, 3210, 10240, 94, 97
2026/08/05 04:02:27.133, 0, NVIDIA GeForce RTX 3080, 6842, 3210, 10240, 94, 97
2026/08/05 04:02:27.242, 0, NVIDIA GeForce RTX 3080, 6842, 3210, 10240, 94, 97
2026/08/05 04:02:27.351, 0, NVIDIA GeForce RTX 3080, 6842, 3210, 10240, 97, 98
2026/08/05 04:02:27.460, 0, NVIDIA GeForce RTX 3080, 6842, 3210, 10240, 97, 98
2026/08/05 04:02:27.569, 0, NVIDIA GeForce RTX 3080, 6842, 3210, 10240, 97, 98
2026/08/05 04:02:27.678, 0, NVIDIA GeForce RTX 3080, 6842, 3210, 10240, 97, 98
2026/08/05 04:02:27.787, 0, NVIDIA GeForce RTX 3080, 6842, 3210, 10240, 97, 98
2026/08/05 04:02:27.896, 0, NVIDIA GeForce RTX 3080, 6842, 3210, 10240, 97, 98
2026/08/05 04:02:28.005, 0, NVIDIA GeForce RTX 3080, 6842, 3210, 10240, 97, 98
2026/08/05 04:02:28.114, 0, NVIDIA GeForce RTX 3080, 6842, 3210, 10240, 97, 98
2026/08/05 04:02:28.223, 0, NVIDIA GeForce RTX 3080, 6842, 3210, 10240, 97, 98
2026/08/05 04:02:28.333, 0, NVIDIA GeForce RTX 3080, 6842, 3210, 10240, 97, 98
2026/08/05 04:02:28.442, 0, NVIDIA GeForce RTX 3080, 6842, 3210, 10240, 97, 98
2026/08/05 04:02:28.551, 0, NVIDIA GeForce RTX 3080, 6842, 3210, 10240, 97, 98
2026/08/05 04:02:28.660, 0, NVIDIA GeForce RTX 3080, 6842, 3210, 10240, 97, 98
2026/08/05 04:02:28.768, 0, NVIDIA GeForce RTX 3080, 6842, 3210, 10240, 97, 98
2026/08/05 04:02:28.877, 0, NVIDIA GeForce RTX 3080, 6842, 3210, 10240, 97, 98
2026/08/05 04:02:28.986, 0, NVIDIA GeForce RTX 3080, 6842, 3210, 10240, 97, 98
2026/08/05 04:02:29.095, 0, NVIDIA GeForce RTX 3080, 6842, 3210, 10240, 97, 98
2026/08/05 04:02:29.204, 0, NVIDIA GeForce RTX 3080, 6842, 3210, 10240, 97, 98
2026/08/05 04:02:29.312, 0, NVIDIA GeForce RTX 3080, 6842, 3210, 10240, 97, 98
2026/08/05 04:02:29.422, 0, NVIDIA GeForce RTX 3080, 6842, 3210, 10240, 95, 98
2026/08/05 04:02:29.531, 0, NVIDIA GeForce RTX 3080, 6842, 3210, 10240, 95, 98
2026/08/05 04:02:29.640, 0, NVIDIA GeForce RTX 3080, 6842, 3210, 10240, 95, 98
2026/08/05 04:02:29.750, 0, NVIDIA GeForce RTX 3080, 6842, 3210, 10240, 95, 98
2026/08/05 04:02:29.858, 0, NVIDIA GeForce RTX 3080, 6842, 3210, 10240, 95, 98
2026/08/05 04:02:29.968, 0, NVIDIA GeForce RTX 3080, 6842, 3210, 10240, 95, 98
2026/08/05 04:02:30.077, 0, NVIDIA GeForce RTX 3080, 6842, 3210, 10240, 95, 98
2026/08/05 04:02:30.186, 0, NVIDIA GeForce RTX 3080, 6842, 3210, 10240, 95, 98
2026/08/05 04:02:30.296, 0, NVIDIA GeForce RTX 3080, 6842, 3210, 10240, 95, 98
2026/08/05 04:02:30.404, 0, NVIDIA GeForce RTX 3080, 6842, 3210, 10240, 95, 98
2026/08/05 04:02:30.513, 0, NVIDIA GeForce RTX 3080, 6842, 3210, 10240, 95, 98
2026/08/05 04:02:30.622, 0, NVIDIA GeForce RTX 3080, 6842, 3210, 10240, 95, 98
2026/08/05 04:02:30.732, 0, NVIDIA GeForce RTX 3080, 6842, 3210, 10240, 95, 98
2026/08/05 04:02:30.841, 0, NVIDIA GeForce RTX 3080, 6842, 3210, 10240, 95, 98
2026/08/05 04:02:30.950, 0, NVIDIA GeForce RTX 3080, 6842, 3210, 10240, 95, 98
2026/08/05 04:02:31.060, 0, NVIDIA GeForce RTX 3080, 6842, 3210, 10240, 95, 98
2026/08/05 04:02:31.168, 0, NVIDIA GeForce RTX 3080, 6842, 3210, 10240, 95, 98
2026/08/05 04:02:31.277, 0, NVIDIA GeForce RTX 3080, 6842, 3210, 10240, 95, 98
2026/08/05 04:02:31.386, 0, NVIDIA GeForce RTX 3080, 6842, 3210, 10240, 94, 97
2026/08/05 04:02:31.496, 0, NVIDIA GeForce RTX 3080, 6842, 3210, 10240, 94, 97
2026/08/05 04:02:31.605, 0, NVIDIA GeForce RTX 3080, 6842, 3210, 10240, 94, 97
2026/08/05 04:02:31.714, 0, NVIDIA GeForce RTX 3080, 6842, 3210, 10240, 94, 97
2026/08/05 04:02:31.823, 0, NVIDIA GeForce RTX 3080, 6842, 3210, 10240, 96, 98
2026/08/05 04:02:31.933, 0, NVIDIA GeForce RTX 3080, 6842, 3210, 10240, 96, 98
2026/08/05 04:02:32.041, 0, NVIDIA GeForce RTX 3080, 6842, 3210, 10240, 96, 98
2026/08/05 04:02:32.150, 0, NVIDIA GeForce RTX 3080, 6842, 3210, 10240, 96, 98
2026/08/05 04:02:32.260, 0, NVIDIA GeForce RTX 3080, 6842, 3210, 10240, 96, 98
2026/08/05 04:02:32.369, 0, NVIDIA GeForce RTX 3080, 6842, 3210, 10240, 96, 98
2026/08/05 04:02:32.478, 0, NVIDIA GeForce RTX 3080, 6842, 3210, 10240, 96, 98
2026/08/05 04:02:32.587, 0, NVIDIA GeForce RTX 3080, 6842, 3210, 10240, 96, 98
2026/08/05 04:02:32.697, 0, NVIDIA GeForce RTX 3080, 6842, 3210, 10240, 96, 98
2026/08/05 04:02:32.806, 0, NVIDIA GeForce RTX 3080, 6842, 3210, 10240, 96, 98
2026/08/05 04:02:32.915, 0, NVIDIA GeForce RTX 3080, 6842, 3210, 10240, 96, 98
2026/08/05 04:02:33.024, 0, NVIDIA GeForce RTX 3080, 6842, 3210, 10240, 96, 98
2026/08/05 04:02:33.133, 0, NVIDIA GeForce RTX 3080, 6842, 3210, 10240, 96, 98
2026/08/05 04:02:33.242, 0, NVIDIA GeForce RTX 3080, 6842, 3210, 10240, 96, 98
2026/08/05 04:02:33.351, 0, NVIDIA GeForce RTX 3080, 6842, 3210, 10240, 96, 98
2026/08/05 04:02:33.461, 0, NVIDIA GeForce RTX 3080, 6842, 3210, 10240, 96, 98
2026/08/05 04:02:33.570, 0, NVIDIA GeForce RTX 3080, 6842, 3210, 10240, 96, 98
2026/08/05 04:02:33.679, 0, NVIDIA GeForce RTX 3080, 6842, 3210, 10240, 96, 98
2026/08/05 04:02:33.788, 0, NVIDIA GeForce RTX 3080, 6842, 3210, 10240, 96, 98
2026/08/05 04:02:33.897, 0, NVIDIA GeForce RTX 3080, 6842, 3210, 10240, 94, 98
2026/08/05 04:02:34.007, 0, NVIDIA GeForce RTX 3080, 6842, 3210, 10240, 94, 98
2026/08/05 04:02:34.116, 0, NVIDIA GeForce RTX 3080, 6842, 3210, 10240, 94, 98
2026/08/05 04:02:34.225, 0, NVIDIA GeForce RTX 3080, 6842, 3210, 10240, 94, 98
2026/08/05 04:02:34.334, 0, NVIDIA GeForce RTX 3080, 6842, 3210, 10240, 95, 98
2026/08/05 04:02:34.442, 0, NVIDIA GeForce RTX 3080, 6842, 3210, 10240, 95, 98
2026/08/05 04:02:34.552, 0, NVIDIA GeForce RTX 3080, 6842, 3210, 10240, 95, 98
2026/08/05 04:02:34.662, 0, NVIDIA GeForce RTX 3080, 6842, 3210, 10240, 95, 98
2026/08/05 04:02:34.770, 0, NVIDIA GeForce RTX 3080, 6842, 3210, 10240, 95, 98
2026/08/05 04:02:34.880, 0, NVIDIA GeForce RTX 3080, 6842, 3210, 10240, 95, 98
2026/08/05 04:02:34.988, 0, NVIDIA GeForce RTX 3080, 6842, 3210, 10240, 95, 98
2026/08/05 04:02:35.097, 0, NVIDIA GeForce RTX 3080, 6842, 3210, 10240, 95, 98
2026/08/05 04:02:35.206, 0, NVIDIA GeForce RTX 3080, 6842, 3210, 10240, 95, 98
2026/08/05 04:02:35.315, 0, NVIDIA GeForce RTX 3080, 6842, 3210, 10240, 95, 98
2026/08/05 04:02:35.424, 0, NVIDIA GeForce RTX 3080, 6842, 3210, 10240, 95, 98
2026/08/05 04:02:35.534, 0, NVIDIA GeForce RTX 3080, 6842, 3210, 10240, 95, 98
2026/08/05 04:02:35.643, 0, NVIDIA GeForce RTX 3080, 6842, 3210, 10240, 95, 98
2026/08/05 04:02:35.752, 0, NVIDIA GeForce RTX 3080, 6842, 3210, 10240, 95, 98
2026/08/05 04:02:35.861, 0, NVIDIA GeForce RTX 3080, 6842, 3210, 10240, 95, 98
2026/08/05 04:02:35.969, 0, NVIDIA GeForce RTX 3080, 6842, 3210, 10240, 95, 98
2026/08/05 04:02:36.079, 0, NVIDIA GeForce RTX 3080, 6842, 3210, 10240, 95, 98
2026/08/05 04:02:36.188, 0, NVIDIA GeForce RTX 3080, 6842, 3210, 10240, 95, 98
2026/08/05 04:02:36.297, 0, NVIDIA GeForce RTX 3080, 6842, 3210, 10240, 95, 98
2026/08/05 04:02:36.407, 0, NVIDIA GeForce RTX 3080, 6842, 3210, 10240, 96, 98
2026/08/05 04:02:36.516, 0, NVIDIA GeForce RTX 3080, 6842, 3210, 10240, 96, 98
2026/08/05 04:02:36.625, 0, NVIDIA GeForce RTX 3080, 6842, 3210, 10240, 96, 98
2026/08/05 04:02:36.735, 0, NVIDIA GeForce RTX 3080, 6842, 3210, 10240, 96, 98
2026/08/05 04:02:36.843, 0, NVIDIA GeForce RTX 3080, 6842, 3210, 10240, 96, 98
2026/08/05 04:02:36.953, 0, NVIDIA GeForce RTX 3080, 6842, 3210, 10240, 96, 98
2026/08/05 04:02:37.062, 0, NVIDIA GeForce RTX 3080, 6842, 3210, 10240, 96, 98
2026/08/05 04:02:37.170, 0, NVIDIA GeForce RTX 3080, 6842, 3210, 10240, 96, 98
2026/08/05 04:02:37.281, 0, NVIDIA GeForce RTX 3080, 6842, 3210, 10240, 96, 98
2026/08/05 04:02:37.391, 0, NVIDIA GeForce RTX 3080, 6842, 3210, 10240, 95, 98
2026/08/05 04:02:37.500, 0, NVIDIA GeForce RTX 3080, 6842, 3210, 10240, 95, 98
2026/08/05 04:02:37.609, 0, NVIDIA GeForce RTX 3080, 6842, 3210, 10240, 95, 98
2026/08/05 04:02:37.718, 0, NVIDIA GeForce RTX 3080, 6842, 3210, 10240, 95, 98
2026/08/05 04:02:37.827, 0, NVIDIA GeForce RTX 3080, 6842, 3210, 10240, 95, 98
2026/08/05 04:02:37.936, 0, NVIDIA GeForce RTX 3080, 6842, 3210, 10240, 95, 98
2026/08/05 04:02:38.045, 0, NVIDIA GeForce RTX 3080, 6842, 3210, 10240, 95, 98
2026/08/05 04:02:38.154, 0, NVIDIA GeForce RTX 3080, 6842, 3210, 10240, 95, 98
2026/08/05 04:02:38.263, 0, NVIDIA GeForce RTX 3080, 6842, 3210, 10240, 95, 98
2026/08/05 04:02:38.372, 0, NVIDIA GeForce RTX 3080, 6842, 3210, 10240, 92, 97
2026/08/05 04:02:38.481, 0, NVIDIA GeForce RTX 3080, 6842, 3210, 10240, 92, 97
2026/08/05 04:02:38.591, 0, NVIDIA GeForce RTX 3080, 6842, 3210, 10240, 92, 97
2026/08/05 04:02:38.700, 0, NVIDIA GeForce RTX 3080, 6842, 3210, 10240, 92, 97
2026/08/05 04:02:38.809, 0, NVIDIA GeForce RTX 3080, 6842, 3210, 10240, 92, 97
2026/08/05 04:02:38.918, 0, NVIDIA GeForce RTX 3080, 6842, 3210, 10240, 94, 98
2026/08/05 04:02:39.028, 0, NVIDIA GeForce RTX 3080, 6842, 3210, 10240, 94, 98
2026/08/05 04:02:39.136, 0, NVIDIA GeForce RTX 3080, 6842, 3210, 10240, 94, 98
2026/08/05 04:02:39.245, 0, NVIDIA GeForce RTX 3080, 6842, 3210, 10240, 94, 98
2026/08/05 04:02:39.355, 0, NVIDIA GeForce RTX 3080, 6842, 3210, 10240, 94, 98
2026/08/05 04:02:39.465, 0, NVIDIA GeForce RTX 3080, 6842, 3210, 10240, 94, 98
2026/08/05 04:02:39.573, 0, NVIDIA GeForce RTX 3080, 6842, 3210, 10240, 94, 98
2026/08/05 04:02:39.683, 0, NVIDIA GeForce RTX 3080, 6842, 3210, 10240, 94, 98
2026/08/05 04:02:39.792, 0, NVIDIA GeForce RTX 3080, 6842, 3210, 10240, 94, 98
2026/08/05 04:02:39.901, 0, NVIDIA GeForce RTX 3080, 6842, 3210, 10240, 94, 98
2026/08/05 04:02:40.011, 0, NVIDIA GeForce RTX 3080, 6842, 3210, 10240, 94, 98
2026/08/05 04:02:40.118, 0, NVIDIA GeForce RTX 3080, 6842, 3210, 10240, 94, 98
2026/08/05 04:02:40.228, 0, NVIDIA GeForce RTX 3080, 6842, 3210, 10240, 94, 98
2026/08/05 04:02:40.338, 0, NVIDIA GeForce RTX 3080, 6842, 3210, 10240, 94, 98
2026/08/05 04:02:40.446, 0, NVIDIA GeForce RTX 3080, 6842, 3210, 10240, 94, 98
2026/08/05 04:02:40.555, 0, NVIDIA GeForce RTX 3080, 6842, 3210, 10240, 94, 98
2026/08/05 04:02:40.664, 0, NVIDIA GeForce RTX 3080, 6842, 3210, 10240, 94, 98
2026/08/05 04:02:40.773, 0, NVIDIA GeForce RTX 3080, 6842, 3210, 10240, 94, 98
2026/08/05 04:02:40.883, 0, NVIDIA GeForce RTX 3080, 6842, 3210, 10240, 97, 98
2026/08/05 04:02:40.992, 0, NVIDIA GeForce RTX 3080, 6842, 3210, 10240, 97, 98
2026/08/05 04:02:41.101, 0, NVIDIA GeForce RTX 3080, 6842, 3210, 10240, 97, 98
2026/08/05 04:02:41.210, 0, NVIDIA GeForce RTX 3080, 6842, 3210, 10240, 97, 98
2026/08/05 04:02:41.320, 0, NVIDIA GeForce RTX 3080, 6842, 3210, 10240, 97, 98
2026/08/05 04:02:41.428, 0, NVIDIA GeForce RTX 3080, 6842, 3210, 10240, 97, 98
2026/08/05 04:02:41.537, 0, NVIDIA GeForce RTX 3080, 6842, 3210, 10240, 97, 98
2026/08/05 04:02:41.646, 0, NVIDIA GeForce RTX 3080, 6842, 3210, 10240, 97, 98
2026/08/05 04:02:41.756, 0, NVIDIA GeForce RTX 3080, 6842, 3210, 10240, 97, 98
2026/08/05 04:02:41.865, 0, NVIDIA GeForce RTX 3080, 6842, 3210, 10240, 96, 98
2026/08/05 04:02:41.974, 0, NVIDIA GeForce RTX 3080, 6842, 3210, 10240, 96, 98
2026/08/05 04:02:42.083, 0, NVIDIA GeForce RTX 3080, 6842, 3210, 10240, 96, 98
2026/08/05 04:02:42.192, 0, NVIDIA GeForce RTX 3080, 6842, 3210, 10240, 96, 98
2026/08/05 04:02:42.301, 0, NVIDIA GeForce RTX 3080, 6842, 3210, 10240, 96, 98
2026/08/05 04:02:42.410, 0, NVIDIA GeForce RTX 3080, 6842, 3210, 10240, 97, 98
2026/08/05 04:02:42.520, 0, NVIDIA GeForce RTX 3080, 6842, 3210, 10240, 97, 98
2026/08/05 04:02:42.629, 0, NVIDIA GeForce RTX 3080, 6842, 3210, 10240, 97, 98
2026/08/05 04:02:42.738, 0, NVIDIA GeForce RTX 3080, 6842, 3210, 10240, 97, 98
2026/08/05 04:02:42.847, 0, NVIDIA GeForce RTX 3080, 6842, 3210, 10240, 98, 98
2026/08/05 04:02:42.957, 0, NVIDIA GeForce RTX 3080, 6842, 3210, 10240, 98, 98
2026/08/05 04:02:43.066, 0, NVIDIA GeForce RTX 3080, 6842, 3210, 10240, 98, 98
2026/08/05 04:02:43.175, 0, NVIDIA GeForce RTX 3080, 6842, 3210, 10240, 98, 98
2026/08/05 04:02:43.284, 0, NVIDIA GeForce RTX 3080, 6842, 3210, 10240, 98, 98
2026/08/05 04:02:43.393, 0, NVIDIA GeForce RTX 3080, 6842, 3210, 10240, 98, 98
2026/08/05 04:02:43.502, 0, NVIDIA GeForce RTX 3080, 6842, 3210, 10240, 98, 98
2026/08/05 04:02:43.611, 0, NVIDIA GeForce RTX 3080, 6842, 3210, 10240, 98, 98
2026/08/05 04:02:43.720, 0, NVIDIA GeForce RTX 3080, 6842, 3210, 10240, 98, 98
2026/08/05 04:02:43.828, 0, NVIDIA GeForce RTX 3080, 6842, 3210, 10240, 98, 98
2026/08/05 04:02:43.938, 0, NVIDIA GeForce RTX 3080, 6842, 3210, 10240, 98, 98
2026/08/05 04:02:44.047, 0, NVIDIA GeForce RTX 3080, 6842, 3210, 10240, 98, 98
2026/08/05 04:02:44.156, 0, NVIDIA GeForce RTX 3080, 6842, 3210, 10240, 98, 98
2026/08/05 04:02:44.266, 0, NVIDIA GeForce RTX 3080, 6842, 3210, 10240, 98, 98
2026/08/05 04:02:44.375, 0, NVIDIA GeForce RTX 3080, 6842, 3210, 10240, 98, 98
2026/08/05 04:02:44.484, 0, NVIDIA GeForce RTX 3080, 6842, 3210, 10240, 98, 98
2026/08/05 04:02:44.594, 0, NVIDIA GeForce RTX 3080, 6842, 3210, 10240, 98, 98
2026/08/05 04:02:44.702, 0, NVIDIA GeForce RTX 3080, 6842, 3210, 10240, 98, 98
2026/08/05 04:02:44.812, 0, NVIDIA GeForce RTX 3080, 6842, 3210, 10240, 98, 98
2026/08/05 04:02:44.922, 0, NVIDIA GeForce RTX 3080, 6842, 3210, 10240, 96, 98
2026/08/05 04:02:45.030, 0, NVIDIA GeForce RTX 3080, 6842, 3210, 10240, 96, 98
2026/08/05 04:02:45.140, 0, NVIDIA GeForce RTX 3080, 6842, 3210, 10240, 96, 98
2026/08/05 04:02:45.255, 0, NVIDIA GeForce RTX 3080, 6842, 3210, 10240, 96, 98
2026/08/05 04:02:45.363, 0, NVIDIA GeForce RTX 3080, 6842, 3210, 10240, 95, 98
2026/08/05 04:02:45.473, 0, NVIDIA GeForce RTX 3080, 6842, 3210, 10240, 95, 98
2026/08/05 04:02:45.583, 0, NVIDIA GeForce RTX 3080, 6842, 3210, 10240, 95, 98
2026/08/05 04:02:45.691, 0, NVIDIA GeForce RTX 3080, 6842, 3210, 10240, 95, 98
2026/08/05 04:02:45.801, 0, NVIDIA GeForce RTX 3080, 6842, 3210, 10240, 95, 98
2026/08/05 04:02:45.910, 0, NVIDIA GeForce RTX 3080, 6842, 3210, 10240, 96, 98
2026/08/05 04:02:46.019, 0, NVIDIA GeForce RTX 3080, 6842, 3210, 10240, 96, 98
2026/08/05 04:02:46.128, 0, NVIDIA GeForce RTX 3080, 6842, 3210, 10240, 96, 98
2026/08/05 04:02:46.236, 0, NVIDIA GeForce RTX 3080, 6842, 3210, 10240, 96, 98
2026/08/05 04:02:46.346, 0, NVIDIA GeForce RTX 3080, 6842, 3210, 10240, 95, 98
2026/08/05 04:02:46.456, 0, NVIDIA GeForce RTX 3080, 6842, 3210, 10240, 95, 98
2026/08/05 04:02:46.564, 0, NVIDIA GeForce RTX 3080, 6842, 3210, 10240, 95, 98
2026/08/05 04:02:46.674, 0, NVIDIA GeForce RTX 3080, 6842, 3210, 10240, 95, 98
2026/08/05 04:02:46.783, 0, NVIDIA GeForce RTX 3080, 6842, 3210, 10240, 95, 98
2026/08/05 04:02:46.899, 0, NVIDIA GeForce RTX 3080, 6842, 3210, 10240, 97, 98
2026/08/05 04:02:47.007, 0, NVIDIA GeForce RTX 3080, 6842, 3210, 10240, 97, 98
2026/08/05 04:02:47.117, 0, NVIDIA GeForce RTX 3080, 6842, 3210, 10240, 97, 98
2026/08/05 04:02:47.226, 0, NVIDIA GeForce RTX 3080, 6842, 3210, 10240, 97, 98
2026/08/05 04:02:47.335, 0, NVIDIA GeForce RTX 3080, 6842, 3210, 10240, 97, 98
2026/08/05 04:02:47.445, 0, NVIDIA GeForce RTX 3080, 6842, 3210, 10240, 97, 98
2026/08/05 04:02:47.554, 0, NVIDIA GeForce RTX 3080, 6842, 3210, 10240, 97, 98
2026/08/05 04:02:47.662, 0, NVIDIA GeForce RTX 3080, 6842, 3210, 10240, 97, 98
2026/08/05 04:02:47.772, 0, NVIDIA GeForce RTX 3080, 6842, 3210, 10240, 97, 98
2026/08/05 04:02:47.881, 0, NVIDIA GeForce RTX 3080, 6842, 3210, 10240, 97, 98
2026/08/05 04:02:47.990, 0, NVIDIA GeForce RTX 3080, 6842, 3210, 10240, 97, 98
2026/08/05 04:02:48.100, 0, NVIDIA GeForce RTX 3080, 6842, 3210, 10240, 97, 98
2026/08/05 04:02:48.208, 0, NVIDIA GeForce RTX 3080, 6842, 3210, 10240, 97, 98
2026/08/05 04:02:48.318, 0, NVIDIA GeForce RTX 3080, 6842, 3210, 10240, 97, 98
2026/08/05 04:02:48.427, 0, NVIDIA GeForce RTX 3080, 6842, 3210, 10240, 97, 98
2026/08/05 04:02:48.536, 0, NVIDIA GeForce RTX 3080, 6842, 3210, 10240, 97, 98
2026/08/05 04:02:48.646, 0, NVIDIA GeForce RTX 3080, 6842, 3210, 10240, 97, 98
2026/08/05 04:02:48.755, 0, NVIDIA GeForce RTX 3080, 6842, 3210, 10240, 97, 98
2026/08/05 04:02:48.864, 0, NVIDIA GeForce RTX 3080, 6842, 3210, 10240, 96, 98
2026/08/05 04:02:48.973, 0, NVIDIA GeForce RTX 3080, 6842, 3210, 10240, 96, 98
2026/08/05 04:02:49.081, 0, NVIDIA GeForce RTX 3080, 6842, 3210, 10240, 96, 98
2026/08/05 04:02:49.190, 0, NVIDIA GeForce RTX 3080, 6842, 3210, 10240, 96, 98
2026/08/05 04:02:49.298, 0, NVIDIA GeForce RTX 3080, 6842, 3210, 10240, 96, 98
2026/08/05 04:02:49.408, 0, NVIDIA GeForce RTX 3080, 6842, 3210, 10240, 95, 98
2026/08/05 04:02:49.517, 0, NVIDIA GeForce RTX 3080, 6842, 3210, 10240, 95, 98
2026/08/05 04:02:49.626, 0, NVIDIA GeForce RTX 3080, 6842, 3210, 10240, 95, 98
2026/08/05 04:02:49.735, 0, NVIDIA GeForce RTX 3080, 6842, 3210, 10240, 95, 98
2026/08/05 04:02:49.845, 0, NVIDIA GeForce RTX 3080, 6842, 3210, 10240, 95, 98
2026/08/05 04:02:49.954, 0, NVIDIA GeForce RTX 3080, 6842, 3210, 10240, 95, 98
2026/08/05 04:02:50.063, 0, NVIDIA GeForce RTX 3080, 6842, 3210, 10240, 95, 98
2026/08/05 04:02:50.173, 0, NVIDIA GeForce RTX 3080, 6842, 3210, 10240, 95, 98
2026/08/05 04:02:50.281, 0, NVIDIA GeForce RTX 3080, 6842, 3210, 10240, 95, 98
2026/08/05 04:02:50.390, 0, NVIDIA GeForce RTX 3080, 6842, 3210, 10240, 96, 98
2026/08/05 04:02:50.499, 0, NVIDIA GeForce RTX 3080, 6842, 3210, 10240, 96, 98
2026/08/05 04:02:50.607, 0, NVIDIA GeForce RTX 3080, 6842, 3210, 10240, 96, 98
2026/08/05 04:02:50.717, 0, NVIDIA GeForce RTX 3080, 6842, 3210, 10240, 96, 98
2026/08/05 04:02:50.825, 0, NVIDIA GeForce RTX 3080, 6842, 3210, 10240, 97, 98
2026/08/05 04:02:50.935, 0, NVIDIA GeForce RTX 3080, 6842, 3210, 10240, 97, 98
2026/08/05 04:02:51.045, 0, NVIDIA GeForce RTX 3080, 6842, 3210, 10240, 97, 98
2026/08/05 04:02:51.153, 0, NVIDIA GeForce RTX 3080, 6842, 3210, 10240, 97, 98
2026/08/05 04:02:51.263, 0, NVIDIA GeForce RTX 3080, 6842, 3210, 10240, 97, 98
2026/08/05 04:02:51.373, 0, NVIDIA GeForce RTX 3080, 6842, 3210, 10240, 97, 98
2026/08/05 04:02:51.481, 0, NVIDIA GeForce RTX 3080, 6842, 3210, 10240, 97, 98
2026/08/05 04:02:51.591, 0, NVIDIA GeForce RTX 3080, 6842, 3210, 10240, 97, 98
2026/08/05 04:02:51.700, 0, NVIDIA GeForce RTX 3080, 6842, 3210, 10240, 97, 98
2026/08/05 04:02:51.809, 0, NVIDIA GeForce RTX 3080, 6842, 3210, 10240, 97, 98
2026/08/05 04:02:51.919, 0, NVIDIA GeForce RTX 3080, 6842, 3210, 10240, 97, 98
2026/08/05 04:02:52.027, 0, NVIDIA GeForce RTX 3080, 6842, 3210, 10240, 97, 98
2026/08/05 04:02:52.136, 0, NVIDIA GeForce RTX 3080, 6842, 3210, 10240, 97, 98
2026/08/05 04:02:52.245, 0, NVIDIA GeForce RTX 3080, 6842, 3210, 10240, 97, 98
2026/08/05 04:02:52.354, 0, NVIDIA GeForce RTX 3080, 6842, 3210, 10240, 97, 98
2026/08/05 04:02:52.464, 0, NVIDIA GeForce RTX 3080, 6842, 3210, 10240, 97, 98
2026/08/05 04:02:52.573, 0, NVIDIA GeForce RTX 3080, 6842, 3210, 10240, 97, 98
2026/08/05 04:02:52.682, 0, NVIDIA GeForce RTX 3080, 6842, 3210, 10240, 97, 98
2026/08/05 04:02:52.792, 0, NVIDIA GeForce RTX 3080, 6842, 3210, 10240, 97, 98
2026/08/05 04:02:52.901, 0, NVIDIA GeForce RTX 3080, 6842, 3210, 10240, 95, 98
2026/08/05 04:02:53.010, 0, NVIDIA GeForce RTX 3080, 6842, 3210, 10240, 95, 98
2026/08/05 04:02:53.119, 0, NVIDIA GeForce RTX 3080, 6842, 3210, 10240, 95, 98
2026/08/05 04:02:53.228, 0, NVIDIA GeForce RTX 3080, 6842, 3210, 10240, 95, 98
2026/08/05 04:02:53.338, 0, NVIDIA GeForce RTX 3080, 6842, 3210, 10240, 95, 98
2026/08/05 04:02:53.446, 0, NVIDIA GeForce RTX 3080, 6842, 3210, 10240, 95, 98
2026/08/05 04:02:53.555, 0, NVIDIA GeForce RTX 3080, 6842, 3210, 10240, 95, 98
2026/08/05 04:02:53.664, 0, NVIDIA GeForce RTX 3080, 6842, 3210, 10240, 95, 98
2026/08/05 04:02:53.774, 0, NVIDIA GeForce RTX 3080, 6842, 3210, 10240, 95, 98
2026/08/05 04:02:53.883, 0, NVIDIA GeForce RTX 3080, 6842, 3210, 10240, 95, 98
2026/08/05 04:02:53.992, 0, NVIDIA GeForce RTX 3080, 6842, 3210, 10240, 95, 98
2026/08/05 04:02:54.101, 0, NVIDIA GeForce RTX 3080, 6842, 3210, 10240, 95, 98
2026/08/05 04:02:54.209, 0, NVIDIA GeForce RTX 3080, 6842, 3210, 10240, 95, 98
2026/08/05 04:02:54.319, 0, NVIDIA GeForce RTX 3080, 6842, 3210, 10240, 95, 98
2026/08/05 04:02:54.428, 0, NVIDIA GeForce RTX 3080, 6842, 3210, 10240, 95, 98
2026/08/05 04:02:54.537, 0, NVIDIA GeForce RTX 3080, 6842, 3210, 10240, 95, 98
2026/08/05 04:02:54.647, 0, NVIDIA GeForce RTX 3080, 6842, 3210, 10240, 95, 98
2026/08/05 04:02:54.755, 0, NVIDIA GeForce RTX 3080, 6842, 3210, 10240, 95, 98
2026/08/05 04:02:54.865, 0, NVIDIA GeForce RTX 3080, 6842, 3210, 10240, 96, 98
2026/08/05 04:02:54.975, 0, NVIDIA GeForce RTX 3080, 6842, 3210, 10240, 96, 98
2026/08/05 04:02:55.083, 0, NVIDIA GeForce RTX 3080, 6842, 3210, 10240, 96, 98
2026/08/05 04:02:55.193, 0, NVIDIA GeForce RTX 3080, 6842, 3210, 10240, 96, 98
2026/08/05 04:02:55.303, 0, NVIDIA GeForce RTX 3080, 6842, 3210, 10240, 96, 98
2026/08/05 04:02:55.411, 0, NVIDIA GeForce RTX 3080, 6842, 3210, 10240, 97, 98
2026/08/05 04:02:55.521, 0, NVIDIA GeForce RTX 3080, 6842, 3210, 10240, 97, 98
2026/08/05 04:02:55.630, 0, NVIDIA GeForce RTX 3080, 6842, 3210, 10240, 97, 98
2026/08/05 04:02:55.739, 0, NVIDIA GeForce RTX 3080, 6842, 3210, 10240, 97, 98
2026/08/05 04:02:55.849, 0, NVIDIA GeForce RTX 3080, 6842, 3210, 10240, 96, 98
2026/08/05 04:02:55.957, 0, NVIDIA GeForce RTX 3080, 6842, 3210, 10240, 96, 98
2026/08/05 04:02:56.066, 0, NVIDIA GeForce RTX 3080, 6842, 3210, 10240, 96, 98
2026/08/05 04:02:56.175, 0, NVIDIA GeForce RTX 3080, 6842, 3210, 10240, 96, 98
2026/08/05 04:02:56.284, 0, NVIDIA GeForce RTX 3080, 6842, 3210, 10240, 96, 98
2026/08/05 04:02:56.394, 0, NVIDIA GeForce RTX 3080, 6842, 3210, 10240, 97, 98
2026/08/05 04:02:56.503, 0, NVIDIA GeForce RTX 3080, 6842, 3210, 10240, 97, 98
2026/08/05 04:02:56.612, 0, NVIDIA GeForce RTX 3080, 6842, 3210, 10240, 97, 98
2026/08/05 04:02:56.722, 0, NVIDIA GeForce RTX 3080, 6842, 3210, 10240, 97, 98
2026/08/05 04:02:56.831, 0, NVIDIA GeForce RTX 3080, 6842, 3210, 10240, 94, 97
2026/08/05 04:02:56.940, 0, NVIDIA GeForce RTX 3080, 6842, 3210, 10240, 94, 97
2026/08/05 04:02:57.050, 0, NVIDIA GeForce RTX 3080, 6842, 3210, 10240, 94, 97
2026/08/05 04:02:57.158, 0, NVIDIA GeForce RTX 3080, 6842, 3210, 10240, 94, 97
2026/08/05 04:02:57.268, 0, NVIDIA GeForce RTX 3080, 6842, 3210, 10240, 94, 97
2026/08/05 04:02:57.376, 0, NVIDIA GeForce RTX 3080, 6842, 3210, 10240, 95, 98
2026/08/05 04:02:57.485, 0, NVIDIA GeForce RTX 3080, 6842, 3210, 10240, 95, 98
2026/08/05 04:02:57.595, 0, NVIDIA GeForce RTX 3080, 6842, 3210, 10240, 95, 98
2026/08/05 04:02:57.704, 0, NVIDIA GeForce RTX 3080, 6842, 3210, 10240, 95, 98
2026/08/05 04:02:57.813, 0, NVIDIA GeForce RTX 3080, 6842, 3210, 10240, 95, 98
2026/08/05 04:02:57.923, 0, NVIDIA GeForce RTX 3080, 6842, 3210, 10240, 95, 98
2026/08/05 04:02:58.032, 0, NVIDIA GeForce RTX 3080, 6842, 3210, 10240, 95, 98
2026/08/05 04:02:58.141, 0, NVIDIA GeForce RTX 3080, 6842, 3210, 10240, 95, 98
2026/08/05 04:02:58.250, 0, NVIDIA GeForce RTX 3080, 6842, 3210, 10240, 95, 98
2026/08/05 04:02:58.360, 0, NVIDIA GeForce RTX 3080, 6842, 3210, 10240, 95, 98
2026/08/05 04:02:58.469, 0, NVIDIA GeForce RTX 3080, 6842, 3210, 10240, 95, 98
2026/08/05 04:02:58.578, 0, NVIDIA GeForce RTX 3080, 6842, 3210, 10240, 95, 98
2026/08/05 04:02:58.687, 0, NVIDIA GeForce RTX 3080, 6842, 3210, 10240, 95, 98
2026/08/05 04:02:58.797, 0, NVIDIA GeForce RTX 3080, 6842, 3210, 10240, 95, 98
2026/08/05 04:02:58.906, 0, NVIDIA GeForce RTX 3080, 6842, 3210, 10240, 95, 98
2026/08/05 04:02:59.015, 0, NVIDIA GeForce RTX 3080, 6842, 3210, 10240, 95, 98
2026/08/05 04:02:59.125, 0, NVIDIA GeForce RTX 3080, 6842, 3210, 10240, 95, 98
2026/08/05 04:02:59.235, 0, NVIDIA GeForce RTX 3080, 6842, 3210, 10240, 95, 98
2026/08/05 04:02:59.343, 0, NVIDIA GeForce RTX 3080, 6842, 3210, 10240, 96, 98
2026/08/05 04:02:59.452, 0, NVIDIA GeForce RTX 3080, 6842, 3210, 10240, 96, 98
2026/08/05 04:02:59.562, 0, NVIDIA GeForce RTX 3080, 6842, 3210, 10240, 96, 98
2026/08/05 04:02:59.670, 0, NVIDIA GeForce RTX 3080, 6842, 3210, 10240, 96, 98
2026/08/05 04:02:59.779, 0, NVIDIA GeForce RTX 3080, 6842, 3210, 10240, 96, 98
2026/08/05 04:02:59.888, 0, NVIDIA GeForce RTX 3080, 6842, 3210, 10240, 96, 98
2026/08/05 04:02:59.997, 0, NVIDIA GeForce RTX 3080, 6842, 3210, 10240, 96, 98
2026/08/05 04:03:00.106, 0, NVIDIA GeForce RTX 3080, 6842, 3210, 10240, 96, 98
2026/08/05 04:03:00.215, 0, NVIDIA GeForce RTX 3080, 6842, 3210, 10240, 96, 98
2026/08/05 04:03:00.324, 0, NVIDIA GeForce RTX 3080, 6842, 3210, 10240, 96, 98
2026/08/05 04:03:00.433, 0, NVIDIA GeForce RTX 3080, 6842, 3210, 10240, 96, 98
2026/08/05 04:03:00.542, 0, NVIDIA GeForce RTX 3080, 6842, 3210, 10240, 96, 98
2026/08/05 04:03:00.651, 0, NVIDIA GeForce RTX 3080, 6842, 3210, 10240, 96, 98
2026/08/05 04:03:00.761, 0, NVIDIA GeForce RTX 3080, 6842, 3210, 10240, 96, 98
2026/08/05 04:03:00.870, 0, NVIDIA GeForce RTX 3080, 6842, 3210, 10240, 96, 98
2026/08/05 04:03:00.979, 0, NVIDIA GeForce RTX 3080, 6842, 3210, 10240, 96, 98
2026/08/05 04:03:01.088, 0, NVIDIA GeForce RTX 3080, 6842, 3210, 10240, 96, 98
2026/08/05 04:03:01.197, 0, NVIDIA GeForce RTX 3080, 6842, 3210, 10240, 96, 98
2026/08/05 04:03:01.306, 0, NVIDIA GeForce RTX 3080, 6842, 3210, 10240, 96, 98
2026/08/05 04:03:01.415, 0, NVIDIA GeForce RTX 3080, 6842, 3210, 10240, 96, 98
2026/08/05 04:03:01.524, 0, NVIDIA GeForce RTX 3080, 6842, 3210, 10240, 96, 98
2026/08/05 04:03:01.634, 0, NVIDIA GeForce RTX 3080, 6842, 3210, 10240, 96, 98
2026/08/05 04:03:01.742, 0, NVIDIA GeForce RTX 3080, 6842, 3210, 10240, 96, 98
2026/08/05 04:03:01.852, 0, NVIDIA GeForce RTX 3080, 6842, 3210, 10240, 94, 98
2026/08/05 04:03:01.962, 0, NVIDIA GeForce RTX 3080, 6842, 3210, 10240, 94, 98
2026/08/05 04:03:02.070, 0, NVIDIA GeForce RTX 3080, 6842, 3210, 10240, 94, 98
2026/08/05 04:03:02.180, 0, NVIDIA GeForce RTX 3080, 6842, 3210, 10240, 94, 98
2026/08/05 04:03:02.288, 0, NVIDIA GeForce RTX 3080, 6842, 3210, 10240, 94, 98
2026/08/05 04:03:02.397, 0, NVIDIA GeForce RTX 3080, 6842, 3210, 10240, 95, 98
2026/08/05 04:03:02.507, 0, NVIDIA GeForce RTX 3080, 6842, 3210, 10240, 95, 98
2026/08/05 04:03:02.615, 0, NVIDIA GeForce RTX 3080, 6842, 3210, 10240, 95, 98
2026/08/05 04:03:02.725, 0, NVIDIA GeForce RTX 3080, 6842, 3210, 10240, 95, 98
2026/08/05 04:03:02.834, 0, NVIDIA GeForce RTX 3080, 6842, 3210, 10240, 95, 98
2026/08/05 04:03:02.943, 0, NVIDIA GeForce RTX 3080, 6842, 3210, 10240, 95, 98
2026/08/05 04:03:03.052, 0, NVIDIA GeForce RTX 3080, 6842, 3210, 10240, 95, 98
2026/08/05 04:03:03.161, 0, NVIDIA GeForce RTX 3080, 6842, 3210, 10240, 95, 98
2026/08/05 04:03:03.269, 0, NVIDIA GeForce RTX 3080, 6842, 3210, 10240, 95, 98
2026/08/05 04:03:03.379, 0, NVIDIA GeForce RTX 3080, 6842, 3210, 10240, 95, 98
2026/08/05 04:03:03.487, 0, NVIDIA GeForce RTX 3080, 6842, 3210, 10240, 95, 98
2026/08/05 04:03:03.596, 0, NVIDIA GeForce RTX 3080, 6842, 3210, 10240, 95, 98
2026/08/05 04:03:03.706, 0, NVIDIA GeForce RTX 3080, 6842, 3210, 10240, 95, 98
2026/08/05 04:03:03.814, 0, NVIDIA GeForce RTX 3080, 6842, 3210, 10240, 95, 98
2026/08/05 04:03:03.924, 0, NVIDIA GeForce RTX 3080, 6842, 3210, 10240, 96, 98
2026/08/05 04:03:04.032, 0, NVIDIA GeForce RTX 3080, 6842, 3210, 10240, 96, 98
2026/08/05 04:03:04.141, 0, NVIDIA GeForce RTX 3080, 6842, 3210, 10240, 96, 98
2026/08/05 04:03:04.251, 0, NVIDIA GeForce RTX 3080, 6842, 3210, 10240, 96, 98
2026/08/05 04:03:04.360, 0, NVIDIA GeForce RTX 3080, 6842, 3210, 10240, 96, 98
2026/08/05 04:03:04.469, 0, NVIDIA GeForce RTX 3080, 6842, 3210, 10240, 96, 98
2026/08/05 04:03:04.578, 0, NVIDIA GeForce RTX 3080, 6842, 3210, 10240, 96, 98
2026/08/05 04:03:04.687, 0, NVIDIA GeForce RTX 3080, 6842, 3210, 10240, 96, 98
2026/08/05 04:03:04.797, 0, NVIDIA GeForce RTX 3080, 6842, 3210, 10240, 96, 98
2026/08/05 04:03:04.906, 0, NVIDIA GeForce RTX 3080, 6842, 3210, 10240, 96, 98
2026/08/05 04:03:05.015, 0, NVIDIA GeForce RTX 3080, 6842, 3210, 10240, 96, 98
2026/08/05 04:03:05.124, 0, NVIDIA GeForce RTX 3080, 6842, 3210, 10240, 96, 98
2026/08/05 04:03:05.233, 0, NVIDIA GeForce RTX 3080, 6842, 3210, 10240, 96, 98
2026/08/05 04:03:05.342, 0, NVIDIA GeForce RTX 3080, 6842, 3210, 10240, 96, 98
2026/08/05 04:03:05.451, 0, NVIDIA GeForce RTX 3080, 6842, 3210, 10240, 96, 98
2026/08/05 04:03:05.560, 0, NVIDIA GeForce RTX 3080, 6842, 3210, 10240, 96, 98
2026/08/05 04:03:05.669, 0, NVIDIA GeForce RTX 3080, 6842, 3210, 10240, 96, 98
2026/08/05 04:03:05.778, 0, NVIDIA GeForce RTX 3080, 6842, 3210, 10240, 96, 98
2026/08/05 04:03:05.887, 0, NVIDIA GeForce RTX 3080, 6842, 3210, 10240, 95, 98
2026/08/05 04:03:05.997, 0, NVIDIA GeForce RTX 3080, 6842, 3210, 10240, 95, 98
2026/08/05 04:03:06.106, 0, NVIDIA GeForce RTX 3080, 6842, 3210, 10240, 95, 98
2026/08/05 04:03:06.215, 0, NVIDIA GeForce RTX 3080, 6842, 3210, 10240, 95, 98
2026/08/05 04:03:06.324, 0, NVIDIA GeForce RTX 3080, 6842, 3210, 10240, 95, 98
2026/08/05 04:03:06.433, 0, NVIDIA GeForce RTX 3080, 6842, 3210, 10240, 94, 98
2026/08/05 04:03:06.542, 0, NVIDIA GeForce RTX 3080, 6842, 3210, 10240, 94, 98
2026/08/05 04:03:06.651, 0, NVIDIA GeForce RTX 3080, 6842, 3210, 10240, 94, 98
2026/08/05 04:03:06.761, 0, NVIDIA GeForce RTX 3080, 6842, 3210, 10240, 94, 98
2026/08/05 04:03:06.870, 0, NVIDIA GeForce RTX 3080, 6842, 3210, 10240, 94, 98
2026/08/05 04:03:06.979, 0, NVIDIA GeForce RTX 3080, 6842, 3210, 10240, 94, 98
2026/08/05 04:03:07.088, 0, NVIDIA GeForce RTX 3080, 6842, 3210, 10240, 94, 98
2026/08/05 04:03:07.197, 0, NVIDIA GeForce RTX 3080, 6842, 3210, 10240, 94, 98
2026/08/05 04:03:07.306, 0, NVIDIA GeForce RTX 3080, 6842, 3210, 10240, 94, 98
2026/08/05 04:03:07.415, 0, NVIDIA GeForce RTX 3080, 6842, 3210, 10240, 94, 98
2026/08/05 04:03:07.525, 0, NVIDIA GeForce RTX 3080, 6842, 3210, 10240, 94, 98
2026/08/05 04:03:07.634, 0, NVIDIA GeForce RTX 3080, 6842, 3210, 10240, 94, 98
2026/08/05 04:03:07.743, 0, NVIDIA GeForce RTX 3080, 6842, 3210, 10240, 94, 98
2026/08/05 04:03:07.852, 0, NVIDIA GeForce RTX 3080, 6842, 3210, 10240, 94, 98
2026/08/05 04:03:07.961, 0, NVIDIA GeForce RTX 3080, 6842, 3210, 10240, 94, 98
2026/08/05 04:03:08.070, 0, NVIDIA GeForce RTX 3080, 6842, 3210, 10240, 94, 98
2026/08/05 04:03:08.179, 0, NVIDIA GeForce RTX 3080, 6842, 3210, 10240, 94, 98
2026/08/05 04:03:08.288, 0, NVIDIA GeForce RTX 3080, 6842, 3210, 10240, 94, 98
2026/08/05 04:03:08.397, 0, NVIDIA GeForce RTX 3080, 6842, 3210, 10240, 94, 98
2026/08/05 04:03:08.507, 0, NVIDIA GeForce RTX 3080, 6842, 3210, 10240, 94, 98
2026/08/05 04:03:08.616, 0, NVIDIA GeForce RTX 3080, 6842, 3210, 10240, 94, 98
2026/08/05 04:03:08.724, 0, NVIDIA GeForce RTX 3080, 6842, 3210, 10240, 94, 98
2026/08/05 04:03:08.834, 0, NVIDIA GeForce RTX 3080, 6842, 3210, 10240, 97, 98
2026/08/05 04:03:08.943, 0, NVIDIA GeForce RTX 3080, 6842, 3210, 10240, 97, 98
2026/08/05 04:03:09.052, 0, NVIDIA GeForce RTX 3080, 6842, 3210, 10240, 97, 98
2026/08/05 04:03:09.162, 0, NVIDIA GeForce RTX 3080, 6842, 3210, 10240, 97, 98
2026/08/05 04:03:09.271, 0, NVIDIA GeForce RTX 3080, 6842, 3210, 10240, 97, 98
2026/08/05 04:03:09.380, 0, NVIDIA GeForce RTX 3080, 6842, 3210, 10240, 97, 98
2026/08/05 04:03:09.490, 0, NVIDIA GeForce RTX 3080, 6842, 3210, 10240, 97, 98
2026/08/05 04:03:09.599, 0, NVIDIA GeForce RTX 3080, 6842, 3210, 10240, 97, 98
2026/08/05 04:03:09.708, 0, NVIDIA GeForce RTX 3080, 6842, 3210, 10240, 97, 98
2026/08/05 04:03:09.817, 0, NVIDIA GeForce RTX 3080, 6842, 3210, 10240, 97, 98
2026/08/05 04:03:09.926, 0, NVIDIA GeForce RTX 3080, 6842, 3210, 10240, 97, 98
2026/08/05 04:03:10.036, 0, NVIDIA GeForce RTX 3080, 6842, 3210, 10240, 97, 98
2026/08/05 04:03:10.145, 0, NVIDIA GeForce RTX 3080, 6842, 3210, 10240, 97, 98
2026/08/05 04:03:10.254, 0, NVIDIA GeForce RTX 3080, 6842, 3210, 10240, 97, 98
2026/08/05 04:03:10.364, 0, NVIDIA GeForce RTX 3080, 6842, 3210, 10240, 97, 98
2026/08/05 04:03:10.472, 0, NVIDIA GeForce RTX 3080, 6842, 3210, 10240, 97, 98
2026/08/05 04:03:10.582, 0, NVIDIA GeForce RTX 3080, 6842, 3210, 10240, 97, 98
2026/08/05 04:03:10.692, 0, NVIDIA GeForce RTX 3080, 6842, 3210, 10240, 97, 98
2026/08/05 04:03:10.800, 0, NVIDIA GeForce RTX 3080, 6842, 3210, 10240, 97, 98
2026/08/05 04:03:10.910, 0, NVIDIA GeForce RTX 3080, 6842, 3210, 10240, 98, 98
2026/08/05 04:03:11.018, 0, NVIDIA GeForce RTX 3080, 6842, 3210, 10240, 98, 98
2026/08/05 04:03:11.127, 0, NVIDIA GeForce RTX 3080, 6842, 3210, 10240, 98, 98
2026/08/05 04:03:11.237, 0, NVIDIA GeForce RTX 3080, 6842, 3210, 10240, 98, 98
2026/08/05 04:03:11.345, 0, NVIDIA GeForce RTX 3080, 6842, 3210, 10240, 98, 98
2026/08/05 04:03:11.455, 0, NVIDIA GeForce RTX 3080, 6842, 3210, 10240, 98, 98
2026/08/05 04:03:11.565, 0, NVIDIA GeForce RTX 3080, 6842, 3210, 10240, 98, 98
2026/08/05 04:03:11.673, 0, NVIDIA GeForce RTX 3080, 6842, 3210, 10240, 98, 98
2026/08/05 04:03:11.783, 0, NVIDIA GeForce RTX 3080, 6842, 3210, 10240, 98, 98
2026/08/05 04:03:11.892, 0, NVIDIA GeForce RTX 3080, 6842, 3210, 10240, 98, 98
2026/08/05 04:03:12.001, 0, NVIDIA GeForce RTX 3080, 6842, 3210, 10240, 98, 98
2026/08/05 04:03:12.111, 0, NVIDIA GeForce RTX 3080, 6842, 3210, 10240, 98, 98
2026/08/05 04:03:12.220, 0, NVIDIA GeForce RTX 3080, 6842, 3210, 10240, 98, 98
2026/08/05 04:03:12.328, 0, NVIDIA GeForce RTX 3080, 6842, 3210, 10240, 94, 96
2026/08/05 04:03:12.438, 0, NVIDIA GeForce RTX 3080, 6842, 3210, 10240, 94, 96
2026/08/05 04:03:12.546, 0, NVIDIA GeForce RTX 3080, 6842, 3210, 10240, 94, 96
2026/08/05 04:03:12.656, 0, NVIDIA GeForce RTX 3080, 6842, 3210, 10240, 94, 96
2026/08/05 04:03:12.765, 0, NVIDIA GeForce RTX 3080, 6842, 3210, 10240, 94, 96
2026/08/05 04:03:12.874, 0, NVIDIA GeForce RTX 3080, 6842, 3210, 10240, 96, 98
2026/08/05 04:03:12.984, 0, NVIDIA GeForce RTX 3080, 6842, 3210, 10240, 96, 98
2026/08/05 04:03:13.093, 0, NVIDIA GeForce RTX 3080, 6842, 3210, 10240, 96, 98
2026/08/05 04:03:13.202, 0, NVIDIA GeForce RTX 3080, 6842, 3210, 10240, 96, 98
2026/08/05 04:03:13.311, 0, NVIDIA GeForce RTX 3080, 6842, 3210, 10240, 96, 98
2026/08/05 04:03:13.421, 0, NVIDIA GeForce RTX 3080, 6842, 3210, 10240, 96, 98
2026/08/05 04:03:13.530, 0, NVIDIA GeForce RTX 3080, 6842, 3210, 10240, 96, 98
2026/08/05 04:03:13.640, 0, NVIDIA GeForce RTX 3080, 6842, 3210, 10240, 96, 98
2026/08/05 04:03:13.748, 0, NVIDIA GeForce RTX 3080, 6842, 3210, 10240, 96, 98
2026/08/05 04:03:13.858, 0, NVIDIA GeForce RTX 3080, 6842, 3210, 10240, 96, 98
2026/08/05 04:03:13.967, 0, NVIDIA GeForce RTX 3080, 6842, 3210, 10240, 96, 98
2026/08/05 04:03:14.076, 0, NVIDIA GeForce RTX 3080, 6842, 3210, 10240, 96, 98
2026/08/05 04:03:14.186, 0, NVIDIA GeForce RTX 3080, 6842, 3210, 10240, 96, 98
2026/08/05 04:03:14.295, 0, NVIDIA GeForce RTX 3080, 6842, 3210, 10240, 96, 98
2026/08/05 04:03:14.404, 0, NVIDIA GeForce RTX 3080, 6842, 3210, 10240, 96, 97
2026/08/05 04:03:14.513, 0, NVIDIA GeForce RTX 3080, 6842, 3210, 10240, 96, 97
2026/08/05 04:03:14.622, 0, NVIDIA GeForce RTX 3080, 6842, 3210, 10240, 96, 97
2026/08/05 04:03:14.731, 0, NVIDIA GeForce RTX 3080, 6842, 3210, 10240, 96, 97
2026/08/05 04:03:14.840, 0, NVIDIA GeForce RTX 3080, 6842, 3210, 10240, 97, 98
2026/08/05 04:03:14.950, 0, NVIDIA GeForce RTX 3080, 6842, 3210, 10240, 97, 98
2026/08/05 04:03:15.059, 0, NVIDIA GeForce RTX 3080, 6842, 3210, 10240, 97, 98
2026/08/05 04:03:15.168, 0, NVIDIA GeForce RTX 3080, 6842, 3210, 10240, 97, 98
2026/08/05 04:03:15.277, 0, NVIDIA GeForce RTX 3080, 6842, 3210, 10240, 97, 98
2026/08/05 04:03:15.386, 0, NVIDIA GeForce RTX 3080, 6842, 3210, 10240, 97, 98
2026/08/05 04:03:15.496, 0, NVIDIA GeForce RTX 3080, 6842, 3210, 10240, 97, 98
2026/08/05 04:03:15.605, 0, NVIDIA GeForce RTX 3080, 6842, 3210, 10240, 97, 98
2026/08/05 04:03:15.714, 0, NVIDIA GeForce RTX 3080, 6842, 3210, 10240, 97, 98
2026/08/05 04:03:15.823, 0, NVIDIA GeForce RTX 3080, 6842, 3210, 10240, 97, 98
2026/08/05 04:03:15.932, 0, NVIDIA GeForce RTX 3080, 6842, 3210, 10240, 97, 98
2026/08/05 04:03:16.041, 0, NVIDIA GeForce RTX 3080, 6842, 3210, 10240, 97, 98
2026/08/05 04:03:16.151, 0, NVIDIA GeForce RTX 3080, 6842, 3210, 10240, 97, 98
2026/08/05 04:03:16.259, 0, NVIDIA GeForce RTX 3080, 6842, 3210, 10240, 97, 98
2026/08/05 04:03:16.369, 0, NVIDIA GeForce RTX 3080, 6842, 3210, 10240, 96, 98
2026/08/05 04:03:16.478, 0, NVIDIA GeForce RTX 3080, 6842, 3210, 10240, 96, 98
2026/08/05 04:03:16.587, 0, NVIDIA GeForce RTX 3080, 6842, 3210, 10240, 96, 98
2026/08/05 04:03:16.697, 0, NVIDIA GeForce RTX 3080, 6842, 3210, 10240, 96, 98
2026/08/05 04:03:16.805, 0, NVIDIA GeForce RTX 3080, 6842, 3210, 10240, 96, 98
2026/08/05 04:03:16.915, 0, NVIDIA GeForce RTX 3080, 6842, 3210, 10240, 96, 98
2026/08/05 04:03:17.025, 0, NVIDIA GeForce RTX 3080, 6842, 3210, 10240, 96, 98
2026/08/05 04:03:17.133, 0, NVIDIA GeForce RTX 3080, 6842, 3210, 10240, 96, 98
2026/08/05 04:03:17.243, 0, NVIDIA GeForce RTX 3080, 6842, 3210, 10240, 96, 98
2026/08/05 04:03:17.353, 0, NVIDIA GeForce RTX 3080, 6842, 3210, 10240, 96, 98
2026/08/05 04:03:17.460, 0, NVIDIA GeForce RTX 3080, 6842, 3210, 10240, 96, 98
2026/08/05 04:03:17.570, 0, NVIDIA GeForce RTX 3080, 6842, 3210, 10240, 96, 98
2026/08/05 04:03:17.677, 0, NVIDIA GeForce RTX 3080, 6842, 3210, 10240, 96, 98
2026/08/05 04:03:17.787, 0, NVIDIA GeForce RTX 3080, 6842, 3210, 10240, 96, 98
2026/08/05 04:03:17.897, 0, NVIDIA GeForce RTX 3080, 6842, 3210, 10240, 96, 98
2026/08/05 04:03:18.005, 0, NVIDIA GeForce RTX 3080, 6842, 3210, 10240, 96, 98
2026/08/05 04:03:18.115, 0, NVIDIA GeForce RTX 3080, 6842, 3210, 10240, 96, 98
2026/08/05 04:03:18.223, 0, NVIDIA GeForce RTX 3080, 6842, 3210, 10240, 96, 98
2026/08/05 04:03:18.332, 0, NVIDIA GeForce RTX 3080, 6842, 3210, 10240, 95, 97
2026/08/05 04:03:18.442, 0, NVIDIA GeForce RTX 3080, 6842, 3210, 10240, 95, 97
2026/08/05 04:03:18.551, 0, NVIDIA GeForce RTX 3080, 6842, 3210, 10240, 95, 97
2026/08/05 04:03:18.660, 0, NVIDIA GeForce RTX 3080, 6842, 3210, 10240, 95, 97
2026/08/05 04:03:18.769, 0, NVIDIA GeForce RTX 3080, 6842, 3210, 10240, 95, 97
2026/08/05 04:03:18.878, 0, NVIDIA GeForce RTX 3080, 6842, 3210, 10240, 97, 98
2026/08/05 04:03:18.988, 0, NVIDIA GeForce RTX 3080, 6842, 3210, 10240, 97, 98
2026/08/05 04:03:19.097, 0, NVIDIA GeForce RTX 3080, 6842, 3210, 10240, 97, 98
2026/08/05 04:03:19.206, 0, NVIDIA GeForce RTX 3080, 6842, 3210, 10240, 97, 98
2026/08/05 04:03:19.316, 0, NVIDIA GeForce RTX 3080, 6842, 3210, 10240, 97, 98
2026/08/05 04:03:19.424, 0, NVIDIA GeForce RTX 3080, 6842, 3210, 10240, 97, 98
2026/08/05 04:03:19.533, 0, NVIDIA GeForce RTX 3080, 6842, 3210, 10240, 97, 98
2026/08/05 04:03:19.643, 0, NVIDIA GeForce RTX 3080, 6842, 3210, 10240, 97, 98
2026/08/05 04:03:19.751, 0, NVIDIA GeForce RTX 3080, 6842, 3210, 10240, 97, 98
2026/08/05 04:03:19.860, 0, NVIDIA GeForce RTX 3080, 6842, 3210, 10240, 97, 98
2026/08/05 04:03:19.969, 0, NVIDIA GeForce RTX 3080, 6842, 3210, 10240, 97, 98
2026/08/05 04:03:20.077, 0, NVIDIA GeForce RTX 3080, 6842, 3210, 10240, 97, 98
2026/08/05 04:03:20.186, 0, NVIDIA GeForce RTX 3080, 6842, 3210, 10240, 97, 98
2026/08/05 04:03:20.295, 0, NVIDIA GeForce RTX 3080, 6842, 3210, 10240, 97, 98
2026/08/05 04:03:20.404, 0, NVIDIA GeForce RTX 3080, 6842, 3210, 10240, 97, 98
2026/08/05 04:03:20.513, 0, NVIDIA GeForce RTX 3080, 6842, 3210, 10240, 97, 98
2026/08/05 04:03:20.622, 0, NVIDIA GeForce RTX 3080, 6842, 3210, 10240, 97, 98
2026/08/05 04:03:20.731, 0, NVIDIA GeForce RTX 3080, 6842, 3210, 10240, 97, 98
2026/08/05 04:03:20.841, 0, NVIDIA GeForce RTX 3080, 6842, 3210, 10240, 96, 98
2026/08/05 04:03:20.950, 0, NVIDIA GeForce RTX 3080, 6842, 3210, 10240, 96, 98
2026/08/05 04:03:21.059, 0, NVIDIA GeForce RTX 3080, 6842, 3210, 10240, 96, 98
2026/08/05 04:03:21.168, 0, NVIDIA GeForce RTX 3080, 6842, 3210, 10240, 96, 98
2026/08/05 04:03:21.277, 0, NVIDIA GeForce RTX 3080, 6842, 3210, 10240, 96, 98
2026/08/05 04:03:21.387, 0, NVIDIA GeForce RTX 3080, 6842, 3210, 10240, 96, 98
2026/08/05 04:03:21.496, 0, NVIDIA GeForce RTX 3080, 6842, 3210, 10240, 96, 98
2026/08/05 04:03:21.605, 0, NVIDIA GeForce RTX 3080, 6842, 3210, 10240, 96, 98
2026/08/05 04:03:21.714, 0, NVIDIA GeForce RTX 3080, 6842, 3210, 10240, 96, 98
2026/08/05 04:03:21.823, 0, NVIDIA GeForce RTX 3080, 6842, 3210, 10240, 96, 98
2026/08/05 04:03:21.932, 0, NVIDIA GeForce RTX 3080, 6842, 3210, 10240, 96, 98
2026/08/05 04:03:22.041, 0, NVIDIA GeForce RTX 3080, 6842, 3210, 10240, 96, 98
2026/08/05 04:03:22.151, 0, NVIDIA GeForce RTX 3080, 6842, 3210, 10240, 96, 98
2026/08/05 04:03:22.260, 0, NVIDIA GeForce RTX 3080, 6842, 3210, 10240, 96, 98
2026/08/05 04:03:22.369, 0, NVIDIA GeForce RTX 3080, 6842, 3210, 10240, 96, 98
2026/08/05 04:03:22.478, 0, NVIDIA GeForce RTX 3080, 6842, 3210, 10240, 96, 98
2026/08/05 04:03:22.588, 0, NVIDIA GeForce RTX 3080, 6842, 3210, 10240, 96, 98
2026/08/05 04:03:22.696, 0, NVIDIA GeForce RTX 3080, 6842, 3210, 10240, 96, 98
2026/08/05 04:03:22.805, 0, NVIDIA GeForce RTX 3080, 6842, 3210, 10240, 96, 98
2026/08/05 04:03:22.914, 0, NVIDIA GeForce RTX 3080, 6842, 3210, 10240, 96, 98
2026/08/05 04:03:23.023, 0, NVIDIA GeForce RTX 3080, 6842, 3210, 10240, 96, 98
2026/08/05 04:03:23.132, 0, NVIDIA GeForce RTX 3080, 6842, 3210, 10240, 96, 98
2026/08/05 04:03:23.241, 0, NVIDIA GeForce RTX 3080, 6842, 3210, 10240, 96, 98
2026/08/05 04:03:23.351, 0, NVIDIA GeForce RTX 3080, 6842, 3210, 10240, 96, 98
2026/08/05 04:03:23.460, 0, NVIDIA GeForce RTX 3080, 6842, 3210, 10240, 96, 98
2026/08/05 04:03:23.569, 0, NVIDIA GeForce RTX 3080, 6842, 3210, 10240, 96, 98
2026/08/05 04:03:23.678, 0, NVIDIA GeForce RTX 3080, 6842, 3210, 10240, 96, 98
2026/08/05 04:03:23.787, 0, NVIDIA GeForce RTX 3080, 6842, 3210, 10240, 96, 98
2026/08/05 04:03:23.896, 0, NVIDIA GeForce RTX 3080, 6842, 3210, 10240, 97, 98
2026/08/05 04:03:24.005, 0, NVIDIA GeForce RTX 3080, 6842, 3210, 10240, 97, 98
2026/08/05 04:03:24.114, 0, NVIDIA GeForce RTX 3080, 6842, 3210, 10240, 97, 98
2026/08/05 04:03:24.224, 0, NVIDIA GeForce RTX 3080, 6842, 3210, 10240, 97, 98
2026/08/05 04:03:24.333, 0, NVIDIA GeForce RTX 3080, 6842, 3210, 10240, 97, 98
2026/08/05 04:03:24.442, 0, NVIDIA GeForce RTX 3080, 6842, 3210, 10240, 97, 98
2026/08/05 04:03:24.551, 0, NVIDIA GeForce RTX 3080, 6842, 3210, 10240, 97, 98
2026/08/05 04:03:24.660, 0, NVIDIA GeForce RTX 3080, 6842, 3210, 10240, 97, 98
2026/08/05 04:03:24.769, 0, NVIDIA GeForce RTX 3080, 6842, 3210, 10240, 97, 98
2026/08/05 04:03:24.878, 0, NVIDIA GeForce RTX 3080, 6842, 3210, 10240, 95, 98
2026/08/05 04:03:24.987, 0, NVIDIA GeForce RTX 3080, 6842, 3210, 10240, 95, 98
2026/08/05 04:03:25.097, 0, NVIDIA GeForce RTX 3080, 6842, 3210, 10240, 95, 98
2026/08/05 04:03:25.206, 0, NVIDIA GeForce RTX 3080, 6842, 3210, 10240, 95, 98
2026/08/05 04:03:25.316, 0, NVIDIA GeForce RTX 3080, 6842, 3210, 10240, 95, 98
2026/08/05 04:03:25.425, 0, NVIDIA GeForce RTX 3080, 6842, 3210, 10240, 95, 98
2026/08/05 04:03:25.534, 0, NVIDIA GeForce RTX 3080, 6842, 3210, 10240, 95, 98
2026/08/05 04:03:25.643, 0, NVIDIA GeForce RTX 3080, 6842, 3210, 10240, 95, 98
2026/08/05 04:03:25.752, 0, NVIDIA GeForce RTX 3080, 6842, 3210, 10240, 95, 98
2026/08/05 04:03:25.861, 0, NVIDIA GeForce RTX 3080, 6842, 3210, 10240, 95, 98
2026/08/05 04:03:25.970, 0, NVIDIA GeForce RTX 3080, 6842, 3210, 10240, 95, 98
2026/08/05 04:03:26.080, 0, NVIDIA GeForce RTX 3080, 6842, 3210, 10240, 95, 98
2026/08/05 04:03:26.188, 0, NVIDIA GeForce RTX 3080, 6842, 3210, 10240, 95, 98
2026/08/05 04:03:26.298, 0, NVIDIA GeForce RTX 3080, 6842, 3210, 10240, 95, 98
2026/08/05 04:03:26.407, 0, NVIDIA GeForce RTX 3080, 6842, 3210, 10240, 95, 98
2026/08/05 04:03:26.516, 0, NVIDIA GeForce RTX 3080, 6842, 3210, 10240, 95, 98
2026/08/05 04:03:26.626, 0, NVIDIA GeForce RTX 3080, 6842, 3210, 10240, 95, 98
2026/08/05 04:03:26.735, 0, NVIDIA GeForce RTX 3080, 6842, 3210, 10240, 95, 98
2026/08/05 04:03:26.845, 0, NVIDIA GeForce RTX 3080, 6842, 3210, 10240, 95, 98
2026/08/05 04:03:26.954, 0, NVIDIA GeForce RTX 3080, 6842, 3210, 10240, 95, 98
2026/08/05 04:03:27.063, 0, NVIDIA GeForce RTX 3080, 6842, 3210, 10240, 95, 98
2026/08/05 04:03:27.172, 0, NVIDIA GeForce RTX 3080, 6842, 3210, 10240, 95, 98
2026/08/05 04:03:27.281, 0, NVIDIA GeForce RTX 3080, 6842, 3210, 10240, 95, 98
2026/08/05 04:03:27.390, 0, NVIDIA GeForce RTX 3080, 6842, 3210, 10240, 96, 98
2026/08/05 04:03:27.499, 0, NVIDIA GeForce RTX 3080, 6842, 3210, 10240, 96, 98
2026/08/05 04:03:27.608, 0, NVIDIA GeForce RTX 3080, 6842, 3210, 10240, 96, 98
2026/08/05 04:03:27.717, 0, NVIDIA GeForce RTX 3080, 6842, 3210, 10240, 96, 98
2026/08/05 04:03:27.827, 0, NVIDIA GeForce RTX 3080, 6842, 3210, 10240, 96, 98
2026/08/05 04:03:27.936, 0, NVIDIA GeForce RTX 3080, 6842, 3210, 10240, 96, 98
2026/08/05 04:03:28.045, 0, NVIDIA GeForce RTX 3080, 6842, 3210, 10240, 96, 98
2026/08/05 04:03:28.155, 0, NVIDIA GeForce RTX 3080, 6842, 3210, 10240, 96, 98
2026/08/05 04:03:28.263, 0, NVIDIA GeForce RTX 3080, 6842, 3210, 10240, 96, 98
2026/08/05 04:03:28.373, 0, NVIDIA GeForce RTX 3080, 6842, 3210, 10240, 96, 98
2026/08/05 04:03:28.481, 0, NVIDIA GeForce RTX 3080, 6842, 3210, 10240, 96, 98
2026/08/05 04:03:28.590, 0, NVIDIA GeForce RTX 3080, 6842, 3210, 10240, 96, 98
2026/08/05 04:03:28.700, 0, NVIDIA GeForce RTX 3080, 6842, 3210, 10240, 96, 98
2026/08/05 04:03:28.808, 0, NVIDIA GeForce RTX 3080, 6842, 3210, 10240, 96, 98
2026/08/05 04:03:28.918, 0, NVIDIA GeForce RTX 3080, 6842, 3210, 10240, 96, 98
2026/08/05 04:03:29.027, 0, NVIDIA GeForce RTX 3080, 6842, 3210, 10240, 96, 98
2026/08/05 04:03:29.136, 0, NVIDIA GeForce RTX 3080, 6842, 3210, 10240, 96, 98
2026/08/05 04:03:29.245, 0, NVIDIA GeForce RTX 3080, 6842, 3210, 10240, 96, 98
2026/08/05 04:03:29.355, 0, NVIDIA GeForce RTX 3080, 6842, 3210, 10240, 95, 98
2026/08/05 04:03:29.463, 0, NVIDIA GeForce RTX 3080, 6842, 3210, 10240, 95, 98
2026/08/05 04:03:29.573, 0, NVIDIA GeForce RTX 3080, 6842, 3210, 10240, 95, 98
2026/08/05 04:03:29.683, 0, NVIDIA GeForce RTX 3080, 6842, 3210, 10240, 95, 98
2026/08/05 04:03:29.791, 0, NVIDIA GeForce RTX 3080, 6842, 3210, 10240, 95, 98
2026/08/05 04:03:29.901, 0, NVIDIA GeForce RTX 3080, 6842, 3210, 10240, 95, 98
2026/08/05 04:03:30.010, 0, NVIDIA GeForce RTX 3080, 6842, 3210, 10240, 95, 98
2026/08/05 04:03:30.118, 0, NVIDIA GeForce RTX 3080, 6842, 3210, 10240, 95, 98
2026/08/05 04:03:30.228, 0, NVIDIA GeForce RTX 3080, 6842, 3210, 10240, 95, 98
2026/08/05 04:03:30.336, 0, NVIDIA GeForce RTX 3080, 6842, 3210, 10240, 95, 98
2026/08/05 04:03:30.445, 0, NVIDIA GeForce RTX 3080, 6842, 3210, 10240, 95, 98
2026/08/05 04:03:30.554, 0, NVIDIA GeForce RTX 3080, 6842, 3210, 10240, 95, 98
2026/08/05 04:03:30.663, 0, NVIDIA GeForce RTX 3080, 6842, 3210, 10240, 95, 98
2026/08/05 04:03:30.773, 0, NVIDIA GeForce RTX 3080, 6842, 3210, 10240, 95, 98
2026/08/05 04:03:30.882, 0, NVIDIA GeForce RTX 3080, 6842, 3210, 10240, 95, 98
2026/08/05 04:03:30.991, 0, NVIDIA GeForce RTX 3080, 6842, 3210, 10240, 95, 98
2026/08/05 04:03:31.101, 0, NVIDIA GeForce RTX 3080, 6842, 3210, 10240, 95, 98
2026/08/05 04:03:31.210, 0, NVIDIA GeForce RTX 3080, 6842, 3210, 10240, 95, 98
2026/08/05 04:03:31.319, 0, NVIDIA GeForce RTX 3080, 6842, 3210, 10240, 95, 98
2026/08/05 04:03:31.428, 0, NVIDIA GeForce RTX 3080, 6842, 3210, 10240, 94, 98
2026/08/05 04:03:31.537, 0, NVIDIA GeForce RTX 3080, 6842, 3210, 10240, 94, 98
2026/08/05 04:03:31.646, 0, NVIDIA GeForce RTX 3080, 6842, 3210, 10240, 94, 98
2026/08/05 04:03:31.755, 0, NVIDIA GeForce RTX 3080, 6842, 3210, 10240, 94, 98
2026/08/05 04:03:31.864, 0, NVIDIA GeForce RTX 3080, 6842, 3210, 10240, 96, 98
2026/08/05 04:03:31.974, 0, NVIDIA GeForce RTX 3080, 6842, 3210, 10240, 96, 98
2026/08/05 04:03:32.082, 0, NVIDIA GeForce RTX 3080, 6842, 3210, 10240, 96, 98
2026/08/05 04:03:32.191, 0, NVIDIA GeForce RTX 3080, 6842, 3210, 10240, 96, 98
2026/08/05 04:03:32.301, 0, NVIDIA GeForce RTX 3080, 6842, 3210, 10240, 96, 98
2026/08/05 04:03:32.410, 0, NVIDIA GeForce RTX 3080, 6842, 3210, 10240, 96, 98
2026/08/05 04:03:32.519, 0, NVIDIA GeForce RTX 3080, 6842, 3210, 10240, 96, 98
2026/08/05 04:03:32.628, 0, NVIDIA GeForce RTX 3080, 6842, 3210, 10240, 96, 98
2026/08/05 04:03:32.737, 0, NVIDIA GeForce RTX 3080, 6842, 3210, 10240, 96, 98
2026/08/05 04:03:32.845, 0, NVIDIA GeForce RTX 3080, 6842, 3210, 10240, 96, 98
2026/08/05 04:03:32.954, 0, NVIDIA GeForce RTX 3080, 6842, 3210, 10240, 96, 98
2026/08/05 04:03:33.063, 0, NVIDIA GeForce RTX 3080, 6842, 3210, 10240, 96, 98
2026/08/05 04:03:33.173, 0, NVIDIA GeForce RTX 3080, 6842, 3210, 10240, 96, 98
2026/08/05 04:03:33.282, 0, NVIDIA GeForce RTX 3080, 6842, 3210, 10240, 96, 98
2026/08/05 04:03:33.391, 0, NVIDIA GeForce RTX 3080, 6842, 3210, 10240, 96, 98
2026/08/05 04:03:33.500, 0, NVIDIA GeForce RTX 3080, 6842, 3210, 10240, 96, 98
2026/08/05 04:03:33.610, 0, NVIDIA GeForce RTX 3080, 6842, 3210, 10240, 96, 98
2026/08/05 04:03:33.719, 0, NVIDIA GeForce RTX 3080, 6842, 3210, 10240, 96, 98
2026/08/05 04:03:33.828, 0, NVIDIA GeForce RTX 3080, 6842, 3210, 10240, 96, 98
2026/08/05 04:03:33.937, 0, NVIDIA GeForce RTX 3080, 6842, 3210, 10240, 96, 98
2026/08/05 04:03:34.046, 0, NVIDIA GeForce RTX 3080, 6842, 3210, 10240, 96, 98
2026/08/05 04:03:34.155, 0, NVIDIA GeForce RTX 3080, 6842, 3210, 10240, 96, 98
2026/08/05 04:03:34.264, 0, NVIDIA GeForce RTX 3080, 6842, 3210, 10240, 96, 98
2026/08/05 04:03:34.373, 0, NVIDIA GeForce RTX 3080, 6842, 3210, 10240, 94, 98
2026/08/05 04:03:34.482, 0, NVIDIA GeForce RTX 3080, 6842, 3210, 10240, 94, 98
2026/08/05 04:03:34.591, 0, NVIDIA GeForce RTX 3080, 6842, 3210, 10240, 94, 98
2026/08/05 04:03:34.700, 0, NVIDIA GeForce RTX 3080, 6842, 3210, 10240, 94, 98
2026/08/05 04:03:34.810, 0, NVIDIA GeForce RTX 3080, 6842, 3210, 10240, 94, 98
2026/08/05 04:03:34.919, 0, NVIDIA GeForce RTX 3080, 6842, 3210, 10240, 94, 98
2026/08/05 04:03:35.028, 0, NVIDIA GeForce RTX 3080, 6842, 3210, 10240, 94, 98
2026/08/05 04:03:35.137, 0, NVIDIA GeForce RTX 3080, 6842, 3210, 10240, 94, 98
2026/08/05 04:03:35.247, 0, NVIDIA GeForce RTX 3080, 6842, 3210, 10240, 94, 98
2026/08/05 04:03:35.356, 0, NVIDIA GeForce RTX 3080, 6842, 3210, 10240, 94, 98
2026/08/05 04:03:35.465, 0, NVIDIA GeForce RTX 3080, 6842, 3210, 10240, 94, 98
2026/08/05 04:03:35.574, 0, NVIDIA GeForce RTX 3080, 6842, 3210, 10240, 94, 98
2026/08/05 04:03:35.682, 0, NVIDIA GeForce RTX 3080, 6842, 3210, 10240, 94, 98
2026/08/05 04:03:35.791, 0, NVIDIA GeForce RTX 3080, 6842, 3210, 10240, 94, 98
2026/08/05 04:03:35.900, 0, NVIDIA GeForce RTX 3080, 6842, 3210, 10240, 94, 98
2026/08/05 04:03:36.010, 0, NVIDIA GeForce RTX 3080, 6842, 3210, 10240, 94, 98
2026/08/05 04:03:36.119, 0, NVIDIA GeForce RTX 3080, 6842, 3210, 10240, 94, 98
2026/08/05 04:03:36.228, 0, NVIDIA GeForce RTX 3080, 6842, 3210, 10240, 94, 98
2026/08/05 04:03:36.337, 0, NVIDIA GeForce RTX 3080, 6842, 3210, 10240, 94, 98
2026/08/05 04:03:36.446, 0, NVIDIA GeForce RTX 3080, 6842, 3210, 10240, 94, 98
2026/08/05 04:03:36.556, 0, NVIDIA GeForce RTX 3080, 6842, 3210, 10240, 94, 98
2026/08/05 04:03:36.665, 0, NVIDIA GeForce RTX 3080, 6842, 3210, 10240, 94, 98
2026/08/05 04:03:36.774, 0, NVIDIA GeForce RTX 3080, 6842, 3210, 10240, 94, 98
2026/08/05 04:03:36.884, 0, NVIDIA GeForce RTX 3080, 6842, 3210, 10240, 97, 98
2026/08/05 04:03:36.993, 0, NVIDIA GeForce RTX 3080, 6842, 3210, 10240, 97, 98
2026/08/05 04:03:37.102, 0, NVIDIA GeForce RTX 3080, 6842, 3210, 10240, 97, 98
2026/08/05 04:03:37.211, 0, NVIDIA GeForce RTX 3080, 6842, 3210, 10240, 97, 98
2026/08/05 04:03:37.320, 0, NVIDIA GeForce RTX 3080, 6842, 3210, 10240, 97, 98
2026/08/05 04:03:37.429, 0, NVIDIA GeForce RTX 3080, 6842, 3210, 10240, 96, 98
2026/08/05 04:03:37.538, 0, NVIDIA GeForce RTX 3080, 6842, 3210, 10240, 96, 98
2026/08/05 04:03:37.646, 0, NVIDIA GeForce RTX 3080, 6842, 3210, 10240, 96, 98
2026/08/05 04:03:37.756, 0, NVIDIA GeForce RTX 3080, 6842, 3210, 10240, 96, 98
2026/08/05 04:03:37.864, 0, NVIDIA GeForce RTX 3080, 6842, 3210, 10240, 97, 98
2026/08/05 04:03:37.974, 0, NVIDIA GeForce RTX 3080, 6842, 3210, 10240, 97, 98
2026/08/05 04:03:38.083, 0, NVIDIA GeForce RTX 3080, 6842, 3210, 10240, 97, 98
2026/08/05 04:03:38.191, 0, NVIDIA GeForce RTX 3080, 6842, 3210, 10240, 97, 98
2026/08/05 04:03:38.301, 0, NVIDIA GeForce RTX 3080, 6842, 3210, 10240, 97, 98
2026/08/05 04:03:38.410, 0, NVIDIA GeForce RTX 3080, 6842, 3210, 10240, 96, 96
2026/08/05 04:03:38.519, 0, NVIDIA GeForce RTX 3080, 6842, 3210, 10240, 96, 96
2026/08/05 04:03:38.628, 0, NVIDIA GeForce RTX 3080, 6842, 3210, 10240, 96, 96
2026/08/05 04:03:38.736, 0, NVIDIA GeForce RTX 3080, 6842, 3210, 10240, 96, 96
2026/08/05 04:03:38.845, 0, NVIDIA GeForce RTX 3080, 6842, 3210, 10240, 98, 98
2026/08/05 04:03:38.954, 0, NVIDIA GeForce RTX 3080, 6842, 3210, 10240, 98, 98
2026/08/05 04:03:39.063, 0, NVIDIA GeForce RTX 3080, 6842, 3210, 10240, 98, 98
2026/08/05 04:03:39.173, 0, NVIDIA GeForce RTX 3080, 6842, 3210, 10240, 98, 98
2026/08/05 04:03:39.281, 0, NVIDIA GeForce RTX 3080, 6842, 3210, 10240, 98, 98
2026/08/05 04:03:39.390, 0, NVIDIA GeForce RTX 3080, 6842, 3210, 10240, 98, 98
2026/08/05 04:03:39.499, 0, NVIDIA GeForce RTX 3080, 6842, 3210, 10240, 98, 98
2026/08/05 04:03:39.608, 0, NVIDIA GeForce RTX 3080, 6842, 3210, 10240, 98, 98
2026/08/05 04:03:39.717, 0, NVIDIA GeForce RTX 3080, 6842, 3210, 10240, 98, 98
2026/08/05 04:03:39.827, 0, NVIDIA GeForce RTX 3080, 6842, 3210, 10240, 98, 98
2026/08/05 04:03:39.936, 0, NVIDIA GeForce RTX 3080, 6842, 3210, 10240, 98, 98
2026/08/05 04:03:40.045, 0, NVIDIA GeForce RTX 3080, 6842, 3210, 10240, 98, 98
2026/08/05 04:03:40.154, 0, NVIDIA GeForce RTX 3080, 6842, 3210, 10240, 98, 98
2026/08/05 04:03:40.263, 0, NVIDIA GeForce RTX 3080, 6842, 3210, 10240, 98, 98
2026/08/05 04:03:40.372, 0, NVIDIA GeForce RTX 3080, 6842, 3210, 10240, 96, 98
2026/08/05 04:03:40.482, 0, NVIDIA GeForce RTX 3080, 6842, 3210, 10240, 96, 98
2026/08/05 04:03:40.591, 0, NVIDIA GeForce RTX 3080, 6842, 3210, 10240, 96, 98
2026/08/05 04:03:40.700, 0, NVIDIA GeForce RTX 3080, 6842, 3210, 10240, 96, 98
2026/08/05 04:03:40.810, 0, NVIDIA GeForce RTX 3080, 6842, 3210, 10240, 96, 98
2026/08/05 04:03:40.918, 0, NVIDIA GeForce RTX 3080, 6842, 3210, 10240, 96, 98
2026/08/05 04:03:41.028, 0, NVIDIA GeForce RTX 3080, 6842, 3210, 10240, 96, 98
2026/08/05 04:03:41.137, 0, NVIDIA GeForce RTX 3080, 6842, 3210, 10240, 96, 98
2026/08/05 04:03:41.246, 0, NVIDIA GeForce RTX 3080, 6842, 3210, 10240, 96, 98
2026/08/05 04:03:41.356, 0, NVIDIA GeForce RTX 3080, 6842, 3210, 10240, 96, 98
2026/08/05 04:03:41.464, 0, NVIDIA GeForce RTX 3080, 6842, 3210, 10240, 96, 98
2026/08/05 04:03:41.574, 0, NVIDIA GeForce RTX 3080, 6842, 3210, 10240, 96, 98
2026/08/05 04:03:41.683, 0, NVIDIA GeForce RTX 3080, 6842, 3210, 10240, 96, 98
2026/08/05 04:03:41.791, 0, NVIDIA GeForce RTX 3080, 6842, 3210, 10240, 96, 98
2026/08/05 04:03:41.901, 0, NVIDIA GeForce RTX 3080, 6842, 3210, 10240, 96, 98
2026/08/05 04:03:42.010, 0, NVIDIA GeForce RTX 3080, 6842, 3210, 10240, 96, 98
2026/08/05 04:03:42.119, 0, NVIDIA GeForce RTX 3080, 6842, 3210, 10240, 96, 98
2026/08/05 04:03:42.228, 0, NVIDIA GeForce RTX 3080, 6842, 3210, 10240, 96, 98
2026/08/05 04:03:42.336, 0, NVIDIA GeForce RTX 3080, 6842, 3210, 10240, 97, 98
2026/08/05 04:03:42.446, 0, NVIDIA GeForce RTX 3080, 6842, 3210, 10240, 97, 98
2026/08/05 04:03:42.556, 0, NVIDIA GeForce RTX 3080, 6842, 3210, 10240, 97, 98
2026/08/05 04:03:42.664, 0, NVIDIA GeForce RTX 3080, 6842, 3210, 10240, 97, 98
2026/08/05 04:03:42.774, 0, NVIDIA GeForce RTX 3080, 6842, 3210, 10240, 97, 98
2026/08/05 04:03:42.882, 0, NVIDIA GeForce RTX 3080, 6842, 3210, 10240, 97, 98
2026/08/05 04:03:42.991, 0, NVIDIA GeForce RTX 3080, 6842, 3210, 10240, 97, 98
2026/08/05 04:03:43.100, 0, NVIDIA GeForce RTX 3080, 6842, 3210, 10240, 97, 98
2026/08/05 04:03:43.210, 0, NVIDIA GeForce RTX 3080, 6842, 3210, 10240, 97, 98
2026/08/05 04:03:43.319, 0, NVIDIA GeForce RTX 3080, 6842, 3210, 10240, 97, 98
2026/08/05 04:03:43.428, 0, NVIDIA GeForce RTX 3080, 6842, 3210, 10240, 97, 98
2026/08/05 04:03:43.537, 0, NVIDIA GeForce RTX 3080, 6842, 3210, 10240, 97, 98
2026/08/05 04:03:43.647, 0, NVIDIA GeForce RTX 3080, 6842, 3210, 10240, 97, 98
2026/08/05 04:03:43.756, 0, NVIDIA GeForce RTX 3080, 6842, 3210, 10240, 97, 98
2026/08/05 04:03:43.865, 0, NVIDIA GeForce RTX 3080, 6842, 3210, 10240, 97, 98
2026/08/05 04:03:43.974, 0, NVIDIA GeForce RTX 3080, 6842, 3210, 10240, 97, 98
2026/08/05 04:03:44.084, 0, NVIDIA GeForce RTX 3080, 6842, 3210, 10240, 97, 98
2026/08/05 04:03:44.193, 0, NVIDIA GeForce RTX 3080, 6842, 3210, 10240, 97, 98
2026/08/05 04:03:44.302, 0, NVIDIA GeForce RTX 3080, 6842, 3210, 10240, 97, 98
2026/08/05 04:03:44.411, 0, NVIDIA GeForce RTX 3080, 6842, 3210, 10240, 96, 98
2026/08/05 04:03:44.520, 0, NVIDIA GeForce RTX 3080, 6842, 3210, 10240, 96, 98
2026/08/05 04:03:44.629, 0, NVIDIA GeForce RTX 3080, 6842, 3210, 10240, 96, 98
2026/08/05 04:03:44.738, 0, NVIDIA GeForce RTX 3080, 6842, 3210, 10240, 96, 98
2026/08/05 04:03:44.847, 0, NVIDIA GeForce RTX 3080, 6842, 3210, 10240, 96, 98
2026/08/05 04:03:44.957, 0, NVIDIA GeForce RTX 3080, 6842, 3210, 10240, 96, 98
2026/08/05 04:03:45.066, 0, NVIDIA GeForce RTX 3080, 6842, 3210, 10240, 96, 98
2026/08/05 04:03:45.175, 0, NVIDIA GeForce RTX 3080, 6842, 3210, 10240, 96, 98
2026/08/05 04:03:45.283, 0, NVIDIA GeForce RTX 3080, 6842, 3210, 10240, 96, 98
2026/08/05 04:03:45.392, 0, NVIDIA GeForce RTX 3080, 6842, 3210, 10240, 96, 98
2026/08/05 04:03:45.501, 0, NVIDIA GeForce RTX 3080, 6842, 3210, 10240, 96, 98
2026/08/05 04:03:45.611, 0, NVIDIA GeForce RTX 3080, 6842, 3210, 10240, 96, 98
2026/08/05 04:03:45.719, 0, NVIDIA GeForce RTX 3080, 6842, 3210, 10240, 96, 98
2026/08/05 04:03:45.829, 0, NVIDIA GeForce RTX 3080, 6842, 3210, 10240, 96, 98
2026/08/05 04:03:45.938, 0, NVIDIA GeForce RTX 3080, 6842, 3210, 10240, 96, 98
2026/08/05 04:03:46.047, 0, NVIDIA GeForce RTX 3080, 6842, 3210, 10240, 96, 98
2026/08/05 04:03:46.157, 0, NVIDIA GeForce RTX 3080, 6842, 3210, 10240, 96, 98
2026/08/05 04:03:46.266, 0, NVIDIA GeForce RTX 3080, 6842, 3210, 10240, 96, 98
2026/08/05 04:03:46.375, 0, NVIDIA GeForce RTX 3080, 6842, 3210, 10240, 97, 98
2026/08/05 04:03:46.484, 0, NVIDIA GeForce RTX 3080, 6842, 3210, 10240, 97, 98
2026/08/05 04:03:46.592, 0, NVIDIA GeForce RTX 3080, 6842, 3210, 10240, 97, 98
2026/08/05 04:03:46.702, 0, NVIDIA GeForce RTX 3080, 6842, 3210, 10240, 97, 98
2026/08/05 04:03:46.812, 0, NVIDIA GeForce RTX 3080, 6842, 3210, 10240, 97, 98
2026/08/05 04:03:46.929, 0, NVIDIA GeForce RTX 3080, 6842, 3210, 10240, 97, 98
2026/08/05 04:03:47.038, 0, NVIDIA GeForce RTX 3080, 6842, 3210, 10240, 97, 98
2026/08/05 04:03:47.148, 0, NVIDIA GeForce RTX 3080, 6842, 3210, 10240, 97, 98
2026/08/05 04:03:47.256, 0, NVIDIA GeForce RTX 3080, 6842, 3210, 10240, 97, 98
2026/08/05 04:03:47.366, 0, NVIDIA GeForce RTX 3080, 6842, 3210, 10240, 97, 98
2026/08/05 04:03:47.475, 0, NVIDIA GeForce RTX 3080, 6842, 3210, 10240, 97, 98
2026/08/05 04:03:47.583, 0, NVIDIA GeForce RTX 3080, 6842, 3210, 10240, 97, 98
2026/08/05 04:03:47.693, 0, NVIDIA GeForce RTX 3080, 6842, 3210, 10240, 97, 98
2026/08/05 04:03:47.803, 0, NVIDIA GeForce RTX 3080, 6842, 3210, 10240, 97, 98
2026/08/05 04:03:47.911, 0, NVIDIA GeForce RTX 3080, 6842, 3210, 10240, 97, 98
2026/08/05 04:03:48.021, 0, NVIDIA GeForce RTX 3080, 6842, 3210, 10240, 97, 98
2026/08/05 04:03:48.130, 0, NVIDIA GeForce RTX 3080, 6842, 3210, 10240, 97, 98
2026/08/05 04:03:48.239, 0, NVIDIA GeForce RTX 3080, 6842, 3210, 10240, 97, 98
2026/08/05 04:03:48.348, 0, NVIDIA GeForce RTX 3080, 6842, 3210, 10240, 95, 98
2026/08/05 04:03:48.456, 0, NVIDIA GeForce RTX 3080, 6842, 3210, 10240, 95, 98
2026/08/05 04:03:48.566, 0, NVIDIA GeForce RTX 3080, 6842, 3210, 10240, 95, 98
2026/08/05 04:03:48.675, 0, NVIDIA GeForce RTX 3080, 6842, 3210, 10240, 95, 98
2026/08/05 04:03:48.784, 0, NVIDIA GeForce RTX 3080, 6842, 3210, 10240, 95, 98
2026/08/05 04:03:48.893, 0, NVIDIA GeForce RTX 3080, 6842, 3210, 10240, 96, 98
2026/08/05 04:03:49.002, 0, NVIDIA GeForce RTX 3080, 6842, 3210, 10240, 96, 98
2026/08/05 04:03:49.111, 0, NVIDIA GeForce RTX 3080, 6842, 3210, 10240, 96, 98
2026/08/05 04:03:49.220, 0, NVIDIA GeForce RTX 3080, 6842, 3210, 10240, 96, 98
2026/08/05 04:03:49.329, 0, NVIDIA GeForce RTX 3080, 6842, 3210, 10240, 96, 98
2026/08/05 04:03:49.437, 0, NVIDIA GeForce RTX 3080, 6842, 3210, 10240, 96, 98
2026/08/05 04:03:49.547, 0, NVIDIA GeForce RTX 3080, 6842, 3210, 10240, 96, 98
2026/08/05 04:03:49.655, 0, NVIDIA GeForce RTX 3080, 6842, 3210, 10240, 96, 98
2026/08/05 04:03:49.765, 0, NVIDIA GeForce RTX 3080, 6842, 3210, 10240, 96, 98
2026/08/05 04:03:49.875, 0, NVIDIA GeForce RTX 3080, 6842, 3210, 10240, 96, 98
2026/08/05 04:03:49.983, 0, NVIDIA GeForce RTX 3080, 6842, 3210, 10240, 96, 98
2026/08/05 04:03:50.093, 0, NVIDIA GeForce RTX 3080, 6842, 3210, 10240, 96, 98
2026/08/05 04:03:50.202, 0, NVIDIA GeForce RTX 3080, 6842, 3210, 10240, 96, 98
2026/08/05 04:03:50.311, 0, NVIDIA GeForce RTX 3080, 6842, 3210, 10240, 96, 98
2026/08/05 04:03:50.421, 0, NVIDIA GeForce RTX 3080, 6842, 3210, 10240, 95, 98
2026/08/05 04:03:50.527, 0, NVIDIA GeForce RTX 3080, 6842, 3210, 10240, 95, 98
2026/08/05 04:03:50.637, 0, NVIDIA GeForce RTX 3080, 6842, 3210, 10240, 95, 98
2026/08/05 04:03:50.746, 0, NVIDIA GeForce RTX 3080, 6842, 3210, 10240, 95, 98
2026/08/05 04:03:50.855, 0, NVIDIA GeForce RTX 3080, 6842, 3210, 10240, 97, 98
2026/08/05 04:03:50.965, 0, NVIDIA GeForce RTX 3080, 6842, 3210, 10240, 97, 98
2026/08/05 04:03:51.073, 0, NVIDIA GeForce RTX 3080, 6842, 3210, 10240, 97, 98
2026/08/05 04:03:51.182, 0, NVIDIA GeForce RTX 3080, 6842, 3210, 10240, 97, 98
2026/08/05 04:03:51.291, 0, NVIDIA GeForce RTX 3080, 6842, 3210, 10240, 97, 98
2026/08/05 04:03:51.401, 0, NVIDIA GeForce RTX 3080, 6842, 3210, 10240, 97, 98
2026/08/05 04:03:51.510, 0, NVIDIA GeForce RTX 3080, 6842, 3210, 10240, 97, 98
2026/08/05 04:03:51.619, 0, NVIDIA GeForce RTX 3080, 6842, 3210, 10240, 97, 98
2026/08/05 04:03:51.728, 0, NVIDIA GeForce RTX 3080, 6842, 3210, 10240, 97, 98
2026/08/05 04:03:51.837, 0, NVIDIA GeForce RTX 3080, 6842, 3210, 10240, 96, 98
2026/08/05 04:03:51.947, 0, NVIDIA GeForce RTX 3080, 6842, 3210, 10240, 96, 98
2026/08/05 04:03:52.056, 0, NVIDIA GeForce RTX 3080, 6842, 3210, 10240, 96, 98
2026/08/05 04:03:52.165, 0, NVIDIA GeForce RTX 3080, 6842, 3210, 10240, 96, 98
2026/08/05 04:03:52.275, 0, NVIDIA GeForce RTX 3080, 6842, 3210, 10240, 96, 98
2026/08/05 04:03:52.383, 0, NVIDIA GeForce RTX 3080, 6842, 3210, 10240, 97, 98
2026/08/05 04:03:52.493, 0, NVIDIA GeForce RTX 3080, 6842, 3210, 10240, 97, 98
2026/08/05 04:03:52.602, 0, NVIDIA GeForce RTX 3080, 6842, 3210, 10240, 97, 98
2026/08/05 04:03:52.710, 0, NVIDIA GeForce RTX 3080, 6842, 3210, 10240, 97, 98
2026/08/05 04:03:52.820, 0, NVIDIA GeForce RTX 3080, 6842, 3210, 10240, 97, 98
2026/08/05 04:03:52.929, 0, NVIDIA GeForce RTX 3080, 6842, 3210, 10240, 95, 98
2026/08/05 04:03:53.037, 0, NVIDIA GeForce RTX 3080, 6842, 3210, 10240, 95, 98
2026/08/05 04:03:53.147, 0, NVIDIA GeForce RTX 3080, 6842, 3210, 10240, 95, 98
2026/08/05 04:03:53.255, 0, NVIDIA GeForce RTX 3080, 6842, 3210, 10240, 95, 98
2026/08/05 04:03:53.365, 0, NVIDIA GeForce RTX 3080, 6842, 3210, 10240, 95, 98
2026/08/05 04:03:53.475, 0, NVIDIA GeForce RTX 3080, 6842, 3210, 10240, 95, 98
2026/08/05 04:03:53.583, 0, NVIDIA GeForce RTX 3080, 6842, 3210, 10240, 95, 98
2026/08/05 04:03:53.693, 0, NVIDIA GeForce RTX 3080, 6842, 3210, 10240, 95, 98
2026/08/05 04:03:53.801, 0, NVIDIA GeForce RTX 3080, 6842, 3210, 10240, 95, 98
2026/08/05 04:03:53.910, 0, NVIDIA GeForce RTX 3080, 6842, 3210, 10240, 95, 98
2026/08/05 04:03:54.020, 0, NVIDIA GeForce RTX 3080, 6842, 3210, 10240, 95, 98
2026/08/05 04:03:54.128, 0, NVIDIA GeForce RTX 3080, 6842, 3210, 10240, 95, 98
2026/08/05 04:03:54.238, 0, NVIDIA GeForce RTX 3080, 6842, 3210, 10240, 95, 98
2026/08/05 04:03:54.347, 0, NVIDIA GeForce RTX 3080, 6842, 3210, 10240, 95, 98
2026/08/05 04:03:54.456, 0, NVIDIA GeForce RTX 3080, 6842, 3210, 10240, 95, 98
2026/08/05 04:03:54.565, 0, NVIDIA GeForce RTX 3080, 6842, 3210, 10240, 95, 98
2026/08/05 04:03:54.673, 0, NVIDIA GeForce RTX 3080, 6842, 3210, 10240, 95, 98
2026/08/05 04:03:54.782, 0, NVIDIA GeForce RTX 3080, 6842, 3210, 10240, 95, 98
2026/08/05 04:03:54.892, 0, NVIDIA GeForce RTX 3080, 6842, 3210, 10240, 94, 97
2026/08/05 04:03:55.001, 0, NVIDIA GeForce RTX 3080, 6842, 3210, 10240, 94, 97
2026/08/05 04:03:55.110, 0, NVIDIA GeForce RTX 3080, 6842, 3210, 10240, 94, 97
2026/08/05 04:03:55.219, 0, NVIDIA GeForce RTX 3080, 6842, 3210, 10240, 94, 97
2026/08/05 04:03:55.328, 0, NVIDIA GeForce RTX 3080, 6842, 3210, 10240, 96, 98
2026/08/05 04:03:55.438, 0, NVIDIA GeForce RTX 3080, 6842, 3210, 10240, 96, 98
2026/08/05 04:03:55.547, 0, NVIDIA GeForce RTX 3080, 6842, 3210, 10240, 96, 98
2026/08/05 04:03:55.656, 0, NVIDIA GeForce RTX 3080, 6842, 3210, 10240, 96, 98
2026/08/05 04:03:55.766, 0, NVIDIA GeForce RTX 3080, 6842, 3210, 10240, 96, 98
2026/08/05 04:03:55.874, 0, NVIDIA GeForce RTX 3080, 6842, 3210, 10240, 96, 98
2026/08/05 04:03:55.983, 0, NVIDIA GeForce RTX 3080, 6842, 3210, 10240, 96, 98
2026/08/05 04:03:56.092, 0, NVIDIA GeForce RTX 3080, 6842, 3210, 10240, 96, 98
2026/08/05 04:03:56.201, 0, NVIDIA GeForce RTX 3080, 6842, 3210, 10240, 96, 98
2026/08/05 04:03:56.310, 0, NVIDIA GeForce RTX 3080, 6842, 3210, 10240, 96, 98
2026/08/05 04:03:56.419, 0, NVIDIA GeForce RTX 3080, 6842, 3210, 10240, 96, 98
2026/08/05 04:03:56.528, 0, NVIDIA GeForce RTX 3080, 6842, 3210, 10240, 96, 98
2026/08/05 04:03:56.637, 0, NVIDIA GeForce RTX 3080, 6842, 3210, 10240, 96, 98
2026/08/05 04:03:56.747, 0, NVIDIA GeForce RTX 3080, 6842, 3210, 10240, 96, 98
2026/08/05 04:03:56.856, 0, NVIDIA GeForce RTX 3080, 6842, 3210, 10240, 96, 98
2026/08/05 04:03:56.965, 0, NVIDIA GeForce RTX 3080, 6842, 3210, 10240, 96, 98
2026/08/05 04:03:57.075, 0, NVIDIA GeForce RTX 3080, 6842, 3210, 10240, 96, 98
2026/08/05 04:03:57.183, 0, NVIDIA GeForce RTX 3080, 6842, 3210, 10240, 96, 98
2026/08/05 04:03:57.293, 0, NVIDIA GeForce RTX 3080, 6842, 3210, 10240, 96, 98
2026/08/05 04:03:57.402, 0, NVIDIA GeForce RTX 3080, 6842, 3210, 10240, 95, 98
2026/08/05 04:03:57.510, 0, NVIDIA GeForce RTX 3080, 6842, 3210, 10240, 95, 98
2026/08/05 04:03:57.620, 0, NVIDIA GeForce RTX 3080, 6842, 3210, 10240, 95, 98
2026/08/05 04:03:57.730, 0, NVIDIA GeForce RTX 3080, 6842, 3210, 10240, 95, 98
2026/08/05 04:03:57.838, 0, NVIDIA GeForce RTX 3080, 6842, 3210, 10240, 94, 98
2026/08/05 04:03:57.948, 0, NVIDIA GeForce RTX 3080, 6842, 3210, 10240, 94, 98
2026/08/05 04:03:58.056, 0, NVIDIA GeForce RTX 3080, 6842, 3210, 10240, 94, 98
2026/08/05 04:03:58.165, 0, NVIDIA GeForce RTX 3080, 6842, 3210, 10240, 94, 98
2026/08/05 04:03:58.275, 0, NVIDIA GeForce RTX 3080, 6842, 3210, 10240, 94, 98
2026/08/05 04:03:58.383, 0, NVIDIA GeForce RTX 3080, 6842, 3210, 10240, 94, 98
2026/08/05 04:03:58.493, 0, NVIDIA GeForce RTX 3080, 6842, 3210, 10240, 94, 98
2026/08/05 04:03:58.601, 0, NVIDIA GeForce RTX 3080, 6842, 3210, 10240, 94, 98
2026/08/05 04:03:58.710, 0, NVIDIA GeForce RTX 3080, 6842, 3210, 10240, 94, 98
2026/08/05 04:03:58.819, 0, NVIDIA GeForce RTX 3080, 6842, 3210, 10240, 94, 98
2026/08/05 04:03:58.928, 0, NVIDIA GeForce RTX 3080, 6842, 3210, 10240, 95, 98
2026/08/05 04:03:59.038, 0, NVIDIA GeForce RTX 3080, 6842, 3210, 10240, 95, 98
2026/08/05 04:03:59.147, 0, NVIDIA GeForce RTX 3080, 6842, 3210, 10240, 95, 98
2026/08/05 04:03:59.255, 0, NVIDIA GeForce RTX 3080, 6842, 3210, 10240, 95, 98
2026/08/05 04:03:59.365, 0, NVIDIA GeForce RTX 3080, 6842, 3210, 10240, 94, 98
2026/08/05 04:03:59.475, 0, NVIDIA GeForce RTX 3080, 6842, 3210, 10240, 94, 98
2026/08/05 04:03:59.583, 0, NVIDIA GeForce RTX 3080, 6842, 3210, 10240, 94, 98
2026/08/05 04:03:59.693, 0, NVIDIA GeForce RTX 3080, 6842, 3210, 10240, 94, 98
2026/08/05 04:03:59.802, 0, NVIDIA GeForce RTX 3080, 6842, 3210, 10240, 94, 98
2026/08/05 04:03:59.910, 0, NVIDIA GeForce RTX 3080, 6842, 3210, 10240, 96, 98
2026/08/05 04:04:00.020, 0, NVIDIA GeForce RTX 3080, 6842, 3210, 10240, 96, 98
2026/08/05 04:04:00.128, 0, NVIDIA GeForce RTX 3080, 6842, 3210, 10240, 96, 98
2026/08/05 04:04:00.238, 0, NVIDIA GeForce RTX 3080, 6842, 3210, 10240, 96, 98
2026/08/05 04:04:00.348, 0, NVIDIA GeForce RTX 3080, 6842, 3210, 10240, 96, 98
2026/08/05 04:04:00.456, 0, NVIDIA GeForce RTX 3080, 6842, 3210, 10240, 96, 98
2026/08/05 04:04:00.565, 0, NVIDIA GeForce RTX 3080, 6842, 3210, 10240, 96, 98
2026/08/05 04:04:00.674, 0, NVIDIA GeForce RTX 3080, 6842, 3210, 10240, 96, 98
2026/08/05 04:04:00.783, 0, NVIDIA GeForce RTX 3080, 6842, 3210, 10240, 96, 98
2026/08/05 04:04:00.893, 0, NVIDIA GeForce RTX 3080, 6842, 3210, 10240, 96, 98
2026/08/05 04:04:01.002, 0, NVIDIA GeForce RTX 3080, 6842, 3210, 10240, 96, 98
2026/08/05 04:04:01.111, 0, NVIDIA GeForce RTX 3080, 6842, 3210, 10240, 96, 98
2026/08/05 04:04:01.220, 0, NVIDIA GeForce RTX 3080, 6842, 3210, 10240, 96, 98
2026/08/05 04:04:01.329, 0, NVIDIA GeForce RTX 3080, 6842, 3210, 10240, 95, 98
2026/08/05 04:04:01.438, 0, NVIDIA GeForce RTX 3080, 6842, 3210, 10240, 95, 98
2026/08/05 04:04:01.547, 0, NVIDIA GeForce RTX 3080, 6842, 3210, 10240, 95, 98
2026/08/05 04:04:01.656, 0, NVIDIA GeForce RTX 3080, 6842, 3210, 10240, 95, 98
2026/08/05 04:04:01.766, 0, NVIDIA GeForce RTX 3080, 6842, 3210, 10240, 95, 98
2026/08/05 04:04:01.875, 0, NVIDIA GeForce RTX 3080, 6842, 3210, 10240, 93, 97
2026/08/05 04:04:01.984, 0, NVIDIA GeForce RTX 3080, 6842, 3210, 10240, 93, 97
2026/08/05 04:04:02.088, 0, NVIDIA GeForce RTX 3080, 6842, 3210, 10240, 93, 97
2026/08/05 04:04:02.196, 0, NVIDIA GeForce RTX 3080, 6842, 3210, 10240, 93, 97
2026/08/05 04:04:02.306, 0, NVIDIA GeForce RTX 3080, 6842, 3210, 10240, 93, 97
2026/08/05 04:04:02.416, 0, NVIDIA GeForce RTX 3080, 6842, 3210, 10240, 94, 98
2026/08/05 04:04:02.524, 0, NVIDIA GeForce RTX 3080, 6842, 3210, 10240, 94, 98
2026/08/05 04:04:02.634, 0, NVIDIA GeForce RTX 3080, 6842, 3210, 10240, 94, 98
2026/08/05 04:04:02.744, 0, NVIDIA GeForce RTX 3080, 6842, 3210, 10240, 94, 98
2026/08/05 04:04:02.852, 0, NVIDIA GeForce RTX 3080, 6842, 3210, 10240, 94, 98
2026/08/05 04:04:02.962, 0, NVIDIA GeForce RTX 3080, 6842, 3210, 10240, 94, 98
2026/08/05 04:04:03.070, 0, NVIDIA GeForce RTX 3080, 6842, 3210, 10240, 94, 98
2026/08/05 04:04:03.179, 0, NVIDIA GeForce RTX 3080, 6842, 3210, 10240, 94, 98
2026/08/05 04:04:03.289, 0, NVIDIA GeForce RTX 3080, 6842, 3210, 10240, 94, 98
2026/08/05 04:04:03.397, 0, NVIDIA GeForce RTX 3080, 6842, 3210, 10240, 94, 98
2026/08/05 04:04:03.506, 0, NVIDIA GeForce RTX 3080, 6842, 3210, 10240, 94, 98
2026/08/05 04:04:03.615, 0, NVIDIA GeForce RTX 3080, 6842, 3210, 10240, 94, 98
2026/08/05 04:04:03.724, 0, NVIDIA GeForce RTX 3080, 6842, 3210, 10240, 94, 98
2026/08/05 04:04:03.834, 0, NVIDIA GeForce RTX 3080, 6842, 3210, 10240, 94, 98
2026/08/05 04:04:03.943, 0, NVIDIA GeForce RTX 3080, 6842, 3210, 10240, 94, 98
2026/08/05 04:04:04.052, 0, NVIDIA GeForce RTX 3080, 6842, 3210, 10240, 94, 98
2026/08/05 04:04:04.161, 0, NVIDIA GeForce RTX 3080, 6842, 3210, 10240, 94, 98
2026/08/05 04:04:04.270, 0, NVIDIA GeForce RTX 3080, 6842, 3210, 10240, 94, 98
2026/08/05 04:04:04.378, 0, NVIDIA GeForce RTX 3080, 6842, 3210, 10240, 93, 95
2026/08/05 04:04:04.488, 0, NVIDIA GeForce RTX 3080, 6842, 3210, 10240, 93, 95
2026/08/05 04:04:04.596, 0, NVIDIA GeForce RTX 3080, 6842, 3210, 10240, 93, 95
2026/08/05 04:04:04.706, 0, NVIDIA GeForce RTX 3080, 6842, 3210, 10240, 93, 95
2026/08/05 04:04:04.815, 0, NVIDIA GeForce RTX 3080, 6842, 3210, 10240, 93, 95
2026/08/05 04:04:04.923, 0, NVIDIA GeForce RTX 3080, 6842, 3210, 10240, 97, 98
2026/08/05 04:04:05.033, 0, NVIDIA GeForce RTX 3080, 6842, 3210, 10240, 97, 98
2026/08/05 04:04:05.143, 0, NVIDIA GeForce RTX 3080, 6842, 3210, 10240, 97, 98
2026/08/05 04:04:05.251, 0, NVIDIA GeForce RTX 3080, 6842, 3210, 10240, 97, 98
2026/08/05 04:04:05.361, 0, NVIDIA GeForce RTX 3080, 6842, 3210, 10240, 97, 98
2026/08/05 04:04:05.470, 0, NVIDIA GeForce RTX 3080, 6842, 3210, 10240, 97, 98
2026/08/05 04:04:05.579, 0, NVIDIA GeForce RTX 3080, 6842, 3210, 10240, 97, 98
2026/08/05 04:04:05.689, 0, NVIDIA GeForce RTX 3080, 6842, 3210, 10240, 97, 98
2026/08/05 04:04:05.797, 0, NVIDIA GeForce RTX 3080, 6842, 3210, 10240, 97, 98
2026/08/05 04:04:05.907, 0, NVIDIA GeForce RTX 3080, 6842, 3210, 10240, 97, 98
2026/08/05 04:04:06.015, 0, NVIDIA GeForce RTX 3080, 6842, 3210, 10240, 97, 98
2026/08/05 04:04:06.124, 0, NVIDIA GeForce RTX 3080, 6842, 3210, 10240, 97, 98
2026/08/05 04:04:06.234, 0, NVIDIA GeForce RTX 3080, 6842, 3210, 10240, 97, 98
2026/08/05 04:04:06.343, 0, NVIDIA GeForce RTX 3080, 6842, 3210, 10240, 98, 98
2026/08/05 04:04:06.452, 0, NVIDIA GeForce RTX 3080, 6842, 3210, 10240, 98, 98
2026/08/05 04:04:06.562, 0, NVIDIA GeForce RTX 3080, 6842, 3210, 10240, 98, 98
2026/08/05 04:04:06.670, 0, NVIDIA GeForce RTX 3080, 6842, 3210, 10240, 98, 98
2026/08/05 04:04:06.779, 0, NVIDIA GeForce RTX 3080, 6842, 3210, 10240, 98, 98
2026/08/05 04:04:06.888, 0, NVIDIA GeForce RTX 3080, 6842, 3210, 10240, 98, 98
2026/08/05 04:04:06.997, 0, NVIDIA GeForce RTX 3080, 6842, 3210, 10240, 98, 98
2026/08/05 04:04:07.107, 0, NVIDIA GeForce RTX 3080, 6842, 3210, 10240, 98, 98
2026/08/05 04:04:07.216, 0, NVIDIA GeForce RTX 3080, 6842, 3210, 10240, 98, 98
2026/08/05 04:04:07.325, 0, NVIDIA GeForce RTX 3080, 6842, 3210, 10240, 98, 98
2026/08/05 04:04:07.435, 0, NVIDIA GeForce RTX 3080, 6842, 3210, 10240, 98, 98
2026/08/05 04:04:07.544, 0, NVIDIA GeForce RTX 3080, 6842, 3210, 10240, 98, 98
2026/08/05 04:04:07.653, 0, NVIDIA GeForce RTX 3080, 6842, 3210, 10240, 98, 98
2026/08/05 04:04:07.763, 0, NVIDIA GeForce RTX 3080, 6842, 3210, 10240, 98, 98
2026/08/05 04:04:07.872, 0, NVIDIA GeForce RTX 3080, 6842, 3210, 10240, 98, 98
2026/08/05 04:04:07.981, 0, NVIDIA GeForce RTX 3080, 6842, 3210, 10240, 98, 98
2026/08/05 04:04:08.090, 0, NVIDIA GeForce RTX 3080, 6842, 3210, 10240, 98, 98
2026/08/05 04:04:08.199, 0, NVIDIA GeForce RTX 3080, 6842, 3210, 10240, 98, 98
2026/08/05 04:04:08.308, 0, NVIDIA GeForce RTX 3080, 6842, 3210, 10240, 98, 98
2026/08/05 04:04:08.417, 0, NVIDIA GeForce RTX 3080, 6842, 3210, 10240, 96, 98
2026/08/05 04:04:08.526, 0, NVIDIA GeForce RTX 3080, 6842, 3210, 10240, 96, 98
2026/08/05 04:04:08.635, 0, NVIDIA GeForce RTX 3080, 6842, 3210, 10240, 96, 98
2026/08/05 04:04:08.744, 0, NVIDIA GeForce RTX 3080, 6842, 3210, 10240, 96, 98
2026/08/05 04:04:08.853, 0, NVIDIA GeForce RTX 3080, 6842, 3210, 10240, 95, 98
2026/08/05 04:04:08.962, 0, NVIDIA GeForce RTX 3080, 6842, 3210, 10240, 95, 98
2026/08/05 04:04:09.072, 0, NVIDIA GeForce RTX 3080, 6842, 3210, 10240, 95, 98
2026/08/05 04:04:09.181, 0, NVIDIA GeForce RTX 3080, 6842, 3210, 10240, 95, 98
2026/08/05 04:04:09.290, 0, NVIDIA GeForce RTX 3080, 6842, 3210, 10240, 95, 98
2026/08/05 04:04:09.399, 0, NVIDIA GeForce RTX 3080, 6842, 3210, 10240, 96, 98
2026/08/05 04:04:09.507, 0, NVIDIA GeForce RTX 3080, 6842, 3210, 10240, 96, 98
2026/08/05 04:04:09.617, 0, NVIDIA GeForce RTX 3080, 6842, 3210, 10240, 96, 98
2026/08/05 04:04:09.725, 0, NVIDIA GeForce RTX 3080, 6842, 3210, 10240, 96, 98
2026/08/05 04:04:09.835, 0, NVIDIA GeForce RTX 3080, 6842, 3210, 10240, 95, 98
2026/08/05 04:04:09.945, 0, NVIDIA GeForce RTX 3080, 6842, 3210, 10240, 95, 98
2026/08/05 04:04:10.053, 0, NVIDIA GeForce RTX 3080, 6842, 3210, 10240, 95, 98
2026/08/05 04:04:10.163, 0, NVIDIA GeForce RTX 3080, 6842, 3210, 10240, 95, 98
2026/08/05 04:04:10.273, 0, NVIDIA GeForce RTX 3080, 6842, 3210, 10240, 95, 98
2026/08/05 04:04:10.381, 0, NVIDIA GeForce RTX 3080, 6842, 3210, 10240, 97, 98
2026/08/05 04:04:10.491, 0, NVIDIA GeForce RTX 3080, 6842, 3210, 10240, 97, 98
2026/08/05 04:04:10.600, 0, NVIDIA GeForce RTX 3080, 6842, 3210, 10240, 97, 98
2026/08/05 04:04:10.709, 0, NVIDIA GeForce RTX 3080, 6842, 3210, 10240, 97, 98
2026/08/05 04:04:10.818, 0, NVIDIA GeForce RTX 3080, 6842, 3210, 10240, 97, 98
2026/08/05 04:04:10.927, 0, NVIDIA GeForce RTX 3080, 6842, 3210, 10240, 97, 98
2026/08/05 04:04:11.037, 0, NVIDIA GeForce RTX 3080, 6842, 3210, 10240, 97, 98
2026/08/05 04:04:11.145, 0, NVIDIA GeForce RTX 3080, 6842, 3210, 10240, 97, 98
2026/08/05 04:04:11.254, 0, NVIDIA GeForce RTX 3080, 6842, 3210, 10240, 97, 98
2026/08/05 04:04:11.363, 0, NVIDIA GeForce RTX 3080, 6842, 3210, 10240, 97, 98
2026/08/05 04:04:11.472, 0, NVIDIA GeForce RTX 3080, 6842, 3210, 10240, 97, 98
2026/08/05 04:04:11.581, 0, NVIDIA GeForce RTX 3080, 6842, 3210, 10240, 97, 98
2026/08/05 04:04:11.690, 0, NVIDIA GeForce RTX 3080, 6842, 3210, 10240, 97, 98
2026/08/05 04:04:11.800, 0, NVIDIA GeForce RTX 3080, 6842, 3210, 10240, 97, 98
2026/08/05 04:04:11.909, 0, NVIDIA GeForce RTX 3080, 6842, 3210, 10240, 97, 98
2026/08/05 04:04:12.018, 0, NVIDIA GeForce RTX 3080, 6842, 3210, 10240, 97, 98
2026/08/05 04:04:12.127, 0, NVIDIA GeForce RTX 3080, 6842, 3210, 10240, 97, 98
2026/08/05 04:04:12.235, 0, NVIDIA GeForce RTX 3080, 6842, 3210, 10240, 97, 98
2026/08/05 04:04:12.345, 0, NVIDIA GeForce RTX 3080, 6842, 3210, 10240, 96, 98
2026/08/05 04:04:12.454, 0, NVIDIA GeForce RTX 3080, 6842, 3210, 10240, 96, 98
2026/08/05 04:04:12.563, 0, NVIDIA GeForce RTX 3080, 6842, 3210, 10240, 96, 98
2026/08/05 04:04:12.673, 0, NVIDIA GeForce RTX 3080, 6842, 3210, 10240, 96, 98
2026/08/05 04:04:12.782, 0, NVIDIA GeForce RTX 3080, 6842, 3210, 10240, 96, 98
2026/08/05 04:04:12.890, 0, NVIDIA GeForce RTX 3080, 6842, 3210, 10240, 96, 98
2026/08/05 04:04:13.000, 0, NVIDIA GeForce RTX 3080, 6842, 3210, 10240, 96, 98
2026/08/05 04:04:13.108, 0, NVIDIA GeForce RTX 3080, 6842, 3210, 10240, 96, 98
2026/08/05 04:04:13.218, 0, NVIDIA GeForce RTX 3080, 6842, 3210, 10240, 96, 98
2026/08/05 04:04:13.326, 0, NVIDIA GeForce RTX 3080, 6842, 3210, 10240, 96, 98
2026/08/05 04:04:13.436, 0, NVIDIA GeForce RTX 3080, 6842, 3210, 10240, 96, 98
2026/08/05 04:04:13.546, 0, NVIDIA GeForce RTX 3080, 6842, 3210, 10240, 96, 98
2026/08/05 04:04:13.653, 0, NVIDIA GeForce RTX 3080, 6842, 3210, 10240, 96, 98
2026/08/05 04:04:13.763, 0, NVIDIA GeForce RTX 3080, 6842, 3210, 10240, 96, 98
2026/08/05 04:04:13.873, 0, NVIDIA GeForce RTX 3080, 6842, 3210, 10240, 95, 98
2026/08/05 04:04:13.981, 0, NVIDIA GeForce RTX 3080, 6842, 3210, 10240, 95, 98
2026/08/05 04:04:14.091, 0, NVIDIA GeForce RTX 3080, 6842, 3210, 10240, 95, 98
2026/08/05 04:04:14.200, 0, NVIDIA GeForce RTX 3080, 6842, 3210, 10240, 95, 98
2026/08/05 04:04:14.309, 0, NVIDIA GeForce RTX 3080, 6842, 3210, 10240, 95, 98
2026/08/05 04:04:14.419, 0, NVIDIA GeForce RTX 3080, 6842, 3210, 10240, 97, 98
2026/08/05 04:04:14.527, 0, NVIDIA GeForce RTX 3080, 6842, 3210, 10240, 97, 98
2026/08/05 04:04:14.637, 0, NVIDIA GeForce RTX 3080, 6842, 3210, 10240, 97, 98
2026/08/05 04:04:14.745, 0, NVIDIA GeForce RTX 3080, 6842, 3210, 10240, 97, 98
2026/08/05 04:04:14.854, 0, NVIDIA GeForce RTX 3080, 6842, 3210, 10240, 97, 98
2026/08/05 04:04:14.964, 0, NVIDIA GeForce RTX 3080, 6842, 3210, 10240, 97, 98
2026/08/05 04:04:15.073, 0, NVIDIA GeForce RTX 3080, 6842, 3210, 10240, 97, 98
2026/08/05 04:04:15.182, 0, NVIDIA GeForce RTX 3080, 6842, 3210, 10240, 97, 98
2026/08/05 04:04:15.291, 0, NVIDIA GeForce RTX 3080, 6842, 3210, 10240, 97, 98
2026/08/05 04:04:15.401, 0, NVIDIA GeForce RTX 3080, 6842, 3210, 10240, 97, 98
2026/08/05 04:04:15.510, 0, NVIDIA GeForce RTX 3080, 6842, 3210, 10240, 97, 98
2026/08/05 04:04:15.619, 0, NVIDIA GeForce RTX 3080, 6842, 3210, 10240, 97, 98
2026/08/05 04:04:15.728, 0, NVIDIA GeForce RTX 3080, 6842, 3210, 10240, 97, 98
2026/08/05 04:04:15.837, 0, NVIDIA GeForce RTX 3080, 6842, 3210, 10240, 97, 98
2026/08/05 04:04:15.947, 0, NVIDIA GeForce RTX 3080, 6842, 3210, 10240, 97, 98
2026/08/05 04:04:16.056, 0, NVIDIA GeForce RTX 3080, 6842, 3210, 10240, 97, 98
2026/08/05 04:04:16.165, 0, NVIDIA GeForce RTX 3080, 6842, 3210, 10240, 97, 98
2026/08/05 04:04:16.275, 0, NVIDIA GeForce RTX 3080, 6842, 3210, 10240, 97, 98
2026/08/05 04:04:16.383, 0, NVIDIA GeForce RTX 3080, 6842, 3210, 10240, 95, 98
2026/08/05 04:04:16.493, 0, NVIDIA GeForce RTX 3080, 6842, 3210, 10240, 95, 98
2026/08/05 04:04:16.602, 0, NVIDIA GeForce RTX 3080, 6842, 3210, 10240, 95, 98
2026/08/05 04:04:16.710, 0, NVIDIA GeForce RTX 3080, 6842, 3210, 10240, 95, 98
2026/08/05 04:04:16.820, 0, NVIDIA GeForce RTX 3080, 6842, 3210, 10240, 95, 98
2026/08/05 04:04:16.928, 0, NVIDIA GeForce RTX 3080, 6842, 3210, 10240, 95, 98
2026/08/05 04:04:17.038, 0, NVIDIA GeForce RTX 3080, 6842, 3210, 10240, 95, 98
2026/08/05 04:04:17.147, 0, NVIDIA GeForce RTX 3080, 6842, 3210, 10240, 95, 98
2026/08/05 04:04:17.256, 0, NVIDIA GeForce RTX 3080, 6842, 3210, 10240, 95, 98
2026/08/05 04:04:17.365, 0, NVIDIA GeForce RTX 3080, 6842, 3210, 10240, 95, 98
2026/08/05 04:04:17.475, 0, NVIDIA GeForce RTX 3080, 6842, 3210, 10240, 95, 98
2026/08/05 04:04:17.580, 0, NVIDIA GeForce RTX 3080, 6842, 3210, 10240, 95, 98
2026/08/05 04:04:17.690, 0, NVIDIA GeForce RTX 3080, 6842, 3210, 10240, 95, 98
2026/08/05 04:04:17.799, 0, NVIDIA GeForce RTX 3080, 6842, 3210, 10240, 95, 98
2026/08/05 04:04:17.907, 0, NVIDIA GeForce RTX 3080, 6842, 3210, 10240, 96, 98
2026/08/05 04:04:18.017, 0, NVIDIA GeForce RTX 3080, 6842, 3210, 10240, 96, 98
2026/08/05 04:04:18.125, 0, NVIDIA GeForce RTX 3080, 6842, 3210, 10240, 96, 98
2026/08/05 04:04:18.235, 0, NVIDIA GeForce RTX 3080, 6842, 3210, 10240, 96, 98
2026/08/05 04:04:18.345, 0, NVIDIA GeForce RTX 3080, 6842, 3210, 10240, 97, 98
2026/08/05 04:04:18.453, 0, NVIDIA GeForce RTX 3080, 6842, 3210, 10240, 97, 98
2026/08/05 04:04:18.563, 0, NVIDIA GeForce RTX 3080, 6842, 3210, 10240, 97, 98
2026/08/05 04:04:18.672, 0, NVIDIA GeForce RTX 3080, 6842, 3210, 10240, 97, 98
2026/08/05 04:04:18.781, 0, NVIDIA GeForce RTX 3080, 6842, 3210, 10240, 97, 98
2026/08/05 04:04:18.891, 0, NVIDIA GeForce RTX 3080, 6842, 3210, 10240, 97, 98
2026/08/05 04:04:19.000, 0, NVIDIA GeForce RTX 3080, 6842, 3210, 10240, 97, 98
2026/08/05 04:04:19.108, 0, NVIDIA GeForce RTX 3080, 6842, 3210, 10240, 97, 98
2026/08/05 04:04:19.217, 0, NVIDIA GeForce RTX 3080, 6842, 3210, 10240, 97, 98
2026/08/05 04:04:19.326, 0, NVIDIA GeForce RTX 3080, 6842, 3210, 10240, 97, 98
2026/08/05 04:04:19.435, 0, NVIDIA GeForce RTX 3080, 6842, 3210, 10240, 96, 98
2026/08/05 04:04:19.545, 0, NVIDIA GeForce RTX 3080, 6842, 3210, 10240, 96, 98
2026/08/05 04:04:19.653, 0, NVIDIA GeForce RTX 3080, 6842, 3210, 10240, 96, 98
2026/08/05 04:04:19.763, 0, NVIDIA GeForce RTX 3080, 6842, 3210, 10240, 96, 98
2026/08/05 04:04:19.873, 0, NVIDIA GeForce RTX 3080, 6842, 3210, 10240, 97, 98
2026/08/05 04:04:19.981, 0, NVIDIA GeForce RTX 3080, 6842, 3210, 10240, 97, 98
2026/08/05 04:04:20.090, 0, NVIDIA GeForce RTX 3080, 6842, 3210, 10240, 97, 98
2026/08/05 04:04:20.198, 0, NVIDIA GeForce RTX 3080, 6842, 3210, 10240, 97, 98
2026/08/05 04:04:20.307, 0, NVIDIA GeForce RTX 3080, 6842, 3210, 10240, 97, 98
2026/08/05 04:04:20.417, 0, NVIDIA GeForce RTX 3080, 6842, 3210, 10240, 97, 98
2026/08/05 04:04:20.524, 0, NVIDIA GeForce RTX 3080, 6842, 3210, 10240, 97, 98
2026/08/05 04:04:20.634, 0, NVIDIA GeForce RTX 3080, 6842, 3210, 10240, 97, 98
2026/08/05 04:04:20.744, 0, NVIDIA GeForce RTX 3080, 6842, 3210, 10240, 97, 98
2026/08/05 04:04:20.852, 0, NVIDIA GeForce RTX 3080, 6842, 3210, 10240, 95, 98
2026/08/05 04:04:20.962, 0, NVIDIA GeForce RTX 3080, 6842, 3210, 10240, 95, 98
2026/08/05 04:04:21.071, 0, NVIDIA GeForce RTX 3080, 6842, 3210, 10240, 95, 98
2026/08/05 04:04:21.180, 0, NVIDIA GeForce RTX 3080, 6842, 3210, 10240, 95, 98
2026/08/05 04:04:21.290, 0, NVIDIA GeForce RTX 3080, 6842, 3210, 10240, 95, 98
2026/08/05 04:04:21.398, 0, NVIDIA GeForce RTX 3080, 6842, 3210, 10240, 95, 98
2026/08/05 04:04:21.508, 0, NVIDIA GeForce RTX 3080, 6842, 3210, 10240, 95, 98
2026/08/05 04:04:21.617, 0, NVIDIA GeForce RTX 3080, 6842, 3210, 10240, 95, 98
2026/08/05 04:04:21.725, 0, NVIDIA GeForce RTX 3080, 6842, 3210, 10240, 95, 98
2026/08/05 04:04:21.835, 0, NVIDIA GeForce RTX 3080, 6842, 3210, 10240, 95, 98
2026/08/05 04:04:21.944, 0, NVIDIA GeForce RTX 3080, 6842, 3210, 10240, 95, 98
2026/08/05 04:04:22.053, 0, NVIDIA GeForce RTX 3080, 6842, 3210, 10240, 95, 98
2026/08/05 04:04:22.162, 0, NVIDIA GeForce RTX 3080, 6842, 3210, 10240, 95, 98
2026/08/05 04:04:22.272, 0, NVIDIA GeForce RTX 3080, 6842, 3210, 10240, 95, 98
2026/08/05 04:04:22.381, 0, NVIDIA GeForce RTX 3080, 6842, 3210, 10240, 95, 98
2026/08/05 04:04:22.490, 0, NVIDIA GeForce RTX 3080, 6842, 3210, 10240, 95, 98
2026/08/05 04:04:22.599, 0, NVIDIA GeForce RTX 3080, 6842, 3210, 10240, 95, 98
2026/08/05 04:04:22.708, 0, NVIDIA GeForce RTX 3080, 6842, 3210, 10240, 95, 98
2026/08/05 04:04:22.817, 0, NVIDIA GeForce RTX 3080, 6842, 3210, 10240, 95, 98
2026/08/05 04:04:22.926, 0, NVIDIA GeForce RTX 3080, 6842, 3210, 10240, 96, 98
2026/08/05 04:04:23.036, 0, NVIDIA GeForce RTX 3080, 6842, 3210, 10240, 96, 98
2026/08/05 04:04:23.145, 0, NVIDIA GeForce RTX 3080, 6842, 3210, 10240, 96, 98
2026/08/05 04:04:23.254, 0, NVIDIA GeForce RTX 3080, 6842, 3210, 10240, 96, 98
2026/08/05 04:04:23.363, 0, NVIDIA GeForce RTX 3080, 6842, 3210, 10240, 96, 98
2026/08/05 04:04:23.472, 0, NVIDIA GeForce RTX 3080, 6842, 3210, 10240, 96, 98
2026/08/05 04:04:23.581, 0, NVIDIA GeForce RTX 3080, 6842, 3210, 10240, 96, 98
2026/08/05 04:04:23.690, 0, NVIDIA GeForce RTX 3080, 6842, 3210, 10240, 96, 98
2026/08/05 04:04:23.800, 0, NVIDIA GeForce RTX 3080, 6842, 3210, 10240, 96, 98
2026/08/05 04:04:23.908, 0, NVIDIA GeForce RTX 3080, 6842, 3210, 10240, 96, 98
2026/08/05 04:04:24.018, 0, NVIDIA GeForce RTX 3080, 6842, 3210, 10240, 96, 98
2026/08/05 04:04:24.127, 0, NVIDIA GeForce RTX 3080, 6842, 3210, 10240, 96, 98
2026/08/05 04:04:24.235, 0, NVIDIA GeForce RTX 3080, 6842, 3210, 10240, 96, 98
2026/08/05 04:04:24.345, 0, NVIDIA GeForce RTX 3080, 6842, 3210, 10240, 96, 98
2026/08/05 04:04:24.454, 0, NVIDIA GeForce RTX 3080, 6842, 3210, 10240, 96, 98
2026/08/05 04:04:24.563, 0, NVIDIA GeForce RTX 3080, 6842, 3210, 10240, 96, 98
2026/08/05 04:04:24.673, 0, NVIDIA GeForce RTX 3080, 6842, 3210, 10240, 96, 98
2026/08/05 04:04:24.781, 0, NVIDIA GeForce RTX 3080, 6842, 3210, 10240, 96, 98
2026/08/05 04:04:24.890, 0, NVIDIA GeForce RTX 3080, 6842, 3210, 10240, 96, 98
2026/08/05 04:04:24.999, 0, NVIDIA GeForce RTX 3080, 6842, 3210, 10240, 96, 98
2026/08/05 04:04:25.107, 0, NVIDIA GeForce RTX 3080, 6842, 3210, 10240, 96, 98
2026/08/05 04:04:25.217, 0, NVIDIA GeForce RTX 3080, 6842, 3210, 10240, 96, 98
2026/08/05 04:04:25.325, 0, NVIDIA GeForce RTX 3080, 6842, 3210, 10240, 96, 98
2026/08/05 04:04:25.434, 0, NVIDIA GeForce RTX 3080, 6842, 3210, 10240, 95, 98
2026/08/05 04:04:25.543, 0, NVIDIA GeForce RTX 3080, 6842, 3210, 10240, 95, 98
2026/08/05 04:04:25.651, 0, NVIDIA GeForce RTX 3080, 6842, 3210, 10240, 95, 98
2026/08/05 04:04:25.761, 0, NVIDIA GeForce RTX 3080, 6842, 3210, 10240, 95, 98
2026/08/05 04:04:25.870, 0, NVIDIA GeForce RTX 3080, 6842, 3210, 10240, 95, 98
2026/08/05 04:04:25.979, 0, NVIDIA GeForce RTX 3080, 6842, 3210, 10240, 95, 98
2026/08/05 04:04:26.089, 0, NVIDIA GeForce RTX 3080, 6842, 3210, 10240, 95, 98
2026/08/05 04:04:26.196, 0, NVIDIA GeForce RTX 3080, 6842, 3210, 10240, 95, 98
2026/08/05 04:04:26.305, 0, NVIDIA GeForce RTX 3080, 6842, 3210, 10240, 95, 98
2026/08/05 04:04:26.413, 0, NVIDIA GeForce RTX 3080, 6842, 3210, 10240, 95, 98
2026/08/05 04:04:26.522, 0, NVIDIA GeForce RTX 3080, 6842, 3210, 10240, 95, 98
2026/08/05 04:04:26.631, 0, NVIDIA GeForce RTX 3080, 6842, 3210, 10240, 95, 98
2026/08/05 04:04:26.740, 0, NVIDIA GeForce RTX 3080, 6842, 3210, 10240, 95, 98
2026/08/05 04:04:26.848, 0, NVIDIA GeForce RTX 3080, 6842, 3210, 10240, 95, 98
2026/08/05 04:04:26.958, 0, NVIDIA GeForce RTX 3080, 6842, 3210, 10240, 95, 98
2026/08/05 04:04:27.067, 0, NVIDIA GeForce RTX 3080, 6842, 3210, 10240, 95, 98
2026/08/05 04:04:27.176, 0, NVIDIA GeForce RTX 3080, 6842, 3210, 10240, 95, 98
2026/08/05 04:04:27.286, 0, NVIDIA GeForce RTX 3080, 6842, 3210, 10240, 95, 98
2026/08/05 04:04:27.394, 0, NVIDIA GeForce RTX 3080, 6842, 3210, 10240, 94, 97
2026/08/05 04:04:27.504, 0, NVIDIA GeForce RTX 3080, 6842, 3210, 10240, 94, 97
2026/08/05 04:04:27.613, 0, NVIDIA GeForce RTX 3080, 6842, 3210, 10240, 94, 97
2026/08/05 04:04:27.721, 0, NVIDIA GeForce RTX 3080, 6842, 3210, 10240, 94, 97
2026/08/05 04:04:27.831, 0, NVIDIA GeForce RTX 3080, 6842, 3210, 10240, 96, 98
2026/08/05 04:04:27.941, 0, NVIDIA GeForce RTX 3080, 6842, 3210, 10240, 96, 98
2026/08/05 04:04:28.049, 0, NVIDIA GeForce RTX 3080, 6842, 3210, 10240, 96, 98
2026/08/05 04:04:28.159, 0, NVIDIA GeForce RTX 3080, 6842, 3210, 10240, 96, 98
2026/08/05 04:04:28.268, 0, NVIDIA GeForce RTX 3080, 6842, 3210, 10240, 96, 98
2026/08/05 04:04:28.377, 0, NVIDIA GeForce RTX 3080, 6842, 3210, 10240, 96, 98
2026/08/05 04:04:28.487, 0, NVIDIA GeForce RTX 3080, 6842, 3210, 10240, 96, 98
2026/08/05 04:04:28.595, 0, NVIDIA GeForce RTX 3080, 6842, 3210, 10240, 96, 98
2026/08/05 04:04:28.704, 0, NVIDIA GeForce RTX 3080, 6842, 3210, 10240, 96, 98
2026/08/05 04:04:28.814, 0, NVIDIA GeForce RTX 3080, 6842, 3210, 10240, 96, 98
2026/08/05 04:04:28.922, 0, NVIDIA GeForce RTX 3080, 6842, 3210, 10240, 96, 98
2026/08/05 04:04:29.032, 0, NVIDIA GeForce RTX 3080, 6842, 3210, 10240, 96, 98
2026/08/05 04:04:29.142, 0, NVIDIA GeForce RTX 3080, 6842, 3210, 10240, 96, 98
2026/08/05 04:04:29.251, 0, NVIDIA GeForce RTX 3080, 6842, 3210, 10240, 96, 98
2026/08/05 04:04:29.360, 0, NVIDIA GeForce RTX 3080, 6842, 3210, 10240, 95, 98
2026/08/05 04:04:29.470, 0, NVIDIA GeForce RTX 3080, 6842, 3210, 10240, 95, 98
2026/08/05 04:04:29.579, 0, NVIDIA GeForce RTX 3080, 6842, 3210, 10240, 95, 98
2026/08/05 04:04:29.688, 0, NVIDIA GeForce RTX 3080, 6842, 3210, 10240, 95, 98
2026/08/05 04:04:29.797, 0, NVIDIA GeForce RTX 3080, 6842, 3210, 10240, 95, 98
2026/08/05 04:04:29.906, 0, NVIDIA GeForce RTX 3080, 6842, 3210, 10240, 94, 98
2026/08/05 04:04:30.015, 0, NVIDIA GeForce RTX 3080, 6842, 3210, 10240, 94, 98
2026/08/05 04:04:30.130, 0, NVIDIA GeForce RTX 3080, 6842, 3210, 10240, 94, 98
2026/08/05 04:04:30.239, 0, NVIDIA GeForce RTX 3080, 6842, 3210, 10240, 94, 98
2026/08/05 04:04:30.348, 0, NVIDIA GeForce RTX 3080, 6842, 3210, 10240, 94, 98
2026/08/05 04:04:30.457, 0, NVIDIA GeForce RTX 3080, 6842, 3210, 10240, 94, 98
2026/08/05 04:04:30.567, 0, NVIDIA GeForce RTX 3080, 6842, 3210, 10240, 94, 98
2026/08/05 04:04:30.676, 0, NVIDIA GeForce RTX 3080, 6842, 3210, 10240, 94, 98
2026/08/05 04:04:30.785, 0, NVIDIA GeForce RTX 3080, 6842, 3210, 10240, 94, 98
2026/08/05 04:04:30.894, 0, NVIDIA GeForce RTX 3080, 6842, 3210, 10240, 94, 98
2026/08/05 04:04:31.004, 0, NVIDIA GeForce RTX 3080, 6842, 3210, 10240, 94, 98
2026/08/05 04:04:31.112, 0, NVIDIA GeForce RTX 3080, 6842, 3210, 10240, 94, 98
2026/08/05 04:04:31.221, 0, NVIDIA GeForce RTX 3080, 6842, 3210, 10240, 94, 98
2026/08/05 04:04:31.330, 0, NVIDIA GeForce RTX 3080, 6842, 3210, 10240, 94, 98
2026/08/05 04:04:31.438, 0, NVIDIA GeForce RTX 3080, 6842, 3210, 10240, 94, 98
2026/08/05 04:04:31.548, 0, NVIDIA GeForce RTX 3080, 6842, 3210, 10240, 94, 98
2026/08/05 04:04:31.657, 0, NVIDIA GeForce RTX 3080, 6842, 3210, 10240, 94, 98
2026/08/05 04:04:31.766, 0, NVIDIA GeForce RTX 3080, 6842, 3210, 10240, 94, 98
2026/08/05 04:04:31.876, 0, NVIDIA GeForce RTX 3080, 6842, 3210, 10240, 94, 98
2026/08/05 04:04:31.984, 0, NVIDIA GeForce RTX 3080, 6842, 3210, 10240, 94, 98
2026/08/05 04:04:32.094, 0, NVIDIA GeForce RTX 3080, 6842, 3210, 10240, 94, 98
2026/08/05 04:04:32.203, 0, NVIDIA GeForce RTX 3080, 6842, 3210, 10240, 94, 98
2026/08/05 04:04:32.311, 0, NVIDIA GeForce RTX 3080, 6842, 3210, 10240, 94, 98
2026/08/05 04:04:32.421, 0, NVIDIA GeForce RTX 3080, 6842, 3210, 10240, 97, 98
2026/08/05 04:04:32.531, 0, NVIDIA GeForce RTX 3080, 6842, 3210, 10240, 97, 98
2026/08/05 04:04:32.639, 0, NVIDIA GeForce RTX 3080, 6842, 3210, 10240, 97, 98
2026/08/05 04:04:32.749, 0, NVIDIA GeForce RTX 3080, 6842, 3210, 10240, 97, 98
2026/08/05 04:04:32.858, 0, NVIDIA GeForce RTX 3080, 6842, 3210, 10240, 97, 98
2026/08/05 04:04:32.967, 0, NVIDIA GeForce RTX 3080, 6842, 3210, 10240, 97, 98
2026/08/05 04:04:33.077, 0, NVIDIA GeForce RTX 3080, 6842, 3210, 10240, 97, 98
2026/08/05 04:04:33.186, 0, NVIDIA GeForce RTX 3080, 6842, 3210, 10240, 97, 98
2026/08/05 04:04:33.295, 0, NVIDIA GeForce RTX 3080, 6842, 3210, 10240, 97, 98
2026/08/05 04:04:33.405, 0, NVIDIA GeForce RTX 3080, 6842, 3210, 10240, 97, 98
2026/08/05 04:04:33.513, 0, NVIDIA GeForce RTX 3080, 6842, 3210, 10240, 97, 98
2026/08/05 04:04:33.623, 0, NVIDIA GeForce RTX 3080, 6842, 3210, 10240, 97, 98
2026/08/05 04:04:33.733, 0, NVIDIA GeForce RTX 3080, 6842, 3210, 10240, 97, 98
2026/08/05 04:04:33.841, 0, NVIDIA GeForce RTX 3080, 6842, 3210, 10240, 97, 98
2026/08/05 04:04:33.951, 0, NVIDIA GeForce RTX 3080, 6842, 3210, 10240, 97, 98
2026/08/05 04:04:34.060, 0, NVIDIA GeForce RTX 3080, 6842, 3210, 10240, 97, 98
2026/08/05 04:04:34.169, 0, NVIDIA GeForce RTX 3080, 6842, 3210, 10240, 97, 98
2026/08/05 04:04:34.279, 0, NVIDIA GeForce RTX 3080, 6842, 3210, 10240, 97, 98
2026/08/05 04:04:34.387, 0, NVIDIA GeForce RTX 3080, 6842, 3210, 10240, 98, 98
2026/08/05 04:04:34.496, 0, NVIDIA GeForce RTX 3080, 6842, 3210, 10240, 98, 98
2026/08/05 04:04:34.605, 0, NVIDIA GeForce RTX 3080, 6842, 3210, 10240, 98, 98
2026/08/05 04:04:34.714, 0, NVIDIA GeForce RTX 3080, 6842, 3210, 10240, 98, 98
2026/08/05 04:04:34.824, 0, NVIDIA GeForce RTX 3080, 6842, 3210, 10240, 98, 98
2026/08/05 04:04:34.933, 0, NVIDIA GeForce RTX 3080, 6842, 3210, 10240, 98, 98
2026/08/05 04:04:35.042, 0, NVIDIA GeForce RTX 3080, 6842, 3210, 10240, 98, 98
2026/08/05 04:04:35.151, 0, NVIDIA GeForce RTX 3080, 6842, 3210, 10240, 98, 98
2026/08/05 04:04:35.261, 0, NVIDIA GeForce RTX 3080, 6842, 3210, 10240, 98, 98
2026/08/05 04:04:35.370, 0, NVIDIA GeForce RTX 3080, 6842, 3210, 10240, 98, 98
2026/08/05 04:04:35.479, 0, NVIDIA GeForce RTX 3080, 6842, 3210, 10240, 98, 98
2026/08/05 04:04:35.588, 0, NVIDIA GeForce RTX 3080, 6842, 3210, 10240, 98, 98
2026/08/05 04:04:35.698, 0, NVIDIA GeForce RTX 3080, 6842, 3210, 10240, 98, 98
2026/08/05 04:04:35.801, 0, NVIDIA GeForce RTX 3080, 6842, 3210, 10240, 98, 98
2026/08/05 04:04:35.910, 0, NVIDIA GeForce RTX 3080, 6842, 3210, 10240, 95, 96
2026/08/05 04:04:36.020, 0, NVIDIA GeForce RTX 3080, 6842, 3210, 10240, 95, 96
2026/08/05 04:04:36.127, 0, NVIDIA GeForce RTX 3080, 6842, 3210, 10240, 95, 96
2026/08/05 04:04:36.235, 0, NVIDIA GeForce RTX 3080, 6842, 3210, 10240, 95, 96
2026/08/05 04:04:36.344, 0, NVIDIA GeForce RTX 3080, 6842, 3210, 10240, 96, 98
2026/08/05 04:04:36.453, 0, NVIDIA GeForce RTX 3080, 6842, 3210, 10240, 96, 98
2026/08/05 04:04:36.563, 0, NVIDIA GeForce RTX 3080, 6842, 3210, 10240, 96, 98
2026/08/05 04:04:36.672, 0, NVIDIA GeForce RTX 3080, 6842, 3210, 10240, 96, 98
2026/08/05 04:04:36.781, 0, NVIDIA GeForce RTX 3080, 6842, 3210, 10240, 96, 98
2026/08/05 04:04:36.890, 0, NVIDIA GeForce RTX 3080, 6842, 3210, 10240, 96, 98
2026/08/05 04:04:37.000, 0, NVIDIA GeForce RTX 3080, 6842, 3210, 10240, 96, 98
2026/08/05 04:04:37.108, 0, NVIDIA GeForce RTX 3080, 6842, 3210, 10240, 96, 98
2026/08/05 04:04:37.218, 0, NVIDIA GeForce RTX 3080, 6842, 3210, 10240, 96, 98
2026/08/05 04:04:37.326, 0, NVIDIA GeForce RTX 3080, 6842, 3210, 10240, 96, 98
2026/08/05 04:04:37.436, 0, NVIDIA GeForce RTX 3080, 6842, 3210, 10240, 96, 98
2026/08/05 04:04:37.546, 0, NVIDIA GeForce RTX 3080, 6842, 3210, 10240, 96, 98
2026/08/05 04:04:37.654, 0, NVIDIA GeForce RTX 3080, 6842, 3210, 10240, 96, 98
2026/08/05 04:04:37.764, 0, NVIDIA GeForce RTX 3080, 6842, 3210, 10240, 96, 98
2026/08/05 04:04:37.872, 0, NVIDIA GeForce RTX 3080, 6842, 3210, 10240, 95, 96
2026/08/05 04:04:37.981, 0, NVIDIA GeForce RTX 3080, 6842, 3210, 10240, 95, 96
2026/08/05 04:04:38.091, 0, NVIDIA GeForce RTX 3080, 6842, 3210, 10240, 95, 96
2026/08/05 04:04:38.200, 0, NVIDIA GeForce RTX 3080, 6842, 3210, 10240, 95, 96
2026/08/05 04:04:38.309, 0, NVIDIA GeForce RTX 3080, 6842, 3210, 10240, 95, 96
2026/08/05 04:04:38.418, 0, NVIDIA GeForce RTX 3080, 6842, 3210, 10240, 97, 98
2026/08/05 04:04:38.527, 0, NVIDIA GeForce RTX 3080, 6842, 3210, 10240, 97, 98
2026/08/05 04:04:38.635, 0, NVIDIA GeForce RTX 3080, 6842, 3210, 10240, 97, 98
2026/08/05 04:04:38.745, 0, NVIDIA GeForce RTX 3080, 6842, 3210, 10240, 97, 98
2026/08/05 04:04:38.853, 0, NVIDIA GeForce RTX 3080, 6842, 3210, 10240, 97, 98
2026/08/05 04:04:38.963, 0, NVIDIA GeForce RTX 3080, 6842, 3210, 10240, 97, 98
2026/08/05 04:04:39.073, 0, NVIDIA GeForce RTX 3080, 6842, 3210, 10240, 97, 98
2026/08/05 04:04:39.182, 0, NVIDIA GeForce RTX 3080, 6842, 3210, 10240, 97, 98
2026/08/05 04:04:39.291, 0, NVIDIA GeForce RTX 3080, 6842, 3210, 10240, 97, 98
2026/08/05 04:04:39.401, 0, NVIDIA GeForce RTX 3080, 6842, 3210, 10240, 97, 98
2026/08/05 04:04:39.510, 0, NVIDIA GeForce RTX 3080, 6842, 3210, 10240, 97, 98
2026/08/05 04:04:39.619, 0, NVIDIA GeForce RTX 3080, 6842, 3210, 10240, 97, 98
2026/08/05 04:04:39.728, 0, NVIDIA GeForce RTX 3080, 6842, 3210, 10240, 97, 98
2026/08/05 04:04:39.838, 0, NVIDIA GeForce RTX 3080, 6842, 3210, 10240, 95, 97
2026/08/05 04:04:39.947, 0, NVIDIA GeForce RTX 3080, 6842, 3210, 10240, 95, 97
2026/08/05 04:04:40.056, 0, NVIDIA GeForce RTX 3080, 6842, 3210, 10240, 95, 97
2026/08/05 04:04:40.166, 0, NVIDIA GeForce RTX 3080, 6842, 3210, 10240, 95, 97
2026/08/05 04:04:40.275, 0, NVIDIA GeForce RTX 3080, 6842, 3210, 10240, 95, 97
2026/08/05 04:04:40.384, 0, NVIDIA GeForce RTX 3080, 6842, 3210, 10240, 96, 98
2026/08/05 04:04:40.493, 0, NVIDIA GeForce RTX 3080, 6842, 3210, 10240, 96, 98
2026/08/05 04:04:40.602, 0, NVIDIA GeForce RTX 3080, 6842, 3210, 10240, 96, 98
2026/08/05 04:04:40.711, 0, NVIDIA GeForce RTX 3080, 6842, 3210, 10240, 96, 98
2026/08/05 04:04:40.820, 0, NVIDIA GeForce RTX 3080, 6842, 3210, 10240, 96, 98
2026/08/05 04:04:40.930, 0, NVIDIA GeForce RTX 3080, 6842, 3210, 10240, 96, 98
2026/08/05 04:04:41.039, 0, NVIDIA GeForce RTX 3080, 6842, 3210, 10240, 96, 98
2026/08/05 04:04:41.148, 0, NVIDIA GeForce RTX 3080, 6842, 3210, 10240, 96, 98
2026/08/05 04:04:41.257, 0, NVIDIA GeForce RTX 3080, 6842, 3210, 10240, 96, 98
2026/08/05 04:04:41.366, 0, NVIDIA GeForce RTX 3080, 6842, 3210, 10240, 96, 98
2026/08/05 04:04:41.475, 0, NVIDIA GeForce RTX 3080, 6842, 3210, 10240, 96, 98
2026/08/05 04:04:41.584, 0, NVIDIA GeForce RTX 3080, 6842, 3210, 10240, 96, 98
2026/08/05 04:04:41.693, 0, NVIDIA GeForce RTX 3080, 6842, 3210, 10240, 96, 98
2026/08/05 04:04:41.802, 0, NVIDIA GeForce RTX 3080, 6842, 3210, 10240, 96, 98
2026/08/05 04:04:41.911, 0, NVIDIA GeForce RTX 3080, 6842, 3210, 10240, 94, 97
2026/08/05 04:04:42.020, 0, NVIDIA GeForce RTX 3080, 6842, 3210, 10240, 94, 97
2026/08/05 04:04:42.130, 0, NVIDIA GeForce RTX 3080, 6842, 3210, 10240, 94, 97
2026/08/05 04:04:42.239, 0, NVIDIA GeForce RTX 3080, 6842, 3210, 10240, 94, 97
2026/08/05 04:04:42.348, 0, NVIDIA GeForce RTX 3080, 6842, 3210, 10240, 97, 98
2026/08/05 04:04:42.457, 0, NVIDIA GeForce RTX 3080, 6842, 3210, 10240, 97, 98
2026/08/05 04:04:42.567, 0, NVIDIA GeForce RTX 3080, 6842, 3210, 10240, 97, 98
2026/08/05 04:04:42.676, 0, NVIDIA GeForce RTX 3080, 6842, 3210, 10240, 97, 98
2026/08/05 04:04:42.785, 0, NVIDIA GeForce RTX 3080, 6842, 3210, 10240, 97, 98
2026/08/05 04:04:42.894, 0, NVIDIA GeForce RTX 3080, 6842, 3210, 10240, 97, 98
2026/08/05 04:04:43.003, 0, NVIDIA GeForce RTX 3080, 6842, 3210, 10240, 97, 98
2026/08/05 04:04:43.112, 0, NVIDIA GeForce RTX 3080, 6842, 3210, 10240, 97, 98
2026/08/05 04:04:43.221, 0, NVIDIA GeForce RTX 3080, 6842, 3210, 10240, 97, 98
2026/08/05 04:04:43.331, 0, NVIDIA GeForce RTX 3080, 6842, 3210, 10240, 97, 98
2026/08/05 04:04:43.440, 0, NVIDIA GeForce RTX 3080, 6842, 3210, 10240, 97, 98
2026/08/05 04:04:43.549, 0, NVIDIA GeForce RTX 3080, 6842, 3210, 10240, 97, 98
2026/08/05 04:04:43.658, 0, NVIDIA GeForce RTX 3080, 6842, 3210, 10240, 97, 98
2026/08/05 04:04:43.766, 0, NVIDIA GeForce RTX 3080, 6842, 3210, 10240, 97, 98
2026/08/05 04:04:43.876, 0, NVIDIA GeForce RTX 3080, 6842, 3210, 10240, 97, 98
2026/08/05 04:04:43.985, 0, NVIDIA GeForce RTX 3080, 6842, 3210, 10240, 97, 98
2026/08/05 04:04:44.094, 0, NVIDIA GeForce RTX 3080, 6842, 3210, 10240, 97, 98
2026/08/05 04:04:44.204, 0, NVIDIA GeForce RTX 3080, 6842, 3210, 10240, 97, 98
2026/08/05 04:04:44.312, 0, NVIDIA GeForce RTX 3080, 6842, 3210, 10240, 97, 98
2026/08/05 04:04:44.421, 0, NVIDIA GeForce RTX 3080, 6842, 3210, 10240, 95, 98
2026/08/05 04:04:44.530, 0, NVIDIA GeForce RTX 3080, 6842, 3210, 10240, 95, 98
2026/08/05 04:04:44.638, 0, NVIDIA GeForce RTX 3080, 6842, 3210, 10240, 95, 98
2026/08/05 04:04:44.748, 0, NVIDIA GeForce RTX 3080, 6842, 3210, 10240, 95, 98
2026/08/05 04:04:44.857, 0, NVIDIA GeForce RTX 3080, 6842, 3210, 10240, 95, 98
2026/08/05 04:04:44.966, 0, NVIDIA GeForce RTX 3080, 6842, 3210, 10240, 95, 98
2026/08/05 04:04:45.076, 0, NVIDIA GeForce RTX 3080, 6842, 3210, 10240, 95, 98
2026/08/05 04:04:45.184, 0, NVIDIA GeForce RTX 3080, 6842, 3210, 10240, 95, 98
2026/08/05 04:04:45.294, 0, NVIDIA GeForce RTX 3080, 6842, 3210, 10240, 95, 98
2026/08/05 04:04:45.404, 0, NVIDIA GeForce RTX 3080, 6842, 3210, 10240, 95, 98
2026/08/05 04:04:45.512, 0, NVIDIA GeForce RTX 3080, 6842, 3210, 10240, 95, 98
2026/08/05 04:04:45.622, 0, NVIDIA GeForce RTX 3080, 6842, 3210, 10240, 95, 98
2026/08/05 04:04:45.732, 0, NVIDIA GeForce RTX 3080, 6842, 3210, 10240, 95, 98
2026/08/05 04:04:45.840, 0, NVIDIA GeForce RTX 3080, 6842, 3210, 10240, 95, 98
2026/08/05 04:04:45.950, 0, NVIDIA GeForce RTX 3080, 6842, 3210, 10240, 95, 98
2026/08/05 04:04:46.058, 0, NVIDIA GeForce RTX 3080, 6842, 3210, 10240, 95, 98
2026/08/05 04:04:46.166, 0, NVIDIA GeForce RTX 3080, 6842, 3210, 10240, 95, 98
2026/08/05 04:04:46.276, 0, NVIDIA GeForce RTX 3080, 6842, 3210, 10240, 95, 98
2026/08/05 04:04:46.384, 0, NVIDIA GeForce RTX 3080, 6842, 3210, 10240, 97, 98
2026/08/05 04:04:46.494, 0, NVIDIA GeForce RTX 3080, 6842, 3210, 10240, 97, 98
2026/08/05 04:04:46.603, 0, NVIDIA GeForce RTX 3080, 6842, 3210, 10240, 97, 98
2026/08/05 04:04:46.712, 0, NVIDIA GeForce RTX 3080, 6842, 3210, 10240, 97, 98
2026/08/05 04:04:46.822, 0, NVIDIA GeForce RTX 3080, 6842, 3210, 10240, 97, 98
2026/08/05 04:04:46.930, 0, NVIDIA GeForce RTX 3080, 6842, 3210, 10240, 97, 98
2026/08/05 04:04:47.040, 0, NVIDIA GeForce RTX 3080, 6842, 3210, 10240, 97, 98
2026/08/05 04:04:47.149, 0, NVIDIA GeForce RTX 3080, 6842, 3210, 10240, 97, 98
2026/08/05 04:04:47.258, 0, NVIDIA GeForce RTX 3080, 6842, 3210, 10240, 97, 98
2026/08/05 04:04:47.368, 0, NVIDIA GeForce RTX 3080, 6842, 3210, 10240, 96, 98
2026/08/05 04:04:47.478, 0, NVIDIA GeForce RTX 3080, 6842, 3210, 10240, 96, 98
2026/08/05 04:04:47.586, 0, NVIDIA GeForce RTX 3080, 6842, 3210, 10240, 96, 98
2026/08/05 04:04:47.695, 0, NVIDIA GeForce RTX 3080, 6842, 3210, 10240, 96, 98
2026/08/05 04:04:47.804, 0, NVIDIA GeForce RTX 3080, 6842, 3210, 10240, 96, 98
2026/08/05 04:04:47.913, 0, NVIDIA GeForce RTX 3080, 6842, 3210, 10240, 97, 98
2026/08/05 04:04:48.022, 0, NVIDIA GeForce RTX 3080, 6842, 3210, 10240, 97, 98
2026/08/05 04:04:48.131, 0, NVIDIA GeForce RTX 3080, 6842, 3210, 10240, 97, 98
2026/08/05 04:04:48.240, 0, NVIDIA GeForce RTX 3080, 6842, 3210, 10240, 97, 98
2026/08/05 04:04:48.349, 0, NVIDIA GeForce RTX 3080, 6842, 3210, 10240, 95, 98
2026/08/05 04:04:48.458, 0, NVIDIA GeForce RTX 3080, 6842, 3210, 10240, 95, 98
2026/08/05 04:04:48.567, 0, NVIDIA GeForce RTX 3080, 6842, 3210, 10240, 95, 98
2026/08/05 04:04:48.677, 0, NVIDIA GeForce RTX 3080, 6842, 3210, 10240, 95, 98
2026/08/05 04:04:48.786, 0, NVIDIA GeForce RTX 3080, 6842, 3210, 10240, 95, 98
2026/08/05 04:04:48.895, 0, NVIDIA GeForce RTX 3080, 6842, 3210, 10240, 95, 98
2026/08/05 04:04:49.005, 0, NVIDIA GeForce RTX 3080, 6842, 3210, 10240, 95, 98
2026/08/05 04:04:49.113, 0, NVIDIA GeForce RTX 3080, 6842, 3210, 10240, 95, 98
2026/08/05 04:04:49.223, 0, NVIDIA GeForce RTX 3080, 6842, 3210, 10240, 95, 98
2026/08/05 04:04:49.332, 0, NVIDIA GeForce RTX 3080, 6842, 3210, 10240, 95, 98
2026/08/05 04:04:49.441, 0, NVIDIA GeForce RTX 3080, 6842, 3210, 10240, 95, 98
2026/08/05 04:04:49.550, 0, NVIDIA GeForce RTX 3080, 6842, 3210, 10240, 95, 98
2026/08/05 04:04:49.660, 0, NVIDIA GeForce RTX 3080, 6842, 3210, 10240, 95, 98
2026/08/05 04:04:49.769, 0, NVIDIA GeForce RTX 3080, 6842, 3210, 10240, 95, 98
2026/08/05 04:04:49.877, 0, NVIDIA GeForce RTX 3080, 6842, 3210, 10240, 95, 98
2026/08/05 04:04:49.986, 0, NVIDIA GeForce RTX 3080, 6842, 3210, 10240, 95, 98
2026/08/05 04:04:50.095, 0, NVIDIA GeForce RTX 3080, 6842, 3210, 10240, 95, 98
2026/08/05 04:04:50.205, 0, NVIDIA GeForce RTX 3080, 6842, 3210, 10240, 95, 98
2026/08/05 04:04:50.313, 0, NVIDIA GeForce RTX 3080, 6842, 3210, 10240, 95, 98
2026/08/05 04:04:50.423, 0, NVIDIA GeForce RTX 3080, 6842, 3210, 10240, 95, 98
2026/08/05 04:04:50.533, 0, NVIDIA GeForce RTX 3080, 6842, 3210, 10240, 95, 98
2026/08/05 04:04:50.641, 0, NVIDIA GeForce RTX 3080, 6842, 3210, 10240, 95, 98
2026/08/05 04:04:50.751, 0, NVIDIA GeForce RTX 3080, 6842, 3210, 10240, 95, 98
2026/08/05 04:04:50.860, 0, NVIDIA GeForce RTX 3080, 6842, 3210, 10240, 96, 98
2026/08/05 04:04:50.968, 0, NVIDIA GeForce RTX 3080, 6842, 3210, 10240, 96, 98
2026/08/05 04:04:51.078, 0, NVIDIA GeForce RTX 3080, 6842, 3210, 10240, 96, 98
2026/08/05 04:04:51.186, 0, NVIDIA GeForce RTX 3080, 6842, 3210, 10240, 96, 98
2026/08/05 04:04:51.296, 0, NVIDIA GeForce RTX 3080, 6842, 3210, 10240, 96, 98
2026/08/05 04:04:51.406, 0, NVIDIA GeForce RTX 3080, 6842, 3210, 10240, 96, 98
2026/08/05 04:04:51.514, 0, NVIDIA GeForce RTX 3080, 6842, 3210, 10240, 96, 98
2026/08/05 04:04:51.624, 0, NVIDIA GeForce RTX 3080, 6842, 3210, 10240, 96, 98
2026/08/05 04:04:51.732, 0, NVIDIA GeForce RTX 3080, 6842, 3210, 10240, 96, 98
2026/08/05 04:04:51.841, 0, NVIDIA GeForce RTX 3080, 6842, 3210, 10240, 96, 98
2026/08/05 04:04:51.951, 0, NVIDIA GeForce RTX 3080, 6842, 3210, 10240, 96, 98
2026/08/05 04:04:52.060, 0, NVIDIA GeForce RTX 3080, 6842, 3210, 10240, 96, 98
2026/08/05 04:04:52.169, 0, NVIDIA GeForce RTX 3080, 6842, 3210, 10240, 96, 98
2026/08/05 04:04:52.278, 0, NVIDIA GeForce RTX 3080, 6842, 3210, 10240, 96, 98
2026/08/05 04:04:52.386, 0, NVIDIA GeForce RTX 3080, 6842, 3210, 10240, 96, 98
2026/08/05 04:04:52.495, 0, NVIDIA GeForce RTX 3080, 6842, 3210, 10240, 96, 98
2026/08/05 04:04:52.604, 0, NVIDIA GeForce RTX 3080, 6842, 3210, 10240, 96, 98
2026/08/05 04:04:52.713, 0, NVIDIA GeForce RTX 3080, 6842, 3210, 10240, 96, 98
2026/08/05 04:04:52.822, 0, NVIDIA GeForce RTX 3080, 6842, 3210, 10240, 96, 98
2026/08/05 04:04:52.932, 0, NVIDIA GeForce RTX 3080, 6842, 3210, 10240, 95, 98
2026/08/05 04:04:53.041, 0, NVIDIA GeForce RTX 3080, 6842, 3210, 10240, 95, 98
2026/08/05 04:04:53.150, 0, NVIDIA GeForce RTX 3080, 6842, 3210, 10240, 95, 98
2026/08/05 04:04:53.260, 0, NVIDIA GeForce RTX 3080, 6842, 3210, 10240, 95, 98
2026/08/05 04:04:53.369, 0, NVIDIA GeForce RTX 3080, 6842, 3210, 10240, 94, 98
2026/08/05 04:04:53.478, 0, NVIDIA GeForce RTX 3080, 6842, 3210, 10240, 94, 98
2026/08/05 04:04:53.593, 0, NVIDIA GeForce RTX 3080, 6842, 3210, 10240, 94, 98
2026/08/05 04:04:53.702, 0, NVIDIA GeForce RTX 3080, 6842, 3210, 10240, 94, 98
2026/08/05 04:04:53.811, 0, NVIDIA GeForce RTX 3080, 6842, 3210, 10240, 94, 98
2026/08/05 04:04:53.920, 0, NVIDIA GeForce RTX 3080, 6842, 3210, 10240, 94, 98
2026/08/05 04:04:54.028, 0, NVIDIA GeForce RTX 3080, 6842, 3210, 10240, 94, 98
2026/08/05 04:04:54.138, 0, NVIDIA GeForce RTX 3080, 6842, 3210, 10240, 94, 98
2026/08/05 04:04:54.247, 0, NVIDIA GeForce RTX 3080, 6842, 3210, 10240, 94, 98
2026/08/05 04:04:54.356, 0, NVIDIA GeForce RTX 3080, 6842, 3210, 10240, 94, 98
2026/08/05 04:04:54.466, 0, NVIDIA GeForce RTX 3080, 6842, 3210, 10240, 94, 98
2026/08/05 04:04:54.574, 0, NVIDIA GeForce RTX 3080, 6842, 3210, 10240, 94, 98
2026/08/05 04:04:54.683, 0, NVIDIA GeForce RTX 3080, 6842, 3210, 10240, 94, 98
2026/08/05 04:04:54.793, 0, NVIDIA GeForce RTX 3080, 6842, 3210, 10240, 94, 98
2026/08/05 04:04:54.902, 0, NVIDIA GeForce RTX 3080, 6842, 3210, 10240, 94, 98
2026/08/05 04:04:55.011, 0, NVIDIA GeForce RTX 3080, 6842, 3210, 10240, 94, 98
2026/08/05 04:04:55.120, 0, NVIDIA GeForce RTX 3080, 6842, 3210, 10240, 94, 98
2026/08/05 04:04:55.229, 0, NVIDIA GeForce RTX 3080, 6842, 3210, 10240, 94, 98
2026/08/05 04:04:55.338, 0, NVIDIA GeForce RTX 3080, 6842, 3210, 10240, 95, 98
2026/08/05 04:04:55.447, 0, NVIDIA GeForce RTX 3080, 6842, 3210, 10240, 95, 98
2026/08/05 04:04:55.556, 0, NVIDIA GeForce RTX 3080, 6842, 3210, 10240, 95, 98
2026/08/05 04:04:55.666, 0, NVIDIA GeForce RTX 3080, 6842, 3210, 10240, 95, 98
2026/08/05 04:04:55.775, 0, NVIDIA GeForce RTX 3080, 6842, 3210, 10240, 95, 98
2026/08/05 04:04:55.884, 0, NVIDIA GeForce RTX 3080, 6842, 3210, 10240, 96, 98
2026/08/05 04:04:55.994, 0, NVIDIA GeForce RTX 3080, 6842, 3210, 10240, 96, 98
2026/08/05 04:04:56.102, 0, NVIDIA GeForce RTX 3080, 6842, 3210, 10240, 96, 98
2026/08/05 04:04:56.212, 0, NVIDIA GeForce RTX 3080, 6842, 3210, 10240, 96, 98
2026/08/05 04:04:56.320, 0, NVIDIA GeForce RTX 3080, 6842, 3210, 10240, 96, 98
2026/08/05 04:04:56.429, 0, NVIDIA GeForce RTX 3080, 6842, 3210, 10240, 96, 98
2026/08/05 04:04:56.538, 0, NVIDIA GeForce RTX 3080, 6842, 3210, 10240, 96, 98
2026/08/05 04:04:56.647, 0, NVIDIA GeForce RTX 3080, 6842, 3210, 10240, 96, 98
2026/08/05 04:04:56.757, 0, NVIDIA GeForce RTX 3080, 6842, 3210, 10240, 96, 98
2026/08/05 04:04:56.866, 0, NVIDIA GeForce RTX 3080, 6842, 3210, 10240, 96, 98
2026/08/05 04:04:56.975, 0, NVIDIA GeForce RTX 3080, 6842, 3210, 10240, 96, 98
2026/08/05 04:04:57.084, 0, NVIDIA GeForce RTX 3080, 6842, 3210, 10240, 96, 98
2026/08/05 04:04:57.194, 0, NVIDIA GeForce RTX 3080, 6842, 3210, 10240, 96, 98
2026/08/05 04:04:57.302, 0, NVIDIA GeForce RTX 3080, 6842, 3210, 10240, 96, 98
2026/08/05 04:04:57.412, 0, NVIDIA GeForce RTX 3080, 6842, 3210, 10240, 96, 98
2026/08/05 04:04:57.522, 0, NVIDIA GeForce RTX 3080, 6842, 3210, 10240, 96, 98
2026/08/05 04:04:57.629, 0, NVIDIA GeForce RTX 3080, 6842, 3210, 10240, 96, 98
2026/08/05 04:04:57.739, 0, NVIDIA GeForce RTX 3080, 6842, 3210, 10240, 96, 98
2026/08/05 04:04:57.848, 0, NVIDIA GeForce RTX 3080, 6842, 3210, 10240, 94, 98
2026/08/05 04:04:57.957, 0, NVIDIA GeForce RTX 3080, 6842, 3210, 10240, 94, 98
2026/08/05 04:04:58.067, 0, NVIDIA GeForce RTX 3080, 6842, 3210, 10240, 94, 98
2026/08/05 04:04:58.175, 0, NVIDIA GeForce RTX 3080, 6842, 3210, 10240, 94, 98
2026/08/05 04:04:58.285, 0, NVIDIA GeForce RTX 3080, 6842, 3210, 10240, 94, 98
2026/08/05 04:04:58.394, 0, NVIDIA GeForce RTX 3080, 6842, 3210, 10240, 94, 98
2026/08/05 04:04:58.502, 0, NVIDIA GeForce RTX 3080, 6842, 3210, 10240, 94, 98
2026/08/05 04:04:58.612, 0, NVIDIA GeForce RTX 3080, 6842, 3210, 10240, 94, 98
2026/08/05 04:04:58.721, 0, NVIDIA GeForce RTX 3080, 6842, 3210, 10240, 94, 98
2026/08/05 04:04:58.830, 0, NVIDIA GeForce RTX 3080, 6842, 3210, 10240, 94, 98
2026/08/05 04:04:58.940, 0, NVIDIA GeForce RTX 3080, 6842, 3210, 10240, 94, 98
2026/08/05 04:04:59.048, 0, NVIDIA GeForce RTX 3080, 6842, 3210, 10240, 94, 98
2026/08/05 04:04:59.158, 0, NVIDIA GeForce RTX 3080, 6842, 3210, 10240, 94, 98
2026/08/05 04:04:59.268, 0, NVIDIA GeForce RTX 3080, 6842, 3210, 10240, 94, 98
2026/08/05 04:04:59.377, 0, NVIDIA GeForce RTX 3080, 6842, 3210, 10240, 94, 98
2026/08/05 04:04:59.486, 0, NVIDIA GeForce RTX 3080, 6842, 3210, 10240, 94, 98
2026/08/05 04:04:59.596, 0, NVIDIA GeForce RTX 3080, 6842, 3210, 10240, 94, 98
2026/08/05 04:04:59.704, 0, NVIDIA GeForce RTX 3080, 6842, 3210, 10240, 94, 98
2026/08/05 04:04:59.814, 0, NVIDIA GeForce RTX 3080, 6842, 3210, 10240, 94, 98
2026/08/05 04:04:59.923, 0, NVIDIA GeForce RTX 3080, 6842, 3210, 10240, 94, 98
2026/08/05 04:05:00.031, 0, NVIDIA GeForce RTX 3080, 6842, 3210, 10240, 94, 98
2026/08/05 04:05:00.141, 0, NVIDIA GeForce RTX 3080, 6842, 3210, 10240, 94, 98
2026/08/05 04:05:00.250, 0, NVIDIA GeForce RTX 3080, 6842, 3210, 10240, 94, 98
2026/08/05 04:05:00.358, 0, NVIDIA GeForce RTX 3080, 6842, 3210, 10240, 97, 98
2026/08/05 04:05:00.468, 0, NVIDIA GeForce RTX 3080, 6842, 3210, 10240, 97, 98
2026/08/05 04:05:00.576, 0, NVIDIA GeForce RTX 3080, 6842, 3210, 10240, 97, 98
2026/08/05 04:05:00.685, 0, NVIDIA GeForce RTX 3080, 6842, 3210, 10240, 97, 98
2026/08/05 04:05:00.795, 0, NVIDIA GeForce RTX 3080, 6842, 3210, 10240, 97, 98
2026/08/05 04:05:00.903, 0, NVIDIA GeForce RTX 3080, 6842, 3210, 10240, 97, 98
2026/08/05 04:05:01.013, 0, NVIDIA GeForce RTX 3080, 6842, 3210, 10240, 97, 98
2026/08/05 04:05:01.123, 0, NVIDIA GeForce RTX 3080, 6842, 3210, 10240, 97, 98
2026/08/05 04:05:01.231, 0, NVIDIA GeForce RTX 3080, 6842, 3210, 10240, 97, 98
2026/08/05 04:05:01.341, 0, NVIDIA GeForce RTX 3080, 6842, 3210, 10240, 97, 98
2026/08/05 04:05:01.449, 0, NVIDIA GeForce RTX 3080, 6842, 3210, 10240, 97, 98
2026/08/05 04:05:01.557, 0, NVIDIA GeForce RTX 3080, 6842, 3210, 10240, 97, 98
2026/08/05 04:05:01.667, 0, NVIDIA GeForce RTX 3080, 6842, 3210, 10240, 97, 98
2026/08/05 04:05:01.775, 0, NVIDIA GeForce RTX 3080, 6842, 3210, 10240, 97, 98
2026/08/05 04:05:01.885, 0, NVIDIA GeForce RTX 3080, 6842, 3210, 10240, 96, 96
2026/08/05 04:05:01.995, 0, NVIDIA GeForce RTX 3080, 6842, 3210, 10240, 96, 96
2026/08/05 04:05:02.103, 0, NVIDIA GeForce RTX 3080, 6842, 3210, 10240, 96, 96
2026/08/05 04:05:02.213, 0, NVIDIA GeForce RTX 3080, 6842, 3210, 10240, 96, 96
2026/08/05 04:05:02.321, 0, NVIDIA GeForce RTX 3080, 6842, 3210, 10240, 96, 96
2026/08/05 04:05:02.430, 0, NVIDIA GeForce RTX 3080, 6842, 3210, 10240, 98, 98
2026/08/05 04:05:02.540, 0, NVIDIA GeForce RTX 3080, 6842, 3210, 10240, 98, 98
2026/08/05 04:05:02.648, 0, NVIDIA GeForce RTX 3080, 6842, 3210, 10240, 98, 98
2026/08/05 04:05:02.758, 0, NVIDIA GeForce RTX 3080, 6842, 3210, 10240, 98, 98
2026/08/05 04:05:02.867, 0, NVIDIA GeForce RTX 3080, 6842, 3210, 10240, 98, 98
2026/08/05 04:05:02.976, 0, NVIDIA GeForce RTX 3080, 6842, 3210, 10240, 98, 98
2026/08/05 04:05:03.085, 0, NVIDIA GeForce RTX 3080, 6842, 3210, 10240, 98, 98
2026/08/05 04:05:03.193, 0, NVIDIA GeForce RTX 3080, 6842, 3210, 10240, 98, 98
2026/08/05 04:05:03.302, 0, NVIDIA GeForce RTX 3080, 6842, 3210, 10240, 98, 98
2026/08/05 04:05:03.411, 0, NVIDIA GeForce RTX 3080, 6842, 3210, 10240, 98, 98
2026/08/05 04:05:03.521, 0, NVIDIA GeForce RTX 3080, 6842, 3210, 10240, 98, 98
2026/08/05 04:05:03.630, 0, NVIDIA GeForce RTX 3080, 6842, 3210, 10240, 98, 98
2026/08/05 04:05:03.739, 0, NVIDIA GeForce RTX 3080, 6842, 3210, 10240, 98, 98
2026/08/05 04:05:03.848, 0, NVIDIA GeForce RTX 3080, 6842, 3210, 10240, 96, 98
2026/08/05 04:05:03.958, 0, NVIDIA GeForce RTX 3080, 6842, 3210, 10240, 96, 98
2026/08/05 04:05:04.067, 0, NVIDIA GeForce RTX 3080, 6842, 3210, 10240, 96, 98
2026/08/05 04:05:04.176, 0, NVIDIA GeForce RTX 3080, 6842, 3210, 10240, 96, 98
2026/08/05 04:05:04.286, 0, NVIDIA GeForce RTX 3080, 6842, 3210, 10240, 96, 98
2026/08/05 04:05:04.396, 0, NVIDIA GeForce RTX 3080, 6842, 3210, 10240, 96, 98
2026/08/05 04:05:04.504, 0, NVIDIA GeForce RTX 3080, 6842, 3210, 10240, 96, 98
2026/08/05 04:05:04.614, 0, NVIDIA GeForce RTX 3080, 6842, 3210, 10240, 96, 98
2026/08/05 04:05:04.724, 0, NVIDIA GeForce RTX 3080, 6842, 3210, 10240, 96, 98
2026/08/05 04:05:04.832, 0, NVIDIA GeForce RTX 3080, 6842, 3210, 10240, 96, 98
2026/08/05 04:05:04.942, 0, NVIDIA GeForce RTX 3080, 6842, 3210, 10240, 96, 98
2026/08/05 04:05:05.051, 0, NVIDIA GeForce RTX 3080, 6842, 3210, 10240, 96, 98
2026/08/05 04:05:05.159, 0, NVIDIA GeForce RTX 3080, 6842, 3210, 10240, 96, 98
2026/08/05 04:05:05.269, 0, NVIDIA GeForce RTX 3080, 6842, 3210, 10240, 96, 98
2026/08/05 04:05:05.377, 0, NVIDIA GeForce RTX 3080, 6842, 3210, 10240, 96, 98
2026/08/05 04:05:05.487, 0, NVIDIA GeForce RTX 3080, 6842, 3210, 10240, 96, 98
2026/08/05 04:05:05.597, 0, NVIDIA GeForce RTX 3080, 6842, 3210, 10240, 96, 98
2026/08/05 04:05:05.705, 0, NVIDIA GeForce RTX 3080, 6842, 3210, 10240, 96, 98
2026/08/05 04:05:05.815, 0, NVIDIA GeForce RTX 3080, 6842, 3210, 10240, 96, 98
2026/08/05 04:05:05.925, 0, NVIDIA GeForce RTX 3080, 6842, 3210, 10240, 97, 98
2026/08/05 04:05:06.033, 0, NVIDIA GeForce RTX 3080, 6842, 3210, 10240, 97, 98
2026/08/05 04:05:06.143, 0, NVIDIA GeForce RTX 3080, 6842, 3210, 10240, 97, 98
2026/08/05 04:05:06.252, 0, NVIDIA GeForce RTX 3080, 6842, 3210, 10240, 97, 98
2026/08/05 04:05:06.361, 0, NVIDIA GeForce RTX 3080, 6842, 3210, 10240, 97, 98
2026/08/05 04:05:06.471, 0, NVIDIA GeForce RTX 3080, 6842, 3210, 10240, 97, 98
2026/08/05 04:05:06.580, 0, NVIDIA GeForce RTX 3080, 6842, 3210, 10240, 97, 98
2026/08/05 04:05:06.688, 0, NVIDIA GeForce RTX 3080, 6842, 3210, 10240, 97, 98
2026/08/05 04:05:06.798, 0, NVIDIA GeForce RTX 3080, 6842, 3210, 10240, 97, 98
2026/08/05 04:05:06.906, 0, NVIDIA GeForce RTX 3080, 6842, 3210, 10240, 97, 98
2026/08/05 04:05:07.016, 0, NVIDIA GeForce RTX 3080, 6842, 3210, 10240, 97, 98
2026/08/05 04:05:07.125, 0, NVIDIA GeForce RTX 3080, 6842, 3210, 10240, 97, 98
2026/08/05 04:05:07.234, 0, NVIDIA GeForce RTX 3080, 6842, 3210, 10240, 97, 98
2026/08/05 04:05:07.344, 0, NVIDIA GeForce RTX 3080, 6842, 3210, 10240, 97, 98
2026/08/05 04:05:07.452, 0, NVIDIA GeForce RTX 3080, 6842, 3210, 10240, 97, 98
2026/08/05 04:05:07.561, 0, NVIDIA GeForce RTX 3080, 6842, 3210, 10240, 97, 98
2026/08/05 04:05:07.670, 0, NVIDIA GeForce RTX 3080, 6842, 3210, 10240, 97, 98
2026/08/05 04:05:07.780, 0, NVIDIA GeForce RTX 3080, 6842, 3210, 10240, 97, 98
2026/08/05 04:05:07.889, 0, NVIDIA GeForce RTX 3080, 6842, 3210, 10240, 96, 98
2026/08/05 04:05:07.998, 0, NVIDIA GeForce RTX 3080, 6842, 3210, 10240, 96, 98
2026/08/05 04:05:08.107, 0, NVIDIA GeForce RTX 3080, 6842, 3210, 10240, 96, 98
2026/08/05 04:05:08.216, 0, NVIDIA GeForce RTX 3080, 6842, 3210, 10240, 96, 98
2026/08/05 04:05:08.326, 0, NVIDIA GeForce RTX 3080, 6842, 3210, 10240, 96, 98
2026/08/05 04:05:08.435, 0, NVIDIA GeForce RTX 3080, 6842, 3210, 10240, 95, 98
2026/08/05 04:05:08.544, 0, NVIDIA GeForce RTX 3080, 6842, 3210, 10240, 95, 98
2026/08/05 04:05:08.653, 0, NVIDIA GeForce RTX 3080, 6842, 3210, 10240, 95, 98
2026/08/05 04:05:08.761, 0, NVIDIA GeForce RTX 3080, 6842, 3210, 10240, 95, 98
2026/08/05 04:05:08.871, 0, NVIDIA GeForce RTX 3080, 6842, 3210, 10240, 96, 98
2026/08/05 04:05:08.980, 0, NVIDIA GeForce RTX 3080, 6842, 3210, 10240, 96, 98
2026/08/05 04:05:09.088, 0, NVIDIA GeForce RTX 3080, 6842, 3210, 10240, 96, 98
2026/08/05 04:05:09.198, 0, NVIDIA GeForce RTX 3080, 6842, 3210, 10240, 96, 98
2026/08/05 04:05:09.307, 0, NVIDIA GeForce RTX 3080, 6842, 3210, 10240, 96, 98
2026/08/05 04:05:09.416, 0, NVIDIA GeForce RTX 3080, 6842, 3210, 10240, 96, 98
2026/08/05 04:05:09.525, 0, NVIDIA GeForce RTX 3080, 6842, 3210, 10240, 96, 98
2026/08/05 04:05:09.633, 0, NVIDIA GeForce RTX 3080, 6842, 3210, 10240, 96, 98
2026/08/05 04:05:09.742, 0, NVIDIA GeForce RTX 3080, 6842, 3210, 10240, 96, 98
2026/08/05 04:05:09.851, 0, NVIDIA GeForce RTX 3080, 6842, 3210, 10240, 97, 98
2026/08/05 04:05:09.959, 0, NVIDIA GeForce RTX 3080, 6842, 3210, 10240, 97, 98
2026/08/05 04:05:10.069, 0, NVIDIA GeForce RTX 3080, 6842, 3210, 10240, 97, 98
2026/08/05 04:05:10.178, 0, NVIDIA GeForce RTX 3080, 6842, 3210, 10240, 97, 98
2026/08/05 04:05:10.287, 0, NVIDIA GeForce RTX 3080, 6842, 3210, 10240, 97, 98
2026/08/05 04:05:10.397, 0, NVIDIA GeForce RTX 3080, 6842, 3210, 10240, 97, 98
2026/08/05 04:05:10.505, 0, NVIDIA GeForce RTX 3080, 6842, 3210, 10240, 97, 98
2026/08/05 04:05:10.615, 0, NVIDIA GeForce RTX 3080, 6842, 3210, 10240, 97, 98
2026/08/05 04:05:10.724, 0, NVIDIA GeForce RTX 3080, 6842, 3210, 10240, 97, 98
2026/08/05 04:05:10.832, 0, NVIDIA GeForce RTX 3080, 6842, 3210, 10240, 97, 98
2026/08/05 04:05:10.942, 0, NVIDIA GeForce RTX 3080, 6842, 3210, 10240, 97, 98
2026/08/05 04:05:11.051, 0, NVIDIA GeForce RTX 3080, 6842, 3210, 10240, 97, 98
2026/08/05 04:05:11.160, 0, NVIDIA GeForce RTX 3080, 6842, 3210, 10240, 97, 98
2026/08/05 04:05:11.269, 0, NVIDIA GeForce RTX 3080, 6842, 3210, 10240, 97, 98
2026/08/05 04:05:11.378, 0, NVIDIA GeForce RTX 3080, 6842, 3210, 10240, 97, 98
2026/08/05 04:05:11.488, 0, NVIDIA GeForce RTX 3080, 6842, 3210, 10240, 97, 98
2026/08/05 04:05:11.597, 0, NVIDIA GeForce RTX 3080, 6842, 3210, 10240, 97, 98
2026/08/05 04:05:11.706, 0, NVIDIA GeForce RTX 3080, 6842, 3210, 10240, 97, 98
2026/08/05 04:05:11.815, 0, NVIDIA GeForce RTX 3080, 6842, 3210, 10240, 97, 98
2026/08/05 04:05:11.925, 0, NVIDIA GeForce RTX 3080, 6842, 3210, 10240, 96, 98
2026/08/05 04:05:12.034, 0, NVIDIA GeForce RTX 3080, 6842, 3210, 10240, 96, 98
2026/08/05 04:05:12.143, 0, NVIDIA GeForce RTX 3080, 6842, 3210, 10240, 96, 98
2026/08/05 04:05:12.253, 0, NVIDIA GeForce RTX 3080, 6842, 3210, 10240, 96, 98
2026/08/05 04:05:12.360, 0, NVIDIA GeForce RTX 3080, 6842, 3210, 10240, 95, 98
2026/08/05 04:05:12.470, 0, NVIDIA GeForce RTX 3080, 6842, 3210, 10240, 95, 98
2026/08/05 04:05:12.579, 0, NVIDIA GeForce RTX 3080, 6842, 3210, 10240, 95, 98
2026/08/05 04:05:12.687, 0, NVIDIA GeForce RTX 3080, 6842, 3210, 10240, 95, 98
2026/08/05 04:05:12.797, 0, NVIDIA GeForce RTX 3080, 6842, 3210, 10240, 95, 98
2026/08/05 04:05:12.905, 0, NVIDIA GeForce RTX 3080, 6842, 3210, 10240, 95, 98
2026/08/05 04:05:13.015, 0, NVIDIA GeForce RTX 3080, 6842, 3210, 10240, 95, 98
2026/08/05 04:05:13.125, 0, NVIDIA GeForce RTX 3080, 6842, 3210, 10240, 95, 98
2026/08/05 04:05:13.233, 0, NVIDIA GeForce RTX 3080, 6842, 3210, 10240, 95, 98
2026/08/05 04:05:13.343, 0, NVIDIA GeForce RTX 3080, 6842, 3210, 10240, 95, 98
2026/08/05 04:05:13.452, 0, NVIDIA GeForce RTX 3080, 6842, 3210, 10240, 95, 98
2026/08/05 04:05:13.561, 0, NVIDIA GeForce RTX 3080, 6842, 3210, 10240, 95, 98
2026/08/05 04:05:13.671, 0, NVIDIA GeForce RTX 3080, 6842, 3210, 10240, 95, 98
2026/08/05 04:05:13.780, 0, NVIDIA GeForce RTX 3080, 6842, 3210, 10240, 95, 98
2026/08/05 04:05:13.889, 0, NVIDIA GeForce RTX 3080, 6842, 3210, 10240, 95, 97
2026/08/05 04:05:13.999, 0, NVIDIA GeForce RTX 3080, 6842, 3210, 10240, 95, 97
2026/08/05 04:05:14.107, 0, NVIDIA GeForce RTX 3080, 6842, 3210, 10240, 95, 97
2026/08/05 04:05:14.217, 0, NVIDIA GeForce RTX 3080, 6842, 3210, 10240, 95, 97
2026/08/05 04:05:14.327, 0, NVIDIA GeForce RTX 3080, 6842, 3210, 10240, 95, 97
2026/08/05 04:05:14.435, 0, NVIDIA GeForce RTX 3080, 6842, 3210, 10240, 97, 98
2026/08/05 04:05:14.545, 0, NVIDIA GeForce RTX 3080, 6842, 3210, 10240, 97, 98
2026/08/05 04:05:14.654, 0, NVIDIA GeForce RTX 3080, 6842, 3210, 10240, 97, 98
2026/08/05 04:05:14.763, 0, NVIDIA GeForce RTX 3080, 6842, 3210, 10240, 97, 98
2026/08/05 04:05:14.873, 0, NVIDIA GeForce RTX 3080, 6842, 3210, 10240, 97, 98
2026/08/05 04:05:14.982, 0, NVIDIA GeForce RTX 3080, 6842, 3210, 10240, 97, 98
2026/08/05 04:05:15.091, 0, NVIDIA GeForce RTX 3080, 6842, 3210, 10240, 97, 98
2026/08/05 04:05:15.200, 0, NVIDIA GeForce RTX 3080, 6842, 3210, 10240, 97, 98
2026/08/05 04:05:15.310, 0, NVIDIA GeForce RTX 3080, 6842, 3210, 10240, 97, 98
2026/08/05 04:05:15.418, 0, NVIDIA GeForce RTX 3080, 6842, 3210, 10240, 97, 98
2026/08/05 04:05:15.527, 0, NVIDIA GeForce RTX 3080, 6842, 3210, 10240, 97, 98
2026/08/05 04:05:15.636, 0, NVIDIA GeForce RTX 3080, 6842, 3210, 10240, 97, 98
2026/08/05 04:05:15.746, 0, NVIDIA GeForce RTX 3080, 6842, 3210, 10240, 97, 98
2026/08/05 04:05:15.855, 0, NVIDIA GeForce RTX 3080, 6842, 3210, 10240, 97, 98
2026/08/05 04:05:15.964, 0, NVIDIA GeForce RTX 3080, 6842, 3210, 10240, 97, 98
2026/08/05 04:05:16.073, 0, NVIDIA GeForce RTX 3080, 6842, 3210, 10240, 97, 98
2026/08/05 04:05:16.182, 0, NVIDIA GeForce RTX 3080, 6842, 3210, 10240, 97, 98
2026/08/05 04:05:16.291, 0, NVIDIA GeForce RTX 3080, 6842, 3210, 10240, 97, 98
2026/08/05 04:05:16.400, 0, NVIDIA GeForce RTX 3080, 6842, 3210, 10240, 95, 98
2026/08/05 04:05:16.510, 0, NVIDIA GeForce RTX 3080, 6842, 3210, 10240, 95, 98
2026/08/05 04:05:16.618, 0, NVIDIA GeForce RTX 3080, 6842, 3210, 10240, 95, 98
2026/08/05 04:05:16.727, 0, NVIDIA GeForce RTX 3080, 6842, 3210, 10240, 95, 98
2026/08/05 04:05:16.835, 0, NVIDIA GeForce RTX 3080, 6842, 3210, 10240, 95, 98
2026/08/05 04:05:16.959, 0, NVIDIA GeForce RTX 3080, 6842, 3210, 10240, 95, 98
2026/08/05 04:05:17.068, 0, NVIDIA GeForce RTX 3080, 6842, 3210, 10240, 95, 98
2026/08/05 04:05:17.178, 0, NVIDIA GeForce RTX 3080, 6842, 3210, 10240, 95, 98
2026/08/05 04:05:17.287, 0, NVIDIA GeForce RTX 3080, 6842, 3210, 10240, 95, 98
2026/08/05 04:05:17.395, 0, NVIDIA GeForce RTX 3080, 6842, 3210, 10240, 95, 98
2026/08/05 04:05:17.505, 0, NVIDIA GeForce RTX 3080, 6842, 3210, 10240, 95, 98
2026/08/05 04:05:17.614, 0, NVIDIA GeForce RTX 3080, 6842, 3210, 10240, 95, 98
2026/08/05 04:05:17.723, 0, NVIDIA GeForce RTX 3080, 6842, 3210, 10240, 95, 98
2026/08/05 04:05:17.833, 0, NVIDIA GeForce RTX 3080, 6842, 3210, 10240, 95, 98
2026/08/05 04:05:17.941, 0, NVIDIA GeForce RTX 3080, 6842, 3210, 10240, 95, 98
2026/08/05 04:05:18.051, 0, NVIDIA GeForce RTX 3080, 6842, 3210, 10240, 95, 98
2026/08/05 04:05:18.160, 0, NVIDIA GeForce RTX 3080, 6842, 3210, 10240, 95, 98
2026/08/05 04:05:18.268, 0, NVIDIA GeForce RTX 3080, 6842, 3210, 10240, 95, 98
2026/08/05 04:05:18.378, 0, NVIDIA GeForce RTX 3080, 6842, 3210, 10240, 96, 98
2026/08/05 04:05:18.487, 0, NVIDIA GeForce RTX 3080, 6842, 3210, 10240, 96, 98
2026/08/05 04:05:18.596, 0, NVIDIA GeForce RTX 3080, 6842, 3210, 10240, 96, 98
2026/08/05 04:05:18.706, 0, NVIDIA GeForce RTX 3080, 6842, 3210, 10240, 96, 98
2026/08/05 04:05:18.814, 0, NVIDIA GeForce RTX 3080, 6842, 3210, 10240, 96, 98
2026/08/05 04:05:18.924, 0, NVIDIA GeForce RTX 3080, 6842, 3210, 10240, 96, 98
2026/08/05 04:05:19.034, 0, NVIDIA GeForce RTX 3080, 6842, 3210, 10240, 96, 98
2026/08/05 04:05:19.142, 0, NVIDIA GeForce RTX 3080, 6842, 3210, 10240, 96, 98
2026/08/05 04:05:19.251, 0, NVIDIA GeForce RTX 3080, 6842, 3210, 10240, 96, 98
2026/08/05 04:05:19.361, 0, NVIDIA GeForce RTX 3080, 6842, 3210, 10240, 96, 98
2026/08/05 04:05:19.470, 0, NVIDIA GeForce RTX 3080, 6842, 3210, 10240, 96, 98
2026/08/05 04:05:19.579, 0, NVIDIA GeForce RTX 3080, 6842, 3210, 10240, 96, 98
2026/08/05 04:05:19.688, 0, NVIDIA GeForce RTX 3080, 6842, 3210, 10240, 96, 98
2026/08/05 04:05:19.798, 0, NVIDIA GeForce RTX 3080, 6842, 3210, 10240, 96, 98
2026/08/05 04:05:19.907, 0, NVIDIA GeForce RTX 3080, 6842, 3210, 10240, 96, 98
2026/08/05 04:05:20.016, 0, NVIDIA GeForce RTX 3080, 6842, 3210, 10240, 96, 98
2026/08/05 04:05:20.125, 0, NVIDIA GeForce RTX 3080, 6842, 3210, 10240, 96, 98
2026/08/05 04:05:20.235, 0, NVIDIA GeForce RTX 3080, 6842, 3210, 10240, 96, 98
2026/08/05 04:05:20.343, 0, NVIDIA GeForce RTX 3080, 6842, 3210, 10240, 96, 98
2026/08/05 04:05:20.452, 0, NVIDIA GeForce RTX 3080, 6842, 3210, 10240, 96, 98
2026/08/05 04:05:20.562, 0, NVIDIA GeForce RTX 3080, 6842, 3210, 10240, 96, 98
2026/08/05 04:05:20.671, 0, NVIDIA GeForce RTX 3080, 6842, 3210, 10240, 96, 98
2026/08/05 04:05:20.780, 0, NVIDIA GeForce RTX 3080, 6842, 3210, 10240, 96, 98
2026/08/05 04:05:20.889, 0, NVIDIA GeForce RTX 3080, 6842, 3210, 10240, 94, 98
2026/08/05 04:05:20.997, 0, NVIDIA GeForce RTX 3080, 6842, 3210, 10240, 94, 98
2026/08/05 04:05:21.107, 0, NVIDIA GeForce RTX 3080, 6842, 3210, 10240, 94, 98
2026/08/05 04:05:21.216, 0, NVIDIA GeForce RTX 3080, 6842, 3210, 10240, 94, 98
2026/08/05 04:05:21.325, 0, NVIDIA GeForce RTX 3080, 6842, 3210, 10240, 94, 98
2026/08/05 04:05:21.435, 0, NVIDIA GeForce RTX 3080, 6842, 3210, 10240, 95, 98
2026/08/05 04:05:21.543, 0, NVIDIA GeForce RTX 3080, 6842, 3210, 10240, 95, 98
2026/08/05 04:05:21.653, 0, NVIDIA GeForce RTX 3080, 6842, 3210, 10240, 95, 98
2026/08/05 04:05:21.763, 0, NVIDIA GeForce RTX 3080, 6842, 3210, 10240, 95, 98
2026/08/05 04:05:21.871, 0, NVIDIA GeForce RTX 3080, 6842, 3210, 10240, 95, 98
2026/08/05 04:05:21.981, 0, NVIDIA GeForce RTX 3080, 6842, 3210, 10240, 95, 98
2026/08/05 04:05:22.089, 0, NVIDIA GeForce RTX 3080, 6842, 3210, 10240, 95, 98
2026/08/05 04:05:22.197, 0, NVIDIA GeForce RTX 3080, 6842, 3210, 10240, 95, 98
2026/08/05 04:05:22.306, 0, NVIDIA GeForce RTX 3080, 6842, 3210, 10240, 95, 98
2026/08/05 04:05:22.415, 0, NVIDIA GeForce RTX 3080, 6842, 3210, 10240, 94, 98
2026/08/05 04:05:22.525, 0, NVIDIA GeForce RTX 3080, 6842, 3210, 10240, 94, 98
2026/08/05 04:05:22.634, 0, NVIDIA GeForce RTX 3080, 6842, 3210, 10240, 94, 98
2026/08/05 04:05:22.743, 0, NVIDIA GeForce RTX 3080, 6842, 3210, 10240, 94, 98
2026/08/05 04:05:22.852, 0, NVIDIA GeForce RTX 3080, 6842, 3210, 10240, 93, 97
2026/08/05 04:05:22.961, 0, NVIDIA GeForce RTX 3080, 6842, 3210, 10240, 93, 97
2026/08/05 04:05:23.070, 0, NVIDIA GeForce RTX 3080, 6842, 3210, 10240, 93, 97
2026/08/05 04:05:23.179, 0, NVIDIA GeForce RTX 3080, 6842, 3210, 10240, 93, 97
2026/08/05 04:05:23.288, 0, NVIDIA GeForce RTX 3080, 6842, 3210, 10240, 93, 97
2026/08/05 04:05:23.398, 0, NVIDIA GeForce RTX 3080, 6842, 3210, 10240, 96, 98
2026/08/05 04:05:23.507, 0, NVIDIA GeForce RTX 3080, 6842, 3210, 10240, 96, 98
2026/08/05 04:05:23.616, 0, NVIDIA GeForce RTX 3080, 6842, 3210, 10240, 96, 98
2026/08/05 04:05:23.725, 0, NVIDIA GeForce RTX 3080, 6842, 3210, 10240, 96, 98
2026/08/05 04:05:23.834, 0, NVIDIA GeForce RTX 3080, 6842, 3210, 10240, 96, 98
2026/08/05 04:05:23.943, 0, NVIDIA GeForce RTX 3080, 6842, 3210, 10240, 96, 98
2026/08/05 04:05:24.052, 0, NVIDIA GeForce RTX 3080, 6842, 3210, 10240, 96, 98
2026/08/05 04:05:24.162, 0, NVIDIA GeForce RTX 3080, 6842, 3210, 10240, 96, 98
2026/08/05 04:05:24.271, 0, NVIDIA GeForce RTX 3080, 6842, 3210, 10240, 96, 98
2026/08/05 04:05:24.380, 0, NVIDIA GeForce RTX 3080, 6842, 3210, 10240, 96, 98
2026/08/05 04:05:24.490, 0, NVIDIA GeForce RTX 3080, 6842, 3210, 10240, 96, 98
2026/08/05 04:05:24.599, 0, NVIDIA GeForce RTX 3080, 6842, 3210, 10240, 96, 98
2026/08/05 04:05:24.708, 0, NVIDIA GeForce RTX 3080, 6842, 3210, 10240, 96, 98
2026/08/05 04:05:24.817, 0, NVIDIA GeForce RTX 3080, 6842, 3210, 10240, 96, 98
2026/08/05 04:05:24.927, 0, NVIDIA GeForce RTX 3080, 6842, 3210, 10240, 96, 98
2026/08/05 04:05:25.035, 0, NVIDIA GeForce RTX 3080, 6842, 3210, 10240, 96, 98
2026/08/05 04:05:25.143, 0, NVIDIA GeForce RTX 3080, 6842, 3210, 10240, 96, 98
2026/08/05 04:05:25.252, 0, NVIDIA GeForce RTX 3080, 6842, 3210, 10240, 96, 98
2026/08/05 04:05:25.361, 0, NVIDIA GeForce RTX 3080, 6842, 3210, 10240, 94, 98
2026/08/05 04:05:25.470, 0, NVIDIA GeForce RTX 3080, 6842, 3210, 10240, 94, 98
2026/08/05 04:05:25.579, 0, NVIDIA GeForce RTX 3080, 6842, 3210, 10240, 94, 98
2026/08/05 04:05:25.688, 0, NVIDIA GeForce RTX 3080, 6842, 3210, 10240, 94, 98
2026/08/05 04:05:25.798, 0, NVIDIA GeForce RTX 3080, 6842, 3210, 10240, 94, 98
2026/08/05 04:05:25.907, 0, NVIDIA GeForce RTX 3080, 6842, 3210, 10240, 94, 98
2026/08/05 04:05:26.016, 0, NVIDIA GeForce RTX 3080, 6842, 3210, 10240, 94, 98
2026/08/05 04:05:26.125, 0, NVIDIA GeForce RTX 3080, 6842, 3210, 10240, 94, 98
2026/08/05 04:05:26.235, 0, NVIDIA GeForce RTX 3080, 6842, 3210, 10240, 94, 98
2026/08/05 04:05:26.343, 0, NVIDIA GeForce RTX 3080, 6842, 3210, 10240, 94, 98
2026/08/05 04:05:26.452, 0, NVIDIA GeForce RTX 3080, 6842, 3210, 10240, 94, 98
2026/08/05 04:05:26.561, 0, NVIDIA GeForce RTX 3080, 6842, 3210, 10240, 94, 98
2026/08/05 04:05:26.670, 0, NVIDIA GeForce RTX 3080, 6842, 3210, 10240, 94, 98
2026/08/05 04:05:26.779, 0, NVIDIA GeForce RTX 3080, 6842, 3210, 10240, 94, 98
2026/08/05 04:05:26.888, 0, NVIDIA GeForce RTX 3080, 6842, 3210, 10240, 94, 98
2026/08/05 04:05:26.998, 0, NVIDIA GeForce RTX 3080, 6842, 3210, 10240, 94, 98
2026/08/05 04:05:27.107, 0, NVIDIA GeForce RTX 3080, 6842, 3210, 10240, 94, 98
2026/08/05 04:05:27.216, 0, NVIDIA GeForce RTX 3080, 6842, 3210, 10240, 94, 98
2026/08/05 04:05:27.326, 0, NVIDIA GeForce RTX 3080, 6842, 3210, 10240, 94, 98
2026/08/05 04:05:27.435, 0, NVIDIA GeForce RTX 3080, 6842, 3210, 10240, 94, 98
2026/08/05 04:05:27.543, 0, NVIDIA GeForce RTX 3080, 6842, 3210, 10240, 94, 98
2026/08/05 04:05:27.652, 0, NVIDIA GeForce RTX 3080, 6842, 3210, 10240, 94, 98
2026/08/05 04:05:27.762, 0, NVIDIA GeForce RTX 3080, 6842, 3210, 10240, 94, 98
2026/08/05 04:05:27.871, 0, NVIDIA GeForce RTX 3080, 6842, 3210, 10240, 97, 98
2026/08/05 04:05:27.980, 0, NVIDIA GeForce RTX 3080, 6842, 3210, 10240, 97, 98
2026/08/05 04:05:28.090, 0, NVIDIA GeForce RTX 3080, 6842, 3210, 10240, 97, 98
2026/08/05 04:05:28.199, 0, NVIDIA GeForce RTX 3080, 6842, 3210, 10240, 97, 98
2026/08/05 04:05:28.308, 0, NVIDIA GeForce RTX 3080, 6842, 3210, 10240, 97, 98
2026/08/05 04:05:28.417, 0, NVIDIA GeForce RTX 3080, 6842, 3210, 10240, 97, 98
2026/08/05 04:05:28.525, 0, NVIDIA GeForce RTX 3080, 6842, 3210, 10240, 97, 98
2026/08/05 04:05:28.635, 0, NVIDIA GeForce RTX 3080, 6842, 3210, 10240, 97, 98
2026/08/05 04:05:28.743, 0, NVIDIA GeForce RTX 3080, 6842, 3210, 10240, 97, 98
2026/08/05 04:05:28.852, 0, NVIDIA GeForce RTX 3080, 6842, 3210, 10240, 96, 98
2026/08/05 04:05:28.961, 0, NVIDIA GeForce RTX 3080, 6842, 3210, 10240, 96, 98
2026/08/05 04:05:29.069, 0, NVIDIA GeForce RTX 3080, 6842, 3210, 10240, 96, 98
2026/08/05 04:05:29.178, 0, NVIDIA GeForce RTX 3080, 6842, 3210, 10240, 96, 98
2026/08/05 04:05:29.287, 0, NVIDIA GeForce RTX 3080, 6842, 3210, 10240, 96, 98
2026/08/05 04:05:29.397, 0, NVIDIA GeForce RTX 3080, 6842, 3210, 10240, 97, 98
2026/08/05 04:05:29.506, 0, NVIDIA GeForce RTX 3080, 6842, 3210, 10240, 97, 98
2026/08/05 04:05:29.615, 0, NVIDIA GeForce RTX 3080, 6842, 3210, 10240, 97, 98
2026/08/05 04:05:29.724, 0, NVIDIA GeForce RTX 3080, 6842, 3210, 10240, 97, 98
2026/08/05 04:05:29.834, 0, NVIDIA GeForce RTX 3080, 6842, 3210, 10240, 98, 98
2026/08/05 04:05:29.943, 0, NVIDIA GeForce RTX 3080, 6842, 3210, 10240, 98, 98
2026/08/05 04:05:30.052, 0, NVIDIA GeForce RTX 3080, 6842, 3210, 10240, 98, 98
2026/08/05 04:05:30.161, 0, NVIDIA GeForce RTX 3080, 6842, 3210, 10240, 98, 98
2026/08/05 04:05:30.269, 0, NVIDIA GeForce RTX 3080, 6842, 3210, 10240, 98, 98
2026/08/05 04:05:30.379, 0, NVIDIA GeForce RTX 3080, 6842, 3210, 10240, 98, 98
2026/08/05 04:05:30.488, 0, NVIDIA GeForce RTX 3080, 6842, 3210, 10240, 98, 98
2026/08/05 04:05:30.597, 0, NVIDIA GeForce RTX 3080, 6842, 3210, 10240, 98, 98
2026/08/05 04:05:30.707, 0, NVIDIA GeForce RTX 3080, 6842, 3210, 10240, 98, 98
2026/08/05 04:05:30.816, 0, NVIDIA GeForce RTX 3080, 6842, 3210, 10240, 98, 98
2026/08/05 04:05:30.924, 0, NVIDIA GeForce RTX 3080, 6842, 3210, 10240, 98, 98
2026/08/05 04:05:31.034, 0, NVIDIA GeForce RTX 3080, 6842, 3210, 10240, 98, 98
2026/08/05 04:05:31.142, 0, NVIDIA GeForce RTX 3080, 6842, 3210, 10240, 98, 98
2026/08/05 04:05:31.252, 0, NVIDIA GeForce RTX 3080, 6842, 3210, 10240, 98, 98
2026/08/05 04:05:31.362, 0, NVIDIA GeForce RTX 3080, 6842, 3210, 10240, 98, 98
2026/08/05 04:05:31.470, 0, NVIDIA GeForce RTX 3080, 6842, 3210, 10240, 98, 98
2026/08/05 04:05:31.580, 0, NVIDIA GeForce RTX 3080, 6842, 3210, 10240, 98, 98
2026/08/05 04:05:31.688, 0, NVIDIA GeForce RTX 3080, 6842, 3210, 10240, 98, 98
2026/08/05 04:05:31.797, 0, NVIDIA GeForce RTX 3080, 6842, 3210, 10240, 98, 98
2026/08/05 04:05:31.906, 0, NVIDIA GeForce RTX 3080, 6842, 3210, 10240, 96, 98
2026/08/05 04:05:32.015, 0, NVIDIA GeForce RTX 3080, 6842, 3210, 10240, 96, 98
2026/08/05 04:05:32.125, 0, NVIDIA GeForce RTX 3080, 6842, 3210, 10240, 96, 98
2026/08/05 04:05:32.234, 0, NVIDIA GeForce RTX 3080, 6842, 3210, 10240, 96, 98
2026/08/05 04:05:32.343, 0, NVIDIA GeForce RTX 3080, 6842, 3210, 10240, 96, 98
2026/08/05 04:05:32.452, 0, NVIDIA GeForce RTX 3080, 6842, 3210, 10240, 96, 98
2026/08/05 04:05:32.562, 0, NVIDIA GeForce RTX 3080, 6842, 3210, 10240, 96, 98
2026/08/05 04:05:32.670, 0, NVIDIA GeForce RTX 3080, 6842, 3210, 10240, 96, 98
2026/08/05 04:05:32.779, 0, NVIDIA GeForce RTX 3080, 6842, 3210, 10240, 96, 98
2026/08/05 04:05:32.888, 0, NVIDIA GeForce RTX 3080, 6842, 3210, 10240, 95, 98
2026/08/05 04:05:32.997, 0, NVIDIA GeForce RTX 3080, 6842, 3210, 10240, 95, 98
2026/08/05 04:05:33.107, 0, NVIDIA GeForce RTX 3080, 6842, 3210, 10240, 95, 98
2026/08/05 04:05:33.215, 0, NVIDIA GeForce RTX 3080, 6842, 3210, 10240, 95, 98
2026/08/05 04:05:33.325, 0, NVIDIA GeForce RTX 3080, 6842, 3210, 10240, 95, 98
2026/08/05 04:05:33.434, 0, NVIDIA GeForce RTX 3080, 6842, 3210, 10240, 95, 97
2026/08/05 04:05:33.543, 0, NVIDIA GeForce RTX 3080, 6842, 3210, 10240, 95, 97
2026/08/05 04:05:33.653, 0, NVIDIA GeForce RTX 3080, 6842, 3210, 10240, 95, 97
2026/08/05 04:05:33.761, 0, NVIDIA GeForce RTX 3080, 6842, 3210, 10240, 95, 97
2026/08/05 04:05:33.870, 0, NVIDIA GeForce RTX 3080, 6842, 3210, 10240, 97, 98
2026/08/05 04:05:33.979, 0, NVIDIA GeForce RTX 3080, 6842, 3210, 10240, 97, 98
2026/08/05 04:05:34.088, 0, NVIDIA GeForce RTX 3080, 6842, 3210, 10240, 97, 98
2026/08/05 04:05:34.197, 0, NVIDIA GeForce RTX 3080, 6842, 3210, 10240, 97, 98
2026/08/05 04:05:34.306, 0, NVIDIA GeForce RTX 3080, 6842, 3210, 10240, 97, 98
2026/08/05 04:05:34.415, 0, NVIDIA GeForce RTX 3080, 6842, 3210, 10240, 97, 98
2026/08/05 04:05:34.524, 0, NVIDIA GeForce RTX 3080, 6842, 3210, 10240, 97, 98
2026/08/05 04:05:34.633, 0, NVIDIA GeForce RTX 3080, 6842, 3210, 10240, 97, 98
2026/08/05 04:05:34.742, 0, NVIDIA GeForce RTX 3080, 6842, 3210, 10240, 97, 98
2026/08/05 04:05:34.851, 0, NVIDIA GeForce RTX 3080, 6842, 3210, 10240, 97, 98
2026/08/05 04:05:34.961, 0, NVIDIA GeForce RTX 3080, 6842, 3210, 10240, 97, 98
2026/08/05 04:05:35.070, 0, NVIDIA GeForce RTX 3080, 6842, 3210, 10240, 97, 98
2026/08/05 04:05:35.179, 0, NVIDIA GeForce RTX 3080, 6842, 3210, 10240, 97, 98
2026/08/05 04:05:35.288, 0, NVIDIA GeForce RTX 3080, 6842, 3210, 10240, 97, 98
2026/08/05 04:05:35.397, 0, NVIDIA GeForce RTX 3080, 6842, 3210, 10240, 95, 97
2026/08/05 04:05:35.507, 0, NVIDIA GeForce RTX 3080, 6842, 3210, 10240, 95, 97
2026/08/05 04:05:35.616, 0, NVIDIA GeForce RTX 3080, 6842, 3210, 10240, 95, 97
2026/08/05 04:05:35.725, 0, NVIDIA GeForce RTX 3080, 6842, 3210, 10240, 95, 97
2026/08/05 04:05:35.835, 0, NVIDIA GeForce RTX 3080, 6842, 3210, 10240, 95, 98
2026/08/05 04:05:35.943, 0, NVIDIA GeForce RTX 3080, 6842, 3210, 10240, 95, 98
2026/08/05 04:05:36.053, 0, NVIDIA GeForce RTX 3080, 6842, 3210, 10240, 95, 98
2026/08/05 04:05:36.162, 0, NVIDIA GeForce RTX 3080, 6842, 3210, 10240, 95, 98
2026/08/05 04:05:36.271, 0, NVIDIA GeForce RTX 3080, 6842, 3210, 10240, 95, 98
2026/08/05 04:05:36.381, 0, NVIDIA GeForce RTX 3080, 6842, 3210, 10240, 95, 98
2026/08/05 04:05:36.490, 0, NVIDIA GeForce RTX 3080, 6842, 3210, 10240, 95, 98
2026/08/05 04:05:36.598, 0, NVIDIA GeForce RTX 3080, 6842, 3210, 10240, 95, 98
2026/08/05 04:05:36.708, 0, NVIDIA GeForce RTX 3080, 6842, 3210, 10240, 95, 98
2026/08/05 04:05:36.816, 0, NVIDIA GeForce RTX 3080, 6842, 3210, 10240, 95, 98
2026/08/05 04:05:36.926, 0, NVIDIA GeForce RTX 3080, 6842, 3210, 10240, 95, 98
2026/08/05 04:05:37.035, 0, NVIDIA GeForce RTX 3080, 6842, 3210, 10240, 95, 98
2026/08/05 04:05:37.144, 0, NVIDIA GeForce RTX 3080, 6842, 3210, 10240, 95, 98
2026/08/05 04:05:37.254, 0, NVIDIA GeForce RTX 3080, 6842, 3210, 10240, 95, 98
2026/08/05 04:05:37.364, 0, NVIDIA GeForce RTX 3080, 6842, 3210, 10240, 96, 98
2026/08/05 04:05:37.472, 0, NVIDIA GeForce RTX 3080, 6842, 3210, 10240, 96, 98
2026/08/05 04:05:37.582, 0, NVIDIA GeForce RTX 3080, 6842, 3210, 10240, 96, 98
2026/08/05 04:05:37.692, 0, NVIDIA GeForce RTX 3080, 6842, 3210, 10240, 96, 98
2026/08/05 04:05:37.800, 0, NVIDIA GeForce RTX 3080, 6842, 3210, 10240, 96, 98
2026/08/05 04:05:37.910, 0, NVIDIA GeForce RTX 3080, 6842, 3210, 10240, 97, 98
2026/08/05 04:05:38.018, 0, NVIDIA GeForce RTX 3080, 6842, 3210, 10240, 97, 98
2026/08/05 04:05:38.127, 0, NVIDIA GeForce RTX 3080, 6842, 3210, 10240, 97, 98
2026/08/05 04:05:38.237, 0, NVIDIA GeForce RTX 3080, 6842, 3210, 10240, 97, 98
2026/08/05 04:05:38.345, 0, NVIDIA GeForce RTX 3080, 6842, 3210, 10240, 97, 98
2026/08/05 04:05:38.455, 0, NVIDIA GeForce RTX 3080, 6842, 3210, 10240, 97, 98
2026/08/05 04:05:38.565, 0, NVIDIA GeForce RTX 3080, 6842, 3210, 10240, 97, 98
2026/08/05 04:05:38.673, 0, NVIDIA GeForce RTX 3080, 6842, 3210, 10240, 97, 98
2026/08/05 04:05:38.783, 0, NVIDIA GeForce RTX 3080, 6842, 3210, 10240, 97, 98
2026/08/05 04:05:38.891, 0, NVIDIA GeForce RTX 3080, 6842, 3210, 10240, 97, 98
2026/08/05 04:05:39.000, 0, NVIDIA GeForce RTX 3080, 6842, 3210, 10240, 97, 98
2026/08/05 04:05:39.110, 0, NVIDIA GeForce RTX 3080, 6842, 3210, 10240, 97, 98
2026/08/05 04:05:39.219, 0, NVIDIA GeForce RTX 3080, 6842, 3210, 10240, 97, 98
2026/08/05 04:05:39.327, 0, NVIDIA GeForce RTX 3080, 6842, 3210, 10240, 97, 98
2026/08/05 04:05:39.437, 0, NVIDIA GeForce RTX 3080, 6842, 3210, 10240, 97, 98
2026/08/05 04:05:39.546, 0, NVIDIA GeForce RTX 3080, 6842, 3210, 10240, 97, 98
2026/08/05 04:05:39.655, 0, NVIDIA GeForce RTX 3080, 6842, 3210, 10240, 97, 98
2026/08/05 04:05:39.765, 0, NVIDIA GeForce RTX 3080, 6842, 3210, 10240, 97, 98
2026/08/05 04:05:39.873, 0, NVIDIA GeForce RTX 3080, 6842, 3210, 10240, 95, 98
2026/08/05 04:05:39.982, 0, NVIDIA GeForce RTX 3080, 6842, 3210, 10240, 95, 98
2026/08/05 04:05:40.091, 0, NVIDIA GeForce RTX 3080, 6842, 3210, 10240, 95, 98
2026/08/05 04:05:40.199, 0, NVIDIA GeForce RTX 3080, 6842, 3210, 10240, 95, 98
2026/08/05 04:05:40.309, 0, NVIDIA GeForce RTX 3080, 6842, 3210, 10240, 95, 98
2026/08/05 04:05:40.418, 0, NVIDIA GeForce RTX 3080, 6842, 3210, 10240, 96, 98
2026/08/05 04:05:40.527, 0, NVIDIA GeForce RTX 3080, 6842, 3210, 10240, 96, 98
2026/08/05 04:05:40.637, 0, NVIDIA GeForce RTX 3080, 6842, 3210, 10240, 96, 98
2026/08/05 04:05:40.745, 0, NVIDIA GeForce RTX 3080, 6842, 3210, 10240, 96, 98
2026/08/05 04:05:40.855, 0, NVIDIA GeForce RTX 3080, 6842, 3210, 10240, 96, 98
2026/08/05 04:05:40.965, 0, NVIDIA GeForce RTX 3080, 6842, 3210, 10240, 96, 98
2026/08/05 04:05:41.073, 0, NVIDIA GeForce RTX 3080, 6842, 3210, 10240, 96, 98
2026/08/05 04:05:41.182, 0, NVIDIA GeForce RTX 3080, 6842, 3210, 10240, 96, 98
2026/08/05 04:05:41.292, 0, NVIDIA GeForce RTX 3080, 6842, 3210, 10240, 96, 98
2026/08/05 04:05:41.400, 0, NVIDIA GeForce RTX 3080, 6842, 3210, 10240, 95, 98
2026/08/05 04:05:41.510, 0, NVIDIA GeForce RTX 3080, 6842, 3210, 10240, 95, 98
2026/08/05 04:05:41.618, 0, NVIDIA GeForce RTX 3080, 6842, 3210, 10240, 95, 98
2026/08/05 04:05:41.727, 0, NVIDIA GeForce RTX 3080, 6842, 3210, 10240, 95, 98
2026/08/05 04:05:41.837, 0, NVIDIA GeForce RTX 3080, 6842, 3210, 10240, 96, 98
2026/08/05 04:05:41.945, 0, NVIDIA GeForce RTX 3080, 6842, 3210, 10240, 96, 98
2026/08/05 04:05:42.055, 0, NVIDIA GeForce RTX 3080, 6842, 3210, 10240, 96, 98
2026/08/05 04:05:42.164, 0, NVIDIA GeForce RTX 3080, 6842, 3210, 10240, 96, 98
2026/08/05 04:05:42.273, 0, NVIDIA GeForce RTX 3080, 6842, 3210, 10240, 96, 98
2026/08/05 04:05:42.382, 0, NVIDIA GeForce RTX 3080, 6842, 3210, 10240, 97, 98
2026/08/05 04:05:42.491, 0, NVIDIA GeForce RTX 3080, 6842, 3210, 10240, 97, 98
2026/08/05 04:05:42.600, 0, NVIDIA GeForce RTX 3080, 6842, 3210, 10240, 97, 98
2026/08/05 04:05:42.709, 0, NVIDIA GeForce RTX 3080, 6842, 3210, 10240, 97, 98
2026/08/05 04:05:42.818, 0, NVIDIA GeForce RTX 3080, 6842, 3210, 10240, 97, 98
2026/08/05 04:05:42.928, 0, NVIDIA GeForce RTX 3080, 6842, 3210, 10240, 97, 98
2026/08/05 04:05:43.037, 0, NVIDIA GeForce RTX 3080, 6842, 3210, 10240, 97, 98
2026/08/05 04:05:43.146, 0, NVIDIA GeForce RTX 3080, 6842, 3210, 10240, 97, 98
2026/08/05 04:05:43.255, 0, NVIDIA GeForce RTX 3080, 6842, 3210, 10240, 97, 98
2026/08/05 04:05:43.365, 0, NVIDIA GeForce RTX 3080, 6842, 3210, 10240, 97, 98
2026/08/05 04:05:43.473, 0, NVIDIA GeForce RTX 3080, 6842, 3210, 10240, 97, 98
2026/08/05 04:05:43.582, 0, NVIDIA GeForce RTX 3080, 6842, 3210, 10240, 97, 98
2026/08/05 04:05:43.691, 0, NVIDIA GeForce RTX 3080, 6842, 3210, 10240, 97, 98
2026/08/05 04:05:43.799, 0, NVIDIA GeForce RTX 3080, 6842, 3210, 10240, 97, 98
2026/08/05 04:05:43.908, 0, NVIDIA GeForce RTX 3080, 6842, 3210, 10240, 93, 96
2026/08/05 04:05:44.017, 0, NVIDIA GeForce RTX 3080, 6842, 3210, 10240, 93, 96
2026/08/05 04:05:44.126, 0, NVIDIA GeForce RTX 3080, 6842, 3210, 10240, 93, 96
2026/08/05 04:05:44.235, 0, NVIDIA GeForce RTX 3080, 6842, 3210, 10240, 93, 96
2026/08/05 04:05:44.343, 0, NVIDIA GeForce RTX 3080, 6842, 3210, 10240, 95, 98
2026/08/05 04:05:44.452, 0, NVIDIA GeForce RTX 3080, 6842, 3210, 10240, 95, 98
2026/08/05 04:05:44.562, 0, NVIDIA GeForce RTX 3080, 6842, 3210, 10240, 95, 98
2026/08/05 04:05:44.671, 0, NVIDIA GeForce RTX 3080, 6842, 3210, 10240, 95, 98
2026/08/05 04:05:44.780, 0, NVIDIA GeForce RTX 3080, 6842, 3210, 10240, 95, 98
2026/08/05 04:05:44.890, 0, NVIDIA GeForce RTX 3080, 6842, 3210, 10240, 95, 98
2026/08/05 04:05:44.999, 0, NVIDIA GeForce RTX 3080, 6842, 3210, 10240, 95, 98
2026/08/05 04:05:45.108, 0, NVIDIA GeForce RTX 3080, 6842, 3210, 10240, 95, 98
2026/08/05 04:05:45.217, 0, NVIDIA GeForce RTX 3080, 6842, 3210, 10240, 95, 98
2026/08/05 04:05:45.325, 0, NVIDIA GeForce RTX 3080, 6842, 3210, 10240, 95, 98
2026/08/05 04:05:45.435, 0, NVIDIA GeForce RTX 3080, 6842, 3210, 10240, 95, 98
2026/08/05 04:05:45.544, 0, NVIDIA GeForce RTX 3080, 6842, 3210, 10240, 95, 98
2026/08/05 04:05:45.653, 0, NVIDIA GeForce RTX 3080, 6842, 3210, 10240, 95, 98
2026/08/05 04:05:45.763, 0, NVIDIA GeForce RTX 3080, 6842, 3210, 10240, 95, 98
2026/08/05 04:05:45.872, 0, NVIDIA GeForce RTX 3080, 6842, 3210, 10240, 95, 98
2026/08/05 04:05:45.981, 0, NVIDIA GeForce RTX 3080, 6842, 3210, 10240, 95, 98
2026/08/05 04:05:46.090, 0, NVIDIA GeForce RTX 3080, 6842, 3210, 10240, 95, 98
2026/08/05 04:05:46.197, 0, NVIDIA GeForce RTX 3080, 6842, 3210, 10240, 95, 98
2026/08/05 04:05:46.307, 0, NVIDIA GeForce RTX 3080, 6842, 3210, 10240, 95, 98
2026/08/05 04:05:46.416, 0, NVIDIA GeForce RTX 3080, 6842, 3210, 10240, 96, 98
2026/08/05 04:05:46.525, 0, NVIDIA GeForce RTX 3080, 6842, 3210, 10240, 96, 98
2026/08/05 04:05:46.635, 0, NVIDIA GeForce RTX 3080, 6842, 3210, 10240, 96, 98
2026/08/05 04:05:46.743, 0, NVIDIA GeForce RTX 3080, 6842, 3210, 10240, 96, 98
2026/08/05 04:05:46.853, 0, NVIDIA GeForce RTX 3080, 6842, 3210, 10240, 96, 98
2026/08/05 04:05:46.963, 0, NVIDIA GeForce RTX 3080, 6842, 3210, 10240, 96, 98
2026/08/05 04:05:47.072, 0, NVIDIA GeForce RTX 3080, 6842, 3210, 10240, 96, 98
2026/08/05 04:05:47.181, 0, NVIDIA GeForce RTX 3080, 6842, 3210, 10240, 96, 98
2026/08/05 04:05:47.290, 0, NVIDIA GeForce RTX 3080, 6842, 3210, 10240, 96, 98
2026/08/05 04:05:47.399, 0, NVIDIA GeForce RTX 3080, 6842, 3210, 10240, 96, 98
2026/08/05 04:05:47.509, 0, NVIDIA GeForce RTX 3080, 6842, 3210, 10240, 96, 98
2026/08/05 04:05:47.617, 0, NVIDIA GeForce RTX 3080, 6842, 3210, 10240, 96, 98
2026/08/05 04:05:47.726, 0, NVIDIA GeForce RTX 3080, 6842, 3210, 10240, 96, 98
2026/08/05 04:05:47.835, 0, NVIDIA GeForce RTX 3080, 6842, 3210, 10240, 96, 98
2026/08/05 04:05:47.944, 0, NVIDIA GeForce RTX 3080, 6842, 3210, 10240, 96, 98
2026/08/05 04:05:48.054, 0, NVIDIA GeForce RTX 3080, 6842, 3210, 10240, 96, 98
2026/08/05 04:05:48.162, 0, NVIDIA GeForce RTX 3080, 6842, 3210, 10240, 96, 98
2026/08/05 04:05:48.271, 0, NVIDIA GeForce RTX 3080, 6842, 3210, 10240, 96, 98
2026/08/05 04:05:48.380, 0, NVIDIA GeForce RTX 3080, 6842, 3210, 10240, 94, 97
2026/08/05 04:05:48.490, 0, NVIDIA GeForce RTX 3080, 6842, 3210, 10240, 94, 97
2026/08/05 04:05:48.599, 0, NVIDIA GeForce RTX 3080, 6842, 3210, 10240, 94, 97
2026/08/05 04:05:48.708, 0, NVIDIA GeForce RTX 3080, 6842, 3210, 10240, 94, 97
2026/08/05 04:05:48.817, 0, NVIDIA GeForce RTX 3080, 6842, 3210, 10240, 94, 97
2026/08/05 04:05:48.927, 0, NVIDIA GeForce RTX 3080, 6842, 3210, 10240, 95, 98
2026/08/05 04:05:49.035, 0, NVIDIA GeForce RTX 3080, 6842, 3210, 10240, 95, 98
2026/08/05 04:05:49.143, 0, NVIDIA GeForce RTX 3080, 6842, 3210, 10240, 95, 98
2026/08/05 04:05:49.252, 0, NVIDIA GeForce RTX 3080, 6842, 3210, 10240, 95, 98
2026/08/05 04:05:49.361, 0, NVIDIA GeForce RTX 3080, 6842, 3210, 10240, 94, 98
2026/08/05 04:05:49.469, 0, NVIDIA GeForce RTX 3080, 6842, 3210, 10240, 94, 98
2026/08/05 04:05:49.579, 0, NVIDIA GeForce RTX 3080, 6842, 3210, 10240, 94, 98
2026/08/05 04:05:49.688, 0, NVIDIA GeForce RTX 3080, 6842, 3210, 10240, 94, 98
2026/08/05 04:05:49.797, 0, NVIDIA GeForce RTX 3080, 6842, 3210, 10240, 94, 98
2026/08/05 04:05:49.907, 0, NVIDIA GeForce RTX 3080, 6842, 3210, 10240, 94, 98
2026/08/05 04:05:50.015, 0, NVIDIA GeForce RTX 3080, 6842, 3210, 10240, 94, 98
2026/08/05 04:05:50.124, 0, NVIDIA GeForce RTX 3080, 6842, 3210, 10240, 94, 98
2026/08/05 04:05:50.234, 0, NVIDIA GeForce RTX 3080, 6842, 3210, 10240, 94, 98
2026/08/05 04:05:50.342, 0, NVIDIA GeForce RTX 3080, 6842, 3210, 10240, 94, 98
2026/08/05 04:05:50.451, 0, NVIDIA GeForce RTX 3080, 6842, 3210, 10240, 94, 98
2026/08/05 04:05:50.560, 0, NVIDIA GeForce RTX 3080, 6842, 3210, 10240, 94, 98
2026/08/05 04:05:50.668, 0, NVIDIA GeForce RTX 3080, 6842, 3210, 10240, 94, 98
2026/08/05 04:05:50.778, 0, NVIDIA GeForce RTX 3080, 6842, 3210, 10240, 94, 98
2026/08/05 04:05:50.886, 0, NVIDIA GeForce RTX 3080, 6842, 3210, 10240, 96, 98
2026/08/05 04:05:50.996, 0, NVIDIA GeForce RTX 3080, 6842, 3210, 10240, 96, 98
2026/08/05 04:05:51.106, 0, NVIDIA GeForce RTX 3080, 6842, 3210, 10240, 96, 98
2026/08/05 04:05:51.214, 0, NVIDIA GeForce RTX 3080, 6842, 3210, 10240, 96, 98
2026/08/05 04:05:51.324, 0, NVIDIA GeForce RTX 3080, 6842, 3210, 10240, 96, 98
2026/08/05 04:05:51.434, 0, NVIDIA GeForce RTX 3080, 6842, 3210, 10240, 96, 98
2026/08/05 04:05:51.542, 0, NVIDIA GeForce RTX 3080, 6842, 3210, 10240, 96, 98
2026/08/05 04:05:51.652, 0, NVIDIA GeForce RTX 3080, 6842, 3210, 10240, 96, 98
2026/08/05 04:05:51.761, 0, NVIDIA GeForce RTX 3080, 6842, 3210, 10240, 96, 98
2026/08/05 04:05:51.870, 0, NVIDIA GeForce RTX 3080, 6842, 3210, 10240, 96, 98
2026/08/05 04:05:51.979, 0, NVIDIA GeForce RTX 3080, 6842, 3210, 10240, 96, 98
2026/08/05 04:05:52.087, 0, NVIDIA GeForce RTX 3080, 6842, 3210, 10240, 96, 98
2026/08/05 04:05:52.197, 0, NVIDIA GeForce RTX 3080, 6842, 3210, 10240, 96, 98
2026/08/05 04:05:52.306, 0, NVIDIA GeForce RTX 3080, 6842, 3210, 10240, 96, 98
2026/08/05 04:05:52.414, 0, NVIDIA GeForce RTX 3080, 6842, 3210, 10240, 96, 98
2026/08/05 04:05:52.524, 0, NVIDIA GeForce RTX 3080, 6842, 3210, 10240, 96, 98
2026/08/05 04:05:52.633, 0, NVIDIA GeForce RTX 3080, 6842, 3210, 10240, 96, 98
2026/08/05 04:05:52.742, 0, NVIDIA GeForce RTX 3080, 6842, 3210, 10240, 96, 98
2026/08/05 04:05:52.851, 0, NVIDIA GeForce RTX 3080, 6842, 3210, 10240, 96, 98
2026/08/05 04:05:52.961, 0, NVIDIA GeForce RTX 3080, 6842, 3210, 10240, 96, 98
2026/08/05 04:05:53.069, 0, NVIDIA GeForce RTX 3080, 6842, 3210, 10240, 96, 98
2026/08/05 04:05:53.179, 0, NVIDIA GeForce RTX 3080, 6842, 3210, 10240, 96, 98
2026/08/05 04:05:53.288, 0, NVIDIA GeForce RTX 3080, 6842, 3210, 10240, 96, 98
2026/08/05 04:05:53.397, 0, NVIDIA GeForce RTX 3080, 6842, 3210, 10240, 94, 98
2026/08/05 04:05:53.506, 0, NVIDIA GeForce RTX 3080, 6842, 3210, 10240, 94, 98
2026/08/05 04:05:53.614, 0, NVIDIA GeForce RTX 3080, 6842, 3210, 10240, 94, 98
2026/08/05 04:05:53.724, 0, NVIDIA GeForce RTX 3080, 6842, 3210, 10240, 94, 98
2026/08/05 04:05:53.834, 0, NVIDIA GeForce RTX 3080, 6842, 3210, 10240, 94, 98
2026/08/05 04:05:53.942, 0, NVIDIA GeForce RTX 3080, 6842, 3210, 10240, 94, 98
2026/08/05 04:05:54.052, 0, NVIDIA GeForce RTX 3080, 6842, 3210, 10240, 94, 98
2026/08/05 04:05:54.161, 0, NVIDIA GeForce RTX 3080, 6842, 3210, 10240, 94, 98
2026/08/05 04:05:54.269, 0, NVIDIA GeForce RTX 3080, 6842, 3210, 10240, 94, 98
2026/08/05 04:05:54.379, 0, NVIDIA GeForce RTX 3080, 6842, 3210, 10240, 94, 98
2026/08/05 04:05:54.488, 0, NVIDIA GeForce RTX 3080, 6842, 3210, 10240, 94, 98
2026/08/05 04:05:54.597, 0, NVIDIA GeForce RTX 3080, 6842, 3210, 10240, 94, 98
2026/08/05 04:05:54.707, 0, NVIDIA GeForce RTX 3080, 6842, 3210, 10240, 94, 98
2026/08/05 04:05:54.815, 0, NVIDIA GeForce RTX 3080, 6842, 3210, 10240, 94, 98
2026/08/05 04:05:54.925, 0, NVIDIA GeForce RTX 3080, 6842, 3210, 10240, 94, 98
2026/08/05 04:05:55.035, 0, NVIDIA GeForce RTX 3080, 6842, 3210, 10240, 94, 98
2026/08/05 04:05:55.143, 0, NVIDIA GeForce RTX 3080, 6842, 3210, 10240, 94, 98
2026/08/05 04:05:55.253, 0, NVIDIA GeForce RTX 3080, 6842, 3210, 10240, 94, 98
2026/08/05 04:05:55.362, 0, NVIDIA GeForce RTX 3080, 6842, 3210, 10240, 94, 98
2026/08/05 04:05:55.470, 0, NVIDIA GeForce RTX 3080, 6842, 3210, 10240, 94, 98
2026/08/05 04:05:55.579, 0, NVIDIA GeForce RTX 3080, 1398, 8654, 10240, 94, 98
2026/08/05 04:05:55.688, 0, NVIDIA GeForce RTX 3080, 1398, 8654, 10240, 94, 98
2026/08/05 04:05:55.797, 0, NVIDIA GeForce RTX 3080, 1398, 8654, 10240, 94, 98
2026/08/05 04:05:55.908, 0, NVIDIA GeForce RTX 3080, 1177, 8875, 10240, 0, 0
