timestamp,index,name,memory_used_mib,memory_free_mib,memory_total_mib,memory_utilization_percent,gpu_utilization_percent 
2026/08/05 09:36:55.213, 0, NVIDIA GeForce RTX 3080, 1316, 8736, 10240, 0, 0
2026/08/05 09:36:55.322, 0, NVIDIA GeForce RTX 3080, 1316, 8736, 10240, 0, 0
2026/08/05 09:36:55.430, 0, NVIDIA GeForce RTX 3080, 1505, 8547, 10240, 0, 0
2026/08/05 09:36:55.539, 0, NVIDIA GeForce RTX 3080, 1505, 8547, 10240, 0, 0
2026/08/05 09:36:55.648, 0, NVIDIA GeForce RTX 3080, 1505, 8547, 10240, 0, 5
2026/08/05 09:36:55.756, 0, NVIDIA GeForce RTX 3080, 1505, 8547, 10240, 0, 5
2026/08/05 09:36:55.865, 0, NVIDIA GeForce RTX 3080, 5153, 4899, 10240, 0, 5
2026/08/05 09:36:55.974, 0, NVIDIA GeForce RTX 3080, 5583, 4469, 10240, 0, 5
2026/08/05 09:36:56.082, 0, NVIDIA GeForce RTX 3080, 5583, 4469, 10240, 1, 13
2026/08/05 09:36:56.192, 0, NVIDIA GeForce RTX 3080, 5583, 4469, 10240, 1, 13
2026/08/05 09:36:56.301, 0, NVIDIA GeForce RTX 3080, 5583, 4469, 10240, 1, 13
2026/08/05 09:36:56.409, 0, NVIDIA GeForce RTX 3080, 5583, 4469, 10240, 1, 13
2026/08/05 09:36:56.519, 0, NVIDIA GeForce RTX 3080, 5583, 4469, 10240, 1, 13
2026/08/05 09:36:56.629, 0, NVIDIA GeForce RTX 3080, 5583, 4469, 10240, 1, 12
2026/08/05 09:36:56.738, 0, NVIDIA GeForce RTX 3080, 5583, 4469, 10240, 1, 12
2026/08/05 09:36:56.847, 0, NVIDIA GeForce RTX 3080, 5583, 4469, 10240, 1, 12
2026/08/05 09:36:56.957, 0, NVIDIA GeForce RTX 3080, 5583, 4469, 10240, 1, 12
2026/08/05 09:36:57.066, 0, NVIDIA GeForce RTX 3080, 5583, 4469, 10240, 1, 13
2026/08/05 09:36:57.175, 0, NVIDIA GeForce RTX 3080, 5583, 4469, 10240, 1, 13
2026/08/05 09:36:57.284, 0, NVIDIA GeForce RTX 3080, 5985, 4067, 10240, 1, 13
2026/08/05 09:36:57.393, 0, NVIDIA GeForce RTX 3080, 6001, 4051, 10240, 1, 13
2026/08/05 09:36:57.502, 0, NVIDIA GeForce RTX 3080, 6001, 4051, 10240, 1, 13
2026/08/05 09:36:57.611, 0, NVIDIA GeForce RTX 3080, 6001, 4051, 10240, 75, 98
2026/08/05 09:36:57.721, 0, NVIDIA GeForce RTX 3080, 6001, 4051, 10240, 75, 98
2026/08/05 09:36:57.830, 0, NVIDIA GeForce RTX 3080, 6001, 4051, 10240, 75, 98
2026/08/05 09:36:57.938, 0, NVIDIA GeForce RTX 3080, 6001, 4051, 10240, 75, 98
2026/08/05 09:36:58.048, 0, NVIDIA GeForce RTX 3080, 6001, 4051, 10240, 75, 98
2026/08/05 09:36:58.157, 0, NVIDIA GeForce RTX 3080, 8607, 1445, 10240, 73, 95
2026/08/05 09:36:58.266, 0, NVIDIA GeForce RTX 3080, 8609, 1443, 10240, 73, 95
2026/08/05 09:36:58.376, 0, NVIDIA GeForce RTX 3080, 8609, 1443, 10240, 73, 95
2026/08/05 09:36:58.484, 0, NVIDIA GeForce RTX 3080, 8609, 1443, 10240, 73, 95
2026/08/05 09:36:58.594, 0, NVIDIA GeForce RTX 3080, 8609, 1443, 10240, 94, 98
2026/08/05 09:36:58.704, 0, NVIDIA GeForce RTX 3080, 8609, 1443, 10240, 94, 98
2026/08/05 09:36:58.812, 0, NVIDIA GeForce RTX 3080, 8609, 1443, 10240, 94, 98
2026/08/05 09:36:58.922, 0, NVIDIA GeForce RTX 3080, 8609, 1443, 10240, 94, 98
2026/08/05 09:36:59.032, 0, NVIDIA GeForce RTX 3080, 8609, 1443, 10240, 94, 98
2026/08/05 09:36:59.139, 0, NVIDIA GeForce RTX 3080, 8609, 1443, 10240, 94, 98
2026/08/05 09:36:59.248, 0, NVIDIA GeForce RTX 3080, 8609, 1443, 10240, 94, 98
2026/08/05 09:36:59.358, 0, NVIDIA GeForce RTX 3080, 8609, 1443, 10240, 94, 98
2026/08/05 09:36:59.466, 0, NVIDIA GeForce RTX 3080, 8609, 1443, 10240, 94, 98
2026/08/05 09:36:59.576, 0, NVIDIA GeForce RTX 3080, 8609, 1443, 10240, 94, 98
2026/08/05 09:36:59.685, 0, NVIDIA GeForce RTX 3080, 8609, 1443, 10240, 94, 98
2026/08/05 09:36:59.794, 0, NVIDIA GeForce RTX 3080, 8609, 1443, 10240, 94, 98
2026/08/05 09:36:59.903, 0, NVIDIA GeForce RTX 3080, 8609, 1443, 10240, 94, 98
2026/08/05 09:37:00.012, 0, NVIDIA GeForce RTX 3080, 8609, 1443, 10240, 94, 98
2026/08/05 09:37:00.122, 0, NVIDIA GeForce RTX 3080, 8609, 1443, 10240, 94, 98
2026/08/05 09:37:00.230, 0, NVIDIA GeForce RTX 3080, 8609, 1443, 10240, 94, 98
2026/08/05 09:37:00.339, 0, NVIDIA GeForce RTX 3080, 8609, 1443, 10240, 94, 98
2026/08/05 09:37:00.449, 0, NVIDIA GeForce RTX 3080, 8609, 1443, 10240, 94, 98
2026/08/05 09:37:00.558, 0, NVIDIA GeForce RTX 3080, 8609, 1443, 10240, 94, 98
2026/08/05 09:37:00.666, 0, NVIDIA GeForce RTX 3080, 8609, 1443, 10240, 94, 98
2026/08/05 09:37:00.776, 0, NVIDIA GeForce RTX 3080, 8609, 1443, 10240, 94, 98
2026/08/05 09:37:00.885, 0, NVIDIA GeForce RTX 3080, 8609, 1443, 10240, 94, 98
2026/08/05 09:37:00.994, 0, NVIDIA GeForce RTX 3080, 8609, 1443, 10240, 94, 98
2026/08/05 09:37:01.104, 0, NVIDIA GeForce RTX 3080, 8609, 1443, 10240, 94, 98
2026/08/05 09:37:01.213, 0, NVIDIA GeForce RTX 3080, 8609, 1443, 10240, 94, 98
2026/08/05 09:37:01.322, 0, NVIDIA GeForce RTX 3080, 8609, 1443, 10240, 94, 98
2026/08/05 09:37:01.431, 0, NVIDIA GeForce RTX 3080, 8609, 1443, 10240, 94, 98
2026/08/05 09:37:01.539, 0, NVIDIA GeForce RTX 3080, 8609, 1443, 10240, 94, 98
2026/08/05 09:37:01.649, 0, NVIDIA GeForce RTX 3080, 8609, 1443, 10240, 94, 98
2026/08/05 09:37:01.759, 0, NVIDIA GeForce RTX 3080, 8609, 1443, 10240, 94, 98
2026/08/05 09:37:01.867, 0, NVIDIA GeForce RTX 3080, 8609, 1443, 10240, 94, 98
2026/08/05 09:37:01.977, 0, NVIDIA GeForce RTX 3080, 8609, 1443, 10240, 94, 98
2026/08/05 09:37:02.086, 0, NVIDIA GeForce RTX 3080, 8609, 1443, 10240, 94, 98
2026/08/05 09:37:02.195, 0, NVIDIA GeForce RTX 3080, 8609, 1443, 10240, 94, 98
2026/08/05 09:37:02.305, 0, NVIDIA GeForce RTX 3080, 8609, 1443, 10240, 94, 98
2026/08/05 09:37:02.414, 0, NVIDIA GeForce RTX 3080, 8609, 1443, 10240, 94, 98
2026/08/05 09:37:02.523, 0, NVIDIA GeForce RTX 3080, 8609, 1443, 10240, 94, 98
2026/08/05 09:37:02.633, 0, NVIDIA GeForce RTX 3080, 8609, 1443, 10240, 94, 98
2026/08/05 09:37:02.741, 0, NVIDIA GeForce RTX 3080, 8609, 1443, 10240, 94, 98
2026/08/05 09:37:02.850, 0, NVIDIA GeForce RTX 3080, 8609, 1443, 10240, 94, 98
2026/08/05 09:37:02.958, 0, NVIDIA GeForce RTX 3080, 8609, 1443, 10240, 94, 98
2026/08/05 09:37:03.067, 0, NVIDIA GeForce RTX 3080, 8609, 1443, 10240, 94, 98
2026/08/05 09:37:03.176, 0, NVIDIA GeForce RTX 3080, 8609, 1443, 10240, 94, 98
2026/08/05 09:37:03.285, 0, NVIDIA GeForce RTX 3080, 8609, 1443, 10240, 94, 98
2026/08/05 09:37:03.395, 0, NVIDIA GeForce RTX 3080, 8609, 1443, 10240, 94, 98
2026/08/05 09:37:03.504, 0, NVIDIA GeForce RTX 3080, 8609, 1443, 10240, 94, 98
2026/08/05 09:37:03.613, 0, NVIDIA GeForce RTX 3080, 8609, 1443, 10240, 94, 98
2026/08/05 09:37:03.721, 0, NVIDIA GeForce RTX 3080, 8609, 1443, 10240, 94, 98
2026/08/05 09:37:03.830, 0, NVIDIA GeForce RTX 3080, 8609, 1443, 10240, 94, 98
2026/08/05 09:37:03.939, 0, NVIDIA GeForce RTX 3080, 8609, 1443, 10240, 94, 98
2026/08/05 09:37:04.049, 0, NVIDIA GeForce RTX 3080, 8609, 1443, 10240, 94, 98
2026/08/05 09:37:04.158, 0, NVIDIA GeForce RTX 3080, 8609, 1443, 10240, 94, 98
2026/08/05 09:37:04.268, 0, NVIDIA GeForce RTX 3080, 8609, 1443, 10240, 94, 98
2026/08/05 09:37:04.377, 0, NVIDIA GeForce RTX 3080, 8609, 1443, 10240, 94, 98
2026/08/05 09:37:04.487, 0, NVIDIA GeForce RTX 3080, 8609, 1443, 10240, 94, 98
2026/08/05 09:37:04.595, 0, NVIDIA GeForce RTX 3080, 8609, 1443, 10240, 94, 98
2026/08/05 09:37:04.703, 0, NVIDIA GeForce RTX 3080, 8609, 1443, 10240, 94, 98
2026/08/05 09:37:04.812, 0, NVIDIA GeForce RTX 3080, 8609, 1443, 10240, 94, 98
2026/08/05 09:37:04.922, 0, NVIDIA GeForce RTX 3080, 8609, 1443, 10240, 94, 98
2026/08/05 09:37:05.030, 0, NVIDIA GeForce RTX 3080, 8609, 1443, 10240, 94, 98
2026/08/05 09:37:05.139, 0, NVIDIA GeForce RTX 3080, 8609, 1443, 10240, 94, 98
2026/08/05 09:37:05.249, 0, NVIDIA GeForce RTX 3080, 8609, 1443, 10240, 94, 98
2026/08/05 09:37:05.358, 0, NVIDIA GeForce RTX 3080, 8609, 1443, 10240, 94, 98
2026/08/05 09:37:05.467, 0, NVIDIA GeForce RTX 3080, 8609, 1443, 10240, 94, 98
2026/08/05 09:37:05.576, 0, NVIDIA GeForce RTX 3080, 8609, 1443, 10240, 94, 98
2026/08/05 09:37:05.684, 0, NVIDIA GeForce RTX 3080, 8609, 1443, 10240, 94, 98
2026/08/05 09:37:05.794, 0, NVIDIA GeForce RTX 3080, 8609, 1443, 10240, 94, 98
2026/08/05 09:37:05.903, 0, NVIDIA GeForce RTX 3080, 8609, 1443, 10240, 94, 98
2026/08/05 09:37:06.012, 0, NVIDIA GeForce RTX 3080, 8609, 1443, 10240, 94, 98
2026/08/05 09:37:06.122, 0, NVIDIA GeForce RTX 3080, 8609, 1443, 10240, 94, 98
2026/08/05 09:37:06.230, 0, NVIDIA GeForce RTX 3080, 8609, 1443, 10240, 94, 98
2026/08/05 09:37:06.339, 0, NVIDIA GeForce RTX 3080, 8609, 1443, 10240, 94, 98
2026/08/05 09:37:06.449, 0, NVIDIA GeForce RTX 3080, 8609, 1443, 10240, 94, 98
2026/08/05 09:37:06.558, 0, NVIDIA GeForce RTX 3080, 8609, 1443, 10240, 94, 98
2026/08/05 09:37:06.667, 0, NVIDIA GeForce RTX 3080, 8609, 1443, 10240, 94, 98
2026/08/05 09:37:06.776, 0, NVIDIA GeForce RTX 3080, 8609, 1443, 10240, 94, 98
2026/08/05 09:37:06.884, 0, NVIDIA GeForce RTX 3080, 8609, 1443, 10240, 94, 98
2026/08/05 09:37:06.994, 0, NVIDIA GeForce RTX 3080, 8609, 1443, 10240, 94, 98
2026/08/05 09:37:07.104, 0, NVIDIA GeForce RTX 3080, 8609, 1443, 10240, 94, 98
2026/08/05 09:37:07.212, 0, NVIDIA GeForce RTX 3080, 8609, 1443, 10240, 94, 98
2026/08/05 09:37:07.322, 0, NVIDIA GeForce RTX 3080, 8609, 1443, 10240, 94, 98
2026/08/05 09:37:07.431, 0, NVIDIA GeForce RTX 3080, 8609, 1443, 10240, 94, 98
2026/08/05 09:37:07.539, 0, NVIDIA GeForce RTX 3080, 8609, 1443, 10240, 94, 98
2026/08/05 09:37:07.649, 0, NVIDIA GeForce RTX 3080, 8609, 1443, 10240, 94, 98
2026/08/05 09:37:07.759, 0, NVIDIA GeForce RTX 3080, 8609, 1443, 10240, 94, 98
2026/08/05 09:37:07.867, 0, NVIDIA GeForce RTX 3080, 8609, 1443, 10240, 94, 98
2026/08/05 09:37:07.977, 0, NVIDIA GeForce RTX 3080, 8609, 1443, 10240, 94, 98
2026/08/05 09:37:08.087, 0, NVIDIA GeForce RTX 3080, 8609, 1443, 10240, 94, 98
2026/08/05 09:37:08.195, 0, NVIDIA GeForce RTX 3080, 8609, 1443, 10240, 94, 98
2026/08/05 09:37:08.305, 0, NVIDIA GeForce RTX 3080, 8609, 1443, 10240, 94, 98
2026/08/05 09:37:08.414, 0, NVIDIA GeForce RTX 3080, 8609, 1443, 10240, 94, 98
2026/08/05 09:37:08.524, 0, NVIDIA GeForce RTX 3080, 8609, 1443, 10240, 94, 98
2026/08/05 09:37:08.633, 0, NVIDIA GeForce RTX 3080, 8609, 1443, 10240, 92, 96
2026/08/05 09:37:08.742, 0, NVIDIA GeForce RTX 3080, 8609, 1443, 10240, 92, 96
2026/08/05 09:37:08.851, 0, NVIDIA GeForce RTX 3080, 8609, 1443, 10240, 92, 96
2026/08/05 09:37:08.960, 0, NVIDIA GeForce RTX 3080, 8609, 1443, 10240, 92, 96
2026/08/05 09:37:09.069, 0, NVIDIA GeForce RTX 3080, 8609, 1443, 10240, 94, 98
2026/08/05 09:37:09.179, 0, NVIDIA GeForce RTX 3080, 8609, 1443, 10240, 94, 98
2026/08/05 09:37:09.288, 0, NVIDIA GeForce RTX 3080, 8609, 1443, 10240, 94, 98
2026/08/05 09:37:09.397, 0, NVIDIA GeForce RTX 3080, 8609, 1443, 10240, 94, 98
2026/08/05 09:37:09.507, 0, NVIDIA GeForce RTX 3080, 8609, 1443, 10240, 94, 98
2026/08/05 09:37:09.616, 0, NVIDIA GeForce RTX 3080, 8609, 1443, 10240, 94, 98
2026/08/05 09:37:09.725, 0, NVIDIA GeForce RTX 3080, 8609, 1443, 10240, 94, 98
2026/08/05 09:37:09.834, 0, NVIDIA GeForce RTX 3080, 8609, 1443, 10240, 94, 98
2026/08/05 09:37:09.943, 0, NVIDIA GeForce RTX 3080, 8609, 1443, 10240, 94, 98
2026/08/05 09:37:10.052, 0, NVIDIA GeForce RTX 3080, 8609, 1443, 10240, 94, 98
2026/08/05 09:37:10.161, 0, NVIDIA GeForce RTX 3080, 8609, 1443, 10240, 94, 98
2026/08/05 09:37:10.270, 0, NVIDIA GeForce RTX 3080, 8609, 1443, 10240, 94, 98
2026/08/05 09:37:10.379, 0, NVIDIA GeForce RTX 3080, 8609, 1443, 10240, 94, 98
2026/08/05 09:37:10.489, 0, NVIDIA GeForce RTX 3080, 8609, 1443, 10240, 94, 98
2026/08/05 09:37:10.597, 0, NVIDIA GeForce RTX 3080, 8609, 1443, 10240, 91, 96
2026/08/05 09:37:10.706, 0, NVIDIA GeForce RTX 3080, 8609, 1443, 10240, 91, 96
2026/08/05 09:37:10.815, 0, NVIDIA GeForce RTX 3080, 8609, 1443, 10240, 91, 96
2026/08/05 09:37:10.925, 0, NVIDIA GeForce RTX 3080, 8609, 1443, 10240, 91, 96
2026/08/05 09:37:11.034, 0, NVIDIA GeForce RTX 3080, 8609, 1443, 10240, 91, 96
2026/08/05 09:37:11.143, 0, NVIDIA GeForce RTX 3080, 8609, 1443, 10240, 95, 98
2026/08/05 09:37:11.252, 0, NVIDIA GeForce RTX 3080, 8609, 1443, 10240, 95, 98
2026/08/05 09:37:11.361, 0, NVIDIA GeForce RTX 3080, 8609, 1443, 10240, 95, 98
2026/08/05 09:37:11.470, 0, NVIDIA GeForce RTX 3080, 8609, 1443, 10240, 95, 98
2026/08/05 09:37:11.579, 0, NVIDIA GeForce RTX 3080, 8609, 1443, 10240, 95, 98
2026/08/05 09:37:11.689, 0, NVIDIA GeForce RTX 3080, 8609, 1443, 10240, 95, 98
2026/08/05 09:37:11.798, 0, NVIDIA GeForce RTX 3080, 8609, 1443, 10240, 95, 98
2026/08/05 09:37:11.907, 0, NVIDIA GeForce RTX 3080, 8609, 1443, 10240, 95, 98
2026/08/05 09:37:12.017, 0, NVIDIA GeForce RTX 3080, 8609, 1443, 10240, 95, 98
2026/08/05 09:37:12.126, 0, NVIDIA GeForce RTX 3080, 8609, 1443, 10240, 95, 98
2026/08/05 09:37:12.235, 0, NVIDIA GeForce RTX 3080, 8609, 1443, 10240, 95, 98
2026/08/05 09:37:12.344, 0, NVIDIA GeForce RTX 3080, 8609, 1443, 10240, 95, 98
2026/08/05 09:37:12.453, 0, NVIDIA GeForce RTX 3080, 8609, 1443, 10240, 95, 98
2026/08/05 09:37:12.562, 0, NVIDIA GeForce RTX 3080, 8609, 1443, 10240, 95, 98
2026/08/05 09:37:12.672, 0, NVIDIA GeForce RTX 3080, 8609, 1443, 10240, 95, 98
2026/08/05 09:37:12.780, 0, NVIDIA GeForce RTX 3080, 8609, 1443, 10240, 95, 98
2026/08/05 09:37:12.890, 0, NVIDIA GeForce RTX 3080, 8609, 1443, 10240, 95, 98
2026/08/05 09:37:12.998, 0, NVIDIA GeForce RTX 3080, 8609, 1443, 10240, 95, 98
2026/08/05 09:37:13.108, 0, NVIDIA GeForce RTX 3080, 8609, 1443, 10240, 95, 98
2026/08/05 09:37:13.218, 0, NVIDIA GeForce RTX 3080, 8609, 1443, 10240, 95, 98
2026/08/05 09:37:13.326, 0, NVIDIA GeForce RTX 3080, 8609, 1443, 10240, 95, 98
2026/08/05 09:37:13.436, 0, NVIDIA GeForce RTX 3080, 8609, 1443, 10240, 95, 98
2026/08/05 09:37:13.545, 0, NVIDIA GeForce RTX 3080, 8609, 1443, 10240, 95, 98
2026/08/05 09:37:13.654, 0, NVIDIA GeForce RTX 3080, 8609, 1443, 10240, 95, 98
2026/08/05 09:37:13.764, 0, NVIDIA GeForce RTX 3080, 8609, 1443, 10240, 95, 98
2026/08/05 09:37:13.873, 0, NVIDIA GeForce RTX 3080, 8609, 1443, 10240, 95, 98
2026/08/05 09:37:13.983, 0, NVIDIA GeForce RTX 3080, 8609, 1443, 10240, 95, 98
2026/08/05 09:37:14.092, 0, NVIDIA GeForce RTX 3080, 8609, 1443, 10240, 95, 98
2026/08/05 09:37:14.201, 0, NVIDIA GeForce RTX 3080, 8609, 1443, 10240, 95, 98
2026/08/05 09:37:14.311, 0, NVIDIA GeForce RTX 3080, 8609, 1443, 10240, 95, 98
2026/08/05 09:37:14.420, 0, NVIDIA GeForce RTX 3080, 8609, 1443, 10240, 95, 98
2026/08/05 09:37:14.529, 0, NVIDIA GeForce RTX 3080, 8609, 1443, 10240, 95, 98
2026/08/05 09:37:14.638, 0, NVIDIA GeForce RTX 3080, 8609, 1443, 10240, 95, 98
2026/08/05 09:37:14.748, 0, NVIDIA GeForce RTX 3080, 8609, 1443, 10240, 95, 98
2026/08/05 09:37:14.857, 0, NVIDIA GeForce RTX 3080, 8609, 1443, 10240, 95, 98
2026/08/05 09:37:14.966, 0, NVIDIA GeForce RTX 3080, 8609, 1443, 10240, 95, 98
2026/08/05 09:37:15.075, 0, NVIDIA GeForce RTX 3080, 8609, 1443, 10240, 95, 98
2026/08/05 09:37:15.183, 0, NVIDIA GeForce RTX 3080, 8609, 1443, 10240, 95, 98
2026/08/05 09:37:15.292, 0, NVIDIA GeForce RTX 3080, 8609, 1443, 10240, 95, 98
2026/08/05 09:37:15.401, 0, NVIDIA GeForce RTX 3080, 8609, 1443, 10240, 95, 98
2026/08/05 09:37:15.511, 0, NVIDIA GeForce RTX 3080, 8609, 1443, 10240, 95, 98
2026/08/05 09:37:15.620, 0, NVIDIA GeForce RTX 3080, 8609, 1443, 10240, 95, 98
2026/08/05 09:37:15.729, 0, NVIDIA GeForce RTX 3080, 8609, 1443, 10240, 95, 98
2026/08/05 09:37:15.838, 0, NVIDIA GeForce RTX 3080, 8609, 1443, 10240, 95, 98
2026/08/05 09:37:15.948, 0, NVIDIA GeForce RTX 3080, 8609, 1443, 10240, 95, 98
2026/08/05 09:37:16.057, 0, NVIDIA GeForce RTX 3080, 8609, 1443, 10240, 95, 98
2026/08/05 09:37:16.166, 0, NVIDIA GeForce RTX 3080, 8609, 1443, 10240, 95, 98
2026/08/05 09:37:16.275, 0, NVIDIA GeForce RTX 3080, 8609, 1443, 10240, 95, 98
2026/08/05 09:37:16.383, 0, NVIDIA GeForce RTX 3080, 8609, 1443, 10240, 95, 98
2026/08/05 09:37:16.492, 0, NVIDIA GeForce RTX 3080, 8609, 1443, 10240, 95, 98
2026/08/05 09:37:16.601, 0, NVIDIA GeForce RTX 3080, 8609, 1443, 10240, 95, 98
2026/08/05 09:37:16.711, 0, NVIDIA GeForce RTX 3080, 8609, 1443, 10240, 95, 98
2026/08/05 09:37:16.820, 0, NVIDIA GeForce RTX 3080, 8609, 1443, 10240, 95, 98
2026/08/05 09:37:16.928, 0, NVIDIA GeForce RTX 3080, 8609, 1443, 10240, 95, 98
2026/08/05 09:37:17.038, 0, NVIDIA GeForce RTX 3080, 8609, 1443, 10240, 95, 98
2026/08/05 09:37:17.147, 0, NVIDIA GeForce RTX 3080, 8609, 1443, 10240, 95, 98
2026/08/05 09:37:17.256, 0, NVIDIA GeForce RTX 3080, 8609, 1443, 10240, 95, 98
2026/08/05 09:37:17.366, 0, NVIDIA GeForce RTX 3080, 8609, 1443, 10240, 95, 98
2026/08/05 09:37:17.474, 0, NVIDIA GeForce RTX 3080, 8609, 1443, 10240, 95, 98
2026/08/05 09:37:17.583, 0, NVIDIA GeForce RTX 3080, 8609, 1443, 10240, 95, 98
2026/08/05 09:37:17.692, 0, NVIDIA GeForce RTX 3080, 8609, 1443, 10240, 95, 98
2026/08/05 09:37:17.801, 0, NVIDIA GeForce RTX 3080, 8609, 1443, 10240, 95, 98
2026/08/05 09:37:17.911, 0, NVIDIA GeForce RTX 3080, 8609, 1443, 10240, 95, 98
2026/08/05 09:37:18.020, 0, NVIDIA GeForce RTX 3080, 8609, 1443, 10240, 95, 98
2026/08/05 09:37:18.128, 0, NVIDIA GeForce RTX 3080, 8609, 1443, 10240, 95, 98
2026/08/05 09:37:18.238, 0, NVIDIA GeForce RTX 3080, 8609, 1443, 10240, 95, 98
2026/08/05 09:37:18.348, 0, NVIDIA GeForce RTX 3080, 8609, 1443, 10240, 95, 98
2026/08/05 09:37:18.456, 0, NVIDIA GeForce RTX 3080, 8609, 1443, 10240, 95, 98
2026/08/05 09:37:18.566, 0, NVIDIA GeForce RTX 3080, 8609, 1443, 10240, 95, 98
2026/08/05 09:37:18.674, 0, NVIDIA GeForce RTX 3080, 8609, 1443, 10240, 95, 98
2026/08/05 09:37:18.784, 0, NVIDIA GeForce RTX 3080, 8609, 1443, 10240, 95, 98
2026/08/05 09:37:18.894, 0, NVIDIA GeForce RTX 3080, 8609, 1443, 10240, 95, 98
2026/08/05 09:37:19.002, 0, NVIDIA GeForce RTX 3080, 8609, 1443, 10240, 95, 98
2026/08/05 09:37:19.112, 0, NVIDIA GeForce RTX 3080, 8609, 1443, 10240, 95, 98
2026/08/05 09:37:19.222, 0, NVIDIA GeForce RTX 3080, 8609, 1443, 10240, 95, 98
2026/08/05 09:37:19.330, 0, NVIDIA GeForce RTX 3080, 8609, 1443, 10240, 95, 98
2026/08/05 09:37:19.440, 0, NVIDIA GeForce RTX 3080, 8609, 1443, 10240, 95, 98
2026/08/05 09:37:19.550, 0, NVIDIA GeForce RTX 3080, 8609, 1443, 10240, 95, 98
2026/08/05 09:37:19.659, 0, NVIDIA GeForce RTX 3080, 8609, 1443, 10240, 95, 98
2026/08/05 09:37:19.768, 0, NVIDIA GeForce RTX 3080, 8609, 1443, 10240, 95, 98
2026/08/05 09:37:19.878, 0, NVIDIA GeForce RTX 3080, 8609, 1443, 10240, 95, 98
2026/08/05 09:37:19.986, 0, NVIDIA GeForce RTX 3080, 8609, 1443, 10240, 95, 98
2026/08/05 09:37:20.095, 0, NVIDIA GeForce RTX 3080, 8609, 1443, 10240, 95, 98
2026/08/05 09:37:20.204, 0, NVIDIA GeForce RTX 3080, 8609, 1443, 10240, 95, 98
2026/08/05 09:37:20.313, 0, NVIDIA GeForce RTX 3080, 8609, 1443, 10240, 95, 98
2026/08/05 09:37:20.422, 0, NVIDIA GeForce RTX 3080, 8609, 1443, 10240, 95, 98
2026/08/05 09:37:20.531, 0, NVIDIA GeForce RTX 3080, 8609, 1443, 10240, 95, 98
2026/08/05 09:37:20.641, 0, NVIDIA GeForce RTX 3080, 8609, 1443, 10240, 95, 98
2026/08/05 09:37:20.750, 0, NVIDIA GeForce RTX 3080, 8609, 1443, 10240, 95, 98
2026/08/05 09:37:20.859, 0, NVIDIA GeForce RTX 3080, 8609, 1443, 10240, 95, 98
2026/08/05 09:37:20.969, 0, NVIDIA GeForce RTX 3080, 8609, 1443, 10240, 95, 98
2026/08/05 09:37:21.078, 0, NVIDIA GeForce RTX 3080, 8609, 1443, 10240, 95, 98
2026/08/05 09:37:21.187, 0, NVIDIA GeForce RTX 3080, 8609, 1443, 10240, 95, 98
2026/08/05 09:37:21.297, 0, NVIDIA GeForce RTX 3080, 8609, 1443, 10240, 95, 98
2026/08/05 09:37:21.406, 0, NVIDIA GeForce RTX 3080, 8609, 1443, 10240, 95, 98
2026/08/05 09:37:21.514, 0, NVIDIA GeForce RTX 3080, 8609, 1443, 10240, 95, 98
2026/08/05 09:37:21.624, 0, NVIDIA GeForce RTX 3080, 8609, 1443, 10240, 95, 98
2026/08/05 09:37:21.732, 0, NVIDIA GeForce RTX 3080, 8609, 1443, 10240, 95, 98
2026/08/05 09:37:21.842, 0, NVIDIA GeForce RTX 3080, 8609, 1443, 10240, 95, 98
2026/08/05 09:37:21.952, 0, NVIDIA GeForce RTX 3080, 8609, 1443, 10240, 95, 98
2026/08/05 09:37:22.059, 0, NVIDIA GeForce RTX 3080, 8609, 1443, 10240, 96, 98
2026/08/05 09:37:22.169, 0, NVIDIA GeForce RTX 3080, 8609, 1443, 10240, 96, 98
2026/08/05 09:37:22.279, 0, NVIDIA GeForce RTX 3080, 8609, 1443, 10240, 96, 98
2026/08/05 09:37:22.387, 0, NVIDIA GeForce RTX 3080, 8609, 1443, 10240, 96, 98
2026/08/05 09:37:22.497, 0, NVIDIA GeForce RTX 3080, 8609, 1443, 10240, 96, 98
2026/08/05 09:37:22.606, 0, NVIDIA GeForce RTX 3080, 8609, 1443, 10240, 95, 98
2026/08/05 09:37:22.714, 0, NVIDIA GeForce RTX 3080, 8609, 1443, 10240, 95, 98
2026/08/05 09:37:22.824, 0, NVIDIA GeForce RTX 3080, 8609, 1443, 10240, 95, 98
2026/08/05 09:37:22.932, 0, NVIDIA GeForce RTX 3080, 8609, 1443, 10240, 95, 98
2026/08/05 09:37:23.042, 0, NVIDIA GeForce RTX 3080, 8609, 1443, 10240, 95, 98
2026/08/05 09:37:23.152, 0, NVIDIA GeForce RTX 3080, 8609, 1443, 10240, 96, 98
2026/08/05 09:37:23.260, 0, NVIDIA GeForce RTX 3080, 8609, 1443, 10240, 96, 98
2026/08/05 09:37:23.371, 0, NVIDIA GeForce RTX 3080, 8609, 1443, 10240, 96, 98
2026/08/05 09:37:23.480, 0, NVIDIA GeForce RTX 3080, 8609, 1443, 10240, 96, 98
2026/08/05 09:37:23.589, 0, NVIDIA GeForce RTX 3080, 8609, 1443, 10240, 95, 98
2026/08/05 09:37:23.698, 0, NVIDIA GeForce RTX 3080, 8609, 1443, 10240, 95, 98
2026/08/05 09:37:23.808, 0, NVIDIA GeForce RTX 3080, 8609, 1443, 10240, 95, 98
2026/08/05 09:37:23.916, 0, NVIDIA GeForce RTX 3080, 8609, 1443, 10240, 95, 98
2026/08/05 09:37:24.025, 0, NVIDIA GeForce RTX 3080, 8609, 1443, 10240, 95, 98
2026/08/05 09:37:24.134, 0, NVIDIA GeForce RTX 3080, 8609, 1443, 10240, 95, 98
2026/08/05 09:37:24.244, 0, NVIDIA GeForce RTX 3080, 8609, 1443, 10240, 95, 98
2026/08/05 09:37:24.354, 0, NVIDIA GeForce RTX 3080, 8609, 1443, 10240, 95, 98
2026/08/05 09:37:24.462, 0, NVIDIA GeForce RTX 3080, 8609, 1443, 10240, 95, 98
2026/08/05 09:37:24.572, 0, NVIDIA GeForce RTX 3080, 8609, 1443, 10240, 95, 98
2026/08/05 09:37:24.682, 0, NVIDIA GeForce RTX 3080, 8609, 1443, 10240, 95, 98
2026/08/05 09:37:24.790, 0, NVIDIA GeForce RTX 3080, 8609, 1443, 10240, 95, 98
2026/08/05 09:37:24.900, 0, NVIDIA GeForce RTX 3080, 8609, 1443, 10240, 95, 98
2026/08/05 09:37:25.009, 0, NVIDIA GeForce RTX 3080, 8609, 1443, 10240, 95, 98
2026/08/05 09:37:25.117, 0, NVIDIA GeForce RTX 3080, 8609, 1443, 10240, 95, 98
2026/08/05 09:37:25.227, 0, NVIDIA GeForce RTX 3080, 8609, 1443, 10240, 95, 98
2026/08/05 09:37:25.337, 0, NVIDIA GeForce RTX 3080, 8609, 1443, 10240, 95, 98
2026/08/05 09:37:25.445, 0, NVIDIA GeForce RTX 3080, 8609, 1443, 10240, 95, 98
2026/08/05 09:37:25.555, 0, NVIDIA GeForce RTX 3080, 8609, 1443, 10240, 95, 98
2026/08/05 09:37:25.664, 0, NVIDIA GeForce RTX 3080, 8609, 1443, 10240, 95, 98
2026/08/05 09:37:25.772, 0, NVIDIA GeForce RTX 3080, 8609, 1443, 10240, 95, 98
2026/08/05 09:37:25.881, 0, NVIDIA GeForce RTX 3080, 8609, 1443, 10240, 95, 98
2026/08/05 09:37:25.990, 0, NVIDIA GeForce RTX 3080, 8609, 1443, 10240, 95, 98
2026/08/05 09:37:26.100, 0, NVIDIA GeForce RTX 3080, 8609, 1443, 10240, 96, 98
2026/08/05 09:37:26.209, 0, NVIDIA GeForce RTX 3080, 8609, 1443, 10240, 96, 98
2026/08/05 09:37:26.318, 0, NVIDIA GeForce RTX 3080, 8609, 1443, 10240, 96, 98
2026/08/05 09:37:26.428, 0, NVIDIA GeForce RTX 3080, 8609, 1443, 10240, 96, 98
2026/08/05 09:37:26.537, 0, NVIDIA GeForce RTX 3080, 8609, 1443, 10240, 96, 98
2026/08/05 09:37:26.645, 0, NVIDIA GeForce RTX 3080, 8609, 1443, 10240, 96, 98
2026/08/05 09:37:26.755, 0, NVIDIA GeForce RTX 3080, 8609, 1443, 10240, 96, 98
2026/08/05 09:37:26.864, 0, NVIDIA GeForce RTX 3080, 8609, 1443, 10240, 96, 98
2026/08/05 09:37:26.973, 0, NVIDIA GeForce RTX 3080, 8609, 1443, 10240, 96, 98
2026/08/05 09:37:27.083, 0, NVIDIA GeForce RTX 3080, 8609, 1443, 10240, 96, 98
2026/08/05 09:37:27.190, 0, NVIDIA GeForce RTX 3080, 8609, 1443, 10240, 96, 98
2026/08/05 09:37:27.300, 0, NVIDIA GeForce RTX 3080, 8609, 1443, 10240, 96, 98
2026/08/05 09:37:27.409, 0, NVIDIA GeForce RTX 3080, 8609, 1443, 10240, 96, 98
2026/08/05 09:37:27.517, 0, NVIDIA GeForce RTX 3080, 8609, 1443, 10240, 96, 98
2026/08/05 09:37:27.627, 0, NVIDIA GeForce RTX 3080, 8609, 1443, 10240, 96, 98
2026/08/05 09:37:27.736, 0, NVIDIA GeForce RTX 3080, 8609, 1443, 10240, 96, 98
2026/08/05 09:37:27.845, 0, NVIDIA GeForce RTX 3080, 8609, 1443, 10240, 96, 98
2026/08/05 09:37:27.954, 0, NVIDIA GeForce RTX 3080, 8609, 1443, 10240, 96, 98
2026/08/05 09:37:28.062, 0, NVIDIA GeForce RTX 3080, 8609, 1443, 10240, 96, 98
2026/08/05 09:37:28.172, 0, NVIDIA GeForce RTX 3080, 8609, 1443, 10240, 96, 98
2026/08/05 09:37:28.280, 0, NVIDIA GeForce RTX 3080, 8609, 1443, 10240, 96, 98
2026/08/05 09:37:28.389, 0, NVIDIA GeForce RTX 3080, 8609, 1443, 10240, 96, 98
2026/08/05 09:37:28.499, 0, NVIDIA GeForce RTX 3080, 8609, 1443, 10240, 96, 98
2026/08/05 09:37:28.608, 0, NVIDIA GeForce RTX 3080, 8609, 1443, 10240, 96, 98
2026/08/05 09:37:28.717, 0, NVIDIA GeForce RTX 3080, 8609, 1443, 10240, 96, 98
2026/08/05 09:37:28.826, 0, NVIDIA GeForce RTX 3080, 8609, 1443, 10240, 96, 98
2026/08/05 09:37:28.936, 0, NVIDIA GeForce RTX 3080, 8609, 1443, 10240, 96, 98
2026/08/05 09:37:29.045, 0, NVIDIA GeForce RTX 3080, 8609, 1443, 10240, 96, 98
2026/08/05 09:37:29.154, 0, NVIDIA GeForce RTX 3080, 8609, 1443, 10240, 96, 98
2026/08/05 09:37:29.262, 0, NVIDIA GeForce RTX 3080, 8609, 1443, 10240, 96, 98
2026/08/05 09:37:29.372, 0, NVIDIA GeForce RTX 3080, 8609, 1443, 10240, 96, 98
2026/08/05 09:37:29.482, 0, NVIDIA GeForce RTX 3080, 8609, 1443, 10240, 96, 98
2026/08/05 09:37:29.590, 0, NVIDIA GeForce RTX 3080, 8609, 1443, 10240, 96, 98
2026/08/05 09:37:29.699, 0, NVIDIA GeForce RTX 3080, 8609, 1443, 10240, 96, 98
2026/08/05 09:37:29.809, 0, NVIDIA GeForce RTX 3080, 8609, 1443, 10240, 96, 98
2026/08/05 09:37:29.918, 0, NVIDIA GeForce RTX 3080, 8609, 1443, 10240, 96, 98
2026/08/05 09:37:30.027, 0, NVIDIA GeForce RTX 3080, 8609, 1443, 10240, 96, 98
2026/08/05 09:37:30.137, 0, NVIDIA GeForce RTX 3080, 8609, 1443, 10240, 93, 96
2026/08/05 09:37:30.246, 0, NVIDIA GeForce RTX 3080, 8609, 1443, 10240, 93, 96
2026/08/05 09:37:30.355, 0, NVIDIA GeForce RTX 3080, 8609, 1443, 10240, 93, 96
2026/08/05 09:37:30.464, 0, NVIDIA GeForce RTX 3080, 8609, 1443, 10240, 93, 96
2026/08/05 09:37:30.573, 0, NVIDIA GeForce RTX 3080, 8609, 1443, 10240, 96, 98
2026/08/05 09:37:30.682, 0, NVIDIA GeForce RTX 3080, 8609, 1443, 10240, 96, 98
2026/08/05 09:37:30.791, 0, NVIDIA GeForce RTX 3080, 8609, 1443, 10240, 96, 98
2026/08/05 09:37:30.900, 0, NVIDIA GeForce RTX 3080, 8609, 1443, 10240, 96, 98
2026/08/05 09:37:31.010, 0, NVIDIA GeForce RTX 3080, 8609, 1443, 10240, 96, 98
2026/08/05 09:37:31.119, 0, NVIDIA GeForce RTX 3080, 8609, 1443, 10240, 96, 98
2026/08/05 09:37:31.228, 0, NVIDIA GeForce RTX 3080, 8609, 1443, 10240, 96, 98
2026/08/05 09:37:31.338, 0, NVIDIA GeForce RTX 3080, 8609, 1443, 10240, 96, 98
2026/08/05 09:37:31.446, 0, NVIDIA GeForce RTX 3080, 8609, 1443, 10240, 96, 98
2026/08/05 09:37:31.554, 0, NVIDIA GeForce RTX 3080, 8609, 1443, 10240, 96, 98
2026/08/05 09:37:31.663, 0, NVIDIA GeForce RTX 3080, 8609, 1443, 10240, 96, 98
2026/08/05 09:37:31.773, 0, NVIDIA GeForce RTX 3080, 8609, 1443, 10240, 96, 98
2026/08/05 09:37:31.882, 0, NVIDIA GeForce RTX 3080, 8609, 1443, 10240, 96, 98
2026/08/05 09:37:31.991, 0, NVIDIA GeForce RTX 3080, 8609, 1443, 10240, 96, 98
2026/08/05 09:37:32.101, 0, NVIDIA GeForce RTX 3080, 8609, 1443, 10240, 96, 98
2026/08/05 09:37:32.209, 0, NVIDIA GeForce RTX 3080, 8609, 1443, 10240, 96, 98
2026/08/05 09:37:32.318, 0, NVIDIA GeForce RTX 3080, 8609, 1443, 10240, 96, 98
2026/08/05 09:37:32.428, 0, NVIDIA GeForce RTX 3080, 8609, 1443, 10240, 96, 98
2026/08/05 09:37:32.537, 0, NVIDIA GeForce RTX 3080, 8609, 1443, 10240, 96, 98
2026/08/05 09:37:32.645, 0, NVIDIA GeForce RTX 3080, 8609, 1443, 10240, 94, 98
2026/08/05 09:37:32.755, 0, NVIDIA GeForce RTX 3080, 8609, 1443, 10240, 94, 98
2026/08/05 09:37:32.864, 0, NVIDIA GeForce RTX 3080, 8609, 1443, 10240, 94, 98
2026/08/05 09:37:32.973, 0, NVIDIA GeForce RTX 3080, 8609, 1443, 10240, 94, 98
2026/08/05 09:37:33.083, 0, NVIDIA GeForce RTX 3080, 8609, 1443, 10240, 94, 98
2026/08/05 09:37:33.190, 0, NVIDIA GeForce RTX 3080, 8609, 1443, 10240, 94, 98
2026/08/05 09:37:33.300, 0, NVIDIA GeForce RTX 3080, 8609, 1443, 10240, 94, 98
2026/08/05 09:37:33.410, 0, NVIDIA GeForce RTX 3080, 8609, 1443, 10240, 94, 98
2026/08/05 09:37:33.519, 0, NVIDIA GeForce RTX 3080, 8609, 1443, 10240, 94, 98
2026/08/05 09:37:33.628, 0, NVIDIA GeForce RTX 3080, 8609, 1443, 10240, 94, 98
2026/08/05 09:37:33.738, 0, NVIDIA GeForce RTX 3080, 8609, 1443, 10240, 94, 98
2026/08/05 09:37:33.847, 0, NVIDIA GeForce RTX 3080, 8609, 1443, 10240, 94, 98
2026/08/05 09:37:33.956, 0, NVIDIA GeForce RTX 3080, 8609, 1443, 10240, 94, 98
2026/08/05 09:37:34.065, 0, NVIDIA GeForce RTX 3080, 8609, 1443, 10240, 94, 98
2026/08/05 09:37:34.174, 0, NVIDIA GeForce RTX 3080, 8609, 1443, 10240, 94, 98
2026/08/05 09:37:34.283, 0, NVIDIA GeForce RTX 3080, 8609, 1443, 10240, 94, 98
2026/08/05 09:37:34.392, 0, NVIDIA GeForce RTX 3080, 8609, 1443, 10240, 94, 98
2026/08/05 09:37:34.502, 0, NVIDIA GeForce RTX 3080, 8609, 1443, 10240, 94, 98
2026/08/05 09:37:34.610, 0, NVIDIA GeForce RTX 3080, 8609, 1443, 10240, 94, 98
2026/08/05 09:37:34.719, 0, NVIDIA GeForce RTX 3080, 8609, 1443, 10240, 94, 98
2026/08/05 09:37:34.828, 0, NVIDIA GeForce RTX 3080, 8609, 1443, 10240, 94, 98
2026/08/05 09:37:34.938, 0, NVIDIA GeForce RTX 3080, 8609, 1443, 10240, 94, 98
2026/08/05 09:37:35.047, 0, NVIDIA GeForce RTX 3080, 8609, 1443, 10240, 94, 98
2026/08/05 09:37:35.156, 0, NVIDIA GeForce RTX 3080, 8609, 1443, 10240, 94, 98
2026/08/05 09:37:35.265, 0, NVIDIA GeForce RTX 3080, 8609, 1443, 10240, 94, 98
2026/08/05 09:37:35.374, 0, NVIDIA GeForce RTX 3080, 8609, 1443, 10240, 94, 98
2026/08/05 09:37:35.483, 0, NVIDIA GeForce RTX 3080, 8609, 1443, 10240, 94, 98
2026/08/05 09:37:35.592, 0, NVIDIA GeForce RTX 3080, 8609, 1443, 10240, 94, 98
2026/08/05 09:37:35.702, 0, NVIDIA GeForce RTX 3080, 8609, 1443, 10240, 94, 98
2026/08/05 09:37:35.811, 0, NVIDIA GeForce RTX 3080, 8609, 1443, 10240, 94, 98
2026/08/05 09:37:35.920, 0, NVIDIA GeForce RTX 3080, 8609, 1443, 10240, 94, 98
2026/08/05 09:37:36.030, 0, NVIDIA GeForce RTX 3080, 8609, 1443, 10240, 94, 98
2026/08/05 09:37:36.139, 0, NVIDIA GeForce RTX 3080, 8609, 1443, 10240, 94, 98
2026/08/05 09:37:36.248, 0, NVIDIA GeForce RTX 3080, 8609, 1443, 10240, 94, 98
2026/08/05 09:37:36.358, 0, NVIDIA GeForce RTX 3080, 8609, 1443, 10240, 94, 98
2026/08/05 09:37:36.467, 0, NVIDIA GeForce RTX 3080, 8609, 1443, 10240, 94, 98
2026/08/05 09:37:36.576, 0, NVIDIA GeForce RTX 3080, 8609, 1443, 10240, 94, 98
2026/08/05 09:37:36.686, 0, NVIDIA GeForce RTX 3080, 8609, 1443, 10240, 94, 98
2026/08/05 09:37:36.794, 0, NVIDIA GeForce RTX 3080, 8609, 1443, 10240, 94, 98
2026/08/05 09:37:36.903, 0, NVIDIA GeForce RTX 3080, 8609, 1443, 10240, 94, 98
2026/08/05 09:37:37.013, 0, NVIDIA GeForce RTX 3080, 8609, 1443, 10240, 94, 98
2026/08/05 09:37:37.121, 0, NVIDIA GeForce RTX 3080, 8609, 1443, 10240, 94, 98
2026/08/05 09:37:37.230, 0, NVIDIA GeForce RTX 3080, 8609, 1443, 10240, 94, 98
2026/08/05 09:37:37.340, 0, NVIDIA GeForce RTX 3080, 8609, 1443, 10240, 94, 98
2026/08/05 09:37:37.448, 0, NVIDIA GeForce RTX 3080, 8609, 1443, 10240, 94, 98
2026/08/05 09:37:37.558, 0, NVIDIA GeForce RTX 3080, 8609, 1443, 10240, 94, 98
2026/08/05 09:37:37.668, 0, NVIDIA GeForce RTX 3080, 8609, 1443, 10240, 94, 98
2026/08/05 09:37:37.776, 0, NVIDIA GeForce RTX 3080, 8609, 1443, 10240, 94, 98
2026/08/05 09:37:37.885, 0, NVIDIA GeForce RTX 3080, 8609, 1443, 10240, 94, 98
2026/08/05 09:37:37.993, 0, NVIDIA GeForce RTX 3080, 8609, 1443, 10240, 94, 98
2026/08/05 09:37:38.103, 0, NVIDIA GeForce RTX 3080, 8609, 1443, 10240, 94, 98
2026/08/05 09:37:38.212, 0, NVIDIA GeForce RTX 3080, 8609, 1443, 10240, 94, 98
2026/08/05 09:37:38.321, 0, NVIDIA GeForce RTX 3080, 8609, 1443, 10240, 94, 98
2026/08/05 09:37:38.431, 0, NVIDIA GeForce RTX 3080, 8609, 1443, 10240, 94, 98
2026/08/05 09:37:38.540, 0, NVIDIA GeForce RTX 3080, 8609, 1443, 10240, 94, 98
2026/08/05 09:37:38.649, 0, NVIDIA GeForce RTX 3080, 8609, 1443, 10240, 94, 98
2026/08/05 09:37:38.759, 0, NVIDIA GeForce RTX 3080, 8609, 1443, 10240, 94, 98
2026/08/05 09:37:38.867, 0, NVIDIA GeForce RTX 3080, 8609, 1443, 10240, 94, 98
2026/08/05 09:37:38.976, 0, NVIDIA GeForce RTX 3080, 8609, 1443, 10240, 94, 98
2026/08/05 09:37:39.086, 0, NVIDIA GeForce RTX 3080, 8609, 1443, 10240, 94, 98
2026/08/05 09:37:39.194, 0, NVIDIA GeForce RTX 3080, 8609, 1443, 10240, 94, 98
2026/08/05 09:37:39.304, 0, NVIDIA GeForce RTX 3080, 8609, 1443, 10240, 94, 98
2026/08/05 09:37:39.414, 0, NVIDIA GeForce RTX 3080, 8609, 1443, 10240, 94, 98
2026/08/05 09:37:39.522, 0, NVIDIA GeForce RTX 3080, 8609, 1443, 10240, 94, 98
2026/08/05 09:37:39.632, 0, NVIDIA GeForce RTX 3080, 8609, 1443, 10240, 94, 98
2026/08/05 09:37:39.742, 0, NVIDIA GeForce RTX 3080, 8609, 1443, 10240, 94, 98
2026/08/05 09:37:39.850, 0, NVIDIA GeForce RTX 3080, 8609, 1443, 10240, 94, 98
2026/08/05 09:37:39.960, 0, NVIDIA GeForce RTX 3080, 8609, 1443, 10240, 94, 98
2026/08/05 09:37:40.069, 0, NVIDIA GeForce RTX 3080, 8609, 1443, 10240, 94, 98
2026/08/05 09:37:40.178, 0, NVIDIA GeForce RTX 3080, 8609, 1443, 10240, 94, 98
2026/08/05 09:37:40.288, 0, NVIDIA GeForce RTX 3080, 8609, 1443, 10240, 94, 98
2026/08/05 09:37:40.398, 0, NVIDIA GeForce RTX 3080, 8609, 1443, 10240, 94, 98
2026/08/05 09:37:40.505, 0, NVIDIA GeForce RTX 3080, 8609, 1443, 10240, 94, 98
2026/08/05 09:37:40.615, 0, NVIDIA GeForce RTX 3080, 8609, 1443, 10240, 94, 98
2026/08/05 09:37:40.724, 0, NVIDIA GeForce RTX 3080, 8609, 1443, 10240, 94, 98
2026/08/05 09:37:40.833, 0, NVIDIA GeForce RTX 3080, 8609, 1443, 10240, 94, 98
2026/08/05 09:37:40.943, 0, NVIDIA GeForce RTX 3080, 8609, 1443, 10240, 94, 98
2026/08/05 09:37:41.051, 0, NVIDIA GeForce RTX 3080, 8609, 1443, 10240, 94, 98
2026/08/05 09:37:41.160, 0, NVIDIA GeForce RTX 3080, 8609, 1443, 10240, 94, 98
2026/08/05 09:37:41.270, 0, NVIDIA GeForce RTX 3080, 8609, 1443, 10240, 94, 98
2026/08/05 09:37:41.379, 0, NVIDIA GeForce RTX 3080, 8609, 1443, 10240, 94, 98
2026/08/05 09:37:41.488, 0, NVIDIA GeForce RTX 3080, 8609, 1443, 10240, 94, 98
2026/08/05 09:37:41.598, 0, NVIDIA GeForce RTX 3080, 8609, 1443, 10240, 94, 98
2026/08/05 09:37:41.706, 0, NVIDIA GeForce RTX 3080, 8609, 1443, 10240, 94, 98
2026/08/05 09:37:41.816, 0, NVIDIA GeForce RTX 3080, 8609, 1443, 10240, 94, 98
2026/08/05 09:37:41.925, 0, NVIDIA GeForce RTX 3080, 8609, 1443, 10240, 94, 98
2026/08/05 09:37:42.034, 0, NVIDIA GeForce RTX 3080, 8609, 1443, 10240, 94, 98
2026/08/05 09:37:42.143, 0, NVIDIA GeForce RTX 3080, 8609, 1443, 10240, 94, 98
2026/08/05 09:37:42.252, 0, NVIDIA GeForce RTX 3080, 8609, 1443, 10240, 94, 98
2026/08/05 09:37:42.361, 0, NVIDIA GeForce RTX 3080, 8609, 1443, 10240, 94, 98
2026/08/05 09:37:42.471, 0, NVIDIA GeForce RTX 3080, 8609, 1443, 10240, 94, 98
2026/08/05 09:37:42.580, 0, NVIDIA GeForce RTX 3080, 8609, 1443, 10240, 91, 95
2026/08/05 09:37:42.689, 0, NVIDIA GeForce RTX 3080, 8609, 1443, 10240, 91, 95
2026/08/05 09:37:42.799, 0, NVIDIA GeForce RTX 3080, 8609, 1443, 10240, 91, 95
2026/08/05 09:37:42.907, 0, NVIDIA GeForce RTX 3080, 8609, 1443, 10240, 91, 95
2026/08/05 09:37:43.016, 0, NVIDIA GeForce RTX 3080, 8609, 1443, 10240, 91, 95
2026/08/05 09:37:43.126, 0, NVIDIA GeForce RTX 3080, 8609, 1443, 10240, 94, 98
2026/08/05 09:37:43.235, 0, NVIDIA GeForce RTX 3080, 8609, 1443, 10240, 94, 98
2026/08/05 09:37:43.344, 0, NVIDIA GeForce RTX 3080, 8609, 1443, 10240, 94, 98
2026/08/05 09:37:43.453, 0, NVIDIA GeForce RTX 3080, 8609, 1443, 10240, 94, 98
2026/08/05 09:37:43.563, 0, NVIDIA GeForce RTX 3080, 8609, 1443, 10240, 94, 98
2026/08/05 09:37:43.671, 0, NVIDIA GeForce RTX 3080, 8609, 1443, 10240, 94, 98
2026/08/05 09:37:43.780, 0, NVIDIA GeForce RTX 3080, 8609, 1443, 10240, 94, 98
2026/08/05 09:37:43.890, 0, NVIDIA GeForce RTX 3080, 8609, 1443, 10240, 94, 98
2026/08/05 09:37:43.998, 0, NVIDIA GeForce RTX 3080, 8609, 1443, 10240, 94, 98
2026/08/05 09:37:44.107, 0, NVIDIA GeForce RTX 3080, 8609, 1443, 10240, 94, 98
2026/08/05 09:37:44.217, 0, NVIDIA GeForce RTX 3080, 8609, 1443, 10240, 94, 98
2026/08/05 09:37:44.326, 0, NVIDIA GeForce RTX 3080, 8609, 1443, 10240, 94, 98
2026/08/05 09:37:44.435, 0, NVIDIA GeForce RTX 3080, 8609, 1443, 10240, 94, 98
2026/08/05 09:37:44.544, 0, NVIDIA GeForce RTX 3080, 8609, 1443, 10240, 94, 98
2026/08/05 09:37:44.653, 0, NVIDIA GeForce RTX 3080, 8609, 1443, 10240, 94, 98
2026/08/05 09:37:44.761, 0, NVIDIA GeForce RTX 3080, 8609, 1443, 10240, 94, 98
2026/08/05 09:37:44.871, 0, NVIDIA GeForce RTX 3080, 8609, 1443, 10240, 94, 98
2026/08/05 09:37:44.980, 0, NVIDIA GeForce RTX 3080, 8609, 1443, 10240, 94, 98
2026/08/05 09:37:45.089, 0, NVIDIA GeForce RTX 3080, 8609, 1443, 10240, 95, 98
2026/08/05 09:37:45.199, 0, NVIDIA GeForce RTX 3080, 8609, 1443, 10240, 95, 98
2026/08/05 09:37:45.308, 0, NVIDIA GeForce RTX 3080, 8609, 1443, 10240, 95, 98
2026/08/05 09:37:45.417, 0, NVIDIA GeForce RTX 3080, 8609, 1443, 10240, 95, 98
2026/08/05 09:37:45.527, 0, NVIDIA GeForce RTX 3080, 8609, 1443, 10240, 95, 98
2026/08/05 09:37:45.636, 0, NVIDIA GeForce RTX 3080, 8609, 1443, 10240, 95, 98
2026/08/05 09:37:45.744, 0, NVIDIA GeForce RTX 3080, 8609, 1443, 10240, 95, 98
2026/08/05 09:37:45.853, 0, NVIDIA GeForce RTX 3080, 8609, 1443, 10240, 95, 98
2026/08/05 09:37:45.961, 0, NVIDIA GeForce RTX 3080, 8609, 1443, 10240, 95, 98
2026/08/05 09:37:46.071, 0, NVIDIA GeForce RTX 3080, 8609, 1443, 10240, 95, 98
2026/08/05 09:37:46.180, 0, NVIDIA GeForce RTX 3080, 8609, 1443, 10240, 95, 98
2026/08/05 09:37:46.289, 0, NVIDIA GeForce RTX 3080, 8609, 1443, 10240, 95, 98
2026/08/05 09:37:46.399, 0, NVIDIA GeForce RTX 3080, 8609, 1443, 10240, 95, 98
2026/08/05 09:37:46.508, 0, NVIDIA GeForce RTX 3080, 8609, 1443, 10240, 95, 98
2026/08/05 09:37:46.617, 0, NVIDIA GeForce RTX 3080, 8609, 1443, 10240, 94, 98
2026/08/05 09:37:46.726, 0, NVIDIA GeForce RTX 3080, 8609, 1443, 10240, 94, 98
2026/08/05 09:37:46.835, 0, NVIDIA GeForce RTX 3080, 8609, 1443, 10240, 94, 98
2026/08/05 09:37:46.944, 0, NVIDIA GeForce RTX 3080, 8609, 1443, 10240, 94, 98
2026/08/05 09:37:47.053, 0, NVIDIA GeForce RTX 3080, 8609, 1443, 10240, 95, 98
2026/08/05 09:37:47.163, 0, NVIDIA GeForce RTX 3080, 8609, 1443, 10240, 95, 98
2026/08/05 09:37:47.272, 0, NVIDIA GeForce RTX 3080, 8609, 1443, 10240, 95, 98
2026/08/05 09:37:47.381, 0, NVIDIA GeForce RTX 3080, 8609, 1443, 10240, 95, 98
2026/08/05 09:37:47.491, 0, NVIDIA GeForce RTX 3080, 8609, 1443, 10240, 95, 98
2026/08/05 09:37:47.599, 0, NVIDIA GeForce RTX 3080, 8609, 1443, 10240, 95, 98
2026/08/05 09:37:47.708, 0, NVIDIA GeForce RTX 3080, 8609, 1443, 10240, 95, 98
2026/08/05 09:37:47.818, 0, NVIDIA GeForce RTX 3080, 8609, 1443, 10240, 95, 98
2026/08/05 09:37:47.927, 0, NVIDIA GeForce RTX 3080, 8609, 1443, 10240, 95, 98
2026/08/05 09:37:48.036, 0, NVIDIA GeForce RTX 3080, 8609, 1443, 10240, 95, 98
2026/08/05 09:37:48.146, 0, NVIDIA GeForce RTX 3080, 8609, 1443, 10240, 95, 98
2026/08/05 09:37:48.254, 0, NVIDIA GeForce RTX 3080, 8609, 1443, 10240, 95, 98
2026/08/05 09:37:48.363, 0, NVIDIA GeForce RTX 3080, 8609, 1443, 10240, 95, 98
2026/08/05 09:37:48.472, 0, NVIDIA GeForce RTX 3080, 8609, 1443, 10240, 95, 98
2026/08/05 09:37:48.581, 0, NVIDIA GeForce RTX 3080, 8609, 1443, 10240, 95, 98
2026/08/05 09:37:48.691, 0, NVIDIA GeForce RTX 3080, 8609, 1443, 10240, 95, 98
2026/08/05 09:37:48.800, 0, NVIDIA GeForce RTX 3080, 8609, 1443, 10240, 95, 98
2026/08/05 09:37:48.909, 0, NVIDIA GeForce RTX 3080, 8609, 1443, 10240, 95, 98
2026/08/05 09:37:49.018, 0, NVIDIA GeForce RTX 3080, 8609, 1443, 10240, 95, 98
2026/08/05 09:37:49.128, 0, NVIDIA GeForce RTX 3080, 8609, 1443, 10240, 95, 98
2026/08/05 09:37:49.236, 0, NVIDIA GeForce RTX 3080, 8609, 1443, 10240, 95, 98
2026/08/05 09:37:49.346, 0, NVIDIA GeForce RTX 3080, 8609, 1443, 10240, 95, 98
2026/08/05 09:37:49.455, 0, NVIDIA GeForce RTX 3080, 8609, 1443, 10240, 95, 98
2026/08/05 09:37:49.564, 0, NVIDIA GeForce RTX 3080, 8609, 1443, 10240, 95, 98
2026/08/05 09:37:49.673, 0, NVIDIA GeForce RTX 3080, 8609, 1443, 10240, 95, 98
2026/08/05 09:37:49.782, 0, NVIDIA GeForce RTX 3080, 8609, 1443, 10240, 95, 98
2026/08/05 09:37:49.892, 0, NVIDIA GeForce RTX 3080, 8609, 1443, 10240, 95, 98
2026/08/05 09:37:50.002, 0, NVIDIA GeForce RTX 3080, 8609, 1443, 10240, 95, 98
2026/08/05 09:37:50.110, 0, NVIDIA GeForce RTX 3080, 8609, 1443, 10240, 95, 98
2026/08/05 09:37:50.220, 0, NVIDIA GeForce RTX 3080, 8609, 1443, 10240, 95, 98
2026/08/05 09:37:50.329, 0, NVIDIA GeForce RTX 3080, 8609, 1443, 10240, 95, 98
2026/08/05 09:37:50.437, 0, NVIDIA GeForce RTX 3080, 8609, 1443, 10240, 95, 98
2026/08/05 09:37:50.547, 0, NVIDIA GeForce RTX 3080, 8609, 1443, 10240, 95, 98
2026/08/05 09:37:50.657, 0, NVIDIA GeForce RTX 3080, 8609, 1443, 10240, 95, 98
2026/08/05 09:37:50.765, 0, NVIDIA GeForce RTX 3080, 8609, 1443, 10240, 95, 98
2026/08/05 09:37:50.875, 0, NVIDIA GeForce RTX 3080, 8609, 1443, 10240, 95, 98
2026/08/05 09:37:50.984, 0, NVIDIA GeForce RTX 3080, 8609, 1443, 10240, 95, 98
2026/08/05 09:37:51.093, 0, NVIDIA GeForce RTX 3080, 8609, 1443, 10240, 95, 98
2026/08/05 09:37:51.203, 0, NVIDIA GeForce RTX 3080, 8609, 1443, 10240, 95, 98
2026/08/05 09:37:51.312, 0, NVIDIA GeForce RTX 3080, 8609, 1443, 10240, 95, 98
2026/08/05 09:37:51.421, 0, NVIDIA GeForce RTX 3080, 8609, 1443, 10240, 95, 98
2026/08/05 09:37:51.531, 0, NVIDIA GeForce RTX 3080, 8609, 1443, 10240, 95, 98
2026/08/05 09:37:51.639, 0, NVIDIA GeForce RTX 3080, 8609, 1443, 10240, 95, 98
2026/08/05 09:37:51.749, 0, NVIDIA GeForce RTX 3080, 8609, 1443, 10240, 95, 98
2026/08/05 09:37:51.859, 0, NVIDIA GeForce RTX 3080, 8609, 1443, 10240, 95, 98
2026/08/05 09:37:51.968, 0, NVIDIA GeForce RTX 3080, 8609, 1443, 10240, 95, 98
2026/08/05 09:37:52.077, 0, NVIDIA GeForce RTX 3080, 8609, 1443, 10240, 95, 98
2026/08/05 09:37:52.187, 0, NVIDIA GeForce RTX 3080, 8609, 1443, 10240, 95, 98
2026/08/05 09:37:52.295, 0, NVIDIA GeForce RTX 3080, 8609, 1443, 10240, 95, 98
2026/08/05 09:37:52.405, 0, NVIDIA GeForce RTX 3080, 8609, 1443, 10240, 95, 98
2026/08/05 09:37:52.514, 0, NVIDIA GeForce RTX 3080, 8609, 1443, 10240, 95, 98
2026/08/05 09:37:52.622, 0, NVIDIA GeForce RTX 3080, 8609, 1443, 10240, 95, 98
2026/08/05 09:37:52.732, 0, NVIDIA GeForce RTX 3080, 8609, 1443, 10240, 95, 98
2026/08/05 09:37:52.841, 0, NVIDIA GeForce RTX 3080, 8609, 1443, 10240, 95, 98
2026/08/05 09:37:52.950, 0, NVIDIA GeForce RTX 3080, 8609, 1443, 10240, 95, 98
2026/08/05 09:37:53.060, 0, NVIDIA GeForce RTX 3080, 8609, 1443, 10240, 95, 98
2026/08/05 09:37:53.169, 0, NVIDIA GeForce RTX 3080, 8609, 1443, 10240, 95, 98
2026/08/05 09:37:53.279, 0, NVIDIA GeForce RTX 3080, 8609, 1443, 10240, 95, 98
2026/08/05 09:37:53.389, 0, NVIDIA GeForce RTX 3080, 8609, 1443, 10240, 95, 98
2026/08/05 09:37:53.497, 0, NVIDIA GeForce RTX 3080, 8609, 1443, 10240, 95, 98
2026/08/05 09:37:53.606, 0, NVIDIA GeForce RTX 3080, 8609, 1443, 10240, 95, 98
2026/08/05 09:37:53.715, 0, NVIDIA GeForce RTX 3080, 8609, 1443, 10240, 95, 98
2026/08/05 09:37:53.824, 0, NVIDIA GeForce RTX 3080, 8609, 1443, 10240, 95, 98
2026/08/05 09:37:53.934, 0, NVIDIA GeForce RTX 3080, 8609, 1443, 10240, 95, 98
2026/08/05 09:37:54.042, 0, NVIDIA GeForce RTX 3080, 8609, 1443, 10240, 95, 98
2026/08/05 09:37:54.151, 0, NVIDIA GeForce RTX 3080, 8609, 1443, 10240, 95, 98
2026/08/05 09:37:54.261, 0, NVIDIA GeForce RTX 3080, 8609, 1443, 10240, 95, 98
2026/08/05 09:37:54.370, 0, NVIDIA GeForce RTX 3080, 8609, 1443, 10240, 95, 98
2026/08/05 09:37:54.479, 0, NVIDIA GeForce RTX 3080, 8609, 1443, 10240, 95, 98
2026/08/05 09:37:54.588, 0, NVIDIA GeForce RTX 3080, 8609, 1443, 10240, 95, 98
2026/08/05 09:37:54.697, 0, NVIDIA GeForce RTX 3080, 8609, 1443, 10240, 95, 98
2026/08/05 09:37:54.806, 0, NVIDIA GeForce RTX 3080, 8609, 1443, 10240, 95, 98
2026/08/05 09:37:54.915, 0, NVIDIA GeForce RTX 3080, 8609, 1443, 10240, 95, 98
2026/08/05 09:37:55.025, 0, NVIDIA GeForce RTX 3080, 8609, 1443, 10240, 95, 98
2026/08/05 09:37:55.134, 0, NVIDIA GeForce RTX 3080, 8609, 1443, 10240, 95, 98
2026/08/05 09:37:55.243, 0, NVIDIA GeForce RTX 3080, 8609, 1443, 10240, 95, 98
2026/08/05 09:37:55.353, 0, NVIDIA GeForce RTX 3080, 8609, 1443, 10240, 95, 98
2026/08/05 09:37:55.463, 0, NVIDIA GeForce RTX 3080, 8609, 1443, 10240, 95, 98
2026/08/05 09:37:55.571, 0, NVIDIA GeForce RTX 3080, 8609, 1443, 10240, 96, 98
2026/08/05 09:37:55.681, 0, NVIDIA GeForce RTX 3080, 8609, 1443, 10240, 96, 98
2026/08/05 09:37:55.791, 0, NVIDIA GeForce RTX 3080, 8609, 1443, 10240, 96, 98
2026/08/05 09:37:55.899, 0, NVIDIA GeForce RTX 3080, 8609, 1443, 10240, 96, 98
2026/08/05 09:37:56.008, 0, NVIDIA GeForce RTX 3080, 8609, 1443, 10240, 96, 98
2026/08/05 09:37:56.117, 0, NVIDIA GeForce RTX 3080, 8609, 1443, 10240, 95, 98
2026/08/05 09:37:56.226, 0, NVIDIA GeForce RTX 3080, 8609, 1443, 10240, 95, 98
2026/08/05 09:37:56.335, 0, NVIDIA GeForce RTX 3080, 8609, 1443, 10240, 95, 98
2026/08/05 09:37:56.444, 0, NVIDIA GeForce RTX 3080, 8609, 1443, 10240, 95, 98
2026/08/05 09:37:56.551, 0, NVIDIA GeForce RTX 3080, 8609, 1443, 10240, 95, 98
2026/08/05 09:37:56.661, 0, NVIDIA GeForce RTX 3080, 8609, 1443, 10240, 96, 98
2026/08/05 09:37:56.770, 0, NVIDIA GeForce RTX 3080, 8609, 1443, 10240, 96, 98
2026/08/05 09:37:56.879, 0, NVIDIA GeForce RTX 3080, 8609, 1443, 10240, 96, 98
2026/08/05 09:37:56.989, 0, NVIDIA GeForce RTX 3080, 8609, 1443, 10240, 96, 98
2026/08/05 09:37:57.098, 0, NVIDIA GeForce RTX 3080, 8609, 1443, 10240, 95, 98
2026/08/05 09:37:57.206, 0, NVIDIA GeForce RTX 3080, 8609, 1443, 10240, 95, 98
2026/08/05 09:37:57.316, 0, NVIDIA GeForce RTX 3080, 8609, 1443, 10240, 95, 98
2026/08/05 09:37:57.425, 0, NVIDIA GeForce RTX 3080, 8609, 1443, 10240, 95, 98
2026/08/05 09:37:57.534, 0, NVIDIA GeForce RTX 3080, 8609, 1443, 10240, 95, 98
2026/08/05 09:37:57.643, 0, NVIDIA GeForce RTX 3080, 8609, 1443, 10240, 95, 98
2026/08/05 09:37:57.752, 0, NVIDIA GeForce RTX 3080, 8609, 1443, 10240, 95, 98
2026/08/05 09:37:57.861, 0, NVIDIA GeForce RTX 3080, 8609, 1443, 10240, 95, 98
2026/08/05 09:37:57.970, 0, NVIDIA GeForce RTX 3080, 8609, 1443, 10240, 95, 98
2026/08/05 09:37:58.079, 0, NVIDIA GeForce RTX 3080, 8609, 1443, 10240, 95, 98
2026/08/05 09:37:58.189, 0, NVIDIA GeForce RTX 3080, 8609, 1443, 10240, 95, 98
2026/08/05 09:37:58.298, 0, NVIDIA GeForce RTX 3080, 8609, 1443, 10240, 95, 98
2026/08/05 09:37:58.407, 0, NVIDIA GeForce RTX 3080, 8609, 1443, 10240, 95, 98
2026/08/05 09:37:58.516, 0, NVIDIA GeForce RTX 3080, 8609, 1443, 10240, 95, 98
2026/08/05 09:37:58.625, 0, NVIDIA GeForce RTX 3080, 8609, 1443, 10240, 95, 98
2026/08/05 09:37:58.734, 0, NVIDIA GeForce RTX 3080, 8609, 1443, 10240, 95, 98
2026/08/05 09:37:58.843, 0, NVIDIA GeForce RTX 3080, 8609, 1443, 10240, 95, 98
2026/08/05 09:37:58.952, 0, NVIDIA GeForce RTX 3080, 8609, 1443, 10240, 95, 98
2026/08/05 09:37:59.061, 0, NVIDIA GeForce RTX 3080, 8609, 1443, 10240, 95, 98
2026/08/05 09:37:59.170, 0, NVIDIA GeForce RTX 3080, 8609, 1443, 10240, 95, 98
2026/08/05 09:37:59.279, 0, NVIDIA GeForce RTX 3080, 8609, 1443, 10240, 95, 98
2026/08/05 09:37:59.389, 0, NVIDIA GeForce RTX 3080, 8609, 1443, 10240, 95, 98
2026/08/05 09:37:59.497, 0, NVIDIA GeForce RTX 3080, 8609, 1443, 10240, 95, 98
2026/08/05 09:37:59.607, 0, NVIDIA GeForce RTX 3080, 8609, 1443, 10240, 95, 98
2026/08/05 09:37:59.716, 0, NVIDIA GeForce RTX 3080, 8609, 1443, 10240, 95, 98
2026/08/05 09:37:59.825, 0, NVIDIA GeForce RTX 3080, 8609, 1443, 10240, 95, 98
2026/08/05 09:37:59.934, 0, NVIDIA GeForce RTX 3080, 8609, 1443, 10240, 95, 98
2026/08/05 09:38:00.043, 0, NVIDIA GeForce RTX 3080, 8609, 1443, 10240, 95, 98
2026/08/05 09:38:00.152, 0, NVIDIA GeForce RTX 3080, 8609, 1443, 10240, 96, 98
2026/08/05 09:38:00.260, 0, NVIDIA GeForce RTX 3080, 8609, 1443, 10240, 96, 98
2026/08/05 09:38:00.369, 0, NVIDIA GeForce RTX 3080, 8609, 1443, 10240, 96, 98
2026/08/05 09:38:00.479, 0, NVIDIA GeForce RTX 3080, 8609, 1443, 10240, 96, 98
2026/08/05 09:38:00.587, 0, NVIDIA GeForce RTX 3080, 8609, 1443, 10240, 95, 98
2026/08/05 09:38:00.696, 0, NVIDIA GeForce RTX 3080, 8609, 1443, 10240, 95, 98
2026/08/05 09:38:00.805, 0, NVIDIA GeForce RTX 3080, 8609, 1443, 10240, 95, 98
2026/08/05 09:38:00.914, 0, NVIDIA GeForce RTX 3080, 8609, 1443, 10240, 95, 98
2026/08/05 09:38:01.024, 0, NVIDIA GeForce RTX 3080, 8609, 1443, 10240, 95, 98
2026/08/05 09:38:01.133, 0, NVIDIA GeForce RTX 3080, 8609, 1443, 10240, 96, 98
2026/08/05 09:38:01.242, 0, NVIDIA GeForce RTX 3080, 8609, 1443, 10240, 96, 98
2026/08/05 09:38:01.352, 0, NVIDIA GeForce RTX 3080, 8609, 1443, 10240, 96, 98
2026/08/05 09:38:01.461, 0, NVIDIA GeForce RTX 3080, 8609, 1443, 10240, 96, 98
2026/08/05 09:38:01.570, 0, NVIDIA GeForce RTX 3080, 8609, 1443, 10240, 95, 98
2026/08/05 09:38:01.679, 0, NVIDIA GeForce RTX 3080, 8609, 1443, 10240, 95, 98
2026/08/05 09:38:01.789, 0, NVIDIA GeForce RTX 3080, 8609, 1443, 10240, 95, 98
2026/08/05 09:38:01.897, 0, NVIDIA GeForce RTX 3080, 8609, 1443, 10240, 95, 98
2026/08/05 09:38:02.007, 0, NVIDIA GeForce RTX 3080, 8609, 1443, 10240, 95, 98
2026/08/05 09:38:02.117, 0, NVIDIA GeForce RTX 3080, 8609, 1443, 10240, 96, 98
2026/08/05 09:38:02.225, 0, NVIDIA GeForce RTX 3080, 8609, 1443, 10240, 96, 98
2026/08/05 09:38:02.334, 0, NVIDIA GeForce RTX 3080, 8609, 1443, 10240, 96, 98
2026/08/05 09:38:02.442, 0, NVIDIA GeForce RTX 3080, 8609, 1443, 10240, 96, 98
2026/08/05 09:38:02.551, 0, NVIDIA GeForce RTX 3080, 8609, 1443, 10240, 96, 98
2026/08/05 09:38:02.661, 0, NVIDIA GeForce RTX 3080, 8609, 1443, 10240, 96, 98
2026/08/05 09:38:02.769, 0, NVIDIA GeForce RTX 3080, 8609, 1443, 10240, 96, 98
2026/08/05 09:38:02.879, 0, NVIDIA GeForce RTX 3080, 8609, 1443, 10240, 96, 98
2026/08/05 09:38:02.988, 0, NVIDIA GeForce RTX 3080, 8609, 1443, 10240, 96, 98
2026/08/05 09:38:03.097, 0, NVIDIA GeForce RTX 3080, 8609, 1443, 10240, 96, 98
2026/08/05 09:38:03.207, 0, NVIDIA GeForce RTX 3080, 8609, 1443, 10240, 96, 98
2026/08/05 09:38:03.316, 0, NVIDIA GeForce RTX 3080, 8609, 1443, 10240, 96, 98
2026/08/05 09:38:03.425, 0, NVIDIA GeForce RTX 3080, 8609, 1443, 10240, 96, 98
2026/08/05 09:38:03.534, 0, NVIDIA GeForce RTX 3080, 8609, 1443, 10240, 96, 98
2026/08/05 09:38:03.643, 0, NVIDIA GeForce RTX 3080, 8609, 1443, 10240, 96, 98
2026/08/05 09:38:03.752, 0, NVIDIA GeForce RTX 3080, 8609, 1443, 10240, 96, 98
2026/08/05 09:38:03.861, 0, NVIDIA GeForce RTX 3080, 8609, 1443, 10240, 96, 98
2026/08/05 09:38:03.970, 0, NVIDIA GeForce RTX 3080, 8609, 1443, 10240, 96, 98
2026/08/05 09:38:04.079, 0, NVIDIA GeForce RTX 3080, 8609, 1443, 10240, 93, 96
2026/08/05 09:38:04.189, 0, NVIDIA GeForce RTX 3080, 8609, 1443, 10240, 93, 96
2026/08/05 09:38:04.298, 0, NVIDIA GeForce RTX 3080, 8609, 1443, 10240, 93, 96
2026/08/05 09:38:04.407, 0, NVIDIA GeForce RTX 3080, 8609, 1443, 10240, 93, 96
2026/08/05 09:38:04.517, 0, NVIDIA GeForce RTX 3080, 8609, 1443, 10240, 93, 96
2026/08/05 09:38:04.624, 0, NVIDIA GeForce RTX 3080, 8609, 1443, 10240, 96, 98
2026/08/05 09:38:04.734, 0, NVIDIA GeForce RTX 3080, 8609, 1443, 10240, 96, 98
2026/08/05 09:38:04.842, 0, NVIDIA GeForce RTX 3080, 8609, 1443, 10240, 96, 98
2026/08/05 09:38:04.951, 0, NVIDIA GeForce RTX 3080, 8609, 1443, 10240, 96, 98
2026/08/05 09:38:05.061, 0, NVIDIA GeForce RTX 3080, 8609, 1443, 10240, 96, 98
2026/08/05 09:38:05.169, 0, NVIDIA GeForce RTX 3080, 8609, 1443, 10240, 96, 98
2026/08/05 09:38:05.279, 0, NVIDIA GeForce RTX 3080, 8609, 1443, 10240, 96, 98
2026/08/05 09:38:05.388, 0, NVIDIA GeForce RTX 3080, 8609, 1443, 10240, 96, 98
2026/08/05 09:38:05.497, 0, NVIDIA GeForce RTX 3080, 8609, 1443, 10240, 96, 98
2026/08/05 09:38:05.606, 0, NVIDIA GeForce RTX 3080, 8609, 1443, 10240, 96, 98
2026/08/05 09:38:05.716, 0, NVIDIA GeForce RTX 3080, 8609, 1443, 10240, 96, 98
2026/08/05 09:38:05.825, 0, NVIDIA GeForce RTX 3080, 8609, 1443, 10240, 96, 98
2026/08/05 09:38:05.934, 0, NVIDIA GeForce RTX 3080, 8609, 1443, 10240, 96, 98
2026/08/05 09:38:06.043, 0, NVIDIA GeForce RTX 3080, 8609, 1443, 10240, 96, 98
2026/08/05 09:38:06.151, 0, NVIDIA GeForce RTX 3080, 8609, 1443, 10240, 96, 98
2026/08/05 09:38:06.261, 0, NVIDIA GeForce RTX 3080, 8609, 1443, 10240, 96, 98
2026/08/05 09:38:06.370, 0, NVIDIA GeForce RTX 3080, 8609, 1443, 10240, 96, 98
2026/08/05 09:38:06.479, 0, NVIDIA GeForce RTX 3080, 8609, 1443, 10240, 96, 98
2026/08/05 09:38:06.588, 0, NVIDIA GeForce RTX 3080, 8609, 1443, 10240, 94, 98
2026/08/05 09:38:06.697, 0, NVIDIA GeForce RTX 3080, 8609, 1443, 10240, 94, 98
2026/08/05 09:38:06.812, 0, NVIDIA GeForce RTX 3080, 8609, 1443, 10240, 94, 98
2026/08/05 09:38:06.921, 0, NVIDIA GeForce RTX 3080, 8609, 1443, 10240, 94, 98
2026/08/05 09:38:07.030, 0, NVIDIA GeForce RTX 3080, 8609, 1443, 10240, 94, 98
2026/08/05 09:38:07.139, 0, NVIDIA GeForce RTX 3080, 8609, 1443, 10240, 94, 98
2026/08/05 09:38:07.249, 0, NVIDIA GeForce RTX 3080, 8609, 1443, 10240, 94, 98
2026/08/05 09:38:07.358, 0, NVIDIA GeForce RTX 3080, 8609, 1443, 10240, 94, 98
2026/08/05 09:38:07.467, 0, NVIDIA GeForce RTX 3080, 8609, 1443, 10240, 94, 98
2026/08/05 09:38:07.576, 0, NVIDIA GeForce RTX 3080, 8609, 1443, 10240, 94, 98
2026/08/05 09:38:07.684, 0, NVIDIA GeForce RTX 3080, 8609, 1443, 10240, 94, 98
2026/08/05 09:38:07.794, 0, NVIDIA GeForce RTX 3080, 8609, 1443, 10240, 94, 98
2026/08/05 09:38:07.902, 0, NVIDIA GeForce RTX 3080, 8609, 1443, 10240, 94, 98
2026/08/05 09:38:08.011, 0, NVIDIA GeForce RTX 3080, 8609, 1443, 10240, 94, 98
2026/08/05 09:38:08.121, 0, NVIDIA GeForce RTX 3080, 8609, 1443, 10240, 94, 98
2026/08/05 09:38:08.229, 0, NVIDIA GeForce RTX 3080, 8609, 1443, 10240, 94, 98
2026/08/05 09:38:08.339, 0, NVIDIA GeForce RTX 3080, 8609, 1443, 10240, 94, 98
2026/08/05 09:38:08.447, 0, NVIDIA GeForce RTX 3080, 8609, 1443, 10240, 94, 98
2026/08/05 09:38:08.556, 0, NVIDIA GeForce RTX 3080, 8609, 1443, 10240, 94, 98
2026/08/05 09:38:08.666, 0, NVIDIA GeForce RTX 3080, 8609, 1443, 10240, 94, 98
2026/08/05 09:38:08.774, 0, NVIDIA GeForce RTX 3080, 8609, 1443, 10240, 94, 98
2026/08/05 09:38:08.884, 0, NVIDIA GeForce RTX 3080, 8609, 1443, 10240, 94, 98
2026/08/05 09:38:08.993, 0, NVIDIA GeForce RTX 3080, 8609, 1443, 10240, 94, 98
2026/08/05 09:38:09.102, 0, NVIDIA GeForce RTX 3080, 8609, 1443, 10240, 94, 98
2026/08/05 09:38:09.212, 0, NVIDIA GeForce RTX 3080, 8609, 1443, 10240, 94, 98
2026/08/05 09:38:09.321, 0, NVIDIA GeForce RTX 3080, 8609, 1443, 10240, 94, 98
2026/08/05 09:38:09.430, 0, NVIDIA GeForce RTX 3080, 8609, 1443, 10240, 94, 98
2026/08/05 09:38:09.539, 0, NVIDIA GeForce RTX 3080, 8609, 1443, 10240, 94, 98
2026/08/05 09:38:09.648, 0, NVIDIA GeForce RTX 3080, 8609, 1443, 10240, 94, 98
2026/08/05 09:38:09.757, 0, NVIDIA GeForce RTX 3080, 8609, 1443, 10240, 94, 98
2026/08/05 09:38:09.867, 0, NVIDIA GeForce RTX 3080, 8609, 1443, 10240, 94, 98
2026/08/05 09:38:09.976, 0, NVIDIA GeForce RTX 3080, 8609, 1443, 10240, 94, 98
2026/08/05 09:38:10.085, 0, NVIDIA GeForce RTX 3080, 8609, 1443, 10240, 94, 98
2026/08/05 09:38:10.195, 0, NVIDIA GeForce RTX 3080, 8609, 1443, 10240, 94, 98
2026/08/05 09:38:10.303, 0, NVIDIA GeForce RTX 3080, 8609, 1443, 10240, 94, 98
2026/08/05 09:38:10.413, 0, NVIDIA GeForce RTX 3080, 8609, 1443, 10240, 94, 98
2026/08/05 09:38:10.521, 0, NVIDIA GeForce RTX 3080, 8609, 1443, 10240, 94, 98
2026/08/05 09:38:10.630, 0, NVIDIA GeForce RTX 3080, 8609, 1443, 10240, 94, 98
2026/08/05 09:38:10.739, 0, NVIDIA GeForce RTX 3080, 8609, 1443, 10240, 94, 98
2026/08/05 09:38:10.849, 0, NVIDIA GeForce RTX 3080, 8609, 1443, 10240, 94, 98
2026/08/05 09:38:10.958, 0, NVIDIA GeForce RTX 3080, 8609, 1443, 10240, 94, 98
2026/08/05 09:38:11.067, 0, NVIDIA GeForce RTX 3080, 8609, 1443, 10240, 94, 98
2026/08/05 09:38:11.176, 0, NVIDIA GeForce RTX 3080, 8609, 1443, 10240, 94, 98
2026/08/05 09:38:11.284, 0, NVIDIA GeForce RTX 3080, 8609, 1443, 10240, 94, 98
2026/08/05 09:38:11.394, 0, NVIDIA GeForce RTX 3080, 8609, 1443, 10240, 94, 98
2026/08/05 09:38:11.503, 0, NVIDIA GeForce RTX 3080, 8609, 1443, 10240, 94, 98
2026/08/05 09:38:11.612, 0, NVIDIA GeForce RTX 3080, 8609, 1443, 10240, 94, 98
2026/08/05 09:38:11.722, 0, NVIDIA GeForce RTX 3080, 8609, 1443, 10240, 94, 98
2026/08/05 09:38:11.830, 0, NVIDIA GeForce RTX 3080, 8609, 1443, 10240, 94, 98
2026/08/05 09:38:11.940, 0, NVIDIA GeForce RTX 3080, 8609, 1443, 10240, 94, 98
2026/08/05 09:38:12.045, 0, NVIDIA GeForce RTX 3080, 8609, 1443, 10240, 94, 98
2026/08/05 09:38:12.154, 0, NVIDIA GeForce RTX 3080, 8609, 1443, 10240, 95, 98
2026/08/05 09:38:12.264, 0, NVIDIA GeForce RTX 3080, 8609, 1443, 10240, 95, 98
2026/08/05 09:38:12.372, 0, NVIDIA GeForce RTX 3080, 8609, 1443, 10240, 95, 98
2026/08/05 09:38:12.482, 0, NVIDIA GeForce RTX 3080, 8609, 1443, 10240, 95, 98
2026/08/05 09:38:12.591, 0, NVIDIA GeForce RTX 3080, 8609, 1443, 10240, 94, 98
2026/08/05 09:38:12.699, 0, NVIDIA GeForce RTX 3080, 8609, 1443, 10240, 94, 98
2026/08/05 09:38:12.809, 0, NVIDIA GeForce RTX 3080, 8609, 1443, 10240, 94, 98
2026/08/05 09:38:12.919, 0, NVIDIA GeForce RTX 3080, 8609, 1443, 10240, 94, 98
2026/08/05 09:38:13.027, 0, NVIDIA GeForce RTX 3080, 8609, 1443, 10240, 94, 98
2026/08/05 09:38:13.137, 0, NVIDIA GeForce RTX 3080, 8609, 1443, 10240, 94, 98
2026/08/05 09:38:13.246, 0, NVIDIA GeForce RTX 3080, 8609, 1443, 10240, 94, 98
2026/08/05 09:38:13.354, 0, NVIDIA GeForce RTX 3080, 8609, 1443, 10240, 94, 98
2026/08/05 09:38:13.464, 0, NVIDIA GeForce RTX 3080, 8609, 1443, 10240, 94, 98
2026/08/05 09:38:13.572, 0, NVIDIA GeForce RTX 3080, 8609, 1443, 10240, 94, 98
2026/08/05 09:38:13.682, 0, NVIDIA GeForce RTX 3080, 8609, 1443, 10240, 94, 98
2026/08/05 09:38:13.792, 0, NVIDIA GeForce RTX 3080, 8609, 1443, 10240, 94, 98
2026/08/05 09:38:13.900, 0, NVIDIA GeForce RTX 3080, 8609, 1443, 10240, 94, 98
2026/08/05 09:38:14.010, 0, NVIDIA GeForce RTX 3080, 8609, 1443, 10240, 94, 98
2026/08/05 09:38:14.119, 0, NVIDIA GeForce RTX 3080, 8609, 1443, 10240, 94, 98
2026/08/05 09:38:14.227, 0, NVIDIA GeForce RTX 3080, 8609, 1443, 10240, 94, 98
2026/08/05 09:38:14.337, 0, NVIDIA GeForce RTX 3080, 8609, 1443, 10240, 94, 98
2026/08/05 09:38:14.446, 0, NVIDIA GeForce RTX 3080, 8609, 1443, 10240, 94, 98
2026/08/05 09:38:14.555, 0, NVIDIA GeForce RTX 3080, 8609, 1443, 10240, 94, 98
2026/08/05 09:38:14.665, 0, NVIDIA GeForce RTX 3080, 8609, 1443, 10240, 94, 98
2026/08/05 09:38:14.773, 0, NVIDIA GeForce RTX 3080, 8609, 1443, 10240, 94, 98
2026/08/05 09:38:14.882, 0, NVIDIA GeForce RTX 3080, 8609, 1443, 10240, 94, 98
2026/08/05 09:38:14.992, 0, NVIDIA GeForce RTX 3080, 8609, 1443, 10240, 94, 98
2026/08/05 09:38:15.100, 0, NVIDIA GeForce RTX 3080, 8609, 1443, 10240, 94, 98
2026/08/05 09:38:15.210, 0, NVIDIA GeForce RTX 3080, 8609, 1443, 10240, 94, 98
2026/08/05 09:38:15.320, 0, NVIDIA GeForce RTX 3080, 8609, 1443, 10240, 94, 98
2026/08/05 09:38:15.428, 0, NVIDIA GeForce RTX 3080, 8609, 1443, 10240, 94, 98
2026/08/05 09:38:15.538, 0, NVIDIA GeForce RTX 3080, 8609, 1443, 10240, 94, 98
2026/08/05 09:38:15.646, 0, NVIDIA GeForce RTX 3080, 8609, 1443, 10240, 94, 98
2026/08/05 09:38:15.755, 0, NVIDIA GeForce RTX 3080, 8609, 1443, 10240, 94, 98
2026/08/05 09:38:15.865, 0, NVIDIA GeForce RTX 3080, 8609, 1443, 10240, 94, 98
2026/08/05 09:38:15.973, 0, NVIDIA GeForce RTX 3080, 8609, 1443, 10240, 94, 98
2026/08/05 09:38:16.083, 0, NVIDIA GeForce RTX 3080, 8609, 1443, 10240, 94, 98
2026/08/05 09:38:16.193, 0, NVIDIA GeForce RTX 3080, 8609, 1443, 10240, 94, 98
2026/08/05 09:38:16.301, 0, NVIDIA GeForce RTX 3080, 8609, 1443, 10240, 94, 98
2026/08/05 09:38:16.411, 0, NVIDIA GeForce RTX 3080, 8609, 1443, 10240, 94, 98
2026/08/05 09:38:16.521, 0, NVIDIA GeForce RTX 3080, 8609, 1443, 10240, 94, 98
2026/08/05 09:38:16.629, 0, NVIDIA GeForce RTX 3080, 8609, 1443, 10240, 90, 95
2026/08/05 09:38:16.739, 0, NVIDIA GeForce RTX 3080, 8609, 1443, 10240, 90, 95
2026/08/05 09:38:16.848, 0, NVIDIA GeForce RTX 3080, 8609, 1443, 10240, 90, 95
2026/08/05 09:38:16.956, 0, NVIDIA GeForce RTX 3080, 8609, 1443, 10240, 90, 95
2026/08/05 09:38:17.066, 0, NVIDIA GeForce RTX 3080, 8609, 1443, 10240, 94, 98
2026/08/05 09:38:17.175, 0, NVIDIA GeForce RTX 3080, 8609, 1443, 10240, 94, 98
2026/08/05 09:38:17.284, 0, NVIDIA GeForce RTX 3080, 8609, 1443, 10240, 94, 98
2026/08/05 09:38:17.394, 0, NVIDIA GeForce RTX 3080, 8609, 1443, 10240, 94, 98
2026/08/05 09:38:17.502, 0, NVIDIA GeForce RTX 3080, 8609, 1443, 10240, 94, 98
2026/08/05 09:38:17.612, 0, NVIDIA GeForce RTX 3080, 8609, 1443, 10240, 94, 98
2026/08/05 09:38:17.721, 0, NVIDIA GeForce RTX 3080, 8609, 1443, 10240, 94, 98
2026/08/05 09:38:17.828, 0, NVIDIA GeForce RTX 3080, 8609, 1443, 10240, 94, 98
2026/08/05 09:38:17.938, 0, NVIDIA GeForce RTX 3080, 8609, 1443, 10240, 94, 98
2026/08/05 09:38:18.047, 0, NVIDIA GeForce RTX 3080, 8609, 1443, 10240, 94, 98
2026/08/05 09:38:18.156, 0, NVIDIA GeForce RTX 3080, 8609, 1443, 10240, 94, 98
2026/08/05 09:38:18.265, 0, NVIDIA GeForce RTX 3080, 8609, 1443, 10240, 94, 98
2026/08/05 09:38:18.374, 0, NVIDIA GeForce RTX 3080, 8609, 1443, 10240, 94, 98
2026/08/05 09:38:18.484, 0, NVIDIA GeForce RTX 3080, 8609, 1443, 10240, 94, 98
2026/08/05 09:38:18.593, 0, NVIDIA GeForce RTX 3080, 8609, 1443, 10240, 94, 98
2026/08/05 09:38:18.702, 0, NVIDIA GeForce RTX 3080, 8609, 1443, 10240, 94, 98
2026/08/05 09:38:18.812, 0, NVIDIA GeForce RTX 3080, 8609, 1443, 10240, 94, 98
2026/08/05 09:38:18.920, 0, NVIDIA GeForce RTX 3080, 8609, 1443, 10240, 94, 98
2026/08/05 09:38:19.029, 0, NVIDIA GeForce RTX 3080, 8609, 1443, 10240, 94, 98
2026/08/05 09:38:19.138, 0, NVIDIA GeForce RTX 3080, 8609, 1443, 10240, 95, 98
2026/08/05 09:38:19.247, 0, NVIDIA GeForce RTX 3080, 8609, 1443, 10240, 95, 98
2026/08/05 09:38:19.356, 0, NVIDIA GeForce RTX 3080, 8609, 1443, 10240, 95, 98
2026/08/05 09:38:19.465, 0, NVIDIA GeForce RTX 3080, 8609, 1443, 10240, 95, 98
2026/08/05 09:38:19.574, 0, NVIDIA GeForce RTX 3080, 8609, 1443, 10240, 94, 98
2026/08/05 09:38:19.685, 0, NVIDIA GeForce RTX 3080, 8609, 1443, 10240, 94, 98
2026/08/05 09:38:19.793, 0, NVIDIA GeForce RTX 3080, 8609, 1443, 10240, 94, 98
2026/08/05 09:38:19.902, 0, NVIDIA GeForce RTX 3080, 8609, 1443, 10240, 94, 98
2026/08/05 09:38:20.011, 0, NVIDIA GeForce RTX 3080, 8609, 1443, 10240, 94, 98
2026/08/05 09:38:20.121, 0, NVIDIA GeForce RTX 3080, 8609, 1443, 10240, 95, 98
2026/08/05 09:38:20.230, 0, NVIDIA GeForce RTX 3080, 8609, 1443, 10240, 95, 98
2026/08/05 09:38:20.339, 0, NVIDIA GeForce RTX 3080, 8609, 1443, 10240, 95, 98
2026/08/05 09:38:20.449, 0, NVIDIA GeForce RTX 3080, 8609, 1443, 10240, 95, 98
2026/08/05 09:38:20.557, 0, NVIDIA GeForce RTX 3080, 8609, 1443, 10240, 95, 98
2026/08/05 09:38:20.667, 0, NVIDIA GeForce RTX 3080, 8609, 1443, 10240, 95, 98
2026/08/05 09:38:20.777, 0, NVIDIA GeForce RTX 3080, 8609, 1443, 10240, 95, 98
2026/08/05 09:38:20.885, 0, NVIDIA GeForce RTX 3080, 8609, 1443, 10240, 95, 98
2026/08/05 09:38:20.995, 0, NVIDIA GeForce RTX 3080, 8609, 1443, 10240, 95, 98
2026/08/05 09:38:21.103, 0, NVIDIA GeForce RTX 3080, 8609, 1443, 10240, 95, 98
2026/08/05 09:38:21.213, 0, NVIDIA GeForce RTX 3080, 8609, 1443, 10240, 95, 98
2026/08/05 09:38:21.322, 0, NVIDIA GeForce RTX 3080, 8609, 1443, 10240, 95, 98
2026/08/05 09:38:21.430, 0, NVIDIA GeForce RTX 3080, 8609, 1443, 10240, 95, 98
2026/08/05 09:38:21.540, 0, NVIDIA GeForce RTX 3080, 8609, 1443, 10240, 95, 98
2026/08/05 09:38:21.647, 0, NVIDIA GeForce RTX 3080, 8609, 1443, 10240, 95, 98
2026/08/05 09:38:21.756, 0, NVIDIA GeForce RTX 3080, 8609, 1443, 10240, 95, 98
2026/08/05 09:38:21.866, 0, NVIDIA GeForce RTX 3080, 8609, 1443, 10240, 95, 98
2026/08/05 09:38:21.974, 0, NVIDIA GeForce RTX 3080, 8609, 1443, 10240, 95, 98
2026/08/05 09:38:22.083, 0, NVIDIA GeForce RTX 3080, 8609, 1443, 10240, 95, 98
2026/08/05 09:38:22.192, 0, NVIDIA GeForce RTX 3080, 8609, 1443, 10240, 95, 98
2026/08/05 09:38:22.301, 0, NVIDIA GeForce RTX 3080, 8609, 1443, 10240, 95, 98
2026/08/05 09:38:22.410, 0, NVIDIA GeForce RTX 3080, 8609, 1443, 10240, 95, 98
2026/08/05 09:38:22.519, 0, NVIDIA GeForce RTX 3080, 8609, 1443, 10240, 95, 98
2026/08/05 09:38:22.628, 0, NVIDIA GeForce RTX 3080, 8609, 1443, 10240, 95, 98
2026/08/05 09:38:22.737, 0, NVIDIA GeForce RTX 3080, 8609, 1443, 10240, 95, 98
2026/08/05 09:38:22.847, 0, NVIDIA GeForce RTX 3080, 8609, 1443, 10240, 95, 98
2026/08/05 09:38:22.956, 0, NVIDIA GeForce RTX 3080, 8609, 1443, 10240, 95, 98
2026/08/05 09:38:23.065, 0, NVIDIA GeForce RTX 3080, 8609, 1443, 10240, 95, 98
2026/08/05 09:38:23.174, 0, NVIDIA GeForce RTX 3080, 8609, 1443, 10240, 95, 98
2026/08/05 09:38:23.283, 0, NVIDIA GeForce RTX 3080, 8609, 1443, 10240, 95, 98
2026/08/05 09:38:23.392, 0, NVIDIA GeForce RTX 3080, 8609, 1443, 10240, 95, 98
2026/08/05 09:38:23.501, 0, NVIDIA GeForce RTX 3080, 8609, 1443, 10240, 95, 98
2026/08/05 09:38:23.610, 0, NVIDIA GeForce RTX 3080, 8609, 1443, 10240, 95, 98
2026/08/05 09:38:23.720, 0, NVIDIA GeForce RTX 3080, 8609, 1443, 10240, 95, 98
2026/08/05 09:38:23.828, 0, NVIDIA GeForce RTX 3080, 8609, 1443, 10240, 95, 98
2026/08/05 09:38:23.938, 0, NVIDIA GeForce RTX 3080, 8609, 1443, 10240, 95, 98
2026/08/05 09:38:24.048, 0, NVIDIA GeForce RTX 3080, 8609, 1443, 10240, 95, 98
2026/08/05 09:38:24.156, 0, NVIDIA GeForce RTX 3080, 8609, 1443, 10240, 95, 98
2026/08/05 09:38:24.266, 0, NVIDIA GeForce RTX 3080, 8609, 1443, 10240, 95, 98
2026/08/05 09:38:24.374, 0, NVIDIA GeForce RTX 3080, 8609, 1443, 10240, 95, 98
2026/08/05 09:38:24.484, 0, NVIDIA GeForce RTX 3080, 8609, 1443, 10240, 95, 98
2026/08/05 09:38:24.594, 0, NVIDIA GeForce RTX 3080, 8609, 1443, 10240, 95, 98
2026/08/05 09:38:24.702, 0, NVIDIA GeForce RTX 3080, 8609, 1443, 10240, 95, 98
2026/08/05 09:38:24.812, 0, NVIDIA GeForce RTX 3080, 8609, 1443, 10240, 95, 98
2026/08/05 09:38:24.921, 0, NVIDIA GeForce RTX 3080, 8609, 1443, 10240, 95, 98
2026/08/05 09:38:25.030, 0, NVIDIA GeForce RTX 3080, 8609, 1443, 10240, 95, 98
2026/08/05 09:38:25.139, 0, NVIDIA GeForce RTX 3080, 8609, 1443, 10240, 92, 96
2026/08/05 09:38:25.249, 0, NVIDIA GeForce RTX 3080, 8609, 1443, 10240, 92, 96
2026/08/05 09:38:25.357, 0, NVIDIA GeForce RTX 3080, 8609, 1443, 10240, 92, 96
2026/08/05 09:38:25.458, 0, NVIDIA GeForce RTX 3080, 8609, 1443, 10240, 92, 96
2026/08/05 09:38:25.566, 0, NVIDIA GeForce RTX 3080, 8609, 1443, 10240, 95, 98
2026/08/05 09:38:25.676, 0, NVIDIA GeForce RTX 3080, 8609, 1443, 10240, 95, 98
2026/08/05 09:38:25.786, 0, NVIDIA GeForce RTX 3080, 8609, 1443, 10240, 95, 98
2026/08/05 09:38:25.895, 0, NVIDIA GeForce RTX 3080, 8609, 1443, 10240, 95, 98
2026/08/05 09:38:26.005, 0, NVIDIA GeForce RTX 3080, 8609, 1443, 10240, 95, 98
2026/08/05 09:38:26.113, 0, NVIDIA GeForce RTX 3080, 8609, 1443, 10240, 95, 98
2026/08/05 09:38:26.223, 0, NVIDIA GeForce RTX 3080, 8609, 1443, 10240, 95, 98
2026/08/05 09:38:26.332, 0, NVIDIA GeForce RTX 3080, 8609, 1443, 10240, 95, 98
2026/08/05 09:38:26.441, 0, NVIDIA GeForce RTX 3080, 8609, 1443, 10240, 95, 98
2026/08/05 09:38:26.551, 0, NVIDIA GeForce RTX 3080, 8609, 1443, 10240, 95, 98
2026/08/05 09:38:26.660, 0, NVIDIA GeForce RTX 3080, 8609, 1443, 10240, 95, 98
2026/08/05 09:38:26.769, 0, NVIDIA GeForce RTX 3080, 8609, 1443, 10240, 95, 98
2026/08/05 09:38:26.878, 0, NVIDIA GeForce RTX 3080, 8609, 1443, 10240, 95, 98
2026/08/05 09:38:26.988, 0, NVIDIA GeForce RTX 3080, 8609, 1443, 10240, 95, 98
2026/08/05 09:38:27.096, 0, NVIDIA GeForce RTX 3080, 8609, 1443, 10240, 95, 98
2026/08/05 09:38:27.206, 0, NVIDIA GeForce RTX 3080, 8609, 1443, 10240, 95, 98
2026/08/05 09:38:27.315, 0, NVIDIA GeForce RTX 3080, 8609, 1443, 10240, 95, 98
2026/08/05 09:38:27.424, 0, NVIDIA GeForce RTX 3080, 8609, 1443, 10240, 95, 98
2026/08/05 09:38:27.533, 0, NVIDIA GeForce RTX 3080, 8609, 1443, 10240, 95, 98
2026/08/05 09:38:27.641, 0, NVIDIA GeForce RTX 3080, 8609, 1443, 10240, 95, 98
2026/08/05 09:38:27.765, 0, NVIDIA GeForce RTX 3080, 8609, 1443, 10240, 95, 98
2026/08/05 09:38:27.874, 0, NVIDIA GeForce RTX 3080, 8609, 1443, 10240, 95, 98
2026/08/05 09:38:27.984, 0, NVIDIA GeForce RTX 3080, 8609, 1443, 10240, 95, 98
2026/08/05 09:38:28.092, 0, NVIDIA GeForce RTX 3080, 8609, 1443, 10240, 95, 98
2026/08/05 09:38:28.201, 0, NVIDIA GeForce RTX 3080, 8609, 1443, 10240, 95, 98
2026/08/05 09:38:28.310, 0, NVIDIA GeForce RTX 3080, 8609, 1443, 10240, 95, 98
2026/08/05 09:38:28.418, 0, NVIDIA GeForce RTX 3080, 8609, 1443, 10240, 95, 98
2026/08/05 09:38:28.528, 0, NVIDIA GeForce RTX 3080, 8609, 1443, 10240, 95, 98
2026/08/05 09:38:28.637, 0, NVIDIA GeForce RTX 3080, 8609, 1443, 10240, 95, 98
2026/08/05 09:38:28.746, 0, NVIDIA GeForce RTX 3080, 8609, 1443, 10240, 95, 98
2026/08/05 09:38:28.856, 0, NVIDIA GeForce RTX 3080, 8609, 1443, 10240, 95, 98
2026/08/05 09:38:28.964, 0, NVIDIA GeForce RTX 3080, 8609, 1443, 10240, 95, 98
2026/08/05 09:38:29.074, 0, NVIDIA GeForce RTX 3080, 8609, 1443, 10240, 95, 98
2026/08/05 09:38:29.183, 0, NVIDIA GeForce RTX 3080, 8609, 1443, 10240, 95, 98
2026/08/05 09:38:29.292, 0, NVIDIA GeForce RTX 3080, 8609, 1443, 10240, 95, 98
2026/08/05 09:38:29.402, 0, NVIDIA GeForce RTX 3080, 8609, 1443, 10240, 95, 98
2026/08/05 09:38:29.509, 0, NVIDIA GeForce RTX 3080, 8609, 1443, 10240, 95, 98
2026/08/05 09:38:29.618, 0, NVIDIA GeForce RTX 3080, 8609, 1443, 10240, 95, 98
2026/08/05 09:38:29.728, 0, NVIDIA GeForce RTX 3080, 8609, 1443, 10240, 95, 98
2026/08/05 09:38:29.837, 0, NVIDIA GeForce RTX 3080, 8609, 1443, 10240, 95, 98
2026/08/05 09:38:29.946, 0, NVIDIA GeForce RTX 3080, 8609, 1443, 10240, 95, 98
2026/08/05 09:38:30.055, 0, NVIDIA GeForce RTX 3080, 8609, 1443, 10240, 96, 98
2026/08/05 09:38:30.164, 0, NVIDIA GeForce RTX 3080, 8609, 1443, 10240, 96, 98
2026/08/05 09:38:30.274, 0, NVIDIA GeForce RTX 3080, 8609, 1443, 10240, 96, 98
2026/08/05 09:38:30.383, 0, NVIDIA GeForce RTX 3080, 8609, 1443, 10240, 96, 98
2026/08/05 09:38:30.492, 0, NVIDIA GeForce RTX 3080, 8609, 1443, 10240, 96, 98
2026/08/05 09:38:30.601, 0, NVIDIA GeForce RTX 3080, 8609, 1443, 10240, 95, 98
2026/08/05 09:38:30.710, 0, NVIDIA GeForce RTX 3080, 8609, 1443, 10240, 95, 98
2026/08/05 09:38:30.819, 0, NVIDIA GeForce RTX 3080, 8609, 1443, 10240, 95, 98
2026/08/05 09:38:30.928, 0, NVIDIA GeForce RTX 3080, 8609, 1443, 10240, 95, 98
2026/08/05 09:38:31.038, 0, NVIDIA GeForce RTX 3080, 8609, 1443, 10240, 95, 98
2026/08/05 09:38:31.146, 0, NVIDIA GeForce RTX 3080, 8609, 1443, 10240, 96, 98
2026/08/05 09:38:31.256, 0, NVIDIA GeForce RTX 3080, 8609, 1443, 10240, 96, 98
2026/08/05 09:38:31.364, 0, NVIDIA GeForce RTX 3080, 8609, 1443, 10240, 96, 98
2026/08/05 09:38:31.474, 0, NVIDIA GeForce RTX 3080, 8609, 1443, 10240, 96, 98
2026/08/05 09:38:31.583, 0, NVIDIA GeForce RTX 3080, 8609, 1443, 10240, 95, 98
2026/08/05 09:38:31.692, 0, NVIDIA GeForce RTX 3080, 8609, 1443, 10240, 95, 98
2026/08/05 09:38:31.800, 0, NVIDIA GeForce RTX 3080, 8609, 1443, 10240, 95, 98
2026/08/05 09:38:31.910, 0, NVIDIA GeForce RTX 3080, 8609, 1443, 10240, 95, 98
2026/08/05 09:38:32.018, 0, NVIDIA GeForce RTX 3080, 8609, 1443, 10240, 95, 98
2026/08/05 09:38:32.128, 0, NVIDIA GeForce RTX 3080, 8609, 1443, 10240, 95, 98
2026/08/05 09:38:32.236, 0, NVIDIA GeForce RTX 3080, 8609, 1443, 10240, 95, 98
2026/08/05 09:38:32.345, 0, NVIDIA GeForce RTX 3080, 8609, 1443, 10240, 95, 98
2026/08/05 09:38:32.454, 0, NVIDIA GeForce RTX 3080, 8609, 1443, 10240, 95, 98
2026/08/05 09:38:32.563, 0, NVIDIA GeForce RTX 3080, 8609, 1443, 10240, 95, 98
2026/08/05 09:38:32.673, 0, NVIDIA GeForce RTX 3080, 8609, 1443, 10240, 95, 98
2026/08/05 09:38:32.782, 0, NVIDIA GeForce RTX 3080, 8609, 1443, 10240, 95, 98
2026/08/05 09:38:32.891, 0, NVIDIA GeForce RTX 3080, 8609, 1443, 10240, 95, 98
2026/08/05 09:38:33.001, 0, NVIDIA GeForce RTX 3080, 8609, 1443, 10240, 95, 98
2026/08/05 09:38:33.109, 0, NVIDIA GeForce RTX 3080, 8609, 1443, 10240, 95, 98
2026/08/05 09:38:33.218, 0, NVIDIA GeForce RTX 3080, 8609, 1443, 10240, 95, 98
2026/08/05 09:38:33.327, 0, NVIDIA GeForce RTX 3080, 8609, 1443, 10240, 95, 98
2026/08/05 09:38:33.436, 0, NVIDIA GeForce RTX 3080, 8609, 1443, 10240, 95, 98
2026/08/05 09:38:33.545, 0, NVIDIA GeForce RTX 3080, 8609, 1443, 10240, 95, 98
2026/08/05 09:38:33.654, 0, NVIDIA GeForce RTX 3080, 8609, 1443, 10240, 95, 98
2026/08/05 09:38:33.763, 0, NVIDIA GeForce RTX 3080, 8609, 1443, 10240, 95, 98
2026/08/05 09:38:33.873, 0, NVIDIA GeForce RTX 3080, 8609, 1443, 10240, 95, 98
2026/08/05 09:38:33.982, 0, NVIDIA GeForce RTX 3080, 8609, 1443, 10240, 95, 98
2026/08/05 09:38:34.090, 0, NVIDIA GeForce RTX 3080, 8609, 1443, 10240, 95, 98
2026/08/05 09:38:34.200, 0, NVIDIA GeForce RTX 3080, 8609, 1443, 10240, 95, 98
2026/08/05 09:38:34.308, 0, NVIDIA GeForce RTX 3080, 8609, 1443, 10240, 95, 98
2026/08/05 09:38:34.417, 0, NVIDIA GeForce RTX 3080, 8609, 1443, 10240, 95, 98
2026/08/05 09:38:34.527, 0, NVIDIA GeForce RTX 3080, 8609, 1443, 10240, 95, 98
2026/08/05 09:38:34.636, 0, NVIDIA GeForce RTX 3080, 8609, 1443, 10240, 96, 98
2026/08/05 09:38:34.745, 0, NVIDIA GeForce RTX 3080, 8609, 1443, 10240, 96, 98
2026/08/05 09:38:34.854, 0, NVIDIA GeForce RTX 3080, 8609, 1443, 10240, 96, 98
2026/08/05 09:38:34.963, 0, NVIDIA GeForce RTX 3080, 8609, 1443, 10240, 96, 98
2026/08/05 09:38:35.073, 0, NVIDIA GeForce RTX 3080, 8609, 1443, 10240, 96, 98
2026/08/05 09:38:35.182, 0, NVIDIA GeForce RTX 3080, 8609, 1443, 10240, 96, 98
2026/08/05 09:38:35.291, 0, NVIDIA GeForce RTX 3080, 8609, 1443, 10240, 96, 98
2026/08/05 09:38:35.400, 0, NVIDIA GeForce RTX 3080, 8609, 1443, 10240, 96, 98
2026/08/05 09:38:35.510, 0, NVIDIA GeForce RTX 3080, 8609, 1443, 10240, 96, 98
2026/08/05 09:38:35.619, 0, NVIDIA GeForce RTX 3080, 8609, 1443, 10240, 96, 98
2026/08/05 09:38:35.728, 0, NVIDIA GeForce RTX 3080, 8609, 1443, 10240, 96, 98
2026/08/05 09:38:35.836, 0, NVIDIA GeForce RTX 3080, 8609, 1443, 10240, 96, 98
2026/08/05 09:38:35.944, 0, NVIDIA GeForce RTX 3080, 8609, 1443, 10240, 96, 98
2026/08/05 09:38:36.054, 0, NVIDIA GeForce RTX 3080, 8609, 1443, 10240, 96, 98
2026/08/05 09:38:36.162, 0, NVIDIA GeForce RTX 3080, 8609, 1443, 10240, 96, 98
2026/08/05 09:38:36.271, 0, NVIDIA GeForce RTX 3080, 8609, 1443, 10240, 96, 98
2026/08/05 09:38:36.381, 0, NVIDIA GeForce RTX 3080, 8609, 1443, 10240, 96, 98
2026/08/05 09:38:36.489, 0, NVIDIA GeForce RTX 3080, 8609, 1443, 10240, 96, 98
2026/08/05 09:38:36.599, 0, NVIDIA GeForce RTX 3080, 8609, 1443, 10240, 96, 98
2026/08/05 09:38:36.708, 0, NVIDIA GeForce RTX 3080, 8609, 1443, 10240, 96, 98
2026/08/05 09:38:36.817, 0, NVIDIA GeForce RTX 3080, 8609, 1443, 10240, 96, 98
2026/08/05 09:38:36.926, 0, NVIDIA GeForce RTX 3080, 8609, 1443, 10240, 96, 98
2026/08/05 09:38:37.036, 0, NVIDIA GeForce RTX 3080, 8609, 1443, 10240, 96, 98
2026/08/05 09:38:37.145, 0, NVIDIA GeForce RTX 3080, 8609, 1443, 10240, 96, 98
2026/08/05 09:38:37.254, 0, NVIDIA GeForce RTX 3080, 8609, 1443, 10240, 96, 98
2026/08/05 09:38:37.363, 0, NVIDIA GeForce RTX 3080, 8609, 1443, 10240, 96, 98
2026/08/05 09:38:37.472, 0, NVIDIA GeForce RTX 3080, 8609, 1443, 10240, 96, 98
2026/08/05 09:38:37.582, 0, NVIDIA GeForce RTX 3080, 8609, 1443, 10240, 96, 98
2026/08/05 09:38:37.690, 0, NVIDIA GeForce RTX 3080, 8609, 1443, 10240, 96, 98
2026/08/05 09:38:37.815, 0, NVIDIA GeForce RTX 3080, 8609, 1443, 10240, 96, 98
2026/08/05 09:38:37.924, 0, NVIDIA GeForce RTX 3080, 8609, 1443, 10240, 96, 98
2026/08/05 09:38:38.033, 0, NVIDIA GeForce RTX 3080, 8609, 1443, 10240, 96, 98
2026/08/05 09:38:38.146, 0, NVIDIA GeForce RTX 3080, 8609, 1443, 10240, 96, 98
2026/08/05 09:38:38.255, 0, NVIDIA GeForce RTX 3080, 8609, 1443, 10240, 96, 98
2026/08/05 09:38:38.364, 0, NVIDIA GeForce RTX 3080, 8609, 1443, 10240, 96, 98
2026/08/05 09:38:38.473, 0, NVIDIA GeForce RTX 3080, 8609, 1443, 10240, 96, 98
2026/08/05 09:38:38.582, 0, NVIDIA GeForce RTX 3080, 8609, 1443, 10240, 96, 98
2026/08/05 09:38:38.692, 0, NVIDIA GeForce RTX 3080, 8609, 1443, 10240, 96, 98
2026/08/05 09:38:38.801, 0, NVIDIA GeForce RTX 3080, 8609, 1443, 10240, 96, 98
2026/08/05 09:38:38.910, 0, NVIDIA GeForce RTX 3080, 8609, 1443, 10240, 96, 98
2026/08/05 09:38:39.020, 0, NVIDIA GeForce RTX 3080, 8609, 1443, 10240, 96, 98
2026/08/05 09:38:39.128, 0, NVIDIA GeForce RTX 3080, 8609, 1443, 10240, 96, 98
2026/08/05 09:38:39.238, 0, NVIDIA GeForce RTX 3080, 8609, 1443, 10240, 96, 98
2026/08/05 09:38:39.347, 0, NVIDIA GeForce RTX 3080, 8609, 1443, 10240, 96, 98
2026/08/05 09:38:39.456, 0, NVIDIA GeForce RTX 3080, 8609, 1443, 10240, 96, 98
2026/08/05 09:38:39.565, 0, NVIDIA GeForce RTX 3080, 8609, 1443, 10240, 96, 98
2026/08/05 09:38:39.675, 0, NVIDIA GeForce RTX 3080, 8609, 1443, 10240, 96, 98
2026/08/05 09:38:39.783, 0, NVIDIA GeForce RTX 3080, 8609, 1443, 10240, 96, 98
2026/08/05 09:38:39.887, 0, NVIDIA GeForce RTX 3080, 8609, 1443, 10240, 96, 98
2026/08/05 09:38:39.996, 0, NVIDIA GeForce RTX 3080, 8609, 1443, 10240, 96, 98
2026/08/05 09:38:40.106, 0, NVIDIA GeForce RTX 3080, 8609, 1443, 10240, 96, 98
2026/08/05 09:38:40.214, 0, NVIDIA GeForce RTX 3080, 8609, 1443, 10240, 96, 98
2026/08/05 09:38:40.324, 0, NVIDIA GeForce RTX 3080, 8609, 1443, 10240, 96, 98
2026/08/05 09:38:40.433, 0, NVIDIA GeForce RTX 3080, 8609, 1443, 10240, 96, 98
2026/08/05 09:38:40.542, 0, NVIDIA GeForce RTX 3080, 8609, 1443, 10240, 96, 98
2026/08/05 09:38:40.652, 0, NVIDIA GeForce RTX 3080, 8609, 1443, 10240, 94, 98
2026/08/05 09:38:40.761, 0, NVIDIA GeForce RTX 3080, 8609, 1443, 10240, 94, 98
2026/08/05 09:38:40.870, 0, NVIDIA GeForce RTX 3080, 8609, 1443, 10240, 94, 98
2026/08/05 09:38:40.980, 0, NVIDIA GeForce RTX 3080, 8609, 1443, 10240, 94, 98
2026/08/05 09:38:41.088, 0, NVIDIA GeForce RTX 3080, 8609, 1443, 10240, 94, 98
2026/08/05 09:38:41.197, 0, NVIDIA GeForce RTX 3080, 8609, 1443, 10240, 94, 98
2026/08/05 09:38:41.306, 0, NVIDIA GeForce RTX 3080, 8609, 1443, 10240, 94, 98
2026/08/05 09:38:41.416, 0, NVIDIA GeForce RTX 3080, 8609, 1443, 10240, 94, 98
2026/08/05 09:38:41.525, 0, NVIDIA GeForce RTX 3080, 8609, 1443, 10240, 94, 98
2026/08/05 09:38:41.634, 0, NVIDIA GeForce RTX 3080, 8609, 1443, 10240, 94, 98
2026/08/05 09:38:41.743, 0, NVIDIA GeForce RTX 3080, 8609, 1443, 10240, 94, 98
2026/08/05 09:38:41.850, 0, NVIDIA GeForce RTX 3080, 8609, 1443, 10240, 94, 98
2026/08/05 09:38:41.959, 0, NVIDIA GeForce RTX 3080, 8609, 1443, 10240, 94, 98
2026/08/05 09:38:42.068, 0, NVIDIA GeForce RTX 3080, 8609, 1443, 10240, 94, 98
2026/08/05 09:38:42.178, 0, NVIDIA GeForce RTX 3080, 8609, 1443, 10240, 94, 98
2026/08/05 09:38:42.287, 0, NVIDIA GeForce RTX 3080, 8609, 1443, 10240, 94, 98
2026/08/05 09:38:42.396, 0, NVIDIA GeForce RTX 3080, 8609, 1443, 10240, 94, 98
2026/08/05 09:38:42.504, 0, NVIDIA GeForce RTX 3080, 8609, 1443, 10240, 94, 98
2026/08/05 09:38:42.613, 0, NVIDIA GeForce RTX 3080, 8609, 1443, 10240, 94, 98
2026/08/05 09:38:42.723, 0, NVIDIA GeForce RTX 3080, 8609, 1443, 10240, 94, 98
2026/08/05 09:38:42.832, 0, NVIDIA GeForce RTX 3080, 8609, 1443, 10240, 94, 98
2026/08/05 09:38:42.941, 0, NVIDIA GeForce RTX 3080, 8609, 1443, 10240, 94, 98
2026/08/05 09:38:43.050, 0, NVIDIA GeForce RTX 3080, 8609, 1443, 10240, 94, 98
2026/08/05 09:38:43.159, 0, NVIDIA GeForce RTX 3080, 8609, 1443, 10240, 94, 98
2026/08/05 09:38:43.268, 0, NVIDIA GeForce RTX 3080, 8609, 1443, 10240, 94, 98
2026/08/05 09:38:43.377, 0, NVIDIA GeForce RTX 3080, 8609, 1443, 10240, 94, 98
2026/08/05 09:38:43.487, 0, NVIDIA GeForce RTX 3080, 8609, 1443, 10240, 94, 98
2026/08/05 09:38:43.595, 0, NVIDIA GeForce RTX 3080, 8609, 1443, 10240, 94, 98
2026/08/05 09:38:43.705, 0, NVIDIA GeForce RTX 3080, 8609, 1443, 10240, 94, 98
2026/08/05 09:38:43.814, 0, NVIDIA GeForce RTX 3080, 8609, 1443, 10240, 94, 98
2026/08/05 09:38:43.923, 0, NVIDIA GeForce RTX 3080, 8609, 1443, 10240, 94, 98
2026/08/05 09:38:44.033, 0, NVIDIA GeForce RTX 3080, 8609, 1443, 10240, 94, 98
2026/08/05 09:38:44.141, 0, NVIDIA GeForce RTX 3080, 8609, 1443, 10240, 94, 98
2026/08/05 09:38:44.251, 0, NVIDIA GeForce RTX 3080, 8609, 1443, 10240, 94, 98
2026/08/05 09:38:44.360, 0, NVIDIA GeForce RTX 3080, 8609, 1443, 10240, 94, 98
2026/08/05 09:38:44.468, 0, NVIDIA GeForce RTX 3080, 8609, 1443, 10240, 94, 98
2026/08/05 09:38:44.578, 0, NVIDIA GeForce RTX 3080, 8609, 1443, 10240, 94, 98
2026/08/05 09:38:44.687, 0, NVIDIA GeForce RTX 3080, 8609, 1443, 10240, 94, 98
2026/08/05 09:38:44.795, 0, NVIDIA GeForce RTX 3080, 8609, 1443, 10240, 94, 98
2026/08/05 09:38:44.904, 0, NVIDIA GeForce RTX 3080, 8609, 1443, 10240, 94, 98
2026/08/05 09:38:45.013, 0, NVIDIA GeForce RTX 3080, 8609, 1443, 10240, 94, 98
2026/08/05 09:38:45.123, 0, NVIDIA GeForce RTX 3080, 8609, 1443, 10240, 94, 98
2026/08/05 09:38:45.232, 0, NVIDIA GeForce RTX 3080, 8609, 1443, 10240, 94, 98
2026/08/05 09:38:45.340, 0, NVIDIA GeForce RTX 3080, 8609, 1443, 10240, 94, 98
2026/08/05 09:38:45.449, 0, NVIDIA GeForce RTX 3080, 8609, 1443, 10240, 94, 98
2026/08/05 09:38:45.559, 0, NVIDIA GeForce RTX 3080, 8609, 1443, 10240, 94, 98
2026/08/05 09:38:45.668, 0, NVIDIA GeForce RTX 3080, 8609, 1443, 10240, 94, 98
2026/08/05 09:38:45.777, 0, NVIDIA GeForce RTX 3080, 8609, 1443, 10240, 94, 98
2026/08/05 09:38:45.885, 0, NVIDIA GeForce RTX 3080, 8609, 1443, 10240, 94, 98
2026/08/05 09:38:45.993, 0, NVIDIA GeForce RTX 3080, 8609, 1443, 10240, 94, 98
2026/08/05 09:38:46.103, 0, NVIDIA GeForce RTX 3080, 8609, 1443, 10240, 94, 98
2026/08/05 09:38:46.212, 0, NVIDIA GeForce RTX 3080, 8609, 1443, 10240, 94, 98
2026/08/05 09:38:46.321, 0, NVIDIA GeForce RTX 3080, 8609, 1443, 10240, 94, 98
2026/08/05 09:38:46.430, 0, NVIDIA GeForce RTX 3080, 8609, 1443, 10240, 94, 98
2026/08/05 09:38:46.538, 0, NVIDIA GeForce RTX 3080, 8609, 1443, 10240, 94, 98
2026/08/05 09:38:46.647, 0, NVIDIA GeForce RTX 3080, 8609, 1443, 10240, 94, 98
2026/08/05 09:38:46.756, 0, NVIDIA GeForce RTX 3080, 8609, 1443, 10240, 94, 98
2026/08/05 09:38:46.865, 0, NVIDIA GeForce RTX 3080, 8609, 1443, 10240, 94, 98
2026/08/05 09:38:46.975, 0, NVIDIA GeForce RTX 3080, 8609, 1443, 10240, 94, 98
2026/08/05 09:38:47.083, 0, NVIDIA GeForce RTX 3080, 8609, 1443, 10240, 94, 98
2026/08/05 09:38:47.193, 0, NVIDIA GeForce RTX 3080, 8609, 1443, 10240, 94, 98
2026/08/05 09:38:47.302, 0, NVIDIA GeForce RTX 3080, 8609, 1443, 10240, 94, 98
2026/08/05 09:38:47.411, 0, NVIDIA GeForce RTX 3080, 8609, 1443, 10240, 94, 98
2026/08/05 09:38:47.520, 0, NVIDIA GeForce RTX 3080, 8609, 1443, 10240, 94, 98
2026/08/05 09:38:47.630, 0, NVIDIA GeForce RTX 3080, 8609, 1443, 10240, 94, 98
2026/08/05 09:38:47.739, 0, NVIDIA GeForce RTX 3080, 8609, 1443, 10240, 94, 98
2026/08/05 09:38:47.848, 0, NVIDIA GeForce RTX 3080, 8609, 1443, 10240, 94, 98
2026/08/05 09:38:47.958, 0, NVIDIA GeForce RTX 3080, 8609, 1443, 10240, 94, 98
2026/08/05 09:38:48.067, 0, NVIDIA GeForce RTX 3080, 8609, 1443, 10240, 94, 98
2026/08/05 09:38:48.177, 0, NVIDIA GeForce RTX 3080, 8609, 1443, 10240, 94, 98
2026/08/05 09:38:48.286, 0, NVIDIA GeForce RTX 3080, 8609, 1443, 10240, 94, 98
2026/08/05 09:38:48.395, 0, NVIDIA GeForce RTX 3080, 8609, 1443, 10240, 94, 98
2026/08/05 09:38:48.504, 0, NVIDIA GeForce RTX 3080, 8609, 1443, 10240, 94, 98
2026/08/05 09:38:48.613, 0, NVIDIA GeForce RTX 3080, 8609, 1443, 10240, 94, 98
2026/08/05 09:38:48.723, 0, NVIDIA GeForce RTX 3080, 8609, 1443, 10240, 94, 98
2026/08/05 09:38:48.832, 0, NVIDIA GeForce RTX 3080, 8609, 1443, 10240, 94, 98
2026/08/05 09:38:48.941, 0, NVIDIA GeForce RTX 3080, 8609, 1443, 10240, 94, 98
2026/08/05 09:38:49.050, 0, NVIDIA GeForce RTX 3080, 8609, 1443, 10240, 94, 98
2026/08/05 09:38:49.160, 0, NVIDIA GeForce RTX 3080, 8609, 1443, 10240, 94, 98
2026/08/05 09:38:49.268, 0, NVIDIA GeForce RTX 3080, 8609, 1443, 10240, 94, 98
2026/08/05 09:38:49.378, 0, NVIDIA GeForce RTX 3080, 8609, 1443, 10240, 94, 98
2026/08/05 09:38:49.488, 0, NVIDIA GeForce RTX 3080, 8609, 1443, 10240, 94, 98
2026/08/05 09:38:49.595, 0, NVIDIA GeForce RTX 3080, 8609, 1443, 10240, 94, 98
2026/08/05 09:38:49.704, 0, NVIDIA GeForce RTX 3080, 8609, 1443, 10240, 94, 98
2026/08/05 09:38:49.813, 0, NVIDIA GeForce RTX 3080, 8609, 1443, 10240, 94, 98
2026/08/05 09:38:49.921, 0, NVIDIA GeForce RTX 3080, 8609, 1443, 10240, 94, 98
2026/08/05 09:38:50.031, 0, NVIDIA GeForce RTX 3080, 8609, 1443, 10240, 94, 98
2026/08/05 09:38:50.140, 0, NVIDIA GeForce RTX 3080, 8609, 1443, 10240, 94, 98
2026/08/05 09:38:50.249, 0, NVIDIA GeForce RTX 3080, 8609, 1443, 10240, 94, 98
2026/08/05 09:38:50.359, 0, NVIDIA GeForce RTX 3080, 8609, 1443, 10240, 94, 98
2026/08/05 09:38:50.467, 0, NVIDIA GeForce RTX 3080, 8609, 1443, 10240, 94, 98
2026/08/05 09:38:50.577, 0, NVIDIA GeForce RTX 3080, 8609, 1443, 10240, 90, 95
2026/08/05 09:38:50.686, 0, NVIDIA GeForce RTX 3080, 8609, 1443, 10240, 90, 95
2026/08/05 09:38:50.794, 0, NVIDIA GeForce RTX 3080, 8609, 1443, 10240, 90, 95
2026/08/05 09:38:50.904, 0, NVIDIA GeForce RTX 3080, 8609, 1443, 10240, 90, 95
2026/08/05 09:38:51.012, 0, NVIDIA GeForce RTX 3080, 8609, 1443, 10240, 90, 95
2026/08/05 09:38:51.121, 0, NVIDIA GeForce RTX 3080, 8609, 1443, 10240, 94, 98
2026/08/05 09:38:51.230, 0, NVIDIA GeForce RTX 3080, 8609, 1443, 10240, 94, 98
2026/08/05 09:38:51.338, 0, NVIDIA GeForce RTX 3080, 8609, 1443, 10240, 94, 98
2026/08/05 09:38:51.448, 0, NVIDIA GeForce RTX 3080, 8609, 1443, 10240, 94, 98
2026/08/05 09:38:51.557, 0, NVIDIA GeForce RTX 3080, 8609, 1443, 10240, 94, 98
2026/08/05 09:38:51.666, 0, NVIDIA GeForce RTX 3080, 8609, 1443, 10240, 94, 98
2026/08/05 09:38:51.775, 0, NVIDIA GeForce RTX 3080, 8609, 1443, 10240, 94, 98
2026/08/05 09:38:51.885, 0, NVIDIA GeForce RTX 3080, 8609, 1443, 10240, 94, 98
2026/08/05 09:38:51.993, 0, NVIDIA GeForce RTX 3080, 8609, 1443, 10240, 94, 98
2026/08/05 09:38:52.103, 0, NVIDIA GeForce RTX 3080, 8609, 1443, 10240, 95, 98
2026/08/05 09:38:52.211, 0, NVIDIA GeForce RTX 3080, 8609, 1443, 10240, 95, 98
2026/08/05 09:38:52.320, 0, NVIDIA GeForce RTX 3080, 8609, 1443, 10240, 95, 98
2026/08/05 09:38:52.429, 0, NVIDIA GeForce RTX 3080, 8609, 1443, 10240, 95, 98
2026/08/05 09:38:52.538, 0, NVIDIA GeForce RTX 3080, 8609, 1443, 10240, 95, 98
2026/08/05 09:38:52.648, 0, NVIDIA GeForce RTX 3080, 8609, 1443, 10240, 94, 98
2026/08/05 09:38:52.757, 0, NVIDIA GeForce RTX 3080, 8609, 1443, 10240, 94, 98
2026/08/05 09:38:52.866, 0, NVIDIA GeForce RTX 3080, 8609, 1443, 10240, 94, 98
2026/08/05 09:38:52.975, 0, NVIDIA GeForce RTX 3080, 8609, 1443, 10240, 94, 98
2026/08/05 09:38:53.084, 0, NVIDIA GeForce RTX 3080, 8609, 1443, 10240, 94, 98
2026/08/05 09:38:53.194, 0, NVIDIA GeForce RTX 3080, 8609, 1443, 10240, 94, 98
2026/08/05 09:38:53.303, 0, NVIDIA GeForce RTX 3080, 8609, 1443, 10240, 94, 98
2026/08/05 09:38:53.412, 0, NVIDIA GeForce RTX 3080, 8609, 1443, 10240, 94, 98
2026/08/05 09:38:53.521, 0, NVIDIA GeForce RTX 3080, 8609, 1443, 10240, 94, 98
2026/08/05 09:38:53.630, 0, NVIDIA GeForce RTX 3080, 8609, 1443, 10240, 95, 98
2026/08/05 09:38:53.739, 0, NVIDIA GeForce RTX 3080, 8609, 1443, 10240, 95, 98
2026/08/05 09:38:53.848, 0, NVIDIA GeForce RTX 3080, 8609, 1443, 10240, 95, 98
2026/08/05 09:38:53.958, 0, NVIDIA GeForce RTX 3080, 8609, 1443, 10240, 95, 98
2026/08/05 09:38:54.066, 0, NVIDIA GeForce RTX 3080, 8609, 1443, 10240, 95, 98
2026/08/05 09:38:54.175, 0, NVIDIA GeForce RTX 3080, 8609, 1443, 10240, 95, 98
2026/08/05 09:38:54.283, 0, NVIDIA GeForce RTX 3080, 8609, 1443, 10240, 95, 98
2026/08/05 09:38:54.392, 0, NVIDIA GeForce RTX 3080, 8609, 1443, 10240, 95, 98
2026/08/05 09:38:54.502, 0, NVIDIA GeForce RTX 3080, 8609, 1443, 10240, 95, 98
2026/08/05 09:38:54.610, 0, NVIDIA GeForce RTX 3080, 8609, 1443, 10240, 95, 98
2026/08/05 09:38:54.720, 0, NVIDIA GeForce RTX 3080, 8609, 1443, 10240, 95, 98
2026/08/05 09:38:54.828, 0, NVIDIA GeForce RTX 3080, 8609, 1443, 10240, 95, 98
2026/08/05 09:38:54.937, 0, NVIDIA GeForce RTX 3080, 8609, 1443, 10240, 95, 98
2026/08/05 09:38:55.046, 0, NVIDIA GeForce RTX 3080, 8609, 1443, 10240, 95, 98
2026/08/05 09:38:55.156, 0, NVIDIA GeForce RTX 3080, 8609, 1443, 10240, 95, 98
2026/08/05 09:38:55.265, 0, NVIDIA GeForce RTX 3080, 8609, 1443, 10240, 95, 98
2026/08/05 09:38:55.374, 0, NVIDIA GeForce RTX 3080, 8609, 1443, 10240, 95, 98
2026/08/05 09:38:55.483, 0, NVIDIA GeForce RTX 3080, 8609, 1443, 10240, 95, 98
2026/08/05 09:38:55.591, 0, NVIDIA GeForce RTX 3080, 8609, 1443, 10240, 95, 98
2026/08/05 09:38:55.700, 0, NVIDIA GeForce RTX 3080, 8609, 1443, 10240, 95, 98
2026/08/05 09:38:55.809, 0, NVIDIA GeForce RTX 3080, 8609, 1443, 10240, 95, 98
2026/08/05 09:38:55.920, 0, NVIDIA GeForce RTX 3080, 8609, 1443, 10240, 95, 98
2026/08/05 09:38:56.029, 0, NVIDIA GeForce RTX 3080, 8609, 1443, 10240, 95, 98
2026/08/05 09:38:56.137, 0, NVIDIA GeForce RTX 3080, 8609, 1443, 10240, 95, 98
2026/08/05 09:38:56.247, 0, NVIDIA GeForce RTX 3080, 8609, 1443, 10240, 95, 98
2026/08/05 09:38:56.357, 0, NVIDIA GeForce RTX 3080, 8609, 1443, 10240, 95, 98
2026/08/05 09:38:56.465, 0, NVIDIA GeForce RTX 3080, 8609, 1443, 10240, 95, 98
2026/08/05 09:38:56.575, 0, NVIDIA GeForce RTX 3080, 8609, 1443, 10240, 95, 98
2026/08/05 09:38:56.683, 0, NVIDIA GeForce RTX 3080, 8609, 1443, 10240, 95, 98
2026/08/05 09:38:56.792, 0, NVIDIA GeForce RTX 3080, 8609, 1443, 10240, 95, 98
2026/08/05 09:38:56.902, 0, NVIDIA GeForce RTX 3080, 8609, 1443, 10240, 95, 98
2026/08/05 09:38:57.010, 0, NVIDIA GeForce RTX 3080, 8609, 1443, 10240, 95, 98
2026/08/05 09:38:57.120, 0, NVIDIA GeForce RTX 3080, 8609, 1443, 10240, 94, 98
2026/08/05 09:38:57.229, 0, NVIDIA GeForce RTX 3080, 8609, 1443, 10240, 94, 98
2026/08/05 09:38:57.338, 0, NVIDIA GeForce RTX 3080, 8609, 1443, 10240, 94, 98
2026/08/05 09:38:57.447, 0, NVIDIA GeForce RTX 3080, 8609, 1443, 10240, 94, 98
2026/08/05 09:38:57.557, 0, NVIDIA GeForce RTX 3080, 8609, 1443, 10240, 95, 98
2026/08/05 09:38:57.666, 0, NVIDIA GeForce RTX 3080, 8609, 1443, 10240, 95, 98
2026/08/05 09:38:57.775, 0, NVIDIA GeForce RTX 3080, 8609, 1443, 10240, 95, 98
2026/08/05 09:38:57.884, 0, NVIDIA GeForce RTX 3080, 8609, 1443, 10240, 95, 98
2026/08/05 09:38:57.993, 0, NVIDIA GeForce RTX 3080, 8609, 1443, 10240, 95, 98
2026/08/05 09:38:58.102, 0, NVIDIA GeForce RTX 3080, 8609, 1443, 10240, 94, 98
2026/08/05 09:38:58.211, 0, NVIDIA GeForce RTX 3080, 8609, 1443, 10240, 94, 98
2026/08/05 09:38:58.321, 0, NVIDIA GeForce RTX 3080, 8609, 1443, 10240, 94, 98
2026/08/05 09:38:58.429, 0, NVIDIA GeForce RTX 3080, 8609, 1443, 10240, 94, 98
2026/08/05 09:38:58.538, 0, NVIDIA GeForce RTX 3080, 8609, 1443, 10240, 94, 98
2026/08/05 09:38:58.647, 0, NVIDIA GeForce RTX 3080, 8609, 1443, 10240, 94, 98
2026/08/05 09:38:58.756, 0, NVIDIA GeForce RTX 3080, 8609, 1443, 10240, 94, 98
2026/08/05 09:38:58.864, 0, NVIDIA GeForce RTX 3080, 8609, 1443, 10240, 94, 98
2026/08/05 09:38:58.974, 0, NVIDIA GeForce RTX 3080, 8609, 1443, 10240, 94, 98
2026/08/05 09:38:59.083, 0, NVIDIA GeForce RTX 3080, 8609, 1443, 10240, 91, 95
2026/08/05 09:38:59.192, 0, NVIDIA GeForce RTX 3080, 8609, 1443, 10240, 91, 95
2026/08/05 09:38:59.302, 0, NVIDIA GeForce RTX 3080, 8609, 1443, 10240, 91, 95
2026/08/05 09:38:59.410, 0, NVIDIA GeForce RTX 3080, 8609, 1443, 10240, 91, 95
2026/08/05 09:38:59.520, 0, NVIDIA GeForce RTX 3080, 8609, 1443, 10240, 91, 95
2026/08/05 09:38:59.629, 0, NVIDIA GeForce RTX 3080, 8609, 1443, 10240, 95, 98
2026/08/05 09:38:59.738, 0, NVIDIA GeForce RTX 3080, 8609, 1443, 10240, 95, 98
2026/08/05 09:38:59.847, 0, NVIDIA GeForce RTX 3080, 8609, 1443, 10240, 95, 98
2026/08/05 09:38:59.957, 0, NVIDIA GeForce RTX 3080, 8609, 1443, 10240, 95, 98
2026/08/05 09:39:00.065, 0, NVIDIA GeForce RTX 3080, 8609, 1443, 10240, 95, 98
2026/08/05 09:39:00.175, 0, NVIDIA GeForce RTX 3080, 8609, 1443, 10240, 95, 98
2026/08/05 09:39:00.283, 0, NVIDIA GeForce RTX 3080, 8609, 1443, 10240, 95, 98
2026/08/05 09:39:00.393, 0, NVIDIA GeForce RTX 3080, 8609, 1443, 10240, 95, 98
2026/08/05 09:39:00.502, 0, NVIDIA GeForce RTX 3080, 8609, 1443, 10240, 95, 98
2026/08/05 09:39:00.611, 0, NVIDIA GeForce RTX 3080, 8609, 1443, 10240, 95, 98
2026/08/05 09:39:00.721, 0, NVIDIA GeForce RTX 3080, 8609, 1443, 10240, 95, 98
2026/08/05 09:39:00.829, 0, NVIDIA GeForce RTX 3080, 8609, 1443, 10240, 95, 98
2026/08/05 09:39:00.938, 0, NVIDIA GeForce RTX 3080, 8609, 1443, 10240, 95, 98
2026/08/05 09:39:01.047, 0, NVIDIA GeForce RTX 3080, 8609, 1443, 10240, 95, 98
2026/08/05 09:39:01.156, 0, NVIDIA GeForce RTX 3080, 8609, 1443, 10240, 95, 98
2026/08/05 09:39:01.265, 0, NVIDIA GeForce RTX 3080, 8609, 1443, 10240, 95, 98
2026/08/05 09:39:01.374, 0, NVIDIA GeForce RTX 3080, 8609, 1443, 10240, 95, 98
2026/08/05 09:39:01.483, 0, NVIDIA GeForce RTX 3080, 8609, 1443, 10240, 95, 98
2026/08/05 09:39:01.593, 0, NVIDIA GeForce RTX 3080, 8609, 1443, 10240, 95, 98
2026/08/05 09:39:01.702, 0, NVIDIA GeForce RTX 3080, 8609, 1443, 10240, 95, 98
2026/08/05 09:39:01.811, 0, NVIDIA GeForce RTX 3080, 8609, 1443, 10240, 95, 98
2026/08/05 09:39:01.935, 0, NVIDIA GeForce RTX 3080, 8609, 1443, 10240, 95, 98
2026/08/05 09:39:02.043, 0, NVIDIA GeForce RTX 3080, 8609, 1443, 10240, 95, 98
2026/08/05 09:39:02.153, 0, NVIDIA GeForce RTX 3080, 8609, 1443, 10240, 95, 98
2026/08/05 09:39:02.261, 0, NVIDIA GeForce RTX 3080, 8609, 1443, 10240, 95, 98
2026/08/05 09:39:02.370, 0, NVIDIA GeForce RTX 3080, 8609, 1443, 10240, 95, 98
2026/08/05 09:39:02.479, 0, NVIDIA GeForce RTX 3080, 8609, 1443, 10240, 95, 98
2026/08/05 09:39:02.587, 0, NVIDIA GeForce RTX 3080, 8609, 1443, 10240, 95, 98
2026/08/05 09:39:02.696, 0, NVIDIA GeForce RTX 3080, 8609, 1443, 10240, 95, 98
2026/08/05 09:39:02.806, 0, NVIDIA GeForce RTX 3080, 8609, 1443, 10240, 95, 98
2026/08/05 09:39:02.914, 0, NVIDIA GeForce RTX 3080, 8609, 1443, 10240, 95, 98
2026/08/05 09:39:03.023, 0, NVIDIA GeForce RTX 3080, 8609, 1443, 10240, 95, 98
2026/08/05 09:39:03.132, 0, NVIDIA GeForce RTX 3080, 8609, 1443, 10240, 95, 98
2026/08/05 09:39:03.241, 0, NVIDIA GeForce RTX 3080, 8609, 1443, 10240, 95, 98
2026/08/05 09:39:03.351, 0, NVIDIA GeForce RTX 3080, 8609, 1443, 10240, 95, 98
2026/08/05 09:39:03.460, 0, NVIDIA GeForce RTX 3080, 8609, 1443, 10240, 95, 98
2026/08/05 09:39:03.569, 0, NVIDIA GeForce RTX 3080, 8609, 1443, 10240, 95, 98
2026/08/05 09:39:03.679, 0, NVIDIA GeForce RTX 3080, 8609, 1443, 10240, 95, 98
2026/08/05 09:39:03.787, 0, NVIDIA GeForce RTX 3080, 8609, 1443, 10240, 95, 98
2026/08/05 09:39:03.897, 0, NVIDIA GeForce RTX 3080, 8609, 1443, 10240, 95, 98
2026/08/05 09:39:04.007, 0, NVIDIA GeForce RTX 3080, 8609, 1443, 10240, 95, 98
2026/08/05 09:39:04.116, 0, NVIDIA GeForce RTX 3080, 8609, 1443, 10240, 95, 98
2026/08/05 09:39:04.226, 0, NVIDIA GeForce RTX 3080, 8609, 1443, 10240, 95, 98
2026/08/05 09:39:04.334, 0, NVIDIA GeForce RTX 3080, 8609, 1443, 10240, 95, 98
2026/08/05 09:39:04.444, 0, NVIDIA GeForce RTX 3080, 8609, 1443, 10240, 95, 98
2026/08/05 09:39:04.553, 0, NVIDIA GeForce RTX 3080, 8609, 1443, 10240, 95, 98
2026/08/05 09:39:04.662, 0, NVIDIA GeForce RTX 3080, 8609, 1443, 10240, 95, 98
2026/08/05 09:39:04.771, 0, NVIDIA GeForce RTX 3080, 8609, 1443, 10240, 95, 98
2026/08/05 09:39:04.880, 0, NVIDIA GeForce RTX 3080, 8609, 1443, 10240, 95, 98
2026/08/05 09:39:04.989, 0, NVIDIA GeForce RTX 3080, 8609, 1443, 10240, 95, 98
2026/08/05 09:39:05.096, 0, NVIDIA GeForce RTX 3080, 8609, 1443, 10240, 95, 98
2026/08/05 09:39:05.206, 0, NVIDIA GeForce RTX 3080, 8609, 1443, 10240, 95, 98
2026/08/05 09:39:05.313, 0, NVIDIA GeForce RTX 3080, 8609, 1443, 10240, 95, 98
2026/08/05 09:39:05.423, 0, NVIDIA GeForce RTX 3080, 8609, 1443, 10240, 95, 98
2026/08/05 09:39:05.532, 0, NVIDIA GeForce RTX 3080, 8609, 1443, 10240, 95, 98
2026/08/05 09:39:05.641, 0, NVIDIA GeForce RTX 3080, 8609, 1443, 10240, 92, 96
2026/08/05 09:39:05.751, 0, NVIDIA GeForce RTX 3080, 8609, 1443, 10240, 92, 96
2026/08/05 09:39:05.859, 0, NVIDIA GeForce RTX 3080, 8609, 1443, 10240, 92, 96
2026/08/05 09:39:05.971, 0, NVIDIA GeForce RTX 3080, 8609, 1443, 10240, 92, 96
2026/08/05 09:39:06.080, 0, NVIDIA GeForce RTX 3080, 8609, 1443, 10240, 95, 98
2026/08/05 09:39:06.189, 0, NVIDIA GeForce RTX 3080, 8609, 1443, 10240, 95, 98
2026/08/05 09:39:06.298, 0, NVIDIA GeForce RTX 3080, 8609, 1443, 10240, 95, 98
2026/08/05 09:39:06.408, 0, NVIDIA GeForce RTX 3080, 8609, 1443, 10240, 95, 98
2026/08/05 09:39:06.517, 0, NVIDIA GeForce RTX 3080, 8609, 1443, 10240, 95, 98
2026/08/05 09:39:06.626, 0, NVIDIA GeForce RTX 3080, 8609, 1443, 10240, 95, 98
2026/08/05 09:39:06.734, 0, NVIDIA GeForce RTX 3080, 8609, 1443, 10240, 95, 98
2026/08/05 09:39:06.843, 0, NVIDIA GeForce RTX 3080, 8609, 1443, 10240, 95, 98
2026/08/05 09:39:06.953, 0, NVIDIA GeForce RTX 3080, 8609, 1443, 10240, 95, 98
2026/08/05 09:39:07.061, 0, NVIDIA GeForce RTX 3080, 8609, 1443, 10240, 95, 98
2026/08/05 09:39:07.171, 0, NVIDIA GeForce RTX 3080, 8609, 1443, 10240, 95, 98
2026/08/05 09:39:07.280, 0, NVIDIA GeForce RTX 3080, 8609, 1443, 10240, 95, 98
2026/08/05 09:39:07.388, 0, NVIDIA GeForce RTX 3080, 8609, 1443, 10240, 95, 98
2026/08/05 09:39:07.498, 0, NVIDIA GeForce RTX 3080, 8609, 1443, 10240, 95, 98
2026/08/05 09:39:07.607, 0, NVIDIA GeForce RTX 3080, 8609, 1443, 10240, 95, 98
2026/08/05 09:39:07.715, 0, NVIDIA GeForce RTX 3080, 8609, 1443, 10240, 95, 98
2026/08/05 09:39:07.824, 0, NVIDIA GeForce RTX 3080, 8609, 1443, 10240, 95, 98
2026/08/05 09:39:07.933, 0, NVIDIA GeForce RTX 3080, 8609, 1443, 10240, 95, 98
2026/08/05 09:39:08.042, 0, NVIDIA GeForce RTX 3080, 8609, 1443, 10240, 95, 98
2026/08/05 09:39:08.152, 0, NVIDIA GeForce RTX 3080, 8609, 1443, 10240, 96, 98
2026/08/05 09:39:08.261, 0, NVIDIA GeForce RTX 3080, 8609, 1443, 10240, 96, 98
2026/08/05 09:39:08.370, 0, NVIDIA GeForce RTX 3080, 8609, 1443, 10240, 96, 98
2026/08/05 09:39:08.480, 0, NVIDIA GeForce RTX 3080, 8609, 1443, 10240, 96, 98
2026/08/05 09:39:08.588, 0, NVIDIA GeForce RTX 3080, 8609, 1443, 10240, 95, 98
2026/08/05 09:39:08.698, 0, NVIDIA GeForce RTX 3080, 8609, 1443, 10240, 95, 98
2026/08/05 09:39:08.807, 0, NVIDIA GeForce RTX 3080, 8609, 1443, 10240, 95, 98
2026/08/05 09:39:08.916, 0, NVIDIA GeForce RTX 3080, 8609, 1443, 10240, 95, 98
2026/08/05 09:39:09.026, 0, NVIDIA GeForce RTX 3080, 8609, 1443, 10240, 95, 98
2026/08/05 09:39:09.134, 0, NVIDIA GeForce RTX 3080, 8609, 1443, 10240, 95, 98
2026/08/05 09:39:09.243, 0, NVIDIA GeForce RTX 3080, 8609, 1443, 10240, 95, 98
2026/08/05 09:39:09.352, 0, NVIDIA GeForce RTX 3080, 8609, 1443, 10240, 95, 98
2026/08/05 09:39:09.461, 0, NVIDIA GeForce RTX 3080, 8609, 1443, 10240, 95, 98
2026/08/05 09:39:09.570, 0, NVIDIA GeForce RTX 3080, 8609, 1443, 10240, 96, 98
2026/08/05 09:39:09.679, 0, NVIDIA GeForce RTX 3080, 8609, 1443, 10240, 96, 98
2026/08/05 09:39:09.788, 0, NVIDIA GeForce RTX 3080, 8609, 1443, 10240, 96, 98
2026/08/05 09:39:09.898, 0, NVIDIA GeForce RTX 3080, 8609, 1443, 10240, 96, 98
2026/08/05 09:39:10.006, 0, NVIDIA GeForce RTX 3080, 8609, 1443, 10240, 96, 98
2026/08/05 09:39:10.115, 0, NVIDIA GeForce RTX 3080, 8609, 1443, 10240, 96, 98
2026/08/05 09:39:10.224, 0, NVIDIA GeForce RTX 3080, 8609, 1443, 10240, 96, 98
2026/08/05 09:39:10.333, 0, NVIDIA GeForce RTX 3080, 8609, 1443, 10240, 96, 98
2026/08/05 09:39:10.442, 0, NVIDIA GeForce RTX 3080, 8609, 1443, 10240, 96, 98
2026/08/05 09:39:10.552, 0, NVIDIA GeForce RTX 3080, 8609, 1443, 10240, 96, 98
2026/08/05 09:39:10.660, 0, NVIDIA GeForce RTX 3080, 8609, 1443, 10240, 96, 98
2026/08/05 09:39:10.770, 0, NVIDIA GeForce RTX 3080, 8609, 1443, 10240, 96, 98
2026/08/05 09:39:10.878, 0, NVIDIA GeForce RTX 3080, 8609, 1443, 10240, 96, 98
2026/08/05 09:39:10.987, 0, NVIDIA GeForce RTX 3080, 8609, 1443, 10240, 96, 98
2026/08/05 09:39:11.097, 0, NVIDIA GeForce RTX 3080, 8609, 1443, 10240, 96, 98
2026/08/05 09:39:11.206, 0, NVIDIA GeForce RTX 3080, 8609, 1443, 10240, 96, 98
2026/08/05 09:39:11.314, 0, NVIDIA GeForce RTX 3080, 8609, 1443, 10240, 96, 98
2026/08/05 09:39:11.424, 0, NVIDIA GeForce RTX 3080, 8609, 1443, 10240, 96, 98
2026/08/05 09:39:11.531, 0, NVIDIA GeForce RTX 3080, 8609, 1443, 10240, 96, 98
2026/08/05 09:39:11.641, 0, NVIDIA GeForce RTX 3080, 8609, 1443, 10240, 96, 98
2026/08/05 09:39:11.750, 0, NVIDIA GeForce RTX 3080, 8609, 1443, 10240, 96, 98
2026/08/05 09:39:11.859, 0, NVIDIA GeForce RTX 3080, 8609, 1443, 10240, 96, 98
2026/08/05 09:39:11.969, 0, NVIDIA GeForce RTX 3080, 8609, 1443, 10240, 96, 98
2026/08/05 09:39:12.079, 0, NVIDIA GeForce RTX 3080, 8609, 1443, 10240, 96, 98
2026/08/05 09:39:12.188, 0, NVIDIA GeForce RTX 3080, 8609, 1443, 10240, 96, 98
2026/08/05 09:39:12.296, 0, NVIDIA GeForce RTX 3080, 8609, 1443, 10240, 96, 98
2026/08/05 09:39:12.406, 0, NVIDIA GeForce RTX 3080, 8609, 1443, 10240, 96, 98
2026/08/05 09:39:12.515, 0, NVIDIA GeForce RTX 3080, 8609, 1443, 10240, 96, 98
2026/08/05 09:39:12.624, 0, NVIDIA GeForce RTX 3080, 8609, 1443, 10240, 96, 98
2026/08/05 09:39:12.733, 0, NVIDIA GeForce RTX 3080, 8609, 1443, 10240, 96, 98
2026/08/05 09:39:12.842, 0, NVIDIA GeForce RTX 3080, 8609, 1443, 10240, 96, 98
2026/08/05 09:39:12.951, 0, NVIDIA GeForce RTX 3080, 8609, 1443, 10240, 96, 98
2026/08/05 09:39:13.060, 0, NVIDIA GeForce RTX 3080, 8609, 1443, 10240, 96, 98
2026/08/05 09:39:13.169, 0, NVIDIA GeForce RTX 3080, 8609, 1443, 10240, 96, 98
2026/08/05 09:39:13.279, 0, NVIDIA GeForce RTX 3080, 8609, 1443, 10240, 96, 98
2026/08/05 09:39:13.386, 0, NVIDIA GeForce RTX 3080, 8609, 1443, 10240, 96, 98
2026/08/05 09:39:13.496, 0, NVIDIA GeForce RTX 3080, 8609, 1443, 10240, 96, 98
2026/08/05 09:39:13.604, 0, NVIDIA GeForce RTX 3080, 8609, 1443, 10240, 96, 98
2026/08/05 09:39:13.713, 0, NVIDIA GeForce RTX 3080, 8609, 1443, 10240, 96, 98
2026/08/05 09:39:13.823, 0, NVIDIA GeForce RTX 3080, 8609, 1443, 10240, 96, 98
2026/08/05 09:39:13.931, 0, NVIDIA GeForce RTX 3080, 8609, 1443, 10240, 96, 98
2026/08/05 09:39:14.042, 0, NVIDIA GeForce RTX 3080, 8609, 1443, 10240, 96, 98
2026/08/05 09:39:14.151, 0, NVIDIA GeForce RTX 3080, 8609, 1443, 10240, 96, 98
2026/08/05 09:39:14.260, 0, NVIDIA GeForce RTX 3080, 8609, 1443, 10240, 96, 98
2026/08/05 09:39:14.368, 0, NVIDIA GeForce RTX 3080, 8609, 1443, 10240, 96, 98
2026/08/05 09:39:14.478, 0, NVIDIA GeForce RTX 3080, 8609, 1443, 10240, 96, 98
2026/08/05 09:39:14.586, 0, NVIDIA GeForce RTX 3080, 8609, 1443, 10240, 94, 98
2026/08/05 09:39:14.696, 0, NVIDIA GeForce RTX 3080, 8609, 1443, 10240, 94, 98
2026/08/05 09:39:14.805, 0, NVIDIA GeForce RTX 3080, 8609, 1443, 10240, 94, 98
2026/08/05 09:39:14.913, 0, NVIDIA GeForce RTX 3080, 8609, 1443, 10240, 94, 98
2026/08/05 09:39:15.023, 0, NVIDIA GeForce RTX 3080, 8609, 1443, 10240, 94, 98
2026/08/05 09:39:15.131, 0, NVIDIA GeForce RTX 3080, 8609, 1443, 10240, 94, 98
2026/08/05 09:39:15.241, 0, NVIDIA GeForce RTX 3080, 8609, 1443, 10240, 94, 98
2026/08/05 09:39:15.351, 0, NVIDIA GeForce RTX 3080, 8609, 1443, 10240, 94, 98
2026/08/05 09:39:15.459, 0, NVIDIA GeForce RTX 3080, 8609, 1443, 10240, 94, 98
2026/08/05 09:39:15.569, 0, NVIDIA GeForce RTX 3080, 8609, 1443, 10240, 94, 98
2026/08/05 09:39:15.678, 0, NVIDIA GeForce RTX 3080, 8609, 1443, 10240, 94, 98
2026/08/05 09:39:15.787, 0, NVIDIA GeForce RTX 3080, 8609, 1443, 10240, 94, 98
2026/08/05 09:39:15.896, 0, NVIDIA GeForce RTX 3080, 8609, 1443, 10240, 94, 98
2026/08/05 09:39:16.005, 0, NVIDIA GeForce RTX 3080, 8609, 1443, 10240, 94, 98
2026/08/05 09:39:16.113, 0, NVIDIA GeForce RTX 3080, 8609, 1443, 10240, 94, 98
2026/08/05 09:39:16.222, 0, NVIDIA GeForce RTX 3080, 8609, 1443, 10240, 94, 98
2026/08/05 09:39:16.331, 0, NVIDIA GeForce RTX 3080, 8609, 1443, 10240, 94, 98
2026/08/05 09:39:16.440, 0, NVIDIA GeForce RTX 3080, 8609, 1443, 10240, 94, 98
2026/08/05 09:39:16.549, 0, NVIDIA GeForce RTX 3080, 8609, 1443, 10240, 94, 98
2026/08/05 09:39:16.658, 0, NVIDIA GeForce RTX 3080, 8609, 1443, 10240, 94, 98
2026/08/05 09:39:16.768, 0, NVIDIA GeForce RTX 3080, 8609, 1443, 10240, 94, 98
2026/08/05 09:39:16.877, 0, NVIDIA GeForce RTX 3080, 8609, 1443, 10240, 94, 98
2026/08/05 09:39:16.986, 0, NVIDIA GeForce RTX 3080, 8609, 1443, 10240, 94, 98
2026/08/05 09:39:17.095, 0, NVIDIA GeForce RTX 3080, 8609, 1443, 10240, 94, 98
2026/08/05 09:39:17.204, 0, NVIDIA GeForce RTX 3080, 8609, 1443, 10240, 94, 98
2026/08/05 09:39:17.314, 0, NVIDIA GeForce RTX 3080, 8609, 1443, 10240, 94, 98
2026/08/05 09:39:17.423, 0, NVIDIA GeForce RTX 3080, 8609, 1443, 10240, 94, 98
2026/08/05 09:39:17.532, 0, NVIDIA GeForce RTX 3080, 8609, 1443, 10240, 94, 98
2026/08/05 09:39:17.641, 0, NVIDIA GeForce RTX 3080, 8609, 1443, 10240, 94, 98
2026/08/05 09:39:17.751, 0, NVIDIA GeForce RTX 3080, 8609, 1443, 10240, 94, 98
2026/08/05 09:39:17.859, 0, NVIDIA GeForce RTX 3080, 8609, 1443, 10240, 94, 98
2026/08/05 09:39:17.969, 0, NVIDIA GeForce RTX 3080, 8609, 1443, 10240, 94, 98
2026/08/05 09:39:18.078, 0, NVIDIA GeForce RTX 3080, 8609, 1443, 10240, 94, 98
2026/08/05 09:39:18.186, 0, NVIDIA GeForce RTX 3080, 8609, 1443, 10240, 94, 98
2026/08/05 09:39:18.296, 0, NVIDIA GeForce RTX 3080, 8609, 1443, 10240, 94, 98
2026/08/05 09:39:18.404, 0, NVIDIA GeForce RTX 3080, 8609, 1443, 10240, 94, 98
2026/08/05 09:39:18.514, 0, NVIDIA GeForce RTX 3080, 8609, 1443, 10240, 94, 98
2026/08/05 09:39:18.623, 0, NVIDIA GeForce RTX 3080, 8609, 1443, 10240, 95, 98
2026/08/05 09:39:18.732, 0, NVIDIA GeForce RTX 3080, 8609, 1443, 10240, 95, 98
2026/08/05 09:39:18.842, 0, NVIDIA GeForce RTX 3080, 8609, 1443, 10240, 95, 98
2026/08/05 09:39:18.951, 0, NVIDIA GeForce RTX 3080, 8609, 1443, 10240, 95, 98
2026/08/05 09:39:19.059, 0, NVIDIA GeForce RTX 3080, 8609, 1443, 10240, 94, 98
2026/08/05 09:39:19.168, 0, NVIDIA GeForce RTX 3080, 8609, 1443, 10240, 94, 98
2026/08/05 09:39:19.277, 0, NVIDIA GeForce RTX 3080, 8609, 1443, 10240, 94, 98
2026/08/05 09:39:19.386, 0, NVIDIA GeForce RTX 3080, 8609, 1443, 10240, 94, 98
2026/08/05 09:39:19.495, 0, NVIDIA GeForce RTX 3080, 8609, 1443, 10240, 94, 98
2026/08/05 09:39:19.604, 0, NVIDIA GeForce RTX 3080, 8609, 1443, 10240, 94, 98
2026/08/05 09:39:19.714, 0, NVIDIA GeForce RTX 3080, 8609, 1443, 10240, 94, 98
2026/08/05 09:39:19.822, 0, NVIDIA GeForce RTX 3080, 8609, 1443, 10240, 94, 98
2026/08/05 09:39:19.931, 0, NVIDIA GeForce RTX 3080, 8609, 1443, 10240, 94, 98
2026/08/05 09:39:20.040, 0, NVIDIA GeForce RTX 3080, 8609, 1443, 10240, 94, 98
2026/08/05 09:39:20.150, 0, NVIDIA GeForce RTX 3080, 8609, 1443, 10240, 94, 98
2026/08/05 09:39:20.259, 0, NVIDIA GeForce RTX 3080, 8609, 1443, 10240, 94, 98
2026/08/05 09:39:20.368, 0, NVIDIA GeForce RTX 3080, 8609, 1443, 10240, 94, 98
2026/08/05 09:39:20.478, 0, NVIDIA GeForce RTX 3080, 8609, 1443, 10240, 94, 98
2026/08/05 09:39:20.586, 0, NVIDIA GeForce RTX 3080, 8609, 1443, 10240, 94, 98
2026/08/05 09:39:20.696, 0, NVIDIA GeForce RTX 3080, 8609, 1443, 10240, 94, 98
2026/08/05 09:39:20.804, 0, NVIDIA GeForce RTX 3080, 8609, 1443, 10240, 94, 98
2026/08/05 09:39:20.913, 0, NVIDIA GeForce RTX 3080, 8609, 1443, 10240, 94, 98
2026/08/05 09:39:21.023, 0, NVIDIA GeForce RTX 3080, 8609, 1443, 10240, 94, 98
2026/08/05 09:39:21.131, 0, NVIDIA GeForce RTX 3080, 8609, 1443, 10240, 94, 98
2026/08/05 09:39:21.241, 0, NVIDIA GeForce RTX 3080, 8609, 1443, 10240, 94, 98
2026/08/05 09:39:21.350, 0, NVIDIA GeForce RTX 3080, 8609, 1443, 10240, 94, 98
2026/08/05 09:39:21.459, 0, NVIDIA GeForce RTX 3080, 8609, 1443, 10240, 94, 98
2026/08/05 09:39:21.568, 0, NVIDIA GeForce RTX 3080, 8609, 1443, 10240, 94, 98
2026/08/05 09:39:21.681, 0, NVIDIA GeForce RTX 3080, 8609, 1443, 10240, 94, 98
2026/08/05 09:39:21.789, 0, NVIDIA GeForce RTX 3080, 8609, 1443, 10240, 94, 98
2026/08/05 09:39:21.899, 0, NVIDIA GeForce RTX 3080, 8609, 1443, 10240, 94, 98
2026/08/05 09:39:22.008, 0, NVIDIA GeForce RTX 3080, 8609, 1443, 10240, 94, 98
2026/08/05 09:39:22.113, 0, NVIDIA GeForce RTX 3080, 8609, 1443, 10240, 95, 98
2026/08/05 09:39:22.222, 0, NVIDIA GeForce RTX 3080, 8609, 1443, 10240, 95, 98
2026/08/05 09:39:22.331, 0, NVIDIA GeForce RTX 3080, 8609, 1443, 10240, 95, 98
2026/08/05 09:39:22.440, 0, NVIDIA GeForce RTX 3080, 8609, 1443, 10240, 95, 98
2026/08/05 09:39:22.550, 0, NVIDIA GeForce RTX 3080, 8609, 1443, 10240, 95, 98
2026/08/05 09:39:22.659, 0, NVIDIA GeForce RTX 3080, 8609, 1443, 10240, 94, 98
2026/08/05 09:39:22.768, 0, NVIDIA GeForce RTX 3080, 8609, 1443, 10240, 94, 98
2026/08/05 09:39:22.878, 0, NVIDIA GeForce RTX 3080, 8609, 1443, 10240, 94, 98
2026/08/05 09:39:22.986, 0, NVIDIA GeForce RTX 3080, 8609, 1443, 10240, 94, 98
2026/08/05 09:39:23.096, 0, NVIDIA GeForce RTX 3080, 8609, 1443, 10240, 94, 98
2026/08/05 09:39:23.204, 0, NVIDIA GeForce RTX 3080, 8609, 1443, 10240, 94, 98
2026/08/05 09:39:23.313, 0, NVIDIA GeForce RTX 3080, 8609, 1443, 10240, 94, 98
2026/08/05 09:39:23.422, 0, NVIDIA GeForce RTX 3080, 8609, 1443, 10240, 94, 98
2026/08/05 09:39:23.531, 0, NVIDIA GeForce RTX 3080, 8609, 1443, 10240, 94, 98
2026/08/05 09:39:23.641, 0, NVIDIA GeForce RTX 3080, 8609, 1443, 10240, 94, 98
2026/08/05 09:39:23.750, 0, NVIDIA GeForce RTX 3080, 8609, 1443, 10240, 94, 98
2026/08/05 09:39:23.859, 0, NVIDIA GeForce RTX 3080, 8609, 1443, 10240, 94, 98
2026/08/05 09:39:23.968, 0, NVIDIA GeForce RTX 3080, 8609, 1443, 10240, 94, 98
2026/08/05 09:39:24.076, 0, NVIDIA GeForce RTX 3080, 8609, 1443, 10240, 94, 98
2026/08/05 09:39:24.185, 0, NVIDIA GeForce RTX 3080, 8609, 1443, 10240, 94, 98
2026/08/05 09:39:24.294, 0, NVIDIA GeForce RTX 3080, 8609, 1443, 10240, 94, 98
2026/08/05 09:39:24.403, 0, NVIDIA GeForce RTX 3080, 8609, 1443, 10240, 94, 98
2026/08/05 09:39:24.513, 0, NVIDIA GeForce RTX 3080, 8609, 1443, 10240, 94, 98
2026/08/05 09:39:24.622, 0, NVIDIA GeForce RTX 3080, 8609, 1443, 10240, 91, 96
2026/08/05 09:39:24.731, 0, NVIDIA GeForce RTX 3080, 8609, 1443, 10240, 91, 96
2026/08/05 09:39:24.840, 0, NVIDIA GeForce RTX 3080, 8609, 1443, 10240, 91, 96
2026/08/05 09:39:24.949, 0, NVIDIA GeForce RTX 3080, 8609, 1443, 10240, 91, 96
2026/08/05 09:39:25.057, 0, NVIDIA GeForce RTX 3080, 8609, 1443, 10240, 91, 96
2026/08/05 09:39:25.167, 0, NVIDIA GeForce RTX 3080, 8609, 1443, 10240, 94, 98
2026/08/05 09:39:25.277, 0, NVIDIA GeForce RTX 3080, 8609, 1443, 10240, 94, 98
2026/08/05 09:39:25.385, 0, NVIDIA GeForce RTX 3080, 8609, 1443, 10240, 94, 98
2026/08/05 09:39:25.495, 0, NVIDIA GeForce RTX 3080, 8609, 1443, 10240, 94, 98
2026/08/05 09:39:25.603, 0, NVIDIA GeForce RTX 3080, 8609, 1443, 10240, 94, 98
2026/08/05 09:39:25.712, 0, NVIDIA GeForce RTX 3080, 8609, 1443, 10240, 94, 98
2026/08/05 09:39:25.822, 0, NVIDIA GeForce RTX 3080, 8609, 1443, 10240, 94, 98
2026/08/05 09:39:25.931, 0, NVIDIA GeForce RTX 3080, 8609, 1443, 10240, 94, 98
2026/08/05 09:39:26.055, 0, NVIDIA GeForce RTX 3080, 8609, 1443, 10240, 94, 98
2026/08/05 09:39:26.164, 0, NVIDIA GeForce RTX 3080, 8609, 1443, 10240, 94, 98
2026/08/05 09:39:26.274, 0, NVIDIA GeForce RTX 3080, 8609, 1443, 10240, 94, 98
2026/08/05 09:39:26.382, 0, NVIDIA GeForce RTX 3080, 8609, 1443, 10240, 94, 98
2026/08/05 09:39:26.491, 0, NVIDIA GeForce RTX 3080, 8609, 1443, 10240, 94, 98
2026/08/05 09:39:26.600, 0, NVIDIA GeForce RTX 3080, 8609, 1443, 10240, 92, 97
2026/08/05 09:39:26.709, 0, NVIDIA GeForce RTX 3080, 8609, 1443, 10240, 92, 97
2026/08/05 09:39:26.819, 0, NVIDIA GeForce RTX 3080, 8609, 1443, 10240, 92, 97
2026/08/05 09:39:26.928, 0, NVIDIA GeForce RTX 3080, 8609, 1443, 10240, 92, 97
2026/08/05 09:39:27.037, 0, NVIDIA GeForce RTX 3080, 8609, 1443, 10240, 92, 97
2026/08/05 09:39:27.147, 0, NVIDIA GeForce RTX 3080, 8609, 1443, 10240, 94, 98
2026/08/05 09:39:27.256, 0, NVIDIA GeForce RTX 3080, 8609, 1443, 10240, 94, 98
2026/08/05 09:39:27.365, 0, NVIDIA GeForce RTX 3080, 8609, 1443, 10240, 94, 98
2026/08/05 09:39:27.473, 0, NVIDIA GeForce RTX 3080, 8609, 1443, 10240, 94, 98
2026/08/05 09:39:27.582, 0, NVIDIA GeForce RTX 3080, 8609, 1443, 10240, 95, 98
2026/08/05 09:39:27.692, 0, NVIDIA GeForce RTX 3080, 8609, 1443, 10240, 95, 98
2026/08/05 09:39:27.801, 0, NVIDIA GeForce RTX 3080, 8609, 1443, 10240, 95, 98
2026/08/05 09:39:27.910, 0, NVIDIA GeForce RTX 3080, 8609, 1443, 10240, 95, 98
2026/08/05 09:39:28.019, 0, NVIDIA GeForce RTX 3080, 8609, 1443, 10240, 95, 98
2026/08/05 09:39:28.128, 0, NVIDIA GeForce RTX 3080, 8609, 1443, 10240, 95, 98
2026/08/05 09:39:28.236, 0, NVIDIA GeForce RTX 3080, 8609, 1443, 10240, 95, 98
2026/08/05 09:39:28.338, 0, NVIDIA GeForce RTX 3080, 8609, 1443, 10240, 95, 98
2026/08/05 09:39:28.446, 0, NVIDIA GeForce RTX 3080, 8609, 1443, 10240, 95, 98
2026/08/05 09:39:28.556, 0, NVIDIA GeForce RTX 3080, 8609, 1443, 10240, 95, 98
2026/08/05 09:39:28.664, 0, NVIDIA GeForce RTX 3080, 8609, 1443, 10240, 95, 98
2026/08/05 09:39:28.774, 0, NVIDIA GeForce RTX 3080, 8609, 1443, 10240, 95, 98
2026/08/05 09:39:28.883, 0, NVIDIA GeForce RTX 3080, 8609, 1443, 10240, 95, 98
2026/08/05 09:39:28.992, 0, NVIDIA GeForce RTX 3080, 8609, 1443, 10240, 95, 98
2026/08/05 09:39:29.102, 0, NVIDIA GeForce RTX 3080, 8609, 1443, 10240, 95, 98
2026/08/05 09:39:29.211, 0, NVIDIA GeForce RTX 3080, 8609, 1443, 10240, 95, 98
2026/08/05 09:39:29.320, 0, NVIDIA GeForce RTX 3080, 8609, 1443, 10240, 95, 98
2026/08/05 09:39:29.429, 0, NVIDIA GeForce RTX 3080, 8609, 1443, 10240, 95, 98
2026/08/05 09:39:29.539, 0, NVIDIA GeForce RTX 3080, 8609, 1443, 10240, 95, 98
2026/08/05 09:39:29.648, 0, NVIDIA GeForce RTX 3080, 8609, 1443, 10240, 95, 98
2026/08/05 09:39:29.758, 0, NVIDIA GeForce RTX 3080, 8609, 1443, 10240, 95, 98
2026/08/05 09:39:29.867, 0, NVIDIA GeForce RTX 3080, 8609, 1443, 10240, 95, 98
2026/08/05 09:39:29.976, 0, NVIDIA GeForce RTX 3080, 8609, 1443, 10240, 95, 98
2026/08/05 09:39:30.090, 0, NVIDIA GeForce RTX 3080, 8609, 1443, 10240, 95, 98
2026/08/05 09:39:30.198, 0, NVIDIA GeForce RTX 3080, 8609, 1443, 10240, 95, 98
2026/08/05 09:39:30.307, 0, NVIDIA GeForce RTX 3080, 8609, 1443, 10240, 95, 98
2026/08/05 09:39:30.407, 0, NVIDIA GeForce RTX 3080, 8609, 1443, 10240, 95, 98
2026/08/05 09:39:30.515, 0, NVIDIA GeForce RTX 3080, 8609, 1443, 10240, 95, 98
2026/08/05 09:39:30.624, 0, NVIDIA GeForce RTX 3080, 8609, 1443, 10240, 95, 98
2026/08/05 09:39:30.733, 0, NVIDIA GeForce RTX 3080, 8609, 1443, 10240, 95, 98
2026/08/05 09:39:30.843, 0, NVIDIA GeForce RTX 3080, 8609, 1443, 10240, 95, 98
2026/08/05 09:39:30.952, 0, NVIDIA GeForce RTX 3080, 8609, 1443, 10240, 95, 98
2026/08/05 09:39:31.061, 0, NVIDIA GeForce RTX 3080, 8609, 1443, 10240, 95, 98
2026/08/05 09:39:31.171, 0, NVIDIA GeForce RTX 3080, 8609, 1443, 10240, 95, 98
2026/08/05 09:39:31.279, 0, NVIDIA GeForce RTX 3080, 8609, 1443, 10240, 95, 98
2026/08/05 09:39:31.388, 0, NVIDIA GeForce RTX 3080, 8609, 1443, 10240, 95, 98
2026/08/05 09:39:31.497, 0, NVIDIA GeForce RTX 3080, 8609, 1443, 10240, 95, 98
2026/08/05 09:39:31.607, 0, NVIDIA GeForce RTX 3080, 8609, 1443, 10240, 94, 98
2026/08/05 09:39:31.715, 0, NVIDIA GeForce RTX 3080, 8609, 1443, 10240, 94, 98
2026/08/05 09:39:31.824, 0, NVIDIA GeForce RTX 3080, 8609, 1443, 10240, 94, 98
2026/08/05 09:39:31.933, 0, NVIDIA GeForce RTX 3080, 8609, 1443, 10240, 94, 98
2026/08/05 09:39:32.043, 0, NVIDIA GeForce RTX 3080, 8609, 1443, 10240, 94, 98
2026/08/05 09:39:32.147, 0, NVIDIA GeForce RTX 3080, 8609, 1443, 10240, 94, 98
2026/08/05 09:39:32.256, 0, NVIDIA GeForce RTX 3080, 8609, 1443, 10240, 94, 98
2026/08/05 09:39:32.365, 0, NVIDIA GeForce RTX 3080, 8609, 1443, 10240, 94, 98
2026/08/05 09:39:32.474, 0, NVIDIA GeForce RTX 3080, 8609, 1443, 10240, 94, 98
2026/08/05 09:39:32.583, 0, NVIDIA GeForce RTX 3080, 8609, 1443, 10240, 95, 98
2026/08/05 09:39:32.693, 0, NVIDIA GeForce RTX 3080, 8609, 1443, 10240, 95, 98
2026/08/05 09:39:32.802, 0, NVIDIA GeForce RTX 3080, 8609, 1443, 10240, 95, 98
2026/08/05 09:39:32.911, 0, NVIDIA GeForce RTX 3080, 8609, 1443, 10240, 95, 98
2026/08/05 09:39:33.021, 0, NVIDIA GeForce RTX 3080, 8609, 1443, 10240, 95, 98
2026/08/05 09:39:33.129, 0, NVIDIA GeForce RTX 3080, 8609, 1443, 10240, 95, 98
2026/08/05 09:39:33.239, 0, NVIDIA GeForce RTX 3080, 8609, 1443, 10240, 95, 98
2026/08/05 09:39:33.347, 0, NVIDIA GeForce RTX 3080, 8609, 1443, 10240, 95, 98
2026/08/05 09:39:33.456, 0, NVIDIA GeForce RTX 3080, 8609, 1443, 10240, 95, 98
2026/08/05 09:39:33.566, 0, NVIDIA GeForce RTX 3080, 8609, 1443, 10240, 95, 98
2026/08/05 09:39:33.674, 0, NVIDIA GeForce RTX 3080, 8609, 1443, 10240, 95, 98
2026/08/05 09:39:33.784, 0, NVIDIA GeForce RTX 3080, 8609, 1443, 10240, 95, 98
2026/08/05 09:39:33.893, 0, NVIDIA GeForce RTX 3080, 8609, 1443, 10240, 95, 98
2026/08/05 09:39:34.002, 0, NVIDIA GeForce RTX 3080, 8609, 1443, 10240, 95, 98
2026/08/05 09:39:34.110, 0, NVIDIA GeForce RTX 3080, 8609, 1443, 10240, 95, 98
2026/08/05 09:39:34.220, 0, NVIDIA GeForce RTX 3080, 8609, 1443, 10240, 95, 98
2026/08/05 09:39:34.328, 0, NVIDIA GeForce RTX 3080, 8609, 1443, 10240, 95, 98
2026/08/05 09:39:34.438, 0, NVIDIA GeForce RTX 3080, 8609, 1443, 10240, 95, 98
2026/08/05 09:39:34.548, 0, NVIDIA GeForce RTX 3080, 8609, 1443, 10240, 95, 98
2026/08/05 09:39:34.656, 0, NVIDIA GeForce RTX 3080, 8609, 1443, 10240, 95, 98
2026/08/05 09:39:34.766, 0, NVIDIA GeForce RTX 3080, 8609, 1443, 10240, 95, 98
2026/08/05 09:39:34.874, 0, NVIDIA GeForce RTX 3080, 8609, 1443, 10240, 95, 98
2026/08/05 09:39:34.984, 0, NVIDIA GeForce RTX 3080, 8609, 1443, 10240, 95, 98
2026/08/05 09:39:35.093, 0, NVIDIA GeForce RTX 3080, 8609, 1443, 10240, 95, 98
2026/08/05 09:39:35.202, 0, NVIDIA GeForce RTX 3080, 8609, 1443, 10240, 95, 98
2026/08/05 09:39:35.312, 0, NVIDIA GeForce RTX 3080, 8609, 1443, 10240, 95, 98
2026/08/05 09:39:35.420, 0, NVIDIA GeForce RTX 3080, 8609, 1443, 10240, 95, 98
2026/08/05 09:39:35.528, 0, NVIDIA GeForce RTX 3080, 8609, 1443, 10240, 95, 98
2026/08/05 09:39:35.637, 0, NVIDIA GeForce RTX 3080, 8609, 1443, 10240, 95, 98
2026/08/05 09:39:35.747, 0, NVIDIA GeForce RTX 3080, 8609, 1443, 10240, 95, 98
2026/08/05 09:39:35.856, 0, NVIDIA GeForce RTX 3080, 8609, 1443, 10240, 95, 98
2026/08/05 09:39:35.965, 0, NVIDIA GeForce RTX 3080, 8609, 1443, 10240, 95, 98
2026/08/05 09:39:36.074, 0, NVIDIA GeForce RTX 3080, 8609, 1443, 10240, 95, 98
2026/08/05 09:39:36.183, 0, NVIDIA GeForce RTX 3080, 8609, 1443, 10240, 95, 98
2026/08/05 09:39:36.292, 0, NVIDIA GeForce RTX 3080, 8609, 1443, 10240, 95, 98
2026/08/05 09:39:36.408, 0, NVIDIA GeForce RTX 3080, 8609, 1443, 10240, 95, 98
2026/08/05 09:39:36.516, 0, NVIDIA GeForce RTX 3080, 8609, 1443, 10240, 95, 98
2026/08/05 09:39:36.626, 0, NVIDIA GeForce RTX 3080, 8609, 1443, 10240, 95, 98
2026/08/05 09:39:36.734, 0, NVIDIA GeForce RTX 3080, 8609, 1443, 10240, 95, 98
2026/08/05 09:39:36.844, 0, NVIDIA GeForce RTX 3080, 8609, 1443, 10240, 95, 98
2026/08/05 09:39:36.952, 0, NVIDIA GeForce RTX 3080, 8609, 1443, 10240, 95, 98
2026/08/05 09:39:37.061, 0, NVIDIA GeForce RTX 3080, 8609, 1443, 10240, 95, 98
2026/08/05 09:39:37.170, 0, NVIDIA GeForce RTX 3080, 8609, 1443, 10240, 95, 98
2026/08/05 09:39:37.279, 0, NVIDIA GeForce RTX 3080, 8609, 1443, 10240, 95, 98
2026/08/05 09:39:37.388, 0, NVIDIA GeForce RTX 3080, 8609, 1443, 10240, 95, 98
2026/08/05 09:39:37.497, 0, NVIDIA GeForce RTX 3080, 8609, 1443, 10240, 95, 98
2026/08/05 09:39:37.607, 0, NVIDIA GeForce RTX 3080, 8609, 1443, 10240, 95, 98
2026/08/05 09:39:37.715, 0, NVIDIA GeForce RTX 3080, 8609, 1443, 10240, 95, 98
2026/08/05 09:39:37.824, 0, NVIDIA GeForce RTX 3080, 8609, 1443, 10240, 95, 98
2026/08/05 09:39:37.933, 0, NVIDIA GeForce RTX 3080, 8609, 1443, 10240, 95, 98
2026/08/05 09:39:38.042, 0, NVIDIA GeForce RTX 3080, 8609, 1443, 10240, 95, 98
2026/08/05 09:39:38.147, 0, NVIDIA GeForce RTX 3080, 8609, 1443, 10240, 95, 98
2026/08/05 09:39:38.255, 0, NVIDIA GeForce RTX 3080, 8609, 1443, 10240, 95, 98
2026/08/05 09:39:38.365, 0, NVIDIA GeForce RTX 3080, 8609, 1443, 10240, 95, 98
2026/08/05 09:39:38.474, 0, NVIDIA GeForce RTX 3080, 8609, 1443, 10240, 95, 98
2026/08/05 09:39:38.583, 0, NVIDIA GeForce RTX 3080, 8609, 1443, 10240, 96, 98
2026/08/05 09:39:38.692, 0, NVIDIA GeForce RTX 3080, 8609, 1443, 10240, 96, 98
2026/08/05 09:39:38.801, 0, NVIDIA GeForce RTX 3080, 8609, 1443, 10240, 96, 98
2026/08/05 09:39:38.909, 0, NVIDIA GeForce RTX 3080, 8609, 1443, 10240, 96, 98
2026/08/05 09:39:39.019, 0, NVIDIA GeForce RTX 3080, 8609, 1443, 10240, 96, 98
2026/08/05 09:39:39.127, 0, NVIDIA GeForce RTX 3080, 8609, 1443, 10240, 96, 98
2026/08/05 09:39:39.242, 0, NVIDIA GeForce RTX 3080, 8609, 1443, 10240, 96, 98
2026/08/05 09:39:39.352, 0, NVIDIA GeForce RTX 3080, 8609, 1443, 10240, 96, 98
2026/08/05 09:39:39.459, 0, NVIDIA GeForce RTX 3080, 8609, 1443, 10240, 96, 98
2026/08/05 09:39:39.569, 0, NVIDIA GeForce RTX 3080, 8609, 1443, 10240, 95, 98
2026/08/05 09:39:39.678, 0, NVIDIA GeForce RTX 3080, 8609, 1443, 10240, 95, 98
2026/08/05 09:39:39.787, 0, NVIDIA GeForce RTX 3080, 8609, 1443, 10240, 95, 98
2026/08/05 09:39:39.896, 0, NVIDIA GeForce RTX 3080, 8609, 1443, 10240, 95, 98
2026/08/05 09:39:40.006, 0, NVIDIA GeForce RTX 3080, 8609, 1443, 10240, 95, 98
2026/08/05 09:39:40.125, 0, NVIDIA GeForce RTX 3080, 8609, 1443, 10240, 95, 98
2026/08/05 09:39:40.234, 0, NVIDIA GeForce RTX 3080, 8609, 1443, 10240, 95, 98
2026/08/05 09:39:40.343, 0, NVIDIA GeForce RTX 3080, 8609, 1443, 10240, 95, 98
2026/08/05 09:39:40.452, 0, NVIDIA GeForce RTX 3080, 8609, 1443, 10240, 95, 98
2026/08/05 09:39:40.561, 0, NVIDIA GeForce RTX 3080, 8609, 1443, 10240, 95, 98
2026/08/05 09:39:40.671, 0, NVIDIA GeForce RTX 3080, 8609, 1443, 10240, 95, 98
2026/08/05 09:39:40.779, 0, NVIDIA GeForce RTX 3080, 8609, 1443, 10240, 95, 98
2026/08/05 09:39:40.889, 0, NVIDIA GeForce RTX 3080, 8609, 1443, 10240, 95, 98
2026/08/05 09:39:40.998, 0, NVIDIA GeForce RTX 3080, 8609, 1443, 10240, 95, 98
2026/08/05 09:39:41.107, 0, NVIDIA GeForce RTX 3080, 8609, 1443, 10240, 95, 98
2026/08/05 09:39:41.217, 0, NVIDIA GeForce RTX 3080, 8609, 1443, 10240, 95, 98
2026/08/05 09:39:41.326, 0, NVIDIA GeForce RTX 3080, 8609, 1443, 10240, 95, 98
2026/08/05 09:39:41.434, 0, NVIDIA GeForce RTX 3080, 8609, 1443, 10240, 95, 98
2026/08/05 09:39:41.544, 0, NVIDIA GeForce RTX 3080, 8609, 1443, 10240, 95, 98
2026/08/05 09:39:41.652, 0, NVIDIA GeForce RTX 3080, 8609, 1443, 10240, 95, 98
2026/08/05 09:39:41.761, 0, NVIDIA GeForce RTX 3080, 8609, 1443, 10240, 95, 98
2026/08/05 09:39:41.870, 0, NVIDIA GeForce RTX 3080, 8609, 1443, 10240, 95, 98
2026/08/05 09:39:41.979, 0, NVIDIA GeForce RTX 3080, 8609, 1443, 10240, 95, 98
2026/08/05 09:39:42.088, 0, NVIDIA GeForce RTX 3080, 8609, 1443, 10240, 96, 98
2026/08/05 09:39:42.198, 0, NVIDIA GeForce RTX 3080, 8609, 1443, 10240, 96, 98
2026/08/05 09:39:42.306, 0, NVIDIA GeForce RTX 3080, 8609, 1443, 10240, 96, 98
2026/08/05 09:39:42.416, 0, NVIDIA GeForce RTX 3080, 8609, 1443, 10240, 96, 98
2026/08/05 09:39:42.525, 0, NVIDIA GeForce RTX 3080, 8609, 1443, 10240, 96, 98
2026/08/05 09:39:42.633, 0, NVIDIA GeForce RTX 3080, 8609, 1443, 10240, 95, 98
2026/08/05 09:39:42.743, 0, NVIDIA GeForce RTX 3080, 8609, 1443, 10240, 95, 98
2026/08/05 09:39:42.851, 0, NVIDIA GeForce RTX 3080, 8609, 1443, 10240, 95, 98
2026/08/05 09:39:42.961, 0, NVIDIA GeForce RTX 3080, 8609, 1443, 10240, 95, 98
2026/08/05 09:39:43.070, 0, NVIDIA GeForce RTX 3080, 8609, 1443, 10240, 96, 98
2026/08/05 09:39:43.179, 0, NVIDIA GeForce RTX 3080, 8609, 1443, 10240, 96, 98
2026/08/05 09:39:43.289, 0, NVIDIA GeForce RTX 3080, 8609, 1443, 10240, 96, 98
2026/08/05 09:39:43.398, 0, NVIDIA GeForce RTX 3080, 8609, 1443, 10240, 96, 98
2026/08/05 09:39:43.507, 0, NVIDIA GeForce RTX 3080, 8609, 1443, 10240, 96, 98
2026/08/05 09:39:43.616, 0, NVIDIA GeForce RTX 3080, 8609, 1443, 10240, 96, 98
2026/08/05 09:39:43.726, 0, NVIDIA GeForce RTX 3080, 8609, 1443, 10240, 96, 98
2026/08/05 09:39:43.835, 0, NVIDIA GeForce RTX 3080, 8609, 1443, 10240, 96, 98
2026/08/05 09:39:43.944, 0, NVIDIA GeForce RTX 3080, 8609, 1443, 10240, 96, 98
2026/08/05 09:39:44.053, 0, NVIDIA GeForce RTX 3080, 8609, 1443, 10240, 96, 98
2026/08/05 09:39:44.160, 0, NVIDIA GeForce RTX 3080, 8609, 1443, 10240, 96, 98
2026/08/05 09:39:44.270, 0, NVIDIA GeForce RTX 3080, 8609, 1443, 10240, 96, 98
2026/08/05 09:39:44.379, 0, NVIDIA GeForce RTX 3080, 8609, 1443, 10240, 96, 98
2026/08/05 09:39:44.488, 0, NVIDIA GeForce RTX 3080, 8609, 1443, 10240, 96, 98
2026/08/05 09:39:44.598, 0, NVIDIA GeForce RTX 3080, 8609, 1443, 10240, 96, 98
2026/08/05 09:39:44.706, 0, NVIDIA GeForce RTX 3080, 8609, 1443, 10240, 96, 98
2026/08/05 09:39:44.816, 0, NVIDIA GeForce RTX 3080, 8609, 1443, 10240, 96, 98
2026/08/05 09:39:44.924, 0, NVIDIA GeForce RTX 3080, 8609, 1443, 10240, 96, 98
2026/08/05 09:39:45.033, 0, NVIDIA GeForce RTX 3080, 8609, 1443, 10240, 96, 98
2026/08/05 09:39:45.143, 0, NVIDIA GeForce RTX 3080, 8609, 1443, 10240, 96, 98
2026/08/05 09:39:45.251, 0, NVIDIA GeForce RTX 3080, 8609, 1443, 10240, 96, 98
2026/08/05 09:39:45.360, 0, NVIDIA GeForce RTX 3080, 8609, 1443, 10240, 96, 98
2026/08/05 09:39:45.469, 0, NVIDIA GeForce RTX 3080, 8609, 1443, 10240, 96, 98
2026/08/05 09:39:45.578, 0, NVIDIA GeForce RTX 3080, 8609, 1443, 10240, 96, 98
2026/08/05 09:39:45.687, 0, NVIDIA GeForce RTX 3080, 8609, 1443, 10240, 96, 98
2026/08/05 09:39:45.798, 0, NVIDIA GeForce RTX 3080, 8609, 1443, 10240, 96, 98
2026/08/05 09:39:45.907, 0, NVIDIA GeForce RTX 3080, 8609, 1443, 10240, 96, 98
2026/08/05 09:39:46.016, 0, NVIDIA GeForce RTX 3080, 8609, 1443, 10240, 96, 98
2026/08/05 09:39:46.126, 0, NVIDIA GeForce RTX 3080, 8609, 1443, 10240, 93, 96
2026/08/05 09:39:46.233, 0, NVIDIA GeForce RTX 3080, 8609, 1443, 10240, 93, 96
2026/08/05 09:39:46.342, 0, NVIDIA GeForce RTX 3080, 8609, 1443, 10240, 93, 96
2026/08/05 09:39:46.451, 0, NVIDIA GeForce RTX 3080, 8609, 1443, 10240, 93, 96
2026/08/05 09:39:46.560, 0, NVIDIA GeForce RTX 3080, 8609, 1443, 10240, 96, 98
2026/08/05 09:39:46.670, 0, NVIDIA GeForce RTX 3080, 8609, 1443, 10240, 96, 98
2026/08/05 09:39:46.778, 0, NVIDIA GeForce RTX 3080, 8609, 1443, 10240, 96, 98
2026/08/05 09:39:46.888, 0, NVIDIA GeForce RTX 3080, 8609, 1443, 10240, 96, 98
2026/08/05 09:39:46.998, 0, NVIDIA GeForce RTX 3080, 8609, 1443, 10240, 96, 98
2026/08/05 09:39:47.105, 0, NVIDIA GeForce RTX 3080, 8609, 1443, 10240, 96, 98
2026/08/05 09:39:47.215, 0, NVIDIA GeForce RTX 3080, 8609, 1443, 10240, 96, 98
2026/08/05 09:39:47.323, 0, NVIDIA GeForce RTX 3080, 8609, 1443, 10240, 96, 98
2026/08/05 09:39:47.433, 0, NVIDIA GeForce RTX 3080, 8609, 1443, 10240, 96, 98
2026/08/05 09:39:47.542, 0, NVIDIA GeForce RTX 3080, 8609, 1443, 10240, 96, 98
2026/08/05 09:39:47.651, 0, NVIDIA GeForce RTX 3080, 8609, 1443, 10240, 96, 98
2026/08/05 09:39:47.760, 0, NVIDIA GeForce RTX 3080, 8609, 1443, 10240, 96, 98
2026/08/05 09:39:47.869, 0, NVIDIA GeForce RTX 3080, 8609, 1443, 10240, 96, 98
2026/08/05 09:39:47.978, 0, NVIDIA GeForce RTX 3080, 8609, 1443, 10240, 96, 98
2026/08/05 09:39:48.087, 0, NVIDIA GeForce RTX 3080, 8609, 1443, 10240, 96, 98
2026/08/05 09:39:48.197, 0, NVIDIA GeForce RTX 3080, 8609, 1443, 10240, 96, 98
2026/08/05 09:39:48.305, 0, NVIDIA GeForce RTX 3080, 8609, 1443, 10240, 96, 98
2026/08/05 09:39:48.415, 0, NVIDIA GeForce RTX 3080, 8609, 1443, 10240, 96, 98
2026/08/05 09:39:48.523, 0, NVIDIA GeForce RTX 3080, 8609, 1443, 10240, 96, 98
2026/08/05 09:39:48.632, 0, NVIDIA GeForce RTX 3080, 8609, 1443, 10240, 94, 98
2026/08/05 09:39:48.742, 0, NVIDIA GeForce RTX 3080, 8609, 1443, 10240, 94, 98
2026/08/05 09:39:48.850, 0, NVIDIA GeForce RTX 3080, 8609, 1443, 10240, 94, 98
2026/08/05 09:39:48.960, 0, NVIDIA GeForce RTX 3080, 8609, 1443, 10240, 94, 98
2026/08/05 09:39:49.069, 0, NVIDIA GeForce RTX 3080, 8609, 1443, 10240, 94, 98
2026/08/05 09:39:49.178, 0, NVIDIA GeForce RTX 3080, 8609, 1443, 10240, 94, 98
2026/08/05 09:39:49.287, 0, NVIDIA GeForce RTX 3080, 8609, 1443, 10240, 94, 98
2026/08/05 09:39:49.397, 0, NVIDIA GeForce RTX 3080, 8609, 1443, 10240, 94, 98
2026/08/05 09:39:49.506, 0, NVIDIA GeForce RTX 3080, 8609, 1443, 10240, 94, 98
2026/08/05 09:39:49.615, 0, NVIDIA GeForce RTX 3080, 8609, 1443, 10240, 94, 98
2026/08/05 09:39:49.723, 0, NVIDIA GeForce RTX 3080, 8609, 1443, 10240, 94, 98
2026/08/05 09:39:49.833, 0, NVIDIA GeForce RTX 3080, 8609, 1443, 10240, 94, 98
2026/08/05 09:39:49.942, 0, NVIDIA GeForce RTX 3080, 8609, 1443, 10240, 94, 98
2026/08/05 09:39:50.050, 0, NVIDIA GeForce RTX 3080, 8609, 1443, 10240, 94, 98
2026/08/05 09:39:50.174, 0, NVIDIA GeForce RTX 3080, 8609, 1443, 10240, 94, 98
2026/08/05 09:39:50.284, 0, NVIDIA GeForce RTX 3080, 8609, 1443, 10240, 94, 98
2026/08/05 09:39:50.393, 0, NVIDIA GeForce RTX 3080, 8609, 1443, 10240, 94, 98
2026/08/05 09:39:50.502, 0, NVIDIA GeForce RTX 3080, 8609, 1443, 10240, 94, 98
2026/08/05 09:39:50.611, 0, NVIDIA GeForce RTX 3080, 8609, 1443, 10240, 94, 98
2026/08/05 09:39:50.720, 0, NVIDIA GeForce RTX 3080, 8609, 1443, 10240, 94, 98
2026/08/05 09:39:50.828, 0, NVIDIA GeForce RTX 3080, 8609, 1443, 10240, 94, 98
2026/08/05 09:39:50.937, 0, NVIDIA GeForce RTX 3080, 8609, 1443, 10240, 94, 98
2026/08/05 09:39:51.047, 0, NVIDIA GeForce RTX 3080, 8609, 1443, 10240, 94, 98
2026/08/05 09:39:51.156, 0, NVIDIA GeForce RTX 3080, 8609, 1443, 10240, 94, 98
2026/08/05 09:39:51.265, 0, NVIDIA GeForce RTX 3080, 8609, 1443, 10240, 94, 98
2026/08/05 09:39:51.374, 0, NVIDIA GeForce RTX 3080, 8609, 1443, 10240, 94, 98
2026/08/05 09:39:51.483, 0, NVIDIA GeForce RTX 3080, 8609, 1443, 10240, 94, 98
2026/08/05 09:39:51.593, 0, NVIDIA GeForce RTX 3080, 8609, 1443, 10240, 94, 98
2026/08/05 09:39:51.702, 0, NVIDIA GeForce RTX 3080, 8609, 1443, 10240, 94, 98
2026/08/05 09:39:51.811, 0, NVIDIA GeForce RTX 3080, 8609, 1443, 10240, 94, 98
2026/08/05 09:39:51.921, 0, NVIDIA GeForce RTX 3080, 8609, 1443, 10240, 94, 98
2026/08/05 09:39:52.030, 0, NVIDIA GeForce RTX 3080, 8609, 1443, 10240, 94, 98
2026/08/05 09:39:52.139, 0, NVIDIA GeForce RTX 3080, 8609, 1443, 10240, 94, 98
2026/08/05 09:39:52.247, 0, NVIDIA GeForce RTX 3080, 8609, 1443, 10240, 94, 98
2026/08/05 09:39:52.356, 0, NVIDIA GeForce RTX 3080, 8609, 1443, 10240, 94, 98
2026/08/05 09:39:52.466, 0, NVIDIA GeForce RTX 3080, 8609, 1443, 10240, 94, 98
2026/08/05 09:39:52.576, 0, NVIDIA GeForce RTX 3080, 8609, 1443, 10240, 94, 98
2026/08/05 09:39:52.684, 0, NVIDIA GeForce RTX 3080, 8609, 1443, 10240, 94, 98
2026/08/05 09:39:52.793, 0, NVIDIA GeForce RTX 3080, 8609, 1443, 10240, 94, 98
2026/08/05 09:39:52.901, 0, NVIDIA GeForce RTX 3080, 8609, 1443, 10240, 94, 98
2026/08/05 09:39:53.011, 0, NVIDIA GeForce RTX 3080, 8609, 1443, 10240, 94, 98
2026/08/05 09:39:53.121, 0, NVIDIA GeForce RTX 3080, 8609, 1443, 10240, 94, 98
2026/08/05 09:39:53.229, 0, NVIDIA GeForce RTX 3080, 8609, 1443, 10240, 94, 98
2026/08/05 09:39:53.339, 0, NVIDIA GeForce RTX 3080, 8609, 1443, 10240, 94, 98
2026/08/05 09:39:53.448, 0, NVIDIA GeForce RTX 3080, 8609, 1443, 10240, 94, 98
2026/08/05 09:39:53.557, 0, NVIDIA GeForce RTX 3080, 8609, 1443, 10240, 94, 98
2026/08/05 09:39:53.666, 0, NVIDIA GeForce RTX 3080, 8609, 1443, 10240, 94, 98
2026/08/05 09:39:53.775, 0, NVIDIA GeForce RTX 3080, 8609, 1443, 10240, 94, 98
2026/08/05 09:39:53.884, 0, NVIDIA GeForce RTX 3080, 8609, 1443, 10240, 94, 98
2026/08/05 09:39:53.993, 0, NVIDIA GeForce RTX 3080, 8609, 1443, 10240, 94, 98
2026/08/05 09:39:54.102, 0, NVIDIA GeForce RTX 3080, 8609, 1443, 10240, 94, 98
2026/08/05 09:39:54.210, 0, NVIDIA GeForce RTX 3080, 8609, 1443, 10240, 94, 98
2026/08/05 09:39:54.320, 0, NVIDIA GeForce RTX 3080, 8609, 1443, 10240, 94, 98
2026/08/05 09:39:54.428, 0, NVIDIA GeForce RTX 3080, 8609, 1443, 10240, 94, 98
2026/08/05 09:39:54.538, 0, NVIDIA GeForce RTX 3080, 8609, 1443, 10240, 94, 98
2026/08/05 09:39:54.648, 0, NVIDIA GeForce RTX 3080, 8609, 1443, 10240, 94, 98
2026/08/05 09:39:54.756, 0, NVIDIA GeForce RTX 3080, 8609, 1443, 10240, 94, 98
2026/08/05 09:39:54.866, 0, NVIDIA GeForce RTX 3080, 8609, 1443, 10240, 94, 98
2026/08/05 09:39:54.974, 0, NVIDIA GeForce RTX 3080, 8609, 1443, 10240, 94, 98
2026/08/05 09:39:55.084, 0, NVIDIA GeForce RTX 3080, 8609, 1443, 10240, 94, 98
2026/08/05 09:39:55.193, 0, NVIDIA GeForce RTX 3080, 8609, 1443, 10240, 94, 98
2026/08/05 09:39:55.302, 0, NVIDIA GeForce RTX 3080, 8609, 1443, 10240, 94, 98
2026/08/05 09:39:55.412, 0, NVIDIA GeForce RTX 3080, 8609, 1443, 10240, 94, 98
2026/08/05 09:39:55.521, 0, NVIDIA GeForce RTX 3080, 8609, 1443, 10240, 94, 98
2026/08/05 09:39:55.630, 0, NVIDIA GeForce RTX 3080, 8609, 1443, 10240, 94, 98
2026/08/05 09:39:55.739, 0, NVIDIA GeForce RTX 3080, 8609, 1443, 10240, 94, 98
2026/08/05 09:39:55.847, 0, NVIDIA GeForce RTX 3080, 8609, 1443, 10240, 94, 98
2026/08/05 09:39:55.956, 0, NVIDIA GeForce RTX 3080, 8609, 1443, 10240, 94, 98
2026/08/05 09:39:56.065, 0, NVIDIA GeForce RTX 3080, 8609, 1443, 10240, 94, 98
2026/08/05 09:39:56.174, 0, NVIDIA GeForce RTX 3080, 8609, 1443, 10240, 94, 98
2026/08/05 09:39:56.282, 0, NVIDIA GeForce RTX 3080, 8609, 1443, 10240, 94, 98
2026/08/05 09:39:56.392, 0, NVIDIA GeForce RTX 3080, 8609, 1443, 10240, 94, 98
2026/08/05 09:39:56.501, 0, NVIDIA GeForce RTX 3080, 8609, 1443, 10240, 94, 98
2026/08/05 09:39:56.610, 0, NVIDIA GeForce RTX 3080, 8609, 1443, 10240, 94, 98
2026/08/05 09:39:56.720, 0, NVIDIA GeForce RTX 3080, 8609, 1443, 10240, 94, 98
2026/08/05 09:39:56.828, 0, NVIDIA GeForce RTX 3080, 8609, 1443, 10240, 94, 98
2026/08/05 09:39:56.938, 0, NVIDIA GeForce RTX 3080, 8609, 1443, 10240, 94, 98
2026/08/05 09:39:57.047, 0, NVIDIA GeForce RTX 3080, 8609, 1443, 10240, 94, 98
2026/08/05 09:39:57.156, 0, NVIDIA GeForce RTX 3080, 8609, 1443, 10240, 94, 98
2026/08/05 09:39:57.266, 0, NVIDIA GeForce RTX 3080, 8609, 1443, 10240, 94, 98
2026/08/05 09:39:57.374, 0, NVIDIA GeForce RTX 3080, 8609, 1443, 10240, 94, 98
2026/08/05 09:39:57.484, 0, NVIDIA GeForce RTX 3080, 8609, 1443, 10240, 94, 98
2026/08/05 09:39:57.593, 0, NVIDIA GeForce RTX 3080, 8609, 1443, 10240, 94, 98
2026/08/05 09:39:57.703, 0, NVIDIA GeForce RTX 3080, 8609, 1443, 10240, 94, 98
2026/08/05 09:39:57.812, 0, NVIDIA GeForce RTX 3080, 8609, 1443, 10240, 94, 98
2026/08/05 09:39:57.922, 0, NVIDIA GeForce RTX 3080, 8609, 1443, 10240, 94, 98
2026/08/05 09:39:58.030, 0, NVIDIA GeForce RTX 3080, 8609, 1443, 10240, 94, 98
2026/08/05 09:39:58.140, 0, NVIDIA GeForce RTX 3080, 8609, 1443, 10240, 94, 98
2026/08/05 09:39:58.246, 0, NVIDIA GeForce RTX 3080, 8609, 1443, 10240, 94, 98
2026/08/05 09:39:58.355, 0, NVIDIA GeForce RTX 3080, 8609, 1443, 10240, 94, 98
2026/08/05 09:39:58.464, 0, NVIDIA GeForce RTX 3080, 8609, 1443, 10240, 94, 98
2026/08/05 09:39:58.579, 0, NVIDIA GeForce RTX 3080, 8609, 1443, 10240, 90, 95
2026/08/05 09:39:58.688, 0, NVIDIA GeForce RTX 3080, 8609, 1443, 10240, 90, 95
2026/08/05 09:39:58.797, 0, NVIDIA GeForce RTX 3080, 8609, 1443, 10240, 90, 95
2026/08/05 09:39:58.907, 0, NVIDIA GeForce RTX 3080, 8609, 1443, 10240, 90, 95
2026/08/05 09:39:59.015, 0, NVIDIA GeForce RTX 3080, 8609, 1443, 10240, 90, 95
2026/08/05 09:39:59.125, 0, NVIDIA GeForce RTX 3080, 8609, 1443, 10240, 94, 98
2026/08/05 09:39:59.234, 0, NVIDIA GeForce RTX 3080, 8609, 1443, 10240, 94, 98
2026/08/05 09:39:59.343, 0, NVIDIA GeForce RTX 3080, 8609, 1443, 10240, 94, 98
2026/08/05 09:39:59.453, 0, NVIDIA GeForce RTX 3080, 8609, 1443, 10240, 94, 98
2026/08/05 09:39:59.561, 0, NVIDIA GeForce RTX 3080, 8609, 1443, 10240, 95, 98
2026/08/05 09:39:59.670, 0, NVIDIA GeForce RTX 3080, 8609, 1443, 10240, 95, 98
2026/08/05 09:39:59.780, 0, NVIDIA GeForce RTX 3080, 8609, 1443, 10240, 95, 98
2026/08/05 09:39:59.889, 0, NVIDIA GeForce RTX 3080, 8609, 1443, 10240, 95, 98
2026/08/05 09:39:59.998, 0, NVIDIA GeForce RTX 3080, 8609, 1443, 10240, 95, 98
2026/08/05 09:40:00.108, 0, NVIDIA GeForce RTX 3080, 8609, 1443, 10240, 94, 98
2026/08/05 09:40:00.225, 0, NVIDIA GeForce RTX 3080, 8609, 1443, 10240, 94, 98
2026/08/05 09:40:00.333, 0, NVIDIA GeForce RTX 3080, 8609, 1443, 10240, 94, 98
2026/08/05 09:40:00.442, 0, NVIDIA GeForce RTX 3080, 8609, 1443, 10240, 94, 98
2026/08/05 09:40:00.551, 0, NVIDIA GeForce RTX 3080, 8609, 1443, 10240, 94, 98
2026/08/05 09:40:00.660, 0, NVIDIA GeForce RTX 3080, 8609, 1443, 10240, 94, 98
2026/08/05 09:40:00.769, 0, NVIDIA GeForce RTX 3080, 8609, 1443, 10240, 94, 98
2026/08/05 09:40:00.878, 0, NVIDIA GeForce RTX 3080, 8609, 1443, 10240, 94, 98
2026/08/05 09:40:00.987, 0, NVIDIA GeForce RTX 3080, 8609, 1443, 10240, 94, 98
2026/08/05 09:40:01.097, 0, NVIDIA GeForce RTX 3080, 8609, 1443, 10240, 95, 98
2026/08/05 09:40:01.206, 0, NVIDIA GeForce RTX 3080, 8609, 1443, 10240, 95, 98
2026/08/05 09:40:01.315, 0, NVIDIA GeForce RTX 3080, 8609, 1443, 10240, 95, 98
2026/08/05 09:40:01.424, 0, NVIDIA GeForce RTX 3080, 8609, 1443, 10240, 95, 98
2026/08/05 09:40:01.534, 0, NVIDIA GeForce RTX 3080, 8609, 1443, 10240, 95, 98
2026/08/05 09:40:01.643, 0, NVIDIA GeForce RTX 3080, 8609, 1443, 10240, 95, 98
2026/08/05 09:40:01.752, 0, NVIDIA GeForce RTX 3080, 8609, 1443, 10240, 95, 98
2026/08/05 09:40:01.861, 0, NVIDIA GeForce RTX 3080, 8609, 1443, 10240, 95, 98
2026/08/05 09:40:01.971, 0, NVIDIA GeForce RTX 3080, 8609, 1443, 10240, 95, 98
2026/08/05 09:40:02.079, 0, NVIDIA GeForce RTX 3080, 8609, 1443, 10240, 95, 98
2026/08/05 09:40:02.189, 0, NVIDIA GeForce RTX 3080, 8609, 1443, 10240, 95, 98
2026/08/05 09:40:02.297, 0, NVIDIA GeForce RTX 3080, 8609, 1443, 10240, 95, 98
2026/08/05 09:40:02.406, 0, NVIDIA GeForce RTX 3080, 8609, 1443, 10240, 95, 98
2026/08/05 09:40:02.515, 0, NVIDIA GeForce RTX 3080, 8609, 1443, 10240, 95, 98
2026/08/05 09:40:02.624, 0, NVIDIA GeForce RTX 3080, 8609, 1443, 10240, 95, 98
2026/08/05 09:40:02.734, 0, NVIDIA GeForce RTX 3080, 8609, 1443, 10240, 95, 98
2026/08/05 09:40:02.843, 0, NVIDIA GeForce RTX 3080, 8609, 1443, 10240, 95, 98
2026/08/05 09:40:02.952, 0, NVIDIA GeForce RTX 3080, 8609, 1443, 10240, 95, 98
2026/08/05 09:40:03.062, 0, NVIDIA GeForce RTX 3080, 8609, 1443, 10240, 95, 98
2026/08/05 09:40:03.171, 0, NVIDIA GeForce RTX 3080, 8609, 1443, 10240, 95, 98
2026/08/05 09:40:03.279, 0, NVIDIA GeForce RTX 3080, 8609, 1443, 10240, 95, 98
2026/08/05 09:40:03.388, 0, NVIDIA GeForce RTX 3080, 8609, 1443, 10240, 95, 98
2026/08/05 09:40:03.498, 0, NVIDIA GeForce RTX 3080, 8609, 1443, 10240, 95, 98
2026/08/05 09:40:03.607, 0, NVIDIA GeForce RTX 3080, 8609, 1443, 10240, 95, 98
2026/08/05 09:40:03.716, 0, NVIDIA GeForce RTX 3080, 8609, 1443, 10240, 95, 98
2026/08/05 09:40:03.826, 0, NVIDIA GeForce RTX 3080, 8609, 1443, 10240, 95, 98
2026/08/05 09:40:03.933, 0, NVIDIA GeForce RTX 3080, 8609, 1443, 10240, 95, 98
2026/08/05 09:40:04.043, 0, NVIDIA GeForce RTX 3080, 8609, 1443, 10240, 95, 98
2026/08/05 09:40:04.151, 0, NVIDIA GeForce RTX 3080, 8609, 1443, 10240, 95, 98
2026/08/05 09:40:04.260, 0, NVIDIA GeForce RTX 3080, 8609, 1443, 10240, 95, 98
2026/08/05 09:40:04.370, 0, NVIDIA GeForce RTX 3080, 8609, 1443, 10240, 95, 98
2026/08/05 09:40:04.478, 0, NVIDIA GeForce RTX 3080, 8609, 1443, 10240, 95, 98
2026/08/05 09:40:04.588, 0, NVIDIA GeForce RTX 3080, 8609, 1443, 10240, 95, 98
2026/08/05 09:40:04.697, 0, NVIDIA GeForce RTX 3080, 8609, 1443, 10240, 95, 98
2026/08/05 09:40:04.806, 0, NVIDIA GeForce RTX 3080, 8609, 1443, 10240, 95, 98
2026/08/05 09:40:04.915, 0, NVIDIA GeForce RTX 3080, 8609, 1443, 10240, 95, 98
2026/08/05 09:40:05.024, 0, NVIDIA GeForce RTX 3080, 8609, 1443, 10240, 95, 98
2026/08/05 09:40:05.133, 0, NVIDIA GeForce RTX 3080, 8609, 1443, 10240, 94, 98
2026/08/05 09:40:05.242, 0, NVIDIA GeForce RTX 3080, 8609, 1443, 10240, 94, 98
2026/08/05 09:40:05.351, 0, NVIDIA GeForce RTX 3080, 8609, 1443, 10240, 94, 98
2026/08/05 09:40:05.461, 0, NVIDIA GeForce RTX 3080, 8609, 1443, 10240, 94, 98
2026/08/05 09:40:05.570, 0, NVIDIA GeForce RTX 3080, 8609, 1443, 10240, 94, 98
2026/08/05 09:40:05.679, 0, NVIDIA GeForce RTX 3080, 8609, 1443, 10240, 94, 98
2026/08/05 09:40:05.788, 0, NVIDIA GeForce RTX 3080, 8609, 1443, 10240, 94, 98
2026/08/05 09:40:05.897, 0, NVIDIA GeForce RTX 3080, 8609, 1443, 10240, 94, 98
2026/08/05 09:40:06.005, 0, NVIDIA GeForce RTX 3080, 8609, 1443, 10240, 94, 98
2026/08/05 09:40:06.115, 0, NVIDIA GeForce RTX 3080, 8609, 1443, 10240, 95, 98
2026/08/05 09:40:06.224, 0, NVIDIA GeForce RTX 3080, 8609, 1443, 10240, 95, 98
2026/08/05 09:40:06.332, 0, NVIDIA GeForce RTX 3080, 8609, 1443, 10240, 95, 98
2026/08/05 09:40:06.441, 0, NVIDIA GeForce RTX 3080, 8609, 1443, 10240, 95, 98
2026/08/05 09:40:06.550, 0, NVIDIA GeForce RTX 3080, 8609, 1443, 10240, 95, 98
2026/08/05 09:40:06.660, 0, NVIDIA GeForce RTX 3080, 8609, 1443, 10240, 95, 98
2026/08/05 09:40:06.769, 0, NVIDIA GeForce RTX 3080, 8609, 1443, 10240, 95, 98
2026/08/05 09:40:06.878, 0, NVIDIA GeForce RTX 3080, 8609, 1443, 10240, 95, 98
2026/08/05 09:40:06.987, 0, NVIDIA GeForce RTX 3080, 8609, 1443, 10240, 95, 98
2026/08/05 09:40:07.097, 0, NVIDIA GeForce RTX 3080, 8609, 1443, 10240, 93, 96
2026/08/05 09:40:07.206, 0, NVIDIA GeForce RTX 3080, 8609, 1443, 10240, 93, 96
2026/08/05 09:40:07.315, 0, NVIDIA GeForce RTX 3080, 8609, 1443, 10240, 93, 96
2026/08/05 09:40:07.424, 0, NVIDIA GeForce RTX 3080, 8609, 1443, 10240, 93, 96
2026/08/05 09:40:07.533, 0, NVIDIA GeForce RTX 3080, 8609, 1443, 10240, 93, 96
2026/08/05 09:40:07.643, 0, NVIDIA GeForce RTX 3080, 8609, 1443, 10240, 95, 98
2026/08/05 09:40:07.752, 0, NVIDIA GeForce RTX 3080, 8609, 1443, 10240, 95, 98
2026/08/05 09:40:07.861, 0, NVIDIA GeForce RTX 3080, 8609, 1443, 10240, 95, 98
2026/08/05 09:40:07.971, 0, NVIDIA GeForce RTX 3080, 8609, 1443, 10240, 95, 98
2026/08/05 09:40:08.079, 0, NVIDIA GeForce RTX 3080, 8609, 1443, 10240, 95, 98
2026/08/05 09:40:08.189, 0, NVIDIA GeForce RTX 3080, 8609, 1443, 10240, 95, 98
2026/08/05 09:40:08.296, 0, NVIDIA GeForce RTX 3080, 8609, 1443, 10240, 95, 98
2026/08/05 09:40:08.405, 0, NVIDIA GeForce RTX 3080, 8609, 1443, 10240, 95, 98
2026/08/05 09:40:08.514, 0, NVIDIA GeForce RTX 3080, 8609, 1443, 10240, 95, 98
2026/08/05 09:40:08.623, 0, NVIDIA GeForce RTX 3080, 8609, 1443, 10240, 95, 98
2026/08/05 09:40:08.733, 0, NVIDIA GeForce RTX 3080, 8609, 1443, 10240, 95, 98
2026/08/05 09:40:08.842, 0, NVIDIA GeForce RTX 3080, 8609, 1443, 10240, 95, 98
2026/08/05 09:40:08.951, 0, NVIDIA GeForce RTX 3080, 8609, 1443, 10240, 95, 98
2026/08/05 09:40:09.060, 0, NVIDIA GeForce RTX 3080, 8609, 1443, 10240, 95, 98
2026/08/05 09:40:09.170, 0, NVIDIA GeForce RTX 3080, 8609, 1443, 10240, 95, 98
2026/08/05 09:40:09.279, 0, NVIDIA GeForce RTX 3080, 8609, 1443, 10240, 95, 98
2026/08/05 09:40:09.388, 0, NVIDIA GeForce RTX 3080, 8609, 1443, 10240, 95, 98
2026/08/05 09:40:09.497, 0, NVIDIA GeForce RTX 3080, 8609, 1443, 10240, 95, 98
2026/08/05 09:40:09.605, 0, NVIDIA GeForce RTX 3080, 8609, 1443, 10240, 95, 98
2026/08/05 09:40:09.714, 0, NVIDIA GeForce RTX 3080, 8609, 1443, 10240, 95, 98
2026/08/05 09:40:09.823, 0, NVIDIA GeForce RTX 3080, 8609, 1443, 10240, 95, 98
2026/08/05 09:40:09.932, 0, NVIDIA GeForce RTX 3080, 8609, 1443, 10240, 95, 98
2026/08/05 09:40:10.041, 0, NVIDIA GeForce RTX 3080, 8609, 1443, 10240, 95, 98
2026/08/05 09:40:10.150, 0, NVIDIA GeForce RTX 3080, 8609, 1443, 10240, 95, 98
2026/08/05 09:40:10.274, 0, NVIDIA GeForce RTX 3080, 8609, 1443, 10240, 95, 98
2026/08/05 09:40:10.383, 0, NVIDIA GeForce RTX 3080, 8609, 1443, 10240, 95, 98
2026/08/05 09:40:10.493, 0, NVIDIA GeForce RTX 3080, 8609, 1443, 10240, 95, 98
2026/08/05 09:40:10.601, 0, NVIDIA GeForce RTX 3080, 8609, 1443, 10240, 95, 98
2026/08/05 09:40:10.711, 0, NVIDIA GeForce RTX 3080, 8609, 1443, 10240, 95, 98
2026/08/05 09:40:10.820, 0, NVIDIA GeForce RTX 3080, 8609, 1443, 10240, 95, 98
2026/08/05 09:40:10.929, 0, NVIDIA GeForce RTX 3080, 8609, 1443, 10240, 95, 98
2026/08/05 09:40:11.039, 0, NVIDIA GeForce RTX 3080, 8609, 1443, 10240, 95, 98
2026/08/05 09:40:11.148, 0, NVIDIA GeForce RTX 3080, 8609, 1443, 10240, 95, 98
2026/08/05 09:40:11.257, 0, NVIDIA GeForce RTX 3080, 8609, 1443, 10240, 95, 98
2026/08/05 09:40:11.366, 0, NVIDIA GeForce RTX 3080, 8609, 1443, 10240, 95, 98
2026/08/05 09:40:11.475, 0, NVIDIA GeForce RTX 3080, 8609, 1443, 10240, 95, 98
2026/08/05 09:40:11.584, 0, NVIDIA GeForce RTX 3080, 8609, 1443, 10240, 95, 98
2026/08/05 09:40:11.693, 0, NVIDIA GeForce RTX 3080, 8609, 1443, 10240, 95, 98
2026/08/05 09:40:11.802, 0, NVIDIA GeForce RTX 3080, 8609, 1443, 10240, 95, 98
2026/08/05 09:40:11.911, 0, NVIDIA GeForce RTX 3080, 8609, 1443, 10240, 95, 98
2026/08/05 09:40:12.021, 0, NVIDIA GeForce RTX 3080, 8609, 1443, 10240, 95, 98
2026/08/05 09:40:12.129, 0, NVIDIA GeForce RTX 3080, 8609, 1443, 10240, 96, 98
2026/08/05 09:40:12.241, 0, NVIDIA GeForce RTX 3080, 8609, 1443, 10240, 96, 98
2026/08/05 09:40:12.348, 0, NVIDIA GeForce RTX 3080, 8609, 1443, 10240, 96, 98
2026/08/05 09:40:12.456, 0, NVIDIA GeForce RTX 3080, 8609, 1443, 10240, 96, 98
2026/08/05 09:40:12.566, 0, NVIDIA GeForce RTX 3080, 8609, 1443, 10240, 96, 98
2026/08/05 09:40:12.676, 0, NVIDIA GeForce RTX 3080, 8609, 1443, 10240, 96, 98
2026/08/05 09:40:12.784, 0, NVIDIA GeForce RTX 3080, 8609, 1443, 10240, 96, 98
2026/08/05 09:40:12.894, 0, NVIDIA GeForce RTX 3080, 8609, 1443, 10240, 96, 98
2026/08/05 09:40:13.002, 0, NVIDIA GeForce RTX 3080, 8609, 1443, 10240, 96, 98
2026/08/05 09:40:13.112, 0, NVIDIA GeForce RTX 3080, 8609, 1443, 10240, 96, 98
2026/08/05 09:40:13.221, 0, NVIDIA GeForce RTX 3080, 8609, 1443, 10240, 96, 98
2026/08/05 09:40:13.330, 0, NVIDIA GeForce RTX 3080, 8609, 1443, 10240, 96, 98
2026/08/05 09:40:13.439, 0, NVIDIA GeForce RTX 3080, 8609, 1443, 10240, 96, 98
2026/08/05 09:40:13.547, 0, NVIDIA GeForce RTX 3080, 8609, 1443, 10240, 96, 98
2026/08/05 09:40:13.656, 0, NVIDIA GeForce RTX 3080, 8609, 1443, 10240, 95, 98
2026/08/05 09:40:13.765, 0, NVIDIA GeForce RTX 3080, 8609, 1443, 10240, 95, 98
2026/08/05 09:40:13.874, 0, NVIDIA GeForce RTX 3080, 8609, 1443, 10240, 95, 98
2026/08/05 09:40:13.983, 0, NVIDIA GeForce RTX 3080, 8609, 1443, 10240, 95, 98
2026/08/05 09:40:14.093, 0, NVIDIA GeForce RTX 3080, 8609, 1443, 10240, 95, 98
2026/08/05 09:40:14.202, 0, NVIDIA GeForce RTX 3080, 8609, 1443, 10240, 95, 98
2026/08/05 09:40:14.310, 0, NVIDIA GeForce RTX 3080, 8609, 1443, 10240, 95, 98
2026/08/05 09:40:14.419, 0, NVIDIA GeForce RTX 3080, 8609, 1443, 10240, 95, 98
2026/08/05 09:40:14.521, 0, NVIDIA GeForce RTX 3080, 8609, 1443, 10240, 95, 98
2026/08/05 09:40:14.630, 0, NVIDIA GeForce RTX 3080, 8609, 1443, 10240, 95, 98
2026/08/05 09:40:14.739, 0, NVIDIA GeForce RTX 3080, 8609, 1443, 10240, 95, 98
2026/08/05 09:40:14.849, 0, NVIDIA GeForce RTX 3080, 8609, 1443, 10240, 95, 98
2026/08/05 09:40:14.958, 0, NVIDIA GeForce RTX 3080, 8609, 1443, 10240, 95, 98
2026/08/05 09:40:15.067, 0, NVIDIA GeForce RTX 3080, 8609, 1443, 10240, 95, 98
2026/08/05 09:40:15.176, 0, NVIDIA GeForce RTX 3080, 8609, 1443, 10240, 95, 98
2026/08/05 09:40:15.286, 0, NVIDIA GeForce RTX 3080, 8609, 1443, 10240, 95, 98
2026/08/05 09:40:15.395, 0, NVIDIA GeForce RTX 3080, 8609, 1443, 10240, 95, 98
2026/08/05 09:40:15.504, 0, NVIDIA GeForce RTX 3080, 8609, 1443, 10240, 95, 98
2026/08/05 09:40:15.613, 0, NVIDIA GeForce RTX 3080, 8609, 1443, 10240, 95, 98
2026/08/05 09:40:15.721, 0, NVIDIA GeForce RTX 3080, 8609, 1443, 10240, 95, 98
2026/08/05 09:40:15.831, 0, NVIDIA GeForce RTX 3080, 8609, 1443, 10240, 95, 98
2026/08/05 09:40:15.940, 0, NVIDIA GeForce RTX 3080, 8609, 1443, 10240, 95, 98
2026/08/05 09:40:16.049, 0, NVIDIA GeForce RTX 3080, 8609, 1443, 10240, 95, 98
2026/08/05 09:40:16.158, 0, NVIDIA GeForce RTX 3080, 8609, 1443, 10240, 95, 98
2026/08/05 09:40:16.266, 0, NVIDIA GeForce RTX 3080, 8609, 1443, 10240, 95, 98
2026/08/05 09:40:16.368, 0, NVIDIA GeForce RTX 3080, 8609, 1443, 10240, 95, 98
2026/08/05 09:40:16.477, 0, NVIDIA GeForce RTX 3080, 8609, 1443, 10240, 95, 98
2026/08/05 09:40:16.586, 0, NVIDIA GeForce RTX 3080, 8609, 1443, 10240, 96, 98
2026/08/05 09:40:16.695, 0, NVIDIA GeForce RTX 3080, 8609, 1443, 10240, 96, 98
2026/08/05 09:40:16.803, 0, NVIDIA GeForce RTX 3080, 8609, 1443, 10240, 96, 98
2026/08/05 09:40:16.913, 0, NVIDIA GeForce RTX 3080, 8609, 1443, 10240, 96, 98
2026/08/05 09:40:17.021, 0, NVIDIA GeForce RTX 3080, 8609, 1443, 10240, 96, 98
2026/08/05 09:40:17.131, 0, NVIDIA GeForce RTX 3080, 8609, 1443, 10240, 95, 98
2026/08/05 09:40:17.240, 0, NVIDIA GeForce RTX 3080, 8609, 1443, 10240, 95, 98
2026/08/05 09:40:17.349, 0, NVIDIA GeForce RTX 3080, 8609, 1443, 10240, 95, 98
2026/08/05 09:40:17.458, 0, NVIDIA GeForce RTX 3080, 8609, 1443, 10240, 95, 98
2026/08/05 09:40:17.567, 0, NVIDIA GeForce RTX 3080, 8609, 1443, 10240, 96, 98
2026/08/05 09:40:17.676, 0, NVIDIA GeForce RTX 3080, 8609, 1443, 10240, 96, 98
2026/08/05 09:40:17.785, 0, NVIDIA GeForce RTX 3080, 8609, 1443, 10240, 96, 98
2026/08/05 09:40:17.894, 0, NVIDIA GeForce RTX 3080, 8609, 1443, 10240, 96, 98
2026/08/05 09:40:18.003, 0, NVIDIA GeForce RTX 3080, 8609, 1443, 10240, 96, 98
2026/08/05 09:40:18.113, 0, NVIDIA GeForce RTX 3080, 8609, 1443, 10240, 96, 98
2026/08/05 09:40:18.222, 0, NVIDIA GeForce RTX 3080, 8609, 1443, 10240, 96, 98
2026/08/05 09:40:18.330, 0, NVIDIA GeForce RTX 3080, 8609, 1443, 10240, 96, 98
2026/08/05 09:40:18.440, 0, NVIDIA GeForce RTX 3080, 8609, 1443, 10240, 96, 98
2026/08/05 09:40:18.548, 0, NVIDIA GeForce RTX 3080, 8609, 1443, 10240, 96, 98
2026/08/05 09:40:18.658, 0, NVIDIA GeForce RTX 3080, 8609, 1443, 10240, 96, 98
2026/08/05 09:40:18.767, 0, NVIDIA GeForce RTX 3080, 8609, 1443, 10240, 96, 98
2026/08/05 09:40:18.875, 0, NVIDIA GeForce RTX 3080, 8609, 1443, 10240, 96, 98
2026/08/05 09:40:18.985, 0, NVIDIA GeForce RTX 3080, 8609, 1443, 10240, 96, 98
2026/08/05 09:40:19.093, 0, NVIDIA GeForce RTX 3080, 8609, 1443, 10240, 96, 98
2026/08/05 09:40:19.202, 0, NVIDIA GeForce RTX 3080, 8609, 1443, 10240, 96, 98
2026/08/05 09:40:19.311, 0, NVIDIA GeForce RTX 3080, 8609, 1443, 10240, 96, 98
2026/08/05 09:40:19.420, 0, NVIDIA GeForce RTX 3080, 8609, 1443, 10240, 96, 98
2026/08/05 09:40:19.530, 0, NVIDIA GeForce RTX 3080, 8609, 1443, 10240, 96, 98
2026/08/05 09:40:19.639, 0, NVIDIA GeForce RTX 3080, 8609, 1443, 10240, 96, 98
2026/08/05 09:40:19.747, 0, NVIDIA GeForce RTX 3080, 8609, 1443, 10240, 96, 98
2026/08/05 09:40:19.857, 0, NVIDIA GeForce RTX 3080, 8609, 1443, 10240, 96, 98
2026/08/05 09:40:19.966, 0, NVIDIA GeForce RTX 3080, 8609, 1443, 10240, 96, 98
2026/08/05 09:40:20.075, 0, NVIDIA GeForce RTX 3080, 8609, 1443, 10240, 96, 98
2026/08/05 09:40:20.184, 0, NVIDIA GeForce RTX 3080, 8609, 1443, 10240, 96, 98
2026/08/05 09:40:20.292, 0, NVIDIA GeForce RTX 3080, 8609, 1443, 10240, 96, 98
2026/08/05 09:40:20.403, 0, NVIDIA GeForce RTX 3080, 8609, 1443, 10240, 96, 98
2026/08/05 09:40:20.512, 0, NVIDIA GeForce RTX 3080, 8609, 1443, 10240, 96, 98
2026/08/05 09:40:20.621, 0, NVIDIA GeForce RTX 3080, 8609, 1443, 10240, 96, 98
2026/08/05 09:40:20.730, 0, NVIDIA GeForce RTX 3080, 8609, 1443, 10240, 96, 98
2026/08/05 09:40:20.840, 0, NVIDIA GeForce RTX 3080, 8609, 1443, 10240, 96, 98
2026/08/05 09:40:20.948, 0, NVIDIA GeForce RTX 3080, 8609, 1443, 10240, 96, 98
2026/08/05 09:40:21.061, 0, NVIDIA GeForce RTX 3080, 8609, 1443, 10240, 96, 98
2026/08/05 09:40:21.171, 0, NVIDIA GeForce RTX 3080, 8609, 1443, 10240, 96, 98
2026/08/05 09:40:21.279, 0, NVIDIA GeForce RTX 3080, 8609, 1443, 10240, 96, 98
2026/08/05 09:40:21.388, 0, NVIDIA GeForce RTX 3080, 8609, 1443, 10240, 96, 98
2026/08/05 09:40:21.496, 0, NVIDIA GeForce RTX 3080, 8609, 1443, 10240, 96, 98
2026/08/05 09:40:21.604, 0, NVIDIA GeForce RTX 3080, 8609, 1443, 10240, 96, 98
2026/08/05 09:40:21.714, 0, NVIDIA GeForce RTX 3080, 8609, 1443, 10240, 96, 98
2026/08/05 09:40:21.823, 0, NVIDIA GeForce RTX 3080, 8609, 1443, 10240, 96, 98
2026/08/05 09:40:21.932, 0, NVIDIA GeForce RTX 3080, 8609, 1443, 10240, 96, 98
2026/08/05 09:40:22.042, 0, NVIDIA GeForce RTX 3080, 8609, 1443, 10240, 96, 98
2026/08/05 09:40:22.157, 0, NVIDIA GeForce RTX 3080, 8609, 1443, 10240, 96, 98
2026/08/05 09:40:22.265, 0, NVIDIA GeForce RTX 3080, 8609, 1443, 10240, 96, 98
2026/08/05 09:40:22.367, 0, NVIDIA GeForce RTX 3080, 8609, 1443, 10240, 96, 98
2026/08/05 09:40:22.475, 0, NVIDIA GeForce RTX 3080, 8609, 1443, 10240, 96, 98
2026/08/05 09:40:22.585, 0, NVIDIA GeForce RTX 3080, 8609, 1443, 10240, 94, 98
2026/08/05 09:40:22.693, 0, NVIDIA GeForce RTX 3080, 8609, 1443, 10240, 94, 98
2026/08/05 09:40:22.803, 0, NVIDIA GeForce RTX 3080, 8609, 1443, 10240, 94, 98
2026/08/05 09:40:22.913, 0, NVIDIA GeForce RTX 3080, 8609, 1443, 10240, 94, 98
2026/08/05 09:40:23.021, 0, NVIDIA GeForce RTX 3080, 8609, 1443, 10240, 94, 98
2026/08/05 09:40:23.131, 0, NVIDIA GeForce RTX 3080, 8609, 1443, 10240, 94, 98
2026/08/05 09:40:23.239, 0, NVIDIA GeForce RTX 3080, 8609, 1443, 10240, 94, 98
2026/08/05 09:40:23.348, 0, NVIDIA GeForce RTX 3080, 8609, 1443, 10240, 94, 98
2026/08/05 09:40:23.458, 0, NVIDIA GeForce RTX 3080, 8609, 1443, 10240, 94, 98
2026/08/05 09:40:23.567, 0, NVIDIA GeForce RTX 3080, 8609, 1443, 10240, 94, 98
2026/08/05 09:40:23.676, 0, NVIDIA GeForce RTX 3080, 8609, 1443, 10240, 94, 98
2026/08/05 09:40:23.785, 0, NVIDIA GeForce RTX 3080, 8609, 1443, 10240, 94, 98
2026/08/05 09:40:23.900, 0, NVIDIA GeForce RTX 3080, 8609, 1443, 10240, 94, 98
2026/08/05 09:40:24.008, 0, NVIDIA GeForce RTX 3080, 8609, 1443, 10240, 94, 98
2026/08/05 09:40:24.118, 0, NVIDIA GeForce RTX 3080, 8609, 1443, 10240, 94, 98
2026/08/05 09:40:24.227, 0, NVIDIA GeForce RTX 3080, 8609, 1443, 10240, 94, 98
2026/08/05 09:40:24.345, 0, NVIDIA GeForce RTX 3080, 8609, 1443, 10240, 94, 98
2026/08/05 09:40:24.454, 0, NVIDIA GeForce RTX 3080, 8609, 1443, 10240, 94, 98
2026/08/05 09:40:24.563, 0, NVIDIA GeForce RTX 3080, 8609, 1443, 10240, 94, 98
2026/08/05 09:40:24.672, 0, NVIDIA GeForce RTX 3080, 8609, 1443, 10240, 94, 98
2026/08/05 09:40:24.781, 0, NVIDIA GeForce RTX 3080, 8609, 1443, 10240, 94, 98
2026/08/05 09:40:24.891, 0, NVIDIA GeForce RTX 3080, 8609, 1443, 10240, 94, 98
2026/08/05 09:40:25.000, 0, NVIDIA GeForce RTX 3080, 8609, 1443, 10240, 94, 98
2026/08/05 09:40:25.109, 0, NVIDIA GeForce RTX 3080, 8609, 1443, 10240, 94, 98
2026/08/05 09:40:25.219, 0, NVIDIA GeForce RTX 3080, 8609, 1443, 10240, 94, 98
2026/08/05 09:40:25.327, 0, NVIDIA GeForce RTX 3080, 8609, 1443, 10240, 94, 98
2026/08/05 09:40:25.438, 0, NVIDIA GeForce RTX 3080, 8609, 1443, 10240, 94, 98
2026/08/05 09:40:25.547, 0, NVIDIA GeForce RTX 3080, 8609, 1443, 10240, 94, 98
2026/08/05 09:40:25.654, 0, NVIDIA GeForce RTX 3080, 8609, 1443, 10240, 94, 98
2026/08/05 09:40:25.764, 0, NVIDIA GeForce RTX 3080, 8609, 1443, 10240, 94, 98
2026/08/05 09:40:25.873, 0, NVIDIA GeForce RTX 3080, 8609, 1443, 10240, 94, 98
2026/08/05 09:40:25.982, 0, NVIDIA GeForce RTX 3080, 8609, 1443, 10240, 94, 98
2026/08/05 09:40:26.092, 0, NVIDIA GeForce RTX 3080, 8609, 1443, 10240, 94, 98
2026/08/05 09:40:26.200, 0, NVIDIA GeForce RTX 3080, 8609, 1443, 10240, 94, 98
2026/08/05 09:40:26.310, 0, NVIDIA GeForce RTX 3080, 8609, 1443, 10240, 94, 98
2026/08/05 09:40:26.418, 0, NVIDIA GeForce RTX 3080, 8609, 1443, 10240, 94, 98
2026/08/05 09:40:26.526, 0, NVIDIA GeForce RTX 3080, 8609, 1443, 10240, 94, 98
2026/08/05 09:40:26.636, 0, NVIDIA GeForce RTX 3080, 8609, 1443, 10240, 94, 98
2026/08/05 09:40:26.744, 0, NVIDIA GeForce RTX 3080, 8609, 1443, 10240, 94, 98
2026/08/05 09:40:26.854, 0, NVIDIA GeForce RTX 3080, 8609, 1443, 10240, 94, 98
2026/08/05 09:40:26.963, 0, NVIDIA GeForce RTX 3080, 8609, 1443, 10240, 94, 98
2026/08/05 09:40:27.072, 0, NVIDIA GeForce RTX 3080, 8609, 1443, 10240, 94, 98
2026/08/05 09:40:27.181, 0, NVIDIA GeForce RTX 3080, 8609, 1443, 10240, 94, 98
2026/08/05 09:40:27.290, 0, NVIDIA GeForce RTX 3080, 8609, 1443, 10240, 94, 98
2026/08/05 09:40:27.399, 0, NVIDIA GeForce RTX 3080, 8609, 1443, 10240, 94, 98
2026/08/05 09:40:27.508, 0, NVIDIA GeForce RTX 3080, 8609, 1443, 10240, 94, 98
2026/08/05 09:40:27.618, 0, NVIDIA GeForce RTX 3080, 8609, 1443, 10240, 94, 98
2026/08/05 09:40:27.727, 0, NVIDIA GeForce RTX 3080, 8609, 1443, 10240, 94, 98
2026/08/05 09:40:27.836, 0, NVIDIA GeForce RTX 3080, 8609, 1443, 10240, 94, 98
2026/08/05 09:40:27.946, 0, NVIDIA GeForce RTX 3080, 8609, 1443, 10240, 94, 98
2026/08/05 09:40:28.054, 0, NVIDIA GeForce RTX 3080, 8609, 1443, 10240, 94, 98
2026/08/05 09:40:28.165, 0, NVIDIA GeForce RTX 3080, 8609, 1443, 10240, 94, 98
2026/08/05 09:40:28.273, 0, NVIDIA GeForce RTX 3080, 8609, 1443, 10240, 94, 98
2026/08/05 09:40:28.382, 0, NVIDIA GeForce RTX 3080, 8609, 1443, 10240, 94, 98
2026/08/05 09:40:28.491, 0, NVIDIA GeForce RTX 3080, 8609, 1443, 10240, 94, 98
2026/08/05 09:40:28.600, 0, NVIDIA GeForce RTX 3080, 8609, 1443, 10240, 94, 98
2026/08/05 09:40:28.710, 0, NVIDIA GeForce RTX 3080, 8609, 1443, 10240, 94, 98
2026/08/05 09:40:28.819, 0, NVIDIA GeForce RTX 3080, 8609, 1443, 10240, 94, 98
2026/08/05 09:40:28.928, 0, NVIDIA GeForce RTX 3080, 8609, 1443, 10240, 94, 98
2026/08/05 09:40:29.037, 0, NVIDIA GeForce RTX 3080, 8609, 1443, 10240, 94, 98
2026/08/05 09:40:29.146, 0, NVIDIA GeForce RTX 3080, 8609, 1443, 10240, 94, 98
2026/08/05 09:40:29.255, 0, NVIDIA GeForce RTX 3080, 8609, 1443, 10240, 94, 98
2026/08/05 09:40:29.364, 0, NVIDIA GeForce RTX 3080, 8609, 1443, 10240, 94, 98
2026/08/05 09:40:29.473, 0, NVIDIA GeForce RTX 3080, 8609, 1443, 10240, 94, 98
2026/08/05 09:40:29.582, 0, NVIDIA GeForce RTX 3080, 8609, 1443, 10240, 94, 98
2026/08/05 09:40:29.692, 0, NVIDIA GeForce RTX 3080, 8609, 1443, 10240, 94, 98
2026/08/05 09:40:29.801, 0, NVIDIA GeForce RTX 3080, 8609, 1443, 10240, 94, 98
2026/08/05 09:40:29.911, 0, NVIDIA GeForce RTX 3080, 8609, 1443, 10240, 94, 98
2026/08/05 09:40:30.021, 0, NVIDIA GeForce RTX 3080, 8609, 1443, 10240, 94, 98
2026/08/05 09:40:30.129, 0, NVIDIA GeForce RTX 3080, 8609, 1443, 10240, 94, 98
2026/08/05 09:40:30.239, 0, NVIDIA GeForce RTX 3080, 8609, 1443, 10240, 94, 98
2026/08/05 09:40:30.348, 0, NVIDIA GeForce RTX 3080, 8609, 1443, 10240, 94, 98
2026/08/05 09:40:30.457, 0, NVIDIA GeForce RTX 3080, 8609, 1443, 10240, 94, 98
2026/08/05 09:40:30.567, 0, NVIDIA GeForce RTX 3080, 8609, 1443, 10240, 94, 98
2026/08/05 09:40:30.676, 0, NVIDIA GeForce RTX 3080, 8609, 1443, 10240, 94, 98
2026/08/05 09:40:30.784, 0, NVIDIA GeForce RTX 3080, 8609, 1443, 10240, 94, 98
2026/08/05 09:40:30.893, 0, NVIDIA GeForce RTX 3080, 8609, 1443, 10240, 94, 98
2026/08/05 09:40:31.002, 0, NVIDIA GeForce RTX 3080, 8609, 1443, 10240, 94, 98
2026/08/05 09:40:31.112, 0, NVIDIA GeForce RTX 3080, 8609, 1443, 10240, 94, 98
2026/08/05 09:40:31.221, 0, NVIDIA GeForce RTX 3080, 8609, 1443, 10240, 94, 98
2026/08/05 09:40:31.330, 0, NVIDIA GeForce RTX 3080, 8609, 1443, 10240, 94, 98
2026/08/05 09:40:31.439, 0, NVIDIA GeForce RTX 3080, 8609, 1443, 10240, 94, 98
2026/08/05 09:40:31.548, 0, NVIDIA GeForce RTX 3080, 8609, 1443, 10240, 94, 98
2026/08/05 09:40:31.656, 0, NVIDIA GeForce RTX 3080, 8609, 1443, 10240, 94, 98
2026/08/05 09:40:31.766, 0, NVIDIA GeForce RTX 3080, 8609, 1443, 10240, 94, 98
2026/08/05 09:40:31.876, 0, NVIDIA GeForce RTX 3080, 8609, 1443, 10240, 94, 98
2026/08/05 09:40:31.984, 0, NVIDIA GeForce RTX 3080, 8609, 1443, 10240, 94, 98
2026/08/05 09:40:32.094, 0, NVIDIA GeForce RTX 3080, 8609, 1443, 10240, 94, 98
2026/08/05 09:40:32.202, 0, NVIDIA GeForce RTX 3080, 8609, 1443, 10240, 94, 98
2026/08/05 09:40:32.312, 0, NVIDIA GeForce RTX 3080, 8609, 1443, 10240, 94, 98
2026/08/05 09:40:32.421, 0, NVIDIA GeForce RTX 3080, 8609, 1443, 10240, 94, 98
2026/08/05 09:40:32.530, 0, NVIDIA GeForce RTX 3080, 8609, 1443, 10240, 94, 98
2026/08/05 09:40:32.639, 0, NVIDIA GeForce RTX 3080, 8609, 1443, 10240, 90, 95
2026/08/05 09:40:32.748, 0, NVIDIA GeForce RTX 3080, 8609, 1443, 10240, 90, 95
2026/08/05 09:40:32.856, 0, NVIDIA GeForce RTX 3080, 8609, 1443, 10240, 90, 95
2026/08/05 09:40:32.965, 0, NVIDIA GeForce RTX 3080, 8609, 1443, 10240, 90, 95
2026/08/05 09:40:33.074, 0, NVIDIA GeForce RTX 3080, 8609, 1443, 10240, 94, 98
2026/08/05 09:40:33.184, 0, NVIDIA GeForce RTX 3080, 8609, 1443, 10240, 94, 98
2026/08/05 09:40:33.293, 0, NVIDIA GeForce RTX 3080, 8609, 1443, 10240, 94, 98
2026/08/05 09:40:33.402, 0, NVIDIA GeForce RTX 3080, 8609, 1443, 10240, 94, 98
2026/08/05 09:40:33.511, 0, NVIDIA GeForce RTX 3080, 8609, 1443, 10240, 94, 98
2026/08/05 09:40:33.621, 0, NVIDIA GeForce RTX 3080, 8609, 1443, 10240, 95, 98
2026/08/05 09:40:33.729, 0, NVIDIA GeForce RTX 3080, 8609, 1443, 10240, 95, 98
2026/08/05 09:40:33.839, 0, NVIDIA GeForce RTX 3080, 8609, 1443, 10240, 95, 98
2026/08/05 09:40:33.949, 0, NVIDIA GeForce RTX 3080, 8609, 1443, 10240, 95, 98
2026/08/05 09:40:34.058, 0, NVIDIA GeForce RTX 3080, 8609, 1443, 10240, 95, 98
2026/08/05 09:40:34.167, 0, NVIDIA GeForce RTX 3080, 8609, 1443, 10240, 94, 98
2026/08/05 09:40:34.277, 0, NVIDIA GeForce RTX 3080, 8609, 1443, 10240, 94, 98
2026/08/05 09:40:34.386, 0, NVIDIA GeForce RTX 3080, 8609, 1443, 10240, 94, 98
2026/08/05 09:40:34.495, 0, NVIDIA GeForce RTX 3080, 8609, 1443, 10240, 94, 98
2026/08/05 09:40:34.604, 0, NVIDIA GeForce RTX 3080, 8609, 1443, 10240, 95, 98
2026/08/05 09:40:34.713, 0, NVIDIA GeForce RTX 3080, 8609, 1443, 10240, 95, 98
2026/08/05 09:40:34.823, 0, NVIDIA GeForce RTX 3080, 8609, 1443, 10240, 95, 98
2026/08/05 09:40:34.931, 0, NVIDIA GeForce RTX 3080, 8609, 1443, 10240, 95, 98
2026/08/05 09:40:35.041, 0, NVIDIA GeForce RTX 3080, 8609, 1443, 10240, 95, 98
2026/08/05 09:40:35.150, 0, NVIDIA GeForce RTX 3080, 8609, 1443, 10240, 95, 98
2026/08/05 09:40:35.259, 0, NVIDIA GeForce RTX 3080, 8609, 1443, 10240, 95, 98
2026/08/05 09:40:35.369, 0, NVIDIA GeForce RTX 3080, 8609, 1443, 10240, 95, 98
2026/08/05 09:40:35.477, 0, NVIDIA GeForce RTX 3080, 8609, 1443, 10240, 95, 98
2026/08/05 09:40:35.586, 0, NVIDIA GeForce RTX 3080, 8609, 1443, 10240, 95, 98
2026/08/05 09:40:35.695, 0, NVIDIA GeForce RTX 3080, 8609, 1443, 10240, 95, 98
2026/08/05 09:40:35.804, 0, NVIDIA GeForce RTX 3080, 8609, 1443, 10240, 95, 98
2026/08/05 09:40:35.914, 0, NVIDIA GeForce RTX 3080, 8609, 1443, 10240, 95, 98
2026/08/05 09:40:36.023, 0, NVIDIA GeForce RTX 3080, 8609, 1443, 10240, 95, 98
2026/08/05 09:40:36.132, 0, NVIDIA GeForce RTX 3080, 8609, 1443, 10240, 95, 98
2026/08/05 09:40:36.240, 0, NVIDIA GeForce RTX 3080, 8609, 1443, 10240, 95, 98
2026/08/05 09:40:36.350, 0, NVIDIA GeForce RTX 3080, 8609, 1443, 10240, 95, 98
2026/08/05 09:40:36.458, 0, NVIDIA GeForce RTX 3080, 8609, 1443, 10240, 95, 98
2026/08/05 09:40:36.568, 0, NVIDIA GeForce RTX 3080, 8609, 1443, 10240, 95, 98
2026/08/05 09:40:36.678, 0, NVIDIA GeForce RTX 3080, 8609, 1443, 10240, 95, 98
2026/08/05 09:40:36.786, 0, NVIDIA GeForce RTX 3080, 8609, 1443, 10240, 95, 98
2026/08/05 09:40:36.896, 0, NVIDIA GeForce RTX 3080, 8609, 1443, 10240, 95, 98
2026/08/05 09:40:37.004, 0, NVIDIA GeForce RTX 3080, 8609, 1443, 10240, 95, 98
2026/08/05 09:40:37.113, 0, NVIDIA GeForce RTX 3080, 8609, 1443, 10240, 95, 98
2026/08/05 09:40:37.222, 0, NVIDIA GeForce RTX 3080, 8609, 1443, 10240, 95, 98
2026/08/05 09:40:37.331, 0, NVIDIA GeForce RTX 3080, 8609, 1443, 10240, 95, 98
2026/08/05 09:40:37.440, 0, NVIDIA GeForce RTX 3080, 8609, 1443, 10240, 95, 98
2026/08/05 09:40:37.549, 0, NVIDIA GeForce RTX 3080, 8609, 1443, 10240, 95, 98
2026/08/05 09:40:37.658, 0, NVIDIA GeForce RTX 3080, 8609, 1443, 10240, 95, 98
2026/08/05 09:40:37.767, 0, NVIDIA GeForce RTX 3080, 8609, 1443, 10240, 95, 98
2026/08/05 09:40:37.877, 0, NVIDIA GeForce RTX 3080, 8609, 1443, 10240, 95, 98
2026/08/05 09:40:37.986, 0, NVIDIA GeForce RTX 3080, 8609, 1443, 10240, 95, 98
2026/08/05 09:40:38.095, 0, NVIDIA GeForce RTX 3080, 8609, 1443, 10240, 95, 98
2026/08/05 09:40:38.204, 0, NVIDIA GeForce RTX 3080, 8609, 1443, 10240, 95, 98
2026/08/05 09:40:38.313, 0, NVIDIA GeForce RTX 3080, 8609, 1443, 10240, 95, 98
2026/08/05 09:40:38.423, 0, NVIDIA GeForce RTX 3080, 8609, 1443, 10240, 95, 98
2026/08/05 09:40:38.531, 0, NVIDIA GeForce RTX 3080, 8609, 1443, 10240, 95, 98
2026/08/05 09:40:38.641, 0, NVIDIA GeForce RTX 3080, 8609, 1443, 10240, 95, 98
2026/08/05 09:40:38.749, 0, NVIDIA GeForce RTX 3080, 8609, 1443, 10240, 95, 98
2026/08/05 09:40:38.858, 0, NVIDIA GeForce RTX 3080, 8609, 1443, 10240, 95, 98
2026/08/05 09:40:38.967, 0, NVIDIA GeForce RTX 3080, 8609, 1443, 10240, 95, 98
2026/08/05 09:40:39.076, 0, NVIDIA GeForce RTX 3080, 8609, 1443, 10240, 95, 98
2026/08/05 09:40:39.184, 0, NVIDIA GeForce RTX 3080, 8609, 1443, 10240, 95, 98
2026/08/05 09:40:39.294, 0, NVIDIA GeForce RTX 3080, 8609, 1443, 10240, 95, 98
2026/08/05 09:40:39.402, 0, NVIDIA GeForce RTX 3080, 8609, 1443, 10240, 95, 98
2026/08/05 09:40:39.512, 0, NVIDIA GeForce RTX 3080, 8609, 1443, 10240, 95, 98
2026/08/05 09:40:39.621, 0, NVIDIA GeForce RTX 3080, 8609, 1443, 10240, 95, 98
2026/08/05 09:40:39.729, 0, NVIDIA GeForce RTX 3080, 8609, 1443, 10240, 95, 98
2026/08/05 09:40:39.839, 0, NVIDIA GeForce RTX 3080, 8609, 1443, 10240, 95, 98
2026/08/05 09:40:39.948, 0, NVIDIA GeForce RTX 3080, 8609, 1443, 10240, 95, 98
2026/08/05 09:40:40.057, 0, NVIDIA GeForce RTX 3080, 8609, 1443, 10240, 95, 98
2026/08/05 09:40:40.167, 0, NVIDIA GeForce RTX 3080, 8609, 1443, 10240, 95, 98
2026/08/05 09:40:40.276, 0, NVIDIA GeForce RTX 3080, 8609, 1443, 10240, 95, 98
2026/08/05 09:40:40.384, 0, NVIDIA GeForce RTX 3080, 8609, 1443, 10240, 95, 98
2026/08/05 09:40:40.493, 0, NVIDIA GeForce RTX 3080, 8609, 1443, 10240, 95, 98
2026/08/05 09:40:40.602, 0, NVIDIA GeForce RTX 3080, 8609, 1443, 10240, 95, 98
2026/08/05 09:40:40.712, 0, NVIDIA GeForce RTX 3080, 8609, 1443, 10240, 95, 98
2026/08/05 09:40:40.821, 0, NVIDIA GeForce RTX 3080, 8609, 1443, 10240, 95, 98
2026/08/05 09:40:40.930, 0, NVIDIA GeForce RTX 3080, 8609, 1443, 10240, 95, 98
2026/08/05 09:40:41.038, 0, NVIDIA GeForce RTX 3080, 8609, 1443, 10240, 95, 98
2026/08/05 09:40:41.148, 0, NVIDIA GeForce RTX 3080, 8609, 1443, 10240, 92, 96
2026/08/05 09:40:41.256, 0, NVIDIA GeForce RTX 3080, 8609, 1443, 10240, 92, 96
2026/08/05 09:40:41.366, 0, NVIDIA GeForce RTX 3080, 8609, 1443, 10240, 92, 96
2026/08/05 09:40:41.476, 0, NVIDIA GeForce RTX 3080, 8609, 1443, 10240, 92, 96
2026/08/05 09:40:41.582, 0, NVIDIA GeForce RTX 3080, 8609, 1443, 10240, 95, 98
2026/08/05 09:40:41.692, 0, NVIDIA GeForce RTX 3080, 8609, 1443, 10240, 95, 98
2026/08/05 09:40:41.800, 0, NVIDIA GeForce RTX 3080, 8609, 1443, 10240, 95, 98
2026/08/05 09:40:41.910, 0, NVIDIA GeForce RTX 3080, 8609, 1443, 10240, 95, 98
2026/08/05 09:40:42.019, 0, NVIDIA GeForce RTX 3080, 8609, 1443, 10240, 95, 98
2026/08/05 09:40:42.128, 0, NVIDIA GeForce RTX 3080, 8609, 1443, 10240, 95, 98
2026/08/05 09:40:42.238, 0, NVIDIA GeForce RTX 3080, 8609, 1443, 10240, 95, 98
2026/08/05 09:40:42.346, 0, NVIDIA GeForce RTX 3080, 8609, 1443, 10240, 95, 98
2026/08/05 09:40:42.455, 0, NVIDIA GeForce RTX 3080, 8609, 1443, 10240, 95, 98
2026/08/05 09:40:42.564, 0, NVIDIA GeForce RTX 3080, 8609, 1443, 10240, 95, 98
2026/08/05 09:40:42.673, 0, NVIDIA GeForce RTX 3080, 8609, 1443, 10240, 95, 98
2026/08/05 09:40:42.783, 0, NVIDIA GeForce RTX 3080, 8609, 1443, 10240, 95, 98
2026/08/05 09:40:42.892, 0, NVIDIA GeForce RTX 3080, 8609, 1443, 10240, 95, 98
2026/08/05 09:40:43.001, 0, NVIDIA GeForce RTX 3080, 8609, 1443, 10240, 95, 98
2026/08/05 09:40:43.110, 0, NVIDIA GeForce RTX 3080, 8609, 1443, 10240, 95, 98
2026/08/05 09:40:43.219, 0, NVIDIA GeForce RTX 3080, 8609, 1443, 10240, 95, 98
2026/08/05 09:40:43.327, 0, NVIDIA GeForce RTX 3080, 8609, 1443, 10240, 95, 98
2026/08/05 09:40:43.437, 0, NVIDIA GeForce RTX 3080, 8609, 1443, 10240, 95, 98
2026/08/05 09:40:43.546, 0, NVIDIA GeForce RTX 3080, 8609, 1443, 10240, 95, 98
2026/08/05 09:40:43.654, 0, NVIDIA GeForce RTX 3080, 8609, 1443, 10240, 95, 98
2026/08/05 09:40:43.764, 0, NVIDIA GeForce RTX 3080, 8609, 1443, 10240, 95, 98
2026/08/05 09:40:43.872, 0, NVIDIA GeForce RTX 3080, 8609, 1443, 10240, 95, 98
2026/08/05 09:40:43.982, 0, NVIDIA GeForce RTX 3080, 8609, 1443, 10240, 95, 98
2026/08/05 09:40:44.091, 0, NVIDIA GeForce RTX 3080, 8609, 1443, 10240, 95, 98
2026/08/05 09:40:44.200, 0, NVIDIA GeForce RTX 3080, 8609, 1443, 10240, 95, 98
2026/08/05 09:40:44.309, 0, NVIDIA GeForce RTX 3080, 8609, 1443, 10240, 95, 98
2026/08/05 09:40:44.418, 0, NVIDIA GeForce RTX 3080, 8609, 1443, 10240, 95, 98
2026/08/05 09:40:44.527, 0, NVIDIA GeForce RTX 3080, 8609, 1443, 10240, 95, 98
2026/08/05 09:40:44.636, 0, NVIDIA GeForce RTX 3080, 8609, 1443, 10240, 95, 98
2026/08/05 09:40:44.746, 0, NVIDIA GeForce RTX 3080, 8609, 1443, 10240, 95, 98
2026/08/05 09:40:44.855, 0, NVIDIA GeForce RTX 3080, 8609, 1443, 10240, 95, 98
2026/08/05 09:40:44.964, 0, NVIDIA GeForce RTX 3080, 8609, 1443, 10240, 95, 98
2026/08/05 09:40:45.074, 0, NVIDIA GeForce RTX 3080, 8609, 1443, 10240, 95, 98
2026/08/05 09:40:45.183, 0, NVIDIA GeForce RTX 3080, 8609, 1443, 10240, 95, 98
2026/08/05 09:40:45.293, 0, NVIDIA GeForce RTX 3080, 8609, 1443, 10240, 95, 98
2026/08/05 09:40:45.401, 0, NVIDIA GeForce RTX 3080, 8609, 1443, 10240, 95, 98
2026/08/05 09:40:45.511, 0, NVIDIA GeForce RTX 3080, 8609, 1443, 10240, 95, 98
2026/08/05 09:40:45.621, 0, NVIDIA GeForce RTX 3080, 8609, 1443, 10240, 96, 98
2026/08/05 09:40:45.729, 0, NVIDIA GeForce RTX 3080, 8609, 1443, 10240, 96, 98
2026/08/05 09:40:45.839, 0, NVIDIA GeForce RTX 3080, 8609, 1443, 10240, 96, 98
2026/08/05 09:40:45.948, 0, NVIDIA GeForce RTX 3080, 8609, 1443, 10240, 96, 98
2026/08/05 09:40:46.057, 0, NVIDIA GeForce RTX 3080, 8609, 1443, 10240, 96, 98
2026/08/05 09:40:46.167, 0, NVIDIA GeForce RTX 3080, 8609, 1443, 10240, 95, 98
2026/08/05 09:40:46.276, 0, NVIDIA GeForce RTX 3080, 8609, 1443, 10240, 95, 98
2026/08/05 09:40:46.385, 0, NVIDIA GeForce RTX 3080, 8609, 1443, 10240, 95, 98
2026/08/05 09:40:46.494, 0, NVIDIA GeForce RTX 3080, 8609, 1443, 10240, 95, 98
2026/08/05 09:40:46.603, 0, NVIDIA GeForce RTX 3080, 8609, 1443, 10240, 95, 98
2026/08/05 09:40:46.713, 0, NVIDIA GeForce RTX 3080, 8609, 1443, 10240, 95, 98
2026/08/05 09:40:46.822, 0, NVIDIA GeForce RTX 3080, 8609, 1443, 10240, 95, 98
2026/08/05 09:40:46.931, 0, NVIDIA GeForce RTX 3080, 8609, 1443, 10240, 95, 98
2026/08/05 09:40:47.040, 0, NVIDIA GeForce RTX 3080, 8609, 1443, 10240, 95, 98
2026/08/05 09:40:47.149, 0, NVIDIA GeForce RTX 3080, 8609, 1443, 10240, 95, 98
2026/08/05 09:40:47.257, 0, NVIDIA GeForce RTX 3080, 8609, 1443, 10240, 95, 98
2026/08/05 09:40:47.367, 0, NVIDIA GeForce RTX 3080, 8609, 1443, 10240, 95, 98
2026/08/05 09:40:47.477, 0, NVIDIA GeForce RTX 3080, 8609, 1443, 10240, 95, 98
2026/08/05 09:40:47.585, 0, NVIDIA GeForce RTX 3080, 8609, 1443, 10240, 92, 96
2026/08/05 09:40:47.695, 0, NVIDIA GeForce RTX 3080, 8609, 1443, 10240, 92, 96
2026/08/05 09:40:47.803, 0, NVIDIA GeForce RTX 3080, 8609, 1443, 10240, 92, 96
2026/08/05 09:40:47.912, 0, NVIDIA GeForce RTX 3080, 8609, 1443, 10240, 92, 96
2026/08/05 09:40:48.021, 0, NVIDIA GeForce RTX 3080, 8609, 1443, 10240, 92, 96
2026/08/05 09:40:48.130, 0, NVIDIA GeForce RTX 3080, 8609, 1443, 10240, 95, 98
2026/08/05 09:40:48.240, 0, NVIDIA GeForce RTX 3080, 8609, 1443, 10240, 95, 98
2026/08/05 09:40:48.349, 0, NVIDIA GeForce RTX 3080, 8609, 1443, 10240, 95, 98
2026/08/05 09:40:48.458, 0, NVIDIA GeForce RTX 3080, 8609, 1443, 10240, 95, 98
2026/08/05 09:40:48.567, 0, NVIDIA GeForce RTX 3080, 8609, 1443, 10240, 95, 98
2026/08/05 09:40:48.677, 0, NVIDIA GeForce RTX 3080, 8609, 1443, 10240, 95, 98
2026/08/05 09:40:48.785, 0, NVIDIA GeForce RTX 3080, 8609, 1443, 10240, 95, 98
2026/08/05 09:40:48.895, 0, NVIDIA GeForce RTX 3080, 8609, 1443, 10240, 95, 98
2026/08/05 09:40:49.003, 0, NVIDIA GeForce RTX 3080, 8609, 1443, 10240, 95, 98
2026/08/05 09:40:49.112, 0, NVIDIA GeForce RTX 3080, 8609, 1443, 10240, 95, 98
2026/08/05 09:40:49.222, 0, NVIDIA GeForce RTX 3080, 8609, 1443, 10240, 95, 98
2026/08/05 09:40:49.330, 0, NVIDIA GeForce RTX 3080, 8609, 1443, 10240, 95, 98
2026/08/05 09:40:49.440, 0, NVIDIA GeForce RTX 3080, 8609, 1443, 10240, 95, 98
2026/08/05 09:40:49.550, 0, NVIDIA GeForce RTX 3080, 8609, 1443, 10240, 95, 98
2026/08/05 09:40:49.659, 0, NVIDIA GeForce RTX 3080, 8609, 1443, 10240, 95, 98
2026/08/05 09:40:49.768, 0, NVIDIA GeForce RTX 3080, 8609, 1443, 10240, 95, 98
2026/08/05 09:40:49.877, 0, NVIDIA GeForce RTX 3080, 8609, 1443, 10240, 95, 98
2026/08/05 09:40:49.986, 0, NVIDIA GeForce RTX 3080, 8609, 1443, 10240, 95, 98
2026/08/05 09:40:50.095, 0, NVIDIA GeForce RTX 3080, 8609, 1443, 10240, 96, 98
2026/08/05 09:40:50.204, 0, NVIDIA GeForce RTX 3080, 8609, 1443, 10240, 96, 98
2026/08/05 09:40:50.313, 0, NVIDIA GeForce RTX 3080, 8609, 1443, 10240, 96, 98
2026/08/05 09:40:50.423, 0, NVIDIA GeForce RTX 3080, 8609, 1443, 10240, 96, 98
2026/08/05 09:40:50.531, 0, NVIDIA GeForce RTX 3080, 8609, 1443, 10240, 96, 98
2026/08/05 09:40:50.641, 0, NVIDIA GeForce RTX 3080, 8609, 1443, 10240, 96, 98
2026/08/05 09:40:50.751, 0, NVIDIA GeForce RTX 3080, 8609, 1443, 10240, 96, 98
2026/08/05 09:40:50.859, 0, NVIDIA GeForce RTX 3080, 8609, 1443, 10240, 96, 98
2026/08/05 09:40:50.969, 0, NVIDIA GeForce RTX 3080, 8609, 1443, 10240, 96, 98
2026/08/05 09:40:51.077, 0, NVIDIA GeForce RTX 3080, 8609, 1443, 10240, 96, 98
2026/08/05 09:40:51.186, 0, NVIDIA GeForce RTX 3080, 8609, 1443, 10240, 96, 98
2026/08/05 09:40:51.295, 0, NVIDIA GeForce RTX 3080, 8609, 1443, 10240, 96, 98
2026/08/05 09:40:51.404, 0, NVIDIA GeForce RTX 3080, 8609, 1443, 10240, 96, 98
2026/08/05 09:40:51.514, 0, NVIDIA GeForce RTX 3080, 8609, 1443, 10240, 96, 98
2026/08/05 09:40:51.623, 0, NVIDIA GeForce RTX 3080, 8609, 1443, 10240, 96, 98
2026/08/05 09:40:51.732, 0, NVIDIA GeForce RTX 3080, 8609, 1443, 10240, 96, 98
2026/08/05 09:40:51.841, 0, NVIDIA GeForce RTX 3080, 8609, 1443, 10240, 96, 98
2026/08/05 09:40:51.951, 0, NVIDIA GeForce RTX 3080, 8609, 1443, 10240, 96, 98
2026/08/05 09:40:52.059, 0, NVIDIA GeForce RTX 3080, 8609, 1443, 10240, 96, 98
2026/08/05 09:40:52.168, 0, NVIDIA GeForce RTX 3080, 8609, 1443, 10240, 96, 98
2026/08/05 09:40:52.277, 0, NVIDIA GeForce RTX 3080, 8609, 1443, 10240, 96, 98
2026/08/05 09:40:52.385, 0, NVIDIA GeForce RTX 3080, 8609, 1443, 10240, 96, 98
2026/08/05 09:40:52.495, 0, NVIDIA GeForce RTX 3080, 8609, 1443, 10240, 96, 98
2026/08/05 09:40:52.603, 0, NVIDIA GeForce RTX 3080, 8609, 1443, 10240, 96, 98
2026/08/05 09:40:52.713, 0, NVIDIA GeForce RTX 3080, 8609, 1443, 10240, 96, 98
2026/08/05 09:40:52.823, 0, NVIDIA GeForce RTX 3080, 8609, 1443, 10240, 96, 98
2026/08/05 09:40:52.931, 0, NVIDIA GeForce RTX 3080, 8609, 1443, 10240, 96, 98
2026/08/05 09:40:53.040, 0, NVIDIA GeForce RTX 3080, 8609, 1443, 10240, 96, 98
2026/08/05 09:40:53.149, 0, NVIDIA GeForce RTX 3080, 8609, 1443, 10240, 96, 98
2026/08/05 09:40:53.258, 0, NVIDIA GeForce RTX 3080, 8609, 1443, 10240, 96, 98
2026/08/05 09:40:53.367, 0, NVIDIA GeForce RTX 3080, 8609, 1443, 10240, 96, 98
2026/08/05 09:40:53.477, 0, NVIDIA GeForce RTX 3080, 8609, 1443, 10240, 96, 98
2026/08/05 09:40:53.585, 0, NVIDIA GeForce RTX 3080, 8609, 1443, 10240, 96, 98
2026/08/05 09:40:53.695, 0, NVIDIA GeForce RTX 3080, 8609, 1443, 10240, 96, 98
2026/08/05 09:40:53.804, 0, NVIDIA GeForce RTX 3080, 8609, 1443, 10240, 96, 98
2026/08/05 09:40:53.913, 0, NVIDIA GeForce RTX 3080, 8609, 1443, 10240, 96, 98
2026/08/05 09:40:54.023, 0, NVIDIA GeForce RTX 3080, 8609, 1443, 10240, 96, 98
2026/08/05 09:40:54.131, 0, NVIDIA GeForce RTX 3080, 8609, 1443, 10240, 96, 98
2026/08/05 09:40:54.241, 0, NVIDIA GeForce RTX 3080, 8609, 1443, 10240, 96, 98
2026/08/05 09:40:54.350, 0, NVIDIA GeForce RTX 3080, 8609, 1443, 10240, 96, 98
2026/08/05 09:40:54.458, 0, NVIDIA GeForce RTX 3080, 8609, 1443, 10240, 96, 98
2026/08/05 09:40:54.559, 0, NVIDIA GeForce RTX 3080, 8609, 1443, 10240, 96, 98
2026/08/05 09:40:54.668, 0, NVIDIA GeForce RTX 3080, 8609, 1443, 10240, 96, 98
2026/08/05 09:40:54.778, 0, NVIDIA GeForce RTX 3080, 8609, 1443, 10240, 96, 98
2026/08/05 09:40:54.887, 0, NVIDIA GeForce RTX 3080, 8609, 1443, 10240, 96, 98
2026/08/05 09:40:54.996, 0, NVIDIA GeForce RTX 3080, 8609, 1443, 10240, 96, 98
2026/08/05 09:40:55.105, 0, NVIDIA GeForce RTX 3080, 8609, 1443, 10240, 96, 98
2026/08/05 09:40:55.213, 0, NVIDIA GeForce RTX 3080, 8609, 1443, 10240, 96, 98
2026/08/05 09:40:55.322, 0, NVIDIA GeForce RTX 3080, 8609, 1443, 10240, 96, 98
2026/08/05 09:40:55.431, 0, NVIDIA GeForce RTX 3080, 8609, 1443, 10240, 96, 98
2026/08/05 09:40:55.540, 0, NVIDIA GeForce RTX 3080, 8609, 1443, 10240, 96, 98
2026/08/05 09:40:55.650, 0, NVIDIA GeForce RTX 3080, 8609, 1443, 10240, 96, 98
2026/08/05 09:40:55.759, 0, NVIDIA GeForce RTX 3080, 8609, 1443, 10240, 96, 98
2026/08/05 09:40:55.868, 0, NVIDIA GeForce RTX 3080, 8609, 1443, 10240, 96, 98
2026/08/05 09:40:55.978, 0, NVIDIA GeForce RTX 3080, 8609, 1443, 10240, 96, 98
2026/08/05 09:40:56.087, 0, NVIDIA GeForce RTX 3080, 8609, 1443, 10240, 96, 98
2026/08/05 09:40:56.196, 0, NVIDIA GeForce RTX 3080, 8609, 1443, 10240, 96, 98
2026/08/05 09:40:56.305, 0, NVIDIA GeForce RTX 3080, 8609, 1443, 10240, 96, 98
2026/08/05 09:40:56.413, 0, NVIDIA GeForce RTX 3080, 8609, 1443, 10240, 96, 98
2026/08/05 09:40:56.523, 0, NVIDIA GeForce RTX 3080, 8609, 1443, 10240, 96, 98
2026/08/05 09:40:56.632, 0, NVIDIA GeForce RTX 3080, 8609, 1443, 10240, 94, 98
2026/08/05 09:40:56.741, 0, NVIDIA GeForce RTX 3080, 8609, 1443, 10240, 94, 98
2026/08/05 09:40:56.849, 0, NVIDIA GeForce RTX 3080, 8609, 1443, 10240, 94, 98
2026/08/05 09:40:56.959, 0, NVIDIA GeForce RTX 3080, 8609, 1443, 10240, 94, 98
2026/08/05 09:40:57.068, 0, NVIDIA GeForce RTX 3080, 8609, 1443, 10240, 94, 98
2026/08/05 09:40:57.177, 0, NVIDIA GeForce RTX 3080, 8609, 1443, 10240, 94, 98
2026/08/05 09:40:57.287, 0, NVIDIA GeForce RTX 3080, 8609, 1443, 10240, 94, 98
2026/08/05 09:40:57.395, 0, NVIDIA GeForce RTX 3080, 8609, 1443, 10240, 94, 98
2026/08/05 09:40:57.505, 0, NVIDIA GeForce RTX 3080, 8609, 1443, 10240, 94, 98
2026/08/05 09:40:57.614, 0, NVIDIA GeForce RTX 3080, 8609, 1443, 10240, 94, 98
2026/08/05 09:40:57.723, 0, NVIDIA GeForce RTX 3080, 8609, 1443, 10240, 94, 98
2026/08/05 09:40:57.833, 0, NVIDIA GeForce RTX 3080, 8609, 1443, 10240, 94, 98
2026/08/05 09:40:57.941, 0, NVIDIA GeForce RTX 3080, 8609, 1443, 10240, 94, 98
2026/08/05 09:40:58.050, 0, NVIDIA GeForce RTX 3080, 8609, 1443, 10240, 94, 98
2026/08/05 09:40:58.160, 0, NVIDIA GeForce RTX 3080, 8609, 1443, 10240, 94, 98
2026/08/05 09:40:58.268, 0, NVIDIA GeForce RTX 3080, 8609, 1443, 10240, 94, 98
2026/08/05 09:40:58.378, 0, NVIDIA GeForce RTX 3080, 8609, 1443, 10240, 94, 98
2026/08/05 09:40:58.487, 0, NVIDIA GeForce RTX 3080, 8609, 1443, 10240, 94, 98
2026/08/05 09:40:58.596, 0, NVIDIA GeForce RTX 3080, 8609, 1443, 10240, 94, 98
2026/08/05 09:40:58.705, 0, NVIDIA GeForce RTX 3080, 8609, 1443, 10240, 94, 98
2026/08/05 09:40:58.814, 0, NVIDIA GeForce RTX 3080, 8609, 1443, 10240, 94, 98
2026/08/05 09:40:58.924, 0, NVIDIA GeForce RTX 3080, 8609, 1443, 10240, 94, 98
2026/08/05 09:40:59.034, 0, NVIDIA GeForce RTX 3080, 8609, 1443, 10240, 94, 98
2026/08/05 09:40:59.142, 0, NVIDIA GeForce RTX 3080, 8609, 1443, 10240, 94, 98
2026/08/05 09:40:59.251, 0, NVIDIA GeForce RTX 3080, 8609, 1443, 10240, 94, 98
2026/08/05 09:40:59.360, 0, NVIDIA GeForce RTX 3080, 8609, 1443, 10240, 94, 98
2026/08/05 09:40:59.469, 0, NVIDIA GeForce RTX 3080, 8609, 1443, 10240, 94, 98
2026/08/05 09:40:59.578, 0, NVIDIA GeForce RTX 3080, 8609, 1443, 10240, 94, 98
2026/08/05 09:40:59.688, 0, NVIDIA GeForce RTX 3080, 8609, 1443, 10240, 94, 98
2026/08/05 09:40:59.796, 0, NVIDIA GeForce RTX 3080, 8609, 1443, 10240, 94, 98
2026/08/05 09:40:59.906, 0, NVIDIA GeForce RTX 3080, 8609, 1443, 10240, 94, 98
2026/08/05 09:41:00.016, 0, NVIDIA GeForce RTX 3080, 8609, 1443, 10240, 94, 98
2026/08/05 09:41:00.124, 0, NVIDIA GeForce RTX 3080, 8609, 1443, 10240, 94, 98
2026/08/05 09:41:00.234, 0, NVIDIA GeForce RTX 3080, 8609, 1443, 10240, 94, 98
2026/08/05 09:41:00.342, 0, NVIDIA GeForce RTX 3080, 8609, 1443, 10240, 94, 98
2026/08/05 09:41:00.452, 0, NVIDIA GeForce RTX 3080, 8609, 1443, 10240, 94, 98
2026/08/05 09:41:00.560, 0, NVIDIA GeForce RTX 3080, 8609, 1443, 10240, 94, 98
2026/08/05 09:41:00.669, 0, NVIDIA GeForce RTX 3080, 8609, 1443, 10240, 94, 98
2026/08/05 09:41:00.778, 0, NVIDIA GeForce RTX 3080, 8609, 1443, 10240, 94, 98
2026/08/05 09:41:00.888, 0, NVIDIA GeForce RTX 3080, 8609, 1443, 10240, 94, 98
2026/08/05 09:41:00.997, 0, NVIDIA GeForce RTX 3080, 8609, 1443, 10240, 94, 98
2026/08/05 09:41:01.106, 0, NVIDIA GeForce RTX 3080, 8609, 1443, 10240, 94, 98
2026/08/05 09:41:01.219, 0, NVIDIA GeForce RTX 3080, 8609, 1443, 10240, 94, 98
2026/08/05 09:41:01.328, 0, NVIDIA GeForce RTX 3080, 8609, 1443, 10240, 94, 98
2026/08/05 09:41:01.438, 0, NVIDIA GeForce RTX 3080, 8609, 1443, 10240, 94, 98
2026/08/05 09:41:01.547, 0, NVIDIA GeForce RTX 3080, 8609, 1443, 10240, 94, 98
2026/08/05 09:41:01.656, 0, NVIDIA GeForce RTX 3080, 8609, 1443, 10240, 94, 98
2026/08/05 09:41:01.765, 0, NVIDIA GeForce RTX 3080, 8609, 1443, 10240, 94, 98
2026/08/05 09:41:01.874, 0, NVIDIA GeForce RTX 3080, 8609, 1443, 10240, 94, 98
2026/08/05 09:41:01.984, 0, NVIDIA GeForce RTX 3080, 8609, 1443, 10240, 94, 98
2026/08/05 09:41:02.092, 0, NVIDIA GeForce RTX 3080, 8609, 1443, 10240, 94, 98
2026/08/05 09:41:02.201, 0, NVIDIA GeForce RTX 3080, 8609, 1443, 10240, 94, 98
2026/08/05 09:41:02.315, 0, NVIDIA GeForce RTX 3080, 8609, 1443, 10240, 94, 98
2026/08/05 09:41:02.424, 0, NVIDIA GeForce RTX 3080, 8609, 1443, 10240, 94, 98
2026/08/05 09:41:02.533, 0, NVIDIA GeForce RTX 3080, 8609, 1443, 10240, 94, 98
2026/08/05 09:41:02.642, 0, NVIDIA GeForce RTX 3080, 8609, 1443, 10240, 94, 98
2026/08/05 09:41:02.752, 0, NVIDIA GeForce RTX 3080, 8609, 1443, 10240, 94, 98
2026/08/05 09:41:02.860, 0, NVIDIA GeForce RTX 3080, 8609, 1443, 10240, 94, 98
2026/08/05 09:41:02.970, 0, NVIDIA GeForce RTX 3080, 8609, 1443, 10240, 94, 98
2026/08/05 09:41:03.079, 0, NVIDIA GeForce RTX 3080, 8609, 1443, 10240, 94, 98
2026/08/05 09:41:03.187, 0, NVIDIA GeForce RTX 3080, 8609, 1443, 10240, 94, 98
2026/08/05 09:41:03.297, 0, NVIDIA GeForce RTX 3080, 8609, 1443, 10240, 94, 98
2026/08/05 09:41:03.406, 0, NVIDIA GeForce RTX 3080, 8609, 1443, 10240, 94, 98
2026/08/05 09:41:03.515, 0, NVIDIA GeForce RTX 3080, 8609, 1443, 10240, 94, 98
2026/08/05 09:41:03.624, 0, NVIDIA GeForce RTX 3080, 8609, 1443, 10240, 94, 98
2026/08/05 09:41:03.733, 0, NVIDIA GeForce RTX 3080, 8609, 1443, 10240, 94, 98
2026/08/05 09:41:03.842, 0, NVIDIA GeForce RTX 3080, 8609, 1443, 10240, 94, 98
2026/08/05 09:41:03.951, 0, NVIDIA GeForce RTX 3080, 8609, 1443, 10240, 94, 98
2026/08/05 09:41:04.060, 0, NVIDIA GeForce RTX 3080, 8609, 1443, 10240, 94, 98
2026/08/05 09:41:04.169, 0, NVIDIA GeForce RTX 3080, 8609, 1443, 10240, 94, 98
2026/08/05 09:41:04.279, 0, NVIDIA GeForce RTX 3080, 8609, 1443, 10240, 94, 98
2026/08/05 09:41:04.387, 0, NVIDIA GeForce RTX 3080, 8609, 1443, 10240, 94, 98
2026/08/05 09:41:04.497, 0, NVIDIA GeForce RTX 3080, 8609, 1443, 10240, 94, 98
2026/08/05 09:41:04.606, 0, NVIDIA GeForce RTX 3080, 8609, 1443, 10240, 90, 95
2026/08/05 09:41:04.714, 0, NVIDIA GeForce RTX 3080, 8609, 1443, 10240, 90, 95
2026/08/05 09:41:04.824, 0, NVIDIA GeForce RTX 3080, 8609, 1443, 10240, 90, 95
2026/08/05 09:41:04.932, 0, NVIDIA GeForce RTX 3080, 8609, 1443, 10240, 90, 95
2026/08/05 09:41:05.042, 0, NVIDIA GeForce RTX 3080, 8609, 1443, 10240, 90, 95
2026/08/05 09:41:05.152, 0, NVIDIA GeForce RTX 3080, 8609, 1443, 10240, 94, 98
2026/08/05 09:41:05.260, 0, NVIDIA GeForce RTX 3080, 8609, 1443, 10240, 94, 98
2026/08/05 09:41:05.370, 0, NVIDIA GeForce RTX 3080, 8609, 1443, 10240, 94, 98
2026/08/05 09:41:05.478, 0, NVIDIA GeForce RTX 3080, 8609, 1443, 10240, 94, 98
2026/08/05 09:41:05.587, 0, NVIDIA GeForce RTX 3080, 8609, 1443, 10240, 94, 98
2026/08/05 09:41:05.696, 0, NVIDIA GeForce RTX 3080, 8609, 1443, 10240, 94, 98
2026/08/05 09:41:05.806, 0, NVIDIA GeForce RTX 3080, 8609, 1443, 10240, 94, 98
2026/08/05 09:41:05.915, 0, NVIDIA GeForce RTX 3080, 8609, 1443, 10240, 94, 98
2026/08/05 09:41:06.024, 0, NVIDIA GeForce RTX 3080, 8609, 1443, 10240, 94, 98
2026/08/05 09:41:06.133, 0, NVIDIA GeForce RTX 3080, 8609, 1443, 10240, 94, 98
2026/08/05 09:41:06.242, 0, NVIDIA GeForce RTX 3080, 8609, 1443, 10240, 94, 98
2026/08/05 09:41:06.351, 0, NVIDIA GeForce RTX 3080, 8609, 1443, 10240, 94, 98
2026/08/05 09:41:06.459, 0, NVIDIA GeForce RTX 3080, 8609, 1443, 10240, 94, 98
2026/08/05 09:41:06.568, 0, NVIDIA GeForce RTX 3080, 8609, 1443, 10240, 91, 96
2026/08/05 09:41:06.677, 0, NVIDIA GeForce RTX 3080, 8609, 1443, 10240, 91, 96
2026/08/05 09:41:06.785, 0, NVIDIA GeForce RTX 3080, 8609, 1443, 10240, 91, 96
2026/08/05 09:41:06.895, 0, NVIDIA GeForce RTX 3080, 8609, 1443, 10240, 91, 96
2026/08/05 09:41:07.003, 0, NVIDIA GeForce RTX 3080, 8609, 1443, 10240, 91, 96
2026/08/05 09:41:07.112, 0, NVIDIA GeForce RTX 3080, 8609, 1443, 10240, 94, 98
2026/08/05 09:41:07.222, 0, NVIDIA GeForce RTX 3080, 8609, 1443, 10240, 94, 98
2026/08/05 09:41:07.330, 0, NVIDIA GeForce RTX 3080, 8609, 1443, 10240, 94, 98
2026/08/05 09:41:07.440, 0, NVIDIA GeForce RTX 3080, 8609, 1443, 10240, 94, 98
2026/08/05 09:41:07.549, 0, NVIDIA GeForce RTX 3080, 8609, 1443, 10240, 94, 98
2026/08/05 09:41:07.658, 0, NVIDIA GeForce RTX 3080, 8609, 1443, 10240, 94, 98
2026/08/05 09:41:07.767, 0, NVIDIA GeForce RTX 3080, 8609, 1443, 10240, 94, 98
2026/08/05 09:41:07.877, 0, NVIDIA GeForce RTX 3080, 8609, 1443, 10240, 94, 98
2026/08/05 09:41:07.986, 0, NVIDIA GeForce RTX 3080, 8609, 1443, 10240, 94, 98
2026/08/05 09:41:08.095, 0, NVIDIA GeForce RTX 3080, 8609, 1443, 10240, 94, 98
2026/08/05 09:41:08.204, 0, NVIDIA GeForce RTX 3080, 8609, 1443, 10240, 94, 98
2026/08/05 09:41:08.313, 0, NVIDIA GeForce RTX 3080, 8609, 1443, 10240, 94, 98
2026/08/05 09:41:08.423, 0, NVIDIA GeForce RTX 3080, 8609, 1443, 10240, 94, 98
2026/08/05 09:41:08.524, 0, NVIDIA GeForce RTX 3080, 8609, 1443, 10240, 94, 98
2026/08/05 09:41:08.633, 0, NVIDIA GeForce RTX 3080, 8609, 1443, 10240, 94, 98
2026/08/05 09:41:08.743, 0, NVIDIA GeForce RTX 3080, 8609, 1443, 10240, 94, 98
2026/08/05 09:41:08.851, 0, NVIDIA GeForce RTX 3080, 8609, 1443, 10240, 94, 98
2026/08/05 09:41:08.960, 0, NVIDIA GeForce RTX 3080, 8609, 1443, 10240, 94, 98
2026/08/05 09:41:09.069, 0, NVIDIA GeForce RTX 3080, 8609, 1443, 10240, 95, 98
2026/08/05 09:41:09.178, 0, NVIDIA GeForce RTX 3080, 8609, 1443, 10240, 95, 98
2026/08/05 09:41:09.288, 0, NVIDIA GeForce RTX 3080, 8609, 1443, 10240, 95, 98
2026/08/05 09:41:09.397, 0, NVIDIA GeForce RTX 3080, 8609, 1443, 10240, 95, 98
2026/08/05 09:41:09.498, 0, NVIDIA GeForce RTX 3080, 8609, 1443, 10240, 95, 98
2026/08/05 09:41:09.606, 0, NVIDIA GeForce RTX 3080, 8609, 1443, 10240, 94, 98
2026/08/05 09:41:09.714, 0, NVIDIA GeForce RTX 3080, 8609, 1443, 10240, 94, 98
2026/08/05 09:41:09.823, 0, NVIDIA GeForce RTX 3080, 8609, 1443, 10240, 94, 98
2026/08/05 09:41:09.932, 0, NVIDIA GeForce RTX 3080, 8609, 1443, 10240, 94, 98
2026/08/05 09:41:10.041, 0, NVIDIA GeForce RTX 3080, 8609, 1443, 10240, 94, 98
2026/08/05 09:41:10.150, 0, NVIDIA GeForce RTX 3080, 8609, 1443, 10240, 95, 98
2026/08/05 09:41:10.259, 0, NVIDIA GeForce RTX 3080, 8609, 1443, 10240, 95, 98
2026/08/05 09:41:10.367, 0, NVIDIA GeForce RTX 3080, 8609, 1443, 10240, 95, 98
2026/08/05 09:41:10.475, 0, NVIDIA GeForce RTX 3080, 8609, 1443, 10240, 95, 98
2026/08/05 09:41:10.585, 0, NVIDIA GeForce RTX 3080, 8609, 1443, 10240, 94, 98
2026/08/05 09:41:10.694, 0, NVIDIA GeForce RTX 3080, 8609, 1443, 10240, 94, 98
2026/08/05 09:41:10.803, 0, NVIDIA GeForce RTX 3080, 8609, 1443, 10240, 94, 98
2026/08/05 09:41:10.913, 0, NVIDIA GeForce RTX 3080, 8609, 1443, 10240, 94, 98
2026/08/05 09:41:11.021, 0, NVIDIA GeForce RTX 3080, 8609, 1443, 10240, 94, 98
2026/08/05 09:41:11.131, 0, NVIDIA GeForce RTX 3080, 8609, 1443, 10240, 95, 98
2026/08/05 09:41:11.239, 0, NVIDIA GeForce RTX 3080, 8609, 1443, 10240, 95, 98
2026/08/05 09:41:11.348, 0, NVIDIA GeForce RTX 3080, 8609, 1443, 10240, 95, 98
2026/08/05 09:41:11.457, 0, NVIDIA GeForce RTX 3080, 8609, 1443, 10240, 95, 98
2026/08/05 09:41:11.567, 0, NVIDIA GeForce RTX 3080, 8609, 1443, 10240, 95, 98
2026/08/05 09:41:11.676, 0, NVIDIA GeForce RTX 3080, 8609, 1443, 10240, 95, 98
2026/08/05 09:41:11.785, 0, NVIDIA GeForce RTX 3080, 8609, 1443, 10240, 95, 98
2026/08/05 09:41:11.894, 0, NVIDIA GeForce RTX 3080, 8609, 1443, 10240, 95, 98
2026/08/05 09:41:12.003, 0, NVIDIA GeForce RTX 3080, 8609, 1443, 10240, 95, 98
2026/08/05 09:41:12.113, 0, NVIDIA GeForce RTX 3080, 8609, 1443, 10240, 95, 98
2026/08/05 09:41:12.222, 0, NVIDIA GeForce RTX 3080, 8609, 1443, 10240, 95, 98
2026/08/05 09:41:12.330, 0, NVIDIA GeForce RTX 3080, 8609, 1443, 10240, 95, 98
2026/08/05 09:41:12.440, 0, NVIDIA GeForce RTX 3080, 8609, 1443, 10240, 95, 98
2026/08/05 09:41:12.548, 0, NVIDIA GeForce RTX 3080, 8609, 1443, 10240, 95, 98
2026/08/05 09:41:12.658, 0, NVIDIA GeForce RTX 3080, 8609, 1443, 10240, 95, 98
2026/08/05 09:41:12.767, 0, NVIDIA GeForce RTX 3080, 8609, 1443, 10240, 95, 98
2026/08/05 09:41:12.876, 0, NVIDIA GeForce RTX 3080, 8609, 1443, 10240, 95, 98
2026/08/05 09:41:12.986, 0, NVIDIA GeForce RTX 3080, 8609, 1443, 10240, 95, 98
2026/08/05 09:41:13.093, 0, NVIDIA GeForce RTX 3080, 8609, 1443, 10240, 95, 98
2026/08/05 09:41:13.203, 0, NVIDIA GeForce RTX 3080, 8609, 1443, 10240, 95, 98
2026/08/05 09:41:13.312, 0, NVIDIA GeForce RTX 3080, 8609, 1443, 10240, 95, 98
2026/08/05 09:41:13.421, 0, NVIDIA GeForce RTX 3080, 8609, 1443, 10240, 95, 98
2026/08/05 09:41:13.531, 0, NVIDIA GeForce RTX 3080, 8609, 1443, 10240, 95, 98
2026/08/05 09:41:13.640, 0, NVIDIA GeForce RTX 3080, 8609, 1443, 10240, 94, 98
2026/08/05 09:41:13.749, 0, NVIDIA GeForce RTX 3080, 8609, 1443, 10240, 94, 98
2026/08/05 09:41:13.858, 0, NVIDIA GeForce RTX 3080, 8609, 1443, 10240, 94, 98
2026/08/05 09:41:13.967, 0, NVIDIA GeForce RTX 3080, 8609, 1443, 10240, 94, 98
2026/08/05 09:41:14.076, 0, NVIDIA GeForce RTX 3080, 8609, 1443, 10240, 94, 98
2026/08/05 09:41:14.185, 0, NVIDIA GeForce RTX 3080, 8609, 1443, 10240, 94, 98
2026/08/05 09:41:14.294, 0, NVIDIA GeForce RTX 3080, 8609, 1443, 10240, 94, 98
2026/08/05 09:41:14.403, 0, NVIDIA GeForce RTX 3080, 8609, 1443, 10240, 94, 98
2026/08/05 09:41:14.513, 0, NVIDIA GeForce RTX 3080, 8609, 1443, 10240, 94, 98
2026/08/05 09:41:14.621, 0, NVIDIA GeForce RTX 3080, 8609, 1443, 10240, 95, 98
2026/08/05 09:41:14.730, 0, NVIDIA GeForce RTX 3080, 8609, 1443, 10240, 95, 98
2026/08/05 09:41:14.840, 0, NVIDIA GeForce RTX 3080, 8609, 1443, 10240, 95, 98
2026/08/05 09:41:14.948, 0, NVIDIA GeForce RTX 3080, 8609, 1443, 10240, 95, 98
2026/08/05 09:41:15.058, 0, NVIDIA GeForce RTX 3080, 8609, 1443, 10240, 95, 98
2026/08/05 09:41:15.166, 0, NVIDIA GeForce RTX 3080, 8609, 1443, 10240, 91, 95
2026/08/05 09:41:15.275, 0, NVIDIA GeForce RTX 3080, 8609, 1443, 10240, 91, 95
2026/08/05 09:41:15.384, 0, NVIDIA GeForce RTX 3080, 8609, 1443, 10240, 91, 95
2026/08/05 09:41:15.493, 0, NVIDIA GeForce RTX 3080, 8609, 1443, 10240, 91, 95
2026/08/05 09:41:15.602, 0, NVIDIA GeForce RTX 3080, 8609, 1443, 10240, 95, 98
2026/08/05 09:41:15.711, 0, NVIDIA GeForce RTX 3080, 8609, 1443, 10240, 95, 98
2026/08/05 09:41:15.820, 0, NVIDIA GeForce RTX 3080, 8609, 1443, 10240, 95, 98
2026/08/05 09:41:15.929, 0, NVIDIA GeForce RTX 3080, 8609, 1443, 10240, 95, 98
2026/08/05 09:41:16.039, 0, NVIDIA GeForce RTX 3080, 8609, 1443, 10240, 95, 98
2026/08/05 09:41:16.148, 0, NVIDIA GeForce RTX 3080, 8609, 1443, 10240, 95, 98
2026/08/05 09:41:16.257, 0, NVIDIA GeForce RTX 3080, 8609, 1443, 10240, 95, 98
2026/08/05 09:41:16.366, 0, NVIDIA GeForce RTX 3080, 8609, 1443, 10240, 95, 98
2026/08/05 09:41:16.474, 0, NVIDIA GeForce RTX 3080, 8609, 1443, 10240, 95, 98
2026/08/05 09:41:16.584, 0, NVIDIA GeForce RTX 3080, 8609, 1443, 10240, 95, 98
2026/08/05 09:41:16.692, 0, NVIDIA GeForce RTX 3080, 8609, 1443, 10240, 95, 98
2026/08/05 09:41:16.802, 0, NVIDIA GeForce RTX 3080, 8609, 1443, 10240, 95, 98
2026/08/05 09:41:16.912, 0, NVIDIA GeForce RTX 3080, 8609, 1443, 10240, 95, 98
2026/08/05 09:41:17.020, 0, NVIDIA GeForce RTX 3080, 8609, 1443, 10240, 95, 98
2026/08/05 09:41:17.130, 0, NVIDIA GeForce RTX 3080, 8609, 1443, 10240, 95, 98
2026/08/05 09:41:17.239, 0, NVIDIA GeForce RTX 3080, 8609, 1443, 10240, 95, 98
2026/08/05 09:41:17.348, 0, NVIDIA GeForce RTX 3080, 8609, 1443, 10240, 95, 98
2026/08/05 09:41:17.457, 0, NVIDIA GeForce RTX 3080, 8609, 1443, 10240, 95, 98
2026/08/05 09:41:17.567, 0, NVIDIA GeForce RTX 3080, 8609, 1443, 10240, 95, 98
2026/08/05 09:41:17.676, 0, NVIDIA GeForce RTX 3080, 8609, 1443, 10240, 95, 98
2026/08/05 09:41:17.785, 0, NVIDIA GeForce RTX 3080, 8609, 1443, 10240, 95, 98
2026/08/05 09:41:17.894, 0, NVIDIA GeForce RTX 3080, 8609, 1443, 10240, 95, 98
2026/08/05 09:41:18.003, 0, NVIDIA GeForce RTX 3080, 8609, 1443, 10240, 95, 98
2026/08/05 09:41:18.112, 0, NVIDIA GeForce RTX 3080, 8609, 1443, 10240, 95, 98
2026/08/05 09:41:18.221, 0, NVIDIA GeForce RTX 3080, 8609, 1443, 10240, 95, 98
2026/08/05 09:41:18.333, 0, NVIDIA GeForce RTX 3080, 8609, 1443, 10240, 95, 98
2026/08/05 09:41:18.443, 0, NVIDIA GeForce RTX 3080, 8609, 1443, 10240, 95, 98
2026/08/05 09:41:18.551, 0, NVIDIA GeForce RTX 3080, 8609, 1443, 10240, 95, 98
2026/08/05 09:41:18.661, 0, NVIDIA GeForce RTX 3080, 8609, 1443, 10240, 95, 98
2026/08/05 09:41:18.770, 0, NVIDIA GeForce RTX 3080, 8609, 1443, 10240, 95, 98
2026/08/05 09:41:18.879, 0, NVIDIA GeForce RTX 3080, 8609, 1443, 10240, 95, 98
2026/08/05 09:41:18.989, 0, NVIDIA GeForce RTX 3080, 8609, 1443, 10240, 95, 98
2026/08/05 09:41:19.098, 0, NVIDIA GeForce RTX 3080, 8609, 1443, 10240, 95, 98
2026/08/05 09:41:19.206, 0, NVIDIA GeForce RTX 3080, 8609, 1443, 10240, 95, 98
2026/08/05 09:41:19.316, 0, NVIDIA GeForce RTX 3080, 8609, 1443, 10240, 95, 98
2026/08/05 09:41:19.424, 0, NVIDIA GeForce RTX 3080, 8609, 1443, 10240, 95, 98
2026/08/05 09:41:19.533, 0, NVIDIA GeForce RTX 3080, 8609, 1443, 10240, 95, 98
2026/08/05 09:41:19.642, 0, NVIDIA GeForce RTX 3080, 8609, 1443, 10240, 95, 98
2026/08/05 09:41:19.751, 0, NVIDIA GeForce RTX 3080, 8609, 1443, 10240, 95, 98
2026/08/05 09:41:19.861, 0, NVIDIA GeForce RTX 3080, 8609, 1443, 10240, 95, 98
2026/08/05 09:41:19.970, 0, NVIDIA GeForce RTX 3080, 8609, 1443, 10240, 95, 98
2026/08/05 09:41:20.079, 0, NVIDIA GeForce RTX 3080, 8609, 1443, 10240, 96, 98
2026/08/05 09:41:20.188, 0, NVIDIA GeForce RTX 3080, 8609, 1443, 10240, 96, 98
2026/08/05 09:41:20.297, 0, NVIDIA GeForce RTX 3080, 8609, 1443, 10240, 96, 98
2026/08/05 09:41:20.406, 0, NVIDIA GeForce RTX 3080, 8609, 1443, 10240, 96, 98
2026/08/05 09:41:20.515, 0, NVIDIA GeForce RTX 3080, 8609, 1443, 10240, 96, 98
2026/08/05 09:41:20.624, 0, NVIDIA GeForce RTX 3080, 8609, 1443, 10240, 95, 98
2026/08/05 09:41:20.734, 0, NVIDIA GeForce RTX 3080, 8609, 1443, 10240, 95, 98
2026/08/05 09:41:20.843, 0, NVIDIA GeForce RTX 3080, 8609, 1443, 10240, 95, 98
2026/08/05 09:41:20.952, 0, NVIDIA GeForce RTX 3080, 8609, 1443, 10240, 95, 98
2026/08/05 09:41:21.061, 0, NVIDIA GeForce RTX 3080, 8609, 1443, 10240, 95, 98
2026/08/05 09:41:21.171, 0, NVIDIA GeForce RTX 3080, 8609, 1443, 10240, 95, 98
2026/08/05 09:41:21.279, 0, NVIDIA GeForce RTX 3080, 8609, 1443, 10240, 95, 98
2026/08/05 09:41:21.389, 0, NVIDIA GeForce RTX 3080, 8609, 1443, 10240, 95, 98
2026/08/05 09:41:21.498, 0, NVIDIA GeForce RTX 3080, 8609, 1443, 10240, 95, 98
2026/08/05 09:41:21.606, 0, NVIDIA GeForce RTX 3080, 8609, 1443, 10240, 92, 96
2026/08/05 09:41:21.707, 0, NVIDIA GeForce RTX 3080, 8609, 1443, 10240, 92, 96
2026/08/05 09:41:21.816, 0, NVIDIA GeForce RTX 3080, 8609, 1443, 10240, 92, 96
2026/08/05 09:41:21.925, 0, NVIDIA GeForce RTX 3080, 8609, 1443, 10240, 92, 96
2026/08/05 09:41:22.034, 0, NVIDIA GeForce RTX 3080, 8609, 1443, 10240, 92, 96
2026/08/05 09:41:22.143, 0, NVIDIA GeForce RTX 3080, 8609, 1443, 10240, 95, 98
2026/08/05 09:41:22.253, 0, NVIDIA GeForce RTX 3080, 8609, 1443, 10240, 95, 98
2026/08/05 09:41:22.362, 0, NVIDIA GeForce RTX 3080, 8609, 1443, 10240, 95, 98
2026/08/05 09:41:22.471, 0, NVIDIA GeForce RTX 3080, 8609, 1443, 10240, 95, 98
2026/08/05 09:41:22.580, 0, NVIDIA GeForce RTX 3080, 8609, 1443, 10240, 95, 98
2026/08/05 09:41:22.688, 0, NVIDIA GeForce RTX 3080, 8609, 1443, 10240, 95, 98
2026/08/05 09:41:22.798, 0, NVIDIA GeForce RTX 3080, 8609, 1443, 10240, 95, 98
2026/08/05 09:41:22.907, 0, NVIDIA GeForce RTX 3080, 8609, 1443, 10240, 95, 98
2026/08/05 09:41:23.016, 0, NVIDIA GeForce RTX 3080, 8609, 1443, 10240, 95, 98
2026/08/05 09:41:23.125, 0, NVIDIA GeForce RTX 3080, 8609, 1443, 10240, 95, 98
2026/08/05 09:41:23.234, 0, NVIDIA GeForce RTX 3080, 8609, 1443, 10240, 95, 98
2026/08/05 09:41:23.344, 0, NVIDIA GeForce RTX 3080, 8609, 1443, 10240, 95, 98
2026/08/05 09:41:23.453, 0, NVIDIA GeForce RTX 3080, 8609, 1443, 10240, 95, 98
2026/08/05 09:41:23.562, 0, NVIDIA GeForce RTX 3080, 8609, 1443, 10240, 95, 98
2026/08/05 09:41:23.671, 0, NVIDIA GeForce RTX 3080, 8609, 1443, 10240, 95, 98
2026/08/05 09:41:23.781, 0, NVIDIA GeForce RTX 3080, 8609, 1443, 10240, 95, 98
2026/08/05 09:41:23.889, 0, NVIDIA GeForce RTX 3080, 8609, 1443, 10240, 95, 98
2026/08/05 09:41:23.998, 0, NVIDIA GeForce RTX 3080, 8609, 1443, 10240, 95, 98
2026/08/05 09:41:24.107, 0, NVIDIA GeForce RTX 3080, 8609, 1443, 10240, 96, 98
2026/08/05 09:41:24.215, 0, NVIDIA GeForce RTX 3080, 8609, 1443, 10240, 96, 98
2026/08/05 09:41:24.325, 0, NVIDIA GeForce RTX 3080, 8609, 1443, 10240, 96, 98
2026/08/05 09:41:24.433, 0, NVIDIA GeForce RTX 3080, 8609, 1443, 10240, 96, 98
2026/08/05 09:41:24.543, 0, NVIDIA GeForce RTX 3080, 8609, 1443, 10240, 96, 98
2026/08/05 09:41:24.652, 0, NVIDIA GeForce RTX 3080, 8609, 1443, 10240, 95, 98
2026/08/05 09:41:24.761, 0, NVIDIA GeForce RTX 3080, 8609, 1443, 10240, 95, 98
2026/08/05 09:41:24.870, 0, NVIDIA GeForce RTX 3080, 8609, 1443, 10240, 95, 98
2026/08/05 09:41:24.979, 0, NVIDIA GeForce RTX 3080, 8609, 1443, 10240, 95, 98
2026/08/05 09:41:25.088, 0, NVIDIA GeForce RTX 3080, 8609, 1443, 10240, 96, 98
2026/08/05 09:41:25.197, 0, NVIDIA GeForce RTX 3080, 8609, 1443, 10240, 96, 98
2026/08/05 09:41:25.307, 0, NVIDIA GeForce RTX 3080, 8609, 1443, 10240, 96, 98
2026/08/05 09:41:25.416, 0, NVIDIA GeForce RTX 3080, 8609, 1443, 10240, 96, 98
2026/08/05 09:41:25.525, 0, NVIDIA GeForce RTX 3080, 8609, 1443, 10240, 96, 98
2026/08/05 09:41:25.634, 0, NVIDIA GeForce RTX 3080, 8609, 1443, 10240, 96, 98
2026/08/05 09:41:25.743, 0, NVIDIA GeForce RTX 3080, 8609, 1443, 10240, 96, 98
2026/08/05 09:41:25.846, 0, NVIDIA GeForce RTX 3080, 8609, 1443, 10240, 96, 98
2026/08/05 09:41:25.955, 0, NVIDIA GeForce RTX 3080, 8609, 1443, 10240, 96, 98
2026/08/05 09:41:26.064, 0, NVIDIA GeForce RTX 3080, 8609, 1443, 10240, 96, 98
2026/08/05 09:41:26.173, 0, NVIDIA GeForce RTX 3080, 8609, 1443, 10240, 96, 98
2026/08/05 09:41:26.283, 0, NVIDIA GeForce RTX 3080, 8609, 1443, 10240, 96, 98
2026/08/05 09:41:26.392, 0, NVIDIA GeForce RTX 3080, 8609, 1443, 10240, 96, 98
2026/08/05 09:41:26.501, 0, NVIDIA GeForce RTX 3080, 8609, 1443, 10240, 96, 98
2026/08/05 09:41:26.609, 0, NVIDIA GeForce RTX 3080, 8609, 1443, 10240, 96, 98
2026/08/05 09:41:26.719, 0, NVIDIA GeForce RTX 3080, 8609, 1443, 10240, 96, 98
2026/08/05 09:41:26.828, 0, NVIDIA GeForce RTX 3080, 8609, 1443, 10240, 96, 98
2026/08/05 09:41:26.937, 0, NVIDIA GeForce RTX 3080, 8609, 1443, 10240, 96, 98
2026/08/05 09:41:27.047, 0, NVIDIA GeForce RTX 3080, 8609, 1443, 10240, 96, 98
2026/08/05 09:41:27.155, 0, NVIDIA GeForce RTX 3080, 8609, 1443, 10240, 96, 98
2026/08/05 09:41:27.265, 0, NVIDIA GeForce RTX 3080, 8609, 1443, 10240, 96, 98
2026/08/05 09:41:27.373, 0, NVIDIA GeForce RTX 3080, 8609, 1443, 10240, 96, 98
2026/08/05 09:41:27.483, 0, NVIDIA GeForce RTX 3080, 8609, 1443, 10240, 96, 98
2026/08/05 09:41:27.593, 0, NVIDIA GeForce RTX 3080, 8609, 1443, 10240, 96, 98
2026/08/05 09:41:27.701, 0, NVIDIA GeForce RTX 3080, 8609, 1443, 10240, 96, 98
2026/08/05 09:41:27.811, 0, NVIDIA GeForce RTX 3080, 8609, 1443, 10240, 96, 98
2026/08/05 09:41:27.920, 0, NVIDIA GeForce RTX 3080, 8609, 1443, 10240, 96, 98
2026/08/05 09:41:28.029, 0, NVIDIA GeForce RTX 3080, 8609, 1443, 10240, 96, 98
2026/08/05 09:41:28.138, 0, NVIDIA GeForce RTX 3080, 8609, 1443, 10240, 96, 98
2026/08/05 09:41:28.247, 0, NVIDIA GeForce RTX 3080, 8609, 1443, 10240, 96, 98
2026/08/05 09:41:28.356, 0, NVIDIA GeForce RTX 3080, 8609, 1443, 10240, 96, 98
2026/08/05 09:41:28.465, 0, NVIDIA GeForce RTX 3080, 8609, 1443, 10240, 96, 98
2026/08/05 09:41:28.574, 0, NVIDIA GeForce RTX 3080, 8609, 1443, 10240, 96, 98
2026/08/05 09:41:28.683, 0, NVIDIA GeForce RTX 3080, 8609, 1443, 10240, 96, 98
2026/08/05 09:41:28.792, 0, NVIDIA GeForce RTX 3080, 8609, 1443, 10240, 96, 98
2026/08/05 09:41:28.901, 0, NVIDIA GeForce RTX 3080, 8609, 1443, 10240, 96, 98
2026/08/05 09:41:29.010, 0, NVIDIA GeForce RTX 3080, 8609, 1443, 10240, 96, 98
2026/08/05 09:41:29.120, 0, NVIDIA GeForce RTX 3080, 8609, 1443, 10240, 96, 98
2026/08/05 09:41:29.229, 0, NVIDIA GeForce RTX 3080, 8609, 1443, 10240, 96, 98
2026/08/05 09:41:29.338, 0, NVIDIA GeForce RTX 3080, 8609, 1443, 10240, 96, 98
2026/08/05 09:41:29.447, 0, NVIDIA GeForce RTX 3080, 8609, 1443, 10240, 96, 98
2026/08/05 09:41:29.555, 0, NVIDIA GeForce RTX 3080, 8609, 1443, 10240, 96, 98
2026/08/05 09:41:29.665, 0, NVIDIA GeForce RTX 3080, 8609, 1443, 10240, 96, 98
2026/08/05 09:41:29.774, 0, NVIDIA GeForce RTX 3080, 8609, 1443, 10240, 96, 98
2026/08/05 09:41:29.883, 0, NVIDIA GeForce RTX 3080, 8609, 1443, 10240, 96, 98
2026/08/05 09:41:29.993, 0, NVIDIA GeForce RTX 3080, 8609, 1443, 10240, 96, 98
2026/08/05 09:41:30.102, 0, NVIDIA GeForce RTX 3080, 8609, 1443, 10240, 96, 98
2026/08/05 09:41:30.211, 0, NVIDIA GeForce RTX 3080, 8609, 1443, 10240, 96, 98
2026/08/05 09:41:30.320, 0, NVIDIA GeForce RTX 3080, 8609, 1443, 10240, 96, 98
2026/08/05 09:41:30.427, 0, NVIDIA GeForce RTX 3080, 8609, 1443, 10240, 96, 98
2026/08/05 09:41:30.537, 0, NVIDIA GeForce RTX 3080, 8609, 1443, 10240, 96, 98
2026/08/05 09:41:30.645, 0, NVIDIA GeForce RTX 3080, 8609, 1443, 10240, 94, 98
2026/08/05 09:41:30.754, 0, NVIDIA GeForce RTX 3080, 8609, 1443, 10240, 94, 98
2026/08/05 09:41:30.864, 0, NVIDIA GeForce RTX 3080, 8609, 1443, 10240, 94, 98
2026/08/05 09:41:30.972, 0, NVIDIA GeForce RTX 3080, 8609, 1443, 10240, 94, 98
2026/08/05 09:41:31.081, 0, NVIDIA GeForce RTX 3080, 8609, 1443, 10240, 94, 98
2026/08/05 09:41:31.190, 0, NVIDIA GeForce RTX 3080, 8609, 1443, 10240, 94, 98
2026/08/05 09:41:31.299, 0, NVIDIA GeForce RTX 3080, 8609, 1443, 10240, 94, 98
2026/08/05 09:41:31.408, 0, NVIDIA GeForce RTX 3080, 8609, 1443, 10240, 94, 98
2026/08/05 09:41:31.518, 0, NVIDIA GeForce RTX 3080, 8609, 1443, 10240, 94, 98
2026/08/05 09:41:31.627, 0, NVIDIA GeForce RTX 3080, 8609, 1443, 10240, 94, 98
2026/08/05 09:41:31.736, 0, NVIDIA GeForce RTX 3080, 8609, 1443, 10240, 94, 98
2026/08/05 09:41:31.850, 0, NVIDIA GeForce RTX 3080, 8609, 1443, 10240, 94, 98
2026/08/05 09:41:31.959, 0, NVIDIA GeForce RTX 3080, 8609, 1443, 10240, 94, 98
2026/08/05 09:41:32.068, 0, NVIDIA GeForce RTX 3080, 8609, 1443, 10240, 94, 98
2026/08/05 09:41:32.178, 0, NVIDIA GeForce RTX 3080, 8609, 1443, 10240, 94, 98
2026/08/05 09:41:32.286, 0, NVIDIA GeForce RTX 3080, 8609, 1443, 10240, 94, 98
2026/08/05 09:41:32.396, 0, NVIDIA GeForce RTX 3080, 8609, 1443, 10240, 94, 98
2026/08/05 09:41:32.506, 0, NVIDIA GeForce RTX 3080, 8609, 1443, 10240, 94, 98
2026/08/05 09:41:32.613, 0, NVIDIA GeForce RTX 3080, 8609, 1443, 10240, 94, 98
2026/08/05 09:41:32.723, 0, NVIDIA GeForce RTX 3080, 8609, 1443, 10240, 94, 98
2026/08/05 09:41:32.831, 0, NVIDIA GeForce RTX 3080, 8609, 1443, 10240, 94, 98
2026/08/05 09:41:32.941, 0, NVIDIA GeForce RTX 3080, 8609, 1443, 10240, 94, 98
2026/08/05 09:41:33.051, 0, NVIDIA GeForce RTX 3080, 8609, 1443, 10240, 94, 98
2026/08/05 09:41:33.159, 0, NVIDIA GeForce RTX 3080, 8609, 1443, 10240, 94, 98
2026/08/05 09:41:33.269, 0, NVIDIA GeForce RTX 3080, 8609, 1443, 10240, 94, 98
2026/08/05 09:41:33.378, 0, NVIDIA GeForce RTX 3080, 8609, 1443, 10240, 94, 98
2026/08/05 09:41:33.487, 0, NVIDIA GeForce RTX 3080, 8609, 1443, 10240, 94, 98
2026/08/05 09:41:33.596, 0, NVIDIA GeForce RTX 3080, 8609, 1443, 10240, 94, 98
2026/08/05 09:41:33.706, 0, NVIDIA GeForce RTX 3080, 8609, 1443, 10240, 94, 98
2026/08/05 09:41:33.815, 0, NVIDIA GeForce RTX 3080, 8609, 1443, 10240, 94, 98
2026/08/05 09:41:33.924, 0, NVIDIA GeForce RTX 3080, 8609, 1443, 10240, 94, 98
2026/08/05 09:41:34.033, 0, NVIDIA GeForce RTX 3080, 8609, 1443, 10240, 94, 98
2026/08/05 09:41:34.141, 0, NVIDIA GeForce RTX 3080, 8609, 1443, 10240, 94, 98
2026/08/05 09:41:34.251, 0, NVIDIA GeForce RTX 3080, 8609, 1443, 10240, 94, 98
2026/08/05 09:41:34.359, 0, NVIDIA GeForce RTX 3080, 8609, 1443, 10240, 94, 98
2026/08/05 09:41:34.469, 0, NVIDIA GeForce RTX 3080, 8609, 1443, 10240, 94, 98
2026/08/05 09:41:34.578, 0, NVIDIA GeForce RTX 3080, 8609, 1443, 10240, 94, 98
2026/08/05 09:41:34.687, 0, NVIDIA GeForce RTX 3080, 8609, 1443, 10240, 94, 98
2026/08/05 09:41:34.801, 0, NVIDIA GeForce RTX 3080, 8609, 1443, 10240, 94, 98
2026/08/05 09:41:34.910, 0, NVIDIA GeForce RTX 3080, 8609, 1443, 10240, 94, 98
2026/08/05 09:41:35.019, 0, NVIDIA GeForce RTX 3080, 8609, 1443, 10240, 94, 98
2026/08/05 09:41:35.128, 0, NVIDIA GeForce RTX 3080, 8609, 1443, 10240, 94, 98
2026/08/05 09:41:35.238, 0, NVIDIA GeForce RTX 3080, 8609, 1443, 10240, 94, 98
2026/08/05 09:41:35.347, 0, NVIDIA GeForce RTX 3080, 8609, 1443, 10240, 94, 98
2026/08/05 09:41:35.457, 0, NVIDIA GeForce RTX 3080, 8609, 1443, 10240, 94, 98
2026/08/05 09:41:35.565, 0, NVIDIA GeForce RTX 3080, 8609, 1443, 10240, 94, 98
2026/08/05 09:41:35.674, 0, NVIDIA GeForce RTX 3080, 8609, 1443, 10240, 94, 98
2026/08/05 09:41:35.783, 0, NVIDIA GeForce RTX 3080, 8609, 1443, 10240, 94, 98
2026/08/05 09:41:35.896, 0, NVIDIA GeForce RTX 3080, 8609, 1443, 10240, 94, 98
2026/08/05 09:41:36.005, 0, NVIDIA GeForce RTX 3080, 8609, 1443, 10240, 94, 98
2026/08/05 09:41:36.114, 0, NVIDIA GeForce RTX 3080, 8609, 1443, 10240, 94, 98
2026/08/05 09:41:36.223, 0, NVIDIA GeForce RTX 3080, 8609, 1443, 10240, 94, 98
2026/08/05 09:41:36.332, 0, NVIDIA GeForce RTX 3080, 8609, 1443, 10240, 94, 98
2026/08/05 09:41:36.442, 0, NVIDIA GeForce RTX 3080, 8609, 1443, 10240, 94, 98
2026/08/05 09:41:36.551, 0, NVIDIA GeForce RTX 3080, 8609, 1443, 10240, 94, 98
2026/08/05 09:41:36.660, 0, NVIDIA GeForce RTX 3080, 8609, 1443, 10240, 94, 98
2026/08/05 09:41:36.770, 0, NVIDIA GeForce RTX 3080, 8609, 1443, 10240, 94, 98
2026/08/05 09:41:36.878, 0, NVIDIA GeForce RTX 3080, 8609, 1443, 10240, 94, 98
2026/08/05 09:41:36.988, 0, NVIDIA GeForce RTX 3080, 8609, 1443, 10240, 94, 98
2026/08/05 09:41:37.097, 0, NVIDIA GeForce RTX 3080, 8609, 1443, 10240, 94, 98
2026/08/05 09:41:37.206, 0, NVIDIA GeForce RTX 3080, 8609, 1443, 10240, 94, 98
2026/08/05 09:41:37.316, 0, NVIDIA GeForce RTX 3080, 8609, 1443, 10240, 94, 98
2026/08/05 09:41:37.424, 0, NVIDIA GeForce RTX 3080, 8609, 1443, 10240, 94, 98
2026/08/05 09:41:37.533, 0, NVIDIA GeForce RTX 3080, 8609, 1443, 10240, 94, 98
2026/08/05 09:41:37.642, 0, NVIDIA GeForce RTX 3080, 8609, 1443, 10240, 94, 98
2026/08/05 09:41:37.751, 0, NVIDIA GeForce RTX 3080, 8609, 1443, 10240, 94, 98
2026/08/05 09:41:37.860, 0, NVIDIA GeForce RTX 3080, 8609, 1443, 10240, 94, 98
2026/08/05 09:41:37.970, 0, NVIDIA GeForce RTX 3080, 8609, 1443, 10240, 94, 98
2026/08/05 09:41:38.079, 0, NVIDIA GeForce RTX 3080, 8609, 1443, 10240, 94, 98
2026/08/05 09:41:38.188, 0, NVIDIA GeForce RTX 3080, 8609, 1443, 10240, 94, 98
2026/08/05 09:41:38.297, 0, NVIDIA GeForce RTX 3080, 8609, 1443, 10240, 94, 98
2026/08/05 09:41:38.406, 0, NVIDIA GeForce RTX 3080, 8609, 1443, 10240, 94, 98
2026/08/05 09:41:38.515, 0, NVIDIA GeForce RTX 3080, 8609, 1443, 10240, 94, 98
2026/08/05 09:41:38.624, 0, NVIDIA GeForce RTX 3080, 8609, 1443, 10240, 90, 95
2026/08/05 09:41:38.733, 0, NVIDIA GeForce RTX 3080, 8609, 1443, 10240, 90, 95
2026/08/05 09:41:38.843, 0, NVIDIA GeForce RTX 3080, 8609, 1443, 10240, 90, 95
2026/08/05 09:41:38.952, 0, NVIDIA GeForce RTX 3080, 8609, 1443, 10240, 90, 95
2026/08/05 09:41:39.061, 0, NVIDIA GeForce RTX 3080, 8609, 1443, 10240, 90, 95
2026/08/05 09:41:39.170, 0, NVIDIA GeForce RTX 3080, 8609, 1443, 10240, 94, 98
2026/08/05 09:41:39.279, 0, NVIDIA GeForce RTX 3080, 8609, 1443, 10240, 94, 98
2026/08/05 09:41:39.388, 0, NVIDIA GeForce RTX 3080, 8609, 1443, 10240, 94, 98
2026/08/05 09:41:39.498, 0, NVIDIA GeForce RTX 3080, 8609, 1443, 10240, 94, 98
2026/08/05 09:41:39.606, 0, NVIDIA GeForce RTX 3080, 8609, 1443, 10240, 94, 98
2026/08/05 09:41:39.715, 0, NVIDIA GeForce RTX 3080, 8609, 1443, 10240, 94, 98
2026/08/05 09:41:39.824, 0, NVIDIA GeForce RTX 3080, 8609, 1443, 10240, 94, 98
2026/08/05 09:41:39.934, 0, NVIDIA GeForce RTX 3080, 8609, 1443, 10240, 94, 98
2026/08/05 09:41:40.043, 0, NVIDIA GeForce RTX 3080, 8609, 1443, 10240, 94, 98
2026/08/05 09:41:40.152, 0, NVIDIA GeForce RTX 3080, 8609, 1443, 10240, 94, 98
2026/08/05 09:41:40.260, 0, NVIDIA GeForce RTX 3080, 8609, 1443, 10240, 94, 98
2026/08/05 09:41:40.370, 0, NVIDIA GeForce RTX 3080, 8609, 1443, 10240, 94, 98
2026/08/05 09:41:40.478, 0, NVIDIA GeForce RTX 3080, 8609, 1443, 10240, 94, 98
2026/08/05 09:41:40.588, 0, NVIDIA GeForce RTX 3080, 8609, 1443, 10240, 94, 98
2026/08/05 09:41:40.697, 0, NVIDIA GeForce RTX 3080, 8609, 1443, 10240, 94, 98
2026/08/05 09:41:40.805, 0, NVIDIA GeForce RTX 3080, 8609, 1443, 10240, 94, 98
2026/08/05 09:41:40.915, 0, NVIDIA GeForce RTX 3080, 8609, 1443, 10240, 94, 98
2026/08/05 09:41:41.023, 0, NVIDIA GeForce RTX 3080, 8609, 1443, 10240, 94, 98
2026/08/05 09:41:41.133, 0, NVIDIA GeForce RTX 3080, 8609, 1443, 10240, 94, 98
2026/08/05 09:41:41.242, 0, NVIDIA GeForce RTX 3080, 8609, 1443, 10240, 94, 98
2026/08/05 09:41:41.351, 0, NVIDIA GeForce RTX 3080, 8609, 1443, 10240, 94, 98
2026/08/05 09:41:41.460, 0, NVIDIA GeForce RTX 3080, 8609, 1443, 10240, 94, 98
2026/08/05 09:41:41.569, 0, NVIDIA GeForce RTX 3080, 8609, 1443, 10240, 95, 98
2026/08/05 09:41:41.678, 0, NVIDIA GeForce RTX 3080, 8609, 1443, 10240, 95, 98
2026/08/05 09:41:41.787, 0, NVIDIA GeForce RTX 3080, 8609, 1443, 10240, 95, 98
2026/08/05 09:41:41.897, 0, NVIDIA GeForce RTX 3080, 8609, 1443, 10240, 95, 98
2026/08/05 09:41:42.006, 0, NVIDIA GeForce RTX 3080, 8609, 1443, 10240, 95, 98
2026/08/05 09:41:42.115, 0, NVIDIA GeForce RTX 3080, 8609, 1443, 10240, 94, 98
2026/08/05 09:41:42.224, 0, NVIDIA GeForce RTX 3080, 8609, 1443, 10240, 94, 98
2026/08/05 09:41:42.333, 0, NVIDIA GeForce RTX 3080, 8609, 1443, 10240, 94, 98
2026/08/05 09:41:42.443, 0, NVIDIA GeForce RTX 3080, 8609, 1443, 10240, 94, 98
2026/08/05 09:41:42.551, 0, NVIDIA GeForce RTX 3080, 8609, 1443, 10240, 94, 98
2026/08/05 09:41:42.661, 0, NVIDIA GeForce RTX 3080, 8609, 1443, 10240, 94, 98
2026/08/05 09:41:42.770, 0, NVIDIA GeForce RTX 3080, 8609, 1443, 10240, 94, 98
2026/08/05 09:41:42.879, 0, NVIDIA GeForce RTX 3080, 8609, 1443, 10240, 94, 98
2026/08/05 09:41:42.988, 0, NVIDIA GeForce RTX 3080, 8609, 1443, 10240, 94, 98
2026/08/05 09:41:43.097, 0, NVIDIA GeForce RTX 3080, 8609, 1443, 10240, 95, 98
2026/08/05 09:41:43.206, 0, NVIDIA GeForce RTX 3080, 8609, 1443, 10240, 95, 98
2026/08/05 09:41:43.315, 0, NVIDIA GeForce RTX 3080, 8609, 1443, 10240, 95, 98
2026/08/05 09:41:43.424, 0, NVIDIA GeForce RTX 3080, 8609, 1443, 10240, 95, 98
2026/08/05 09:41:43.533, 0, NVIDIA GeForce RTX 3080, 8609, 1443, 10240, 95, 98
2026/08/05 09:41:43.643, 0, NVIDIA GeForce RTX 3080, 8609, 1443, 10240, 95, 98
2026/08/05 09:41:43.751, 0, NVIDIA GeForce RTX 3080, 8609, 1443, 10240, 95, 98
2026/08/05 09:41:43.861, 0, NVIDIA GeForce RTX 3080, 8609, 1443, 10240, 95, 98
2026/08/05 09:41:43.971, 0, NVIDIA GeForce RTX 3080, 8609, 1443, 10240, 95, 98
2026/08/05 09:41:44.079, 0, NVIDIA GeForce RTX 3080, 8609, 1443, 10240, 95, 98
2026/08/05 09:41:44.189, 0, NVIDIA GeForce RTX 3080, 8609, 1443, 10240, 95, 98
2026/08/05 09:41:44.297, 0, NVIDIA GeForce RTX 3080, 8609, 1443, 10240, 95, 98
2026/08/05 09:41:44.406, 0, NVIDIA GeForce RTX 3080, 8609, 1443, 10240, 95, 98
2026/08/05 09:41:44.515, 0, NVIDIA GeForce RTX 3080, 8609, 1443, 10240, 95, 98
2026/08/05 09:41:44.624, 0, NVIDIA GeForce RTX 3080, 8609, 1443, 10240, 95, 98
2026/08/05 09:41:44.733, 0, NVIDIA GeForce RTX 3080, 8609, 1443, 10240, 95, 98
2026/08/05 09:41:44.842, 0, NVIDIA GeForce RTX 3080, 8609, 1443, 10240, 95, 98
2026/08/05 09:41:44.951, 0, NVIDIA GeForce RTX 3080, 8609, 1443, 10240, 95, 98
2026/08/05 09:41:45.060, 0, NVIDIA GeForce RTX 3080, 8609, 1443, 10240, 95, 98
2026/08/05 09:41:45.170, 0, NVIDIA GeForce RTX 3080, 8609, 1443, 10240, 95, 98
2026/08/05 09:41:45.270, 0, NVIDIA GeForce RTX 3080, 8609, 1443, 10240, 95, 98
2026/08/05 09:41:45.379, 0, NVIDIA GeForce RTX 3080, 8609, 1443, 10240, 95, 98
2026/08/05 09:41:45.488, 0, NVIDIA GeForce RTX 3080, 8609, 1443, 10240, 95, 98
2026/08/05 09:41:45.597, 0, NVIDIA GeForce RTX 3080, 8609, 1443, 10240, 95, 98
2026/08/05 09:41:45.707, 0, NVIDIA GeForce RTX 3080, 8609, 1443, 10240, 95, 98
2026/08/05 09:41:45.815, 0, NVIDIA GeForce RTX 3080, 8609, 1443, 10240, 95, 98
2026/08/05 09:41:45.925, 0, NVIDIA GeForce RTX 3080, 8609, 1443, 10240, 95, 98
2026/08/05 09:41:46.034, 0, NVIDIA GeForce RTX 3080, 8609, 1443, 10240, 95, 98
2026/08/05 09:41:46.142, 0, NVIDIA GeForce RTX 3080, 8609, 1443, 10240, 95, 98
2026/08/05 09:41:46.252, 0, NVIDIA GeForce RTX 3080, 8609, 1443, 10240, 95, 98
2026/08/05 09:41:46.360, 0, NVIDIA GeForce RTX 3080, 8609, 1443, 10240, 95, 98
2026/08/05 09:41:46.470, 0, NVIDIA GeForce RTX 3080, 8609, 1443, 10240, 95, 98
2026/08/05 09:41:46.580, 0, NVIDIA GeForce RTX 3080, 8609, 1443, 10240, 95, 98
2026/08/05 09:41:46.688, 0, NVIDIA GeForce RTX 3080, 8609, 1443, 10240, 95, 98
2026/08/05 09:41:46.798, 0, NVIDIA GeForce RTX 3080, 8609, 1443, 10240, 95, 98
2026/08/05 09:41:46.907, 0, NVIDIA GeForce RTX 3080, 8609, 1443, 10240, 95, 98
2026/08/05 09:41:47.016, 0, NVIDIA GeForce RTX 3080, 8609, 1443, 10240, 95, 98
2026/08/05 09:41:47.125, 0, NVIDIA GeForce RTX 3080, 8609, 1443, 10240, 95, 98
2026/08/05 09:41:47.234, 0, NVIDIA GeForce RTX 3080, 8609, 1443, 10240, 95, 98
2026/08/05 09:41:47.343, 0, NVIDIA GeForce RTX 3080, 8609, 1443, 10240, 95, 98
2026/08/05 09:41:47.452, 0, NVIDIA GeForce RTX 3080, 8609, 1443, 10240, 95, 98
2026/08/05 09:41:47.561, 0, NVIDIA GeForce RTX 3080, 8609, 1443, 10240, 95, 98
2026/08/05 09:41:47.670, 0, NVIDIA GeForce RTX 3080, 8609, 1443, 10240, 94, 98
2026/08/05 09:41:47.779, 0, NVIDIA GeForce RTX 3080, 8609, 1443, 10240, 94, 98
2026/08/05 09:41:47.887, 0, NVIDIA GeForce RTX 3080, 8609, 1443, 10240, 94, 98
2026/08/05 09:41:48.002, 0, NVIDIA GeForce RTX 3080, 8609, 1443, 10240, 94, 98
2026/08/05 09:41:48.112, 0, NVIDIA GeForce RTX 3080, 8609, 1443, 10240, 95, 98
2026/08/05 09:41:48.220, 0, NVIDIA GeForce RTX 3080, 8609, 1443, 10240, 95, 98
2026/08/05 09:41:48.330, 0, NVIDIA GeForce RTX 3080, 8609, 1443, 10240, 95, 98
2026/08/05 09:41:48.439, 0, NVIDIA GeForce RTX 3080, 8609, 1443, 10240, 95, 98
2026/08/05 09:41:48.548, 0, NVIDIA GeForce RTX 3080, 8609, 1443, 10240, 95, 98
2026/08/05 09:41:48.657, 0, NVIDIA GeForce RTX 3080, 8609, 1443, 10240, 94, 98
2026/08/05 09:41:48.767, 0, NVIDIA GeForce RTX 3080, 8609, 1443, 10240, 94, 98
2026/08/05 09:41:48.874, 0, NVIDIA GeForce RTX 3080, 8609, 1443, 10240, 94, 98
2026/08/05 09:41:48.983, 0, NVIDIA GeForce RTX 3080, 8609, 1443, 10240, 94, 98
2026/08/05 09:41:49.092, 0, NVIDIA GeForce RTX 3080, 8609, 1443, 10240, 93, 97
2026/08/05 09:41:49.201, 0, NVIDIA GeForce RTX 3080, 8609, 1443, 10240, 93, 97
2026/08/05 09:41:49.310, 0, NVIDIA GeForce RTX 3080, 8609, 1443, 10240, 93, 97
2026/08/05 09:41:49.419, 0, NVIDIA GeForce RTX 3080, 8609, 1443, 10240, 93, 97
2026/08/05 09:41:49.528, 0, NVIDIA GeForce RTX 3080, 8609, 1443, 10240, 93, 97
2026/08/05 09:41:49.638, 0, NVIDIA GeForce RTX 3080, 8609, 1443, 10240, 95, 98
2026/08/05 09:41:49.747, 0, NVIDIA GeForce RTX 3080, 8609, 1443, 10240, 95, 98
2026/08/05 09:41:49.857, 0, NVIDIA GeForce RTX 3080, 8609, 1443, 10240, 95, 98
2026/08/05 09:41:49.966, 0, NVIDIA GeForce RTX 3080, 8609, 1443, 10240, 95, 98
2026/08/05 09:41:50.075, 0, NVIDIA GeForce RTX 3080, 8609, 1443, 10240, 95, 98
2026/08/05 09:41:50.184, 0, NVIDIA GeForce RTX 3080, 8609, 1443, 10240, 95, 98
2026/08/05 09:41:50.292, 0, NVIDIA GeForce RTX 3080, 8609, 1443, 10240, 95, 98
2026/08/05 09:41:50.402, 0, NVIDIA GeForce RTX 3080, 8609, 1443, 10240, 95, 98
2026/08/05 09:41:50.511, 0, NVIDIA GeForce RTX 3080, 8609, 1443, 10240, 95, 98
2026/08/05 09:41:50.620, 0, NVIDIA GeForce RTX 3080, 8609, 1443, 10240, 95, 98
2026/08/05 09:41:50.730, 0, NVIDIA GeForce RTX 3080, 8609, 1443, 10240, 95, 98
2026/08/05 09:41:50.839, 0, NVIDIA GeForce RTX 3080, 8609, 1443, 10240, 95, 98
2026/08/05 09:41:50.948, 0, NVIDIA GeForce RTX 3080, 8609, 1443, 10240, 95, 98
2026/08/05 09:41:51.057, 0, NVIDIA GeForce RTX 3080, 8609, 1443, 10240, 95, 98
2026/08/05 09:41:51.167, 0, NVIDIA GeForce RTX 3080, 8609, 1443, 10240, 95, 98
2026/08/05 09:41:51.275, 0, NVIDIA GeForce RTX 3080, 8609, 1443, 10240, 95, 98
2026/08/05 09:41:51.385, 0, NVIDIA GeForce RTX 3080, 8609, 1443, 10240, 95, 98
2026/08/05 09:41:51.494, 0, NVIDIA GeForce RTX 3080, 8609, 1443, 10240, 95, 98
2026/08/05 09:41:51.603, 0, NVIDIA GeForce RTX 3080, 8609, 1443, 10240, 95, 98
2026/08/05 09:41:51.713, 0, NVIDIA GeForce RTX 3080, 8609, 1443, 10240, 95, 98
2026/08/05 09:41:51.822, 0, NVIDIA GeForce RTX 3080, 8609, 1443, 10240, 95, 98
2026/08/05 09:41:51.931, 0, NVIDIA GeForce RTX 3080, 8609, 1443, 10240, 95, 98
2026/08/05 09:41:52.040, 0, NVIDIA GeForce RTX 3080, 8609, 1443, 10240, 95, 98
2026/08/05 09:41:52.148, 0, NVIDIA GeForce RTX 3080, 8609, 1443, 10240, 95, 98
2026/08/05 09:41:52.258, 0, NVIDIA GeForce RTX 3080, 8609, 1443, 10240, 95, 98
2026/08/05 09:41:52.367, 0, NVIDIA GeForce RTX 3080, 8609, 1443, 10240, 95, 98
2026/08/05 09:41:52.475, 0, NVIDIA GeForce RTX 3080, 8609, 1443, 10240, 95, 98
2026/08/05 09:41:52.585, 0, NVIDIA GeForce RTX 3080, 8609, 1443, 10240, 95, 98
2026/08/05 09:41:52.693, 0, NVIDIA GeForce RTX 3080, 8609, 1443, 10240, 95, 98
2026/08/05 09:41:52.803, 0, NVIDIA GeForce RTX 3080, 8609, 1443, 10240, 95, 98
2026/08/05 09:41:52.912, 0, NVIDIA GeForce RTX 3080, 8609, 1443, 10240, 95, 98
2026/08/05 09:41:53.021, 0, NVIDIA GeForce RTX 3080, 8609, 1443, 10240, 95, 98
2026/08/05 09:41:53.131, 0, NVIDIA GeForce RTX 3080, 8609, 1443, 10240, 95, 98
2026/08/05 09:41:53.239, 0, NVIDIA GeForce RTX 3080, 8609, 1443, 10240, 95, 98
2026/08/05 09:41:53.348, 0, NVIDIA GeForce RTX 3080, 8609, 1443, 10240, 95, 98
2026/08/05 09:41:53.457, 0, NVIDIA GeForce RTX 3080, 8609, 1443, 10240, 95, 98
2026/08/05 09:41:53.567, 0, NVIDIA GeForce RTX 3080, 8609, 1443, 10240, 95, 98
2026/08/05 09:41:53.676, 0, NVIDIA GeForce RTX 3080, 8609, 1443, 10240, 95, 98
2026/08/05 09:41:53.785, 0, NVIDIA GeForce RTX 3080, 8609, 1443, 10240, 95, 98
2026/08/05 09:41:53.894, 0, NVIDIA GeForce RTX 3080, 8609, 1443, 10240, 95, 98
2026/08/05 09:41:54.003, 0, NVIDIA GeForce RTX 3080, 8609, 1443, 10240, 95, 98
2026/08/05 09:41:54.113, 0, NVIDIA GeForce RTX 3080, 8609, 1443, 10240, 95, 98
2026/08/05 09:41:54.221, 0, NVIDIA GeForce RTX 3080, 8609, 1443, 10240, 95, 98
2026/08/05 09:41:54.331, 0, NVIDIA GeForce RTX 3080, 8609, 1443, 10240, 95, 98
2026/08/05 09:41:54.441, 0, NVIDIA GeForce RTX 3080, 8609, 1443, 10240, 95, 98
2026/08/05 09:41:54.549, 0, NVIDIA GeForce RTX 3080, 8609, 1443, 10240, 95, 98
2026/08/05 09:41:54.659, 0, NVIDIA GeForce RTX 3080, 8609, 1443, 10240, 95, 98
2026/08/05 09:41:54.768, 0, NVIDIA GeForce RTX 3080, 8609, 1443, 10240, 95, 98
2026/08/05 09:41:54.877, 0, NVIDIA GeForce RTX 3080, 8609, 1443, 10240, 95, 98
2026/08/05 09:41:54.986, 0, NVIDIA GeForce RTX 3080, 8609, 1443, 10240, 95, 98
2026/08/05 09:41:55.096, 0, NVIDIA GeForce RTX 3080, 8609, 1443, 10240, 95, 98
2026/08/05 09:41:55.205, 0, NVIDIA GeForce RTX 3080, 8609, 1443, 10240, 95, 98
2026/08/05 09:41:55.314, 0, NVIDIA GeForce RTX 3080, 8609, 1443, 10240, 95, 98
2026/08/05 09:41:55.423, 0, NVIDIA GeForce RTX 3080, 8609, 1443, 10240, 95, 98
2026/08/05 09:41:55.532, 0, NVIDIA GeForce RTX 3080, 8609, 1443, 10240, 95, 98
2026/08/05 09:41:55.642, 0, NVIDIA GeForce RTX 3080, 8609, 1443, 10240, 92, 95
2026/08/05 09:41:55.750, 0, NVIDIA GeForce RTX 3080, 8609, 1443, 10240, 92, 95
2026/08/05 09:41:55.860, 0, NVIDIA GeForce RTX 3080, 8609, 1443, 10240, 92, 95
2026/08/05 09:41:55.969, 0, NVIDIA GeForce RTX 3080, 8609, 1443, 10240, 92, 95
2026/08/05 09:41:56.078, 0, NVIDIA GeForce RTX 3080, 8609, 1443, 10240, 95, 98
2026/08/05 09:41:56.187, 0, NVIDIA GeForce RTX 3080, 8609, 1443, 10240, 95, 98
2026/08/05 09:41:56.297, 0, NVIDIA GeForce RTX 3080, 8609, 1443, 10240, 95, 98
2026/08/05 09:41:56.405, 0, NVIDIA GeForce RTX 3080, 8609, 1443, 10240, 95, 98
2026/08/05 09:41:56.515, 0, NVIDIA GeForce RTX 3080, 8609, 1443, 10240, 95, 98
2026/08/05 09:41:56.624, 0, NVIDIA GeForce RTX 3080, 8609, 1443, 10240, 95, 98
2026/08/05 09:41:56.732, 0, NVIDIA GeForce RTX 3080, 8609, 1443, 10240, 95, 98
2026/08/05 09:41:56.842, 0, NVIDIA GeForce RTX 3080, 8609, 1443, 10240, 95, 98
2026/08/05 09:41:56.950, 0, NVIDIA GeForce RTX 3080, 8609, 1443, 10240, 95, 98
2026/08/05 09:41:57.060, 0, NVIDIA GeForce RTX 3080, 8609, 1443, 10240, 95, 98
2026/08/05 09:41:57.169, 0, NVIDIA GeForce RTX 3080, 8609, 1443, 10240, 95, 98
2026/08/05 09:41:57.278, 0, NVIDIA GeForce RTX 3080, 8609, 1443, 10240, 95, 98
2026/08/05 09:41:57.387, 0, NVIDIA GeForce RTX 3080, 8609, 1443, 10240, 95, 98
2026/08/05 09:41:57.497, 0, NVIDIA GeForce RTX 3080, 8609, 1443, 10240, 95, 98
2026/08/05 09:41:57.606, 0, NVIDIA GeForce RTX 3080, 8609, 1443, 10240, 95, 98
2026/08/05 09:41:57.715, 0, NVIDIA GeForce RTX 3080, 8609, 1443, 10240, 95, 98
2026/08/05 09:41:57.824, 0, NVIDIA GeForce RTX 3080, 8609, 1443, 10240, 95, 98
2026/08/05 09:41:57.933, 0, NVIDIA GeForce RTX 3080, 8609, 1443, 10240, 95, 98
2026/08/05 09:41:58.043, 0, NVIDIA GeForce RTX 3080, 8609, 1443, 10240, 95, 98
2026/08/05 09:41:58.152, 0, NVIDIA GeForce RTX 3080, 8609, 1443, 10240, 95, 98
2026/08/05 09:41:58.261, 0, NVIDIA GeForce RTX 3080, 8609, 1443, 10240, 95, 98
2026/08/05 09:41:58.371, 0, NVIDIA GeForce RTX 3080, 8609, 1443, 10240, 95, 98
2026/08/05 09:41:58.479, 0, NVIDIA GeForce RTX 3080, 8609, 1443, 10240, 95, 98
2026/08/05 09:41:58.589, 0, NVIDIA GeForce RTX 3080, 8609, 1443, 10240, 95, 98
2026/08/05 09:41:58.697, 0, NVIDIA GeForce RTX 3080, 8609, 1443, 10240, 95, 98
2026/08/05 09:41:58.806, 0, NVIDIA GeForce RTX 3080, 8609, 1443, 10240, 95, 98
2026/08/05 09:41:58.916, 0, NVIDIA GeForce RTX 3080, 8609, 1443, 10240, 95, 98
2026/08/05 09:41:59.025, 0, NVIDIA GeForce RTX 3080, 8609, 1443, 10240, 95, 98
2026/08/05 09:41:59.134, 0, NVIDIA GeForce RTX 3080, 8609, 1443, 10240, 96, 98
2026/08/05 09:41:59.243, 0, NVIDIA GeForce RTX 3080, 8609, 1443, 10240, 96, 98
2026/08/05 09:41:59.352, 0, NVIDIA GeForce RTX 3080, 8609, 1443, 10240, 96, 98
2026/08/05 09:41:59.462, 0, NVIDIA GeForce RTX 3080, 8609, 1443, 10240, 96, 98
2026/08/05 09:41:59.570, 0, NVIDIA GeForce RTX 3080, 8609, 1443, 10240, 96, 98
2026/08/05 09:41:59.679, 0, NVIDIA GeForce RTX 3080, 8609, 1443, 10240, 96, 98
2026/08/05 09:41:59.789, 0, NVIDIA GeForce RTX 3080, 8609, 1443, 10240, 96, 98
2026/08/05 09:41:59.898, 0, NVIDIA GeForce RTX 3080, 8609, 1443, 10240, 96, 98
2026/08/05 09:42:00.006, 0, NVIDIA GeForce RTX 3080, 8609, 1443, 10240, 96, 98
2026/08/05 09:42:00.116, 0, NVIDIA GeForce RTX 3080, 8609, 1443, 10240, 96, 98
2026/08/05 09:42:00.225, 0, NVIDIA GeForce RTX 3080, 8609, 1443, 10240, 96, 98
2026/08/05 09:42:00.334, 0, NVIDIA GeForce RTX 3080, 8609, 1443, 10240, 96, 98
2026/08/05 09:42:00.443, 0, NVIDIA GeForce RTX 3080, 8609, 1443, 10240, 96, 98
2026/08/05 09:42:00.552, 0, NVIDIA GeForce RTX 3080, 8609, 1443, 10240, 96, 98
2026/08/05 09:42:00.661, 0, NVIDIA GeForce RTX 3080, 8609, 1443, 10240, 96, 98
2026/08/05 09:42:00.771, 0, NVIDIA GeForce RTX 3080, 8609, 1443, 10240, 96, 98
2026/08/05 09:42:00.880, 0, NVIDIA GeForce RTX 3080, 8609, 1443, 10240, 96, 98
2026/08/05 09:42:00.989, 0, NVIDIA GeForce RTX 3080, 8609, 1443, 10240, 96, 98
2026/08/05 09:42:01.097, 0, NVIDIA GeForce RTX 3080, 8609, 1443, 10240, 96, 98
2026/08/05 09:42:01.205, 0, NVIDIA GeForce RTX 3080, 8609, 1443, 10240, 96, 98
2026/08/05 09:42:01.315, 0, NVIDIA GeForce RTX 3080, 8609, 1443, 10240, 96, 98
2026/08/05 09:42:01.423, 0, NVIDIA GeForce RTX 3080, 8609, 1443, 10240, 96, 98
2026/08/05 09:42:01.533, 0, NVIDIA GeForce RTX 3080, 8609, 1443, 10240, 96, 98
2026/08/05 09:42:01.643, 0, NVIDIA GeForce RTX 3080, 8609, 1443, 10240, 96, 98
2026/08/05 09:42:01.751, 0, NVIDIA GeForce RTX 3080, 8609, 1443, 10240, 96, 98
2026/08/05 09:42:01.861, 0, NVIDIA GeForce RTX 3080, 8609, 1443, 10240, 96, 98
2026/08/05 09:42:01.970, 0, NVIDIA GeForce RTX 3080, 8609, 1443, 10240, 96, 98
2026/08/05 09:42:02.079, 0, NVIDIA GeForce RTX 3080, 8609, 1443, 10240, 96, 98
2026/08/05 09:42:02.188, 0, NVIDIA GeForce RTX 3080, 8609, 1443, 10240, 96, 98
2026/08/05 09:42:02.298, 0, NVIDIA GeForce RTX 3080, 8609, 1443, 10240, 96, 98
2026/08/05 09:42:02.407, 0, NVIDIA GeForce RTX 3080, 8609, 1443, 10240, 96, 98
2026/08/05 09:42:02.516, 0, NVIDIA GeForce RTX 3080, 8609, 1443, 10240, 96, 98
2026/08/05 09:42:02.626, 0, NVIDIA GeForce RTX 3080, 8609, 1443, 10240, 96, 98
2026/08/05 09:42:02.734, 0, NVIDIA GeForce RTX 3080, 8609, 1443, 10240, 96, 98
2026/08/05 09:42:02.844, 0, NVIDIA GeForce RTX 3080, 8609, 1443, 10240, 96, 98
2026/08/05 09:42:02.952, 0, NVIDIA GeForce RTX 3080, 8609, 1443, 10240, 96, 98
2026/08/05 09:42:03.062, 0, NVIDIA GeForce RTX 3080, 8609, 1443, 10240, 96, 98
2026/08/05 09:42:03.172, 0, NVIDIA GeForce RTX 3080, 8609, 1443, 10240, 96, 98
2026/08/05 09:42:03.280, 0, NVIDIA GeForce RTX 3080, 8609, 1443, 10240, 96, 98
2026/08/05 09:42:03.390, 0, NVIDIA GeForce RTX 3080, 8609, 1443, 10240, 96, 98
2026/08/05 09:42:03.498, 0, NVIDIA GeForce RTX 3080, 8609, 1443, 10240, 96, 98
2026/08/05 09:42:03.607, 0, NVIDIA GeForce RTX 3080, 8609, 1443, 10240, 96, 98
2026/08/05 09:42:03.716, 0, NVIDIA GeForce RTX 3080, 8609, 1443, 10240, 96, 98
2026/08/05 09:42:03.826, 0, NVIDIA GeForce RTX 3080, 8609, 1443, 10240, 96, 98
2026/08/05 09:42:03.935, 0, NVIDIA GeForce RTX 3080, 8609, 1443, 10240, 96, 98
2026/08/05 09:42:04.043, 0, NVIDIA GeForce RTX 3080, 8609, 1443, 10240, 96, 98
2026/08/05 09:42:04.152, 0, NVIDIA GeForce RTX 3080, 8609, 1443, 10240, 96, 98
2026/08/05 09:42:04.261, 0, NVIDIA GeForce RTX 3080, 8609, 1443, 10240, 96, 98
2026/08/05 09:42:04.371, 0, NVIDIA GeForce RTX 3080, 8609, 1443, 10240, 96, 98
2026/08/05 09:42:04.479, 0, NVIDIA GeForce RTX 3080, 8609, 1443, 10240, 96, 98
2026/08/05 09:42:04.594, 0, NVIDIA GeForce RTX 3080, 8609, 1443, 10240, 94, 98
2026/08/05 09:42:04.703, 0, NVIDIA GeForce RTX 3080, 8609, 1443, 10240, 94, 98
2026/08/05 09:42:04.812, 0, NVIDIA GeForce RTX 3080, 8609, 1443, 10240, 94, 98
2026/08/05 09:42:04.920, 0, NVIDIA GeForce RTX 3080, 8609, 1443, 10240, 94, 98
2026/08/05 09:42:05.028, 0, NVIDIA GeForce RTX 3080, 8609, 1443, 10240, 94, 98
2026/08/05 09:42:05.137, 0, NVIDIA GeForce RTX 3080, 8609, 1443, 10240, 94, 98
2026/08/05 09:42:05.246, 0, NVIDIA GeForce RTX 3080, 8609, 1443, 10240, 94, 98
2026/08/05 09:42:05.356, 0, NVIDIA GeForce RTX 3080, 8609, 1443, 10240, 94, 98
2026/08/05 09:42:05.464, 0, NVIDIA GeForce RTX 3080, 8609, 1443, 10240, 94, 98
2026/08/05 09:42:05.574, 0, NVIDIA GeForce RTX 3080, 8609, 1443, 10240, 94, 98
2026/08/05 09:42:05.682, 0, NVIDIA GeForce RTX 3080, 8609, 1443, 10240, 94, 98
2026/08/05 09:42:05.791, 0, NVIDIA GeForce RTX 3080, 8609, 1443, 10240, 94, 98
2026/08/05 09:42:05.901, 0, NVIDIA GeForce RTX 3080, 8609, 1443, 10240, 94, 98
2026/08/05 09:42:06.009, 0, NVIDIA GeForce RTX 3080, 8609, 1443, 10240, 94, 98
2026/08/05 09:42:06.119, 0, NVIDIA GeForce RTX 3080, 8609, 1443, 10240, 94, 98
2026/08/05 09:42:06.228, 0, NVIDIA GeForce RTX 3080, 8609, 1443, 10240, 94, 98
2026/08/05 09:42:06.337, 0, NVIDIA GeForce RTX 3080, 8609, 1443, 10240, 94, 98
2026/08/05 09:42:06.447, 0, NVIDIA GeForce RTX 3080, 8609, 1443, 10240, 94, 98
2026/08/05 09:42:06.555, 0, NVIDIA GeForce RTX 3080, 8609, 1443, 10240, 94, 98
2026/08/05 09:42:06.664, 0, NVIDIA GeForce RTX 3080, 8609, 1443, 10240, 94, 98
2026/08/05 09:42:06.773, 0, NVIDIA GeForce RTX 3080, 8609, 1443, 10240, 94, 98
2026/08/05 09:42:06.882, 0, NVIDIA GeForce RTX 3080, 8609, 1443, 10240, 94, 98
2026/08/05 09:42:06.992, 0, NVIDIA GeForce RTX 3080, 8609, 1443, 10240, 94, 98
2026/08/05 09:42:07.101, 0, NVIDIA GeForce RTX 3080, 8609, 1443, 10240, 94, 98
2026/08/05 09:42:07.210, 0, NVIDIA GeForce RTX 3080, 8609, 1443, 10240, 94, 98
2026/08/05 09:42:07.319, 0, NVIDIA GeForce RTX 3080, 8609, 1443, 10240, 94, 98
2026/08/05 09:42:07.428, 0, NVIDIA GeForce RTX 3080, 8609, 1443, 10240, 94, 98
2026/08/05 09:42:07.536, 0, NVIDIA GeForce RTX 3080, 8609, 1443, 10240, 94, 98
2026/08/05 09:42:07.646, 0, NVIDIA GeForce RTX 3080, 8609, 1443, 10240, 94, 98
2026/08/05 09:42:07.756, 0, NVIDIA GeForce RTX 3080, 8609, 1443, 10240, 94, 98
2026/08/05 09:42:07.864, 0, NVIDIA GeForce RTX 3080, 8609, 1443, 10240, 94, 98
2026/08/05 09:42:07.974, 0, NVIDIA GeForce RTX 3080, 8609, 1443, 10240, 94, 98
2026/08/05 09:42:08.082, 0, NVIDIA GeForce RTX 3080, 8609, 1443, 10240, 94, 98
2026/08/05 09:42:08.192, 0, NVIDIA GeForce RTX 3080, 8609, 1443, 10240, 94, 98
2026/08/05 09:42:08.302, 0, NVIDIA GeForce RTX 3080, 8609, 1443, 10240, 94, 98
2026/08/05 09:42:08.410, 0, NVIDIA GeForce RTX 3080, 8609, 1443, 10240, 94, 98
2026/08/05 09:42:08.520, 0, NVIDIA GeForce RTX 3080, 8609, 1443, 10240, 94, 98
2026/08/05 09:42:08.628, 0, NVIDIA GeForce RTX 3080, 8609, 1443, 10240, 94, 98
2026/08/05 09:42:08.737, 0, NVIDIA GeForce RTX 3080, 8609, 1443, 10240, 94, 98
2026/08/05 09:42:08.846, 0, NVIDIA GeForce RTX 3080, 8609, 1443, 10240, 94, 98
2026/08/05 09:42:08.956, 0, NVIDIA GeForce RTX 3080, 8609, 1443, 10240, 94, 98
2026/08/05 09:42:09.065, 0, NVIDIA GeForce RTX 3080, 8609, 1443, 10240, 94, 98
2026/08/05 09:42:09.174, 0, NVIDIA GeForce RTX 3080, 8609, 1443, 10240, 94, 98
2026/08/05 09:42:09.283, 0, NVIDIA GeForce RTX 3080, 8609, 1443, 10240, 94, 98
2026/08/05 09:42:09.392, 0, NVIDIA GeForce RTX 3080, 8609, 1443, 10240, 94, 98
2026/08/05 09:42:09.501, 0, NVIDIA GeForce RTX 3080, 8609, 1443, 10240, 94, 98
2026/08/05 09:42:09.610, 0, NVIDIA GeForce RTX 3080, 8609, 1443, 10240, 94, 98
2026/08/05 09:42:09.719, 0, NVIDIA GeForce RTX 3080, 8609, 1443, 10240, 94, 98
2026/08/05 09:42:09.828, 0, NVIDIA GeForce RTX 3080, 8609, 1443, 10240, 94, 98
2026/08/05 09:42:09.937, 0, NVIDIA GeForce RTX 3080, 8609, 1443, 10240, 94, 98
2026/08/05 09:42:10.047, 0, NVIDIA GeForce RTX 3080, 8609, 1443, 10240, 94, 98
2026/08/05 09:42:10.155, 0, NVIDIA GeForce RTX 3080, 8609, 1443, 10240, 94, 98
2026/08/05 09:42:10.264, 0, NVIDIA GeForce RTX 3080, 8609, 1443, 10240, 94, 98
2026/08/05 09:42:10.373, 0, NVIDIA GeForce RTX 3080, 8609, 1443, 10240, 94, 98
2026/08/05 09:42:10.482, 0, NVIDIA GeForce RTX 3080, 8609, 1443, 10240, 94, 98
2026/08/05 09:42:10.591, 0, NVIDIA GeForce RTX 3080, 8609, 1443, 10240, 90, 95
2026/08/05 09:42:10.701, 0, NVIDIA GeForce RTX 3080, 8609, 1443, 10240, 90, 95
2026/08/05 09:42:10.810, 0, NVIDIA GeForce RTX 3080, 8609, 1443, 10240, 90, 95
2026/08/05 09:42:10.919, 0, NVIDIA GeForce RTX 3080, 8609, 1443, 10240, 90, 95
2026/08/05 09:42:11.028, 0, NVIDIA GeForce RTX 3080, 8609, 1443, 10240, 90, 95
2026/08/05 09:42:11.136, 0, NVIDIA GeForce RTX 3080, 8609, 1443, 10240, 94, 98
2026/08/05 09:42:11.246, 0, NVIDIA GeForce RTX 3080, 8609, 1443, 10240, 94, 98
2026/08/05 09:42:11.355, 0, NVIDIA GeForce RTX 3080, 8609, 1443, 10240, 94, 98
2026/08/05 09:42:11.464, 0, NVIDIA GeForce RTX 3080, 8609, 1443, 10240, 94, 98
2026/08/05 09:42:11.573, 0, NVIDIA GeForce RTX 3080, 8609, 1443, 10240, 94, 98
2026/08/05 09:42:11.682, 0, NVIDIA GeForce RTX 3080, 8609, 1443, 10240, 94, 98
2026/08/05 09:42:11.792, 0, NVIDIA GeForce RTX 3080, 8609, 1443, 10240, 94, 98
2026/08/05 09:42:11.901, 0, NVIDIA GeForce RTX 3080, 8609, 1443, 10240, 94, 98
2026/08/05 09:42:12.010, 0, NVIDIA GeForce RTX 3080, 8609, 1443, 10240, 94, 98
2026/08/05 09:42:12.119, 0, NVIDIA GeForce RTX 3080, 8609, 1443, 10240, 94, 98
2026/08/05 09:42:12.229, 0, NVIDIA GeForce RTX 3080, 8609, 1443, 10240, 94, 98
2026/08/05 09:42:12.337, 0, NVIDIA GeForce RTX 3080, 8609, 1443, 10240, 94, 98
2026/08/05 09:42:12.447, 0, NVIDIA GeForce RTX 3080, 8609, 1443, 10240, 94, 98
2026/08/05 09:42:12.557, 0, NVIDIA GeForce RTX 3080, 8609, 1443, 10240, 94, 98
2026/08/05 09:42:12.665, 0, NVIDIA GeForce RTX 3080, 8609, 1443, 10240, 90, 95
2026/08/05 09:42:12.775, 0, NVIDIA GeForce RTX 3080, 8609, 1443, 10240, 90, 95
2026/08/05 09:42:12.883, 0, NVIDIA GeForce RTX 3080, 8609, 1443, 10240, 90, 95
2026/08/05 09:42:12.992, 0, NVIDIA GeForce RTX 3080, 8609, 1443, 10240, 90, 95
2026/08/05 09:42:13.101, 0, NVIDIA GeForce RTX 3080, 8609, 1443, 10240, 94, 98
2026/08/05 09:42:13.210, 0, NVIDIA GeForce RTX 3080, 8609, 1443, 10240, 94, 98
2026/08/05 09:42:13.323, 0, NVIDIA GeForce RTX 3080, 8609, 1443, 10240, 94, 98
2026/08/05 09:42:13.433, 0, NVIDIA GeForce RTX 3080, 8609, 1443, 10240, 94, 98
2026/08/05 09:42:13.542, 0, NVIDIA GeForce RTX 3080, 8609, 1443, 10240, 94, 98
2026/08/05 09:42:13.650, 0, NVIDIA GeForce RTX 3080, 8609, 1443, 10240, 94, 98
2026/08/05 09:42:13.760, 0, NVIDIA GeForce RTX 3080, 8609, 1443, 10240, 94, 98
2026/08/05 09:42:13.868, 0, NVIDIA GeForce RTX 3080, 8609, 1443, 10240, 94, 98
2026/08/05 09:42:13.978, 0, NVIDIA GeForce RTX 3080, 8609, 1443, 10240, 94, 98
2026/08/05 09:42:14.086, 0, NVIDIA GeForce RTX 3080, 8609, 1443, 10240, 94, 98
2026/08/05 09:42:14.195, 0, NVIDIA GeForce RTX 3080, 8609, 1443, 10240, 94, 98
2026/08/05 09:42:14.304, 0, NVIDIA GeForce RTX 3080, 8609, 1443, 10240, 94, 98
2026/08/05 09:42:14.413, 0, NVIDIA GeForce RTX 3080, 8609, 1443, 10240, 94, 98
2026/08/05 09:42:14.520, 0, NVIDIA GeForce RTX 3080, 8609, 1443, 10240, 94, 98
2026/08/05 09:42:14.629, 0, NVIDIA GeForce RTX 3080, 8609, 1443, 10240, 94, 98
2026/08/05 09:42:14.738, 0, NVIDIA GeForce RTX 3080, 8609, 1443, 10240, 94, 98
2026/08/05 09:42:14.847, 0, NVIDIA GeForce RTX 3080, 8609, 1443, 10240, 94, 98
2026/08/05 09:42:14.957, 0, NVIDIA GeForce RTX 3080, 8609, 1443, 10240, 94, 98
2026/08/05 09:42:15.065, 0, NVIDIA GeForce RTX 3080, 8609, 1443, 10240, 94, 98
2026/08/05 09:42:15.175, 0, NVIDIA GeForce RTX 3080, 8609, 1443, 10240, 94, 98
2026/08/05 09:42:15.284, 0, NVIDIA GeForce RTX 3080, 8609, 1443, 10240, 94, 98
2026/08/05 09:42:15.392, 0, NVIDIA GeForce RTX 3080, 8609, 1443, 10240, 94, 98
2026/08/05 09:42:15.502, 0, NVIDIA GeForce RTX 3080, 8609, 1443, 10240, 94, 98
2026/08/05 09:42:15.610, 0, NVIDIA GeForce RTX 3080, 8609, 1443, 10240, 94, 98
2026/08/05 09:42:15.720, 0, NVIDIA GeForce RTX 3080, 8609, 1443, 10240, 94, 98
2026/08/05 09:42:15.828, 0, NVIDIA GeForce RTX 3080, 8609, 1443, 10240, 94, 98
2026/08/05 09:42:15.937, 0, NVIDIA GeForce RTX 3080, 8609, 1443, 10240, 94, 98
2026/08/05 09:42:16.047, 0, NVIDIA GeForce RTX 3080, 8609, 1443, 10240, 94, 98
2026/08/05 09:42:16.155, 0, NVIDIA GeForce RTX 3080, 8609, 1443, 10240, 94, 98
2026/08/05 09:42:16.264, 0, NVIDIA GeForce RTX 3080, 8609, 1443, 10240, 94, 98
2026/08/05 09:42:16.373, 0, NVIDIA GeForce RTX 3080, 8609, 1443, 10240, 94, 98
2026/08/05 09:42:16.482, 0, NVIDIA GeForce RTX 3080, 8609, 1443, 10240, 94, 98
2026/08/05 09:42:16.592, 0, NVIDIA GeForce RTX 3080, 8609, 1443, 10240, 94, 98
2026/08/05 09:42:16.701, 0, NVIDIA GeForce RTX 3080, 8609, 1443, 10240, 94, 98
2026/08/05 09:42:16.810, 0, NVIDIA GeForce RTX 3080, 8609, 1443, 10240, 94, 98
2026/08/05 09:42:16.919, 0, NVIDIA GeForce RTX 3080, 8609, 1443, 10240, 94, 98
2026/08/05 09:42:17.029, 0, NVIDIA GeForce RTX 3080, 8609, 1443, 10240, 94, 98
2026/08/05 09:42:17.137, 0, NVIDIA GeForce RTX 3080, 8609, 1443, 10240, 95, 98
2026/08/05 09:42:17.248, 0, NVIDIA GeForce RTX 3080, 8609, 1443, 10240, 95, 98
2026/08/05 09:42:17.356, 0, NVIDIA GeForce RTX 3080, 8609, 1443, 10240, 95, 98
2026/08/05 09:42:17.465, 0, NVIDIA GeForce RTX 3080, 8609, 1443, 10240, 95, 98
2026/08/05 09:42:17.574, 0, NVIDIA GeForce RTX 3080, 8609, 1443, 10240, 95, 98
2026/08/05 09:42:17.683, 0, NVIDIA GeForce RTX 3080, 8609, 1443, 10240, 95, 98
2026/08/05 09:42:17.793, 0, NVIDIA GeForce RTX 3080, 8609, 1443, 10240, 95, 98
2026/08/05 09:42:17.902, 0, NVIDIA GeForce RTX 3080, 8609, 1443, 10240, 95, 98
2026/08/05 09:42:18.011, 0, NVIDIA GeForce RTX 3080, 8609, 1443, 10240, 95, 98
2026/08/05 09:42:18.120, 0, NVIDIA GeForce RTX 3080, 8609, 1443, 10240, 95, 98
2026/08/05 09:42:18.230, 0, NVIDIA GeForce RTX 3080, 8609, 1443, 10240, 95, 98
2026/08/05 09:42:18.338, 0, NVIDIA GeForce RTX 3080, 8609, 1443, 10240, 95, 98
2026/08/05 09:42:18.448, 0, NVIDIA GeForce RTX 3080, 8609, 1443, 10240, 95, 98
2026/08/05 09:42:18.557, 0, NVIDIA GeForce RTX 3080, 8609, 1443, 10240, 95, 98
2026/08/05 09:42:18.666, 0, NVIDIA GeForce RTX 3080, 8609, 1443, 10240, 95, 98
2026/08/05 09:42:18.775, 0, NVIDIA GeForce RTX 3080, 8609, 1443, 10240, 95, 98
2026/08/05 09:42:18.883, 0, NVIDIA GeForce RTX 3080, 8609, 1443, 10240, 95, 98
2026/08/05 09:42:18.993, 0, NVIDIA GeForce RTX 3080, 8609, 1443, 10240, 95, 98
2026/08/05 09:42:19.102, 0, NVIDIA GeForce RTX 3080, 8609, 1443, 10240, 95, 98
2026/08/05 09:42:19.211, 0, NVIDIA GeForce RTX 3080, 8609, 1443, 10240, 95, 98
2026/08/05 09:42:19.321, 0, NVIDIA GeForce RTX 3080, 8609, 1443, 10240, 95, 98
2026/08/05 09:42:19.428, 0, NVIDIA GeForce RTX 3080, 8609, 1443, 10240, 95, 98
2026/08/05 09:42:19.537, 0, NVIDIA GeForce RTX 3080, 8609, 1443, 10240, 95, 98
2026/08/05 09:42:19.647, 0, NVIDIA GeForce RTX 3080, 8609, 1443, 10240, 95, 98
2026/08/05 09:42:19.756, 0, NVIDIA GeForce RTX 3080, 8609, 1443, 10240, 95, 98
2026/08/05 09:42:19.864, 0, NVIDIA GeForce RTX 3080, 8609, 1443, 10240, 95, 98
2026/08/05 09:42:19.974, 0, NVIDIA GeForce RTX 3080, 8609, 1443, 10240, 95, 98
2026/08/05 09:42:20.082, 0, NVIDIA GeForce RTX 3080, 8609, 1443, 10240, 95, 98
2026/08/05 09:42:20.192, 0, NVIDIA GeForce RTX 3080, 8609, 1443, 10240, 95, 98
2026/08/05 09:42:20.301, 0, NVIDIA GeForce RTX 3080, 8609, 1443, 10240, 95, 98
2026/08/05 09:42:20.410, 0, NVIDIA GeForce RTX 3080, 8609, 1443, 10240, 95, 98
2026/08/05 09:42:20.520, 0, NVIDIA GeForce RTX 3080, 8609, 1443, 10240, 95, 98
2026/08/05 09:42:20.629, 0, NVIDIA GeForce RTX 3080, 8609, 1443, 10240, 95, 98
2026/08/05 09:42:20.738, 0, NVIDIA GeForce RTX 3080, 8609, 1443, 10240, 95, 98
2026/08/05 09:42:20.847, 0, NVIDIA GeForce RTX 3080, 8609, 1443, 10240, 95, 98
2026/08/05 09:42:20.957, 0, NVIDIA GeForce RTX 3080, 8609, 1443, 10240, 95, 98
2026/08/05 09:42:21.066, 0, NVIDIA GeForce RTX 3080, 8609, 1443, 10240, 95, 98
2026/08/05 09:42:21.174, 0, NVIDIA GeForce RTX 3080, 8609, 1443, 10240, 95, 98
2026/08/05 09:42:21.283, 0, NVIDIA GeForce RTX 3080, 8609, 1443, 10240, 95, 98
2026/08/05 09:42:21.391, 0, NVIDIA GeForce RTX 3080, 8609, 1443, 10240, 95, 98
2026/08/05 09:42:21.501, 0, NVIDIA GeForce RTX 3080, 8609, 1443, 10240, 95, 98
2026/08/05 09:42:21.610, 0, NVIDIA GeForce RTX 3080, 8609, 1443, 10240, 95, 98
2026/08/05 09:42:21.719, 0, NVIDIA GeForce RTX 3080, 8609, 1443, 10240, 95, 98
2026/08/05 09:42:21.829, 0, NVIDIA GeForce RTX 3080, 8609, 1443, 10240, 95, 98
2026/08/05 09:42:21.937, 0, NVIDIA GeForce RTX 3080, 8609, 1443, 10240, 95, 98
2026/08/05 09:42:22.047, 0, NVIDIA GeForce RTX 3080, 8609, 1443, 10240, 95, 98
2026/08/05 09:42:22.156, 0, NVIDIA GeForce RTX 3080, 8609, 1443, 10240, 94, 98
2026/08/05 09:42:22.265, 0, NVIDIA GeForce RTX 3080, 8609, 1443, 10240, 94, 98
2026/08/05 09:42:22.381, 0, NVIDIA GeForce RTX 3080, 8609, 1443, 10240, 94, 98
2026/08/05 09:42:22.489, 0, NVIDIA GeForce RTX 3080, 8609, 1443, 10240, 94, 98
2026/08/05 09:42:22.598, 0, NVIDIA GeForce RTX 3080, 8609, 1443, 10240, 95, 98
2026/08/05 09:42:22.707, 0, NVIDIA GeForce RTX 3080, 8609, 1443, 10240, 95, 98
2026/08/05 09:42:22.817, 0, NVIDIA GeForce RTX 3080, 8609, 1443, 10240, 95, 98
2026/08/05 09:42:22.926, 0, NVIDIA GeForce RTX 3080, 8609, 1443, 10240, 95, 98
2026/08/05 09:42:23.035, 0, NVIDIA GeForce RTX 3080, 8609, 1443, 10240, 95, 98
2026/08/05 09:42:23.144, 0, NVIDIA GeForce RTX 3080, 8609, 1443, 10240, 95, 98
2026/08/05 09:42:23.253, 0, NVIDIA GeForce RTX 3080, 8609, 1443, 10240, 95, 98
2026/08/05 09:42:23.363, 0, NVIDIA GeForce RTX 3080, 8609, 1443, 10240, 95, 98
2026/08/05 09:42:23.471, 0, NVIDIA GeForce RTX 3080, 8609, 1443, 10240, 95, 98
2026/08/05 09:42:23.581, 0, NVIDIA GeForce RTX 3080, 8609, 1443, 10240, 95, 98
2026/08/05 09:42:23.690, 0, NVIDIA GeForce RTX 3080, 8609, 1443, 10240, 95, 98
2026/08/05 09:42:23.798, 0, NVIDIA GeForce RTX 3080, 8609, 1443, 10240, 95, 98
2026/08/05 09:42:23.908, 0, NVIDIA GeForce RTX 3080, 8609, 1443, 10240, 95, 98
2026/08/05 09:42:24.016, 0, NVIDIA GeForce RTX 3080, 8609, 1443, 10240, 95, 98
2026/08/05 09:42:24.125, 0, NVIDIA GeForce RTX 3080, 8609, 1443, 10240, 95, 98
2026/08/05 09:42:24.234, 0, NVIDIA GeForce RTX 3080, 8609, 1443, 10240, 95, 98
2026/08/05 09:42:24.343, 0, NVIDIA GeForce RTX 3080, 8609, 1443, 10240, 95, 98
2026/08/05 09:42:24.452, 0, NVIDIA GeForce RTX 3080, 8609, 1443, 10240, 95, 98
2026/08/05 09:42:24.561, 0, NVIDIA GeForce RTX 3080, 8609, 1443, 10240, 95, 98
2026/08/05 09:42:24.670, 0, NVIDIA GeForce RTX 3080, 8609, 1443, 10240, 95, 98
2026/08/05 09:42:24.779, 0, NVIDIA GeForce RTX 3080, 8609, 1443, 10240, 95, 98
2026/08/05 09:42:24.889, 0, NVIDIA GeForce RTX 3080, 8609, 1443, 10240, 95, 98
2026/08/05 09:42:24.998, 0, NVIDIA GeForce RTX 3080, 8609, 1443, 10240, 95, 98
2026/08/05 09:42:25.107, 0, NVIDIA GeForce RTX 3080, 8609, 1443, 10240, 95, 98
2026/08/05 09:42:25.217, 0, NVIDIA GeForce RTX 3080, 8609, 1443, 10240, 95, 98
2026/08/05 09:42:25.325, 0, NVIDIA GeForce RTX 3080, 8609, 1443, 10240, 95, 98
2026/08/05 09:42:25.435, 0, NVIDIA GeForce RTX 3080, 8609, 1443, 10240, 95, 98
2026/08/05 09:42:25.543, 0, NVIDIA GeForce RTX 3080, 8609, 1443, 10240, 95, 98
2026/08/05 09:42:25.653, 0, NVIDIA GeForce RTX 3080, 8609, 1443, 10240, 95, 98
2026/08/05 09:42:25.763, 0, NVIDIA GeForce RTX 3080, 8609, 1443, 10240, 95, 98
2026/08/05 09:42:25.876, 0, NVIDIA GeForce RTX 3080, 8609, 1443, 10240, 95, 98
2026/08/05 09:42:25.985, 0, NVIDIA GeForce RTX 3080, 8609, 1443, 10240, 95, 98
2026/08/05 09:42:26.094, 0, NVIDIA GeForce RTX 3080, 8609, 1443, 10240, 95, 98
2026/08/05 09:42:26.203, 0, NVIDIA GeForce RTX 3080, 8609, 1443, 10240, 95, 98
2026/08/05 09:42:26.312, 0, NVIDIA GeForce RTX 3080, 8609, 1443, 10240, 95, 98
2026/08/05 09:42:26.422, 0, NVIDIA GeForce RTX 3080, 8609, 1443, 10240, 95, 98
2026/08/05 09:42:26.530, 0, NVIDIA GeForce RTX 3080, 8609, 1443, 10240, 95, 98
2026/08/05 09:42:26.639, 0, NVIDIA GeForce RTX 3080, 8609, 1443, 10240, 95, 98
2026/08/05 09:42:26.749, 0, NVIDIA GeForce RTX 3080, 8609, 1443, 10240, 95, 98
2026/08/05 09:42:26.857, 0, NVIDIA GeForce RTX 3080, 8609, 1443, 10240, 95, 98
2026/08/05 09:42:26.967, 0, NVIDIA GeForce RTX 3080, 8609, 1443, 10240, 95, 98
2026/08/05 09:42:27.076, 0, NVIDIA GeForce RTX 3080, 8609, 1443, 10240, 95, 98
2026/08/05 09:42:27.185, 0, NVIDIA GeForce RTX 3080, 8609, 1443, 10240, 95, 98
2026/08/05 09:42:27.294, 0, NVIDIA GeForce RTX 3080, 8609, 1443, 10240, 95, 98
2026/08/05 09:42:27.403, 0, NVIDIA GeForce RTX 3080, 8609, 1443, 10240, 95, 98
2026/08/05 09:42:27.512, 0, NVIDIA GeForce RTX 3080, 8609, 1443, 10240, 95, 98
2026/08/05 09:42:27.621, 0, NVIDIA GeForce RTX 3080, 8609, 1443, 10240, 95, 98
2026/08/05 09:42:27.730, 0, NVIDIA GeForce RTX 3080, 8609, 1443, 10240, 95, 98
2026/08/05 09:42:27.839, 0, NVIDIA GeForce RTX 3080, 8609, 1443, 10240, 95, 98
2026/08/05 09:42:27.949, 0, NVIDIA GeForce RTX 3080, 8609, 1443, 10240, 95, 98
2026/08/05 09:42:28.058, 0, NVIDIA GeForce RTX 3080, 8609, 1443, 10240, 95, 98
2026/08/05 09:42:28.167, 0, NVIDIA GeForce RTX 3080, 8609, 1443, 10240, 96, 98
2026/08/05 09:42:28.277, 0, NVIDIA GeForce RTX 3080, 8609, 1443, 10240, 96, 98
2026/08/05 09:42:28.385, 0, NVIDIA GeForce RTX 3080, 8609, 1443, 10240, 96, 98
2026/08/05 09:42:28.494, 0, NVIDIA GeForce RTX 3080, 8609, 1443, 10240, 96, 98
2026/08/05 09:42:28.602, 0, NVIDIA GeForce RTX 3080, 8609, 1443, 10240, 95, 98
2026/08/05 09:42:28.712, 0, NVIDIA GeForce RTX 3080, 8609, 1443, 10240, 95, 98
2026/08/05 09:42:28.820, 0, NVIDIA GeForce RTX 3080, 8609, 1443, 10240, 95, 98
2026/08/05 09:42:28.929, 0, NVIDIA GeForce RTX 3080, 8609, 1443, 10240, 95, 98
2026/08/05 09:42:29.039, 0, NVIDIA GeForce RTX 3080, 8609, 1443, 10240, 95, 98
2026/08/05 09:42:29.149, 0, NVIDIA GeForce RTX 3080, 8609, 1443, 10240, 95, 98
2026/08/05 09:42:29.257, 0, NVIDIA GeForce RTX 3080, 8609, 1443, 10240, 95, 98
2026/08/05 09:42:29.367, 0, NVIDIA GeForce RTX 3080, 8609, 1443, 10240, 95, 98
2026/08/05 09:42:29.476, 0, NVIDIA GeForce RTX 3080, 8609, 1443, 10240, 95, 98
2026/08/05 09:42:29.585, 0, NVIDIA GeForce RTX 3080, 8609, 1443, 10240, 95, 98
2026/08/05 09:42:29.695, 0, NVIDIA GeForce RTX 3080, 8609, 1443, 10240, 95, 98
2026/08/05 09:42:29.804, 0, NVIDIA GeForce RTX 3080, 8609, 1443, 10240, 95, 98
2026/08/05 09:42:29.912, 0, NVIDIA GeForce RTX 3080, 8609, 1443, 10240, 95, 98
2026/08/05 09:42:30.022, 0, NVIDIA GeForce RTX 3080, 8609, 1443, 10240, 95, 98
2026/08/05 09:42:30.130, 0, NVIDIA GeForce RTX 3080, 8609, 1443, 10240, 95, 98
2026/08/05 09:42:30.239, 0, NVIDIA GeForce RTX 3080, 8609, 1443, 10240, 95, 98
2026/08/05 09:42:30.349, 0, NVIDIA GeForce RTX 3080, 8609, 1443, 10240, 95, 98
2026/08/05 09:42:30.457, 0, NVIDIA GeForce RTX 3080, 8609, 1443, 10240, 95, 98
2026/08/05 09:42:30.567, 0, NVIDIA GeForce RTX 3080, 8609, 1443, 10240, 95, 98
2026/08/05 09:42:30.676, 0, NVIDIA GeForce RTX 3080, 8609, 1443, 10240, 95, 98
2026/08/05 09:42:30.785, 0, NVIDIA GeForce RTX 3080, 8609, 1443, 10240, 95, 98
2026/08/05 09:42:30.894, 0, NVIDIA GeForce RTX 3080, 8609, 1443, 10240, 95, 98
2026/08/05 09:42:31.003, 0, NVIDIA GeForce RTX 3080, 8609, 1443, 10240, 95, 98
2026/08/05 09:42:31.112, 0, NVIDIA GeForce RTX 3080, 8609, 1443, 10240, 95, 98
2026/08/05 09:42:31.221, 0, NVIDIA GeForce RTX 3080, 8609, 1443, 10240, 95, 98
2026/08/05 09:42:31.330, 0, NVIDIA GeForce RTX 3080, 8609, 1443, 10240, 95, 98
2026/08/05 09:42:31.439, 0, NVIDIA GeForce RTX 3080, 8609, 1443, 10240, 95, 98
2026/08/05 09:42:31.548, 0, NVIDIA GeForce RTX 3080, 8609, 1443, 10240, 95, 98
2026/08/05 09:42:31.657, 0, NVIDIA GeForce RTX 3080, 8609, 1443, 10240, 95, 98
2026/08/05 09:42:31.766, 0, NVIDIA GeForce RTX 3080, 8609, 1443, 10240, 95, 98
2026/08/05 09:42:31.876, 0, NVIDIA GeForce RTX 3080, 8609, 1443, 10240, 95, 98
2026/08/05 09:42:31.984, 0, NVIDIA GeForce RTX 3080, 8609, 1443, 10240, 95, 98
2026/08/05 09:42:32.094, 0, NVIDIA GeForce RTX 3080, 8609, 1443, 10240, 96, 98
2026/08/05 09:42:32.202, 0, NVIDIA GeForce RTX 3080, 8609, 1443, 10240, 96, 98
2026/08/05 09:42:32.312, 0, NVIDIA GeForce RTX 3080, 8609, 1443, 10240, 96, 98
2026/08/05 09:42:32.420, 0, NVIDIA GeForce RTX 3080, 8609, 1443, 10240, 96, 98
2026/08/05 09:42:32.527, 0, NVIDIA GeForce RTX 3080, 8609, 1443, 10240, 96, 98
2026/08/05 09:42:32.637, 0, NVIDIA GeForce RTX 3080, 8609, 1443, 10240, 96, 98
2026/08/05 09:42:32.746, 0, NVIDIA GeForce RTX 3080, 8609, 1443, 10240, 96, 98
2026/08/05 09:42:32.855, 0, NVIDIA GeForce RTX 3080, 8609, 1443, 10240, 96, 98
2026/08/05 09:42:32.964, 0, NVIDIA GeForce RTX 3080, 8609, 1443, 10240, 96, 98
2026/08/05 09:42:33.073, 0, NVIDIA GeForce RTX 3080, 8609, 1443, 10240, 95, 98
2026/08/05 09:42:33.183, 0, NVIDIA GeForce RTX 3080, 8609, 1443, 10240, 95, 98
2026/08/05 09:42:33.292, 0, NVIDIA GeForce RTX 3080, 8609, 1443, 10240, 95, 98
2026/08/05 09:42:33.401, 0, NVIDIA GeForce RTX 3080, 8609, 1443, 10240, 95, 98
2026/08/05 09:42:33.510, 0, NVIDIA GeForce RTX 3080, 8609, 1443, 10240, 95, 98
2026/08/05 09:42:33.619, 0, NVIDIA GeForce RTX 3080, 8609, 1443, 10240, 96, 98
2026/08/05 09:42:33.727, 0, NVIDIA GeForce RTX 3080, 8609, 1443, 10240, 96, 98
2026/08/05 09:42:33.837, 0, NVIDIA GeForce RTX 3080, 8609, 1443, 10240, 96, 98
2026/08/05 09:42:33.946, 0, NVIDIA GeForce RTX 3080, 8609, 1443, 10240, 96, 98
2026/08/05 09:42:34.055, 0, NVIDIA GeForce RTX 3080, 8609, 1443, 10240, 96, 98
2026/08/05 09:42:34.164, 0, NVIDIA GeForce RTX 3080, 8609, 1443, 10240, 93, 96
2026/08/05 09:42:34.272, 0, NVIDIA GeForce RTX 3080, 8609, 1443, 10240, 93, 96
2026/08/05 09:42:34.382, 0, NVIDIA GeForce RTX 3080, 8609, 1443, 10240, 93, 96
2026/08/05 09:42:34.490, 0, NVIDIA GeForce RTX 3080, 8609, 1443, 10240, 93, 96
2026/08/05 09:42:34.599, 0, NVIDIA GeForce RTX 3080, 8609, 1443, 10240, 96, 98
2026/08/05 09:42:34.708, 0, NVIDIA GeForce RTX 3080, 8609, 1443, 10240, 96, 98
2026/08/05 09:42:34.818, 0, NVIDIA GeForce RTX 3080, 8609, 1443, 10240, 96, 98
2026/08/05 09:42:34.927, 0, NVIDIA GeForce RTX 3080, 8609, 1443, 10240, 96, 98
2026/08/05 09:42:35.036, 0, NVIDIA GeForce RTX 3080, 8609, 1443, 10240, 96, 98
2026/08/05 09:42:35.146, 0, NVIDIA GeForce RTX 3080, 8609, 1443, 10240, 96, 98
2026/08/05 09:42:35.254, 0, NVIDIA GeForce RTX 3080, 8609, 1443, 10240, 96, 98
2026/08/05 09:42:35.364, 0, NVIDIA GeForce RTX 3080, 8609, 1443, 10240, 96, 98
2026/08/05 09:42:35.473, 0, NVIDIA GeForce RTX 3080, 8609, 1443, 10240, 96, 98
2026/08/05 09:42:35.582, 0, NVIDIA GeForce RTX 3080, 8609, 1443, 10240, 96, 98
2026/08/05 09:42:35.692, 0, NVIDIA GeForce RTX 3080, 8609, 1443, 10240, 96, 98
2026/08/05 09:42:35.800, 0, NVIDIA GeForce RTX 3080, 8609, 1443, 10240, 96, 98
2026/08/05 09:42:35.910, 0, NVIDIA GeForce RTX 3080, 8609, 1443, 10240, 96, 98
2026/08/05 09:42:36.019, 0, NVIDIA GeForce RTX 3080, 8609, 1443, 10240, 96, 98
2026/08/05 09:42:36.127, 0, NVIDIA GeForce RTX 3080, 8609, 1443, 10240, 96, 98
2026/08/05 09:42:36.237, 0, NVIDIA GeForce RTX 3080, 8609, 1443, 10240, 96, 98
2026/08/05 09:42:36.346, 0, NVIDIA GeForce RTX 3080, 8609, 1443, 10240, 96, 98
2026/08/05 09:42:36.455, 0, NVIDIA GeForce RTX 3080, 8609, 1443, 10240, 96, 98
2026/08/05 09:42:36.564, 0, NVIDIA GeForce RTX 3080, 8609, 1443, 10240, 96, 98
2026/08/05 09:42:36.673, 0, NVIDIA GeForce RTX 3080, 8609, 1443, 10240, 96, 98
2026/08/05 09:42:36.782, 0, NVIDIA GeForce RTX 3080, 8609, 1443, 10240, 96, 98
2026/08/05 09:42:36.891, 0, NVIDIA GeForce RTX 3080, 8609, 1443, 10240, 96, 98
2026/08/05 09:42:37.000, 0, NVIDIA GeForce RTX 3080, 8609, 1443, 10240, 96, 98
2026/08/05 09:42:37.109, 0, NVIDIA GeForce RTX 3080, 8609, 1443, 10240, 96, 98
2026/08/05 09:42:37.219, 0, NVIDIA GeForce RTX 3080, 8609, 1443, 10240, 96, 98
2026/08/05 09:42:37.327, 0, NVIDIA GeForce RTX 3080, 8609, 1443, 10240, 96, 98
2026/08/05 09:42:37.437, 0, NVIDIA GeForce RTX 3080, 8609, 1443, 10240, 96, 98
2026/08/05 09:42:37.546, 0, NVIDIA GeForce RTX 3080, 8609, 1443, 10240, 96, 98
2026/08/05 09:42:37.655, 0, NVIDIA GeForce RTX 3080, 8609, 1443, 10240, 96, 98
2026/08/05 09:42:37.765, 0, NVIDIA GeForce RTX 3080, 8609, 1443, 10240, 96, 98
2026/08/05 09:42:37.873, 0, NVIDIA GeForce RTX 3080, 8609, 1443, 10240, 96, 98
2026/08/05 09:42:37.983, 0, NVIDIA GeForce RTX 3080, 8609, 1443, 10240, 96, 98
2026/08/05 09:42:38.092, 0, NVIDIA GeForce RTX 3080, 8609, 1443, 10240, 96, 98
2026/08/05 09:42:38.201, 0, NVIDIA GeForce RTX 3080, 8609, 1443, 10240, 96, 98
2026/08/05 09:42:38.311, 0, NVIDIA GeForce RTX 3080, 8609, 1443, 10240, 96, 98
2026/08/05 09:42:38.421, 0, NVIDIA GeForce RTX 3080, 1539, 8513, 10240, 96, 98
2026/08/05 09:42:38.530, 0, NVIDIA GeForce RTX 3080, 1539, 8513, 10240, 96, 98
2026/08/05 09:42:38.639, 0, NVIDIA GeForce RTX 3080, 1539, 8513, 10240, 0, 0
2026/08/05 09:42:38.749, 0, NVIDIA GeForce RTX 3080, 1539, 8513, 10240, 0, 0
2026/08/05 09:42:38.857, 0, NVIDIA GeForce RTX 3080, 1491, 8561, 10240, 0, 0
2026/08/05 09:42:38.966, 0, NVIDIA GeForce RTX 3080, 1316, 8736, 10240, 0, 0
