timestamp,index,name,memory_used_mib,memory_free_mib,memory_total_mib,memory_utilization_percent,gpu_utilization_percent 
2026/08/05 08:42:15.068, 0, NVIDIA GeForce RTX 3080, 1315, 8737, 10240, 0, 0
2026/08/05 08:42:15.177, 0, NVIDIA GeForce RTX 3080, 1315, 8737, 10240, 0, 0
2026/08/05 08:42:15.287, 0, NVIDIA GeForce RTX 3080, 1504, 8548, 10240, 0, 0
2026/08/05 08:42:15.396, 0, NVIDIA GeForce RTX 3080, 1504, 8548, 10240, 0, 9
2026/08/05 08:42:15.505, 0, NVIDIA GeForce RTX 3080, 1504, 8548, 10240, 0, 9
2026/08/05 08:42:15.615, 0, NVIDIA GeForce RTX 3080, 1504, 8548, 10240, 0, 9
2026/08/05 08:42:15.724, 0, NVIDIA GeForce RTX 3080, 5582, 4470, 10240, 0, 9
2026/08/05 08:42:15.833, 0, NVIDIA GeForce RTX 3080, 5582, 4470, 10240, 0, 9
2026/08/05 08:42:15.943, 0, NVIDIA GeForce RTX 3080, 5582, 4470, 10240, 1, 13
2026/08/05 08:42:16.051, 0, NVIDIA GeForce RTX 3080, 5582, 4470, 10240, 1, 13
2026/08/05 08:42:16.161, 0, NVIDIA GeForce RTX 3080, 5582, 4470, 10240, 1, 13
2026/08/05 08:42:16.271, 0, NVIDIA GeForce RTX 3080, 5582, 4470, 10240, 1, 13
2026/08/05 08:42:16.379, 0, NVIDIA GeForce RTX 3080, 5582, 4470, 10240, 1, 12
2026/08/05 08:42:16.489, 0, NVIDIA GeForce RTX 3080, 5582, 4470, 10240, 1, 12
2026/08/05 08:42:16.598, 0, NVIDIA GeForce RTX 3080, 5582, 4470, 10240, 1, 12
2026/08/05 08:42:16.707, 0, NVIDIA GeForce RTX 3080, 5582, 4470, 10240, 1, 12
2026/08/05 08:42:16.816, 0, NVIDIA GeForce RTX 3080, 5582, 4470, 10240, 1, 12
2026/08/05 08:42:16.926, 0, NVIDIA GeForce RTX 3080, 5582, 4470, 10240, 1, 13
2026/08/05 08:42:17.035, 0, NVIDIA GeForce RTX 3080, 5582, 4470, 10240, 1, 13
2026/08/05 08:42:17.144, 0, NVIDIA GeForce RTX 3080, 5990, 4062, 10240, 1, 13
2026/08/05 08:42:17.254, 0, NVIDIA GeForce RTX 3080, 6000, 4052, 10240, 1, 13
2026/08/05 08:42:17.362, 0, NVIDIA GeForce RTX 3080, 6000, 4052, 10240, 75, 97
2026/08/05 08:42:17.472, 0, NVIDIA GeForce RTX 3080, 6000, 4052, 10240, 75, 97
2026/08/05 08:42:17.580, 0, NVIDIA GeForce RTX 3080, 6000, 4052, 10240, 75, 97
2026/08/05 08:42:17.689, 0, NVIDIA GeForce RTX 3080, 6000, 4052, 10240, 75, 97
2026/08/05 08:42:17.799, 0, NVIDIA GeForce RTX 3080, 6000, 4052, 10240, 75, 97
2026/08/05 08:42:17.907, 0, NVIDIA GeForce RTX 3080, 6000, 4052, 10240, 75, 97
2026/08/05 08:42:18.016, 0, NVIDIA GeForce RTX 3080, 8236, 1816, 10240, 75, 97
2026/08/05 08:42:18.126, 0, NVIDIA GeForce RTX 3080, 8236, 1816, 10240, 75, 97
2026/08/05 08:42:18.233, 0, NVIDIA GeForce RTX 3080, 8236, 1816, 10240, 75, 97
2026/08/05 08:42:18.343, 0, NVIDIA GeForce RTX 3080, 8236, 1816, 10240, 75, 97
2026/08/05 08:42:18.452, 0, NVIDIA GeForce RTX 3080, 8236, 1816, 10240, 94, 98
2026/08/05 08:42:18.561, 0, NVIDIA GeForce RTX 3080, 8236, 1816, 10240, 94, 98
2026/08/05 08:42:18.671, 0, NVIDIA GeForce RTX 3080, 8236, 1816, 10240, 94, 98
2026/08/05 08:42:18.779, 0, NVIDIA GeForce RTX 3080, 8236, 1816, 10240, 94, 98
2026/08/05 08:42:18.889, 0, NVIDIA GeForce RTX 3080, 8236, 1816, 10240, 94, 98
2026/08/05 08:42:18.998, 0, NVIDIA GeForce RTX 3080, 8236, 1816, 10240, 94, 98
2026/08/05 08:42:19.107, 0, NVIDIA GeForce RTX 3080, 8236, 1816, 10240, 94, 98
2026/08/05 08:42:19.217, 0, NVIDIA GeForce RTX 3080, 8236, 1816, 10240, 94, 98
2026/08/05 08:42:19.326, 0, NVIDIA GeForce RTX 3080, 8236, 1816, 10240, 94, 98
2026/08/05 08:42:19.435, 0, NVIDIA GeForce RTX 3080, 8236, 1816, 10240, 94, 98
2026/08/05 08:42:19.544, 0, NVIDIA GeForce RTX 3080, 8236, 1816, 10240, 94, 98
2026/08/05 08:42:19.653, 0, NVIDIA GeForce RTX 3080, 8236, 1816, 10240, 94, 98
2026/08/05 08:42:19.762, 0, NVIDIA GeForce RTX 3080, 8236, 1816, 10240, 94, 98
2026/08/05 08:42:19.872, 0, NVIDIA GeForce RTX 3080, 8236, 1816, 10240, 94, 98
2026/08/05 08:42:19.980, 0, NVIDIA GeForce RTX 3080, 8236, 1816, 10240, 94, 98
2026/08/05 08:42:20.089, 0, NVIDIA GeForce RTX 3080, 8236, 1816, 10240, 94, 98
2026/08/05 08:42:20.198, 0, NVIDIA GeForce RTX 3080, 8236, 1816, 10240, 94, 98
2026/08/05 08:42:20.307, 0, NVIDIA GeForce RTX 3080, 8236, 1816, 10240, 94, 98
2026/08/05 08:42:20.417, 0, NVIDIA GeForce RTX 3080, 8236, 1816, 10240, 94, 98
2026/08/05 08:42:20.526, 0, NVIDIA GeForce RTX 3080, 8236, 1816, 10240, 94, 98
2026/08/05 08:42:20.635, 0, NVIDIA GeForce RTX 3080, 8236, 1816, 10240, 94, 98
2026/08/05 08:42:20.744, 0, NVIDIA GeForce RTX 3080, 8236, 1816, 10240, 94, 98
2026/08/05 08:42:20.854, 0, NVIDIA GeForce RTX 3080, 8236, 1816, 10240, 94, 98
2026/08/05 08:42:20.963, 0, NVIDIA GeForce RTX 3080, 8236, 1816, 10240, 94, 98
2026/08/05 08:42:21.072, 0, NVIDIA GeForce RTX 3080, 8236, 1816, 10240, 94, 98
2026/08/05 08:42:21.181, 0, NVIDIA GeForce RTX 3080, 8236, 1816, 10240, 94, 98
2026/08/05 08:42:21.290, 0, NVIDIA GeForce RTX 3080, 8236, 1816, 10240, 94, 98
2026/08/05 08:42:21.400, 0, NVIDIA GeForce RTX 3080, 8236, 1816, 10240, 94, 98
2026/08/05 08:42:21.509, 0, NVIDIA GeForce RTX 3080, 8236, 1816, 10240, 94, 98
2026/08/05 08:42:21.618, 0, NVIDIA GeForce RTX 3080, 8236, 1816, 10240, 94, 98
2026/08/05 08:42:21.728, 0, NVIDIA GeForce RTX 3080, 8236, 1816, 10240, 94, 98
2026/08/05 08:42:21.836, 0, NVIDIA GeForce RTX 3080, 8236, 1816, 10240, 94, 98
2026/08/05 08:42:21.946, 0, NVIDIA GeForce RTX 3080, 8236, 1816, 10240, 94, 98
2026/08/05 08:42:22.054, 0, NVIDIA GeForce RTX 3080, 8236, 1816, 10240, 94, 98
2026/08/05 08:42:22.163, 0, NVIDIA GeForce RTX 3080, 8236, 1816, 10240, 94, 98
2026/08/05 08:42:22.272, 0, NVIDIA GeForce RTX 3080, 8236, 1816, 10240, 94, 98
2026/08/05 08:42:22.381, 0, NVIDIA GeForce RTX 3080, 8236, 1816, 10240, 95, 98
2026/08/05 08:42:22.489, 0, NVIDIA GeForce RTX 3080, 8236, 1816, 10240, 95, 98
2026/08/05 08:42:22.599, 0, NVIDIA GeForce RTX 3080, 8236, 1816, 10240, 95, 98
2026/08/05 08:42:22.707, 0, NVIDIA GeForce RTX 3080, 8236, 1816, 10240, 95, 98
2026/08/05 08:42:22.817, 0, NVIDIA GeForce RTX 3080, 8236, 1816, 10240, 95, 98
2026/08/05 08:42:22.927, 0, NVIDIA GeForce RTX 3080, 8236, 1816, 10240, 94, 98
2026/08/05 08:42:23.035, 0, NVIDIA GeForce RTX 3080, 8236, 1816, 10240, 94, 98
2026/08/05 08:42:23.145, 0, NVIDIA GeForce RTX 3080, 8236, 1816, 10240, 94, 98
2026/08/05 08:42:23.254, 0, NVIDIA GeForce RTX 3080, 8236, 1816, 10240, 94, 98
2026/08/05 08:42:23.363, 0, NVIDIA GeForce RTX 3080, 8236, 1816, 10240, 95, 98
2026/08/05 08:42:23.473, 0, NVIDIA GeForce RTX 3080, 8236, 1816, 10240, 95, 98
2026/08/05 08:42:23.581, 0, NVIDIA GeForce RTX 3080, 8236, 1816, 10240, 95, 98
2026/08/05 08:42:23.691, 0, NVIDIA GeForce RTX 3080, 8236, 1816, 10240, 95, 98
2026/08/05 08:42:23.799, 0, NVIDIA GeForce RTX 3080, 8236, 1816, 10240, 95, 98
2026/08/05 08:42:23.908, 0, NVIDIA GeForce RTX 3080, 8236, 1816, 10240, 94, 98
2026/08/05 08:42:24.017, 0, NVIDIA GeForce RTX 3080, 8236, 1816, 10240, 94, 98
2026/08/05 08:42:24.126, 0, NVIDIA GeForce RTX 3080, 8236, 1816, 10240, 94, 98
2026/08/05 08:42:24.235, 0, NVIDIA GeForce RTX 3080, 8236, 1816, 10240, 94, 98
2026/08/05 08:42:24.349, 0, NVIDIA GeForce RTX 3080, 8236, 1816, 10240, 94, 98
2026/08/05 08:42:24.459, 0, NVIDIA GeForce RTX 3080, 8236, 1816, 10240, 95, 98
2026/08/05 08:42:24.567, 0, NVIDIA GeForce RTX 3080, 8236, 1816, 10240, 95, 98
2026/08/05 08:42:24.677, 0, NVIDIA GeForce RTX 3080, 8236, 1816, 10240, 95, 98
2026/08/05 08:42:24.785, 0, NVIDIA GeForce RTX 3080, 8236, 1816, 10240, 95, 98
2026/08/05 08:42:24.894, 0, NVIDIA GeForce RTX 3080, 8236, 1816, 10240, 94, 98
2026/08/05 08:42:25.004, 0, NVIDIA GeForce RTX 3080, 8236, 1816, 10240, 94, 98
2026/08/05 08:42:25.112, 0, NVIDIA GeForce RTX 3080, 8236, 1816, 10240, 94, 98
2026/08/05 08:42:25.222, 0, NVIDIA GeForce RTX 3080, 8236, 1816, 10240, 94, 98
2026/08/05 08:42:25.331, 0, NVIDIA GeForce RTX 3080, 8236, 1816, 10240, 94, 98
2026/08/05 08:42:25.440, 0, NVIDIA GeForce RTX 3080, 8236, 1816, 10240, 94, 98
2026/08/05 08:42:25.550, 0, NVIDIA GeForce RTX 3080, 8236, 1816, 10240, 94, 98
2026/08/05 08:42:25.658, 0, NVIDIA GeForce RTX 3080, 8236, 1816, 10240, 94, 98
2026/08/05 08:42:25.767, 0, NVIDIA GeForce RTX 3080, 8236, 1816, 10240, 94, 98
2026/08/05 08:42:25.876, 0, NVIDIA GeForce RTX 3080, 8236, 1816, 10240, 94, 98
2026/08/05 08:42:25.985, 0, NVIDIA GeForce RTX 3080, 8236, 1816, 10240, 94, 98
2026/08/05 08:42:26.094, 0, NVIDIA GeForce RTX 3080, 8236, 1816, 10240, 94, 98
2026/08/05 08:42:26.203, 0, NVIDIA GeForce RTX 3080, 8236, 1816, 10240, 94, 98
2026/08/05 08:42:26.313, 0, NVIDIA GeForce RTX 3080, 8236, 1816, 10240, 94, 98
2026/08/05 08:42:26.421, 0, NVIDIA GeForce RTX 3080, 8236, 1816, 10240, 94, 98
2026/08/05 08:42:26.531, 0, NVIDIA GeForce RTX 3080, 8236, 1816, 10240, 94, 98
2026/08/05 08:42:26.639, 0, NVIDIA GeForce RTX 3080, 8236, 1816, 10240, 94, 98
2026/08/05 08:42:26.749, 0, NVIDIA GeForce RTX 3080, 8236, 1816, 10240, 94, 98
2026/08/05 08:42:26.859, 0, NVIDIA GeForce RTX 3080, 8236, 1816, 10240, 94, 98
2026/08/05 08:42:26.967, 0, NVIDIA GeForce RTX 3080, 8236, 1816, 10240, 94, 98
2026/08/05 08:42:27.077, 0, NVIDIA GeForce RTX 3080, 8236, 1816, 10240, 94, 98
2026/08/05 08:42:27.185, 0, NVIDIA GeForce RTX 3080, 8236, 1816, 10240, 94, 98
2026/08/05 08:42:27.294, 0, NVIDIA GeForce RTX 3080, 8236, 1816, 10240, 94, 98
2026/08/05 08:42:27.404, 0, NVIDIA GeForce RTX 3080, 8236, 1816, 10240, 94, 98
2026/08/05 08:42:27.512, 0, NVIDIA GeForce RTX 3080, 8236, 1816, 10240, 94, 98
2026/08/05 08:42:27.622, 0, NVIDIA GeForce RTX 3080, 8236, 1816, 10240, 94, 98
2026/08/05 08:42:27.730, 0, NVIDIA GeForce RTX 3080, 8236, 1816, 10240, 94, 98
2026/08/05 08:42:27.839, 0, NVIDIA GeForce RTX 3080, 8236, 1816, 10240, 94, 98
2026/08/05 08:42:27.948, 0, NVIDIA GeForce RTX 3080, 8236, 1816, 10240, 94, 98
2026/08/05 08:42:28.057, 0, NVIDIA GeForce RTX 3080, 8236, 1816, 10240, 94, 98
2026/08/05 08:42:28.166, 0, NVIDIA GeForce RTX 3080, 8236, 1816, 10240, 94, 98
2026/08/05 08:42:28.276, 0, NVIDIA GeForce RTX 3080, 8236, 1816, 10240, 94, 98
2026/08/05 08:42:28.385, 0, NVIDIA GeForce RTX 3080, 8236, 1816, 10240, 90, 95
2026/08/05 08:42:28.493, 0, NVIDIA GeForce RTX 3080, 8236, 1816, 10240, 90, 95
2026/08/05 08:42:28.602, 0, NVIDIA GeForce RTX 3080, 8236, 1816, 10240, 90, 95
2026/08/05 08:42:28.711, 0, NVIDIA GeForce RTX 3080, 8236, 1816, 10240, 90, 95
2026/08/05 08:42:28.821, 0, NVIDIA GeForce RTX 3080, 8236, 1816, 10240, 90, 95
2026/08/05 08:42:28.929, 0, NVIDIA GeForce RTX 3080, 8236, 1816, 10240, 95, 98
2026/08/05 08:42:29.037, 0, NVIDIA GeForce RTX 3080, 8236, 1816, 10240, 95, 98
2026/08/05 08:42:29.146, 0, NVIDIA GeForce RTX 3080, 8236, 1816, 10240, 95, 98
2026/08/05 08:42:29.256, 0, NVIDIA GeForce RTX 3080, 8236, 1816, 10240, 95, 98
2026/08/05 08:42:29.365, 0, NVIDIA GeForce RTX 3080, 8236, 1816, 10240, 94, 98
2026/08/05 08:42:29.474, 0, NVIDIA GeForce RTX 3080, 8236, 1816, 10240, 94, 98
2026/08/05 08:42:29.583, 0, NVIDIA GeForce RTX 3080, 8236, 1816, 10240, 94, 98
2026/08/05 08:42:29.692, 0, NVIDIA GeForce RTX 3080, 8236, 1816, 10240, 94, 98
2026/08/05 08:42:29.801, 0, NVIDIA GeForce RTX 3080, 8236, 1816, 10240, 94, 98
2026/08/05 08:42:29.910, 0, NVIDIA GeForce RTX 3080, 8236, 1816, 10240, 95, 98
2026/08/05 08:42:30.020, 0, NVIDIA GeForce RTX 3080, 8236, 1816, 10240, 95, 98
2026/08/05 08:42:30.130, 0, NVIDIA GeForce RTX 3080, 8236, 1816, 10240, 95, 98
2026/08/05 08:42:30.238, 0, NVIDIA GeForce RTX 3080, 8236, 1816, 10240, 95, 98
2026/08/05 08:42:30.348, 0, NVIDIA GeForce RTX 3080, 8236, 1816, 10240, 95, 98
2026/08/05 08:42:30.457, 0, NVIDIA GeForce RTX 3080, 8236, 1816, 10240, 93, 97
2026/08/05 08:42:30.566, 0, NVIDIA GeForce RTX 3080, 8236, 1816, 10240, 93, 97
2026/08/05 08:42:30.675, 0, NVIDIA GeForce RTX 3080, 8236, 1816, 10240, 93, 97
2026/08/05 08:42:30.785, 0, NVIDIA GeForce RTX 3080, 8236, 1816, 10240, 93, 97
2026/08/05 08:42:30.894, 0, NVIDIA GeForce RTX 3080, 8236, 1816, 10240, 95, 98
2026/08/05 08:42:31.003, 0, NVIDIA GeForce RTX 3080, 8236, 1816, 10240, 95, 98
2026/08/05 08:42:31.112, 0, NVIDIA GeForce RTX 3080, 8236, 1816, 10240, 95, 98
2026/08/05 08:42:31.222, 0, NVIDIA GeForce RTX 3080, 8236, 1816, 10240, 95, 98
2026/08/05 08:42:31.331, 0, NVIDIA GeForce RTX 3080, 8236, 1816, 10240, 95, 98
2026/08/05 08:42:31.440, 0, NVIDIA GeForce RTX 3080, 8236, 1816, 10240, 95, 98
2026/08/05 08:42:31.550, 0, NVIDIA GeForce RTX 3080, 8236, 1816, 10240, 95, 98
2026/08/05 08:42:31.659, 0, NVIDIA GeForce RTX 3080, 8236, 1816, 10240, 95, 98
2026/08/05 08:42:31.768, 0, NVIDIA GeForce RTX 3080, 8236, 1816, 10240, 95, 98
2026/08/05 08:42:31.877, 0, NVIDIA GeForce RTX 3080, 8236, 1816, 10240, 95, 98
2026/08/05 08:42:31.987, 0, NVIDIA GeForce RTX 3080, 8236, 1816, 10240, 95, 98
2026/08/05 08:42:32.096, 0, NVIDIA GeForce RTX 3080, 8236, 1816, 10240, 95, 98
2026/08/05 08:42:32.205, 0, NVIDIA GeForce RTX 3080, 8236, 1816, 10240, 95, 98
2026/08/05 08:42:32.314, 0, NVIDIA GeForce RTX 3080, 8236, 1816, 10240, 95, 98
2026/08/05 08:42:32.422, 0, NVIDIA GeForce RTX 3080, 8236, 1816, 10240, 95, 98
2026/08/05 08:42:32.532, 0, NVIDIA GeForce RTX 3080, 8236, 1816, 10240, 95, 98
2026/08/05 08:42:32.640, 0, NVIDIA GeForce RTX 3080, 8236, 1816, 10240, 95, 98
2026/08/05 08:42:32.750, 0, NVIDIA GeForce RTX 3080, 8236, 1816, 10240, 95, 98
2026/08/05 08:42:32.860, 0, NVIDIA GeForce RTX 3080, 8236, 1816, 10240, 95, 98
2026/08/05 08:42:32.968, 0, NVIDIA GeForce RTX 3080, 8236, 1816, 10240, 95, 98
2026/08/05 08:42:33.078, 0, NVIDIA GeForce RTX 3080, 8236, 1816, 10240, 95, 98
2026/08/05 08:42:33.186, 0, NVIDIA GeForce RTX 3080, 8236, 1816, 10240, 95, 98
2026/08/05 08:42:33.294, 0, NVIDIA GeForce RTX 3080, 8236, 1816, 10240, 95, 98
2026/08/05 08:42:33.404, 0, NVIDIA GeForce RTX 3080, 8236, 1816, 10240, 95, 98
2026/08/05 08:42:33.512, 0, NVIDIA GeForce RTX 3080, 8236, 1816, 10240, 95, 98
2026/08/05 08:42:33.621, 0, NVIDIA GeForce RTX 3080, 8236, 1816, 10240, 95, 98
2026/08/05 08:42:33.731, 0, NVIDIA GeForce RTX 3080, 8236, 1816, 10240, 95, 98
2026/08/05 08:42:33.839, 0, NVIDIA GeForce RTX 3080, 8236, 1816, 10240, 95, 98
2026/08/05 08:42:33.949, 0, NVIDIA GeForce RTX 3080, 8236, 1816, 10240, 95, 98
2026/08/05 08:42:34.058, 0, NVIDIA GeForce RTX 3080, 8236, 1816, 10240, 95, 98
2026/08/05 08:42:34.166, 0, NVIDIA GeForce RTX 3080, 8236, 1816, 10240, 95, 98
2026/08/05 08:42:34.276, 0, NVIDIA GeForce RTX 3080, 8236, 1816, 10240, 95, 98
2026/08/05 08:42:34.385, 0, NVIDIA GeForce RTX 3080, 8236, 1816, 10240, 95, 98
2026/08/05 08:42:34.494, 0, NVIDIA GeForce RTX 3080, 8236, 1816, 10240, 95, 98
2026/08/05 08:42:34.604, 0, NVIDIA GeForce RTX 3080, 8236, 1816, 10240, 95, 98
2026/08/05 08:42:34.712, 0, NVIDIA GeForce RTX 3080, 8236, 1816, 10240, 95, 98
2026/08/05 08:42:34.822, 0, NVIDIA GeForce RTX 3080, 8236, 1816, 10240, 95, 98
2026/08/05 08:42:34.931, 0, NVIDIA GeForce RTX 3080, 8236, 1816, 10240, 95, 98
2026/08/05 08:42:35.039, 0, NVIDIA GeForce RTX 3080, 8236, 1816, 10240, 95, 98
2026/08/05 08:42:35.149, 0, NVIDIA GeForce RTX 3080, 8236, 1816, 10240, 95, 98
2026/08/05 08:42:35.259, 0, NVIDIA GeForce RTX 3080, 8236, 1816, 10240, 95, 98
2026/08/05 08:42:35.367, 0, NVIDIA GeForce RTX 3080, 8236, 1816, 10240, 95, 98
2026/08/05 08:42:35.477, 0, NVIDIA GeForce RTX 3080, 8236, 1816, 10240, 95, 98
2026/08/05 08:42:35.585, 0, NVIDIA GeForce RTX 3080, 8236, 1816, 10240, 95, 98
2026/08/05 08:42:35.694, 0, NVIDIA GeForce RTX 3080, 8236, 1816, 10240, 95, 98
2026/08/05 08:42:35.803, 0, NVIDIA GeForce RTX 3080, 8236, 1816, 10240, 95, 98
2026/08/05 08:42:35.912, 0, NVIDIA GeForce RTX 3080, 8236, 1816, 10240, 95, 98
2026/08/05 08:42:36.021, 0, NVIDIA GeForce RTX 3080, 8236, 1816, 10240, 95, 98
2026/08/05 08:42:36.130, 0, NVIDIA GeForce RTX 3080, 8236, 1816, 10240, 95, 98
2026/08/05 08:42:36.239, 0, NVIDIA GeForce RTX 3080, 8236, 1816, 10240, 95, 98
2026/08/05 08:42:36.348, 0, NVIDIA GeForce RTX 3080, 8236, 1816, 10240, 95, 98
2026/08/05 08:42:36.457, 0, NVIDIA GeForce RTX 3080, 8236, 1816, 10240, 94, 98
2026/08/05 08:42:36.566, 0, NVIDIA GeForce RTX 3080, 8236, 1816, 10240, 94, 98
2026/08/05 08:42:36.675, 0, NVIDIA GeForce RTX 3080, 8236, 1816, 10240, 94, 98
2026/08/05 08:42:36.785, 0, NVIDIA GeForce RTX 3080, 8236, 1816, 10240, 94, 98
2026/08/05 08:42:36.894, 0, NVIDIA GeForce RTX 3080, 8236, 1816, 10240, 95, 98
2026/08/05 08:42:37.003, 0, NVIDIA GeForce RTX 3080, 8236, 1816, 10240, 95, 98
2026/08/05 08:42:37.111, 0, NVIDIA GeForce RTX 3080, 8236, 1816, 10240, 95, 98
2026/08/05 08:42:37.221, 0, NVIDIA GeForce RTX 3080, 8236, 1816, 10240, 95, 98
2026/08/05 08:42:37.330, 0, NVIDIA GeForce RTX 3080, 8236, 1816, 10240, 95, 98
2026/08/05 08:42:37.439, 0, NVIDIA GeForce RTX 3080, 8236, 1816, 10240, 95, 98
2026/08/05 08:42:37.548, 0, NVIDIA GeForce RTX 3080, 8236, 1816, 10240, 95, 98
2026/08/05 08:42:37.657, 0, NVIDIA GeForce RTX 3080, 8236, 1816, 10240, 95, 98
2026/08/05 08:42:37.765, 0, NVIDIA GeForce RTX 3080, 8236, 1816, 10240, 95, 98
2026/08/05 08:42:37.875, 0, NVIDIA GeForce RTX 3080, 8236, 1816, 10240, 95, 98
2026/08/05 08:42:37.985, 0, NVIDIA GeForce RTX 3080, 8236, 1816, 10240, 95, 98
2026/08/05 08:42:38.093, 0, NVIDIA GeForce RTX 3080, 8236, 1816, 10240, 95, 98
2026/08/05 08:42:38.203, 0, NVIDIA GeForce RTX 3080, 8236, 1816, 10240, 95, 98
2026/08/05 08:42:38.312, 0, NVIDIA GeForce RTX 3080, 8236, 1816, 10240, 95, 98
2026/08/05 08:42:38.421, 0, NVIDIA GeForce RTX 3080, 8236, 1816, 10240, 95, 98
2026/08/05 08:42:38.531, 0, NVIDIA GeForce RTX 3080, 8236, 1816, 10240, 95, 98
2026/08/05 08:42:38.639, 0, NVIDIA GeForce RTX 3080, 8236, 1816, 10240, 95, 98
2026/08/05 08:42:38.748, 0, NVIDIA GeForce RTX 3080, 8236, 1816, 10240, 95, 98
2026/08/05 08:42:38.857, 0, NVIDIA GeForce RTX 3080, 8236, 1816, 10240, 95, 98
2026/08/05 08:42:38.966, 0, NVIDIA GeForce RTX 3080, 8236, 1816, 10240, 95, 98
2026/08/05 08:42:39.076, 0, NVIDIA GeForce RTX 3080, 8236, 1816, 10240, 95, 98
2026/08/05 08:42:39.184, 0, NVIDIA GeForce RTX 3080, 8236, 1816, 10240, 95, 98
2026/08/05 08:42:39.293, 0, NVIDIA GeForce RTX 3080, 8236, 1816, 10240, 95, 98
2026/08/05 08:42:39.403, 0, NVIDIA GeForce RTX 3080, 8236, 1816, 10240, 96, 98
2026/08/05 08:42:39.511, 0, NVIDIA GeForce RTX 3080, 8236, 1816, 10240, 96, 98
2026/08/05 08:42:39.619, 0, NVIDIA GeForce RTX 3080, 8236, 1816, 10240, 96, 98
2026/08/05 08:42:39.729, 0, NVIDIA GeForce RTX 3080, 8236, 1816, 10240, 96, 98
2026/08/05 08:42:39.838, 0, NVIDIA GeForce RTX 3080, 8236, 1816, 10240, 96, 98
2026/08/05 08:42:39.947, 0, NVIDIA GeForce RTX 3080, 8236, 1816, 10240, 95, 98
2026/08/05 08:42:40.057, 0, NVIDIA GeForce RTX 3080, 8236, 1816, 10240, 95, 98
2026/08/05 08:42:40.166, 0, NVIDIA GeForce RTX 3080, 8236, 1816, 10240, 95, 98
2026/08/05 08:42:40.275, 0, NVIDIA GeForce RTX 3080, 8236, 1816, 10240, 95, 98
2026/08/05 08:42:40.384, 0, NVIDIA GeForce RTX 3080, 8236, 1816, 10240, 95, 98
2026/08/05 08:42:40.492, 0, NVIDIA GeForce RTX 3080, 8236, 1816, 10240, 95, 98
2026/08/05 08:42:40.602, 0, NVIDIA GeForce RTX 3080, 8236, 1816, 10240, 95, 98
2026/08/05 08:42:40.711, 0, NVIDIA GeForce RTX 3080, 8236, 1816, 10240, 95, 98
2026/08/05 08:42:40.820, 0, NVIDIA GeForce RTX 3080, 8236, 1816, 10240, 95, 98
2026/08/05 08:42:40.930, 0, NVIDIA GeForce RTX 3080, 8236, 1816, 10240, 95, 98
2026/08/05 08:42:41.038, 0, NVIDIA GeForce RTX 3080, 8236, 1816, 10240, 95, 98
2026/08/05 08:42:41.148, 0, NVIDIA GeForce RTX 3080, 8236, 1816, 10240, 95, 98
2026/08/05 08:42:41.256, 0, NVIDIA GeForce RTX 3080, 8236, 1816, 10240, 95, 98
2026/08/05 08:42:41.365, 0, NVIDIA GeForce RTX 3080, 8236, 1816, 10240, 95, 98
2026/08/05 08:42:41.475, 0, NVIDIA GeForce RTX 3080, 8236, 1816, 10240, 95, 98
2026/08/05 08:42:41.584, 0, NVIDIA GeForce RTX 3080, 8236, 1816, 10240, 95, 98
2026/08/05 08:42:41.693, 0, NVIDIA GeForce RTX 3080, 8236, 1816, 10240, 95, 98
2026/08/05 08:42:41.803, 0, NVIDIA GeForce RTX 3080, 8236, 1816, 10240, 95, 98
2026/08/05 08:42:41.911, 0, NVIDIA GeForce RTX 3080, 8236, 1816, 10240, 95, 98
2026/08/05 08:42:42.020, 0, NVIDIA GeForce RTX 3080, 8236, 1816, 10240, 95, 98
2026/08/05 08:42:42.129, 0, NVIDIA GeForce RTX 3080, 8236, 1816, 10240, 95, 98
2026/08/05 08:42:42.238, 0, NVIDIA GeForce RTX 3080, 8236, 1816, 10240, 95, 98
2026/08/05 08:42:42.348, 0, NVIDIA GeForce RTX 3080, 8236, 1816, 10240, 95, 98
2026/08/05 08:42:42.457, 0, NVIDIA GeForce RTX 3080, 8236, 1816, 10240, 96, 98
2026/08/05 08:42:42.566, 0, NVIDIA GeForce RTX 3080, 8236, 1816, 10240, 96, 98
2026/08/05 08:42:42.675, 0, NVIDIA GeForce RTX 3080, 8236, 1816, 10240, 96, 98
2026/08/05 08:42:42.784, 0, NVIDIA GeForce RTX 3080, 8236, 1816, 10240, 96, 98
2026/08/05 08:42:42.893, 0, NVIDIA GeForce RTX 3080, 8236, 1816, 10240, 96, 98
2026/08/05 08:42:43.002, 0, NVIDIA GeForce RTX 3080, 8236, 1816, 10240, 96, 98
2026/08/05 08:42:43.111, 0, NVIDIA GeForce RTX 3080, 8236, 1816, 10240, 96, 98
2026/08/05 08:42:43.220, 0, NVIDIA GeForce RTX 3080, 8236, 1816, 10240, 96, 98
2026/08/05 08:42:43.330, 0, NVIDIA GeForce RTX 3080, 8236, 1816, 10240, 96, 98
2026/08/05 08:42:43.438, 0, NVIDIA GeForce RTX 3080, 8236, 1816, 10240, 95, 98
2026/08/05 08:42:43.548, 0, NVIDIA GeForce RTX 3080, 8236, 1816, 10240, 95, 98
2026/08/05 08:42:43.657, 0, NVIDIA GeForce RTX 3080, 8236, 1816, 10240, 95, 98
2026/08/05 08:42:43.765, 0, NVIDIA GeForce RTX 3080, 8236, 1816, 10240, 95, 98
2026/08/05 08:42:43.875, 0, NVIDIA GeForce RTX 3080, 8236, 1816, 10240, 95, 98
2026/08/05 08:42:43.984, 0, NVIDIA GeForce RTX 3080, 8236, 1816, 10240, 95, 98
2026/08/05 08:42:44.093, 0, NVIDIA GeForce RTX 3080, 8236, 1816, 10240, 95, 98
2026/08/05 08:42:44.203, 0, NVIDIA GeForce RTX 3080, 8236, 1816, 10240, 95, 98
2026/08/05 08:42:44.311, 0, NVIDIA GeForce RTX 3080, 8236, 1816, 10240, 95, 98
2026/08/05 08:42:44.421, 0, NVIDIA GeForce RTX 3080, 8236, 1816, 10240, 95, 98
2026/08/05 08:42:44.530, 0, NVIDIA GeForce RTX 3080, 8236, 1816, 10240, 95, 98
2026/08/05 08:42:44.639, 0, NVIDIA GeForce RTX 3080, 8236, 1816, 10240, 95, 98
2026/08/05 08:42:44.748, 0, NVIDIA GeForce RTX 3080, 8236, 1816, 10240, 95, 98
2026/08/05 08:42:44.857, 0, NVIDIA GeForce RTX 3080, 8236, 1816, 10240, 96, 98
2026/08/05 08:42:44.966, 0, NVIDIA GeForce RTX 3080, 8236, 1816, 10240, 96, 98
2026/08/05 08:42:45.075, 0, NVIDIA GeForce RTX 3080, 8236, 1816, 10240, 96, 98
2026/08/05 08:42:45.185, 0, NVIDIA GeForce RTX 3080, 8236, 1816, 10240, 96, 98
2026/08/05 08:42:45.294, 0, NVIDIA GeForce RTX 3080, 8236, 1816, 10240, 96, 98
2026/08/05 08:42:45.403, 0, NVIDIA GeForce RTX 3080, 8236, 1816, 10240, 95, 98
2026/08/05 08:42:45.512, 0, NVIDIA GeForce RTX 3080, 8236, 1816, 10240, 95, 98
2026/08/05 08:42:45.621, 0, NVIDIA GeForce RTX 3080, 8236, 1816, 10240, 95, 98
2026/08/05 08:42:45.731, 0, NVIDIA GeForce RTX 3080, 8236, 1816, 10240, 95, 98
2026/08/05 08:42:45.839, 0, NVIDIA GeForce RTX 3080, 8236, 1816, 10240, 95, 98
2026/08/05 08:42:45.949, 0, NVIDIA GeForce RTX 3080, 8236, 1816, 10240, 96, 98
2026/08/05 08:42:46.059, 0, NVIDIA GeForce RTX 3080, 8236, 1816, 10240, 96, 98
2026/08/05 08:42:46.167, 0, NVIDIA GeForce RTX 3080, 8236, 1816, 10240, 96, 98
2026/08/05 08:42:46.277, 0, NVIDIA GeForce RTX 3080, 8236, 1816, 10240, 96, 98
2026/08/05 08:42:46.386, 0, NVIDIA GeForce RTX 3080, 8236, 1816, 10240, 95, 98
2026/08/05 08:42:46.494, 0, NVIDIA GeForce RTX 3080, 8236, 1816, 10240, 95, 98
2026/08/05 08:42:46.604, 0, NVIDIA GeForce RTX 3080, 8236, 1816, 10240, 95, 98
2026/08/05 08:42:46.713, 0, NVIDIA GeForce RTX 3080, 8236, 1816, 10240, 95, 98
2026/08/05 08:42:46.822, 0, NVIDIA GeForce RTX 3080, 8236, 1816, 10240, 95, 98
2026/08/05 08:42:46.931, 0, NVIDIA GeForce RTX 3080, 8236, 1816, 10240, 96, 98
2026/08/05 08:42:47.040, 0, NVIDIA GeForce RTX 3080, 8236, 1816, 10240, 96, 98
2026/08/05 08:42:47.149, 0, NVIDIA GeForce RTX 3080, 8236, 1816, 10240, 96, 98
2026/08/05 08:42:47.259, 0, NVIDIA GeForce RTX 3080, 8236, 1816, 10240, 96, 98
2026/08/05 08:42:47.368, 0, NVIDIA GeForce RTX 3080, 8236, 1816, 10240, 96, 98
2026/08/05 08:42:47.477, 0, NVIDIA GeForce RTX 3080, 8236, 1816, 10240, 96, 98
2026/08/05 08:42:47.587, 0, NVIDIA GeForce RTX 3080, 8236, 1816, 10240, 96, 98
2026/08/05 08:42:47.695, 0, NVIDIA GeForce RTX 3080, 8236, 1816, 10240, 96, 98
2026/08/05 08:42:47.805, 0, NVIDIA GeForce RTX 3080, 8236, 1816, 10240, 96, 98
2026/08/05 08:42:47.914, 0, NVIDIA GeForce RTX 3080, 8236, 1816, 10240, 94, 98
2026/08/05 08:42:48.022, 0, NVIDIA GeForce RTX 3080, 8236, 1816, 10240, 94, 98
2026/08/05 08:42:48.132, 0, NVIDIA GeForce RTX 3080, 8236, 1816, 10240, 94, 98
2026/08/05 08:42:48.241, 0, NVIDIA GeForce RTX 3080, 8236, 1816, 10240, 94, 98
2026/08/05 08:42:48.350, 0, NVIDIA GeForce RTX 3080, 8236, 1816, 10240, 94, 98
2026/08/05 08:42:48.460, 0, NVIDIA GeForce RTX 3080, 8236, 1816, 10240, 94, 98
2026/08/05 08:42:48.568, 0, NVIDIA GeForce RTX 3080, 8236, 1816, 10240, 94, 98
2026/08/05 08:42:48.678, 0, NVIDIA GeForce RTX 3080, 8236, 1816, 10240, 94, 98
2026/08/05 08:42:48.787, 0, NVIDIA GeForce RTX 3080, 8236, 1816, 10240, 94, 98
2026/08/05 08:42:48.896, 0, NVIDIA GeForce RTX 3080, 8236, 1816, 10240, 94, 98
2026/08/05 08:42:49.006, 0, NVIDIA GeForce RTX 3080, 8236, 1816, 10240, 94, 98
2026/08/05 08:42:49.115, 0, NVIDIA GeForce RTX 3080, 8236, 1816, 10240, 94, 98
2026/08/05 08:42:49.224, 0, NVIDIA GeForce RTX 3080, 8236, 1816, 10240, 94, 98
2026/08/05 08:42:49.333, 0, NVIDIA GeForce RTX 3080, 8236, 1816, 10240, 94, 98
2026/08/05 08:42:49.442, 0, NVIDIA GeForce RTX 3080, 8236, 1816, 10240, 94, 98
2026/08/05 08:42:49.552, 0, NVIDIA GeForce RTX 3080, 8236, 1816, 10240, 94, 98
2026/08/05 08:42:49.662, 0, NVIDIA GeForce RTX 3080, 8236, 1816, 10240, 94, 98
2026/08/05 08:42:49.769, 0, NVIDIA GeForce RTX 3080, 8236, 1816, 10240, 94, 98
2026/08/05 08:42:49.879, 0, NVIDIA GeForce RTX 3080, 8236, 1816, 10240, 94, 98
2026/08/05 08:42:49.988, 0, NVIDIA GeForce RTX 3080, 8236, 1816, 10240, 94, 98
2026/08/05 08:42:50.097, 0, NVIDIA GeForce RTX 3080, 8236, 1816, 10240, 94, 98
2026/08/05 08:42:50.206, 0, NVIDIA GeForce RTX 3080, 8236, 1816, 10240, 94, 98
2026/08/05 08:42:50.316, 0, NVIDIA GeForce RTX 3080, 8236, 1816, 10240, 94, 98
2026/08/05 08:42:50.425, 0, NVIDIA GeForce RTX 3080, 8236, 1816, 10240, 94, 98
2026/08/05 08:42:50.534, 0, NVIDIA GeForce RTX 3080, 8236, 1816, 10240, 94, 98
2026/08/05 08:42:50.644, 0, NVIDIA GeForce RTX 3080, 8236, 1816, 10240, 94, 98
2026/08/05 08:42:50.753, 0, NVIDIA GeForce RTX 3080, 8236, 1816, 10240, 94, 98
2026/08/05 08:42:50.862, 0, NVIDIA GeForce RTX 3080, 8236, 1816, 10240, 94, 98
2026/08/05 08:42:50.971, 0, NVIDIA GeForce RTX 3080, 8236, 1816, 10240, 94, 98
2026/08/05 08:42:51.081, 0, NVIDIA GeForce RTX 3080, 8236, 1816, 10240, 94, 98
2026/08/05 08:42:51.190, 0, NVIDIA GeForce RTX 3080, 8236, 1816, 10240, 94, 98
2026/08/05 08:42:51.299, 0, NVIDIA GeForce RTX 3080, 8236, 1816, 10240, 94, 98
2026/08/05 08:42:51.408, 0, NVIDIA GeForce RTX 3080, 8236, 1816, 10240, 94, 98
2026/08/05 08:42:51.517, 0, NVIDIA GeForce RTX 3080, 8236, 1816, 10240, 94, 98
2026/08/05 08:42:51.626, 0, NVIDIA GeForce RTX 3080, 8236, 1816, 10240, 94, 98
2026/08/05 08:42:51.735, 0, NVIDIA GeForce RTX 3080, 8236, 1816, 10240, 94, 98
2026/08/05 08:42:51.845, 0, NVIDIA GeForce RTX 3080, 8236, 1816, 10240, 94, 98
2026/08/05 08:42:51.953, 0, NVIDIA GeForce RTX 3080, 8236, 1816, 10240, 94, 98
2026/08/05 08:42:52.063, 0, NVIDIA GeForce RTX 3080, 8236, 1816, 10240, 94, 98
2026/08/05 08:42:52.171, 0, NVIDIA GeForce RTX 3080, 8236, 1816, 10240, 94, 98
2026/08/05 08:42:52.280, 0, NVIDIA GeForce RTX 3080, 8236, 1816, 10240, 94, 98
2026/08/05 08:42:52.390, 0, NVIDIA GeForce RTX 3080, 8236, 1816, 10240, 94, 98
2026/08/05 08:42:52.498, 0, NVIDIA GeForce RTX 3080, 8236, 1816, 10240, 94, 98
2026/08/05 08:42:52.608, 0, NVIDIA GeForce RTX 3080, 8236, 1816, 10240, 94, 98
2026/08/05 08:42:52.717, 0, NVIDIA GeForce RTX 3080, 8236, 1816, 10240, 94, 98
2026/08/05 08:42:52.826, 0, NVIDIA GeForce RTX 3080, 8236, 1816, 10240, 94, 98
2026/08/05 08:42:52.935, 0, NVIDIA GeForce RTX 3080, 8236, 1816, 10240, 94, 98
2026/08/05 08:42:53.045, 0, NVIDIA GeForce RTX 3080, 8236, 1816, 10240, 94, 98
2026/08/05 08:42:53.153, 0, NVIDIA GeForce RTX 3080, 8236, 1816, 10240, 94, 98
2026/08/05 08:42:53.262, 0, NVIDIA GeForce RTX 3080, 8236, 1816, 10240, 94, 98
2026/08/05 08:42:53.371, 0, NVIDIA GeForce RTX 3080, 8236, 1816, 10240, 94, 98
2026/08/05 08:42:53.481, 0, NVIDIA GeForce RTX 3080, 8236, 1816, 10240, 94, 98
2026/08/05 08:42:53.590, 0, NVIDIA GeForce RTX 3080, 8236, 1816, 10240, 94, 98
2026/08/05 08:42:53.699, 0, NVIDIA GeForce RTX 3080, 8236, 1816, 10240, 94, 98
2026/08/05 08:42:53.808, 0, NVIDIA GeForce RTX 3080, 8236, 1816, 10240, 94, 98
2026/08/05 08:42:53.917, 0, NVIDIA GeForce RTX 3080, 8236, 1816, 10240, 94, 98
2026/08/05 08:42:54.026, 0, NVIDIA GeForce RTX 3080, 8236, 1816, 10240, 94, 98
2026/08/05 08:42:54.135, 0, NVIDIA GeForce RTX 3080, 8236, 1816, 10240, 94, 98
2026/08/05 08:42:54.245, 0, NVIDIA GeForce RTX 3080, 8236, 1816, 10240, 94, 98
2026/08/05 08:42:54.354, 0, NVIDIA GeForce RTX 3080, 8236, 1816, 10240, 94, 98
2026/08/05 08:42:54.463, 0, NVIDIA GeForce RTX 3080, 8236, 1816, 10240, 94, 98
2026/08/05 08:42:54.572, 0, NVIDIA GeForce RTX 3080, 8236, 1816, 10240, 94, 98
2026/08/05 08:42:54.682, 0, NVIDIA GeForce RTX 3080, 8236, 1816, 10240, 94, 98
2026/08/05 08:42:54.791, 0, NVIDIA GeForce RTX 3080, 8236, 1816, 10240, 94, 98
2026/08/05 08:42:54.900, 0, NVIDIA GeForce RTX 3080, 8236, 1816, 10240, 94, 98
2026/08/05 08:42:55.010, 0, NVIDIA GeForce RTX 3080, 8236, 1816, 10240, 94, 98
2026/08/05 08:42:55.118, 0, NVIDIA GeForce RTX 3080, 8236, 1816, 10240, 94, 98
2026/08/05 08:42:55.227, 0, NVIDIA GeForce RTX 3080, 8236, 1816, 10240, 94, 98
2026/08/05 08:42:55.336, 0, NVIDIA GeForce RTX 3080, 8236, 1816, 10240, 94, 98
2026/08/05 08:42:55.445, 0, NVIDIA GeForce RTX 3080, 8236, 1816, 10240, 94, 98
2026/08/05 08:42:55.553, 0, NVIDIA GeForce RTX 3080, 8236, 1816, 10240, 94, 98
2026/08/05 08:42:55.663, 0, NVIDIA GeForce RTX 3080, 8236, 1816, 10240, 94, 98
2026/08/05 08:42:55.772, 0, NVIDIA GeForce RTX 3080, 8236, 1816, 10240, 94, 98
2026/08/05 08:42:55.881, 0, NVIDIA GeForce RTX 3080, 8236, 1816, 10240, 94, 98
2026/08/05 08:42:55.991, 0, NVIDIA GeForce RTX 3080, 8236, 1816, 10240, 94, 98
2026/08/05 08:42:56.099, 0, NVIDIA GeForce RTX 3080, 8236, 1816, 10240, 94, 98
2026/08/05 08:42:56.208, 0, NVIDIA GeForce RTX 3080, 8236, 1816, 10240, 94, 98
2026/08/05 08:42:56.318, 0, NVIDIA GeForce RTX 3080, 8236, 1816, 10240, 94, 98
2026/08/05 08:42:56.426, 0, NVIDIA GeForce RTX 3080, 8236, 1816, 10240, 94, 98
2026/08/05 08:42:56.536, 0, NVIDIA GeForce RTX 3080, 8236, 1816, 10240, 94, 98
2026/08/05 08:42:56.645, 0, NVIDIA GeForce RTX 3080, 8236, 1816, 10240, 94, 98
2026/08/05 08:42:56.753, 0, NVIDIA GeForce RTX 3080, 8236, 1816, 10240, 94, 98
2026/08/05 08:42:56.863, 0, NVIDIA GeForce RTX 3080, 8236, 1816, 10240, 94, 98
2026/08/05 08:42:56.971, 0, NVIDIA GeForce RTX 3080, 8236, 1816, 10240, 94, 98
2026/08/05 08:42:57.081, 0, NVIDIA GeForce RTX 3080, 8236, 1816, 10240, 94, 98
2026/08/05 08:42:57.191, 0, NVIDIA GeForce RTX 3080, 8236, 1816, 10240, 94, 98
2026/08/05 08:42:57.299, 0, NVIDIA GeForce RTX 3080, 8236, 1816, 10240, 94, 98
2026/08/05 08:42:57.409, 0, NVIDIA GeForce RTX 3080, 8236, 1816, 10240, 94, 98
2026/08/05 08:42:57.517, 0, NVIDIA GeForce RTX 3080, 8236, 1816, 10240, 94, 98
2026/08/05 08:42:57.626, 0, NVIDIA GeForce RTX 3080, 8236, 1816, 10240, 94, 98
2026/08/05 08:42:57.735, 0, NVIDIA GeForce RTX 3080, 8236, 1816, 10240, 94, 98
2026/08/05 08:42:57.845, 0, NVIDIA GeForce RTX 3080, 8236, 1816, 10240, 94, 98
2026/08/05 08:42:57.954, 0, NVIDIA GeForce RTX 3080, 8236, 1816, 10240, 91, 96
2026/08/05 08:42:58.063, 0, NVIDIA GeForce RTX 3080, 8236, 1816, 10240, 91, 96
2026/08/05 08:42:58.172, 0, NVIDIA GeForce RTX 3080, 8236, 1816, 10240, 91, 96
2026/08/05 08:42:58.282, 0, NVIDIA GeForce RTX 3080, 8236, 1816, 10240, 91, 96
2026/08/05 08:42:58.391, 0, NVIDIA GeForce RTX 3080, 8236, 1816, 10240, 94, 98
2026/08/05 08:42:58.500, 0, NVIDIA GeForce RTX 3080, 8236, 1816, 10240, 94, 98
2026/08/05 08:42:58.610, 0, NVIDIA GeForce RTX 3080, 8236, 1816, 10240, 94, 98
2026/08/05 08:42:58.718, 0, NVIDIA GeForce RTX 3080, 8236, 1816, 10240, 94, 98
2026/08/05 08:42:58.827, 0, NVIDIA GeForce RTX 3080, 8236, 1816, 10240, 94, 98
2026/08/05 08:42:58.936, 0, NVIDIA GeForce RTX 3080, 8236, 1816, 10240, 94, 98
2026/08/05 08:42:59.046, 0, NVIDIA GeForce RTX 3080, 8236, 1816, 10240, 94, 98
2026/08/05 08:42:59.155, 0, NVIDIA GeForce RTX 3080, 8236, 1816, 10240, 94, 98
2026/08/05 08:42:59.264, 0, NVIDIA GeForce RTX 3080, 8236, 1816, 10240, 94, 98
2026/08/05 08:42:59.374, 0, NVIDIA GeForce RTX 3080, 8236, 1816, 10240, 94, 98
2026/08/05 08:42:59.481, 0, NVIDIA GeForce RTX 3080, 8236, 1816, 10240, 94, 98
2026/08/05 08:42:59.591, 0, NVIDIA GeForce RTX 3080, 8236, 1816, 10240, 94, 98
2026/08/05 08:42:59.700, 0, NVIDIA GeForce RTX 3080, 8236, 1816, 10240, 94, 98
2026/08/05 08:42:59.809, 0, NVIDIA GeForce RTX 3080, 8236, 1816, 10240, 94, 98
2026/08/05 08:42:59.918, 0, NVIDIA GeForce RTX 3080, 8236, 1816, 10240, 94, 98
2026/08/05 08:43:00.027, 0, NVIDIA GeForce RTX 3080, 8236, 1816, 10240, 94, 98
2026/08/05 08:43:00.136, 0, NVIDIA GeForce RTX 3080, 8236, 1816, 10240, 94, 98
2026/08/05 08:43:00.246, 0, NVIDIA GeForce RTX 3080, 8236, 1816, 10240, 94, 98
2026/08/05 08:43:00.355, 0, NVIDIA GeForce RTX 3080, 8236, 1816, 10240, 94, 98
2026/08/05 08:43:00.464, 0, NVIDIA GeForce RTX 3080, 8236, 1816, 10240, 95, 98
2026/08/05 08:43:00.572, 0, NVIDIA GeForce RTX 3080, 8236, 1816, 10240, 95, 98
2026/08/05 08:43:00.682, 0, NVIDIA GeForce RTX 3080, 8236, 1816, 10240, 95, 98
2026/08/05 08:43:00.791, 0, NVIDIA GeForce RTX 3080, 8236, 1816, 10240, 95, 98
2026/08/05 08:43:00.900, 0, NVIDIA GeForce RTX 3080, 8236, 1816, 10240, 95, 98
2026/08/05 08:43:01.010, 0, NVIDIA GeForce RTX 3080, 8236, 1816, 10240, 95, 98
2026/08/05 08:43:01.119, 0, NVIDIA GeForce RTX 3080, 8236, 1816, 10240, 95, 98
2026/08/05 08:43:01.228, 0, NVIDIA GeForce RTX 3080, 8236, 1816, 10240, 95, 98
2026/08/05 08:43:01.338, 0, NVIDIA GeForce RTX 3080, 8236, 1816, 10240, 95, 98
2026/08/05 08:43:01.447, 0, NVIDIA GeForce RTX 3080, 8236, 1816, 10240, 95, 98
2026/08/05 08:43:01.556, 0, NVIDIA GeForce RTX 3080, 8236, 1816, 10240, 95, 98
2026/08/05 08:43:01.665, 0, NVIDIA GeForce RTX 3080, 8236, 1816, 10240, 95, 98
2026/08/05 08:43:01.774, 0, NVIDIA GeForce RTX 3080, 8236, 1816, 10240, 95, 98
2026/08/05 08:43:01.882, 0, NVIDIA GeForce RTX 3080, 8236, 1816, 10240, 95, 98
2026/08/05 08:43:01.992, 0, NVIDIA GeForce RTX 3080, 8236, 1816, 10240, 95, 98
2026/08/05 08:43:02.101, 0, NVIDIA GeForce RTX 3080, 8236, 1816, 10240, 95, 98
2026/08/05 08:43:02.210, 0, NVIDIA GeForce RTX 3080, 8236, 1816, 10240, 95, 98
2026/08/05 08:43:02.320, 0, NVIDIA GeForce RTX 3080, 8236, 1816, 10240, 95, 98
2026/08/05 08:43:02.428, 0, NVIDIA GeForce RTX 3080, 8236, 1816, 10240, 95, 98
2026/08/05 08:43:02.538, 0, NVIDIA GeForce RTX 3080, 8236, 1816, 10240, 95, 98
2026/08/05 08:43:02.647, 0, NVIDIA GeForce RTX 3080, 8236, 1816, 10240, 95, 98
2026/08/05 08:43:02.756, 0, NVIDIA GeForce RTX 3080, 8236, 1816, 10240, 95, 98
2026/08/05 08:43:02.866, 0, NVIDIA GeForce RTX 3080, 8236, 1816, 10240, 95, 98
2026/08/05 08:43:02.975, 0, NVIDIA GeForce RTX 3080, 8236, 1816, 10240, 95, 98
2026/08/05 08:43:03.084, 0, NVIDIA GeForce RTX 3080, 8236, 1816, 10240, 95, 98
2026/08/05 08:43:03.193, 0, NVIDIA GeForce RTX 3080, 8236, 1816, 10240, 95, 98
2026/08/05 08:43:03.302, 0, NVIDIA GeForce RTX 3080, 8236, 1816, 10240, 95, 98
2026/08/05 08:43:03.412, 0, NVIDIA GeForce RTX 3080, 8236, 1816, 10240, 95, 98
2026/08/05 08:43:03.521, 0, NVIDIA GeForce RTX 3080, 8236, 1816, 10240, 95, 98
2026/08/05 08:43:03.630, 0, NVIDIA GeForce RTX 3080, 8236, 1816, 10240, 95, 98
2026/08/05 08:43:03.740, 0, NVIDIA GeForce RTX 3080, 8236, 1816, 10240, 95, 98
2026/08/05 08:43:03.849, 0, NVIDIA GeForce RTX 3080, 8236, 1816, 10240, 95, 98
2026/08/05 08:43:03.958, 0, NVIDIA GeForce RTX 3080, 8236, 1816, 10240, 95, 98
2026/08/05 08:43:04.067, 0, NVIDIA GeForce RTX 3080, 8236, 1816, 10240, 95, 98
2026/08/05 08:43:04.176, 0, NVIDIA GeForce RTX 3080, 8236, 1816, 10240, 95, 98
2026/08/05 08:43:04.285, 0, NVIDIA GeForce RTX 3080, 8236, 1816, 10240, 95, 98
2026/08/05 08:43:04.394, 0, NVIDIA GeForce RTX 3080, 8236, 1816, 10240, 95, 98
2026/08/05 08:43:04.504, 0, NVIDIA GeForce RTX 3080, 8236, 1816, 10240, 95, 98
2026/08/05 08:43:04.611, 0, NVIDIA GeForce RTX 3080, 8236, 1816, 10240, 95, 98
2026/08/05 08:43:04.721, 0, NVIDIA GeForce RTX 3080, 8236, 1816, 10240, 95, 98
2026/08/05 08:43:04.830, 0, NVIDIA GeForce RTX 3080, 8236, 1816, 10240, 95, 98
2026/08/05 08:43:04.939, 0, NVIDIA GeForce RTX 3080, 8236, 1816, 10240, 95, 98
2026/08/05 08:43:05.048, 0, NVIDIA GeForce RTX 3080, 8236, 1816, 10240, 95, 98
2026/08/05 08:43:05.156, 0, NVIDIA GeForce RTX 3080, 8236, 1816, 10240, 95, 98
2026/08/05 08:43:05.266, 0, NVIDIA GeForce RTX 3080, 8236, 1816, 10240, 95, 98
2026/08/05 08:43:05.375, 0, NVIDIA GeForce RTX 3080, 8236, 1816, 10240, 95, 98
2026/08/05 08:43:05.484, 0, NVIDIA GeForce RTX 3080, 8236, 1816, 10240, 95, 98
2026/08/05 08:43:05.593, 0, NVIDIA GeForce RTX 3080, 8236, 1816, 10240, 95, 98
2026/08/05 08:43:05.701, 0, NVIDIA GeForce RTX 3080, 8236, 1816, 10240, 95, 98
2026/08/05 08:43:05.810, 0, NVIDIA GeForce RTX 3080, 8236, 1816, 10240, 95, 98
2026/08/05 08:43:05.919, 0, NVIDIA GeForce RTX 3080, 8236, 1816, 10240, 95, 98
2026/08/05 08:43:06.028, 0, NVIDIA GeForce RTX 3080, 8236, 1816, 10240, 95, 98
2026/08/05 08:43:06.138, 0, NVIDIA GeForce RTX 3080, 8236, 1816, 10240, 95, 98
2026/08/05 08:43:06.247, 0, NVIDIA GeForce RTX 3080, 8236, 1816, 10240, 95, 98
2026/08/05 08:43:06.356, 0, NVIDIA GeForce RTX 3080, 8236, 1816, 10240, 95, 98
2026/08/05 08:43:06.466, 0, NVIDIA GeForce RTX 3080, 8236, 1816, 10240, 91, 96
2026/08/05 08:43:06.575, 0, NVIDIA GeForce RTX 3080, 8236, 1816, 10240, 91, 96
2026/08/05 08:43:06.684, 0, NVIDIA GeForce RTX 3080, 8236, 1816, 10240, 91, 96
2026/08/05 08:43:06.793, 0, NVIDIA GeForce RTX 3080, 8236, 1816, 10240, 91, 96
2026/08/05 08:43:06.901, 0, NVIDIA GeForce RTX 3080, 8236, 1816, 10240, 95, 98
2026/08/05 08:43:07.010, 0, NVIDIA GeForce RTX 3080, 8236, 1816, 10240, 95, 98
2026/08/05 08:43:07.120, 0, NVIDIA GeForce RTX 3080, 8236, 1816, 10240, 95, 98
2026/08/05 08:43:07.228, 0, NVIDIA GeForce RTX 3080, 8236, 1816, 10240, 95, 98
2026/08/05 08:43:07.338, 0, NVIDIA GeForce RTX 3080, 8236, 1816, 10240, 95, 98
2026/08/05 08:43:07.447, 0, NVIDIA GeForce RTX 3080, 8236, 1816, 10240, 95, 98
2026/08/05 08:43:07.556, 0, NVIDIA GeForce RTX 3080, 8236, 1816, 10240, 95, 98
2026/08/05 08:43:07.665, 0, NVIDIA GeForce RTX 3080, 8236, 1816, 10240, 95, 98
2026/08/05 08:43:07.775, 0, NVIDIA GeForce RTX 3080, 8236, 1816, 10240, 95, 98
2026/08/05 08:43:07.884, 0, NVIDIA GeForce RTX 3080, 8236, 1816, 10240, 95, 98
2026/08/05 08:43:07.993, 0, NVIDIA GeForce RTX 3080, 8236, 1816, 10240, 95, 98
2026/08/05 08:43:08.102, 0, NVIDIA GeForce RTX 3080, 8236, 1816, 10240, 95, 98
2026/08/05 08:43:08.211, 0, NVIDIA GeForce RTX 3080, 8236, 1816, 10240, 95, 98
2026/08/05 08:43:08.320, 0, NVIDIA GeForce RTX 3080, 8236, 1816, 10240, 95, 98
2026/08/05 08:43:08.429, 0, NVIDIA GeForce RTX 3080, 8236, 1816, 10240, 95, 98
2026/08/05 08:43:08.538, 0, NVIDIA GeForce RTX 3080, 8236, 1816, 10240, 95, 98
2026/08/05 08:43:08.648, 0, NVIDIA GeForce RTX 3080, 8236, 1816, 10240, 95, 98
2026/08/05 08:43:08.756, 0, NVIDIA GeForce RTX 3080, 8236, 1816, 10240, 95, 98
2026/08/05 08:43:08.866, 0, NVIDIA GeForce RTX 3080, 8236, 1816, 10240, 95, 98
2026/08/05 08:43:08.975, 0, NVIDIA GeForce RTX 3080, 8236, 1816, 10240, 95, 98
2026/08/05 08:43:09.083, 0, NVIDIA GeForce RTX 3080, 8236, 1816, 10240, 95, 98
2026/08/05 08:43:09.193, 0, NVIDIA GeForce RTX 3080, 8236, 1816, 10240, 95, 98
2026/08/05 08:43:09.301, 0, NVIDIA GeForce RTX 3080, 8236, 1816, 10240, 95, 98
2026/08/05 08:43:09.411, 0, NVIDIA GeForce RTX 3080, 8236, 1816, 10240, 95, 98
2026/08/05 08:43:09.521, 0, NVIDIA GeForce RTX 3080, 8236, 1816, 10240, 95, 98
2026/08/05 08:43:09.629, 0, NVIDIA GeForce RTX 3080, 8236, 1816, 10240, 95, 98
2026/08/05 08:43:09.739, 0, NVIDIA GeForce RTX 3080, 8236, 1816, 10240, 95, 98
2026/08/05 08:43:09.847, 0, NVIDIA GeForce RTX 3080, 8236, 1816, 10240, 95, 98
2026/08/05 08:43:09.956, 0, NVIDIA GeForce RTX 3080, 8236, 1816, 10240, 96, 98
2026/08/05 08:43:10.065, 0, NVIDIA GeForce RTX 3080, 8236, 1816, 10240, 96, 98
2026/08/05 08:43:10.175, 0, NVIDIA GeForce RTX 3080, 8236, 1816, 10240, 96, 98
2026/08/05 08:43:10.284, 0, NVIDIA GeForce RTX 3080, 8236, 1816, 10240, 96, 98
2026/08/05 08:43:10.393, 0, NVIDIA GeForce RTX 3080, 8236, 1816, 10240, 95, 98
2026/08/05 08:43:10.502, 0, NVIDIA GeForce RTX 3080, 8236, 1816, 10240, 95, 98
2026/08/05 08:43:10.611, 0, NVIDIA GeForce RTX 3080, 8236, 1816, 10240, 95, 98
2026/08/05 08:43:10.720, 0, NVIDIA GeForce RTX 3080, 8236, 1816, 10240, 95, 98
2026/08/05 08:43:10.829, 0, NVIDIA GeForce RTX 3080, 8236, 1816, 10240, 95, 98
2026/08/05 08:43:10.937, 0, NVIDIA GeForce RTX 3080, 8236, 1816, 10240, 96, 98
2026/08/05 08:43:11.047, 0, NVIDIA GeForce RTX 3080, 8236, 1816, 10240, 96, 98
2026/08/05 08:43:11.156, 0, NVIDIA GeForce RTX 3080, 8236, 1816, 10240, 96, 98
2026/08/05 08:43:11.265, 0, NVIDIA GeForce RTX 3080, 8236, 1816, 10240, 96, 98
2026/08/05 08:43:11.375, 0, NVIDIA GeForce RTX 3080, 8236, 1816, 10240, 96, 98
2026/08/05 08:43:11.483, 0, NVIDIA GeForce RTX 3080, 8236, 1816, 10240, 96, 98
2026/08/05 08:43:11.593, 0, NVIDIA GeForce RTX 3080, 8236, 1816, 10240, 96, 98
2026/08/05 08:43:11.701, 0, NVIDIA GeForce RTX 3080, 8236, 1816, 10240, 96, 98
2026/08/05 08:43:11.811, 0, NVIDIA GeForce RTX 3080, 8236, 1816, 10240, 96, 98
2026/08/05 08:43:11.921, 0, NVIDIA GeForce RTX 3080, 8236, 1816, 10240, 95, 98
2026/08/05 08:43:12.029, 0, NVIDIA GeForce RTX 3080, 8236, 1816, 10240, 95, 98
2026/08/05 08:43:12.139, 0, NVIDIA GeForce RTX 3080, 8236, 1816, 10240, 95, 98
2026/08/05 08:43:12.248, 0, NVIDIA GeForce RTX 3080, 8236, 1816, 10240, 95, 98
2026/08/05 08:43:12.356, 0, NVIDIA GeForce RTX 3080, 8236, 1816, 10240, 95, 98
2026/08/05 08:43:12.466, 0, NVIDIA GeForce RTX 3080, 8236, 1816, 10240, 96, 98
2026/08/05 08:43:12.575, 0, NVIDIA GeForce RTX 3080, 8236, 1816, 10240, 96, 98
2026/08/05 08:43:12.684, 0, NVIDIA GeForce RTX 3080, 8236, 1816, 10240, 96, 98
2026/08/05 08:43:12.793, 0, NVIDIA GeForce RTX 3080, 8236, 1816, 10240, 96, 98
2026/08/05 08:43:12.901, 0, NVIDIA GeForce RTX 3080, 8236, 1816, 10240, 92, 96
2026/08/05 08:43:13.011, 0, NVIDIA GeForce RTX 3080, 8236, 1816, 10240, 92, 96
2026/08/05 08:43:13.120, 0, NVIDIA GeForce RTX 3080, 8236, 1816, 10240, 92, 96
2026/08/05 08:43:13.229, 0, NVIDIA GeForce RTX 3080, 8236, 1816, 10240, 92, 96
2026/08/05 08:43:13.339, 0, NVIDIA GeForce RTX 3080, 8236, 1816, 10240, 92, 96
2026/08/05 08:43:13.448, 0, NVIDIA GeForce RTX 3080, 8236, 1816, 10240, 95, 98
2026/08/05 08:43:13.557, 0, NVIDIA GeForce RTX 3080, 8236, 1816, 10240, 95, 98
2026/08/05 08:43:13.666, 0, NVIDIA GeForce RTX 3080, 8236, 1816, 10240, 95, 98
2026/08/05 08:43:13.776, 0, NVIDIA GeForce RTX 3080, 8236, 1816, 10240, 95, 98
2026/08/05 08:43:13.885, 0, NVIDIA GeForce RTX 3080, 8236, 1816, 10240, 95, 98
2026/08/05 08:43:13.994, 0, NVIDIA GeForce RTX 3080, 8236, 1816, 10240, 95, 98
2026/08/05 08:43:14.103, 0, NVIDIA GeForce RTX 3080, 8236, 1816, 10240, 95, 98
2026/08/05 08:43:14.211, 0, NVIDIA GeForce RTX 3080, 8236, 1816, 10240, 95, 98
2026/08/05 08:43:14.321, 0, NVIDIA GeForce RTX 3080, 8236, 1816, 10240, 95, 98
2026/08/05 08:43:14.430, 0, NVIDIA GeForce RTX 3080, 8236, 1816, 10240, 95, 98
2026/08/05 08:43:14.539, 0, NVIDIA GeForce RTX 3080, 8236, 1816, 10240, 95, 98
2026/08/05 08:43:14.649, 0, NVIDIA GeForce RTX 3080, 8236, 1816, 10240, 95, 98
2026/08/05 08:43:14.758, 0, NVIDIA GeForce RTX 3080, 8236, 1816, 10240, 95, 98
2026/08/05 08:43:14.868, 0, NVIDIA GeForce RTX 3080, 8236, 1816, 10240, 95, 98
2026/08/05 08:43:14.978, 0, NVIDIA GeForce RTX 3080, 8236, 1816, 10240, 95, 98
2026/08/05 08:43:15.086, 0, NVIDIA GeForce RTX 3080, 8236, 1816, 10240, 95, 98
2026/08/05 08:43:15.196, 0, NVIDIA GeForce RTX 3080, 8236, 1816, 10240, 95, 98
2026/08/05 08:43:15.305, 0, NVIDIA GeForce RTX 3080, 8236, 1816, 10240, 95, 98
2026/08/05 08:43:15.413, 0, NVIDIA GeForce RTX 3080, 8236, 1816, 10240, 96, 98
2026/08/05 08:43:15.523, 0, NVIDIA GeForce RTX 3080, 8236, 1816, 10240, 96, 98
2026/08/05 08:43:15.631, 0, NVIDIA GeForce RTX 3080, 8236, 1816, 10240, 96, 98
2026/08/05 08:43:15.741, 0, NVIDIA GeForce RTX 3080, 8236, 1816, 10240, 96, 98
2026/08/05 08:43:15.850, 0, NVIDIA GeForce RTX 3080, 8236, 1816, 10240, 96, 98
2026/08/05 08:43:15.959, 0, NVIDIA GeForce RTX 3080, 8236, 1816, 10240, 96, 98
2026/08/05 08:43:16.068, 0, NVIDIA GeForce RTX 3080, 8236, 1816, 10240, 96, 98
2026/08/05 08:43:16.176, 0, NVIDIA GeForce RTX 3080, 8236, 1816, 10240, 96, 98
2026/08/05 08:43:16.285, 0, NVIDIA GeForce RTX 3080, 8236, 1816, 10240, 96, 98
2026/08/05 08:43:16.394, 0, NVIDIA GeForce RTX 3080, 8236, 1816, 10240, 96, 98
2026/08/05 08:43:16.504, 0, NVIDIA GeForce RTX 3080, 8236, 1816, 10240, 96, 98
2026/08/05 08:43:16.613, 0, NVIDIA GeForce RTX 3080, 8236, 1816, 10240, 96, 98
2026/08/05 08:43:16.722, 0, NVIDIA GeForce RTX 3080, 8236, 1816, 10240, 96, 98
2026/08/05 08:43:16.830, 0, NVIDIA GeForce RTX 3080, 8236, 1816, 10240, 96, 98
2026/08/05 08:43:16.939, 0, NVIDIA GeForce RTX 3080, 8236, 1816, 10240, 96, 98
2026/08/05 08:43:17.049, 0, NVIDIA GeForce RTX 3080, 8236, 1816, 10240, 96, 98
2026/08/05 08:43:17.158, 0, NVIDIA GeForce RTX 3080, 8236, 1816, 10240, 96, 98
2026/08/05 08:43:17.267, 0, NVIDIA GeForce RTX 3080, 8236, 1816, 10240, 96, 98
2026/08/05 08:43:17.376, 0, NVIDIA GeForce RTX 3080, 8236, 1816, 10240, 94, 98
2026/08/05 08:43:17.485, 0, NVIDIA GeForce RTX 3080, 8236, 1816, 10240, 94, 98
2026/08/05 08:43:17.594, 0, NVIDIA GeForce RTX 3080, 8236, 1816, 10240, 94, 98
2026/08/05 08:43:17.704, 0, NVIDIA GeForce RTX 3080, 8236, 1816, 10240, 94, 98
2026/08/05 08:43:17.813, 0, NVIDIA GeForce RTX 3080, 8236, 1816, 10240, 94, 98
2026/08/05 08:43:17.922, 0, NVIDIA GeForce RTX 3080, 8236, 1816, 10240, 94, 98
2026/08/05 08:43:18.031, 0, NVIDIA GeForce RTX 3080, 8236, 1816, 10240, 94, 98
2026/08/05 08:43:18.140, 0, NVIDIA GeForce RTX 3080, 8236, 1816, 10240, 94, 98
2026/08/05 08:43:18.249, 0, NVIDIA GeForce RTX 3080, 8236, 1816, 10240, 94, 98
2026/08/05 08:43:18.357, 0, NVIDIA GeForce RTX 3080, 8236, 1816, 10240, 94, 98
2026/08/05 08:43:18.466, 0, NVIDIA GeForce RTX 3080, 8236, 1816, 10240, 94, 98
2026/08/05 08:43:18.575, 0, NVIDIA GeForce RTX 3080, 8236, 1816, 10240, 94, 98
2026/08/05 08:43:18.683, 0, NVIDIA GeForce RTX 3080, 8236, 1816, 10240, 94, 98
2026/08/05 08:43:18.793, 0, NVIDIA GeForce RTX 3080, 8236, 1816, 10240, 94, 98
2026/08/05 08:43:18.901, 0, NVIDIA GeForce RTX 3080, 8236, 1816, 10240, 94, 98
2026/08/05 08:43:19.011, 0, NVIDIA GeForce RTX 3080, 8236, 1816, 10240, 94, 98
2026/08/05 08:43:19.121, 0, NVIDIA GeForce RTX 3080, 8236, 1816, 10240, 94, 98
2026/08/05 08:43:19.229, 0, NVIDIA GeForce RTX 3080, 8236, 1816, 10240, 94, 98
2026/08/05 08:43:19.339, 0, NVIDIA GeForce RTX 3080, 8236, 1816, 10240, 94, 98
2026/08/05 08:43:19.447, 0, NVIDIA GeForce RTX 3080, 8236, 1816, 10240, 94, 98
2026/08/05 08:43:19.556, 0, NVIDIA GeForce RTX 3080, 8236, 1816, 10240, 94, 98
2026/08/05 08:43:19.665, 0, NVIDIA GeForce RTX 3080, 8236, 1816, 10240, 94, 98
2026/08/05 08:43:19.775, 0, NVIDIA GeForce RTX 3080, 8236, 1816, 10240, 94, 98
2026/08/05 08:43:19.883, 0, NVIDIA GeForce RTX 3080, 8236, 1816, 10240, 94, 98
2026/08/05 08:43:19.993, 0, NVIDIA GeForce RTX 3080, 8236, 1816, 10240, 94, 98
2026/08/05 08:43:20.100, 0, NVIDIA GeForce RTX 3080, 8236, 1816, 10240, 94, 98
2026/08/05 08:43:20.207, 0, NVIDIA GeForce RTX 3080, 8236, 1816, 10240, 94, 98
2026/08/05 08:43:20.317, 0, NVIDIA GeForce RTX 3080, 8236, 1816, 10240, 94, 98
2026/08/05 08:43:20.426, 0, NVIDIA GeForce RTX 3080, 8236, 1816, 10240, 94, 98
2026/08/05 08:43:20.535, 0, NVIDIA GeForce RTX 3080, 8236, 1816, 10240, 94, 98
2026/08/05 08:43:20.645, 0, NVIDIA GeForce RTX 3080, 8236, 1816, 10240, 94, 98
2026/08/05 08:43:20.754, 0, NVIDIA GeForce RTX 3080, 8236, 1816, 10240, 94, 98
2026/08/05 08:43:20.863, 0, NVIDIA GeForce RTX 3080, 8236, 1816, 10240, 94, 98
2026/08/05 08:43:20.972, 0, NVIDIA GeForce RTX 3080, 8236, 1816, 10240, 94, 98
2026/08/05 08:43:21.081, 0, NVIDIA GeForce RTX 3080, 8236, 1816, 10240, 94, 98
2026/08/05 08:43:21.191, 0, NVIDIA GeForce RTX 3080, 8236, 1816, 10240, 94, 98
2026/08/05 08:43:21.300, 0, NVIDIA GeForce RTX 3080, 8236, 1816, 10240, 94, 98
2026/08/05 08:43:21.409, 0, NVIDIA GeForce RTX 3080, 8236, 1816, 10240, 94, 98
2026/08/05 08:43:21.519, 0, NVIDIA GeForce RTX 3080, 8236, 1816, 10240, 94, 98
2026/08/05 08:43:21.627, 0, NVIDIA GeForce RTX 3080, 8236, 1816, 10240, 94, 98
2026/08/05 08:43:21.737, 0, NVIDIA GeForce RTX 3080, 8236, 1816, 10240, 94, 98
2026/08/05 08:43:21.845, 0, NVIDIA GeForce RTX 3080, 8236, 1816, 10240, 94, 98
2026/08/05 08:43:21.954, 0, NVIDIA GeForce RTX 3080, 8236, 1816, 10240, 94, 98
2026/08/05 08:43:22.064, 0, NVIDIA GeForce RTX 3080, 8236, 1816, 10240, 94, 98
2026/08/05 08:43:22.172, 0, NVIDIA GeForce RTX 3080, 8236, 1816, 10240, 94, 98
2026/08/05 08:43:22.281, 0, NVIDIA GeForce RTX 3080, 8236, 1816, 10240, 94, 98
2026/08/05 08:43:22.390, 0, NVIDIA GeForce RTX 3080, 8236, 1816, 10240, 94, 98
2026/08/05 08:43:22.499, 0, NVIDIA GeForce RTX 3080, 8236, 1816, 10240, 94, 98
2026/08/05 08:43:22.609, 0, NVIDIA GeForce RTX 3080, 8236, 1816, 10240, 94, 98
2026/08/05 08:43:22.717, 0, NVIDIA GeForce RTX 3080, 8236, 1816, 10240, 94, 98
2026/08/05 08:43:22.826, 0, NVIDIA GeForce RTX 3080, 8236, 1816, 10240, 94, 98
2026/08/05 08:43:22.935, 0, NVIDIA GeForce RTX 3080, 8236, 1816, 10240, 94, 98
2026/08/05 08:43:23.045, 0, NVIDIA GeForce RTX 3080, 8236, 1816, 10240, 94, 98
2026/08/05 08:43:23.154, 0, NVIDIA GeForce RTX 3080, 8236, 1816, 10240, 94, 98
2026/08/05 08:43:23.263, 0, NVIDIA GeForce RTX 3080, 8236, 1816, 10240, 94, 98
2026/08/05 08:43:23.372, 0, NVIDIA GeForce RTX 3080, 8236, 1816, 10240, 94, 98
2026/08/05 08:43:23.481, 0, NVIDIA GeForce RTX 3080, 8236, 1816, 10240, 94, 98
2026/08/05 08:43:23.590, 0, NVIDIA GeForce RTX 3080, 8236, 1816, 10240, 94, 98
2026/08/05 08:43:23.699, 0, NVIDIA GeForce RTX 3080, 8236, 1816, 10240, 94, 98
2026/08/05 08:43:23.809, 0, NVIDIA GeForce RTX 3080, 8236, 1816, 10240, 94, 98
2026/08/05 08:43:23.918, 0, NVIDIA GeForce RTX 3080, 8236, 1816, 10240, 95, 98
2026/08/05 08:43:24.027, 0, NVIDIA GeForce RTX 3080, 8236, 1816, 10240, 95, 98
2026/08/05 08:43:24.136, 0, NVIDIA GeForce RTX 3080, 8236, 1816, 10240, 95, 98
2026/08/05 08:43:24.246, 0, NVIDIA GeForce RTX 3080, 8236, 1816, 10240, 95, 98
2026/08/05 08:43:24.348, 0, NVIDIA GeForce RTX 3080, 8236, 1816, 10240, 95, 98
2026/08/05 08:43:24.456, 0, NVIDIA GeForce RTX 3080, 8236, 1816, 10240, 95, 98
2026/08/05 08:43:24.565, 0, NVIDIA GeForce RTX 3080, 8236, 1816, 10240, 95, 98
2026/08/05 08:43:24.675, 0, NVIDIA GeForce RTX 3080, 8236, 1816, 10240, 95, 98
2026/08/05 08:43:24.784, 0, NVIDIA GeForce RTX 3080, 8236, 1816, 10240, 95, 98
2026/08/05 08:43:24.893, 0, NVIDIA GeForce RTX 3080, 8236, 1816, 10240, 94, 98
2026/08/05 08:43:25.002, 0, NVIDIA GeForce RTX 3080, 8236, 1816, 10240, 94, 98
2026/08/05 08:43:25.111, 0, NVIDIA GeForce RTX 3080, 8236, 1816, 10240, 94, 98
2026/08/05 08:43:25.220, 0, NVIDIA GeForce RTX 3080, 8236, 1816, 10240, 94, 98
2026/08/05 08:43:25.329, 0, NVIDIA GeForce RTX 3080, 8236, 1816, 10240, 94, 98
2026/08/05 08:43:25.438, 0, NVIDIA GeForce RTX 3080, 8236, 1816, 10240, 90, 95
2026/08/05 08:43:25.547, 0, NVIDIA GeForce RTX 3080, 8236, 1816, 10240, 90, 95
2026/08/05 08:43:25.657, 0, NVIDIA GeForce RTX 3080, 8236, 1816, 10240, 90, 95
2026/08/05 08:43:25.765, 0, NVIDIA GeForce RTX 3080, 8236, 1816, 10240, 90, 95
2026/08/05 08:43:25.875, 0, NVIDIA GeForce RTX 3080, 8236, 1816, 10240, 94, 98
2026/08/05 08:43:25.985, 0, NVIDIA GeForce RTX 3080, 8236, 1816, 10240, 94, 98
2026/08/05 08:43:26.093, 0, NVIDIA GeForce RTX 3080, 8236, 1816, 10240, 94, 98
2026/08/05 08:43:26.203, 0, NVIDIA GeForce RTX 3080, 8236, 1816, 10240, 94, 98
2026/08/05 08:43:26.311, 0, NVIDIA GeForce RTX 3080, 8236, 1816, 10240, 94, 98
2026/08/05 08:43:26.420, 0, NVIDIA GeForce RTX 3080, 8236, 1816, 10240, 94, 98
2026/08/05 08:43:26.530, 0, NVIDIA GeForce RTX 3080, 8236, 1816, 10240, 94, 98
2026/08/05 08:43:26.638, 0, NVIDIA GeForce RTX 3080, 8236, 1816, 10240, 94, 98
2026/08/05 08:43:26.748, 0, NVIDIA GeForce RTX 3080, 8236, 1816, 10240, 94, 98
2026/08/05 08:43:26.857, 0, NVIDIA GeForce RTX 3080, 8236, 1816, 10240, 94, 98
2026/08/05 08:43:26.966, 0, NVIDIA GeForce RTX 3080, 8236, 1816, 10240, 94, 98
2026/08/05 08:43:27.075, 0, NVIDIA GeForce RTX 3080, 8236, 1816, 10240, 94, 98
2026/08/05 08:43:27.185, 0, NVIDIA GeForce RTX 3080, 8236, 1816, 10240, 94, 98
2026/08/05 08:43:27.294, 0, NVIDIA GeForce RTX 3080, 8236, 1816, 10240, 94, 98
2026/08/05 08:43:27.403, 0, NVIDIA GeForce RTX 3080, 8236, 1816, 10240, 94, 98
2026/08/05 08:43:27.512, 0, NVIDIA GeForce RTX 3080, 8236, 1816, 10240, 94, 98
2026/08/05 08:43:27.622, 0, NVIDIA GeForce RTX 3080, 8236, 1816, 10240, 94, 98
2026/08/05 08:43:27.730, 0, NVIDIA GeForce RTX 3080, 8236, 1816, 10240, 94, 98
2026/08/05 08:43:27.839, 0, NVIDIA GeForce RTX 3080, 8236, 1816, 10240, 94, 98
2026/08/05 08:43:27.947, 0, NVIDIA GeForce RTX 3080, 8236, 1816, 10240, 94, 98
2026/08/05 08:43:28.057, 0, NVIDIA GeForce RTX 3080, 8236, 1816, 10240, 94, 98
2026/08/05 08:43:28.165, 0, NVIDIA GeForce RTX 3080, 8236, 1816, 10240, 94, 98
2026/08/05 08:43:28.275, 0, NVIDIA GeForce RTX 3080, 8236, 1816, 10240, 94, 98
2026/08/05 08:43:28.384, 0, NVIDIA GeForce RTX 3080, 8236, 1816, 10240, 94, 98
2026/08/05 08:43:28.492, 0, NVIDIA GeForce RTX 3080, 8236, 1816, 10240, 94, 98
2026/08/05 08:43:28.602, 0, NVIDIA GeForce RTX 3080, 8236, 1816, 10240, 94, 98
2026/08/05 08:43:28.710, 0, NVIDIA GeForce RTX 3080, 8236, 1816, 10240, 94, 98
2026/08/05 08:43:28.820, 0, NVIDIA GeForce RTX 3080, 8236, 1816, 10240, 94, 98
2026/08/05 08:43:28.930, 0, NVIDIA GeForce RTX 3080, 8236, 1816, 10240, 94, 98
2026/08/05 08:43:29.038, 0, NVIDIA GeForce RTX 3080, 8236, 1816, 10240, 94, 98
2026/08/05 08:43:29.148, 0, NVIDIA GeForce RTX 3080, 8236, 1816, 10240, 94, 98
2026/08/05 08:43:29.257, 0, NVIDIA GeForce RTX 3080, 8236, 1816, 10240, 94, 98
2026/08/05 08:43:29.366, 0, NVIDIA GeForce RTX 3080, 8236, 1816, 10240, 94, 98
2026/08/05 08:43:29.475, 0, NVIDIA GeForce RTX 3080, 8236, 1816, 10240, 94, 98
2026/08/05 08:43:29.586, 0, NVIDIA GeForce RTX 3080, 8236, 1816, 10240, 94, 98
2026/08/05 08:43:29.695, 0, NVIDIA GeForce RTX 3080, 8236, 1816, 10240, 94, 98
2026/08/05 08:43:29.804, 0, NVIDIA GeForce RTX 3080, 8236, 1816, 10240, 94, 98
2026/08/05 08:43:29.914, 0, NVIDIA GeForce RTX 3080, 8236, 1816, 10240, 95, 98
2026/08/05 08:43:30.022, 0, NVIDIA GeForce RTX 3080, 8236, 1816, 10240, 95, 98
2026/08/05 08:43:30.132, 0, NVIDIA GeForce RTX 3080, 8236, 1816, 10240, 95, 98
2026/08/05 08:43:30.239, 0, NVIDIA GeForce RTX 3080, 8236, 1816, 10240, 95, 98
2026/08/05 08:43:30.349, 0, NVIDIA GeForce RTX 3080, 8236, 1816, 10240, 95, 98
2026/08/05 08:43:30.459, 0, NVIDIA GeForce RTX 3080, 8236, 1816, 10240, 95, 98
2026/08/05 08:43:30.567, 0, NVIDIA GeForce RTX 3080, 8236, 1816, 10240, 95, 98
2026/08/05 08:43:30.677, 0, NVIDIA GeForce RTX 3080, 8236, 1816, 10240, 95, 98
2026/08/05 08:43:30.785, 0, NVIDIA GeForce RTX 3080, 8236, 1816, 10240, 95, 98
2026/08/05 08:43:30.894, 0, NVIDIA GeForce RTX 3080, 8236, 1816, 10240, 94, 98
2026/08/05 08:43:31.004, 0, NVIDIA GeForce RTX 3080, 8236, 1816, 10240, 94, 98
2026/08/05 08:43:31.111, 0, NVIDIA GeForce RTX 3080, 8236, 1816, 10240, 94, 98
2026/08/05 08:43:31.221, 0, NVIDIA GeForce RTX 3080, 8236, 1816, 10240, 94, 98
2026/08/05 08:43:31.330, 0, NVIDIA GeForce RTX 3080, 8236, 1816, 10240, 94, 98
2026/08/05 08:43:31.439, 0, NVIDIA GeForce RTX 3080, 8236, 1816, 10240, 95, 98
2026/08/05 08:43:31.548, 0, NVIDIA GeForce RTX 3080, 8236, 1816, 10240, 95, 98
2026/08/05 08:43:31.657, 0, NVIDIA GeForce RTX 3080, 8236, 1816, 10240, 95, 98
2026/08/05 08:43:31.766, 0, NVIDIA GeForce RTX 3080, 8236, 1816, 10240, 95, 98
2026/08/05 08:43:31.875, 0, NVIDIA GeForce RTX 3080, 8236, 1816, 10240, 95, 98
2026/08/05 08:43:31.985, 0, NVIDIA GeForce RTX 3080, 8236, 1816, 10240, 95, 98
2026/08/05 08:43:32.094, 0, NVIDIA GeForce RTX 3080, 8236, 1816, 10240, 95, 98
2026/08/05 08:43:32.203, 0, NVIDIA GeForce RTX 3080, 8236, 1816, 10240, 95, 98
2026/08/05 08:43:32.312, 0, NVIDIA GeForce RTX 3080, 8236, 1816, 10240, 95, 98
2026/08/05 08:43:32.421, 0, NVIDIA GeForce RTX 3080, 8236, 1816, 10240, 95, 98
2026/08/05 08:43:32.530, 0, NVIDIA GeForce RTX 3080, 8236, 1816, 10240, 95, 98
2026/08/05 08:43:32.639, 0, NVIDIA GeForce RTX 3080, 8236, 1816, 10240, 95, 98
2026/08/05 08:43:32.749, 0, NVIDIA GeForce RTX 3080, 8236, 1816, 10240, 95, 98
2026/08/05 08:43:32.858, 0, NVIDIA GeForce RTX 3080, 8236, 1816, 10240, 95, 98
2026/08/05 08:43:32.967, 0, NVIDIA GeForce RTX 3080, 8236, 1816, 10240, 95, 98
2026/08/05 08:43:33.076, 0, NVIDIA GeForce RTX 3080, 8236, 1816, 10240, 95, 98
2026/08/05 08:43:33.185, 0, NVIDIA GeForce RTX 3080, 8236, 1816, 10240, 95, 98
2026/08/05 08:43:33.294, 0, NVIDIA GeForce RTX 3080, 8236, 1816, 10240, 95, 98
2026/08/05 08:43:33.403, 0, NVIDIA GeForce RTX 3080, 8236, 1816, 10240, 95, 98
2026/08/05 08:43:33.512, 0, NVIDIA GeForce RTX 3080, 8236, 1816, 10240, 95, 98
2026/08/05 08:43:33.621, 0, NVIDIA GeForce RTX 3080, 8236, 1816, 10240, 95, 98
2026/08/05 08:43:33.730, 0, NVIDIA GeForce RTX 3080, 8236, 1816, 10240, 95, 98
2026/08/05 08:43:33.839, 0, NVIDIA GeForce RTX 3080, 8236, 1816, 10240, 95, 98
2026/08/05 08:43:33.947, 0, NVIDIA GeForce RTX 3080, 8236, 1816, 10240, 95, 98
2026/08/05 08:43:34.057, 0, NVIDIA GeForce RTX 3080, 8236, 1816, 10240, 95, 98
2026/08/05 08:43:34.165, 0, NVIDIA GeForce RTX 3080, 8236, 1816, 10240, 95, 98
2026/08/05 08:43:34.275, 0, NVIDIA GeForce RTX 3080, 8236, 1816, 10240, 95, 98
2026/08/05 08:43:34.385, 0, NVIDIA GeForce RTX 3080, 8236, 1816, 10240, 95, 98
2026/08/05 08:43:34.493, 0, NVIDIA GeForce RTX 3080, 8236, 1816, 10240, 95, 98
2026/08/05 08:43:34.603, 0, NVIDIA GeForce RTX 3080, 8236, 1816, 10240, 95, 98
2026/08/05 08:43:34.711, 0, NVIDIA GeForce RTX 3080, 8236, 1816, 10240, 95, 98
2026/08/05 08:43:34.821, 0, NVIDIA GeForce RTX 3080, 8236, 1816, 10240, 95, 98
2026/08/05 08:43:34.930, 0, NVIDIA GeForce RTX 3080, 8236, 1816, 10240, 95, 98
2026/08/05 08:43:35.039, 0, NVIDIA GeForce RTX 3080, 8236, 1816, 10240, 95, 98
2026/08/05 08:43:35.148, 0, NVIDIA GeForce RTX 3080, 8236, 1816, 10240, 95, 98
2026/08/05 08:43:35.257, 0, NVIDIA GeForce RTX 3080, 8236, 1816, 10240, 95, 98
2026/08/05 08:43:35.366, 0, NVIDIA GeForce RTX 3080, 8236, 1816, 10240, 95, 98
2026/08/05 08:43:35.476, 0, NVIDIA GeForce RTX 3080, 8236, 1816, 10240, 95, 98
2026/08/05 08:43:35.585, 0, NVIDIA GeForce RTX 3080, 8236, 1816, 10240, 95, 98
2026/08/05 08:43:35.693, 0, NVIDIA GeForce RTX 3080, 8236, 1816, 10240, 95, 98
2026/08/05 08:43:35.803, 0, NVIDIA GeForce RTX 3080, 8236, 1816, 10240, 95, 98
2026/08/05 08:43:35.911, 0, NVIDIA GeForce RTX 3080, 8236, 1816, 10240, 91, 95
2026/08/05 08:43:36.021, 0, NVIDIA GeForce RTX 3080, 8236, 1816, 10240, 91, 95
2026/08/05 08:43:36.130, 0, NVIDIA GeForce RTX 3080, 8236, 1816, 10240, 91, 95
2026/08/05 08:43:36.239, 0, NVIDIA GeForce RTX 3080, 8236, 1816, 10240, 91, 95
2026/08/05 08:43:36.349, 0, NVIDIA GeForce RTX 3080, 8236, 1816, 10240, 91, 95
2026/08/05 08:43:36.458, 0, NVIDIA GeForce RTX 3080, 8236, 1816, 10240, 95, 98
2026/08/05 08:43:36.567, 0, NVIDIA GeForce RTX 3080, 8236, 1816, 10240, 95, 98
2026/08/05 08:43:36.677, 0, NVIDIA GeForce RTX 3080, 8236, 1816, 10240, 95, 98
2026/08/05 08:43:36.786, 0, NVIDIA GeForce RTX 3080, 8236, 1816, 10240, 95, 98
2026/08/05 08:43:36.895, 0, NVIDIA GeForce RTX 3080, 8236, 1816, 10240, 95, 98
2026/08/05 08:43:37.004, 0, NVIDIA GeForce RTX 3080, 8236, 1816, 10240, 95, 98
2026/08/05 08:43:37.114, 0, NVIDIA GeForce RTX 3080, 8236, 1816, 10240, 95, 98
2026/08/05 08:43:37.223, 0, NVIDIA GeForce RTX 3080, 8236, 1816, 10240, 95, 98
2026/08/05 08:43:37.332, 0, NVIDIA GeForce RTX 3080, 8236, 1816, 10240, 95, 98
2026/08/05 08:43:37.441, 0, NVIDIA GeForce RTX 3080, 8236, 1816, 10240, 95, 98
2026/08/05 08:43:37.549, 0, NVIDIA GeForce RTX 3080, 8236, 1816, 10240, 95, 98
2026/08/05 08:43:37.659, 0, NVIDIA GeForce RTX 3080, 8236, 1816, 10240, 95, 98
2026/08/05 08:43:37.768, 0, NVIDIA GeForce RTX 3080, 8236, 1816, 10240, 95, 98
2026/08/05 08:43:37.877, 0, NVIDIA GeForce RTX 3080, 8236, 1816, 10240, 95, 98
2026/08/05 08:43:37.987, 0, NVIDIA GeForce RTX 3080, 8236, 1816, 10240, 95, 98
2026/08/05 08:43:38.095, 0, NVIDIA GeForce RTX 3080, 8236, 1816, 10240, 95, 98
2026/08/05 08:43:38.205, 0, NVIDIA GeForce RTX 3080, 8236, 1816, 10240, 95, 98
2026/08/05 08:43:38.314, 0, NVIDIA GeForce RTX 3080, 8236, 1816, 10240, 95, 98
2026/08/05 08:43:38.423, 0, NVIDIA GeForce RTX 3080, 8236, 1816, 10240, 95, 98
2026/08/05 08:43:38.533, 0, NVIDIA GeForce RTX 3080, 8236, 1816, 10240, 95, 98
2026/08/05 08:43:38.642, 0, NVIDIA GeForce RTX 3080, 8236, 1816, 10240, 95, 98
2026/08/05 08:43:38.751, 0, NVIDIA GeForce RTX 3080, 8236, 1816, 10240, 95, 98
2026/08/05 08:43:38.861, 0, NVIDIA GeForce RTX 3080, 8236, 1816, 10240, 95, 98
2026/08/05 08:43:38.969, 0, NVIDIA GeForce RTX 3080, 8236, 1816, 10240, 95, 98
2026/08/05 08:43:39.078, 0, NVIDIA GeForce RTX 3080, 8236, 1816, 10240, 95, 98
2026/08/05 08:43:39.188, 0, NVIDIA GeForce RTX 3080, 8236, 1816, 10240, 95, 98
2026/08/05 08:43:39.296, 0, NVIDIA GeForce RTX 3080, 8236, 1816, 10240, 95, 98
2026/08/05 08:43:39.406, 0, NVIDIA GeForce RTX 3080, 8236, 1816, 10240, 95, 98
2026/08/05 08:43:39.515, 0, NVIDIA GeForce RTX 3080, 8236, 1816, 10240, 95, 98
2026/08/05 08:43:39.623, 0, NVIDIA GeForce RTX 3080, 8236, 1816, 10240, 95, 98
2026/08/05 08:43:39.732, 0, NVIDIA GeForce RTX 3080, 8236, 1816, 10240, 95, 98
2026/08/05 08:43:39.841, 0, NVIDIA GeForce RTX 3080, 8236, 1816, 10240, 95, 98
2026/08/05 08:43:39.950, 0, NVIDIA GeForce RTX 3080, 8236, 1816, 10240, 95, 98
2026/08/05 08:43:40.060, 0, NVIDIA GeForce RTX 3080, 8236, 1816, 10240, 95, 98
2026/08/05 08:43:40.169, 0, NVIDIA GeForce RTX 3080, 8236, 1816, 10240, 95, 98
2026/08/05 08:43:40.277, 0, NVIDIA GeForce RTX 3080, 8236, 1816, 10240, 95, 98
2026/08/05 08:43:40.387, 0, NVIDIA GeForce RTX 3080, 8236, 1816, 10240, 95, 98
2026/08/05 08:43:40.495, 0, NVIDIA GeForce RTX 3080, 8236, 1816, 10240, 95, 98
2026/08/05 08:43:40.605, 0, NVIDIA GeForce RTX 3080, 8236, 1816, 10240, 95, 98
2026/08/05 08:43:40.715, 0, NVIDIA GeForce RTX 3080, 8236, 1816, 10240, 95, 98
2026/08/05 08:43:40.823, 0, NVIDIA GeForce RTX 3080, 8236, 1816, 10240, 95, 98
2026/08/05 08:43:40.933, 0, NVIDIA GeForce RTX 3080, 8236, 1816, 10240, 96, 98
2026/08/05 08:43:41.041, 0, NVIDIA GeForce RTX 3080, 8236, 1816, 10240, 96, 98
2026/08/05 08:43:41.151, 0, NVIDIA GeForce RTX 3080, 8236, 1816, 10240, 96, 98
2026/08/05 08:43:41.260, 0, NVIDIA GeForce RTX 3080, 8236, 1816, 10240, 96, 98
2026/08/05 08:43:41.369, 0, NVIDIA GeForce RTX 3080, 8236, 1816, 10240, 96, 98
2026/08/05 08:43:41.479, 0, NVIDIA GeForce RTX 3080, 8236, 1816, 10240, 96, 98
2026/08/05 08:43:41.587, 0, NVIDIA GeForce RTX 3080, 8236, 1816, 10240, 96, 98
2026/08/05 08:43:41.696, 0, NVIDIA GeForce RTX 3080, 8236, 1816, 10240, 96, 98
2026/08/05 08:43:41.805, 0, NVIDIA GeForce RTX 3080, 8236, 1816, 10240, 96, 98
2026/08/05 08:43:41.915, 0, NVIDIA GeForce RTX 3080, 8236, 1816, 10240, 95, 98
2026/08/05 08:43:42.024, 0, NVIDIA GeForce RTX 3080, 8236, 1816, 10240, 95, 98
2026/08/05 08:43:42.133, 0, NVIDIA GeForce RTX 3080, 8236, 1816, 10240, 95, 98
2026/08/05 08:43:42.242, 0, NVIDIA GeForce RTX 3080, 8236, 1816, 10240, 95, 98
2026/08/05 08:43:42.350, 0, NVIDIA GeForce RTX 3080, 8236, 1816, 10240, 95, 98
2026/08/05 08:43:42.460, 0, NVIDIA GeForce RTX 3080, 8236, 1816, 10240, 92, 96
2026/08/05 08:43:42.569, 0, NVIDIA GeForce RTX 3080, 8236, 1816, 10240, 92, 96
2026/08/05 08:43:42.677, 0, NVIDIA GeForce RTX 3080, 8236, 1816, 10240, 92, 96
2026/08/05 08:43:42.787, 0, NVIDIA GeForce RTX 3080, 8236, 1816, 10240, 92, 96
2026/08/05 08:43:42.895, 0, NVIDIA GeForce RTX 3080, 8236, 1816, 10240, 95, 98
2026/08/05 08:43:43.005, 0, NVIDIA GeForce RTX 3080, 8236, 1816, 10240, 95, 98
2026/08/05 08:43:43.115, 0, NVIDIA GeForce RTX 3080, 8236, 1816, 10240, 95, 98
2026/08/05 08:43:43.224, 0, NVIDIA GeForce RTX 3080, 8236, 1816, 10240, 95, 98
2026/08/05 08:43:43.332, 0, NVIDIA GeForce RTX 3080, 8236, 1816, 10240, 95, 98
2026/08/05 08:43:43.441, 0, NVIDIA GeForce RTX 3080, 8236, 1816, 10240, 95, 98
2026/08/05 08:43:43.550, 0, NVIDIA GeForce RTX 3080, 8236, 1816, 10240, 95, 98
2026/08/05 08:43:43.660, 0, NVIDIA GeForce RTX 3080, 8236, 1816, 10240, 95, 98
2026/08/05 08:43:43.769, 0, NVIDIA GeForce RTX 3080, 8236, 1816, 10240, 95, 98
2026/08/05 08:43:43.877, 0, NVIDIA GeForce RTX 3080, 8236, 1816, 10240, 95, 98
2026/08/05 08:43:43.987, 0, NVIDIA GeForce RTX 3080, 8236, 1816, 10240, 95, 98
2026/08/05 08:43:44.096, 0, NVIDIA GeForce RTX 3080, 8236, 1816, 10240, 95, 98
2026/08/05 08:43:44.205, 0, NVIDIA GeForce RTX 3080, 8236, 1816, 10240, 95, 98
2026/08/05 08:43:44.315, 0, NVIDIA GeForce RTX 3080, 8236, 1816, 10240, 95, 98
2026/08/05 08:43:44.423, 0, NVIDIA GeForce RTX 3080, 8236, 1816, 10240, 95, 98
2026/08/05 08:43:44.533, 0, NVIDIA GeForce RTX 3080, 8236, 1816, 10240, 95, 98
2026/08/05 08:43:44.641, 0, NVIDIA GeForce RTX 3080, 8236, 1816, 10240, 95, 98
2026/08/05 08:43:44.751, 0, NVIDIA GeForce RTX 3080, 8236, 1816, 10240, 95, 98
2026/08/05 08:43:44.861, 0, NVIDIA GeForce RTX 3080, 8236, 1816, 10240, 96, 98
2026/08/05 08:43:44.969, 0, NVIDIA GeForce RTX 3080, 8236, 1816, 10240, 96, 98
2026/08/05 08:43:45.079, 0, NVIDIA GeForce RTX 3080, 8236, 1816, 10240, 96, 98
2026/08/05 08:43:45.188, 0, NVIDIA GeForce RTX 3080, 8236, 1816, 10240, 96, 98
2026/08/05 08:43:45.297, 0, NVIDIA GeForce RTX 3080, 8236, 1816, 10240, 96, 98
2026/08/05 08:43:45.407, 0, NVIDIA GeForce RTX 3080, 8236, 1816, 10240, 96, 98
2026/08/05 08:43:45.515, 0, NVIDIA GeForce RTX 3080, 8236, 1816, 10240, 96, 98
2026/08/05 08:43:45.624, 0, NVIDIA GeForce RTX 3080, 8236, 1816, 10240, 96, 98
2026/08/05 08:43:45.733, 0, NVIDIA GeForce RTX 3080, 8236, 1816, 10240, 96, 98
2026/08/05 08:43:45.842, 0, NVIDIA GeForce RTX 3080, 8236, 1816, 10240, 96, 98
2026/08/05 08:43:45.951, 0, NVIDIA GeForce RTX 3080, 8236, 1816, 10240, 96, 98
2026/08/05 08:43:46.060, 0, NVIDIA GeForce RTX 3080, 8236, 1816, 10240, 96, 98
2026/08/05 08:43:46.169, 0, NVIDIA GeForce RTX 3080, 8236, 1816, 10240, 96, 98
2026/08/05 08:43:46.279, 0, NVIDIA GeForce RTX 3080, 8236, 1816, 10240, 96, 98
2026/08/05 08:43:46.388, 0, NVIDIA GeForce RTX 3080, 8236, 1816, 10240, 96, 98
2026/08/05 08:43:46.497, 0, NVIDIA GeForce RTX 3080, 8236, 1816, 10240, 96, 98
2026/08/05 08:43:46.606, 0, NVIDIA GeForce RTX 3080, 8236, 1816, 10240, 96, 98
2026/08/05 08:43:46.714, 0, NVIDIA GeForce RTX 3080, 8236, 1816, 10240, 96, 98
2026/08/05 08:43:46.823, 0, NVIDIA GeForce RTX 3080, 8236, 1816, 10240, 96, 98
2026/08/05 08:43:46.932, 0, NVIDIA GeForce RTX 3080, 8236, 1816, 10240, 94, 98
2026/08/05 08:43:47.041, 0, NVIDIA GeForce RTX 3080, 8236, 1816, 10240, 94, 98
2026/08/05 08:43:47.151, 0, NVIDIA GeForce RTX 3080, 8236, 1816, 10240, 94, 98
2026/08/05 08:43:47.260, 0, NVIDIA GeForce RTX 3080, 8236, 1816, 10240, 94, 98
2026/08/05 08:43:47.369, 0, NVIDIA GeForce RTX 3080, 8236, 1816, 10240, 94, 98
2026/08/05 08:43:47.478, 0, NVIDIA GeForce RTX 3080, 8236, 1816, 10240, 94, 98
2026/08/05 08:43:47.587, 0, NVIDIA GeForce RTX 3080, 8236, 1816, 10240, 94, 98
2026/08/05 08:43:47.696, 0, NVIDIA GeForce RTX 3080, 8236, 1816, 10240, 94, 98
2026/08/05 08:43:47.805, 0, NVIDIA GeForce RTX 3080, 8236, 1816, 10240, 94, 98
2026/08/05 08:43:47.915, 0, NVIDIA GeForce RTX 3080, 8236, 1816, 10240, 94, 98
2026/08/05 08:43:48.024, 0, NVIDIA GeForce RTX 3080, 8236, 1816, 10240, 94, 98
2026/08/05 08:43:48.133, 0, NVIDIA GeForce RTX 3080, 8236, 1816, 10240, 94, 98
2026/08/05 08:43:48.242, 0, NVIDIA GeForce RTX 3080, 8236, 1816, 10240, 94, 98
2026/08/05 08:43:48.351, 0, NVIDIA GeForce RTX 3080, 8236, 1816, 10240, 94, 98
2026/08/05 08:43:48.460, 0, NVIDIA GeForce RTX 3080, 8236, 1816, 10240, 94, 98
2026/08/05 08:43:48.569, 0, NVIDIA GeForce RTX 3080, 8236, 1816, 10240, 94, 98
2026/08/05 08:43:48.678, 0, NVIDIA GeForce RTX 3080, 8236, 1816, 10240, 94, 98
2026/08/05 08:43:48.788, 0, NVIDIA GeForce RTX 3080, 8236, 1816, 10240, 94, 98
2026/08/05 08:43:48.897, 0, NVIDIA GeForce RTX 3080, 8236, 1816, 10240, 94, 98
2026/08/05 08:43:49.006, 0, NVIDIA GeForce RTX 3080, 8236, 1816, 10240, 94, 98
2026/08/05 08:43:49.116, 0, NVIDIA GeForce RTX 3080, 8236, 1816, 10240, 94, 98
2026/08/05 08:43:49.225, 0, NVIDIA GeForce RTX 3080, 8236, 1816, 10240, 94, 98
2026/08/05 08:43:49.335, 0, NVIDIA GeForce RTX 3080, 8236, 1816, 10240, 94, 98
2026/08/05 08:43:49.444, 0, NVIDIA GeForce RTX 3080, 8236, 1816, 10240, 94, 98
2026/08/05 08:43:49.552, 0, NVIDIA GeForce RTX 3080, 8236, 1816, 10240, 94, 98
2026/08/05 08:43:49.662, 0, NVIDIA GeForce RTX 3080, 8236, 1816, 10240, 94, 98
2026/08/05 08:43:49.771, 0, NVIDIA GeForce RTX 3080, 8236, 1816, 10240, 94, 98
2026/08/05 08:43:49.880, 0, NVIDIA GeForce RTX 3080, 8236, 1816, 10240, 94, 98
2026/08/05 08:43:49.990, 0, NVIDIA GeForce RTX 3080, 8236, 1816, 10240, 94, 98
2026/08/05 08:43:50.098, 0, NVIDIA GeForce RTX 3080, 8236, 1816, 10240, 94, 98
2026/08/05 08:43:50.208, 0, NVIDIA GeForce RTX 3080, 8236, 1816, 10240, 94, 98
2026/08/05 08:43:50.317, 0, NVIDIA GeForce RTX 3080, 8236, 1816, 10240, 94, 98
2026/08/05 08:43:50.425, 0, NVIDIA GeForce RTX 3080, 8236, 1816, 10240, 94, 98
2026/08/05 08:43:50.535, 0, NVIDIA GeForce RTX 3080, 8236, 1816, 10240, 94, 98
2026/08/05 08:43:50.643, 0, NVIDIA GeForce RTX 3080, 8236, 1816, 10240, 94, 98
2026/08/05 08:43:50.752, 0, NVIDIA GeForce RTX 3080, 8236, 1816, 10240, 94, 98
2026/08/05 08:43:50.861, 0, NVIDIA GeForce RTX 3080, 8236, 1816, 10240, 90, 95
2026/08/05 08:43:50.970, 0, NVIDIA GeForce RTX 3080, 8236, 1816, 10240, 90, 95
2026/08/05 08:43:51.080, 0, NVIDIA GeForce RTX 3080, 8236, 1816, 10240, 90, 95
2026/08/05 08:43:51.189, 0, NVIDIA GeForce RTX 3080, 8236, 1816, 10240, 90, 95
2026/08/05 08:43:51.298, 0, NVIDIA GeForce RTX 3080, 8236, 1816, 10240, 90, 95
2026/08/05 08:43:51.408, 0, NVIDIA GeForce RTX 3080, 8236, 1816, 10240, 95, 98
2026/08/05 08:43:51.517, 0, NVIDIA GeForce RTX 3080, 8236, 1816, 10240, 95, 98
2026/08/05 08:43:51.626, 0, NVIDIA GeForce RTX 3080, 8236, 1816, 10240, 95, 98
2026/08/05 08:43:51.735, 0, NVIDIA GeForce RTX 3080, 8236, 1816, 10240, 95, 98
2026/08/05 08:43:51.845, 0, NVIDIA GeForce RTX 3080, 8236, 1816, 10240, 95, 98
2026/08/05 08:43:51.954, 0, NVIDIA GeForce RTX 3080, 8236, 1816, 10240, 94, 98
2026/08/05 08:43:52.063, 0, NVIDIA GeForce RTX 3080, 8236, 1816, 10240, 94, 98
2026/08/05 08:43:52.172, 0, NVIDIA GeForce RTX 3080, 8236, 1816, 10240, 94, 98
2026/08/05 08:43:52.281, 0, NVIDIA GeForce RTX 3080, 8236, 1816, 10240, 94, 98
2026/08/05 08:43:52.390, 0, NVIDIA GeForce RTX 3080, 8236, 1816, 10240, 94, 98
2026/08/05 08:43:52.499, 0, NVIDIA GeForce RTX 3080, 8236, 1816, 10240, 94, 98
2026/08/05 08:43:52.608, 0, NVIDIA GeForce RTX 3080, 8236, 1816, 10240, 94, 98
2026/08/05 08:43:52.718, 0, NVIDIA GeForce RTX 3080, 8236, 1816, 10240, 94, 98
2026/08/05 08:43:52.827, 0, NVIDIA GeForce RTX 3080, 8236, 1816, 10240, 94, 98
2026/08/05 08:43:52.935, 0, NVIDIA GeForce RTX 3080, 8236, 1816, 10240, 90, 95
2026/08/05 08:43:53.045, 0, NVIDIA GeForce RTX 3080, 8236, 1816, 10240, 90, 95
2026/08/05 08:43:53.153, 0, NVIDIA GeForce RTX 3080, 8236, 1816, 10240, 90, 95
2026/08/05 08:43:53.263, 0, NVIDIA GeForce RTX 3080, 8236, 1816, 10240, 90, 95
2026/08/05 08:43:53.372, 0, NVIDIA GeForce RTX 3080, 8236, 1816, 10240, 95, 98
2026/08/05 08:43:53.481, 0, NVIDIA GeForce RTX 3080, 8236, 1816, 10240, 95, 98
2026/08/05 08:43:53.591, 0, NVIDIA GeForce RTX 3080, 8236, 1816, 10240, 95, 98
2026/08/05 08:43:53.699, 0, NVIDIA GeForce RTX 3080, 8236, 1816, 10240, 95, 98
2026/08/05 08:43:53.809, 0, NVIDIA GeForce RTX 3080, 8236, 1816, 10240, 95, 98
2026/08/05 08:43:53.918, 0, NVIDIA GeForce RTX 3080, 8236, 1816, 10240, 94, 98
2026/08/05 08:43:54.027, 0, NVIDIA GeForce RTX 3080, 8236, 1816, 10240, 94, 98
2026/08/05 08:43:54.137, 0, NVIDIA GeForce RTX 3080, 8236, 1816, 10240, 94, 98
2026/08/05 08:43:54.246, 0, NVIDIA GeForce RTX 3080, 8236, 1816, 10240, 94, 98
2026/08/05 08:43:54.355, 0, NVIDIA GeForce RTX 3080, 8236, 1816, 10240, 94, 98
2026/08/05 08:43:54.465, 0, NVIDIA GeForce RTX 3080, 8236, 1816, 10240, 94, 98
2026/08/05 08:43:54.574, 0, NVIDIA GeForce RTX 3080, 8236, 1816, 10240, 94, 98
2026/08/05 08:43:54.682, 0, NVIDIA GeForce RTX 3080, 8236, 1816, 10240, 94, 98
2026/08/05 08:43:54.791, 0, NVIDIA GeForce RTX 3080, 8236, 1816, 10240, 94, 98
2026/08/05 08:43:54.900, 0, NVIDIA GeForce RTX 3080, 8236, 1816, 10240, 94, 98
2026/08/05 08:43:55.010, 0, NVIDIA GeForce RTX 3080, 8236, 1816, 10240, 94, 98
2026/08/05 08:43:55.119, 0, NVIDIA GeForce RTX 3080, 8236, 1816, 10240, 94, 98
2026/08/05 08:43:55.228, 0, NVIDIA GeForce RTX 3080, 8236, 1816, 10240, 94, 98
2026/08/05 08:43:55.337, 0, NVIDIA GeForce RTX 3080, 8236, 1816, 10240, 94, 98
2026/08/05 08:43:55.446, 0, NVIDIA GeForce RTX 3080, 8236, 1816, 10240, 94, 98
2026/08/05 08:43:55.554, 0, NVIDIA GeForce RTX 3080, 8236, 1816, 10240, 94, 98
2026/08/05 08:43:55.664, 0, NVIDIA GeForce RTX 3080, 8236, 1816, 10240, 94, 98
2026/08/05 08:43:55.774, 0, NVIDIA GeForce RTX 3080, 8236, 1816, 10240, 94, 98
2026/08/05 08:43:55.882, 0, NVIDIA GeForce RTX 3080, 8236, 1816, 10240, 94, 98
2026/08/05 08:43:55.992, 0, NVIDIA GeForce RTX 3080, 8236, 1816, 10240, 94, 98
2026/08/05 08:43:56.100, 0, NVIDIA GeForce RTX 3080, 8236, 1816, 10240, 94, 98
2026/08/05 08:43:56.209, 0, NVIDIA GeForce RTX 3080, 8236, 1816, 10240, 94, 98
2026/08/05 08:43:56.319, 0, NVIDIA GeForce RTX 3080, 8236, 1816, 10240, 94, 98
2026/08/05 08:43:56.427, 0, NVIDIA GeForce RTX 3080, 8236, 1816, 10240, 94, 98
2026/08/05 08:43:56.537, 0, NVIDIA GeForce RTX 3080, 8236, 1816, 10240, 94, 98
2026/08/05 08:43:56.646, 0, NVIDIA GeForce RTX 3080, 8236, 1816, 10240, 94, 98
2026/08/05 08:43:56.755, 0, NVIDIA GeForce RTX 3080, 8236, 1816, 10240, 94, 98
2026/08/05 08:43:56.864, 0, NVIDIA GeForce RTX 3080, 8236, 1816, 10240, 94, 98
2026/08/05 08:43:56.973, 0, NVIDIA GeForce RTX 3080, 8236, 1816, 10240, 94, 98
2026/08/05 08:43:57.082, 0, NVIDIA GeForce RTX 3080, 8236, 1816, 10240, 94, 98
2026/08/05 08:43:57.191, 0, NVIDIA GeForce RTX 3080, 8236, 1816, 10240, 94, 98
2026/08/05 08:43:57.300, 0, NVIDIA GeForce RTX 3080, 8236, 1816, 10240, 94, 98
2026/08/05 08:43:57.410, 0, NVIDIA GeForce RTX 3080, 8236, 1816, 10240, 94, 98
2026/08/05 08:43:57.519, 0, NVIDIA GeForce RTX 3080, 8236, 1816, 10240, 94, 98
2026/08/05 08:43:57.628, 0, NVIDIA GeForce RTX 3080, 8236, 1816, 10240, 94, 98
2026/08/05 08:43:57.737, 0, NVIDIA GeForce RTX 3080, 8236, 1816, 10240, 94, 98
2026/08/05 08:43:57.847, 0, NVIDIA GeForce RTX 3080, 8236, 1816, 10240, 94, 98
2026/08/05 08:43:57.955, 0, NVIDIA GeForce RTX 3080, 8236, 1816, 10240, 94, 98
2026/08/05 08:43:58.065, 0, NVIDIA GeForce RTX 3080, 8236, 1816, 10240, 94, 98
2026/08/05 08:43:58.175, 0, NVIDIA GeForce RTX 3080, 8236, 1816, 10240, 94, 98
2026/08/05 08:43:58.283, 0, NVIDIA GeForce RTX 3080, 8236, 1816, 10240, 94, 98
2026/08/05 08:43:58.393, 0, NVIDIA GeForce RTX 3080, 8236, 1816, 10240, 94, 98
2026/08/05 08:43:58.501, 0, NVIDIA GeForce RTX 3080, 8236, 1816, 10240, 94, 98
2026/08/05 08:43:58.611, 0, NVIDIA GeForce RTX 3080, 8236, 1816, 10240, 94, 98
2026/08/05 08:43:58.721, 0, NVIDIA GeForce RTX 3080, 8236, 1816, 10240, 94, 98
2026/08/05 08:43:58.829, 0, NVIDIA GeForce RTX 3080, 8236, 1816, 10240, 94, 98
2026/08/05 08:43:58.939, 0, NVIDIA GeForce RTX 3080, 8236, 1816, 10240, 95, 98
2026/08/05 08:43:59.048, 0, NVIDIA GeForce RTX 3080, 8236, 1816, 10240, 95, 98
2026/08/05 08:43:59.157, 0, NVIDIA GeForce RTX 3080, 8236, 1816, 10240, 95, 98
2026/08/05 08:43:59.267, 0, NVIDIA GeForce RTX 3080, 8236, 1816, 10240, 95, 98
2026/08/05 08:43:59.375, 0, NVIDIA GeForce RTX 3080, 8236, 1816, 10240, 95, 98
2026/08/05 08:43:59.484, 0, NVIDIA GeForce RTX 3080, 8236, 1816, 10240, 95, 98
2026/08/05 08:43:59.594, 0, NVIDIA GeForce RTX 3080, 8236, 1816, 10240, 95, 98
2026/08/05 08:43:59.704, 0, NVIDIA GeForce RTX 3080, 8236, 1816, 10240, 95, 98
2026/08/05 08:43:59.812, 0, NVIDIA GeForce RTX 3080, 8236, 1816, 10240, 95, 98
2026/08/05 08:43:59.922, 0, NVIDIA GeForce RTX 3080, 8236, 1816, 10240, 95, 98
2026/08/05 08:44:00.031, 0, NVIDIA GeForce RTX 3080, 8236, 1816, 10240, 95, 98
2026/08/05 08:44:00.140, 0, NVIDIA GeForce RTX 3080, 8236, 1816, 10240, 95, 98
2026/08/05 08:44:00.250, 0, NVIDIA GeForce RTX 3080, 8236, 1816, 10240, 95, 98
2026/08/05 08:44:00.358, 0, NVIDIA GeForce RTX 3080, 8236, 1816, 10240, 95, 98
2026/08/05 08:44:00.468, 0, NVIDIA GeForce RTX 3080, 8236, 1816, 10240, 95, 98
2026/08/05 08:44:00.578, 0, NVIDIA GeForce RTX 3080, 8236, 1816, 10240, 95, 98
2026/08/05 08:44:00.686, 0, NVIDIA GeForce RTX 3080, 8236, 1816, 10240, 95, 98
2026/08/05 08:44:00.796, 0, NVIDIA GeForce RTX 3080, 8236, 1816, 10240, 95, 98
2026/08/05 08:44:00.904, 0, NVIDIA GeForce RTX 3080, 8236, 1816, 10240, 95, 98
2026/08/05 08:44:01.013, 0, NVIDIA GeForce RTX 3080, 8236, 1816, 10240, 95, 98
2026/08/05 08:44:01.122, 0, NVIDIA GeForce RTX 3080, 8236, 1816, 10240, 95, 98
2026/08/05 08:44:01.231, 0, NVIDIA GeForce RTX 3080, 8236, 1816, 10240, 95, 98
2026/08/05 08:44:01.341, 0, NVIDIA GeForce RTX 3080, 8236, 1816, 10240, 95, 98
2026/08/05 08:44:01.450, 0, NVIDIA GeForce RTX 3080, 8236, 1816, 10240, 95, 98
2026/08/05 08:44:01.559, 0, NVIDIA GeForce RTX 3080, 8236, 1816, 10240, 95, 98
2026/08/05 08:44:01.668, 0, NVIDIA GeForce RTX 3080, 8236, 1816, 10240, 95, 98
2026/08/05 08:44:01.777, 0, NVIDIA GeForce RTX 3080, 8236, 1816, 10240, 95, 98
2026/08/05 08:44:01.886, 0, NVIDIA GeForce RTX 3080, 8236, 1816, 10240, 95, 98
2026/08/05 08:44:01.995, 0, NVIDIA GeForce RTX 3080, 8236, 1816, 10240, 95, 98
2026/08/05 08:44:02.105, 0, NVIDIA GeForce RTX 3080, 8236, 1816, 10240, 95, 98
2026/08/05 08:44:02.214, 0, NVIDIA GeForce RTX 3080, 8236, 1816, 10240, 95, 98
2026/08/05 08:44:02.323, 0, NVIDIA GeForce RTX 3080, 8236, 1816, 10240, 95, 98
2026/08/05 08:44:02.431, 0, NVIDIA GeForce RTX 3080, 8236, 1816, 10240, 95, 98
2026/08/05 08:44:02.541, 0, NVIDIA GeForce RTX 3080, 8236, 1816, 10240, 95, 98
2026/08/05 08:44:02.650, 0, NVIDIA GeForce RTX 3080, 8236, 1816, 10240, 95, 98
2026/08/05 08:44:02.759, 0, NVIDIA GeForce RTX 3080, 8236, 1816, 10240, 95, 98
2026/08/05 08:44:02.869, 0, NVIDIA GeForce RTX 3080, 8236, 1816, 10240, 95, 98
2026/08/05 08:44:02.978, 0, NVIDIA GeForce RTX 3080, 8236, 1816, 10240, 95, 98
2026/08/05 08:44:03.087, 0, NVIDIA GeForce RTX 3080, 8236, 1816, 10240, 95, 98
2026/08/05 08:44:03.196, 0, NVIDIA GeForce RTX 3080, 8236, 1816, 10240, 95, 98
2026/08/05 08:44:03.305, 0, NVIDIA GeForce RTX 3080, 8236, 1816, 10240, 95, 98
2026/08/05 08:44:03.414, 0, NVIDIA GeForce RTX 3080, 8236, 1816, 10240, 91, 95
2026/08/05 08:44:03.523, 0, NVIDIA GeForce RTX 3080, 8236, 1816, 10240, 91, 95
2026/08/05 08:44:03.632, 0, NVIDIA GeForce RTX 3080, 8236, 1816, 10240, 91, 95
2026/08/05 08:44:03.741, 0, NVIDIA GeForce RTX 3080, 8236, 1816, 10240, 91, 95
2026/08/05 08:44:03.851, 0, NVIDIA GeForce RTX 3080, 8236, 1816, 10240, 91, 95
2026/08/05 08:44:03.959, 0, NVIDIA GeForce RTX 3080, 8236, 1816, 10240, 95, 98
2026/08/05 08:44:04.068, 0, NVIDIA GeForce RTX 3080, 8236, 1816, 10240, 95, 98
2026/08/05 08:44:04.178, 0, NVIDIA GeForce RTX 3080, 8236, 1816, 10240, 95, 98
2026/08/05 08:44:04.286, 0, NVIDIA GeForce RTX 3080, 8236, 1816, 10240, 95, 98
2026/08/05 08:44:04.396, 0, NVIDIA GeForce RTX 3080, 8236, 1816, 10240, 95, 98
2026/08/05 08:44:04.505, 0, NVIDIA GeForce RTX 3080, 8236, 1816, 10240, 95, 98
2026/08/05 08:44:04.614, 0, NVIDIA GeForce RTX 3080, 8236, 1816, 10240, 95, 98
2026/08/05 08:44:04.723, 0, NVIDIA GeForce RTX 3080, 8236, 1816, 10240, 95, 98
2026/08/05 08:44:04.833, 0, NVIDIA GeForce RTX 3080, 8236, 1816, 10240, 95, 98
2026/08/05 08:44:04.942, 0, NVIDIA GeForce RTX 3080, 8236, 1816, 10240, 95, 98
2026/08/05 08:44:05.051, 0, NVIDIA GeForce RTX 3080, 8236, 1816, 10240, 95, 98
2026/08/05 08:44:05.160, 0, NVIDIA GeForce RTX 3080, 8236, 1816, 10240, 95, 98
2026/08/05 08:44:05.269, 0, NVIDIA GeForce RTX 3080, 8236, 1816, 10240, 95, 98
2026/08/05 08:44:05.378, 0, NVIDIA GeForce RTX 3080, 8236, 1816, 10240, 95, 98
2026/08/05 08:44:05.487, 0, NVIDIA GeForce RTX 3080, 8236, 1816, 10240, 95, 98
2026/08/05 08:44:05.596, 0, NVIDIA GeForce RTX 3080, 8236, 1816, 10240, 95, 98
2026/08/05 08:44:05.706, 0, NVIDIA GeForce RTX 3080, 8236, 1816, 10240, 95, 98
2026/08/05 08:44:05.815, 0, NVIDIA GeForce RTX 3080, 8236, 1816, 10240, 95, 98
2026/08/05 08:44:05.923, 0, NVIDIA GeForce RTX 3080, 8236, 1816, 10240, 95, 98
2026/08/05 08:44:06.033, 0, NVIDIA GeForce RTX 3080, 8236, 1816, 10240, 95, 98
2026/08/05 08:44:06.142, 0, NVIDIA GeForce RTX 3080, 8236, 1816, 10240, 95, 98
2026/08/05 08:44:06.251, 0, NVIDIA GeForce RTX 3080, 8236, 1816, 10240, 95, 98
2026/08/05 08:44:06.360, 0, NVIDIA GeForce RTX 3080, 8236, 1816, 10240, 95, 98
2026/08/05 08:44:06.470, 0, NVIDIA GeForce RTX 3080, 8236, 1816, 10240, 95, 98
2026/08/05 08:44:06.578, 0, NVIDIA GeForce RTX 3080, 8236, 1816, 10240, 95, 98
2026/08/05 08:44:06.687, 0, NVIDIA GeForce RTX 3080, 8236, 1816, 10240, 95, 98
2026/08/05 08:44:06.796, 0, NVIDIA GeForce RTX 3080, 8236, 1816, 10240, 95, 98
2026/08/05 08:44:06.906, 0, NVIDIA GeForce RTX 3080, 8236, 1816, 10240, 95, 98
2026/08/05 08:44:07.015, 0, NVIDIA GeForce RTX 3080, 8236, 1816, 10240, 95, 98
2026/08/05 08:44:07.123, 0, NVIDIA GeForce RTX 3080, 8236, 1816, 10240, 95, 98
2026/08/05 08:44:07.231, 0, NVIDIA GeForce RTX 3080, 8236, 1816, 10240, 95, 98
2026/08/05 08:44:07.341, 0, NVIDIA GeForce RTX 3080, 8236, 1816, 10240, 95, 98
2026/08/05 08:44:07.450, 0, NVIDIA GeForce RTX 3080, 8236, 1816, 10240, 95, 98
2026/08/05 08:44:07.559, 0, NVIDIA GeForce RTX 3080, 8236, 1816, 10240, 95, 98
2026/08/05 08:44:07.669, 0, NVIDIA GeForce RTX 3080, 8236, 1816, 10240, 95, 98
2026/08/05 08:44:07.778, 0, NVIDIA GeForce RTX 3080, 8236, 1816, 10240, 95, 98
2026/08/05 08:44:07.887, 0, NVIDIA GeForce RTX 3080, 8236, 1816, 10240, 95, 98
2026/08/05 08:44:07.996, 0, NVIDIA GeForce RTX 3080, 8236, 1816, 10240, 95, 98
2026/08/05 08:44:08.106, 0, NVIDIA GeForce RTX 3080, 8236, 1816, 10240, 95, 98
2026/08/05 08:44:08.215, 0, NVIDIA GeForce RTX 3080, 8236, 1816, 10240, 95, 98
2026/08/05 08:44:08.324, 0, NVIDIA GeForce RTX 3080, 8236, 1816, 10240, 95, 98
2026/08/05 08:44:08.434, 0, NVIDIA GeForce RTX 3080, 8236, 1816, 10240, 95, 98
2026/08/05 08:44:08.542, 0, NVIDIA GeForce RTX 3080, 8236, 1816, 10240, 95, 98
2026/08/05 08:44:08.652, 0, NVIDIA GeForce RTX 3080, 8236, 1816, 10240, 95, 98
2026/08/05 08:44:08.761, 0, NVIDIA GeForce RTX 3080, 8236, 1816, 10240, 95, 98
2026/08/05 08:44:08.870, 0, NVIDIA GeForce RTX 3080, 8236, 1816, 10240, 95, 98
2026/08/05 08:44:08.980, 0, NVIDIA GeForce RTX 3080, 8236, 1816, 10240, 95, 98
2026/08/05 08:44:09.088, 0, NVIDIA GeForce RTX 3080, 8236, 1816, 10240, 95, 98
2026/08/05 08:44:09.197, 0, NVIDIA GeForce RTX 3080, 8236, 1816, 10240, 95, 98
2026/08/05 08:44:09.307, 0, NVIDIA GeForce RTX 3080, 8236, 1816, 10240, 95, 98
2026/08/05 08:44:09.415, 0, NVIDIA GeForce RTX 3080, 8236, 1816, 10240, 95, 98
2026/08/05 08:44:09.525, 0, NVIDIA GeForce RTX 3080, 8236, 1816, 10240, 95, 98
2026/08/05 08:44:09.635, 0, NVIDIA GeForce RTX 3080, 8236, 1816, 10240, 95, 98
2026/08/05 08:44:09.744, 0, NVIDIA GeForce RTX 3080, 8236, 1816, 10240, 95, 98
2026/08/05 08:44:09.853, 0, NVIDIA GeForce RTX 3080, 8236, 1816, 10240, 95, 98
2026/08/05 08:44:09.962, 0, NVIDIA GeForce RTX 3080, 8236, 1816, 10240, 96, 98
2026/08/05 08:44:10.070, 0, NVIDIA GeForce RTX 3080, 8236, 1816, 10240, 96, 98
2026/08/05 08:44:10.180, 0, NVIDIA GeForce RTX 3080, 8236, 1816, 10240, 96, 98
2026/08/05 08:44:10.289, 0, NVIDIA GeForce RTX 3080, 8236, 1816, 10240, 96, 98
2026/08/05 08:44:10.398, 0, NVIDIA GeForce RTX 3080, 8236, 1816, 10240, 95, 98
2026/08/05 08:44:10.508, 0, NVIDIA GeForce RTX 3080, 8236, 1816, 10240, 95, 98
2026/08/05 08:44:10.616, 0, NVIDIA GeForce RTX 3080, 8236, 1816, 10240, 95, 98
2026/08/05 08:44:10.726, 0, NVIDIA GeForce RTX 3080, 8236, 1816, 10240, 95, 98
2026/08/05 08:44:10.836, 0, NVIDIA GeForce RTX 3080, 8236, 1816, 10240, 95, 98
2026/08/05 08:44:10.944, 0, NVIDIA GeForce RTX 3080, 8236, 1816, 10240, 96, 98
2026/08/05 08:44:11.054, 0, NVIDIA GeForce RTX 3080, 8236, 1816, 10240, 96, 98
2026/08/05 08:44:11.163, 0, NVIDIA GeForce RTX 3080, 8236, 1816, 10240, 96, 98
2026/08/05 08:44:11.272, 0, NVIDIA GeForce RTX 3080, 8236, 1816, 10240, 96, 98
2026/08/05 08:44:11.381, 0, NVIDIA GeForce RTX 3080, 8236, 1816, 10240, 95, 98
2026/08/05 08:44:11.490, 0, NVIDIA GeForce RTX 3080, 8236, 1816, 10240, 95, 98
2026/08/05 08:44:11.600, 0, NVIDIA GeForce RTX 3080, 8236, 1816, 10240, 95, 98
2026/08/05 08:44:11.710, 0, NVIDIA GeForce RTX 3080, 8236, 1816, 10240, 95, 98
2026/08/05 08:44:11.818, 0, NVIDIA GeForce RTX 3080, 8236, 1816, 10240, 95, 98
2026/08/05 08:44:11.928, 0, NVIDIA GeForce RTX 3080, 8236, 1816, 10240, 95, 98
2026/08/05 08:44:12.037, 0, NVIDIA GeForce RTX 3080, 8236, 1816, 10240, 95, 98
2026/08/05 08:44:12.145, 0, NVIDIA GeForce RTX 3080, 8236, 1816, 10240, 95, 98
2026/08/05 08:44:12.254, 0, NVIDIA GeForce RTX 3080, 8236, 1816, 10240, 95, 98
2026/08/05 08:44:12.363, 0, NVIDIA GeForce RTX 3080, 8236, 1816, 10240, 95, 98
2026/08/05 08:44:12.472, 0, NVIDIA GeForce RTX 3080, 8236, 1816, 10240, 95, 98
2026/08/05 08:44:12.581, 0, NVIDIA GeForce RTX 3080, 8236, 1816, 10240, 95, 98
2026/08/05 08:44:12.690, 0, NVIDIA GeForce RTX 3080, 8236, 1816, 10240, 95, 98
2026/08/05 08:44:12.800, 0, NVIDIA GeForce RTX 3080, 8236, 1816, 10240, 95, 98
2026/08/05 08:44:12.909, 0, NVIDIA GeForce RTX 3080, 8236, 1816, 10240, 95, 98
2026/08/05 08:44:13.018, 0, NVIDIA GeForce RTX 3080, 8236, 1816, 10240, 95, 98
2026/08/05 08:44:13.127, 0, NVIDIA GeForce RTX 3080, 8236, 1816, 10240, 95, 98
2026/08/05 08:44:13.236, 0, NVIDIA GeForce RTX 3080, 8236, 1816, 10240, 95, 98
2026/08/05 08:44:13.345, 0, NVIDIA GeForce RTX 3080, 8236, 1816, 10240, 95, 98
2026/08/05 08:44:13.454, 0, NVIDIA GeForce RTX 3080, 8236, 1816, 10240, 95, 98
2026/08/05 08:44:13.564, 0, NVIDIA GeForce RTX 3080, 8236, 1816, 10240, 95, 98
2026/08/05 08:44:13.672, 0, NVIDIA GeForce RTX 3080, 8236, 1816, 10240, 95, 98
2026/08/05 08:44:13.782, 0, NVIDIA GeForce RTX 3080, 8236, 1816, 10240, 95, 98
2026/08/05 08:44:13.890, 0, NVIDIA GeForce RTX 3080, 8236, 1816, 10240, 95, 98
2026/08/05 08:44:13.999, 0, NVIDIA GeForce RTX 3080, 8236, 1816, 10240, 95, 98
2026/08/05 08:44:14.109, 0, NVIDIA GeForce RTX 3080, 8236, 1816, 10240, 95, 98
2026/08/05 08:44:14.217, 0, NVIDIA GeForce RTX 3080, 8236, 1816, 10240, 95, 98
2026/08/05 08:44:14.327, 0, NVIDIA GeForce RTX 3080, 8236, 1816, 10240, 95, 98
2026/08/05 08:44:14.435, 0, NVIDIA GeForce RTX 3080, 8236, 1816, 10240, 96, 98
2026/08/05 08:44:14.544, 0, NVIDIA GeForce RTX 3080, 8236, 1816, 10240, 96, 98
2026/08/05 08:44:14.653, 0, NVIDIA GeForce RTX 3080, 8236, 1816, 10240, 96, 98
2026/08/05 08:44:14.763, 0, NVIDIA GeForce RTX 3080, 8236, 1816, 10240, 96, 98
2026/08/05 08:44:14.872, 0, NVIDIA GeForce RTX 3080, 8236, 1816, 10240, 96, 98
2026/08/05 08:44:14.981, 0, NVIDIA GeForce RTX 3080, 8236, 1816, 10240, 96, 98
2026/08/05 08:44:15.090, 0, NVIDIA GeForce RTX 3080, 8236, 1816, 10240, 96, 98
2026/08/05 08:44:15.200, 0, NVIDIA GeForce RTX 3080, 8236, 1816, 10240, 96, 98
2026/08/05 08:44:15.309, 0, NVIDIA GeForce RTX 3080, 8236, 1816, 10240, 96, 98
2026/08/05 08:44:15.418, 0, NVIDIA GeForce RTX 3080, 8236, 1816, 10240, 96, 98
2026/08/05 08:44:15.527, 0, NVIDIA GeForce RTX 3080, 8236, 1816, 10240, 96, 98
2026/08/05 08:44:15.636, 0, NVIDIA GeForce RTX 3080, 8236, 1816, 10240, 96, 98
2026/08/05 08:44:15.744, 0, NVIDIA GeForce RTX 3080, 8236, 1816, 10240, 96, 98
2026/08/05 08:44:15.854, 0, NVIDIA GeForce RTX 3080, 8236, 1816, 10240, 96, 98
2026/08/05 08:44:15.964, 0, NVIDIA GeForce RTX 3080, 8236, 1816, 10240, 96, 98
2026/08/05 08:44:16.072, 0, NVIDIA GeForce RTX 3080, 8236, 1816, 10240, 96, 98
2026/08/05 08:44:16.182, 0, NVIDIA GeForce RTX 3080, 8236, 1816, 10240, 96, 98
2026/08/05 08:44:16.291, 0, NVIDIA GeForce RTX 3080, 8236, 1816, 10240, 96, 98
2026/08/05 08:44:16.399, 0, NVIDIA GeForce RTX 3080, 8236, 1816, 10240, 89, 94
2026/08/05 08:44:16.509, 0, NVIDIA GeForce RTX 3080, 8236, 1816, 10240, 89, 94
2026/08/05 08:44:16.617, 0, NVIDIA GeForce RTX 3080, 8236, 1816, 10240, 89, 94
2026/08/05 08:44:16.727, 0, NVIDIA GeForce RTX 3080, 8236, 1816, 10240, 89, 94
2026/08/05 08:44:16.836, 0, NVIDIA GeForce RTX 3080, 8236, 1816, 10240, 89, 94
2026/08/05 08:44:16.945, 0, NVIDIA GeForce RTX 3080, 8236, 1816, 10240, 94, 98
2026/08/05 08:44:17.055, 0, NVIDIA GeForce RTX 3080, 8236, 1816, 10240, 94, 98
2026/08/05 08:44:17.164, 0, NVIDIA GeForce RTX 3080, 8236, 1816, 10240, 94, 98
2026/08/05 08:44:17.273, 0, NVIDIA GeForce RTX 3080, 8236, 1816, 10240, 94, 98
2026/08/05 08:44:17.382, 0, NVIDIA GeForce RTX 3080, 8236, 1816, 10240, 94, 98
2026/08/05 08:44:17.491, 0, NVIDIA GeForce RTX 3080, 8236, 1816, 10240, 94, 98
2026/08/05 08:44:17.600, 0, NVIDIA GeForce RTX 3080, 8236, 1816, 10240, 94, 98
2026/08/05 08:44:17.709, 0, NVIDIA GeForce RTX 3080, 8236, 1816, 10240, 94, 98
2026/08/05 08:44:17.818, 0, NVIDIA GeForce RTX 3080, 8236, 1816, 10240, 94, 98
2026/08/05 08:44:17.928, 0, NVIDIA GeForce RTX 3080, 8236, 1816, 10240, 94, 98
2026/08/05 08:44:18.037, 0, NVIDIA GeForce RTX 3080, 8236, 1816, 10240, 94, 98
2026/08/05 08:44:18.146, 0, NVIDIA GeForce RTX 3080, 8236, 1816, 10240, 94, 98
2026/08/05 08:44:18.255, 0, NVIDIA GeForce RTX 3080, 8236, 1816, 10240, 94, 98
2026/08/05 08:44:18.365, 0, NVIDIA GeForce RTX 3080, 8236, 1816, 10240, 90, 95
2026/08/05 08:44:18.473, 0, NVIDIA GeForce RTX 3080, 8236, 1816, 10240, 90, 95
2026/08/05 08:44:18.583, 0, NVIDIA GeForce RTX 3080, 8236, 1816, 10240, 90, 95
2026/08/05 08:44:18.692, 0, NVIDIA GeForce RTX 3080, 8236, 1816, 10240, 90, 95
2026/08/05 08:44:18.801, 0, NVIDIA GeForce RTX 3080, 8236, 1816, 10240, 90, 95
2026/08/05 08:44:18.911, 0, NVIDIA GeForce RTX 3080, 8236, 1816, 10240, 94, 98
2026/08/05 08:44:19.019, 0, NVIDIA GeForce RTX 3080, 8236, 1816, 10240, 94, 98
2026/08/05 08:44:19.129, 0, NVIDIA GeForce RTX 3080, 8236, 1816, 10240, 94, 98
2026/08/05 08:44:19.238, 0, NVIDIA GeForce RTX 3080, 8236, 1816, 10240, 94, 98
2026/08/05 08:44:19.347, 0, NVIDIA GeForce RTX 3080, 8236, 1816, 10240, 94, 98
2026/08/05 08:44:19.457, 0, NVIDIA GeForce RTX 3080, 8236, 1816, 10240, 94, 98
2026/08/05 08:44:19.565, 0, NVIDIA GeForce RTX 3080, 8236, 1816, 10240, 94, 98
2026/08/05 08:44:19.675, 0, NVIDIA GeForce RTX 3080, 8236, 1816, 10240, 94, 98
2026/08/05 08:44:19.784, 0, NVIDIA GeForce RTX 3080, 8236, 1816, 10240, 94, 98
2026/08/05 08:44:19.894, 0, NVIDIA GeForce RTX 3080, 8236, 1816, 10240, 94, 98
2026/08/05 08:44:20.003, 0, NVIDIA GeForce RTX 3080, 8236, 1816, 10240, 94, 98
2026/08/05 08:44:20.112, 0, NVIDIA GeForce RTX 3080, 8236, 1816, 10240, 94, 98
2026/08/05 08:44:20.221, 0, NVIDIA GeForce RTX 3080, 8236, 1816, 10240, 94, 98
2026/08/05 08:44:20.329, 0, NVIDIA GeForce RTX 3080, 8236, 1816, 10240, 94, 98
2026/08/05 08:44:20.439, 0, NVIDIA GeForce RTX 3080, 8236, 1816, 10240, 90, 95
2026/08/05 08:44:20.548, 0, NVIDIA GeForce RTX 3080, 8236, 1816, 10240, 90, 95
2026/08/05 08:44:20.657, 0, NVIDIA GeForce RTX 3080, 8236, 1816, 10240, 90, 95
2026/08/05 08:44:20.767, 0, NVIDIA GeForce RTX 3080, 8236, 1816, 10240, 90, 95
2026/08/05 08:44:20.875, 0, NVIDIA GeForce RTX 3080, 8236, 1816, 10240, 95, 98
2026/08/05 08:44:20.985, 0, NVIDIA GeForce RTX 3080, 8236, 1816, 10240, 95, 98
2026/08/05 08:44:21.095, 0, NVIDIA GeForce RTX 3080, 8236, 1816, 10240, 95, 98
2026/08/05 08:44:21.203, 0, NVIDIA GeForce RTX 3080, 8236, 1816, 10240, 95, 98
2026/08/05 08:44:21.313, 0, NVIDIA GeForce RTX 3080, 8236, 1816, 10240, 95, 98
2026/08/05 08:44:21.421, 0, NVIDIA GeForce RTX 3080, 8236, 1816, 10240, 94, 98
2026/08/05 08:44:21.531, 0, NVIDIA GeForce RTX 3080, 8236, 1816, 10240, 94, 98
2026/08/05 08:44:21.640, 0, NVIDIA GeForce RTX 3080, 8236, 1816, 10240, 94, 98
2026/08/05 08:44:21.748, 0, NVIDIA GeForce RTX 3080, 8236, 1816, 10240, 94, 98
2026/08/05 08:44:21.858, 0, NVIDIA GeForce RTX 3080, 8236, 1816, 10240, 94, 98
2026/08/05 08:44:21.967, 0, NVIDIA GeForce RTX 3080, 8236, 1816, 10240, 94, 98
2026/08/05 08:44:22.076, 0, NVIDIA GeForce RTX 3080, 8236, 1816, 10240, 94, 98
2026/08/05 08:44:22.185, 0, NVIDIA GeForce RTX 3080, 8236, 1816, 10240, 94, 98
2026/08/05 08:44:22.294, 0, NVIDIA GeForce RTX 3080, 8236, 1816, 10240, 94, 98
2026/08/05 08:44:22.403, 0, NVIDIA GeForce RTX 3080, 8236, 1816, 10240, 94, 98
2026/08/05 08:44:22.512, 0, NVIDIA GeForce RTX 3080, 8236, 1816, 10240, 94, 98
2026/08/05 08:44:22.621, 0, NVIDIA GeForce RTX 3080, 8236, 1816, 10240, 94, 98
2026/08/05 08:44:22.731, 0, NVIDIA GeForce RTX 3080, 8236, 1816, 10240, 94, 98
2026/08/05 08:44:22.840, 0, NVIDIA GeForce RTX 3080, 8236, 1816, 10240, 94, 98
2026/08/05 08:44:22.949, 0, NVIDIA GeForce RTX 3080, 8236, 1816, 10240, 94, 98
2026/08/05 08:44:23.058, 0, NVIDIA GeForce RTX 3080, 8236, 1816, 10240, 94, 98
2026/08/05 08:44:23.168, 0, NVIDIA GeForce RTX 3080, 8236, 1816, 10240, 94, 98
2026/08/05 08:44:23.277, 0, NVIDIA GeForce RTX 3080, 8236, 1816, 10240, 94, 98
2026/08/05 08:44:23.387, 0, NVIDIA GeForce RTX 3080, 8236, 1816, 10240, 94, 98
2026/08/05 08:44:23.495, 0, NVIDIA GeForce RTX 3080, 8236, 1816, 10240, 94, 98
2026/08/05 08:44:23.604, 0, NVIDIA GeForce RTX 3080, 8236, 1816, 10240, 94, 98
2026/08/05 08:44:23.713, 0, NVIDIA GeForce RTX 3080, 8236, 1816, 10240, 94, 98
2026/08/05 08:44:23.823, 0, NVIDIA GeForce RTX 3080, 8236, 1816, 10240, 94, 98
2026/08/05 08:44:23.931, 0, NVIDIA GeForce RTX 3080, 8236, 1816, 10240, 94, 98
2026/08/05 08:44:24.040, 0, NVIDIA GeForce RTX 3080, 8236, 1816, 10240, 94, 98
2026/08/05 08:44:24.149, 0, NVIDIA GeForce RTX 3080, 8236, 1816, 10240, 94, 98
2026/08/05 08:44:24.258, 0, NVIDIA GeForce RTX 3080, 8236, 1816, 10240, 94, 98
2026/08/05 08:44:24.368, 0, NVIDIA GeForce RTX 3080, 8236, 1816, 10240, 95, 98
2026/08/05 08:44:24.477, 0, NVIDIA GeForce RTX 3080, 8236, 1816, 10240, 95, 98
2026/08/05 08:44:24.586, 0, NVIDIA GeForce RTX 3080, 8236, 1816, 10240, 95, 98
2026/08/05 08:44:24.696, 0, NVIDIA GeForce RTX 3080, 8236, 1816, 10240, 95, 98
2026/08/05 08:44:24.805, 0, NVIDIA GeForce RTX 3080, 8236, 1816, 10240, 95, 98
2026/08/05 08:44:24.914, 0, NVIDIA GeForce RTX 3080, 8236, 1816, 10240, 94, 98
2026/08/05 08:44:25.023, 0, NVIDIA GeForce RTX 3080, 8236, 1816, 10240, 94, 98
2026/08/05 08:44:25.132, 0, NVIDIA GeForce RTX 3080, 8236, 1816, 10240, 94, 98
2026/08/05 08:44:25.241, 0, NVIDIA GeForce RTX 3080, 8236, 1816, 10240, 94, 98
2026/08/05 08:44:25.350, 0, NVIDIA GeForce RTX 3080, 8236, 1816, 10240, 94, 98
2026/08/05 08:44:25.459, 0, NVIDIA GeForce RTX 3080, 8236, 1816, 10240, 94, 98
2026/08/05 08:44:25.569, 0, NVIDIA GeForce RTX 3080, 8236, 1816, 10240, 94, 98
2026/08/05 08:44:25.678, 0, NVIDIA GeForce RTX 3080, 8236, 1816, 10240, 94, 98
2026/08/05 08:44:25.787, 0, NVIDIA GeForce RTX 3080, 8236, 1816, 10240, 94, 98
2026/08/05 08:44:25.897, 0, NVIDIA GeForce RTX 3080, 8236, 1816, 10240, 94, 98
2026/08/05 08:44:26.006, 0, NVIDIA GeForce RTX 3080, 8236, 1816, 10240, 94, 98
2026/08/05 08:44:26.115, 0, NVIDIA GeForce RTX 3080, 8236, 1816, 10240, 94, 98
2026/08/05 08:44:26.225, 0, NVIDIA GeForce RTX 3080, 8236, 1816, 10240, 94, 98
2026/08/05 08:44:26.333, 0, NVIDIA GeForce RTX 3080, 8236, 1816, 10240, 94, 98
2026/08/05 08:44:26.443, 0, NVIDIA GeForce RTX 3080, 8236, 1816, 10240, 94, 98
2026/08/05 08:44:26.552, 0, NVIDIA GeForce RTX 3080, 8236, 1816, 10240, 94, 98
2026/08/05 08:44:26.660, 0, NVIDIA GeForce RTX 3080, 8236, 1816, 10240, 94, 98
2026/08/05 08:44:26.770, 0, NVIDIA GeForce RTX 3080, 8236, 1816, 10240, 94, 98
2026/08/05 08:44:26.878, 0, NVIDIA GeForce RTX 3080, 8236, 1816, 10240, 94, 98
2026/08/05 08:44:26.988, 0, NVIDIA GeForce RTX 3080, 8236, 1816, 10240, 94, 98
2026/08/05 08:44:27.098, 0, NVIDIA GeForce RTX 3080, 8236, 1816, 10240, 94, 98
2026/08/05 08:44:27.206, 0, NVIDIA GeForce RTX 3080, 8236, 1816, 10240, 94, 98
2026/08/05 08:44:27.315, 0, NVIDIA GeForce RTX 3080, 8236, 1816, 10240, 94, 98
2026/08/05 08:44:27.424, 0, NVIDIA GeForce RTX 3080, 8236, 1816, 10240, 95, 98
2026/08/05 08:44:27.533, 0, NVIDIA GeForce RTX 3080, 8236, 1816, 10240, 95, 98
2026/08/05 08:44:27.643, 0, NVIDIA GeForce RTX 3080, 8236, 1816, 10240, 95, 98
2026/08/05 08:44:27.751, 0, NVIDIA GeForce RTX 3080, 8236, 1816, 10240, 95, 98
2026/08/05 08:44:27.860, 0, NVIDIA GeForce RTX 3080, 8236, 1816, 10240, 95, 98
2026/08/05 08:44:27.970, 0, NVIDIA GeForce RTX 3080, 8236, 1816, 10240, 94, 98
2026/08/05 08:44:28.079, 0, NVIDIA GeForce RTX 3080, 8236, 1816, 10240, 94, 98
2026/08/05 08:44:28.188, 0, NVIDIA GeForce RTX 3080, 8236, 1816, 10240, 94, 98
2026/08/05 08:44:28.298, 0, NVIDIA GeForce RTX 3080, 8236, 1816, 10240, 94, 98
2026/08/05 08:44:28.407, 0, NVIDIA GeForce RTX 3080, 8236, 1816, 10240, 94, 98
2026/08/05 08:44:28.516, 0, NVIDIA GeForce RTX 3080, 8236, 1816, 10240, 94, 98
2026/08/05 08:44:28.625, 0, NVIDIA GeForce RTX 3080, 8236, 1816, 10240, 94, 98
2026/08/05 08:44:28.733, 0, NVIDIA GeForce RTX 3080, 8236, 1816, 10240, 94, 98
2026/08/05 08:44:28.843, 0, NVIDIA GeForce RTX 3080, 8236, 1816, 10240, 94, 98
2026/08/05 08:44:28.952, 0, NVIDIA GeForce RTX 3080, 8236, 1816, 10240, 95, 98
2026/08/05 08:44:29.061, 0, NVIDIA GeForce RTX 3080, 8236, 1816, 10240, 95, 98
2026/08/05 08:44:29.171, 0, NVIDIA GeForce RTX 3080, 8236, 1816, 10240, 95, 98
2026/08/05 08:44:29.279, 0, NVIDIA GeForce RTX 3080, 8236, 1816, 10240, 95, 98
2026/08/05 08:44:29.388, 0, NVIDIA GeForce RTX 3080, 8236, 1816, 10240, 94, 98
2026/08/05 08:44:29.498, 0, NVIDIA GeForce RTX 3080, 8236, 1816, 10240, 94, 98
2026/08/05 08:44:29.607, 0, NVIDIA GeForce RTX 3080, 8236, 1816, 10240, 94, 98
2026/08/05 08:44:29.716, 0, NVIDIA GeForce RTX 3080, 8236, 1816, 10240, 94, 98
2026/08/05 08:44:29.826, 0, NVIDIA GeForce RTX 3080, 8236, 1816, 10240, 94, 98
2026/08/05 08:44:29.934, 0, NVIDIA GeForce RTX 3080, 8236, 1816, 10240, 94, 98
2026/08/05 08:44:30.044, 0, NVIDIA GeForce RTX 3080, 8236, 1816, 10240, 94, 98
2026/08/05 08:44:30.154, 0, NVIDIA GeForce RTX 3080, 8236, 1816, 10240, 94, 98
2026/08/05 08:44:30.262, 0, NVIDIA GeForce RTX 3080, 8236, 1816, 10240, 94, 98
2026/08/05 08:44:30.372, 0, NVIDIA GeForce RTX 3080, 8236, 1816, 10240, 95, 98
2026/08/05 08:44:30.480, 0, NVIDIA GeForce RTX 3080, 8236, 1816, 10240, 95, 98
2026/08/05 08:44:30.590, 0, NVIDIA GeForce RTX 3080, 8236, 1816, 10240, 95, 98
2026/08/05 08:44:30.700, 0, NVIDIA GeForce RTX 3080, 8236, 1816, 10240, 95, 98
2026/08/05 08:44:30.807, 0, NVIDIA GeForce RTX 3080, 8236, 1816, 10240, 95, 98
2026/08/05 08:44:30.917, 0, NVIDIA GeForce RTX 3080, 8236, 1816, 10240, 95, 98
2026/08/05 08:44:31.027, 0, NVIDIA GeForce RTX 3080, 8236, 1816, 10240, 95, 98
2026/08/05 08:44:31.135, 0, NVIDIA GeForce RTX 3080, 8236, 1816, 10240, 95, 98
2026/08/05 08:44:31.245, 0, NVIDIA GeForce RTX 3080, 8236, 1816, 10240, 95, 98
2026/08/05 08:44:31.354, 0, NVIDIA GeForce RTX 3080, 8236, 1816, 10240, 95, 98
2026/08/05 08:44:31.462, 0, NVIDIA GeForce RTX 3080, 8236, 1816, 10240, 95, 98
2026/08/05 08:44:31.571, 0, NVIDIA GeForce RTX 3080, 8236, 1816, 10240, 95, 98
2026/08/05 08:44:31.679, 0, NVIDIA GeForce RTX 3080, 8236, 1816, 10240, 95, 98
2026/08/05 08:44:31.788, 0, NVIDIA GeForce RTX 3080, 8236, 1816, 10240, 95, 98
2026/08/05 08:44:31.898, 0, NVIDIA GeForce RTX 3080, 8236, 1816, 10240, 95, 98
2026/08/05 08:44:32.007, 0, NVIDIA GeForce RTX 3080, 8236, 1816, 10240, 95, 98
2026/08/05 08:44:32.116, 0, NVIDIA GeForce RTX 3080, 8236, 1816, 10240, 95, 98
2026/08/05 08:44:32.226, 0, NVIDIA GeForce RTX 3080, 8236, 1816, 10240, 95, 98
2026/08/05 08:44:32.334, 0, NVIDIA GeForce RTX 3080, 8236, 1816, 10240, 95, 98
2026/08/05 08:44:32.444, 0, NVIDIA GeForce RTX 3080, 8236, 1816, 10240, 95, 98
2026/08/05 08:44:32.554, 0, NVIDIA GeForce RTX 3080, 8236, 1816, 10240, 95, 98
2026/08/05 08:44:32.662, 0, NVIDIA GeForce RTX 3080, 8236, 1816, 10240, 95, 98
2026/08/05 08:44:32.772, 0, NVIDIA GeForce RTX 3080, 8236, 1816, 10240, 95, 98
2026/08/05 08:44:32.880, 0, NVIDIA GeForce RTX 3080, 8236, 1816, 10240, 91, 95
2026/08/05 08:44:32.989, 0, NVIDIA GeForce RTX 3080, 8236, 1816, 10240, 91, 95
2026/08/05 08:44:33.099, 0, NVIDIA GeForce RTX 3080, 8236, 1816, 10240, 91, 95
2026/08/05 08:44:33.207, 0, NVIDIA GeForce RTX 3080, 8236, 1816, 10240, 91, 95
2026/08/05 08:44:33.317, 0, NVIDIA GeForce RTX 3080, 8236, 1816, 10240, 91, 95
2026/08/05 08:44:33.426, 0, NVIDIA GeForce RTX 3080, 8236, 1816, 10240, 95, 98
2026/08/05 08:44:33.535, 0, NVIDIA GeForce RTX 3080, 8236, 1816, 10240, 95, 98
2026/08/05 08:44:33.645, 0, NVIDIA GeForce RTX 3080, 8236, 1816, 10240, 95, 98
2026/08/05 08:44:33.753, 0, NVIDIA GeForce RTX 3080, 8236, 1816, 10240, 95, 98
2026/08/05 08:44:33.862, 0, NVIDIA GeForce RTX 3080, 8236, 1816, 10240, 95, 98
2026/08/05 08:44:33.971, 0, NVIDIA GeForce RTX 3080, 8236, 1816, 10240, 95, 98
2026/08/05 08:44:34.080, 0, NVIDIA GeForce RTX 3080, 8236, 1816, 10240, 95, 98
2026/08/05 08:44:34.190, 0, NVIDIA GeForce RTX 3080, 8236, 1816, 10240, 95, 98
2026/08/05 08:44:34.299, 0, NVIDIA GeForce RTX 3080, 8236, 1816, 10240, 95, 98
2026/08/05 08:44:34.408, 0, NVIDIA GeForce RTX 3080, 8236, 1816, 10240, 94, 98
2026/08/05 08:44:34.517, 0, NVIDIA GeForce RTX 3080, 8236, 1816, 10240, 94, 98
2026/08/05 08:44:34.626, 0, NVIDIA GeForce RTX 3080, 8236, 1816, 10240, 94, 98
2026/08/05 08:44:34.735, 0, NVIDIA GeForce RTX 3080, 8236, 1816, 10240, 94, 98
2026/08/05 08:44:34.844, 0, NVIDIA GeForce RTX 3080, 8236, 1816, 10240, 94, 98
2026/08/05 08:44:34.953, 0, NVIDIA GeForce RTX 3080, 8236, 1816, 10240, 94, 98
2026/08/05 08:44:35.062, 0, NVIDIA GeForce RTX 3080, 8236, 1816, 10240, 94, 98
2026/08/05 08:44:35.171, 0, NVIDIA GeForce RTX 3080, 8236, 1816, 10240, 94, 98
2026/08/05 08:44:35.280, 0, NVIDIA GeForce RTX 3080, 8236, 1816, 10240, 94, 98
2026/08/05 08:44:35.390, 0, NVIDIA GeForce RTX 3080, 8236, 1816, 10240, 95, 98
2026/08/05 08:44:35.499, 0, NVIDIA GeForce RTX 3080, 8236, 1816, 10240, 95, 98
2026/08/05 08:44:35.608, 0, NVIDIA GeForce RTX 3080, 8236, 1816, 10240, 95, 98
2026/08/05 08:44:35.717, 0, NVIDIA GeForce RTX 3080, 8236, 1816, 10240, 95, 98
2026/08/05 08:44:35.826, 0, NVIDIA GeForce RTX 3080, 8236, 1816, 10240, 95, 98
2026/08/05 08:44:35.935, 0, NVIDIA GeForce RTX 3080, 8236, 1816, 10240, 95, 98
2026/08/05 08:44:36.044, 0, NVIDIA GeForce RTX 3080, 8236, 1816, 10240, 95, 98
2026/08/05 08:44:36.153, 0, NVIDIA GeForce RTX 3080, 8236, 1816, 10240, 95, 98
2026/08/05 08:44:36.261, 0, NVIDIA GeForce RTX 3080, 8236, 1816, 10240, 95, 98
2026/08/05 08:44:36.371, 0, NVIDIA GeForce RTX 3080, 8236, 1816, 10240, 95, 98
2026/08/05 08:44:36.480, 0, NVIDIA GeForce RTX 3080, 8236, 1816, 10240, 95, 98
2026/08/05 08:44:36.589, 0, NVIDIA GeForce RTX 3080, 8236, 1816, 10240, 95, 98
2026/08/05 08:44:36.699, 0, NVIDIA GeForce RTX 3080, 8236, 1816, 10240, 95, 98
2026/08/05 08:44:36.808, 0, NVIDIA GeForce RTX 3080, 8236, 1816, 10240, 95, 98
2026/08/05 08:44:36.916, 0, NVIDIA GeForce RTX 3080, 8236, 1816, 10240, 95, 98
2026/08/05 08:44:37.025, 0, NVIDIA GeForce RTX 3080, 8236, 1816, 10240, 95, 98
2026/08/05 08:44:37.134, 0, NVIDIA GeForce RTX 3080, 8236, 1816, 10240, 95, 98
2026/08/05 08:44:37.243, 0, NVIDIA GeForce RTX 3080, 8236, 1816, 10240, 95, 98
2026/08/05 08:44:37.353, 0, NVIDIA GeForce RTX 3080, 8236, 1816, 10240, 95, 98
2026/08/05 08:44:37.462, 0, NVIDIA GeForce RTX 3080, 8236, 1816, 10240, 95, 98
2026/08/05 08:44:37.571, 0, NVIDIA GeForce RTX 3080, 8236, 1816, 10240, 95, 98
2026/08/05 08:44:37.680, 0, NVIDIA GeForce RTX 3080, 8236, 1816, 10240, 95, 98
2026/08/05 08:44:37.789, 0, NVIDIA GeForce RTX 3080, 8236, 1816, 10240, 95, 98
2026/08/05 08:44:37.899, 0, NVIDIA GeForce RTX 3080, 8236, 1816, 10240, 95, 98
2026/08/05 08:44:38.008, 0, NVIDIA GeForce RTX 3080, 8236, 1816, 10240, 95, 98
2026/08/05 08:44:38.117, 0, NVIDIA GeForce RTX 3080, 8236, 1816, 10240, 95, 98
2026/08/05 08:44:38.227, 0, NVIDIA GeForce RTX 3080, 8236, 1816, 10240, 95, 98
2026/08/05 08:44:38.335, 0, NVIDIA GeForce RTX 3080, 8236, 1816, 10240, 95, 98
2026/08/05 08:44:38.445, 0, NVIDIA GeForce RTX 3080, 8236, 1816, 10240, 95, 98
2026/08/05 08:44:38.553, 0, NVIDIA GeForce RTX 3080, 8236, 1816, 10240, 95, 98
2026/08/05 08:44:38.662, 0, NVIDIA GeForce RTX 3080, 8236, 1816, 10240, 95, 98
2026/08/05 08:44:38.772, 0, NVIDIA GeForce RTX 3080, 8236, 1816, 10240, 95, 98
2026/08/05 08:44:38.880, 0, NVIDIA GeForce RTX 3080, 8236, 1816, 10240, 95, 98
2026/08/05 08:44:38.990, 0, NVIDIA GeForce RTX 3080, 8236, 1816, 10240, 95, 98
2026/08/05 08:44:39.099, 0, NVIDIA GeForce RTX 3080, 8236, 1816, 10240, 95, 98
2026/08/05 08:44:39.207, 0, NVIDIA GeForce RTX 3080, 8236, 1816, 10240, 95, 98
2026/08/05 08:44:39.317, 0, NVIDIA GeForce RTX 3080, 8236, 1816, 10240, 95, 98
2026/08/05 08:44:39.426, 0, NVIDIA GeForce RTX 3080, 8236, 1816, 10240, 92, 95
2026/08/05 08:44:39.534, 0, NVIDIA GeForce RTX 3080, 8236, 1816, 10240, 92, 95
2026/08/05 08:44:39.643, 0, NVIDIA GeForce RTX 3080, 8236, 1816, 10240, 92, 95
2026/08/05 08:44:39.753, 0, NVIDIA GeForce RTX 3080, 8236, 1816, 10240, 92, 95
2026/08/05 08:44:39.862, 0, NVIDIA GeForce RTX 3080, 8236, 1816, 10240, 95, 98
2026/08/05 08:44:39.971, 0, NVIDIA GeForce RTX 3080, 8236, 1816, 10240, 95, 98
2026/08/05 08:44:40.080, 0, NVIDIA GeForce RTX 3080, 8236, 1816, 10240, 95, 98
2026/08/05 08:44:40.189, 0, NVIDIA GeForce RTX 3080, 8236, 1816, 10240, 95, 98
2026/08/05 08:44:40.299, 0, NVIDIA GeForce RTX 3080, 8236, 1816, 10240, 95, 98
2026/08/05 08:44:40.407, 0, NVIDIA GeForce RTX 3080, 8236, 1816, 10240, 95, 98
2026/08/05 08:44:40.517, 0, NVIDIA GeForce RTX 3080, 8236, 1816, 10240, 95, 98
2026/08/05 08:44:40.626, 0, NVIDIA GeForce RTX 3080, 8236, 1816, 10240, 95, 98
2026/08/05 08:44:40.735, 0, NVIDIA GeForce RTX 3080, 8236, 1816, 10240, 95, 98
2026/08/05 08:44:40.844, 0, NVIDIA GeForce RTX 3080, 8236, 1816, 10240, 95, 98
2026/08/05 08:44:40.953, 0, NVIDIA GeForce RTX 3080, 8236, 1816, 10240, 95, 98
2026/08/05 08:44:41.062, 0, NVIDIA GeForce RTX 3080, 8236, 1816, 10240, 95, 98
2026/08/05 08:44:41.171, 0, NVIDIA GeForce RTX 3080, 8236, 1816, 10240, 95, 98
2026/08/05 08:44:41.280, 0, NVIDIA GeForce RTX 3080, 8236, 1816, 10240, 95, 98
2026/08/05 08:44:41.389, 0, NVIDIA GeForce RTX 3080, 8236, 1816, 10240, 95, 98
2026/08/05 08:44:41.499, 0, NVIDIA GeForce RTX 3080, 8236, 1816, 10240, 95, 98
2026/08/05 08:44:41.608, 0, NVIDIA GeForce RTX 3080, 8236, 1816, 10240, 95, 98
2026/08/05 08:44:41.717, 0, NVIDIA GeForce RTX 3080, 8236, 1816, 10240, 95, 98
2026/08/05 08:44:41.827, 0, NVIDIA GeForce RTX 3080, 8236, 1816, 10240, 95, 98
2026/08/05 08:44:41.935, 0, NVIDIA GeForce RTX 3080, 8236, 1816, 10240, 95, 98
2026/08/05 08:44:42.045, 0, NVIDIA GeForce RTX 3080, 8236, 1816, 10240, 95, 98
2026/08/05 08:44:42.154, 0, NVIDIA GeForce RTX 3080, 8236, 1816, 10240, 95, 98
2026/08/05 08:44:42.262, 0, NVIDIA GeForce RTX 3080, 8236, 1816, 10240, 95, 98
2026/08/05 08:44:42.372, 0, NVIDIA GeForce RTX 3080, 8236, 1816, 10240, 95, 98
2026/08/05 08:44:42.480, 0, NVIDIA GeForce RTX 3080, 8236, 1816, 10240, 95, 98
2026/08/05 08:44:42.589, 0, NVIDIA GeForce RTX 3080, 8236, 1816, 10240, 95, 98
2026/08/05 08:44:42.699, 0, NVIDIA GeForce RTX 3080, 8236, 1816, 10240, 95, 98
2026/08/05 08:44:42.807, 0, NVIDIA GeForce RTX 3080, 8236, 1816, 10240, 95, 98
2026/08/05 08:44:42.917, 0, NVIDIA GeForce RTX 3080, 8236, 1816, 10240, 95, 98
2026/08/05 08:44:43.026, 0, NVIDIA GeForce RTX 3080, 8236, 1816, 10240, 95, 98
2026/08/05 08:44:43.135, 0, NVIDIA GeForce RTX 3080, 8236, 1816, 10240, 95, 98
2026/08/05 08:44:43.245, 0, NVIDIA GeForce RTX 3080, 8236, 1816, 10240, 95, 98
2026/08/05 08:44:43.353, 0, NVIDIA GeForce RTX 3080, 8236, 1816, 10240, 95, 98
2026/08/05 08:44:43.462, 0, NVIDIA GeForce RTX 3080, 8236, 1816, 10240, 95, 98
2026/08/05 08:44:43.572, 0, NVIDIA GeForce RTX 3080, 8236, 1816, 10240, 95, 98
2026/08/05 08:44:43.680, 0, NVIDIA GeForce RTX 3080, 8236, 1816, 10240, 95, 98
2026/08/05 08:44:43.790, 0, NVIDIA GeForce RTX 3080, 8236, 1816, 10240, 95, 98
2026/08/05 08:44:43.899, 0, NVIDIA GeForce RTX 3080, 8236, 1816, 10240, 96, 98
2026/08/05 08:44:44.007, 0, NVIDIA GeForce RTX 3080, 8236, 1816, 10240, 96, 98
2026/08/05 08:44:44.116, 0, NVIDIA GeForce RTX 3080, 8236, 1816, 10240, 96, 98
2026/08/05 08:44:44.225, 0, NVIDIA GeForce RTX 3080, 8236, 1816, 10240, 96, 98
2026/08/05 08:44:44.334, 0, NVIDIA GeForce RTX 3080, 8236, 1816, 10240, 96, 98
2026/08/05 08:44:44.443, 0, NVIDIA GeForce RTX 3080, 8236, 1816, 10240, 95, 98
2026/08/05 08:44:44.553, 0, NVIDIA GeForce RTX 3080, 8236, 1816, 10240, 95, 98
2026/08/05 08:44:44.662, 0, NVIDIA GeForce RTX 3080, 8236, 1816, 10240, 95, 98
2026/08/05 08:44:44.771, 0, NVIDIA GeForce RTX 3080, 8236, 1816, 10240, 95, 98
2026/08/05 08:44:44.880, 0, NVIDIA GeForce RTX 3080, 8236, 1816, 10240, 96, 98
2026/08/05 08:44:44.989, 0, NVIDIA GeForce RTX 3080, 8236, 1816, 10240, 96, 98
2026/08/05 08:44:45.099, 0, NVIDIA GeForce RTX 3080, 8236, 1816, 10240, 96, 98
2026/08/05 08:44:45.208, 0, NVIDIA GeForce RTX 3080, 8236, 1816, 10240, 96, 98
2026/08/05 08:44:45.317, 0, NVIDIA GeForce RTX 3080, 8236, 1816, 10240, 96, 98
2026/08/05 08:44:45.427, 0, NVIDIA GeForce RTX 3080, 8236, 1816, 10240, 96, 98
2026/08/05 08:44:45.535, 0, NVIDIA GeForce RTX 3080, 8236, 1816, 10240, 96, 98
2026/08/05 08:44:45.645, 0, NVIDIA GeForce RTX 3080, 8236, 1816, 10240, 96, 98
2026/08/05 08:44:45.754, 0, NVIDIA GeForce RTX 3080, 8236, 1816, 10240, 96, 98
2026/08/05 08:44:45.862, 0, NVIDIA GeForce RTX 3080, 8236, 1816, 10240, 96, 98
2026/08/05 08:44:45.972, 0, NVIDIA GeForce RTX 3080, 8236, 1816, 10240, 95, 98
2026/08/05 08:44:46.080, 0, NVIDIA GeForce RTX 3080, 8236, 1816, 10240, 95, 98
2026/08/05 08:44:46.190, 0, NVIDIA GeForce RTX 3080, 8236, 1816, 10240, 95, 98
2026/08/05 08:44:46.299, 0, NVIDIA GeForce RTX 3080, 8236, 1816, 10240, 95, 98
2026/08/05 08:44:46.407, 0, NVIDIA GeForce RTX 3080, 8236, 1816, 10240, 94, 98
2026/08/05 08:44:46.516, 0, NVIDIA GeForce RTX 3080, 8236, 1816, 10240, 94, 98
2026/08/05 08:44:46.625, 0, NVIDIA GeForce RTX 3080, 8236, 1816, 10240, 94, 98
2026/08/05 08:44:46.734, 0, NVIDIA GeForce RTX 3080, 8236, 1816, 10240, 94, 98
2026/08/05 08:44:46.843, 0, NVIDIA GeForce RTX 3080, 8236, 1816, 10240, 94, 98
2026/08/05 08:44:46.953, 0, NVIDIA GeForce RTX 3080, 8236, 1816, 10240, 94, 98
2026/08/05 08:44:47.062, 0, NVIDIA GeForce RTX 3080, 8236, 1816, 10240, 94, 98
2026/08/05 08:44:47.171, 0, NVIDIA GeForce RTX 3080, 8236, 1816, 10240, 94, 98
2026/08/05 08:44:47.280, 0, NVIDIA GeForce RTX 3080, 8236, 1816, 10240, 94, 98
2026/08/05 08:44:47.389, 0, NVIDIA GeForce RTX 3080, 8236, 1816, 10240, 94, 98
2026/08/05 08:44:47.499, 0, NVIDIA GeForce RTX 3080, 8236, 1816, 10240, 94, 98
2026/08/05 08:44:47.608, 0, NVIDIA GeForce RTX 3080, 8236, 1816, 10240, 94, 98
2026/08/05 08:44:47.717, 0, NVIDIA GeForce RTX 3080, 8236, 1816, 10240, 94, 98
2026/08/05 08:44:47.826, 0, NVIDIA GeForce RTX 3080, 8236, 1816, 10240, 94, 98
2026/08/05 08:44:47.934, 0, NVIDIA GeForce RTX 3080, 8236, 1816, 10240, 94, 98
2026/08/05 08:44:48.044, 0, NVIDIA GeForce RTX 3080, 8236, 1816, 10240, 94, 98
2026/08/05 08:44:48.152, 0, NVIDIA GeForce RTX 3080, 8236, 1816, 10240, 94, 98
2026/08/05 08:44:48.261, 0, NVIDIA GeForce RTX 3080, 8236, 1816, 10240, 94, 98
2026/08/05 08:44:48.371, 0, NVIDIA GeForce RTX 3080, 8236, 1816, 10240, 94, 98
2026/08/05 08:44:48.479, 0, NVIDIA GeForce RTX 3080, 8236, 1816, 10240, 94, 98
2026/08/05 08:44:48.588, 0, NVIDIA GeForce RTX 3080, 8236, 1816, 10240, 94, 98
2026/08/05 08:44:48.697, 0, NVIDIA GeForce RTX 3080, 8236, 1816, 10240, 94, 98
2026/08/05 08:44:48.806, 0, NVIDIA GeForce RTX 3080, 8236, 1816, 10240, 94, 98
2026/08/05 08:44:48.916, 0, NVIDIA GeForce RTX 3080, 8236, 1816, 10240, 94, 98
2026/08/05 08:44:49.025, 0, NVIDIA GeForce RTX 3080, 8236, 1816, 10240, 94, 98
2026/08/05 08:44:49.134, 0, NVIDIA GeForce RTX 3080, 8236, 1816, 10240, 94, 98
2026/08/05 08:44:49.243, 0, NVIDIA GeForce RTX 3080, 8236, 1816, 10240, 94, 98
2026/08/05 08:44:49.353, 0, NVIDIA GeForce RTX 3080, 8236, 1816, 10240, 94, 98
2026/08/05 08:44:49.458, 0, NVIDIA GeForce RTX 3080, 8236, 1816, 10240, 94, 98
2026/08/05 08:44:49.567, 0, NVIDIA GeForce RTX 3080, 8236, 1816, 10240, 94, 98
2026/08/05 08:44:49.677, 0, NVIDIA GeForce RTX 3080, 8236, 1816, 10240, 94, 98
2026/08/05 08:44:49.786, 0, NVIDIA GeForce RTX 3080, 8236, 1816, 10240, 94, 98
2026/08/05 08:44:49.896, 0, NVIDIA GeForce RTX 3080, 8236, 1816, 10240, 94, 98
2026/08/05 08:44:50.004, 0, NVIDIA GeForce RTX 3080, 8236, 1816, 10240, 94, 98
2026/08/05 08:44:50.114, 0, NVIDIA GeForce RTX 3080, 8236, 1816, 10240, 94, 98
2026/08/05 08:44:50.223, 0, NVIDIA GeForce RTX 3080, 8236, 1816, 10240, 94, 98
2026/08/05 08:44:50.330, 0, NVIDIA GeForce RTX 3080, 8236, 1816, 10240, 94, 98
2026/08/05 08:44:50.440, 0, NVIDIA GeForce RTX 3080, 8236, 1816, 10240, 95, 98
2026/08/05 08:44:50.548, 0, NVIDIA GeForce RTX 3080, 8236, 1816, 10240, 95, 98
2026/08/05 08:44:50.658, 0, NVIDIA GeForce RTX 3080, 8236, 1816, 10240, 95, 98
2026/08/05 08:44:50.767, 0, NVIDIA GeForce RTX 3080, 8236, 1816, 10240, 95, 98
2026/08/05 08:44:50.876, 0, NVIDIA GeForce RTX 3080, 8236, 1816, 10240, 94, 98
2026/08/05 08:44:50.986, 0, NVIDIA GeForce RTX 3080, 8236, 1816, 10240, 94, 98
2026/08/05 08:44:51.095, 0, NVIDIA GeForce RTX 3080, 8236, 1816, 10240, 94, 98
2026/08/05 08:44:51.204, 0, NVIDIA GeForce RTX 3080, 8236, 1816, 10240, 94, 98
2026/08/05 08:44:51.313, 0, NVIDIA GeForce RTX 3080, 8236, 1816, 10240, 94, 98
2026/08/05 08:44:51.423, 0, NVIDIA GeForce RTX 3080, 8236, 1816, 10240, 94, 98
2026/08/05 08:44:51.531, 0, NVIDIA GeForce RTX 3080, 8236, 1816, 10240, 94, 98
2026/08/05 08:44:51.640, 0, NVIDIA GeForce RTX 3080, 8236, 1816, 10240, 94, 98
2026/08/05 08:44:51.749, 0, NVIDIA GeForce RTX 3080, 8236, 1816, 10240, 94, 98
2026/08/05 08:44:51.858, 0, NVIDIA GeForce RTX 3080, 8236, 1816, 10240, 94, 98
2026/08/05 08:44:51.967, 0, NVIDIA GeForce RTX 3080, 8236, 1816, 10240, 94, 98
2026/08/05 08:44:52.076, 0, NVIDIA GeForce RTX 3080, 8236, 1816, 10240, 94, 98
2026/08/05 08:44:52.185, 0, NVIDIA GeForce RTX 3080, 8236, 1816, 10240, 94, 98
2026/08/05 08:44:52.295, 0, NVIDIA GeForce RTX 3080, 8236, 1816, 10240, 94, 98
2026/08/05 08:44:52.404, 0, NVIDIA GeForce RTX 3080, 8236, 1816, 10240, 95, 98
2026/08/05 08:44:52.513, 0, NVIDIA GeForce RTX 3080, 8236, 1816, 10240, 95, 98
2026/08/05 08:44:52.623, 0, NVIDIA GeForce RTX 3080, 8236, 1816, 10240, 95, 98
2026/08/05 08:44:52.731, 0, NVIDIA GeForce RTX 3080, 8236, 1816, 10240, 95, 98
2026/08/05 08:44:52.840, 0, NVIDIA GeForce RTX 3080, 8236, 1816, 10240, 95, 98
2026/08/05 08:44:52.949, 0, NVIDIA GeForce RTX 3080, 8236, 1816, 10240, 94, 98
2026/08/05 08:44:53.058, 0, NVIDIA GeForce RTX 3080, 8236, 1816, 10240, 94, 98
2026/08/05 08:44:53.168, 0, NVIDIA GeForce RTX 3080, 8236, 1816, 10240, 94, 98
2026/08/05 08:44:53.277, 0, NVIDIA GeForce RTX 3080, 8236, 1816, 10240, 94, 98
2026/08/05 08:44:53.386, 0, NVIDIA GeForce RTX 3080, 8236, 1816, 10240, 95, 98
2026/08/05 08:44:53.495, 0, NVIDIA GeForce RTX 3080, 8236, 1816, 10240, 95, 98
2026/08/05 08:44:53.603, 0, NVIDIA GeForce RTX 3080, 8236, 1816, 10240, 95, 98
2026/08/05 08:44:53.713, 0, NVIDIA GeForce RTX 3080, 8236, 1816, 10240, 95, 98
2026/08/05 08:44:53.822, 0, NVIDIA GeForce RTX 3080, 8236, 1816, 10240, 95, 98
2026/08/05 08:44:53.930, 0, NVIDIA GeForce RTX 3080, 8236, 1816, 10240, 94, 98
2026/08/05 08:44:54.040, 0, NVIDIA GeForce RTX 3080, 8236, 1816, 10240, 94, 98
2026/08/05 08:44:54.148, 0, NVIDIA GeForce RTX 3080, 8236, 1816, 10240, 94, 98
2026/08/05 08:44:54.258, 0, NVIDIA GeForce RTX 3080, 8236, 1816, 10240, 94, 98
2026/08/05 08:44:54.362, 0, NVIDIA GeForce RTX 3080, 8236, 1816, 10240, 94, 98
2026/08/05 08:44:54.471, 0, NVIDIA GeForce RTX 3080, 8236, 1816, 10240, 94, 98
2026/08/05 08:44:54.581, 0, NVIDIA GeForce RTX 3080, 8236, 1816, 10240, 94, 98
2026/08/05 08:44:54.689, 0, NVIDIA GeForce RTX 3080, 8236, 1816, 10240, 94, 98
2026/08/05 08:44:54.798, 0, NVIDIA GeForce RTX 3080, 8236, 1816, 10240, 94, 98
2026/08/05 08:44:54.907, 0, NVIDIA GeForce RTX 3080, 8236, 1816, 10240, 94, 98
2026/08/05 08:44:55.016, 0, NVIDIA GeForce RTX 3080, 8236, 1816, 10240, 94, 98
2026/08/05 08:44:55.126, 0, NVIDIA GeForce RTX 3080, 8236, 1816, 10240, 94, 98
2026/08/05 08:44:55.235, 0, NVIDIA GeForce RTX 3080, 8236, 1816, 10240, 94, 98
2026/08/05 08:44:55.344, 0, NVIDIA GeForce RTX 3080, 8236, 1816, 10240, 94, 98
2026/08/05 08:44:55.453, 0, NVIDIA GeForce RTX 3080, 8236, 1816, 10240, 94, 98
2026/08/05 08:44:55.563, 0, NVIDIA GeForce RTX 3080, 8236, 1816, 10240, 94, 98
2026/08/05 08:44:55.671, 0, NVIDIA GeForce RTX 3080, 8236, 1816, 10240, 94, 98
2026/08/05 08:44:55.780, 0, NVIDIA GeForce RTX 3080, 8236, 1816, 10240, 94, 98
2026/08/05 08:44:55.889, 0, NVIDIA GeForce RTX 3080, 8236, 1816, 10240, 94, 98
2026/08/05 08:44:55.998, 0, NVIDIA GeForce RTX 3080, 8236, 1816, 10240, 94, 98
2026/08/05 08:44:56.108, 0, NVIDIA GeForce RTX 3080, 8236, 1816, 10240, 94, 98
2026/08/05 08:44:56.217, 0, NVIDIA GeForce RTX 3080, 8236, 1816, 10240, 94, 98
2026/08/05 08:44:56.326, 0, NVIDIA GeForce RTX 3080, 8236, 1816, 10240, 94, 98
2026/08/05 08:44:56.435, 0, NVIDIA GeForce RTX 3080, 8236, 1816, 10240, 94, 98
2026/08/05 08:44:56.543, 0, NVIDIA GeForce RTX 3080, 8236, 1816, 10240, 94, 98
2026/08/05 08:44:56.653, 0, NVIDIA GeForce RTX 3080, 8236, 1816, 10240, 94, 98
2026/08/05 08:44:56.761, 0, NVIDIA GeForce RTX 3080, 8236, 1816, 10240, 94, 98
2026/08/05 08:44:56.871, 0, NVIDIA GeForce RTX 3080, 8236, 1816, 10240, 94, 98
2026/08/05 08:44:56.981, 0, NVIDIA GeForce RTX 3080, 8236, 1816, 10240, 94, 98
2026/08/05 08:44:57.089, 0, NVIDIA GeForce RTX 3080, 8236, 1816, 10240, 94, 98
2026/08/05 08:44:57.198, 0, NVIDIA GeForce RTX 3080, 8236, 1816, 10240, 94, 98
2026/08/05 08:44:57.307, 0, NVIDIA GeForce RTX 3080, 8236, 1816, 10240, 94, 98
2026/08/05 08:44:57.416, 0, NVIDIA GeForce RTX 3080, 8236, 1816, 10240, 94, 98
2026/08/05 08:44:57.526, 0, NVIDIA GeForce RTX 3080, 8236, 1816, 10240, 94, 98
2026/08/05 08:44:57.635, 0, NVIDIA GeForce RTX 3080, 8236, 1816, 10240, 94, 98
2026/08/05 08:44:57.744, 0, NVIDIA GeForce RTX 3080, 8236, 1816, 10240, 94, 98
2026/08/05 08:44:57.853, 0, NVIDIA GeForce RTX 3080, 8236, 1816, 10240, 94, 98
2026/08/05 08:44:57.963, 0, NVIDIA GeForce RTX 3080, 8236, 1816, 10240, 94, 98
2026/08/05 08:44:58.071, 0, NVIDIA GeForce RTX 3080, 8236, 1816, 10240, 94, 98
2026/08/05 08:44:58.180, 0, NVIDIA GeForce RTX 3080, 8236, 1816, 10240, 94, 98
2026/08/05 08:44:58.289, 0, NVIDIA GeForce RTX 3080, 8236, 1816, 10240, 94, 98
2026/08/05 08:44:58.397, 0, NVIDIA GeForce RTX 3080, 8236, 1816, 10240, 95, 98
2026/08/05 08:44:58.507, 0, NVIDIA GeForce RTX 3080, 8236, 1816, 10240, 95, 98
2026/08/05 08:44:58.615, 0, NVIDIA GeForce RTX 3080, 8236, 1816, 10240, 95, 98
2026/08/05 08:44:58.725, 0, NVIDIA GeForce RTX 3080, 8236, 1816, 10240, 95, 98
2026/08/05 08:44:58.835, 0, NVIDIA GeForce RTX 3080, 8236, 1816, 10240, 95, 98
2026/08/05 08:44:58.944, 0, NVIDIA GeForce RTX 3080, 8236, 1816, 10240, 95, 98
2026/08/05 08:44:59.053, 0, NVIDIA GeForce RTX 3080, 8236, 1816, 10240, 95, 98
2026/08/05 08:44:59.163, 0, NVIDIA GeForce RTX 3080, 8236, 1816, 10240, 95, 98
2026/08/05 08:44:59.272, 0, NVIDIA GeForce RTX 3080, 8236, 1816, 10240, 95, 98
2026/08/05 08:44:59.381, 0, NVIDIA GeForce RTX 3080, 8236, 1816, 10240, 95, 98
2026/08/05 08:44:59.490, 0, NVIDIA GeForce RTX 3080, 8236, 1816, 10240, 95, 98
2026/08/05 08:44:59.598, 0, NVIDIA GeForce RTX 3080, 8236, 1816, 10240, 95, 98
2026/08/05 08:44:59.708, 0, NVIDIA GeForce RTX 3080, 8236, 1816, 10240, 95, 98
2026/08/05 08:44:59.817, 0, NVIDIA GeForce RTX 3080, 8236, 1816, 10240, 95, 98
2026/08/05 08:44:59.926, 0, NVIDIA GeForce RTX 3080, 8236, 1816, 10240, 95, 98
2026/08/05 08:45:00.036, 0, NVIDIA GeForce RTX 3080, 8236, 1816, 10240, 95, 98
2026/08/05 08:45:00.145, 0, NVIDIA GeForce RTX 3080, 8236, 1816, 10240, 95, 98
2026/08/05 08:45:00.254, 0, NVIDIA GeForce RTX 3080, 8236, 1816, 10240, 95, 98
2026/08/05 08:45:00.363, 0, NVIDIA GeForce RTX 3080, 8236, 1816, 10240, 91, 95
2026/08/05 08:45:00.471, 0, NVIDIA GeForce RTX 3080, 8236, 1816, 10240, 91, 95
2026/08/05 08:45:00.579, 0, NVIDIA GeForce RTX 3080, 8236, 1816, 10240, 91, 95
2026/08/05 08:45:00.688, 0, NVIDIA GeForce RTX 3080, 8236, 1816, 10240, 91, 95
2026/08/05 08:45:00.797, 0, NVIDIA GeForce RTX 3080, 8236, 1816, 10240, 91, 95
2026/08/05 08:45:00.907, 0, NVIDIA GeForce RTX 3080, 8236, 1816, 10240, 95, 98
2026/08/05 08:45:01.015, 0, NVIDIA GeForce RTX 3080, 8236, 1816, 10240, 95, 98
2026/08/05 08:45:01.125, 0, NVIDIA GeForce RTX 3080, 8236, 1816, 10240, 95, 98
2026/08/05 08:45:01.235, 0, NVIDIA GeForce RTX 3080, 8236, 1816, 10240, 95, 98
2026/08/05 08:45:01.343, 0, NVIDIA GeForce RTX 3080, 8236, 1816, 10240, 95, 98
2026/08/05 08:45:01.453, 0, NVIDIA GeForce RTX 3080, 8236, 1816, 10240, 95, 98
2026/08/05 08:45:01.561, 0, NVIDIA GeForce RTX 3080, 8236, 1816, 10240, 95, 98
2026/08/05 08:45:01.671, 0, NVIDIA GeForce RTX 3080, 8236, 1816, 10240, 95, 98
2026/08/05 08:45:01.780, 0, NVIDIA GeForce RTX 3080, 8236, 1816, 10240, 95, 98
2026/08/05 08:45:01.889, 0, NVIDIA GeForce RTX 3080, 8236, 1816, 10240, 95, 98
2026/08/05 08:45:01.999, 0, NVIDIA GeForce RTX 3080, 8236, 1816, 10240, 95, 98
2026/08/05 08:45:02.107, 0, NVIDIA GeForce RTX 3080, 8236, 1816, 10240, 95, 98
2026/08/05 08:45:02.216, 0, NVIDIA GeForce RTX 3080, 8236, 1816, 10240, 95, 98
2026/08/05 08:45:02.325, 0, NVIDIA GeForce RTX 3080, 8236, 1816, 10240, 95, 98
2026/08/05 08:45:02.433, 0, NVIDIA GeForce RTX 3080, 8236, 1816, 10240, 95, 98
2026/08/05 08:45:02.541, 0, NVIDIA GeForce RTX 3080, 8236, 1816, 10240, 95, 98
2026/08/05 08:45:02.651, 0, NVIDIA GeForce RTX 3080, 8236, 1816, 10240, 95, 98
2026/08/05 08:45:02.759, 0, NVIDIA GeForce RTX 3080, 8236, 1816, 10240, 95, 98
2026/08/05 08:45:02.868, 0, NVIDIA GeForce RTX 3080, 8236, 1816, 10240, 94, 98
2026/08/05 08:45:02.978, 0, NVIDIA GeForce RTX 3080, 8236, 1816, 10240, 94, 98
2026/08/05 08:45:03.086, 0, NVIDIA GeForce RTX 3080, 8236, 1816, 10240, 94, 98
2026/08/05 08:45:03.196, 0, NVIDIA GeForce RTX 3080, 8236, 1816, 10240, 94, 98
2026/08/05 08:45:03.305, 0, NVIDIA GeForce RTX 3080, 8236, 1816, 10240, 94, 98
2026/08/05 08:45:03.414, 0, NVIDIA GeForce RTX 3080, 8236, 1816, 10240, 95, 98
2026/08/05 08:45:03.523, 0, NVIDIA GeForce RTX 3080, 8236, 1816, 10240, 95, 98
2026/08/05 08:45:03.632, 0, NVIDIA GeForce RTX 3080, 8236, 1816, 10240, 95, 98
2026/08/05 08:45:03.740, 0, NVIDIA GeForce RTX 3080, 8236, 1816, 10240, 95, 98
2026/08/05 08:45:03.850, 0, NVIDIA GeForce RTX 3080, 8236, 1816, 10240, 95, 98
2026/08/05 08:45:03.958, 0, NVIDIA GeForce RTX 3080, 8236, 1816, 10240, 95, 98
2026/08/05 08:45:04.067, 0, NVIDIA GeForce RTX 3080, 8236, 1816, 10240, 95, 98
2026/08/05 08:45:04.176, 0, NVIDIA GeForce RTX 3080, 8236, 1816, 10240, 95, 98
2026/08/05 08:45:04.285, 0, NVIDIA GeForce RTX 3080, 8236, 1816, 10240, 95, 98
2026/08/05 08:45:04.394, 0, NVIDIA GeForce RTX 3080, 8236, 1816, 10240, 95, 98
2026/08/05 08:45:04.506, 0, NVIDIA GeForce RTX 3080, 8236, 1816, 10240, 95, 98
2026/08/05 08:45:04.615, 0, NVIDIA GeForce RTX 3080, 8236, 1816, 10240, 95, 98
2026/08/05 08:45:04.723, 0, NVIDIA GeForce RTX 3080, 8236, 1816, 10240, 95, 98
2026/08/05 08:45:04.833, 0, NVIDIA GeForce RTX 3080, 8236, 1816, 10240, 95, 98
2026/08/05 08:45:04.942, 0, NVIDIA GeForce RTX 3080, 8236, 1816, 10240, 95, 98
2026/08/05 08:45:05.051, 0, NVIDIA GeForce RTX 3080, 8236, 1816, 10240, 95, 98
2026/08/05 08:45:05.160, 0, NVIDIA GeForce RTX 3080, 8236, 1816, 10240, 95, 98
2026/08/05 08:45:05.268, 0, NVIDIA GeForce RTX 3080, 8236, 1816, 10240, 95, 98
2026/08/05 08:45:05.378, 0, NVIDIA GeForce RTX 3080, 8236, 1816, 10240, 95, 98
2026/08/05 08:45:05.486, 0, NVIDIA GeForce RTX 3080, 8236, 1816, 10240, 95, 98
2026/08/05 08:45:05.596, 0, NVIDIA GeForce RTX 3080, 8236, 1816, 10240, 95, 98
2026/08/05 08:45:05.706, 0, NVIDIA GeForce RTX 3080, 8236, 1816, 10240, 95, 98
2026/08/05 08:45:05.814, 0, NVIDIA GeForce RTX 3080, 8236, 1816, 10240, 95, 98
2026/08/05 08:45:05.924, 0, NVIDIA GeForce RTX 3080, 8236, 1816, 10240, 95, 98
2026/08/05 08:45:06.033, 0, NVIDIA GeForce RTX 3080, 8236, 1816, 10240, 95, 98
2026/08/05 08:45:06.142, 0, NVIDIA GeForce RTX 3080, 8236, 1816, 10240, 95, 98
2026/08/05 08:45:06.252, 0, NVIDIA GeForce RTX 3080, 8236, 1816, 10240, 95, 98
2026/08/05 08:45:06.360, 0, NVIDIA GeForce RTX 3080, 8236, 1816, 10240, 95, 98
2026/08/05 08:45:06.469, 0, NVIDIA GeForce RTX 3080, 8236, 1816, 10240, 95, 98
2026/08/05 08:45:06.578, 0, NVIDIA GeForce RTX 3080, 8236, 1816, 10240, 95, 98
2026/08/05 08:45:06.686, 0, NVIDIA GeForce RTX 3080, 8236, 1816, 10240, 95, 98
2026/08/05 08:45:06.795, 0, NVIDIA GeForce RTX 3080, 8236, 1816, 10240, 95, 98
2026/08/05 08:45:06.905, 0, NVIDIA GeForce RTX 3080, 8236, 1816, 10240, 95, 98
2026/08/05 08:45:07.014, 0, NVIDIA GeForce RTX 3080, 8236, 1816, 10240, 95, 98
2026/08/05 08:45:07.123, 0, NVIDIA GeForce RTX 3080, 8236, 1816, 10240, 95, 98
2026/08/05 08:45:07.233, 0, NVIDIA GeForce RTX 3080, 8236, 1816, 10240, 95, 98
2026/08/05 08:45:07.342, 0, NVIDIA GeForce RTX 3080, 8236, 1816, 10240, 95, 98
2026/08/05 08:45:07.451, 0, NVIDIA GeForce RTX 3080, 8236, 1816, 10240, 95, 98
2026/08/05 08:45:07.560, 0, NVIDIA GeForce RTX 3080, 8236, 1816, 10240, 95, 98
2026/08/05 08:45:07.670, 0, NVIDIA GeForce RTX 3080, 8236, 1816, 10240, 95, 98
2026/08/05 08:45:07.779, 0, NVIDIA GeForce RTX 3080, 8236, 1816, 10240, 95, 98
2026/08/05 08:45:07.888, 0, NVIDIA GeForce RTX 3080, 8236, 1816, 10240, 95, 98
2026/08/05 08:45:07.997, 0, NVIDIA GeForce RTX 3080, 8236, 1816, 10240, 95, 98
2026/08/05 08:45:08.107, 0, NVIDIA GeForce RTX 3080, 8236, 1816, 10240, 95, 98
2026/08/05 08:45:08.215, 0, NVIDIA GeForce RTX 3080, 8236, 1816, 10240, 95, 98
2026/08/05 08:45:08.325, 0, NVIDIA GeForce RTX 3080, 8236, 1816, 10240, 95, 98
2026/08/05 08:45:08.431, 0, NVIDIA GeForce RTX 3080, 8236, 1816, 10240, 95, 98
2026/08/05 08:45:08.541, 0, NVIDIA GeForce RTX 3080, 8236, 1816, 10240, 95, 98
2026/08/05 08:45:08.651, 0, NVIDIA GeForce RTX 3080, 8236, 1816, 10240, 95, 98
2026/08/05 08:45:08.759, 0, NVIDIA GeForce RTX 3080, 8236, 1816, 10240, 95, 98
2026/08/05 08:45:08.868, 0, NVIDIA GeForce RTX 3080, 8236, 1816, 10240, 94, 97
2026/08/05 08:45:08.977, 0, NVIDIA GeForce RTX 3080, 8236, 1816, 10240, 94, 97
2026/08/05 08:45:09.086, 0, NVIDIA GeForce RTX 3080, 8236, 1816, 10240, 94, 97
2026/08/05 08:45:09.195, 0, NVIDIA GeForce RTX 3080, 8236, 1816, 10240, 94, 97
2026/08/05 08:45:09.305, 0, NVIDIA GeForce RTX 3080, 8236, 1816, 10240, 94, 97
2026/08/05 08:45:09.414, 0, NVIDIA GeForce RTX 3080, 8236, 1816, 10240, 96, 98
2026/08/05 08:45:09.523, 0, NVIDIA GeForce RTX 3080, 8236, 1816, 10240, 96, 98
2026/08/05 08:45:09.631, 0, NVIDIA GeForce RTX 3080, 8236, 1816, 10240, 96, 98
2026/08/05 08:45:09.740, 0, NVIDIA GeForce RTX 3080, 8236, 1816, 10240, 96, 98
2026/08/05 08:45:09.850, 0, NVIDIA GeForce RTX 3080, 8236, 1816, 10240, 96, 98
2026/08/05 08:45:09.958, 0, NVIDIA GeForce RTX 3080, 8236, 1816, 10240, 95, 98
2026/08/05 08:45:10.067, 0, NVIDIA GeForce RTX 3080, 8236, 1816, 10240, 95, 98
2026/08/05 08:45:10.176, 0, NVIDIA GeForce RTX 3080, 8236, 1816, 10240, 95, 98
2026/08/05 08:45:10.285, 0, NVIDIA GeForce RTX 3080, 8236, 1816, 10240, 95, 98
2026/08/05 08:45:10.394, 0, NVIDIA GeForce RTX 3080, 8236, 1816, 10240, 96, 98
2026/08/05 08:45:10.505, 0, NVIDIA GeForce RTX 3080, 8236, 1816, 10240, 96, 98
2026/08/05 08:45:10.613, 0, NVIDIA GeForce RTX 3080, 8236, 1816, 10240, 96, 98
2026/08/05 08:45:10.723, 0, NVIDIA GeForce RTX 3080, 8236, 1816, 10240, 96, 98
2026/08/05 08:45:10.831, 0, NVIDIA GeForce RTX 3080, 8236, 1816, 10240, 96, 98
2026/08/05 08:45:10.940, 0, NVIDIA GeForce RTX 3080, 8236, 1816, 10240, 95, 98
2026/08/05 08:45:11.050, 0, NVIDIA GeForce RTX 3080, 8236, 1816, 10240, 95, 98
2026/08/05 08:45:11.158, 0, NVIDIA GeForce RTX 3080, 8236, 1816, 10240, 95, 98
2026/08/05 08:45:11.268, 0, NVIDIA GeForce RTX 3080, 8236, 1816, 10240, 95, 98
2026/08/05 08:45:11.377, 0, NVIDIA GeForce RTX 3080, 8236, 1816, 10240, 95, 98
2026/08/05 08:45:11.485, 0, NVIDIA GeForce RTX 3080, 8236, 1816, 10240, 95, 98
2026/08/05 08:45:11.595, 0, NVIDIA GeForce RTX 3080, 8236, 1816, 10240, 95, 98
2026/08/05 08:45:11.704, 0, NVIDIA GeForce RTX 3080, 8236, 1816, 10240, 95, 98
2026/08/05 08:45:11.813, 0, NVIDIA GeForce RTX 3080, 8236, 1816, 10240, 95, 98
2026/08/05 08:45:11.922, 0, NVIDIA GeForce RTX 3080, 8236, 1816, 10240, 95, 98
2026/08/05 08:45:12.031, 0, NVIDIA GeForce RTX 3080, 8236, 1816, 10240, 95, 98
2026/08/05 08:45:12.141, 0, NVIDIA GeForce RTX 3080, 8236, 1816, 10240, 95, 98
2026/08/05 08:45:12.250, 0, NVIDIA GeForce RTX 3080, 8236, 1816, 10240, 95, 98
2026/08/05 08:45:12.359, 0, NVIDIA GeForce RTX 3080, 8236, 1816, 10240, 95, 98
2026/08/05 08:45:12.467, 0, NVIDIA GeForce RTX 3080, 8236, 1816, 10240, 95, 98
2026/08/05 08:45:12.577, 0, NVIDIA GeForce RTX 3080, 8236, 1816, 10240, 95, 98
2026/08/05 08:45:12.686, 0, NVIDIA GeForce RTX 3080, 8236, 1816, 10240, 95, 98
2026/08/05 08:45:12.795, 0, NVIDIA GeForce RTX 3080, 8236, 1816, 10240, 95, 98
2026/08/05 08:45:12.904, 0, NVIDIA GeForce RTX 3080, 8236, 1816, 10240, 95, 98
2026/08/05 08:45:13.012, 0, NVIDIA GeForce RTX 3080, 8236, 1816, 10240, 95, 98
2026/08/05 08:45:13.122, 0, NVIDIA GeForce RTX 3080, 8236, 1816, 10240, 95, 98
2026/08/05 08:45:13.231, 0, NVIDIA GeForce RTX 3080, 8236, 1816, 10240, 95, 98
2026/08/05 08:45:13.340, 0, NVIDIA GeForce RTX 3080, 8236, 1816, 10240, 95, 98
2026/08/05 08:45:13.450, 0, NVIDIA GeForce RTX 3080, 8236, 1816, 10240, 96, 98
2026/08/05 08:45:13.558, 0, NVIDIA GeForce RTX 3080, 8236, 1816, 10240, 96, 98
2026/08/05 08:45:13.668, 0, NVIDIA GeForce RTX 3080, 8236, 1816, 10240, 96, 98
2026/08/05 08:45:13.776, 0, NVIDIA GeForce RTX 3080, 8236, 1816, 10240, 96, 98
2026/08/05 08:45:13.885, 0, NVIDIA GeForce RTX 3080, 8236, 1816, 10240, 96, 98
2026/08/05 08:45:13.995, 0, NVIDIA GeForce RTX 3080, 8236, 1816, 10240, 96, 98
2026/08/05 08:45:14.104, 0, NVIDIA GeForce RTX 3080, 8236, 1816, 10240, 96, 98
2026/08/05 08:45:14.213, 0, NVIDIA GeForce RTX 3080, 8236, 1816, 10240, 96, 98
2026/08/05 08:45:14.322, 0, NVIDIA GeForce RTX 3080, 8236, 1816, 10240, 96, 98
2026/08/05 08:45:14.431, 0, NVIDIA GeForce RTX 3080, 8236, 1816, 10240, 96, 98
2026/08/05 08:45:14.539, 0, NVIDIA GeForce RTX 3080, 8236, 1816, 10240, 96, 98
2026/08/05 08:45:14.648, 0, NVIDIA GeForce RTX 3080, 8236, 1816, 10240, 96, 98
2026/08/05 08:45:14.757, 0, NVIDIA GeForce RTX 3080, 8236, 1816, 10240, 96, 98
2026/08/05 08:45:14.867, 0, NVIDIA GeForce RTX 3080, 8236, 1816, 10240, 96, 98
2026/08/05 08:45:14.976, 0, NVIDIA GeForce RTX 3080, 8236, 1816, 10240, 96, 98
2026/08/05 08:45:15.085, 0, NVIDIA GeForce RTX 3080, 8236, 1816, 10240, 96, 98
2026/08/05 08:45:15.194, 0, NVIDIA GeForce RTX 3080, 8236, 1816, 10240, 96, 98
2026/08/05 08:45:15.304, 0, NVIDIA GeForce RTX 3080, 8236, 1816, 10240, 96, 98
2026/08/05 08:45:15.412, 0, NVIDIA GeForce RTX 3080, 8236, 1816, 10240, 96, 98
2026/08/05 08:45:15.522, 0, NVIDIA GeForce RTX 3080, 8236, 1816, 10240, 96, 98
2026/08/05 08:45:15.631, 0, NVIDIA GeForce RTX 3080, 8236, 1816, 10240, 96, 98
2026/08/05 08:45:15.741, 0, NVIDIA GeForce RTX 3080, 8236, 1816, 10240, 96, 98
2026/08/05 08:45:15.850, 0, NVIDIA GeForce RTX 3080, 8236, 1816, 10240, 96, 98
2026/08/05 08:45:15.959, 0, NVIDIA GeForce RTX 3080, 8236, 1816, 10240, 94, 98
2026/08/05 08:45:16.068, 0, NVIDIA GeForce RTX 3080, 8236, 1816, 10240, 94, 98
2026/08/05 08:45:16.178, 0, NVIDIA GeForce RTX 3080, 8236, 1816, 10240, 94, 98
2026/08/05 08:45:16.286, 0, NVIDIA GeForce RTX 3080, 8236, 1816, 10240, 94, 98
2026/08/05 08:45:16.396, 0, NVIDIA GeForce RTX 3080, 8236, 1816, 10240, 94, 98
2026/08/05 08:45:16.503, 0, NVIDIA GeForce RTX 3080, 8236, 1816, 10240, 94, 98
2026/08/05 08:45:16.612, 0, NVIDIA GeForce RTX 3080, 8236, 1816, 10240, 94, 98
2026/08/05 08:45:16.722, 0, NVIDIA GeForce RTX 3080, 8236, 1816, 10240, 94, 98
2026/08/05 08:45:16.830, 0, NVIDIA GeForce RTX 3080, 8236, 1816, 10240, 94, 98
2026/08/05 08:45:16.939, 0, NVIDIA GeForce RTX 3080, 8236, 1816, 10240, 94, 98
2026/08/05 08:45:17.048, 0, NVIDIA GeForce RTX 3080, 8236, 1816, 10240, 94, 98
2026/08/05 08:45:17.157, 0, NVIDIA GeForce RTX 3080, 8236, 1816, 10240, 94, 98
2026/08/05 08:45:17.267, 0, NVIDIA GeForce RTX 3080, 8236, 1816, 10240, 94, 98
2026/08/05 08:45:17.376, 0, NVIDIA GeForce RTX 3080, 8236, 1816, 10240, 94, 98
2026/08/05 08:45:17.485, 0, NVIDIA GeForce RTX 3080, 8236, 1816, 10240, 94, 98
2026/08/05 08:45:17.594, 0, NVIDIA GeForce RTX 3080, 8236, 1816, 10240, 94, 98
2026/08/05 08:45:17.704, 0, NVIDIA GeForce RTX 3080, 8236, 1816, 10240, 94, 98
2026/08/05 08:45:17.813, 0, NVIDIA GeForce RTX 3080, 8236, 1816, 10240, 94, 98
2026/08/05 08:45:17.922, 0, NVIDIA GeForce RTX 3080, 8236, 1816, 10240, 94, 98
2026/08/05 08:45:18.031, 0, NVIDIA GeForce RTX 3080, 8236, 1816, 10240, 94, 98
2026/08/05 08:45:18.141, 0, NVIDIA GeForce RTX 3080, 8236, 1816, 10240, 94, 98
2026/08/05 08:45:18.250, 0, NVIDIA GeForce RTX 3080, 8236, 1816, 10240, 94, 98
2026/08/05 08:45:18.359, 0, NVIDIA GeForce RTX 3080, 8236, 1816, 10240, 94, 98
2026/08/05 08:45:18.482, 0, NVIDIA GeForce RTX 3080, 8236, 1816, 10240, 94, 98
2026/08/05 08:45:18.591, 0, NVIDIA GeForce RTX 3080, 8236, 1816, 10240, 94, 98
2026/08/05 08:45:18.700, 0, NVIDIA GeForce RTX 3080, 8236, 1816, 10240, 94, 98
2026/08/05 08:45:18.809, 0, NVIDIA GeForce RTX 3080, 8236, 1816, 10240, 94, 98
2026/08/05 08:45:18.918, 0, NVIDIA GeForce RTX 3080, 8236, 1816, 10240, 94, 98
2026/08/05 08:45:19.027, 0, NVIDIA GeForce RTX 3080, 8236, 1816, 10240, 94, 98
2026/08/05 08:45:19.136, 0, NVIDIA GeForce RTX 3080, 8236, 1816, 10240, 94, 98
2026/08/05 08:45:19.245, 0, NVIDIA GeForce RTX 3080, 8236, 1816, 10240, 94, 98
2026/08/05 08:45:19.355, 0, NVIDIA GeForce RTX 3080, 8236, 1816, 10240, 94, 98
2026/08/05 08:45:19.464, 0, NVIDIA GeForce RTX 3080, 8236, 1816, 10240, 94, 98
2026/08/05 08:45:19.573, 0, NVIDIA GeForce RTX 3080, 8236, 1816, 10240, 94, 98
2026/08/05 08:45:19.681, 0, NVIDIA GeForce RTX 3080, 8236, 1816, 10240, 94, 98
2026/08/05 08:45:19.791, 0, NVIDIA GeForce RTX 3080, 8236, 1816, 10240, 94, 98
2026/08/05 08:45:19.900, 0, NVIDIA GeForce RTX 3080, 8236, 1816, 10240, 94, 98
2026/08/05 08:45:20.009, 0, NVIDIA GeForce RTX 3080, 8236, 1816, 10240, 94, 98
2026/08/05 08:45:20.118, 0, NVIDIA GeForce RTX 3080, 8236, 1816, 10240, 94, 98
2026/08/05 08:45:20.227, 0, NVIDIA GeForce RTX 3080, 8236, 1816, 10240, 94, 98
2026/08/05 08:45:20.336, 0, NVIDIA GeForce RTX 3080, 8236, 1816, 10240, 94, 98
2026/08/05 08:45:20.445, 0, NVIDIA GeForce RTX 3080, 8236, 1816, 10240, 94, 98
2026/08/05 08:45:20.554, 0, NVIDIA GeForce RTX 3080, 8236, 1816, 10240, 94, 98
2026/08/05 08:45:20.662, 0, NVIDIA GeForce RTX 3080, 8236, 1816, 10240, 94, 98
2026/08/05 08:45:20.772, 0, NVIDIA GeForce RTX 3080, 8236, 1816, 10240, 94, 98
2026/08/05 08:45:20.881, 0, NVIDIA GeForce RTX 3080, 8236, 1816, 10240, 94, 98
2026/08/05 08:45:20.990, 0, NVIDIA GeForce RTX 3080, 8236, 1816, 10240, 94, 98
2026/08/05 08:45:21.100, 0, NVIDIA GeForce RTX 3080, 8236, 1816, 10240, 94, 98
2026/08/05 08:45:21.208, 0, NVIDIA GeForce RTX 3080, 8236, 1816, 10240, 94, 98
2026/08/05 08:45:21.317, 0, NVIDIA GeForce RTX 3080, 8236, 1816, 10240, 94, 98
2026/08/05 08:45:21.426, 0, NVIDIA GeForce RTX 3080, 8236, 1816, 10240, 94, 98
2026/08/05 08:45:21.535, 0, NVIDIA GeForce RTX 3080, 8236, 1816, 10240, 94, 98
2026/08/05 08:45:21.645, 0, NVIDIA GeForce RTX 3080, 8236, 1816, 10240, 94, 98
2026/08/05 08:45:21.754, 0, NVIDIA GeForce RTX 3080, 8236, 1816, 10240, 94, 98
2026/08/05 08:45:21.863, 0, NVIDIA GeForce RTX 3080, 8236, 1816, 10240, 94, 98
2026/08/05 08:45:21.972, 0, NVIDIA GeForce RTX 3080, 8236, 1816, 10240, 94, 98
2026/08/05 08:45:22.081, 0, NVIDIA GeForce RTX 3080, 8236, 1816, 10240, 94, 98
2026/08/05 08:45:22.191, 0, NVIDIA GeForce RTX 3080, 8236, 1816, 10240, 94, 98
2026/08/05 08:45:22.300, 0, NVIDIA GeForce RTX 3080, 8236, 1816, 10240, 94, 98
2026/08/05 08:45:22.409, 0, NVIDIA GeForce RTX 3080, 8236, 1816, 10240, 94, 98
2026/08/05 08:45:22.517, 0, NVIDIA GeForce RTX 3080, 8236, 1816, 10240, 94, 98
2026/08/05 08:45:22.627, 0, NVIDIA GeForce RTX 3080, 8236, 1816, 10240, 94, 98
2026/08/05 08:45:22.735, 0, NVIDIA GeForce RTX 3080, 8236, 1816, 10240, 94, 98
2026/08/05 08:45:22.845, 0, NVIDIA GeForce RTX 3080, 8236, 1816, 10240, 94, 98
2026/08/05 08:45:22.954, 0, NVIDIA GeForce RTX 3080, 8236, 1816, 10240, 94, 98
2026/08/05 08:45:23.063, 0, NVIDIA GeForce RTX 3080, 8236, 1816, 10240, 94, 98
2026/08/05 08:45:23.173, 0, NVIDIA GeForce RTX 3080, 8236, 1816, 10240, 94, 98
2026/08/05 08:45:23.281, 0, NVIDIA GeForce RTX 3080, 8236, 1816, 10240, 94, 98
2026/08/05 08:45:23.391, 0, NVIDIA GeForce RTX 3080, 8236, 1816, 10240, 94, 98
2026/08/05 08:45:23.500, 0, NVIDIA GeForce RTX 3080, 8236, 1816, 10240, 94, 98
2026/08/05 08:45:23.609, 0, NVIDIA GeForce RTX 3080, 8236, 1816, 10240, 94, 98
2026/08/05 08:45:23.718, 0, NVIDIA GeForce RTX 3080, 8236, 1816, 10240, 94, 98
2026/08/05 08:45:23.827, 0, NVIDIA GeForce RTX 3080, 8236, 1816, 10240, 94, 98
2026/08/05 08:45:23.936, 0, NVIDIA GeForce RTX 3080, 8236, 1816, 10240, 94, 98
2026/08/05 08:45:24.045, 0, NVIDIA GeForce RTX 3080, 8236, 1816, 10240, 94, 98
2026/08/05 08:45:24.155, 0, NVIDIA GeForce RTX 3080, 8236, 1816, 10240, 94, 98
2026/08/05 08:45:24.264, 0, NVIDIA GeForce RTX 3080, 8236, 1816, 10240, 94, 98
2026/08/05 08:45:24.374, 0, NVIDIA GeForce RTX 3080, 8236, 1816, 10240, 94, 98
2026/08/05 08:45:24.484, 0, NVIDIA GeForce RTX 3080, 8236, 1816, 10240, 94, 98
2026/08/05 08:45:24.589, 0, NVIDIA GeForce RTX 3080, 8236, 1816, 10240, 94, 98
2026/08/05 08:45:24.699, 0, NVIDIA GeForce RTX 3080, 8236, 1816, 10240, 94, 98
2026/08/05 08:45:24.808, 0, NVIDIA GeForce RTX 3080, 8236, 1816, 10240, 94, 98
2026/08/05 08:45:24.917, 0, NVIDIA GeForce RTX 3080, 8236, 1816, 10240, 94, 98
2026/08/05 08:45:25.027, 0, NVIDIA GeForce RTX 3080, 8236, 1816, 10240, 94, 98
2026/08/05 08:45:25.135, 0, NVIDIA GeForce RTX 3080, 8236, 1816, 10240, 94, 98
2026/08/05 08:45:25.245, 0, NVIDIA GeForce RTX 3080, 8236, 1816, 10240, 94, 98
2026/08/05 08:45:25.353, 0, NVIDIA GeForce RTX 3080, 8236, 1816, 10240, 94, 98
2026/08/05 08:45:25.462, 0, NVIDIA GeForce RTX 3080, 8236, 1816, 10240, 94, 98
2026/08/05 08:45:25.572, 0, NVIDIA GeForce RTX 3080, 8236, 1816, 10240, 94, 98
2026/08/05 08:45:25.680, 0, NVIDIA GeForce RTX 3080, 8236, 1816, 10240, 94, 98
2026/08/05 08:45:25.789, 0, NVIDIA GeForce RTX 3080, 8236, 1816, 10240, 94, 98
2026/08/05 08:45:25.898, 0, NVIDIA GeForce RTX 3080, 8236, 1816, 10240, 95, 98
2026/08/05 08:45:26.007, 0, NVIDIA GeForce RTX 3080, 8236, 1816, 10240, 95, 98
2026/08/05 08:45:26.117, 0, NVIDIA GeForce RTX 3080, 8236, 1816, 10240, 95, 98
2026/08/05 08:45:26.226, 0, NVIDIA GeForce RTX 3080, 8236, 1816, 10240, 95, 98
2026/08/05 08:45:26.335, 0, NVIDIA GeForce RTX 3080, 8236, 1816, 10240, 95, 98
2026/08/05 08:45:26.444, 0, NVIDIA GeForce RTX 3080, 8236, 1816, 10240, 94, 98
2026/08/05 08:45:26.553, 0, NVIDIA GeForce RTX 3080, 8236, 1816, 10240, 94, 98
2026/08/05 08:45:26.662, 0, NVIDIA GeForce RTX 3080, 8236, 1816, 10240, 94, 98
2026/08/05 08:45:26.771, 0, NVIDIA GeForce RTX 3080, 8236, 1816, 10240, 94, 98
2026/08/05 08:45:26.879, 0, NVIDIA GeForce RTX 3080, 8236, 1816, 10240, 95, 98
2026/08/05 08:45:26.988, 0, NVIDIA GeForce RTX 3080, 8236, 1816, 10240, 95, 98
2026/08/05 08:45:27.098, 0, NVIDIA GeForce RTX 3080, 8236, 1816, 10240, 95, 98
2026/08/05 08:45:27.207, 0, NVIDIA GeForce RTX 3080, 8236, 1816, 10240, 95, 98
2026/08/05 08:45:27.316, 0, NVIDIA GeForce RTX 3080, 8236, 1816, 10240, 95, 98
2026/08/05 08:45:27.426, 0, NVIDIA GeForce RTX 3080, 8236, 1816, 10240, 94, 98
2026/08/05 08:45:27.534, 0, NVIDIA GeForce RTX 3080, 8236, 1816, 10240, 94, 98
2026/08/05 08:45:27.644, 0, NVIDIA GeForce RTX 3080, 8236, 1816, 10240, 94, 98
2026/08/05 08:45:27.754, 0, NVIDIA GeForce RTX 3080, 8236, 1816, 10240, 94, 98
2026/08/05 08:45:27.862, 0, NVIDIA GeForce RTX 3080, 8236, 1816, 10240, 94, 98
2026/08/05 08:45:27.972, 0, NVIDIA GeForce RTX 3080, 8236, 1816, 10240, 95, 98
2026/08/05 08:45:28.081, 0, NVIDIA GeForce RTX 3080, 8236, 1816, 10240, 95, 98
2026/08/05 08:45:28.189, 0, NVIDIA GeForce RTX 3080, 8236, 1816, 10240, 95, 98
2026/08/05 08:45:28.299, 0, NVIDIA GeForce RTX 3080, 8236, 1816, 10240, 95, 98
2026/08/05 08:45:28.407, 0, NVIDIA GeForce RTX 3080, 8236, 1816, 10240, 95, 98
2026/08/05 08:45:28.532, 0, NVIDIA GeForce RTX 3080, 8236, 1816, 10240, 95, 98
2026/08/05 08:45:28.640, 0, NVIDIA GeForce RTX 3080, 8236, 1816, 10240, 95, 98
2026/08/05 08:45:28.750, 0, NVIDIA GeForce RTX 3080, 8236, 1816, 10240, 95, 98
2026/08/05 08:45:28.864, 0, NVIDIA GeForce RTX 3080, 8236, 1816, 10240, 95, 98
2026/08/05 08:45:28.973, 0, NVIDIA GeForce RTX 3080, 8236, 1816, 10240, 94, 98
2026/08/05 08:45:29.082, 0, NVIDIA GeForce RTX 3080, 8236, 1816, 10240, 94, 98
2026/08/05 08:45:29.191, 0, NVIDIA GeForce RTX 3080, 8236, 1816, 10240, 94, 98
2026/08/05 08:45:29.301, 0, NVIDIA GeForce RTX 3080, 8236, 1816, 10240, 94, 98
2026/08/05 08:45:29.409, 0, NVIDIA GeForce RTX 3080, 8236, 1816, 10240, 94, 98
2026/08/05 08:45:29.518, 0, NVIDIA GeForce RTX 3080, 8236, 1816, 10240, 94, 98
2026/08/05 08:45:29.627, 0, NVIDIA GeForce RTX 3080, 8236, 1816, 10240, 94, 98
2026/08/05 08:45:29.737, 0, NVIDIA GeForce RTX 3080, 8236, 1816, 10240, 94, 98
2026/08/05 08:45:29.845, 0, NVIDIA GeForce RTX 3080, 8236, 1816, 10240, 94, 98
2026/08/05 08:45:29.955, 0, NVIDIA GeForce RTX 3080, 8236, 1816, 10240, 92, 97
2026/08/05 08:45:30.064, 0, NVIDIA GeForce RTX 3080, 8236, 1816, 10240, 92, 97
2026/08/05 08:45:30.173, 0, NVIDIA GeForce RTX 3080, 8236, 1816, 10240, 92, 97
2026/08/05 08:45:30.282, 0, NVIDIA GeForce RTX 3080, 8236, 1816, 10240, 92, 97
2026/08/05 08:45:30.391, 0, NVIDIA GeForce RTX 3080, 8236, 1816, 10240, 95, 98
2026/08/05 08:45:30.501, 0, NVIDIA GeForce RTX 3080, 8236, 1816, 10240, 95, 98
2026/08/05 08:45:30.604, 0, NVIDIA GeForce RTX 3080, 8236, 1816, 10240, 95, 98
2026/08/05 08:45:30.713, 0, NVIDIA GeForce RTX 3080, 8236, 1816, 10240, 95, 98
2026/08/05 08:45:30.822, 0, NVIDIA GeForce RTX 3080, 8236, 1816, 10240, 95, 98
2026/08/05 08:45:30.931, 0, NVIDIA GeForce RTX 3080, 8236, 1816, 10240, 95, 98
2026/08/05 08:45:31.041, 0, NVIDIA GeForce RTX 3080, 8236, 1816, 10240, 95, 98
2026/08/05 08:45:31.149, 0, NVIDIA GeForce RTX 3080, 8236, 1816, 10240, 95, 98
2026/08/05 08:45:31.258, 0, NVIDIA GeForce RTX 3080, 8236, 1816, 10240, 95, 98
2026/08/05 08:45:31.367, 0, NVIDIA GeForce RTX 3080, 8236, 1816, 10240, 95, 98
2026/08/05 08:45:31.476, 0, NVIDIA GeForce RTX 3080, 8236, 1816, 10240, 95, 98
2026/08/05 08:45:31.585, 0, NVIDIA GeForce RTX 3080, 8236, 1816, 10240, 95, 98
2026/08/05 08:45:31.694, 0, NVIDIA GeForce RTX 3080, 8236, 1816, 10240, 95, 98
2026/08/05 08:45:31.804, 0, NVIDIA GeForce RTX 3080, 8236, 1816, 10240, 95, 98
2026/08/05 08:45:31.912, 0, NVIDIA GeForce RTX 3080, 8236, 1816, 10240, 95, 98
2026/08/05 08:45:32.022, 0, NVIDIA GeForce RTX 3080, 8236, 1816, 10240, 95, 98
2026/08/05 08:45:32.131, 0, NVIDIA GeForce RTX 3080, 8236, 1816, 10240, 95, 98
2026/08/05 08:45:32.240, 0, NVIDIA GeForce RTX 3080, 8236, 1816, 10240, 95, 98
2026/08/05 08:45:32.350, 0, NVIDIA GeForce RTX 3080, 8236, 1816, 10240, 95, 98
2026/08/05 08:45:32.458, 0, NVIDIA GeForce RTX 3080, 8236, 1816, 10240, 95, 98
2026/08/05 08:45:32.567, 0, NVIDIA GeForce RTX 3080, 8236, 1816, 10240, 95, 98
2026/08/05 08:45:32.676, 0, NVIDIA GeForce RTX 3080, 8236, 1816, 10240, 95, 98
2026/08/05 08:45:32.785, 0, NVIDIA GeForce RTX 3080, 8236, 1816, 10240, 95, 98
2026/08/05 08:45:32.894, 0, NVIDIA GeForce RTX 3080, 8236, 1816, 10240, 95, 98
2026/08/05 08:45:33.004, 0, NVIDIA GeForce RTX 3080, 8236, 1816, 10240, 95, 98
2026/08/05 08:45:33.113, 0, NVIDIA GeForce RTX 3080, 8236, 1816, 10240, 95, 98
2026/08/05 08:45:33.222, 0, NVIDIA GeForce RTX 3080, 8236, 1816, 10240, 95, 98
2026/08/05 08:45:33.331, 0, NVIDIA GeForce RTX 3080, 8236, 1816, 10240, 95, 98
2026/08/05 08:45:33.441, 0, NVIDIA GeForce RTX 3080, 8236, 1816, 10240, 95, 98
2026/08/05 08:45:33.550, 0, NVIDIA GeForce RTX 3080, 8236, 1816, 10240, 95, 98
2026/08/05 08:45:33.658, 0, NVIDIA GeForce RTX 3080, 8236, 1816, 10240, 95, 98
2026/08/05 08:45:33.767, 0, NVIDIA GeForce RTX 3080, 8236, 1816, 10240, 95, 98
2026/08/05 08:45:33.877, 0, NVIDIA GeForce RTX 3080, 8236, 1816, 10240, 95, 98
2026/08/05 08:45:33.985, 0, NVIDIA GeForce RTX 3080, 8236, 1816, 10240, 95, 98
2026/08/05 08:45:34.095, 0, NVIDIA GeForce RTX 3080, 8236, 1816, 10240, 95, 98
2026/08/05 08:45:34.204, 0, NVIDIA GeForce RTX 3080, 8236, 1816, 10240, 95, 98
2026/08/05 08:45:34.312, 0, NVIDIA GeForce RTX 3080, 8236, 1816, 10240, 95, 98
2026/08/05 08:45:34.422, 0, NVIDIA GeForce RTX 3080, 8236, 1816, 10240, 95, 98
2026/08/05 08:45:34.530, 0, NVIDIA GeForce RTX 3080, 8236, 1816, 10240, 95, 98
2026/08/05 08:45:34.639, 0, NVIDIA GeForce RTX 3080, 8236, 1816, 10240, 95, 98
2026/08/05 08:45:34.748, 0, NVIDIA GeForce RTX 3080, 8236, 1816, 10240, 95, 98
2026/08/05 08:45:34.857, 0, NVIDIA GeForce RTX 3080, 8236, 1816, 10240, 95, 98
2026/08/05 08:45:34.966, 0, NVIDIA GeForce RTX 3080, 8236, 1816, 10240, 95, 98
2026/08/05 08:45:35.076, 0, NVIDIA GeForce RTX 3080, 8236, 1816, 10240, 95, 98
2026/08/05 08:45:35.184, 0, NVIDIA GeForce RTX 3080, 8236, 1816, 10240, 95, 98
2026/08/05 08:45:35.293, 0, NVIDIA GeForce RTX 3080, 8236, 1816, 10240, 95, 98
2026/08/05 08:45:35.403, 0, NVIDIA GeForce RTX 3080, 8236, 1816, 10240, 95, 98
2026/08/05 08:45:35.511, 0, NVIDIA GeForce RTX 3080, 8236, 1816, 10240, 95, 98
2026/08/05 08:45:35.621, 0, NVIDIA GeForce RTX 3080, 8236, 1816, 10240, 95, 98
2026/08/05 08:45:35.729, 0, NVIDIA GeForce RTX 3080, 8236, 1816, 10240, 95, 98
2026/08/05 08:45:35.839, 0, NVIDIA GeForce RTX 3080, 8236, 1816, 10240, 95, 98
2026/08/05 08:45:35.949, 0, NVIDIA GeForce RTX 3080, 8236, 1816, 10240, 95, 98
2026/08/05 08:45:36.057, 0, NVIDIA GeForce RTX 3080, 8236, 1816, 10240, 95, 98
2026/08/05 08:45:36.167, 0, NVIDIA GeForce RTX 3080, 8236, 1816, 10240, 95, 98
2026/08/05 08:45:36.276, 0, NVIDIA GeForce RTX 3080, 8236, 1816, 10240, 95, 98
2026/08/05 08:45:36.385, 0, NVIDIA GeForce RTX 3080, 8236, 1816, 10240, 92, 96
2026/08/05 08:45:36.495, 0, NVIDIA GeForce RTX 3080, 8236, 1816, 10240, 92, 96
2026/08/05 08:45:36.603, 0, NVIDIA GeForce RTX 3080, 8236, 1816, 10240, 92, 96
2026/08/05 08:45:36.712, 0, NVIDIA GeForce RTX 3080, 8236, 1816, 10240, 92, 96
2026/08/05 08:45:36.821, 0, NVIDIA GeForce RTX 3080, 8236, 1816, 10240, 92, 96
2026/08/05 08:45:36.930, 0, NVIDIA GeForce RTX 3080, 8236, 1816, 10240, 95, 98
2026/08/05 08:45:37.039, 0, NVIDIA GeForce RTX 3080, 8236, 1816, 10240, 95, 98
2026/08/05 08:45:37.148, 0, NVIDIA GeForce RTX 3080, 8236, 1816, 10240, 95, 98
2026/08/05 08:45:37.257, 0, NVIDIA GeForce RTX 3080, 8236, 1816, 10240, 95, 98
2026/08/05 08:45:37.366, 0, NVIDIA GeForce RTX 3080, 8236, 1816, 10240, 95, 98
2026/08/05 08:45:37.476, 0, NVIDIA GeForce RTX 3080, 8236, 1816, 10240, 95, 98
2026/08/05 08:45:37.585, 0, NVIDIA GeForce RTX 3080, 8236, 1816, 10240, 95, 98
2026/08/05 08:45:37.694, 0, NVIDIA GeForce RTX 3080, 8236, 1816, 10240, 95, 98
2026/08/05 08:45:37.804, 0, NVIDIA GeForce RTX 3080, 8236, 1816, 10240, 95, 98
2026/08/05 08:45:37.912, 0, NVIDIA GeForce RTX 3080, 8236, 1816, 10240, 95, 98
2026/08/05 08:45:38.022, 0, NVIDIA GeForce RTX 3080, 8236, 1816, 10240, 95, 98
2026/08/05 08:45:38.130, 0, NVIDIA GeForce RTX 3080, 8236, 1816, 10240, 95, 98
2026/08/05 08:45:38.240, 0, NVIDIA GeForce RTX 3080, 8236, 1816, 10240, 95, 98
2026/08/05 08:45:38.350, 0, NVIDIA GeForce RTX 3080, 8236, 1816, 10240, 95, 98
2026/08/05 08:45:38.458, 0, NVIDIA GeForce RTX 3080, 8236, 1816, 10240, 95, 98
2026/08/05 08:45:38.582, 0, NVIDIA GeForce RTX 3080, 8236, 1816, 10240, 95, 98
2026/08/05 08:45:38.690, 0, NVIDIA GeForce RTX 3080, 8236, 1816, 10240, 95, 98
2026/08/05 08:45:38.800, 0, NVIDIA GeForce RTX 3080, 8236, 1816, 10240, 95, 98
2026/08/05 08:45:38.909, 0, NVIDIA GeForce RTX 3080, 8236, 1816, 10240, 96, 98
2026/08/05 08:45:39.018, 0, NVIDIA GeForce RTX 3080, 8236, 1816, 10240, 96, 98
2026/08/05 08:45:39.128, 0, NVIDIA GeForce RTX 3080, 8236, 1816, 10240, 96, 98
2026/08/05 08:45:39.236, 0, NVIDIA GeForce RTX 3080, 8236, 1816, 10240, 96, 98
2026/08/05 08:45:39.346, 0, NVIDIA GeForce RTX 3080, 8236, 1816, 10240, 96, 98
2026/08/05 08:45:39.455, 0, NVIDIA GeForce RTX 3080, 8236, 1816, 10240, 95, 98
2026/08/05 08:45:39.564, 0, NVIDIA GeForce RTX 3080, 8236, 1816, 10240, 95, 98
2026/08/05 08:45:39.673, 0, NVIDIA GeForce RTX 3080, 8236, 1816, 10240, 95, 98
2026/08/05 08:45:39.783, 0, NVIDIA GeForce RTX 3080, 8236, 1816, 10240, 95, 98
2026/08/05 08:45:39.891, 0, NVIDIA GeForce RTX 3080, 8236, 1816, 10240, 95, 98
2026/08/05 08:45:40.001, 0, NVIDIA GeForce RTX 3080, 8236, 1816, 10240, 95, 98
2026/08/05 08:45:40.108, 0, NVIDIA GeForce RTX 3080, 8236, 1816, 10240, 95, 98
2026/08/05 08:45:40.218, 0, NVIDIA GeForce RTX 3080, 8236, 1816, 10240, 95, 98
2026/08/05 08:45:40.328, 0, NVIDIA GeForce RTX 3080, 8236, 1816, 10240, 95, 98
2026/08/05 08:45:40.436, 0, NVIDIA GeForce RTX 3080, 8236, 1816, 10240, 95, 98
2026/08/05 08:45:40.546, 0, NVIDIA GeForce RTX 3080, 8236, 1816, 10240, 95, 98
2026/08/05 08:45:40.652, 0, NVIDIA GeForce RTX 3080, 8236, 1816, 10240, 95, 98
2026/08/05 08:45:40.761, 0, NVIDIA GeForce RTX 3080, 8236, 1816, 10240, 95, 98
2026/08/05 08:45:40.871, 0, NVIDIA GeForce RTX 3080, 8236, 1816, 10240, 95, 98
2026/08/05 08:45:40.979, 0, NVIDIA GeForce RTX 3080, 8236, 1816, 10240, 95, 98
2026/08/05 08:45:41.089, 0, NVIDIA GeForce RTX 3080, 8236, 1816, 10240, 95, 98
2026/08/05 08:45:41.198, 0, NVIDIA GeForce RTX 3080, 8236, 1816, 10240, 95, 98
2026/08/05 08:45:41.307, 0, NVIDIA GeForce RTX 3080, 8236, 1816, 10240, 95, 98
2026/08/05 08:45:41.417, 0, NVIDIA GeForce RTX 3080, 8236, 1816, 10240, 95, 98
2026/08/05 08:45:41.525, 0, NVIDIA GeForce RTX 3080, 8236, 1816, 10240, 95, 98
2026/08/05 08:45:41.634, 0, NVIDIA GeForce RTX 3080, 8236, 1816, 10240, 95, 98
2026/08/05 08:45:41.743, 0, NVIDIA GeForce RTX 3080, 8236, 1816, 10240, 95, 98
2026/08/05 08:45:41.852, 0, NVIDIA GeForce RTX 3080, 8236, 1816, 10240, 95, 98
2026/08/05 08:45:41.961, 0, NVIDIA GeForce RTX 3080, 8236, 1816, 10240, 95, 98
2026/08/05 08:45:42.071, 0, NVIDIA GeForce RTX 3080, 8236, 1816, 10240, 95, 98
2026/08/05 08:45:42.180, 0, NVIDIA GeForce RTX 3080, 8236, 1816, 10240, 95, 98
2026/08/05 08:45:42.289, 0, NVIDIA GeForce RTX 3080, 8236, 1816, 10240, 95, 98
2026/08/05 08:45:42.399, 0, NVIDIA GeForce RTX 3080, 8236, 1816, 10240, 95, 98
2026/08/05 08:45:42.507, 0, NVIDIA GeForce RTX 3080, 8236, 1816, 10240, 95, 98
2026/08/05 08:45:42.617, 0, NVIDIA GeForce RTX 3080, 8236, 1816, 10240, 95, 98
2026/08/05 08:45:42.725, 0, NVIDIA GeForce RTX 3080, 8236, 1816, 10240, 95, 98
2026/08/05 08:45:42.834, 0, NVIDIA GeForce RTX 3080, 8236, 1816, 10240, 95, 98
2026/08/05 08:45:42.943, 0, NVIDIA GeForce RTX 3080, 8236, 1816, 10240, 92, 96
2026/08/05 08:45:43.052, 0, NVIDIA GeForce RTX 3080, 8236, 1816, 10240, 92, 96
2026/08/05 08:45:43.161, 0, NVIDIA GeForce RTX 3080, 8236, 1816, 10240, 92, 96
2026/08/05 08:45:43.270, 0, NVIDIA GeForce RTX 3080, 8236, 1816, 10240, 92, 96
2026/08/05 08:45:43.379, 0, NVIDIA GeForce RTX 3080, 8236, 1816, 10240, 96, 98
2026/08/05 08:45:43.489, 0, NVIDIA GeForce RTX 3080, 8236, 1816, 10240, 96, 98
2026/08/05 08:45:43.597, 0, NVIDIA GeForce RTX 3080, 8236, 1816, 10240, 96, 98
2026/08/05 08:45:43.706, 0, NVIDIA GeForce RTX 3080, 8236, 1816, 10240, 96, 98
2026/08/05 08:45:43.815, 0, NVIDIA GeForce RTX 3080, 8236, 1816, 10240, 96, 98
2026/08/05 08:45:43.924, 0, NVIDIA GeForce RTX 3080, 8236, 1816, 10240, 96, 98
2026/08/05 08:45:44.033, 0, NVIDIA GeForce RTX 3080, 8236, 1816, 10240, 96, 98
2026/08/05 08:45:44.142, 0, NVIDIA GeForce RTX 3080, 8236, 1816, 10240, 96, 98
2026/08/05 08:45:44.251, 0, NVIDIA GeForce RTX 3080, 8236, 1816, 10240, 96, 98
2026/08/05 08:45:44.360, 0, NVIDIA GeForce RTX 3080, 8236, 1816, 10240, 96, 98
2026/08/05 08:45:44.469, 0, NVIDIA GeForce RTX 3080, 8236, 1816, 10240, 96, 98
2026/08/05 08:45:44.578, 0, NVIDIA GeForce RTX 3080, 8236, 1816, 10240, 96, 98
2026/08/05 08:45:44.689, 0, NVIDIA GeForce RTX 3080, 8236, 1816, 10240, 96, 98
2026/08/05 08:45:44.799, 0, NVIDIA GeForce RTX 3080, 8236, 1816, 10240, 96, 98
2026/08/05 08:45:44.906, 0, NVIDIA GeForce RTX 3080, 8236, 1816, 10240, 96, 98
2026/08/05 08:45:45.016, 0, NVIDIA GeForce RTX 3080, 8236, 1816, 10240, 96, 98
2026/08/05 08:45:45.125, 0, NVIDIA GeForce RTX 3080, 8236, 1816, 10240, 96, 98
2026/08/05 08:45:45.234, 0, NVIDIA GeForce RTX 3080, 8236, 1816, 10240, 96, 98
2026/08/05 08:45:45.344, 0, NVIDIA GeForce RTX 3080, 8236, 1816, 10240, 96, 98
2026/08/05 08:45:45.453, 0, NVIDIA GeForce RTX 3080, 8236, 1816, 10240, 94, 98
2026/08/05 08:45:45.560, 0, NVIDIA GeForce RTX 3080, 8236, 1816, 10240, 94, 98
2026/08/05 08:45:45.669, 0, NVIDIA GeForce RTX 3080, 8236, 1816, 10240, 94, 98
2026/08/05 08:45:45.778, 0, NVIDIA GeForce RTX 3080, 8236, 1816, 10240, 94, 98
2026/08/05 08:45:45.888, 0, NVIDIA GeForce RTX 3080, 8236, 1816, 10240, 94, 98
2026/08/05 08:45:45.997, 0, NVIDIA GeForce RTX 3080, 8236, 1816, 10240, 94, 98
2026/08/05 08:45:46.106, 0, NVIDIA GeForce RTX 3080, 8236, 1816, 10240, 94, 98
2026/08/05 08:45:46.215, 0, NVIDIA GeForce RTX 3080, 8236, 1816, 10240, 94, 98
2026/08/05 08:45:46.324, 0, NVIDIA GeForce RTX 3080, 8236, 1816, 10240, 94, 98
2026/08/05 08:45:46.433, 0, NVIDIA GeForce RTX 3080, 8236, 1816, 10240, 94, 98
2026/08/05 08:45:46.542, 0, NVIDIA GeForce RTX 3080, 8236, 1816, 10240, 94, 98
2026/08/05 08:45:46.653, 0, NVIDIA GeForce RTX 3080, 8236, 1816, 10240, 94, 98
2026/08/05 08:45:46.760, 0, NVIDIA GeForce RTX 3080, 8236, 1816, 10240, 94, 98
2026/08/05 08:45:46.870, 0, NVIDIA GeForce RTX 3080, 8236, 1816, 10240, 94, 98
2026/08/05 08:45:46.978, 0, NVIDIA GeForce RTX 3080, 8236, 1816, 10240, 94, 98
2026/08/05 08:45:47.088, 0, NVIDIA GeForce RTX 3080, 8236, 1816, 10240, 94, 98
2026/08/05 08:45:47.197, 0, NVIDIA GeForce RTX 3080, 8236, 1816, 10240, 94, 98
2026/08/05 08:45:47.305, 0, NVIDIA GeForce RTX 3080, 8236, 1816, 10240, 94, 98
2026/08/05 08:45:47.415, 0, NVIDIA GeForce RTX 3080, 8236, 1816, 10240, 94, 98
2026/08/05 08:45:47.524, 0, NVIDIA GeForce RTX 3080, 8236, 1816, 10240, 94, 98
2026/08/05 08:45:47.632, 0, NVIDIA GeForce RTX 3080, 8236, 1816, 10240, 94, 98
2026/08/05 08:45:47.741, 0, NVIDIA GeForce RTX 3080, 8236, 1816, 10240, 94, 98
2026/08/05 08:45:47.849, 0, NVIDIA GeForce RTX 3080, 8236, 1816, 10240, 94, 98
2026/08/05 08:45:47.959, 0, NVIDIA GeForce RTX 3080, 8236, 1816, 10240, 94, 98
2026/08/05 08:45:48.068, 0, NVIDIA GeForce RTX 3080, 8236, 1816, 10240, 94, 98
2026/08/05 08:45:48.177, 0, NVIDIA GeForce RTX 3080, 8236, 1816, 10240, 94, 98
2026/08/05 08:45:48.287, 0, NVIDIA GeForce RTX 3080, 8236, 1816, 10240, 94, 98
2026/08/05 08:45:48.396, 0, NVIDIA GeForce RTX 3080, 8236, 1816, 10240, 94, 98
2026/08/05 08:45:48.505, 0, NVIDIA GeForce RTX 3080, 8236, 1816, 10240, 94, 98
2026/08/05 08:45:48.614, 0, NVIDIA GeForce RTX 3080, 8236, 1816, 10240, 94, 98
2026/08/05 08:45:48.725, 0, NVIDIA GeForce RTX 3080, 8236, 1816, 10240, 94, 98
2026/08/05 08:45:48.834, 0, NVIDIA GeForce RTX 3080, 8236, 1816, 10240, 94, 98
2026/08/05 08:45:48.943, 0, NVIDIA GeForce RTX 3080, 8236, 1816, 10240, 94, 98
2026/08/05 08:45:49.053, 0, NVIDIA GeForce RTX 3080, 8236, 1816, 10240, 94, 98
2026/08/05 08:45:49.161, 0, NVIDIA GeForce RTX 3080, 8236, 1816, 10240, 94, 98
2026/08/05 08:45:49.271, 0, NVIDIA GeForce RTX 3080, 8236, 1816, 10240, 94, 98
2026/08/05 08:45:49.380, 0, NVIDIA GeForce RTX 3080, 8236, 1816, 10240, 94, 98
2026/08/05 08:45:49.489, 0, NVIDIA GeForce RTX 3080, 8236, 1816, 10240, 94, 98
2026/08/05 08:45:49.599, 0, NVIDIA GeForce RTX 3080, 8236, 1816, 10240, 94, 98
2026/08/05 08:45:49.707, 0, NVIDIA GeForce RTX 3080, 8236, 1816, 10240, 94, 98
2026/08/05 08:45:49.816, 0, NVIDIA GeForce RTX 3080, 8236, 1816, 10240, 94, 98
2026/08/05 08:45:49.926, 0, NVIDIA GeForce RTX 3080, 8236, 1816, 10240, 94, 98
2026/08/05 08:45:50.035, 0, NVIDIA GeForce RTX 3080, 8236, 1816, 10240, 94, 98
2026/08/05 08:45:50.144, 0, NVIDIA GeForce RTX 3080, 8236, 1816, 10240, 94, 98
2026/08/05 08:45:50.253, 0, NVIDIA GeForce RTX 3080, 8236, 1816, 10240, 94, 98
2026/08/05 08:45:50.361, 0, NVIDIA GeForce RTX 3080, 8236, 1816, 10240, 94, 98
2026/08/05 08:45:50.471, 0, NVIDIA GeForce RTX 3080, 8236, 1816, 10240, 94, 98
2026/08/05 08:45:50.579, 0, NVIDIA GeForce RTX 3080, 8236, 1816, 10240, 94, 98
2026/08/05 08:45:50.687, 0, NVIDIA GeForce RTX 3080, 8236, 1816, 10240, 94, 98
2026/08/05 08:45:50.797, 0, NVIDIA GeForce RTX 3080, 8236, 1816, 10240, 94, 98
2026/08/05 08:45:50.906, 0, NVIDIA GeForce RTX 3080, 8236, 1816, 10240, 94, 98
2026/08/05 08:45:51.015, 0, NVIDIA GeForce RTX 3080, 8236, 1816, 10240, 94, 98
2026/08/05 08:45:51.125, 0, NVIDIA GeForce RTX 3080, 8236, 1816, 10240, 94, 98
2026/08/05 08:45:51.233, 0, NVIDIA GeForce RTX 3080, 8236, 1816, 10240, 94, 98
2026/08/05 08:45:51.343, 0, NVIDIA GeForce RTX 3080, 8236, 1816, 10240, 94, 98
2026/08/05 08:45:51.452, 0, NVIDIA GeForce RTX 3080, 8236, 1816, 10240, 94, 98
2026/08/05 08:45:51.561, 0, NVIDIA GeForce RTX 3080, 8236, 1816, 10240, 94, 98
2026/08/05 08:45:51.671, 0, NVIDIA GeForce RTX 3080, 8236, 1816, 10240, 94, 98
2026/08/05 08:45:51.779, 0, NVIDIA GeForce RTX 3080, 8236, 1816, 10240, 94, 98
2026/08/05 08:45:51.889, 0, NVIDIA GeForce RTX 3080, 8236, 1816, 10240, 95, 98
2026/08/05 08:45:51.998, 0, NVIDIA GeForce RTX 3080, 8236, 1816, 10240, 95, 98
2026/08/05 08:45:52.107, 0, NVIDIA GeForce RTX 3080, 8236, 1816, 10240, 95, 98
2026/08/05 08:45:52.217, 0, NVIDIA GeForce RTX 3080, 8236, 1816, 10240, 95, 98
2026/08/05 08:45:52.325, 0, NVIDIA GeForce RTX 3080, 8236, 1816, 10240, 95, 98
2026/08/05 08:45:52.434, 0, NVIDIA GeForce RTX 3080, 8236, 1816, 10240, 94, 98
2026/08/05 08:45:52.543, 0, NVIDIA GeForce RTX 3080, 8236, 1816, 10240, 94, 98
2026/08/05 08:45:52.652, 0, NVIDIA GeForce RTX 3080, 8236, 1816, 10240, 94, 98
2026/08/05 08:45:52.760, 0, NVIDIA GeForce RTX 3080, 8236, 1816, 10240, 94, 98
2026/08/05 08:45:52.870, 0, NVIDIA GeForce RTX 3080, 8236, 1816, 10240, 94, 98
2026/08/05 08:45:52.978, 0, NVIDIA GeForce RTX 3080, 8236, 1816, 10240, 94, 98
2026/08/05 08:45:53.088, 0, NVIDIA GeForce RTX 3080, 8236, 1816, 10240, 94, 98
2026/08/05 08:45:53.198, 0, NVIDIA GeForce RTX 3080, 8236, 1816, 10240, 94, 98
2026/08/05 08:45:53.306, 0, NVIDIA GeForce RTX 3080, 8236, 1816, 10240, 94, 98
2026/08/05 08:45:53.416, 0, NVIDIA GeForce RTX 3080, 8236, 1816, 10240, 94, 98
2026/08/05 08:45:53.525, 0, NVIDIA GeForce RTX 3080, 8236, 1816, 10240, 94, 98
2026/08/05 08:45:53.634, 0, NVIDIA GeForce RTX 3080, 8236, 1816, 10240, 94, 98
2026/08/05 08:45:53.743, 0, NVIDIA GeForce RTX 3080, 8236, 1816, 10240, 94, 98
2026/08/05 08:45:53.853, 0, NVIDIA GeForce RTX 3080, 8236, 1816, 10240, 94, 98
2026/08/05 08:45:53.961, 0, NVIDIA GeForce RTX 3080, 8236, 1816, 10240, 94, 98
2026/08/05 08:45:54.070, 0, NVIDIA GeForce RTX 3080, 8236, 1816, 10240, 94, 98
2026/08/05 08:45:54.179, 0, NVIDIA GeForce RTX 3080, 8236, 1816, 10240, 94, 98
2026/08/05 08:45:54.288, 0, NVIDIA GeForce RTX 3080, 8236, 1816, 10240, 94, 98
2026/08/05 08:45:54.398, 0, NVIDIA GeForce RTX 3080, 8236, 1816, 10240, 94, 98
2026/08/05 08:45:54.506, 0, NVIDIA GeForce RTX 3080, 8236, 1816, 10240, 94, 98
2026/08/05 08:45:54.616, 0, NVIDIA GeForce RTX 3080, 8236, 1816, 10240, 94, 98
2026/08/05 08:45:54.723, 0, NVIDIA GeForce RTX 3080, 8236, 1816, 10240, 94, 98
2026/08/05 08:45:54.832, 0, NVIDIA GeForce RTX 3080, 8236, 1816, 10240, 94, 98
2026/08/05 08:45:54.941, 0, NVIDIA GeForce RTX 3080, 8236, 1816, 10240, 94, 98
2026/08/05 08:45:55.049, 0, NVIDIA GeForce RTX 3080, 8236, 1816, 10240, 94, 98
2026/08/05 08:45:55.159, 0, NVIDIA GeForce RTX 3080, 8236, 1816, 10240, 94, 98
2026/08/05 08:45:55.268, 0, NVIDIA GeForce RTX 3080, 8236, 1816, 10240, 94, 98
2026/08/05 08:45:55.377, 0, NVIDIA GeForce RTX 3080, 8236, 1816, 10240, 95, 98
2026/08/05 08:45:55.485, 0, NVIDIA GeForce RTX 3080, 8236, 1816, 10240, 95, 98
2026/08/05 08:45:55.594, 0, NVIDIA GeForce RTX 3080, 8236, 1816, 10240, 95, 98
2026/08/05 08:45:55.703, 0, NVIDIA GeForce RTX 3080, 8236, 1816, 10240, 95, 98
2026/08/05 08:45:55.812, 0, NVIDIA GeForce RTX 3080, 8236, 1816, 10240, 95, 98
2026/08/05 08:45:55.921, 0, NVIDIA GeForce RTX 3080, 8236, 1816, 10240, 94, 98
2026/08/05 08:45:56.030, 0, NVIDIA GeForce RTX 3080, 8236, 1816, 10240, 94, 98
2026/08/05 08:45:56.139, 0, NVIDIA GeForce RTX 3080, 8236, 1816, 10240, 94, 98
2026/08/05 08:45:56.248, 0, NVIDIA GeForce RTX 3080, 8236, 1816, 10240, 94, 98
2026/08/05 08:45:56.357, 0, NVIDIA GeForce RTX 3080, 8236, 1816, 10240, 94, 98
2026/08/05 08:45:56.467, 0, NVIDIA GeForce RTX 3080, 8236, 1816, 10240, 94, 98
2026/08/05 08:45:56.576, 0, NVIDIA GeForce RTX 3080, 8236, 1816, 10240, 94, 98
2026/08/05 08:45:56.687, 0, NVIDIA GeForce RTX 3080, 8236, 1816, 10240, 94, 98
2026/08/05 08:45:56.797, 0, NVIDIA GeForce RTX 3080, 8236, 1816, 10240, 94, 98
2026/08/05 08:45:56.906, 0, NVIDIA GeForce RTX 3080, 8236, 1816, 10240, 94, 98
2026/08/05 08:45:57.015, 0, NVIDIA GeForce RTX 3080, 8236, 1816, 10240, 94, 98
2026/08/05 08:45:57.125, 0, NVIDIA GeForce RTX 3080, 8236, 1816, 10240, 94, 98
2026/08/05 08:45:57.233, 0, NVIDIA GeForce RTX 3080, 8236, 1816, 10240, 94, 98
2026/08/05 08:45:57.343, 0, NVIDIA GeForce RTX 3080, 8236, 1816, 10240, 94, 98
2026/08/05 08:45:57.452, 0, NVIDIA GeForce RTX 3080, 8236, 1816, 10240, 95, 98
2026/08/05 08:45:57.560, 0, NVIDIA GeForce RTX 3080, 8236, 1816, 10240, 95, 98
2026/08/05 08:45:57.669, 0, NVIDIA GeForce RTX 3080, 8236, 1816, 10240, 95, 98
2026/08/05 08:45:57.777, 0, NVIDIA GeForce RTX 3080, 8236, 1816, 10240, 95, 98
2026/08/05 08:45:57.887, 0, NVIDIA GeForce RTX 3080, 8236, 1816, 10240, 94, 98
2026/08/05 08:45:57.996, 0, NVIDIA GeForce RTX 3080, 8236, 1816, 10240, 94, 98
2026/08/05 08:45:58.105, 0, NVIDIA GeForce RTX 3080, 8236, 1816, 10240, 94, 98
2026/08/05 08:45:58.215, 0, NVIDIA GeForce RTX 3080, 8236, 1816, 10240, 94, 98
2026/08/05 08:45:58.323, 0, NVIDIA GeForce RTX 3080, 8236, 1816, 10240, 94, 98
2026/08/05 08:45:58.432, 0, NVIDIA GeForce RTX 3080, 8236, 1816, 10240, 94, 98
2026/08/05 08:45:58.542, 0, NVIDIA GeForce RTX 3080, 8236, 1816, 10240, 94, 98
2026/08/05 08:45:58.650, 0, NVIDIA GeForce RTX 3080, 8236, 1816, 10240, 94, 98
2026/08/05 08:45:58.759, 0, NVIDIA GeForce RTX 3080, 8236, 1816, 10240, 94, 98
2026/08/05 08:45:58.868, 0, NVIDIA GeForce RTX 3080, 8236, 1816, 10240, 95, 98
2026/08/05 08:45:58.977, 0, NVIDIA GeForce RTX 3080, 8236, 1816, 10240, 95, 98
2026/08/05 08:45:59.085, 0, NVIDIA GeForce RTX 3080, 8236, 1816, 10240, 95, 98
2026/08/05 08:45:59.195, 0, NVIDIA GeForce RTX 3080, 8236, 1816, 10240, 95, 98
2026/08/05 08:45:59.304, 0, NVIDIA GeForce RTX 3080, 8236, 1816, 10240, 95, 98
2026/08/05 08:45:59.413, 0, NVIDIA GeForce RTX 3080, 8236, 1816, 10240, 91, 95
2026/08/05 08:45:59.523, 0, NVIDIA GeForce RTX 3080, 8236, 1816, 10240, 91, 95
2026/08/05 08:45:59.630, 0, NVIDIA GeForce RTX 3080, 8236, 1816, 10240, 91, 95
2026/08/05 08:45:59.740, 0, NVIDIA GeForce RTX 3080, 8236, 1816, 10240, 91, 95
2026/08/05 08:45:59.848, 0, NVIDIA GeForce RTX 3080, 8236, 1816, 10240, 91, 95
2026/08/05 08:45:59.958, 0, NVIDIA GeForce RTX 3080, 8236, 1816, 10240, 95, 98
2026/08/05 08:46:00.067, 0, NVIDIA GeForce RTX 3080, 8236, 1816, 10240, 95, 98
2026/08/05 08:46:00.176, 0, NVIDIA GeForce RTX 3080, 8236, 1816, 10240, 95, 98
2026/08/05 08:46:00.286, 0, NVIDIA GeForce RTX 3080, 8236, 1816, 10240, 95, 98
2026/08/05 08:46:00.395, 0, NVIDIA GeForce RTX 3080, 8236, 1816, 10240, 95, 98
2026/08/05 08:46:00.504, 0, NVIDIA GeForce RTX 3080, 8236, 1816, 10240, 95, 98
2026/08/05 08:46:00.613, 0, NVIDIA GeForce RTX 3080, 8236, 1816, 10240, 95, 98
2026/08/05 08:46:00.723, 0, NVIDIA GeForce RTX 3080, 8236, 1816, 10240, 95, 98
2026/08/05 08:46:00.831, 0, NVIDIA GeForce RTX 3080, 8236, 1816, 10240, 95, 98
2026/08/05 08:46:00.941, 0, NVIDIA GeForce RTX 3080, 8236, 1816, 10240, 95, 98
2026/08/05 08:46:01.049, 0, NVIDIA GeForce RTX 3080, 8236, 1816, 10240, 95, 98
2026/08/05 08:46:01.159, 0, NVIDIA GeForce RTX 3080, 8236, 1816, 10240, 95, 98
2026/08/05 08:46:01.269, 0, NVIDIA GeForce RTX 3080, 8236, 1816, 10240, 95, 98
2026/08/05 08:46:01.377, 0, NVIDIA GeForce RTX 3080, 8236, 1816, 10240, 95, 98
2026/08/05 08:46:01.487, 0, NVIDIA GeForce RTX 3080, 8236, 1816, 10240, 95, 98
2026/08/05 08:46:01.595, 0, NVIDIA GeForce RTX 3080, 8236, 1816, 10240, 95, 98
2026/08/05 08:46:01.704, 0, NVIDIA GeForce RTX 3080, 8236, 1816, 10240, 95, 98
2026/08/05 08:46:01.814, 0, NVIDIA GeForce RTX 3080, 8236, 1816, 10240, 95, 98
2026/08/05 08:46:01.922, 0, NVIDIA GeForce RTX 3080, 8236, 1816, 10240, 95, 98
2026/08/05 08:46:02.030, 0, NVIDIA GeForce RTX 3080, 8236, 1816, 10240, 95, 98
2026/08/05 08:46:02.139, 0, NVIDIA GeForce RTX 3080, 8236, 1816, 10240, 95, 98
2026/08/05 08:46:02.248, 0, NVIDIA GeForce RTX 3080, 8236, 1816, 10240, 95, 98
2026/08/05 08:46:02.358, 0, NVIDIA GeForce RTX 3080, 8236, 1816, 10240, 95, 98
2026/08/05 08:46:02.467, 0, NVIDIA GeForce RTX 3080, 8236, 1816, 10240, 95, 98
2026/08/05 08:46:02.576, 0, NVIDIA GeForce RTX 3080, 8236, 1816, 10240, 95, 98
2026/08/05 08:46:02.685, 0, NVIDIA GeForce RTX 3080, 8236, 1816, 10240, 95, 98
2026/08/05 08:46:02.795, 0, NVIDIA GeForce RTX 3080, 8236, 1816, 10240, 95, 98
2026/08/05 08:46:02.903, 0, NVIDIA GeForce RTX 3080, 8236, 1816, 10240, 95, 98
2026/08/05 08:46:03.013, 0, NVIDIA GeForce RTX 3080, 8236, 1816, 10240, 95, 98
2026/08/05 08:46:03.123, 0, NVIDIA GeForce RTX 3080, 8236, 1816, 10240, 95, 98
2026/08/05 08:46:03.230, 0, NVIDIA GeForce RTX 3080, 8236, 1816, 10240, 95, 98
2026/08/05 08:46:03.340, 0, NVIDIA GeForce RTX 3080, 8236, 1816, 10240, 95, 98
2026/08/05 08:46:03.448, 0, NVIDIA GeForce RTX 3080, 8236, 1816, 10240, 94, 98
2026/08/05 08:46:03.556, 0, NVIDIA GeForce RTX 3080, 8236, 1816, 10240, 94, 98
2026/08/05 08:46:03.666, 0, NVIDIA GeForce RTX 3080, 8236, 1816, 10240, 94, 98
2026/08/05 08:46:03.774, 0, NVIDIA GeForce RTX 3080, 8236, 1816, 10240, 94, 98
2026/08/05 08:46:03.884, 0, NVIDIA GeForce RTX 3080, 8236, 1816, 10240, 95, 98
2026/08/05 08:46:03.994, 0, NVIDIA GeForce RTX 3080, 8236, 1816, 10240, 95, 98
2026/08/05 08:46:04.102, 0, NVIDIA GeForce RTX 3080, 8236, 1816, 10240, 95, 98
2026/08/05 08:46:04.212, 0, NVIDIA GeForce RTX 3080, 8236, 1816, 10240, 95, 98
2026/08/05 08:46:04.320, 0, NVIDIA GeForce RTX 3080, 8236, 1816, 10240, 95, 98
2026/08/05 08:46:04.430, 0, NVIDIA GeForce RTX 3080, 8236, 1816, 10240, 95, 98
2026/08/05 08:46:04.540, 0, NVIDIA GeForce RTX 3080, 8236, 1816, 10240, 95, 98
2026/08/05 08:46:04.648, 0, NVIDIA GeForce RTX 3080, 8236, 1816, 10240, 95, 98
2026/08/05 08:46:04.757, 0, NVIDIA GeForce RTX 3080, 8236, 1816, 10240, 95, 98
2026/08/05 08:46:04.866, 0, NVIDIA GeForce RTX 3080, 8236, 1816, 10240, 95, 98
2026/08/05 08:46:04.975, 0, NVIDIA GeForce RTX 3080, 8236, 1816, 10240, 95, 98
2026/08/05 08:46:05.085, 0, NVIDIA GeForce RTX 3080, 8236, 1816, 10240, 95, 98
2026/08/05 08:46:05.194, 0, NVIDIA GeForce RTX 3080, 8236, 1816, 10240, 95, 98
2026/08/05 08:46:05.303, 0, NVIDIA GeForce RTX 3080, 8236, 1816, 10240, 95, 98
2026/08/05 08:46:05.412, 0, NVIDIA GeForce RTX 3080, 8236, 1816, 10240, 95, 98
2026/08/05 08:46:05.521, 0, NVIDIA GeForce RTX 3080, 8236, 1816, 10240, 95, 98
2026/08/05 08:46:05.630, 0, NVIDIA GeForce RTX 3080, 8236, 1816, 10240, 95, 98
2026/08/05 08:46:05.739, 0, NVIDIA GeForce RTX 3080, 8236, 1816, 10240, 95, 98
2026/08/05 08:46:05.848, 0, NVIDIA GeForce RTX 3080, 8236, 1816, 10240, 95, 98
2026/08/05 08:46:05.958, 0, NVIDIA GeForce RTX 3080, 8236, 1816, 10240, 95, 98
2026/08/05 08:46:06.067, 0, NVIDIA GeForce RTX 3080, 8236, 1816, 10240, 95, 98
2026/08/05 08:46:06.176, 0, NVIDIA GeForce RTX 3080, 8236, 1816, 10240, 95, 98
2026/08/05 08:46:06.286, 0, NVIDIA GeForce RTX 3080, 8236, 1816, 10240, 95, 98
2026/08/05 08:46:06.394, 0, NVIDIA GeForce RTX 3080, 8236, 1816, 10240, 95, 98
2026/08/05 08:46:06.503, 0, NVIDIA GeForce RTX 3080, 8236, 1816, 10240, 95, 98
2026/08/05 08:46:06.613, 0, NVIDIA GeForce RTX 3080, 8236, 1816, 10240, 95, 98
2026/08/05 08:46:06.721, 0, NVIDIA GeForce RTX 3080, 8236, 1816, 10240, 95, 98
2026/08/05 08:46:06.830, 0, NVIDIA GeForce RTX 3080, 8236, 1816, 10240, 95, 98
2026/08/05 08:46:06.939, 0, NVIDIA GeForce RTX 3080, 8236, 1816, 10240, 95, 98
2026/08/05 08:46:07.048, 0, NVIDIA GeForce RTX 3080, 8236, 1816, 10240, 95, 98
2026/08/05 08:46:07.158, 0, NVIDIA GeForce RTX 3080, 8236, 1816, 10240, 95, 98
2026/08/05 08:46:07.267, 0, NVIDIA GeForce RTX 3080, 8236, 1816, 10240, 95, 98
2026/08/05 08:46:07.376, 0, NVIDIA GeForce RTX 3080, 8236, 1816, 10240, 95, 98
2026/08/05 08:46:07.485, 0, NVIDIA GeForce RTX 3080, 8236, 1816, 10240, 95, 98
2026/08/05 08:46:07.595, 0, NVIDIA GeForce RTX 3080, 8236, 1816, 10240, 95, 98
2026/08/05 08:46:07.704, 0, NVIDIA GeForce RTX 3080, 8236, 1816, 10240, 95, 98
2026/08/05 08:46:07.813, 0, NVIDIA GeForce RTX 3080, 8236, 1816, 10240, 95, 98
2026/08/05 08:46:07.923, 0, NVIDIA GeForce RTX 3080, 8236, 1816, 10240, 95, 98
2026/08/05 08:46:08.031, 0, NVIDIA GeForce RTX 3080, 8236, 1816, 10240, 95, 98
2026/08/05 08:46:08.141, 0, NVIDIA GeForce RTX 3080, 8236, 1816, 10240, 95, 98
2026/08/05 08:46:08.249, 0, NVIDIA GeForce RTX 3080, 8236, 1816, 10240, 95, 98
2026/08/05 08:46:08.359, 0, NVIDIA GeForce RTX 3080, 8236, 1816, 10240, 95, 98
2026/08/05 08:46:08.469, 0, NVIDIA GeForce RTX 3080, 8236, 1816, 10240, 95, 98
2026/08/05 08:46:08.577, 0, NVIDIA GeForce RTX 3080, 8236, 1816, 10240, 95, 98
2026/08/05 08:46:08.687, 0, NVIDIA GeForce RTX 3080, 8236, 1816, 10240, 95, 98
2026/08/05 08:46:08.794, 0, NVIDIA GeForce RTX 3080, 8236, 1816, 10240, 95, 98
2026/08/05 08:46:08.903, 0, NVIDIA GeForce RTX 3080, 8236, 1816, 10240, 95, 98
2026/08/05 08:46:09.012, 0, NVIDIA GeForce RTX 3080, 8236, 1816, 10240, 95, 98
2026/08/05 08:46:09.121, 0, NVIDIA GeForce RTX 3080, 8236, 1816, 10240, 95, 98
2026/08/05 08:46:09.230, 0, NVIDIA GeForce RTX 3080, 8236, 1816, 10240, 95, 98
2026/08/05 08:46:09.339, 0, NVIDIA GeForce RTX 3080, 8236, 1816, 10240, 95, 98
2026/08/05 08:46:09.448, 0, NVIDIA GeForce RTX 3080, 8236, 1816, 10240, 95, 98
2026/08/05 08:46:09.557, 0, NVIDIA GeForce RTX 3080, 8236, 1816, 10240, 95, 98
2026/08/05 08:46:09.667, 0, NVIDIA GeForce RTX 3080, 8236, 1816, 10240, 95, 98
2026/08/05 08:46:09.775, 0, NVIDIA GeForce RTX 3080, 8236, 1816, 10240, 95, 98
2026/08/05 08:46:09.884, 0, NVIDIA GeForce RTX 3080, 8236, 1816, 10240, 95, 98
2026/08/05 08:46:09.994, 0, NVIDIA GeForce RTX 3080, 8236, 1816, 10240, 95, 98
2026/08/05 08:46:10.103, 0, NVIDIA GeForce RTX 3080, 8236, 1816, 10240, 95, 98
2026/08/05 08:46:10.212, 0, NVIDIA GeForce RTX 3080, 8236, 1816, 10240, 95, 98
2026/08/05 08:46:10.321, 0, NVIDIA GeForce RTX 3080, 8236, 1816, 10240, 95, 98
2026/08/05 08:46:10.429, 0, NVIDIA GeForce RTX 3080, 8236, 1816, 10240, 95, 98
2026/08/05 08:46:10.539, 0, NVIDIA GeForce RTX 3080, 8236, 1816, 10240, 95, 98
2026/08/05 08:46:10.647, 0, NVIDIA GeForce RTX 3080, 8236, 1816, 10240, 95, 98
2026/08/05 08:46:10.757, 0, NVIDIA GeForce RTX 3080, 8236, 1816, 10240, 95, 98
2026/08/05 08:46:10.866, 0, NVIDIA GeForce RTX 3080, 8236, 1816, 10240, 95, 98
2026/08/05 08:46:10.975, 0, NVIDIA GeForce RTX 3080, 8236, 1816, 10240, 95, 98
2026/08/05 08:46:11.084, 0, NVIDIA GeForce RTX 3080, 8236, 1816, 10240, 95, 98
2026/08/05 08:46:11.194, 0, NVIDIA GeForce RTX 3080, 8236, 1816, 10240, 95, 98
2026/08/05 08:46:11.303, 0, NVIDIA GeForce RTX 3080, 8236, 1816, 10240, 95, 98
2026/08/05 08:46:11.412, 0, NVIDIA GeForce RTX 3080, 8236, 1816, 10240, 95, 98
2026/08/05 08:46:11.521, 0, NVIDIA GeForce RTX 3080, 8236, 1816, 10240, 95, 98
2026/08/05 08:46:11.630, 0, NVIDIA GeForce RTX 3080, 8236, 1816, 10240, 95, 98
2026/08/05 08:46:11.739, 0, NVIDIA GeForce RTX 3080, 8236, 1816, 10240, 95, 98
2026/08/05 08:46:11.848, 0, NVIDIA GeForce RTX 3080, 8236, 1816, 10240, 95, 98
2026/08/05 08:46:11.957, 0, NVIDIA GeForce RTX 3080, 8236, 1816, 10240, 95, 98
2026/08/05 08:46:12.067, 0, NVIDIA GeForce RTX 3080, 8236, 1816, 10240, 95, 98
2026/08/05 08:46:12.175, 0, NVIDIA GeForce RTX 3080, 8236, 1816, 10240, 95, 98
2026/08/05 08:46:12.285, 0, NVIDIA GeForce RTX 3080, 8236, 1816, 10240, 95, 98
2026/08/05 08:46:12.393, 0, NVIDIA GeForce RTX 3080, 8236, 1816, 10240, 92, 96
2026/08/05 08:46:12.502, 0, NVIDIA GeForce RTX 3080, 8236, 1816, 10240, 92, 96
2026/08/05 08:46:12.612, 0, NVIDIA GeForce RTX 3080, 8236, 1816, 10240, 92, 96
2026/08/05 08:46:12.720, 0, NVIDIA GeForce RTX 3080, 8236, 1816, 10240, 92, 96
2026/08/05 08:46:12.829, 0, NVIDIA GeForce RTX 3080, 8236, 1816, 10240, 92, 96
2026/08/05 08:46:12.938, 0, NVIDIA GeForce RTX 3080, 8236, 1816, 10240, 96, 98
2026/08/05 08:46:13.047, 0, NVIDIA GeForce RTX 3080, 8236, 1816, 10240, 96, 98
2026/08/05 08:46:13.156, 0, NVIDIA GeForce RTX 3080, 8236, 1816, 10240, 96, 98
2026/08/05 08:46:13.266, 0, NVIDIA GeForce RTX 3080, 8236, 1816, 10240, 96, 98
2026/08/05 08:46:13.375, 0, NVIDIA GeForce RTX 3080, 8236, 1816, 10240, 96, 98
2026/08/05 08:46:13.483, 0, NVIDIA GeForce RTX 3080, 8236, 1816, 10240, 96, 98
2026/08/05 08:46:13.593, 0, NVIDIA GeForce RTX 3080, 8236, 1816, 10240, 96, 98
2026/08/05 08:46:13.702, 0, NVIDIA GeForce RTX 3080, 8236, 1816, 10240, 96, 98
2026/08/05 08:46:13.811, 0, NVIDIA GeForce RTX 3080, 8236, 1816, 10240, 96, 98
2026/08/05 08:46:13.920, 0, NVIDIA GeForce RTX 3080, 8236, 1816, 10240, 95, 98
2026/08/05 08:46:14.028, 0, NVIDIA GeForce RTX 3080, 8236, 1816, 10240, 95, 98
2026/08/05 08:46:14.138, 0, NVIDIA GeForce RTX 3080, 8236, 1816, 10240, 95, 98
2026/08/05 08:46:14.247, 0, NVIDIA GeForce RTX 3080, 8236, 1816, 10240, 95, 98
2026/08/05 08:46:14.356, 0, NVIDIA GeForce RTX 3080, 8236, 1816, 10240, 95, 98
2026/08/05 08:46:14.466, 0, NVIDIA GeForce RTX 3080, 8236, 1816, 10240, 95, 98
2026/08/05 08:46:14.574, 0, NVIDIA GeForce RTX 3080, 8236, 1816, 10240, 95, 98
2026/08/05 08:46:14.684, 0, NVIDIA GeForce RTX 3080, 8236, 1816, 10240, 95, 98
2026/08/05 08:46:14.792, 0, NVIDIA GeForce RTX 3080, 8236, 1816, 10240, 95, 98
2026/08/05 08:46:14.901, 0, NVIDIA GeForce RTX 3080, 8236, 1816, 10240, 94, 98
2026/08/05 08:46:15.011, 0, NVIDIA GeForce RTX 3080, 8236, 1816, 10240, 94, 98
2026/08/05 08:46:15.119, 0, NVIDIA GeForce RTX 3080, 8236, 1816, 10240, 94, 98
2026/08/05 08:46:15.229, 0, NVIDIA GeForce RTX 3080, 8236, 1816, 10240, 94, 98
2026/08/05 08:46:15.338, 0, NVIDIA GeForce RTX 3080, 8236, 1816, 10240, 94, 98
2026/08/05 08:46:15.447, 0, NVIDIA GeForce RTX 3080, 8236, 1816, 10240, 94, 98
2026/08/05 08:46:15.557, 0, NVIDIA GeForce RTX 3080, 8236, 1816, 10240, 94, 98
2026/08/05 08:46:15.666, 0, NVIDIA GeForce RTX 3080, 8236, 1816, 10240, 94, 98
2026/08/05 08:46:15.775, 0, NVIDIA GeForce RTX 3080, 8236, 1816, 10240, 94, 98
2026/08/05 08:46:15.884, 0, NVIDIA GeForce RTX 3080, 8236, 1816, 10240, 94, 98
2026/08/05 08:46:15.993, 0, NVIDIA GeForce RTX 3080, 8236, 1816, 10240, 94, 98
2026/08/05 08:46:16.102, 0, NVIDIA GeForce RTX 3080, 8236, 1816, 10240, 94, 98
2026/08/05 08:46:16.211, 0, NVIDIA GeForce RTX 3080, 8236, 1816, 10240, 94, 98
2026/08/05 08:46:16.320, 0, NVIDIA GeForce RTX 3080, 8236, 1816, 10240, 94, 98
2026/08/05 08:46:16.428, 0, NVIDIA GeForce RTX 3080, 8236, 1816, 10240, 94, 98
2026/08/05 08:46:16.538, 0, NVIDIA GeForce RTX 3080, 8236, 1816, 10240, 94, 98
2026/08/05 08:46:16.647, 0, NVIDIA GeForce RTX 3080, 8236, 1816, 10240, 94, 98
2026/08/05 08:46:16.771, 0, NVIDIA GeForce RTX 3080, 8236, 1816, 10240, 94, 98
2026/08/05 08:46:16.879, 0, NVIDIA GeForce RTX 3080, 8236, 1816, 10240, 94, 98
2026/08/05 08:46:16.989, 0, NVIDIA GeForce RTX 3080, 8236, 1816, 10240, 94, 98
2026/08/05 08:46:17.097, 0, NVIDIA GeForce RTX 3080, 8236, 1816, 10240, 94, 98
2026/08/05 08:46:17.207, 0, NVIDIA GeForce RTX 3080, 8236, 1816, 10240, 94, 98
2026/08/05 08:46:17.316, 0, NVIDIA GeForce RTX 3080, 8236, 1816, 10240, 94, 98
2026/08/05 08:46:17.425, 0, NVIDIA GeForce RTX 3080, 8236, 1816, 10240, 94, 98
2026/08/05 08:46:17.535, 0, NVIDIA GeForce RTX 3080, 8236, 1816, 10240, 94, 98
2026/08/05 08:46:17.643, 0, NVIDIA GeForce RTX 3080, 8236, 1816, 10240, 94, 98
2026/08/05 08:46:17.752, 0, NVIDIA GeForce RTX 3080, 8236, 1816, 10240, 94, 98
2026/08/05 08:46:17.861, 0, NVIDIA GeForce RTX 3080, 8236, 1816, 10240, 94, 98
2026/08/05 08:46:17.970, 0, NVIDIA GeForce RTX 3080, 8236, 1816, 10240, 94, 98
2026/08/05 08:46:18.079, 0, NVIDIA GeForce RTX 3080, 8236, 1816, 10240, 94, 98
2026/08/05 08:46:18.188, 0, NVIDIA GeForce RTX 3080, 8236, 1816, 10240, 94, 98
2026/08/05 08:46:18.297, 0, NVIDIA GeForce RTX 3080, 8236, 1816, 10240, 94, 98
2026/08/05 08:46:18.405, 0, NVIDIA GeForce RTX 3080, 8236, 1816, 10240, 94, 98
2026/08/05 08:46:18.514, 0, NVIDIA GeForce RTX 3080, 8236, 1816, 10240, 94, 98
2026/08/05 08:46:18.623, 0, NVIDIA GeForce RTX 3080, 8236, 1816, 10240, 94, 98
2026/08/05 08:46:18.732, 0, NVIDIA GeForce RTX 3080, 8236, 1816, 10240, 94, 98
2026/08/05 08:46:18.844, 0, NVIDIA GeForce RTX 3080, 8236, 1816, 10240, 94, 98
2026/08/05 08:46:18.952, 0, NVIDIA GeForce RTX 3080, 8236, 1816, 10240, 94, 98
2026/08/05 08:46:19.062, 0, NVIDIA GeForce RTX 3080, 8236, 1816, 10240, 94, 98
2026/08/05 08:46:19.170, 0, NVIDIA GeForce RTX 3080, 8236, 1816, 10240, 94, 98
2026/08/05 08:46:19.280, 0, NVIDIA GeForce RTX 3080, 8236, 1816, 10240, 94, 98
2026/08/05 08:46:19.390, 0, NVIDIA GeForce RTX 3080, 8236, 1816, 10240, 94, 98
2026/08/05 08:46:19.498, 0, NVIDIA GeForce RTX 3080, 8236, 1816, 10240, 94, 98
2026/08/05 08:46:19.606, 0, NVIDIA GeForce RTX 3080, 8236, 1816, 10240, 94, 98
2026/08/05 08:46:19.716, 0, NVIDIA GeForce RTX 3080, 8236, 1816, 10240, 94, 98
2026/08/05 08:46:19.825, 0, NVIDIA GeForce RTX 3080, 8236, 1816, 10240, 94, 98
2026/08/05 08:46:19.934, 0, NVIDIA GeForce RTX 3080, 8236, 1816, 10240, 94, 98
2026/08/05 08:46:20.044, 0, NVIDIA GeForce RTX 3080, 8236, 1816, 10240, 94, 98
2026/08/05 08:46:20.152, 0, NVIDIA GeForce RTX 3080, 8236, 1816, 10240, 94, 98
2026/08/05 08:46:20.262, 0, NVIDIA GeForce RTX 3080, 8236, 1816, 10240, 94, 98
2026/08/05 08:46:20.370, 0, NVIDIA GeForce RTX 3080, 8236, 1816, 10240, 94, 98
2026/08/05 08:46:20.479, 0, NVIDIA GeForce RTX 3080, 8236, 1816, 10240, 94, 98
2026/08/05 08:46:20.588, 0, NVIDIA GeForce RTX 3080, 8236, 1816, 10240, 94, 98
2026/08/05 08:46:20.697, 0, NVIDIA GeForce RTX 3080, 8236, 1816, 10240, 94, 98
2026/08/05 08:46:20.806, 0, NVIDIA GeForce RTX 3080, 8236, 1816, 10240, 94, 98
2026/08/05 08:46:20.916, 0, NVIDIA GeForce RTX 3080, 8236, 1816, 10240, 95, 98
2026/08/05 08:46:21.024, 0, NVIDIA GeForce RTX 3080, 8236, 1816, 10240, 95, 98
2026/08/05 08:46:21.134, 0, NVIDIA GeForce RTX 3080, 8236, 1816, 10240, 95, 98
2026/08/05 08:46:21.244, 0, NVIDIA GeForce RTX 3080, 8236, 1816, 10240, 95, 98
2026/08/05 08:46:21.352, 0, NVIDIA GeForce RTX 3080, 8236, 1816, 10240, 95, 98
2026/08/05 08:46:21.462, 0, NVIDIA GeForce RTX 3080, 8236, 1816, 10240, 94, 98
2026/08/05 08:46:21.570, 0, NVIDIA GeForce RTX 3080, 8236, 1816, 10240, 94, 98
2026/08/05 08:46:21.680, 0, NVIDIA GeForce RTX 3080, 8236, 1816, 10240, 94, 98
2026/08/05 08:46:21.789, 0, NVIDIA GeForce RTX 3080, 8236, 1816, 10240, 94, 98
2026/08/05 08:46:21.898, 0, NVIDIA GeForce RTX 3080, 8236, 1816, 10240, 94, 98
2026/08/05 08:46:22.008, 0, NVIDIA GeForce RTX 3080, 8236, 1816, 10240, 94, 98
2026/08/05 08:46:22.116, 0, NVIDIA GeForce RTX 3080, 8236, 1816, 10240, 94, 98
2026/08/05 08:46:22.225, 0, NVIDIA GeForce RTX 3080, 8236, 1816, 10240, 94, 98
2026/08/05 08:46:22.334, 0, NVIDIA GeForce RTX 3080, 8236, 1816, 10240, 94, 98
2026/08/05 08:46:22.444, 0, NVIDIA GeForce RTX 3080, 8236, 1816, 10240, 94, 98
2026/08/05 08:46:22.553, 0, NVIDIA GeForce RTX 3080, 8236, 1816, 10240, 94, 98
2026/08/05 08:46:22.662, 0, NVIDIA GeForce RTX 3080, 8236, 1816, 10240, 94, 98
2026/08/05 08:46:22.772, 0, NVIDIA GeForce RTX 3080, 8236, 1816, 10240, 94, 98
2026/08/05 08:46:22.879, 0, NVIDIA GeForce RTX 3080, 8236, 1816, 10240, 94, 98
2026/08/05 08:46:22.988, 0, NVIDIA GeForce RTX 3080, 8236, 1816, 10240, 94, 98
2026/08/05 08:46:23.097, 0, NVIDIA GeForce RTX 3080, 8236, 1816, 10240, 94, 98
2026/08/05 08:46:23.206, 0, NVIDIA GeForce RTX 3080, 8236, 1816, 10240, 94, 98
2026/08/05 08:46:23.315, 0, NVIDIA GeForce RTX 3080, 8236, 1816, 10240, 94, 98
2026/08/05 08:46:23.424, 0, NVIDIA GeForce RTX 3080, 8236, 1816, 10240, 94, 98
2026/08/05 08:46:23.533, 0, NVIDIA GeForce RTX 3080, 8236, 1816, 10240, 94, 98
2026/08/05 08:46:23.643, 0, NVIDIA GeForce RTX 3080, 8236, 1816, 10240, 94, 98
2026/08/05 08:46:23.751, 0, NVIDIA GeForce RTX 3080, 8236, 1816, 10240, 94, 98
2026/08/05 08:46:23.861, 0, NVIDIA GeForce RTX 3080, 8236, 1816, 10240, 94, 98
2026/08/05 08:46:23.969, 0, NVIDIA GeForce RTX 3080, 8236, 1816, 10240, 94, 98
2026/08/05 08:46:24.079, 0, NVIDIA GeForce RTX 3080, 8236, 1816, 10240, 94, 98
2026/08/05 08:46:24.189, 0, NVIDIA GeForce RTX 3080, 8236, 1816, 10240, 94, 98
2026/08/05 08:46:24.297, 0, NVIDIA GeForce RTX 3080, 8236, 1816, 10240, 94, 98
2026/08/05 08:46:24.407, 0, NVIDIA GeForce RTX 3080, 8236, 1816, 10240, 94, 98
2026/08/05 08:46:24.515, 0, NVIDIA GeForce RTX 3080, 8236, 1816, 10240, 94, 98
2026/08/05 08:46:24.624, 0, NVIDIA GeForce RTX 3080, 8236, 1816, 10240, 94, 98
2026/08/05 08:46:24.733, 0, NVIDIA GeForce RTX 3080, 8236, 1816, 10240, 94, 98
2026/08/05 08:46:24.843, 0, NVIDIA GeForce RTX 3080, 8236, 1816, 10240, 94, 98
2026/08/05 08:46:24.952, 0, NVIDIA GeForce RTX 3080, 8236, 1816, 10240, 94, 98
2026/08/05 08:46:25.060, 0, NVIDIA GeForce RTX 3080, 8236, 1816, 10240, 94, 98
2026/08/05 08:46:25.168, 0, NVIDIA GeForce RTX 3080, 8236, 1816, 10240, 94, 98
2026/08/05 08:46:25.278, 0, NVIDIA GeForce RTX 3080, 8236, 1816, 10240, 94, 98
2026/08/05 08:46:25.387, 0, NVIDIA GeForce RTX 3080, 8236, 1816, 10240, 94, 98
2026/08/05 08:46:25.496, 0, NVIDIA GeForce RTX 3080, 8236, 1816, 10240, 94, 98
2026/08/05 08:46:25.605, 0, NVIDIA GeForce RTX 3080, 8236, 1816, 10240, 94, 98
2026/08/05 08:46:25.714, 0, NVIDIA GeForce RTX 3080, 8236, 1816, 10240, 94, 98
2026/08/05 08:46:25.823, 0, NVIDIA GeForce RTX 3080, 8236, 1816, 10240, 94, 98
2026/08/05 08:46:25.932, 0, NVIDIA GeForce RTX 3080, 8236, 1816, 10240, 94, 98
2026/08/05 08:46:26.041, 0, NVIDIA GeForce RTX 3080, 8236, 1816, 10240, 94, 98
2026/08/05 08:46:26.150, 0, NVIDIA GeForce RTX 3080, 8236, 1816, 10240, 94, 98
2026/08/05 08:46:26.259, 0, NVIDIA GeForce RTX 3080, 8236, 1816, 10240, 94, 98
2026/08/05 08:46:26.368, 0, NVIDIA GeForce RTX 3080, 8236, 1816, 10240, 95, 98
2026/08/05 08:46:26.478, 0, NVIDIA GeForce RTX 3080, 8236, 1816, 10240, 95, 98
2026/08/05 08:46:26.587, 0, NVIDIA GeForce RTX 3080, 8236, 1816, 10240, 95, 98
2026/08/05 08:46:26.696, 0, NVIDIA GeForce RTX 3080, 8236, 1816, 10240, 95, 98
2026/08/05 08:46:26.806, 0, NVIDIA GeForce RTX 3080, 8236, 1816, 10240, 95, 98
2026/08/05 08:46:26.915, 0, NVIDIA GeForce RTX 3080, 8236, 1816, 10240, 91, 95
2026/08/05 08:46:27.024, 0, NVIDIA GeForce RTX 3080, 8236, 1816, 10240, 91, 95
2026/08/05 08:46:27.134, 0, NVIDIA GeForce RTX 3080, 8236, 1816, 10240, 91, 95
2026/08/05 08:46:27.243, 0, NVIDIA GeForce RTX 3080, 8236, 1816, 10240, 91, 95
2026/08/05 08:46:27.352, 0, NVIDIA GeForce RTX 3080, 8236, 1816, 10240, 91, 95
2026/08/05 08:46:27.460, 0, NVIDIA GeForce RTX 3080, 8236, 1816, 10240, 95, 98
2026/08/05 08:46:27.569, 0, NVIDIA GeForce RTX 3080, 8236, 1816, 10240, 95, 98
2026/08/05 08:46:27.679, 0, NVIDIA GeForce RTX 3080, 8236, 1816, 10240, 95, 98
2026/08/05 08:46:27.788, 0, NVIDIA GeForce RTX 3080, 8236, 1816, 10240, 95, 98
2026/08/05 08:46:27.897, 0, NVIDIA GeForce RTX 3080, 8236, 1816, 10240, 95, 98
2026/08/05 08:46:28.007, 0, NVIDIA GeForce RTX 3080, 8236, 1816, 10240, 95, 98
2026/08/05 08:46:28.115, 0, NVIDIA GeForce RTX 3080, 8236, 1816, 10240, 95, 98
2026/08/05 08:46:28.224, 0, NVIDIA GeForce RTX 3080, 8236, 1816, 10240, 95, 98
2026/08/05 08:46:28.333, 0, NVIDIA GeForce RTX 3080, 8236, 1816, 10240, 95, 98
2026/08/05 08:46:28.443, 0, NVIDIA GeForce RTX 3080, 8236, 1816, 10240, 95, 98
2026/08/05 08:46:28.551, 0, NVIDIA GeForce RTX 3080, 8236, 1816, 10240, 95, 98
2026/08/05 08:46:28.660, 0, NVIDIA GeForce RTX 3080, 8236, 1816, 10240, 95, 98
2026/08/05 08:46:28.769, 0, NVIDIA GeForce RTX 3080, 8236, 1816, 10240, 95, 98
2026/08/05 08:46:28.878, 0, NVIDIA GeForce RTX 3080, 8236, 1816, 10240, 95, 98
2026/08/05 08:46:28.988, 0, NVIDIA GeForce RTX 3080, 8236, 1816, 10240, 95, 98
2026/08/05 08:46:29.097, 0, NVIDIA GeForce RTX 3080, 8236, 1816, 10240, 95, 98
2026/08/05 08:46:29.206, 0, NVIDIA GeForce RTX 3080, 8236, 1816, 10240, 95, 98
2026/08/05 08:46:29.315, 0, NVIDIA GeForce RTX 3080, 8236, 1816, 10240, 95, 98
2026/08/05 08:46:29.424, 0, NVIDIA GeForce RTX 3080, 8236, 1816, 10240, 95, 98
2026/08/05 08:46:29.533, 0, NVIDIA GeForce RTX 3080, 8236, 1816, 10240, 95, 98
2026/08/05 08:46:29.642, 0, NVIDIA GeForce RTX 3080, 8236, 1816, 10240, 95, 98
2026/08/05 08:46:29.751, 0, NVIDIA GeForce RTX 3080, 8236, 1816, 10240, 95, 98
2026/08/05 08:46:29.860, 0, NVIDIA GeForce RTX 3080, 8236, 1816, 10240, 95, 98
2026/08/05 08:46:29.969, 0, NVIDIA GeForce RTX 3080, 8236, 1816, 10240, 95, 98
2026/08/05 08:46:30.079, 0, NVIDIA GeForce RTX 3080, 8236, 1816, 10240, 95, 98
2026/08/05 08:46:30.188, 0, NVIDIA GeForce RTX 3080, 8236, 1816, 10240, 95, 98
2026/08/05 08:46:30.297, 0, NVIDIA GeForce RTX 3080, 8236, 1816, 10240, 95, 98
2026/08/05 08:46:30.406, 0, NVIDIA GeForce RTX 3080, 8236, 1816, 10240, 95, 98
2026/08/05 08:46:30.515, 0, NVIDIA GeForce RTX 3080, 8236, 1816, 10240, 95, 98
2026/08/05 08:46:30.624, 0, NVIDIA GeForce RTX 3080, 8236, 1816, 10240, 95, 98
2026/08/05 08:46:30.733, 0, NVIDIA GeForce RTX 3080, 8236, 1816, 10240, 95, 98
2026/08/05 08:46:30.841, 0, NVIDIA GeForce RTX 3080, 8236, 1816, 10240, 95, 98
2026/08/05 08:46:30.950, 0, NVIDIA GeForce RTX 3080, 8236, 1816, 10240, 95, 98
2026/08/05 08:46:31.060, 0, NVIDIA GeForce RTX 3080, 8236, 1816, 10240, 95, 98
2026/08/05 08:46:31.168, 0, NVIDIA GeForce RTX 3080, 8236, 1816, 10240, 95, 98
2026/08/05 08:46:31.278, 0, NVIDIA GeForce RTX 3080, 8236, 1816, 10240, 95, 98
2026/08/05 08:46:31.387, 0, NVIDIA GeForce RTX 3080, 8236, 1816, 10240, 94, 98
2026/08/05 08:46:31.496, 0, NVIDIA GeForce RTX 3080, 8236, 1816, 10240, 94, 98
2026/08/05 08:46:31.605, 0, NVIDIA GeForce RTX 3080, 8236, 1816, 10240, 94, 98
2026/08/05 08:46:31.714, 0, NVIDIA GeForce RTX 3080, 8236, 1816, 10240, 94, 98
2026/08/05 08:46:31.823, 0, NVIDIA GeForce RTX 3080, 8236, 1816, 10240, 94, 98
2026/08/05 08:46:31.932, 0, NVIDIA GeForce RTX 3080, 8236, 1816, 10240, 95, 98
2026/08/05 08:46:32.041, 0, NVIDIA GeForce RTX 3080, 8236, 1816, 10240, 95, 98
2026/08/05 08:46:32.150, 0, NVIDIA GeForce RTX 3080, 8236, 1816, 10240, 95, 98
2026/08/05 08:46:32.259, 0, NVIDIA GeForce RTX 3080, 8236, 1816, 10240, 95, 98
2026/08/05 08:46:32.367, 0, NVIDIA GeForce RTX 3080, 8236, 1816, 10240, 95, 98
2026/08/05 08:46:32.475, 0, NVIDIA GeForce RTX 3080, 8236, 1816, 10240, 95, 98
2026/08/05 08:46:32.584, 0, NVIDIA GeForce RTX 3080, 8236, 1816, 10240, 95, 98
2026/08/05 08:46:32.692, 0, NVIDIA GeForce RTX 3080, 8236, 1816, 10240, 95, 98
2026/08/05 08:46:32.802, 0, NVIDIA GeForce RTX 3080, 8236, 1816, 10240, 95, 98
2026/08/05 08:46:32.913, 0, NVIDIA GeForce RTX 3080, 8236, 1816, 10240, 95, 98
2026/08/05 08:46:33.022, 0, NVIDIA GeForce RTX 3080, 8236, 1816, 10240, 95, 98
2026/08/05 08:46:33.131, 0, NVIDIA GeForce RTX 3080, 8236, 1816, 10240, 95, 98
2026/08/05 08:46:33.240, 0, NVIDIA GeForce RTX 3080, 8236, 1816, 10240, 95, 98
2026/08/05 08:46:33.350, 0, NVIDIA GeForce RTX 3080, 8236, 1816, 10240, 95, 98
2026/08/05 08:46:33.458, 0, NVIDIA GeForce RTX 3080, 8236, 1816, 10240, 95, 98
2026/08/05 08:46:33.567, 0, NVIDIA GeForce RTX 3080, 8236, 1816, 10240, 95, 98
2026/08/05 08:46:33.677, 0, NVIDIA GeForce RTX 3080, 8236, 1816, 10240, 95, 98
2026/08/05 08:46:33.786, 0, NVIDIA GeForce RTX 3080, 8236, 1816, 10240, 95, 98
2026/08/05 08:46:33.895, 0, NVIDIA GeForce RTX 3080, 8236, 1816, 10240, 95, 98
2026/08/05 08:46:34.004, 0, NVIDIA GeForce RTX 3080, 8236, 1816, 10240, 95, 98
2026/08/05 08:46:34.114, 0, NVIDIA GeForce RTX 3080, 8236, 1816, 10240, 95, 98
2026/08/05 08:46:34.222, 0, NVIDIA GeForce RTX 3080, 8236, 1816, 10240, 95, 98
2026/08/05 08:46:34.331, 0, NVIDIA GeForce RTX 3080, 8236, 1816, 10240, 95, 98
2026/08/05 08:46:34.440, 0, NVIDIA GeForce RTX 3080, 8236, 1816, 10240, 95, 98
2026/08/05 08:46:34.548, 0, NVIDIA GeForce RTX 3080, 8236, 1816, 10240, 95, 98
2026/08/05 08:46:34.658, 0, NVIDIA GeForce RTX 3080, 8236, 1816, 10240, 95, 98
2026/08/05 08:46:34.766, 0, NVIDIA GeForce RTX 3080, 8236, 1816, 10240, 95, 98
2026/08/05 08:46:34.877, 0, NVIDIA GeForce RTX 3080, 8236, 1816, 10240, 95, 98
2026/08/05 08:46:34.986, 0, NVIDIA GeForce RTX 3080, 8236, 1816, 10240, 95, 98
2026/08/05 08:46:35.095, 0, NVIDIA GeForce RTX 3080, 8236, 1816, 10240, 95, 98
2026/08/05 08:46:35.204, 0, NVIDIA GeForce RTX 3080, 8236, 1816, 10240, 95, 98
2026/08/05 08:46:35.314, 0, NVIDIA GeForce RTX 3080, 8236, 1816, 10240, 95, 98
2026/08/05 08:46:35.423, 0, NVIDIA GeForce RTX 3080, 8236, 1816, 10240, 92, 96
2026/08/05 08:46:35.532, 0, NVIDIA GeForce RTX 3080, 8236, 1816, 10240, 92, 96
2026/08/05 08:46:35.641, 0, NVIDIA GeForce RTX 3080, 8236, 1816, 10240, 92, 96
2026/08/05 08:46:35.749, 0, NVIDIA GeForce RTX 3080, 8236, 1816, 10240, 92, 96
2026/08/05 08:46:35.859, 0, NVIDIA GeForce RTX 3080, 8236, 1816, 10240, 92, 96
2026/08/05 08:46:35.967, 0, NVIDIA GeForce RTX 3080, 8236, 1816, 10240, 95, 98
2026/08/05 08:46:36.077, 0, NVIDIA GeForce RTX 3080, 8236, 1816, 10240, 95, 98
2026/08/05 08:46:36.187, 0, NVIDIA GeForce RTX 3080, 8236, 1816, 10240, 95, 98
2026/08/05 08:46:36.295, 0, NVIDIA GeForce RTX 3080, 8236, 1816, 10240, 95, 98
2026/08/05 08:46:36.405, 0, NVIDIA GeForce RTX 3080, 8236, 1816, 10240, 95, 98
2026/08/05 08:46:36.513, 0, NVIDIA GeForce RTX 3080, 8236, 1816, 10240, 95, 98
2026/08/05 08:46:36.622, 0, NVIDIA GeForce RTX 3080, 8236, 1816, 10240, 95, 98
2026/08/05 08:46:36.732, 0, NVIDIA GeForce RTX 3080, 8236, 1816, 10240, 95, 98
2026/08/05 08:46:36.840, 0, NVIDIA GeForce RTX 3080, 8236, 1816, 10240, 95, 98
2026/08/05 08:46:36.948, 0, NVIDIA GeForce RTX 3080, 8236, 1816, 10240, 95, 98
2026/08/05 08:46:37.058, 0, NVIDIA GeForce RTX 3080, 8236, 1816, 10240, 95, 98
2026/08/05 08:46:37.167, 0, NVIDIA GeForce RTX 3080, 8236, 1816, 10240, 95, 98
2026/08/05 08:46:37.276, 0, NVIDIA GeForce RTX 3080, 8236, 1816, 10240, 95, 98
2026/08/05 08:46:37.386, 0, NVIDIA GeForce RTX 3080, 8236, 1816, 10240, 95, 98
2026/08/05 08:46:37.495, 0, NVIDIA GeForce RTX 3080, 8236, 1816, 10240, 95, 98
2026/08/05 08:46:37.604, 0, NVIDIA GeForce RTX 3080, 8236, 1816, 10240, 95, 98
2026/08/05 08:46:37.714, 0, NVIDIA GeForce RTX 3080, 8236, 1816, 10240, 95, 98
2026/08/05 08:46:37.821, 0, NVIDIA GeForce RTX 3080, 8236, 1816, 10240, 95, 98
2026/08/05 08:46:37.931, 0, NVIDIA GeForce RTX 3080, 8236, 1816, 10240, 95, 98
2026/08/05 08:46:38.039, 0, NVIDIA GeForce RTX 3080, 8236, 1816, 10240, 95, 98
2026/08/05 08:46:38.149, 0, NVIDIA GeForce RTX 3080, 8236, 1816, 10240, 95, 98
2026/08/05 08:46:38.252, 0, NVIDIA GeForce RTX 3080, 8236, 1816, 10240, 95, 98
2026/08/05 08:46:38.360, 0, NVIDIA GeForce RTX 3080, 8236, 1816, 10240, 95, 98
2026/08/05 08:46:38.470, 0, NVIDIA GeForce RTX 3080, 8236, 1816, 10240, 96, 98
2026/08/05 08:46:38.578, 0, NVIDIA GeForce RTX 3080, 8236, 1816, 10240, 96, 98
2026/08/05 08:46:38.687, 0, NVIDIA GeForce RTX 3080, 8236, 1816, 10240, 96, 98
2026/08/05 08:46:38.797, 0, NVIDIA GeForce RTX 3080, 8236, 1816, 10240, 96, 98
2026/08/05 08:46:38.912, 0, NVIDIA GeForce RTX 3080, 8236, 1816, 10240, 95, 98
2026/08/05 08:46:39.021, 0, NVIDIA GeForce RTX 3080, 8236, 1816, 10240, 95, 98
2026/08/05 08:46:39.130, 0, NVIDIA GeForce RTX 3080, 8236, 1816, 10240, 95, 98
2026/08/05 08:46:39.239, 0, NVIDIA GeForce RTX 3080, 8236, 1816, 10240, 95, 98
2026/08/05 08:46:39.349, 0, NVIDIA GeForce RTX 3080, 8236, 1816, 10240, 95, 98
2026/08/05 08:46:39.452, 0, NVIDIA GeForce RTX 3080, 8236, 1816, 10240, 96, 98
2026/08/05 08:46:39.564, 0, NVIDIA GeForce RTX 3080, 8236, 1816, 10240, 96, 98
2026/08/05 08:46:39.676, 0, NVIDIA GeForce RTX 3080, 8236, 1816, 10240, 96, 98
2026/08/05 08:46:39.787, 0, NVIDIA GeForce RTX 3080, 8236, 1816, 10240, 96, 98
2026/08/05 08:46:39.899, 0, NVIDIA GeForce RTX 3080, 8236, 1816, 10240, 95, 98
2026/08/05 08:46:40.011, 0, NVIDIA GeForce RTX 3080, 8236, 1816, 10240, 95, 98
2026/08/05 08:46:40.122, 0, NVIDIA GeForce RTX 3080, 8236, 1816, 10240, 95, 98
2026/08/05 08:46:40.234, 0, NVIDIA GeForce RTX 3080, 8236, 1816, 10240, 95, 98
2026/08/05 08:46:40.346, 0, NVIDIA GeForce RTX 3080, 8236, 1816, 10240, 95, 98
2026/08/05 08:46:40.458, 0, NVIDIA GeForce RTX 3080, 8236, 1816, 10240, 95, 98
2026/08/05 08:46:40.570, 0, NVIDIA GeForce RTX 3080, 8236, 1816, 10240, 95, 98
2026/08/05 08:46:40.682, 0, NVIDIA GeForce RTX 3080, 8236, 1816, 10240, 95, 98
2026/08/05 08:46:40.794, 0, NVIDIA GeForce RTX 3080, 8236, 1816, 10240, 95, 98
2026/08/05 08:46:40.906, 0, NVIDIA GeForce RTX 3080, 8236, 1816, 10240, 95, 98
2026/08/05 08:46:41.018, 0, NVIDIA GeForce RTX 3080, 8236, 1816, 10240, 95, 98
2026/08/05 08:46:41.129, 0, NVIDIA GeForce RTX 3080, 8236, 1816, 10240, 95, 98
2026/08/05 08:46:41.241, 0, NVIDIA GeForce RTX 3080, 8236, 1816, 10240, 95, 98
2026/08/05 08:46:41.353, 0, NVIDIA GeForce RTX 3080, 8236, 1816, 10240, 95, 98
2026/08/05 08:46:41.464, 0, NVIDIA GeForce RTX 3080, 8236, 1816, 10240, 95, 98
2026/08/05 08:46:41.573, 0, NVIDIA GeForce RTX 3080, 8236, 1816, 10240, 95, 98
2026/08/05 08:46:41.682, 0, NVIDIA GeForce RTX 3080, 8236, 1816, 10240, 95, 98
2026/08/05 08:46:41.792, 0, NVIDIA GeForce RTX 3080, 8236, 1816, 10240, 95, 98
2026/08/05 08:46:41.901, 0, NVIDIA GeForce RTX 3080, 8236, 1816, 10240, 92, 96
2026/08/05 08:46:42.010, 0, NVIDIA GeForce RTX 3080, 8236, 1816, 10240, 92, 96
2026/08/05 08:46:42.119, 0, NVIDIA GeForce RTX 3080, 8236, 1816, 10240, 92, 96
2026/08/05 08:46:42.229, 0, NVIDIA GeForce RTX 3080, 8236, 1816, 10240, 92, 96
2026/08/05 08:46:42.338, 0, NVIDIA GeForce RTX 3080, 8236, 1816, 10240, 92, 96
2026/08/05 08:46:42.447, 0, NVIDIA GeForce RTX 3080, 8236, 1816, 10240, 95, 98
2026/08/05 08:46:42.556, 0, NVIDIA GeForce RTX 3080, 8236, 1816, 10240, 95, 98
2026/08/05 08:46:42.666, 0, NVIDIA GeForce RTX 3080, 8236, 1816, 10240, 95, 98
2026/08/05 08:46:42.775, 0, NVIDIA GeForce RTX 3080, 8236, 1816, 10240, 95, 98
2026/08/05 08:46:42.884, 0, NVIDIA GeForce RTX 3080, 8236, 1816, 10240, 96, 98
2026/08/05 08:46:42.995, 0, NVIDIA GeForce RTX 3080, 8236, 1816, 10240, 96, 98
2026/08/05 08:46:43.103, 0, NVIDIA GeForce RTX 3080, 8236, 1816, 10240, 96, 98
2026/08/05 08:46:43.213, 0, NVIDIA GeForce RTX 3080, 8236, 1816, 10240, 96, 98
2026/08/05 08:46:43.320, 0, NVIDIA GeForce RTX 3080, 8236, 1816, 10240, 96, 98
2026/08/05 08:46:43.430, 0, NVIDIA GeForce RTX 3080, 8236, 1816, 10240, 96, 98
2026/08/05 08:46:43.540, 0, NVIDIA GeForce RTX 3080, 8236, 1816, 10240, 96, 98
2026/08/05 08:46:43.648, 0, NVIDIA GeForce RTX 3080, 8236, 1816, 10240, 96, 98
2026/08/05 08:46:43.758, 0, NVIDIA GeForce RTX 3080, 8236, 1816, 10240, 96, 98
2026/08/05 08:46:43.868, 0, NVIDIA GeForce RTX 3080, 8236, 1816, 10240, 96, 98
2026/08/05 08:46:43.975, 0, NVIDIA GeForce RTX 3080, 8236, 1816, 10240, 96, 98
2026/08/05 08:46:44.085, 0, NVIDIA GeForce RTX 3080, 8236, 1816, 10240, 96, 98
2026/08/05 08:46:44.194, 0, NVIDIA GeForce RTX 3080, 8236, 1816, 10240, 96, 98
2026/08/05 08:46:44.303, 0, NVIDIA GeForce RTX 3080, 8236, 1816, 10240, 96, 98
2026/08/05 08:46:44.413, 0, NVIDIA GeForce RTX 3080, 8236, 1816, 10240, 94, 98
2026/08/05 08:46:44.522, 0, NVIDIA GeForce RTX 3080, 8236, 1816, 10240, 94, 98
2026/08/05 08:46:44.631, 0, NVIDIA GeForce RTX 3080, 8236, 1816, 10240, 94, 98
2026/08/05 08:46:44.740, 0, NVIDIA GeForce RTX 3080, 8236, 1816, 10240, 94, 98
2026/08/05 08:46:44.849, 0, NVIDIA GeForce RTX 3080, 8236, 1816, 10240, 94, 98
2026/08/05 08:46:44.957, 0, NVIDIA GeForce RTX 3080, 8236, 1816, 10240, 94, 98
2026/08/05 08:46:45.066, 0, NVIDIA GeForce RTX 3080, 8236, 1816, 10240, 94, 98
2026/08/05 08:46:45.175, 0, NVIDIA GeForce RTX 3080, 8236, 1816, 10240, 94, 98
2026/08/05 08:46:45.284, 0, NVIDIA GeForce RTX 3080, 8236, 1816, 10240, 94, 98
2026/08/05 08:46:45.392, 0, NVIDIA GeForce RTX 3080, 8236, 1816, 10240, 94, 98
2026/08/05 08:46:45.501, 0, NVIDIA GeForce RTX 3080, 8236, 1816, 10240, 94, 98
2026/08/05 08:46:45.610, 0, NVIDIA GeForce RTX 3080, 8236, 1816, 10240, 94, 98
2026/08/05 08:46:45.719, 0, NVIDIA GeForce RTX 3080, 8236, 1816, 10240, 94, 98
2026/08/05 08:46:45.829, 0, NVIDIA GeForce RTX 3080, 8236, 1816, 10240, 94, 98
2026/08/05 08:46:45.938, 0, NVIDIA GeForce RTX 3080, 8236, 1816, 10240, 94, 98
2026/08/05 08:46:46.047, 0, NVIDIA GeForce RTX 3080, 8236, 1816, 10240, 94, 98
2026/08/05 08:46:46.157, 0, NVIDIA GeForce RTX 3080, 8236, 1816, 10240, 94, 98
2026/08/05 08:46:46.265, 0, NVIDIA GeForce RTX 3080, 8236, 1816, 10240, 94, 98
2026/08/05 08:46:46.374, 0, NVIDIA GeForce RTX 3080, 8236, 1816, 10240, 94, 98
2026/08/05 08:46:46.483, 0, NVIDIA GeForce RTX 3080, 8236, 1816, 10240, 94, 98
2026/08/05 08:46:46.593, 0, NVIDIA GeForce RTX 3080, 8236, 1816, 10240, 94, 98
2026/08/05 08:46:46.701, 0, NVIDIA GeForce RTX 3080, 8236, 1816, 10240, 94, 98
2026/08/05 08:46:46.811, 0, NVIDIA GeForce RTX 3080, 8236, 1816, 10240, 94, 98
2026/08/05 08:46:46.921, 0, NVIDIA GeForce RTX 3080, 8236, 1816, 10240, 94, 98
2026/08/05 08:46:47.030, 0, NVIDIA GeForce RTX 3080, 8236, 1816, 10240, 94, 98
2026/08/05 08:46:47.139, 0, NVIDIA GeForce RTX 3080, 8236, 1816, 10240, 94, 98
2026/08/05 08:46:47.248, 0, NVIDIA GeForce RTX 3080, 8236, 1816, 10240, 94, 98
2026/08/05 08:46:47.358, 0, NVIDIA GeForce RTX 3080, 8236, 1816, 10240, 94, 98
2026/08/05 08:46:47.466, 0, NVIDIA GeForce RTX 3080, 8236, 1816, 10240, 94, 98
2026/08/05 08:46:47.575, 0, NVIDIA GeForce RTX 3080, 8236, 1816, 10240, 94, 98
2026/08/05 08:46:47.684, 0, NVIDIA GeForce RTX 3080, 8236, 1816, 10240, 94, 98
2026/08/05 08:46:47.794, 0, NVIDIA GeForce RTX 3080, 8236, 1816, 10240, 94, 98
2026/08/05 08:46:47.903, 0, NVIDIA GeForce RTX 3080, 8236, 1816, 10240, 94, 98
2026/08/05 08:46:48.012, 0, NVIDIA GeForce RTX 3080, 8236, 1816, 10240, 94, 98
2026/08/05 08:46:48.121, 0, NVIDIA GeForce RTX 3080, 8236, 1816, 10240, 94, 98
2026/08/05 08:46:48.230, 0, NVIDIA GeForce RTX 3080, 8236, 1816, 10240, 94, 98
2026/08/05 08:46:48.339, 0, NVIDIA GeForce RTX 3080, 8236, 1816, 10240, 94, 98
2026/08/05 08:46:48.448, 0, NVIDIA GeForce RTX 3080, 8236, 1816, 10240, 94, 98
2026/08/05 08:46:48.558, 0, NVIDIA GeForce RTX 3080, 8236, 1816, 10240, 94, 98
2026/08/05 08:46:48.667, 0, NVIDIA GeForce RTX 3080, 8236, 1816, 10240, 94, 98
2026/08/05 08:46:48.775, 0, NVIDIA GeForce RTX 3080, 8236, 1816, 10240, 94, 98
2026/08/05 08:46:48.885, 0, NVIDIA GeForce RTX 3080, 8236, 1816, 10240, 94, 98
2026/08/05 08:46:48.993, 0, NVIDIA GeForce RTX 3080, 8236, 1816, 10240, 94, 98
2026/08/05 08:46:49.102, 0, NVIDIA GeForce RTX 3080, 8236, 1816, 10240, 94, 98
2026/08/05 08:46:49.211, 0, NVIDIA GeForce RTX 3080, 8236, 1816, 10240, 94, 98
2026/08/05 08:46:49.320, 0, NVIDIA GeForce RTX 3080, 8236, 1816, 10240, 94, 98
2026/08/05 08:46:49.430, 0, NVIDIA GeForce RTX 3080, 8236, 1816, 10240, 94, 98
2026/08/05 08:46:49.539, 0, NVIDIA GeForce RTX 3080, 8236, 1816, 10240, 94, 98
2026/08/05 08:46:49.648, 0, NVIDIA GeForce RTX 3080, 8236, 1816, 10240, 94, 98
2026/08/05 08:46:49.758, 0, NVIDIA GeForce RTX 3080, 8236, 1816, 10240, 94, 98
2026/08/05 08:46:49.867, 0, NVIDIA GeForce RTX 3080, 8236, 1816, 10240, 94, 98
2026/08/05 08:46:49.975, 0, NVIDIA GeForce RTX 3080, 8236, 1816, 10240, 94, 98
2026/08/05 08:46:50.085, 0, NVIDIA GeForce RTX 3080, 8236, 1816, 10240, 94, 98
2026/08/05 08:46:50.193, 0, NVIDIA GeForce RTX 3080, 8236, 1816, 10240, 94, 98
2026/08/05 08:46:50.302, 0, NVIDIA GeForce RTX 3080, 8236, 1816, 10240, 94, 98
2026/08/05 08:46:50.411, 0, NVIDIA GeForce RTX 3080, 8236, 1816, 10240, 94, 98
2026/08/05 08:46:50.520, 0, NVIDIA GeForce RTX 3080, 8236, 1816, 10240, 94, 98
2026/08/05 08:46:50.630, 0, NVIDIA GeForce RTX 3080, 8236, 1816, 10240, 94, 98
2026/08/05 08:46:50.739, 0, NVIDIA GeForce RTX 3080, 8236, 1816, 10240, 94, 98
2026/08/05 08:46:50.848, 0, NVIDIA GeForce RTX 3080, 8236, 1816, 10240, 94, 98
2026/08/05 08:46:50.956, 0, NVIDIA GeForce RTX 3080, 8236, 1816, 10240, 94, 98
2026/08/05 08:46:51.066, 0, NVIDIA GeForce RTX 3080, 8236, 1816, 10240, 94, 98
2026/08/05 08:46:51.174, 0, NVIDIA GeForce RTX 3080, 8236, 1816, 10240, 94, 98
2026/08/05 08:46:51.284, 0, NVIDIA GeForce RTX 3080, 8236, 1816, 10240, 94, 98
2026/08/05 08:46:51.394, 0, NVIDIA GeForce RTX 3080, 8236, 1816, 10240, 94, 98
2026/08/05 08:46:51.502, 0, NVIDIA GeForce RTX 3080, 8236, 1816, 10240, 94, 98
2026/08/05 08:46:51.612, 0, NVIDIA GeForce RTX 3080, 8236, 1816, 10240, 94, 98
2026/08/05 08:46:51.719, 0, NVIDIA GeForce RTX 3080, 8236, 1816, 10240, 94, 98
2026/08/05 08:46:51.829, 0, NVIDIA GeForce RTX 3080, 8236, 1816, 10240, 94, 98
2026/08/05 08:46:51.938, 0, NVIDIA GeForce RTX 3080, 8236, 1816, 10240, 94, 98
2026/08/05 08:46:52.047, 0, NVIDIA GeForce RTX 3080, 8236, 1816, 10240, 94, 98
2026/08/05 08:46:52.157, 0, NVIDIA GeForce RTX 3080, 8236, 1816, 10240, 94, 98
2026/08/05 08:46:52.266, 0, NVIDIA GeForce RTX 3080, 8236, 1816, 10240, 94, 98
2026/08/05 08:46:52.375, 0, NVIDIA GeForce RTX 3080, 8236, 1816, 10240, 94, 98
2026/08/05 08:46:52.484, 0, NVIDIA GeForce RTX 3080, 8236, 1816, 10240, 94, 98
2026/08/05 08:46:52.593, 0, NVIDIA GeForce RTX 3080, 8236, 1816, 10240, 94, 98
2026/08/05 08:46:52.702, 0, NVIDIA GeForce RTX 3080, 8236, 1816, 10240, 94, 98
2026/08/05 08:46:52.811, 0, NVIDIA GeForce RTX 3080, 8236, 1816, 10240, 94, 98
2026/08/05 08:46:52.920, 0, NVIDIA GeForce RTX 3080, 8236, 1816, 10240, 94, 98
2026/08/05 08:46:53.028, 0, NVIDIA GeForce RTX 3080, 8236, 1816, 10240, 94, 98
2026/08/05 08:46:53.138, 0, NVIDIA GeForce RTX 3080, 8236, 1816, 10240, 94, 98
2026/08/05 08:46:53.247, 0, NVIDIA GeForce RTX 3080, 8236, 1816, 10240, 94, 98
2026/08/05 08:46:53.355, 0, NVIDIA GeForce RTX 3080, 8236, 1816, 10240, 94, 98
2026/08/05 08:46:53.465, 0, NVIDIA GeForce RTX 3080, 8236, 1816, 10240, 94, 98
2026/08/05 08:46:53.573, 0, NVIDIA GeForce RTX 3080, 8236, 1816, 10240, 94, 98
2026/08/05 08:46:53.683, 0, NVIDIA GeForce RTX 3080, 8236, 1816, 10240, 94, 98
2026/08/05 08:46:53.793, 0, NVIDIA GeForce RTX 3080, 8236, 1816, 10240, 94, 98
2026/08/05 08:46:53.901, 0, NVIDIA GeForce RTX 3080, 8236, 1816, 10240, 94, 98
2026/08/05 08:46:54.011, 0, NVIDIA GeForce RTX 3080, 8236, 1816, 10240, 94, 98
2026/08/05 08:46:54.119, 0, NVIDIA GeForce RTX 3080, 8236, 1816, 10240, 94, 98
2026/08/05 08:46:54.229, 0, NVIDIA GeForce RTX 3080, 8236, 1816, 10240, 94, 98
2026/08/05 08:46:54.338, 0, NVIDIA GeForce RTX 3080, 8236, 1816, 10240, 94, 98
2026/08/05 08:46:54.448, 0, NVIDIA GeForce RTX 3080, 8236, 1816, 10240, 90, 95
2026/08/05 08:46:54.557, 0, NVIDIA GeForce RTX 3080, 8236, 1816, 10240, 90, 95
2026/08/05 08:46:54.666, 0, NVIDIA GeForce RTX 3080, 8236, 1816, 10240, 90, 95
2026/08/05 08:46:54.774, 0, NVIDIA GeForce RTX 3080, 8236, 1816, 10240, 90, 95
2026/08/05 08:46:54.884, 0, NVIDIA GeForce RTX 3080, 8236, 1816, 10240, 95, 98
2026/08/05 08:46:54.993, 0, NVIDIA GeForce RTX 3080, 8236, 1816, 10240, 95, 98
2026/08/05 08:46:55.101, 0, NVIDIA GeForce RTX 3080, 8236, 1816, 10240, 95, 98
2026/08/05 08:46:55.211, 0, NVIDIA GeForce RTX 3080, 8236, 1816, 10240, 95, 98
2026/08/05 08:46:55.319, 0, NVIDIA GeForce RTX 3080, 8236, 1816, 10240, 95, 98
2026/08/05 08:46:55.429, 0, NVIDIA GeForce RTX 3080, 8236, 1816, 10240, 94, 98
2026/08/05 08:46:55.538, 0, NVIDIA GeForce RTX 3080, 8236, 1816, 10240, 94, 98
2026/08/05 08:46:55.647, 0, NVIDIA GeForce RTX 3080, 8236, 1816, 10240, 94, 98
2026/08/05 08:46:55.756, 0, NVIDIA GeForce RTX 3080, 8236, 1816, 10240, 94, 98
2026/08/05 08:46:55.866, 0, NVIDIA GeForce RTX 3080, 8236, 1816, 10240, 94, 98
2026/08/05 08:46:55.975, 0, NVIDIA GeForce RTX 3080, 8236, 1816, 10240, 95, 98
2026/08/05 08:46:56.084, 0, NVIDIA GeForce RTX 3080, 8236, 1816, 10240, 95, 98
2026/08/05 08:46:56.194, 0, NVIDIA GeForce RTX 3080, 8236, 1816, 10240, 95, 98
2026/08/05 08:46:56.302, 0, NVIDIA GeForce RTX 3080, 8236, 1816, 10240, 95, 98
2026/08/05 08:46:56.412, 0, NVIDIA GeForce RTX 3080, 8236, 1816, 10240, 93, 97
2026/08/05 08:46:56.521, 0, NVIDIA GeForce RTX 3080, 8236, 1816, 10240, 93, 97
2026/08/05 08:46:56.629, 0, NVIDIA GeForce RTX 3080, 8236, 1816, 10240, 93, 97
2026/08/05 08:46:56.739, 0, NVIDIA GeForce RTX 3080, 8236, 1816, 10240, 93, 97
2026/08/05 08:46:56.847, 0, NVIDIA GeForce RTX 3080, 8236, 1816, 10240, 93, 97
2026/08/05 08:46:56.957, 0, NVIDIA GeForce RTX 3080, 8236, 1816, 10240, 95, 98
2026/08/05 08:46:57.067, 0, NVIDIA GeForce RTX 3080, 8236, 1816, 10240, 95, 98
2026/08/05 08:46:57.175, 0, NVIDIA GeForce RTX 3080, 8236, 1816, 10240, 95, 98
2026/08/05 08:46:57.285, 0, NVIDIA GeForce RTX 3080, 8236, 1816, 10240, 95, 98
2026/08/05 08:46:57.394, 0, NVIDIA GeForce RTX 3080, 8236, 1816, 10240, 95, 98
2026/08/05 08:46:57.503, 0, NVIDIA GeForce RTX 3080, 8236, 1816, 10240, 95, 98
2026/08/05 08:46:57.612, 0, NVIDIA GeForce RTX 3080, 8236, 1816, 10240, 95, 98
2026/08/05 08:46:57.722, 0, NVIDIA GeForce RTX 3080, 8236, 1816, 10240, 95, 98
2026/08/05 08:46:57.830, 0, NVIDIA GeForce RTX 3080, 8236, 1816, 10240, 95, 98
2026/08/05 08:46:57.939, 0, NVIDIA GeForce RTX 3080, 8236, 1816, 10240, 95, 98
2026/08/05 08:46:58.048, 0, NVIDIA GeForce RTX 3080, 8236, 1816, 10240, 95, 98
2026/08/05 08:46:58.158, 0, NVIDIA GeForce RTX 3080, 8236, 1816, 10240, 95, 98
2026/08/05 08:46:58.268, 0, NVIDIA GeForce RTX 3080, 8236, 1816, 10240, 95, 98
2026/08/05 08:46:58.376, 0, NVIDIA GeForce RTX 3080, 8236, 1816, 10240, 94, 98
2026/08/05 08:46:58.486, 0, NVIDIA GeForce RTX 3080, 8236, 1816, 10240, 94, 98
2026/08/05 08:46:58.595, 0, NVIDIA GeForce RTX 3080, 8236, 1816, 10240, 94, 98
2026/08/05 08:46:58.704, 0, NVIDIA GeForce RTX 3080, 8236, 1816, 10240, 94, 98
2026/08/05 08:46:58.813, 0, NVIDIA GeForce RTX 3080, 8236, 1816, 10240, 94, 98
2026/08/05 08:46:58.923, 0, NVIDIA GeForce RTX 3080, 8236, 1816, 10240, 95, 98
2026/08/05 08:46:59.032, 0, NVIDIA GeForce RTX 3080, 8236, 1816, 10240, 95, 98
2026/08/05 08:46:59.141, 0, NVIDIA GeForce RTX 3080, 8236, 1816, 10240, 95, 98
2026/08/05 08:46:59.250, 0, NVIDIA GeForce RTX 3080, 8236, 1816, 10240, 95, 98
2026/08/05 08:46:59.360, 0, NVIDIA GeForce RTX 3080, 8236, 1816, 10240, 95, 98
2026/08/05 08:46:59.469, 0, NVIDIA GeForce RTX 3080, 8236, 1816, 10240, 95, 98
2026/08/05 08:46:59.578, 0, NVIDIA GeForce RTX 3080, 8236, 1816, 10240, 95, 98
2026/08/05 08:46:59.688, 0, NVIDIA GeForce RTX 3080, 8236, 1816, 10240, 95, 98
2026/08/05 08:46:59.798, 0, NVIDIA GeForce RTX 3080, 8236, 1816, 10240, 95, 98
2026/08/05 08:46:59.906, 0, NVIDIA GeForce RTX 3080, 8236, 1816, 10240, 95, 98
2026/08/05 08:47:00.016, 0, NVIDIA GeForce RTX 3080, 8236, 1816, 10240, 95, 98
2026/08/05 08:47:00.124, 0, NVIDIA GeForce RTX 3080, 8236, 1816, 10240, 95, 98
2026/08/05 08:47:00.233, 0, NVIDIA GeForce RTX 3080, 8236, 1816, 10240, 95, 98
2026/08/05 08:47:00.343, 0, NVIDIA GeForce RTX 3080, 8236, 1816, 10240, 95, 98
2026/08/05 08:47:00.452, 0, NVIDIA GeForce RTX 3080, 8236, 1816, 10240, 95, 98
2026/08/05 08:47:00.561, 0, NVIDIA GeForce RTX 3080, 8236, 1816, 10240, 95, 98
2026/08/05 08:47:00.671, 0, NVIDIA GeForce RTX 3080, 8236, 1816, 10240, 95, 98
2026/08/05 08:47:00.779, 0, NVIDIA GeForce RTX 3080, 8236, 1816, 10240, 95, 98
2026/08/05 08:47:00.889, 0, NVIDIA GeForce RTX 3080, 8236, 1816, 10240, 95, 98
2026/08/05 08:47:00.997, 0, NVIDIA GeForce RTX 3080, 8236, 1816, 10240, 95, 98
2026/08/05 08:47:01.106, 0, NVIDIA GeForce RTX 3080, 8236, 1816, 10240, 95, 98
2026/08/05 08:47:01.215, 0, NVIDIA GeForce RTX 3080, 8236, 1816, 10240, 95, 98
2026/08/05 08:47:01.324, 0, NVIDIA GeForce RTX 3080, 8236, 1816, 10240, 95, 98
2026/08/05 08:47:01.433, 0, NVIDIA GeForce RTX 3080, 8236, 1816, 10240, 95, 98
2026/08/05 08:47:01.542, 0, NVIDIA GeForce RTX 3080, 8236, 1816, 10240, 95, 98
2026/08/05 08:47:01.652, 0, NVIDIA GeForce RTX 3080, 8236, 1816, 10240, 95, 98
2026/08/05 08:47:01.760, 0, NVIDIA GeForce RTX 3080, 8236, 1816, 10240, 95, 98
2026/08/05 08:47:01.870, 0, NVIDIA GeForce RTX 3080, 8236, 1816, 10240, 95, 98
2026/08/05 08:47:01.978, 0, NVIDIA GeForce RTX 3080, 8236, 1816, 10240, 94, 98
2026/08/05 08:47:02.087, 0, NVIDIA GeForce RTX 3080, 8236, 1816, 10240, 94, 98
2026/08/05 08:47:02.196, 0, NVIDIA GeForce RTX 3080, 8236, 1816, 10240, 94, 98
2026/08/05 08:47:02.305, 0, NVIDIA GeForce RTX 3080, 8236, 1816, 10240, 94, 98
2026/08/05 08:47:02.415, 0, NVIDIA GeForce RTX 3080, 8236, 1816, 10240, 95, 98
2026/08/05 08:47:02.524, 0, NVIDIA GeForce RTX 3080, 8236, 1816, 10240, 95, 98
2026/08/05 08:47:02.633, 0, NVIDIA GeForce RTX 3080, 8236, 1816, 10240, 95, 98
2026/08/05 08:47:02.742, 0, NVIDIA GeForce RTX 3080, 8236, 1816, 10240, 95, 98
2026/08/05 08:47:02.852, 0, NVIDIA GeForce RTX 3080, 8236, 1816, 10240, 95, 98
2026/08/05 08:47:02.961, 0, NVIDIA GeForce RTX 3080, 8236, 1816, 10240, 95, 98
2026/08/05 08:47:03.070, 0, NVIDIA GeForce RTX 3080, 8236, 1816, 10240, 95, 98
2026/08/05 08:47:03.179, 0, NVIDIA GeForce RTX 3080, 8236, 1816, 10240, 95, 98
2026/08/05 08:47:03.288, 0, NVIDIA GeForce RTX 3080, 8236, 1816, 10240, 95, 98
2026/08/05 08:47:03.397, 0, NVIDIA GeForce RTX 3080, 8236, 1816, 10240, 95, 98
2026/08/05 08:47:03.506, 0, NVIDIA GeForce RTX 3080, 8236, 1816, 10240, 95, 98
2026/08/05 08:47:03.615, 0, NVIDIA GeForce RTX 3080, 8236, 1816, 10240, 95, 98
2026/08/05 08:47:03.725, 0, NVIDIA GeForce RTX 3080, 8236, 1816, 10240, 95, 98
2026/08/05 08:47:03.834, 0, NVIDIA GeForce RTX 3080, 8236, 1816, 10240, 95, 98
2026/08/05 08:47:03.943, 0, NVIDIA GeForce RTX 3080, 8236, 1816, 10240, 95, 98
2026/08/05 08:47:04.052, 0, NVIDIA GeForce RTX 3080, 8236, 1816, 10240, 95, 98
2026/08/05 08:47:04.160, 0, NVIDIA GeForce RTX 3080, 8236, 1816, 10240, 95, 98
2026/08/05 08:47:04.270, 0, NVIDIA GeForce RTX 3080, 8236, 1816, 10240, 95, 98
2026/08/05 08:47:04.379, 0, NVIDIA GeForce RTX 3080, 8236, 1816, 10240, 95, 98
2026/08/05 08:47:04.488, 0, NVIDIA GeForce RTX 3080, 8236, 1816, 10240, 95, 98
2026/08/05 08:47:04.598, 0, NVIDIA GeForce RTX 3080, 8236, 1816, 10240, 95, 98
2026/08/05 08:47:04.706, 0, NVIDIA GeForce RTX 3080, 8236, 1816, 10240, 95, 98
2026/08/05 08:47:04.816, 0, NVIDIA GeForce RTX 3080, 8236, 1816, 10240, 95, 98
2026/08/05 08:47:04.925, 0, NVIDIA GeForce RTX 3080, 8236, 1816, 10240, 95, 98
2026/08/05 08:47:05.034, 0, NVIDIA GeForce RTX 3080, 8236, 1816, 10240, 95, 98
2026/08/05 08:47:05.144, 0, NVIDIA GeForce RTX 3080, 8236, 1816, 10240, 95, 98
2026/08/05 08:47:05.252, 0, NVIDIA GeForce RTX 3080, 8236, 1816, 10240, 95, 98
2026/08/05 08:47:05.361, 0, NVIDIA GeForce RTX 3080, 8236, 1816, 10240, 95, 98
2026/08/05 08:47:05.470, 0, NVIDIA GeForce RTX 3080, 8236, 1816, 10240, 95, 98
2026/08/05 08:47:05.579, 0, NVIDIA GeForce RTX 3080, 8236, 1816, 10240, 95, 98
2026/08/05 08:47:05.689, 0, NVIDIA GeForce RTX 3080, 8236, 1816, 10240, 95, 98
2026/08/05 08:47:05.798, 0, NVIDIA GeForce RTX 3080, 8236, 1816, 10240, 95, 98
2026/08/05 08:47:05.907, 0, NVIDIA GeForce RTX 3080, 8236, 1816, 10240, 96, 98
2026/08/05 08:47:06.017, 0, NVIDIA GeForce RTX 3080, 8236, 1816, 10240, 96, 98
2026/08/05 08:47:06.125, 0, NVIDIA GeForce RTX 3080, 8236, 1816, 10240, 96, 98
2026/08/05 08:47:06.234, 0, NVIDIA GeForce RTX 3080, 8236, 1816, 10240, 96, 98
2026/08/05 08:47:06.343, 0, NVIDIA GeForce RTX 3080, 8236, 1816, 10240, 96, 98
2026/08/05 08:47:06.452, 0, NVIDIA GeForce RTX 3080, 8236, 1816, 10240, 95, 98
2026/08/05 08:47:06.561, 0, NVIDIA GeForce RTX 3080, 8236, 1816, 10240, 95, 98
2026/08/05 08:47:06.670, 0, NVIDIA GeForce RTX 3080, 8236, 1816, 10240, 95, 98
2026/08/05 08:47:06.779, 0, NVIDIA GeForce RTX 3080, 8236, 1816, 10240, 95, 98
2026/08/05 08:47:06.888, 0, NVIDIA GeForce RTX 3080, 8236, 1816, 10240, 95, 98
2026/08/05 08:47:06.998, 0, NVIDIA GeForce RTX 3080, 8236, 1816, 10240, 95, 98
2026/08/05 08:47:07.107, 0, NVIDIA GeForce RTX 3080, 8236, 1816, 10240, 95, 98
2026/08/05 08:47:07.216, 0, NVIDIA GeForce RTX 3080, 8236, 1816, 10240, 95, 98
2026/08/05 08:47:07.325, 0, NVIDIA GeForce RTX 3080, 8236, 1816, 10240, 95, 98
2026/08/05 08:47:07.433, 0, NVIDIA GeForce RTX 3080, 8236, 1816, 10240, 95, 98
2026/08/05 08:47:07.543, 0, NVIDIA GeForce RTX 3080, 8236, 1816, 10240, 95, 98
2026/08/05 08:47:07.652, 0, NVIDIA GeForce RTX 3080, 8236, 1816, 10240, 95, 98
2026/08/05 08:47:07.760, 0, NVIDIA GeForce RTX 3080, 8236, 1816, 10240, 95, 98
2026/08/05 08:47:07.870, 0, NVIDIA GeForce RTX 3080, 8236, 1816, 10240, 95, 98
2026/08/05 08:47:07.979, 0, NVIDIA GeForce RTX 3080, 8236, 1816, 10240, 95, 98
2026/08/05 08:47:08.088, 0, NVIDIA GeForce RTX 3080, 8236, 1816, 10240, 95, 98
2026/08/05 08:47:08.197, 0, NVIDIA GeForce RTX 3080, 8236, 1816, 10240, 95, 98
2026/08/05 08:47:08.306, 0, NVIDIA GeForce RTX 3080, 8236, 1816, 10240, 95, 98
2026/08/05 08:47:08.415, 0, NVIDIA GeForce RTX 3080, 8236, 1816, 10240, 96, 98
2026/08/05 08:47:08.525, 0, NVIDIA GeForce RTX 3080, 8236, 1816, 10240, 96, 98
2026/08/05 08:47:08.633, 0, NVIDIA GeForce RTX 3080, 8236, 1816, 10240, 96, 98
2026/08/05 08:47:08.743, 0, NVIDIA GeForce RTX 3080, 8236, 1816, 10240, 96, 98
2026/08/05 08:47:08.852, 0, NVIDIA GeForce RTX 3080, 8236, 1816, 10240, 96, 98
2026/08/05 08:47:08.961, 0, NVIDIA GeForce RTX 3080, 8236, 1816, 10240, 95, 98
2026/08/05 08:47:09.071, 0, NVIDIA GeForce RTX 3080, 8236, 1816, 10240, 95, 98
2026/08/05 08:47:09.179, 0, NVIDIA GeForce RTX 3080, 8236, 1816, 10240, 95, 98
2026/08/05 08:47:09.289, 0, NVIDIA GeForce RTX 3080, 8236, 1816, 10240, 95, 98
2026/08/05 08:47:09.398, 0, NVIDIA GeForce RTX 3080, 8236, 1816, 10240, 95, 98
2026/08/05 08:47:09.506, 0, NVIDIA GeForce RTX 3080, 8236, 1816, 10240, 95, 98
2026/08/05 08:47:09.615, 0, NVIDIA GeForce RTX 3080, 8236, 1816, 10240, 95, 98
2026/08/05 08:47:09.725, 0, NVIDIA GeForce RTX 3080, 8236, 1816, 10240, 95, 98
2026/08/05 08:47:09.833, 0, NVIDIA GeForce RTX 3080, 8236, 1816, 10240, 95, 98
2026/08/05 08:47:09.943, 0, NVIDIA GeForce RTX 3080, 8236, 1816, 10240, 95, 98
2026/08/05 08:47:10.052, 0, NVIDIA GeForce RTX 3080, 8236, 1816, 10240, 95, 98
2026/08/05 08:47:10.160, 0, NVIDIA GeForce RTX 3080, 8236, 1816, 10240, 95, 98
2026/08/05 08:47:10.270, 0, NVIDIA GeForce RTX 3080, 8236, 1816, 10240, 95, 98
2026/08/05 08:47:10.378, 0, NVIDIA GeForce RTX 3080, 8236, 1816, 10240, 95, 98
2026/08/05 08:47:10.488, 0, NVIDIA GeForce RTX 3080, 8236, 1816, 10240, 95, 98
2026/08/05 08:47:10.598, 0, NVIDIA GeForce RTX 3080, 8236, 1816, 10240, 95, 98
2026/08/05 08:47:10.706, 0, NVIDIA GeForce RTX 3080, 8236, 1816, 10240, 95, 98
2026/08/05 08:47:10.816, 0, NVIDIA GeForce RTX 3080, 8236, 1816, 10240, 95, 98
2026/08/05 08:47:10.924, 0, NVIDIA GeForce RTX 3080, 8236, 1816, 10240, 95, 98
2026/08/05 08:47:11.033, 0, NVIDIA GeForce RTX 3080, 8236, 1816, 10240, 95, 98
2026/08/05 08:47:11.142, 0, NVIDIA GeForce RTX 3080, 8236, 1816, 10240, 95, 98
2026/08/05 08:47:11.252, 0, NVIDIA GeForce RTX 3080, 8236, 1816, 10240, 95, 98
2026/08/05 08:47:11.361, 0, NVIDIA GeForce RTX 3080, 8236, 1816, 10240, 95, 98
2026/08/05 08:47:11.470, 0, NVIDIA GeForce RTX 3080, 8236, 1816, 10240, 95, 98
2026/08/05 08:47:11.579, 0, NVIDIA GeForce RTX 3080, 8236, 1816, 10240, 95, 98
2026/08/05 08:47:11.688, 0, NVIDIA GeForce RTX 3080, 8236, 1816, 10240, 95, 98
2026/08/05 08:47:11.797, 0, NVIDIA GeForce RTX 3080, 8236, 1816, 10240, 95, 98
2026/08/05 08:47:11.906, 0, NVIDIA GeForce RTX 3080, 8236, 1816, 10240, 96, 98
2026/08/05 08:47:12.015, 0, NVIDIA GeForce RTX 3080, 8236, 1816, 10240, 96, 98
2026/08/05 08:47:12.124, 0, NVIDIA GeForce RTX 3080, 8236, 1816, 10240, 96, 98
2026/08/05 08:47:12.233, 0, NVIDIA GeForce RTX 3080, 8236, 1816, 10240, 96, 98
2026/08/05 08:47:12.342, 0, NVIDIA GeForce RTX 3080, 8236, 1816, 10240, 96, 98
2026/08/05 08:47:12.452, 0, NVIDIA GeForce RTX 3080, 8236, 1816, 10240, 96, 98
2026/08/05 08:47:12.561, 0, NVIDIA GeForce RTX 3080, 8236, 1816, 10240, 96, 98
2026/08/05 08:47:12.670, 0, NVIDIA GeForce RTX 3080, 8236, 1816, 10240, 96, 98
2026/08/05 08:47:12.779, 0, NVIDIA GeForce RTX 3080, 8236, 1816, 10240, 96, 98
2026/08/05 08:47:12.888, 0, NVIDIA GeForce RTX 3080, 8236, 1816, 10240, 96, 98
2026/08/05 08:47:12.997, 0, NVIDIA GeForce RTX 3080, 8236, 1816, 10240, 96, 98
2026/08/05 08:47:13.106, 0, NVIDIA GeForce RTX 3080, 8236, 1816, 10240, 96, 98
2026/08/05 08:47:13.215, 0, NVIDIA GeForce RTX 3080, 8236, 1816, 10240, 96, 98
2026/08/05 08:47:13.325, 0, NVIDIA GeForce RTX 3080, 8236, 1816, 10240, 96, 98
2026/08/05 08:47:13.434, 0, NVIDIA GeForce RTX 3080, 8236, 1816, 10240, 96, 98
2026/08/05 08:47:13.543, 0, NVIDIA GeForce RTX 3080, 8236, 1816, 10240, 96, 98
2026/08/05 08:47:13.652, 0, NVIDIA GeForce RTX 3080, 1538, 8514, 10240, 96, 98
2026/08/05 08:47:13.761, 0, NVIDIA GeForce RTX 3080, 1538, 8514, 10240, 96, 98
2026/08/05 08:47:13.870, 0, NVIDIA GeForce RTX 3080, 1538, 8514, 10240, 96, 98
2026/08/05 08:47:13.979, 0, NVIDIA GeForce RTX 3080, 1538, 8514, 10240, 0, 0
2026/08/05 08:47:14.089, 0, NVIDIA GeForce RTX 3080, 1315, 8737, 10240, 0, 0
